ISO-10303-21;
HEADER;
/* Generated by software containing ST-Developer
 * from STEP Tools, Inc. (www.steptools.com) 
 */
/* OPTION: using custom renumber hook */

FILE_DESCRIPTION(
/* description */ ('STEP AP242 Edition 2',
'CAx-IF Rec.Pracs.---Representation and Presentation of Product Manufa
cturing Information (PMI)---4.0---2014-10-13',
'CAx-IF Rec.Pracs.---3D Tessellated Geometry---0.4---2014-09-14','2;1',
'CAx-IF Rec.Pracs.---User Defined Attributes---1.5---2016-08-15'),
/* implementation_level */ '2;1');

FILE_NAME(
/* name */ 'Part Studio Main - CaseTop',
/* time_stamp */ '2026-06-20T20:11:16Z',
/* author */ (''),
/* organization */ (''),
/* preprocessor_version */ 'ST-DEVELOPER v20',
/* originating_system */ 'ONSHAPE BY PTC INC, 1.216',
/* authorisation */ '  ');

FILE_SCHEMA (('AP242_MANAGED_MODEL_BASED_3D_ENGINEERING_MIM_LF { 1 0 10303 442 3 1 4 }'));
ENDSEC;

DATA;
#10=SHAPE_REPRESENTATION_RELATIONSHIP('','',#9519,#11);
#11=ADVANCED_BREP_SHAPE_REPRESENTATION('',(#9517),#16378);
#12=ELLIPSE('',#10404,0.000707106781186548,0.0005);
#13=ELLIPSE('',#10405,0.000707106781186548,0.0005);
#14=ELLIPSE('',#10407,0.000707106781186548,0.0005);
#15=ELLIPSE('',#10409,0.000707106781186548,0.0005);
#16=ELLIPSE('',#10412,0.000707106781186548,0.0005);
#17=ELLIPSE('',#10413,0.000707106781186548,0.0005);
#18=ELLIPSE('',#10415,0.000707106781186548,0.0005);
#19=ELLIPSE('',#10417,0.000707106781186548,0.0005);
#20=ELLIPSE('',#10420,0.000707106781186548,0.0005);
#21=ELLIPSE('',#10421,0.000707106781186548,0.0005);
#22=ELLIPSE('',#10423,0.000707106781186548,0.0005);
#23=ELLIPSE('',#10425,0.000707106781186548,0.0005);
#24=ELLIPSE('',#10428,0.000707106781186548,0.0005);
#25=ELLIPSE('',#10429,0.000707106781186548,0.0005);
#26=ELLIPSE('',#10431,0.000707106781186548,0.0005);
#27=ELLIPSE('',#10433,0.000707106781186548,0.0005);
#28=ELLIPSE('',#10436,0.000707106781186548,0.0005);
#29=ELLIPSE('',#10437,0.000707106781186548,0.0005);
#30=ELLIPSE('',#10439,0.000707106781186548,0.0005);
#31=ELLIPSE('',#10441,0.000707106781186548,0.0005);
#32=ELLIPSE('',#10445,0.000707106781186548,0.0005);
#33=ELLIPSE('',#10446,0.000707106781186548,0.0005);
#34=ELLIPSE('',#10448,0.000707106781186548,0.0005);
#35=ELLIPSE('',#10450,0.000707106781186548,0.0005);
#36=ELLIPSE('',#10456,0.000707106781186548,0.0005);
#37=ELLIPSE('',#10457,0.000707106781186548,0.0005);
#38=ELLIPSE('',#10459,0.000707106781186548,0.0005);
#39=ELLIPSE('',#10461,0.000707106781186548,0.0005);
#40=ELLIPSE('',#10464,0.000707106781186548,0.0005);
#41=ELLIPSE('',#10465,0.000707106781186547,0.0005);
#42=ELLIPSE('',#10467,0.000707106781186548,0.0005);
#43=ELLIPSE('',#10469,0.000707106781186548,0.0005);
#44=ELLIPSE('',#10472,0.000707106781186548,0.0005);
#45=ELLIPSE('',#10473,0.000707106781186547,0.0005);
#46=ELLIPSE('',#10475,0.000707106781186548,0.0005);
#47=ELLIPSE('',#10477,0.000707106781186547,0.0005);
#48=ELLIPSE('',#10480,0.000707106781186548,0.0005);
#49=ELLIPSE('',#10481,0.000707106781186547,0.0005);
#50=ELLIPSE('',#10483,0.000707106781186548,0.0005);
#51=ELLIPSE('',#10485,0.000707106781186547,0.0005);
#52=ELLIPSE('',#10488,0.000707106781186548,0.0005);
#53=ELLIPSE('',#10489,0.000707106781186548,0.0005);
#54=ELLIPSE('',#10491,0.000707106781186547,0.0005);
#55=ELLIPSE('',#10493,0.000707106781186548,0.0005);
#56=ELLIPSE('',#10496,0.000707106781186548,0.0005);
#57=ELLIPSE('',#10497,0.000707106781186548,0.0005);
#58=ELLIPSE('',#10499,0.000707106781186548,0.0005);
#59=ELLIPSE('',#10501,0.000707106781186548,0.0005);
#60=ELLIPSE('',#10504,0.000707106781186548,0.0005);
#61=ELLIPSE('',#10505,0.000707106781186548,0.0005);
#62=ELLIPSE('',#10507,0.000707106781186548,0.0005);
#63=ELLIPSE('',#10509,0.000707106781186548,0.0005);
#64=ELLIPSE('',#10512,0.000707106781186548,0.0005);
#65=ELLIPSE('',#10513,0.000707106781186548,0.0005);
#66=ELLIPSE('',#10515,0.000707106781186548,0.0005);
#67=ELLIPSE('',#10517,0.000707106781186548,0.0005);
#68=ELLIPSE('',#10520,0.000707106781186548,0.0005);
#69=ELLIPSE('',#10521,0.000707106781186548,0.0005);
#70=ELLIPSE('',#10523,0.000707106781186548,0.0005);
#71=ELLIPSE('',#10525,0.000707106781186548,0.0005);
#72=ELLIPSE('',#10528,0.000707106781186548,0.0005);
#73=ELLIPSE('',#10529,0.000707106781186548,0.0005);
#74=ELLIPSE('',#10531,0.000707106781186548,0.0005);
#75=ELLIPSE('',#10533,0.000707106781186548,0.0005);
#76=ELLIPSE('',#10536,0.000707106781186548,0.0005);
#77=ELLIPSE('',#10537,0.000707106781186548,0.0005);
#78=ELLIPSE('',#10539,0.000707106781186548,0.0005);
#79=ELLIPSE('',#10541,0.000707106781186548,0.0005);
#80=ELLIPSE('',#10544,0.000707106781186548,0.0005);
#81=ELLIPSE('',#10545,0.000707106781186548,0.0005);
#82=ELLIPSE('',#10547,0.000707106781186548,0.0005);
#83=ELLIPSE('',#10549,0.000707106781186548,0.0005);
#84=ELLIPSE('',#10552,0.000707106781186548,0.0005);
#85=ELLIPSE('',#10553,0.000707106781186548,0.0005);
#86=ELLIPSE('',#10555,0.000707106781186548,0.0005);
#87=ELLIPSE('',#10557,0.000707106781186548,0.0005);
#88=ELLIPSE('',#10560,0.000707106781186548,0.0005);
#89=ELLIPSE('',#10561,0.000707106781186548,0.0005);
#90=ELLIPSE('',#10563,0.000707106781186548,0.0005);
#91=ELLIPSE('',#10565,0.000707106781186548,0.0005);
#92=ELLIPSE('',#10568,0.000707106781186548,0.0005);
#93=ELLIPSE('',#10569,0.000707106781186548,0.0005);
#94=ELLIPSE('',#10571,0.000707106781186548,0.0005);
#95=ELLIPSE('',#10573,0.000707106781186548,0.0005);
#96=ELLIPSE('',#10576,0.000707106781186548,0.0005);
#97=ELLIPSE('',#10577,0.000707106781186548,0.0005);
#98=ELLIPSE('',#10579,0.000707106781186548,0.0005);
#99=ELLIPSE('',#10581,0.000707106781186548,0.0005);
#100=ELLIPSE('',#10584,0.000707106781186548,0.0005);
#101=ELLIPSE('',#10585,0.000707106781186548,0.0005);
#102=ELLIPSE('',#10587,0.000707106781186548,0.0005);
#103=ELLIPSE('',#10589,0.000707106781186548,0.0005);
#104=ELLIPSE('',#10592,0.000707106781186548,0.0005);
#105=ELLIPSE('',#10593,0.000707106781186548,0.0005);
#106=ELLIPSE('',#10595,0.000707106781186548,0.0005);
#107=ELLIPSE('',#10597,0.000707106781186548,0.0005);
#108=ELLIPSE('',#10600,0.000707106781186548,0.0005);
#109=ELLIPSE('',#10601,0.000707106781186548,0.0005);
#110=ELLIPSE('',#10603,0.000707106781186548,0.0005);
#111=ELLIPSE('',#10605,0.000707106781186548,0.0005);
#112=ELLIPSE('',#10612,0.000707106781186548,0.0005);
#113=ELLIPSE('',#10613,0.000707106781186548,0.0005);
#114=ELLIPSE('',#10615,0.000707106781186548,0.0005);
#115=ELLIPSE('',#10617,0.000707106781186548,0.0005);
#116=ELLIPSE('',#10620,0.000707106781186548,0.0005);
#117=ELLIPSE('',#10621,0.000707106781186548,0.0005);
#118=ELLIPSE('',#10623,0.000707106781186548,0.0005);
#119=ELLIPSE('',#10625,0.000707106781186548,0.0005);
#120=ELLIPSE('',#10628,0.000707106781186548,0.0005);
#121=ELLIPSE('',#10629,0.000707106781186548,0.0005);
#122=ELLIPSE('',#10631,0.000707106781186548,0.0005);
#123=ELLIPSE('',#10633,0.000707106781186548,0.0005);
#124=ELLIPSE('',#10636,0.000707106781186548,0.0005);
#125=ELLIPSE('',#10637,0.000707106781186548,0.0005);
#126=ELLIPSE('',#10639,0.000707106781186547,0.0005);
#127=ELLIPSE('',#10641,0.000707106781186548,0.0005);
#128=SPHERICAL_SURFACE('',#10360,0.004);
#129=SPHERICAL_SURFACE('',#10373,0.004);
#130=SPHERICAL_SURFACE('',#10375,0.004);
#131=SPHERICAL_SURFACE('',#10381,0.004);
#132=TOROIDAL_SURFACE('',#9928,0.0126,0.0015);
#133=TOROIDAL_SURFACE('',#9974,0.0126,0.0015);
#134=TOROIDAL_SURFACE('',#10239,0.0055,0.003);
#135=TOROIDAL_SURFACE('',#10241,0.0055,0.003);
#136=TOROIDAL_SURFACE('',#10244,0.004625,0.001);
#137=TOROIDAL_SURFACE('',#10245,0.013,0.001);
#138=TOROIDAL_SURFACE('',#10246,0.013,0.001);
#139=TOROIDAL_SURFACE('',#10247,0.004625,0.001);
#140=TOROIDAL_SURFACE('',#10248,0.0065,0.001);
#141=TOROIDAL_SURFACE('',#10249,0.0065,0.001);
#142=TOROIDAL_SURFACE('',#10250,0.013,0.001);
#143=TOROIDAL_SURFACE('',#10251,0.013,0.001);
#144=TOROIDAL_SURFACE('',#10385,0.002875,0.001125);
#145=TOROIDAL_SURFACE('',#10392,0.002875,0.001125);
#146=TOROIDAL_SURFACE('',#10394,0.002875,0.001125);
#147=TOROIDAL_SURFACE('',#10400,0.002875,0.001125);
#148=TOROIDAL_SURFACE('',#10401,0.013,0.0005);
#149=TOROIDAL_SURFACE('',#10402,0.0129999999999998,0.0005);
#150=TOROIDAL_SURFACE('',#10443,0.0055,0.0005);
#151=TOROIDAL_SURFACE('',#10452,0.0055,0.0005);
#152=TOROIDAL_SURFACE('',#10453,0.013,0.0005);
#153=TOROIDAL_SURFACE('',#10454,0.013,0.0005);
#154=TOROIDAL_SURFACE('',#10607,0.0055,0.0005);
#155=TOROIDAL_SURFACE('',#10608,0.0055,0.0005);
#156=TOROIDAL_SURFACE('',#10609,0.0055,0.0005);
#157=TOROIDAL_SURFACE('',#10610,0.0055,0.0005);
#158=TOROIDAL_SURFACE('',#10643,0.0055,0.0005);
#159=TOROIDAL_SURFACE('',#10644,0.0055,0.0005);
#160=TOROIDAL_SURFACE('',#10645,0.0055,0.0005);
#161=TOROIDAL_SURFACE('',#10646,0.0055,0.0005);
#162=TOROIDAL_SURFACE('',#10647,0.0055,0.0005);
#163=TOROIDAL_SURFACE('',#10648,0.0055,0.0005);
#164=TOROIDAL_SURFACE('',#10649,0.0055,0.0005);
#165=TOROIDAL_SURFACE('',#10650,0.0055,0.0005);
#166=TOROIDAL_SURFACE('',#10651,0.0055,0.0005);
#167=TOROIDAL_SURFACE('',#10652,0.0055,0.0005);
#168=TOROIDAL_SURFACE('',#10653,0.0055,0.0005);
#169=TOROIDAL_SURFACE('',#10654,0.0055,0.0005);
#170=TOROIDAL_SURFACE('',#10655,0.0055,0.0005);
#171=TOROIDAL_SURFACE('',#10656,0.0055,0.0005);
#172=TOROIDAL_SURFACE('',#10657,0.0055,0.0005);
#173=TOROIDAL_SURFACE('',#10658,0.0055,0.0005);
#174=TOROIDAL_SURFACE('',#10659,0.0055,0.0005);
#175=TOROIDAL_SURFACE('',#10660,0.0055,0.0005);
#176=TOROIDAL_SURFACE('',#10661,0.0055,0.0005);
#177=TOROIDAL_SURFACE('',#10662,0.0055,0.0005);
#178=TOROIDAL_SURFACE('',#10663,0.008,0.004);
#179=TOROIDAL_SURFACE('',#10664,0.008,0.004);
#180=TOROIDAL_SURFACE('',#10665,0.008,0.004);
#181=TOROIDAL_SURFACE('',#10666,0.008,0.004);
#182=TOROIDAL_SURFACE('',#10667,0.008,0.004);
#183=TOROIDAL_SURFACE('',#10668,0.008,0.004);
#184=TOROIDAL_SURFACE('',#10669,0.008,0.004);
#185=TOROIDAL_SURFACE('',#10670,0.008,0.004);
#186=TOROIDAL_SURFACE('',#10671,0.008,0.004);
#187=TOROIDAL_SURFACE('',#10672,0.008,0.004);
#188=TOROIDAL_SURFACE('',#10673,0.008,0.004);
#189=TOROIDAL_SURFACE('',#10674,0.008,0.004);
#190=TOROIDAL_SURFACE('',#10675,0.008,0.004);
#191=TOROIDAL_SURFACE('',#10676,0.008,0.004);
#192=TOROIDAL_SURFACE('',#10677,0.008,0.004);
#193=TOROIDAL_SURFACE('',#10678,0.008,0.004);
#194=TOROIDAL_SURFACE('',#10679,0.008,0.004);
#195=TOROIDAL_SURFACE('',#10680,0.008,0.004);
#196=TOROIDAL_SURFACE('',#10681,0.008,0.004);
#197=TOROIDAL_SURFACE('',#10682,0.008,0.004);
#198=TOROIDAL_SURFACE('',#10683,0.008,0.004);
#199=TOROIDAL_SURFACE('',#10684,0.008,0.004);
#200=TOROIDAL_SURFACE('',#10685,0.008,0.004);
#201=TOROIDAL_SURFACE('',#10686,0.008,0.004);
#202=TOROIDAL_SURFACE('',#10687,0.008,0.004);
#203=TOROIDAL_SURFACE('',#10688,0.008,0.004);
#204=TOROIDAL_SURFACE('',#10689,0.008,0.004);
#205=TOROIDAL_SURFACE('',#10690,0.008,0.004);
#206=TOROIDAL_SURFACE('',#10691,0.008,0.004);
#207=TOROIDAL_SURFACE('',#10692,0.008,0.004);
#208=TOROIDAL_SURFACE('',#10693,0.008,0.004);
#209=TOROIDAL_SURFACE('',#10694,0.008,0.004);
#210=TOROIDAL_SURFACE('',#10695,0.008,0.004);
#211=TOROIDAL_SURFACE('',#10696,0.008,0.004);
#212=TOROIDAL_SURFACE('',#10697,0.008,0.004);
#213=TOROIDAL_SURFACE('',#10698,0.004,0.001);
#214=TOROIDAL_SURFACE('',#10699,0.004,0.001);
#215=TOROIDAL_SURFACE('',#10700,0.004,0.001);
#216=CYLINDRICAL_SURFACE('',#9658,0.004);
#217=CYLINDRICAL_SURFACE('',#9661,0.0025);
#218=CYLINDRICAL_SURFACE('',#9666,0.004);
#219=CYLINDRICAL_SURFACE('',#9669,0.0025);
#220=CYLINDRICAL_SURFACE('',#9674,0.004);
#221=CYLINDRICAL_SURFACE('',#9678,0.0025);
#222=CYLINDRICAL_SURFACE('',#9683,0.0124999999999998);
#223=CYLINDRICAL_SURFACE('',#9687,0.004);
#224=CYLINDRICAL_SURFACE('',#9690,0.0025);
#225=CYLINDRICAL_SURFACE('',#9695,0.004);
#226=CYLINDRICAL_SURFACE('',#9698,0.0025);
#227=CYLINDRICAL_SURFACE('',#9703,0.004);
#228=CYLINDRICAL_SURFACE('',#9706,0.0025);
#229=CYLINDRICAL_SURFACE('',#9711,0.004);
#230=CYLINDRICAL_SURFACE('',#9714,0.0025);
#231=CYLINDRICAL_SURFACE('',#9719,0.004);
#232=CYLINDRICAL_SURFACE('',#9722,0.0025);
#233=CYLINDRICAL_SURFACE('',#9727,0.004);
#234=CYLINDRICAL_SURFACE('',#9730,0.0025);
#235=CYLINDRICAL_SURFACE('',#9735,0.004);
#236=CYLINDRICAL_SURFACE('',#9738,0.0025);
#237=CYLINDRICAL_SURFACE('',#9743,0.004);
#238=CYLINDRICAL_SURFACE('',#9746,0.0025);
#239=CYLINDRICAL_SURFACE('',#9751,0.004);
#240=CYLINDRICAL_SURFACE('',#9754,0.0025);
#241=CYLINDRICAL_SURFACE('',#9759,0.004);
#242=CYLINDRICAL_SURFACE('',#9762,0.0025);
#243=CYLINDRICAL_SURFACE('',#9767,0.004);
#244=CYLINDRICAL_SURFACE('',#9770,0.0025);
#245=CYLINDRICAL_SURFACE('',#9775,0.004);
#246=CYLINDRICAL_SURFACE('',#9778,0.0025);
#247=CYLINDRICAL_SURFACE('',#9783,0.004);
#248=CYLINDRICAL_SURFACE('',#9786,0.0025);
#249=CYLINDRICAL_SURFACE('',#9791,0.004);
#250=CYLINDRICAL_SURFACE('',#9794,0.0025);
#251=CYLINDRICAL_SURFACE('',#9799,0.004);
#252=CYLINDRICAL_SURFACE('',#9802,0.0025);
#253=CYLINDRICAL_SURFACE('',#9807,0.004);
#254=CYLINDRICAL_SURFACE('',#9810,0.0025);
#255=CYLINDRICAL_SURFACE('',#9815,0.004);
#256=CYLINDRICAL_SURFACE('',#9818,0.0025);
#257=CYLINDRICAL_SURFACE('',#9823,0.004);
#258=CYLINDRICAL_SURFACE('',#9826,0.0025);
#259=CYLINDRICAL_SURFACE('',#9831,0.004);
#260=CYLINDRICAL_SURFACE('',#9834,0.0025);
#261=CYLINDRICAL_SURFACE('',#9839,0.004);
#262=CYLINDRICAL_SURFACE('',#9842,0.0025);
#263=CYLINDRICAL_SURFACE('',#9847,0.004);
#264=CYLINDRICAL_SURFACE('',#9850,0.0025);
#265=CYLINDRICAL_SURFACE('',#9855,0.004);
#266=CYLINDRICAL_SURFACE('',#9858,0.0025);
#267=CYLINDRICAL_SURFACE('',#9863,0.004);
#268=CYLINDRICAL_SURFACE('',#9867,0.0025);
#269=CYLINDRICAL_SURFACE('',#9872,0.0125);
#270=CYLINDRICAL_SURFACE('',#9876,0.004);
#271=CYLINDRICAL_SURFACE('',#9879,0.0025);
#272=CYLINDRICAL_SURFACE('',#9888,0.004);
#273=CYLINDRICAL_SURFACE('',#9891,0.004);
#274=CYLINDRICAL_SURFACE('',#9894,0.004);
#275=CYLINDRICAL_SURFACE('',#9897,0.004);
#276=CYLINDRICAL_SURFACE('',#9903,0.0025);
#277=CYLINDRICAL_SURFACE('',#9907,0.0025);
#278=CYLINDRICAL_SURFACE('',#9911,0.0025);
#279=CYLINDRICAL_SURFACE('',#9915,0.0025);
#280=CYLINDRICAL_SURFACE('',#9919,0.0105);
#281=CYLINDRICAL_SURFACE('',#9922,0.0111);
#282=CYLINDRICAL_SURFACE('',#9934,0.004);
#283=CYLINDRICAL_SURFACE('',#9937,0.004);
#284=CYLINDRICAL_SURFACE('',#9940,0.004);
#285=CYLINDRICAL_SURFACE('',#9943,0.004);
#286=CYLINDRICAL_SURFACE('',#9949,0.0025);
#287=CYLINDRICAL_SURFACE('',#9955,0.0025);
#288=CYLINDRICAL_SURFACE('',#9959,0.0025);
#289=CYLINDRICAL_SURFACE('',#9963,0.0025);
#290=CYLINDRICAL_SURFACE('',#9967,0.0105);
#291=CYLINDRICAL_SURFACE('',#9968,0.0111);
#292=CYLINDRICAL_SURFACE('',#10083,0.005);
#293=CYLINDRICAL_SURFACE('',#10085,0.005);
#294=CYLINDRICAL_SURFACE('',#10087,0.005);
#295=CYLINDRICAL_SURFACE('',#10089,0.005);
#296=CYLINDRICAL_SURFACE('',#10091,0.005);
#297=CYLINDRICAL_SURFACE('',#10093,0.005);
#298=CYLINDRICAL_SURFACE('',#10095,0.005);
#299=CYLINDRICAL_SURFACE('',#10097,0.005);
#300=CYLINDRICAL_SURFACE('',#10099,0.005);
#301=CYLINDRICAL_SURFACE('',#10101,0.005);
#302=CYLINDRICAL_SURFACE('',#10103,0.005);
#303=CYLINDRICAL_SURFACE('',#10105,0.005);
#304=CYLINDRICAL_SURFACE('',#10107,0.005);
#305=CYLINDRICAL_SURFACE('',#10109,0.005);
#306=CYLINDRICAL_SURFACE('',#10111,0.005);
#307=CYLINDRICAL_SURFACE('',#10113,0.005);
#308=CYLINDRICAL_SURFACE('',#10115,0.005);
#309=CYLINDRICAL_SURFACE('',#10117,0.005);
#310=CYLINDRICAL_SURFACE('',#10119,0.005);
#311=CYLINDRICAL_SURFACE('',#10122,0.005);
#312=CYLINDRICAL_SURFACE('',#10124,0.005);
#313=CYLINDRICAL_SURFACE('',#10138,0.0125);
#314=CYLINDRICAL_SURFACE('',#10142,0.0125);
#315=CYLINDRICAL_SURFACE('',#10144,0.005);
#316=CYLINDRICAL_SURFACE('',#10146,0.005);
#317=CYLINDRICAL_SURFACE('',#10150,0.005);
#318=CYLINDRICAL_SURFACE('',#10153,0.005);
#319=CYLINDRICAL_SURFACE('',#10155,0.005);
#320=CYLINDRICAL_SURFACE('',#10189,0.003625);
#321=CYLINDRICAL_SURFACE('',#10191,0.001625);
#322=CYLINDRICAL_SURFACE('',#10192,0.001625);
#323=CYLINDRICAL_SURFACE('',#10193,0.012);
#324=CYLINDRICAL_SURFACE('',#10195,0.00162499999999997);
#325=CYLINDRICAL_SURFACE('',#10196,0.012);
#326=CYLINDRICAL_SURFACE('',#10198,0.001625);
#327=CYLINDRICAL_SURFACE('',#10199,0.0055);
#328=CYLINDRICAL_SURFACE('',#10201,0.0055);
#329=CYLINDRICAL_SURFACE('',#10203,0.0025);
#330=CYLINDRICAL_SURFACE('',#10205,0.003);
#331=CYLINDRICAL_SURFACE('',#10209,0.0025);
#332=CYLINDRICAL_SURFACE('',#10211,0.003);
#333=CYLINDRICAL_SURFACE('',#10215,0.0025);
#334=CYLINDRICAL_SURFACE('',#10217,0.003);
#335=CYLINDRICAL_SURFACE('',#10221,0.003);
#336=CYLINDRICAL_SURFACE('',#10223,0.0025);
#337=CYLINDRICAL_SURFACE('',#10226,0.012);
#338=CYLINDRICAL_SURFACE('',#10228,0.0016);
#339=CYLINDRICAL_SURFACE('',#10229,0.0016);
#340=CYLINDRICAL_SURFACE('',#10230,0.012);
#341=CYLINDRICAL_SURFACE('',#10232,0.0016);
#342=CYLINDRICAL_SURFACE('',#10233,0.0016);
#343=CYLINDRICAL_SURFACE('',#10234,0.003625);
#344=CYLINDRICAL_SURFACE('',#10236,0.003);
#345=CYLINDRICAL_SURFACE('',#10243,0.003);
#346=CYLINDRICAL_SURFACE('',#10253,0.004);
#347=CYLINDRICAL_SURFACE('',#10256,0.004);
#348=CYLINDRICAL_SURFACE('',#10261,0.004);
#349=CYLINDRICAL_SURFACE('',#10266,0.004);
#350=CYLINDRICAL_SURFACE('',#10271,0.004);
#351=CYLINDRICAL_SURFACE('',#10277,0.004);
#352=CYLINDRICAL_SURFACE('',#10280,0.004);
#353=CYLINDRICAL_SURFACE('',#10285,0.004);
#354=CYLINDRICAL_SURFACE('',#10301,0.004);
#355=CYLINDRICAL_SURFACE('',#10310,0.002);
#356=CYLINDRICAL_SURFACE('',#10311,0.002);
#357=CYLINDRICAL_SURFACE('',#10312,0.002);
#358=CYLINDRICAL_SURFACE('',#10313,0.002);
#359=CYLINDRICAL_SURFACE('',#10314,0.002);
#360=CYLINDRICAL_SURFACE('',#10315,0.002);
#361=CYLINDRICAL_SURFACE('',#10316,0.002);
#362=CYLINDRICAL_SURFACE('',#10317,0.002);
#363=CYLINDRICAL_SURFACE('',#10318,0.0025);
#364=CYLINDRICAL_SURFACE('',#10321,0.0025);
#365=CYLINDRICAL_SURFACE('',#10324,0.0025);
#366=CYLINDRICAL_SURFACE('',#10327,0.0025);
#367=CYLINDRICAL_SURFACE('',#10330,0.0025);
#368=CYLINDRICAL_SURFACE('',#10333,0.0025);
#369=CYLINDRICAL_SURFACE('',#10336,0.0025);
#370=CYLINDRICAL_SURFACE('',#10339,0.0025);
#371=CYLINDRICAL_SURFACE('',#10342,0.0025);
#372=CYLINDRICAL_SURFACE('',#10345,0.004);
#373=CYLINDRICAL_SURFACE('',#10349,0.004);
#374=CYLINDRICAL_SURFACE('',#10353,0.004);
#375=CYLINDRICAL_SURFACE('',#10357,0.004);
#376=CYLINDRICAL_SURFACE('',#10363,0.004);
#377=CYLINDRICAL_SURFACE('',#10366,0.004);
#378=CYLINDRICAL_SURFACE('',#10368,0.004);
#379=CYLINDRICAL_SURFACE('',#10370,0.004);
#380=CYLINDRICAL_SURFACE('',#10377,0.004);
#381=CYLINDRICAL_SURFACE('',#10379,0.004);
#382=CYLINDRICAL_SURFACE('',#10383,0.004);
#383=CYLINDRICAL_SURFACE('',#10388,0.001125);
#384=CYLINDRICAL_SURFACE('',#10390,0.001125);
#385=CYLINDRICAL_SURFACE('',#10396,0.001125);
#386=CYLINDRICAL_SURFACE('',#10398,0.001125);
#387=CYLINDRICAL_SURFACE('',#10403,0.0005);
#388=CYLINDRICAL_SURFACE('',#10406,0.0005);
#389=CYLINDRICAL_SURFACE('',#10408,0.0005);
#390=CYLINDRICAL_SURFACE('',#10410,0.0005);
#391=CYLINDRICAL_SURFACE('',#10411,0.0005);
#392=CYLINDRICAL_SURFACE('',#10414,0.0005);
#393=CYLINDRICAL_SURFACE('',#10416,0.0005);
#394=CYLINDRICAL_SURFACE('',#10418,0.0005);
#395=CYLINDRICAL_SURFACE('',#10419,0.0005);
#396=CYLINDRICAL_SURFACE('',#10422,0.0005);
#397=CYLINDRICAL_SURFACE('',#10424,0.0005);
#398=CYLINDRICAL_SURFACE('',#10426,0.0005);
#399=CYLINDRICAL_SURFACE('',#10427,0.0005);
#400=CYLINDRICAL_SURFACE('',#10430,0.0005);
#401=CYLINDRICAL_SURFACE('',#10432,0.0005);
#402=CYLINDRICAL_SURFACE('',#10434,0.0005);
#403=CYLINDRICAL_SURFACE('',#10435,0.0005);
#404=CYLINDRICAL_SURFACE('',#10438,0.0005);
#405=CYLINDRICAL_SURFACE('',#10440,0.0005);
#406=CYLINDRICAL_SURFACE('',#10442,0.0005);
#407=CYLINDRICAL_SURFACE('',#10444,0.0005);
#408=CYLINDRICAL_SURFACE('',#10447,0.0005);
#409=CYLINDRICAL_SURFACE('',#10449,0.0005);
#410=CYLINDRICAL_SURFACE('',#10451,0.0005);
#411=CYLINDRICAL_SURFACE('',#10455,0.0005);
#412=CYLINDRICAL_SURFACE('',#10458,0.0005);
#413=CYLINDRICAL_SURFACE('',#10460,0.0005);
#414=CYLINDRICAL_SURFACE('',#10462,0.0005);
#415=CYLINDRICAL_SURFACE('',#10463,0.0005);
#416=CYLINDRICAL_SURFACE('',#10466,0.0005);
#417=CYLINDRICAL_SURFACE('',#10468,0.0005);
#418=CYLINDRICAL_SURFACE('',#10470,0.0005);
#419=CYLINDRICAL_SURFACE('',#10471,0.0005);
#420=CYLINDRICAL_SURFACE('',#10474,0.0005);
#421=CYLINDRICAL_SURFACE('',#10476,0.0005);
#422=CYLINDRICAL_SURFACE('',#10478,0.0005);
#423=CYLINDRICAL_SURFACE('',#10479,0.0005);
#424=CYLINDRICAL_SURFACE('',#10482,0.0005);
#425=CYLINDRICAL_SURFACE('',#10484,0.0005);
#426=CYLINDRICAL_SURFACE('',#10486,0.0005);
#427=CYLINDRICAL_SURFACE('',#10487,0.0005);
#428=CYLINDRICAL_SURFACE('',#10490,0.0005);
#429=CYLINDRICAL_SURFACE('',#10492,0.0005);
#430=CYLINDRICAL_SURFACE('',#10494,0.0005);
#431=CYLINDRICAL_SURFACE('',#10495,0.0005);
#432=CYLINDRICAL_SURFACE('',#10498,0.0005);
#433=CYLINDRICAL_SURFACE('',#10500,0.0005);
#434=CYLINDRICAL_SURFACE('',#10502,0.0005);
#435=CYLINDRICAL_SURFACE('',#10503,0.0005);
#436=CYLINDRICAL_SURFACE('',#10506,0.0005);
#437=CYLINDRICAL_SURFACE('',#10508,0.0005);
#438=CYLINDRICAL_SURFACE('',#10510,0.0005);
#439=CYLINDRICAL_SURFACE('',#10511,0.0005);
#440=CYLINDRICAL_SURFACE('',#10514,0.0005);
#441=CYLINDRICAL_SURFACE('',#10516,0.0005);
#442=CYLINDRICAL_SURFACE('',#10518,0.0005);
#443=CYLINDRICAL_SURFACE('',#10519,0.0005);
#444=CYLINDRICAL_SURFACE('',#10522,0.0005);
#445=CYLINDRICAL_SURFACE('',#10524,0.0005);
#446=CYLINDRICAL_SURFACE('',#10526,0.0005);
#447=CYLINDRICAL_SURFACE('',#10527,0.0005);
#448=CYLINDRICAL_SURFACE('',#10530,0.0005);
#449=CYLINDRICAL_SURFACE('',#10532,0.0005);
#450=CYLINDRICAL_SURFACE('',#10534,0.0005);
#451=CYLINDRICAL_SURFACE('',#10535,0.0005);
#452=CYLINDRICAL_SURFACE('',#10538,0.0005);
#453=CYLINDRICAL_SURFACE('',#10540,0.0005);
#454=CYLINDRICAL_SURFACE('',#10542,0.0005);
#455=CYLINDRICAL_SURFACE('',#10543,0.0005);
#456=CYLINDRICAL_SURFACE('',#10546,0.0005);
#457=CYLINDRICAL_SURFACE('',#10548,0.0005);
#458=CYLINDRICAL_SURFACE('',#10550,0.0005);
#459=CYLINDRICAL_SURFACE('',#10551,0.0005);
#460=CYLINDRICAL_SURFACE('',#10554,0.0005);
#461=CYLINDRICAL_SURFACE('',#10556,0.0005);
#462=CYLINDRICAL_SURFACE('',#10558,0.0005);
#463=CYLINDRICAL_SURFACE('',#10559,0.0005);
#464=CYLINDRICAL_SURFACE('',#10562,0.0005);
#465=CYLINDRICAL_SURFACE('',#10564,0.0005);
#466=CYLINDRICAL_SURFACE('',#10566,0.0005);
#467=CYLINDRICAL_SURFACE('',#10567,0.0005);
#468=CYLINDRICAL_SURFACE('',#10570,0.0005);
#469=CYLINDRICAL_SURFACE('',#10572,0.0005);
#470=CYLINDRICAL_SURFACE('',#10574,0.0005);
#471=CYLINDRICAL_SURFACE('',#10575,0.0005);
#472=CYLINDRICAL_SURFACE('',#10578,0.0005);
#473=CYLINDRICAL_SURFACE('',#10580,0.0005);
#474=CYLINDRICAL_SURFACE('',#10582,0.0005);
#475=CYLINDRICAL_SURFACE('',#10583,0.0005);
#476=CYLINDRICAL_SURFACE('',#10586,0.0005);
#477=CYLINDRICAL_SURFACE('',#10588,0.0005);
#478=CYLINDRICAL_SURFACE('',#10590,0.0005);
#479=CYLINDRICAL_SURFACE('',#10591,0.0005);
#480=CYLINDRICAL_SURFACE('',#10594,0.0005);
#481=CYLINDRICAL_SURFACE('',#10596,0.0005);
#482=CYLINDRICAL_SURFACE('',#10598,0.0005);
#483=CYLINDRICAL_SURFACE('',#10599,0.0005);
#484=CYLINDRICAL_SURFACE('',#10602,0.0005);
#485=CYLINDRICAL_SURFACE('',#10604,0.0005);
#486=CYLINDRICAL_SURFACE('',#10606,0.0005);
#487=CYLINDRICAL_SURFACE('',#10611,0.0005);
#488=CYLINDRICAL_SURFACE('',#10614,0.0005);
#489=CYLINDRICAL_SURFACE('',#10616,0.0005);
#490=CYLINDRICAL_SURFACE('',#10618,0.0005);
#491=CYLINDRICAL_SURFACE('',#10619,0.0005);
#492=CYLINDRICAL_SURFACE('',#10622,0.0005);
#493=CYLINDRICAL_SURFACE('',#10624,0.0005);
#494=CYLINDRICAL_SURFACE('',#10626,0.0005);
#495=CYLINDRICAL_SURFACE('',#10627,0.0005);
#496=CYLINDRICAL_SURFACE('',#10630,0.0005);
#497=CYLINDRICAL_SURFACE('',#10632,0.0005);
#498=CYLINDRICAL_SURFACE('',#10634,0.0005);
#499=CYLINDRICAL_SURFACE('',#10635,0.0005);
#500=CYLINDRICAL_SURFACE('',#10638,0.0005);
#501=CYLINDRICAL_SURFACE('',#10640,0.0005);
#502=CYLINDRICAL_SURFACE('',#10642,0.0005);
#503=B_SPLINE_CURVE_WITH_KNOTS('',3,(#13687,#13688,#13689,#13690,#13691,
#13692,#13693,#13694,#13695,#13696),.UNSPECIFIED.,.F.,.F.,(4,1,1,1,1,1,
1,4),(0.,0.00244216896810986,0.00366325345216479,0.00488433793621971,0.00610542242027464,
0.00732650690432957,0.0085475913883845,0.00976867587243943),
 .UNSPECIFIED.);
#504=B_SPLINE_CURVE_WITH_KNOTS('',3,(#13709,#13710,#13711,#13712,#13713),
 .UNSPECIFIED.,.F.,.F.,(4,1,4),(0.,0.00532425083396018,0.0106485016679204),
 .UNSPECIFIED.);
#505=B_SPLINE_CURVE_WITH_KNOTS('',3,(#13717,#13718,#13719,#13720,#13721),
 .UNSPECIFIED.,.F.,.F.,(4,1,4),(0.,0.00532425118690264,0.0106485023738053),
 .UNSPECIFIED.);
#506=B_SPLINE_CURVE_WITH_KNOTS('',3,(#13725,#13726,#13727,#13728,#13729,
#13730,#13731,#13732,#13733),.UNSPECIFIED.,.F.,.F.,(4,1,1,1,1,1,4),(0.,
0.0033121687777931,0.00496825316668965,0.0066243375555862,0.00828042194448276,
0.00993650633337931,0.0132486751111724),.UNSPECIFIED.);
#507=B_SPLINE_CURVE_WITH_KNOTS('',3,(#14314,#14315,#14316,#14317,#14318,
#14319),.UNSPECIFIED.,.F.,.F.,(4,1,1,4),(0.,0.00163590304913429,0.00327180609826858,
0.00654361219653716),.UNSPECIFIED.);
#508=B_SPLINE_CURVE_WITH_KNOTS('',3,(#14321,#14322,#14323,#14324,#14325),
 .UNSPECIFIED.,.F.,.F.,(4,1,4),(0.,0.00327258453931715,0.00654516907863431),
 .UNSPECIFIED.);
#509=B_SPLINE_CURVE_WITH_KNOTS('',3,(#14608,#14609,#14610,#14611,#14612,
#14613),.UNSPECIFIED.,.F.,.F.,(4,1,1,4),(0.,0.00163590304913427,0.00327180609826854,
0.00654361219653708),.UNSPECIFIED.);
#510=B_SPLINE_CURVE_WITH_KNOTS('',3,(#14615,#14616,#14617,#14618,#14619),
 .UNSPECIFIED.,.F.,.F.,(4,1,4),(1.04083408558608E-17,0.00327258453931708,
0.00654516907863415),.UNSPECIFIED.);
#511=B_SPLINE_CURVE_WITH_KNOTS('',3,(#14964,#14965,#14966,#14967,#14968),
 .UNSPECIFIED.,.F.,.F.,(4,1,4),(0.,0.002936673255228,0.00587334651045601),
 .UNSPECIFIED.);
#512=B_SPLINE_CURVE_WITH_KNOTS('',3,(#14973,#14974,#14975,#14976),
 .UNSPECIFIED.,.F.,.F.,(4,4),(0.,0.000748820508030217),.UNSPECIFIED.);
#513=B_SPLINE_CURVE_WITH_KNOTS('',3,(#15016,#15017,#15018,#15019,#15020),
 .UNSPECIFIED.,.F.,.F.,(4,1,4),(0.,0.00293667325522789,0.00587334651045578),
 .UNSPECIFIED.);
#514=B_SPLINE_CURVE_WITH_KNOTS('',3,(#15025,#15026,#15027,#15028),
 .UNSPECIFIED.,.F.,.F.,(4,4),(0.,0.000748820508030007),.UNSPECIFIED.);
#515=B_SPLINE_CURVE_WITH_KNOTS('',3,(#15717,#15718,#15719,#15720,#15721),
 .UNSPECIFIED.,.F.,.F.,(4,1,4),(0.,0.00200721563923114,0.00401443127846228),
 .UNSPECIFIED.);
#516=B_SPLINE_CURVE_WITH_KNOTS('',3,(#15726,#15727,#15728,#15729,#15730),
 .UNSPECIFIED.,.F.,.F.,(4,1,4),(0.,0.00200721563923115,0.0040144312784623),
 .UNSPECIFIED.);
#517=B_SPLINE_CURVE_WITH_KNOTS('',3,(#15731,#15732,#15733,#15734,#15735),
 .UNSPECIFIED.,.F.,.F.,(4,1,4),(0.,0.00200721563923114,0.00401443127846228),
 .UNSPECIFIED.);
#518=B_SPLINE_CURVE_WITH_KNOTS('',3,(#15807,#15808,#15809,#15810),
 .UNSPECIFIED.,.F.,.F.,(4,4),(0.,0.000871901588693215),.UNSPECIFIED.);
#519=B_SPLINE_CURVE_WITH_KNOTS('',3,(#15818,#15819,#15820,#15821,#15822,
#15823,#15824,#15825),.UNSPECIFIED.,.F.,.F.,(4,1,1,1,1,4),(0.,0.00159272050902281,
0.00238908076353421,0.00318544101804562,0.00477816152706842,0.00637088203609123),
 .UNSPECIFIED.);
#520=B_SPLINE_CURVE_WITH_KNOTS('',3,(#15831,#15832,#15833,#15834),
 .UNSPECIFIED.,.F.,.F.,(4,4),(0.,2.70800109400422E-5),.UNSPECIFIED.);
#521=B_SPLINE_CURVE_WITH_KNOTS('',3,(#15874,#15875,#15876,#15877),
 .UNSPECIFIED.,.F.,.F.,(4,4),(0.,0.00105247326274353),.UNSPECIFIED.);
#522=B_SPLINE_CURVE_WITH_KNOTS('',3,(#15883,#15884,#15885,#15886,#15887,
#15888,#15889),.UNSPECIFIED.,.F.,.F.,(4,1,1,1,4),(0.,0.00129169109599609,
0.00258338219199218,0.00387507328798827,0.00516676438398436),
 .UNSPECIFIED.);
#523=B_SPLINE_CURVE_WITH_KNOTS('',3,(#15969,#15970,#15971,#15972,#15973),
 .UNSPECIFIED.,.F.,.F.,(4,1,4),(0.,0.00159269647719177,0.00318539295438354),
 .UNSPECIFIED.);
#524=LINE('',#13654,#1111);
#525=LINE('',#13657,#1112);
#526=LINE('',#13659,#1113);
#527=LINE('',#13661,#1114);
#528=LINE('',#13675,#1115);
#529=LINE('',#13678,#1116);
#530=LINE('',#13680,#1117);
#531=LINE('',#13682,#1118);
#532=LINE('',#13684,#1119);
#533=LINE('',#13698,#1120);
#534=LINE('',#13700,#1121);
#535=LINE('',#13702,#1122);
#536=LINE('',#13705,#1123);
#537=LINE('',#13707,#1124);
#538=LINE('',#13715,#1125);
#539=LINE('',#13723,#1126);
#540=LINE('',#13755,#1127);
#541=LINE('',#13759,#1128);
#542=LINE('',#13761,#1129);
#543=LINE('',#13764,#1130);
#544=LINE('',#13766,#1131);
#545=LINE('',#13768,#1132);
#546=LINE('',#13770,#1133);
#547=LINE('',#13775,#1134);
#548=LINE('',#13779,#1135);
#549=LINE('',#13783,#1136);
#550=LINE('',#13786,#1137);
#551=LINE('',#13789,#1138);
#552=LINE('',#13791,#1139);
#553=LINE('',#13793,#1140);
#554=LINE('',#13858,#1141);
#555=LINE('',#13862,#1142);
#556=LINE('',#13867,#1143);
#557=LINE('',#13871,#1144);
#558=LINE('',#13876,#1145);
#559=LINE('',#13884,#1146);
#560=LINE('',#13889,#1147);
#561=LINE('',#13893,#1148);
#562=LINE('',#13897,#1149);
#563=LINE('',#13901,#1150);
#564=LINE('',#13905,#1151);
#565=LINE('',#13906,#1152);
#566=LINE('',#13909,#1153);
#567=LINE('',#13911,#1154);
#568=LINE('',#13913,#1155);
#569=LINE('',#13918,#1156);
#570=LINE('',#13921,#1157);
#571=LINE('',#13923,#1158);
#572=LINE('',#13925,#1159);
#573=LINE('',#13928,#1160);
#574=LINE('',#13931,#1161);
#575=LINE('',#13933,#1162);
#576=LINE('',#13935,#1163);
#577=LINE('',#13936,#1164);
#578=LINE('',#13939,#1165);
#579=LINE('',#13941,#1166);
#580=LINE('',#13943,#1167);
#581=LINE('',#13954,#1168);
#582=LINE('',#13957,#1169);
#583=LINE('',#13959,#1170);
#584=LINE('',#13961,#1171);
#585=LINE('',#13962,#1172);
#586=LINE('',#13965,#1173);
#587=LINE('',#13967,#1174);
#588=LINE('',#13969,#1175);
#589=LINE('',#13972,#1176);
#590=LINE('',#13975,#1177);
#591=LINE('',#13977,#1178);
#592=LINE('',#13979,#1179);
#593=LINE('',#13980,#1180);
#594=LINE('',#13983,#1181);
#595=LINE('',#13985,#1182);
#596=LINE('',#13987,#1183);
#597=LINE('',#13988,#1184);
#598=LINE('',#13991,#1185);
#599=LINE('',#13993,#1186);
#600=LINE('',#13995,#1187);
#601=LINE('',#13996,#1188);
#602=LINE('',#13999,#1189);
#603=LINE('',#14001,#1190);
#604=LINE('',#14003,#1191);
#605=LINE('',#14004,#1192);
#606=LINE('',#14007,#1193);
#607=LINE('',#14009,#1194);
#608=LINE('',#14011,#1195);
#609=LINE('',#14012,#1196);
#610=LINE('',#14015,#1197);
#611=LINE('',#14017,#1198);
#612=LINE('',#14019,#1199);
#613=LINE('',#14020,#1200);
#614=LINE('',#14023,#1201);
#615=LINE('',#14025,#1202);
#616=LINE('',#14027,#1203);
#617=LINE('',#14028,#1204);
#618=LINE('',#14031,#1205);
#619=LINE('',#14033,#1206);
#620=LINE('',#14035,#1207);
#621=LINE('',#14036,#1208);
#622=LINE('',#14039,#1209);
#623=LINE('',#14041,#1210);
#624=LINE('',#14043,#1211);
#625=LINE('',#14044,#1212);
#626=LINE('',#14047,#1213);
#627=LINE('',#14049,#1214);
#628=LINE('',#14051,#1215);
#629=LINE('',#14052,#1216);
#630=LINE('',#14057,#1217);
#631=LINE('',#14059,#1218);
#632=LINE('',#14061,#1219);
#633=LINE('',#14062,#1220);
#634=LINE('',#14065,#1221);
#635=LINE('',#14067,#1222);
#636=LINE('',#14069,#1223);
#637=LINE('',#14074,#1224);
#638=LINE('',#14077,#1225);
#639=LINE('',#14079,#1226);
#640=LINE('',#14081,#1227);
#641=LINE('',#14120,#1228);
#642=LINE('',#14125,#1229);
#643=LINE('',#14127,#1230);
#644=LINE('',#14129,#1231);
#645=LINE('',#14130,#1232);
#646=LINE('',#14133,#1233);
#647=LINE('',#14135,#1234);
#648=LINE('',#14137,#1235);
#649=LINE('',#14138,#1236);
#650=LINE('',#14141,#1237);
#651=LINE('',#14143,#1238);
#652=LINE('',#14145,#1239);
#653=LINE('',#14146,#1240);
#654=LINE('',#14149,#1241);
#655=LINE('',#14151,#1242);
#656=LINE('',#14153,#1243);
#657=LINE('',#14154,#1244);
#658=LINE('',#14157,#1245);
#659=LINE('',#14159,#1246);
#660=LINE('',#14161,#1247);
#661=LINE('',#14162,#1248);
#662=LINE('',#14165,#1249);
#663=LINE('',#14167,#1250);
#664=LINE('',#14169,#1251);
#665=LINE('',#14170,#1252);
#666=LINE('',#14173,#1253);
#667=LINE('',#14175,#1254);
#668=LINE('',#14177,#1255);
#669=LINE('',#14178,#1256);
#670=LINE('',#14181,#1257);
#671=LINE('',#14183,#1258);
#672=LINE('',#14185,#1259);
#673=LINE('',#14186,#1260);
#674=LINE('',#14189,#1261);
#675=LINE('',#14191,#1262);
#676=LINE('',#14193,#1263);
#677=LINE('',#14194,#1264);
#678=LINE('',#14197,#1265);
#679=LINE('',#14199,#1266);
#680=LINE('',#14201,#1267);
#681=LINE('',#14202,#1268);
#682=LINE('',#14207,#1269);
#683=LINE('',#14211,#1270);
#684=LINE('',#14215,#1271);
#685=LINE('',#14252,#1272);
#686=LINE('',#14256,#1273);
#687=LINE('',#14257,#1274);
#688=LINE('',#14260,#1275);
#689=LINE('',#14262,#1276);
#690=LINE('',#14264,#1277);
#691=LINE('',#14634,#1278);
#692=LINE('',#14636,#1279);
#693=LINE('',#14638,#1280);
#694=LINE('',#14640,#1281);
#695=LINE('',#14642,#1282);
#696=LINE('',#14644,#1283);
#697=LINE('',#14646,#1284);
#698=LINE('',#14648,#1285);
#699=LINE('',#14650,#1286);
#700=LINE('',#14652,#1287);
#701=LINE('',#14654,#1288);
#702=LINE('',#14656,#1289);
#703=LINE('',#14717,#1290);
#704=LINE('',#14719,#1291);
#705=LINE('',#14721,#1292);
#706=LINE('',#14723,#1293);
#707=LINE('',#14725,#1294);
#708=LINE('',#14727,#1295);
#709=LINE('',#14729,#1296);
#710=LINE('',#14731,#1297);
#711=LINE('',#14733,#1298);
#712=LINE('',#14735,#1299);
#713=LINE('',#14737,#1300);
#714=LINE('',#14739,#1301);
#715=LINE('',#14800,#1302);
#716=LINE('',#14802,#1303);
#717=LINE('',#14804,#1304);
#718=LINE('',#14806,#1305);
#719=LINE('',#14808,#1306);
#720=LINE('',#14810,#1307);
#721=LINE('',#14812,#1308);
#722=LINE('',#14814,#1309);
#723=LINE('',#14816,#1310);
#724=LINE('',#14818,#1311);
#725=LINE('',#14820,#1312);
#726=LINE('',#14822,#1313);
#727=LINE('',#14824,#1314);
#728=LINE('',#14826,#1315);
#729=LINE('',#14828,#1316);
#730=LINE('',#14830,#1317);
#731=LINE('',#14832,#1318);
#732=LINE('',#14834,#1319);
#733=LINE('',#14836,#1320);
#734=LINE('',#14838,#1321);
#735=LINE('',#14840,#1322);
#736=LINE('',#14842,#1323);
#737=LINE('',#14844,#1324);
#738=LINE('',#14846,#1325);
#739=LINE('',#14848,#1326);
#740=LINE('',#14850,#1327);
#741=LINE('',#14852,#1328);
#742=LINE('',#14854,#1329);
#743=LINE('',#14856,#1330);
#744=LINE('',#14858,#1331);
#745=LINE('',#14860,#1332);
#746=LINE('',#14862,#1333);
#747=LINE('',#14864,#1334);
#748=LINE('',#14866,#1335);
#749=LINE('',#14868,#1336);
#750=LINE('',#14870,#1337);
#751=LINE('',#14872,#1338);
#752=LINE('',#14874,#1339);
#753=LINE('',#14876,#1340);
#754=LINE('',#14878,#1341);
#755=LINE('',#14880,#1342);
#756=LINE('',#14882,#1343);
#757=LINE('',#14884,#1344);
#758=LINE('',#14886,#1345);
#759=LINE('',#14888,#1346);
#760=LINE('',#14890,#1347);
#761=LINE('',#14892,#1348);
#762=LINE('',#14894,#1349);
#763=LINE('',#14896,#1350);
#764=LINE('',#14898,#1351);
#765=LINE('',#14900,#1352);
#766=LINE('',#14902,#1353);
#767=LINE('',#14904,#1354);
#768=LINE('',#14906,#1355);
#769=LINE('',#14908,#1356);
#770=LINE('',#14910,#1357);
#771=LINE('',#14912,#1358);
#772=LINE('',#14914,#1359);
#773=LINE('',#14916,#1360);
#774=LINE('',#14918,#1361);
#775=LINE('',#14920,#1362);
#776=LINE('',#14922,#1363);
#777=LINE('',#14924,#1364);
#778=LINE('',#14928,#1365);
#779=LINE('',#14931,#1366);
#780=LINE('',#14933,#1367);
#781=LINE('',#14935,#1368);
#782=LINE('',#14949,#1369);
#783=LINE('',#14952,#1370);
#784=LINE('',#14954,#1371);
#785=LINE('',#14956,#1372);
#786=LINE('',#14958,#1373);
#787=LINE('',#14961,#1374);
#788=LINE('',#14963,#1375);
#789=LINE('',#14970,#1376);
#790=LINE('',#14972,#1377);
#791=LINE('',#14978,#1378);
#792=LINE('',#14980,#1379);
#793=LINE('',#14982,#1380);
#794=LINE('',#14984,#1381);
#795=LINE('',#14986,#1382);
#796=LINE('',#14988,#1383);
#797=LINE('',#14990,#1384);
#798=LINE('',#14992,#1385);
#799=LINE('',#14994,#1386);
#800=LINE('',#14996,#1387);
#801=LINE('',#14998,#1388);
#802=LINE('',#15000,#1389);
#803=LINE('',#15002,#1390);
#804=LINE('',#15004,#1391);
#805=LINE('',#15006,#1392);
#806=LINE('',#15008,#1393);
#807=LINE('',#15010,#1394);
#808=LINE('',#15013,#1395);
#809=LINE('',#15015,#1396);
#810=LINE('',#15022,#1397);
#811=LINE('',#15024,#1398);
#812=LINE('',#15030,#1399);
#813=LINE('',#15032,#1400);
#814=LINE('',#15034,#1401);
#815=LINE('',#15036,#1402);
#816=LINE('',#15038,#1403);
#817=LINE('',#15040,#1404);
#818=LINE('',#15042,#1405);
#819=LINE('',#15044,#1406);
#820=LINE('',#15046,#1407);
#821=LINE('',#15048,#1408);
#822=LINE('',#15050,#1409);
#823=LINE('',#15052,#1410);
#824=LINE('',#15054,#1411);
#825=LINE('',#15056,#1412);
#826=LINE('',#15058,#1413);
#827=LINE('',#15060,#1414);
#828=LINE('',#15062,#1415);
#829=LINE('',#15064,#1416);
#830=LINE('',#15066,#1417);
#831=LINE('',#15068,#1418);
#832=LINE('',#15070,#1419);
#833=LINE('',#15072,#1420);
#834=LINE('',#15074,#1421);
#835=LINE('',#15076,#1422);
#836=LINE('',#15078,#1423);
#837=LINE('',#15080,#1424);
#838=LINE('',#15082,#1425);
#839=LINE('',#15084,#1426);
#840=LINE('',#15086,#1427);
#841=LINE('',#15088,#1428);
#842=LINE('',#15090,#1429);
#843=LINE('',#15092,#1430);
#844=LINE('',#15094,#1431);
#845=LINE('',#15096,#1432);
#846=LINE('',#15098,#1433);
#847=LINE('',#15100,#1434);
#848=LINE('',#15102,#1435);
#849=LINE('',#15104,#1436);
#850=LINE('',#15106,#1437);
#851=LINE('',#15108,#1438);
#852=LINE('',#15110,#1439);
#853=LINE('',#15112,#1440);
#854=LINE('',#15114,#1441);
#855=LINE('',#15116,#1442);
#856=LINE('',#15118,#1443);
#857=LINE('',#15120,#1444);
#858=LINE('',#15122,#1445);
#859=LINE('',#15124,#1446);
#860=LINE('',#15126,#1447);
#861=LINE('',#15128,#1448);
#862=LINE('',#15130,#1449);
#863=LINE('',#15132,#1450);
#864=LINE('',#15134,#1451);
#865=LINE('',#15136,#1452);
#866=LINE('',#15138,#1453);
#867=LINE('',#15140,#1454);
#868=LINE('',#15142,#1455);
#869=LINE('',#15144,#1456);
#870=LINE('',#15146,#1457);
#871=LINE('',#15148,#1458);
#872=LINE('',#15150,#1459);
#873=LINE('',#15152,#1460);
#874=LINE('',#15154,#1461);
#875=LINE('',#15156,#1462);
#876=LINE('',#15158,#1463);
#877=LINE('',#15160,#1464);
#878=LINE('',#15162,#1465);
#879=LINE('',#15164,#1466);
#880=LINE('',#15166,#1467);
#881=LINE('',#15168,#1468);
#882=LINE('',#15170,#1469);
#883=LINE('',#15172,#1470);
#884=LINE('',#15174,#1471);
#885=LINE('',#15176,#1472);
#886=LINE('',#15178,#1473);
#887=LINE('',#15180,#1474);
#888=LINE('',#15182,#1475);
#889=LINE('',#15184,#1476);
#890=LINE('',#15186,#1477);
#891=LINE('',#15188,#1478);
#892=LINE('',#15190,#1479);
#893=LINE('',#15192,#1480);
#894=LINE('',#15194,#1481);
#895=LINE('',#15196,#1482);
#896=LINE('',#15198,#1483);
#897=LINE('',#15200,#1484);
#898=LINE('',#15202,#1485);
#899=LINE('',#15204,#1486);
#900=LINE('',#15206,#1487);
#901=LINE('',#15208,#1488);
#902=LINE('',#15210,#1489);
#903=LINE('',#15212,#1490);
#904=LINE('',#15214,#1491);
#905=LINE('',#15216,#1492);
#906=LINE('',#15218,#1493);
#907=LINE('',#15220,#1494);
#908=LINE('',#15222,#1495);
#909=LINE('',#15224,#1496);
#910=LINE('',#15226,#1497);
#911=LINE('',#15228,#1498);
#912=LINE('',#15230,#1499);
#913=LINE('',#15232,#1500);
#914=LINE('',#15234,#1501);
#915=LINE('',#15236,#1502);
#916=LINE('',#15238,#1503);
#917=LINE('',#15240,#1504);
#918=LINE('',#15242,#1505);
#919=LINE('',#15244,#1506);
#920=LINE('',#15246,#1507);
#921=LINE('',#15248,#1508);
#922=LINE('',#15250,#1509);
#923=LINE('',#15252,#1510);
#924=LINE('',#15254,#1511);
#925=LINE('',#15256,#1512);
#926=LINE('',#15258,#1513);
#927=LINE('',#15260,#1514);
#928=LINE('',#15262,#1515);
#929=LINE('',#15264,#1516);
#930=LINE('',#15266,#1517);
#931=LINE('',#15268,#1518);
#932=LINE('',#15270,#1519);
#933=LINE('',#15272,#1520);
#934=LINE('',#15274,#1521);
#935=LINE('',#15276,#1522);
#936=LINE('',#15279,#1523);
#937=LINE('',#15281,#1524);
#938=LINE('',#15283,#1525);
#939=LINE('',#15285,#1526);
#940=LINE('',#15344,#1527);
#941=LINE('',#15352,#1528);
#942=LINE('',#15354,#1529);
#943=LINE('',#15356,#1530);
#944=LINE('',#15358,#1531);
#945=LINE('',#15360,#1532);
#946=LINE('',#15362,#1533);
#947=LINE('',#15364,#1534);
#948=LINE('',#15366,#1535);
#949=LINE('',#15368,#1536);
#950=LINE('',#15370,#1537);
#951=LINE('',#15372,#1538);
#952=LINE('',#15374,#1539);
#953=LINE('',#15379,#1540);
#954=LINE('',#15381,#1541);
#955=LINE('',#15392,#1542);
#956=LINE('',#15394,#1543);
#957=LINE('',#15399,#1544);
#958=LINE('',#15407,#1545);
#959=LINE('',#15413,#1546);
#960=LINE('',#15416,#1547);
#961=LINE('',#15418,#1548);
#962=LINE('',#15420,#1549);
#963=LINE('',#15421,#1550);
#964=LINE('',#15424,#1551);
#965=LINE('',#15426,#1552);
#966=LINE('',#15428,#1553);
#967=LINE('',#15429,#1554);
#968=LINE('',#15432,#1555);
#969=LINE('',#15434,#1556);
#970=LINE('',#15436,#1557);
#971=LINE('',#15437,#1558);
#972=LINE('',#15440,#1559);
#973=LINE('',#15442,#1560);
#974=LINE('',#15444,#1561);
#975=LINE('',#15447,#1562);
#976=LINE('',#15450,#1563);
#977=LINE('',#15452,#1564);
#978=LINE('',#15454,#1565);
#979=LINE('',#15461,#1566);
#980=LINE('',#15464,#1567);
#981=LINE('',#15466,#1568);
#982=LINE('',#15468,#1569);
#983=LINE('',#15469,#1570);
#984=LINE('',#15472,#1571);
#985=LINE('',#15474,#1572);
#986=LINE('',#15476,#1573);
#987=LINE('',#15477,#1574);
#988=LINE('',#15480,#1575);
#989=LINE('',#15482,#1576);
#990=LINE('',#15484,#1577);
#991=LINE('',#15485,#1578);
#992=LINE('',#15488,#1579);
#993=LINE('',#15490,#1580);
#994=LINE('',#15492,#1581);
#995=LINE('',#15493,#1582);
#996=LINE('',#15496,#1583);
#997=LINE('',#15498,#1584);
#998=LINE('',#15500,#1585);
#999=LINE('',#15501,#1586);
#1000=LINE('',#15504,#1587);
#1001=LINE('',#15506,#1588);
#1002=LINE('',#15508,#1589);
#1003=LINE('',#15509,#1590);
#1004=LINE('',#15512,#1591);
#1005=LINE('',#15514,#1592);
#1006=LINE('',#15516,#1593);
#1007=LINE('',#15517,#1594);
#1008=LINE('',#15520,#1595);
#1009=LINE('',#15522,#1596);
#1010=LINE('',#15524,#1597);
#1011=LINE('',#15525,#1598);
#1012=LINE('',#15528,#1599);
#1013=LINE('',#15530,#1600);
#1014=LINE('',#15532,#1601);
#1015=LINE('',#15533,#1602);
#1016=LINE('',#15536,#1603);
#1017=LINE('',#15538,#1604);
#1018=LINE('',#15540,#1605);
#1019=LINE('',#15541,#1606);
#1020=LINE('',#15544,#1607);
#1021=LINE('',#15546,#1608);
#1022=LINE('',#15548,#1609);
#1023=LINE('',#15549,#1610);
#1024=LINE('',#15552,#1611);
#1025=LINE('',#15554,#1612);
#1026=LINE('',#15556,#1613);
#1027=LINE('',#15557,#1614);
#1028=LINE('',#15560,#1615);
#1029=LINE('',#15562,#1616);
#1030=LINE('',#15564,#1617);
#1031=LINE('',#15565,#1618);
#1032=LINE('',#15568,#1619);
#1033=LINE('',#15570,#1620);
#1034=LINE('',#15572,#1621);
#1035=LINE('',#15573,#1622);
#1036=LINE('',#15576,#1623);
#1037=LINE('',#15578,#1624);
#1038=LINE('',#15580,#1625);
#1039=LINE('',#15581,#1626);
#1040=LINE('',#15584,#1627);
#1041=LINE('',#15586,#1628);
#1042=LINE('',#15588,#1629);
#1043=LINE('',#15589,#1630);
#1044=LINE('',#15592,#1631);
#1045=LINE('',#15594,#1632);
#1046=LINE('',#15596,#1633);
#1047=LINE('',#15597,#1634);
#1048=LINE('',#15600,#1635);
#1049=LINE('',#15602,#1636);
#1050=LINE('',#15604,#1637);
#1051=LINE('',#15605,#1638);
#1052=LINE('',#15608,#1639);
#1053=LINE('',#15610,#1640);
#1054=LINE('',#15612,#1641);
#1055=LINE('',#15613,#1642);
#1056=LINE('',#15616,#1643);
#1057=LINE('',#15618,#1644);
#1058=LINE('',#15620,#1645);
#1059=LINE('',#15629,#1646);
#1060=LINE('',#15632,#1647);
#1061=LINE('',#15634,#1648);
#1062=LINE('',#15636,#1649);
#1063=LINE('',#15637,#1650);
#1064=LINE('',#15640,#1651);
#1065=LINE('',#15642,#1652);
#1066=LINE('',#15644,#1653);
#1067=LINE('',#15645,#1654);
#1068=LINE('',#15648,#1655);
#1069=LINE('',#15650,#1656);
#1070=LINE('',#15652,#1657);
#1071=LINE('',#15653,#1658);
#1072=LINE('',#15656,#1659);
#1073=LINE('',#15658,#1660);
#1074=LINE('',#15660,#1661);
#1075=LINE('',#15701,#1662);
#1076=LINE('',#15704,#1663);
#1077=LINE('',#15706,#1664);
#1078=LINE('',#15708,#1665);
#1079=LINE('',#15812,#1666);
#1080=LINE('',#15814,#1667);
#1081=LINE('',#15816,#1668);
#1082=LINE('',#15827,#1669);
#1083=LINE('',#15835,#1670);
#1084=LINE('',#15837,#1671);
#1085=LINE('',#15871,#1672);
#1086=LINE('',#15879,#1673);
#1087=LINE('',#15881,#1674);
#1088=LINE('',#15890,#1675);
#1089=LINE('',#15894,#1676);
#1090=LINE('',#15896,#1677);
#1091=LINE('',#15898,#1678);
#1092=LINE('',#15902,#1679);
#1093=LINE('',#15904,#1680);
#1094=LINE('',#15906,#1681);
#1095=LINE('',#15908,#1682);
#1096=LINE('',#15910,#1683);
#1097=LINE('',#15912,#1684);
#1098=LINE('',#15915,#1685);
#1099=LINE('',#15916,#1686);
#1100=LINE('',#15918,#1687);
#1101=LINE('',#15922,#1688);
#1102=LINE('',#15924,#1689);
#1103=LINE('',#15942,#1690);
#1104=LINE('',#15945,#1691);
#1105=LINE('',#15947,#1692);
#1106=LINE('',#15949,#1693);
#1107=LINE('',#15959,#1694);
#1108=LINE('',#15960,#1695);
#1109=LINE('',#15962,#1696);
#1110=LINE('',#15964,#1697);
#1111=VECTOR('',#10707,1.);
#1112=VECTOR('',#10708,1.);
#1113=VECTOR('',#10709,1.);
#1114=VECTOR('',#10710,1.);
#1115=VECTOR('',#10725,1.);
#1116=VECTOR('',#10726,1.);
#1117=VECTOR('',#10727,1.);
#1118=VECTOR('',#10728,1.);
#1119=VECTOR('',#10731,1.);
#1120=VECTOR('',#10732,1.);
#1121=VECTOR('',#10733,1.);
#1122=VECTOR('',#10734,1.);
#1123=VECTOR('',#10737,1.);
#1124=VECTOR('',#10738,1.);
#1125=VECTOR('',#10739,1.);
#1126=VECTOR('',#10740,1.);
#1127=VECTOR('',#10761,1.);
#1128=VECTOR('',#10764,1.);
#1129=VECTOR('',#10767,1.);
#1130=VECTOR('',#10768,1.);
#1131=VECTOR('',#10769,1.);
#1132=VECTOR('',#10770,1.);
#1133=VECTOR('',#10773,1.);
#1134=VECTOR('',#10776,1.);
#1135=VECTOR('',#10779,1.);
#1136=VECTOR('',#10782,1.);
#1137=VECTOR('',#10785,1.);
#1138=VECTOR('',#10786,1.);
#1139=VECTOR('',#10787,1.);
#1140=VECTOR('',#10788,1.);
#1141=VECTOR('',#10857,1.);
#1142=VECTOR('',#10860,1.);
#1143=VECTOR('',#10865,1.);
#1144=VECTOR('',#10868,1.);
#1145=VECTOR('',#10873,1.);
#1146=VECTOR('',#10880,1.);
#1147=VECTOR('',#10885,1.);
#1148=VECTOR('',#10888,1.);
#1149=VECTOR('',#10891,1.);
#1150=VECTOR('',#10894,1.);
#1151=VECTOR('',#10897,1.);
#1152=VECTOR('',#10898,1.);
#1153=VECTOR('',#10899,1.);
#1154=VECTOR('',#10900,1.);
#1155=VECTOR('',#10901,1.);
#1156=VECTOR('',#10906,1.);
#1157=VECTOR('',#10907,1.);
#1158=VECTOR('',#10908,1.);
#1159=VECTOR('',#10909,1.);
#1160=VECTOR('',#10912,1.);
#1161=VECTOR('',#10913,1.);
#1162=VECTOR('',#10914,1.);
#1163=VECTOR('',#10915,1.);
#1164=VECTOR('',#10916,1.);
#1165=VECTOR('',#10917,1.);
#1166=VECTOR('',#10918,1.);
#1167=VECTOR('',#10919,1.);
#1168=VECTOR('',#10930,1.);
#1169=VECTOR('',#10931,1.);
#1170=VECTOR('',#10932,1.);
#1171=VECTOR('',#10933,1.);
#1172=VECTOR('',#10934,1.);
#1173=VECTOR('',#10935,1.);
#1174=VECTOR('',#10936,1.);
#1175=VECTOR('',#10937,1.);
#1176=VECTOR('',#10940,1.);
#1177=VECTOR('',#10941,1.);
#1178=VECTOR('',#10942,1.);
#1179=VECTOR('',#10943,1.);
#1180=VECTOR('',#10944,1.);
#1181=VECTOR('',#10945,1.);
#1182=VECTOR('',#10946,1.);
#1183=VECTOR('',#10947,1.);
#1184=VECTOR('',#10948,1.);
#1185=VECTOR('',#10949,1.);
#1186=VECTOR('',#10950,1.);
#1187=VECTOR('',#10951,1.);
#1188=VECTOR('',#10952,1.);
#1189=VECTOR('',#10953,1.);
#1190=VECTOR('',#10954,1.);
#1191=VECTOR('',#10955,1.);
#1192=VECTOR('',#10956,1.);
#1193=VECTOR('',#10957,1.);
#1194=VECTOR('',#10958,1.);
#1195=VECTOR('',#10959,1.);
#1196=VECTOR('',#10960,1.);
#1197=VECTOR('',#10961,1.);
#1198=VECTOR('',#10962,1.);
#1199=VECTOR('',#10963,1.);
#1200=VECTOR('',#10964,1.);
#1201=VECTOR('',#10965,1.);
#1202=VECTOR('',#10966,1.);
#1203=VECTOR('',#10967,1.);
#1204=VECTOR('',#10968,1.);
#1205=VECTOR('',#10969,1.);
#1206=VECTOR('',#10970,1.);
#1207=VECTOR('',#10971,1.);
#1208=VECTOR('',#10972,1.);
#1209=VECTOR('',#10973,1.);
#1210=VECTOR('',#10974,1.);
#1211=VECTOR('',#10975,1.);
#1212=VECTOR('',#10976,1.);
#1213=VECTOR('',#10977,1.);
#1214=VECTOR('',#10978,1.);
#1215=VECTOR('',#10979,1.);
#1216=VECTOR('',#10980,1.);
#1217=VECTOR('',#10983,1.);
#1218=VECTOR('',#10984,1.);
#1219=VECTOR('',#10985,1.);
#1220=VECTOR('',#10986,1.);
#1221=VECTOR('',#10987,1.);
#1222=VECTOR('',#10988,1.);
#1223=VECTOR('',#10989,1.);
#1224=VECTOR('',#10994,1.);
#1225=VECTOR('',#10995,1.);
#1226=VECTOR('',#10996,1.);
#1227=VECTOR('',#10997,1.);
#1228=VECTOR('',#11036,1.);
#1229=VECTOR('',#11039,1.);
#1230=VECTOR('',#11040,1.);
#1231=VECTOR('',#11041,1.);
#1232=VECTOR('',#11042,1.);
#1233=VECTOR('',#11043,1.);
#1234=VECTOR('',#11044,1.);
#1235=VECTOR('',#11045,1.);
#1236=VECTOR('',#11046,1.);
#1237=VECTOR('',#11047,1.);
#1238=VECTOR('',#11048,1.);
#1239=VECTOR('',#11049,1.);
#1240=VECTOR('',#11050,1.);
#1241=VECTOR('',#11051,1.);
#1242=VECTOR('',#11052,1.);
#1243=VECTOR('',#11053,1.);
#1244=VECTOR('',#11054,1.);
#1245=VECTOR('',#11055,1.);
#1246=VECTOR('',#11056,1.);
#1247=VECTOR('',#11057,1.);
#1248=VECTOR('',#11058,1.);
#1249=VECTOR('',#11059,1.);
#1250=VECTOR('',#11060,1.);
#1251=VECTOR('',#11061,1.);
#1252=VECTOR('',#11062,1.);
#1253=VECTOR('',#11063,1.);
#1254=VECTOR('',#11064,1.);
#1255=VECTOR('',#11065,1.);
#1256=VECTOR('',#11066,1.);
#1257=VECTOR('',#11067,1.);
#1258=VECTOR('',#11068,1.);
#1259=VECTOR('',#11069,1.);
#1260=VECTOR('',#11070,1.);
#1261=VECTOR('',#11071,1.);
#1262=VECTOR('',#11072,1.);
#1263=VECTOR('',#11073,1.);
#1264=VECTOR('',#11074,1.);
#1265=VECTOR('',#11075,1.);
#1266=VECTOR('',#11076,1.);
#1267=VECTOR('',#11077,1.);
#1268=VECTOR('',#11078,1.);
#1269=VECTOR('',#11081,1.);
#1270=VECTOR('',#11084,1.);
#1271=VECTOR('',#11087,1.);
#1272=VECTOR('',#11128,1.);
#1273=VECTOR('',#11131,1.);
#1274=VECTOR('',#11132,1.);
#1275=VECTOR('',#11133,1.);
#1276=VECTOR('',#11134,1.);
#1277=VECTOR('',#11135,1.);
#1278=VECTOR('',#11598,1.);
#1279=VECTOR('',#11599,1.);
#1280=VECTOR('',#11600,1.);
#1281=VECTOR('',#11603,1.);
#1282=VECTOR('',#11604,1.);
#1283=VECTOR('',#11605,1.);
#1284=VECTOR('',#11608,1.);
#1285=VECTOR('',#11609,1.);
#1286=VECTOR('',#11610,1.);
#1287=VECTOR('',#11613,1.);
#1288=VECTOR('',#11614,1.);
#1289=VECTOR('',#11615,1.);
#1290=VECTOR('',#11702,1.);
#1291=VECTOR('',#11703,1.);
#1292=VECTOR('',#11704,1.);
#1293=VECTOR('',#11707,1.);
#1294=VECTOR('',#11708,1.);
#1295=VECTOR('',#11709,1.);
#1296=VECTOR('',#11712,1.);
#1297=VECTOR('',#11713,1.);
#1298=VECTOR('',#11714,1.);
#1299=VECTOR('',#11717,1.);
#1300=VECTOR('',#11718,1.);
#1301=VECTOR('',#11719,1.);
#1302=VECTOR('',#11806,1.);
#1303=VECTOR('',#11807,1.);
#1304=VECTOR('',#11808,1.);
#1305=VECTOR('',#11811,1.);
#1306=VECTOR('',#11812,1.);
#1307=VECTOR('',#11815,1.);
#1308=VECTOR('',#11816,1.);
#1309=VECTOR('',#11819,1.);
#1310=VECTOR('',#11820,1.);
#1311=VECTOR('',#11821,1.);
#1312=VECTOR('',#11824,1.);
#1313=VECTOR('',#11825,1.);
#1314=VECTOR('',#11828,1.);
#1315=VECTOR('',#11829,1.);
#1316=VECTOR('',#11832,1.);
#1317=VECTOR('',#11833,1.);
#1318=VECTOR('',#11834,1.);
#1319=VECTOR('',#11837,1.);
#1320=VECTOR('',#11838,1.);
#1321=VECTOR('',#11841,1.);
#1322=VECTOR('',#11842,1.);
#1323=VECTOR('',#11845,1.);
#1324=VECTOR('',#11846,1.);
#1325=VECTOR('',#11847,1.);
#1326=VECTOR('',#11850,1.);
#1327=VECTOR('',#11851,1.);
#1328=VECTOR('',#11854,1.);
#1329=VECTOR('',#11855,1.);
#1330=VECTOR('',#11858,1.);
#1331=VECTOR('',#11859,1.);
#1332=VECTOR('',#11860,1.);
#1333=VECTOR('',#11863,1.);
#1334=VECTOR('',#11864,1.);
#1335=VECTOR('',#11867,1.);
#1336=VECTOR('',#11868,1.);
#1337=VECTOR('',#11871,1.);
#1338=VECTOR('',#11872,1.);
#1339=VECTOR('',#11873,1.);
#1340=VECTOR('',#11876,1.);
#1341=VECTOR('',#11877,1.);
#1342=VECTOR('',#11880,1.);
#1343=VECTOR('',#11881,1.);
#1344=VECTOR('',#11884,1.);
#1345=VECTOR('',#11885,1.);
#1346=VECTOR('',#11886,1.);
#1347=VECTOR('',#11889,1.);
#1348=VECTOR('',#11890,1.);
#1349=VECTOR('',#11893,1.);
#1350=VECTOR('',#11894,1.);
#1351=VECTOR('',#11897,1.);
#1352=VECTOR('',#11898,1.);
#1353=VECTOR('',#11899,1.);
#1354=VECTOR('',#11902,1.);
#1355=VECTOR('',#11903,1.);
#1356=VECTOR('',#11906,1.);
#1357=VECTOR('',#11907,1.);
#1358=VECTOR('',#11910,1.);
#1359=VECTOR('',#11911,1.);
#1360=VECTOR('',#11912,1.);
#1361=VECTOR('',#11915,1.);
#1362=VECTOR('',#11916,1.);
#1363=VECTOR('',#11919,1.);
#1364=VECTOR('',#11920,1.);
#1365=VECTOR('',#11925,1.);
#1366=VECTOR('',#11926,1.);
#1367=VECTOR('',#11927,1.);
#1368=VECTOR('',#11928,1.);
#1369=VECTOR('',#11943,1.);
#1370=VECTOR('',#11944,1.);
#1371=VECTOR('',#11945,1.);
#1372=VECTOR('',#11946,1.);
#1373=VECTOR('',#11949,1.);
#1374=VECTOR('',#11950,1.);
#1375=VECTOR('',#11951,1.);
#1376=VECTOR('',#11954,1.);
#1377=VECTOR('',#11955,1.);
#1378=VECTOR('',#11958,1.);
#1379=VECTOR('',#11959,1.);
#1380=VECTOR('',#11962,1.);
#1381=VECTOR('',#11963,1.);
#1382=VECTOR('',#11964,1.);
#1383=VECTOR('',#11967,1.);
#1384=VECTOR('',#11968,1.);
#1385=VECTOR('',#11971,1.);
#1386=VECTOR('',#11972,1.);
#1387=VECTOR('',#11975,1.);
#1388=VECTOR('',#11976,1.);
#1389=VECTOR('',#11977,1.);
#1390=VECTOR('',#11980,1.);
#1391=VECTOR('',#11981,1.);
#1392=VECTOR('',#11984,1.);
#1393=VECTOR('',#11985,1.);
#1394=VECTOR('',#11988,1.);
#1395=VECTOR('',#11989,1.);
#1396=VECTOR('',#11990,1.);
#1397=VECTOR('',#11993,1.);
#1398=VECTOR('',#11994,1.);
#1399=VECTOR('',#11997,1.);
#1400=VECTOR('',#11998,1.);
#1401=VECTOR('',#12001,1.);
#1402=VECTOR('',#12002,1.);
#1403=VECTOR('',#12003,1.);
#1404=VECTOR('',#12006,1.);
#1405=VECTOR('',#12007,1.);
#1406=VECTOR('',#12010,1.);
#1407=VECTOR('',#12011,1.);
#1408=VECTOR('',#12014,1.);
#1409=VECTOR('',#12015,1.);
#1410=VECTOR('',#12016,1.);
#1411=VECTOR('',#12019,1.);
#1412=VECTOR('',#12020,1.);
#1413=VECTOR('',#12023,1.);
#1414=VECTOR('',#12024,1.);
#1415=VECTOR('',#12027,1.);
#1416=VECTOR('',#12028,1.);
#1417=VECTOR('',#12029,1.);
#1418=VECTOR('',#12032,1.);
#1419=VECTOR('',#12033,1.);
#1420=VECTOR('',#12036,1.);
#1421=VECTOR('',#12037,1.);
#1422=VECTOR('',#12040,1.);
#1423=VECTOR('',#12041,1.);
#1424=VECTOR('',#12042,1.);
#1425=VECTOR('',#12045,1.);
#1426=VECTOR('',#12046,1.);
#1427=VECTOR('',#12049,1.);
#1428=VECTOR('',#12050,1.);
#1429=VECTOR('',#12053,1.);
#1430=VECTOR('',#12054,1.);
#1431=VECTOR('',#12055,1.);
#1432=VECTOR('',#12058,1.);
#1433=VECTOR('',#12059,1.);
#1434=VECTOR('',#12062,1.);
#1435=VECTOR('',#12063,1.);
#1436=VECTOR('',#12066,1.);
#1437=VECTOR('',#12067,1.);
#1438=VECTOR('',#12068,1.);
#1439=VECTOR('',#12071,1.);
#1440=VECTOR('',#12072,1.);
#1441=VECTOR('',#12075,1.);
#1442=VECTOR('',#12076,1.);
#1443=VECTOR('',#12079,1.);
#1444=VECTOR('',#12080,1.);
#1445=VECTOR('',#12081,1.);
#1446=VECTOR('',#12084,1.);
#1447=VECTOR('',#12085,1.);
#1448=VECTOR('',#12088,1.);
#1449=VECTOR('',#12089,1.);
#1450=VECTOR('',#12092,1.);
#1451=VECTOR('',#12093,1.);
#1452=VECTOR('',#12094,1.);
#1453=VECTOR('',#12097,1.);
#1454=VECTOR('',#12098,1.);
#1455=VECTOR('',#12101,1.);
#1456=VECTOR('',#12102,1.);
#1457=VECTOR('',#12105,1.);
#1458=VECTOR('',#12106,1.);
#1459=VECTOR('',#12107,1.);
#1460=VECTOR('',#12110,1.);
#1461=VECTOR('',#12111,1.);
#1462=VECTOR('',#12114,1.);
#1463=VECTOR('',#12115,1.);
#1464=VECTOR('',#12118,1.);
#1465=VECTOR('',#12119,1.);
#1466=VECTOR('',#12120,1.);
#1467=VECTOR('',#12123,1.);
#1468=VECTOR('',#12124,1.);
#1469=VECTOR('',#12127,1.);
#1470=VECTOR('',#12128,1.);
#1471=VECTOR('',#12131,1.);
#1472=VECTOR('',#12132,1.);
#1473=VECTOR('',#12133,1.);
#1474=VECTOR('',#12136,1.);
#1475=VECTOR('',#12137,1.);
#1476=VECTOR('',#12140,1.);
#1477=VECTOR('',#12141,1.);
#1478=VECTOR('',#12144,1.);
#1479=VECTOR('',#12145,1.);
#1480=VECTOR('',#12146,1.);
#1481=VECTOR('',#12149,1.);
#1482=VECTOR('',#12150,1.);
#1483=VECTOR('',#12153,1.);
#1484=VECTOR('',#12154,1.);
#1485=VECTOR('',#12157,1.);
#1486=VECTOR('',#12158,1.);
#1487=VECTOR('',#12159,1.);
#1488=VECTOR('',#12162,1.);
#1489=VECTOR('',#12163,1.);
#1490=VECTOR('',#12166,1.);
#1491=VECTOR('',#12167,1.);
#1492=VECTOR('',#12170,1.);
#1493=VECTOR('',#12171,1.);
#1494=VECTOR('',#12172,1.);
#1495=VECTOR('',#12175,1.);
#1496=VECTOR('',#12176,1.);
#1497=VECTOR('',#12179,1.);
#1498=VECTOR('',#12180,1.);
#1499=VECTOR('',#12183,1.);
#1500=VECTOR('',#12184,1.);
#1501=VECTOR('',#12185,1.);
#1502=VECTOR('',#12188,1.);
#1503=VECTOR('',#12189,1.);
#1504=VECTOR('',#12192,1.);
#1505=VECTOR('',#12193,1.);
#1506=VECTOR('',#12196,1.);
#1507=VECTOR('',#12197,1.);
#1508=VECTOR('',#12198,1.);
#1509=VECTOR('',#12201,1.);
#1510=VECTOR('',#12202,1.);
#1511=VECTOR('',#12205,1.);
#1512=VECTOR('',#12206,1.);
#1513=VECTOR('',#12209,1.);
#1514=VECTOR('',#12212,1.);
#1515=VECTOR('',#12215,1.);
#1516=VECTOR('',#12218,1.);
#1517=VECTOR('',#12221,1.);
#1518=VECTOR('',#12224,1.);
#1519=VECTOR('',#12227,1.);
#1520=VECTOR('',#12230,1.);
#1521=VECTOR('',#12233,1.);
#1522=VECTOR('',#12236,1.);
#1523=VECTOR('',#12237,1.);
#1524=VECTOR('',#12238,1.);
#1525=VECTOR('',#12239,1.);
#1526=VECTOR('',#12242,1.);
#1527=VECTOR('',#12321,1.);
#1528=VECTOR('',#12332,1.);
#1529=VECTOR('',#12335,1.);
#1530=VECTOR('',#12338,1.);
#1531=VECTOR('',#12341,1.);
#1532=VECTOR('',#12344,1.);
#1533=VECTOR('',#12347,1.);
#1534=VECTOR('',#12350,1.);
#1535=VECTOR('',#12353,1.);
#1536=VECTOR('',#12356,1.);
#1537=VECTOR('',#12359,1.);
#1538=VECTOR('',#12362,1.);
#1539=VECTOR('',#12365,1.);
#1540=VECTOR('',#12372,1.);
#1541=VECTOR('',#12375,1.);
#1542=VECTOR('',#12390,1.);
#1543=VECTOR('',#12393,1.);
#1544=VECTOR('',#12400,1.);
#1545=VECTOR('',#12411,1.);
#1546=VECTOR('',#12418,1.);
#1547=VECTOR('',#12419,1.);
#1548=VECTOR('',#12420,1.);
#1549=VECTOR('',#12421,1.);
#1550=VECTOR('',#12422,1.);
#1551=VECTOR('',#12423,1.);
#1552=VECTOR('',#12424,1.);
#1553=VECTOR('',#12425,1.);
#1554=VECTOR('',#12426,1.);
#1555=VECTOR('',#12427,1.);
#1556=VECTOR('',#12428,1.);
#1557=VECTOR('',#12429,1.);
#1558=VECTOR('',#12430,1.);
#1559=VECTOR('',#12431,1.);
#1560=VECTOR('',#12432,1.);
#1561=VECTOR('',#12433,1.);
#1562=VECTOR('',#12436,1.);
#1563=VECTOR('',#12437,1.);
#1564=VECTOR('',#12438,1.);
#1565=VECTOR('',#12439,1.);
#1566=VECTOR('',#12446,1.);
#1567=VECTOR('',#12447,1.);
#1568=VECTOR('',#12448,1.);
#1569=VECTOR('',#12449,1.);
#1570=VECTOR('',#12450,1.);
#1571=VECTOR('',#12451,1.);
#1572=VECTOR('',#12452,1.);
#1573=VECTOR('',#12453,1.);
#1574=VECTOR('',#12454,1.);
#1575=VECTOR('',#12455,1.);
#1576=VECTOR('',#12456,1.);
#1577=VECTOR('',#12457,1.);
#1578=VECTOR('',#12458,1.);
#1579=VECTOR('',#12459,1.);
#1580=VECTOR('',#12460,1.);
#1581=VECTOR('',#12461,1.);
#1582=VECTOR('',#12462,1.);
#1583=VECTOR('',#12463,1.);
#1584=VECTOR('',#12464,1.);
#1585=VECTOR('',#12465,1.);
#1586=VECTOR('',#12466,1.);
#1587=VECTOR('',#12467,1.);
#1588=VECTOR('',#12468,1.);
#1589=VECTOR('',#12469,1.);
#1590=VECTOR('',#12470,1.);
#1591=VECTOR('',#12471,1.);
#1592=VECTOR('',#12472,1.);
#1593=VECTOR('',#12473,1.);
#1594=VECTOR('',#12474,1.);
#1595=VECTOR('',#12475,1.);
#1596=VECTOR('',#12476,1.);
#1597=VECTOR('',#12477,1.);
#1598=VECTOR('',#12478,1.);
#1599=VECTOR('',#12479,1.);
#1600=VECTOR('',#12480,1.);
#1601=VECTOR('',#12481,1.);
#1602=VECTOR('',#12482,1.);
#1603=VECTOR('',#12483,1.);
#1604=VECTOR('',#12484,1.);
#1605=VECTOR('',#12485,1.);
#1606=VECTOR('',#12486,1.);
#1607=VECTOR('',#12487,1.);
#1608=VECTOR('',#12488,1.);
#1609=VECTOR('',#12489,1.);
#1610=VECTOR('',#12490,1.);
#1611=VECTOR('',#12491,1.);
#1612=VECTOR('',#12492,1.);
#1613=VECTOR('',#12493,1.);
#1614=VECTOR('',#12494,1.);
#1615=VECTOR('',#12495,1.);
#1616=VECTOR('',#12496,1.);
#1617=VECTOR('',#12497,1.);
#1618=VECTOR('',#12498,1.);
#1619=VECTOR('',#12499,1.);
#1620=VECTOR('',#12500,1.);
#1621=VECTOR('',#12501,1.);
#1622=VECTOR('',#12502,1.);
#1623=VECTOR('',#12503,1.);
#1624=VECTOR('',#12504,1.);
#1625=VECTOR('',#12505,1.);
#1626=VECTOR('',#12506,1.);
#1627=VECTOR('',#12507,1.);
#1628=VECTOR('',#12508,1.);
#1629=VECTOR('',#12509,1.);
#1630=VECTOR('',#12510,1.);
#1631=VECTOR('',#12511,1.);
#1632=VECTOR('',#12512,1.);
#1633=VECTOR('',#12513,1.);
#1634=VECTOR('',#12514,1.);
#1635=VECTOR('',#12515,1.);
#1636=VECTOR('',#12516,1.);
#1637=VECTOR('',#12517,1.);
#1638=VECTOR('',#12518,1.);
#1639=VECTOR('',#12519,1.);
#1640=VECTOR('',#12520,1.);
#1641=VECTOR('',#12521,1.);
#1642=VECTOR('',#12522,1.);
#1643=VECTOR('',#12523,1.);
#1644=VECTOR('',#12524,1.);
#1645=VECTOR('',#12525,1.);
#1646=VECTOR('',#12534,1.);
#1647=VECTOR('',#12535,1.);
#1648=VECTOR('',#12536,1.);
#1649=VECTOR('',#12537,1.);
#1650=VECTOR('',#12538,1.);
#1651=VECTOR('',#12539,1.);
#1652=VECTOR('',#12540,1.);
#1653=VECTOR('',#12541,1.);
#1654=VECTOR('',#12542,1.);
#1655=VECTOR('',#12543,1.);
#1656=VECTOR('',#12544,1.);
#1657=VECTOR('',#12545,1.);
#1658=VECTOR('',#12546,1.);
#1659=VECTOR('',#12547,1.);
#1660=VECTOR('',#12548,1.);
#1661=VECTOR('',#12549,1.);
#1662=VECTOR('',#12590,1.);
#1663=VECTOR('',#12591,1.);
#1664=VECTOR('',#12592,1.);
#1665=VECTOR('',#12593,1.);
#1666=VECTOR('',#12722,1.);
#1667=VECTOR('',#12723,1.);
#1668=VECTOR('',#12724,1.);
#1669=VECTOR('',#12727,1.);
#1670=VECTOR('',#12732,1.);
#1671=VECTOR('',#12733,1.);
#1672=VECTOR('',#12776,1.);
#1673=VECTOR('',#12777,1.);
#1674=VECTOR('',#12778,1.);
#1675=VECTOR('',#12781,1.);
#1676=VECTOR('',#12786,1.);
#1677=VECTOR('',#12787,1.);
#1678=VECTOR('',#12790,1.);
#1679=VECTOR('',#12793,1.);
#1680=VECTOR('',#12796,1.);
#1681=VECTOR('',#12797,1.);
#1682=VECTOR('',#12800,1.);
#1683=VECTOR('',#12801,1.);
#1684=VECTOR('',#12804,1.);
#1685=VECTOR('',#12805,1.);
#1686=VECTOR('',#12806,1.);
#1687=VECTOR('',#12809,1.);
#1688=VECTOR('',#12814,1.);
#1689=VECTOR('',#12815,1.);
#1690=VECTOR('',#12842,1.);
#1691=VECTOR('',#12843,1.);
#1692=VECTOR('',#12844,1.);
#1693=VECTOR('',#12845,1.);
#1694=VECTOR('',#12858,1.);
#1695=VECTOR('',#12859,1.);
#1696=VECTOR('',#12862,1.);
#1697=VECTOR('',#12865,1.);
#1698=ORIENTED_EDGE('',*,*,#4026,.T.);
#1699=ORIENTED_EDGE('',*,*,#4027,.F.);
#1700=ORIENTED_EDGE('',*,*,#4028,.T.);
#1701=ORIENTED_EDGE('',*,*,#4029,.T.);
#1702=ORIENTED_EDGE('',*,*,#4030,.T.);
#1703=ORIENTED_EDGE('',*,*,#4031,.T.);
#1704=ORIENTED_EDGE('',*,*,#4032,.T.);
#1705=ORIENTED_EDGE('',*,*,#4033,.T.);
#1706=ORIENTED_EDGE('',*,*,#4034,.T.);
#1707=ORIENTED_EDGE('',*,*,#4035,.T.);
#1708=ORIENTED_EDGE('',*,*,#4036,.T.);
#1709=ORIENTED_EDGE('',*,*,#4037,.T.);
#1710=ORIENTED_EDGE('',*,*,#4038,.T.);
#1711=ORIENTED_EDGE('',*,*,#4039,.F.);
#1712=ORIENTED_EDGE('',*,*,#4040,.T.);
#1713=ORIENTED_EDGE('',*,*,#4041,.F.);
#1714=ORIENTED_EDGE('',*,*,#4042,.T.);
#1715=ORIENTED_EDGE('',*,*,#4043,.T.);
#1716=ORIENTED_EDGE('',*,*,#4044,.T.);
#1717=ORIENTED_EDGE('',*,*,#4045,.T.);
#1718=ORIENTED_EDGE('',*,*,#4046,.F.);
#1719=ORIENTED_EDGE('',*,*,#4047,.T.);
#1720=ORIENTED_EDGE('',*,*,#4048,.F.);
#1721=ORIENTED_EDGE('',*,*,#4049,.T.);
#1722=ORIENTED_EDGE('',*,*,#4050,.F.);
#1723=ORIENTED_EDGE('',*,*,#4051,.T.);
#1724=ORIENTED_EDGE('',*,*,#4052,.F.);
#1725=ORIENTED_EDGE('',*,*,#4053,.T.);
#1726=ORIENTED_EDGE('',*,*,#4054,.T.);
#1727=ORIENTED_EDGE('',*,*,#4055,.T.);
#1728=ORIENTED_EDGE('',*,*,#4056,.T.);
#1729=ORIENTED_EDGE('',*,*,#4057,.T.);
#1730=ORIENTED_EDGE('',*,*,#4058,.T.);
#1731=ORIENTED_EDGE('',*,*,#4059,.T.);
#1732=ORIENTED_EDGE('',*,*,#4060,.T.);
#1733=ORIENTED_EDGE('',*,*,#4061,.T.);
#1734=ORIENTED_EDGE('',*,*,#4062,.T.);
#1735=ORIENTED_EDGE('',*,*,#4063,.T.);
#1736=ORIENTED_EDGE('',*,*,#4064,.F.);
#1737=ORIENTED_EDGE('',*,*,#4065,.T.);
#1738=ORIENTED_EDGE('',*,*,#4066,.T.);
#1739=ORIENTED_EDGE('',*,*,#4067,.T.);
#1740=ORIENTED_EDGE('',*,*,#4068,.T.);
#1741=ORIENTED_EDGE('',*,*,#4069,.F.);
#1742=ORIENTED_EDGE('',*,*,#4070,.T.);
#1743=ORIENTED_EDGE('',*,*,#4071,.T.);
#1744=ORIENTED_EDGE('',*,*,#4072,.T.);
#1745=ORIENTED_EDGE('',*,*,#4073,.T.);
#1746=ORIENTED_EDGE('',*,*,#4074,.T.);
#1747=ORIENTED_EDGE('',*,*,#4075,.T.);
#1748=ORIENTED_EDGE('',*,*,#4076,.T.);
#1749=ORIENTED_EDGE('',*,*,#4077,.T.);
#1750=ORIENTED_EDGE('',*,*,#4078,.T.);
#1751=ORIENTED_EDGE('',*,*,#4079,.F.);
#1752=ORIENTED_EDGE('',*,*,#4080,.T.);
#1753=ORIENTED_EDGE('',*,*,#4081,.T.);
#1754=ORIENTED_EDGE('',*,*,#4082,.F.);
#1755=ORIENTED_EDGE('',*,*,#4083,.T.);
#1756=ORIENTED_EDGE('',*,*,#4084,.T.);
#1757=ORIENTED_EDGE('',*,*,#4085,.T.);
#1758=ORIENTED_EDGE('',*,*,#4086,.T.);
#1759=ORIENTED_EDGE('',*,*,#4087,.T.);
#1760=ORIENTED_EDGE('',*,*,#4088,.T.);
#1761=ORIENTED_EDGE('',*,*,#4089,.T.);
#1762=ORIENTED_EDGE('',*,*,#4090,.T.);
#1763=ORIENTED_EDGE('',*,*,#4091,.T.);
#1764=ORIENTED_EDGE('',*,*,#4092,.T.);
#1765=ORIENTED_EDGE('',*,*,#4093,.T.);
#1766=ORIENTED_EDGE('',*,*,#4094,.T.);
#1767=ORIENTED_EDGE('',*,*,#4095,.T.);
#1768=ORIENTED_EDGE('',*,*,#4096,.T.);
#1769=ORIENTED_EDGE('',*,*,#4097,.T.);
#1770=ORIENTED_EDGE('',*,*,#4098,.T.);
#1771=ORIENTED_EDGE('',*,*,#4099,.T.);
#1772=ORIENTED_EDGE('',*,*,#4100,.T.);
#1773=ORIENTED_EDGE('',*,*,#4101,.T.);
#1774=ORIENTED_EDGE('',*,*,#4102,.T.);
#1775=ORIENTED_EDGE('',*,*,#4103,.T.);
#1776=ORIENTED_EDGE('',*,*,#4104,.T.);
#1777=ORIENTED_EDGE('',*,*,#4105,.T.);
#1778=ORIENTED_EDGE('',*,*,#4106,.T.);
#1779=ORIENTED_EDGE('',*,*,#4107,.T.);
#1780=ORIENTED_EDGE('',*,*,#4108,.T.);
#1781=ORIENTED_EDGE('',*,*,#4109,.T.);
#1782=ORIENTED_EDGE('',*,*,#4110,.F.);
#1783=ORIENTED_EDGE('',*,*,#4111,.T.);
#1784=ORIENTED_EDGE('',*,*,#4041,.T.);
#1785=ORIENTED_EDGE('',*,*,#4112,.T.);
#1786=ORIENTED_EDGE('',*,*,#4052,.T.);
#1787=ORIENTED_EDGE('',*,*,#4113,.T.);
#1788=ORIENTED_EDGE('',*,*,#4050,.T.);
#1789=ORIENTED_EDGE('',*,*,#4114,.T.);
#1790=ORIENTED_EDGE('',*,*,#4048,.T.);
#1791=ORIENTED_EDGE('',*,*,#4115,.T.);
#1792=ORIENTED_EDGE('',*,*,#4116,.F.);
#1793=ORIENTED_EDGE('',*,*,#4117,.F.);
#1794=ORIENTED_EDGE('',*,*,#4118,.T.);
#1795=ORIENTED_EDGE('',*,*,#4119,.T.);
#1796=ORIENTED_EDGE('',*,*,#4037,.F.);
#1797=ORIENTED_EDGE('',*,*,#4120,.T.);
#1798=ORIENTED_EDGE('',*,*,#4121,.F.);
#1799=ORIENTED_EDGE('',*,*,#4122,.F.);
#1800=ORIENTED_EDGE('',*,*,#4123,.T.);
#1801=ORIENTED_EDGE('',*,*,#4124,.T.);
#1802=ORIENTED_EDGE('',*,*,#4029,.F.);
#1803=ORIENTED_EDGE('',*,*,#4125,.T.);
#1804=ORIENTED_EDGE('',*,*,#4126,.F.);
#1805=ORIENTED_EDGE('',*,*,#4127,.T.);
#1806=ORIENTED_EDGE('',*,*,#4128,.T.);
#1807=ORIENTED_EDGE('',*,*,#4129,.T.);
#1808=ORIENTED_EDGE('',*,*,#4130,.T.);
#1809=ORIENTED_EDGE('',*,*,#4131,.T.);
#1810=ORIENTED_EDGE('',*,*,#4069,.T.);
#1811=ORIENTED_EDGE('',*,*,#4132,.T.);
#1812=ORIENTED_EDGE('',*,*,#4133,.F.);
#1813=ORIENTED_EDGE('',*,*,#4134,.F.);
#1814=ORIENTED_EDGE('',*,*,#4135,.T.);
#1815=ORIENTED_EDGE('',*,*,#4136,.F.);
#1816=ORIENTED_EDGE('',*,*,#4137,.T.);
#1817=ORIENTED_EDGE('',*,*,#4138,.F.);
#1818=ORIENTED_EDGE('',*,*,#4139,.F.);
#1819=ORIENTED_EDGE('',*,*,#4140,.F.);
#1820=ORIENTED_EDGE('',*,*,#4141,.F.);
#1821=ORIENTED_EDGE('',*,*,#4142,.T.);
#1822=ORIENTED_EDGE('',*,*,#4143,.F.);
#1823=ORIENTED_EDGE('',*,*,#4144,.F.);
#1824=ORIENTED_EDGE('',*,*,#4145,.T.);
#1825=ORIENTED_EDGE('',*,*,#4146,.T.);
#1826=ORIENTED_EDGE('',*,*,#4147,.T.);
#1827=ORIENTED_EDGE('',*,*,#4148,.T.);
#1828=ORIENTED_EDGE('',*,*,#4149,.T.);
#1829=ORIENTED_EDGE('',*,*,#4150,.F.);
#1830=ORIENTED_EDGE('',*,*,#4151,.F.);
#1831=ORIENTED_EDGE('',*,*,#4152,.T.);
#1832=ORIENTED_EDGE('',*,*,#4153,.T.);
#1833=ORIENTED_EDGE('',*,*,#4154,.T.);
#1834=ORIENTED_EDGE('',*,*,#4155,.F.);
#1835=ORIENTED_EDGE('',*,*,#4156,.F.);
#1836=ORIENTED_EDGE('',*,*,#4157,.T.);
#1837=ORIENTED_EDGE('',*,*,#4158,.T.);
#1838=ORIENTED_EDGE('',*,*,#4159,.F.);
#1839=ORIENTED_EDGE('',*,*,#4160,.F.);
#1840=ORIENTED_EDGE('',*,*,#4161,.T.);
#1841=ORIENTED_EDGE('',*,*,#4162,.T.);
#1842=ORIENTED_EDGE('',*,*,#4163,.T.);
#1843=ORIENTED_EDGE('',*,*,#4164,.T.);
#1844=ORIENTED_EDGE('',*,*,#4165,.T.);
#1845=ORIENTED_EDGE('',*,*,#4166,.T.);
#1846=ORIENTED_EDGE('',*,*,#4167,.F.);
#1847=ORIENTED_EDGE('',*,*,#4168,.F.);
#1848=ORIENTED_EDGE('',*,*,#4169,.T.);
#1849=ORIENTED_EDGE('',*,*,#4170,.T.);
#1850=ORIENTED_EDGE('',*,*,#4171,.T.);
#1851=ORIENTED_EDGE('',*,*,#4172,.F.);
#1852=ORIENTED_EDGE('',*,*,#4173,.F.);
#1853=ORIENTED_EDGE('',*,*,#4174,.T.);
#1854=ORIENTED_EDGE('',*,*,#4175,.T.);
#1855=ORIENTED_EDGE('',*,*,#4176,.T.);
#1856=ORIENTED_EDGE('',*,*,#4177,.F.);
#1857=ORIENTED_EDGE('',*,*,#4178,.F.);
#1858=ORIENTED_EDGE('',*,*,#4179,.T.);
#1859=ORIENTED_EDGE('',*,*,#4180,.T.);
#1860=ORIENTED_EDGE('',*,*,#4181,.F.);
#1861=ORIENTED_EDGE('',*,*,#4182,.F.);
#1862=ORIENTED_EDGE('',*,*,#4183,.T.);
#1863=ORIENTED_EDGE('',*,*,#4184,.T.);
#1864=ORIENTED_EDGE('',*,*,#4185,.F.);
#1865=ORIENTED_EDGE('',*,*,#4186,.F.);
#1866=ORIENTED_EDGE('',*,*,#4187,.T.);
#1867=ORIENTED_EDGE('',*,*,#4188,.T.);
#1868=ORIENTED_EDGE('',*,*,#4189,.F.);
#1869=ORIENTED_EDGE('',*,*,#4190,.F.);
#1870=ORIENTED_EDGE('',*,*,#4191,.T.);
#1871=ORIENTED_EDGE('',*,*,#4192,.T.);
#1872=ORIENTED_EDGE('',*,*,#4193,.F.);
#1873=ORIENTED_EDGE('',*,*,#4194,.F.);
#1874=ORIENTED_EDGE('',*,*,#4195,.T.);
#1875=ORIENTED_EDGE('',*,*,#4196,.T.);
#1876=ORIENTED_EDGE('',*,*,#4197,.F.);
#1877=ORIENTED_EDGE('',*,*,#4198,.F.);
#1878=ORIENTED_EDGE('',*,*,#4199,.T.);
#1879=ORIENTED_EDGE('',*,*,#4200,.F.);
#1880=ORIENTED_EDGE('',*,*,#4201,.F.);
#1881=ORIENTED_EDGE('',*,*,#4202,.T.);
#1882=ORIENTED_EDGE('',*,*,#4203,.T.);
#1883=ORIENTED_EDGE('',*,*,#4204,.F.);
#1884=ORIENTED_EDGE('',*,*,#4205,.F.);
#1885=ORIENTED_EDGE('',*,*,#4206,.T.);
#1886=ORIENTED_EDGE('',*,*,#4207,.T.);
#1887=ORIENTED_EDGE('',*,*,#4208,.F.);
#1888=ORIENTED_EDGE('',*,*,#4209,.F.);
#1889=ORIENTED_EDGE('',*,*,#4210,.T.);
#1890=ORIENTED_EDGE('',*,*,#4211,.F.);
#1891=ORIENTED_EDGE('',*,*,#4212,.T.);
#1892=ORIENTED_EDGE('',*,*,#4213,.T.);
#1893=ORIENTED_EDGE('',*,*,#4214,.F.);
#1894=ORIENTED_EDGE('',*,*,#4215,.F.);
#1895=ORIENTED_EDGE('',*,*,#4216,.T.);
#1896=ORIENTED_EDGE('',*,*,#4217,.T.);
#1897=ORIENTED_EDGE('',*,*,#4218,.T.);
#1898=ORIENTED_EDGE('',*,*,#4219,.F.);
#1899=ORIENTED_EDGE('',*,*,#4220,.F.);
#1900=ORIENTED_EDGE('',*,*,#4221,.T.);
#1901=ORIENTED_EDGE('',*,*,#4222,.T.);
#1902=ORIENTED_EDGE('',*,*,#4223,.F.);
#1903=ORIENTED_EDGE('',*,*,#4224,.F.);
#1904=ORIENTED_EDGE('',*,*,#4225,.F.);
#1905=ORIENTED_EDGE('',*,*,#4226,.T.);
#1906=ORIENTED_EDGE('',*,*,#4227,.T.);
#1907=ORIENTED_EDGE('',*,*,#4228,.F.);
#1908=ORIENTED_EDGE('',*,*,#4229,.F.);
#1909=ORIENTED_EDGE('',*,*,#4230,.F.);
#1910=ORIENTED_EDGE('',*,*,#4231,.T.);
#1911=ORIENTED_EDGE('',*,*,#4232,.T.);
#1912=ORIENTED_EDGE('',*,*,#4233,.T.);
#1913=ORIENTED_EDGE('',*,*,#4234,.T.);
#1914=ORIENTED_EDGE('',*,*,#4235,.T.);
#1915=ORIENTED_EDGE('',*,*,#4236,.T.);
#1916=ORIENTED_EDGE('',*,*,#4237,.T.);
#1917=ORIENTED_EDGE('',*,*,#4238,.T.);
#1918=ORIENTED_EDGE('',*,*,#4239,.T.);
#1919=ORIENTED_EDGE('',*,*,#4240,.T.);
#1920=ORIENTED_EDGE('',*,*,#4241,.T.);
#1921=ORIENTED_EDGE('',*,*,#4242,.T.);
#1922=ORIENTED_EDGE('',*,*,#4243,.T.);
#1923=ORIENTED_EDGE('',*,*,#4244,.T.);
#1924=ORIENTED_EDGE('',*,*,#4245,.T.);
#1925=ORIENTED_EDGE('',*,*,#4246,.T.);
#1926=ORIENTED_EDGE('',*,*,#4247,.T.);
#1927=ORIENTED_EDGE('',*,*,#4248,.T.);
#1928=ORIENTED_EDGE('',*,*,#4249,.T.);
#1929=ORIENTED_EDGE('',*,*,#4250,.T.);
#1930=ORIENTED_EDGE('',*,*,#4251,.T.);
#1931=ORIENTED_EDGE('',*,*,#4252,.F.);
#1932=ORIENTED_EDGE('',*,*,#4253,.T.);
#1933=ORIENTED_EDGE('',*,*,#4254,.T.);
#1934=ORIENTED_EDGE('',*,*,#4255,.T.);
#1935=ORIENTED_EDGE('',*,*,#4256,.F.);
#1936=ORIENTED_EDGE('',*,*,#4257,.F.);
#1937=ORIENTED_EDGE('',*,*,#4258,.T.);
#1938=ORIENTED_EDGE('',*,*,#4259,.T.);
#1939=ORIENTED_EDGE('',*,*,#4260,.F.);
#1940=ORIENTED_EDGE('',*,*,#4261,.F.);
#1941=ORIENTED_EDGE('',*,*,#4262,.F.);
#1942=ORIENTED_EDGE('',*,*,#4263,.T.);
#1943=ORIENTED_EDGE('',*,*,#4264,.T.);
#1944=ORIENTED_EDGE('',*,*,#4265,.F.);
#1945=ORIENTED_EDGE('',*,*,#4266,.F.);
#1946=ORIENTED_EDGE('',*,*,#4267,.T.);
#1947=ORIENTED_EDGE('',*,*,#4268,.T.);
#1948=ORIENTED_EDGE('',*,*,#4269,.F.);
#1949=ORIENTED_EDGE('',*,*,#4270,.F.);
#1950=ORIENTED_EDGE('',*,*,#4271,.T.);
#1951=ORIENTED_EDGE('',*,*,#4272,.T.);
#1952=ORIENTED_EDGE('',*,*,#4273,.F.);
#1953=ORIENTED_EDGE('',*,*,#4274,.F.);
#1954=ORIENTED_EDGE('',*,*,#4275,.T.);
#1955=ORIENTED_EDGE('',*,*,#4276,.T.);
#1956=ORIENTED_EDGE('',*,*,#4277,.F.);
#1957=ORIENTED_EDGE('',*,*,#4278,.F.);
#1958=ORIENTED_EDGE('',*,*,#4279,.T.);
#1959=ORIENTED_EDGE('',*,*,#4280,.T.);
#1960=ORIENTED_EDGE('',*,*,#4281,.F.);
#1961=ORIENTED_EDGE('',*,*,#4282,.T.);
#1962=ORIENTED_EDGE('',*,*,#4283,.T.);
#1963=ORIENTED_EDGE('',*,*,#4284,.F.);
#1964=ORIENTED_EDGE('',*,*,#4285,.F.);
#1965=ORIENTED_EDGE('',*,*,#4286,.T.);
#1966=ORIENTED_EDGE('',*,*,#4287,.T.);
#1967=ORIENTED_EDGE('',*,*,#4288,.F.);
#1968=ORIENTED_EDGE('',*,*,#4289,.F.);
#1969=ORIENTED_EDGE('',*,*,#4290,.F.);
#1970=ORIENTED_EDGE('',*,*,#4291,.T.);
#1971=ORIENTED_EDGE('',*,*,#4292,.F.);
#1972=ORIENTED_EDGE('',*,*,#4293,.T.);
#1973=ORIENTED_EDGE('',*,*,#4294,.T.);
#1974=ORIENTED_EDGE('',*,*,#4295,.T.);
#1975=ORIENTED_EDGE('',*,*,#4296,.T.);
#1976=ORIENTED_EDGE('',*,*,#4297,.T.);
#1977=ORIENTED_EDGE('',*,*,#4298,.T.);
#1978=ORIENTED_EDGE('',*,*,#4299,.T.);
#1979=ORIENTED_EDGE('',*,*,#4300,.T.);
#1980=ORIENTED_EDGE('',*,*,#4301,.T.);
#1981=ORIENTED_EDGE('',*,*,#4302,.T.);
#1982=ORIENTED_EDGE('',*,*,#4303,.T.);
#1983=ORIENTED_EDGE('',*,*,#4304,.T.);
#1984=ORIENTED_EDGE('',*,*,#4305,.T.);
#1985=ORIENTED_EDGE('',*,*,#4306,.T.);
#1986=ORIENTED_EDGE('',*,*,#4307,.T.);
#1987=ORIENTED_EDGE('',*,*,#4308,.T.);
#1988=ORIENTED_EDGE('',*,*,#4309,.T.);
#1989=ORIENTED_EDGE('',*,*,#4310,.T.);
#1990=ORIENTED_EDGE('',*,*,#4311,.T.);
#1991=ORIENTED_EDGE('',*,*,#4312,.T.);
#1992=ORIENTED_EDGE('',*,*,#4313,.T.);
#1993=ORIENTED_EDGE('',*,*,#4314,.T.);
#1994=ORIENTED_EDGE('',*,*,#4315,.T.);
#1995=ORIENTED_EDGE('',*,*,#4316,.T.);
#1996=ORIENTED_EDGE('',*,*,#4317,.T.);
#1997=ORIENTED_EDGE('',*,*,#4318,.T.);
#1998=ORIENTED_EDGE('',*,*,#4319,.F.);
#1999=ORIENTED_EDGE('',*,*,#4320,.F.);
#2000=ORIENTED_EDGE('',*,*,#4321,.F.);
#2001=ORIENTED_EDGE('',*,*,#4322,.F.);
#2002=ORIENTED_EDGE('',*,*,#4323,.T.);
#2003=ORIENTED_EDGE('',*,*,#4324,.T.);
#2004=ORIENTED_EDGE('',*,*,#4325,.T.);
#2005=ORIENTED_EDGE('',*,*,#4326,.F.);
#2006=ORIENTED_EDGE('',*,*,#4326,.T.);
#2007=ORIENTED_EDGE('',*,*,#4324,.F.);
#2008=ORIENTED_EDGE('',*,*,#4325,.F.);
#2009=ORIENTED_EDGE('',*,*,#4327,.T.);
#2010=ORIENTED_EDGE('',*,*,#4328,.T.);
#2011=ORIENTED_EDGE('',*,*,#4329,.T.);
#2012=ORIENTED_EDGE('',*,*,#4330,.F.);
#2013=ORIENTED_EDGE('',*,*,#4330,.T.);
#2014=ORIENTED_EDGE('',*,*,#4328,.F.);
#2015=ORIENTED_EDGE('',*,*,#4329,.F.);
#2016=ORIENTED_EDGE('',*,*,#4331,.T.);
#2017=ORIENTED_EDGE('',*,*,#4332,.F.);
#2018=ORIENTED_EDGE('',*,*,#4333,.T.);
#2019=ORIENTED_EDGE('',*,*,#4334,.T.);
#2020=ORIENTED_EDGE('',*,*,#4335,.F.);
#2021=ORIENTED_EDGE('',*,*,#4335,.T.);
#2022=ORIENTED_EDGE('',*,*,#4331,.F.);
#2023=ORIENTED_EDGE('',*,*,#4334,.F.);
#2024=ORIENTED_EDGE('',*,*,#4336,.T.);
#2025=ORIENTED_EDGE('',*,*,#4128,.F.);
#2026=ORIENTED_EDGE('',*,*,#4337,.T.);
#2027=ORIENTED_EDGE('',*,*,#4338,.F.);
#2028=ORIENTED_EDGE('',*,*,#4339,.T.);
#2029=ORIENTED_EDGE('',*,*,#4332,.T.);
#2030=ORIENTED_EDGE('',*,*,#4338,.T.);
#2031=ORIENTED_EDGE('',*,*,#4340,.T.);
#2032=ORIENTED_EDGE('',*,*,#4341,.T.);
#2033=ORIENTED_EDGE('',*,*,#4342,.T.);
#2034=ORIENTED_EDGE('',*,*,#4343,.F.);
#2035=ORIENTED_EDGE('',*,*,#4343,.T.);
#2036=ORIENTED_EDGE('',*,*,#4341,.F.);
#2037=ORIENTED_EDGE('',*,*,#4342,.F.);
#2038=ORIENTED_EDGE('',*,*,#4344,.T.);
#2039=ORIENTED_EDGE('',*,*,#4345,.T.);
#2040=ORIENTED_EDGE('',*,*,#4346,.T.);
#2041=ORIENTED_EDGE('',*,*,#4347,.F.);
#2042=ORIENTED_EDGE('',*,*,#4347,.T.);
#2043=ORIENTED_EDGE('',*,*,#4345,.F.);
#2044=ORIENTED_EDGE('',*,*,#4346,.F.);
#2045=ORIENTED_EDGE('',*,*,#4348,.T.);
#2046=ORIENTED_EDGE('',*,*,#4349,.T.);
#2047=ORIENTED_EDGE('',*,*,#4350,.T.);
#2048=ORIENTED_EDGE('',*,*,#4351,.F.);
#2049=ORIENTED_EDGE('',*,*,#4351,.T.);
#2050=ORIENTED_EDGE('',*,*,#4349,.F.);
#2051=ORIENTED_EDGE('',*,*,#4350,.F.);
#2052=ORIENTED_EDGE('',*,*,#4352,.T.);
#2053=ORIENTED_EDGE('',*,*,#4353,.T.);
#2054=ORIENTED_EDGE('',*,*,#4354,.T.);
#2055=ORIENTED_EDGE('',*,*,#4355,.F.);
#2056=ORIENTED_EDGE('',*,*,#4355,.T.);
#2057=ORIENTED_EDGE('',*,*,#4353,.F.);
#2058=ORIENTED_EDGE('',*,*,#4354,.F.);
#2059=ORIENTED_EDGE('',*,*,#4356,.T.);
#2060=ORIENTED_EDGE('',*,*,#4357,.T.);
#2061=ORIENTED_EDGE('',*,*,#4358,.T.);
#2062=ORIENTED_EDGE('',*,*,#4359,.F.);
#2063=ORIENTED_EDGE('',*,*,#4359,.T.);
#2064=ORIENTED_EDGE('',*,*,#4357,.F.);
#2065=ORIENTED_EDGE('',*,*,#4358,.F.);
#2066=ORIENTED_EDGE('',*,*,#4360,.T.);
#2067=ORIENTED_EDGE('',*,*,#4361,.T.);
#2068=ORIENTED_EDGE('',*,*,#4362,.T.);
#2069=ORIENTED_EDGE('',*,*,#4363,.F.);
#2070=ORIENTED_EDGE('',*,*,#4363,.T.);
#2071=ORIENTED_EDGE('',*,*,#4361,.F.);
#2072=ORIENTED_EDGE('',*,*,#4362,.F.);
#2073=ORIENTED_EDGE('',*,*,#4364,.T.);
#2074=ORIENTED_EDGE('',*,*,#4365,.T.);
#2075=ORIENTED_EDGE('',*,*,#4366,.T.);
#2076=ORIENTED_EDGE('',*,*,#4367,.F.);
#2077=ORIENTED_EDGE('',*,*,#4367,.T.);
#2078=ORIENTED_EDGE('',*,*,#4365,.F.);
#2079=ORIENTED_EDGE('',*,*,#4366,.F.);
#2080=ORIENTED_EDGE('',*,*,#4368,.T.);
#2081=ORIENTED_EDGE('',*,*,#4369,.T.);
#2082=ORIENTED_EDGE('',*,*,#4370,.T.);
#2083=ORIENTED_EDGE('',*,*,#4371,.F.);
#2084=ORIENTED_EDGE('',*,*,#4371,.T.);
#2085=ORIENTED_EDGE('',*,*,#4369,.F.);
#2086=ORIENTED_EDGE('',*,*,#4370,.F.);
#2087=ORIENTED_EDGE('',*,*,#4372,.T.);
#2088=ORIENTED_EDGE('',*,*,#4373,.T.);
#2089=ORIENTED_EDGE('',*,*,#4374,.T.);
#2090=ORIENTED_EDGE('',*,*,#4375,.F.);
#2091=ORIENTED_EDGE('',*,*,#4375,.T.);
#2092=ORIENTED_EDGE('',*,*,#4373,.F.);
#2093=ORIENTED_EDGE('',*,*,#4374,.F.);
#2094=ORIENTED_EDGE('',*,*,#4376,.T.);
#2095=ORIENTED_EDGE('',*,*,#4377,.T.);
#2096=ORIENTED_EDGE('',*,*,#4378,.T.);
#2097=ORIENTED_EDGE('',*,*,#4379,.F.);
#2098=ORIENTED_EDGE('',*,*,#4379,.T.);
#2099=ORIENTED_EDGE('',*,*,#4377,.F.);
#2100=ORIENTED_EDGE('',*,*,#4378,.F.);
#2101=ORIENTED_EDGE('',*,*,#4380,.T.);
#2102=ORIENTED_EDGE('',*,*,#4381,.F.);
#2103=ORIENTED_EDGE('',*,*,#4382,.F.);
#2104=ORIENTED_EDGE('',*,*,#4383,.T.);
#2105=ORIENTED_EDGE('',*,*,#4381,.T.);
#2106=ORIENTED_EDGE('',*,*,#4383,.F.);
#2107=ORIENTED_EDGE('',*,*,#4382,.T.);
#2108=ORIENTED_EDGE('',*,*,#4384,.T.);
#2109=ORIENTED_EDGE('',*,*,#4385,.F.);
#2110=ORIENTED_EDGE('',*,*,#4386,.F.);
#2111=ORIENTED_EDGE('',*,*,#4387,.T.);
#2112=ORIENTED_EDGE('',*,*,#4385,.T.);
#2113=ORIENTED_EDGE('',*,*,#4387,.F.);
#2114=ORIENTED_EDGE('',*,*,#4386,.T.);
#2115=ORIENTED_EDGE('',*,*,#4388,.T.);
#2116=ORIENTED_EDGE('',*,*,#4389,.F.);
#2117=ORIENTED_EDGE('',*,*,#4390,.F.);
#2118=ORIENTED_EDGE('',*,*,#4391,.T.);
#2119=ORIENTED_EDGE('',*,*,#4389,.T.);
#2120=ORIENTED_EDGE('',*,*,#4391,.F.);
#2121=ORIENTED_EDGE('',*,*,#4390,.T.);
#2122=ORIENTED_EDGE('',*,*,#4392,.T.);
#2123=ORIENTED_EDGE('',*,*,#4393,.F.);
#2124=ORIENTED_EDGE('',*,*,#4394,.F.);
#2125=ORIENTED_EDGE('',*,*,#4395,.T.);
#2126=ORIENTED_EDGE('',*,*,#4393,.T.);
#2127=ORIENTED_EDGE('',*,*,#4395,.F.);
#2128=ORIENTED_EDGE('',*,*,#4394,.T.);
#2129=ORIENTED_EDGE('',*,*,#4396,.T.);
#2130=ORIENTED_EDGE('',*,*,#4397,.T.);
#2131=ORIENTED_EDGE('',*,*,#4398,.T.);
#2132=ORIENTED_EDGE('',*,*,#4399,.F.);
#2133=ORIENTED_EDGE('',*,*,#4399,.T.);
#2134=ORIENTED_EDGE('',*,*,#4397,.F.);
#2135=ORIENTED_EDGE('',*,*,#4398,.F.);
#2136=ORIENTED_EDGE('',*,*,#4400,.T.);
#2137=ORIENTED_EDGE('',*,*,#4401,.T.);
#2138=ORIENTED_EDGE('',*,*,#4402,.T.);
#2139=ORIENTED_EDGE('',*,*,#4403,.F.);
#2140=ORIENTED_EDGE('',*,*,#4403,.T.);
#2141=ORIENTED_EDGE('',*,*,#4401,.F.);
#2142=ORIENTED_EDGE('',*,*,#4402,.F.);
#2143=ORIENTED_EDGE('',*,*,#4404,.T.);
#2144=ORIENTED_EDGE('',*,*,#4405,.T.);
#2145=ORIENTED_EDGE('',*,*,#4406,.T.);
#2146=ORIENTED_EDGE('',*,*,#4407,.F.);
#2147=ORIENTED_EDGE('',*,*,#4407,.T.);
#2148=ORIENTED_EDGE('',*,*,#4405,.F.);
#2149=ORIENTED_EDGE('',*,*,#4406,.F.);
#2150=ORIENTED_EDGE('',*,*,#4408,.T.);
#2151=ORIENTED_EDGE('',*,*,#4409,.T.);
#2152=ORIENTED_EDGE('',*,*,#4410,.T.);
#2153=ORIENTED_EDGE('',*,*,#4411,.F.);
#2154=ORIENTED_EDGE('',*,*,#4411,.T.);
#2155=ORIENTED_EDGE('',*,*,#4409,.F.);
#2156=ORIENTED_EDGE('',*,*,#4410,.F.);
#2157=ORIENTED_EDGE('',*,*,#4412,.T.);
#2158=ORIENTED_EDGE('',*,*,#4413,.T.);
#2159=ORIENTED_EDGE('',*,*,#4414,.T.);
#2160=ORIENTED_EDGE('',*,*,#4415,.F.);
#2161=ORIENTED_EDGE('',*,*,#4415,.T.);
#2162=ORIENTED_EDGE('',*,*,#4413,.F.);
#2163=ORIENTED_EDGE('',*,*,#4414,.F.);
#2164=ORIENTED_EDGE('',*,*,#4416,.T.);
#2165=ORIENTED_EDGE('',*,*,#4417,.T.);
#2166=ORIENTED_EDGE('',*,*,#4418,.T.);
#2167=ORIENTED_EDGE('',*,*,#4419,.F.);
#2168=ORIENTED_EDGE('',*,*,#4419,.T.);
#2169=ORIENTED_EDGE('',*,*,#4417,.F.);
#2170=ORIENTED_EDGE('',*,*,#4418,.F.);
#2171=ORIENTED_EDGE('',*,*,#4420,.T.);
#2172=ORIENTED_EDGE('',*,*,#4421,.T.);
#2173=ORIENTED_EDGE('',*,*,#4422,.T.);
#2174=ORIENTED_EDGE('',*,*,#4423,.F.);
#2175=ORIENTED_EDGE('',*,*,#4423,.T.);
#2176=ORIENTED_EDGE('',*,*,#4421,.F.);
#2177=ORIENTED_EDGE('',*,*,#4422,.F.);
#2178=ORIENTED_EDGE('',*,*,#4424,.T.);
#2179=ORIENTED_EDGE('',*,*,#4425,.T.);
#2180=ORIENTED_EDGE('',*,*,#4426,.T.);
#2181=ORIENTED_EDGE('',*,*,#4427,.F.);
#2182=ORIENTED_EDGE('',*,*,#4427,.T.);
#2183=ORIENTED_EDGE('',*,*,#4425,.F.);
#2184=ORIENTED_EDGE('',*,*,#4426,.F.);
#2185=ORIENTED_EDGE('',*,*,#4428,.T.);
#2186=ORIENTED_EDGE('',*,*,#4429,.F.);
#2187=ORIENTED_EDGE('',*,*,#4430,.T.);
#2188=ORIENTED_EDGE('',*,*,#4431,.T.);
#2189=ORIENTED_EDGE('',*,*,#4432,.F.);
#2190=ORIENTED_EDGE('',*,*,#4432,.T.);
#2191=ORIENTED_EDGE('',*,*,#4428,.F.);
#2192=ORIENTED_EDGE('',*,*,#4431,.F.);
#2193=ORIENTED_EDGE('',*,*,#4433,.T.);
#2194=ORIENTED_EDGE('',*,*,#4164,.F.);
#2195=ORIENTED_EDGE('',*,*,#4434,.T.);
#2196=ORIENTED_EDGE('',*,*,#4435,.F.);
#2197=ORIENTED_EDGE('',*,*,#4436,.T.);
#2198=ORIENTED_EDGE('',*,*,#4429,.T.);
#2199=ORIENTED_EDGE('',*,*,#4435,.T.);
#2200=ORIENTED_EDGE('',*,*,#4437,.T.);
#2201=ORIENTED_EDGE('',*,*,#4438,.T.);
#2202=ORIENTED_EDGE('',*,*,#4439,.T.);
#2203=ORIENTED_EDGE('',*,*,#4440,.F.);
#2204=ORIENTED_EDGE('',*,*,#4440,.T.);
#2205=ORIENTED_EDGE('',*,*,#4438,.F.);
#2206=ORIENTED_EDGE('',*,*,#4439,.F.);
#2207=ORIENTED_EDGE('',*,*,#4441,.F.);
#2208=ORIENTED_EDGE('',*,*,#4141,.T.);
#2209=ORIENTED_EDGE('',*,*,#4442,.T.);
#2210=ORIENTED_EDGE('',*,*,#4443,.F.);
#2211=ORIENTED_EDGE('',*,*,#4135,.F.);
#2212=ORIENTED_EDGE('',*,*,#4444,.T.);
#2213=ORIENTED_EDGE('',*,*,#4445,.T.);
#2214=ORIENTED_EDGE('',*,*,#4446,.F.);
#2215=ORIENTED_EDGE('',*,*,#4137,.F.);
#2216=ORIENTED_EDGE('',*,*,#4447,.T.);
#2217=ORIENTED_EDGE('',*,*,#4448,.T.);
#2218=ORIENTED_EDGE('',*,*,#4449,.F.);
#2219=ORIENTED_EDGE('',*,*,#4450,.F.);
#2220=ORIENTED_EDGE('',*,*,#4139,.T.);
#2221=ORIENTED_EDGE('',*,*,#4451,.T.);
#2222=ORIENTED_EDGE('',*,*,#4452,.F.);
#2223=ORIENTED_EDGE('',*,*,#4453,.F.);
#2224=ORIENTED_EDGE('',*,*,#4444,.F.);
#2225=ORIENTED_EDGE('',*,*,#4134,.T.);
#2226=ORIENTED_EDGE('',*,*,#4441,.T.);
#2227=ORIENTED_EDGE('',*,*,#4454,.T.);
#2228=ORIENTED_EDGE('',*,*,#4455,.F.);
#2229=ORIENTED_EDGE('',*,*,#4447,.F.);
#2230=ORIENTED_EDGE('',*,*,#4136,.T.);
#2231=ORIENTED_EDGE('',*,*,#4446,.T.);
#2232=ORIENTED_EDGE('',*,*,#4456,.T.);
#2233=ORIENTED_EDGE('',*,*,#4457,.F.);
#2234=ORIENTED_EDGE('',*,*,#4451,.F.);
#2235=ORIENTED_EDGE('',*,*,#4138,.T.);
#2236=ORIENTED_EDGE('',*,*,#4449,.T.);
#2237=ORIENTED_EDGE('',*,*,#4458,.T.);
#2238=ORIENTED_EDGE('',*,*,#4459,.F.);
#2239=ORIENTED_EDGE('',*,*,#4442,.F.);
#2240=ORIENTED_EDGE('',*,*,#4140,.T.);
#2241=ORIENTED_EDGE('',*,*,#4450,.T.);
#2242=ORIENTED_EDGE('',*,*,#4460,.T.);
#2243=ORIENTED_EDGE('',*,*,#4461,.T.);
#2244=ORIENTED_EDGE('',*,*,#4462,.T.);
#2245=ORIENTED_EDGE('',*,*,#4463,.T.);
#2246=ORIENTED_EDGE('',*,*,#4464,.T.);
#2247=ORIENTED_EDGE('',*,*,#4453,.T.);
#2248=ORIENTED_EDGE('',*,*,#4463,.F.);
#2249=ORIENTED_EDGE('',*,*,#4465,.T.);
#2250=ORIENTED_EDGE('',*,*,#4466,.T.);
#2251=ORIENTED_EDGE('',*,*,#4455,.T.);
#2252=ORIENTED_EDGE('',*,*,#4465,.F.);
#2253=ORIENTED_EDGE('',*,*,#4467,.T.);
#2254=ORIENTED_EDGE('',*,*,#4468,.T.);
#2255=ORIENTED_EDGE('',*,*,#4457,.T.);
#2256=ORIENTED_EDGE('',*,*,#4467,.F.);
#2257=ORIENTED_EDGE('',*,*,#4469,.T.);
#2258=ORIENTED_EDGE('',*,*,#4470,.T.);
#2259=ORIENTED_EDGE('',*,*,#4459,.T.);
#2260=ORIENTED_EDGE('',*,*,#4469,.F.);
#2261=ORIENTED_EDGE('',*,*,#4461,.F.);
#2262=ORIENTED_EDGE('',*,*,#4471,.T.);
#2263=ORIENTED_EDGE('',*,*,#4454,.F.);
#2264=ORIENTED_EDGE('',*,*,#4443,.T.);
#2265=ORIENTED_EDGE('',*,*,#4460,.F.);
#2266=ORIENTED_EDGE('',*,*,#4452,.T.);
#2267=ORIENTED_EDGE('',*,*,#4458,.F.);
#2268=ORIENTED_EDGE('',*,*,#4448,.F.);
#2269=ORIENTED_EDGE('',*,*,#4456,.F.);
#2270=ORIENTED_EDGE('',*,*,#4445,.F.);
#2271=ORIENTED_EDGE('',*,*,#4471,.F.);
#2272=ORIENTED_EDGE('',*,*,#4472,.T.);
#2273=ORIENTED_EDGE('',*,*,#4462,.F.);
#2274=ORIENTED_EDGE('',*,*,#4468,.F.);
#2275=ORIENTED_EDGE('',*,*,#4470,.F.);
#2276=ORIENTED_EDGE('',*,*,#4466,.F.);
#2277=ORIENTED_EDGE('',*,*,#4464,.F.);
#2278=ORIENTED_EDGE('',*,*,#4473,.F.);
#2279=ORIENTED_EDGE('',*,*,#4472,.F.);
#2280=ORIENTED_EDGE('',*,*,#4294,.F.);
#2281=ORIENTED_EDGE('',*,*,#4474,.T.);
#2282=ORIENTED_EDGE('',*,*,#4475,.T.);
#2283=ORIENTED_EDGE('',*,*,#4476,.F.);
#2284=ORIENTED_EDGE('',*,*,#4296,.F.);
#2285=ORIENTED_EDGE('',*,*,#4477,.T.);
#2286=ORIENTED_EDGE('',*,*,#4478,.T.);
#2287=ORIENTED_EDGE('',*,*,#4479,.F.);
#2288=ORIENTED_EDGE('',*,*,#4480,.F.);
#2289=ORIENTED_EDGE('',*,*,#4290,.T.);
#2290=ORIENTED_EDGE('',*,*,#4481,.T.);
#2291=ORIENTED_EDGE('',*,*,#4482,.F.);
#2292=ORIENTED_EDGE('',*,*,#4483,.F.);
#2293=ORIENTED_EDGE('',*,*,#4292,.T.);
#2294=ORIENTED_EDGE('',*,*,#4484,.T.);
#2295=ORIENTED_EDGE('',*,*,#4485,.F.);
#2296=ORIENTED_EDGE('',*,*,#4486,.T.);
#2297=ORIENTED_EDGE('',*,*,#4291,.F.);
#2298=ORIENTED_EDGE('',*,*,#4480,.T.);
#2299=ORIENTED_EDGE('',*,*,#4487,.F.);
#2300=ORIENTED_EDGE('',*,*,#4484,.F.);
#2301=ORIENTED_EDGE('',*,*,#4488,.T.);
#2302=ORIENTED_EDGE('',*,*,#4293,.F.);
#2303=ORIENTED_EDGE('',*,*,#4483,.T.);
#2304=ORIENTED_EDGE('',*,*,#4489,.F.);
#2305=ORIENTED_EDGE('',*,*,#4474,.F.);
#2306=ORIENTED_EDGE('',*,*,#4490,.T.);
#2307=ORIENTED_EDGE('',*,*,#4295,.F.);
#2308=ORIENTED_EDGE('',*,*,#4476,.T.);
#2309=ORIENTED_EDGE('',*,*,#4491,.F.);
#2310=ORIENTED_EDGE('',*,*,#4477,.F.);
#2311=ORIENTED_EDGE('',*,*,#4492,.T.);
#2312=ORIENTED_EDGE('',*,*,#4297,.F.);
#2313=ORIENTED_EDGE('',*,*,#4479,.T.);
#2314=ORIENTED_EDGE('',*,*,#4493,.F.);
#2315=ORIENTED_EDGE('',*,*,#4481,.F.);
#2316=ORIENTED_EDGE('',*,*,#4494,.F.);
#2317=ORIENTED_EDGE('',*,*,#4495,.T.);
#2318=ORIENTED_EDGE('',*,*,#4496,.F.);
#2319=ORIENTED_EDGE('',*,*,#4497,.T.);
#2320=ORIENTED_EDGE('',*,*,#4486,.F.);
#2321=ORIENTED_EDGE('',*,*,#4496,.T.);
#2322=ORIENTED_EDGE('',*,*,#4498,.T.);
#2323=ORIENTED_EDGE('',*,*,#4485,.T.);
#2324=ORIENTED_EDGE('',*,*,#4487,.T.);
#2325=ORIENTED_EDGE('',*,*,#4482,.T.);
#2326=ORIENTED_EDGE('',*,*,#4493,.T.);
#2327=ORIENTED_EDGE('',*,*,#4478,.F.);
#2328=ORIENTED_EDGE('',*,*,#4491,.T.);
#2329=ORIENTED_EDGE('',*,*,#4475,.F.);
#2330=ORIENTED_EDGE('',*,*,#4489,.T.);
#2331=ORIENTED_EDGE('',*,*,#4499,.F.);
#2332=ORIENTED_EDGE('',*,*,#4500,.T.);
#2333=ORIENTED_EDGE('',*,*,#4488,.F.);
#2334=ORIENTED_EDGE('',*,*,#4499,.T.);
#2335=ORIENTED_EDGE('',*,*,#4501,.F.);
#2336=ORIENTED_EDGE('',*,*,#4502,.T.);
#2337=ORIENTED_EDGE('',*,*,#4490,.F.);
#2338=ORIENTED_EDGE('',*,*,#4501,.T.);
#2339=ORIENTED_EDGE('',*,*,#4503,.F.);
#2340=ORIENTED_EDGE('',*,*,#4504,.T.);
#2341=ORIENTED_EDGE('',*,*,#4492,.F.);
#2342=ORIENTED_EDGE('',*,*,#4503,.T.);
#2343=ORIENTED_EDGE('',*,*,#4494,.T.);
#2344=ORIENTED_EDGE('',*,*,#4498,.F.);
#2345=ORIENTED_EDGE('',*,*,#4505,.T.);
#2346=ORIENTED_EDGE('',*,*,#4495,.F.);
#2347=ORIENTED_EDGE('',*,*,#4504,.F.);
#2348=ORIENTED_EDGE('',*,*,#4497,.F.);
#2349=ORIENTED_EDGE('',*,*,#4500,.F.);
#2350=ORIENTED_EDGE('',*,*,#4502,.F.);
#2351=ORIENTED_EDGE('',*,*,#4506,.F.);
#2352=ORIENTED_EDGE('',*,*,#4505,.F.);
#2353=ORIENTED_EDGE('',*,*,#4507,.T.);
#2354=ORIENTED_EDGE('',*,*,#4508,.T.);
#2355=ORIENTED_EDGE('',*,*,#4509,.F.);
#2356=ORIENTED_EDGE('',*,*,#4286,.F.);
#2357=ORIENTED_EDGE('',*,*,#4510,.T.);
#2358=ORIENTED_EDGE('',*,*,#4511,.T.);
#2359=ORIENTED_EDGE('',*,*,#4507,.F.);
#2360=ORIENTED_EDGE('',*,*,#4289,.T.);
#2361=ORIENTED_EDGE('',*,*,#4512,.T.);
#2362=ORIENTED_EDGE('',*,*,#4513,.T.);
#2363=ORIENTED_EDGE('',*,*,#4510,.F.);
#2364=ORIENTED_EDGE('',*,*,#4288,.T.);
#2365=ORIENTED_EDGE('',*,*,#4514,.T.);
#2366=ORIENTED_EDGE('',*,*,#4515,.T.);
#2367=ORIENTED_EDGE('',*,*,#4516,.F.);
#2368=ORIENTED_EDGE('',*,*,#4282,.F.);
#2369=ORIENTED_EDGE('',*,*,#4517,.T.);
#2370=ORIENTED_EDGE('',*,*,#4518,.T.);
#2371=ORIENTED_EDGE('',*,*,#4514,.F.);
#2372=ORIENTED_EDGE('',*,*,#4285,.T.);
#2373=ORIENTED_EDGE('',*,*,#4519,.T.);
#2374=ORIENTED_EDGE('',*,*,#4520,.T.);
#2375=ORIENTED_EDGE('',*,*,#4517,.F.);
#2376=ORIENTED_EDGE('',*,*,#4284,.T.);
#2377=ORIENTED_EDGE('',*,*,#4521,.T.);
#2378=ORIENTED_EDGE('',*,*,#4522,.T.);
#2379=ORIENTED_EDGE('',*,*,#4523,.F.);
#2380=ORIENTED_EDGE('',*,*,#4278,.T.);
#2381=ORIENTED_EDGE('',*,*,#4524,.T.);
#2382=ORIENTED_EDGE('',*,*,#4525,.T.);
#2383=ORIENTED_EDGE('',*,*,#4521,.F.);
#2384=ORIENTED_EDGE('',*,*,#4281,.T.);
#2385=ORIENTED_EDGE('',*,*,#4526,.T.);
#2386=ORIENTED_EDGE('',*,*,#4527,.T.);
#2387=ORIENTED_EDGE('',*,*,#4524,.F.);
#2388=ORIENTED_EDGE('',*,*,#4280,.F.);
#2389=ORIENTED_EDGE('',*,*,#4528,.T.);
#2390=ORIENTED_EDGE('',*,*,#4529,.T.);
#2391=ORIENTED_EDGE('',*,*,#4530,.F.);
#2392=ORIENTED_EDGE('',*,*,#4274,.T.);
#2393=ORIENTED_EDGE('',*,*,#4531,.T.);
#2394=ORIENTED_EDGE('',*,*,#4532,.T.);
#2395=ORIENTED_EDGE('',*,*,#4528,.F.);
#2396=ORIENTED_EDGE('',*,*,#4277,.T.);
#2397=ORIENTED_EDGE('',*,*,#4533,.T.);
#2398=ORIENTED_EDGE('',*,*,#4534,.T.);
#2399=ORIENTED_EDGE('',*,*,#4531,.F.);
#2400=ORIENTED_EDGE('',*,*,#4276,.F.);
#2401=ORIENTED_EDGE('',*,*,#4535,.T.);
#2402=ORIENTED_EDGE('',*,*,#4536,.T.);
#2403=ORIENTED_EDGE('',*,*,#4537,.F.);
#2404=ORIENTED_EDGE('',*,*,#4270,.T.);
#2405=ORIENTED_EDGE('',*,*,#4538,.T.);
#2406=ORIENTED_EDGE('',*,*,#4539,.T.);
#2407=ORIENTED_EDGE('',*,*,#4535,.F.);
#2408=ORIENTED_EDGE('',*,*,#4273,.T.);
#2409=ORIENTED_EDGE('',*,*,#4540,.T.);
#2410=ORIENTED_EDGE('',*,*,#4541,.T.);
#2411=ORIENTED_EDGE('',*,*,#4538,.F.);
#2412=ORIENTED_EDGE('',*,*,#4272,.F.);
#2413=ORIENTED_EDGE('',*,*,#4542,.T.);
#2414=ORIENTED_EDGE('',*,*,#4543,.T.);
#2415=ORIENTED_EDGE('',*,*,#4544,.F.);
#2416=ORIENTED_EDGE('',*,*,#4266,.T.);
#2417=ORIENTED_EDGE('',*,*,#4545,.T.);
#2418=ORIENTED_EDGE('',*,*,#4546,.T.);
#2419=ORIENTED_EDGE('',*,*,#4542,.F.);
#2420=ORIENTED_EDGE('',*,*,#4269,.T.);
#2421=ORIENTED_EDGE('',*,*,#4547,.T.);
#2422=ORIENTED_EDGE('',*,*,#4548,.T.);
#2423=ORIENTED_EDGE('',*,*,#4545,.F.);
#2424=ORIENTED_EDGE('',*,*,#4268,.F.);
#2425=ORIENTED_EDGE('',*,*,#4549,.T.);
#2426=ORIENTED_EDGE('',*,*,#4550,.T.);
#2427=ORIENTED_EDGE('',*,*,#4551,.F.);
#2428=ORIENTED_EDGE('',*,*,#4262,.T.);
#2429=ORIENTED_EDGE('',*,*,#4552,.T.);
#2430=ORIENTED_EDGE('',*,*,#4553,.T.);
#2431=ORIENTED_EDGE('',*,*,#4549,.F.);
#2432=ORIENTED_EDGE('',*,*,#4265,.T.);
#2433=ORIENTED_EDGE('',*,*,#4554,.T.);
#2434=ORIENTED_EDGE('',*,*,#4555,.T.);
#2435=ORIENTED_EDGE('',*,*,#4552,.F.);
#2436=ORIENTED_EDGE('',*,*,#4264,.F.);
#2437=ORIENTED_EDGE('',*,*,#4556,.T.);
#2438=ORIENTED_EDGE('',*,*,#4557,.T.);
#2439=ORIENTED_EDGE('',*,*,#4558,.F.);
#2440=ORIENTED_EDGE('',*,*,#4258,.F.);
#2441=ORIENTED_EDGE('',*,*,#4559,.T.);
#2442=ORIENTED_EDGE('',*,*,#4560,.T.);
#2443=ORIENTED_EDGE('',*,*,#4556,.F.);
#2444=ORIENTED_EDGE('',*,*,#4261,.T.);
#2445=ORIENTED_EDGE('',*,*,#4561,.T.);
#2446=ORIENTED_EDGE('',*,*,#4562,.T.);
#2447=ORIENTED_EDGE('',*,*,#4559,.F.);
#2448=ORIENTED_EDGE('',*,*,#4260,.T.);
#2449=ORIENTED_EDGE('',*,*,#4563,.T.);
#2450=ORIENTED_EDGE('',*,*,#4564,.T.);
#2451=ORIENTED_EDGE('',*,*,#4565,.F.);
#2452=ORIENTED_EDGE('',*,*,#4254,.F.);
#2453=ORIENTED_EDGE('',*,*,#4566,.T.);
#2454=ORIENTED_EDGE('',*,*,#4567,.T.);
#2455=ORIENTED_EDGE('',*,*,#4563,.F.);
#2456=ORIENTED_EDGE('',*,*,#4257,.T.);
#2457=ORIENTED_EDGE('',*,*,#4568,.T.);
#2458=ORIENTED_EDGE('',*,*,#4569,.T.);
#2459=ORIENTED_EDGE('',*,*,#4566,.F.);
#2460=ORIENTED_EDGE('',*,*,#4256,.T.);
#2461=ORIENTED_EDGE('',*,*,#4570,.T.);
#2462=ORIENTED_EDGE('',*,*,#4571,.T.);
#2463=ORIENTED_EDGE('',*,*,#4572,.T.);
#2464=ORIENTED_EDGE('',*,*,#4573,.T.);
#2465=ORIENTED_EDGE('',*,*,#4574,.T.);
#2466=ORIENTED_EDGE('',*,*,#4575,.T.);
#2467=ORIENTED_EDGE('',*,*,#4576,.T.);
#2468=ORIENTED_EDGE('',*,*,#4577,.F.);
#2469=ORIENTED_EDGE('',*,*,#4578,.F.);
#2470=ORIENTED_EDGE('',*,*,#4579,.F.);
#2471=ORIENTED_EDGE('',*,*,#4580,.F.);
#2472=ORIENTED_EDGE('',*,*,#4581,.T.);
#2473=ORIENTED_EDGE('',*,*,#4582,.T.);
#2474=ORIENTED_EDGE('',*,*,#4583,.T.);
#2475=ORIENTED_EDGE('',*,*,#4584,.T.);
#2476=ORIENTED_EDGE('',*,*,#4585,.T.);
#2477=ORIENTED_EDGE('',*,*,#4586,.T.);
#2478=ORIENTED_EDGE('',*,*,#4587,.F.);
#2479=ORIENTED_EDGE('',*,*,#4251,.F.);
#2480=ORIENTED_EDGE('',*,*,#4588,.T.);
#2481=ORIENTED_EDGE('',*,*,#4589,.T.);
#2482=ORIENTED_EDGE('',*,*,#4590,.T.);
#2483=ORIENTED_EDGE('',*,*,#4585,.F.);
#2484=ORIENTED_EDGE('',*,*,#4591,.T.);
#2485=ORIENTED_EDGE('',*,*,#4249,.F.);
#2486=ORIENTED_EDGE('',*,*,#4592,.T.);
#2487=ORIENTED_EDGE('',*,*,#4593,.T.);
#2488=ORIENTED_EDGE('',*,*,#4589,.F.);
#2489=ORIENTED_EDGE('',*,*,#4253,.F.);
#2490=ORIENTED_EDGE('',*,*,#4594,.T.);
#2491=ORIENTED_EDGE('',*,*,#4595,.T.);
#2492=ORIENTED_EDGE('',*,*,#4596,.F.);
#2493=ORIENTED_EDGE('',*,*,#4226,.F.);
#2494=ORIENTED_EDGE('',*,*,#4597,.T.);
#2495=ORIENTED_EDGE('',*,*,#4598,.T.);
#2496=ORIENTED_EDGE('',*,*,#4594,.F.);
#2497=ORIENTED_EDGE('',*,*,#4229,.T.);
#2498=ORIENTED_EDGE('',*,*,#4599,.T.);
#2499=ORIENTED_EDGE('',*,*,#4600,.T.);
#2500=ORIENTED_EDGE('',*,*,#4597,.F.);
#2501=ORIENTED_EDGE('',*,*,#4228,.T.);
#2502=ORIENTED_EDGE('',*,*,#4601,.T.);
#2503=ORIENTED_EDGE('',*,*,#4602,.T.);
#2504=ORIENTED_EDGE('',*,*,#4603,.F.);
#2505=ORIENTED_EDGE('',*,*,#4220,.T.);
#2506=ORIENTED_EDGE('',*,*,#4604,.T.);
#2507=ORIENTED_EDGE('',*,*,#4605,.T.);
#2508=ORIENTED_EDGE('',*,*,#4601,.F.);
#2509=ORIENTED_EDGE('',*,*,#4223,.T.);
#2510=ORIENTED_EDGE('',*,*,#4606,.T.);
#2511=ORIENTED_EDGE('',*,*,#4607,.T.);
#2512=ORIENTED_EDGE('',*,*,#4604,.F.);
#2513=ORIENTED_EDGE('',*,*,#4222,.F.);
#2514=ORIENTED_EDGE('',*,*,#4608,.T.);
#2515=ORIENTED_EDGE('',*,*,#4609,.T.);
#2516=ORIENTED_EDGE('',*,*,#4610,.F.);
#2517=ORIENTED_EDGE('',*,*,#4217,.F.);
#2518=ORIENTED_EDGE('',*,*,#4611,.T.);
#2519=ORIENTED_EDGE('',*,*,#4612,.T.);
#2520=ORIENTED_EDGE('',*,*,#4613,.T.);
#2521=ORIENTED_EDGE('',*,*,#4608,.F.);
#2522=ORIENTED_EDGE('',*,*,#4614,.T.);
#2523=ORIENTED_EDGE('',*,*,#4215,.T.);
#2524=ORIENTED_EDGE('',*,*,#4615,.T.);
#2525=ORIENTED_EDGE('',*,*,#4616,.T.);
#2526=ORIENTED_EDGE('',*,*,#4612,.F.);
#2527=ORIENTED_EDGE('',*,*,#4219,.T.);
#2528=ORIENTED_EDGE('',*,*,#4617,.T.);
#2529=ORIENTED_EDGE('',*,*,#4618,.T.);
#2530=ORIENTED_EDGE('',*,*,#4619,.F.);
#2531=ORIENTED_EDGE('',*,*,#4211,.T.);
#2532=ORIENTED_EDGE('',*,*,#4620,.T.);
#2533=ORIENTED_EDGE('',*,*,#4621,.T.);
#2534=ORIENTED_EDGE('',*,*,#4617,.F.);
#2535=ORIENTED_EDGE('',*,*,#4214,.T.);
#2536=ORIENTED_EDGE('',*,*,#4622,.T.);
#2537=ORIENTED_EDGE('',*,*,#4623,.T.);
#2538=ORIENTED_EDGE('',*,*,#4620,.F.);
#2539=ORIENTED_EDGE('',*,*,#4213,.F.);
#2540=ORIENTED_EDGE('',*,*,#4624,.T.);
#2541=ORIENTED_EDGE('',*,*,#4625,.T.);
#2542=ORIENTED_EDGE('',*,*,#4626,.F.);
#2543=ORIENTED_EDGE('',*,*,#4207,.F.);
#2544=ORIENTED_EDGE('',*,*,#4627,.T.);
#2545=ORIENTED_EDGE('',*,*,#4628,.T.);
#2546=ORIENTED_EDGE('',*,*,#4624,.F.);
#2547=ORIENTED_EDGE('',*,*,#4210,.F.);
#2548=ORIENTED_EDGE('',*,*,#4629,.T.);
#2549=ORIENTED_EDGE('',*,*,#4630,.T.);
#2550=ORIENTED_EDGE('',*,*,#4627,.F.);
#2551=ORIENTED_EDGE('',*,*,#4209,.T.);
#2552=ORIENTED_EDGE('',*,*,#4631,.T.);
#2553=ORIENTED_EDGE('',*,*,#4632,.T.);
#2554=ORIENTED_EDGE('',*,*,#4633,.F.);
#2555=ORIENTED_EDGE('',*,*,#4203,.F.);
#2556=ORIENTED_EDGE('',*,*,#4634,.T.);
#2557=ORIENTED_EDGE('',*,*,#4635,.T.);
#2558=ORIENTED_EDGE('',*,*,#4631,.F.);
#2559=ORIENTED_EDGE('',*,*,#4206,.F.);
#2560=ORIENTED_EDGE('',*,*,#4636,.T.);
#2561=ORIENTED_EDGE('',*,*,#4637,.T.);
#2562=ORIENTED_EDGE('',*,*,#4634,.F.);
#2563=ORIENTED_EDGE('',*,*,#4205,.T.);
#2564=ORIENTED_EDGE('',*,*,#4638,.T.);
#2565=ORIENTED_EDGE('',*,*,#4639,.T.);
#2566=ORIENTED_EDGE('',*,*,#4640,.F.);
#2567=ORIENTED_EDGE('',*,*,#4199,.F.);
#2568=ORIENTED_EDGE('',*,*,#4641,.T.);
#2569=ORIENTED_EDGE('',*,*,#4642,.T.);
#2570=ORIENTED_EDGE('',*,*,#4638,.F.);
#2571=ORIENTED_EDGE('',*,*,#4202,.F.);
#2572=ORIENTED_EDGE('',*,*,#4643,.T.);
#2573=ORIENTED_EDGE('',*,*,#4644,.T.);
#2574=ORIENTED_EDGE('',*,*,#4641,.F.);
#2575=ORIENTED_EDGE('',*,*,#4201,.T.);
#2576=ORIENTED_EDGE('',*,*,#4645,.T.);
#2577=ORIENTED_EDGE('',*,*,#4646,.T.);
#2578=ORIENTED_EDGE('',*,*,#4647,.F.);
#2579=ORIENTED_EDGE('',*,*,#4195,.F.);
#2580=ORIENTED_EDGE('',*,*,#4648,.T.);
#2581=ORIENTED_EDGE('',*,*,#4649,.T.);
#2582=ORIENTED_EDGE('',*,*,#4645,.F.);
#2583=ORIENTED_EDGE('',*,*,#4198,.T.);
#2584=ORIENTED_EDGE('',*,*,#4650,.T.);
#2585=ORIENTED_EDGE('',*,*,#4651,.T.);
#2586=ORIENTED_EDGE('',*,*,#4648,.F.);
#2587=ORIENTED_EDGE('',*,*,#4197,.T.);
#2588=ORIENTED_EDGE('',*,*,#4652,.T.);
#2589=ORIENTED_EDGE('',*,*,#4653,.T.);
#2590=ORIENTED_EDGE('',*,*,#4654,.F.);
#2591=ORIENTED_EDGE('',*,*,#4191,.F.);
#2592=ORIENTED_EDGE('',*,*,#4655,.T.);
#2593=ORIENTED_EDGE('',*,*,#4656,.T.);
#2594=ORIENTED_EDGE('',*,*,#4652,.F.);
#2595=ORIENTED_EDGE('',*,*,#4194,.T.);
#2596=ORIENTED_EDGE('',*,*,#4657,.T.);
#2597=ORIENTED_EDGE('',*,*,#4658,.T.);
#2598=ORIENTED_EDGE('',*,*,#4655,.F.);
#2599=ORIENTED_EDGE('',*,*,#4193,.T.);
#2600=ORIENTED_EDGE('',*,*,#4659,.T.);
#2601=ORIENTED_EDGE('',*,*,#4660,.T.);
#2602=ORIENTED_EDGE('',*,*,#4661,.F.);
#2603=ORIENTED_EDGE('',*,*,#4187,.F.);
#2604=ORIENTED_EDGE('',*,*,#4662,.T.);
#2605=ORIENTED_EDGE('',*,*,#4663,.T.);
#2606=ORIENTED_EDGE('',*,*,#4659,.F.);
#2607=ORIENTED_EDGE('',*,*,#4190,.T.);
#2608=ORIENTED_EDGE('',*,*,#4664,.T.);
#2609=ORIENTED_EDGE('',*,*,#4665,.T.);
#2610=ORIENTED_EDGE('',*,*,#4662,.F.);
#2611=ORIENTED_EDGE('',*,*,#4189,.T.);
#2612=ORIENTED_EDGE('',*,*,#4666,.T.);
#2613=ORIENTED_EDGE('',*,*,#4667,.T.);
#2614=ORIENTED_EDGE('',*,*,#4668,.F.);
#2615=ORIENTED_EDGE('',*,*,#4183,.F.);
#2616=ORIENTED_EDGE('',*,*,#4669,.T.);
#2617=ORIENTED_EDGE('',*,*,#4670,.T.);
#2618=ORIENTED_EDGE('',*,*,#4666,.F.);
#2619=ORIENTED_EDGE('',*,*,#4186,.T.);
#2620=ORIENTED_EDGE('',*,*,#4671,.T.);
#2621=ORIENTED_EDGE('',*,*,#4672,.T.);
#2622=ORIENTED_EDGE('',*,*,#4669,.F.);
#2623=ORIENTED_EDGE('',*,*,#4185,.T.);
#2624=ORIENTED_EDGE('',*,*,#4673,.T.);
#2625=ORIENTED_EDGE('',*,*,#4674,.T.);
#2626=ORIENTED_EDGE('',*,*,#4675,.F.);
#2627=ORIENTED_EDGE('',*,*,#4179,.F.);
#2628=ORIENTED_EDGE('',*,*,#4676,.T.);
#2629=ORIENTED_EDGE('',*,*,#4677,.T.);
#2630=ORIENTED_EDGE('',*,*,#4673,.F.);
#2631=ORIENTED_EDGE('',*,*,#4182,.T.);
#2632=ORIENTED_EDGE('',*,*,#4678,.T.);
#2633=ORIENTED_EDGE('',*,*,#4679,.T.);
#2634=ORIENTED_EDGE('',*,*,#4676,.F.);
#2635=ORIENTED_EDGE('',*,*,#4181,.T.);
#2636=ORIENTED_EDGE('',*,*,#4680,.T.);
#2637=ORIENTED_EDGE('',*,*,#4681,.T.);
#2638=ORIENTED_EDGE('',*,*,#4682,.F.);
#2639=ORIENTED_EDGE('',*,*,#4175,.F.);
#2640=ORIENTED_EDGE('',*,*,#4683,.T.);
#2641=ORIENTED_EDGE('',*,*,#4684,.T.);
#2642=ORIENTED_EDGE('',*,*,#4680,.F.);
#2643=ORIENTED_EDGE('',*,*,#4178,.T.);
#2644=ORIENTED_EDGE('',*,*,#4685,.T.);
#2645=ORIENTED_EDGE('',*,*,#4686,.T.);
#2646=ORIENTED_EDGE('',*,*,#4683,.F.);
#2647=ORIENTED_EDGE('',*,*,#4177,.T.);
#2648=ORIENTED_EDGE('',*,*,#4687,.T.);
#2649=ORIENTED_EDGE('',*,*,#4688,.T.);
#2650=ORIENTED_EDGE('',*,*,#4689,.F.);
#2651=ORIENTED_EDGE('',*,*,#4170,.F.);
#2652=ORIENTED_EDGE('',*,*,#4690,.T.);
#2653=ORIENTED_EDGE('',*,*,#4691,.T.);
#2654=ORIENTED_EDGE('',*,*,#4687,.F.);
#2655=ORIENTED_EDGE('',*,*,#4173,.T.);
#2656=ORIENTED_EDGE('',*,*,#4692,.T.);
#2657=ORIENTED_EDGE('',*,*,#4693,.T.);
#2658=ORIENTED_EDGE('',*,*,#4690,.F.);
#2659=ORIENTED_EDGE('',*,*,#4172,.T.);
#2660=ORIENTED_EDGE('',*,*,#4694,.T.);
#2661=ORIENTED_EDGE('',*,*,#4695,.T.);
#2662=ORIENTED_EDGE('',*,*,#4696,.F.);
#2663=ORIENTED_EDGE('',*,*,#4166,.F.);
#2664=ORIENTED_EDGE('',*,*,#4697,.T.);
#2665=ORIENTED_EDGE('',*,*,#4698,.T.);
#2666=ORIENTED_EDGE('',*,*,#4694,.F.);
#2667=ORIENTED_EDGE('',*,*,#4169,.F.);
#2668=ORIENTED_EDGE('',*,*,#4699,.T.);
#2669=ORIENTED_EDGE('',*,*,#4700,.T.);
#2670=ORIENTED_EDGE('',*,*,#4697,.F.);
#2671=ORIENTED_EDGE('',*,*,#4168,.T.);
#2672=ORIENTED_EDGE('',*,*,#4701,.T.);
#2673=ORIENTED_EDGE('',*,*,#4702,.T.);
#2674=ORIENTED_EDGE('',*,*,#4703,.F.);
#2675=ORIENTED_EDGE('',*,*,#4157,.F.);
#2676=ORIENTED_EDGE('',*,*,#4704,.T.);
#2677=ORIENTED_EDGE('',*,*,#4705,.T.);
#2678=ORIENTED_EDGE('',*,*,#4701,.F.);
#2679=ORIENTED_EDGE('',*,*,#4160,.T.);
#2680=ORIENTED_EDGE('',*,*,#4706,.T.);
#2681=ORIENTED_EDGE('',*,*,#4707,.T.);
#2682=ORIENTED_EDGE('',*,*,#4704,.F.);
#2683=ORIENTED_EDGE('',*,*,#4159,.T.);
#2684=ORIENTED_EDGE('',*,*,#4708,.T.);
#2685=ORIENTED_EDGE('',*,*,#4709,.T.);
#2686=ORIENTED_EDGE('',*,*,#4710,.F.);
#2687=ORIENTED_EDGE('',*,*,#4153,.F.);
#2688=ORIENTED_EDGE('',*,*,#4711,.T.);
#2689=ORIENTED_EDGE('',*,*,#4712,.T.);
#2690=ORIENTED_EDGE('',*,*,#4708,.F.);
#2691=ORIENTED_EDGE('',*,*,#4156,.T.);
#2692=ORIENTED_EDGE('',*,*,#4713,.T.);
#2693=ORIENTED_EDGE('',*,*,#4714,.T.);
#2694=ORIENTED_EDGE('',*,*,#4711,.F.);
#2695=ORIENTED_EDGE('',*,*,#4155,.T.);
#2696=ORIENTED_EDGE('',*,*,#4715,.T.);
#2697=ORIENTED_EDGE('',*,*,#4716,.T.);
#2698=ORIENTED_EDGE('',*,*,#4717,.F.);
#2699=ORIENTED_EDGE('',*,*,#4148,.F.);
#2700=ORIENTED_EDGE('',*,*,#4718,.T.);
#2701=ORIENTED_EDGE('',*,*,#4719,.T.);
#2702=ORIENTED_EDGE('',*,*,#4715,.F.);
#2703=ORIENTED_EDGE('',*,*,#4151,.T.);
#2704=ORIENTED_EDGE('',*,*,#4720,.T.);
#2705=ORIENTED_EDGE('',*,*,#4721,.T.);
#2706=ORIENTED_EDGE('',*,*,#4718,.F.);
#2707=ORIENTED_EDGE('',*,*,#4150,.T.);
#2708=ORIENTED_EDGE('',*,*,#4722,.T.);
#2709=ORIENTED_EDGE('',*,*,#4723,.T.);
#2710=ORIENTED_EDGE('',*,*,#4724,.F.);
#2711=ORIENTED_EDGE('',*,*,#4142,.F.);
#2712=ORIENTED_EDGE('',*,*,#4725,.T.);
#2713=ORIENTED_EDGE('',*,*,#4726,.T.);
#2714=ORIENTED_EDGE('',*,*,#4722,.F.);
#2715=ORIENTED_EDGE('',*,*,#4145,.F.);
#2716=ORIENTED_EDGE('',*,*,#4727,.T.);
#2717=ORIENTED_EDGE('',*,*,#4728,.T.);
#2718=ORIENTED_EDGE('',*,*,#4725,.F.);
#2719=ORIENTED_EDGE('',*,*,#4144,.T.);
#2720=ORIENTED_EDGE('',*,*,#4509,.T.);
#2721=ORIENTED_EDGE('',*,*,#4729,.T.);
#2722=ORIENTED_EDGE('',*,*,#4512,.F.);
#2723=ORIENTED_EDGE('',*,*,#4287,.F.);
#2724=ORIENTED_EDGE('',*,*,#4516,.T.);
#2725=ORIENTED_EDGE('',*,*,#4730,.T.);
#2726=ORIENTED_EDGE('',*,*,#4519,.F.);
#2727=ORIENTED_EDGE('',*,*,#4283,.F.);
#2728=ORIENTED_EDGE('',*,*,#4523,.T.);
#2729=ORIENTED_EDGE('',*,*,#4731,.T.);
#2730=ORIENTED_EDGE('',*,*,#4526,.F.);
#2731=ORIENTED_EDGE('',*,*,#4279,.F.);
#2732=ORIENTED_EDGE('',*,*,#4530,.T.);
#2733=ORIENTED_EDGE('',*,*,#4732,.T.);
#2734=ORIENTED_EDGE('',*,*,#4533,.F.);
#2735=ORIENTED_EDGE('',*,*,#4275,.F.);
#2736=ORIENTED_EDGE('',*,*,#4537,.T.);
#2737=ORIENTED_EDGE('',*,*,#4733,.T.);
#2738=ORIENTED_EDGE('',*,*,#4540,.F.);
#2739=ORIENTED_EDGE('',*,*,#4271,.F.);
#2740=ORIENTED_EDGE('',*,*,#4544,.T.);
#2741=ORIENTED_EDGE('',*,*,#4734,.T.);
#2742=ORIENTED_EDGE('',*,*,#4547,.F.);
#2743=ORIENTED_EDGE('',*,*,#4267,.F.);
#2744=ORIENTED_EDGE('',*,*,#4551,.T.);
#2745=ORIENTED_EDGE('',*,*,#4735,.T.);
#2746=ORIENTED_EDGE('',*,*,#4554,.F.);
#2747=ORIENTED_EDGE('',*,*,#4263,.F.);
#2748=ORIENTED_EDGE('',*,*,#4558,.T.);
#2749=ORIENTED_EDGE('',*,*,#4736,.T.);
#2750=ORIENTED_EDGE('',*,*,#4561,.F.);
#2751=ORIENTED_EDGE('',*,*,#4259,.F.);
#2752=ORIENTED_EDGE('',*,*,#4565,.T.);
#2753=ORIENTED_EDGE('',*,*,#4737,.T.);
#2754=ORIENTED_EDGE('',*,*,#4568,.F.);
#2755=ORIENTED_EDGE('',*,*,#4255,.F.);
#2756=ORIENTED_EDGE('',*,*,#4738,.T.);
#2757=ORIENTED_EDGE('',*,*,#4739,.T.);
#2758=ORIENTED_EDGE('',*,*,#4740,.T.);
#2759=ORIENTED_EDGE('',*,*,#4741,.T.);
#2760=ORIENTED_EDGE('',*,*,#4587,.T.);
#2761=ORIENTED_EDGE('',*,*,#4742,.T.);
#2762=ORIENTED_EDGE('',*,*,#4592,.F.);
#2763=ORIENTED_EDGE('',*,*,#4252,.T.);
#2764=ORIENTED_EDGE('',*,*,#4743,.T.);
#2765=ORIENTED_EDGE('',*,*,#4248,.F.);
#2766=ORIENTED_EDGE('',*,*,#4744,.T.);
#2767=ORIENTED_EDGE('',*,*,#4247,.F.);
#2768=ORIENTED_EDGE('',*,*,#4745,.T.);
#2769=ORIENTED_EDGE('',*,*,#4246,.F.);
#2770=ORIENTED_EDGE('',*,*,#4746,.T.);
#2771=ORIENTED_EDGE('',*,*,#4245,.F.);
#2772=ORIENTED_EDGE('',*,*,#4747,.T.);
#2773=ORIENTED_EDGE('',*,*,#4244,.F.);
#2774=ORIENTED_EDGE('',*,*,#4748,.T.);
#2775=ORIENTED_EDGE('',*,*,#4243,.F.);
#2776=ORIENTED_EDGE('',*,*,#4749,.T.);
#2777=ORIENTED_EDGE('',*,*,#4242,.F.);
#2778=ORIENTED_EDGE('',*,*,#4750,.T.);
#2779=ORIENTED_EDGE('',*,*,#4241,.F.);
#2780=ORIENTED_EDGE('',*,*,#4751,.T.);
#2781=ORIENTED_EDGE('',*,*,#4240,.F.);
#2782=ORIENTED_EDGE('',*,*,#4752,.T.);
#2783=ORIENTED_EDGE('',*,*,#4239,.F.);
#2784=ORIENTED_EDGE('',*,*,#4753,.T.);
#2785=ORIENTED_EDGE('',*,*,#4238,.F.);
#2786=ORIENTED_EDGE('',*,*,#4754,.T.);
#2787=ORIENTED_EDGE('',*,*,#4237,.F.);
#2788=ORIENTED_EDGE('',*,*,#4755,.T.);
#2789=ORIENTED_EDGE('',*,*,#4236,.F.);
#2790=ORIENTED_EDGE('',*,*,#4756,.T.);
#2791=ORIENTED_EDGE('',*,*,#4235,.F.);
#2792=ORIENTED_EDGE('',*,*,#4757,.T.);
#2793=ORIENTED_EDGE('',*,*,#4234,.F.);
#2794=ORIENTED_EDGE('',*,*,#4758,.T.);
#2795=ORIENTED_EDGE('',*,*,#4233,.F.);
#2796=ORIENTED_EDGE('',*,*,#4759,.T.);
#2797=ORIENTED_EDGE('',*,*,#4232,.F.);
#2798=ORIENTED_EDGE('',*,*,#4760,.T.);
#2799=ORIENTED_EDGE('',*,*,#4231,.F.);
#2800=ORIENTED_EDGE('',*,*,#4761,.T.);
#2801=ORIENTED_EDGE('',*,*,#4230,.T.);
#2802=ORIENTED_EDGE('',*,*,#4596,.T.);
#2803=ORIENTED_EDGE('',*,*,#4762,.T.);
#2804=ORIENTED_EDGE('',*,*,#4599,.F.);
#2805=ORIENTED_EDGE('',*,*,#4227,.F.);
#2806=ORIENTED_EDGE('',*,*,#4763,.T.);
#2807=ORIENTED_EDGE('',*,*,#4225,.T.);
#2808=ORIENTED_EDGE('',*,*,#4764,.T.);
#2809=ORIENTED_EDGE('',*,*,#4224,.T.);
#2810=ORIENTED_EDGE('',*,*,#4603,.T.);
#2811=ORIENTED_EDGE('',*,*,#4765,.T.);
#2812=ORIENTED_EDGE('',*,*,#4606,.F.);
#2813=ORIENTED_EDGE('',*,*,#4221,.F.);
#2814=ORIENTED_EDGE('',*,*,#4610,.T.);
#2815=ORIENTED_EDGE('',*,*,#4766,.T.);
#2816=ORIENTED_EDGE('',*,*,#4615,.F.);
#2817=ORIENTED_EDGE('',*,*,#4218,.F.);
#2818=ORIENTED_EDGE('',*,*,#4619,.T.);
#2819=ORIENTED_EDGE('',*,*,#4767,.T.);
#2820=ORIENTED_EDGE('',*,*,#4622,.F.);
#2821=ORIENTED_EDGE('',*,*,#4212,.F.);
#2822=ORIENTED_EDGE('',*,*,#4626,.T.);
#2823=ORIENTED_EDGE('',*,*,#4768,.T.);
#2824=ORIENTED_EDGE('',*,*,#4629,.F.);
#2825=ORIENTED_EDGE('',*,*,#4208,.T.);
#2826=ORIENTED_EDGE('',*,*,#4633,.T.);
#2827=ORIENTED_EDGE('',*,*,#4769,.T.);
#2828=ORIENTED_EDGE('',*,*,#4636,.F.);
#2829=ORIENTED_EDGE('',*,*,#4204,.T.);
#2830=ORIENTED_EDGE('',*,*,#4640,.T.);
#2831=ORIENTED_EDGE('',*,*,#4770,.T.);
#2832=ORIENTED_EDGE('',*,*,#4643,.F.);
#2833=ORIENTED_EDGE('',*,*,#4200,.T.);
#2834=ORIENTED_EDGE('',*,*,#4647,.T.);
#2835=ORIENTED_EDGE('',*,*,#4771,.T.);
#2836=ORIENTED_EDGE('',*,*,#4650,.F.);
#2837=ORIENTED_EDGE('',*,*,#4196,.F.);
#2838=ORIENTED_EDGE('',*,*,#4654,.T.);
#2839=ORIENTED_EDGE('',*,*,#4772,.T.);
#2840=ORIENTED_EDGE('',*,*,#4657,.F.);
#2841=ORIENTED_EDGE('',*,*,#4192,.F.);
#2842=ORIENTED_EDGE('',*,*,#4661,.T.);
#2843=ORIENTED_EDGE('',*,*,#4773,.T.);
#2844=ORIENTED_EDGE('',*,*,#4664,.F.);
#2845=ORIENTED_EDGE('',*,*,#4188,.F.);
#2846=ORIENTED_EDGE('',*,*,#4668,.T.);
#2847=ORIENTED_EDGE('',*,*,#4774,.T.);
#2848=ORIENTED_EDGE('',*,*,#4671,.F.);
#2849=ORIENTED_EDGE('',*,*,#4184,.F.);
#2850=ORIENTED_EDGE('',*,*,#4675,.T.);
#2851=ORIENTED_EDGE('',*,*,#4775,.T.);
#2852=ORIENTED_EDGE('',*,*,#4678,.F.);
#2853=ORIENTED_EDGE('',*,*,#4180,.F.);
#2854=ORIENTED_EDGE('',*,*,#4682,.T.);
#2855=ORIENTED_EDGE('',*,*,#4776,.T.);
#2856=ORIENTED_EDGE('',*,*,#4685,.F.);
#2857=ORIENTED_EDGE('',*,*,#4176,.F.);
#2858=ORIENTED_EDGE('',*,*,#4777,.T.);
#2859=ORIENTED_EDGE('',*,*,#4174,.F.);
#2860=ORIENTED_EDGE('',*,*,#4689,.T.);
#2861=ORIENTED_EDGE('',*,*,#4778,.T.);
#2862=ORIENTED_EDGE('',*,*,#4692,.F.);
#2863=ORIENTED_EDGE('',*,*,#4171,.F.);
#2864=ORIENTED_EDGE('',*,*,#4696,.T.);
#2865=ORIENTED_EDGE('',*,*,#4779,.T.);
#2866=ORIENTED_EDGE('',*,*,#4699,.F.);
#2867=ORIENTED_EDGE('',*,*,#4167,.T.);
#2868=ORIENTED_EDGE('',*,*,#4780,.T.);
#2869=ORIENTED_EDGE('',*,*,#4163,.F.);
#2870=ORIENTED_EDGE('',*,*,#4781,.T.);
#2871=ORIENTED_EDGE('',*,*,#4162,.F.);
#2872=ORIENTED_EDGE('',*,*,#4782,.T.);
#2873=ORIENTED_EDGE('',*,*,#4161,.F.);
#2874=ORIENTED_EDGE('',*,*,#4703,.T.);
#2875=ORIENTED_EDGE('',*,*,#4783,.T.);
#2876=ORIENTED_EDGE('',*,*,#4706,.F.);
#2877=ORIENTED_EDGE('',*,*,#4158,.F.);
#2878=ORIENTED_EDGE('',*,*,#4710,.T.);
#2879=ORIENTED_EDGE('',*,*,#4784,.T.);
#2880=ORIENTED_EDGE('',*,*,#4713,.F.);
#2881=ORIENTED_EDGE('',*,*,#4154,.F.);
#2882=ORIENTED_EDGE('',*,*,#4785,.T.);
#2883=ORIENTED_EDGE('',*,*,#4152,.F.);
#2884=ORIENTED_EDGE('',*,*,#4717,.T.);
#2885=ORIENTED_EDGE('',*,*,#4786,.T.);
#2886=ORIENTED_EDGE('',*,*,#4720,.F.);
#2887=ORIENTED_EDGE('',*,*,#4149,.F.);
#2888=ORIENTED_EDGE('',*,*,#4787,.T.);
#2889=ORIENTED_EDGE('',*,*,#4147,.F.);
#2890=ORIENTED_EDGE('',*,*,#4788,.T.);
#2891=ORIENTED_EDGE('',*,*,#4146,.F.);
#2892=ORIENTED_EDGE('',*,*,#4724,.T.);
#2893=ORIENTED_EDGE('',*,*,#4789,.T.);
#2894=ORIENTED_EDGE('',*,*,#4727,.F.);
#2895=ORIENTED_EDGE('',*,*,#4143,.T.);
#2896=ORIENTED_EDGE('',*,*,#4790,.T.);
#2897=ORIENTED_EDGE('',*,*,#4791,.T.);
#2898=ORIENTED_EDGE('',*,*,#4792,.T.);
#2899=ORIENTED_EDGE('',*,*,#4793,.T.);
#2900=ORIENTED_EDGE('',*,*,#4794,.T.);
#2901=ORIENTED_EDGE('',*,*,#4795,.T.);
#2902=ORIENTED_EDGE('',*,*,#4796,.T.);
#2903=ORIENTED_EDGE('',*,*,#4797,.T.);
#2904=ORIENTED_EDGE('',*,*,#4798,.T.);
#2905=ORIENTED_EDGE('',*,*,#4799,.T.);
#2906=ORIENTED_EDGE('',*,*,#4800,.T.);
#2907=ORIENTED_EDGE('',*,*,#4801,.T.);
#2908=ORIENTED_EDGE('',*,*,#4802,.T.);
#2909=ORIENTED_EDGE('',*,*,#4803,.T.);
#2910=ORIENTED_EDGE('',*,*,#4804,.T.);
#2911=ORIENTED_EDGE('',*,*,#4805,.T.);
#2912=ORIENTED_EDGE('',*,*,#4806,.T.);
#2913=ORIENTED_EDGE('',*,*,#4807,.T.);
#2914=ORIENTED_EDGE('',*,*,#4808,.T.);
#2915=ORIENTED_EDGE('',*,*,#4809,.T.);
#2916=ORIENTED_EDGE('',*,*,#4810,.T.);
#2917=ORIENTED_EDGE('',*,*,#4811,.T.);
#2918=ORIENTED_EDGE('',*,*,#4812,.T.);
#2919=ORIENTED_EDGE('',*,*,#4813,.T.);
#2920=ORIENTED_EDGE('',*,*,#4814,.T.);
#2921=ORIENTED_EDGE('',*,*,#4815,.T.);
#2922=ORIENTED_EDGE('',*,*,#4816,.T.);
#2923=ORIENTED_EDGE('',*,*,#4817,.T.);
#2924=ORIENTED_EDGE('',*,*,#4818,.T.);
#2925=ORIENTED_EDGE('',*,*,#4819,.T.);
#2926=ORIENTED_EDGE('',*,*,#4820,.T.);
#2927=ORIENTED_EDGE('',*,*,#4821,.T.);
#2928=ORIENTED_EDGE('',*,*,#4822,.T.);
#2929=ORIENTED_EDGE('',*,*,#4823,.T.);
#2930=ORIENTED_EDGE('',*,*,#4824,.T.);
#2931=ORIENTED_EDGE('',*,*,#4825,.T.);
#2932=ORIENTED_EDGE('',*,*,#4826,.T.);
#2933=ORIENTED_EDGE('',*,*,#4827,.T.);
#2934=ORIENTED_EDGE('',*,*,#4828,.T.);
#2935=ORIENTED_EDGE('',*,*,#4829,.T.);
#2936=ORIENTED_EDGE('',*,*,#4830,.T.);
#2937=ORIENTED_EDGE('',*,*,#4831,.T.);
#2938=ORIENTED_EDGE('',*,*,#4832,.T.);
#2939=ORIENTED_EDGE('',*,*,#4833,.T.);
#2940=ORIENTED_EDGE('',*,*,#4834,.T.);
#2941=ORIENTED_EDGE('',*,*,#4835,.T.);
#2942=ORIENTED_EDGE('',*,*,#4836,.T.);
#2943=ORIENTED_EDGE('',*,*,#4837,.T.);
#2944=ORIENTED_EDGE('',*,*,#4838,.T.);
#2945=ORIENTED_EDGE('',*,*,#4839,.T.);
#2946=ORIENTED_EDGE('',*,*,#4840,.T.);
#2947=ORIENTED_EDGE('',*,*,#4841,.T.);
#2948=ORIENTED_EDGE('',*,*,#4842,.T.);
#2949=ORIENTED_EDGE('',*,*,#4843,.T.);
#2950=ORIENTED_EDGE('',*,*,#4844,.T.);
#2951=ORIENTED_EDGE('',*,*,#4845,.T.);
#2952=ORIENTED_EDGE('',*,*,#4846,.T.);
#2953=ORIENTED_EDGE('',*,*,#4847,.T.);
#2954=ORIENTED_EDGE('',*,*,#4848,.T.);
#2955=ORIENTED_EDGE('',*,*,#4849,.T.);
#2956=ORIENTED_EDGE('',*,*,#4850,.T.);
#2957=ORIENTED_EDGE('',*,*,#4851,.T.);
#2958=ORIENTED_EDGE('',*,*,#4852,.T.);
#2959=ORIENTED_EDGE('',*,*,#4853,.T.);
#2960=ORIENTED_EDGE('',*,*,#4854,.T.);
#2961=ORIENTED_EDGE('',*,*,#4855,.T.);
#2962=ORIENTED_EDGE('',*,*,#4856,.T.);
#2963=ORIENTED_EDGE('',*,*,#4857,.T.);
#2964=ORIENTED_EDGE('',*,*,#4858,.T.);
#2965=ORIENTED_EDGE('',*,*,#4859,.T.);
#2966=ORIENTED_EDGE('',*,*,#4860,.T.);
#2967=ORIENTED_EDGE('',*,*,#4861,.T.);
#2968=ORIENTED_EDGE('',*,*,#4862,.T.);
#2969=ORIENTED_EDGE('',*,*,#4863,.T.);
#2970=ORIENTED_EDGE('',*,*,#4864,.T.);
#2971=ORIENTED_EDGE('',*,*,#4865,.T.);
#2972=ORIENTED_EDGE('',*,*,#4866,.T.);
#2973=ORIENTED_EDGE('',*,*,#4867,.T.);
#2974=ORIENTED_EDGE('',*,*,#4868,.T.);
#2975=ORIENTED_EDGE('',*,*,#4869,.T.);
#2976=ORIENTED_EDGE('',*,*,#4870,.T.);
#2977=ORIENTED_EDGE('',*,*,#4871,.T.);
#2978=ORIENTED_EDGE('',*,*,#4872,.T.);
#2979=ORIENTED_EDGE('',*,*,#4873,.T.);
#2980=ORIENTED_EDGE('',*,*,#4874,.T.);
#2981=ORIENTED_EDGE('',*,*,#4875,.T.);
#2982=ORIENTED_EDGE('',*,*,#4876,.T.);
#2983=ORIENTED_EDGE('',*,*,#4877,.T.);
#2984=ORIENTED_EDGE('',*,*,#4878,.T.);
#2985=ORIENTED_EDGE('',*,*,#4879,.T.);
#2986=ORIENTED_EDGE('',*,*,#4880,.T.);
#2987=ORIENTED_EDGE('',*,*,#4881,.T.);
#2988=ORIENTED_EDGE('',*,*,#4882,.T.);
#2989=ORIENTED_EDGE('',*,*,#4883,.T.);
#2990=ORIENTED_EDGE('',*,*,#4884,.T.);
#2991=ORIENTED_EDGE('',*,*,#4885,.T.);
#2992=ORIENTED_EDGE('',*,*,#4886,.T.);
#2993=ORIENTED_EDGE('',*,*,#4887,.T.);
#2994=ORIENTED_EDGE('',*,*,#4888,.T.);
#2995=ORIENTED_EDGE('',*,*,#4889,.T.);
#2996=ORIENTED_EDGE('',*,*,#4890,.T.);
#2997=ORIENTED_EDGE('',*,*,#4891,.T.);
#2998=ORIENTED_EDGE('',*,*,#4892,.T.);
#2999=ORIENTED_EDGE('',*,*,#4893,.T.);
#3000=ORIENTED_EDGE('',*,*,#4894,.T.);
#3001=ORIENTED_EDGE('',*,*,#4895,.T.);
#3002=ORIENTED_EDGE('',*,*,#4896,.T.);
#3003=ORIENTED_EDGE('',*,*,#4897,.T.);
#3004=ORIENTED_EDGE('',*,*,#4898,.T.);
#3005=ORIENTED_EDGE('',*,*,#4899,.T.);
#3006=ORIENTED_EDGE('',*,*,#4900,.T.);
#3007=ORIENTED_EDGE('',*,*,#4901,.T.);
#3008=ORIENTED_EDGE('',*,*,#4902,.T.);
#3009=ORIENTED_EDGE('',*,*,#4903,.T.);
#3010=ORIENTED_EDGE('',*,*,#4904,.T.);
#3011=ORIENTED_EDGE('',*,*,#4905,.T.);
#3012=ORIENTED_EDGE('',*,*,#4906,.T.);
#3013=ORIENTED_EDGE('',*,*,#4907,.T.);
#3014=ORIENTED_EDGE('',*,*,#4908,.T.);
#3015=ORIENTED_EDGE('',*,*,#4909,.T.);
#3016=ORIENTED_EDGE('',*,*,#4910,.T.);
#3017=ORIENTED_EDGE('',*,*,#4911,.T.);
#3018=ORIENTED_EDGE('',*,*,#4912,.T.);
#3019=ORIENTED_EDGE('',*,*,#4913,.T.);
#3020=ORIENTED_EDGE('',*,*,#4914,.T.);
#3021=ORIENTED_EDGE('',*,*,#4915,.T.);
#3022=ORIENTED_EDGE('',*,*,#4916,.T.);
#3023=ORIENTED_EDGE('',*,*,#4917,.T.);
#3024=ORIENTED_EDGE('',*,*,#4918,.T.);
#3025=ORIENTED_EDGE('',*,*,#4919,.T.);
#3026=ORIENTED_EDGE('',*,*,#4920,.T.);
#3027=ORIENTED_EDGE('',*,*,#4921,.T.);
#3028=ORIENTED_EDGE('',*,*,#4922,.T.);
#3029=ORIENTED_EDGE('',*,*,#4923,.T.);
#3030=ORIENTED_EDGE('',*,*,#4924,.T.);
#3031=ORIENTED_EDGE('',*,*,#4925,.T.);
#3032=ORIENTED_EDGE('',*,*,#4926,.T.);
#3033=ORIENTED_EDGE('',*,*,#4927,.T.);
#3034=ORIENTED_EDGE('',*,*,#4928,.T.);
#3035=ORIENTED_EDGE('',*,*,#4929,.T.);
#3036=ORIENTED_EDGE('',*,*,#4930,.T.);
#3037=ORIENTED_EDGE('',*,*,#4931,.T.);
#3038=ORIENTED_EDGE('',*,*,#4932,.T.);
#3039=ORIENTED_EDGE('',*,*,#4933,.T.);
#3040=ORIENTED_EDGE('',*,*,#4934,.T.);
#3041=ORIENTED_EDGE('',*,*,#4935,.T.);
#3042=ORIENTED_EDGE('',*,*,#4936,.T.);
#3043=ORIENTED_EDGE('',*,*,#4937,.T.);
#3044=ORIENTED_EDGE('',*,*,#4938,.T.);
#3045=ORIENTED_EDGE('',*,*,#4939,.T.);
#3046=ORIENTED_EDGE('',*,*,#4473,.T.);
#3047=ORIENTED_EDGE('',*,*,#4506,.T.);
#3048=ORIENTED_EDGE('',*,*,#4940,.T.);
#3049=ORIENTED_EDGE('',*,*,#4062,.F.);
#3050=ORIENTED_EDGE('',*,*,#4302,.F.);
#3051=ORIENTED_EDGE('',*,*,#4320,.T.);
#3052=ORIENTED_EDGE('',*,*,#4300,.F.);
#3053=ORIENTED_EDGE('',*,*,#4321,.T.);
#3054=ORIENTED_EDGE('',*,*,#4941,.T.);
#3055=ORIENTED_EDGE('',*,*,#4060,.F.);
#3056=ORIENTED_EDGE('',*,*,#4942,.T.);
#3057=ORIENTED_EDGE('',*,*,#4298,.F.);
#3058=ORIENTED_EDGE('',*,*,#4322,.T.);
#3059=ORIENTED_EDGE('',*,*,#4943,.T.);
#3060=ORIENTED_EDGE('',*,*,#4058,.F.);
#3061=ORIENTED_EDGE('',*,*,#4944,.T.);
#3062=ORIENTED_EDGE('',*,*,#4056,.F.);
#3063=ORIENTED_EDGE('',*,*,#4945,.T.);
#3064=ORIENTED_EDGE('',*,*,#4304,.F.);
#3065=ORIENTED_EDGE('',*,*,#4319,.T.);
#3066=ORIENTED_EDGE('',*,*,#4946,.T.);
#3067=ORIENTED_EDGE('',*,*,#4055,.F.);
#3068=ORIENTED_EDGE('',*,*,#4947,.T.);
#3069=ORIENTED_EDGE('',*,*,#4054,.F.);
#3070=ORIENTED_EDGE('',*,*,#4305,.F.);
#3071=ORIENTED_EDGE('',*,*,#4948,.F.);
#3072=ORIENTED_EDGE('',*,*,#4949,.T.);
#3073=ORIENTED_EDGE('',*,*,#4950,.T.);
#3074=ORIENTED_EDGE('',*,*,#4948,.T.);
#3075=ORIENTED_EDGE('',*,*,#4950,.F.);
#3076=ORIENTED_EDGE('',*,*,#4303,.F.);
#3077=ORIENTED_EDGE('',*,*,#4951,.F.);
#3078=ORIENTED_EDGE('',*,*,#4952,.T.);
#3079=ORIENTED_EDGE('',*,*,#4953,.T.);
#3080=ORIENTED_EDGE('',*,*,#4951,.T.);
#3081=ORIENTED_EDGE('',*,*,#4953,.F.);
#3082=ORIENTED_EDGE('',*,*,#4301,.F.);
#3083=ORIENTED_EDGE('',*,*,#4954,.F.);
#3084=ORIENTED_EDGE('',*,*,#4955,.T.);
#3085=ORIENTED_EDGE('',*,*,#4956,.T.);
#3086=ORIENTED_EDGE('',*,*,#4954,.T.);
#3087=ORIENTED_EDGE('',*,*,#4956,.F.);
#3088=ORIENTED_EDGE('',*,*,#4046,.T.);
#3089=ORIENTED_EDGE('',*,*,#4957,.T.);
#3090=ORIENTED_EDGE('',*,*,#4299,.F.);
#3091=ORIENTED_EDGE('',*,*,#4958,.F.);
#3092=ORIENTED_EDGE('',*,*,#4957,.F.);
#3093=ORIENTED_EDGE('',*,*,#4958,.T.);
#3094=ORIENTED_EDGE('',*,*,#4959,.T.);
#3095=ORIENTED_EDGE('',*,*,#4036,.F.);
#3096=ORIENTED_EDGE('',*,*,#4035,.F.);
#3097=ORIENTED_EDGE('',*,*,#4580,.T.);
#3098=ORIENTED_EDGE('',*,*,#4034,.F.);
#3099=ORIENTED_EDGE('',*,*,#4579,.T.);
#3100=ORIENTED_EDGE('',*,*,#4960,.T.);
#3101=ORIENTED_EDGE('',*,*,#4033,.F.);
#3102=ORIENTED_EDGE('',*,*,#4032,.F.);
#3103=ORIENTED_EDGE('',*,*,#4578,.T.);
#3104=ORIENTED_EDGE('',*,*,#4031,.F.);
#3105=ORIENTED_EDGE('',*,*,#4577,.T.);
#3106=ORIENTED_EDGE('',*,*,#4961,.T.);
#3107=ORIENTED_EDGE('',*,*,#4026,.F.);
#3108=ORIENTED_EDGE('',*,*,#4962,.F.);
#3109=ORIENTED_EDGE('',*,*,#4066,.F.);
#3110=ORIENTED_EDGE('',*,*,#4963,.F.);
#3111=ORIENTED_EDGE('',*,*,#4314,.F.);
#3112=ORIENTED_EDGE('',*,*,#4963,.T.);
#3113=ORIENTED_EDGE('',*,*,#4065,.F.);
#3114=ORIENTED_EDGE('',*,*,#4964,.F.);
#3115=ORIENTED_EDGE('',*,*,#4311,.F.);
#3116=ORIENTED_EDGE('',*,*,#4962,.T.);
#3117=ORIENTED_EDGE('',*,*,#4313,.F.);
#3118=ORIENTED_EDGE('',*,*,#4965,.F.);
#3119=ORIENTED_EDGE('',*,*,#4063,.F.);
#3120=ORIENTED_EDGE('',*,*,#4964,.T.);
#3121=ORIENTED_EDGE('',*,*,#4064,.T.);
#3122=ORIENTED_EDGE('',*,*,#4965,.T.);
#3123=ORIENTED_EDGE('',*,*,#4312,.F.);
#3124=ORIENTED_EDGE('',*,*,#4570,.F.);
#3125=ORIENTED_EDGE('',*,*,#4961,.F.);
#3126=ORIENTED_EDGE('',*,*,#4575,.F.);
#3127=ORIENTED_EDGE('',*,*,#4960,.F.);
#3128=ORIENTED_EDGE('',*,*,#4576,.F.);
#3129=ORIENTED_EDGE('',*,*,#4959,.F.);
#3130=ORIENTED_EDGE('',*,*,#4306,.F.);
#3131=ORIENTED_EDGE('',*,*,#4940,.F.);
#3132=ORIENTED_EDGE('',*,*,#4307,.F.);
#3133=ORIENTED_EDGE('',*,*,#4947,.F.);
#3134=ORIENTED_EDGE('',*,*,#4308,.F.);
#3135=ORIENTED_EDGE('',*,*,#4946,.F.);
#3136=ORIENTED_EDGE('',*,*,#4309,.F.);
#3137=ORIENTED_EDGE('',*,*,#4941,.F.);
#3138=ORIENTED_EDGE('',*,*,#4310,.F.);
#3139=ORIENTED_EDGE('',*,*,#4943,.F.);
#3140=ORIENTED_EDGE('',*,*,#4130,.F.);
#3141=ORIENTED_EDGE('',*,*,#4966,.T.);
#3142=ORIENTED_EDGE('',*,*,#4967,.F.);
#3143=ORIENTED_EDGE('',*,*,#4968,.T.);
#3144=ORIENTED_EDGE('',*,*,#4969,.T.);
#3145=ORIENTED_EDGE('',*,*,#4967,.T.);
#3146=ORIENTED_EDGE('',*,*,#4970,.T.);
#3147=ORIENTED_EDGE('',*,*,#4971,.F.);
#3148=ORIENTED_EDGE('',*,*,#4972,.F.);
#3149=ORIENTED_EDGE('',*,*,#4971,.T.);
#3150=ORIENTED_EDGE('',*,*,#4973,.T.);
#3151=ORIENTED_EDGE('',*,*,#4126,.T.);
#3152=ORIENTED_EDGE('',*,*,#4974,.T.);
#3153=ORIENTED_EDGE('',*,*,#4975,.F.);
#3154=ORIENTED_EDGE('',*,*,#4976,.T.);
#3155=ORIENTED_EDGE('',*,*,#4977,.F.);
#3156=ORIENTED_EDGE('',*,*,#4978,.F.);
#3157=ORIENTED_EDGE('',*,*,#4977,.T.);
#3158=ORIENTED_EDGE('',*,*,#4979,.T.);
#3159=ORIENTED_EDGE('',*,*,#4980,.F.);
#3160=ORIENTED_EDGE('',*,*,#4981,.F.);
#3161=ORIENTED_EDGE('',*,*,#4980,.T.);
#3162=ORIENTED_EDGE('',*,*,#4982,.T.);
#3163=ORIENTED_EDGE('',*,*,#4983,.F.);
#3164=ORIENTED_EDGE('',*,*,#4984,.F.);
#3165=ORIENTED_EDGE('',*,*,#4983,.T.);
#3166=ORIENTED_EDGE('',*,*,#4985,.T.);
#3167=ORIENTED_EDGE('',*,*,#4986,.F.);
#3168=ORIENTED_EDGE('',*,*,#4987,.F.);
#3169=ORIENTED_EDGE('',*,*,#4986,.T.);
#3170=ORIENTED_EDGE('',*,*,#4988,.T.);
#3171=ORIENTED_EDGE('',*,*,#4989,.T.);
#3172=ORIENTED_EDGE('',*,*,#4990,.F.);
#3173=ORIENTED_EDGE('',*,*,#4991,.T.);
#3174=ORIENTED_EDGE('',*,*,#4990,.T.);
#3175=ORIENTED_EDGE('',*,*,#4992,.T.);
#3176=ORIENTED_EDGE('',*,*,#4110,.T.);
#3177=ORIENTED_EDGE('',*,*,#4993,.F.);
#3178=ORIENTED_EDGE('',*,*,#4994,.F.);
#3179=ORIENTED_EDGE('',*,*,#4133,.T.);
#3180=ORIENTED_EDGE('',*,*,#4995,.T.);
#3181=ORIENTED_EDGE('',*,*,#4996,.F.);
#3182=ORIENTED_EDGE('',*,*,#4993,.T.);
#3183=ORIENTED_EDGE('',*,*,#4122,.T.);
#3184=ORIENTED_EDGE('',*,*,#4997,.F.);
#3185=ORIENTED_EDGE('',*,*,#4998,.F.);
#3186=ORIENTED_EDGE('',*,*,#4999,.T.);
#3187=ORIENTED_EDGE('',*,*,#4121,.T.);
#3188=ORIENTED_EDGE('',*,*,#5000,.T.);
#3189=ORIENTED_EDGE('',*,*,#5001,.F.);
#3190=ORIENTED_EDGE('',*,*,#4997,.T.);
#3191=ORIENTED_EDGE('',*,*,#5002,.T.);
#3192=ORIENTED_EDGE('',*,*,#5003,.T.);
#3193=ORIENTED_EDGE('',*,*,#4123,.F.);
#3194=ORIENTED_EDGE('',*,*,#4999,.F.);
#3195=ORIENTED_EDGE('',*,*,#5004,.T.);
#3196=ORIENTED_EDGE('',*,*,#5005,.T.);
#3197=ORIENTED_EDGE('',*,*,#4118,.F.);
#3198=ORIENTED_EDGE('',*,*,#5006,.F.);
#3199=ORIENTED_EDGE('',*,*,#4117,.T.);
#3200=ORIENTED_EDGE('',*,*,#5007,.F.);
#3201=ORIENTED_EDGE('',*,*,#5008,.F.);
#3202=ORIENTED_EDGE('',*,*,#5006,.T.);
#3203=ORIENTED_EDGE('',*,*,#4116,.T.);
#3204=ORIENTED_EDGE('',*,*,#5009,.T.);
#3205=ORIENTED_EDGE('',*,*,#5010,.F.);
#3206=ORIENTED_EDGE('',*,*,#5007,.T.);
#3207=ORIENTED_EDGE('',*,*,#5011,.F.);
#3208=ORIENTED_EDGE('',*,*,#5012,.F.);
#3209=ORIENTED_EDGE('',*,*,#5013,.F.);
#3210=ORIENTED_EDGE('',*,*,#5014,.F.);
#3211=ORIENTED_EDGE('',*,*,#4975,.T.);
#3212=ORIENTED_EDGE('',*,*,#5015,.T.);
#3213=ORIENTED_EDGE('',*,*,#4027,.T.);
#3214=ORIENTED_EDGE('',*,*,#5016,.T.);
#3215=ORIENTED_EDGE('',*,*,#5002,.F.);
#3216=ORIENTED_EDGE('',*,*,#4998,.T.);
#3217=ORIENTED_EDGE('',*,*,#5001,.T.);
#3218=ORIENTED_EDGE('',*,*,#5017,.T.);
#3219=ORIENTED_EDGE('',*,*,#4039,.T.);
#3220=ORIENTED_EDGE('',*,*,#5018,.T.);
#3221=ORIENTED_EDGE('',*,*,#5004,.F.);
#3222=ORIENTED_EDGE('',*,*,#5008,.T.);
#3223=ORIENTED_EDGE('',*,*,#5010,.T.);
#3224=ORIENTED_EDGE('',*,*,#5019,.T.);
#3225=ORIENTED_EDGE('',*,*,#4044,.F.);
#3226=ORIENTED_EDGE('',*,*,#5020,.T.);
#3227=ORIENTED_EDGE('',*,*,#4991,.F.);
#3228=ORIENTED_EDGE('',*,*,#4994,.T.);
#3229=ORIENTED_EDGE('',*,*,#4996,.T.);
#3230=ORIENTED_EDGE('',*,*,#5021,.T.);
#3231=ORIENTED_EDGE('',*,*,#4067,.F.);
#3232=ORIENTED_EDGE('',*,*,#5022,.T.);
#3233=ORIENTED_EDGE('',*,*,#4968,.F.);
#3234=ORIENTED_EDGE('',*,*,#4972,.T.);
#3235=ORIENTED_EDGE('',*,*,#5023,.F.);
#3236=ORIENTED_EDGE('',*,*,#5024,.T.);
#3237=ORIENTED_EDGE('',*,*,#5025,.T.);
#3238=ORIENTED_EDGE('',*,*,#5026,.F.);
#3239=ORIENTED_EDGE('',*,*,#5027,.T.);
#3240=ORIENTED_EDGE('',*,*,#5028,.F.);
#3241=ORIENTED_EDGE('',*,*,#5029,.F.);
#3242=ORIENTED_EDGE('',*,*,#5028,.T.);
#3243=ORIENTED_EDGE('',*,*,#4080,.F.);
#3244=ORIENTED_EDGE('',*,*,#5030,.F.);
#3245=ORIENTED_EDGE('',*,*,#5023,.T.);
#3246=ORIENTED_EDGE('',*,*,#5031,.T.);
#3247=ORIENTED_EDGE('',*,*,#4079,.T.);
#3248=ORIENTED_EDGE('',*,*,#5032,.F.);
#3249=ORIENTED_EDGE('',*,*,#5024,.F.);
#3250=ORIENTED_EDGE('',*,*,#5030,.T.);
#3251=ORIENTED_EDGE('',*,*,#4082,.T.);
#3252=ORIENTED_EDGE('',*,*,#5033,.F.);
#3253=ORIENTED_EDGE('',*,*,#5025,.F.);
#3254=ORIENTED_EDGE('',*,*,#5032,.T.);
#3255=ORIENTED_EDGE('',*,*,#4081,.F.);
#3256=ORIENTED_EDGE('',*,*,#5031,.F.);
#3257=ORIENTED_EDGE('',*,*,#5026,.T.);
#3258=ORIENTED_EDGE('',*,*,#5033,.T.);
#3259=ORIENTED_EDGE('',*,*,#5018,.F.);
#3260=ORIENTED_EDGE('',*,*,#4038,.F.);
#3261=ORIENTED_EDGE('',*,*,#4119,.F.);
#3262=ORIENTED_EDGE('',*,*,#5005,.F.);
#3263=ORIENTED_EDGE('',*,*,#5019,.F.);
#3264=ORIENTED_EDGE('',*,*,#5009,.F.);
#3265=ORIENTED_EDGE('',*,*,#4115,.F.);
#3266=ORIENTED_EDGE('',*,*,#4047,.F.);
#3267=ORIENTED_EDGE('',*,*,#4045,.F.);
#3268=ORIENTED_EDGE('',*,*,#4043,.F.);
#3269=ORIENTED_EDGE('',*,*,#5034,.T.);
#3270=ORIENTED_EDGE('',*,*,#4988,.F.);
#3271=ORIENTED_EDGE('',*,*,#5020,.F.);
#3272=ORIENTED_EDGE('',*,*,#5021,.F.);
#3273=ORIENTED_EDGE('',*,*,#4995,.F.);
#3274=ORIENTED_EDGE('',*,*,#4132,.F.);
#3275=ORIENTED_EDGE('',*,*,#4068,.F.);
#3276=ORIENTED_EDGE('',*,*,#5015,.F.);
#3277=ORIENTED_EDGE('',*,*,#4974,.F.);
#3278=ORIENTED_EDGE('',*,*,#4125,.F.);
#3279=ORIENTED_EDGE('',*,*,#4028,.F.);
#3280=ORIENTED_EDGE('',*,*,#5022,.F.);
#3281=ORIENTED_EDGE('',*,*,#4070,.F.);
#3282=ORIENTED_EDGE('',*,*,#4131,.F.);
#3283=ORIENTED_EDGE('',*,*,#4969,.F.);
#3284=ORIENTED_EDGE('',*,*,#5016,.F.);
#3285=ORIENTED_EDGE('',*,*,#4030,.F.);
#3286=ORIENTED_EDGE('',*,*,#4124,.F.);
#3287=ORIENTED_EDGE('',*,*,#5003,.F.);
#3288=ORIENTED_EDGE('',*,*,#5017,.F.);
#3289=ORIENTED_EDGE('',*,*,#5000,.F.);
#3290=ORIENTED_EDGE('',*,*,#4120,.F.);
#3291=ORIENTED_EDGE('',*,*,#4040,.F.);
#3292=ORIENTED_EDGE('',*,*,#5035,.F.);
#3293=ORIENTED_EDGE('',*,*,#5029,.T.);
#3294=ORIENTED_EDGE('',*,*,#5035,.T.);
#3295=ORIENTED_EDGE('',*,*,#5036,.F.);
#3296=ORIENTED_EDGE('',*,*,#5014,.T.);
#3297=ORIENTED_EDGE('',*,*,#5036,.T.);
#3298=ORIENTED_EDGE('',*,*,#5037,.F.);
#3299=ORIENTED_EDGE('',*,*,#5013,.T.);
#3300=ORIENTED_EDGE('',*,*,#5037,.T.);
#3301=ORIENTED_EDGE('',*,*,#5038,.F.);
#3302=ORIENTED_EDGE('',*,*,#5012,.T.);
#3303=ORIENTED_EDGE('',*,*,#5038,.T.);
#3304=ORIENTED_EDGE('',*,*,#5039,.F.);
#3305=ORIENTED_EDGE('',*,*,#5011,.T.);
#3306=ORIENTED_EDGE('',*,*,#5039,.T.);
#3307=ORIENTED_EDGE('',*,*,#5040,.F.);
#3308=ORIENTED_EDGE('',*,*,#4987,.T.);
#3309=ORIENTED_EDGE('',*,*,#5040,.T.);
#3310=ORIENTED_EDGE('',*,*,#5041,.F.);
#3311=ORIENTED_EDGE('',*,*,#4984,.T.);
#3312=ORIENTED_EDGE('',*,*,#5041,.T.);
#3313=ORIENTED_EDGE('',*,*,#5042,.F.);
#3314=ORIENTED_EDGE('',*,*,#4981,.T.);
#3315=ORIENTED_EDGE('',*,*,#5042,.T.);
#3316=ORIENTED_EDGE('',*,*,#5043,.F.);
#3317=ORIENTED_EDGE('',*,*,#4978,.T.);
#3318=ORIENTED_EDGE('',*,*,#5043,.T.);
#3319=ORIENTED_EDGE('',*,*,#5044,.T.);
#3320=ORIENTED_EDGE('',*,*,#5045,.F.);
#3321=ORIENTED_EDGE('',*,*,#5045,.T.);
#3322=ORIENTED_EDGE('',*,*,#5046,.T.);
#3323=ORIENTED_EDGE('',*,*,#5047,.F.);
#3324=ORIENTED_EDGE('',*,*,#5047,.T.);
#3325=ORIENTED_EDGE('',*,*,#5048,.T.);
#3326=ORIENTED_EDGE('',*,*,#5049,.F.);
#3327=ORIENTED_EDGE('',*,*,#5049,.T.);
#3328=ORIENTED_EDGE('',*,*,#4573,.F.);
#3329=ORIENTED_EDGE('',*,*,#5050,.T.);
#3330=ORIENTED_EDGE('',*,*,#4581,.F.);
#3331=ORIENTED_EDGE('',*,*,#5051,.F.);
#3332=ORIENTED_EDGE('',*,*,#5052,.F.);
#3333=ORIENTED_EDGE('',*,*,#5051,.T.);
#3334=ORIENTED_EDGE('',*,*,#5053,.F.);
#3335=ORIENTED_EDGE('',*,*,#4583,.F.);
#3336=ORIENTED_EDGE('',*,*,#5054,.T.);
#3337=ORIENTED_EDGE('',*,*,#4315,.F.);
#3338=ORIENTED_EDGE('',*,*,#5055,.F.);
#3339=ORIENTED_EDGE('',*,*,#5053,.T.);
#3340=ORIENTED_EDGE('',*,*,#4584,.F.);
#3341=ORIENTED_EDGE('',*,*,#5056,.F.);
#3342=ORIENTED_EDGE('',*,*,#4936,.F.);
#3343=ORIENTED_EDGE('',*,*,#5052,.T.);
#3344=ORIENTED_EDGE('',*,*,#4939,.F.);
#3345=ORIENTED_EDGE('',*,*,#5057,.F.);
#3346=ORIENTED_EDGE('',*,*,#4574,.F.);
#3347=ORIENTED_EDGE('',*,*,#4740,.F.);
#3348=ORIENTED_EDGE('',*,*,#5058,.T.);
#3349=ORIENTED_EDGE('',*,*,#4571,.F.);
#3350=ORIENTED_EDGE('',*,*,#5059,.F.);
#3351=ORIENTED_EDGE('',*,*,#5056,.T.);
#3352=ORIENTED_EDGE('',*,*,#5055,.T.);
#3353=ORIENTED_EDGE('',*,*,#5060,.F.);
#3354=ORIENTED_EDGE('',*,*,#5059,.T.);
#3355=ORIENTED_EDGE('',*,*,#5057,.T.);
#3356=ORIENTED_EDGE('',*,*,#5061,.F.);
#3357=ORIENTED_EDGE('',*,*,#5060,.T.);
#3358=ORIENTED_EDGE('',*,*,#4318,.F.);
#3359=ORIENTED_EDGE('',*,*,#5062,.F.);
#3360=ORIENTED_EDGE('',*,*,#4937,.F.);
#3361=ORIENTED_EDGE('',*,*,#5061,.T.);
#3362=ORIENTED_EDGE('',*,*,#4938,.F.);
#3363=ORIENTED_EDGE('',*,*,#5063,.F.);
#3364=ORIENTED_EDGE('',*,*,#4741,.F.);
#3365=ORIENTED_EDGE('',*,*,#5063,.T.);
#3366=ORIENTED_EDGE('',*,*,#5062,.T.);
#3367=ORIENTED_EDGE('',*,*,#5064,.F.);
#3368=ORIENTED_EDGE('',*,*,#4317,.F.);
#3369=ORIENTED_EDGE('',*,*,#5065,.T.);
#3370=ORIENTED_EDGE('',*,*,#4738,.F.);
#3371=ORIENTED_EDGE('',*,*,#5064,.T.);
#3372=ORIENTED_EDGE('',*,*,#5066,.F.);
#3373=ORIENTED_EDGE('',*,*,#5065,.F.);
#3374=ORIENTED_EDGE('',*,*,#5067,.F.);
#3375=ORIENTED_EDGE('',*,*,#4076,.F.);
#3376=ORIENTED_EDGE('',*,*,#5067,.T.);
#3377=ORIENTED_EDGE('',*,*,#4316,.F.);
#3378=ORIENTED_EDGE('',*,*,#5068,.F.);
#3379=ORIENTED_EDGE('',*,*,#4077,.F.);
#3380=ORIENTED_EDGE('',*,*,#5066,.T.);
#3381=ORIENTED_EDGE('',*,*,#4075,.F.);
#3382=ORIENTED_EDGE('',*,*,#5069,.F.);
#3383=ORIENTED_EDGE('',*,*,#4739,.F.);
#3384=ORIENTED_EDGE('',*,*,#5068,.T.);
#3385=ORIENTED_EDGE('',*,*,#5054,.F.);
#3386=ORIENTED_EDGE('',*,*,#5070,.F.);
#3387=ORIENTED_EDGE('',*,*,#4078,.F.);
#3388=ORIENTED_EDGE('',*,*,#5069,.T.);
#3389=ORIENTED_EDGE('',*,*,#4074,.F.);
#3390=ORIENTED_EDGE('',*,*,#5071,.F.);
#3391=ORIENTED_EDGE('',*,*,#5058,.F.);
#3392=ORIENTED_EDGE('',*,*,#5070,.T.);
#3393=ORIENTED_EDGE('',*,*,#4582,.F.);
#3394=ORIENTED_EDGE('',*,*,#5072,.F.);
#3395=ORIENTED_EDGE('',*,*,#4071,.F.);
#3396=ORIENTED_EDGE('',*,*,#5071,.T.);
#3397=ORIENTED_EDGE('',*,*,#4073,.F.);
#3398=ORIENTED_EDGE('',*,*,#5073,.F.);
#3399=ORIENTED_EDGE('',*,*,#4572,.F.);
#3400=ORIENTED_EDGE('',*,*,#5072,.T.);
#3401=ORIENTED_EDGE('',*,*,#5050,.F.);
#3402=ORIENTED_EDGE('',*,*,#5073,.T.);
#3403=ORIENTED_EDGE('',*,*,#4072,.F.);
#3404=ORIENTED_EDGE('',*,*,#4790,.F.);
#3405=ORIENTED_EDGE('',*,*,#4433,.F.);
#3406=ORIENTED_EDGE('',*,*,#4791,.F.);
#3407=ORIENTED_EDGE('',*,*,#4336,.F.);
#3408=ORIENTED_EDGE('',*,*,#5074,.F.);
#3409=ORIENTED_EDGE('',*,*,#4816,.F.);
#3410=ORIENTED_EDGE('',*,*,#5075,.F.);
#3411=ORIENTED_EDGE('',*,*,#4586,.F.);
#3412=ORIENTED_EDGE('',*,*,#5075,.T.);
#3413=ORIENTED_EDGE('',*,*,#4819,.F.);
#3414=ORIENTED_EDGE('',*,*,#5076,.F.);
#3415=ORIENTED_EDGE('',*,*,#4742,.F.);
#3416=ORIENTED_EDGE('',*,*,#5074,.T.);
#3417=ORIENTED_EDGE('',*,*,#4590,.F.);
#3418=ORIENTED_EDGE('',*,*,#5077,.F.);
#3419=ORIENTED_EDGE('',*,*,#4817,.F.);
#3420=ORIENTED_EDGE('',*,*,#5076,.T.);
#3421=ORIENTED_EDGE('',*,*,#4818,.F.);
#3422=ORIENTED_EDGE('',*,*,#5077,.T.);
#3423=ORIENTED_EDGE('',*,*,#4593,.F.);
#3424=ORIENTED_EDGE('',*,*,#5078,.F.);
#3425=ORIENTED_EDGE('',*,*,#4792,.F.);
#3426=ORIENTED_EDGE('',*,*,#5079,.F.);
#3427=ORIENTED_EDGE('',*,*,#4677,.F.);
#3428=ORIENTED_EDGE('',*,*,#5079,.T.);
#3429=ORIENTED_EDGE('',*,*,#4795,.F.);
#3430=ORIENTED_EDGE('',*,*,#5080,.F.);
#3431=ORIENTED_EDGE('',*,*,#4674,.F.);
#3432=ORIENTED_EDGE('',*,*,#5078,.T.);
#3433=ORIENTED_EDGE('',*,*,#4679,.F.);
#3434=ORIENTED_EDGE('',*,*,#5081,.F.);
#3435=ORIENTED_EDGE('',*,*,#4793,.F.);
#3436=ORIENTED_EDGE('',*,*,#5080,.T.);
#3437=ORIENTED_EDGE('',*,*,#4794,.F.);
#3438=ORIENTED_EDGE('',*,*,#5081,.T.);
#3439=ORIENTED_EDGE('',*,*,#4775,.F.);
#3440=ORIENTED_EDGE('',*,*,#5082,.F.);
#3441=ORIENTED_EDGE('',*,*,#4698,.F.);
#3442=ORIENTED_EDGE('',*,*,#5083,.F.);
#3443=ORIENTED_EDGE('',*,*,#4798,.F.);
#3444=ORIENTED_EDGE('',*,*,#5083,.T.);
#3445=ORIENTED_EDGE('',*,*,#4700,.F.);
#3446=ORIENTED_EDGE('',*,*,#5084,.F.);
#3447=ORIENTED_EDGE('',*,*,#4799,.F.);
#3448=ORIENTED_EDGE('',*,*,#5082,.T.);
#3449=ORIENTED_EDGE('',*,*,#4797,.F.);
#3450=ORIENTED_EDGE('',*,*,#5085,.F.);
#3451=ORIENTED_EDGE('',*,*,#4695,.F.);
#3452=ORIENTED_EDGE('',*,*,#5084,.T.);
#3453=ORIENTED_EDGE('',*,*,#4779,.F.);
#3454=ORIENTED_EDGE('',*,*,#5085,.T.);
#3455=ORIENTED_EDGE('',*,*,#4796,.F.);
#3456=ORIENTED_EDGE('',*,*,#5086,.F.);
#3457=ORIENTED_EDGE('',*,*,#4800,.F.);
#3458=ORIENTED_EDGE('',*,*,#5087,.F.);
#3459=ORIENTED_EDGE('',*,*,#4691,.F.);
#3460=ORIENTED_EDGE('',*,*,#5087,.T.);
#3461=ORIENTED_EDGE('',*,*,#4803,.F.);
#3462=ORIENTED_EDGE('',*,*,#5088,.F.);
#3463=ORIENTED_EDGE('',*,*,#4688,.F.);
#3464=ORIENTED_EDGE('',*,*,#5086,.T.);
#3465=ORIENTED_EDGE('',*,*,#4693,.F.);
#3466=ORIENTED_EDGE('',*,*,#5089,.F.);
#3467=ORIENTED_EDGE('',*,*,#4801,.F.);
#3468=ORIENTED_EDGE('',*,*,#5088,.T.);
#3469=ORIENTED_EDGE('',*,*,#4802,.F.);
#3470=ORIENTED_EDGE('',*,*,#5089,.T.);
#3471=ORIENTED_EDGE('',*,*,#4778,.F.);
#3472=ORIENTED_EDGE('',*,*,#5090,.F.);
#3473=ORIENTED_EDGE('',*,*,#4623,.F.);
#3474=ORIENTED_EDGE('',*,*,#5091,.F.);
#3475=ORIENTED_EDGE('',*,*,#4807,.F.);
#3476=ORIENTED_EDGE('',*,*,#5091,.T.);
#3477=ORIENTED_EDGE('',*,*,#4767,.F.);
#3478=ORIENTED_EDGE('',*,*,#5092,.F.);
#3479=ORIENTED_EDGE('',*,*,#4804,.F.);
#3480=ORIENTED_EDGE('',*,*,#5090,.T.);
#3481=ORIENTED_EDGE('',*,*,#4806,.F.);
#3482=ORIENTED_EDGE('',*,*,#5093,.F.);
#3483=ORIENTED_EDGE('',*,*,#4621,.F.);
#3484=ORIENTED_EDGE('',*,*,#5092,.T.);
#3485=ORIENTED_EDGE('',*,*,#4618,.F.);
#3486=ORIENTED_EDGE('',*,*,#5093,.T.);
#3487=ORIENTED_EDGE('',*,*,#4805,.F.);
#3488=ORIENTED_EDGE('',*,*,#4763,.F.);
#3489=ORIENTED_EDGE('',*,*,#4808,.F.);
#3490=ORIENTED_EDGE('',*,*,#5094,.F.);
#3491=ORIENTED_EDGE('',*,*,#4716,.F.);
#3492=ORIENTED_EDGE('',*,*,#5095,.F.);
#3493=ORIENTED_EDGE('',*,*,#4811,.F.);
#3494=ORIENTED_EDGE('',*,*,#5095,.T.);
#3495=ORIENTED_EDGE('',*,*,#4719,.F.);
#3496=ORIENTED_EDGE('',*,*,#5096,.F.);
#3497=ORIENTED_EDGE('',*,*,#4812,.F.);
#3498=ORIENTED_EDGE('',*,*,#5094,.T.);
#3499=ORIENTED_EDGE('',*,*,#4810,.F.);
#3500=ORIENTED_EDGE('',*,*,#5097,.F.);
#3501=ORIENTED_EDGE('',*,*,#4786,.F.);
#3502=ORIENTED_EDGE('',*,*,#5096,.T.);
#3503=ORIENTED_EDGE('',*,*,#4721,.F.);
#3504=ORIENTED_EDGE('',*,*,#5097,.T.);
#3505=ORIENTED_EDGE('',*,*,#4809,.F.);
#3506=ORIENTED_EDGE('',*,*,#4813,.F.);
#3507=ORIENTED_EDGE('',*,*,#4785,.F.);
#3508=ORIENTED_EDGE('',*,*,#4814,.F.);
#3509=ORIENTED_EDGE('',*,*,#4780,.F.);
#3510=ORIENTED_EDGE('',*,*,#4815,.F.);
#3511=ORIENTED_EDGE('',*,*,#4777,.F.);
#3512=ORIENTED_EDGE('',*,*,#5098,.F.);
#3513=ORIENTED_EDGE('',*,*,#4564,.F.);
#3514=ORIENTED_EDGE('',*,*,#5099,.F.);
#3515=ORIENTED_EDGE('',*,*,#4823,.F.);
#3516=ORIENTED_EDGE('',*,*,#5099,.T.);
#3517=ORIENTED_EDGE('',*,*,#4567,.F.);
#3518=ORIENTED_EDGE('',*,*,#5100,.F.);
#3519=ORIENTED_EDGE('',*,*,#4820,.F.);
#3520=ORIENTED_EDGE('',*,*,#5098,.T.);
#3521=ORIENTED_EDGE('',*,*,#4822,.F.);
#3522=ORIENTED_EDGE('',*,*,#5101,.F.);
#3523=ORIENTED_EDGE('',*,*,#4737,.F.);
#3524=ORIENTED_EDGE('',*,*,#5100,.T.);
#3525=ORIENTED_EDGE('',*,*,#4569,.F.);
#3526=ORIENTED_EDGE('',*,*,#5101,.T.);
#3527=ORIENTED_EDGE('',*,*,#4821,.F.);
#3528=ORIENTED_EDGE('',*,*,#5102,.F.);
#3529=ORIENTED_EDGE('',*,*,#4827,.F.);
#3530=ORIENTED_EDGE('',*,*,#5103,.F.);
#3531=ORIENTED_EDGE('',*,*,#4560,.F.);
#3532=ORIENTED_EDGE('',*,*,#5103,.T.);
#3533=ORIENTED_EDGE('',*,*,#4826,.F.);
#3534=ORIENTED_EDGE('',*,*,#5104,.F.);
#3535=ORIENTED_EDGE('',*,*,#4557,.F.);
#3536=ORIENTED_EDGE('',*,*,#5102,.T.);
#3537=ORIENTED_EDGE('',*,*,#4562,.F.);
#3538=ORIENTED_EDGE('',*,*,#5105,.F.);
#3539=ORIENTED_EDGE('',*,*,#4824,.F.);
#3540=ORIENTED_EDGE('',*,*,#5104,.T.);
#3541=ORIENTED_EDGE('',*,*,#4825,.F.);
#3542=ORIENTED_EDGE('',*,*,#5105,.T.);
#3543=ORIENTED_EDGE('',*,*,#4736,.F.);
#3544=ORIENTED_EDGE('',*,*,#5106,.F.);
#3545=ORIENTED_EDGE('',*,*,#4831,.F.);
#3546=ORIENTED_EDGE('',*,*,#5107,.F.);
#3547=ORIENTED_EDGE('',*,*,#4550,.F.);
#3548=ORIENTED_EDGE('',*,*,#5107,.T.);
#3549=ORIENTED_EDGE('',*,*,#4830,.F.);
#3550=ORIENTED_EDGE('',*,*,#5108,.F.);
#3551=ORIENTED_EDGE('',*,*,#4735,.F.);
#3552=ORIENTED_EDGE('',*,*,#5106,.T.);
#3553=ORIENTED_EDGE('',*,*,#4553,.F.);
#3554=ORIENTED_EDGE('',*,*,#5109,.F.);
#3555=ORIENTED_EDGE('',*,*,#4828,.F.);
#3556=ORIENTED_EDGE('',*,*,#5108,.T.);
#3557=ORIENTED_EDGE('',*,*,#4829,.F.);
#3558=ORIENTED_EDGE('',*,*,#5109,.T.);
#3559=ORIENTED_EDGE('',*,*,#4555,.F.);
#3560=ORIENTED_EDGE('',*,*,#5110,.F.);
#3561=ORIENTED_EDGE('',*,*,#4595,.F.);
#3562=ORIENTED_EDGE('',*,*,#5111,.F.);
#3563=ORIENTED_EDGE('',*,*,#4835,.F.);
#3564=ORIENTED_EDGE('',*,*,#5111,.T.);
#3565=ORIENTED_EDGE('',*,*,#4598,.F.);
#3566=ORIENTED_EDGE('',*,*,#5112,.F.);
#3567=ORIENTED_EDGE('',*,*,#4832,.F.);
#3568=ORIENTED_EDGE('',*,*,#5110,.T.);
#3569=ORIENTED_EDGE('',*,*,#4834,.F.);
#3570=ORIENTED_EDGE('',*,*,#5113,.F.);
#3571=ORIENTED_EDGE('',*,*,#4762,.F.);
#3572=ORIENTED_EDGE('',*,*,#5112,.T.);
#3573=ORIENTED_EDGE('',*,*,#4600,.F.);
#3574=ORIENTED_EDGE('',*,*,#5113,.T.);
#3575=ORIENTED_EDGE('',*,*,#4833,.F.);
#3576=ORIENTED_EDGE('',*,*,#5114,.F.);
#3577=ORIENTED_EDGE('',*,*,#4839,.F.);
#3578=ORIENTED_EDGE('',*,*,#5115,.F.);
#3579=ORIENTED_EDGE('',*,*,#4769,.F.);
#3580=ORIENTED_EDGE('',*,*,#5115,.T.);
#3581=ORIENTED_EDGE('',*,*,#4838,.F.);
#3582=ORIENTED_EDGE('',*,*,#5116,.F.);
#3583=ORIENTED_EDGE('',*,*,#4637,.F.);
#3584=ORIENTED_EDGE('',*,*,#5114,.T.);
#3585=ORIENTED_EDGE('',*,*,#4632,.F.);
#3586=ORIENTED_EDGE('',*,*,#5117,.F.);
#3587=ORIENTED_EDGE('',*,*,#4836,.F.);
#3588=ORIENTED_EDGE('',*,*,#5116,.T.);
#3589=ORIENTED_EDGE('',*,*,#4837,.F.);
#3590=ORIENTED_EDGE('',*,*,#5117,.T.);
#3591=ORIENTED_EDGE('',*,*,#4635,.F.);
#3592=ORIENTED_EDGE('',*,*,#5118,.F.);
#3593=ORIENTED_EDGE('',*,*,#4843,.F.);
#3594=ORIENTED_EDGE('',*,*,#5119,.F.);
#3595=ORIENTED_EDGE('',*,*,#4770,.F.);
#3596=ORIENTED_EDGE('',*,*,#5119,.T.);
#3597=ORIENTED_EDGE('',*,*,#4842,.F.);
#3598=ORIENTED_EDGE('',*,*,#5120,.F.);
#3599=ORIENTED_EDGE('',*,*,#4644,.F.);
#3600=ORIENTED_EDGE('',*,*,#5118,.T.);
#3601=ORIENTED_EDGE('',*,*,#4639,.F.);
#3602=ORIENTED_EDGE('',*,*,#5121,.F.);
#3603=ORIENTED_EDGE('',*,*,#4840,.F.);
#3604=ORIENTED_EDGE('',*,*,#5120,.T.);
#3605=ORIENTED_EDGE('',*,*,#4841,.F.);
#3606=ORIENTED_EDGE('',*,*,#5121,.T.);
#3607=ORIENTED_EDGE('',*,*,#4642,.F.);
#3608=ORIENTED_EDGE('',*,*,#5122,.F.);
#3609=ORIENTED_EDGE('',*,*,#4847,.F.);
#3610=ORIENTED_EDGE('',*,*,#5123,.F.);
#3611=ORIENTED_EDGE('',*,*,#4546,.F.);
#3612=ORIENTED_EDGE('',*,*,#5123,.T.);
#3613=ORIENTED_EDGE('',*,*,#4846,.F.);
#3614=ORIENTED_EDGE('',*,*,#5124,.F.);
#3615=ORIENTED_EDGE('',*,*,#4543,.F.);
#3616=ORIENTED_EDGE('',*,*,#5122,.T.);
#3617=ORIENTED_EDGE('',*,*,#4548,.F.);
#3618=ORIENTED_EDGE('',*,*,#5125,.F.);
#3619=ORIENTED_EDGE('',*,*,#4844,.F.);
#3620=ORIENTED_EDGE('',*,*,#5124,.T.);
#3621=ORIENTED_EDGE('',*,*,#4845,.F.);
#3622=ORIENTED_EDGE('',*,*,#5125,.T.);
#3623=ORIENTED_EDGE('',*,*,#4734,.F.);
#3624=ORIENTED_EDGE('',*,*,#5126,.F.);
#3625=ORIENTED_EDGE('',*,*,#4766,.F.);
#3626=ORIENTED_EDGE('',*,*,#5127,.F.);
#3627=ORIENTED_EDGE('',*,*,#4851,.F.);
#3628=ORIENTED_EDGE('',*,*,#5127,.T.);
#3629=ORIENTED_EDGE('',*,*,#4609,.F.);
#3630=ORIENTED_EDGE('',*,*,#5128,.F.);
#3631=ORIENTED_EDGE('',*,*,#4848,.F.);
#3632=ORIENTED_EDGE('',*,*,#5126,.T.);
#3633=ORIENTED_EDGE('',*,*,#4850,.F.);
#3634=ORIENTED_EDGE('',*,*,#5129,.F.);
#3635=ORIENTED_EDGE('',*,*,#4616,.F.);
#3636=ORIENTED_EDGE('',*,*,#5128,.T.);
#3637=ORIENTED_EDGE('',*,*,#4613,.F.);
#3638=ORIENTED_EDGE('',*,*,#5129,.T.);
#3639=ORIENTED_EDGE('',*,*,#4849,.F.);
#3640=ORIENTED_EDGE('',*,*,#5130,.F.);
#3641=ORIENTED_EDGE('',*,*,#4771,.F.);
#3642=ORIENTED_EDGE('',*,*,#5131,.F.);
#3643=ORIENTED_EDGE('',*,*,#4855,.F.);
#3644=ORIENTED_EDGE('',*,*,#5131,.T.);
#3645=ORIENTED_EDGE('',*,*,#4646,.F.);
#3646=ORIENTED_EDGE('',*,*,#5132,.F.);
#3647=ORIENTED_EDGE('',*,*,#4852,.F.);
#3648=ORIENTED_EDGE('',*,*,#5130,.T.);
#3649=ORIENTED_EDGE('',*,*,#4854,.F.);
#3650=ORIENTED_EDGE('',*,*,#5133,.F.);
#3651=ORIENTED_EDGE('',*,*,#4651,.F.);
#3652=ORIENTED_EDGE('',*,*,#5132,.T.);
#3653=ORIENTED_EDGE('',*,*,#4649,.F.);
#3654=ORIENTED_EDGE('',*,*,#5133,.T.);
#3655=ORIENTED_EDGE('',*,*,#4853,.F.);
#3656=ORIENTED_EDGE('',*,*,#5134,.F.);
#3657=ORIENTED_EDGE('',*,*,#4772,.F.);
#3658=ORIENTED_EDGE('',*,*,#5135,.F.);
#3659=ORIENTED_EDGE('',*,*,#4859,.F.);
#3660=ORIENTED_EDGE('',*,*,#5135,.T.);
#3661=ORIENTED_EDGE('',*,*,#4653,.F.);
#3662=ORIENTED_EDGE('',*,*,#5136,.F.);
#3663=ORIENTED_EDGE('',*,*,#4856,.F.);
#3664=ORIENTED_EDGE('',*,*,#5134,.T.);
#3665=ORIENTED_EDGE('',*,*,#4858,.F.);
#3666=ORIENTED_EDGE('',*,*,#5137,.F.);
#3667=ORIENTED_EDGE('',*,*,#4658,.F.);
#3668=ORIENTED_EDGE('',*,*,#5136,.T.);
#3669=ORIENTED_EDGE('',*,*,#4656,.F.);
#3670=ORIENTED_EDGE('',*,*,#5137,.T.);
#3671=ORIENTED_EDGE('',*,*,#4857,.F.);
#3672=ORIENTED_EDGE('',*,*,#5138,.F.);
#3673=ORIENTED_EDGE('',*,*,#4773,.F.);
#3674=ORIENTED_EDGE('',*,*,#5139,.F.);
#3675=ORIENTED_EDGE('',*,*,#4863,.F.);
#3676=ORIENTED_EDGE('',*,*,#5139,.T.);
#3677=ORIENTED_EDGE('',*,*,#4660,.F.);
#3678=ORIENTED_EDGE('',*,*,#5140,.F.);
#3679=ORIENTED_EDGE('',*,*,#4860,.F.);
#3680=ORIENTED_EDGE('',*,*,#5138,.T.);
#3681=ORIENTED_EDGE('',*,*,#4862,.F.);
#3682=ORIENTED_EDGE('',*,*,#5141,.F.);
#3683=ORIENTED_EDGE('',*,*,#4665,.F.);
#3684=ORIENTED_EDGE('',*,*,#5140,.T.);
#3685=ORIENTED_EDGE('',*,*,#4663,.F.);
#3686=ORIENTED_EDGE('',*,*,#5141,.T.);
#3687=ORIENTED_EDGE('',*,*,#4861,.F.);
#3688=ORIENTED_EDGE('',*,*,#5142,.F.);
#3689=ORIENTED_EDGE('',*,*,#4774,.F.);
#3690=ORIENTED_EDGE('',*,*,#5143,.F.);
#3691=ORIENTED_EDGE('',*,*,#4867,.F.);
#3692=ORIENTED_EDGE('',*,*,#5143,.T.);
#3693=ORIENTED_EDGE('',*,*,#4667,.F.);
#3694=ORIENTED_EDGE('',*,*,#5144,.F.);
#3695=ORIENTED_EDGE('',*,*,#4864,.F.);
#3696=ORIENTED_EDGE('',*,*,#5142,.T.);
#3697=ORIENTED_EDGE('',*,*,#4866,.F.);
#3698=ORIENTED_EDGE('',*,*,#5145,.F.);
#3699=ORIENTED_EDGE('',*,*,#4672,.F.);
#3700=ORIENTED_EDGE('',*,*,#5144,.T.);
#3701=ORIENTED_EDGE('',*,*,#4670,.F.);
#3702=ORIENTED_EDGE('',*,*,#5145,.T.);
#3703=ORIENTED_EDGE('',*,*,#4865,.F.);
#3704=ORIENTED_EDGE('',*,*,#5146,.F.);
#3705=ORIENTED_EDGE('',*,*,#4783,.F.);
#3706=ORIENTED_EDGE('',*,*,#5147,.F.);
#3707=ORIENTED_EDGE('',*,*,#4871,.F.);
#3708=ORIENTED_EDGE('',*,*,#5147,.T.);
#3709=ORIENTED_EDGE('',*,*,#4702,.F.);
#3710=ORIENTED_EDGE('',*,*,#5148,.F.);
#3711=ORIENTED_EDGE('',*,*,#4868,.F.);
#3712=ORIENTED_EDGE('',*,*,#5146,.T.);
#3713=ORIENTED_EDGE('',*,*,#4870,.F.);
#3714=ORIENTED_EDGE('',*,*,#5149,.F.);
#3715=ORIENTED_EDGE('',*,*,#4707,.F.);
#3716=ORIENTED_EDGE('',*,*,#5148,.T.);
#3717=ORIENTED_EDGE('',*,*,#4705,.F.);
#3718=ORIENTED_EDGE('',*,*,#5149,.T.);
#3719=ORIENTED_EDGE('',*,*,#4869,.F.);
#3720=ORIENTED_EDGE('',*,*,#5150,.F.);
#3721=ORIENTED_EDGE('',*,*,#4625,.F.);
#3722=ORIENTED_EDGE('',*,*,#5151,.F.);
#3723=ORIENTED_EDGE('',*,*,#4875,.F.);
#3724=ORIENTED_EDGE('',*,*,#5151,.T.);
#3725=ORIENTED_EDGE('',*,*,#4628,.F.);
#3726=ORIENTED_EDGE('',*,*,#5152,.F.);
#3727=ORIENTED_EDGE('',*,*,#4872,.F.);
#3728=ORIENTED_EDGE('',*,*,#5150,.T.);
#3729=ORIENTED_EDGE('',*,*,#4874,.F.);
#3730=ORIENTED_EDGE('',*,*,#5153,.F.);
#3731=ORIENTED_EDGE('',*,*,#4768,.F.);
#3732=ORIENTED_EDGE('',*,*,#5152,.T.);
#3733=ORIENTED_EDGE('',*,*,#4630,.F.);
#3734=ORIENTED_EDGE('',*,*,#5153,.T.);
#3735=ORIENTED_EDGE('',*,*,#4873,.F.);
#3736=ORIENTED_EDGE('',*,*,#5154,.F.);
#3737=ORIENTED_EDGE('',*,*,#4709,.F.);
#3738=ORIENTED_EDGE('',*,*,#5155,.F.);
#3739=ORIENTED_EDGE('',*,*,#4878,.F.);
#3740=ORIENTED_EDGE('',*,*,#5155,.T.);
#3741=ORIENTED_EDGE('',*,*,#4712,.F.);
#3742=ORIENTED_EDGE('',*,*,#5156,.F.);
#3743=ORIENTED_EDGE('',*,*,#4879,.F.);
#3744=ORIENTED_EDGE('',*,*,#5154,.T.);
#3745=ORIENTED_EDGE('',*,*,#4877,.F.);
#3746=ORIENTED_EDGE('',*,*,#5157,.F.);
#3747=ORIENTED_EDGE('',*,*,#4784,.F.);
#3748=ORIENTED_EDGE('',*,*,#5156,.T.);
#3749=ORIENTED_EDGE('',*,*,#4714,.F.);
#3750=ORIENTED_EDGE('',*,*,#5157,.T.);
#3751=ORIENTED_EDGE('',*,*,#4876,.F.);
#3752=ORIENTED_EDGE('',*,*,#5158,.F.);
#3753=ORIENTED_EDGE('',*,*,#4541,.F.);
#3754=ORIENTED_EDGE('',*,*,#5159,.F.);
#3755=ORIENTED_EDGE('',*,*,#4883,.F.);
#3756=ORIENTED_EDGE('',*,*,#5159,.T.);
#3757=ORIENTED_EDGE('',*,*,#4733,.F.);
#3758=ORIENTED_EDGE('',*,*,#5160,.F.);
#3759=ORIENTED_EDGE('',*,*,#4880,.F.);
#3760=ORIENTED_EDGE('',*,*,#5158,.T.);
#3761=ORIENTED_EDGE('',*,*,#4882,.F.);
#3762=ORIENTED_EDGE('',*,*,#5161,.F.);
#3763=ORIENTED_EDGE('',*,*,#4539,.F.);
#3764=ORIENTED_EDGE('',*,*,#5160,.T.);
#3765=ORIENTED_EDGE('',*,*,#4536,.F.);
#3766=ORIENTED_EDGE('',*,*,#5161,.T.);
#3767=ORIENTED_EDGE('',*,*,#4881,.F.);
#3768=ORIENTED_EDGE('',*,*,#5162,.F.);
#3769=ORIENTED_EDGE('',*,*,#4534,.F.);
#3770=ORIENTED_EDGE('',*,*,#5163,.F.);
#3771=ORIENTED_EDGE('',*,*,#4887,.F.);
#3772=ORIENTED_EDGE('',*,*,#5163,.T.);
#3773=ORIENTED_EDGE('',*,*,#4732,.F.);
#3774=ORIENTED_EDGE('',*,*,#5164,.F.);
#3775=ORIENTED_EDGE('',*,*,#4884,.F.);
#3776=ORIENTED_EDGE('',*,*,#5162,.T.);
#3777=ORIENTED_EDGE('',*,*,#4886,.F.);
#3778=ORIENTED_EDGE('',*,*,#5165,.F.);
#3779=ORIENTED_EDGE('',*,*,#4532,.F.);
#3780=ORIENTED_EDGE('',*,*,#5164,.T.);
#3781=ORIENTED_EDGE('',*,*,#4529,.F.);
#3782=ORIENTED_EDGE('',*,*,#5165,.T.);
#3783=ORIENTED_EDGE('',*,*,#4885,.F.);
#3784=ORIENTED_EDGE('',*,*,#5166,.F.);
#3785=ORIENTED_EDGE('',*,*,#4527,.F.);
#3786=ORIENTED_EDGE('',*,*,#5167,.F.);
#3787=ORIENTED_EDGE('',*,*,#4891,.F.);
#3788=ORIENTED_EDGE('',*,*,#5167,.T.);
#3789=ORIENTED_EDGE('',*,*,#4731,.F.);
#3790=ORIENTED_EDGE('',*,*,#5168,.F.);
#3791=ORIENTED_EDGE('',*,*,#4888,.F.);
#3792=ORIENTED_EDGE('',*,*,#5166,.T.);
#3793=ORIENTED_EDGE('',*,*,#4890,.F.);
#3794=ORIENTED_EDGE('',*,*,#5169,.F.);
#3795=ORIENTED_EDGE('',*,*,#4525,.F.);
#3796=ORIENTED_EDGE('',*,*,#5168,.T.);
#3797=ORIENTED_EDGE('',*,*,#4522,.F.);
#3798=ORIENTED_EDGE('',*,*,#5169,.T.);
#3799=ORIENTED_EDGE('',*,*,#4889,.F.);
#3800=ORIENTED_EDGE('',*,*,#5170,.F.);
#3801=ORIENTED_EDGE('',*,*,#4726,.F.);
#3802=ORIENTED_EDGE('',*,*,#5171,.F.);
#3803=ORIENTED_EDGE('',*,*,#4894,.F.);
#3804=ORIENTED_EDGE('',*,*,#5171,.T.);
#3805=ORIENTED_EDGE('',*,*,#4728,.F.);
#3806=ORIENTED_EDGE('',*,*,#5172,.F.);
#3807=ORIENTED_EDGE('',*,*,#4895,.F.);
#3808=ORIENTED_EDGE('',*,*,#5170,.T.);
#3809=ORIENTED_EDGE('',*,*,#4893,.F.);
#3810=ORIENTED_EDGE('',*,*,#5173,.F.);
#3811=ORIENTED_EDGE('',*,*,#4723,.F.);
#3812=ORIENTED_EDGE('',*,*,#5172,.T.);
#3813=ORIENTED_EDGE('',*,*,#4789,.F.);
#3814=ORIENTED_EDGE('',*,*,#5173,.T.);
#3815=ORIENTED_EDGE('',*,*,#4892,.F.);
#3816=ORIENTED_EDGE('',*,*,#4761,.F.);
#3817=ORIENTED_EDGE('',*,*,#4896,.F.);
#3818=ORIENTED_EDGE('',*,*,#4764,.F.);
#3819=ORIENTED_EDGE('',*,*,#4897,.F.);
#3820=ORIENTED_EDGE('',*,*,#4898,.F.);
#3821=ORIENTED_EDGE('',*,*,#4781,.F.);
#3822=ORIENTED_EDGE('',*,*,#4899,.F.);
#3823=ORIENTED_EDGE('',*,*,#4782,.F.);
#3824=ORIENTED_EDGE('',*,*,#5174,.F.);
#3825=ORIENTED_EDGE('',*,*,#4903,.F.);
#3826=ORIENTED_EDGE('',*,*,#5175,.F.);
#3827=ORIENTED_EDGE('',*,*,#4520,.F.);
#3828=ORIENTED_EDGE('',*,*,#5175,.T.);
#3829=ORIENTED_EDGE('',*,*,#4902,.F.);
#3830=ORIENTED_EDGE('',*,*,#5176,.F.);
#3831=ORIENTED_EDGE('',*,*,#4518,.F.);
#3832=ORIENTED_EDGE('',*,*,#5174,.T.);
#3833=ORIENTED_EDGE('',*,*,#4730,.F.);
#3834=ORIENTED_EDGE('',*,*,#5177,.F.);
#3835=ORIENTED_EDGE('',*,*,#4900,.F.);
#3836=ORIENTED_EDGE('',*,*,#5176,.T.);
#3837=ORIENTED_EDGE('',*,*,#4901,.F.);
#3838=ORIENTED_EDGE('',*,*,#5177,.T.);
#3839=ORIENTED_EDGE('',*,*,#4515,.F.);
#3840=ORIENTED_EDGE('',*,*,#5178,.F.);
#3841=ORIENTED_EDGE('',*,*,#4907,.F.);
#3842=ORIENTED_EDGE('',*,*,#5179,.F.);
#3843=ORIENTED_EDGE('',*,*,#4513,.F.);
#3844=ORIENTED_EDGE('',*,*,#5179,.T.);
#3845=ORIENTED_EDGE('',*,*,#4906,.F.);
#3846=ORIENTED_EDGE('',*,*,#5180,.F.);
#3847=ORIENTED_EDGE('',*,*,#4511,.F.);
#3848=ORIENTED_EDGE('',*,*,#5178,.T.);
#3849=ORIENTED_EDGE('',*,*,#4729,.F.);
#3850=ORIENTED_EDGE('',*,*,#5181,.F.);
#3851=ORIENTED_EDGE('',*,*,#4904,.F.);
#3852=ORIENTED_EDGE('',*,*,#5180,.T.);
#3853=ORIENTED_EDGE('',*,*,#4905,.F.);
#3854=ORIENTED_EDGE('',*,*,#5181,.T.);
#3855=ORIENTED_EDGE('',*,*,#4508,.F.);
#3856=ORIENTED_EDGE('',*,*,#5182,.F.);
#3857=ORIENTED_EDGE('',*,*,#4911,.F.);
#3858=ORIENTED_EDGE('',*,*,#5183,.F.);
#3859=ORIENTED_EDGE('',*,*,#4605,.F.);
#3860=ORIENTED_EDGE('',*,*,#5183,.T.);
#3861=ORIENTED_EDGE('',*,*,#4910,.F.);
#3862=ORIENTED_EDGE('',*,*,#5184,.F.);
#3863=ORIENTED_EDGE('',*,*,#4602,.F.);
#3864=ORIENTED_EDGE('',*,*,#5182,.T.);
#3865=ORIENTED_EDGE('',*,*,#4607,.F.);
#3866=ORIENTED_EDGE('',*,*,#5185,.F.);
#3867=ORIENTED_EDGE('',*,*,#4908,.F.);
#3868=ORIENTED_EDGE('',*,*,#5184,.T.);
#3869=ORIENTED_EDGE('',*,*,#4909,.F.);
#3870=ORIENTED_EDGE('',*,*,#5185,.T.);
#3871=ORIENTED_EDGE('',*,*,#4765,.F.);
#3872=ORIENTED_EDGE('',*,*,#5186,.F.);
#3873=ORIENTED_EDGE('',*,*,#4681,.F.);
#3874=ORIENTED_EDGE('',*,*,#5187,.F.);
#3875=ORIENTED_EDGE('',*,*,#4914,.F.);
#3876=ORIENTED_EDGE('',*,*,#5187,.T.);
#3877=ORIENTED_EDGE('',*,*,#4684,.F.);
#3878=ORIENTED_EDGE('',*,*,#5188,.F.);
#3879=ORIENTED_EDGE('',*,*,#4915,.F.);
#3880=ORIENTED_EDGE('',*,*,#5186,.T.);
#3881=ORIENTED_EDGE('',*,*,#4913,.F.);
#3882=ORIENTED_EDGE('',*,*,#5189,.F.);
#3883=ORIENTED_EDGE('',*,*,#4776,.F.);
#3884=ORIENTED_EDGE('',*,*,#5188,.T.);
#3885=ORIENTED_EDGE('',*,*,#4686,.F.);
#3886=ORIENTED_EDGE('',*,*,#5189,.T.);
#3887=ORIENTED_EDGE('',*,*,#4912,.F.);
#3888=ORIENTED_EDGE('',*,*,#4916,.F.);
#3889=ORIENTED_EDGE('',*,*,#4760,.F.);
#3890=ORIENTED_EDGE('',*,*,#4917,.F.);
#3891=ORIENTED_EDGE('',*,*,#4759,.F.);
#3892=ORIENTED_EDGE('',*,*,#4918,.F.);
#3893=ORIENTED_EDGE('',*,*,#4758,.F.);
#3894=ORIENTED_EDGE('',*,*,#4919,.F.);
#3895=ORIENTED_EDGE('',*,*,#4757,.F.);
#3896=ORIENTED_EDGE('',*,*,#4920,.F.);
#3897=ORIENTED_EDGE('',*,*,#4756,.F.);
#3898=ORIENTED_EDGE('',*,*,#4921,.F.);
#3899=ORIENTED_EDGE('',*,*,#4755,.F.);
#3900=ORIENTED_EDGE('',*,*,#4922,.F.);
#3901=ORIENTED_EDGE('',*,*,#4754,.F.);
#3902=ORIENTED_EDGE('',*,*,#4923,.F.);
#3903=ORIENTED_EDGE('',*,*,#4753,.F.);
#3904=ORIENTED_EDGE('',*,*,#4924,.F.);
#3905=ORIENTED_EDGE('',*,*,#4752,.F.);
#3906=ORIENTED_EDGE('',*,*,#4925,.F.);
#3907=ORIENTED_EDGE('',*,*,#4751,.F.);
#3908=ORIENTED_EDGE('',*,*,#4926,.F.);
#3909=ORIENTED_EDGE('',*,*,#4750,.F.);
#3910=ORIENTED_EDGE('',*,*,#4927,.F.);
#3911=ORIENTED_EDGE('',*,*,#4749,.F.);
#3912=ORIENTED_EDGE('',*,*,#4928,.F.);
#3913=ORIENTED_EDGE('',*,*,#4748,.F.);
#3914=ORIENTED_EDGE('',*,*,#4929,.F.);
#3915=ORIENTED_EDGE('',*,*,#4747,.F.);
#3916=ORIENTED_EDGE('',*,*,#4930,.F.);
#3917=ORIENTED_EDGE('',*,*,#4746,.F.);
#3918=ORIENTED_EDGE('',*,*,#4931,.F.);
#3919=ORIENTED_EDGE('',*,*,#4788,.F.);
#3920=ORIENTED_EDGE('',*,*,#4932,.F.);
#3921=ORIENTED_EDGE('',*,*,#4745,.F.);
#3922=ORIENTED_EDGE('',*,*,#4933,.F.);
#3923=ORIENTED_EDGE('',*,*,#4744,.F.);
#3924=ORIENTED_EDGE('',*,*,#4934,.F.);
#3925=ORIENTED_EDGE('',*,*,#4743,.F.);
#3926=ORIENTED_EDGE('',*,*,#4935,.F.);
#3927=ORIENTED_EDGE('',*,*,#4787,.F.);
#3928=ORIENTED_EDGE('',*,*,#4420,.F.);
#3929=ORIENTED_EDGE('',*,*,#4042,.F.);
#3930=ORIENTED_EDGE('',*,*,#4111,.F.);
#3931=ORIENTED_EDGE('',*,*,#4992,.F.);
#3932=ORIENTED_EDGE('',*,*,#4989,.F.);
#3933=ORIENTED_EDGE('',*,*,#5034,.F.);
#3934=ORIENTED_EDGE('',*,*,#4437,.F.);
#3935=ORIENTED_EDGE('',*,*,#4588,.F.);
#3936=ORIENTED_EDGE('',*,*,#4250,.F.);
#3937=ORIENTED_EDGE('',*,*,#4591,.F.);
#3938=ORIENTED_EDGE('',*,*,#4344,.F.);
#3939=ORIENTED_EDGE('',*,*,#4083,.F.);
#3940=ORIENTED_EDGE('',*,*,#4084,.F.);
#3941=ORIENTED_EDGE('',*,*,#4982,.F.);
#3942=ORIENTED_EDGE('',*,*,#4085,.F.);
#3943=ORIENTED_EDGE('',*,*,#5044,.F.);
#3944=ORIENTED_EDGE('',*,*,#4360,.F.);
#3945=ORIENTED_EDGE('',*,*,#4049,.F.);
#3946=ORIENTED_EDGE('',*,*,#4114,.F.);
#3947=ORIENTED_EDGE('',*,*,#4086,.F.);
#3948=ORIENTED_EDGE('',*,*,#4384,.F.);
#3949=ORIENTED_EDGE('',*,*,#4087,.F.);
#3950=ORIENTED_EDGE('',*,*,#4380,.F.);
#3951=ORIENTED_EDGE('',*,*,#4088,.F.);
#3952=ORIENTED_EDGE('',*,*,#4392,.F.);
#3953=ORIENTED_EDGE('',*,*,#4089,.F.);
#3954=ORIENTED_EDGE('',*,*,#4388,.F.);
#3955=ORIENTED_EDGE('',*,*,#4090,.F.);
#3956=ORIENTED_EDGE('',*,*,#5046,.F.);
#3957=ORIENTED_EDGE('',*,*,#4091,.F.);
#3958=ORIENTED_EDGE('',*,*,#4985,.F.);
#3959=ORIENTED_EDGE('',*,*,#4092,.F.);
#3960=ORIENTED_EDGE('',*,*,#4979,.F.);
#3961=ORIENTED_EDGE('',*,*,#4404,.F.);
#3962=ORIENTED_EDGE('',*,*,#4093,.F.);
#3963=ORIENTED_EDGE('',*,*,#4352,.F.);
#3964=ORIENTED_EDGE('',*,*,#4094,.F.);
#3965=ORIENTED_EDGE('',*,*,#4340,.F.);
#3966=ORIENTED_EDGE('',*,*,#4095,.F.);
#3967=ORIENTED_EDGE('',*,*,#4436,.F.);
#3968=ORIENTED_EDGE('',*,*,#4430,.F.);
#3969=ORIENTED_EDGE('',*,*,#4434,.F.);
#3970=ORIENTED_EDGE('',*,*,#4165,.F.);
#3971=ORIENTED_EDGE('',*,*,#4396,.F.);
#3972=ORIENTED_EDGE('',*,*,#4096,.F.);
#3973=ORIENTED_EDGE('',*,*,#4356,.F.);
#3974=ORIENTED_EDGE('',*,*,#4051,.F.);
#3975=ORIENTED_EDGE('',*,*,#4113,.F.);
#3976=ORIENTED_EDGE('',*,*,#4412,.F.);
#3977=ORIENTED_EDGE('',*,*,#4053,.F.);
#3978=ORIENTED_EDGE('',*,*,#4112,.F.);
#3979=ORIENTED_EDGE('',*,*,#4364,.F.);
#3980=ORIENTED_EDGE('',*,*,#4097,.F.);
#3981=ORIENTED_EDGE('',*,*,#4372,.F.);
#3982=ORIENTED_EDGE('',*,*,#4098,.F.);
#3983=ORIENTED_EDGE('',*,*,#4348,.F.);
#3984=ORIENTED_EDGE('',*,*,#4099,.F.);
#3985=ORIENTED_EDGE('',*,*,#4376,.F.);
#3986=ORIENTED_EDGE('',*,*,#4100,.F.);
#3987=ORIENTED_EDGE('',*,*,#4368,.F.);
#3988=ORIENTED_EDGE('',*,*,#4101,.F.);
#3989=ORIENTED_EDGE('',*,*,#4408,.F.);
#3990=ORIENTED_EDGE('',*,*,#4102,.F.);
#3991=ORIENTED_EDGE('',*,*,#4103,.F.);
#3992=ORIENTED_EDGE('',*,*,#5048,.F.);
#3993=ORIENTED_EDGE('',*,*,#4400,.F.);
#3994=ORIENTED_EDGE('',*,*,#4104,.F.);
#3995=ORIENTED_EDGE('',*,*,#4327,.F.);
#3996=ORIENTED_EDGE('',*,*,#4105,.F.);
#3997=ORIENTED_EDGE('',*,*,#4424,.F.);
#3998=ORIENTED_EDGE('',*,*,#4611,.F.);
#3999=ORIENTED_EDGE('',*,*,#4216,.F.);
#4000=ORIENTED_EDGE('',*,*,#4614,.F.);
#4001=ORIENTED_EDGE('',*,*,#4416,.F.);
#4002=ORIENTED_EDGE('',*,*,#4106,.F.);
#4003=ORIENTED_EDGE('',*,*,#4107,.F.);
#4004=ORIENTED_EDGE('',*,*,#4976,.F.);
#4005=ORIENTED_EDGE('',*,*,#4108,.F.);
#4006=ORIENTED_EDGE('',*,*,#5027,.F.);
#4007=ORIENTED_EDGE('',*,*,#4323,.F.);
#4008=ORIENTED_EDGE('',*,*,#4109,.F.);
#4009=ORIENTED_EDGE('',*,*,#4339,.F.);
#4010=ORIENTED_EDGE('',*,*,#4333,.F.);
#4011=ORIENTED_EDGE('',*,*,#4337,.F.);
#4012=ORIENTED_EDGE('',*,*,#4127,.F.);
#4013=ORIENTED_EDGE('',*,*,#4973,.F.);
#4014=ORIENTED_EDGE('',*,*,#4970,.F.);
#4015=ORIENTED_EDGE('',*,*,#4966,.F.);
#4016=ORIENTED_EDGE('',*,*,#4129,.F.);
#4017=ORIENTED_EDGE('',*,*,#4942,.F.);
#4018=ORIENTED_EDGE('',*,*,#4061,.F.);
#4019=ORIENTED_EDGE('',*,*,#4955,.F.);
#4020=ORIENTED_EDGE('',*,*,#4944,.F.);
#4021=ORIENTED_EDGE('',*,*,#4057,.F.);
#4022=ORIENTED_EDGE('',*,*,#4952,.F.);
#4023=ORIENTED_EDGE('',*,*,#4945,.F.);
#4024=ORIENTED_EDGE('',*,*,#4059,.F.);
#4025=ORIENTED_EDGE('',*,*,#4949,.F.);
#4026=EDGE_CURVE('',#5190,#5190,#6033,.T.);
#4027=EDGE_CURVE('',#5191,#5192,#524,.T.);
#4028=EDGE_CURVE('',#5191,#5193,#525,.T.);
#4029=EDGE_CURVE('',#5193,#5194,#526,.T.);
#4030=EDGE_CURVE('',#5194,#5192,#527,.F.);
#4031=EDGE_CURVE('',#5195,#5195,#6034,.T.);
#4032=EDGE_CURVE('',#5196,#5196,#6035,.T.);
#4033=EDGE_CURVE('',#5197,#5197,#6036,.T.);
#4034=EDGE_CURVE('',#5198,#5198,#6037,.T.);
#4035=EDGE_CURVE('',#5199,#5199,#6038,.T.);
#4036=EDGE_CURVE('',#5200,#5200,#6039,.T.);
#4037=EDGE_CURVE('',#5201,#5202,#528,.T.);
#4038=EDGE_CURVE('',#5202,#5203,#529,.F.);
#4039=EDGE_CURVE('',#5204,#5203,#530,.T.);
#4040=EDGE_CURVE('',#5204,#5201,#531,.T.);
#4041=EDGE_CURVE('',#5205,#5206,#532,.T.);
#4042=EDGE_CURVE('',#5205,#5207,#503,.T.);
#4043=EDGE_CURVE('',#5207,#5208,#533,.F.);
#4044=EDGE_CURVE('',#5208,#5209,#534,.T.);
#4045=EDGE_CURVE('',#5209,#5210,#535,.T.);
#4046=EDGE_CURVE('',#5210,#5210,#6040,.T.);
#4047=EDGE_CURVE('',#5210,#5211,#536,.T.);
#4048=EDGE_CURVE('',#5212,#5211,#537,.T.);
#4049=EDGE_CURVE('',#5212,#5213,#504,.T.);
#4050=EDGE_CURVE('',#5214,#5213,#538,.T.);
#4051=EDGE_CURVE('',#5214,#5215,#505,.T.);
#4052=EDGE_CURVE('',#5216,#5215,#539,.T.);
#4053=EDGE_CURVE('',#5216,#5206,#506,.T.);
#4054=EDGE_CURVE('',#5217,#5217,#6041,.T.);
#4055=EDGE_CURVE('',#5218,#5218,#6042,.T.);
#4056=EDGE_CURVE('',#5219,#5220,#6043,.T.);
#4057=EDGE_CURVE('',#5220,#5221,#6044,.F.);
#4058=EDGE_CURVE('',#5221,#5222,#6045,.T.);
#4059=EDGE_CURVE('',#5222,#5219,#6046,.F.);
#4060=EDGE_CURVE('',#5223,#5224,#6047,.T.);
#4061=EDGE_CURVE('',#5224,#5223,#6048,.F.);
#4062=EDGE_CURVE('',#5225,#5225,#6049,.T.);
#4063=EDGE_CURVE('',#5226,#5227,#6050,.T.);
#4064=EDGE_CURVE('',#5228,#5227,#540,.T.);
#4065=EDGE_CURVE('',#5228,#5229,#6051,.T.);
#4066=EDGE_CURVE('',#5229,#5226,#541,.T.);
#4067=EDGE_CURVE('',#5230,#5231,#542,.T.);
#4068=EDGE_CURVE('',#5231,#5232,#543,.T.);
#4069=EDGE_CURVE('',#5233,#5232,#544,.T.);
#4070=EDGE_CURVE('',#5233,#5230,#545,.F.);
#4071=EDGE_CURVE('',#5234,#5235,#546,.F.);
#4072=EDGE_CURVE('',#5235,#5236,#6052,.T.);
#4073=EDGE_CURVE('',#5236,#5237,#547,.T.);
#4074=EDGE_CURVE('',#5237,#5238,#6053,.T.);
#4075=EDGE_CURVE('',#5238,#5239,#548,.T.);
#4076=EDGE_CURVE('',#5239,#5240,#6054,.T.);
#4077=EDGE_CURVE('',#5240,#5241,#549,.F.);
#4078=EDGE_CURVE('',#5241,#5234,#6055,.T.);
#4079=EDGE_CURVE('',#5242,#5243,#550,.T.);
#4080=EDGE_CURVE('',#5242,#5244,#551,.T.);
#4081=EDGE_CURVE('',#5244,#5245,#552,.T.);
#4082=EDGE_CURVE('',#5243,#5245,#553,.T.);
#4083=EDGE_CURVE('',#5246,#5246,#6056,.T.);
#4084=EDGE_CURVE('',#5247,#5247,#6057,.T.);
#4085=EDGE_CURVE('',#5248,#5248,#6058,.T.);
#4086=EDGE_CURVE('',#5249,#5249,#6059,.T.);
#4087=EDGE_CURVE('',#5250,#5250,#6060,.T.);
#4088=EDGE_CURVE('',#5251,#5251,#6061,.T.);
#4089=EDGE_CURVE('',#5252,#5252,#6062,.T.);
#4090=EDGE_CURVE('',#5253,#5253,#6063,.T.);
#4091=EDGE_CURVE('',#5254,#5254,#6064,.T.);
#4092=EDGE_CURVE('',#5255,#5255,#6065,.T.);
#4093=EDGE_CURVE('',#5256,#5256,#6066,.T.);
#4094=EDGE_CURVE('',#5257,#5257,#6067,.T.);
#4095=EDGE_CURVE('',#5258,#5258,#6068,.T.);
#4096=EDGE_CURVE('',#5259,#5259,#6069,.T.);
#4097=EDGE_CURVE('',#5260,#5260,#6070,.T.);
#4098=EDGE_CURVE('',#5261,#5261,#6071,.T.);
#4099=EDGE_CURVE('',#5262,#5262,#6072,.T.);
#4100=EDGE_CURVE('',#5263,#5263,#6073,.T.);
#4101=EDGE_CURVE('',#5264,#5264,#6074,.T.);
#4102=EDGE_CURVE('',#5265,#5265,#6075,.T.);
#4103=EDGE_CURVE('',#5266,#5266,#6076,.T.);
#4104=EDGE_CURVE('',#5267,#5267,#6077,.T.);
#4105=EDGE_CURVE('',#5268,#5268,#6078,.T.);
#4106=EDGE_CURVE('',#5269,#5269,#6079,.T.);
#4107=EDGE_CURVE('',#5270,#5270,#6080,.T.);
#4108=EDGE_CURVE('',#5271,#5271,#6081,.T.);
#4109=EDGE_CURVE('',#5272,#5272,#6082,.T.);
#4110=EDGE_CURVE('',#5273,#5274,#6083,.T.);
#4111=EDGE_CURVE('',#5273,#5205,#6084,.T.);
#4112=EDGE_CURVE('',#5206,#5216,#6085,.T.);
#4113=EDGE_CURVE('',#5215,#5214,#6086,.T.);
#4114=EDGE_CURVE('',#5213,#5212,#6087,.T.);
#4115=EDGE_CURVE('',#5211,#5275,#6088,.F.);
#4116=EDGE_CURVE('',#5276,#5275,#554,.T.);
#4117=EDGE_CURVE('',#5277,#5276,#6089,.T.);
#4118=EDGE_CURVE('',#5277,#5278,#555,.T.);
#4119=EDGE_CURVE('',#5278,#5202,#6090,.F.);
#4120=EDGE_CURVE('',#5201,#5279,#6091,.F.);
#4121=EDGE_CURVE('',#5280,#5279,#556,.T.);
#4122=EDGE_CURVE('',#5281,#5280,#6092,.T.);
#4123=EDGE_CURVE('',#5281,#5282,#557,.T.);
#4124=EDGE_CURVE('',#5282,#5194,#6093,.F.);
#4125=EDGE_CURVE('',#5193,#5283,#6094,.F.);
#4126=EDGE_CURVE('',#5284,#5283,#558,.T.);
#4127=EDGE_CURVE('',#5284,#5285,#6095,.T.);
#4128=EDGE_CURVE('',#5285,#5286,#6096,.T.);
#4129=EDGE_CURVE('',#5286,#5287,#6097,.T.);
#4130=EDGE_CURVE('',#5287,#5288,#559,.T.);
#4131=EDGE_CURVE('',#5288,#5233,#6098,.F.);
#4132=EDGE_CURVE('',#5232,#5289,#6099,.F.);
#4133=EDGE_CURVE('',#5274,#5289,#560,.T.);
#4134=EDGE_CURVE('',#5290,#5291,#6100,.F.);
#4135=EDGE_CURVE('',#5290,#5292,#561,.T.);
#4136=EDGE_CURVE('',#5293,#5292,#6101,.F.);
#4137=EDGE_CURVE('',#5293,#5294,#562,.T.);
#4138=EDGE_CURVE('',#5295,#5294,#6102,.F.);
#4139=EDGE_CURVE('',#5296,#5295,#563,.T.);
#4140=EDGE_CURVE('',#5297,#5296,#6103,.F.);
#4141=EDGE_CURVE('',#5291,#5297,#564,.T.);
#4142=EDGE_CURVE('',#5298,#5299,#565,.T.);
#4143=EDGE_CURVE('',#5300,#5299,#566,.T.);
#4144=EDGE_CURVE('',#5301,#5300,#567,.T.);
#4145=EDGE_CURVE('',#5301,#5298,#568,.T.);
#4146=EDGE_CURVE('',#5302,#5302,#6104,.T.);
#4147=EDGE_CURVE('',#5303,#5303,#6105,.T.);
#4148=EDGE_CURVE('',#5304,#5305,#569,.T.);
#4149=EDGE_CURVE('',#5305,#5306,#570,.T.);
#4150=EDGE_CURVE('',#5307,#5306,#571,.T.);
#4151=EDGE_CURVE('',#5304,#5307,#572,.T.);
#4152=EDGE_CURVE('',#5308,#5308,#6106,.T.);
#4153=EDGE_CURVE('',#5309,#5310,#573,.T.);
#4154=EDGE_CURVE('',#5310,#5311,#574,.T.);
#4155=EDGE_CURVE('',#5312,#5311,#575,.T.);
#4156=EDGE_CURVE('',#5309,#5312,#576,.T.);
#4157=EDGE_CURVE('',#5313,#5314,#577,.T.);
#4158=EDGE_CURVE('',#5314,#5315,#578,.T.);
#4159=EDGE_CURVE('',#5316,#5315,#579,.T.);
#4160=EDGE_CURVE('',#5313,#5316,#580,.T.);
#4161=EDGE_CURVE('',#5317,#5317,#6107,.T.);
#4162=EDGE_CURVE('',#5318,#5318,#6108,.T.);
#4163=EDGE_CURVE('',#5319,#5319,#6109,.T.);
#4164=EDGE_CURVE('',#5320,#5321,#6110,.T.);
#4165=EDGE_CURVE('',#5321,#5320,#6111,.T.);
#4166=EDGE_CURVE('',#5322,#5323,#581,.T.);
#4167=EDGE_CURVE('',#5324,#5323,#582,.T.);
#4168=EDGE_CURVE('',#5325,#5324,#583,.T.);
#4169=EDGE_CURVE('',#5325,#5322,#584,.T.);
#4170=EDGE_CURVE('',#5326,#5327,#585,.T.);
#4171=EDGE_CURVE('',#5327,#5328,#586,.T.);
#4172=EDGE_CURVE('',#5329,#5328,#587,.T.);
#4173=EDGE_CURVE('',#5326,#5329,#588,.T.);
#4174=EDGE_CURVE('',#5330,#5330,#6112,.T.);
#4175=EDGE_CURVE('',#5331,#5332,#589,.T.);
#4176=EDGE_CURVE('',#5332,#5333,#590,.T.);
#4177=EDGE_CURVE('',#5334,#5333,#591,.T.);
#4178=EDGE_CURVE('',#5331,#5334,#592,.T.);
#4179=EDGE_CURVE('',#5335,#5336,#593,.T.);
#4180=EDGE_CURVE('',#5336,#5337,#594,.T.);
#4181=EDGE_CURVE('',#5338,#5337,#595,.T.);
#4182=EDGE_CURVE('',#5335,#5338,#596,.T.);
#4183=EDGE_CURVE('',#5339,#5340,#597,.T.);
#4184=EDGE_CURVE('',#5340,#5341,#598,.T.);
#4185=EDGE_CURVE('',#5342,#5341,#599,.T.);
#4186=EDGE_CURVE('',#5339,#5342,#600,.T.);
#4187=EDGE_CURVE('',#5343,#5344,#601,.T.);
#4188=EDGE_CURVE('',#5344,#5345,#602,.T.);
#4189=EDGE_CURVE('',#5346,#5345,#603,.T.);
#4190=EDGE_CURVE('',#5343,#5346,#604,.T.);
#4191=EDGE_CURVE('',#5347,#5348,#605,.T.);
#4192=EDGE_CURVE('',#5348,#5349,#606,.T.);
#4193=EDGE_CURVE('',#5350,#5349,#607,.T.);
#4194=EDGE_CURVE('',#5347,#5350,#608,.T.);
#4195=EDGE_CURVE('',#5351,#5352,#609,.T.);
#4196=EDGE_CURVE('',#5352,#5353,#610,.T.);
#4197=EDGE_CURVE('',#5354,#5353,#611,.T.);
#4198=EDGE_CURVE('',#5351,#5354,#612,.T.);
#4199=EDGE_CURVE('',#5355,#5356,#613,.T.);
#4200=EDGE_CURVE('',#5357,#5356,#614,.T.);
#4201=EDGE_CURVE('',#5358,#5357,#615,.T.);
#4202=EDGE_CURVE('',#5358,#5355,#616,.T.);
#4203=EDGE_CURVE('',#5359,#5360,#617,.T.);
#4204=EDGE_CURVE('',#5361,#5360,#618,.T.);
#4205=EDGE_CURVE('',#5362,#5361,#619,.T.);
#4206=EDGE_CURVE('',#5362,#5359,#620,.T.);
#4207=EDGE_CURVE('',#5363,#5364,#621,.T.);
#4208=EDGE_CURVE('',#5365,#5364,#622,.T.);
#4209=EDGE_CURVE('',#5366,#5365,#623,.T.);
#4210=EDGE_CURVE('',#5366,#5363,#624,.T.);
#4211=EDGE_CURVE('',#5367,#5368,#625,.T.);
#4212=EDGE_CURVE('',#5367,#5369,#626,.T.);
#4213=EDGE_CURVE('',#5369,#5370,#627,.T.);
#4214=EDGE_CURVE('',#5368,#5370,#628,.T.);
#4215=EDGE_CURVE('',#5371,#5372,#629,.T.);
#4216=EDGE_CURVE('',#5371,#5373,#6113,.T.);
#4217=EDGE_CURVE('',#5373,#5374,#630,.T.);
#4218=EDGE_CURVE('',#5374,#5375,#631,.T.);
#4219=EDGE_CURVE('',#5372,#5375,#632,.T.);
#4220=EDGE_CURVE('',#5376,#5377,#633,.T.);
#4221=EDGE_CURVE('',#5376,#5378,#634,.T.);
#4222=EDGE_CURVE('',#5378,#5379,#635,.T.);
#4223=EDGE_CURVE('',#5377,#5379,#636,.T.);
#4224=EDGE_CURVE('',#5380,#5380,#6114,.T.);
#4225=EDGE_CURVE('',#5381,#5381,#6115,.T.);
#4226=EDGE_CURVE('',#5382,#5383,#637,.T.);
#4227=EDGE_CURVE('',#5383,#5384,#638,.T.);
#4228=EDGE_CURVE('',#5385,#5384,#639,.T.);
#4229=EDGE_CURVE('',#5382,#5385,#640,.T.);
#4230=EDGE_CURVE('',#5386,#5386,#6116,.T.);
#4231=EDGE_CURVE('',#5387,#5387,#6117,.T.);
#4232=EDGE_CURVE('',#5388,#5388,#6118,.T.);
#4233=EDGE_CURVE('',#5389,#5389,#6119,.T.);
#4234=EDGE_CURVE('',#5390,#5390,#6120,.T.);
#4235=EDGE_CURVE('',#5391,#5391,#6121,.T.);
#4236=EDGE_CURVE('',#5392,#5392,#6122,.T.);
#4237=EDGE_CURVE('',#5393,#5393,#6123,.T.);
#4238=EDGE_CURVE('',#5394,#5394,#6124,.T.);
#4239=EDGE_CURVE('',#5395,#5395,#6125,.T.);
#4240=EDGE_CURVE('',#5396,#5396,#6126,.T.);
#4241=EDGE_CURVE('',#5397,#5397,#6127,.T.);
#4242=EDGE_CURVE('',#5398,#5398,#6128,.T.);
#4243=EDGE_CURVE('',#5399,#5399,#6129,.T.);
#4244=EDGE_CURVE('',#5400,#5400,#6130,.T.);
#4245=EDGE_CURVE('',#5401,#5401,#6131,.T.);
#4246=EDGE_CURVE('',#5402,#5402,#6132,.T.);
#4247=EDGE_CURVE('',#5403,#5403,#6133,.T.);
#4248=EDGE_CURVE('',#5404,#5404,#6134,.T.);
#4249=EDGE_CURVE('',#5405,#5406,#641,.T.);
#4250=EDGE_CURVE('',#5406,#5407,#6135,.T.);
#4251=EDGE_CURVE('',#5407,#5408,#642,.T.);
#4252=EDGE_CURVE('',#5409,#5408,#643,.T.);
#4253=EDGE_CURVE('',#5409,#5405,#644,.T.);
#4254=EDGE_CURVE('',#5410,#5411,#645,.T.);
#4255=EDGE_CURVE('',#5411,#5412,#646,.T.);
#4256=EDGE_CURVE('',#5413,#5412,#647,.T.);
#4257=EDGE_CURVE('',#5410,#5413,#648,.T.);
#4258=EDGE_CURVE('',#5414,#5415,#649,.T.);
#4259=EDGE_CURVE('',#5415,#5416,#650,.T.);
#4260=EDGE_CURVE('',#5417,#5416,#651,.T.);
#4261=EDGE_CURVE('',#5414,#5417,#652,.T.);
#4262=EDGE_CURVE('',#5418,#5419,#653,.T.);
#4263=EDGE_CURVE('',#5418,#5420,#654,.T.);
#4264=EDGE_CURVE('',#5420,#5421,#655,.T.);
#4265=EDGE_CURVE('',#5419,#5421,#656,.T.);
#4266=EDGE_CURVE('',#5422,#5423,#657,.T.);
#4267=EDGE_CURVE('',#5422,#5424,#658,.T.);
#4268=EDGE_CURVE('',#5424,#5425,#659,.T.);
#4269=EDGE_CURVE('',#5423,#5425,#660,.T.);
#4270=EDGE_CURVE('',#5426,#5427,#661,.T.);
#4271=EDGE_CURVE('',#5426,#5428,#662,.T.);
#4272=EDGE_CURVE('',#5428,#5429,#663,.T.);
#4273=EDGE_CURVE('',#5427,#5429,#664,.T.);
#4274=EDGE_CURVE('',#5430,#5431,#665,.T.);
#4275=EDGE_CURVE('',#5430,#5432,#666,.T.);
#4276=EDGE_CURVE('',#5432,#5433,#667,.T.);
#4277=EDGE_CURVE('',#5431,#5433,#668,.T.);
#4278=EDGE_CURVE('',#5434,#5435,#669,.T.);
#4279=EDGE_CURVE('',#5434,#5436,#670,.T.);
#4280=EDGE_CURVE('',#5436,#5437,#671,.T.);
#4281=EDGE_CURVE('',#5435,#5437,#672,.T.);
#4282=EDGE_CURVE('',#5438,#5439,#673,.T.);
#4283=EDGE_CURVE('',#5439,#5440,#674,.T.);
#4284=EDGE_CURVE('',#5441,#5440,#675,.T.);
#4285=EDGE_CURVE('',#5438,#5441,#676,.T.);
#4286=EDGE_CURVE('',#5442,#5443,#677,.T.);
#4287=EDGE_CURVE('',#5443,#5444,#678,.T.);
#4288=EDGE_CURVE('',#5445,#5444,#679,.T.);
#4289=EDGE_CURVE('',#5442,#5445,#680,.T.);
#4290=EDGE_CURVE('',#5446,#5447,#681,.T.);
#4291=EDGE_CURVE('',#5446,#5448,#6136,.T.);
#4292=EDGE_CURVE('',#5449,#5448,#682,.T.);
#4293=EDGE_CURVE('',#5449,#5450,#6137,.T.);
#4294=EDGE_CURVE('',#5450,#5451,#683,.T.);
#4295=EDGE_CURVE('',#5451,#5452,#6138,.T.);
#4296=EDGE_CURVE('',#5452,#5453,#684,.T.);
#4297=EDGE_CURVE('',#5453,#5447,#6139,.T.);
#4298=EDGE_CURVE('',#5454,#5454,#6140,.T.);
#4299=EDGE_CURVE('',#5455,#5455,#6141,.T.);
#4300=EDGE_CURVE('',#5456,#5456,#6142,.T.);
#4301=EDGE_CURVE('',#5457,#5457,#6143,.T.);
#4302=EDGE_CURVE('',#5458,#5458,#6144,.T.);
#4303=EDGE_CURVE('',#5459,#5459,#6145,.T.);
#4304=EDGE_CURVE('',#5460,#5460,#6146,.T.);
#4305=EDGE_CURVE('',#5461,#5461,#6147,.T.);
#4306=EDGE_CURVE('',#5462,#5462,#6148,.F.);
#4307=EDGE_CURVE('',#5463,#5463,#6149,.F.);
#4308=EDGE_CURVE('',#5464,#5464,#6150,.F.);
#4309=EDGE_CURVE('',#5465,#5465,#6151,.F.);
#4310=EDGE_CURVE('',#5466,#5466,#6152,.F.);
#4311=EDGE_CURVE('',#5467,#5468,#6153,.F.);
#4312=EDGE_CURVE('',#5468,#5469,#685,.T.);
#4313=EDGE_CURVE('',#5469,#5470,#6154,.F.);
#4314=EDGE_CURVE('',#5470,#5467,#686,.F.);
#4315=EDGE_CURVE('',#5471,#5472,#687,.F.);
#4316=EDGE_CURVE('',#5472,#5473,#688,.T.);
#4317=EDGE_CURVE('',#5473,#5474,#689,.T.);
#4318=EDGE_CURVE('',#5474,#5471,#690,.F.);
#4319=EDGE_CURVE('',#5475,#5475,#6155,.T.);
#4320=EDGE_CURVE('',#5476,#5476,#6156,.T.);
#4321=EDGE_CURVE('',#5477,#5477,#6157,.T.);
#4322=EDGE_CURVE('',#5478,#5478,#6158,.T.);
#4323=EDGE_CURVE('',#5479,#5479,#6159,.F.);
#4324=EDGE_CURVE('',#5480,#5480,#6160,.T.);
#4325=EDGE_CURVE('',#5481,#5481,#6161,.T.);
#4326=EDGE_CURVE('',#5482,#5482,#6162,.T.);
#4327=EDGE_CURVE('',#5483,#5483,#6163,.F.);
#4328=EDGE_CURVE('',#5484,#5484,#6164,.T.);
#4329=EDGE_CURVE('',#5485,#5485,#6165,.T.);
#4330=EDGE_CURVE('',#5486,#5486,#6166,.T.);
#4331=EDGE_CURVE('',#5487,#5487,#6167,.T.);
#4332=EDGE_CURVE('',#5488,#5489,#6168,.T.);
#4333=EDGE_CURVE('',#5488,#5489,#6169,.F.);
#4334=EDGE_CURVE('',#5490,#5490,#6170,.T.);
#4335=EDGE_CURVE('',#5491,#5491,#6171,.T.);
#4336=EDGE_CURVE('',#5492,#5492,#6172,.T.);
#4337=EDGE_CURVE('',#5285,#5488,#507,.T.);
#4338=EDGE_CURVE('',#5489,#5488,#6173,.T.);
#4339=EDGE_CURVE('',#5489,#5286,#508,.T.);
#4340=EDGE_CURVE('',#5493,#5493,#6174,.F.);
#4341=EDGE_CURVE('',#5494,#5494,#6175,.T.);
#4342=EDGE_CURVE('',#5495,#5495,#6176,.T.);
#4343=EDGE_CURVE('',#5496,#5496,#6177,.T.);
#4344=EDGE_CURVE('',#5497,#5497,#6178,.F.);
#4345=EDGE_CURVE('',#5498,#5498,#6179,.T.);
#4346=EDGE_CURVE('',#5499,#5499,#6180,.T.);
#4347=EDGE_CURVE('',#5500,#5500,#6181,.T.);
#4348=EDGE_CURVE('',#5501,#5501,#6182,.F.);
#4349=EDGE_CURVE('',#5502,#5502,#6183,.T.);
#4350=EDGE_CURVE('',#5503,#5503,#6184,.T.);
#4351=EDGE_CURVE('',#5504,#5504,#6185,.T.);
#4352=EDGE_CURVE('',#5505,#5505,#6186,.F.);
#4353=EDGE_CURVE('',#5506,#5506,#6187,.T.);
#4354=EDGE_CURVE('',#5507,#5507,#6188,.T.);
#4355=EDGE_CURVE('',#5508,#5508,#6189,.T.);
#4356=EDGE_CURVE('',#5509,#5509,#6190,.F.);
#4357=EDGE_CURVE('',#5510,#5510,#6191,.T.);
#4358=EDGE_CURVE('',#5511,#5511,#6192,.T.);
#4359=EDGE_CURVE('',#5512,#5512,#6193,.T.);
#4360=EDGE_CURVE('',#5513,#5513,#6194,.F.);
#4361=EDGE_CURVE('',#5514,#5514,#6195,.T.);
#4362=EDGE_CURVE('',#5515,#5515,#6196,.T.);
#4363=EDGE_CURVE('',#5516,#5516,#6197,.T.);
#4364=EDGE_CURVE('',#5517,#5517,#6198,.F.);
#4365=EDGE_CURVE('',#5518,#5518,#6199,.T.);
#4366=EDGE_CURVE('',#5519,#5519,#6200,.T.);
#4367=EDGE_CURVE('',#5520,#5520,#6201,.T.);
#4368=EDGE_CURVE('',#5521,#5521,#6202,.F.);
#4369=EDGE_CURVE('',#5522,#5522,#6203,.T.);
#4370=EDGE_CURVE('',#5523,#5523,#6204,.T.);
#4371=EDGE_CURVE('',#5524,#5524,#6205,.T.);
#4372=EDGE_CURVE('',#5525,#5525,#6206,.F.);
#4373=EDGE_CURVE('',#5526,#5526,#6207,.T.);
#4374=EDGE_CURVE('',#5527,#5527,#6208,.T.);
#4375=EDGE_CURVE('',#5528,#5528,#6209,.T.);
#4376=EDGE_CURVE('',#5529,#5529,#6210,.F.);
#4377=EDGE_CURVE('',#5530,#5530,#6211,.T.);
#4378=EDGE_CURVE('',#5531,#5531,#6212,.T.);
#4379=EDGE_CURVE('',#5532,#5532,#6213,.T.);
#4380=EDGE_CURVE('',#5533,#5533,#6214,.F.);
#4381=EDGE_CURVE('',#5534,#5534,#6215,.T.);
#4382=EDGE_CURVE('',#5535,#5535,#6216,.T.);
#4383=EDGE_CURVE('',#5536,#5536,#6217,.T.);
#4384=EDGE_CURVE('',#5537,#5537,#6218,.F.);
#4385=EDGE_CURVE('',#5538,#5538,#6219,.T.);
#4386=EDGE_CURVE('',#5539,#5539,#6220,.T.);
#4387=EDGE_CURVE('',#5540,#5540,#6221,.T.);
#4388=EDGE_CURVE('',#5541,#5541,#6222,.F.);
#4389=EDGE_CURVE('',#5542,#5542,#6223,.T.);
#4390=EDGE_CURVE('',#5543,#5543,#6224,.T.);
#4391=EDGE_CURVE('',#5544,#5544,#6225,.T.);
#4392=EDGE_CURVE('',#5545,#5545,#6226,.F.);
#4393=EDGE_CURVE('',#5546,#5546,#6227,.T.);
#4394=EDGE_CURVE('',#5547,#5547,#6228,.T.);
#4395=EDGE_CURVE('',#5548,#5548,#6229,.T.);
#4396=EDGE_CURVE('',#5549,#5549,#6230,.F.);
#4397=EDGE_CURVE('',#5550,#5550,#6231,.T.);
#4398=EDGE_CURVE('',#5551,#5551,#6232,.T.);
#4399=EDGE_CURVE('',#5552,#5552,#6233,.T.);
#4400=EDGE_CURVE('',#5553,#5553,#6234,.F.);
#4401=EDGE_CURVE('',#5554,#5554,#6235,.T.);
#4402=EDGE_CURVE('',#5555,#5555,#6236,.T.);
#4403=EDGE_CURVE('',#5556,#5556,#6237,.T.);
#4404=EDGE_CURVE('',#5557,#5557,#6238,.F.);
#4405=EDGE_CURVE('',#5558,#5558,#6239,.T.);
#4406=EDGE_CURVE('',#5559,#5559,#6240,.T.);
#4407=EDGE_CURVE('',#5560,#5560,#6241,.T.);
#4408=EDGE_CURVE('',#5561,#5561,#6242,.F.);
#4409=EDGE_CURVE('',#5562,#5562,#6243,.T.);
#4410=EDGE_CURVE('',#5563,#5563,#6244,.T.);
#4411=EDGE_CURVE('',#5564,#5564,#6245,.T.);
#4412=EDGE_CURVE('',#5565,#5565,#6246,.F.);
#4413=EDGE_CURVE('',#5566,#5566,#6247,.T.);
#4414=EDGE_CURVE('',#5567,#5567,#6248,.T.);
#4415=EDGE_CURVE('',#5568,#5568,#6249,.T.);
#4416=EDGE_CURVE('',#5569,#5569,#6250,.F.);
#4417=EDGE_CURVE('',#5570,#5570,#6251,.T.);
#4418=EDGE_CURVE('',#5571,#5571,#6252,.T.);
#4419=EDGE_CURVE('',#5572,#5572,#6253,.T.);
#4420=EDGE_CURVE('',#5573,#5573,#6254,.F.);
#4421=EDGE_CURVE('',#5574,#5574,#6255,.T.);
#4422=EDGE_CURVE('',#5575,#5575,#6256,.T.);
#4423=EDGE_CURVE('',#5576,#5576,#6257,.T.);
#4424=EDGE_CURVE('',#5577,#5577,#6258,.F.);
#4425=EDGE_CURVE('',#5578,#5578,#6259,.T.);
#4426=EDGE_CURVE('',#5579,#5579,#6260,.T.);
#4427=EDGE_CURVE('',#5580,#5580,#6261,.T.);
#4428=EDGE_CURVE('',#5581,#5581,#6262,.T.);
#4429=EDGE_CURVE('',#5582,#5583,#6263,.T.);
#4430=EDGE_CURVE('',#5582,#5583,#6264,.F.);
#4431=EDGE_CURVE('',#5584,#5584,#6265,.T.);
#4432=EDGE_CURVE('',#5585,#5585,#6266,.T.);
#4433=EDGE_CURVE('',#5586,#5586,#6267,.T.);
#4434=EDGE_CURVE('',#5320,#5582,#509,.T.);
#4435=EDGE_CURVE('',#5583,#5582,#6268,.T.);
#4436=EDGE_CURVE('',#5583,#5321,#510,.T.);
#4437=EDGE_CURVE('',#5587,#5587,#6269,.F.);
#4438=EDGE_CURVE('',#5588,#5588,#6270,.T.);
#4439=EDGE_CURVE('',#5589,#5589,#6271,.T.);
#4440=EDGE_CURVE('',#5590,#5590,#6272,.T.);
#4441=EDGE_CURVE('',#5291,#5591,#691,.T.);
#4442=EDGE_CURVE('',#5297,#5592,#692,.T.);
#4443=EDGE_CURVE('',#5591,#5592,#693,.T.);
#4444=EDGE_CURVE('',#5290,#5593,#694,.T.);
#4445=EDGE_CURVE('',#5593,#5594,#695,.T.);
#4446=EDGE_CURVE('',#5292,#5594,#696,.T.);
#4447=EDGE_CURVE('',#5293,#5595,#697,.T.);
#4448=EDGE_CURVE('',#5595,#5596,#698,.T.);
#4449=EDGE_CURVE('',#5294,#5596,#699,.T.);
#4450=EDGE_CURVE('',#5296,#5597,#700,.T.);
#4451=EDGE_CURVE('',#5295,#5598,#701,.T.);
#4452=EDGE_CURVE('',#5597,#5598,#702,.T.);
#4453=EDGE_CURVE('',#5599,#5599,#6273,.T.);
#4454=EDGE_CURVE('',#5591,#5593,#6274,.T.);
#4455=EDGE_CURVE('',#5600,#5600,#6275,.T.);
#4456=EDGE_CURVE('',#5594,#5595,#6276,.T.);
#4457=EDGE_CURVE('',#5601,#5601,#6277,.T.);
#4458=EDGE_CURVE('',#5596,#5598,#6278,.T.);
#4459=EDGE_CURVE('',#5602,#5602,#6279,.T.);
#4460=EDGE_CURVE('',#5597,#5592,#6280,.T.);
#4461=EDGE_CURVE('',#5603,#5603,#6281,.T.);
#4462=EDGE_CURVE('',#5604,#5604,#6282,.T.);
#4463=EDGE_CURVE('',#5605,#5605,#6283,.T.);
#4464=EDGE_CURVE('',#5606,#5606,#6284,.T.);
#4465=EDGE_CURVE('',#5607,#5607,#6285,.T.);
#4466=EDGE_CURVE('',#5608,#5608,#6286,.T.);
#4467=EDGE_CURVE('',#5609,#5609,#6287,.T.);
#4468=EDGE_CURVE('',#5610,#5610,#6288,.T.);
#4469=EDGE_CURVE('',#5611,#5611,#6289,.T.);
#4470=EDGE_CURVE('',#5612,#5612,#6290,.T.);
#4471=EDGE_CURVE('',#5613,#5613,#6291,.T.);
#4472=EDGE_CURVE('',#5614,#5614,#6292,.T.);
#4473=EDGE_CURVE('',#5615,#5615,#6293,.F.);
#4474=EDGE_CURVE('',#5450,#5616,#703,.T.);
#4475=EDGE_CURVE('',#5616,#5617,#704,.T.);
#4476=EDGE_CURVE('',#5451,#5617,#705,.T.);
#4477=EDGE_CURVE('',#5452,#5618,#706,.T.);
#4478=EDGE_CURVE('',#5618,#5619,#707,.T.);
#4479=EDGE_CURVE('',#5453,#5619,#708,.T.);
#4480=EDGE_CURVE('',#5446,#5620,#709,.T.);
#4481=EDGE_CURVE('',#5447,#5621,#710,.T.);
#4482=EDGE_CURVE('',#5620,#5621,#711,.T.);
#4483=EDGE_CURVE('',#5449,#5622,#712,.T.);
#4484=EDGE_CURVE('',#5448,#5623,#713,.T.);
#4485=EDGE_CURVE('',#5622,#5623,#714,.T.);
#4486=EDGE_CURVE('',#5624,#5624,#6294,.T.);
#4487=EDGE_CURVE('',#5623,#5620,#6295,.T.);
#4488=EDGE_CURVE('',#5625,#5625,#6296,.T.);
#4489=EDGE_CURVE('',#5616,#5622,#6297,.T.);
#4490=EDGE_CURVE('',#5626,#5626,#6298,.T.);
#4491=EDGE_CURVE('',#5618,#5617,#6299,.T.);
#4492=EDGE_CURVE('',#5627,#5627,#6300,.T.);
#4493=EDGE_CURVE('',#5621,#5619,#6301,.T.);
#4494=EDGE_CURVE('',#5628,#5628,#6302,.T.);
#4495=EDGE_CURVE('',#5629,#5629,#6303,.T.);
#4496=EDGE_CURVE('',#5630,#5630,#6304,.T.);
#4497=EDGE_CURVE('',#5631,#5631,#6305,.T.);
#4498=EDGE_CURVE('',#5632,#5632,#6306,.T.);
#4499=EDGE_CURVE('',#5633,#5633,#6307,.T.);
#4500=EDGE_CURVE('',#5634,#5634,#6308,.T.);
#4501=EDGE_CURVE('',#5635,#5635,#6309,.T.);
#4502=EDGE_CURVE('',#5636,#5636,#6310,.T.);
#4503=EDGE_CURVE('',#5637,#5637,#6311,.T.);
#4504=EDGE_CURVE('',#5638,#5638,#6312,.T.);
#4505=EDGE_CURVE('',#5639,#5639,#6313,.T.);
#4506=EDGE_CURVE('',#5640,#5640,#6314,.F.);
#4507=EDGE_CURVE('',#5442,#5641,#715,.T.);
#4508=EDGE_CURVE('',#5641,#5642,#716,.T.);
#4509=EDGE_CURVE('',#5443,#5642,#717,.T.);
#4510=EDGE_CURVE('',#5445,#5643,#718,.T.);
#4511=EDGE_CURVE('',#5643,#5641,#719,.F.);
#4512=EDGE_CURVE('',#5444,#5644,#720,.T.);
#4513=EDGE_CURVE('',#5644,#5643,#721,.F.);
#4514=EDGE_CURVE('',#5438,#5645,#722,.T.);
#4515=EDGE_CURVE('',#5645,#5646,#723,.T.);
#4516=EDGE_CURVE('',#5439,#5646,#724,.T.);
#4517=EDGE_CURVE('',#5441,#5647,#725,.T.);
#4518=EDGE_CURVE('',#5647,#5645,#726,.F.);
#4519=EDGE_CURVE('',#5440,#5648,#727,.T.);
#4520=EDGE_CURVE('',#5648,#5647,#728,.F.);
#4521=EDGE_CURVE('',#5435,#5649,#729,.T.);
#4522=EDGE_CURVE('',#5649,#5650,#730,.F.);
#4523=EDGE_CURVE('',#5434,#5650,#731,.T.);
#4524=EDGE_CURVE('',#5437,#5651,#732,.T.);
#4525=EDGE_CURVE('',#5651,#5649,#733,.F.);
#4526=EDGE_CURVE('',#5436,#5652,#734,.T.);
#4527=EDGE_CURVE('',#5652,#5651,#735,.T.);
#4528=EDGE_CURVE('',#5431,#5653,#736,.T.);
#4529=EDGE_CURVE('',#5653,#5654,#737,.F.);
#4530=EDGE_CURVE('',#5430,#5654,#738,.T.);
#4531=EDGE_CURVE('',#5433,#5655,#739,.T.);
#4532=EDGE_CURVE('',#5655,#5653,#740,.F.);
#4533=EDGE_CURVE('',#5432,#5656,#741,.T.);
#4534=EDGE_CURVE('',#5656,#5655,#742,.T.);
#4535=EDGE_CURVE('',#5427,#5657,#743,.T.);
#4536=EDGE_CURVE('',#5657,#5658,#744,.F.);
#4537=EDGE_CURVE('',#5426,#5658,#745,.T.);
#4538=EDGE_CURVE('',#5429,#5659,#746,.T.);
#4539=EDGE_CURVE('',#5659,#5657,#747,.F.);
#4540=EDGE_CURVE('',#5428,#5660,#748,.T.);
#4541=EDGE_CURVE('',#5660,#5659,#749,.T.);
#4542=EDGE_CURVE('',#5423,#5661,#750,.T.);
#4543=EDGE_CURVE('',#5661,#5662,#751,.F.);
#4544=EDGE_CURVE('',#5422,#5662,#752,.T.);
#4545=EDGE_CURVE('',#5425,#5663,#753,.T.);
#4546=EDGE_CURVE('',#5663,#5661,#754,.F.);
#4547=EDGE_CURVE('',#5424,#5664,#755,.T.);
#4548=EDGE_CURVE('',#5664,#5663,#756,.T.);
#4549=EDGE_CURVE('',#5419,#5665,#757,.T.);
#4550=EDGE_CURVE('',#5665,#5666,#758,.F.);
#4551=EDGE_CURVE('',#5418,#5666,#759,.T.);
#4552=EDGE_CURVE('',#5421,#5667,#760,.T.);
#4553=EDGE_CURVE('',#5667,#5665,#761,.F.);
#4554=EDGE_CURVE('',#5420,#5668,#762,.T.);
#4555=EDGE_CURVE('',#5668,#5667,#763,.T.);
#4556=EDGE_CURVE('',#5414,#5669,#764,.T.);
#4557=EDGE_CURVE('',#5669,#5670,#765,.T.);
#4558=EDGE_CURVE('',#5415,#5670,#766,.T.);
#4559=EDGE_CURVE('',#5417,#5671,#767,.T.);
#4560=EDGE_CURVE('',#5671,#5669,#768,.F.);
#4561=EDGE_CURVE('',#5416,#5672,#769,.T.);
#4562=EDGE_CURVE('',#5672,#5671,#770,.F.);
#4563=EDGE_CURVE('',#5410,#5673,#771,.T.);
#4564=EDGE_CURVE('',#5673,#5674,#772,.T.);
#4565=EDGE_CURVE('',#5411,#5674,#773,.T.);
#4566=EDGE_CURVE('',#5413,#5675,#774,.T.);
#4567=EDGE_CURVE('',#5675,#5673,#775,.F.);
#4568=EDGE_CURVE('',#5412,#5676,#776,.T.);
#4569=EDGE_CURVE('',#5676,#5675,#777,.F.);
#4570=EDGE_CURVE('',#5677,#5677,#6315,.T.);
#4571=EDGE_CURVE('',#5678,#5679,#778,.F.);
#4572=EDGE_CURVE('',#5679,#5680,#779,.F.);
#4573=EDGE_CURVE('',#5680,#5681,#780,.T.);
#4574=EDGE_CURVE('',#5681,#5678,#781,.T.);
#4575=EDGE_CURVE('',#5682,#5682,#6316,.F.);
#4576=EDGE_CURVE('',#5683,#5683,#6317,.F.);
#4577=EDGE_CURVE('',#5684,#5684,#6318,.T.);
#4578=EDGE_CURVE('',#5685,#5685,#6319,.T.);
#4579=EDGE_CURVE('',#5686,#5686,#6320,.T.);
#4580=EDGE_CURVE('',#5687,#5687,#6321,.T.);
#4581=EDGE_CURVE('',#5688,#5689,#782,.F.);
#4582=EDGE_CURVE('',#5689,#5690,#783,.T.);
#4583=EDGE_CURVE('',#5690,#5691,#784,.T.);
#4584=EDGE_CURVE('',#5691,#5688,#785,.F.);
#4585=EDGE_CURVE('',#5692,#5693,#786,.T.);
#4586=EDGE_CURVE('',#5693,#5694,#787,.T.);
#4587=EDGE_CURVE('',#5408,#5694,#788,.T.);
#4588=EDGE_CURVE('',#5407,#5692,#511,.T.);
#4589=EDGE_CURVE('',#5405,#5695,#789,.T.);
#4590=EDGE_CURVE('',#5695,#5693,#790,.T.);
#4591=EDGE_CURVE('',#5692,#5406,#512,.T.);
#4592=EDGE_CURVE('',#5409,#5696,#791,.T.);
#4593=EDGE_CURVE('',#5696,#5695,#792,.T.);
#4594=EDGE_CURVE('',#5382,#5697,#793,.T.);
#4595=EDGE_CURVE('',#5697,#5698,#794,.T.);
#4596=EDGE_CURVE('',#5383,#5698,#795,.T.);
#4597=EDGE_CURVE('',#5385,#5699,#796,.T.);
#4598=EDGE_CURVE('',#5699,#5697,#797,.F.);
#4599=EDGE_CURVE('',#5384,#5700,#798,.T.);
#4600=EDGE_CURVE('',#5700,#5699,#799,.F.);
#4601=EDGE_CURVE('',#5377,#5701,#800,.T.);
#4602=EDGE_CURVE('',#5701,#5702,#801,.F.);
#4603=EDGE_CURVE('',#5376,#5702,#802,.T.);
#4604=EDGE_CURVE('',#5379,#5703,#803,.T.);
#4605=EDGE_CURVE('',#5703,#5701,#804,.F.);
#4606=EDGE_CURVE('',#5378,#5704,#805,.T.);
#4607=EDGE_CURVE('',#5704,#5703,#806,.T.);
#4608=EDGE_CURVE('',#5705,#5706,#807,.T.);
#4609=EDGE_CURVE('',#5706,#5707,#808,.T.);
#4610=EDGE_CURVE('',#5374,#5707,#809,.T.);
#4611=EDGE_CURVE('',#5373,#5705,#513,.T.);
#4612=EDGE_CURVE('',#5372,#5708,#810,.T.);
#4613=EDGE_CURVE('',#5708,#5706,#811,.F.);
#4614=EDGE_CURVE('',#5705,#5371,#514,.T.);
#4615=EDGE_CURVE('',#5375,#5709,#812,.T.);
#4616=EDGE_CURVE('',#5709,#5708,#813,.F.);
#4617=EDGE_CURVE('',#5368,#5710,#814,.T.);
#4618=EDGE_CURVE('',#5710,#5711,#815,.F.);
#4619=EDGE_CURVE('',#5367,#5711,#816,.T.);
#4620=EDGE_CURVE('',#5370,#5712,#817,.T.);
#4621=EDGE_CURVE('',#5712,#5710,#818,.F.);
#4622=EDGE_CURVE('',#5369,#5713,#819,.T.);
#4623=EDGE_CURVE('',#5713,#5712,#820,.T.);
#4624=EDGE_CURVE('',#5363,#5714,#821,.T.);
#4625=EDGE_CURVE('',#5714,#5715,#822,.T.);
#4626=EDGE_CURVE('',#5364,#5715,#823,.T.);
#4627=EDGE_CURVE('',#5366,#5716,#824,.T.);
#4628=EDGE_CURVE('',#5716,#5714,#825,.T.);
#4629=EDGE_CURVE('',#5365,#5717,#826,.T.);
#4630=EDGE_CURVE('',#5717,#5716,#827,.F.);
#4631=EDGE_CURVE('',#5359,#5718,#828,.T.);
#4632=EDGE_CURVE('',#5718,#5719,#829,.T.);
#4633=EDGE_CURVE('',#5360,#5719,#830,.T.);
#4634=EDGE_CURVE('',#5362,#5720,#831,.T.);
#4635=EDGE_CURVE('',#5720,#5718,#832,.T.);
#4636=EDGE_CURVE('',#5361,#5721,#833,.T.);
#4637=EDGE_CURVE('',#5721,#5720,#834,.F.);
#4638=EDGE_CURVE('',#5355,#5722,#835,.T.);
#4639=EDGE_CURVE('',#5722,#5723,#836,.T.);
#4640=EDGE_CURVE('',#5356,#5723,#837,.T.);
#4641=EDGE_CURVE('',#5358,#5724,#838,.T.);
#4642=EDGE_CURVE('',#5724,#5722,#839,.T.);
#4643=EDGE_CURVE('',#5357,#5725,#840,.T.);
#4644=EDGE_CURVE('',#5725,#5724,#841,.F.);
#4645=EDGE_CURVE('',#5351,#5726,#842,.T.);
#4646=EDGE_CURVE('',#5726,#5727,#843,.T.);
#4647=EDGE_CURVE('',#5352,#5727,#844,.T.);
#4648=EDGE_CURVE('',#5354,#5728,#845,.T.);
#4649=EDGE_CURVE('',#5728,#5726,#846,.F.);
#4650=EDGE_CURVE('',#5353,#5729,#847,.T.);
#4651=EDGE_CURVE('',#5729,#5728,#848,.F.);
#4652=EDGE_CURVE('',#5347,#5730,#849,.T.);
#4653=EDGE_CURVE('',#5730,#5731,#850,.T.);
#4654=EDGE_CURVE('',#5348,#5731,#851,.T.);
#4655=EDGE_CURVE('',#5350,#5732,#852,.T.);
#4656=EDGE_CURVE('',#5732,#5730,#853,.F.);
#4657=EDGE_CURVE('',#5349,#5733,#854,.T.);
#4658=EDGE_CURVE('',#5733,#5732,#855,.F.);
#4659=EDGE_CURVE('',#5343,#5734,#856,.T.);
#4660=EDGE_CURVE('',#5734,#5735,#857,.T.);
#4661=EDGE_CURVE('',#5344,#5735,#858,.T.);
#4662=EDGE_CURVE('',#5346,#5736,#859,.T.);
#4663=EDGE_CURVE('',#5736,#5734,#860,.F.);
#4664=EDGE_CURVE('',#5345,#5737,#861,.T.);
#4665=EDGE_CURVE('',#5737,#5736,#862,.F.);
#4666=EDGE_CURVE('',#5339,#5738,#863,.T.);
#4667=EDGE_CURVE('',#5738,#5739,#864,.T.);
#4668=EDGE_CURVE('',#5340,#5739,#865,.T.);
#4669=EDGE_CURVE('',#5342,#5740,#866,.T.);
#4670=EDGE_CURVE('',#5740,#5738,#867,.F.);
#4671=EDGE_CURVE('',#5341,#5741,#868,.T.);
#4672=EDGE_CURVE('',#5741,#5740,#869,.F.);
#4673=EDGE_CURVE('',#5335,#5742,#870,.T.);
#4674=EDGE_CURVE('',#5742,#5743,#871,.T.);
#4675=EDGE_CURVE('',#5336,#5743,#872,.T.);
#4676=EDGE_CURVE('',#5338,#5744,#873,.T.);
#4677=EDGE_CURVE('',#5744,#5742,#874,.F.);
#4678=EDGE_CURVE('',#5337,#5745,#875,.T.);
#4679=EDGE_CURVE('',#5745,#5744,#876,.F.);
#4680=EDGE_CURVE('',#5331,#5746,#877,.T.);
#4681=EDGE_CURVE('',#5746,#5747,#878,.T.);
#4682=EDGE_CURVE('',#5332,#5747,#879,.T.);
#4683=EDGE_CURVE('',#5334,#5748,#880,.T.);
#4684=EDGE_CURVE('',#5748,#5746,#881,.F.);
#4685=EDGE_CURVE('',#5333,#5749,#882,.T.);
#4686=EDGE_CURVE('',#5749,#5748,#883,.F.);
#4687=EDGE_CURVE('',#5326,#5750,#884,.T.);
#4688=EDGE_CURVE('',#5750,#5751,#885,.T.);
#4689=EDGE_CURVE('',#5327,#5751,#886,.T.);
#4690=EDGE_CURVE('',#5329,#5752,#887,.T.);
#4691=EDGE_CURVE('',#5752,#5750,#888,.F.);
#4692=EDGE_CURVE('',#5328,#5753,#889,.T.);
#4693=EDGE_CURVE('',#5753,#5752,#890,.F.);
#4694=EDGE_CURVE('',#5322,#5754,#891,.T.);
#4695=EDGE_CURVE('',#5754,#5755,#892,.T.);
#4696=EDGE_CURVE('',#5323,#5755,#893,.T.);
#4697=EDGE_CURVE('',#5325,#5756,#894,.T.);
#4698=EDGE_CURVE('',#5756,#5754,#895,.T.);
#4699=EDGE_CURVE('',#5324,#5757,#896,.T.);
#4700=EDGE_CURVE('',#5757,#5756,#897,.F.);
#4701=EDGE_CURVE('',#5313,#5758,#898,.T.);
#4702=EDGE_CURVE('',#5758,#5759,#899,.T.);
#4703=EDGE_CURVE('',#5314,#5759,#900,.T.);
#4704=EDGE_CURVE('',#5316,#5760,#901,.T.);
#4705=EDGE_CURVE('',#5760,#5758,#902,.F.);
#4706=EDGE_CURVE('',#5315,#5761,#903,.T.);
#4707=EDGE_CURVE('',#5761,#5760,#904,.F.);
#4708=EDGE_CURVE('',#5309,#5762,#905,.T.);
#4709=EDGE_CURVE('',#5762,#5763,#906,.T.);
#4710=EDGE_CURVE('',#5310,#5763,#907,.T.);
#4711=EDGE_CURVE('',#5312,#5764,#908,.T.);
#4712=EDGE_CURVE('',#5764,#5762,#909,.F.);
#4713=EDGE_CURVE('',#5311,#5765,#910,.T.);
#4714=EDGE_CURVE('',#5765,#5764,#911,.F.);
#4715=EDGE_CURVE('',#5304,#5766,#912,.T.);
#4716=EDGE_CURVE('',#5766,#5767,#913,.T.);
#4717=EDGE_CURVE('',#5305,#5767,#914,.T.);
#4718=EDGE_CURVE('',#5307,#5768,#915,.T.);
#4719=EDGE_CURVE('',#5768,#5766,#916,.F.);
#4720=EDGE_CURVE('',#5306,#5769,#917,.T.);
#4721=EDGE_CURVE('',#5769,#5768,#918,.F.);
#4722=EDGE_CURVE('',#5298,#5770,#919,.T.);
#4723=EDGE_CURVE('',#5770,#5771,#920,.T.);
#4724=EDGE_CURVE('',#5299,#5771,#921,.T.);
#4725=EDGE_CURVE('',#5301,#5772,#922,.T.);
#4726=EDGE_CURVE('',#5772,#5770,#923,.T.);
#4727=EDGE_CURVE('',#5300,#5773,#924,.T.);
#4728=EDGE_CURVE('',#5773,#5772,#925,.F.);
#4729=EDGE_CURVE('',#5642,#5644,#926,.T.);
#4730=EDGE_CURVE('',#5646,#5648,#927,.T.);
#4731=EDGE_CURVE('',#5650,#5652,#928,.T.);
#4732=EDGE_CURVE('',#5654,#5656,#929,.T.);
#4733=EDGE_CURVE('',#5658,#5660,#930,.T.);
#4734=EDGE_CURVE('',#5662,#5664,#931,.T.);
#4735=EDGE_CURVE('',#5666,#5668,#932,.T.);
#4736=EDGE_CURVE('',#5670,#5672,#933,.T.);
#4737=EDGE_CURVE('',#5674,#5676,#934,.T.);
#4738=EDGE_CURVE('',#5774,#5775,#935,.F.);
#4739=EDGE_CURVE('',#5775,#5776,#936,.F.);
#4740=EDGE_CURVE('',#5776,#5777,#937,.T.);
#4741=EDGE_CURVE('',#5777,#5774,#938,.T.);
#4742=EDGE_CURVE('',#5694,#5696,#939,.F.);
#4743=EDGE_CURVE('',#5778,#5778,#6322,.T.);
#4744=EDGE_CURVE('',#5779,#5779,#6323,.T.);
#4745=EDGE_CURVE('',#5780,#5780,#6324,.T.);
#4746=EDGE_CURVE('',#5781,#5781,#6325,.T.);
#4747=EDGE_CURVE('',#5782,#5782,#6326,.T.);
#4748=EDGE_CURVE('',#5783,#5783,#6327,.T.);
#4749=EDGE_CURVE('',#5784,#5784,#6328,.T.);
#4750=EDGE_CURVE('',#5785,#5785,#6329,.T.);
#4751=EDGE_CURVE('',#5786,#5786,#6330,.T.);
#4752=EDGE_CURVE('',#5787,#5787,#6331,.T.);
#4753=EDGE_CURVE('',#5788,#5788,#6332,.T.);
#4754=EDGE_CURVE('',#5789,#5789,#6333,.T.);
#4755=EDGE_CURVE('',#5790,#5790,#6334,.T.);
#4756=EDGE_CURVE('',#5791,#5791,#6335,.T.);
#4757=EDGE_CURVE('',#5792,#5792,#6336,.T.);
#4758=EDGE_CURVE('',#5793,#5793,#6337,.T.);
#4759=EDGE_CURVE('',#5794,#5794,#6338,.T.);
#4760=EDGE_CURVE('',#5795,#5795,#6339,.T.);
#4761=EDGE_CURVE('',#5796,#5796,#6340,.T.);
#4762=EDGE_CURVE('',#5698,#5700,#940,.T.);
#4763=EDGE_CURVE('',#5797,#5797,#6341,.T.);
#4764=EDGE_CURVE('',#5798,#5798,#6342,.T.);
#4765=EDGE_CURVE('',#5702,#5704,#941,.T.);
#4766=EDGE_CURVE('',#5707,#5709,#942,.T.);
#4767=EDGE_CURVE('',#5711,#5713,#943,.T.);
#4768=EDGE_CURVE('',#5715,#5717,#944,.F.);
#4769=EDGE_CURVE('',#5719,#5721,#945,.F.);
#4770=EDGE_CURVE('',#5723,#5725,#946,.F.);
#4771=EDGE_CURVE('',#5727,#5729,#947,.T.);
#4772=EDGE_CURVE('',#5731,#5733,#948,.T.);
#4773=EDGE_CURVE('',#5735,#5737,#949,.T.);
#4774=EDGE_CURVE('',#5739,#5741,#950,.T.);
#4775=EDGE_CURVE('',#5743,#5745,#951,.T.);
#4776=EDGE_CURVE('',#5747,#5749,#952,.T.);
#4777=EDGE_CURVE('',#5799,#5799,#6343,.T.);
#4778=EDGE_CURVE('',#5751,#5753,#953,.T.);
#4779=EDGE_CURVE('',#5755,#5757,#954,.F.);
#4780=EDGE_CURVE('',#5800,#5800,#6344,.T.);
#4781=EDGE_CURVE('',#5801,#5801,#6345,.T.);
#4782=EDGE_CURVE('',#5802,#5802,#6346,.T.);
#4783=EDGE_CURVE('',#5759,#5761,#955,.T.);
#4784=EDGE_CURVE('',#5763,#5765,#956,.T.);
#4785=EDGE_CURVE('',#5803,#5803,#6347,.T.);
#4786=EDGE_CURVE('',#5767,#5769,#957,.T.);
#4787=EDGE_CURVE('',#5804,#5804,#6348,.T.);
#4788=EDGE_CURVE('',#5805,#5805,#6349,.T.);
#4789=EDGE_CURVE('',#5771,#5773,#958,.F.);
#4790=EDGE_CURVE('',#5806,#5806,#6350,.F.);
#4791=EDGE_CURVE('',#5807,#5807,#6351,.F.);
#4792=EDGE_CURVE('',#5808,#5809,#959,.T.);
#4793=EDGE_CURVE('',#5809,#5810,#960,.T.);
#4794=EDGE_CURVE('',#5810,#5811,#961,.F.);
#4795=EDGE_CURVE('',#5811,#5808,#962,.F.);
#4796=EDGE_CURVE('',#5812,#5813,#963,.T.);
#4797=EDGE_CURVE('',#5813,#5814,#964,.F.);
#4798=EDGE_CURVE('',#5814,#5815,#965,.F.);
#4799=EDGE_CURVE('',#5815,#5812,#966,.T.);
#4800=EDGE_CURVE('',#5816,#5817,#967,.T.);
#4801=EDGE_CURVE('',#5817,#5818,#968,.T.);
#4802=EDGE_CURVE('',#5818,#5819,#969,.F.);
#4803=EDGE_CURVE('',#5819,#5816,#970,.F.);
#4804=EDGE_CURVE('',#5820,#5821,#971,.F.);
#4805=EDGE_CURVE('',#5821,#5822,#972,.T.);
#4806=EDGE_CURVE('',#5822,#5823,#973,.T.);
#4807=EDGE_CURVE('',#5823,#5820,#974,.F.);
#4808=EDGE_CURVE('',#5824,#5824,#6352,.F.);
#4809=EDGE_CURVE('',#5825,#5826,#975,.T.);
#4810=EDGE_CURVE('',#5826,#5827,#976,.F.);
#4811=EDGE_CURVE('',#5827,#5828,#977,.F.);
#4812=EDGE_CURVE('',#5828,#5825,#978,.T.);
#4813=EDGE_CURVE('',#5829,#5829,#6353,.F.);
#4814=EDGE_CURVE('',#5830,#5830,#6354,.F.);
#4815=EDGE_CURVE('',#5831,#5831,#6355,.F.);
#4816=EDGE_CURVE('',#5832,#5833,#979,.F.);
#4817=EDGE_CURVE('',#5833,#5834,#980,.F.);
#4818=EDGE_CURVE('',#5834,#5835,#981,.F.);
#4819=EDGE_CURVE('',#5835,#5832,#982,.T.);
#4820=EDGE_CURVE('',#5836,#5837,#983,.T.);
#4821=EDGE_CURVE('',#5837,#5838,#984,.T.);
#4822=EDGE_CURVE('',#5838,#5839,#985,.F.);
#4823=EDGE_CURVE('',#5839,#5836,#986,.F.);
#4824=EDGE_CURVE('',#5840,#5841,#987,.T.);
#4825=EDGE_CURVE('',#5841,#5842,#988,.F.);
#4826=EDGE_CURVE('',#5842,#5843,#989,.F.);
#4827=EDGE_CURVE('',#5843,#5840,#990,.T.);
#4828=EDGE_CURVE('',#5844,#5845,#991,.T.);
#4829=EDGE_CURVE('',#5845,#5846,#992,.F.);
#4830=EDGE_CURVE('',#5846,#5847,#993,.F.);
#4831=EDGE_CURVE('',#5847,#5844,#994,.T.);
#4832=EDGE_CURVE('',#5848,#5849,#995,.T.);
#4833=EDGE_CURVE('',#5849,#5850,#996,.T.);
#4834=EDGE_CURVE('',#5850,#5851,#997,.F.);
#4835=EDGE_CURVE('',#5851,#5848,#998,.F.);
#4836=EDGE_CURVE('',#5852,#5853,#999,.F.);
#4837=EDGE_CURVE('',#5853,#5854,#1000,.F.);
#4838=EDGE_CURVE('',#5854,#5855,#1001,.T.);
#4839=EDGE_CURVE('',#5855,#5852,#1002,.T.);
#4840=EDGE_CURVE('',#5856,#5857,#1003,.F.);
#4841=EDGE_CURVE('',#5857,#5858,#1004,.F.);
#4842=EDGE_CURVE('',#5858,#5859,#1005,.T.);
#4843=EDGE_CURVE('',#5859,#5856,#1006,.T.);
#4844=EDGE_CURVE('',#5860,#5861,#1007,.F.);
#4845=EDGE_CURVE('',#5861,#5862,#1008,.F.);
#4846=EDGE_CURVE('',#5862,#5863,#1009,.T.);
#4847=EDGE_CURVE('',#5863,#5860,#1010,.T.);
#4848=EDGE_CURVE('',#5864,#5865,#1011,.F.);
#4849=EDGE_CURVE('',#5865,#5866,#1012,.T.);
#4850=EDGE_CURVE('',#5866,#5867,#1013,.T.);
#4851=EDGE_CURVE('',#5867,#5864,#1014,.F.);
#4852=EDGE_CURVE('',#5868,#5869,#1015,.F.);
#4853=EDGE_CURVE('',#5869,#5870,#1016,.T.);
#4854=EDGE_CURVE('',#5870,#5871,#1017,.T.);
#4855=EDGE_CURVE('',#5871,#5868,#1018,.F.);
#4856=EDGE_CURVE('',#5872,#5873,#1019,.F.);
#4857=EDGE_CURVE('',#5873,#5874,#1020,.T.);
#4858=EDGE_CURVE('',#5874,#5875,#1021,.T.);
#4859=EDGE_CURVE('',#5875,#5872,#1022,.F.);
#4860=EDGE_CURVE('',#5876,#5877,#1023,.F.);
#4861=EDGE_CURVE('',#5877,#5878,#1024,.T.);
#4862=EDGE_CURVE('',#5878,#5879,#1025,.T.);
#4863=EDGE_CURVE('',#5879,#5876,#1026,.F.);
#4864=EDGE_CURVE('',#5880,#5881,#1027,.F.);
#4865=EDGE_CURVE('',#5881,#5882,#1028,.T.);
#4866=EDGE_CURVE('',#5882,#5883,#1029,.T.);
#4867=EDGE_CURVE('',#5883,#5880,#1030,.F.);
#4868=EDGE_CURVE('',#5884,#5885,#1031,.F.);
#4869=EDGE_CURVE('',#5885,#5886,#1032,.T.);
#4870=EDGE_CURVE('',#5886,#5887,#1033,.T.);
#4871=EDGE_CURVE('',#5887,#5884,#1034,.F.);
#4872=EDGE_CURVE('',#5888,#5889,#1035,.F.);
#4873=EDGE_CURVE('',#5889,#5890,#1036,.T.);
#4874=EDGE_CURVE('',#5890,#5891,#1037,.T.);
#4875=EDGE_CURVE('',#5891,#5888,#1038,.F.);
#4876=EDGE_CURVE('',#5892,#5893,#1039,.T.);
#4877=EDGE_CURVE('',#5893,#5894,#1040,.F.);
#4878=EDGE_CURVE('',#5894,#5895,#1041,.F.);
#4879=EDGE_CURVE('',#5895,#5892,#1042,.T.);
#4880=EDGE_CURVE('',#5896,#5897,#1043,.F.);
#4881=EDGE_CURVE('',#5897,#5898,#1044,.T.);
#4882=EDGE_CURVE('',#5898,#5899,#1045,.T.);
#4883=EDGE_CURVE('',#5899,#5896,#1046,.F.);
#4884=EDGE_CURVE('',#5900,#5901,#1047,.F.);
#4885=EDGE_CURVE('',#5901,#5902,#1048,.T.);
#4886=EDGE_CURVE('',#5902,#5903,#1049,.T.);
#4887=EDGE_CURVE('',#5903,#5900,#1050,.F.);
#4888=EDGE_CURVE('',#5904,#5905,#1051,.F.);
#4889=EDGE_CURVE('',#5905,#5906,#1052,.T.);
#4890=EDGE_CURVE('',#5906,#5907,#1053,.T.);
#4891=EDGE_CURVE('',#5907,#5904,#1054,.F.);
#4892=EDGE_CURVE('',#5908,#5909,#1055,.T.);
#4893=EDGE_CURVE('',#5909,#5910,#1056,.F.);
#4894=EDGE_CURVE('',#5910,#5911,#1057,.F.);
#4895=EDGE_CURVE('',#5911,#5908,#1058,.T.);
#4896=EDGE_CURVE('',#5912,#5912,#6356,.F.);
#4897=EDGE_CURVE('',#5913,#5913,#6357,.F.);
#4898=EDGE_CURVE('',#5914,#5914,#6358,.F.);
#4899=EDGE_CURVE('',#5915,#5915,#6359,.F.);
#4900=EDGE_CURVE('',#5916,#5917,#1059,.F.);
#4901=EDGE_CURVE('',#5917,#5918,#1060,.F.);
#4902=EDGE_CURVE('',#5918,#5919,#1061,.T.);
#4903=EDGE_CURVE('',#5919,#5916,#1062,.T.);
#4904=EDGE_CURVE('',#5920,#5921,#1063,.F.);
#4905=EDGE_CURVE('',#5921,#5922,#1064,.F.);
#4906=EDGE_CURVE('',#5922,#5923,#1065,.T.);
#4907=EDGE_CURVE('',#5923,#5920,#1066,.T.);
#4908=EDGE_CURVE('',#5924,#5925,#1067,.F.);
#4909=EDGE_CURVE('',#5925,#5926,#1068,.F.);
#4910=EDGE_CURVE('',#5926,#5927,#1069,.T.);
#4911=EDGE_CURVE('',#5927,#5924,#1070,.T.);
#4912=EDGE_CURVE('',#5928,#5929,#1071,.T.);
#4913=EDGE_CURVE('',#5929,#5930,#1072,.F.);
#4914=EDGE_CURVE('',#5930,#5931,#1073,.F.);
#4915=EDGE_CURVE('',#5931,#5928,#1074,.T.);
#4916=EDGE_CURVE('',#5932,#5932,#6360,.F.);
#4917=EDGE_CURVE('',#5933,#5933,#6361,.F.);
#4918=EDGE_CURVE('',#5934,#5934,#6362,.F.);
#4919=EDGE_CURVE('',#5935,#5935,#6363,.F.);
#4920=EDGE_CURVE('',#5936,#5936,#6364,.F.);
#4921=EDGE_CURVE('',#5937,#5937,#6365,.F.);
#4922=EDGE_CURVE('',#5938,#5938,#6366,.F.);
#4923=EDGE_CURVE('',#5939,#5939,#6367,.F.);
#4924=EDGE_CURVE('',#5940,#5940,#6368,.F.);
#4925=EDGE_CURVE('',#5941,#5941,#6369,.F.);
#4926=EDGE_CURVE('',#5942,#5942,#6370,.F.);
#4927=EDGE_CURVE('',#5943,#5943,#6371,.F.);
#4928=EDGE_CURVE('',#5944,#5944,#6372,.F.);
#4929=EDGE_CURVE('',#5945,#5945,#6373,.F.);
#4930=EDGE_CURVE('',#5946,#5946,#6374,.F.);
#4931=EDGE_CURVE('',#5947,#5947,#6375,.F.);
#4932=EDGE_CURVE('',#5948,#5948,#6376,.F.);
#4933=EDGE_CURVE('',#5949,#5949,#6377,.F.);
#4934=EDGE_CURVE('',#5950,#5950,#6378,.F.);
#4935=EDGE_CURVE('',#5951,#5951,#6379,.F.);
#4936=EDGE_CURVE('',#5952,#5953,#1075,.T.);
#4937=EDGE_CURVE('',#5953,#5954,#1076,.T.);
#4938=EDGE_CURVE('',#5954,#5955,#1077,.F.);
#4939=EDGE_CURVE('',#5955,#5952,#1078,.F.);
#4940=EDGE_CURVE('',#5956,#5956,#6380,.T.);
#4941=EDGE_CURVE('',#5957,#5957,#6381,.T.);
#4942=EDGE_CURVE('',#5223,#5224,#515,.T.);
#4943=EDGE_CURVE('',#5958,#5958,#6382,.T.);
#4944=EDGE_CURVE('',#5221,#5220,#516,.T.);
#4945=EDGE_CURVE('',#5219,#5222,#517,.T.);
#4946=EDGE_CURVE('',#5959,#5959,#6383,.T.);
#4947=EDGE_CURVE('',#5960,#5960,#6384,.T.);
#4948=EDGE_CURVE('',#5961,#5961,#6385,.T.);
#4949=EDGE_CURVE('',#5962,#5962,#6386,.T.);
#4950=EDGE_CURVE('',#5963,#5963,#6387,.T.);
#4951=EDGE_CURVE('',#5964,#5964,#6388,.T.);
#4952=EDGE_CURVE('',#5965,#5965,#6389,.T.);
#4953=EDGE_CURVE('',#5966,#5966,#6390,.T.);
#4954=EDGE_CURVE('',#5967,#5967,#6391,.T.);
#4955=EDGE_CURVE('',#5968,#5968,#6392,.T.);
#4956=EDGE_CURVE('',#5969,#5969,#6393,.T.);
#4957=EDGE_CURVE('',#5970,#5970,#6394,.T.);
#4958=EDGE_CURVE('',#5971,#5971,#6395,.T.);
#4959=EDGE_CURVE('',#5972,#5972,#6396,.T.);
#4960=EDGE_CURVE('',#5973,#5973,#6397,.T.);
#4961=EDGE_CURVE('',#5974,#5974,#6398,.F.);
#4962=EDGE_CURVE('',#5226,#5470,#6399,.T.);
#4963=EDGE_CURVE('',#5467,#5229,#6400,.T.);
#4964=EDGE_CURVE('',#5468,#5228,#6401,.T.);
#4965=EDGE_CURVE('',#5227,#5469,#6402,.T.);
#4966=EDGE_CURVE('',#5287,#5975,#518,.T.);
#4967=EDGE_CURVE('',#5976,#5975,#1079,.T.);
#4968=EDGE_CURVE('',#5976,#5977,#1080,.T.);
#4969=EDGE_CURVE('',#5977,#5288,#1081,.T.);
#4970=EDGE_CURVE('',#5975,#5978,#519,.T.);
#4971=EDGE_CURVE('',#5979,#5978,#1082,.T.);
#4972=EDGE_CURVE('',#5976,#5979,#6403,.T.);
#4973=EDGE_CURVE('',#5978,#5284,#520,.T.);
#4974=EDGE_CURVE('',#5283,#5980,#1083,.F.);
#4975=EDGE_CURVE('',#5979,#5980,#1084,.T.);
#4976=EDGE_CURVE('',#5981,#5981,#6404,.F.);
#4977=EDGE_CURVE('',#5982,#5982,#6405,.T.);
#4978=EDGE_CURVE('',#5983,#5983,#6406,.T.);
#4979=EDGE_CURVE('',#5984,#5984,#6407,.F.);
#4980=EDGE_CURVE('',#5985,#5985,#6408,.T.);
#4981=EDGE_CURVE('',#5986,#5986,#6409,.T.);
#4982=EDGE_CURVE('',#5987,#5987,#6410,.F.);
#4983=EDGE_CURVE('',#5988,#5988,#6411,.T.);
#4984=EDGE_CURVE('',#5989,#5989,#6412,.T.);
#4985=EDGE_CURVE('',#5990,#5990,#6413,.F.);
#4986=EDGE_CURVE('',#5991,#5991,#6414,.T.);
#4987=EDGE_CURVE('',#5992,#5992,#6415,.T.);
#4988=EDGE_CURVE('',#5993,#5994,#1085,.T.);
#4989=EDGE_CURVE('',#5994,#5995,#521,.T.);
#4990=EDGE_CURVE('',#5996,#5995,#1086,.T.);
#4991=EDGE_CURVE('',#5996,#5993,#1087,.T.);
#4992=EDGE_CURVE('',#5995,#5273,#522,.T.);
#4993=EDGE_CURVE('',#5997,#5274,#1088,.T.);
#4994=EDGE_CURVE('',#5996,#5997,#6416,.T.);
#4995=EDGE_CURVE('',#5289,#5998,#1089,.F.);
#4996=EDGE_CURVE('',#5997,#5998,#1090,.T.);
#4997=EDGE_CURVE('',#5999,#5280,#1091,.T.);
#4998=EDGE_CURVE('',#6000,#5999,#6417,.T.);
#4999=EDGE_CURVE('',#6000,#5281,#1092,.T.);
#5000=EDGE_CURVE('',#5279,#6001,#1093,.F.);
#5001=EDGE_CURVE('',#5999,#6001,#1094,.T.);
#5002=EDGE_CURVE('',#6000,#6002,#1095,.T.);
#5003=EDGE_CURVE('',#6002,#5282,#1096,.T.);
#5004=EDGE_CURVE('',#6003,#6004,#1097,.T.);
#5005=EDGE_CURVE('',#6004,#5278,#1098,.T.);
#5006=EDGE_CURVE('',#6003,#5277,#1099,.T.);
#5007=EDGE_CURVE('',#6005,#5276,#1100,.T.);
#5008=EDGE_CURVE('',#6003,#6005,#6418,.T.);
#5009=EDGE_CURVE('',#5275,#6006,#1101,.F.);
#5010=EDGE_CURVE('',#6005,#6006,#1102,.T.);
#5011=EDGE_CURVE('',#6007,#6007,#6419,.T.);
#5012=EDGE_CURVE('',#6008,#6008,#6420,.T.);
#5013=EDGE_CURVE('',#6009,#6009,#6421,.T.);
#5014=EDGE_CURVE('',#6010,#6010,#6422,.T.);
#5015=EDGE_CURVE('',#5980,#5191,#6423,.F.);
#5016=EDGE_CURVE('',#5192,#6002,#6424,.F.);
#5017=EDGE_CURVE('',#6001,#5204,#6425,.F.);
#5018=EDGE_CURVE('',#5203,#6004,#6426,.F.);
#5019=EDGE_CURVE('',#6006,#5209,#6427,.F.);
#5020=EDGE_CURVE('',#5208,#5993,#6428,.F.);
#5021=EDGE_CURVE('',#5998,#5231,#6429,.F.);
#5022=EDGE_CURVE('',#5230,#5977,#6430,.F.);
#5023=EDGE_CURVE('',#6011,#6012,#1103,.T.);
#5024=EDGE_CURVE('',#6011,#6013,#1104,.T.);
#5025=EDGE_CURVE('',#6013,#6014,#1105,.T.);
#5026=EDGE_CURVE('',#6012,#6014,#1106,.T.);
#5027=EDGE_CURVE('',#6015,#6015,#6431,.F.);
#5028=EDGE_CURVE('',#6016,#6016,#6432,.T.);
#5029=EDGE_CURVE('',#6017,#6017,#6433,.T.);
#5030=EDGE_CURVE('',#6011,#5242,#1107,.T.);
#5031=EDGE_CURVE('',#6012,#5244,#1108,.T.);
#5032=EDGE_CURVE('',#6013,#5243,#1109,.T.);
#5033=EDGE_CURVE('',#6014,#5245,#1110,.T.);
#5034=EDGE_CURVE('',#5207,#5994,#523,.T.);
#5035=EDGE_CURVE('',#6018,#6018,#6434,.T.);
#5036=EDGE_CURVE('',#6019,#6019,#6435,.T.);
#5037=EDGE_CURVE('',#6020,#6020,#6436,.T.);
#5038=EDGE_CURVE('',#6021,#6021,#6437,.T.);
#5039=EDGE_CURVE('',#6022,#6022,#6438,.T.);
#5040=EDGE_CURVE('',#6023,#6023,#6439,.T.);
#5041=EDGE_CURVE('',#6024,#6024,#6440,.T.);
#5042=EDGE_CURVE('',#6025,#6025,#6441,.T.);
#5043=EDGE_CURVE('',#6026,#6026,#6442,.T.);
#5044=EDGE_CURVE('',#6027,#6027,#6443,.F.);
#5045=EDGE_CURVE('',#6028,#6028,#6444,.T.);
#5046=EDGE_CURVE('',#6029,#6029,#6445,.F.);
#5047=EDGE_CURVE('',#6030,#6030,#6446,.T.);
#5048=EDGE_CURVE('',#6031,#6031,#6447,.F.);
#5049=EDGE_CURVE('',#6032,#6032,#6448,.T.);
#5050=EDGE_CURVE('',#5680,#5689,#6449,.F.);
#5051=EDGE_CURVE('',#5681,#5688,#6450,.T.);
#5052=EDGE_CURVE('',#5681,#5952,#6451,.F.);
#5053=EDGE_CURVE('',#5952,#5688,#6452,.F.);
#5054=EDGE_CURVE('',#5690,#5472,#6453,.F.);
#5055=EDGE_CURVE('',#5691,#5471,#6454,.T.);
#5056=EDGE_CURVE('',#5953,#5691,#6455,.T.);
#5057=EDGE_CURVE('',#5678,#5955,#6456,.T.);
#5058=EDGE_CURVE('',#5776,#5679,#6457,.F.);
#5059=EDGE_CURVE('',#5777,#5678,#6458,.T.);
#5060=EDGE_CURVE('',#5953,#5471,#6459,.F.);
#5061=EDGE_CURVE('',#5777,#5955,#6460,.F.);
#5062=EDGE_CURVE('',#5954,#5474,#6461,.T.);
#5063=EDGE_CURVE('',#5774,#5954,#6462,.T.);
#5064=EDGE_CURVE('',#5774,#5474,#6463,.F.);
#5065=EDGE_CURVE('',#5473,#5775,#6464,.F.);
#5066=EDGE_CURVE('',#5775,#5239,#6465,.T.);
#5067=EDGE_CURVE('',#5240,#5473,#6466,.T.);
#5068=EDGE_CURVE('',#5241,#5472,#6467,.T.);
#5069=EDGE_CURVE('',#5776,#5238,#6468,.T.);
#5070=EDGE_CURVE('',#5234,#5690,#6469,.T.);
#5071=EDGE_CURVE('',#5679,#5237,#6470,.T.);
#5072=EDGE_CURVE('',#5235,#5689,#6471,.T.);
#5073=EDGE_CURVE('',#5680,#5236,#6472,.T.);
#5074=EDGE_CURVE('',#5833,#5693,#12,.T.);
#5075=EDGE_CURVE('',#5694,#5832,#13,.F.);
#5076=EDGE_CURVE('',#5696,#5835,#14,.F.);
#5077=EDGE_CURVE('',#5834,#5695,#15,.T.);
#5078=EDGE_CURVE('',#5809,#5744,#16,.T.);
#5079=EDGE_CURVE('',#5742,#5808,#17,.F.);
#5080=EDGE_CURVE('',#5743,#5811,#18,.F.);
#5081=EDGE_CURVE('',#5810,#5745,#19,.T.);
#5082=EDGE_CURVE('',#5754,#5814,#20,.F.);
#5083=EDGE_CURVE('',#5815,#5756,#21,.T.);
#5084=EDGE_CURVE('',#5812,#5757,#22,.T.);
#5085=EDGE_CURVE('',#5755,#5813,#23,.F.);
#5086=EDGE_CURVE('',#5817,#5752,#24,.T.);
#5087=EDGE_CURVE('',#5750,#5816,#25,.F.);
#5088=EDGE_CURVE('',#5751,#5819,#26,.F.);
#5089=EDGE_CURVE('',#5818,#5753,#27,.T.);
#5090=EDGE_CURVE('',#5712,#5823,#28,.F.);
#5091=EDGE_CURVE('',#5820,#5713,#29,.T.);
#5092=EDGE_CURVE('',#5821,#5711,#30,.T.);
#5093=EDGE_CURVE('',#5710,#5822,#31,.F.);
#5094=EDGE_CURVE('',#5767,#5827,#32,.F.);
#5095=EDGE_CURVE('',#5828,#5766,#33,.T.);
#5096=EDGE_CURVE('',#5825,#5768,#34,.T.);
#5097=EDGE_CURVE('',#5769,#5826,#35,.F.);
#5098=EDGE_CURVE('',#5674,#5839,#36,.F.);
#5099=EDGE_CURVE('',#5836,#5673,#37,.T.);
#5100=EDGE_CURVE('',#5837,#5675,#38,.T.);
#5101=EDGE_CURVE('',#5676,#5838,#39,.F.);
#5102=EDGE_CURVE('',#5840,#5671,#40,.T.);
#5103=EDGE_CURVE('',#5669,#5843,#41,.F.);
#5104=EDGE_CURVE('',#5670,#5842,#42,.F.);
#5105=EDGE_CURVE('',#5841,#5672,#43,.T.);
#5106=EDGE_CURVE('',#5844,#5665,#44,.T.);
#5107=EDGE_CURVE('',#5666,#5847,#45,.F.);
#5108=EDGE_CURVE('',#5668,#5846,#46,.F.);
#5109=EDGE_CURVE('',#5845,#5667,#47,.T.);
#5110=EDGE_CURVE('',#5698,#5851,#48,.F.);
#5111=EDGE_CURVE('',#5848,#5697,#49,.T.);
#5112=EDGE_CURVE('',#5849,#5699,#50,.T.);
#5113=EDGE_CURVE('',#5700,#5850,#51,.F.);
#5114=EDGE_CURVE('',#5852,#5719,#52,.T.);
#5115=EDGE_CURVE('',#5721,#5855,#53,.F.);
#5116=EDGE_CURVE('',#5720,#5854,#54,.F.);
#5117=EDGE_CURVE('',#5853,#5718,#55,.T.);
#5118=EDGE_CURVE('',#5856,#5723,#56,.T.);
#5119=EDGE_CURVE('',#5725,#5859,#57,.F.);
#5120=EDGE_CURVE('',#5724,#5858,#58,.F.);
#5121=EDGE_CURVE('',#5857,#5722,#59,.T.);
#5122=EDGE_CURVE('',#5860,#5663,#60,.T.);
#5123=EDGE_CURVE('',#5661,#5863,#61,.F.);
#5124=EDGE_CURVE('',#5662,#5862,#62,.F.);
#5125=EDGE_CURVE('',#5861,#5664,#63,.T.);
#5126=EDGE_CURVE('',#5709,#5867,#64,.F.);
#5127=EDGE_CURVE('',#5864,#5707,#65,.T.);
#5128=EDGE_CURVE('',#5865,#5706,#66,.T.);
#5129=EDGE_CURVE('',#5708,#5866,#67,.F.);
#5130=EDGE_CURVE('',#5729,#5871,#68,.F.);
#5131=EDGE_CURVE('',#5868,#5727,#69,.T.);
#5132=EDGE_CURVE('',#5869,#5726,#70,.T.);
#5133=EDGE_CURVE('',#5728,#5870,#71,.F.);
#5134=EDGE_CURVE('',#5733,#5875,#72,.F.);
#5135=EDGE_CURVE('',#5872,#5731,#73,.T.);
#5136=EDGE_CURVE('',#5873,#5730,#74,.T.);
#5137=EDGE_CURVE('',#5732,#5874,#75,.F.);
#5138=EDGE_CURVE('',#5737,#5879,#76,.F.);
#5139=EDGE_CURVE('',#5876,#5735,#77,.T.);
#5140=EDGE_CURVE('',#5877,#5734,#78,.T.);
#5141=EDGE_CURVE('',#5736,#5878,#79,.F.);
#5142=EDGE_CURVE('',#5741,#5883,#80,.F.);
#5143=EDGE_CURVE('',#5880,#5739,#81,.T.);
#5144=EDGE_CURVE('',#5881,#5738,#82,.T.);
#5145=EDGE_CURVE('',#5740,#5882,#83,.F.);
#5146=EDGE_CURVE('',#5761,#5887,#84,.F.);
#5147=EDGE_CURVE('',#5884,#5759,#85,.T.);
#5148=EDGE_CURVE('',#5885,#5758,#86,.T.);
#5149=EDGE_CURVE('',#5760,#5886,#87,.F.);
#5150=EDGE_CURVE('',#5715,#5891,#88,.F.);
#5151=EDGE_CURVE('',#5888,#5714,#89,.T.);
#5152=EDGE_CURVE('',#5889,#5716,#90,.T.);
#5153=EDGE_CURVE('',#5717,#5890,#91,.F.);
#5154=EDGE_CURVE('',#5763,#5894,#92,.F.);
#5155=EDGE_CURVE('',#5895,#5762,#93,.T.);
#5156=EDGE_CURVE('',#5892,#5764,#94,.T.);
#5157=EDGE_CURVE('',#5765,#5893,#95,.F.);
#5158=EDGE_CURVE('',#5659,#5899,#96,.F.);
#5159=EDGE_CURVE('',#5896,#5660,#97,.T.);
#5160=EDGE_CURVE('',#5897,#5658,#98,.T.);
#5161=EDGE_CURVE('',#5657,#5898,#99,.F.);
#5162=EDGE_CURVE('',#5655,#5903,#100,.F.);
#5163=EDGE_CURVE('',#5900,#5656,#101,.T.);
#5164=EDGE_CURVE('',#5901,#5654,#102,.T.);
#5165=EDGE_CURVE('',#5653,#5902,#103,.F.);
#5166=EDGE_CURVE('',#5651,#5907,#104,.F.);
#5167=EDGE_CURVE('',#5904,#5652,#105,.T.);
#5168=EDGE_CURVE('',#5905,#5650,#106,.T.);
#5169=EDGE_CURVE('',#5649,#5906,#107,.F.);
#5170=EDGE_CURVE('',#5770,#5910,#108,.F.);
#5171=EDGE_CURVE('',#5911,#5772,#109,.T.);
#5172=EDGE_CURVE('',#5908,#5773,#110,.T.);
#5173=EDGE_CURVE('',#5771,#5909,#111,.F.);
#5174=EDGE_CURVE('',#5916,#5648,#112,.T.);
#5175=EDGE_CURVE('',#5647,#5919,#113,.F.);
#5176=EDGE_CURVE('',#5645,#5918,#114,.F.);
#5177=EDGE_CURVE('',#5917,#5646,#115,.T.);
#5178=EDGE_CURVE('',#5920,#5644,#116,.T.);
#5179=EDGE_CURVE('',#5643,#5923,#117,.F.);
#5180=EDGE_CURVE('',#5641,#5922,#118,.F.);
#5181=EDGE_CURVE('',#5921,#5642,#119,.T.);
#5182=EDGE_CURVE('',#5924,#5703,#120,.T.);
#5183=EDGE_CURVE('',#5701,#5927,#121,.F.);
#5184=EDGE_CURVE('',#5702,#5926,#122,.F.);
#5185=EDGE_CURVE('',#5925,#5704,#123,.T.);
#5186=EDGE_CURVE('',#5747,#5930,#124,.F.);
#5187=EDGE_CURVE('',#5931,#5746,#125,.T.);
#5188=EDGE_CURVE('',#5928,#5748,#126,.T.);
#5189=EDGE_CURVE('',#5749,#5929,#127,.F.);
#5190=VERTEX_POINT('',#13653);
#5191=VERTEX_POINT('',#13655);
#5192=VERTEX_POINT('',#13656);
#5193=VERTEX_POINT('',#13658);
#5194=VERTEX_POINT('',#13660);
#5195=VERTEX_POINT('',#13664);
#5196=VERTEX_POINT('',#13666);
#5197=VERTEX_POINT('',#13668);
#5198=VERTEX_POINT('',#13670);
#5199=VERTEX_POINT('',#13672);
#5200=VERTEX_POINT('',#13674);
#5201=VERTEX_POINT('',#13676);
#5202=VERTEX_POINT('',#13677);
#5203=VERTEX_POINT('',#13679);
#5204=VERTEX_POINT('',#13681);
#5205=VERTEX_POINT('',#13685);
#5206=VERTEX_POINT('',#13686);
#5207=VERTEX_POINT('',#13697);
#5208=VERTEX_POINT('',#13699);
#5209=VERTEX_POINT('',#13701);
#5210=VERTEX_POINT('',#13703);
#5211=VERTEX_POINT('',#13706);
#5212=VERTEX_POINT('',#13708);
#5213=VERTEX_POINT('',#13714);
#5214=VERTEX_POINT('',#13716);
#5215=VERTEX_POINT('',#13722);
#5216=VERTEX_POINT('',#13724);
#5217=VERTEX_POINT('',#13735);
#5218=VERTEX_POINT('',#13737);
#5219=VERTEX_POINT('',#13739);
#5220=VERTEX_POINT('',#13740);
#5221=VERTEX_POINT('',#13742);
#5222=VERTEX_POINT('',#13744);
#5223=VERTEX_POINT('',#13747);
#5224=VERTEX_POINT('',#13748);
#5225=VERTEX_POINT('',#13751);
#5226=VERTEX_POINT('',#13753);
#5227=VERTEX_POINT('',#13754);
#5228=VERTEX_POINT('',#13756);
#5229=VERTEX_POINT('',#13758);
#5230=VERTEX_POINT('',#13762);
#5231=VERTEX_POINT('',#13763);
#5232=VERTEX_POINT('',#13765);
#5233=VERTEX_POINT('',#13767);
#5234=VERTEX_POINT('',#13771);
#5235=VERTEX_POINT('',#13772);
#5236=VERTEX_POINT('',#13774);
#5237=VERTEX_POINT('',#13776);
#5238=VERTEX_POINT('',#13778);
#5239=VERTEX_POINT('',#13780);
#5240=VERTEX_POINT('',#13782);
#5241=VERTEX_POINT('',#13784);
#5242=VERTEX_POINT('',#13787);
#5243=VERTEX_POINT('',#13788);
#5244=VERTEX_POINT('',#13790);
#5245=VERTEX_POINT('',#13792);
#5246=VERTEX_POINT('',#13796);
#5247=VERTEX_POINT('',#13798);
#5248=VERTEX_POINT('',#13800);
#5249=VERTEX_POINT('',#13802);
#5250=VERTEX_POINT('',#13804);
#5251=VERTEX_POINT('',#13806);
#5252=VERTEX_POINT('',#13808);
#5253=VERTEX_POINT('',#13810);
#5254=VERTEX_POINT('',#13812);
#5255=VERTEX_POINT('',#13814);
#5256=VERTEX_POINT('',#13816);
#5257=VERTEX_POINT('',#13818);
#5258=VERTEX_POINT('',#13820);
#5259=VERTEX_POINT('',#13822);
#5260=VERTEX_POINT('',#13824);
#5261=VERTEX_POINT('',#13826);
#5262=VERTEX_POINT('',#13828);
#5263=VERTEX_POINT('',#13830);
#5264=VERTEX_POINT('',#13832);
#5265=VERTEX_POINT('',#13834);
#5266=VERTEX_POINT('',#13836);
#5267=VERTEX_POINT('',#13838);
#5268=VERTEX_POINT('',#13840);
#5269=VERTEX_POINT('',#13842);
#5270=VERTEX_POINT('',#13844);
#5271=VERTEX_POINT('',#13846);
#5272=VERTEX_POINT('',#13848);
#5273=VERTEX_POINT('',#13850);
#5274=VERTEX_POINT('',#13851);
#5275=VERTEX_POINT('',#13857);
#5276=VERTEX_POINT('',#13859);
#5277=VERTEX_POINT('',#13861);
#5278=VERTEX_POINT('',#13863);
#5279=VERTEX_POINT('',#13866);
#5280=VERTEX_POINT('',#13868);
#5281=VERTEX_POINT('',#13870);
#5282=VERTEX_POINT('',#13872);
#5283=VERTEX_POINT('',#13875);
#5284=VERTEX_POINT('',#13877);
#5285=VERTEX_POINT('',#13879);
#5286=VERTEX_POINT('',#13881);
#5287=VERTEX_POINT('',#13883);
#5288=VERTEX_POINT('',#13885);
#5289=VERTEX_POINT('',#13888);
#5290=VERTEX_POINT('',#13891);
#5291=VERTEX_POINT('',#13892);
#5292=VERTEX_POINT('',#13894);
#5293=VERTEX_POINT('',#13896);
#5294=VERTEX_POINT('',#13898);
#5295=VERTEX_POINT('',#13900);
#5296=VERTEX_POINT('',#13902);
#5297=VERTEX_POINT('',#13904);
#5298=VERTEX_POINT('',#13907);
#5299=VERTEX_POINT('',#13908);
#5300=VERTEX_POINT('',#13910);
#5301=VERTEX_POINT('',#13912);
#5302=VERTEX_POINT('',#13915);
#5303=VERTEX_POINT('',#13917);
#5304=VERTEX_POINT('',#13919);
#5305=VERTEX_POINT('',#13920);
#5306=VERTEX_POINT('',#13922);
#5307=VERTEX_POINT('',#13924);
#5308=VERTEX_POINT('',#13927);
#5309=VERTEX_POINT('',#13929);
#5310=VERTEX_POINT('',#13930);
#5311=VERTEX_POINT('',#13932);
#5312=VERTEX_POINT('',#13934);
#5313=VERTEX_POINT('',#13937);
#5314=VERTEX_POINT('',#13938);
#5315=VERTEX_POINT('',#13940);
#5316=VERTEX_POINT('',#13942);
#5317=VERTEX_POINT('',#13945);
#5318=VERTEX_POINT('',#13947);
#5319=VERTEX_POINT('',#13949);
#5320=VERTEX_POINT('',#13951);
#5321=VERTEX_POINT('',#13952);
#5322=VERTEX_POINT('',#13955);
#5323=VERTEX_POINT('',#13956);
#5324=VERTEX_POINT('',#13958);
#5325=VERTEX_POINT('',#13960);
#5326=VERTEX_POINT('',#13963);
#5327=VERTEX_POINT('',#13964);
#5328=VERTEX_POINT('',#13966);
#5329=VERTEX_POINT('',#13968);
#5330=VERTEX_POINT('',#13971);
#5331=VERTEX_POINT('',#13973);
#5332=VERTEX_POINT('',#13974);
#5333=VERTEX_POINT('',#13976);
#5334=VERTEX_POINT('',#13978);
#5335=VERTEX_POINT('',#13981);
#5336=VERTEX_POINT('',#13982);
#5337=VERTEX_POINT('',#13984);
#5338=VERTEX_POINT('',#13986);
#5339=VERTEX_POINT('',#13989);
#5340=VERTEX_POINT('',#13990);
#5341=VERTEX_POINT('',#13992);
#5342=VERTEX_POINT('',#13994);
#5343=VERTEX_POINT('',#13997);
#5344=VERTEX_POINT('',#13998);
#5345=VERTEX_POINT('',#14000);
#5346=VERTEX_POINT('',#14002);
#5347=VERTEX_POINT('',#14005);
#5348=VERTEX_POINT('',#14006);
#5349=VERTEX_POINT('',#14008);
#5350=VERTEX_POINT('',#14010);
#5351=VERTEX_POINT('',#14013);
#5352=VERTEX_POINT('',#14014);
#5353=VERTEX_POINT('',#14016);
#5354=VERTEX_POINT('',#14018);
#5355=VERTEX_POINT('',#14021);
#5356=VERTEX_POINT('',#14022);
#5357=VERTEX_POINT('',#14024);
#5358=VERTEX_POINT('',#14026);
#5359=VERTEX_POINT('',#14029);
#5360=VERTEX_POINT('',#14030);
#5361=VERTEX_POINT('',#14032);
#5362=VERTEX_POINT('',#14034);
#5363=VERTEX_POINT('',#14037);
#5364=VERTEX_POINT('',#14038);
#5365=VERTEX_POINT('',#14040);
#5366=VERTEX_POINT('',#14042);
#5367=VERTEX_POINT('',#14045);
#5368=VERTEX_POINT('',#14046);
#5369=VERTEX_POINT('',#14048);
#5370=VERTEX_POINT('',#14050);
#5371=VERTEX_POINT('',#14053);
#5372=VERTEX_POINT('',#14054);
#5373=VERTEX_POINT('',#14056);
#5374=VERTEX_POINT('',#14058);
#5375=VERTEX_POINT('',#14060);
#5376=VERTEX_POINT('',#14063);
#5377=VERTEX_POINT('',#14064);
#5378=VERTEX_POINT('',#14066);
#5379=VERTEX_POINT('',#14068);
#5380=VERTEX_POINT('',#14071);
#5381=VERTEX_POINT('',#14073);
#5382=VERTEX_POINT('',#14075);
#5383=VERTEX_POINT('',#14076);
#5384=VERTEX_POINT('',#14078);
#5385=VERTEX_POINT('',#14080);
#5386=VERTEX_POINT('',#14083);
#5387=VERTEX_POINT('',#14085);
#5388=VERTEX_POINT('',#14087);
#5389=VERTEX_POINT('',#14089);
#5390=VERTEX_POINT('',#14091);
#5391=VERTEX_POINT('',#14093);
#5392=VERTEX_POINT('',#14095);
#5393=VERTEX_POINT('',#14097);
#5394=VERTEX_POINT('',#14099);
#5395=VERTEX_POINT('',#14101);
#5396=VERTEX_POINT('',#14103);
#5397=VERTEX_POINT('',#14105);
#5398=VERTEX_POINT('',#14107);
#5399=VERTEX_POINT('',#14109);
#5400=VERTEX_POINT('',#14111);
#5401=VERTEX_POINT('',#14113);
#5402=VERTEX_POINT('',#14115);
#5403=VERTEX_POINT('',#14117);
#5404=VERTEX_POINT('',#14119);
#5405=VERTEX_POINT('',#14121);
#5406=VERTEX_POINT('',#14122);
#5407=VERTEX_POINT('',#14124);
#5408=VERTEX_POINT('',#14126);
#5409=VERTEX_POINT('',#14128);
#5410=VERTEX_POINT('',#14131);
#5411=VERTEX_POINT('',#14132);
#5412=VERTEX_POINT('',#14134);
#5413=VERTEX_POINT('',#14136);
#5414=VERTEX_POINT('',#14139);
#5415=VERTEX_POINT('',#14140);
#5416=VERTEX_POINT('',#14142);
#5417=VERTEX_POINT('',#14144);
#5418=VERTEX_POINT('',#14147);
#5419=VERTEX_POINT('',#14148);
#5420=VERTEX_POINT('',#14150);
#5421=VERTEX_POINT('',#14152);
#5422=VERTEX_POINT('',#14155);
#5423=VERTEX_POINT('',#14156);
#5424=VERTEX_POINT('',#14158);
#5425=VERTEX_POINT('',#14160);
#5426=VERTEX_POINT('',#14163);
#5427=VERTEX_POINT('',#14164);
#5428=VERTEX_POINT('',#14166);
#5429=VERTEX_POINT('',#14168);
#5430=VERTEX_POINT('',#14171);
#5431=VERTEX_POINT('',#14172);
#5432=VERTEX_POINT('',#14174);
#5433=VERTEX_POINT('',#14176);
#5434=VERTEX_POINT('',#14179);
#5435=VERTEX_POINT('',#14180);
#5436=VERTEX_POINT('',#14182);
#5437=VERTEX_POINT('',#14184);
#5438=VERTEX_POINT('',#14187);
#5439=VERTEX_POINT('',#14188);
#5440=VERTEX_POINT('',#14190);
#5441=VERTEX_POINT('',#14192);
#5442=VERTEX_POINT('',#14195);
#5443=VERTEX_POINT('',#14196);
#5444=VERTEX_POINT('',#14198);
#5445=VERTEX_POINT('',#14200);
#5446=VERTEX_POINT('',#14203);
#5447=VERTEX_POINT('',#14204);
#5448=VERTEX_POINT('',#14206);
#5449=VERTEX_POINT('',#14208);
#5450=VERTEX_POINT('',#14210);
#5451=VERTEX_POINT('',#14212);
#5452=VERTEX_POINT('',#14214);
#5453=VERTEX_POINT('',#14216);
#5454=VERTEX_POINT('',#14220);
#5455=VERTEX_POINT('',#14222);
#5456=VERTEX_POINT('',#14225);
#5457=VERTEX_POINT('',#14227);
#5458=VERTEX_POINT('',#14230);
#5459=VERTEX_POINT('',#14232);
#5460=VERTEX_POINT('',#14235);
#5461=VERTEX_POINT('',#14237);
#5462=VERTEX_POINT('',#14240);
#5463=VERTEX_POINT('',#14242);
#5464=VERTEX_POINT('',#14244);
#5465=VERTEX_POINT('',#14246);
#5466=VERTEX_POINT('',#14248);
#5467=VERTEX_POINT('',#14250);
#5468=VERTEX_POINT('',#14251);
#5469=VERTEX_POINT('',#14253);
#5470=VERTEX_POINT('',#14255);
#5471=VERTEX_POINT('',#14258);
#5472=VERTEX_POINT('',#14259);
#5473=VERTEX_POINT('',#14261);
#5474=VERTEX_POINT('',#14263);
#5475=VERTEX_POINT('',#14266);
#5476=VERTEX_POINT('',#14268);
#5477=VERTEX_POINT('',#14270);
#5478=VERTEX_POINT('',#14272);
#5479=VERTEX_POINT('',#14275);
#5480=VERTEX_POINT('',#14277);
#5481=VERTEX_POINT('',#14280);
#5482=VERTEX_POINT('',#14282);
#5483=VERTEX_POINT('',#14287);
#5484=VERTEX_POINT('',#14289);
#5485=VERTEX_POINT('',#14292);
#5486=VERTEX_POINT('',#14294);
#5487=VERTEX_POINT('',#14299);
#5488=VERTEX_POINT('',#14301);
#5489=VERTEX_POINT('',#14302);
#5490=VERTEX_POINT('',#14306);
#5491=VERTEX_POINT('',#14308);
#5492=VERTEX_POINT('',#14313);
#5493=VERTEX_POINT('',#14329);
#5494=VERTEX_POINT('',#14331);
#5495=VERTEX_POINT('',#14334);
#5496=VERTEX_POINT('',#14336);
#5497=VERTEX_POINT('',#14341);
#5498=VERTEX_POINT('',#14343);
#5499=VERTEX_POINT('',#14346);
#5500=VERTEX_POINT('',#14348);
#5501=VERTEX_POINT('',#14353);
#5502=VERTEX_POINT('',#14355);
#5503=VERTEX_POINT('',#14358);
#5504=VERTEX_POINT('',#14360);
#5505=VERTEX_POINT('',#14365);
#5506=VERTEX_POINT('',#14367);
#5507=VERTEX_POINT('',#14370);
#5508=VERTEX_POINT('',#14372);
#5509=VERTEX_POINT('',#14377);
#5510=VERTEX_POINT('',#14379);
#5511=VERTEX_POINT('',#14382);
#5512=VERTEX_POINT('',#14384);
#5513=VERTEX_POINT('',#14389);
#5514=VERTEX_POINT('',#14391);
#5515=VERTEX_POINT('',#14394);
#5516=VERTEX_POINT('',#14396);
#5517=VERTEX_POINT('',#14401);
#5518=VERTEX_POINT('',#14403);
#5519=VERTEX_POINT('',#14406);
#5520=VERTEX_POINT('',#14408);
#5521=VERTEX_POINT('',#14413);
#5522=VERTEX_POINT('',#14415);
#5523=VERTEX_POINT('',#14418);
#5524=VERTEX_POINT('',#14420);
#5525=VERTEX_POINT('',#14425);
#5526=VERTEX_POINT('',#14427);
#5527=VERTEX_POINT('',#14430);
#5528=VERTEX_POINT('',#14432);
#5529=VERTEX_POINT('',#14437);
#5530=VERTEX_POINT('',#14439);
#5531=VERTEX_POINT('',#14442);
#5532=VERTEX_POINT('',#14444);
#5533=VERTEX_POINT('',#14449);
#5534=VERTEX_POINT('',#14451);
#5535=VERTEX_POINT('',#14454);
#5536=VERTEX_POINT('',#14456);
#5537=VERTEX_POINT('',#14461);
#5538=VERTEX_POINT('',#14463);
#5539=VERTEX_POINT('',#14466);
#5540=VERTEX_POINT('',#14468);
#5541=VERTEX_POINT('',#14473);
#5542=VERTEX_POINT('',#14475);
#5543=VERTEX_POINT('',#14478);
#5544=VERTEX_POINT('',#14480);
#5545=VERTEX_POINT('',#14485);
#5546=VERTEX_POINT('',#14487);
#5547=VERTEX_POINT('',#14490);
#5548=VERTEX_POINT('',#14492);
#5549=VERTEX_POINT('',#14497);
#5550=VERTEX_POINT('',#14499);
#5551=VERTEX_POINT('',#14502);
#5552=VERTEX_POINT('',#14504);
#5553=VERTEX_POINT('',#14509);
#5554=VERTEX_POINT('',#14511);
#5555=VERTEX_POINT('',#14514);
#5556=VERTEX_POINT('',#14516);
#5557=VERTEX_POINT('',#14521);
#5558=VERTEX_POINT('',#14523);
#5559=VERTEX_POINT('',#14526);
#5560=VERTEX_POINT('',#14528);
#5561=VERTEX_POINT('',#14533);
#5562=VERTEX_POINT('',#14535);
#5563=VERTEX_POINT('',#14538);
#5564=VERTEX_POINT('',#14540);
#5565=VERTEX_POINT('',#14545);
#5566=VERTEX_POINT('',#14547);
#5567=VERTEX_POINT('',#14550);
#5568=VERTEX_POINT('',#14552);
#5569=VERTEX_POINT('',#14557);
#5570=VERTEX_POINT('',#14559);
#5571=VERTEX_POINT('',#14562);
#5572=VERTEX_POINT('',#14564);
#5573=VERTEX_POINT('',#14569);
#5574=VERTEX_POINT('',#14571);
#5575=VERTEX_POINT('',#14574);
#5576=VERTEX_POINT('',#14576);
#5577=VERTEX_POINT('',#14581);
#5578=VERTEX_POINT('',#14583);
#5579=VERTEX_POINT('',#14586);
#5580=VERTEX_POINT('',#14588);
#5581=VERTEX_POINT('',#14593);
#5582=VERTEX_POINT('',#14595);
#5583=VERTEX_POINT('',#14596);
#5584=VERTEX_POINT('',#14600);
#5585=VERTEX_POINT('',#14602);
#5586=VERTEX_POINT('',#14607);
#5587=VERTEX_POINT('',#14623);
#5588=VERTEX_POINT('',#14625);
#5589=VERTEX_POINT('',#14628);
#5590=VERTEX_POINT('',#14630);
#5591=VERTEX_POINT('',#14635);
#5592=VERTEX_POINT('',#14637);
#5593=VERTEX_POINT('',#14641);
#5594=VERTEX_POINT('',#14643);
#5595=VERTEX_POINT('',#14647);
#5596=VERTEX_POINT('',#14649);
#5597=VERTEX_POINT('',#14653);
#5598=VERTEX_POINT('',#14655);
#5599=VERTEX_POINT('',#14659);
#5600=VERTEX_POINT('',#14663);
#5601=VERTEX_POINT('',#14667);
#5602=VERTEX_POINT('',#14671);
#5603=VERTEX_POINT('',#14675);
#5604=VERTEX_POINT('',#14677);
#5605=VERTEX_POINT('',#14680);
#5606=VERTEX_POINT('',#14682);
#5607=VERTEX_POINT('',#14686);
#5608=VERTEX_POINT('',#14688);
#5609=VERTEX_POINT('',#14692);
#5610=VERTEX_POINT('',#14694);
#5611=VERTEX_POINT('',#14698);
#5612=VERTEX_POINT('',#14700);
#5613=VERTEX_POINT('',#14704);
#5614=VERTEX_POINT('',#14708);
#5615=VERTEX_POINT('',#14715);
#5616=VERTEX_POINT('',#14718);
#5617=VERTEX_POINT('',#14720);
#5618=VERTEX_POINT('',#14724);
#5619=VERTEX_POINT('',#14726);
#5620=VERTEX_POINT('',#14730);
#5621=VERTEX_POINT('',#14732);
#5622=VERTEX_POINT('',#14736);
#5623=VERTEX_POINT('',#14738);
#5624=VERTEX_POINT('',#14742);
#5625=VERTEX_POINT('',#14746);
#5626=VERTEX_POINT('',#14750);
#5627=VERTEX_POINT('',#14754);
#5628=VERTEX_POINT('',#14758);
#5629=VERTEX_POINT('',#14760);
#5630=VERTEX_POINT('',#14763);
#5631=VERTEX_POINT('',#14765);
#5632=VERTEX_POINT('',#14769);
#5633=VERTEX_POINT('',#14772);
#5634=VERTEX_POINT('',#14774);
#5635=VERTEX_POINT('',#14778);
#5636=VERTEX_POINT('',#14780);
#5637=VERTEX_POINT('',#14784);
#5638=VERTEX_POINT('',#14786);
#5639=VERTEX_POINT('',#14791);
#5640=VERTEX_POINT('',#14798);
#5641=VERTEX_POINT('',#14801);
#5642=VERTEX_POINT('',#14803);
#5643=VERTEX_POINT('',#14807);
#5644=VERTEX_POINT('',#14811);
#5645=VERTEX_POINT('',#14815);
#5646=VERTEX_POINT('',#14817);
#5647=VERTEX_POINT('',#14821);
#5648=VERTEX_POINT('',#14825);
#5649=VERTEX_POINT('',#14829);
#5650=VERTEX_POINT('',#14831);
#5651=VERTEX_POINT('',#14835);
#5652=VERTEX_POINT('',#14839);
#5653=VERTEX_POINT('',#14843);
#5654=VERTEX_POINT('',#14845);
#5655=VERTEX_POINT('',#14849);
#5656=VERTEX_POINT('',#14853);
#5657=VERTEX_POINT('',#14857);
#5658=VERTEX_POINT('',#14859);
#5659=VERTEX_POINT('',#14863);
#5660=VERTEX_POINT('',#14867);
#5661=VERTEX_POINT('',#14871);
#5662=VERTEX_POINT('',#14873);
#5663=VERTEX_POINT('',#14877);
#5664=VERTEX_POINT('',#14881);
#5665=VERTEX_POINT('',#14885);
#5666=VERTEX_POINT('',#14887);
#5667=VERTEX_POINT('',#14891);
#5668=VERTEX_POINT('',#14895);
#5669=VERTEX_POINT('',#14899);
#5670=VERTEX_POINT('',#14901);
#5671=VERTEX_POINT('',#14905);
#5672=VERTEX_POINT('',#14909);
#5673=VERTEX_POINT('',#14913);
#5674=VERTEX_POINT('',#14915);
#5675=VERTEX_POINT('',#14919);
#5676=VERTEX_POINT('',#14923);
#5677=VERTEX_POINT('',#14927);
#5678=VERTEX_POINT('',#14929);
#5679=VERTEX_POINT('',#14930);
#5680=VERTEX_POINT('',#14932);
#5681=VERTEX_POINT('',#14934);
#5682=VERTEX_POINT('',#14938);
#5683=VERTEX_POINT('',#14940);
#5684=VERTEX_POINT('',#14942);
#5685=VERTEX_POINT('',#14944);
#5686=VERTEX_POINT('',#14946);
#5687=VERTEX_POINT('',#14948);
#5688=VERTEX_POINT('',#14950);
#5689=VERTEX_POINT('',#14951);
#5690=VERTEX_POINT('',#14953);
#5691=VERTEX_POINT('',#14955);
#5692=VERTEX_POINT('',#14959);
#5693=VERTEX_POINT('',#14960);
#5694=VERTEX_POINT('',#14962);
#5695=VERTEX_POINT('',#14971);
#5696=VERTEX_POINT('',#14979);
#5697=VERTEX_POINT('',#14983);
#5698=VERTEX_POINT('',#14985);
#5699=VERTEX_POINT('',#14989);
#5700=VERTEX_POINT('',#14993);
#5701=VERTEX_POINT('',#14997);
#5702=VERTEX_POINT('',#14999);
#5703=VERTEX_POINT('',#15003);
#5704=VERTEX_POINT('',#15007);
#5705=VERTEX_POINT('',#15011);
#5706=VERTEX_POINT('',#15012);
#5707=VERTEX_POINT('',#15014);
#5708=VERTEX_POINT('',#15023);
#5709=VERTEX_POINT('',#15031);
#5710=VERTEX_POINT('',#15035);
#5711=VERTEX_POINT('',#15037);
#5712=VERTEX_POINT('',#15041);
#5713=VERTEX_POINT('',#15045);
#5714=VERTEX_POINT('',#15049);
#5715=VERTEX_POINT('',#15051);
#5716=VERTEX_POINT('',#15055);
#5717=VERTEX_POINT('',#15059);
#5718=VERTEX_POINT('',#15063);
#5719=VERTEX_POINT('',#15065);
#5720=VERTEX_POINT('',#15069);
#5721=VERTEX_POINT('',#15073);
#5722=VERTEX_POINT('',#15077);
#5723=VERTEX_POINT('',#15079);
#5724=VERTEX_POINT('',#15083);
#5725=VERTEX_POINT('',#15087);
#5726=VERTEX_POINT('',#15091);
#5727=VERTEX_POINT('',#15093);
#5728=VERTEX_POINT('',#15097);
#5729=VERTEX_POINT('',#15101);
#5730=VERTEX_POINT('',#15105);
#5731=VERTEX_POINT('',#15107);
#5732=VERTEX_POINT('',#15111);
#5733=VERTEX_POINT('',#15115);
#5734=VERTEX_POINT('',#15119);
#5735=VERTEX_POINT('',#15121);
#5736=VERTEX_POINT('',#15125);
#5737=VERTEX_POINT('',#15129);
#5738=VERTEX_POINT('',#15133);
#5739=VERTEX_POINT('',#15135);
#5740=VERTEX_POINT('',#15139);
#5741=VERTEX_POINT('',#15143);
#5742=VERTEX_POINT('',#15147);
#5743=VERTEX_POINT('',#15149);
#5744=VERTEX_POINT('',#15153);
#5745=VERTEX_POINT('',#15157);
#5746=VERTEX_POINT('',#15161);
#5747=VERTEX_POINT('',#15163);
#5748=VERTEX_POINT('',#15167);
#5749=VERTEX_POINT('',#15171);
#5750=VERTEX_POINT('',#15175);
#5751=VERTEX_POINT('',#15177);
#5752=VERTEX_POINT('',#15181);
#5753=VERTEX_POINT('',#15185);
#5754=VERTEX_POINT('',#15189);
#5755=VERTEX_POINT('',#15191);
#5756=VERTEX_POINT('',#15195);
#5757=VERTEX_POINT('',#15199);
#5758=VERTEX_POINT('',#15203);
#5759=VERTEX_POINT('',#15205);
#5760=VERTEX_POINT('',#15209);
#5761=VERTEX_POINT('',#15213);
#5762=VERTEX_POINT('',#15217);
#5763=VERTEX_POINT('',#15219);
#5764=VERTEX_POINT('',#15223);
#5765=VERTEX_POINT('',#15227);
#5766=VERTEX_POINT('',#15231);
#5767=VERTEX_POINT('',#15233);
#5768=VERTEX_POINT('',#15237);
#5769=VERTEX_POINT('',#15241);
#5770=VERTEX_POINT('',#15245);
#5771=VERTEX_POINT('',#15247);
#5772=VERTEX_POINT('',#15251);
#5773=VERTEX_POINT('',#15255);
#5774=VERTEX_POINT('',#15277);
#5775=VERTEX_POINT('',#15278);
#5776=VERTEX_POINT('',#15280);
#5777=VERTEX_POINT('',#15282);
#5778=VERTEX_POINT('',#15288);
#5779=VERTEX_POINT('',#15291);
#5780=VERTEX_POINT('',#15294);
#5781=VERTEX_POINT('',#15297);
#5782=VERTEX_POINT('',#15300);
#5783=VERTEX_POINT('',#15303);
#5784=VERTEX_POINT('',#15306);
#5785=VERTEX_POINT('',#15309);
#5786=VERTEX_POINT('',#15312);
#5787=VERTEX_POINT('',#15315);
#5788=VERTEX_POINT('',#15318);
#5789=VERTEX_POINT('',#15321);
#5790=VERTEX_POINT('',#15324);
#5791=VERTEX_POINT('',#15327);
#5792=VERTEX_POINT('',#15330);
#5793=VERTEX_POINT('',#15333);
#5794=VERTEX_POINT('',#15336);
#5795=VERTEX_POINT('',#15339);
#5796=VERTEX_POINT('',#15342);
#5797=VERTEX_POINT('',#15347);
#5798=VERTEX_POINT('',#15350);
#5799=VERTEX_POINT('',#15377);
#5800=VERTEX_POINT('',#15384);
#5801=VERTEX_POINT('',#15387);
#5802=VERTEX_POINT('',#15390);
#5803=VERTEX_POINT('',#15397);
#5804=VERTEX_POINT('',#15402);
#5805=VERTEX_POINT('',#15405);
#5806=VERTEX_POINT('',#15410);
#5807=VERTEX_POINT('',#15412);
#5808=VERTEX_POINT('',#15414);
#5809=VERTEX_POINT('',#15415);
#5810=VERTEX_POINT('',#15417);
#5811=VERTEX_POINT('',#15419);
#5812=VERTEX_POINT('',#15422);
#5813=VERTEX_POINT('',#15423);
#5814=VERTEX_POINT('',#15425);
#5815=VERTEX_POINT('',#15427);
#5816=VERTEX_POINT('',#15430);
#5817=VERTEX_POINT('',#15431);
#5818=VERTEX_POINT('',#15433);
#5819=VERTEX_POINT('',#15435);
#5820=VERTEX_POINT('',#15438);
#5821=VERTEX_POINT('',#15439);
#5822=VERTEX_POINT('',#15441);
#5823=VERTEX_POINT('',#15443);
#5824=VERTEX_POINT('',#15446);
#5825=VERTEX_POINT('',#15448);
#5826=VERTEX_POINT('',#15449);
#5827=VERTEX_POINT('',#15451);
#5828=VERTEX_POINT('',#15453);
#5829=VERTEX_POINT('',#15456);
#5830=VERTEX_POINT('',#15458);
#5831=VERTEX_POINT('',#15460);
#5832=VERTEX_POINT('',#15462);
#5833=VERTEX_POINT('',#15463);
#5834=VERTEX_POINT('',#15465);
#5835=VERTEX_POINT('',#15467);
#5836=VERTEX_POINT('',#15470);
#5837=VERTEX_POINT('',#15471);
#5838=VERTEX_POINT('',#15473);
#5839=VERTEX_POINT('',#15475);
#5840=VERTEX_POINT('',#15478);
#5841=VERTEX_POINT('',#15479);
#5842=VERTEX_POINT('',#15481);
#5843=VERTEX_POINT('',#15483);
#5844=VERTEX_POINT('',#15486);
#5845=VERTEX_POINT('',#15487);
#5846=VERTEX_POINT('',#15489);
#5847=VERTEX_POINT('',#15491);
#5848=VERTEX_POINT('',#15494);
#5849=VERTEX_POINT('',#15495);
#5850=VERTEX_POINT('',#15497);
#5851=VERTEX_POINT('',#15499);
#5852=VERTEX_POINT('',#15502);
#5853=VERTEX_POINT('',#15503);
#5854=VERTEX_POINT('',#15505);
#5855=VERTEX_POINT('',#15507);
#5856=VERTEX_POINT('',#15510);
#5857=VERTEX_POINT('',#15511);
#5858=VERTEX_POINT('',#15513);
#5859=VERTEX_POINT('',#15515);
#5860=VERTEX_POINT('',#15518);
#5861=VERTEX_POINT('',#15519);
#5862=VERTEX_POINT('',#15521);
#5863=VERTEX_POINT('',#15523);
#5864=VERTEX_POINT('',#15526);
#5865=VERTEX_POINT('',#15527);
#5866=VERTEX_POINT('',#15529);
#5867=VERTEX_POINT('',#15531);
#5868=VERTEX_POINT('',#15534);
#5869=VERTEX_POINT('',#15535);
#5870=VERTEX_POINT('',#15537);
#5871=VERTEX_POINT('',#15539);
#5872=VERTEX_POINT('',#15542);
#5873=VERTEX_POINT('',#15543);
#5874=VERTEX_POINT('',#15545);
#5875=VERTEX_POINT('',#15547);
#5876=VERTEX_POINT('',#15550);
#5877=VERTEX_POINT('',#15551);
#5878=VERTEX_POINT('',#15553);
#5879=VERTEX_POINT('',#15555);
#5880=VERTEX_POINT('',#15558);
#5881=VERTEX_POINT('',#15559);
#5882=VERTEX_POINT('',#15561);
#5883=VERTEX_POINT('',#15563);
#5884=VERTEX_POINT('',#15566);
#5885=VERTEX_POINT('',#15567);
#5886=VERTEX_POINT('',#15569);
#5887=VERTEX_POINT('',#15571);
#5888=VERTEX_POINT('',#15574);
#5889=VERTEX_POINT('',#15575);
#5890=VERTEX_POINT('',#15577);
#5891=VERTEX_POINT('',#15579);
#5892=VERTEX_POINT('',#15582);
#5893=VERTEX_POINT('',#15583);
#5894=VERTEX_POINT('',#15585);
#5895=VERTEX_POINT('',#15587);
#5896=VERTEX_POINT('',#15590);
#5897=VERTEX_POINT('',#15591);
#5898=VERTEX_POINT('',#15593);
#5899=VERTEX_POINT('',#15595);
#5900=VERTEX_POINT('',#15598);
#5901=VERTEX_POINT('',#15599);
#5902=VERTEX_POINT('',#15601);
#5903=VERTEX_POINT('',#15603);
#5904=VERTEX_POINT('',#15606);
#5905=VERTEX_POINT('',#15607);
#5906=VERTEX_POINT('',#15609);
#5907=VERTEX_POINT('',#15611);
#5908=VERTEX_POINT('',#15614);
#5909=VERTEX_POINT('',#15615);
#5910=VERTEX_POINT('',#15617);
#5911=VERTEX_POINT('',#15619);
#5912=VERTEX_POINT('',#15622);
#5913=VERTEX_POINT('',#15624);
#5914=VERTEX_POINT('',#15626);
#5915=VERTEX_POINT('',#15628);
#5916=VERTEX_POINT('',#15630);
#5917=VERTEX_POINT('',#15631);
#5918=VERTEX_POINT('',#15633);
#5919=VERTEX_POINT('',#15635);
#5920=VERTEX_POINT('',#15638);
#5921=VERTEX_POINT('',#15639);
#5922=VERTEX_POINT('',#15641);
#5923=VERTEX_POINT('',#15643);
#5924=VERTEX_POINT('',#15646);
#5925=VERTEX_POINT('',#15647);
#5926=VERTEX_POINT('',#15649);
#5927=VERTEX_POINT('',#15651);
#5928=VERTEX_POINT('',#15654);
#5929=VERTEX_POINT('',#15655);
#5930=VERTEX_POINT('',#15657);
#5931=VERTEX_POINT('',#15659);
#5932=VERTEX_POINT('',#15662);
#5933=VERTEX_POINT('',#15664);
#5934=VERTEX_POINT('',#15666);
#5935=VERTEX_POINT('',#15668);
#5936=VERTEX_POINT('',#15670);
#5937=VERTEX_POINT('',#15672);
#5938=VERTEX_POINT('',#15674);
#5939=VERTEX_POINT('',#15676);
#5940=VERTEX_POINT('',#15678);
#5941=VERTEX_POINT('',#15680);
#5942=VERTEX_POINT('',#15682);
#5943=VERTEX_POINT('',#15684);
#5944=VERTEX_POINT('',#15686);
#5945=VERTEX_POINT('',#15688);
#5946=VERTEX_POINT('',#15690);
#5947=VERTEX_POINT('',#15692);
#5948=VERTEX_POINT('',#15694);
#5949=VERTEX_POINT('',#15696);
#5950=VERTEX_POINT('',#15698);
#5951=VERTEX_POINT('',#15700);
#5952=VERTEX_POINT('',#15702);
#5953=VERTEX_POINT('',#15703);
#5954=VERTEX_POINT('',#15705);
#5955=VERTEX_POINT('',#15707);
#5956=VERTEX_POINT('',#15711);
#5957=VERTEX_POINT('',#15716);
#5958=VERTEX_POINT('',#15725);
#5959=VERTEX_POINT('',#15739);
#5960=VERTEX_POINT('',#15742);
#5961=VERTEX_POINT('',#15745);
#5962=VERTEX_POINT('',#15748);
#5963=VERTEX_POINT('',#15750);
#5964=VERTEX_POINT('',#15754);
#5965=VERTEX_POINT('',#15757);
#5966=VERTEX_POINT('',#15759);
#5967=VERTEX_POINT('',#15763);
#5968=VERTEX_POINT('',#15766);
#5969=VERTEX_POINT('',#15768);
#5970=VERTEX_POINT('',#15772);
#5971=VERTEX_POINT('',#15775);
#5972=VERTEX_POINT('',#15779);
#5973=VERTEX_POINT('',#15784);
#5974=VERTEX_POINT('',#15789);
#5975=VERTEX_POINT('',#15811);
#5976=VERTEX_POINT('',#15813);
#5977=VERTEX_POINT('',#15815);
#5978=VERTEX_POINT('',#15826);
#5979=VERTEX_POINT('',#15828);
#5980=VERTEX_POINT('',#15836);
#5981=VERTEX_POINT('',#15840);
#5982=VERTEX_POINT('',#15842);
#5983=VERTEX_POINT('',#15845);
#5984=VERTEX_POINT('',#15848);
#5985=VERTEX_POINT('',#15850);
#5986=VERTEX_POINT('',#15853);
#5987=VERTEX_POINT('',#15856);
#5988=VERTEX_POINT('',#15858);
#5989=VERTEX_POINT('',#15861);
#5990=VERTEX_POINT('',#15864);
#5991=VERTEX_POINT('',#15866);
#5992=VERTEX_POINT('',#15869);
#5993=VERTEX_POINT('',#15872);
#5994=VERTEX_POINT('',#15873);
#5995=VERTEX_POINT('',#15878);
#5996=VERTEX_POINT('',#15880);
#5997=VERTEX_POINT('',#15891);
#5998=VERTEX_POINT('',#15895);
#5999=VERTEX_POINT('',#15899);
#6000=VERTEX_POINT('',#15901);
#6001=VERTEX_POINT('',#15905);
#6002=VERTEX_POINT('',#15909);
#6003=VERTEX_POINT('',#15913);
#6004=VERTEX_POINT('',#15914);
#6005=VERTEX_POINT('',#15919);
#6006=VERTEX_POINT('',#15923);
#6007=VERTEX_POINT('',#15927);
#6008=VERTEX_POINT('',#15929);
#6009=VERTEX_POINT('',#15931);
#6010=VERTEX_POINT('',#15933);
#6011=VERTEX_POINT('',#15943);
#6012=VERTEX_POINT('',#15944);
#6013=VERTEX_POINT('',#15946);
#6014=VERTEX_POINT('',#15948);
#6015=VERTEX_POINT('',#15952);
#6016=VERTEX_POINT('',#15954);
#6017=VERTEX_POINT('',#15957);
#6018=VERTEX_POINT('',#15981);
#6019=VERTEX_POINT('',#15985);
#6020=VERTEX_POINT('',#15989);
#6021=VERTEX_POINT('',#15993);
#6022=VERTEX_POINT('',#15997);
#6023=VERTEX_POINT('',#16001);
#6024=VERTEX_POINT('',#16005);
#6025=VERTEX_POINT('',#16009);
#6026=VERTEX_POINT('',#16013);
#6027=VERTEX_POINT('',#16017);
#6028=VERTEX_POINT('',#16019);
#6029=VERTEX_POINT('',#16023);
#6030=VERTEX_POINT('',#16025);
#6031=VERTEX_POINT('',#16029);
#6032=VERTEX_POINT('',#16031);
#6033=CIRCLE('',#9522,0.003625);
#6034=CIRCLE('',#9524,0.0016);
#6035=CIRCLE('',#9525,0.0016);
#6036=CIRCLE('',#9526,0.012);
#6037=CIRCLE('',#9527,0.0016);
#6038=CIRCLE('',#9528,0.0016);
#6039=CIRCLE('',#9529,0.012);
#6040=CIRCLE('',#9531,0.003);
#6041=CIRCLE('',#9532,0.0055);
#6042=CIRCLE('',#9533,0.0055);
#6043=CIRCLE('',#9534,0.012);
#6044=CIRCLE('',#9535,0.004);
#6045=CIRCLE('',#9536,0.012);
#6046=CIRCLE('',#9537,0.004);
#6047=CIRCLE('',#9538,0.012);
#6048=CIRCLE('',#9539,0.004);
#6049=CIRCLE('',#9540,0.003625);
#6050=CIRCLE('',#9541,0.0025);
#6051=CIRCLE('',#9542,0.0025);
#6052=CIRCLE('',#9545,0.002875);
#6053=CIRCLE('',#9546,0.002875);
#6054=CIRCLE('',#9547,0.002875);
#6055=CIRCLE('',#9548,0.002875);
#6056=CIRCLE('',#9550,0.008);
#6057=CIRCLE('',#9551,0.008);
#6058=CIRCLE('',#9552,0.008);
#6059=CIRCLE('',#9553,0.008);
#6060=CIRCLE('',#9554,0.008);
#6061=CIRCLE('',#9555,0.008);
#6062=CIRCLE('',#9556,0.008);
#6063=CIRCLE('',#9557,0.008);
#6064=CIRCLE('',#9558,0.008);
#6065=CIRCLE('',#9559,0.008);
#6066=CIRCLE('',#9560,0.008);
#6067=CIRCLE('',#9561,0.008);
#6068=CIRCLE('',#9562,0.008);
#6069=CIRCLE('',#9563,0.008);
#6070=CIRCLE('',#9564,0.008);
#6071=CIRCLE('',#9565,0.008);
#6072=CIRCLE('',#9566,0.008);
#6073=CIRCLE('',#9567,0.008);
#6074=CIRCLE('',#9568,0.008);
#6075=CIRCLE('',#9569,0.008);
#6076=CIRCLE('',#9570,0.008);
#6077=CIRCLE('',#9571,0.008);
#6078=CIRCLE('',#9572,0.008);
#6079=CIRCLE('',#9573,0.008);
#6080=CIRCLE('',#9574,0.008);
#6081=CIRCLE('',#9575,0.008);
#6082=CIRCLE('',#9576,0.008);
#6083=CIRCLE('',#9577,0.004);
#6084=CIRCLE('',#9578,0.008);
#6085=CIRCLE('',#9579,0.008);
#6086=CIRCLE('',#9580,0.008);
#6087=CIRCLE('',#9581,0.008);
#6088=CIRCLE('',#9582,0.002);
#6089=CIRCLE('',#9583,0.004);
#6090=CIRCLE('',#9584,0.002);
#6091=CIRCLE('',#9585,0.002);
#6092=CIRCLE('',#9586,0.004);
#6093=CIRCLE('',#9587,0.002);
#6094=CIRCLE('',#9588,0.002);
#6095=CIRCLE('',#9589,0.008);
#6096=CIRCLE('',#9590,0.0125);
#6097=CIRCLE('',#9591,0.008);
#6098=CIRCLE('',#9592,0.002);
#6099=CIRCLE('',#9593,0.002);
#6100=CIRCLE('',#9594,0.004);
#6101=CIRCLE('',#9595,0.004);
#6102=CIRCLE('',#9596,0.004);
#6103=CIRCLE('',#9597,0.004);
#6104=CIRCLE('',#9598,0.005);
#6105=CIRCLE('',#9599,0.005);
#6106=CIRCLE('',#9600,0.005);
#6107=CIRCLE('',#9601,0.005);
#6108=CIRCLE('',#9602,0.005);
#6109=CIRCLE('',#9603,0.0125);
#6110=CIRCLE('',#9604,0.0125);
#6111=CIRCLE('',#9605,0.008);
#6112=CIRCLE('',#9606,0.0125);
#6113=CIRCLE('',#9607,0.008);
#6114=CIRCLE('',#9608,0.005);
#6115=CIRCLE('',#9609,0.005);
#6116=CIRCLE('',#9610,0.005);
#6117=CIRCLE('',#9611,0.005);
#6118=CIRCLE('',#9612,0.005);
#6119=CIRCLE('',#9613,0.005);
#6120=CIRCLE('',#9614,0.005);
#6121=CIRCLE('',#9615,0.005);
#6122=CIRCLE('',#9616,0.005);
#6123=CIRCLE('',#9617,0.005);
#6124=CIRCLE('',#9618,0.005);
#6125=CIRCLE('',#9619,0.005);
#6126=CIRCLE('',#9620,0.005);
#6127=CIRCLE('',#9621,0.005);
#6128=CIRCLE('',#9622,0.005);
#6129=CIRCLE('',#9623,0.005);
#6130=CIRCLE('',#9624,0.005);
#6131=CIRCLE('',#9625,0.005);
#6132=CIRCLE('',#9626,0.005);
#6133=CIRCLE('',#9627,0.005);
#6134=CIRCLE('',#9628,0.005);
#6135=CIRCLE('',#9629,0.008);
#6136=CIRCLE('',#9630,0.004);
#6137=CIRCLE('',#9631,0.004);
#6138=CIRCLE('',#9632,0.004);
#6139=CIRCLE('',#9633,0.004);
#6140=CIRCLE('',#9635,0.00162499999999997);
#6141=CIRCLE('',#9636,0.0025);
#6142=CIRCLE('',#9638,0.001625);
#6143=CIRCLE('',#9639,0.0025);
#6144=CIRCLE('',#9641,0.001625);
#6145=CIRCLE('',#9642,0.0025);
#6146=CIRCLE('',#9644,0.001625);
#6147=CIRCLE('',#9645,0.0025);
#6148=CIRCLE('',#9647,0.004625);
#6149=CIRCLE('',#9648,0.0065);
#6150=CIRCLE('',#9649,0.0065);
#6151=CIRCLE('',#9650,0.013);
#6152=CIRCLE('',#9651,0.013);
#6153=CIRCLE('',#9652,0.0055);
#6154=CIRCLE('',#9653,0.0055);
#6155=CIRCLE('',#9654,0.001625);
#6156=CIRCLE('',#9655,0.001625);
#6157=CIRCLE('',#9656,0.001625);
#6158=CIRCLE('',#9657,0.00162499999999997);
#6159=CIRCLE('',#9659,0.004);
#6160=CIRCLE('',#9660,0.004);
#6161=CIRCLE('',#9662,0.0025);
#6162=CIRCLE('',#9663,0.0025);
#6163=CIRCLE('',#9667,0.004);
#6164=CIRCLE('',#9668,0.004);
#6165=CIRCLE('',#9670,0.0025);
#6166=CIRCLE('',#9671,0.0025);
#6167=CIRCLE('',#9675,0.004);
#6168=CIRCLE('',#9676,0.004);
#6169=CIRCLE('',#9677,0.004);
#6170=CIRCLE('',#9679,0.0025);
#6171=CIRCLE('',#9680,0.0025);
#6172=CIRCLE('',#9684,0.0124999999999998);
#6173=CIRCLE('',#9685,0.0124999999999998);
#6174=CIRCLE('',#9688,0.004);
#6175=CIRCLE('',#9689,0.004);
#6176=CIRCLE('',#9691,0.0025);
#6177=CIRCLE('',#9692,0.0025);
#6178=CIRCLE('',#9696,0.004);
#6179=CIRCLE('',#9697,0.004);
#6180=CIRCLE('',#9699,0.0025);
#6181=CIRCLE('',#9700,0.0025);
#6182=CIRCLE('',#9704,0.004);
#6183=CIRCLE('',#9705,0.004);
#6184=CIRCLE('',#9707,0.0025);
#6185=CIRCLE('',#9708,0.0025);
#6186=CIRCLE('',#9712,0.004);
#6187=CIRCLE('',#9713,0.004);
#6188=CIRCLE('',#9715,0.0025);
#6189=CIRCLE('',#9716,0.0025);
#6190=CIRCLE('',#9720,0.004);
#6191=CIRCLE('',#9721,0.004);
#6192=CIRCLE('',#9723,0.0025);
#6193=CIRCLE('',#9724,0.0025);
#6194=CIRCLE('',#9728,0.004);
#6195=CIRCLE('',#9729,0.004);
#6196=CIRCLE('',#9731,0.0025);
#6197=CIRCLE('',#9732,0.0025);
#6198=CIRCLE('',#9736,0.004);
#6199=CIRCLE('',#9737,0.004);
#6200=CIRCLE('',#9739,0.0025);
#6201=CIRCLE('',#9740,0.0025);
#6202=CIRCLE('',#9744,0.004);
#6203=CIRCLE('',#9745,0.004);
#6204=CIRCLE('',#9747,0.0025);
#6205=CIRCLE('',#9748,0.0025);
#6206=CIRCLE('',#9752,0.004);
#6207=CIRCLE('',#9753,0.004);
#6208=CIRCLE('',#9755,0.0025);
#6209=CIRCLE('',#9756,0.0025);
#6210=CIRCLE('',#9760,0.004);
#6211=CIRCLE('',#9761,0.004);
#6212=CIRCLE('',#9763,0.0025);
#6213=CIRCLE('',#9764,0.0025);
#6214=CIRCLE('',#9768,0.004);
#6215=CIRCLE('',#9769,0.004);
#6216=CIRCLE('',#9771,0.0025);
#6217=CIRCLE('',#9772,0.0025);
#6218=CIRCLE('',#9776,0.004);
#6219=CIRCLE('',#9777,0.004);
#6220=CIRCLE('',#9779,0.0025);
#6221=CIRCLE('',#9780,0.0025);
#6222=CIRCLE('',#9784,0.004);
#6223=CIRCLE('',#9785,0.004);
#6224=CIRCLE('',#9787,0.0025);
#6225=CIRCLE('',#9788,0.0025);
#6226=CIRCLE('',#9792,0.004);
#6227=CIRCLE('',#9793,0.004);
#6228=CIRCLE('',#9795,0.0025);
#6229=CIRCLE('',#9796,0.0025);
#6230=CIRCLE('',#9800,0.004);
#6231=CIRCLE('',#9801,0.004);
#6232=CIRCLE('',#9803,0.0025);
#6233=CIRCLE('',#9804,0.0025);
#6234=CIRCLE('',#9808,0.004);
#6235=CIRCLE('',#9809,0.004);
#6236=CIRCLE('',#9811,0.0025);
#6237=CIRCLE('',#9812,0.0025);
#6238=CIRCLE('',#9816,0.004);
#6239=CIRCLE('',#9817,0.004);
#6240=CIRCLE('',#9819,0.0025);
#6241=CIRCLE('',#9820,0.0025);
#6242=CIRCLE('',#9824,0.004);
#6243=CIRCLE('',#9825,0.004);
#6244=CIRCLE('',#9827,0.0025);
#6245=CIRCLE('',#9828,0.0025);
#6246=CIRCLE('',#9832,0.004);
#6247=CIRCLE('',#9833,0.004);
#6248=CIRCLE('',#9835,0.0025);
#6249=CIRCLE('',#9836,0.0025);
#6250=CIRCLE('',#9840,0.004);
#6251=CIRCLE('',#9841,0.004);
#6252=CIRCLE('',#9843,0.0025);
#6253=CIRCLE('',#9844,0.0025);
#6254=CIRCLE('',#9848,0.004);
#6255=CIRCLE('',#9849,0.004);
#6256=CIRCLE('',#9851,0.0025);
#6257=CIRCLE('',#9852,0.0025);
#6258=CIRCLE('',#9856,0.004);
#6259=CIRCLE('',#9857,0.004);
#6260=CIRCLE('',#9859,0.0025);
#6261=CIRCLE('',#9860,0.0025);
#6262=CIRCLE('',#9864,0.004);
#6263=CIRCLE('',#9865,0.00400000000000012);
#6264=CIRCLE('',#9866,0.004);
#6265=CIRCLE('',#9868,0.0025);
#6266=CIRCLE('',#9869,0.0025);
#6267=CIRCLE('',#9873,0.0125);
#6268=CIRCLE('',#9874,0.0125);
#6269=CIRCLE('',#9877,0.004);
#6270=CIRCLE('',#9878,0.004);
#6271=CIRCLE('',#9880,0.0025);
#6272=CIRCLE('',#9881,0.0025);
#6273=CIRCLE('',#9889,0.004);
#6274=CIRCLE('',#9890,0.004);
#6275=CIRCLE('',#9892,0.004);
#6276=CIRCLE('',#9893,0.004);
#6277=CIRCLE('',#9895,0.004);
#6278=CIRCLE('',#9896,0.004);
#6279=CIRCLE('',#9898,0.004);
#6280=CIRCLE('',#9899,0.004);
#6281=CIRCLE('',#9901,0.0105);
#6282=CIRCLE('',#9902,0.0111);
#6283=CIRCLE('',#9904,0.0025);
#6284=CIRCLE('',#9905,0.0025);
#6285=CIRCLE('',#9908,0.0025);
#6286=CIRCLE('',#9909,0.0025);
#6287=CIRCLE('',#9912,0.0025);
#6288=CIRCLE('',#9913,0.0025);
#6289=CIRCLE('',#9916,0.0025);
#6290=CIRCLE('',#9917,0.0025);
#6291=CIRCLE('',#9920,0.0105);
#6292=CIRCLE('',#9923,0.0111);
#6293=CIRCLE('',#9929,0.0126);
#6294=CIRCLE('',#9935,0.004);
#6295=CIRCLE('',#9936,0.004);
#6296=CIRCLE('',#9938,0.004);
#6297=CIRCLE('',#9939,0.004);
#6298=CIRCLE('',#9941,0.004);
#6299=CIRCLE('',#9942,0.004);
#6300=CIRCLE('',#9944,0.004);
#6301=CIRCLE('',#9945,0.004);
#6302=CIRCLE('',#9947,0.0105);
#6303=CIRCLE('',#9948,0.0111);
#6304=CIRCLE('',#9950,0.0025);
#6305=CIRCLE('',#9951,0.0025);
#6306=CIRCLE('',#9954,0.0105);
#6307=CIRCLE('',#9956,0.0025);
#6308=CIRCLE('',#9957,0.0025);
#6309=CIRCLE('',#9960,0.0025);
#6310=CIRCLE('',#9961,0.0025);
#6311=CIRCLE('',#9964,0.0025);
#6312=CIRCLE('',#9965,0.0025);
#6313=CIRCLE('',#9969,0.0111);
#6314=CIRCLE('',#9975,0.0126);
#6315=CIRCLE('',#10004,0.004625);
#6316=CIRCLE('',#10006,0.013);
#6317=CIRCLE('',#10007,0.013);
#6318=CIRCLE('',#10008,0.0016);
#6319=CIRCLE('',#10009,0.0016);
#6320=CIRCLE('',#10010,0.0016);
#6321=CIRCLE('',#10011,0.0016);
#6322=CIRCLE('',#10084,0.005);
#6323=CIRCLE('',#10086,0.005);
#6324=CIRCLE('',#10088,0.005);
#6325=CIRCLE('',#10090,0.005);
#6326=CIRCLE('',#10092,0.005);
#6327=CIRCLE('',#10094,0.005);
#6328=CIRCLE('',#10096,0.005);
#6329=CIRCLE('',#10098,0.005);
#6330=CIRCLE('',#10100,0.005);
#6331=CIRCLE('',#10102,0.005);
#6332=CIRCLE('',#10104,0.005);
#6333=CIRCLE('',#10106,0.005);
#6334=CIRCLE('',#10108,0.005);
#6335=CIRCLE('',#10110,0.005);
#6336=CIRCLE('',#10112,0.005);
#6337=CIRCLE('',#10114,0.005);
#6338=CIRCLE('',#10116,0.005);
#6339=CIRCLE('',#10118,0.005);
#6340=CIRCLE('',#10120,0.005);
#6341=CIRCLE('',#10123,0.005);
#6342=CIRCLE('',#10125,0.005);
#6343=CIRCLE('',#10139,0.0125);
#6344=CIRCLE('',#10143,0.0125);
#6345=CIRCLE('',#10145,0.005);
#6346=CIRCLE('',#10147,0.005);
#6347=CIRCLE('',#10151,0.005);
#6348=CIRCLE('',#10154,0.005);
#6349=CIRCLE('',#10156,0.005);
#6350=CIRCLE('',#10159,0.013);
#6351=CIRCLE('',#10160,0.0129999999999998);
#6352=CIRCLE('',#10161,0.0055);
#6353=CIRCLE('',#10162,0.0055);
#6354=CIRCLE('',#10163,0.013);
#6355=CIRCLE('',#10164,0.013);
#6356=CIRCLE('',#10165,0.0055);
#6357=CIRCLE('',#10166,0.0055);
#6358=CIRCLE('',#10167,0.0055);
#6359=CIRCLE('',#10168,0.0055);
#6360=CIRCLE('',#10169,0.0055);
#6361=CIRCLE('',#10170,0.0055);
#6362=CIRCLE('',#10171,0.0055);
#6363=CIRCLE('',#10172,0.0055);
#6364=CIRCLE('',#10173,0.0055);
#6365=CIRCLE('',#10174,0.0055);
#6366=CIRCLE('',#10175,0.0055);
#6367=CIRCLE('',#10176,0.0055);
#6368=CIRCLE('',#10177,0.0055);
#6369=CIRCLE('',#10178,0.0055);
#6370=CIRCLE('',#10179,0.0055);
#6371=CIRCLE('',#10180,0.0055);
#6372=CIRCLE('',#10181,0.0055);
#6373=CIRCLE('',#10182,0.0055);
#6374=CIRCLE('',#10183,0.0055);
#6375=CIRCLE('',#10184,0.0055);
#6376=CIRCLE('',#10185,0.0055);
#6377=CIRCLE('',#10186,0.0055);
#6378=CIRCLE('',#10187,0.0055);
#6379=CIRCLE('',#10188,0.0055);
#6380=CIRCLE('',#10190,0.003625);
#6381=CIRCLE('',#10194,0.012);
#6382=CIRCLE('',#10197,0.012);
#6383=CIRCLE('',#10200,0.0055);
#6384=CIRCLE('',#10202,0.0055);
#6385=CIRCLE('',#10204,0.0025);
#6386=CIRCLE('',#10206,0.003);
#6387=CIRCLE('',#10207,0.003);
#6388=CIRCLE('',#10210,0.0025);
#6389=CIRCLE('',#10212,0.003);
#6390=CIRCLE('',#10213,0.003);
#6391=CIRCLE('',#10216,0.0025);
#6392=CIRCLE('',#10218,0.003);
#6393=CIRCLE('',#10219,0.003);
#6394=CIRCLE('',#10222,0.003);
#6395=CIRCLE('',#10224,0.0025);
#6396=CIRCLE('',#10227,0.012);
#6397=CIRCLE('',#10231,0.012);
#6398=CIRCLE('',#10235,0.003625);
#6399=CIRCLE('',#10237,0.003);
#6400=CIRCLE('',#10238,0.003);
#6401=CIRCLE('',#10240,0.003);
#6402=CIRCLE('',#10242,0.003);
#6403=CIRCLE('',#10254,0.004);
#6404=CIRCLE('',#10257,0.004);
#6405=CIRCLE('',#10258,0.004);
#6406=CIRCLE('',#10260,0.0025);
#6407=CIRCLE('',#10262,0.004);
#6408=CIRCLE('',#10263,0.004);
#6409=CIRCLE('',#10265,0.0025);
#6410=CIRCLE('',#10267,0.004);
#6411=CIRCLE('',#10268,0.004);
#6412=CIRCLE('',#10270,0.0025);
#6413=CIRCLE('',#10272,0.004);
#6414=CIRCLE('',#10273,0.004);
#6415=CIRCLE('',#10275,0.0025);
#6416=CIRCLE('',#10278,0.004);
#6417=CIRCLE('',#10281,0.004);
#6418=CIRCLE('',#10286,0.004);
#6419=CIRCLE('',#10289,0.0025);
#6420=CIRCLE('',#10290,0.0025);
#6421=CIRCLE('',#10291,0.0025);
#6422=CIRCLE('',#10292,0.0025);
#6423=CIRCLE('',#10293,0.002);
#6424=CIRCLE('',#10294,0.002);
#6425=CIRCLE('',#10295,0.002);
#6426=CIRCLE('',#10296,0.002);
#6427=CIRCLE('',#10297,0.002);
#6428=CIRCLE('',#10298,0.002);
#6429=CIRCLE('',#10299,0.002);
#6430=CIRCLE('',#10300,0.002);
#6431=CIRCLE('',#10302,0.004);
#6432=CIRCLE('',#10303,0.004);
#6433=CIRCLE('',#10305,0.0025);
#6434=CIRCLE('',#10319,0.0025);
#6435=CIRCLE('',#10322,0.0025);
#6436=CIRCLE('',#10325,0.0025);
#6437=CIRCLE('',#10328,0.0025);
#6438=CIRCLE('',#10331,0.0025);
#6439=CIRCLE('',#10334,0.0025);
#6440=CIRCLE('',#10337,0.0025);
#6441=CIRCLE('',#10340,0.0025);
#6442=CIRCLE('',#10343,0.0025);
#6443=CIRCLE('',#10346,0.004);
#6444=CIRCLE('',#10347,0.004);
#6445=CIRCLE('',#10350,0.004);
#6446=CIRCLE('',#10351,0.004);
#6447=CIRCLE('',#10354,0.004);
#6448=CIRCLE('',#10355,0.004);
#6449=CIRCLE('',#10358,0.004);
#6450=CIRCLE('',#10359,0.004);
#6451=CIRCLE('',#10361,0.004);
#6452=CIRCLE('',#10362,0.004);
#6453=CIRCLE('',#10364,0.004);
#6454=CIRCLE('',#10365,0.004);
#6455=CIRCLE('',#10367,0.004);
#6456=CIRCLE('',#10369,0.004);
#6457=CIRCLE('',#10371,0.004);
#6458=CIRCLE('',#10372,0.004);
#6459=CIRCLE('',#10374,0.004);
#6460=CIRCLE('',#10376,0.004);
#6461=CIRCLE('',#10378,0.004);
#6462=CIRCLE('',#10380,0.004);
#6463=CIRCLE('',#10382,0.004);
#6464=CIRCLE('',#10384,0.004);
#6465=CIRCLE('',#10386,0.001125);
#6466=CIRCLE('',#10387,0.001125);
#6467=CIRCLE('',#10389,0.001125);
#6468=CIRCLE('',#10391,0.001125);
#6469=CIRCLE('',#10393,0.001125);
#6470=CIRCLE('',#10395,0.001125);
#6471=CIRCLE('',#10397,0.001125);
#6472=CIRCLE('',#10399,0.001125);
#6473=EDGE_LOOP('',(#1698));
#6474=EDGE_LOOP('',(#1699,#1700,#1701,#1702));
#6475=EDGE_LOOP('',(#1703));
#6476=EDGE_LOOP('',(#1704));
#6477=EDGE_LOOP('',(#1705));
#6478=EDGE_LOOP('',(#1706));
#6479=EDGE_LOOP('',(#1707));
#6480=EDGE_LOOP('',(#1708));
#6481=EDGE_LOOP('',(#1709,#1710,#1711,#1712));
#6482=EDGE_LOOP('',(#1713,#1714,#1715,#1716,#1717,#1718,#1719,#1720,#1721,
#1722,#1723,#1724,#1725));
#6483=EDGE_LOOP('',(#1726));
#6484=EDGE_LOOP('',(#1727));
#6485=EDGE_LOOP('',(#1728,#1729,#1730,#1731));
#6486=EDGE_LOOP('',(#1732,#1733));
#6487=EDGE_LOOP('',(#1734));
#6488=EDGE_LOOP('',(#1735,#1736,#1737,#1738));
#6489=EDGE_LOOP('',(#1739,#1740,#1741,#1742));
#6490=EDGE_LOOP('',(#1743,#1744,#1745,#1746,#1747,#1748,#1749,#1750));
#6491=EDGE_LOOP('',(#1751,#1752,#1753,#1754));
#6492=EDGE_LOOP('',(#1755));
#6493=EDGE_LOOP('',(#1756));
#6494=EDGE_LOOP('',(#1757));
#6495=EDGE_LOOP('',(#1758));
#6496=EDGE_LOOP('',(#1759));
#6497=EDGE_LOOP('',(#1760));
#6498=EDGE_LOOP('',(#1761));
#6499=EDGE_LOOP('',(#1762));
#6500=EDGE_LOOP('',(#1763));
#6501=EDGE_LOOP('',(#1764));
#6502=EDGE_LOOP('',(#1765));
#6503=EDGE_LOOP('',(#1766));
#6504=EDGE_LOOP('',(#1767));
#6505=EDGE_LOOP('',(#1768));
#6506=EDGE_LOOP('',(#1769));
#6507=EDGE_LOOP('',(#1770));
#6508=EDGE_LOOP('',(#1771));
#6509=EDGE_LOOP('',(#1772));
#6510=EDGE_LOOP('',(#1773));
#6511=EDGE_LOOP('',(#1774));
#6512=EDGE_LOOP('',(#1775));
#6513=EDGE_LOOP('',(#1776));
#6514=EDGE_LOOP('',(#1777));
#6515=EDGE_LOOP('',(#1778));
#6516=EDGE_LOOP('',(#1779));
#6517=EDGE_LOOP('',(#1780));
#6518=EDGE_LOOP('',(#1781));
#6519=EDGE_LOOP('',(#1782,#1783,#1784,#1785,#1786,#1787,#1788,#1789,#1790,
#1791,#1792,#1793,#1794,#1795,#1796,#1797,#1798,#1799,#1800,#1801,#1802,
#1803,#1804,#1805,#1806,#1807,#1808,#1809,#1810,#1811,#1812));
#6520=EDGE_LOOP('',(#1813,#1814,#1815,#1816,#1817,#1818,#1819,#1820));
#6521=EDGE_LOOP('',(#1821,#1822,#1823,#1824));
#6522=EDGE_LOOP('',(#1825));
#6523=EDGE_LOOP('',(#1826));
#6524=EDGE_LOOP('',(#1827,#1828,#1829,#1830));
#6525=EDGE_LOOP('',(#1831));
#6526=EDGE_LOOP('',(#1832,#1833,#1834,#1835));
#6527=EDGE_LOOP('',(#1836,#1837,#1838,#1839));
#6528=EDGE_LOOP('',(#1840));
#6529=EDGE_LOOP('',(#1841));
#6530=EDGE_LOOP('',(#1842));
#6531=EDGE_LOOP('',(#1843,#1844));
#6532=EDGE_LOOP('',(#1845,#1846,#1847,#1848));
#6533=EDGE_LOOP('',(#1849,#1850,#1851,#1852));
#6534=EDGE_LOOP('',(#1853));
#6535=EDGE_LOOP('',(#1854,#1855,#1856,#1857));
#6536=EDGE_LOOP('',(#1858,#1859,#1860,#1861));
#6537=EDGE_LOOP('',(#1862,#1863,#1864,#1865));
#6538=EDGE_LOOP('',(#1866,#1867,#1868,#1869));
#6539=EDGE_LOOP('',(#1870,#1871,#1872,#1873));
#6540=EDGE_LOOP('',(#1874,#1875,#1876,#1877));
#6541=EDGE_LOOP('',(#1878,#1879,#1880,#1881));
#6542=EDGE_LOOP('',(#1882,#1883,#1884,#1885));
#6543=EDGE_LOOP('',(#1886,#1887,#1888,#1889));
#6544=EDGE_LOOP('',(#1890,#1891,#1892,#1893));
#6545=EDGE_LOOP('',(#1894,#1895,#1896,#1897,#1898));
#6546=EDGE_LOOP('',(#1899,#1900,#1901,#1902));
#6547=EDGE_LOOP('',(#1903));
#6548=EDGE_LOOP('',(#1904));
#6549=EDGE_LOOP('',(#1905,#1906,#1907,#1908));
#6550=EDGE_LOOP('',(#1909));
#6551=EDGE_LOOP('',(#1910));
#6552=EDGE_LOOP('',(#1911));
#6553=EDGE_LOOP('',(#1912));
#6554=EDGE_LOOP('',(#1913));
#6555=EDGE_LOOP('',(#1914));
#6556=EDGE_LOOP('',(#1915));
#6557=EDGE_LOOP('',(#1916));
#6558=EDGE_LOOP('',(#1917));
#6559=EDGE_LOOP('',(#1918));
#6560=EDGE_LOOP('',(#1919));
#6561=EDGE_LOOP('',(#1920));
#6562=EDGE_LOOP('',(#1921));
#6563=EDGE_LOOP('',(#1922));
#6564=EDGE_LOOP('',(#1923));
#6565=EDGE_LOOP('',(#1924));
#6566=EDGE_LOOP('',(#1925));
#6567=EDGE_LOOP('',(#1926));
#6568=EDGE_LOOP('',(#1927));
#6569=EDGE_LOOP('',(#1928,#1929,#1930,#1931,#1932));
#6570=EDGE_LOOP('',(#1933,#1934,#1935,#1936));
#6571=EDGE_LOOP('',(#1937,#1938,#1939,#1940));
#6572=EDGE_LOOP('',(#1941,#1942,#1943,#1944));
#6573=EDGE_LOOP('',(#1945,#1946,#1947,#1948));
#6574=EDGE_LOOP('',(#1949,#1950,#1951,#1952));
#6575=EDGE_LOOP('',(#1953,#1954,#1955,#1956));
#6576=EDGE_LOOP('',(#1957,#1958,#1959,#1960));
#6577=EDGE_LOOP('',(#1961,#1962,#1963,#1964));
#6578=EDGE_LOOP('',(#1965,#1966,#1967,#1968));
#6579=EDGE_LOOP('',(#1969,#1970,#1971,#1972,#1973,#1974,#1975,#1976));
#6580=EDGE_LOOP('',(#1977));
#6581=EDGE_LOOP('',(#1978));
#6582=EDGE_LOOP('',(#1979));
#6583=EDGE_LOOP('',(#1980));
#6584=EDGE_LOOP('',(#1981));
#6585=EDGE_LOOP('',(#1982));
#6586=EDGE_LOOP('',(#1983));
#6587=EDGE_LOOP('',(#1984));
#6588=EDGE_LOOP('',(#1985));
#6589=EDGE_LOOP('',(#1986));
#6590=EDGE_LOOP('',(#1987));
#6591=EDGE_LOOP('',(#1988));
#6592=EDGE_LOOP('',(#1989));
#6593=EDGE_LOOP('',(#1990,#1991,#1992,#1993));
#6594=EDGE_LOOP('',(#1994,#1995,#1996,#1997));
#6595=EDGE_LOOP('',(#1998));
#6596=EDGE_LOOP('',(#1999));
#6597=EDGE_LOOP('',(#2000));
#6598=EDGE_LOOP('',(#2001));
#6599=EDGE_LOOP('',(#2002));
#6600=EDGE_LOOP('',(#2003));
#6601=EDGE_LOOP('',(#2004));
#6602=EDGE_LOOP('',(#2005));
#6603=EDGE_LOOP('',(#2006));
#6604=EDGE_LOOP('',(#2007));
#6605=EDGE_LOOP('',(#2008));
#6606=EDGE_LOOP('',(#2009));
#6607=EDGE_LOOP('',(#2010));
#6608=EDGE_LOOP('',(#2011));
#6609=EDGE_LOOP('',(#2012));
#6610=EDGE_LOOP('',(#2013));
#6611=EDGE_LOOP('',(#2014));
#6612=EDGE_LOOP('',(#2015));
#6613=EDGE_LOOP('',(#2016));
#6614=EDGE_LOOP('',(#2017,#2018));
#6615=EDGE_LOOP('',(#2019));
#6616=EDGE_LOOP('',(#2020));
#6617=EDGE_LOOP('',(#2021));
#6618=EDGE_LOOP('',(#2022));
#6619=EDGE_LOOP('',(#2023));
#6620=EDGE_LOOP('',(#2024));
#6621=EDGE_LOOP('',(#2025,#2026,#2027,#2028));
#6622=EDGE_LOOP('',(#2029,#2030));
#6623=EDGE_LOOP('',(#2031));
#6624=EDGE_LOOP('',(#2032));
#6625=EDGE_LOOP('',(#2033));
#6626=EDGE_LOOP('',(#2034));
#6627=EDGE_LOOP('',(#2035));
#6628=EDGE_LOOP('',(#2036));
#6629=EDGE_LOOP('',(#2037));
#6630=EDGE_LOOP('',(#2038));
#6631=EDGE_LOOP('',(#2039));
#6632=EDGE_LOOP('',(#2040));
#6633=EDGE_LOOP('',(#2041));
#6634=EDGE_LOOP('',(#2042));
#6635=EDGE_LOOP('',(#2043));
#6636=EDGE_LOOP('',(#2044));
#6637=EDGE_LOOP('',(#2045));
#6638=EDGE_LOOP('',(#2046));
#6639=EDGE_LOOP('',(#2047));
#6640=EDGE_LOOP('',(#2048));
#6641=EDGE_LOOP('',(#2049));
#6642=EDGE_LOOP('',(#2050));
#6643=EDGE_LOOP('',(#2051));
#6644=EDGE_LOOP('',(#2052));
#6645=EDGE_LOOP('',(#2053));
#6646=EDGE_LOOP('',(#2054));
#6647=EDGE_LOOP('',(#2055));
#6648=EDGE_LOOP('',(#2056));
#6649=EDGE_LOOP('',(#2057));
#6650=EDGE_LOOP('',(#2058));
#6651=EDGE_LOOP('',(#2059));
#6652=EDGE_LOOP('',(#2060));
#6653=EDGE_LOOP('',(#2061));
#6654=EDGE_LOOP('',(#2062));
#6655=EDGE_LOOP('',(#2063));
#6656=EDGE_LOOP('',(#2064));
#6657=EDGE_LOOP('',(#2065));
#6658=EDGE_LOOP('',(#2066));
#6659=EDGE_LOOP('',(#2067));
#6660=EDGE_LOOP('',(#2068));
#6661=EDGE_LOOP('',(#2069));
#6662=EDGE_LOOP('',(#2070));
#6663=EDGE_LOOP('',(#2071));
#6664=EDGE_LOOP('',(#2072));
#6665=EDGE_LOOP('',(#2073));
#6666=EDGE_LOOP('',(#2074));
#6667=EDGE_LOOP('',(#2075));
#6668=EDGE_LOOP('',(#2076));
#6669=EDGE_LOOP('',(#2077));
#6670=EDGE_LOOP('',(#2078));
#6671=EDGE_LOOP('',(#2079));
#6672=EDGE_LOOP('',(#2080));
#6673=EDGE_LOOP('',(#2081));
#6674=EDGE_LOOP('',(#2082));
#6675=EDGE_LOOP('',(#2083));
#6676=EDGE_LOOP('',(#2084));
#6677=EDGE_LOOP('',(#2085));
#6678=EDGE_LOOP('',(#2086));
#6679=EDGE_LOOP('',(#2087));
#6680=EDGE_LOOP('',(#2088));
#6681=EDGE_LOOP('',(#2089));
#6682=EDGE_LOOP('',(#2090));
#6683=EDGE_LOOP('',(#2091));
#6684=EDGE_LOOP('',(#2092));
#6685=EDGE_LOOP('',(#2093));
#6686=EDGE_LOOP('',(#2094));
#6687=EDGE_LOOP('',(#2095));
#6688=EDGE_LOOP('',(#2096));
#6689=EDGE_LOOP('',(#2097));
#6690=EDGE_LOOP('',(#2098));
#6691=EDGE_LOOP('',(#2099));
#6692=EDGE_LOOP('',(#2100));
#6693=EDGE_LOOP('',(#2101));
#6694=EDGE_LOOP('',(#2102));
#6695=EDGE_LOOP('',(#2103));
#6696=EDGE_LOOP('',(#2104));
#6697=EDGE_LOOP('',(#2105));
#6698=EDGE_LOOP('',(#2106));
#6699=EDGE_LOOP('',(#2107));
#6700=EDGE_LOOP('',(#2108));
#6701=EDGE_LOOP('',(#2109));
#6702=EDGE_LOOP('',(#2110));
#6703=EDGE_LOOP('',(#2111));
#6704=EDGE_LOOP('',(#2112));
#6705=EDGE_LOOP('',(#2113));
#6706=EDGE_LOOP('',(#2114));
#6707=EDGE_LOOP('',(#2115));
#6708=EDGE_LOOP('',(#2116));
#6709=EDGE_LOOP('',(#2117));
#6710=EDGE_LOOP('',(#2118));
#6711=EDGE_LOOP('',(#2119));
#6712=EDGE_LOOP('',(#2120));
#6713=EDGE_LOOP('',(#2121));
#6714=EDGE_LOOP('',(#2122));
#6715=EDGE_LOOP('',(#2123));
#6716=EDGE_LOOP('',(#2124));
#6717=EDGE_LOOP('',(#2125));
#6718=EDGE_LOOP('',(#2126));
#6719=EDGE_LOOP('',(#2127));
#6720=EDGE_LOOP('',(#2128));
#6721=EDGE_LOOP('',(#2129));
#6722=EDGE_LOOP('',(#2130));
#6723=EDGE_LOOP('',(#2131));
#6724=EDGE_LOOP('',(#2132));
#6725=EDGE_LOOP('',(#2133));
#6726=EDGE_LOOP('',(#2134));
#6727=EDGE_LOOP('',(#2135));
#6728=EDGE_LOOP('',(#2136));
#6729=EDGE_LOOP('',(#2137));
#6730=EDGE_LOOP('',(#2138));
#6731=EDGE_LOOP('',(#2139));
#6732=EDGE_LOOP('',(#2140));
#6733=EDGE_LOOP('',(#2141));
#6734=EDGE_LOOP('',(#2142));
#6735=EDGE_LOOP('',(#2143));
#6736=EDGE_LOOP('',(#2144));
#6737=EDGE_LOOP('',(#2145));
#6738=EDGE_LOOP('',(#2146));
#6739=EDGE_LOOP('',(#2147));
#6740=EDGE_LOOP('',(#2148));
#6741=EDGE_LOOP('',(#2149));
#6742=EDGE_LOOP('',(#2150));
#6743=EDGE_LOOP('',(#2151));
#6744=EDGE_LOOP('',(#2152));
#6745=EDGE_LOOP('',(#2153));
#6746=EDGE_LOOP('',(#2154));
#6747=EDGE_LOOP('',(#2155));
#6748=EDGE_LOOP('',(#2156));
#6749=EDGE_LOOP('',(#2157));
#6750=EDGE_LOOP('',(#2158));
#6751=EDGE_LOOP('',(#2159));
#6752=EDGE_LOOP('',(#2160));
#6753=EDGE_LOOP('',(#2161));
#6754=EDGE_LOOP('',(#2162));
#6755=EDGE_LOOP('',(#2163));
#6756=EDGE_LOOP('',(#2164));
#6757=EDGE_LOOP('',(#2165));
#6758=EDGE_LOOP('',(#2166));
#6759=EDGE_LOOP('',(#2167));
#6760=EDGE_LOOP('',(#2168));
#6761=EDGE_LOOP('',(#2169));
#6762=EDGE_LOOP('',(#2170));
#6763=EDGE_LOOP('',(#2171));
#6764=EDGE_LOOP('',(#2172));
#6765=EDGE_LOOP('',(#2173));
#6766=EDGE_LOOP('',(#2174));
#6767=EDGE_LOOP('',(#2175));
#6768=EDGE_LOOP('',(#2176));
#6769=EDGE_LOOP('',(#2177));
#6770=EDGE_LOOP('',(#2178));
#6771=EDGE_LOOP('',(#2179));
#6772=EDGE_LOOP('',(#2180));
#6773=EDGE_LOOP('',(#2181));
#6774=EDGE_LOOP('',(#2182));
#6775=EDGE_LOOP('',(#2183));
#6776=EDGE_LOOP('',(#2184));
#6777=EDGE_LOOP('',(#2185));
#6778=EDGE_LOOP('',(#2186,#2187));
#6779=EDGE_LOOP('',(#2188));
#6780=EDGE_LOOP('',(#2189));
#6781=EDGE_LOOP('',(#2190));
#6782=EDGE_LOOP('',(#2191));
#6783=EDGE_LOOP('',(#2192));
#6784=EDGE_LOOP('',(#2193));
#6785=EDGE_LOOP('',(#2194,#2195,#2196,#2197));
#6786=EDGE_LOOP('',(#2198,#2199));
#6787=EDGE_LOOP('',(#2200));
#6788=EDGE_LOOP('',(#2201));
#6789=EDGE_LOOP('',(#2202));
#6790=EDGE_LOOP('',(#2203));
#6791=EDGE_LOOP('',(#2204));
#6792=EDGE_LOOP('',(#2205));
#6793=EDGE_LOOP('',(#2206));
#6794=EDGE_LOOP('',(#2207,#2208,#2209,#2210));
#6795=EDGE_LOOP('',(#2211,#2212,#2213,#2214));
#6796=EDGE_LOOP('',(#2215,#2216,#2217,#2218));
#6797=EDGE_LOOP('',(#2219,#2220,#2221,#2222));
#6798=EDGE_LOOP('',(#2223));
#6799=EDGE_LOOP('',(#2224,#2225,#2226,#2227));
#6800=EDGE_LOOP('',(#2228));
#6801=EDGE_LOOP('',(#2229,#2230,#2231,#2232));
#6802=EDGE_LOOP('',(#2233));
#6803=EDGE_LOOP('',(#2234,#2235,#2236,#2237));
#6804=EDGE_LOOP('',(#2238));
#6805=EDGE_LOOP('',(#2239,#2240,#2241,#2242));
#6806=EDGE_LOOP('',(#2243));
#6807=EDGE_LOOP('',(#2244));
#6808=EDGE_LOOP('',(#2245));
#6809=EDGE_LOOP('',(#2246));
#6810=EDGE_LOOP('',(#2247));
#6811=EDGE_LOOP('',(#2248));
#6812=EDGE_LOOP('',(#2249));
#6813=EDGE_LOOP('',(#2250));
#6814=EDGE_LOOP('',(#2251));
#6815=EDGE_LOOP('',(#2252));
#6816=EDGE_LOOP('',(#2253));
#6817=EDGE_LOOP('',(#2254));
#6818=EDGE_LOOP('',(#2255));
#6819=EDGE_LOOP('',(#2256));
#6820=EDGE_LOOP('',(#2257));
#6821=EDGE_LOOP('',(#2258));
#6822=EDGE_LOOP('',(#2259));
#6823=EDGE_LOOP('',(#2260));
#6824=EDGE_LOOP('',(#2261));
#6825=EDGE_LOOP('',(#2262));
#6826=EDGE_LOOP('',(#2263,#2264,#2265,#2266,#2267,#2268,#2269,#2270));
#6827=EDGE_LOOP('',(#2271));
#6828=EDGE_LOOP('',(#2272));
#6829=EDGE_LOOP('',(#2273));
#6830=EDGE_LOOP('',(#2274));
#6831=EDGE_LOOP('',(#2275));
#6832=EDGE_LOOP('',(#2276));
#6833=EDGE_LOOP('',(#2277));
#6834=EDGE_LOOP('',(#2278));
#6835=EDGE_LOOP('',(#2279));
#6836=EDGE_LOOP('',(#2280,#2281,#2282,#2283));
#6837=EDGE_LOOP('',(#2284,#2285,#2286,#2287));
#6838=EDGE_LOOP('',(#2288,#2289,#2290,#2291));
#6839=EDGE_LOOP('',(#2292,#2293,#2294,#2295));
#6840=EDGE_LOOP('',(#2296));
#6841=EDGE_LOOP('',(#2297,#2298,#2299,#2300));
#6842=EDGE_LOOP('',(#2301));
#6843=EDGE_LOOP('',(#2302,#2303,#2304,#2305));
#6844=EDGE_LOOP('',(#2306));
#6845=EDGE_LOOP('',(#2307,#2308,#2309,#2310));
#6846=EDGE_LOOP('',(#2311));
#6847=EDGE_LOOP('',(#2312,#2313,#2314,#2315));
#6848=EDGE_LOOP('',(#2316));
#6849=EDGE_LOOP('',(#2317));
#6850=EDGE_LOOP('',(#2318));
#6851=EDGE_LOOP('',(#2319));
#6852=EDGE_LOOP('',(#2320));
#6853=EDGE_LOOP('',(#2321));
#6854=EDGE_LOOP('',(#2322));
#6855=EDGE_LOOP('',(#2323,#2324,#2325,#2326,#2327,#2328,#2329,#2330));
#6856=EDGE_LOOP('',(#2331));
#6857=EDGE_LOOP('',(#2332));
#6858=EDGE_LOOP('',(#2333));
#6859=EDGE_LOOP('',(#2334));
#6860=EDGE_LOOP('',(#2335));
#6861=EDGE_LOOP('',(#2336));
#6862=EDGE_LOOP('',(#2337));
#6863=EDGE_LOOP('',(#2338));
#6864=EDGE_LOOP('',(#2339));
#6865=EDGE_LOOP('',(#2340));
#6866=EDGE_LOOP('',(#2341));
#6867=EDGE_LOOP('',(#2342));
#6868=EDGE_LOOP('',(#2343));
#6869=EDGE_LOOP('',(#2344));
#6870=EDGE_LOOP('',(#2345));
#6871=EDGE_LOOP('',(#2346));
#6872=EDGE_LOOP('',(#2347));
#6873=EDGE_LOOP('',(#2348));
#6874=EDGE_LOOP('',(#2349));
#6875=EDGE_LOOP('',(#2350));
#6876=EDGE_LOOP('',(#2351));
#6877=EDGE_LOOP('',(#2352));
#6878=EDGE_LOOP('',(#2353,#2354,#2355,#2356));
#6879=EDGE_LOOP('',(#2357,#2358,#2359,#2360));
#6880=EDGE_LOOP('',(#2361,#2362,#2363,#2364));
#6881=EDGE_LOOP('',(#2365,#2366,#2367,#2368));
#6882=EDGE_LOOP('',(#2369,#2370,#2371,#2372));
#6883=EDGE_LOOP('',(#2373,#2374,#2375,#2376));
#6884=EDGE_LOOP('',(#2377,#2378,#2379,#2380));
#6885=EDGE_LOOP('',(#2381,#2382,#2383,#2384));
#6886=EDGE_LOOP('',(#2385,#2386,#2387,#2388));
#6887=EDGE_LOOP('',(#2389,#2390,#2391,#2392));
#6888=EDGE_LOOP('',(#2393,#2394,#2395,#2396));
#6889=EDGE_LOOP('',(#2397,#2398,#2399,#2400));
#6890=EDGE_LOOP('',(#2401,#2402,#2403,#2404));
#6891=EDGE_LOOP('',(#2405,#2406,#2407,#2408));
#6892=EDGE_LOOP('',(#2409,#2410,#2411,#2412));
#6893=EDGE_LOOP('',(#2413,#2414,#2415,#2416));
#6894=EDGE_LOOP('',(#2417,#2418,#2419,#2420));
#6895=EDGE_LOOP('',(#2421,#2422,#2423,#2424));
#6896=EDGE_LOOP('',(#2425,#2426,#2427,#2428));
#6897=EDGE_LOOP('',(#2429,#2430,#2431,#2432));
#6898=EDGE_LOOP('',(#2433,#2434,#2435,#2436));
#6899=EDGE_LOOP('',(#2437,#2438,#2439,#2440));
#6900=EDGE_LOOP('',(#2441,#2442,#2443,#2444));
#6901=EDGE_LOOP('',(#2445,#2446,#2447,#2448));
#6902=EDGE_LOOP('',(#2449,#2450,#2451,#2452));
#6903=EDGE_LOOP('',(#2453,#2454,#2455,#2456));
#6904=EDGE_LOOP('',(#2457,#2458,#2459,#2460));
#6905=EDGE_LOOP('',(#2461));
#6906=EDGE_LOOP('',(#2462,#2463,#2464,#2465));
#6907=EDGE_LOOP('',(#2466));
#6908=EDGE_LOOP('',(#2467));
#6909=EDGE_LOOP('',(#2468));
#6910=EDGE_LOOP('',(#2469));
#6911=EDGE_LOOP('',(#2470));
#6912=EDGE_LOOP('',(#2471));
#6913=EDGE_LOOP('',(#2472,#2473,#2474,#2475));
#6914=EDGE_LOOP('',(#2476,#2477,#2478,#2479,#2480));
#6915=EDGE_LOOP('',(#2481,#2482,#2483,#2484,#2485));
#6916=EDGE_LOOP('',(#2486,#2487,#2488,#2489));
#6917=EDGE_LOOP('',(#2490,#2491,#2492,#2493));
#6918=EDGE_LOOP('',(#2494,#2495,#2496,#2497));
#6919=EDGE_LOOP('',(#2498,#2499,#2500,#2501));
#6920=EDGE_LOOP('',(#2502,#2503,#2504,#2505));
#6921=EDGE_LOOP('',(#2506,#2507,#2508,#2509));
#6922=EDGE_LOOP('',(#2510,#2511,#2512,#2513));
#6923=EDGE_LOOP('',(#2514,#2515,#2516,#2517,#2518));
#6924=EDGE_LOOP('',(#2519,#2520,#2521,#2522,#2523));
#6925=EDGE_LOOP('',(#2524,#2525,#2526,#2527));
#6926=EDGE_LOOP('',(#2528,#2529,#2530,#2531));
#6927=EDGE_LOOP('',(#2532,#2533,#2534,#2535));
#6928=EDGE_LOOP('',(#2536,#2537,#2538,#2539));
#6929=EDGE_LOOP('',(#2540,#2541,#2542,#2543));
#6930=EDGE_LOOP('',(#2544,#2545,#2546,#2547));
#6931=EDGE_LOOP('',(#2548,#2549,#2550,#2551));
#6932=EDGE_LOOP('',(#2552,#2553,#2554,#2555));
#6933=EDGE_LOOP('',(#2556,#2557,#2558,#2559));
#6934=EDGE_LOOP('',(#2560,#2561,#2562,#2563));
#6935=EDGE_LOOP('',(#2564,#2565,#2566,#2567));
#6936=EDGE_LOOP('',(#2568,#2569,#2570,#2571));
#6937=EDGE_LOOP('',(#2572,#2573,#2574,#2575));
#6938=EDGE_LOOP('',(#2576,#2577,#2578,#2579));
#6939=EDGE_LOOP('',(#2580,#2581,#2582,#2583));
#6940=EDGE_LOOP('',(#2584,#2585,#2586,#2587));
#6941=EDGE_LOOP('',(#2588,#2589,#2590,#2591));
#6942=EDGE_LOOP('',(#2592,#2593,#2594,#2595));
#6943=EDGE_LOOP('',(#2596,#2597,#2598,#2599));
#6944=EDGE_LOOP('',(#2600,#2601,#2602,#2603));
#6945=EDGE_LOOP('',(#2604,#2605,#2606,#2607));
#6946=EDGE_LOOP('',(#2608,#2609,#2610,#2611));
#6947=EDGE_LOOP('',(#2612,#2613,#2614,#2615));
#6948=EDGE_LOOP('',(#2616,#2617,#2618,#2619));
#6949=EDGE_LOOP('',(#2620,#2621,#2622,#2623));
#6950=EDGE_LOOP('',(#2624,#2625,#2626,#2627));
#6951=EDGE_LOOP('',(#2628,#2629,#2630,#2631));
#6952=EDGE_LOOP('',(#2632,#2633,#2634,#2635));
#6953=EDGE_LOOP('',(#2636,#2637,#2638,#2639));
#6954=EDGE_LOOP('',(#2640,#2641,#2642,#2643));
#6955=EDGE_LOOP('',(#2644,#2645,#2646,#2647));
#6956=EDGE_LOOP('',(#2648,#2649,#2650,#2651));
#6957=EDGE_LOOP('',(#2652,#2653,#2654,#2655));
#6958=EDGE_LOOP('',(#2656,#2657,#2658,#2659));
#6959=EDGE_LOOP('',(#2660,#2661,#2662,#2663));
#6960=EDGE_LOOP('',(#2664,#2665,#2666,#2667));
#6961=EDGE_LOOP('',(#2668,#2669,#2670,#2671));
#6962=EDGE_LOOP('',(#2672,#2673,#2674,#2675));
#6963=EDGE_LOOP('',(#2676,#2677,#2678,#2679));
#6964=EDGE_LOOP('',(#2680,#2681,#2682,#2683));
#6965=EDGE_LOOP('',(#2684,#2685,#2686,#2687));
#6966=EDGE_LOOP('',(#2688,#2689,#2690,#2691));
#6967=EDGE_LOOP('',(#2692,#2693,#2694,#2695));
#6968=EDGE_LOOP('',(#2696,#2697,#2698,#2699));
#6969=EDGE_LOOP('',(#2700,#2701,#2702,#2703));
#6970=EDGE_LOOP('',(#2704,#2705,#2706,#2707));
#6971=EDGE_LOOP('',(#2708,#2709,#2710,#2711));
#6972=EDGE_LOOP('',(#2712,#2713,#2714,#2715));
#6973=EDGE_LOOP('',(#2716,#2717,#2718,#2719));
#6974=EDGE_LOOP('',(#2720,#2721,#2722,#2723));
#6975=EDGE_LOOP('',(#2724,#2725,#2726,#2727));
#6976=EDGE_LOOP('',(#2728,#2729,#2730,#2731));
#6977=EDGE_LOOP('',(#2732,#2733,#2734,#2735));
#6978=EDGE_LOOP('',(#2736,#2737,#2738,#2739));
#6979=EDGE_LOOP('',(#2740,#2741,#2742,#2743));
#6980=EDGE_LOOP('',(#2744,#2745,#2746,#2747));
#6981=EDGE_LOOP('',(#2748,#2749,#2750,#2751));
#6982=EDGE_LOOP('',(#2752,#2753,#2754,#2755));
#6983=EDGE_LOOP('',(#2756,#2757,#2758,#2759));
#6984=EDGE_LOOP('',(#2760,#2761,#2762,#2763));
#6985=EDGE_LOOP('',(#2764));
#6986=EDGE_LOOP('',(#2765));
#6987=EDGE_LOOP('',(#2766));
#6988=EDGE_LOOP('',(#2767));
#6989=EDGE_LOOP('',(#2768));
#6990=EDGE_LOOP('',(#2769));
#6991=EDGE_LOOP('',(#2770));
#6992=EDGE_LOOP('',(#2771));
#6993=EDGE_LOOP('',(#2772));
#6994=EDGE_LOOP('',(#2773));
#6995=EDGE_LOOP('',(#2774));
#6996=EDGE_LOOP('',(#2775));
#6997=EDGE_LOOP('',(#2776));
#6998=EDGE_LOOP('',(#2777));
#6999=EDGE_LOOP('',(#2778));
#7000=EDGE_LOOP('',(#2779));
#7001=EDGE_LOOP('',(#2780));
#7002=EDGE_LOOP('',(#2781));
#7003=EDGE_LOOP('',(#2782));
#7004=EDGE_LOOP('',(#2783));
#7005=EDGE_LOOP('',(#2784));
#7006=EDGE_LOOP('',(#2785));
#7007=EDGE_LOOP('',(#2786));
#7008=EDGE_LOOP('',(#2787));
#7009=EDGE_LOOP('',(#2788));
#7010=EDGE_LOOP('',(#2789));
#7011=EDGE_LOOP('',(#2790));
#7012=EDGE_LOOP('',(#2791));
#7013=EDGE_LOOP('',(#2792));
#7014=EDGE_LOOP('',(#2793));
#7015=EDGE_LOOP('',(#2794));
#7016=EDGE_LOOP('',(#2795));
#7017=EDGE_LOOP('',(#2796));
#7018=EDGE_LOOP('',(#2797));
#7019=EDGE_LOOP('',(#2798));
#7020=EDGE_LOOP('',(#2799));
#7021=EDGE_LOOP('',(#2800));
#7022=EDGE_LOOP('',(#2801));
#7023=EDGE_LOOP('',(#2802,#2803,#2804,#2805));
#7024=EDGE_LOOP('',(#2806));
#7025=EDGE_LOOP('',(#2807));
#7026=EDGE_LOOP('',(#2808));
#7027=EDGE_LOOP('',(#2809));
#7028=EDGE_LOOP('',(#2810,#2811,#2812,#2813));
#7029=EDGE_LOOP('',(#2814,#2815,#2816,#2817));
#7030=EDGE_LOOP('',(#2818,#2819,#2820,#2821));
#7031=EDGE_LOOP('',(#2822,#2823,#2824,#2825));
#7032=EDGE_LOOP('',(#2826,#2827,#2828,#2829));
#7033=EDGE_LOOP('',(#2830,#2831,#2832,#2833));
#7034=EDGE_LOOP('',(#2834,#2835,#2836,#2837));
#7035=EDGE_LOOP('',(#2838,#2839,#2840,#2841));
#7036=EDGE_LOOP('',(#2842,#2843,#2844,#2845));
#7037=EDGE_LOOP('',(#2846,#2847,#2848,#2849));
#7038=EDGE_LOOP('',(#2850,#2851,#2852,#2853));
#7039=EDGE_LOOP('',(#2854,#2855,#2856,#2857));
#7040=EDGE_LOOP('',(#2858));
#7041=EDGE_LOOP('',(#2859));
#7042=EDGE_LOOP('',(#2860,#2861,#2862,#2863));
#7043=EDGE_LOOP('',(#2864,#2865,#2866,#2867));
#7044=EDGE_LOOP('',(#2868));
#7045=EDGE_LOOP('',(#2869));
#7046=EDGE_LOOP('',(#2870));
#7047=EDGE_LOOP('',(#2871));
#7048=EDGE_LOOP('',(#2872));
#7049=EDGE_LOOP('',(#2873));
#7050=EDGE_LOOP('',(#2874,#2875,#2876,#2877));
#7051=EDGE_LOOP('',(#2878,#2879,#2880,#2881));
#7052=EDGE_LOOP('',(#2882));
#7053=EDGE_LOOP('',(#2883));
#7054=EDGE_LOOP('',(#2884,#2885,#2886,#2887));
#7055=EDGE_LOOP('',(#2888));
#7056=EDGE_LOOP('',(#2889));
#7057=EDGE_LOOP('',(#2890));
#7058=EDGE_LOOP('',(#2891));
#7059=EDGE_LOOP('',(#2892,#2893,#2894,#2895));
#7060=EDGE_LOOP('',(#2896));
#7061=EDGE_LOOP('',(#2897));
#7062=EDGE_LOOP('',(#2898,#2899,#2900,#2901));
#7063=EDGE_LOOP('',(#2902,#2903,#2904,#2905));
#7064=EDGE_LOOP('',(#2906,#2907,#2908,#2909));
#7065=EDGE_LOOP('',(#2910,#2911,#2912,#2913));
#7066=EDGE_LOOP('',(#2914));
#7067=EDGE_LOOP('',(#2915,#2916,#2917,#2918));
#7068=EDGE_LOOP('',(#2919));
#7069=EDGE_LOOP('',(#2920));
#7070=EDGE_LOOP('',(#2921));
#7071=EDGE_LOOP('',(#2922,#2923,#2924,#2925));
#7072=EDGE_LOOP('',(#2926,#2927,#2928,#2929));
#7073=EDGE_LOOP('',(#2930,#2931,#2932,#2933));
#7074=EDGE_LOOP('',(#2934,#2935,#2936,#2937));
#7075=EDGE_LOOP('',(#2938,#2939,#2940,#2941));
#7076=EDGE_LOOP('',(#2942,#2943,#2944,#2945));
#7077=EDGE_LOOP('',(#2946,#2947,#2948,#2949));
#7078=EDGE_LOOP('',(#2950,#2951,#2952,#2953));
#7079=EDGE_LOOP('',(#2954,#2955,#2956,#2957));
#7080=EDGE_LOOP('',(#2958,#2959,#2960,#2961));
#7081=EDGE_LOOP('',(#2962,#2963,#2964,#2965));
#7082=EDGE_LOOP('',(#2966,#2967,#2968,#2969));
#7083=EDGE_LOOP('',(#2970,#2971,#2972,#2973));
#7084=EDGE_LOOP('',(#2974,#2975,#2976,#2977));
#7085=EDGE_LOOP('',(#2978,#2979,#2980,#2981));
#7086=EDGE_LOOP('',(#2982,#2983,#2984,#2985));
#7087=EDGE_LOOP('',(#2986,#2987,#2988,#2989));
#7088=EDGE_LOOP('',(#2990,#2991,#2992,#2993));
#7089=EDGE_LOOP('',(#2994,#2995,#2996,#2997));
#7090=EDGE_LOOP('',(#2998,#2999,#3000,#3001));
#7091=EDGE_LOOP('',(#3002));
#7092=EDGE_LOOP('',(#3003));
#7093=EDGE_LOOP('',(#3004));
#7094=EDGE_LOOP('',(#3005));
#7095=EDGE_LOOP('',(#3006,#3007,#3008,#3009));
#7096=EDGE_LOOP('',(#3010,#3011,#3012,#3013));
#7097=EDGE_LOOP('',(#3014,#3015,#3016,#3017));
#7098=EDGE_LOOP('',(#3018,#3019,#3020,#3021));
#7099=EDGE_LOOP('',(#3022));
#7100=EDGE_LOOP('',(#3023));
#7101=EDGE_LOOP('',(#3024));
#7102=EDGE_LOOP('',(#3025));
#7103=EDGE_LOOP('',(#3026));
#7104=EDGE_LOOP('',(#3027));
#7105=EDGE_LOOP('',(#3028));
#7106=EDGE_LOOP('',(#3029));
#7107=EDGE_LOOP('',(#3030));
#7108=EDGE_LOOP('',(#3031));
#7109=EDGE_LOOP('',(#3032));
#7110=EDGE_LOOP('',(#3033));
#7111=EDGE_LOOP('',(#3034));
#7112=EDGE_LOOP('',(#3035));
#7113=EDGE_LOOP('',(#3036));
#7114=EDGE_LOOP('',(#3037));
#7115=EDGE_LOOP('',(#3038));
#7116=EDGE_LOOP('',(#3039));
#7117=EDGE_LOOP('',(#3040));
#7118=EDGE_LOOP('',(#3041));
#7119=EDGE_LOOP('',(#3042,#3043,#3044,#3045));
#7120=EDGE_LOOP('',(#3046));
#7121=EDGE_LOOP('',(#3047));
#7122=EDGE_LOOP('',(#3048));
#7123=EDGE_LOOP('',(#3049));
#7124=EDGE_LOOP('',(#3050));
#7125=EDGE_LOOP('',(#3051));
#7126=EDGE_LOOP('',(#3052));
#7127=EDGE_LOOP('',(#3053));
#7128=EDGE_LOOP('',(#3054));
#7129=EDGE_LOOP('',(#3055,#3056));
#7130=EDGE_LOOP('',(#3057));
#7131=EDGE_LOOP('',(#3058));
#7132=EDGE_LOOP('',(#3059));
#7133=EDGE_LOOP('',(#3060,#3061,#3062,#3063));
#7134=EDGE_LOOP('',(#3064));
#7135=EDGE_LOOP('',(#3065));
#7136=EDGE_LOOP('',(#3066));
#7137=EDGE_LOOP('',(#3067));
#7138=EDGE_LOOP('',(#3068));
#7139=EDGE_LOOP('',(#3069));
#7140=EDGE_LOOP('',(#3070));
#7141=EDGE_LOOP('',(#3071));
#7142=EDGE_LOOP('',(#3072));
#7143=EDGE_LOOP('',(#3073));
#7144=EDGE_LOOP('',(#3074));
#7145=EDGE_LOOP('',(#3075));
#7146=EDGE_LOOP('',(#3076));
#7147=EDGE_LOOP('',(#3077));
#7148=EDGE_LOOP('',(#3078));
#7149=EDGE_LOOP('',(#3079));
#7150=EDGE_LOOP('',(#3080));
#7151=EDGE_LOOP('',(#3081));
#7152=EDGE_LOOP('',(#3082));
#7153=EDGE_LOOP('',(#3083));
#7154=EDGE_LOOP('',(#3084));
#7155=EDGE_LOOP('',(#3085));
#7156=EDGE_LOOP('',(#3086));
#7157=EDGE_LOOP('',(#3087));
#7158=EDGE_LOOP('',(#3088));
#7159=EDGE_LOOP('',(#3089));
#7160=EDGE_LOOP('',(#3090));
#7161=EDGE_LOOP('',(#3091));
#7162=EDGE_LOOP('',(#3092));
#7163=EDGE_LOOP('',(#3093));
#7164=EDGE_LOOP('',(#3094));
#7165=EDGE_LOOP('',(#3095));
#7166=EDGE_LOOP('',(#3096));
#7167=EDGE_LOOP('',(#3097));
#7168=EDGE_LOOP('',(#3098));
#7169=EDGE_LOOP('',(#3099));
#7170=EDGE_LOOP('',(#3100));
#7171=EDGE_LOOP('',(#3101));
#7172=EDGE_LOOP('',(#3102));
#7173=EDGE_LOOP('',(#3103));
#7174=EDGE_LOOP('',(#3104));
#7175=EDGE_LOOP('',(#3105));
#7176=EDGE_LOOP('',(#3106));
#7177=EDGE_LOOP('',(#3107));
#7178=EDGE_LOOP('',(#3108,#3109,#3110,#3111));
#7179=EDGE_LOOP('',(#3112,#3113,#3114,#3115));
#7180=EDGE_LOOP('',(#3116,#3117,#3118,#3119));
#7181=EDGE_LOOP('',(#3120,#3121,#3122,#3123));
#7182=EDGE_LOOP('',(#3124));
#7183=EDGE_LOOP('',(#3125));
#7184=EDGE_LOOP('',(#3126));
#7185=EDGE_LOOP('',(#3127));
#7186=EDGE_LOOP('',(#3128));
#7187=EDGE_LOOP('',(#3129));
#7188=EDGE_LOOP('',(#3130));
#7189=EDGE_LOOP('',(#3131));
#7190=EDGE_LOOP('',(#3132));
#7191=EDGE_LOOP('',(#3133));
#7192=EDGE_LOOP('',(#3134));
#7193=EDGE_LOOP('',(#3135));
#7194=EDGE_LOOP('',(#3136));
#7195=EDGE_LOOP('',(#3137));
#7196=EDGE_LOOP('',(#3138));
#7197=EDGE_LOOP('',(#3139));
#7198=EDGE_LOOP('',(#3140,#3141,#3142,#3143,#3144));
#7199=EDGE_LOOP('',(#3145,#3146,#3147,#3148));
#7200=EDGE_LOOP('',(#3149,#3150,#3151,#3152,#3153));
#7201=EDGE_LOOP('',(#3154));
#7202=EDGE_LOOP('',(#3155));
#7203=EDGE_LOOP('',(#3156));
#7204=EDGE_LOOP('',(#3157));
#7205=EDGE_LOOP('',(#3158));
#7206=EDGE_LOOP('',(#3159));
#7207=EDGE_LOOP('',(#3160));
#7208=EDGE_LOOP('',(#3161));
#7209=EDGE_LOOP('',(#3162));
#7210=EDGE_LOOP('',(#3163));
#7211=EDGE_LOOP('',(#3164));
#7212=EDGE_LOOP('',(#3165));
#7213=EDGE_LOOP('',(#3166));
#7214=EDGE_LOOP('',(#3167));
#7215=EDGE_LOOP('',(#3168));
#7216=EDGE_LOOP('',(#3169));
#7217=EDGE_LOOP('',(#3170,#3171,#3172,#3173));
#7218=EDGE_LOOP('',(#3174,#3175,#3176,#3177,#3178));
#7219=EDGE_LOOP('',(#3179,#3180,#3181,#3182));
#7220=EDGE_LOOP('',(#3183,#3184,#3185,#3186));
#7221=EDGE_LOOP('',(#3187,#3188,#3189,#3190));
#7222=EDGE_LOOP('',(#3191,#3192,#3193,#3194));
#7223=EDGE_LOOP('',(#3195,#3196,#3197,#3198));
#7224=EDGE_LOOP('',(#3199,#3200,#3201,#3202));
#7225=EDGE_LOOP('',(#3203,#3204,#3205,#3206));
#7226=EDGE_LOOP('',(#3207));
#7227=EDGE_LOOP('',(#3208));
#7228=EDGE_LOOP('',(#3209));
#7229=EDGE_LOOP('',(#3210));
#7230=EDGE_LOOP('',(#3211,#3212,#3213,#3214,#3215,#3216,#3217,#3218,#3219,
#3220,#3221,#3222,#3223,#3224,#3225,#3226,#3227,#3228,#3229,#3230,#3231,
#3232,#3233,#3234));
#7231=EDGE_LOOP('',(#3235,#3236,#3237,#3238));
#7232=EDGE_LOOP('',(#3239));
#7233=EDGE_LOOP('',(#3240));
#7234=EDGE_LOOP('',(#3241));
#7235=EDGE_LOOP('',(#3242));
#7236=EDGE_LOOP('',(#3243,#3244,#3245,#3246));
#7237=EDGE_LOOP('',(#3247,#3248,#3249,#3250));
#7238=EDGE_LOOP('',(#3251,#3252,#3253,#3254));
#7239=EDGE_LOOP('',(#3255,#3256,#3257,#3258));
#7240=EDGE_LOOP('',(#3259,#3260,#3261,#3262));
#7241=EDGE_LOOP('',(#3263,#3264,#3265,#3266,#3267));
#7242=EDGE_LOOP('',(#3268,#3269,#3270,#3271));
#7243=EDGE_LOOP('',(#3272,#3273,#3274,#3275));
#7244=EDGE_LOOP('',(#3276,#3277,#3278,#3279));
#7245=EDGE_LOOP('',(#3280,#3281,#3282,#3283));
#7246=EDGE_LOOP('',(#3284,#3285,#3286,#3287));
#7247=EDGE_LOOP('',(#3288,#3289,#3290,#3291));
#7248=EDGE_LOOP('',(#3292));
#7249=EDGE_LOOP('',(#3293));
#7250=EDGE_LOOP('',(#3294));
#7251=EDGE_LOOP('',(#3295));
#7252=EDGE_LOOP('',(#3296));
#7253=EDGE_LOOP('',(#3297));
#7254=EDGE_LOOP('',(#3298));
#7255=EDGE_LOOP('',(#3299));
#7256=EDGE_LOOP('',(#3300));
#7257=EDGE_LOOP('',(#3301));
#7258=EDGE_LOOP('',(#3302));
#7259=EDGE_LOOP('',(#3303));
#7260=EDGE_LOOP('',(#3304));
#7261=EDGE_LOOP('',(#3305));
#7262=EDGE_LOOP('',(#3306));
#7263=EDGE_LOOP('',(#3307));
#7264=EDGE_LOOP('',(#3308));
#7265=EDGE_LOOP('',(#3309));
#7266=EDGE_LOOP('',(#3310));
#7267=EDGE_LOOP('',(#3311));
#7268=EDGE_LOOP('',(#3312));
#7269=EDGE_LOOP('',(#3313));
#7270=EDGE_LOOP('',(#3314));
#7271=EDGE_LOOP('',(#3315));
#7272=EDGE_LOOP('',(#3316));
#7273=EDGE_LOOP('',(#3317));
#7274=EDGE_LOOP('',(#3318));
#7275=EDGE_LOOP('',(#3319));
#7276=EDGE_LOOP('',(#3320));
#7277=EDGE_LOOP('',(#3321));
#7278=EDGE_LOOP('',(#3322));
#7279=EDGE_LOOP('',(#3323));
#7280=EDGE_LOOP('',(#3324));
#7281=EDGE_LOOP('',(#3325));
#7282=EDGE_LOOP('',(#3326));
#7283=EDGE_LOOP('',(#3327));
#7284=EDGE_LOOP('',(#3328,#3329,#3330,#3331));
#7285=EDGE_LOOP('',(#3332,#3333,#3334));
#7286=EDGE_LOOP('',(#3335,#3336,#3337,#3338));
#7287=EDGE_LOOP('',(#3339,#3340,#3341,#3342));
#7288=EDGE_LOOP('',(#3343,#3344,#3345,#3346));
#7289=EDGE_LOOP('',(#3347,#3348,#3349,#3350));
#7290=EDGE_LOOP('',(#3351,#3352,#3353));
#7291=EDGE_LOOP('',(#3354,#3355,#3356));
#7292=EDGE_LOOP('',(#3357,#3358,#3359,#3360));
#7293=EDGE_LOOP('',(#3361,#3362,#3363,#3364));
#7294=EDGE_LOOP('',(#3365,#3366,#3367));
#7295=EDGE_LOOP('',(#3368,#3369,#3370,#3371));
#7296=EDGE_LOOP('',(#3372,#3373,#3374,#3375));
#7297=EDGE_LOOP('',(#3376,#3377,#3378,#3379));
#7298=EDGE_LOOP('',(#3380,#3381,#3382,#3383));
#7299=EDGE_LOOP('',(#3384,#3385,#3386,#3387));
#7300=EDGE_LOOP('',(#3388,#3389,#3390,#3391));
#7301=EDGE_LOOP('',(#3392,#3393,#3394,#3395));
#7302=EDGE_LOOP('',(#3396,#3397,#3398,#3399));
#7303=EDGE_LOOP('',(#3400,#3401,#3402,#3403));
#7304=EDGE_LOOP('',(#3404));
#7305=EDGE_LOOP('',(#3405));
#7306=EDGE_LOOP('',(#3406));
#7307=EDGE_LOOP('',(#3407));
#7308=EDGE_LOOP('',(#3408,#3409,#3410,#3411));
#7309=EDGE_LOOP('',(#3412,#3413,#3414,#3415));
#7310=EDGE_LOOP('',(#3416,#3417,#3418,#3419));
#7311=EDGE_LOOP('',(#3420,#3421,#3422,#3423));
#7312=EDGE_LOOP('',(#3424,#3425,#3426,#3427));
#7313=EDGE_LOOP('',(#3428,#3429,#3430,#3431));
#7314=EDGE_LOOP('',(#3432,#3433,#3434,#3435));
#7315=EDGE_LOOP('',(#3436,#3437,#3438,#3439));
#7316=EDGE_LOOP('',(#3440,#3441,#3442,#3443));
#7317=EDGE_LOOP('',(#3444,#3445,#3446,#3447));
#7318=EDGE_LOOP('',(#3448,#3449,#3450,#3451));
#7319=EDGE_LOOP('',(#3452,#3453,#3454,#3455));
#7320=EDGE_LOOP('',(#3456,#3457,#3458,#3459));
#7321=EDGE_LOOP('',(#3460,#3461,#3462,#3463));
#7322=EDGE_LOOP('',(#3464,#3465,#3466,#3467));
#7323=EDGE_LOOP('',(#3468,#3469,#3470,#3471));
#7324=EDGE_LOOP('',(#3472,#3473,#3474,#3475));
#7325=EDGE_LOOP('',(#3476,#3477,#3478,#3479));
#7326=EDGE_LOOP('',(#3480,#3481,#3482,#3483));
#7327=EDGE_LOOP('',(#3484,#3485,#3486,#3487));
#7328=EDGE_LOOP('',(#3488));
#7329=EDGE_LOOP('',(#3489));
#7330=EDGE_LOOP('',(#3490,#3491,#3492,#3493));
#7331=EDGE_LOOP('',(#3494,#3495,#3496,#3497));
#7332=EDGE_LOOP('',(#3498,#3499,#3500,#3501));
#7333=EDGE_LOOP('',(#3502,#3503,#3504,#3505));
#7334=EDGE_LOOP('',(#3506));
#7335=EDGE_LOOP('',(#3507));
#7336=EDGE_LOOP('',(#3508));
#7337=EDGE_LOOP('',(#3509));
#7338=EDGE_LOOP('',(#3510));
#7339=EDGE_LOOP('',(#3511));
#7340=EDGE_LOOP('',(#3512,#3513,#3514,#3515));
#7341=EDGE_LOOP('',(#3516,#3517,#3518,#3519));
#7342=EDGE_LOOP('',(#3520,#3521,#3522,#3523));
#7343=EDGE_LOOP('',(#3524,#3525,#3526,#3527));
#7344=EDGE_LOOP('',(#3528,#3529,#3530,#3531));
#7345=EDGE_LOOP('',(#3532,#3533,#3534,#3535));
#7346=EDGE_LOOP('',(#3536,#3537,#3538,#3539));
#7347=EDGE_LOOP('',(#3540,#3541,#3542,#3543));
#7348=EDGE_LOOP('',(#3544,#3545,#3546,#3547));
#7349=EDGE_LOOP('',(#3548,#3549,#3550,#3551));
#7350=EDGE_LOOP('',(#3552,#3553,#3554,#3555));
#7351=EDGE_LOOP('',(#3556,#3557,#3558,#3559));
#7352=EDGE_LOOP('',(#3560,#3561,#3562,#3563));
#7353=EDGE_LOOP('',(#3564,#3565,#3566,#3567));
#7354=EDGE_LOOP('',(#3568,#3569,#3570,#3571));
#7355=EDGE_LOOP('',(#3572,#3573,#3574,#3575));
#7356=EDGE_LOOP('',(#3576,#3577,#3578,#3579));
#7357=EDGE_LOOP('',(#3580,#3581,#3582,#3583));
#7358=EDGE_LOOP('',(#3584,#3585,#3586,#3587));
#7359=EDGE_LOOP('',(#3588,#3589,#3590,#3591));
#7360=EDGE_LOOP('',(#3592,#3593,#3594,#3595));
#7361=EDGE_LOOP('',(#3596,#3597,#3598,#3599));
#7362=EDGE_LOOP('',(#3600,#3601,#3602,#3603));
#7363=EDGE_LOOP('',(#3604,#3605,#3606,#3607));
#7364=EDGE_LOOP('',(#3608,#3609,#3610,#3611));
#7365=EDGE_LOOP('',(#3612,#3613,#3614,#3615));
#7366=EDGE_LOOP('',(#3616,#3617,#3618,#3619));
#7367=EDGE_LOOP('',(#3620,#3621,#3622,#3623));
#7368=EDGE_LOOP('',(#3624,#3625,#3626,#3627));
#7369=EDGE_LOOP('',(#3628,#3629,#3630,#3631));
#7370=EDGE_LOOP('',(#3632,#3633,#3634,#3635));
#7371=EDGE_LOOP('',(#3636,#3637,#3638,#3639));
#7372=EDGE_LOOP('',(#3640,#3641,#3642,#3643));
#7373=EDGE_LOOP('',(#3644,#3645,#3646,#3647));
#7374=EDGE_LOOP('',(#3648,#3649,#3650,#3651));
#7375=EDGE_LOOP('',(#3652,#3653,#3654,#3655));
#7376=EDGE_LOOP('',(#3656,#3657,#3658,#3659));
#7377=EDGE_LOOP('',(#3660,#3661,#3662,#3663));
#7378=EDGE_LOOP('',(#3664,#3665,#3666,#3667));
#7379=EDGE_LOOP('',(#3668,#3669,#3670,#3671));
#7380=EDGE_LOOP('',(#3672,#3673,#3674,#3675));
#7381=EDGE_LOOP('',(#3676,#3677,#3678,#3679));
#7382=EDGE_LOOP('',(#3680,#3681,#3682,#3683));
#7383=EDGE_LOOP('',(#3684,#3685,#3686,#3687));
#7384=EDGE_LOOP('',(#3688,#3689,#3690,#3691));
#7385=EDGE_LOOP('',(#3692,#3693,#3694,#3695));
#7386=EDGE_LOOP('',(#3696,#3697,#3698,#3699));
#7387=EDGE_LOOP('',(#3700,#3701,#3702,#3703));
#7388=EDGE_LOOP('',(#3704,#3705,#3706,#3707));
#7389=EDGE_LOOP('',(#3708,#3709,#3710,#3711));
#7390=EDGE_LOOP('',(#3712,#3713,#3714,#3715));
#7391=EDGE_LOOP('',(#3716,#3717,#3718,#3719));
#7392=EDGE_LOOP('',(#3720,#3721,#3722,#3723));
#7393=EDGE_LOOP('',(#3724,#3725,#3726,#3727));
#7394=EDGE_LOOP('',(#3728,#3729,#3730,#3731));
#7395=EDGE_LOOP('',(#3732,#3733,#3734,#3735));
#7396=EDGE_LOOP('',(#3736,#3737,#3738,#3739));
#7397=EDGE_LOOP('',(#3740,#3741,#3742,#3743));
#7398=EDGE_LOOP('',(#3744,#3745,#3746,#3747));
#7399=EDGE_LOOP('',(#3748,#3749,#3750,#3751));
#7400=EDGE_LOOP('',(#3752,#3753,#3754,#3755));
#7401=EDGE_LOOP('',(#3756,#3757,#3758,#3759));
#7402=EDGE_LOOP('',(#3760,#3761,#3762,#3763));
#7403=EDGE_LOOP('',(#3764,#3765,#3766,#3767));
#7404=EDGE_LOOP('',(#3768,#3769,#3770,#3771));
#7405=EDGE_LOOP('',(#3772,#3773,#3774,#3775));
#7406=EDGE_LOOP('',(#3776,#3777,#3778,#3779));
#7407=EDGE_LOOP('',(#3780,#3781,#3782,#3783));
#7408=EDGE_LOOP('',(#3784,#3785,#3786,#3787));
#7409=EDGE_LOOP('',(#3788,#3789,#3790,#3791));
#7410=EDGE_LOOP('',(#3792,#3793,#3794,#3795));
#7411=EDGE_LOOP('',(#3796,#3797,#3798,#3799));
#7412=EDGE_LOOP('',(#3800,#3801,#3802,#3803));
#7413=EDGE_LOOP('',(#3804,#3805,#3806,#3807));
#7414=EDGE_LOOP('',(#3808,#3809,#3810,#3811));
#7415=EDGE_LOOP('',(#3812,#3813,#3814,#3815));
#7416=EDGE_LOOP('',(#3816));
#7417=EDGE_LOOP('',(#3817));
#7418=EDGE_LOOP('',(#3818));
#7419=EDGE_LOOP('',(#3819));
#7420=EDGE_LOOP('',(#3820));
#7421=EDGE_LOOP('',(#3821));
#7422=EDGE_LOOP('',(#3822));
#7423=EDGE_LOOP('',(#3823));
#7424=EDGE_LOOP('',(#3824,#3825,#3826,#3827));
#7425=EDGE_LOOP('',(#3828,#3829,#3830,#3831));
#7426=EDGE_LOOP('',(#3832,#3833,#3834,#3835));
#7427=EDGE_LOOP('',(#3836,#3837,#3838,#3839));
#7428=EDGE_LOOP('',(#3840,#3841,#3842,#3843));
#7429=EDGE_LOOP('',(#3844,#3845,#3846,#3847));
#7430=EDGE_LOOP('',(#3848,#3849,#3850,#3851));
#7431=EDGE_LOOP('',(#3852,#3853,#3854,#3855));
#7432=EDGE_LOOP('',(#3856,#3857,#3858,#3859));
#7433=EDGE_LOOP('',(#3860,#3861,#3862,#3863));
#7434=EDGE_LOOP('',(#3864,#3865,#3866,#3867));
#7435=EDGE_LOOP('',(#3868,#3869,#3870,#3871));
#7436=EDGE_LOOP('',(#3872,#3873,#3874,#3875));
#7437=EDGE_LOOP('',(#3876,#3877,#3878,#3879));
#7438=EDGE_LOOP('',(#3880,#3881,#3882,#3883));
#7439=EDGE_LOOP('',(#3884,#3885,#3886,#3887));
#7440=EDGE_LOOP('',(#3888));
#7441=EDGE_LOOP('',(#3889));
#7442=EDGE_LOOP('',(#3890));
#7443=EDGE_LOOP('',(#3891));
#7444=EDGE_LOOP('',(#3892));
#7445=EDGE_LOOP('',(#3893));
#7446=EDGE_LOOP('',(#3894));
#7447=EDGE_LOOP('',(#3895));
#7448=EDGE_LOOP('',(#3896));
#7449=EDGE_LOOP('',(#3897));
#7450=EDGE_LOOP('',(#3898));
#7451=EDGE_LOOP('',(#3899));
#7452=EDGE_LOOP('',(#3900));
#7453=EDGE_LOOP('',(#3901));
#7454=EDGE_LOOP('',(#3902));
#7455=EDGE_LOOP('',(#3903));
#7456=EDGE_LOOP('',(#3904));
#7457=EDGE_LOOP('',(#3905));
#7458=EDGE_LOOP('',(#3906));
#7459=EDGE_LOOP('',(#3907));
#7460=EDGE_LOOP('',(#3908));
#7461=EDGE_LOOP('',(#3909));
#7462=EDGE_LOOP('',(#3910));
#7463=EDGE_LOOP('',(#3911));
#7464=EDGE_LOOP('',(#3912));
#7465=EDGE_LOOP('',(#3913));
#7466=EDGE_LOOP('',(#3914));
#7467=EDGE_LOOP('',(#3915));
#7468=EDGE_LOOP('',(#3916));
#7469=EDGE_LOOP('',(#3917));
#7470=EDGE_LOOP('',(#3918));
#7471=EDGE_LOOP('',(#3919));
#7472=EDGE_LOOP('',(#3920));
#7473=EDGE_LOOP('',(#3921));
#7474=EDGE_LOOP('',(#3922));
#7475=EDGE_LOOP('',(#3923));
#7476=EDGE_LOOP('',(#3924));
#7477=EDGE_LOOP('',(#3925));
#7478=EDGE_LOOP('',(#3926));
#7479=EDGE_LOOP('',(#3927));
#7480=EDGE_LOOP('',(#3928));
#7481=EDGE_LOOP('',(#3929,#3930,#3931,#3932,#3933));
#7482=EDGE_LOOP('',(#3934));
#7483=EDGE_LOOP('',(#3935,#3936,#3937));
#7484=EDGE_LOOP('',(#3938));
#7485=EDGE_LOOP('',(#3939));
#7486=EDGE_LOOP('',(#3940));
#7487=EDGE_LOOP('',(#3941));
#7488=EDGE_LOOP('',(#3942));
#7489=EDGE_LOOP('',(#3943));
#7490=EDGE_LOOP('',(#3944));
#7491=EDGE_LOOP('',(#3945,#3946));
#7492=EDGE_LOOP('',(#3947));
#7493=EDGE_LOOP('',(#3948));
#7494=EDGE_LOOP('',(#3949));
#7495=EDGE_LOOP('',(#3950));
#7496=EDGE_LOOP('',(#3951));
#7497=EDGE_LOOP('',(#3952));
#7498=EDGE_LOOP('',(#3953));
#7499=EDGE_LOOP('',(#3954));
#7500=EDGE_LOOP('',(#3955));
#7501=EDGE_LOOP('',(#3956));
#7502=EDGE_LOOP('',(#3957));
#7503=EDGE_LOOP('',(#3958));
#7504=EDGE_LOOP('',(#3959));
#7505=EDGE_LOOP('',(#3960));
#7506=EDGE_LOOP('',(#3961));
#7507=EDGE_LOOP('',(#3962));
#7508=EDGE_LOOP('',(#3963));
#7509=EDGE_LOOP('',(#3964));
#7510=EDGE_LOOP('',(#3965));
#7511=EDGE_LOOP('',(#3966));
#7512=EDGE_LOOP('',(#3967,#3968,#3969,#3970));
#7513=EDGE_LOOP('',(#3971));
#7514=EDGE_LOOP('',(#3972));
#7515=EDGE_LOOP('',(#3973));
#7516=EDGE_LOOP('',(#3974,#3975));
#7517=EDGE_LOOP('',(#3976));
#7518=EDGE_LOOP('',(#3977,#3978));
#7519=EDGE_LOOP('',(#3979));
#7520=EDGE_LOOP('',(#3980));
#7521=EDGE_LOOP('',(#3981));
#7522=EDGE_LOOP('',(#3982));
#7523=EDGE_LOOP('',(#3983));
#7524=EDGE_LOOP('',(#3984));
#7525=EDGE_LOOP('',(#3985));
#7526=EDGE_LOOP('',(#3986));
#7527=EDGE_LOOP('',(#3987));
#7528=EDGE_LOOP('',(#3988));
#7529=EDGE_LOOP('',(#3989));
#7530=EDGE_LOOP('',(#3990));
#7531=EDGE_LOOP('',(#3991));
#7532=EDGE_LOOP('',(#3992));
#7533=EDGE_LOOP('',(#3993));
#7534=EDGE_LOOP('',(#3994));
#7535=EDGE_LOOP('',(#3995));
#7536=EDGE_LOOP('',(#3996));
#7537=EDGE_LOOP('',(#3997));
#7538=EDGE_LOOP('',(#3998,#3999,#4000));
#7539=EDGE_LOOP('',(#4001));
#7540=EDGE_LOOP('',(#4002));
#7541=EDGE_LOOP('',(#4003));
#7542=EDGE_LOOP('',(#4004));
#7543=EDGE_LOOP('',(#4005));
#7544=EDGE_LOOP('',(#4006));
#7545=EDGE_LOOP('',(#4007));
#7546=EDGE_LOOP('',(#4008));
#7547=EDGE_LOOP('',(#4009,#4010,#4011,#4012,#4013,#4014,#4015,#4016));
#7548=EDGE_LOOP('',(#4017,#4018));
#7549=EDGE_LOOP('',(#4019));
#7550=EDGE_LOOP('',(#4020,#4021));
#7551=EDGE_LOOP('',(#4022));
#7552=EDGE_LOOP('',(#4023,#4024));
#7553=EDGE_LOOP('',(#4025));
#7554=FACE_BOUND('',#6473,.T.);
#7555=FACE_BOUND('',#6474,.T.);
#7556=FACE_BOUND('',#6475,.T.);
#7557=FACE_BOUND('',#6476,.T.);
#7558=FACE_BOUND('',#6477,.T.);
#7559=FACE_BOUND('',#6478,.T.);
#7560=FACE_BOUND('',#6479,.T.);
#7561=FACE_BOUND('',#6480,.T.);
#7562=FACE_BOUND('',#6481,.T.);
#7563=FACE_BOUND('',#6482,.T.);
#7564=FACE_BOUND('',#6483,.T.);
#7565=FACE_BOUND('',#6484,.T.);
#7566=FACE_BOUND('',#6485,.T.);
#7567=FACE_BOUND('',#6486,.T.);
#7568=FACE_BOUND('',#6487,.T.);
#7569=FACE_BOUND('',#6488,.T.);
#7570=FACE_BOUND('',#6489,.T.);
#7571=FACE_BOUND('',#6490,.T.);
#7572=FACE_BOUND('',#6491,.T.);
#7573=FACE_BOUND('',#6492,.T.);
#7574=FACE_BOUND('',#6493,.T.);
#7575=FACE_BOUND('',#6494,.T.);
#7576=FACE_BOUND('',#6495,.T.);
#7577=FACE_BOUND('',#6496,.T.);
#7578=FACE_BOUND('',#6497,.T.);
#7579=FACE_BOUND('',#6498,.T.);
#7580=FACE_BOUND('',#6499,.T.);
#7581=FACE_BOUND('',#6500,.T.);
#7582=FACE_BOUND('',#6501,.T.);
#7583=FACE_BOUND('',#6502,.T.);
#7584=FACE_BOUND('',#6503,.T.);
#7585=FACE_BOUND('',#6504,.T.);
#7586=FACE_BOUND('',#6505,.T.);
#7587=FACE_BOUND('',#6506,.T.);
#7588=FACE_BOUND('',#6507,.T.);
#7589=FACE_BOUND('',#6508,.T.);
#7590=FACE_BOUND('',#6509,.T.);
#7591=FACE_BOUND('',#6510,.T.);
#7592=FACE_BOUND('',#6511,.T.);
#7593=FACE_BOUND('',#6512,.T.);
#7594=FACE_BOUND('',#6513,.T.);
#7595=FACE_BOUND('',#6514,.T.);
#7596=FACE_BOUND('',#6515,.T.);
#7597=FACE_BOUND('',#6516,.T.);
#7598=FACE_BOUND('',#6517,.T.);
#7599=FACE_BOUND('',#6518,.T.);
#7600=FACE_BOUND('',#6519,.T.);
#7601=FACE_BOUND('',#6520,.T.);
#7602=FACE_BOUND('',#6521,.T.);
#7603=FACE_BOUND('',#6522,.T.);
#7604=FACE_BOUND('',#6523,.T.);
#7605=FACE_BOUND('',#6524,.T.);
#7606=FACE_BOUND('',#6525,.T.);
#7607=FACE_BOUND('',#6526,.T.);
#7608=FACE_BOUND('',#6527,.T.);
#7609=FACE_BOUND('',#6528,.T.);
#7610=FACE_BOUND('',#6529,.T.);
#7611=FACE_BOUND('',#6530,.T.);
#7612=FACE_BOUND('',#6531,.T.);
#7613=FACE_BOUND('',#6532,.T.);
#7614=FACE_BOUND('',#6533,.T.);
#7615=FACE_BOUND('',#6534,.T.);
#7616=FACE_BOUND('',#6535,.T.);
#7617=FACE_BOUND('',#6536,.T.);
#7618=FACE_BOUND('',#6537,.T.);
#7619=FACE_BOUND('',#6538,.T.);
#7620=FACE_BOUND('',#6539,.T.);
#7621=FACE_BOUND('',#6540,.T.);
#7622=FACE_BOUND('',#6541,.T.);
#7623=FACE_BOUND('',#6542,.T.);
#7624=FACE_BOUND('',#6543,.T.);
#7625=FACE_BOUND('',#6544,.T.);
#7626=FACE_BOUND('',#6545,.T.);
#7627=FACE_BOUND('',#6546,.T.);
#7628=FACE_BOUND('',#6547,.T.);
#7629=FACE_BOUND('',#6548,.T.);
#7630=FACE_BOUND('',#6549,.T.);
#7631=FACE_BOUND('',#6550,.T.);
#7632=FACE_BOUND('',#6551,.T.);
#7633=FACE_BOUND('',#6552,.T.);
#7634=FACE_BOUND('',#6553,.T.);
#7635=FACE_BOUND('',#6554,.T.);
#7636=FACE_BOUND('',#6555,.T.);
#7637=FACE_BOUND('',#6556,.T.);
#7638=FACE_BOUND('',#6557,.T.);
#7639=FACE_BOUND('',#6558,.T.);
#7640=FACE_BOUND('',#6559,.T.);
#7641=FACE_BOUND('',#6560,.T.);
#7642=FACE_BOUND('',#6561,.T.);
#7643=FACE_BOUND('',#6562,.T.);
#7644=FACE_BOUND('',#6563,.T.);
#7645=FACE_BOUND('',#6564,.T.);
#7646=FACE_BOUND('',#6565,.T.);
#7647=FACE_BOUND('',#6566,.T.);
#7648=FACE_BOUND('',#6567,.T.);
#7649=FACE_BOUND('',#6568,.T.);
#7650=FACE_BOUND('',#6569,.T.);
#7651=FACE_BOUND('',#6570,.T.);
#7652=FACE_BOUND('',#6571,.T.);
#7653=FACE_BOUND('',#6572,.T.);
#7654=FACE_BOUND('',#6573,.T.);
#7655=FACE_BOUND('',#6574,.T.);
#7656=FACE_BOUND('',#6575,.T.);
#7657=FACE_BOUND('',#6576,.T.);
#7658=FACE_BOUND('',#6577,.T.);
#7659=FACE_BOUND('',#6578,.T.);
#7660=FACE_BOUND('',#6579,.T.);
#7661=FACE_BOUND('',#6580,.T.);
#7662=FACE_BOUND('',#6581,.T.);
#7663=FACE_BOUND('',#6582,.T.);
#7664=FACE_BOUND('',#6583,.T.);
#7665=FACE_BOUND('',#6584,.T.);
#7666=FACE_BOUND('',#6585,.T.);
#7667=FACE_BOUND('',#6586,.T.);
#7668=FACE_BOUND('',#6587,.T.);
#7669=FACE_BOUND('',#6588,.T.);
#7670=FACE_BOUND('',#6589,.T.);
#7671=FACE_BOUND('',#6590,.T.);
#7672=FACE_BOUND('',#6591,.T.);
#7673=FACE_BOUND('',#6592,.T.);
#7674=FACE_BOUND('',#6593,.T.);
#7675=FACE_BOUND('',#6594,.T.);
#7676=FACE_BOUND('',#6595,.T.);
#7677=FACE_BOUND('',#6596,.T.);
#7678=FACE_BOUND('',#6597,.T.);
#7679=FACE_BOUND('',#6598,.T.);
#7680=FACE_BOUND('',#6599,.T.);
#7681=FACE_BOUND('',#6600,.T.);
#7682=FACE_BOUND('',#6601,.T.);
#7683=FACE_BOUND('',#6602,.T.);
#7684=FACE_BOUND('',#6603,.T.);
#7685=FACE_BOUND('',#6604,.T.);
#7686=FACE_BOUND('',#6605,.T.);
#7687=FACE_BOUND('',#6606,.T.);
#7688=FACE_BOUND('',#6607,.T.);
#7689=FACE_BOUND('',#6608,.T.);
#7690=FACE_BOUND('',#6609,.T.);
#7691=FACE_BOUND('',#6610,.T.);
#7692=FACE_BOUND('',#6611,.T.);
#7693=FACE_BOUND('',#6612,.T.);
#7694=FACE_BOUND('',#6613,.T.);
#7695=FACE_BOUND('',#6614,.T.);
#7696=FACE_BOUND('',#6615,.T.);
#7697=FACE_BOUND('',#6616,.T.);
#7698=FACE_BOUND('',#6617,.T.);
#7699=FACE_BOUND('',#6618,.T.);
#7700=FACE_BOUND('',#6619,.T.);
#7701=FACE_BOUND('',#6620,.T.);
#7702=FACE_BOUND('',#6621,.T.);
#7703=FACE_BOUND('',#6622,.T.);
#7704=FACE_BOUND('',#6623,.T.);
#7705=FACE_BOUND('',#6624,.T.);
#7706=FACE_BOUND('',#6625,.T.);
#7707=FACE_BOUND('',#6626,.T.);
#7708=FACE_BOUND('',#6627,.T.);
#7709=FACE_BOUND('',#6628,.T.);
#7710=FACE_BOUND('',#6629,.T.);
#7711=FACE_BOUND('',#6630,.T.);
#7712=FACE_BOUND('',#6631,.T.);
#7713=FACE_BOUND('',#6632,.T.);
#7714=FACE_BOUND('',#6633,.T.);
#7715=FACE_BOUND('',#6634,.T.);
#7716=FACE_BOUND('',#6635,.T.);
#7717=FACE_BOUND('',#6636,.T.);
#7718=FACE_BOUND('',#6637,.T.);
#7719=FACE_BOUND('',#6638,.T.);
#7720=FACE_BOUND('',#6639,.T.);
#7721=FACE_BOUND('',#6640,.T.);
#7722=FACE_BOUND('',#6641,.T.);
#7723=FACE_BOUND('',#6642,.T.);
#7724=FACE_BOUND('',#6643,.T.);
#7725=FACE_BOUND('',#6644,.T.);
#7726=FACE_BOUND('',#6645,.T.);
#7727=FACE_BOUND('',#6646,.T.);
#7728=FACE_BOUND('',#6647,.T.);
#7729=FACE_BOUND('',#6648,.T.);
#7730=FACE_BOUND('',#6649,.T.);
#7731=FACE_BOUND('',#6650,.T.);
#7732=FACE_BOUND('',#6651,.T.);
#7733=FACE_BOUND('',#6652,.T.);
#7734=FACE_BOUND('',#6653,.T.);
#7735=FACE_BOUND('',#6654,.T.);
#7736=FACE_BOUND('',#6655,.T.);
#7737=FACE_BOUND('',#6656,.T.);
#7738=FACE_BOUND('',#6657,.T.);
#7739=FACE_BOUND('',#6658,.T.);
#7740=FACE_BOUND('',#6659,.T.);
#7741=FACE_BOUND('',#6660,.T.);
#7742=FACE_BOUND('',#6661,.T.);
#7743=FACE_BOUND('',#6662,.T.);
#7744=FACE_BOUND('',#6663,.T.);
#7745=FACE_BOUND('',#6664,.T.);
#7746=FACE_BOUND('',#6665,.T.);
#7747=FACE_BOUND('',#6666,.T.);
#7748=FACE_BOUND('',#6667,.T.);
#7749=FACE_BOUND('',#6668,.T.);
#7750=FACE_BOUND('',#6669,.T.);
#7751=FACE_BOUND('',#6670,.T.);
#7752=FACE_BOUND('',#6671,.T.);
#7753=FACE_BOUND('',#6672,.T.);
#7754=FACE_BOUND('',#6673,.T.);
#7755=FACE_BOUND('',#6674,.T.);
#7756=FACE_BOUND('',#6675,.T.);
#7757=FACE_BOUND('',#6676,.T.);
#7758=FACE_BOUND('',#6677,.T.);
#7759=FACE_BOUND('',#6678,.T.);
#7760=FACE_BOUND('',#6679,.T.);
#7761=FACE_BOUND('',#6680,.T.);
#7762=FACE_BOUND('',#6681,.T.);
#7763=FACE_BOUND('',#6682,.T.);
#7764=FACE_BOUND('',#6683,.T.);
#7765=FACE_BOUND('',#6684,.T.);
#7766=FACE_BOUND('',#6685,.T.);
#7767=FACE_BOUND('',#6686,.T.);
#7768=FACE_BOUND('',#6687,.T.);
#7769=FACE_BOUND('',#6688,.T.);
#7770=FACE_BOUND('',#6689,.T.);
#7771=FACE_BOUND('',#6690,.T.);
#7772=FACE_BOUND('',#6691,.T.);
#7773=FACE_BOUND('',#6692,.T.);
#7774=FACE_BOUND('',#6693,.T.);
#7775=FACE_BOUND('',#6694,.T.);
#7776=FACE_BOUND('',#6695,.T.);
#7777=FACE_BOUND('',#6696,.T.);
#7778=FACE_BOUND('',#6697,.T.);
#7779=FACE_BOUND('',#6698,.T.);
#7780=FACE_BOUND('',#6699,.T.);
#7781=FACE_BOUND('',#6700,.T.);
#7782=FACE_BOUND('',#6701,.T.);
#7783=FACE_BOUND('',#6702,.T.);
#7784=FACE_BOUND('',#6703,.T.);
#7785=FACE_BOUND('',#6704,.T.);
#7786=FACE_BOUND('',#6705,.T.);
#7787=FACE_BOUND('',#6706,.T.);
#7788=FACE_BOUND('',#6707,.T.);
#7789=FACE_BOUND('',#6708,.T.);
#7790=FACE_BOUND('',#6709,.T.);
#7791=FACE_BOUND('',#6710,.T.);
#7792=FACE_BOUND('',#6711,.T.);
#7793=FACE_BOUND('',#6712,.T.);
#7794=FACE_BOUND('',#6713,.T.);
#7795=FACE_BOUND('',#6714,.T.);
#7796=FACE_BOUND('',#6715,.T.);
#7797=FACE_BOUND('',#6716,.T.);
#7798=FACE_BOUND('',#6717,.T.);
#7799=FACE_BOUND('',#6718,.T.);
#7800=FACE_BOUND('',#6719,.T.);
#7801=FACE_BOUND('',#6720,.T.);
#7802=FACE_BOUND('',#6721,.T.);
#7803=FACE_BOUND('',#6722,.T.);
#7804=FACE_BOUND('',#6723,.T.);
#7805=FACE_BOUND('',#6724,.T.);
#7806=FACE_BOUND('',#6725,.T.);
#7807=FACE_BOUND('',#6726,.T.);
#7808=FACE_BOUND('',#6727,.T.);
#7809=FACE_BOUND('',#6728,.T.);
#7810=FACE_BOUND('',#6729,.T.);
#7811=FACE_BOUND('',#6730,.T.);
#7812=FACE_BOUND('',#6731,.T.);
#7813=FACE_BOUND('',#6732,.T.);
#7814=FACE_BOUND('',#6733,.T.);
#7815=FACE_BOUND('',#6734,.T.);
#7816=FACE_BOUND('',#6735,.T.);
#7817=FACE_BOUND('',#6736,.T.);
#7818=FACE_BOUND('',#6737,.T.);
#7819=FACE_BOUND('',#6738,.T.);
#7820=FACE_BOUND('',#6739,.T.);
#7821=FACE_BOUND('',#6740,.T.);
#7822=FACE_BOUND('',#6741,.T.);
#7823=FACE_BOUND('',#6742,.T.);
#7824=FACE_BOUND('',#6743,.T.);
#7825=FACE_BOUND('',#6744,.T.);
#7826=FACE_BOUND('',#6745,.T.);
#7827=FACE_BOUND('',#6746,.T.);
#7828=FACE_BOUND('',#6747,.T.);
#7829=FACE_BOUND('',#6748,.T.);
#7830=FACE_BOUND('',#6749,.T.);
#7831=FACE_BOUND('',#6750,.T.);
#7832=FACE_BOUND('',#6751,.T.);
#7833=FACE_BOUND('',#6752,.T.);
#7834=FACE_BOUND('',#6753,.T.);
#7835=FACE_BOUND('',#6754,.T.);
#7836=FACE_BOUND('',#6755,.T.);
#7837=FACE_BOUND('',#6756,.T.);
#7838=FACE_BOUND('',#6757,.T.);
#7839=FACE_BOUND('',#6758,.T.);
#7840=FACE_BOUND('',#6759,.T.);
#7841=FACE_BOUND('',#6760,.T.);
#7842=FACE_BOUND('',#6761,.T.);
#7843=FACE_BOUND('',#6762,.T.);
#7844=FACE_BOUND('',#6763,.T.);
#7845=FACE_BOUND('',#6764,.T.);
#7846=FACE_BOUND('',#6765,.T.);
#7847=FACE_BOUND('',#6766,.T.);
#7848=FACE_BOUND('',#6767,.T.);
#7849=FACE_BOUND('',#6768,.T.);
#7850=FACE_BOUND('',#6769,.T.);
#7851=FACE_BOUND('',#6770,.T.);
#7852=FACE_BOUND('',#6771,.T.);
#7853=FACE_BOUND('',#6772,.T.);
#7854=FACE_BOUND('',#6773,.T.);
#7855=FACE_BOUND('',#6774,.T.);
#7856=FACE_BOUND('',#6775,.T.);
#7857=FACE_BOUND('',#6776,.T.);
#7858=FACE_BOUND('',#6777,.T.);
#7859=FACE_BOUND('',#6778,.T.);
#7860=FACE_BOUND('',#6779,.T.);
#7861=FACE_BOUND('',#6780,.T.);
#7862=FACE_BOUND('',#6781,.T.);
#7863=FACE_BOUND('',#6782,.T.);
#7864=FACE_BOUND('',#6783,.T.);
#7865=FACE_BOUND('',#6784,.T.);
#7866=FACE_BOUND('',#6785,.T.);
#7867=FACE_BOUND('',#6786,.T.);
#7868=FACE_BOUND('',#6787,.T.);
#7869=FACE_BOUND('',#6788,.T.);
#7870=FACE_BOUND('',#6789,.T.);
#7871=FACE_BOUND('',#6790,.T.);
#7872=FACE_BOUND('',#6791,.T.);
#7873=FACE_BOUND('',#6792,.T.);
#7874=FACE_BOUND('',#6793,.T.);
#7875=FACE_BOUND('',#6794,.T.);
#7876=FACE_BOUND('',#6795,.T.);
#7877=FACE_BOUND('',#6796,.T.);
#7878=FACE_BOUND('',#6797,.T.);
#7879=FACE_BOUND('',#6798,.T.);
#7880=FACE_BOUND('',#6799,.T.);
#7881=FACE_BOUND('',#6800,.T.);
#7882=FACE_BOUND('',#6801,.T.);
#7883=FACE_BOUND('',#6802,.T.);
#7884=FACE_BOUND('',#6803,.T.);
#7885=FACE_BOUND('',#6804,.T.);
#7886=FACE_BOUND('',#6805,.T.);
#7887=FACE_BOUND('',#6806,.T.);
#7888=FACE_BOUND('',#6807,.T.);
#7889=FACE_BOUND('',#6808,.T.);
#7890=FACE_BOUND('',#6809,.T.);
#7891=FACE_BOUND('',#6810,.T.);
#7892=FACE_BOUND('',#6811,.T.);
#7893=FACE_BOUND('',#6812,.T.);
#7894=FACE_BOUND('',#6813,.T.);
#7895=FACE_BOUND('',#6814,.T.);
#7896=FACE_BOUND('',#6815,.T.);
#7897=FACE_BOUND('',#6816,.T.);
#7898=FACE_BOUND('',#6817,.T.);
#7899=FACE_BOUND('',#6818,.T.);
#7900=FACE_BOUND('',#6819,.T.);
#7901=FACE_BOUND('',#6820,.T.);
#7902=FACE_BOUND('',#6821,.T.);
#7903=FACE_BOUND('',#6822,.T.);
#7904=FACE_BOUND('',#6823,.T.);
#7905=FACE_BOUND('',#6824,.T.);
#7906=FACE_BOUND('',#6825,.T.);
#7907=FACE_BOUND('',#6826,.T.);
#7908=FACE_BOUND('',#6827,.T.);
#7909=FACE_BOUND('',#6828,.T.);
#7910=FACE_BOUND('',#6829,.T.);
#7911=FACE_BOUND('',#6830,.T.);
#7912=FACE_BOUND('',#6831,.T.);
#7913=FACE_BOUND('',#6832,.T.);
#7914=FACE_BOUND('',#6833,.T.);
#7915=FACE_BOUND('',#6834,.T.);
#7916=FACE_BOUND('',#6835,.T.);
#7917=FACE_BOUND('',#6836,.T.);
#7918=FACE_BOUND('',#6837,.T.);
#7919=FACE_BOUND('',#6838,.T.);
#7920=FACE_BOUND('',#6839,.T.);
#7921=FACE_BOUND('',#6840,.T.);
#7922=FACE_BOUND('',#6841,.T.);
#7923=FACE_BOUND('',#6842,.T.);
#7924=FACE_BOUND('',#6843,.T.);
#7925=FACE_BOUND('',#6844,.T.);
#7926=FACE_BOUND('',#6845,.T.);
#7927=FACE_BOUND('',#6846,.T.);
#7928=FACE_BOUND('',#6847,.T.);
#7929=FACE_BOUND('',#6848,.T.);
#7930=FACE_BOUND('',#6849,.T.);
#7931=FACE_BOUND('',#6850,.T.);
#7932=FACE_BOUND('',#6851,.T.);
#7933=FACE_BOUND('',#6852,.T.);
#7934=FACE_BOUND('',#6853,.T.);
#7935=FACE_BOUND('',#6854,.T.);
#7936=FACE_BOUND('',#6855,.T.);
#7937=FACE_BOUND('',#6856,.T.);
#7938=FACE_BOUND('',#6857,.T.);
#7939=FACE_BOUND('',#6858,.T.);
#7940=FACE_BOUND('',#6859,.T.);
#7941=FACE_BOUND('',#6860,.T.);
#7942=FACE_BOUND('',#6861,.T.);
#7943=FACE_BOUND('',#6862,.T.);
#7944=FACE_BOUND('',#6863,.T.);
#7945=FACE_BOUND('',#6864,.T.);
#7946=FACE_BOUND('',#6865,.T.);
#7947=FACE_BOUND('',#6866,.T.);
#7948=FACE_BOUND('',#6867,.T.);
#7949=FACE_BOUND('',#6868,.T.);
#7950=FACE_BOUND('',#6869,.T.);
#7951=FACE_BOUND('',#6870,.T.);
#7952=FACE_BOUND('',#6871,.T.);
#7953=FACE_BOUND('',#6872,.T.);
#7954=FACE_BOUND('',#6873,.T.);
#7955=FACE_BOUND('',#6874,.T.);
#7956=FACE_BOUND('',#6875,.T.);
#7957=FACE_BOUND('',#6876,.T.);
#7958=FACE_BOUND('',#6877,.T.);
#7959=FACE_BOUND('',#6878,.T.);
#7960=FACE_BOUND('',#6879,.T.);
#7961=FACE_BOUND('',#6880,.T.);
#7962=FACE_BOUND('',#6881,.T.);
#7963=FACE_BOUND('',#6882,.T.);
#7964=FACE_BOUND('',#6883,.T.);
#7965=FACE_BOUND('',#6884,.T.);
#7966=FACE_BOUND('',#6885,.T.);
#7967=FACE_BOUND('',#6886,.T.);
#7968=FACE_BOUND('',#6887,.T.);
#7969=FACE_BOUND('',#6888,.T.);
#7970=FACE_BOUND('',#6889,.T.);
#7971=FACE_BOUND('',#6890,.T.);
#7972=FACE_BOUND('',#6891,.T.);
#7973=FACE_BOUND('',#6892,.T.);
#7974=FACE_BOUND('',#6893,.T.);
#7975=FACE_BOUND('',#6894,.T.);
#7976=FACE_BOUND('',#6895,.T.);
#7977=FACE_BOUND('',#6896,.T.);
#7978=FACE_BOUND('',#6897,.T.);
#7979=FACE_BOUND('',#6898,.T.);
#7980=FACE_BOUND('',#6899,.T.);
#7981=FACE_BOUND('',#6900,.T.);
#7982=FACE_BOUND('',#6901,.T.);
#7983=FACE_BOUND('',#6902,.T.);
#7984=FACE_BOUND('',#6903,.T.);
#7985=FACE_BOUND('',#6904,.T.);
#7986=FACE_BOUND('',#6905,.T.);
#7987=FACE_BOUND('',#6906,.T.);
#7988=FACE_BOUND('',#6907,.T.);
#7989=FACE_BOUND('',#6908,.T.);
#7990=FACE_BOUND('',#6909,.T.);
#7991=FACE_BOUND('',#6910,.T.);
#7992=FACE_BOUND('',#6911,.T.);
#7993=FACE_BOUND('',#6912,.T.);
#7994=FACE_BOUND('',#6913,.T.);
#7995=FACE_BOUND('',#6914,.T.);
#7996=FACE_BOUND('',#6915,.T.);
#7997=FACE_BOUND('',#6916,.T.);
#7998=FACE_BOUND('',#6917,.T.);
#7999=FACE_BOUND('',#6918,.T.);
#8000=FACE_BOUND('',#6919,.T.);
#8001=FACE_BOUND('',#6920,.T.);
#8002=FACE_BOUND('',#6921,.T.);
#8003=FACE_BOUND('',#6922,.T.);
#8004=FACE_BOUND('',#6923,.T.);
#8005=FACE_BOUND('',#6924,.T.);
#8006=FACE_BOUND('',#6925,.T.);
#8007=FACE_BOUND('',#6926,.T.);
#8008=FACE_BOUND('',#6927,.T.);
#8009=FACE_BOUND('',#6928,.T.);
#8010=FACE_BOUND('',#6929,.T.);
#8011=FACE_BOUND('',#6930,.T.);
#8012=FACE_BOUND('',#6931,.T.);
#8013=FACE_BOUND('',#6932,.T.);
#8014=FACE_BOUND('',#6933,.T.);
#8015=FACE_BOUND('',#6934,.T.);
#8016=FACE_BOUND('',#6935,.T.);
#8017=FACE_BOUND('',#6936,.T.);
#8018=FACE_BOUND('',#6937,.T.);
#8019=FACE_BOUND('',#6938,.T.);
#8020=FACE_BOUND('',#6939,.T.);
#8021=FACE_BOUND('',#6940,.T.);
#8022=FACE_BOUND('',#6941,.T.);
#8023=FACE_BOUND('',#6942,.T.);
#8024=FACE_BOUND('',#6943,.T.);
#8025=FACE_BOUND('',#6944,.T.);
#8026=FACE_BOUND('',#6945,.T.);
#8027=FACE_BOUND('',#6946,.T.);
#8028=FACE_BOUND('',#6947,.T.);
#8029=FACE_BOUND('',#6948,.T.);
#8030=FACE_BOUND('',#6949,.T.);
#8031=FACE_BOUND('',#6950,.T.);
#8032=FACE_BOUND('',#6951,.T.);
#8033=FACE_BOUND('',#6952,.T.);
#8034=FACE_BOUND('',#6953,.T.);
#8035=FACE_BOUND('',#6954,.T.);
#8036=FACE_BOUND('',#6955,.T.);
#8037=FACE_BOUND('',#6956,.T.);
#8038=FACE_BOUND('',#6957,.T.);
#8039=FACE_BOUND('',#6958,.T.);
#8040=FACE_BOUND('',#6959,.T.);
#8041=FACE_BOUND('',#6960,.T.);
#8042=FACE_BOUND('',#6961,.T.);
#8043=FACE_BOUND('',#6962,.T.);
#8044=FACE_BOUND('',#6963,.T.);
#8045=FACE_BOUND('',#6964,.T.);
#8046=FACE_BOUND('',#6965,.T.);
#8047=FACE_BOUND('',#6966,.T.);
#8048=FACE_BOUND('',#6967,.T.);
#8049=FACE_BOUND('',#6968,.T.);
#8050=FACE_BOUND('',#6969,.T.);
#8051=FACE_BOUND('',#6970,.T.);
#8052=FACE_BOUND('',#6971,.T.);
#8053=FACE_BOUND('',#6972,.T.);
#8054=FACE_BOUND('',#6973,.T.);
#8055=FACE_BOUND('',#6974,.T.);
#8056=FACE_BOUND('',#6975,.T.);
#8057=FACE_BOUND('',#6976,.T.);
#8058=FACE_BOUND('',#6977,.T.);
#8059=FACE_BOUND('',#6978,.T.);
#8060=FACE_BOUND('',#6979,.T.);
#8061=FACE_BOUND('',#6980,.T.);
#8062=FACE_BOUND('',#6981,.T.);
#8063=FACE_BOUND('',#6982,.T.);
#8064=FACE_BOUND('',#6983,.T.);
#8065=FACE_BOUND('',#6984,.T.);
#8066=FACE_BOUND('',#6985,.T.);
#8067=FACE_BOUND('',#6986,.T.);
#8068=FACE_BOUND('',#6987,.T.);
#8069=FACE_BOUND('',#6988,.T.);
#8070=FACE_BOUND('',#6989,.T.);
#8071=FACE_BOUND('',#6990,.T.);
#8072=FACE_BOUND('',#6991,.T.);
#8073=FACE_BOUND('',#6992,.T.);
#8074=FACE_BOUND('',#6993,.T.);
#8075=FACE_BOUND('',#6994,.T.);
#8076=FACE_BOUND('',#6995,.T.);
#8077=FACE_BOUND('',#6996,.T.);
#8078=FACE_BOUND('',#6997,.T.);
#8079=FACE_BOUND('',#6998,.T.);
#8080=FACE_BOUND('',#6999,.T.);
#8081=FACE_BOUND('',#7000,.T.);
#8082=FACE_BOUND('',#7001,.T.);
#8083=FACE_BOUND('',#7002,.T.);
#8084=FACE_BOUND('',#7003,.T.);
#8085=FACE_BOUND('',#7004,.T.);
#8086=FACE_BOUND('',#7005,.T.);
#8087=FACE_BOUND('',#7006,.T.);
#8088=FACE_BOUND('',#7007,.T.);
#8089=FACE_BOUND('',#7008,.T.);
#8090=FACE_BOUND('',#7009,.T.);
#8091=FACE_BOUND('',#7010,.T.);
#8092=FACE_BOUND('',#7011,.T.);
#8093=FACE_BOUND('',#7012,.T.);
#8094=FACE_BOUND('',#7013,.T.);
#8095=FACE_BOUND('',#7014,.T.);
#8096=FACE_BOUND('',#7015,.T.);
#8097=FACE_BOUND('',#7016,.T.);
#8098=FACE_BOUND('',#7017,.T.);
#8099=FACE_BOUND('',#7018,.T.);
#8100=FACE_BOUND('',#7019,.T.);
#8101=FACE_BOUND('',#7020,.T.);
#8102=FACE_BOUND('',#7021,.T.);
#8103=FACE_BOUND('',#7022,.T.);
#8104=FACE_BOUND('',#7023,.T.);
#8105=FACE_BOUND('',#7024,.T.);
#8106=FACE_BOUND('',#7025,.T.);
#8107=FACE_BOUND('',#7026,.T.);
#8108=FACE_BOUND('',#7027,.T.);
#8109=FACE_BOUND('',#7028,.T.);
#8110=FACE_BOUND('',#7029,.T.);
#8111=FACE_BOUND('',#7030,.T.);
#8112=FACE_BOUND('',#7031,.T.);
#8113=FACE_BOUND('',#7032,.T.);
#8114=FACE_BOUND('',#7033,.T.);
#8115=FACE_BOUND('',#7034,.T.);
#8116=FACE_BOUND('',#7035,.T.);
#8117=FACE_BOUND('',#7036,.T.);
#8118=FACE_BOUND('',#7037,.T.);
#8119=FACE_BOUND('',#7038,.T.);
#8120=FACE_BOUND('',#7039,.T.);
#8121=FACE_BOUND('',#7040,.T.);
#8122=FACE_BOUND('',#7041,.T.);
#8123=FACE_BOUND('',#7042,.T.);
#8124=FACE_BOUND('',#7043,.T.);
#8125=FACE_BOUND('',#7044,.T.);
#8126=FACE_BOUND('',#7045,.T.);
#8127=FACE_BOUND('',#7046,.T.);
#8128=FACE_BOUND('',#7047,.T.);
#8129=FACE_BOUND('',#7048,.T.);
#8130=FACE_BOUND('',#7049,.T.);
#8131=FACE_BOUND('',#7050,.T.);
#8132=FACE_BOUND('',#7051,.T.);
#8133=FACE_BOUND('',#7052,.T.);
#8134=FACE_BOUND('',#7053,.T.);
#8135=FACE_BOUND('',#7054,.T.);
#8136=FACE_BOUND('',#7055,.T.);
#8137=FACE_BOUND('',#7056,.T.);
#8138=FACE_BOUND('',#7057,.T.);
#8139=FACE_BOUND('',#7058,.T.);
#8140=FACE_BOUND('',#7059,.T.);
#8141=FACE_BOUND('',#7060,.T.);
#8142=FACE_BOUND('',#7061,.T.);
#8143=FACE_BOUND('',#7062,.T.);
#8144=FACE_BOUND('',#7063,.T.);
#8145=FACE_BOUND('',#7064,.T.);
#8146=FACE_BOUND('',#7065,.T.);
#8147=FACE_BOUND('',#7066,.T.);
#8148=FACE_BOUND('',#7067,.T.);
#8149=FACE_BOUND('',#7068,.T.);
#8150=FACE_BOUND('',#7069,.T.);
#8151=FACE_BOUND('',#7070,.T.);
#8152=FACE_BOUND('',#7071,.T.);
#8153=FACE_BOUND('',#7072,.T.);
#8154=FACE_BOUND('',#7073,.T.);
#8155=FACE_BOUND('',#7074,.T.);
#8156=FACE_BOUND('',#7075,.T.);
#8157=FACE_BOUND('',#7076,.T.);
#8158=FACE_BOUND('',#7077,.T.);
#8159=FACE_BOUND('',#7078,.T.);
#8160=FACE_BOUND('',#7079,.T.);
#8161=FACE_BOUND('',#7080,.T.);
#8162=FACE_BOUND('',#7081,.T.);
#8163=FACE_BOUND('',#7082,.T.);
#8164=FACE_BOUND('',#7083,.T.);
#8165=FACE_BOUND('',#7084,.T.);
#8166=FACE_BOUND('',#7085,.T.);
#8167=FACE_BOUND('',#7086,.T.);
#8168=FACE_BOUND('',#7087,.T.);
#8169=FACE_BOUND('',#7088,.T.);
#8170=FACE_BOUND('',#7089,.T.);
#8171=FACE_BOUND('',#7090,.T.);
#8172=FACE_BOUND('',#7091,.T.);
#8173=FACE_BOUND('',#7092,.T.);
#8174=FACE_BOUND('',#7093,.T.);
#8175=FACE_BOUND('',#7094,.T.);
#8176=FACE_BOUND('',#7095,.T.);
#8177=FACE_BOUND('',#7096,.T.);
#8178=FACE_BOUND('',#7097,.T.);
#8179=FACE_BOUND('',#7098,.T.);
#8180=FACE_BOUND('',#7099,.T.);
#8181=FACE_BOUND('',#7100,.T.);
#8182=FACE_BOUND('',#7101,.T.);
#8183=FACE_BOUND('',#7102,.T.);
#8184=FACE_BOUND('',#7103,.T.);
#8185=FACE_BOUND('',#7104,.T.);
#8186=FACE_BOUND('',#7105,.T.);
#8187=FACE_BOUND('',#7106,.T.);
#8188=FACE_BOUND('',#7107,.T.);
#8189=FACE_BOUND('',#7108,.T.);
#8190=FACE_BOUND('',#7109,.T.);
#8191=FACE_BOUND('',#7110,.T.);
#8192=FACE_BOUND('',#7111,.T.);
#8193=FACE_BOUND('',#7112,.T.);
#8194=FACE_BOUND('',#7113,.T.);
#8195=FACE_BOUND('',#7114,.T.);
#8196=FACE_BOUND('',#7115,.T.);
#8197=FACE_BOUND('',#7116,.T.);
#8198=FACE_BOUND('',#7117,.T.);
#8199=FACE_BOUND('',#7118,.T.);
#8200=FACE_BOUND('',#7119,.T.);
#8201=FACE_BOUND('',#7120,.T.);
#8202=FACE_BOUND('',#7121,.T.);
#8203=FACE_BOUND('',#7122,.T.);
#8204=FACE_BOUND('',#7123,.T.);
#8205=FACE_BOUND('',#7124,.T.);
#8206=FACE_BOUND('',#7125,.T.);
#8207=FACE_BOUND('',#7126,.T.);
#8208=FACE_BOUND('',#7127,.T.);
#8209=FACE_BOUND('',#7128,.T.);
#8210=FACE_BOUND('',#7129,.T.);
#8211=FACE_BOUND('',#7130,.T.);
#8212=FACE_BOUND('',#7131,.T.);
#8213=FACE_BOUND('',#7132,.T.);
#8214=FACE_BOUND('',#7133,.T.);
#8215=FACE_BOUND('',#7134,.T.);
#8216=FACE_BOUND('',#7135,.T.);
#8217=FACE_BOUND('',#7136,.T.);
#8218=FACE_BOUND('',#7137,.T.);
#8219=FACE_BOUND('',#7138,.T.);
#8220=FACE_BOUND('',#7139,.T.);
#8221=FACE_BOUND('',#7140,.T.);
#8222=FACE_BOUND('',#7141,.T.);
#8223=FACE_BOUND('',#7142,.T.);
#8224=FACE_BOUND('',#7143,.T.);
#8225=FACE_BOUND('',#7144,.T.);
#8226=FACE_BOUND('',#7145,.T.);
#8227=FACE_BOUND('',#7146,.T.);
#8228=FACE_BOUND('',#7147,.T.);
#8229=FACE_BOUND('',#7148,.T.);
#8230=FACE_BOUND('',#7149,.T.);
#8231=FACE_BOUND('',#7150,.T.);
#8232=FACE_BOUND('',#7151,.T.);
#8233=FACE_BOUND('',#7152,.T.);
#8234=FACE_BOUND('',#7153,.T.);
#8235=FACE_BOUND('',#7154,.T.);
#8236=FACE_BOUND('',#7155,.T.);
#8237=FACE_BOUND('',#7156,.T.);
#8238=FACE_BOUND('',#7157,.T.);
#8239=FACE_BOUND('',#7158,.T.);
#8240=FACE_BOUND('',#7159,.T.);
#8241=FACE_BOUND('',#7160,.T.);
#8242=FACE_BOUND('',#7161,.T.);
#8243=FACE_BOUND('',#7162,.T.);
#8244=FACE_BOUND('',#7163,.T.);
#8245=FACE_BOUND('',#7164,.T.);
#8246=FACE_BOUND('',#7165,.T.);
#8247=FACE_BOUND('',#7166,.T.);
#8248=FACE_BOUND('',#7167,.T.);
#8249=FACE_BOUND('',#7168,.T.);
#8250=FACE_BOUND('',#7169,.T.);
#8251=FACE_BOUND('',#7170,.T.);
#8252=FACE_BOUND('',#7171,.T.);
#8253=FACE_BOUND('',#7172,.T.);
#8254=FACE_BOUND('',#7173,.T.);
#8255=FACE_BOUND('',#7174,.T.);
#8256=FACE_BOUND('',#7175,.T.);
#8257=FACE_BOUND('',#7176,.T.);
#8258=FACE_BOUND('',#7177,.T.);
#8259=FACE_BOUND('',#7178,.T.);
#8260=FACE_BOUND('',#7179,.T.);
#8261=FACE_BOUND('',#7180,.T.);
#8262=FACE_BOUND('',#7181,.T.);
#8263=FACE_BOUND('',#7182,.T.);
#8264=FACE_BOUND('',#7183,.T.);
#8265=FACE_BOUND('',#7184,.T.);
#8266=FACE_BOUND('',#7185,.T.);
#8267=FACE_BOUND('',#7186,.T.);
#8268=FACE_BOUND('',#7187,.T.);
#8269=FACE_BOUND('',#7188,.T.);
#8270=FACE_BOUND('',#7189,.T.);
#8271=FACE_BOUND('',#7190,.T.);
#8272=FACE_BOUND('',#7191,.T.);
#8273=FACE_BOUND('',#7192,.T.);
#8274=FACE_BOUND('',#7193,.T.);
#8275=FACE_BOUND('',#7194,.T.);
#8276=FACE_BOUND('',#7195,.T.);
#8277=FACE_BOUND('',#7196,.T.);
#8278=FACE_BOUND('',#7197,.T.);
#8279=FACE_BOUND('',#7198,.T.);
#8280=FACE_BOUND('',#7199,.T.);
#8281=FACE_BOUND('',#7200,.T.);
#8282=FACE_BOUND('',#7201,.T.);
#8283=FACE_BOUND('',#7202,.T.);
#8284=FACE_BOUND('',#7203,.T.);
#8285=FACE_BOUND('',#7204,.T.);
#8286=FACE_BOUND('',#7205,.T.);
#8287=FACE_BOUND('',#7206,.T.);
#8288=FACE_BOUND('',#7207,.T.);
#8289=FACE_BOUND('',#7208,.T.);
#8290=FACE_BOUND('',#7209,.T.);
#8291=FACE_BOUND('',#7210,.T.);
#8292=FACE_BOUND('',#7211,.T.);
#8293=FACE_BOUND('',#7212,.T.);
#8294=FACE_BOUND('',#7213,.T.);
#8295=FACE_BOUND('',#7214,.T.);
#8296=FACE_BOUND('',#7215,.T.);
#8297=FACE_BOUND('',#7216,.T.);
#8298=FACE_BOUND('',#7217,.T.);
#8299=FACE_BOUND('',#7218,.T.);
#8300=FACE_BOUND('',#7219,.T.);
#8301=FACE_BOUND('',#7220,.T.);
#8302=FACE_BOUND('',#7221,.T.);
#8303=FACE_BOUND('',#7222,.T.);
#8304=FACE_BOUND('',#7223,.T.);
#8305=FACE_BOUND('',#7224,.T.);
#8306=FACE_BOUND('',#7225,.T.);
#8307=FACE_BOUND('',#7226,.T.);
#8308=FACE_BOUND('',#7227,.T.);
#8309=FACE_BOUND('',#7228,.T.);
#8310=FACE_BOUND('',#7229,.T.);
#8311=FACE_BOUND('',#7230,.T.);
#8312=FACE_BOUND('',#7231,.T.);
#8313=FACE_BOUND('',#7232,.T.);
#8314=FACE_BOUND('',#7233,.T.);
#8315=FACE_BOUND('',#7234,.T.);
#8316=FACE_BOUND('',#7235,.T.);
#8317=FACE_BOUND('',#7236,.T.);
#8318=FACE_BOUND('',#7237,.T.);
#8319=FACE_BOUND('',#7238,.T.);
#8320=FACE_BOUND('',#7239,.T.);
#8321=FACE_BOUND('',#7240,.T.);
#8322=FACE_BOUND('',#7241,.T.);
#8323=FACE_BOUND('',#7242,.T.);
#8324=FACE_BOUND('',#7243,.T.);
#8325=FACE_BOUND('',#7244,.T.);
#8326=FACE_BOUND('',#7245,.T.);
#8327=FACE_BOUND('',#7246,.T.);
#8328=FACE_BOUND('',#7247,.T.);
#8329=FACE_BOUND('',#7248,.T.);
#8330=FACE_BOUND('',#7249,.T.);
#8331=FACE_BOUND('',#7250,.T.);
#8332=FACE_BOUND('',#7251,.T.);
#8333=FACE_BOUND('',#7252,.T.);
#8334=FACE_BOUND('',#7253,.T.);
#8335=FACE_BOUND('',#7254,.T.);
#8336=FACE_BOUND('',#7255,.T.);
#8337=FACE_BOUND('',#7256,.T.);
#8338=FACE_BOUND('',#7257,.T.);
#8339=FACE_BOUND('',#7258,.T.);
#8340=FACE_BOUND('',#7259,.T.);
#8341=FACE_BOUND('',#7260,.T.);
#8342=FACE_BOUND('',#7261,.T.);
#8343=FACE_BOUND('',#7262,.T.);
#8344=FACE_BOUND('',#7263,.T.);
#8345=FACE_BOUND('',#7264,.T.);
#8346=FACE_BOUND('',#7265,.T.);
#8347=FACE_BOUND('',#7266,.T.);
#8348=FACE_BOUND('',#7267,.T.);
#8349=FACE_BOUND('',#7268,.T.);
#8350=FACE_BOUND('',#7269,.T.);
#8351=FACE_BOUND('',#7270,.T.);
#8352=FACE_BOUND('',#7271,.T.);
#8353=FACE_BOUND('',#7272,.T.);
#8354=FACE_BOUND('',#7273,.T.);
#8355=FACE_BOUND('',#7274,.T.);
#8356=FACE_BOUND('',#7275,.T.);
#8357=FACE_BOUND('',#7276,.T.);
#8358=FACE_BOUND('',#7277,.T.);
#8359=FACE_BOUND('',#7278,.T.);
#8360=FACE_BOUND('',#7279,.T.);
#8361=FACE_BOUND('',#7280,.T.);
#8362=FACE_BOUND('',#7281,.T.);
#8363=FACE_BOUND('',#7282,.T.);
#8364=FACE_BOUND('',#7283,.T.);
#8365=FACE_BOUND('',#7284,.T.);
#8366=FACE_BOUND('',#7285,.T.);
#8367=FACE_BOUND('',#7286,.T.);
#8368=FACE_BOUND('',#7287,.T.);
#8369=FACE_BOUND('',#7288,.T.);
#8370=FACE_BOUND('',#7289,.T.);
#8371=FACE_BOUND('',#7290,.T.);
#8372=FACE_BOUND('',#7291,.T.);
#8373=FACE_BOUND('',#7292,.T.);
#8374=FACE_BOUND('',#7293,.T.);
#8375=FACE_BOUND('',#7294,.T.);
#8376=FACE_BOUND('',#7295,.T.);
#8377=FACE_BOUND('',#7296,.T.);
#8378=FACE_BOUND('',#7297,.T.);
#8379=FACE_BOUND('',#7298,.T.);
#8380=FACE_BOUND('',#7299,.T.);
#8381=FACE_BOUND('',#7300,.T.);
#8382=FACE_BOUND('',#7301,.T.);
#8383=FACE_BOUND('',#7302,.T.);
#8384=FACE_BOUND('',#7303,.T.);
#8385=FACE_BOUND('',#7304,.T.);
#8386=FACE_BOUND('',#7305,.T.);
#8387=FACE_BOUND('',#7306,.T.);
#8388=FACE_BOUND('',#7307,.T.);
#8389=FACE_BOUND('',#7308,.T.);
#8390=FACE_BOUND('',#7309,.T.);
#8391=FACE_BOUND('',#7310,.T.);
#8392=FACE_BOUND('',#7311,.T.);
#8393=FACE_BOUND('',#7312,.T.);
#8394=FACE_BOUND('',#7313,.T.);
#8395=FACE_BOUND('',#7314,.T.);
#8396=FACE_BOUND('',#7315,.T.);
#8397=FACE_BOUND('',#7316,.T.);
#8398=FACE_BOUND('',#7317,.T.);
#8399=FACE_BOUND('',#7318,.T.);
#8400=FACE_BOUND('',#7319,.T.);
#8401=FACE_BOUND('',#7320,.T.);
#8402=FACE_BOUND('',#7321,.T.);
#8403=FACE_BOUND('',#7322,.T.);
#8404=FACE_BOUND('',#7323,.T.);
#8405=FACE_BOUND('',#7324,.T.);
#8406=FACE_BOUND('',#7325,.T.);
#8407=FACE_BOUND('',#7326,.T.);
#8408=FACE_BOUND('',#7327,.T.);
#8409=FACE_BOUND('',#7328,.T.);
#8410=FACE_BOUND('',#7329,.T.);
#8411=FACE_BOUND('',#7330,.T.);
#8412=FACE_BOUND('',#7331,.T.);
#8413=FACE_BOUND('',#7332,.T.);
#8414=FACE_BOUND('',#7333,.T.);
#8415=FACE_BOUND('',#7334,.T.);
#8416=FACE_BOUND('',#7335,.T.);
#8417=FACE_BOUND('',#7336,.T.);
#8418=FACE_BOUND('',#7337,.T.);
#8419=FACE_BOUND('',#7338,.T.);
#8420=FACE_BOUND('',#7339,.T.);
#8421=FACE_BOUND('',#7340,.T.);
#8422=FACE_BOUND('',#7341,.T.);
#8423=FACE_BOUND('',#7342,.T.);
#8424=FACE_BOUND('',#7343,.T.);
#8425=FACE_BOUND('',#7344,.T.);
#8426=FACE_BOUND('',#7345,.T.);
#8427=FACE_BOUND('',#7346,.T.);
#8428=FACE_BOUND('',#7347,.T.);
#8429=FACE_BOUND('',#7348,.T.);
#8430=FACE_BOUND('',#7349,.T.);
#8431=FACE_BOUND('',#7350,.T.);
#8432=FACE_BOUND('',#7351,.T.);
#8433=FACE_BOUND('',#7352,.T.);
#8434=FACE_BOUND('',#7353,.T.);
#8435=FACE_BOUND('',#7354,.T.);
#8436=FACE_BOUND('',#7355,.T.);
#8437=FACE_BOUND('',#7356,.T.);
#8438=FACE_BOUND('',#7357,.T.);
#8439=FACE_BOUND('',#7358,.T.);
#8440=FACE_BOUND('',#7359,.T.);
#8441=FACE_BOUND('',#7360,.T.);
#8442=FACE_BOUND('',#7361,.T.);
#8443=FACE_BOUND('',#7362,.T.);
#8444=FACE_BOUND('',#7363,.T.);
#8445=FACE_BOUND('',#7364,.T.);
#8446=FACE_BOUND('',#7365,.T.);
#8447=FACE_BOUND('',#7366,.T.);
#8448=FACE_BOUND('',#7367,.T.);
#8449=FACE_BOUND('',#7368,.T.);
#8450=FACE_BOUND('',#7369,.T.);
#8451=FACE_BOUND('',#7370,.T.);
#8452=FACE_BOUND('',#7371,.T.);
#8453=FACE_BOUND('',#7372,.T.);
#8454=FACE_BOUND('',#7373,.T.);
#8455=FACE_BOUND('',#7374,.T.);
#8456=FACE_BOUND('',#7375,.T.);
#8457=FACE_BOUND('',#7376,.T.);
#8458=FACE_BOUND('',#7377,.T.);
#8459=FACE_BOUND('',#7378,.T.);
#8460=FACE_BOUND('',#7379,.T.);
#8461=FACE_BOUND('',#7380,.T.);
#8462=FACE_BOUND('',#7381,.T.);
#8463=FACE_BOUND('',#7382,.T.);
#8464=FACE_BOUND('',#7383,.T.);
#8465=FACE_BOUND('',#7384,.T.);
#8466=FACE_BOUND('',#7385,.T.);
#8467=FACE_BOUND('',#7386,.T.);
#8468=FACE_BOUND('',#7387,.T.);
#8469=FACE_BOUND('',#7388,.T.);
#8470=FACE_BOUND('',#7389,.T.);
#8471=FACE_BOUND('',#7390,.T.);
#8472=FACE_BOUND('',#7391,.T.);
#8473=FACE_BOUND('',#7392,.T.);
#8474=FACE_BOUND('',#7393,.T.);
#8475=FACE_BOUND('',#7394,.T.);
#8476=FACE_BOUND('',#7395,.T.);
#8477=FACE_BOUND('',#7396,.T.);
#8478=FACE_BOUND('',#7397,.T.);
#8479=FACE_BOUND('',#7398,.T.);
#8480=FACE_BOUND('',#7399,.T.);
#8481=FACE_BOUND('',#7400,.T.);
#8482=FACE_BOUND('',#7401,.T.);
#8483=FACE_BOUND('',#7402,.T.);
#8484=FACE_BOUND('',#7403,.T.);
#8485=FACE_BOUND('',#7404,.T.);
#8486=FACE_BOUND('',#7405,.T.);
#8487=FACE_BOUND('',#7406,.T.);
#8488=FACE_BOUND('',#7407,.T.);
#8489=FACE_BOUND('',#7408,.T.);
#8490=FACE_BOUND('',#7409,.T.);
#8491=FACE_BOUND('',#7410,.T.);
#8492=FACE_BOUND('',#7411,.T.);
#8493=FACE_BOUND('',#7412,.T.);
#8494=FACE_BOUND('',#7413,.T.);
#8495=FACE_BOUND('',#7414,.T.);
#8496=FACE_BOUND('',#7415,.T.);
#8497=FACE_BOUND('',#7416,.T.);
#8498=FACE_BOUND('',#7417,.T.);
#8499=FACE_BOUND('',#7418,.T.);
#8500=FACE_BOUND('',#7419,.T.);
#8501=FACE_BOUND('',#7420,.T.);
#8502=FACE_BOUND('',#7421,.T.);
#8503=FACE_BOUND('',#7422,.T.);
#8504=FACE_BOUND('',#7423,.T.);
#8505=FACE_BOUND('',#7424,.T.);
#8506=FACE_BOUND('',#7425,.T.);
#8507=FACE_BOUND('',#7426,.T.);
#8508=FACE_BOUND('',#7427,.T.);
#8509=FACE_BOUND('',#7428,.T.);
#8510=FACE_BOUND('',#7429,.T.);
#8511=FACE_BOUND('',#7430,.T.);
#8512=FACE_BOUND('',#7431,.T.);
#8513=FACE_BOUND('',#7432,.T.);
#8514=FACE_BOUND('',#7433,.T.);
#8515=FACE_BOUND('',#7434,.T.);
#8516=FACE_BOUND('',#7435,.T.);
#8517=FACE_BOUND('',#7436,.T.);
#8518=FACE_BOUND('',#7437,.T.);
#8519=FACE_BOUND('',#7438,.T.);
#8520=FACE_BOUND('',#7439,.T.);
#8521=FACE_BOUND('',#7440,.T.);
#8522=FACE_BOUND('',#7441,.T.);
#8523=FACE_BOUND('',#7442,.T.);
#8524=FACE_BOUND('',#7443,.T.);
#8525=FACE_BOUND('',#7444,.T.);
#8526=FACE_BOUND('',#7445,.T.);
#8527=FACE_BOUND('',#7446,.T.);
#8528=FACE_BOUND('',#7447,.T.);
#8529=FACE_BOUND('',#7448,.T.);
#8530=FACE_BOUND('',#7449,.T.);
#8531=FACE_BOUND('',#7450,.T.);
#8532=FACE_BOUND('',#7451,.T.);
#8533=FACE_BOUND('',#7452,.T.);
#8534=FACE_BOUND('',#7453,.T.);
#8535=FACE_BOUND('',#7454,.T.);
#8536=FACE_BOUND('',#7455,.T.);
#8537=FACE_BOUND('',#7456,.T.);
#8538=FACE_BOUND('',#7457,.T.);
#8539=FACE_BOUND('',#7458,.T.);
#8540=FACE_BOUND('',#7459,.T.);
#8541=FACE_BOUND('',#7460,.T.);
#8542=FACE_BOUND('',#7461,.T.);
#8543=FACE_BOUND('',#7462,.T.);
#8544=FACE_BOUND('',#7463,.T.);
#8545=FACE_BOUND('',#7464,.T.);
#8546=FACE_BOUND('',#7465,.T.);
#8547=FACE_BOUND('',#7466,.T.);
#8548=FACE_BOUND('',#7467,.T.);
#8549=FACE_BOUND('',#7468,.T.);
#8550=FACE_BOUND('',#7469,.T.);
#8551=FACE_BOUND('',#7470,.T.);
#8552=FACE_BOUND('',#7471,.T.);
#8553=FACE_BOUND('',#7472,.T.);
#8554=FACE_BOUND('',#7473,.T.);
#8555=FACE_BOUND('',#7474,.T.);
#8556=FACE_BOUND('',#7475,.T.);
#8557=FACE_BOUND('',#7476,.T.);
#8558=FACE_BOUND('',#7477,.T.);
#8559=FACE_BOUND('',#7478,.T.);
#8560=FACE_BOUND('',#7479,.T.);
#8561=FACE_BOUND('',#7480,.T.);
#8562=FACE_BOUND('',#7481,.T.);
#8563=FACE_BOUND('',#7482,.T.);
#8564=FACE_BOUND('',#7483,.T.);
#8565=FACE_BOUND('',#7484,.T.);
#8566=FACE_BOUND('',#7485,.T.);
#8567=FACE_BOUND('',#7486,.T.);
#8568=FACE_BOUND('',#7487,.T.);
#8569=FACE_BOUND('',#7488,.T.);
#8570=FACE_BOUND('',#7489,.T.);
#8571=FACE_BOUND('',#7490,.T.);
#8572=FACE_BOUND('',#7491,.T.);
#8573=FACE_BOUND('',#7492,.T.);
#8574=FACE_BOUND('',#7493,.T.);
#8575=FACE_BOUND('',#7494,.T.);
#8576=FACE_BOUND('',#7495,.T.);
#8577=FACE_BOUND('',#7496,.T.);
#8578=FACE_BOUND('',#7497,.T.);
#8579=FACE_BOUND('',#7498,.T.);
#8580=FACE_BOUND('',#7499,.T.);
#8581=FACE_BOUND('',#7500,.T.);
#8582=FACE_BOUND('',#7501,.T.);
#8583=FACE_BOUND('',#7502,.T.);
#8584=FACE_BOUND('',#7503,.T.);
#8585=FACE_BOUND('',#7504,.T.);
#8586=FACE_BOUND('',#7505,.T.);
#8587=FACE_BOUND('',#7506,.T.);
#8588=FACE_BOUND('',#7507,.T.);
#8589=FACE_BOUND('',#7508,.T.);
#8590=FACE_BOUND('',#7509,.T.);
#8591=FACE_BOUND('',#7510,.T.);
#8592=FACE_BOUND('',#7511,.T.);
#8593=FACE_BOUND('',#7512,.T.);
#8594=FACE_BOUND('',#7513,.T.);
#8595=FACE_BOUND('',#7514,.T.);
#8596=FACE_BOUND('',#7515,.T.);
#8597=FACE_BOUND('',#7516,.T.);
#8598=FACE_BOUND('',#7517,.T.);
#8599=FACE_BOUND('',#7518,.T.);
#8600=FACE_BOUND('',#7519,.T.);
#8601=FACE_BOUND('',#7520,.T.);
#8602=FACE_BOUND('',#7521,.T.);
#8603=FACE_BOUND('',#7522,.T.);
#8604=FACE_BOUND('',#7523,.T.);
#8605=FACE_BOUND('',#7524,.T.);
#8606=FACE_BOUND('',#7525,.T.);
#8607=FACE_BOUND('',#7526,.T.);
#8608=FACE_BOUND('',#7527,.T.);
#8609=FACE_BOUND('',#7528,.T.);
#8610=FACE_BOUND('',#7529,.T.);
#8611=FACE_BOUND('',#7530,.T.);
#8612=FACE_BOUND('',#7531,.T.);
#8613=FACE_BOUND('',#7532,.T.);
#8614=FACE_BOUND('',#7533,.T.);
#8615=FACE_BOUND('',#7534,.T.);
#8616=FACE_BOUND('',#7535,.T.);
#8617=FACE_BOUND('',#7536,.T.);
#8618=FACE_BOUND('',#7537,.T.);
#8619=FACE_BOUND('',#7538,.T.);
#8620=FACE_BOUND('',#7539,.T.);
#8621=FACE_BOUND('',#7540,.T.);
#8622=FACE_BOUND('',#7541,.T.);
#8623=FACE_BOUND('',#7542,.T.);
#8624=FACE_BOUND('',#7543,.T.);
#8625=FACE_BOUND('',#7544,.T.);
#8626=FACE_BOUND('',#7545,.T.);
#8627=FACE_BOUND('',#7546,.T.);
#8628=FACE_BOUND('',#7547,.T.);
#8629=FACE_BOUND('',#7548,.T.);
#8630=FACE_BOUND('',#7549,.T.);
#8631=FACE_BOUND('',#7550,.T.);
#8632=FACE_BOUND('',#7551,.T.);
#8633=FACE_BOUND('',#7552,.T.);
#8634=FACE_BOUND('',#7553,.T.);
#8635=PLANE('',#9521);
#8636=PLANE('',#9523);
#8637=PLANE('',#9530);
#8638=PLANE('',#9543);
#8639=PLANE('',#9544);
#8640=PLANE('',#9549);
#8641=PLANE('',#9634);
#8642=PLANE('',#9637);
#8643=PLANE('',#9640);
#8644=PLANE('',#9643);
#8645=PLANE('',#9646);
#8646=PLANE('',#9664);
#8647=PLANE('',#9665);
#8648=PLANE('',#9672);
#8649=PLANE('',#9673);
#8650=PLANE('',#9681);
#8651=PLANE('',#9682);
#8652=PLANE('',#9686);
#8653=PLANE('',#9693);
#8654=PLANE('',#9694);
#8655=PLANE('',#9701);
#8656=PLANE('',#9702);
#8657=PLANE('',#9709);
#8658=PLANE('',#9710);
#8659=PLANE('',#9717);
#8660=PLANE('',#9718);
#8661=PLANE('',#9725);
#8662=PLANE('',#9726);
#8663=PLANE('',#9733);
#8664=PLANE('',#9734);
#8665=PLANE('',#9741);
#8666=PLANE('',#9742);
#8667=PLANE('',#9749);
#8668=PLANE('',#9750);
#8669=PLANE('',#9757);
#8670=PLANE('',#9758);
#8671=PLANE('',#9765);
#8672=PLANE('',#9766);
#8673=PLANE('',#9773);
#8674=PLANE('',#9774);
#8675=PLANE('',#9781);
#8676=PLANE('',#9782);
#8677=PLANE('',#9789);
#8678=PLANE('',#9790);
#8679=PLANE('',#9797);
#8680=PLANE('',#9798);
#8681=PLANE('',#9805);
#8682=PLANE('',#9806);
#8683=PLANE('',#9813);
#8684=PLANE('',#9814);
#8685=PLANE('',#9821);
#8686=PLANE('',#9822);
#8687=PLANE('',#9829);
#8688=PLANE('',#9830);
#8689=PLANE('',#9837);
#8690=PLANE('',#9838);
#8691=PLANE('',#9845);
#8692=PLANE('',#9846);
#8693=PLANE('',#9853);
#8694=PLANE('',#9854);
#8695=PLANE('',#9861);
#8696=PLANE('',#9862);
#8697=PLANE('',#9870);
#8698=PLANE('',#9871);
#8699=PLANE('',#9875);
#8700=PLANE('',#9882);
#8701=PLANE('',#9883);
#8702=PLANE('',#9884);
#8703=PLANE('',#9885);
#8704=PLANE('',#9886);
#8705=PLANE('',#9887);
#8706=PLANE('',#9900);
#8707=PLANE('',#9906);
#8708=PLANE('',#9910);
#8709=PLANE('',#9914);
#8710=PLANE('',#9918);
#8711=PLANE('',#9921);
#8712=PLANE('',#9924);
#8713=PLANE('',#9925);
#8714=PLANE('',#9926);
#8715=PLANE('',#9927);
#8716=PLANE('',#9930);
#8717=PLANE('',#9931);
#8718=PLANE('',#9932);
#8719=PLANE('',#9933);
#8720=PLANE('',#9946);
#8721=PLANE('',#9952);
#8722=PLANE('',#9953);
#8723=PLANE('',#9958);
#8724=PLANE('',#9962);
#8725=PLANE('',#9966);
#8726=PLANE('',#9970);
#8727=PLANE('',#9971);
#8728=PLANE('',#9972);
#8729=PLANE('',#9973);
#8730=PLANE('',#9976);
#8731=PLANE('',#9977);
#8732=PLANE('',#9978);
#8733=PLANE('',#9979);
#8734=PLANE('',#9980);
#8735=PLANE('',#9981);
#8736=PLANE('',#9982);
#8737=PLANE('',#9983);
#8738=PLANE('',#9984);
#8739=PLANE('',#9985);
#8740=PLANE('',#9986);
#8741=PLANE('',#9987);
#8742=PLANE('',#9988);
#8743=PLANE('',#9989);
#8744=PLANE('',#9990);
#8745=PLANE('',#9991);
#8746=PLANE('',#9992);
#8747=PLANE('',#9993);
#8748=PLANE('',#9994);
#8749=PLANE('',#9995);
#8750=PLANE('',#9996);
#8751=PLANE('',#9997);
#8752=PLANE('',#9998);
#8753=PLANE('',#9999);
#8754=PLANE('',#10000);
#8755=PLANE('',#10001);
#8756=PLANE('',#10002);
#8757=PLANE('',#10003);
#8758=PLANE('',#10005);
#8759=PLANE('',#10012);
#8760=PLANE('',#10013);
#8761=PLANE('',#10014);
#8762=PLANE('',#10015);
#8763=PLANE('',#10016);
#8764=PLANE('',#10017);
#8765=PLANE('',#10018);
#8766=PLANE('',#10019);
#8767=PLANE('',#10020);
#8768=PLANE('',#10021);
#8769=PLANE('',#10022);
#8770=PLANE('',#10023);
#8771=PLANE('',#10024);
#8772=PLANE('',#10025);
#8773=PLANE('',#10026);
#8774=PLANE('',#10027);
#8775=PLANE('',#10028);
#8776=PLANE('',#10029);
#8777=PLANE('',#10030);
#8778=PLANE('',#10031);
#8779=PLANE('',#10032);
#8780=PLANE('',#10033);
#8781=PLANE('',#10034);
#8782=PLANE('',#10035);
#8783=PLANE('',#10036);
#8784=PLANE('',#10037);
#8785=PLANE('',#10038);
#8786=PLANE('',#10039);
#8787=PLANE('',#10040);
#8788=PLANE('',#10041);
#8789=PLANE('',#10042);
#8790=PLANE('',#10043);
#8791=PLANE('',#10044);
#8792=PLANE('',#10045);
#8793=PLANE('',#10046);
#8794=PLANE('',#10047);
#8795=PLANE('',#10048);
#8796=PLANE('',#10049);
#8797=PLANE('',#10050);
#8798=PLANE('',#10051);
#8799=PLANE('',#10052);
#8800=PLANE('',#10053);
#8801=PLANE('',#10054);
#8802=PLANE('',#10055);
#8803=PLANE('',#10056);
#8804=PLANE('',#10057);
#8805=PLANE('',#10058);
#8806=PLANE('',#10059);
#8807=PLANE('',#10060);
#8808=PLANE('',#10061);
#8809=PLANE('',#10062);
#8810=PLANE('',#10063);
#8811=PLANE('',#10064);
#8812=PLANE('',#10065);
#8813=PLANE('',#10066);
#8814=PLANE('',#10067);
#8815=PLANE('',#10068);
#8816=PLANE('',#10069);
#8817=PLANE('',#10070);
#8818=PLANE('',#10071);
#8819=PLANE('',#10072);
#8820=PLANE('',#10073);
#8821=PLANE('',#10074);
#8822=PLANE('',#10075);
#8823=PLANE('',#10076);
#8824=PLANE('',#10077);
#8825=PLANE('',#10078);
#8826=PLANE('',#10079);
#8827=PLANE('',#10080);
#8828=PLANE('',#10081);
#8829=PLANE('',#10082);
#8830=PLANE('',#10121);
#8831=PLANE('',#10126);
#8832=PLANE('',#10127);
#8833=PLANE('',#10128);
#8834=PLANE('',#10129);
#8835=PLANE('',#10130);
#8836=PLANE('',#10131);
#8837=PLANE('',#10132);
#8838=PLANE('',#10133);
#8839=PLANE('',#10134);
#8840=PLANE('',#10135);
#8841=PLANE('',#10136);
#8842=PLANE('',#10137);
#8843=PLANE('',#10140);
#8844=PLANE('',#10141);
#8845=PLANE('',#10148);
#8846=PLANE('',#10149);
#8847=PLANE('',#10152);
#8848=PLANE('',#10157);
#8849=PLANE('',#10158);
#8850=PLANE('',#10208);
#8851=PLANE('',#10214);
#8852=PLANE('',#10220);
#8853=PLANE('',#10225);
#8854=PLANE('',#10252);
#8855=PLANE('',#10255);
#8856=PLANE('',#10259);
#8857=PLANE('',#10264);
#8858=PLANE('',#10269);
#8859=PLANE('',#10274);
#8860=PLANE('',#10276);
#8861=PLANE('',#10279);
#8862=PLANE('',#10282);
#8863=PLANE('',#10283);
#8864=PLANE('',#10284);
#8865=PLANE('',#10287);
#8866=PLANE('',#10288);
#8867=PLANE('',#10304);
#8868=PLANE('',#10306);
#8869=PLANE('',#10307);
#8870=PLANE('',#10308);
#8871=PLANE('',#10309);
#8872=PLANE('',#10320);
#8873=PLANE('',#10323);
#8874=PLANE('',#10326);
#8875=PLANE('',#10329);
#8876=PLANE('',#10332);
#8877=PLANE('',#10335);
#8878=PLANE('',#10338);
#8879=PLANE('',#10341);
#8880=PLANE('',#10344);
#8881=PLANE('',#10348);
#8882=PLANE('',#10352);
#8883=PLANE('',#10356);
#8884=ADVANCED_FACE('',(#7554,#7555),#8635,.F.);
#8885=ADVANCED_FACE('',(#7556,#7557,#7558,#7559,#7560,#7561,#7562),#8636,
 .F.);
#8886=ADVANCED_FACE('',(#7563,#7564,#7565,#7566,#7567,#7568,#7569),#8637,
 .T.);
#8887=ADVANCED_FACE('',(#7570),#8638,.T.);
#8888=ADVANCED_FACE('',(#7571,#7572),#8639,.T.);
#8889=ADVANCED_FACE('',(#7573,#7574,#7575,#7576,#7577,#7578,#7579,#7580,
#7581,#7582,#7583,#7584,#7585,#7586,#7587,#7588,#7589,#7590,#7591,#7592,
#7593,#7594,#7595,#7596,#7597,#7598,#7599,#7600,#7601,#7602,#7603,#7604,
#7605,#7606,#7607,#7608,#7609,#7610,#7611,#7612,#7613,#7614,#7615,#7616,
#7617,#7618,#7619,#7620,#7621,#7622,#7623,#7624,#7625,#7626,#7627,#7628,
#7629,#7630,#7631,#7632,#7633,#7634,#7635,#7636,#7637,#7638,#7639,#7640,
#7641,#7642,#7643,#7644,#7645,#7646,#7647,#7648,#7649,#7650,#7651,#7652,
#7653,#7654,#7655,#7656,#7657,#7658,#7659,#7660),#8640,.F.);
#8890=ADVANCED_FACE('',(#7661,#7662),#8641,.T.);
#8891=ADVANCED_FACE('',(#7663,#7664),#8642,.T.);
#8892=ADVANCED_FACE('',(#7665,#7666),#8643,.T.);
#8893=ADVANCED_FACE('',(#7667,#7668),#8644,.T.);
#8894=ADVANCED_FACE('',(#7669,#7670,#7671,#7672,#7673,#7674,#7675,#7676,
#7677,#7678,#7679),#8645,.T.);
#8895=ADVANCED_FACE('',(#7680,#7681),#216,.T.);
#8896=ADVANCED_FACE('',(#7682,#7683),#217,.F.);
#8897=ADVANCED_FACE('',(#7684,#7685),#8646,.F.);
#8898=ADVANCED_FACE('',(#7686),#8647,.F.);
#8899=ADVANCED_FACE('',(#7687,#7688),#218,.T.);
#8900=ADVANCED_FACE('',(#7689,#7690),#219,.F.);
#8901=ADVANCED_FACE('',(#7691,#7692),#8648,.F.);
#8902=ADVANCED_FACE('',(#7693),#8649,.F.);
#8903=ADVANCED_FACE('',(#7694,#7695),#220,.T.);
#8904=ADVANCED_FACE('',(#7696,#7697),#221,.F.);
#8905=ADVANCED_FACE('',(#7698,#7699),#8650,.F.);
#8906=ADVANCED_FACE('',(#7700),#8651,.F.);
#8907=ADVANCED_FACE('',(#7701,#7702),#222,.F.);
#8908=ADVANCED_FACE('',(#7703),#8652,.T.);
#8909=ADVANCED_FACE('',(#7704,#7705),#223,.T.);
#8910=ADVANCED_FACE('',(#7706,#7707),#224,.F.);
#8911=ADVANCED_FACE('',(#7708,#7709),#8653,.F.);
#8912=ADVANCED_FACE('',(#7710),#8654,.F.);
#8913=ADVANCED_FACE('',(#7711,#7712),#225,.T.);
#8914=ADVANCED_FACE('',(#7713,#7714),#226,.F.);
#8915=ADVANCED_FACE('',(#7715,#7716),#8655,.F.);
#8916=ADVANCED_FACE('',(#7717),#8656,.F.);
#8917=ADVANCED_FACE('',(#7718,#7719),#227,.T.);
#8918=ADVANCED_FACE('',(#7720,#7721),#228,.F.);
#8919=ADVANCED_FACE('',(#7722,#7723),#8657,.F.);
#8920=ADVANCED_FACE('',(#7724),#8658,.F.);
#8921=ADVANCED_FACE('',(#7725,#7726),#229,.T.);
#8922=ADVANCED_FACE('',(#7727,#7728),#230,.F.);
#8923=ADVANCED_FACE('',(#7729,#7730),#8659,.F.);
#8924=ADVANCED_FACE('',(#7731),#8660,.F.);
#8925=ADVANCED_FACE('',(#7732,#7733),#231,.T.);
#8926=ADVANCED_FACE('',(#7734,#7735),#232,.F.);
#8927=ADVANCED_FACE('',(#7736,#7737),#8661,.F.);
#8928=ADVANCED_FACE('',(#7738),#8662,.F.);
#8929=ADVANCED_FACE('',(#7739,#7740),#233,.T.);
#8930=ADVANCED_FACE('',(#7741,#7742),#234,.F.);
#8931=ADVANCED_FACE('',(#7743,#7744),#8663,.F.);
#8932=ADVANCED_FACE('',(#7745),#8664,.F.);
#8933=ADVANCED_FACE('',(#7746,#7747),#235,.T.);
#8934=ADVANCED_FACE('',(#7748,#7749),#236,.F.);
#8935=ADVANCED_FACE('',(#7750,#7751),#8665,.F.);
#8936=ADVANCED_FACE('',(#7752),#8666,.F.);
#8937=ADVANCED_FACE('',(#7753,#7754),#237,.T.);
#8938=ADVANCED_FACE('',(#7755,#7756),#238,.F.);
#8939=ADVANCED_FACE('',(#7757,#7758),#8667,.F.);
#8940=ADVANCED_FACE('',(#7759),#8668,.F.);
#8941=ADVANCED_FACE('',(#7760,#7761),#239,.T.);
#8942=ADVANCED_FACE('',(#7762,#7763),#240,.F.);
#8943=ADVANCED_FACE('',(#7764,#7765),#8669,.F.);
#8944=ADVANCED_FACE('',(#7766),#8670,.F.);
#8945=ADVANCED_FACE('',(#7767,#7768),#241,.T.);
#8946=ADVANCED_FACE('',(#7769,#7770),#242,.F.);
#8947=ADVANCED_FACE('',(#7771,#7772),#8671,.F.);
#8948=ADVANCED_FACE('',(#7773),#8672,.F.);
#8949=ADVANCED_FACE('',(#7774,#7775),#243,.T.);
#8950=ADVANCED_FACE('',(#7776,#7777),#244,.F.);
#8951=ADVANCED_FACE('',(#7778,#7779),#8673,.F.);
#8952=ADVANCED_FACE('',(#7780),#8674,.F.);
#8953=ADVANCED_FACE('',(#7781,#7782),#245,.T.);
#8954=ADVANCED_FACE('',(#7783,#7784),#246,.F.);
#8955=ADVANCED_FACE('',(#7785,#7786),#8675,.F.);
#8956=ADVANCED_FACE('',(#7787),#8676,.F.);
#8957=ADVANCED_FACE('',(#7788,#7789),#247,.T.);
#8958=ADVANCED_FACE('',(#7790,#7791),#248,.F.);
#8959=ADVANCED_FACE('',(#7792,#7793),#8677,.F.);
#8960=ADVANCED_FACE('',(#7794),#8678,.F.);
#8961=ADVANCED_FACE('',(#7795,#7796),#249,.T.);
#8962=ADVANCED_FACE('',(#7797,#7798),#250,.F.);
#8963=ADVANCED_FACE('',(#7799,#7800),#8679,.F.);
#8964=ADVANCED_FACE('',(#7801),#8680,.F.);
#8965=ADVANCED_FACE('',(#7802,#7803),#251,.T.);
#8966=ADVANCED_FACE('',(#7804,#7805),#252,.F.);
#8967=ADVANCED_FACE('',(#7806,#7807),#8681,.F.);
#8968=ADVANCED_FACE('',(#7808),#8682,.F.);
#8969=ADVANCED_FACE('',(#7809,#7810),#253,.T.);
#8970=ADVANCED_FACE('',(#7811,#7812),#254,.F.);
#8971=ADVANCED_FACE('',(#7813,#7814),#8683,.F.);
#8972=ADVANCED_FACE('',(#7815),#8684,.F.);
#8973=ADVANCED_FACE('',(#7816,#7817),#255,.T.);
#8974=ADVANCED_FACE('',(#7818,#7819),#256,.F.);
#8975=ADVANCED_FACE('',(#7820,#7821),#8685,.F.);
#8976=ADVANCED_FACE('',(#7822),#8686,.F.);
#8977=ADVANCED_FACE('',(#7823,#7824),#257,.T.);
#8978=ADVANCED_FACE('',(#7825,#7826),#258,.F.);
#8979=ADVANCED_FACE('',(#7827,#7828),#8687,.F.);
#8980=ADVANCED_FACE('',(#7829),#8688,.F.);
#8981=ADVANCED_FACE('',(#7830,#7831),#259,.T.);
#8982=ADVANCED_FACE('',(#7832,#7833),#260,.F.);
#8983=ADVANCED_FACE('',(#7834,#7835),#8689,.F.);
#8984=ADVANCED_FACE('',(#7836),#8690,.F.);
#8985=ADVANCED_FACE('',(#7837,#7838),#261,.T.);
#8986=ADVANCED_FACE('',(#7839,#7840),#262,.F.);
#8987=ADVANCED_FACE('',(#7841,#7842),#8691,.F.);
#8988=ADVANCED_FACE('',(#7843),#8692,.F.);
#8989=ADVANCED_FACE('',(#7844,#7845),#263,.T.);
#8990=ADVANCED_FACE('',(#7846,#7847),#264,.F.);
#8991=ADVANCED_FACE('',(#7848,#7849),#8693,.F.);
#8992=ADVANCED_FACE('',(#7850),#8694,.F.);
#8993=ADVANCED_FACE('',(#7851,#7852),#265,.T.);
#8994=ADVANCED_FACE('',(#7853,#7854),#266,.F.);
#8995=ADVANCED_FACE('',(#7855,#7856),#8695,.F.);
#8996=ADVANCED_FACE('',(#7857),#8696,.F.);
#8997=ADVANCED_FACE('',(#7858,#7859),#267,.T.);
#8998=ADVANCED_FACE('',(#7860,#7861),#268,.F.);
#8999=ADVANCED_FACE('',(#7862,#7863),#8697,.F.);
#9000=ADVANCED_FACE('',(#7864),#8698,.F.);
#9001=ADVANCED_FACE('',(#7865,#7866),#269,.F.);
#9002=ADVANCED_FACE('',(#7867),#8699,.T.);
#9003=ADVANCED_FACE('',(#7868,#7869),#270,.T.);
#9004=ADVANCED_FACE('',(#7870,#7871),#271,.F.);
#9005=ADVANCED_FACE('',(#7872,#7873),#8700,.F.);
#9006=ADVANCED_FACE('',(#7874),#8701,.F.);
#9007=ADVANCED_FACE('',(#7875),#8702,.T.);
#9008=ADVANCED_FACE('',(#7876),#8703,.F.);
#9009=ADVANCED_FACE('',(#7877),#8704,.F.);
#9010=ADVANCED_FACE('',(#7878),#8705,.T.);
#9011=ADVANCED_FACE('',(#7879,#7880),#272,.T.);
#9012=ADVANCED_FACE('',(#7881,#7882),#273,.T.);
#9013=ADVANCED_FACE('',(#7883,#7884),#274,.T.);
#9014=ADVANCED_FACE('',(#7885,#7886),#275,.T.);
#9015=ADVANCED_FACE('',(#7887,#7888),#8706,.T.);
#9016=ADVANCED_FACE('',(#7889,#7890),#276,.F.);
#9017=ADVANCED_FACE('',(#7891,#7892),#8707,.F.);
#9018=ADVANCED_FACE('',(#7893,#7894),#277,.F.);
#9019=ADVANCED_FACE('',(#7895,#7896),#8708,.F.);
#9020=ADVANCED_FACE('',(#7897,#7898),#278,.F.);
#9021=ADVANCED_FACE('',(#7899,#7900),#8709,.F.);
#9022=ADVANCED_FACE('',(#7901,#7902),#279,.F.);
#9023=ADVANCED_FACE('',(#7903,#7904),#8710,.F.);
#9024=ADVANCED_FACE('',(#7905,#7906),#280,.F.);
#9025=ADVANCED_FACE('',(#7907,#7908),#8711,.F.);
#9026=ADVANCED_FACE('',(#7909,#7910),#281,.F.);
#9027=ADVANCED_FACE('',(#7911),#8712,.F.);
#9028=ADVANCED_FACE('',(#7912),#8713,.F.);
#9029=ADVANCED_FACE('',(#7913),#8714,.F.);
#9030=ADVANCED_FACE('',(#7914),#8715,.F.);
#9031=ADVANCED_FACE('',(#7915,#7916),#132,.T.);
#9032=ADVANCED_FACE('',(#7917),#8716,.F.);
#9033=ADVANCED_FACE('',(#7918),#8717,.F.);
#9034=ADVANCED_FACE('',(#7919),#8718,.T.);
#9035=ADVANCED_FACE('',(#7920),#8719,.T.);
#9036=ADVANCED_FACE('',(#7921,#7922),#282,.T.);
#9037=ADVANCED_FACE('',(#7923,#7924),#283,.T.);
#9038=ADVANCED_FACE('',(#7925,#7926),#284,.T.);
#9039=ADVANCED_FACE('',(#7927,#7928),#285,.T.);
#9040=ADVANCED_FACE('',(#7929,#7930),#8720,.T.);
#9041=ADVANCED_FACE('',(#7931,#7932),#286,.F.);
#9042=ADVANCED_FACE('',(#7933,#7934),#8721,.F.);
#9043=ADVANCED_FACE('',(#7935,#7936),#8722,.F.);
#9044=ADVANCED_FACE('',(#7937,#7938),#287,.F.);
#9045=ADVANCED_FACE('',(#7939,#7940),#8723,.F.);
#9046=ADVANCED_FACE('',(#7941,#7942),#288,.F.);
#9047=ADVANCED_FACE('',(#7943,#7944),#8724,.F.);
#9048=ADVANCED_FACE('',(#7945,#7946),#289,.F.);
#9049=ADVANCED_FACE('',(#7947,#7948),#8725,.F.);
#9050=ADVANCED_FACE('',(#7949,#7950),#290,.F.);
#9051=ADVANCED_FACE('',(#7951,#7952),#291,.F.);
#9052=ADVANCED_FACE('',(#7953),#8726,.F.);
#9053=ADVANCED_FACE('',(#7954),#8727,.F.);
#9054=ADVANCED_FACE('',(#7955),#8728,.F.);
#9055=ADVANCED_FACE('',(#7956),#8729,.F.);
#9056=ADVANCED_FACE('',(#7957,#7958),#133,.T.);
#9057=ADVANCED_FACE('',(#7959),#8730,.F.);
#9058=ADVANCED_FACE('',(#7960),#8731,.T.);
#9059=ADVANCED_FACE('',(#7961),#8732,.T.);
#9060=ADVANCED_FACE('',(#7962),#8733,.F.);
#9061=ADVANCED_FACE('',(#7963),#8734,.T.);
#9062=ADVANCED_FACE('',(#7964),#8735,.T.);
#9063=ADVANCED_FACE('',(#7965),#8736,.T.);
#9064=ADVANCED_FACE('',(#7966),#8737,.T.);
#9065=ADVANCED_FACE('',(#7967),#8738,.F.);
#9066=ADVANCED_FACE('',(#7968),#8739,.T.);
#9067=ADVANCED_FACE('',(#7969),#8740,.T.);
#9068=ADVANCED_FACE('',(#7970),#8741,.F.);
#9069=ADVANCED_FACE('',(#7971),#8742,.T.);
#9070=ADVANCED_FACE('',(#7972),#8743,.T.);
#9071=ADVANCED_FACE('',(#7973),#8744,.F.);
#9072=ADVANCED_FACE('',(#7974),#8745,.T.);
#9073=ADVANCED_FACE('',(#7975),#8746,.T.);
#9074=ADVANCED_FACE('',(#7976),#8747,.F.);
#9075=ADVANCED_FACE('',(#7977),#8748,.T.);
#9076=ADVANCED_FACE('',(#7978),#8749,.T.);
#9077=ADVANCED_FACE('',(#7979),#8750,.F.);
#9078=ADVANCED_FACE('',(#7980),#8751,.F.);
#9079=ADVANCED_FACE('',(#7981),#8752,.T.);
#9080=ADVANCED_FACE('',(#7982),#8753,.T.);
#9081=ADVANCED_FACE('',(#7983),#8754,.F.);
#9082=ADVANCED_FACE('',(#7984),#8755,.T.);
#9083=ADVANCED_FACE('',(#7985),#8756,.T.);
#9084=ADVANCED_FACE('',(#7986,#7987),#8757,.F.);
#9085=ADVANCED_FACE('',(#7988,#7989,#7990,#7991,#7992,#7993,#7994),#8758,
 .T.);
#9086=ADVANCED_FACE('',(#7995),#8759,.F.);
#9087=ADVANCED_FACE('',(#7996),#8760,.F.);
#9088=ADVANCED_FACE('',(#7997),#8761,.F.);
#9089=ADVANCED_FACE('',(#7998),#8762,.F.);
#9090=ADVANCED_FACE('',(#7999),#8763,.T.);
#9091=ADVANCED_FACE('',(#8000),#8764,.T.);
#9092=ADVANCED_FACE('',(#8001),#8765,.T.);
#9093=ADVANCED_FACE('',(#8002),#8766,.T.);
#9094=ADVANCED_FACE('',(#8003),#8767,.F.);
#9095=ADVANCED_FACE('',(#8004),#8768,.F.);
#9096=ADVANCED_FACE('',(#8005),#8769,.T.);
#9097=ADVANCED_FACE('',(#8006),#8770,.T.);
#9098=ADVANCED_FACE('',(#8007),#8771,.T.);
#9099=ADVANCED_FACE('',(#8008),#8772,.T.);
#9100=ADVANCED_FACE('',(#8009),#8773,.F.);
#9101=ADVANCED_FACE('',(#8010),#8774,.F.);
#9102=ADVANCED_FACE('',(#8011),#8775,.F.);
#9103=ADVANCED_FACE('',(#8012),#8776,.T.);
#9104=ADVANCED_FACE('',(#8013),#8777,.F.);
#9105=ADVANCED_FACE('',(#8014),#8778,.F.);
#9106=ADVANCED_FACE('',(#8015),#8779,.T.);
#9107=ADVANCED_FACE('',(#8016),#8780,.F.);
#9108=ADVANCED_FACE('',(#8017),#8781,.F.);
#9109=ADVANCED_FACE('',(#8018),#8782,.T.);
#9110=ADVANCED_FACE('',(#8019),#8783,.F.);
#9111=ADVANCED_FACE('',(#8020),#8784,.T.);
#9112=ADVANCED_FACE('',(#8021),#8785,.T.);
#9113=ADVANCED_FACE('',(#8022),#8786,.F.);
#9114=ADVANCED_FACE('',(#8023),#8787,.T.);
#9115=ADVANCED_FACE('',(#8024),#8788,.T.);
#9116=ADVANCED_FACE('',(#8025),#8789,.F.);
#9117=ADVANCED_FACE('',(#8026),#8790,.T.);
#9118=ADVANCED_FACE('',(#8027),#8791,.T.);
#9119=ADVANCED_FACE('',(#8028),#8792,.F.);
#9120=ADVANCED_FACE('',(#8029),#8793,.T.);
#9121=ADVANCED_FACE('',(#8030),#8794,.T.);
#9122=ADVANCED_FACE('',(#8031),#8795,.F.);
#9123=ADVANCED_FACE('',(#8032),#8796,.T.);
#9124=ADVANCED_FACE('',(#8033),#8797,.T.);
#9125=ADVANCED_FACE('',(#8034),#8798,.F.);
#9126=ADVANCED_FACE('',(#8035),#8799,.T.);
#9127=ADVANCED_FACE('',(#8036),#8800,.T.);
#9128=ADVANCED_FACE('',(#8037),#8801,.F.);
#9129=ADVANCED_FACE('',(#8038),#8802,.T.);
#9130=ADVANCED_FACE('',(#8039),#8803,.T.);
#9131=ADVANCED_FACE('',(#8040),#8804,.F.);
#9132=ADVANCED_FACE('',(#8041),#8805,.F.);
#9133=ADVANCED_FACE('',(#8042),#8806,.T.);
#9134=ADVANCED_FACE('',(#8043),#8807,.F.);
#9135=ADVANCED_FACE('',(#8044),#8808,.T.);
#9136=ADVANCED_FACE('',(#8045),#8809,.T.);
#9137=ADVANCED_FACE('',(#8046),#8810,.F.);
#9138=ADVANCED_FACE('',(#8047),#8811,.T.);
#9139=ADVANCED_FACE('',(#8048),#8812,.T.);
#9140=ADVANCED_FACE('',(#8049),#8813,.F.);
#9141=ADVANCED_FACE('',(#8050),#8814,.T.);
#9142=ADVANCED_FACE('',(#8051),#8815,.T.);
#9143=ADVANCED_FACE('',(#8052),#8816,.F.);
#9144=ADVANCED_FACE('',(#8053),#8817,.F.);
#9145=ADVANCED_FACE('',(#8054),#8818,.T.);
#9146=ADVANCED_FACE('',(#8055),#8819,.F.);
#9147=ADVANCED_FACE('',(#8056),#8820,.F.);
#9148=ADVANCED_FACE('',(#8057),#8821,.F.);
#9149=ADVANCED_FACE('',(#8058),#8822,.F.);
#9150=ADVANCED_FACE('',(#8059),#8823,.F.);
#9151=ADVANCED_FACE('',(#8060),#8824,.F.);
#9152=ADVANCED_FACE('',(#8061),#8825,.F.);
#9153=ADVANCED_FACE('',(#8062),#8826,.F.);
#9154=ADVANCED_FACE('',(#8063),#8827,.F.);
#9155=ADVANCED_FACE('',(#8064),#8828,.F.);
#9156=ADVANCED_FACE('',(#8065),#8829,.T.);
#9157=ADVANCED_FACE('',(#8066,#8067),#292,.F.);
#9158=ADVANCED_FACE('',(#8068,#8069),#293,.F.);
#9159=ADVANCED_FACE('',(#8070,#8071),#294,.F.);
#9160=ADVANCED_FACE('',(#8072,#8073),#295,.F.);
#9161=ADVANCED_FACE('',(#8074,#8075),#296,.F.);
#9162=ADVANCED_FACE('',(#8076,#8077),#297,.F.);
#9163=ADVANCED_FACE('',(#8078,#8079),#298,.F.);
#9164=ADVANCED_FACE('',(#8080,#8081),#299,.F.);
#9165=ADVANCED_FACE('',(#8082,#8083),#300,.F.);
#9166=ADVANCED_FACE('',(#8084,#8085),#301,.F.);
#9167=ADVANCED_FACE('',(#8086,#8087),#302,.F.);
#9168=ADVANCED_FACE('',(#8088,#8089),#303,.F.);
#9169=ADVANCED_FACE('',(#8090,#8091),#304,.F.);
#9170=ADVANCED_FACE('',(#8092,#8093),#305,.F.);
#9171=ADVANCED_FACE('',(#8094,#8095),#306,.F.);
#9172=ADVANCED_FACE('',(#8096,#8097),#307,.F.);
#9173=ADVANCED_FACE('',(#8098,#8099),#308,.F.);
#9174=ADVANCED_FACE('',(#8100,#8101),#309,.F.);
#9175=ADVANCED_FACE('',(#8102,#8103),#310,.F.);
#9176=ADVANCED_FACE('',(#8104),#8830,.F.);
#9177=ADVANCED_FACE('',(#8105,#8106),#311,.F.);
#9178=ADVANCED_FACE('',(#8107,#8108),#312,.F.);
#9179=ADVANCED_FACE('',(#8109),#8831,.F.);
#9180=ADVANCED_FACE('',(#8110),#8832,.F.);
#9181=ADVANCED_FACE('',(#8111),#8833,.F.);
#9182=ADVANCED_FACE('',(#8112),#8834,.T.);
#9183=ADVANCED_FACE('',(#8113),#8835,.T.);
#9184=ADVANCED_FACE('',(#8114),#8836,.T.);
#9185=ADVANCED_FACE('',(#8115),#8837,.F.);
#9186=ADVANCED_FACE('',(#8116),#8838,.F.);
#9187=ADVANCED_FACE('',(#8117),#8839,.F.);
#9188=ADVANCED_FACE('',(#8118),#8840,.F.);
#9189=ADVANCED_FACE('',(#8119),#8841,.F.);
#9190=ADVANCED_FACE('',(#8120),#8842,.F.);
#9191=ADVANCED_FACE('',(#8121,#8122),#313,.F.);
#9192=ADVANCED_FACE('',(#8123),#8843,.F.);
#9193=ADVANCED_FACE('',(#8124),#8844,.T.);
#9194=ADVANCED_FACE('',(#8125,#8126),#314,.F.);
#9195=ADVANCED_FACE('',(#8127,#8128),#315,.F.);
#9196=ADVANCED_FACE('',(#8129,#8130),#316,.F.);
#9197=ADVANCED_FACE('',(#8131),#8845,.F.);
#9198=ADVANCED_FACE('',(#8132),#8846,.F.);
#9199=ADVANCED_FACE('',(#8133,#8134),#317,.F.);
#9200=ADVANCED_FACE('',(#8135),#8847,.F.);
#9201=ADVANCED_FACE('',(#8136,#8137),#318,.F.);
#9202=ADVANCED_FACE('',(#8138,#8139),#319,.F.);
#9203=ADVANCED_FACE('',(#8140),#8848,.T.);
#9204=ADVANCED_FACE('',(#8141,#8142,#8143,#8144,#8145,#8146,#8147,#8148,
#8149,#8150,#8151,#8152,#8153,#8154,#8155,#8156,#8157,#8158,#8159,#8160,
#8161,#8162,#8163,#8164,#8165,#8166,#8167,#8168,#8169,#8170,#8171,#8172,
#8173,#8174,#8175,#8176,#8177,#8178,#8179,#8180,#8181,#8182,#8183,#8184,
#8185,#8186,#8187,#8188,#8189,#8190,#8191,#8192,#8193,#8194,#8195,#8196,
#8197,#8198,#8199,#8200,#8201,#8202),#8849,.T.);
#9205=ADVANCED_FACE('',(#8203,#8204),#320,.F.);
#9206=ADVANCED_FACE('',(#8205,#8206),#321,.F.);
#9207=ADVANCED_FACE('',(#8207,#8208),#322,.F.);
#9208=ADVANCED_FACE('',(#8209,#8210),#323,.F.);
#9209=ADVANCED_FACE('',(#8211,#8212),#324,.F.);
#9210=ADVANCED_FACE('',(#8213,#8214),#325,.F.);
#9211=ADVANCED_FACE('',(#8215,#8216),#326,.F.);
#9212=ADVANCED_FACE('',(#8217,#8218),#327,.F.);
#9213=ADVANCED_FACE('',(#8219,#8220),#328,.F.);
#9214=ADVANCED_FACE('',(#8221,#8222),#329,.F.);
#9215=ADVANCED_FACE('',(#8223,#8224),#330,.T.);
#9216=ADVANCED_FACE('',(#8225,#8226),#8850,.F.);
#9217=ADVANCED_FACE('',(#8227,#8228),#331,.F.);
#9218=ADVANCED_FACE('',(#8229,#8230),#332,.T.);
#9219=ADVANCED_FACE('',(#8231,#8232),#8851,.F.);
#9220=ADVANCED_FACE('',(#8233,#8234),#333,.F.);
#9221=ADVANCED_FACE('',(#8235,#8236),#334,.T.);
#9222=ADVANCED_FACE('',(#8237,#8238),#8852,.F.);
#9223=ADVANCED_FACE('',(#8239,#8240),#335,.T.);
#9224=ADVANCED_FACE('',(#8241,#8242),#336,.F.);
#9225=ADVANCED_FACE('',(#8243,#8244),#8853,.F.);
#9226=ADVANCED_FACE('',(#8245,#8246),#337,.F.);
#9227=ADVANCED_FACE('',(#8247,#8248),#338,.F.);
#9228=ADVANCED_FACE('',(#8249,#8250),#339,.F.);
#9229=ADVANCED_FACE('',(#8251,#8252),#340,.F.);
#9230=ADVANCED_FACE('',(#8253,#8254),#341,.F.);
#9231=ADVANCED_FACE('',(#8255,#8256),#342,.F.);
#9232=ADVANCED_FACE('',(#8257,#8258),#343,.F.);
#9233=ADVANCED_FACE('',(#8259),#344,.T.);
#9234=ADVANCED_FACE('',(#8260),#134,.T.);
#9235=ADVANCED_FACE('',(#8261),#135,.T.);
#9236=ADVANCED_FACE('',(#8262),#345,.T.);
#9237=ADVANCED_FACE('',(#8263,#8264),#136,.T.);
#9238=ADVANCED_FACE('',(#8265,#8266),#137,.T.);
#9239=ADVANCED_FACE('',(#8267,#8268),#138,.T.);
#9240=ADVANCED_FACE('',(#8269,#8270),#139,.T.);
#9241=ADVANCED_FACE('',(#8271,#8272),#140,.T.);
#9242=ADVANCED_FACE('',(#8273,#8274),#141,.T.);
#9243=ADVANCED_FACE('',(#8275,#8276),#142,.T.);
#9244=ADVANCED_FACE('',(#8277,#8278),#143,.T.);
#9245=ADVANCED_FACE('',(#8279),#8854,.T.);
#9246=ADVANCED_FACE('',(#8280),#346,.T.);
#9247=ADVANCED_FACE('',(#8281),#8855,.F.);
#9248=ADVANCED_FACE('',(#8282,#8283),#347,.T.);
#9249=ADVANCED_FACE('',(#8284,#8285),#8856,.T.);
#9250=ADVANCED_FACE('',(#8286,#8287),#348,.T.);
#9251=ADVANCED_FACE('',(#8288,#8289),#8857,.T.);
#9252=ADVANCED_FACE('',(#8290,#8291),#349,.T.);
#9253=ADVANCED_FACE('',(#8292,#8293),#8858,.T.);
#9254=ADVANCED_FACE('',(#8294,#8295),#350,.T.);
#9255=ADVANCED_FACE('',(#8296,#8297),#8859,.T.);
#9256=ADVANCED_FACE('',(#8298),#8860,.T.);
#9257=ADVANCED_FACE('',(#8299),#351,.T.);
#9258=ADVANCED_FACE('',(#8300),#8861,.F.);
#9259=ADVANCED_FACE('',(#8301),#352,.T.);
#9260=ADVANCED_FACE('',(#8302),#8862,.F.);
#9261=ADVANCED_FACE('',(#8303),#8863,.T.);
#9262=ADVANCED_FACE('',(#8304),#8864,.T.);
#9263=ADVANCED_FACE('',(#8305),#353,.T.);
#9264=ADVANCED_FACE('',(#8306),#8865,.F.);
#9265=ADVANCED_FACE('',(#8307,#8308,#8309,#8310,#8311,#8312),#8866,.T.);
#9266=ADVANCED_FACE('',(#8313,#8314),#354,.T.);
#9267=ADVANCED_FACE('',(#8315,#8316),#8867,.T.);
#9268=ADVANCED_FACE('',(#8317),#8868,.T.);
#9269=ADVANCED_FACE('',(#8318),#8869,.F.);
#9270=ADVANCED_FACE('',(#8319),#8870,.F.);
#9271=ADVANCED_FACE('',(#8320),#8871,.T.);
#9272=ADVANCED_FACE('',(#8321),#355,.F.);
#9273=ADVANCED_FACE('',(#8322),#356,.F.);
#9274=ADVANCED_FACE('',(#8323),#357,.F.);
#9275=ADVANCED_FACE('',(#8324),#358,.F.);
#9276=ADVANCED_FACE('',(#8325),#359,.F.);
#9277=ADVANCED_FACE('',(#8326),#360,.F.);
#9278=ADVANCED_FACE('',(#8327),#361,.F.);
#9279=ADVANCED_FACE('',(#8328),#362,.F.);
#9280=ADVANCED_FACE('',(#8329,#8330),#363,.F.);
#9281=ADVANCED_FACE('',(#8331),#8872,.T.);
#9282=ADVANCED_FACE('',(#8332,#8333),#364,.F.);
#9283=ADVANCED_FACE('',(#8334),#8873,.T.);
#9284=ADVANCED_FACE('',(#8335,#8336),#365,.F.);
#9285=ADVANCED_FACE('',(#8337),#8874,.T.);
#9286=ADVANCED_FACE('',(#8338,#8339),#366,.F.);
#9287=ADVANCED_FACE('',(#8340),#8875,.T.);
#9288=ADVANCED_FACE('',(#8341,#8342),#367,.F.);
#9289=ADVANCED_FACE('',(#8343),#8876,.T.);
#9290=ADVANCED_FACE('',(#8344,#8345),#368,.F.);
#9291=ADVANCED_FACE('',(#8346),#8877,.T.);
#9292=ADVANCED_FACE('',(#8347,#8348),#369,.F.);
#9293=ADVANCED_FACE('',(#8349),#8878,.T.);
#9294=ADVANCED_FACE('',(#8350,#8351),#370,.F.);
#9295=ADVANCED_FACE('',(#8352),#8879,.T.);
#9296=ADVANCED_FACE('',(#8353,#8354),#371,.F.);
#9297=ADVANCED_FACE('',(#8355),#8880,.T.);
#9298=ADVANCED_FACE('',(#8356,#8357),#372,.T.);
#9299=ADVANCED_FACE('',(#8358),#8881,.T.);
#9300=ADVANCED_FACE('',(#8359,#8360),#373,.T.);
#9301=ADVANCED_FACE('',(#8361),#8882,.T.);
#9302=ADVANCED_FACE('',(#8362,#8363),#374,.T.);
#9303=ADVANCED_FACE('',(#8364),#8883,.T.);
#9304=ADVANCED_FACE('',(#8365),#375,.T.);
#9305=ADVANCED_FACE('',(#8366),#128,.T.);
#9306=ADVANCED_FACE('',(#8367),#376,.T.);
#9307=ADVANCED_FACE('',(#8368),#377,.T.);
#9308=ADVANCED_FACE('',(#8369),#378,.T.);
#9309=ADVANCED_FACE('',(#8370),#379,.T.);
#9310=ADVANCED_FACE('',(#8371),#129,.T.);
#9311=ADVANCED_FACE('',(#8372),#130,.T.);
#9312=ADVANCED_FACE('',(#8373),#380,.T.);
#9313=ADVANCED_FACE('',(#8374),#381,.T.);
#9314=ADVANCED_FACE('',(#8375),#131,.T.);
#9315=ADVANCED_FACE('',(#8376),#382,.T.);
#9316=ADVANCED_FACE('',(#8377),#144,.T.);
#9317=ADVANCED_FACE('',(#8378),#383,.T.);
#9318=ADVANCED_FACE('',(#8379),#384,.T.);
#9319=ADVANCED_FACE('',(#8380),#145,.T.);
#9320=ADVANCED_FACE('',(#8381),#146,.T.);
#9321=ADVANCED_FACE('',(#8382),#385,.T.);
#9322=ADVANCED_FACE('',(#8383),#386,.T.);
#9323=ADVANCED_FACE('',(#8384),#147,.T.);
#9324=ADVANCED_FACE('',(#8385,#8386),#148,.T.);
#9325=ADVANCED_FACE('',(#8387,#8388),#149,.T.);
#9326=ADVANCED_FACE('',(#8389),#387,.T.);
#9327=ADVANCED_FACE('',(#8390),#388,.T.);
#9328=ADVANCED_FACE('',(#8391),#389,.T.);
#9329=ADVANCED_FACE('',(#8392),#390,.T.);
#9330=ADVANCED_FACE('',(#8393),#391,.T.);
#9331=ADVANCED_FACE('',(#8394),#392,.T.);
#9332=ADVANCED_FACE('',(#8395),#393,.T.);
#9333=ADVANCED_FACE('',(#8396),#394,.T.);
#9334=ADVANCED_FACE('',(#8397),#395,.T.);
#9335=ADVANCED_FACE('',(#8398),#396,.T.);
#9336=ADVANCED_FACE('',(#8399),#397,.T.);
#9337=ADVANCED_FACE('',(#8400),#398,.T.);
#9338=ADVANCED_FACE('',(#8401),#399,.T.);
#9339=ADVANCED_FACE('',(#8402),#400,.T.);
#9340=ADVANCED_FACE('',(#8403),#401,.T.);
#9341=ADVANCED_FACE('',(#8404),#402,.T.);
#9342=ADVANCED_FACE('',(#8405),#403,.T.);
#9343=ADVANCED_FACE('',(#8406),#404,.T.);
#9344=ADVANCED_FACE('',(#8407),#405,.T.);
#9345=ADVANCED_FACE('',(#8408),#406,.T.);
#9346=ADVANCED_FACE('',(#8409,#8410),#150,.T.);
#9347=ADVANCED_FACE('',(#8411),#407,.T.);
#9348=ADVANCED_FACE('',(#8412),#408,.T.);
#9349=ADVANCED_FACE('',(#8413),#409,.T.);
#9350=ADVANCED_FACE('',(#8414),#410,.T.);
#9351=ADVANCED_FACE('',(#8415,#8416),#151,.T.);
#9352=ADVANCED_FACE('',(#8417,#8418),#152,.T.);
#9353=ADVANCED_FACE('',(#8419,#8420),#153,.T.);
#9354=ADVANCED_FACE('',(#8421),#411,.T.);
#9355=ADVANCED_FACE('',(#8422),#412,.T.);
#9356=ADVANCED_FACE('',(#8423),#413,.T.);
#9357=ADVANCED_FACE('',(#8424),#414,.T.);
#9358=ADVANCED_FACE('',(#8425),#415,.T.);
#9359=ADVANCED_FACE('',(#8426),#416,.T.);
#9360=ADVANCED_FACE('',(#8427),#417,.T.);
#9361=ADVANCED_FACE('',(#8428),#418,.T.);
#9362=ADVANCED_FACE('',(#8429),#419,.T.);
#9363=ADVANCED_FACE('',(#8430),#420,.T.);
#9364=ADVANCED_FACE('',(#8431),#421,.T.);
#9365=ADVANCED_FACE('',(#8432),#422,.T.);
#9366=ADVANCED_FACE('',(#8433),#423,.T.);
#9367=ADVANCED_FACE('',(#8434),#424,.T.);
#9368=ADVANCED_FACE('',(#8435),#425,.T.);
#9369=ADVANCED_FACE('',(#8436),#426,.T.);
#9370=ADVANCED_FACE('',(#8437),#427,.T.);
#9371=ADVANCED_FACE('',(#8438),#428,.T.);
#9372=ADVANCED_FACE('',(#8439),#429,.T.);
#9373=ADVANCED_FACE('',(#8440),#430,.T.);
#9374=ADVANCED_FACE('',(#8441),#431,.T.);
#9375=ADVANCED_FACE('',(#8442),#432,.T.);
#9376=ADVANCED_FACE('',(#8443),#433,.T.);
#9377=ADVANCED_FACE('',(#8444),#434,.T.);
#9378=ADVANCED_FACE('',(#8445),#435,.T.);
#9379=ADVANCED_FACE('',(#8446),#436,.T.);
#9380=ADVANCED_FACE('',(#8447),#437,.T.);
#9381=ADVANCED_FACE('',(#8448),#438,.T.);
#9382=ADVANCED_FACE('',(#8449),#439,.T.);
#9383=ADVANCED_FACE('',(#8450),#440,.T.);
#9384=ADVANCED_FACE('',(#8451),#441,.T.);
#9385=ADVANCED_FACE('',(#8452),#442,.T.);
#9386=ADVANCED_FACE('',(#8453),#443,.T.);
#9387=ADVANCED_FACE('',(#8454),#444,.T.);
#9388=ADVANCED_FACE('',(#8455),#445,.T.);
#9389=ADVANCED_FACE('',(#8456),#446,.T.);
#9390=ADVANCED_FACE('',(#8457),#447,.T.);
#9391=ADVANCED_FACE('',(#8458),#448,.T.);
#9392=ADVANCED_FACE('',(#8459),#449,.T.);
#9393=ADVANCED_FACE('',(#8460),#450,.T.);
#9394=ADVANCED_FACE('',(#8461),#451,.T.);
#9395=ADVANCED_FACE('',(#8462),#452,.T.);
#9396=ADVANCED_FACE('',(#8463),#453,.T.);
#9397=ADVANCED_FACE('',(#8464),#454,.T.);
#9398=ADVANCED_FACE('',(#8465),#455,.T.);
#9399=ADVANCED_FACE('',(#8466),#456,.T.);
#9400=ADVANCED_FACE('',(#8467),#457,.T.);
#9401=ADVANCED_FACE('',(#8468),#458,.T.);
#9402=ADVANCED_FACE('',(#8469),#459,.T.);
#9403=ADVANCED_FACE('',(#8470),#460,.T.);
#9404=ADVANCED_FACE('',(#8471),#461,.T.);
#9405=ADVANCED_FACE('',(#8472),#462,.T.);
#9406=ADVANCED_FACE('',(#8473),#463,.T.);
#9407=ADVANCED_FACE('',(#8474),#464,.T.);
#9408=ADVANCED_FACE('',(#8475),#465,.T.);
#9409=ADVANCED_FACE('',(#8476),#466,.T.);
#9410=ADVANCED_FACE('',(#8477),#467,.T.);
#9411=ADVANCED_FACE('',(#8478),#468,.T.);
#9412=ADVANCED_FACE('',(#8479),#469,.T.);
#9413=ADVANCED_FACE('',(#8480),#470,.T.);
#9414=ADVANCED_FACE('',(#8481),#471,.T.);
#9415=ADVANCED_FACE('',(#8482),#472,.T.);
#9416=ADVANCED_FACE('',(#8483),#473,.T.);
#9417=ADVANCED_FACE('',(#8484),#474,.T.);
#9418=ADVANCED_FACE('',(#8485),#475,.T.);
#9419=ADVANCED_FACE('',(#8486),#476,.T.);
#9420=ADVANCED_FACE('',(#8487),#477,.T.);
#9421=ADVANCED_FACE('',(#8488),#478,.T.);
#9422=ADVANCED_FACE('',(#8489),#479,.T.);
#9423=ADVANCED_FACE('',(#8490),#480,.T.);
#9424=ADVANCED_FACE('',(#8491),#481,.T.);
#9425=ADVANCED_FACE('',(#8492),#482,.T.);
#9426=ADVANCED_FACE('',(#8493),#483,.T.);
#9427=ADVANCED_FACE('',(#8494),#484,.T.);
#9428=ADVANCED_FACE('',(#8495),#485,.T.);
#9429=ADVANCED_FACE('',(#8496),#486,.T.);
#9430=ADVANCED_FACE('',(#8497,#8498),#154,.T.);
#9431=ADVANCED_FACE('',(#8499,#8500),#155,.T.);
#9432=ADVANCED_FACE('',(#8501,#8502),#156,.T.);
#9433=ADVANCED_FACE('',(#8503,#8504),#157,.T.);
#9434=ADVANCED_FACE('',(#8505),#487,.T.);
#9435=ADVANCED_FACE('',(#8506),#488,.T.);
#9436=ADVANCED_FACE('',(#8507),#489,.T.);
#9437=ADVANCED_FACE('',(#8508),#490,.T.);
#9438=ADVANCED_FACE('',(#8509),#491,.T.);
#9439=ADVANCED_FACE('',(#8510),#492,.T.);
#9440=ADVANCED_FACE('',(#8511),#493,.T.);
#9441=ADVANCED_FACE('',(#8512),#494,.T.);
#9442=ADVANCED_FACE('',(#8513),#495,.T.);
#9443=ADVANCED_FACE('',(#8514),#496,.T.);
#9444=ADVANCED_FACE('',(#8515),#497,.T.);
#9445=ADVANCED_FACE('',(#8516),#498,.T.);
#9446=ADVANCED_FACE('',(#8517),#499,.T.);
#9447=ADVANCED_FACE('',(#8518),#500,.T.);
#9448=ADVANCED_FACE('',(#8519),#501,.T.);
#9449=ADVANCED_FACE('',(#8520),#502,.T.);
#9450=ADVANCED_FACE('',(#8521,#8522),#158,.T.);
#9451=ADVANCED_FACE('',(#8523,#8524),#159,.T.);
#9452=ADVANCED_FACE('',(#8525,#8526),#160,.T.);
#9453=ADVANCED_FACE('',(#8527,#8528),#161,.T.);
#9454=ADVANCED_FACE('',(#8529,#8530),#162,.T.);
#9455=ADVANCED_FACE('',(#8531,#8532),#163,.T.);
#9456=ADVANCED_FACE('',(#8533,#8534),#164,.T.);
#9457=ADVANCED_FACE('',(#8535,#8536),#165,.T.);
#9458=ADVANCED_FACE('',(#8537,#8538),#166,.T.);
#9459=ADVANCED_FACE('',(#8539,#8540),#167,.T.);
#9460=ADVANCED_FACE('',(#8541,#8542),#168,.T.);
#9461=ADVANCED_FACE('',(#8543,#8544),#169,.T.);
#9462=ADVANCED_FACE('',(#8545,#8546),#170,.T.);
#9463=ADVANCED_FACE('',(#8547,#8548),#171,.T.);
#9464=ADVANCED_FACE('',(#8549,#8550),#172,.T.);
#9465=ADVANCED_FACE('',(#8551,#8552),#173,.T.);
#9466=ADVANCED_FACE('',(#8553,#8554),#174,.T.);
#9467=ADVANCED_FACE('',(#8555,#8556),#175,.T.);
#9468=ADVANCED_FACE('',(#8557,#8558),#176,.T.);
#9469=ADVANCED_FACE('',(#8559,#8560),#177,.T.);
#9470=ADVANCED_FACE('',(#8561,#8562),#178,.F.);
#9471=ADVANCED_FACE('',(#8563,#8564),#179,.F.);
#9472=ADVANCED_FACE('',(#8565,#8566),#180,.F.);
#9473=ADVANCED_FACE('',(#8567,#8568),#181,.F.);
#9474=ADVANCED_FACE('',(#8569,#8570),#182,.F.);
#9475=ADVANCED_FACE('',(#8571,#8572),#183,.F.);
#9476=ADVANCED_FACE('',(#8573,#8574),#184,.F.);
#9477=ADVANCED_FACE('',(#8575,#8576),#185,.F.);
#9478=ADVANCED_FACE('',(#8577,#8578),#186,.F.);
#9479=ADVANCED_FACE('',(#8579,#8580),#187,.F.);
#9480=ADVANCED_FACE('',(#8581,#8582),#188,.F.);
#9481=ADVANCED_FACE('',(#8583,#8584),#189,.F.);
#9482=ADVANCED_FACE('',(#8585,#8586),#190,.F.);
#9483=ADVANCED_FACE('',(#8587,#8588),#191,.F.);
#9484=ADVANCED_FACE('',(#8589,#8590),#192,.F.);
#9485=ADVANCED_FACE('',(#8591,#8592),#193,.F.);
#9486=ADVANCED_FACE('',(#8593),#194,.F.);
#9487=ADVANCED_FACE('',(#8594,#8595),#195,.F.);
#9488=ADVANCED_FACE('',(#8596,#8597),#196,.F.);
#9489=ADVANCED_FACE('',(#8598,#8599),#197,.F.);
#9490=ADVANCED_FACE('',(#8600,#8601),#198,.F.);
#9491=ADVANCED_FACE('',(#8602,#8603),#199,.F.);
#9492=ADVANCED_FACE('',(#8604,#8605),#200,.F.);
#9493=ADVANCED_FACE('',(#8606,#8607),#201,.F.);
#9494=ADVANCED_FACE('',(#8608,#8609),#202,.F.);
#9495=ADVANCED_FACE('',(#8610,#8611),#203,.F.);
#9496=ADVANCED_FACE('',(#8612,#8613),#204,.F.);
#9497=ADVANCED_FACE('',(#8614,#8615),#205,.F.);
#9498=ADVANCED_FACE('',(#8616,#8617),#206,.F.);
#9499=ADVANCED_FACE('',(#8618,#8619),#207,.F.);
#9500=ADVANCED_FACE('',(#8620,#8621),#208,.F.);
#9501=ADVANCED_FACE('',(#8622,#8623),#209,.F.);
#9502=ADVANCED_FACE('',(#8624,#8625),#210,.F.);
#9503=ADVANCED_FACE('',(#8626,#8627),#211,.F.);
#9504=ADVANCED_FACE('',(#8628),#212,.F.);
#9505=ADVANCED_FACE('',(#8629,#8630),#213,.F.);
#9506=ADVANCED_FACE('',(#8631,#8632),#214,.F.);
#9507=ADVANCED_FACE('',(#8633,#8634),#215,.F.);
#9508=CLOSED_SHELL('',(#8884,#8885,#8886,#8887,#8888,#8889,#8890,#8891,
#8892,#8893,#8894,#8895,#8896,#8897,#8898,#8899,#8900,#8901,#8902,#8903,
#8904,#8905,#8906,#8907,#8908,#8909,#8910,#8911,#8912,#8913,#8914,#8915,
#8916,#8917,#8918,#8919,#8920,#8921,#8922,#8923,#8924,#8925,#8926,#8927,
#8928,#8929,#8930,#8931,#8932,#8933,#8934,#8935,#8936,#8937,#8938,#8939,
#8940,#8941,#8942,#8943,#8944,#8945,#8946,#8947,#8948,#8949,#8950,#8951,
#8952,#8953,#8954,#8955,#8956,#8957,#8958,#8959,#8960,#8961,#8962,#8963,
#8964,#8965,#8966,#8967,#8968,#8969,#8970,#8971,#8972,#8973,#8974,#8975,
#8976,#8977,#8978,#8979,#8980,#8981,#8982,#8983,#8984,#8985,#8986,#8987,
#8988,#8989,#8990,#8991,#8992,#8993,#8994,#8995,#8996,#8997,#8998,#8999,
#9000,#9001,#9002,#9003,#9004,#9005,#9006,#9007,#9008,#9009,#9010,#9011,
#9012,#9013,#9014,#9015,#9016,#9017,#9018,#9019,#9020,#9021,#9022,#9023,
#9024,#9025,#9026,#9027,#9028,#9029,#9030,#9031,#9032,#9033,#9034,#9035,
#9036,#9037,#9038,#9039,#9040,#9041,#9042,#9043,#9044,#9045,#9046,#9047,
#9048,#9049,#9050,#9051,#9052,#9053,#9054,#9055,#9056,#9057,#9058,#9059,
#9060,#9061,#9062,#9063,#9064,#9065,#9066,#9067,#9068,#9069,#9070,#9071,
#9072,#9073,#9074,#9075,#9076,#9077,#9078,#9079,#9080,#9081,#9082,#9083,
#9084,#9085,#9086,#9087,#9088,#9089,#9090,#9091,#9092,#9093,#9094,#9095,
#9096,#9097,#9098,#9099,#9100,#9101,#9102,#9103,#9104,#9105,#9106,#9107,
#9108,#9109,#9110,#9111,#9112,#9113,#9114,#9115,#9116,#9117,#9118,#9119,
#9120,#9121,#9122,#9123,#9124,#9125,#9126,#9127,#9128,#9129,#9130,#9131,
#9132,#9133,#9134,#9135,#9136,#9137,#9138,#9139,#9140,#9141,#9142,#9143,
#9144,#9145,#9146,#9147,#9148,#9149,#9150,#9151,#9152,#9153,#9154,#9155,
#9156,#9157,#9158,#9159,#9160,#9161,#9162,#9163,#9164,#9165,#9166,#9167,
#9168,#9169,#9170,#9171,#9172,#9173,#9174,#9175,#9176,#9177,#9178,#9179,
#9180,#9181,#9182,#9183,#9184,#9185,#9186,#9187,#9188,#9189,#9190,#9191,
#9192,#9193,#9194,#9195,#9196,#9197,#9198,#9199,#9200,#9201,#9202,#9203,
#9204,#9205,#9206,#9207,#9208,#9209,#9210,#9211,#9212,#9213,#9214,#9215,
#9216,#9217,#9218,#9219,#9220,#9221,#9222,#9223,#9224,#9225,#9226,#9227,
#9228,#9229,#9230,#9231,#9232,#9233,#9234,#9235,#9236,#9237,#9238,#9239,
#9240,#9241,#9242,#9243,#9244,#9245,#9246,#9247,#9248,#9249,#9250,#9251,
#9252,#9253,#9254,#9255,#9256,#9257,#9258,#9259,#9260,#9261,#9262,#9263,
#9264,#9265,#9266,#9267,#9268,#9269,#9270,#9271,#9272,#9273,#9274,#9275,
#9276,#9277,#9278,#9279,#9280,#9281,#9282,#9283,#9284,#9285,#9286,#9287,
#9288,#9289,#9290,#9291,#9292,#9293,#9294,#9295,#9296,#9297,#9298,#9299,
#9300,#9301,#9302,#9303,#9304,#9305,#9306,#9307,#9308,#9309,#9310,#9311,
#9312,#9313,#9314,#9315,#9316,#9317,#9318,#9319,#9320,#9321,#9322,#9323,
#9324,#9325,#9326,#9327,#9328,#9329,#9330,#9331,#9332,#9333,#9334,#9335,
#9336,#9337,#9338,#9339,#9340,#9341,#9342,#9343,#9344,#9345,#9346,#9347,
#9348,#9349,#9350,#9351,#9352,#9353,#9354,#9355,#9356,#9357,#9358,#9359,
#9360,#9361,#9362,#9363,#9364,#9365,#9366,#9367,#9368,#9369,#9370,#9371,
#9372,#9373,#9374,#9375,#9376,#9377,#9378,#9379,#9380,#9381,#9382,#9383,
#9384,#9385,#9386,#9387,#9388,#9389,#9390,#9391,#9392,#9393,#9394,#9395,
#9396,#9397,#9398,#9399,#9400,#9401,#9402,#9403,#9404,#9405,#9406,#9407,
#9408,#9409,#9410,#9411,#9412,#9413,#9414,#9415,#9416,#9417,#9418,#9419,
#9420,#9421,#9422,#9423,#9424,#9425,#9426,#9427,#9428,#9429,#9430,#9431,
#9432,#9433,#9434,#9435,#9436,#9437,#9438,#9439,#9440,#9441,#9442,#9443,
#9444,#9445,#9446,#9447,#9448,#9449,#9450,#9451,#9452,#9453,#9454,#9455,
#9456,#9457,#9458,#9459,#9460,#9461,#9462,#9463,#9464,#9465,#9466,#9467,
#9468,#9469,#9470,#9471,#9472,#9473,#9474,#9475,#9476,#9477,#9478,#9479,
#9480,#9481,#9482,#9483,#9484,#9485,#9486,#9487,#9488,#9489,#9490,#9491,
#9492,#9493,#9494,#9495,#9496,#9497,#9498,#9499,#9500,#9501,#9502,#9503,
#9504,#9505,#9506,#9507));
#9509=STYLED_ITEM('',(#9510),#9517);
#9510=PRESENTATION_STYLE_ASSIGNMENT((#9511));
#9511=SURFACE_STYLE_USAGE(.BOTH.,#9512);
#9512=SURFACE_SIDE_STYLE('',(#9513));
#9513=SURFACE_STYLE_FILL_AREA(#9514);
#9514=FILL_AREA_STYLE('',(#9515));
#9515=FILL_AREA_STYLE_COLOUR('',#9516);
#9516=COLOUR_RGB('',0.768627450980392,0.886274509803922,0.952941176470588);
#9517=MANIFOLD_SOLID_BREP('CaseTop',#9508);
#9518=SHAPE_DEFINITION_REPRESENTATION(#16383,#9519);
#9519=SHAPE_REPRESENTATION('CaseTop',(#9520),#16378);
#9520=AXIS2_PLACEMENT_3D('',#13650,#10701,#10702);
#9521=AXIS2_PLACEMENT_3D('',#13651,#10703,#10704);
#9522=AXIS2_PLACEMENT_3D('',#13652,#10705,#10706);
#9523=AXIS2_PLACEMENT_3D('',#13662,#10711,#10712);
#9524=AXIS2_PLACEMENT_3D('',#13663,#10713,#10714);
#9525=AXIS2_PLACEMENT_3D('',#13665,#10715,#10716);
#9526=AXIS2_PLACEMENT_3D('',#13667,#10717,#10718);
#9527=AXIS2_PLACEMENT_3D('',#13669,#10719,#10720);
#9528=AXIS2_PLACEMENT_3D('',#13671,#10721,#10722);
#9529=AXIS2_PLACEMENT_3D('',#13673,#10723,#10724);
#9530=AXIS2_PLACEMENT_3D('',#13683,#10729,#10730);
#9531=AXIS2_PLACEMENT_3D('',#13704,#10735,#10736);
#9532=AXIS2_PLACEMENT_3D('',#13734,#10741,#10742);
#9533=AXIS2_PLACEMENT_3D('',#13736,#10743,#10744);
#9534=AXIS2_PLACEMENT_3D('',#13738,#10745,#10746);
#9535=AXIS2_PLACEMENT_3D('',#13741,#10747,#10748);
#9536=AXIS2_PLACEMENT_3D('',#13743,#10749,#10750);
#9537=AXIS2_PLACEMENT_3D('',#13745,#10751,#10752);
#9538=AXIS2_PLACEMENT_3D('',#13746,#10753,#10754);
#9539=AXIS2_PLACEMENT_3D('',#13749,#10755,#10756);
#9540=AXIS2_PLACEMENT_3D('',#13750,#10757,#10758);
#9541=AXIS2_PLACEMENT_3D('',#13752,#10759,#10760);
#9542=AXIS2_PLACEMENT_3D('',#13757,#10762,#10763);
#9543=AXIS2_PLACEMENT_3D('',#13760,#10765,#10766);
#9544=AXIS2_PLACEMENT_3D('',#13769,#10771,#10772);
#9545=AXIS2_PLACEMENT_3D('',#13773,#10774,#10775);
#9546=AXIS2_PLACEMENT_3D('',#13777,#10777,#10778);
#9547=AXIS2_PLACEMENT_3D('',#13781,#10780,#10781);
#9548=AXIS2_PLACEMENT_3D('',#13785,#10783,#10784);
#9549=AXIS2_PLACEMENT_3D('',#13794,#10789,#10790);
#9550=AXIS2_PLACEMENT_3D('',#13795,#10791,#10792);
#9551=AXIS2_PLACEMENT_3D('',#13797,#10793,#10794);
#9552=AXIS2_PLACEMENT_3D('',#13799,#10795,#10796);
#9553=AXIS2_PLACEMENT_3D('',#13801,#10797,#10798);
#9554=AXIS2_PLACEMENT_3D('',#13803,#10799,#10800);
#9555=AXIS2_PLACEMENT_3D('',#13805,#10801,#10802);
#9556=AXIS2_PLACEMENT_3D('',#13807,#10803,#10804);
#9557=AXIS2_PLACEMENT_3D('',#13809,#10805,#10806);
#9558=AXIS2_PLACEMENT_3D('',#13811,#10807,#10808);
#9559=AXIS2_PLACEMENT_3D('',#13813,#10809,#10810);
#9560=AXIS2_PLACEMENT_3D('',#13815,#10811,#10812);
#9561=AXIS2_PLACEMENT_3D('',#13817,#10813,#10814);
#9562=AXIS2_PLACEMENT_3D('',#13819,#10815,#10816);
#9563=AXIS2_PLACEMENT_3D('',#13821,#10817,#10818);
#9564=AXIS2_PLACEMENT_3D('',#13823,#10819,#10820);
#9565=AXIS2_PLACEMENT_3D('',#13825,#10821,#10822);
#9566=AXIS2_PLACEMENT_3D('',#13827,#10823,#10824);
#9567=AXIS2_PLACEMENT_3D('',#13829,#10825,#10826);
#9568=AXIS2_PLACEMENT_3D('',#13831,#10827,#10828);
#9569=AXIS2_PLACEMENT_3D('',#13833,#10829,#10830);
#9570=AXIS2_PLACEMENT_3D('',#13835,#10831,#10832);
#9571=AXIS2_PLACEMENT_3D('',#13837,#10833,#10834);
#9572=AXIS2_PLACEMENT_3D('',#13839,#10835,#10836);
#9573=AXIS2_PLACEMENT_3D('',#13841,#10837,#10838);
#9574=AXIS2_PLACEMENT_3D('',#13843,#10839,#10840);
#9575=AXIS2_PLACEMENT_3D('',#13845,#10841,#10842);
#9576=AXIS2_PLACEMENT_3D('',#13847,#10843,#10844);
#9577=AXIS2_PLACEMENT_3D('',#13849,#10845,#10846);
#9578=AXIS2_PLACEMENT_3D('',#13852,#10847,#10848);
#9579=AXIS2_PLACEMENT_3D('',#13853,#10849,#10850);
#9580=AXIS2_PLACEMENT_3D('',#13854,#10851,#10852);
#9581=AXIS2_PLACEMENT_3D('',#13855,#10853,#10854);
#9582=AXIS2_PLACEMENT_3D('',#13856,#10855,#10856);
#9583=AXIS2_PLACEMENT_3D('',#13860,#10858,#10859);
#9584=AXIS2_PLACEMENT_3D('',#13864,#10861,#10862);
#9585=AXIS2_PLACEMENT_3D('',#13865,#10863,#10864);
#9586=AXIS2_PLACEMENT_3D('',#13869,#10866,#10867);
#9587=AXIS2_PLACEMENT_3D('',#13873,#10869,#10870);
#9588=AXIS2_PLACEMENT_3D('',#13874,#10871,#10872);
#9589=AXIS2_PLACEMENT_3D('',#13878,#10874,#10875);
#9590=AXIS2_PLACEMENT_3D('',#13880,#10876,#10877);
#9591=AXIS2_PLACEMENT_3D('',#13882,#10878,#10879);
#9592=AXIS2_PLACEMENT_3D('',#13886,#10881,#10882);
#9593=AXIS2_PLACEMENT_3D('',#13887,#10883,#10884);
#9594=AXIS2_PLACEMENT_3D('',#13890,#10886,#10887);
#9595=AXIS2_PLACEMENT_3D('',#13895,#10889,#10890);
#9596=AXIS2_PLACEMENT_3D('',#13899,#10892,#10893);
#9597=AXIS2_PLACEMENT_3D('',#13903,#10895,#10896);
#9598=AXIS2_PLACEMENT_3D('',#13914,#10902,#10903);
#9599=AXIS2_PLACEMENT_3D('',#13916,#10904,#10905);
#9600=AXIS2_PLACEMENT_3D('',#13926,#10910,#10911);
#9601=AXIS2_PLACEMENT_3D('',#13944,#10920,#10921);
#9602=AXIS2_PLACEMENT_3D('',#13946,#10922,#10923);
#9603=AXIS2_PLACEMENT_3D('',#13948,#10924,#10925);
#9604=AXIS2_PLACEMENT_3D('',#13950,#10926,#10927);
#9605=AXIS2_PLACEMENT_3D('',#13953,#10928,#10929);
#9606=AXIS2_PLACEMENT_3D('',#13970,#10938,#10939);
#9607=AXIS2_PLACEMENT_3D('',#14055,#10981,#10982);
#9608=AXIS2_PLACEMENT_3D('',#14070,#10990,#10991);
#9609=AXIS2_PLACEMENT_3D('',#14072,#10992,#10993);
#9610=AXIS2_PLACEMENT_3D('',#14082,#10998,#10999);
#9611=AXIS2_PLACEMENT_3D('',#14084,#11000,#11001);
#9612=AXIS2_PLACEMENT_3D('',#14086,#11002,#11003);
#9613=AXIS2_PLACEMENT_3D('',#14088,#11004,#11005);
#9614=AXIS2_PLACEMENT_3D('',#14090,#11006,#11007);
#9615=AXIS2_PLACEMENT_3D('',#14092,#11008,#11009);
#9616=AXIS2_PLACEMENT_3D('',#14094,#11010,#11011);
#9617=AXIS2_PLACEMENT_3D('',#14096,#11012,#11013);
#9618=AXIS2_PLACEMENT_3D('',#14098,#11014,#11015);
#9619=AXIS2_PLACEMENT_3D('',#14100,#11016,#11017);
#9620=AXIS2_PLACEMENT_3D('',#14102,#11018,#11019);
#9621=AXIS2_PLACEMENT_3D('',#14104,#11020,#11021);
#9622=AXIS2_PLACEMENT_3D('',#14106,#11022,#11023);
#9623=AXIS2_PLACEMENT_3D('',#14108,#11024,#11025);
#9624=AXIS2_PLACEMENT_3D('',#14110,#11026,#11027);
#9625=AXIS2_PLACEMENT_3D('',#14112,#11028,#11029);
#9626=AXIS2_PLACEMENT_3D('',#14114,#11030,#11031);
#9627=AXIS2_PLACEMENT_3D('',#14116,#11032,#11033);
#9628=AXIS2_PLACEMENT_3D('',#14118,#11034,#11035);
#9629=AXIS2_PLACEMENT_3D('',#14123,#11037,#11038);
#9630=AXIS2_PLACEMENT_3D('',#14205,#11079,#11080);
#9631=AXIS2_PLACEMENT_3D('',#14209,#11082,#11083);
#9632=AXIS2_PLACEMENT_3D('',#14213,#11085,#11086);
#9633=AXIS2_PLACEMENT_3D('',#14217,#11088,#11089);
#9634=AXIS2_PLACEMENT_3D('',#14218,#11090,#11091);
#9635=AXIS2_PLACEMENT_3D('',#14219,#11092,#11093);
#9636=AXIS2_PLACEMENT_3D('',#14221,#11094,#11095);
#9637=AXIS2_PLACEMENT_3D('',#14223,#11096,#11097);
#9638=AXIS2_PLACEMENT_3D('',#14224,#11098,#11099);
#9639=AXIS2_PLACEMENT_3D('',#14226,#11100,#11101);
#9640=AXIS2_PLACEMENT_3D('',#14228,#11102,#11103);
#9641=AXIS2_PLACEMENT_3D('',#14229,#11104,#11105);
#9642=AXIS2_PLACEMENT_3D('',#14231,#11106,#11107);
#9643=AXIS2_PLACEMENT_3D('',#14233,#11108,#11109);
#9644=AXIS2_PLACEMENT_3D('',#14234,#11110,#11111);
#9645=AXIS2_PLACEMENT_3D('',#14236,#11112,#11113);
#9646=AXIS2_PLACEMENT_3D('',#14238,#11114,#11115);
#9647=AXIS2_PLACEMENT_3D('',#14239,#11116,#11117);
#9648=AXIS2_PLACEMENT_3D('',#14241,#11118,#11119);
#9649=AXIS2_PLACEMENT_3D('',#14243,#11120,#11121);
#9650=AXIS2_PLACEMENT_3D('',#14245,#11122,#11123);
#9651=AXIS2_PLACEMENT_3D('',#14247,#11124,#11125);
#9652=AXIS2_PLACEMENT_3D('',#14249,#11126,#11127);
#9653=AXIS2_PLACEMENT_3D('',#14254,#11129,#11130);
#9654=AXIS2_PLACEMENT_3D('',#14265,#11136,#11137);
#9655=AXIS2_PLACEMENT_3D('',#14267,#11138,#11139);
#9656=AXIS2_PLACEMENT_3D('',#14269,#11140,#11141);
#9657=AXIS2_PLACEMENT_3D('',#14271,#11142,#11143);
#9658=AXIS2_PLACEMENT_3D('',#14273,#11144,#11145);
#9659=AXIS2_PLACEMENT_3D('',#14274,#11146,#11147);
#9660=AXIS2_PLACEMENT_3D('',#14276,#11148,#11149);
#9661=AXIS2_PLACEMENT_3D('',#14278,#11150,#11151);
#9662=AXIS2_PLACEMENT_3D('',#14279,#11152,#11153);
#9663=AXIS2_PLACEMENT_3D('',#14281,#11154,#11155);
#9664=AXIS2_PLACEMENT_3D('',#14283,#11156,#11157);
#9665=AXIS2_PLACEMENT_3D('',#14284,#11158,#11159);
#9666=AXIS2_PLACEMENT_3D('',#14285,#11160,#11161);
#9667=AXIS2_PLACEMENT_3D('',#14286,#11162,#11163);
#9668=AXIS2_PLACEMENT_3D('',#14288,#11164,#11165);
#9669=AXIS2_PLACEMENT_3D('',#14290,#11166,#11167);
#9670=AXIS2_PLACEMENT_3D('',#14291,#11168,#11169);
#9671=AXIS2_PLACEMENT_3D('',#14293,#11170,#11171);
#9672=AXIS2_PLACEMENT_3D('',#14295,#11172,#11173);
#9673=AXIS2_PLACEMENT_3D('',#14296,#11174,#11175);
#9674=AXIS2_PLACEMENT_3D('',#14297,#11176,#11177);
#9675=AXIS2_PLACEMENT_3D('',#14298,#11178,#11179);
#9676=AXIS2_PLACEMENT_3D('',#14300,#11180,#11181);
#9677=AXIS2_PLACEMENT_3D('',#14303,#11182,#11183);
#9678=AXIS2_PLACEMENT_3D('',#14304,#11184,#11185);
#9679=AXIS2_PLACEMENT_3D('',#14305,#11186,#11187);
#9680=AXIS2_PLACEMENT_3D('',#14307,#11188,#11189);
#9681=AXIS2_PLACEMENT_3D('',#14309,#11190,#11191);
#9682=AXIS2_PLACEMENT_3D('',#14310,#11192,#11193);
#9683=AXIS2_PLACEMENT_3D('',#14311,#11194,#11195);
#9684=AXIS2_PLACEMENT_3D('',#14312,#11196,#11197);
#9685=AXIS2_PLACEMENT_3D('',#14320,#11198,#11199);
#9686=AXIS2_PLACEMENT_3D('',#14326,#11200,#11201);
#9687=AXIS2_PLACEMENT_3D('',#14327,#11202,#11203);
#9688=AXIS2_PLACEMENT_3D('',#14328,#11204,#11205);
#9689=AXIS2_PLACEMENT_3D('',#14330,#11206,#11207);
#9690=AXIS2_PLACEMENT_3D('',#14332,#11208,#11209);
#9691=AXIS2_PLACEMENT_3D('',#14333,#11210,#11211);
#9692=AXIS2_PLACEMENT_3D('',#14335,#11212,#11213);
#9693=AXIS2_PLACEMENT_3D('',#14337,#11214,#11215);
#9694=AXIS2_PLACEMENT_3D('',#14338,#11216,#11217);
#9695=AXIS2_PLACEMENT_3D('',#14339,#11218,#11219);
#9696=AXIS2_PLACEMENT_3D('',#14340,#11220,#11221);
#9697=AXIS2_PLACEMENT_3D('',#14342,#11222,#11223);
#9698=AXIS2_PLACEMENT_3D('',#14344,#11224,#11225);
#9699=AXIS2_PLACEMENT_3D('',#14345,#11226,#11227);
#9700=AXIS2_PLACEMENT_3D('',#14347,#11228,#11229);
#9701=AXIS2_PLACEMENT_3D('',#14349,#11230,#11231);
#9702=AXIS2_PLACEMENT_3D('',#14350,#11232,#11233);
#9703=AXIS2_PLACEMENT_3D('',#14351,#11234,#11235);
#9704=AXIS2_PLACEMENT_3D('',#14352,#11236,#11237);
#9705=AXIS2_PLACEMENT_3D('',#14354,#11238,#11239);
#9706=AXIS2_PLACEMENT_3D('',#14356,#11240,#11241);
#9707=AXIS2_PLACEMENT_3D('',#14357,#11242,#11243);
#9708=AXIS2_PLACEMENT_3D('',#14359,#11244,#11245);
#9709=AXIS2_PLACEMENT_3D('',#14361,#11246,#11247);
#9710=AXIS2_PLACEMENT_3D('',#14362,#11248,#11249);
#9711=AXIS2_PLACEMENT_3D('',#14363,#11250,#11251);
#9712=AXIS2_PLACEMENT_3D('',#14364,#11252,#11253);
#9713=AXIS2_PLACEMENT_3D('',#14366,#11254,#11255);
#9714=AXIS2_PLACEMENT_3D('',#14368,#11256,#11257);
#9715=AXIS2_PLACEMENT_3D('',#14369,#11258,#11259);
#9716=AXIS2_PLACEMENT_3D('',#14371,#11260,#11261);
#9717=AXIS2_PLACEMENT_3D('',#14373,#11262,#11263);
#9718=AXIS2_PLACEMENT_3D('',#14374,#11264,#11265);
#9719=AXIS2_PLACEMENT_3D('',#14375,#11266,#11267);
#9720=AXIS2_PLACEMENT_3D('',#14376,#11268,#11269);
#9721=AXIS2_PLACEMENT_3D('',#14378,#11270,#11271);
#9722=AXIS2_PLACEMENT_3D('',#14380,#11272,#11273);
#9723=AXIS2_PLACEMENT_3D('',#14381,#11274,#11275);
#9724=AXIS2_PLACEMENT_3D('',#14383,#11276,#11277);
#9725=AXIS2_PLACEMENT_3D('',#14385,#11278,#11279);
#9726=AXIS2_PLACEMENT_3D('',#14386,#11280,#11281);
#9727=AXIS2_PLACEMENT_3D('',#14387,#11282,#11283);
#9728=AXIS2_PLACEMENT_3D('',#14388,#11284,#11285);
#9729=AXIS2_PLACEMENT_3D('',#14390,#11286,#11287);
#9730=AXIS2_PLACEMENT_3D('',#14392,#11288,#11289);
#9731=AXIS2_PLACEMENT_3D('',#14393,#11290,#11291);
#9732=AXIS2_PLACEMENT_3D('',#14395,#11292,#11293);
#9733=AXIS2_PLACEMENT_3D('',#14397,#11294,#11295);
#9734=AXIS2_PLACEMENT_3D('',#14398,#11296,#11297);
#9735=AXIS2_PLACEMENT_3D('',#14399,#11298,#11299);
#9736=AXIS2_PLACEMENT_3D('',#14400,#11300,#11301);
#9737=AXIS2_PLACEMENT_3D('',#14402,#11302,#11303);
#9738=AXIS2_PLACEMENT_3D('',#14404,#11304,#11305);
#9739=AXIS2_PLACEMENT_3D('',#14405,#11306,#11307);
#9740=AXIS2_PLACEMENT_3D('',#14407,#11308,#11309);
#9741=AXIS2_PLACEMENT_3D('',#14409,#11310,#11311);
#9742=AXIS2_PLACEMENT_3D('',#14410,#11312,#11313);
#9743=AXIS2_PLACEMENT_3D('',#14411,#11314,#11315);
#9744=AXIS2_PLACEMENT_3D('',#14412,#11316,#11317);
#9745=AXIS2_PLACEMENT_3D('',#14414,#11318,#11319);
#9746=AXIS2_PLACEMENT_3D('',#14416,#11320,#11321);
#9747=AXIS2_PLACEMENT_3D('',#14417,#11322,#11323);
#9748=AXIS2_PLACEMENT_3D('',#14419,#11324,#11325);
#9749=AXIS2_PLACEMENT_3D('',#14421,#11326,#11327);
#9750=AXIS2_PLACEMENT_3D('',#14422,#11328,#11329);
#9751=AXIS2_PLACEMENT_3D('',#14423,#11330,#11331);
#9752=AXIS2_PLACEMENT_3D('',#14424,#11332,#11333);
#9753=AXIS2_PLACEMENT_3D('',#14426,#11334,#11335);
#9754=AXIS2_PLACEMENT_3D('',#14428,#11336,#11337);
#9755=AXIS2_PLACEMENT_3D('',#14429,#11338,#11339);
#9756=AXIS2_PLACEMENT_3D('',#14431,#11340,#11341);
#9757=AXIS2_PLACEMENT_3D('',#14433,#11342,#11343);
#9758=AXIS2_PLACEMENT_3D('',#14434,#11344,#11345);
#9759=AXIS2_PLACEMENT_3D('',#14435,#11346,#11347);
#9760=AXIS2_PLACEMENT_3D('',#14436,#11348,#11349);
#9761=AXIS2_PLACEMENT_3D('',#14438,#11350,#11351);
#9762=AXIS2_PLACEMENT_3D('',#14440,#11352,#11353);
#9763=AXIS2_PLACEMENT_3D('',#14441,#11354,#11355);
#9764=AXIS2_PLACEMENT_3D('',#14443,#11356,#11357);
#9765=AXIS2_PLACEMENT_3D('',#14445,#11358,#11359);
#9766=AXIS2_PLACEMENT_3D('',#14446,#11360,#11361);
#9767=AXIS2_PLACEMENT_3D('',#14447,#11362,#11363);
#9768=AXIS2_PLACEMENT_3D('',#14448,#11364,#11365);
#9769=AXIS2_PLACEMENT_3D('',#14450,#11366,#11367);
#9770=AXIS2_PLACEMENT_3D('',#14452,#11368,#11369);
#9771=AXIS2_PLACEMENT_3D('',#14453,#11370,#11371);
#9772=AXIS2_PLACEMENT_3D('',#14455,#11372,#11373);
#9773=AXIS2_PLACEMENT_3D('',#14457,#11374,#11375);
#9774=AXIS2_PLACEMENT_3D('',#14458,#11376,#11377);
#9775=AXIS2_PLACEMENT_3D('',#14459,#11378,#11379);
#9776=AXIS2_PLACEMENT_3D('',#14460,#11380,#11381);
#9777=AXIS2_PLACEMENT_3D('',#14462,#11382,#11383);
#9778=AXIS2_PLACEMENT_3D('',#14464,#11384,#11385);
#9779=AXIS2_PLACEMENT_3D('',#14465,#11386,#11387);
#9780=AXIS2_PLACEMENT_3D('',#14467,#11388,#11389);
#9781=AXIS2_PLACEMENT_3D('',#14469,#11390,#11391);
#9782=AXIS2_PLACEMENT_3D('',#14470,#11392,#11393);
#9783=AXIS2_PLACEMENT_3D('',#14471,#11394,#11395);
#9784=AXIS2_PLACEMENT_3D('',#14472,#11396,#11397);
#9785=AXIS2_PLACEMENT_3D('',#14474,#11398,#11399);
#9786=AXIS2_PLACEMENT_3D('',#14476,#11400,#11401);
#9787=AXIS2_PLACEMENT_3D('',#14477,#11402,#11403);
#9788=AXIS2_PLACEMENT_3D('',#14479,#11404,#11405);
#9789=AXIS2_PLACEMENT_3D('',#14481,#11406,#11407);
#9790=AXIS2_PLACEMENT_3D('',#14482,#11408,#11409);
#9791=AXIS2_PLACEMENT_3D('',#14483,#11410,#11411);
#9792=AXIS2_PLACEMENT_3D('',#14484,#11412,#11413);
#9793=AXIS2_PLACEMENT_3D('',#14486,#11414,#11415);
#9794=AXIS2_PLACEMENT_3D('',#14488,#11416,#11417);
#9795=AXIS2_PLACEMENT_3D('',#14489,#11418,#11419);
#9796=AXIS2_PLACEMENT_3D('',#14491,#11420,#11421);
#9797=AXIS2_PLACEMENT_3D('',#14493,#11422,#11423);
#9798=AXIS2_PLACEMENT_3D('',#14494,#11424,#11425);
#9799=AXIS2_PLACEMENT_3D('',#14495,#11426,#11427);
#9800=AXIS2_PLACEMENT_3D('',#14496,#11428,#11429);
#9801=AXIS2_PLACEMENT_3D('',#14498,#11430,#11431);
#9802=AXIS2_PLACEMENT_3D('',#14500,#11432,#11433);
#9803=AXIS2_PLACEMENT_3D('',#14501,#11434,#11435);
#9804=AXIS2_PLACEMENT_3D('',#14503,#11436,#11437);
#9805=AXIS2_PLACEMENT_3D('',#14505,#11438,#11439);
#9806=AXIS2_PLACEMENT_3D('',#14506,#11440,#11441);
#9807=AXIS2_PLACEMENT_3D('',#14507,#11442,#11443);
#9808=AXIS2_PLACEMENT_3D('',#14508,#11444,#11445);
#9809=AXIS2_PLACEMENT_3D('',#14510,#11446,#11447);
#9810=AXIS2_PLACEMENT_3D('',#14512,#11448,#11449);
#9811=AXIS2_PLACEMENT_3D('',#14513,#11450,#11451);
#9812=AXIS2_PLACEMENT_3D('',#14515,#11452,#11453);
#9813=AXIS2_PLACEMENT_3D('',#14517,#11454,#11455);
#9814=AXIS2_PLACEMENT_3D('',#14518,#11456,#11457);
#9815=AXIS2_PLACEMENT_3D('',#14519,#11458,#11459);
#9816=AXIS2_PLACEMENT_3D('',#14520,#11460,#11461);
#9817=AXIS2_PLACEMENT_3D('',#14522,#11462,#11463);
#9818=AXIS2_PLACEMENT_3D('',#14524,#11464,#11465);
#9819=AXIS2_PLACEMENT_3D('',#14525,#11466,#11467);
#9820=AXIS2_PLACEMENT_3D('',#14527,#11468,#11469);
#9821=AXIS2_PLACEMENT_3D('',#14529,#11470,#11471);
#9822=AXIS2_PLACEMENT_3D('',#14530,#11472,#11473);
#9823=AXIS2_PLACEMENT_3D('',#14531,#11474,#11475);
#9824=AXIS2_PLACEMENT_3D('',#14532,#11476,#11477);
#9825=AXIS2_PLACEMENT_3D('',#14534,#11478,#11479);
#9826=AXIS2_PLACEMENT_3D('',#14536,#11480,#11481);
#9827=AXIS2_PLACEMENT_3D('',#14537,#11482,#11483);
#9828=AXIS2_PLACEMENT_3D('',#14539,#11484,#11485);
#9829=AXIS2_PLACEMENT_3D('',#14541,#11486,#11487);
#9830=AXIS2_PLACEMENT_3D('',#14542,#11488,#11489);
#9831=AXIS2_PLACEMENT_3D('',#14543,#11490,#11491);
#9832=AXIS2_PLACEMENT_3D('',#14544,#11492,#11493);
#9833=AXIS2_PLACEMENT_3D('',#14546,#11494,#11495);
#9834=AXIS2_PLACEMENT_3D('',#14548,#11496,#11497);
#9835=AXIS2_PLACEMENT_3D('',#14549,#11498,#11499);
#9836=AXIS2_PLACEMENT_3D('',#14551,#11500,#11501);
#9837=AXIS2_PLACEMENT_3D('',#14553,#11502,#11503);
#9838=AXIS2_PLACEMENT_3D('',#14554,#11504,#11505);
#9839=AXIS2_PLACEMENT_3D('',#14555,#11506,#11507);
#9840=AXIS2_PLACEMENT_3D('',#14556,#11508,#11509);
#9841=AXIS2_PLACEMENT_3D('',#14558,#11510,#11511);
#9842=AXIS2_PLACEMENT_3D('',#14560,#11512,#11513);
#9843=AXIS2_PLACEMENT_3D('',#14561,#11514,#11515);
#9844=AXIS2_PLACEMENT_3D('',#14563,#11516,#11517);
#9845=AXIS2_PLACEMENT_3D('',#14565,#11518,#11519);
#9846=AXIS2_PLACEMENT_3D('',#14566,#11520,#11521);
#9847=AXIS2_PLACEMENT_3D('',#14567,#11522,#11523);
#9848=AXIS2_PLACEMENT_3D('',#14568,#11524,#11525);
#9849=AXIS2_PLACEMENT_3D('',#14570,#11526,#11527);
#9850=AXIS2_PLACEMENT_3D('',#14572,#11528,#11529);
#9851=AXIS2_PLACEMENT_3D('',#14573,#11530,#11531);
#9852=AXIS2_PLACEMENT_3D('',#14575,#11532,#11533);
#9853=AXIS2_PLACEMENT_3D('',#14577,#11534,#11535);
#9854=AXIS2_PLACEMENT_3D('',#14578,#11536,#11537);
#9855=AXIS2_PLACEMENT_3D('',#14579,#11538,#11539);
#9856=AXIS2_PLACEMENT_3D('',#14580,#11540,#11541);
#9857=AXIS2_PLACEMENT_3D('',#14582,#11542,#11543);
#9858=AXIS2_PLACEMENT_3D('',#14584,#11544,#11545);
#9859=AXIS2_PLACEMENT_3D('',#14585,#11546,#11547);
#9860=AXIS2_PLACEMENT_3D('',#14587,#11548,#11549);
#9861=AXIS2_PLACEMENT_3D('',#14589,#11550,#11551);
#9862=AXIS2_PLACEMENT_3D('',#14590,#11552,#11553);
#9863=AXIS2_PLACEMENT_3D('',#14591,#11554,#11555);
#9864=AXIS2_PLACEMENT_3D('',#14592,#11556,#11557);
#9865=AXIS2_PLACEMENT_3D('',#14594,#11558,#11559);
#9866=AXIS2_PLACEMENT_3D('',#14597,#11560,#11561);
#9867=AXIS2_PLACEMENT_3D('',#14598,#11562,#11563);
#9868=AXIS2_PLACEMENT_3D('',#14599,#11564,#11565);
#9869=AXIS2_PLACEMENT_3D('',#14601,#11566,#11567);
#9870=AXIS2_PLACEMENT_3D('',#14603,#11568,#11569);
#9871=AXIS2_PLACEMENT_3D('',#14604,#11570,#11571);
#9872=AXIS2_PLACEMENT_3D('',#14605,#11572,#11573);
#9873=AXIS2_PLACEMENT_3D('',#14606,#11574,#11575);
#9874=AXIS2_PLACEMENT_3D('',#14614,#11576,#11577);
#9875=AXIS2_PLACEMENT_3D('',#14620,#11578,#11579);
#9876=AXIS2_PLACEMENT_3D('',#14621,#11580,#11581);
#9877=AXIS2_PLACEMENT_3D('',#14622,#11582,#11583);
#9878=AXIS2_PLACEMENT_3D('',#14624,#11584,#11585);
#9879=AXIS2_PLACEMENT_3D('',#14626,#11586,#11587);
#9880=AXIS2_PLACEMENT_3D('',#14627,#11588,#11589);
#9881=AXIS2_PLACEMENT_3D('',#14629,#11590,#11591);
#9882=AXIS2_PLACEMENT_3D('',#14631,#11592,#11593);
#9883=AXIS2_PLACEMENT_3D('',#14632,#11594,#11595);
#9884=AXIS2_PLACEMENT_3D('',#14633,#11596,#11597);
#9885=AXIS2_PLACEMENT_3D('',#14639,#11601,#11602);
#9886=AXIS2_PLACEMENT_3D('',#14645,#11606,#11607);
#9887=AXIS2_PLACEMENT_3D('',#14651,#11611,#11612);
#9888=AXIS2_PLACEMENT_3D('',#14657,#11616,#11617);
#9889=AXIS2_PLACEMENT_3D('',#14658,#11618,#11619);
#9890=AXIS2_PLACEMENT_3D('',#14660,#11620,#11621);
#9891=AXIS2_PLACEMENT_3D('',#14661,#11622,#11623);
#9892=AXIS2_PLACEMENT_3D('',#14662,#11624,#11625);
#9893=AXIS2_PLACEMENT_3D('',#14664,#11626,#11627);
#9894=AXIS2_PLACEMENT_3D('',#14665,#11628,#11629);
#9895=AXIS2_PLACEMENT_3D('',#14666,#11630,#11631);
#9896=AXIS2_PLACEMENT_3D('',#14668,#11632,#11633);
#9897=AXIS2_PLACEMENT_3D('',#14669,#11634,#11635);
#9898=AXIS2_PLACEMENT_3D('',#14670,#11636,#11637);
#9899=AXIS2_PLACEMENT_3D('',#14672,#11638,#11639);
#9900=AXIS2_PLACEMENT_3D('',#14673,#11640,#11641);
#9901=AXIS2_PLACEMENT_3D('',#14674,#11642,#11643);
#9902=AXIS2_PLACEMENT_3D('',#14676,#11644,#11645);
#9903=AXIS2_PLACEMENT_3D('',#14678,#11646,#11647);
#9904=AXIS2_PLACEMENT_3D('',#14679,#11648,#11649);
#9905=AXIS2_PLACEMENT_3D('',#14681,#11650,#11651);
#9906=AXIS2_PLACEMENT_3D('',#14683,#11652,#11653);
#9907=AXIS2_PLACEMENT_3D('',#14684,#11654,#11655);
#9908=AXIS2_PLACEMENT_3D('',#14685,#11656,#11657);
#9909=AXIS2_PLACEMENT_3D('',#14687,#11658,#11659);
#9910=AXIS2_PLACEMENT_3D('',#14689,#11660,#11661);
#9911=AXIS2_PLACEMENT_3D('',#14690,#11662,#11663);
#9912=AXIS2_PLACEMENT_3D('',#14691,#11664,#11665);
#9913=AXIS2_PLACEMENT_3D('',#14693,#11666,#11667);
#9914=AXIS2_PLACEMENT_3D('',#14695,#11668,#11669);
#9915=AXIS2_PLACEMENT_3D('',#14696,#11670,#11671);
#9916=AXIS2_PLACEMENT_3D('',#14697,#11672,#11673);
#9917=AXIS2_PLACEMENT_3D('',#14699,#11674,#11675);
#9918=AXIS2_PLACEMENT_3D('',#14701,#11676,#11677);
#9919=AXIS2_PLACEMENT_3D('',#14702,#11678,#11679);
#9920=AXIS2_PLACEMENT_3D('',#14703,#11680,#11681);
#9921=AXIS2_PLACEMENT_3D('',#14705,#11682,#11683);
#9922=AXIS2_PLACEMENT_3D('',#14706,#11684,#11685);
#9923=AXIS2_PLACEMENT_3D('',#14707,#11686,#11687);
#9924=AXIS2_PLACEMENT_3D('',#14709,#11688,#11689);
#9925=AXIS2_PLACEMENT_3D('',#14710,#11690,#11691);
#9926=AXIS2_PLACEMENT_3D('',#14711,#11692,#11693);
#9927=AXIS2_PLACEMENT_3D('',#14712,#11694,#11695);
#9928=AXIS2_PLACEMENT_3D('',#14713,#11696,#11697);
#9929=AXIS2_PLACEMENT_3D('',#14714,#11698,#11699);
#9930=AXIS2_PLACEMENT_3D('',#14716,#11700,#11701);
#9931=AXIS2_PLACEMENT_3D('',#14722,#11705,#11706);
#9932=AXIS2_PLACEMENT_3D('',#14728,#11710,#11711);
#9933=AXIS2_PLACEMENT_3D('',#14734,#11715,#11716);
#9934=AXIS2_PLACEMENT_3D('',#14740,#11720,#11721);
#9935=AXIS2_PLACEMENT_3D('',#14741,#11722,#11723);
#9936=AXIS2_PLACEMENT_3D('',#14743,#11724,#11725);
#9937=AXIS2_PLACEMENT_3D('',#14744,#11726,#11727);
#9938=AXIS2_PLACEMENT_3D('',#14745,#11728,#11729);
#9939=AXIS2_PLACEMENT_3D('',#14747,#11730,#11731);
#9940=AXIS2_PLACEMENT_3D('',#14748,#11732,#11733);
#9941=AXIS2_PLACEMENT_3D('',#14749,#11734,#11735);
#9942=AXIS2_PLACEMENT_3D('',#14751,#11736,#11737);
#9943=AXIS2_PLACEMENT_3D('',#14752,#11738,#11739);
#9944=AXIS2_PLACEMENT_3D('',#14753,#11740,#11741);
#9945=AXIS2_PLACEMENT_3D('',#14755,#11742,#11743);
#9946=AXIS2_PLACEMENT_3D('',#14756,#11744,#11745);
#9947=AXIS2_PLACEMENT_3D('',#14757,#11746,#11747);
#9948=AXIS2_PLACEMENT_3D('',#14759,#11748,#11749);
#9949=AXIS2_PLACEMENT_3D('',#14761,#11750,#11751);
#9950=AXIS2_PLACEMENT_3D('',#14762,#11752,#11753);
#9951=AXIS2_PLACEMENT_3D('',#14764,#11754,#11755);
#9952=AXIS2_PLACEMENT_3D('',#14766,#11756,#11757);
#9953=AXIS2_PLACEMENT_3D('',#14767,#11758,#11759);
#9954=AXIS2_PLACEMENT_3D('',#14768,#11760,#11761);
#9955=AXIS2_PLACEMENT_3D('',#14770,#11762,#11763);
#9956=AXIS2_PLACEMENT_3D('',#14771,#11764,#11765);
#9957=AXIS2_PLACEMENT_3D('',#14773,#11766,#11767);
#9958=AXIS2_PLACEMENT_3D('',#14775,#11768,#11769);
#9959=AXIS2_PLACEMENT_3D('',#14776,#11770,#11771);
#9960=AXIS2_PLACEMENT_3D('',#14777,#11772,#11773);
#9961=AXIS2_PLACEMENT_3D('',#14779,#11774,#11775);
#9962=AXIS2_PLACEMENT_3D('',#14781,#11776,#11777);
#9963=AXIS2_PLACEMENT_3D('',#14782,#11778,#11779);
#9964=AXIS2_PLACEMENT_3D('',#14783,#11780,#11781);
#9965=AXIS2_PLACEMENT_3D('',#14785,#11782,#11783);
#9966=AXIS2_PLACEMENT_3D('',#14787,#11784,#11785);
#9967=AXIS2_PLACEMENT_3D('',#14788,#11786,#11787);
#9968=AXIS2_PLACEMENT_3D('',#14789,#11788,#11789);
#9969=AXIS2_PLACEMENT_3D('',#14790,#11790,#11791);
#9970=AXIS2_PLACEMENT_3D('',#14792,#11792,#11793);
#9971=AXIS2_PLACEMENT_3D('',#14793,#11794,#11795);
#9972=AXIS2_PLACEMENT_3D('',#14794,#11796,#11797);
#9973=AXIS2_PLACEMENT_3D('',#14795,#11798,#11799);
#9974=AXIS2_PLACEMENT_3D('',#14796,#11800,#11801);
#9975=AXIS2_PLACEMENT_3D('',#14797,#11802,#11803);
#9976=AXIS2_PLACEMENT_3D('',#14799,#11804,#11805);
#9977=AXIS2_PLACEMENT_3D('',#14805,#11809,#11810);
#9978=AXIS2_PLACEMENT_3D('',#14809,#11813,#11814);
#9979=AXIS2_PLACEMENT_3D('',#14813,#11817,#11818);
#9980=AXIS2_PLACEMENT_3D('',#14819,#11822,#11823);
#9981=AXIS2_PLACEMENT_3D('',#14823,#11826,#11827);
#9982=AXIS2_PLACEMENT_3D('',#14827,#11830,#11831);
#9983=AXIS2_PLACEMENT_3D('',#14833,#11835,#11836);
#9984=AXIS2_PLACEMENT_3D('',#14837,#11839,#11840);
#9985=AXIS2_PLACEMENT_3D('',#14841,#11843,#11844);
#9986=AXIS2_PLACEMENT_3D('',#14847,#11848,#11849);
#9987=AXIS2_PLACEMENT_3D('',#14851,#11852,#11853);
#9988=AXIS2_PLACEMENT_3D('',#14855,#11856,#11857);
#9989=AXIS2_PLACEMENT_3D('',#14861,#11861,#11862);
#9990=AXIS2_PLACEMENT_3D('',#14865,#11865,#11866);
#9991=AXIS2_PLACEMENT_3D('',#14869,#11869,#11870);
#9992=AXIS2_PLACEMENT_3D('',#14875,#11874,#11875);
#9993=AXIS2_PLACEMENT_3D('',#14879,#11878,#11879);
#9994=AXIS2_PLACEMENT_3D('',#14883,#11882,#11883);
#9995=AXIS2_PLACEMENT_3D('',#14889,#11887,#11888);
#9996=AXIS2_PLACEMENT_3D('',#14893,#11891,#11892);
#9997=AXIS2_PLACEMENT_3D('',#14897,#11895,#11896);
#9998=AXIS2_PLACEMENT_3D('',#14903,#11900,#11901);
#9999=AXIS2_PLACEMENT_3D('',#14907,#11904,#11905);
#10000=AXIS2_PLACEMENT_3D('',#14911,#11908,#11909);
#10001=AXIS2_PLACEMENT_3D('',#14917,#11913,#11914);
#10002=AXIS2_PLACEMENT_3D('',#14921,#11917,#11918);
#10003=AXIS2_PLACEMENT_3D('',#14925,#11921,#11922);
#10004=AXIS2_PLACEMENT_3D('',#14926,#11923,#11924);
#10005=AXIS2_PLACEMENT_3D('',#14936,#11929,#11930);
#10006=AXIS2_PLACEMENT_3D('',#14937,#11931,#11932);
#10007=AXIS2_PLACEMENT_3D('',#14939,#11933,#11934);
#10008=AXIS2_PLACEMENT_3D('',#14941,#11935,#11936);
#10009=AXIS2_PLACEMENT_3D('',#14943,#11937,#11938);
#10010=AXIS2_PLACEMENT_3D('',#14945,#11939,#11940);
#10011=AXIS2_PLACEMENT_3D('',#14947,#11941,#11942);
#10012=AXIS2_PLACEMENT_3D('',#14957,#11947,#11948);
#10013=AXIS2_PLACEMENT_3D('',#14969,#11952,#11953);
#10014=AXIS2_PLACEMENT_3D('',#14977,#11956,#11957);
#10015=AXIS2_PLACEMENT_3D('',#14981,#11960,#11961);
#10016=AXIS2_PLACEMENT_3D('',#14987,#11965,#11966);
#10017=AXIS2_PLACEMENT_3D('',#14991,#11969,#11970);
#10018=AXIS2_PLACEMENT_3D('',#14995,#11973,#11974);
#10019=AXIS2_PLACEMENT_3D('',#15001,#11978,#11979);
#10020=AXIS2_PLACEMENT_3D('',#15005,#11982,#11983);
#10021=AXIS2_PLACEMENT_3D('',#15009,#11986,#11987);
#10022=AXIS2_PLACEMENT_3D('',#15021,#11991,#11992);
#10023=AXIS2_PLACEMENT_3D('',#15029,#11995,#11996);
#10024=AXIS2_PLACEMENT_3D('',#15033,#11999,#12000);
#10025=AXIS2_PLACEMENT_3D('',#15039,#12004,#12005);
#10026=AXIS2_PLACEMENT_3D('',#15043,#12008,#12009);
#10027=AXIS2_PLACEMENT_3D('',#15047,#12012,#12013);
#10028=AXIS2_PLACEMENT_3D('',#15053,#12017,#12018);
#10029=AXIS2_PLACEMENT_3D('',#15057,#12021,#12022);
#10030=AXIS2_PLACEMENT_3D('',#15061,#12025,#12026);
#10031=AXIS2_PLACEMENT_3D('',#15067,#12030,#12031);
#10032=AXIS2_PLACEMENT_3D('',#15071,#12034,#12035);
#10033=AXIS2_PLACEMENT_3D('',#15075,#12038,#12039);
#10034=AXIS2_PLACEMENT_3D('',#15081,#12043,#12044);
#10035=AXIS2_PLACEMENT_3D('',#15085,#12047,#12048);
#10036=AXIS2_PLACEMENT_3D('',#15089,#12051,#12052);
#10037=AXIS2_PLACEMENT_3D('',#15095,#12056,#12057);
#10038=AXIS2_PLACEMENT_3D('',#15099,#12060,#12061);
#10039=AXIS2_PLACEMENT_3D('',#15103,#12064,#12065);
#10040=AXIS2_PLACEMENT_3D('',#15109,#12069,#12070);
#10041=AXIS2_PLACEMENT_3D('',#15113,#12073,#12074);
#10042=AXIS2_PLACEMENT_3D('',#15117,#12077,#12078);
#10043=AXIS2_PLACEMENT_3D('',#15123,#12082,#12083);
#10044=AXIS2_PLACEMENT_3D('',#15127,#12086,#12087);
#10045=AXIS2_PLACEMENT_3D('',#15131,#12090,#12091);
#10046=AXIS2_PLACEMENT_3D('',#15137,#12095,#12096);
#10047=AXIS2_PLACEMENT_3D('',#15141,#12099,#12100);
#10048=AXIS2_PLACEMENT_3D('',#15145,#12103,#12104);
#10049=AXIS2_PLACEMENT_3D('',#15151,#12108,#12109);
#10050=AXIS2_PLACEMENT_3D('',#15155,#12112,#12113);
#10051=AXIS2_PLACEMENT_3D('',#15159,#12116,#12117);
#10052=AXIS2_PLACEMENT_3D('',#15165,#12121,#12122);
#10053=AXIS2_PLACEMENT_3D('',#15169,#12125,#12126);
#10054=AXIS2_PLACEMENT_3D('',#15173,#12129,#12130);
#10055=AXIS2_PLACEMENT_3D('',#15179,#12134,#12135);
#10056=AXIS2_PLACEMENT_3D('',#15183,#12138,#12139);
#10057=AXIS2_PLACEMENT_3D('',#15187,#12142,#12143);
#10058=AXIS2_PLACEMENT_3D('',#15193,#12147,#12148);
#10059=AXIS2_PLACEMENT_3D('',#15197,#12151,#12152);
#10060=AXIS2_PLACEMENT_3D('',#15201,#12155,#12156);
#10061=AXIS2_PLACEMENT_3D('',#15207,#12160,#12161);
#10062=AXIS2_PLACEMENT_3D('',#15211,#12164,#12165);
#10063=AXIS2_PLACEMENT_3D('',#15215,#12168,#12169);
#10064=AXIS2_PLACEMENT_3D('',#15221,#12173,#12174);
#10065=AXIS2_PLACEMENT_3D('',#15225,#12177,#12178);
#10066=AXIS2_PLACEMENT_3D('',#15229,#12181,#12182);
#10067=AXIS2_PLACEMENT_3D('',#15235,#12186,#12187);
#10068=AXIS2_PLACEMENT_3D('',#15239,#12190,#12191);
#10069=AXIS2_PLACEMENT_3D('',#15243,#12194,#12195);
#10070=AXIS2_PLACEMENT_3D('',#15249,#12199,#12200);
#10071=AXIS2_PLACEMENT_3D('',#15253,#12203,#12204);
#10072=AXIS2_PLACEMENT_3D('',#15257,#12207,#12208);
#10073=AXIS2_PLACEMENT_3D('',#15259,#12210,#12211);
#10074=AXIS2_PLACEMENT_3D('',#15261,#12213,#12214);
#10075=AXIS2_PLACEMENT_3D('',#15263,#12216,#12217);
#10076=AXIS2_PLACEMENT_3D('',#15265,#12219,#12220);
#10077=AXIS2_PLACEMENT_3D('',#15267,#12222,#12223);
#10078=AXIS2_PLACEMENT_3D('',#15269,#12225,#12226);
#10079=AXIS2_PLACEMENT_3D('',#15271,#12228,#12229);
#10080=AXIS2_PLACEMENT_3D('',#15273,#12231,#12232);
#10081=AXIS2_PLACEMENT_3D('',#15275,#12234,#12235);
#10082=AXIS2_PLACEMENT_3D('',#15284,#12240,#12241);
#10083=AXIS2_PLACEMENT_3D('',#15286,#12243,#12244);
#10084=AXIS2_PLACEMENT_3D('',#15287,#12245,#12246);
#10085=AXIS2_PLACEMENT_3D('',#15289,#12247,#12248);
#10086=AXIS2_PLACEMENT_3D('',#15290,#12249,#12250);
#10087=AXIS2_PLACEMENT_3D('',#15292,#12251,#12252);
#10088=AXIS2_PLACEMENT_3D('',#15293,#12253,#12254);
#10089=AXIS2_PLACEMENT_3D('',#15295,#12255,#12256);
#10090=AXIS2_PLACEMENT_3D('',#15296,#12257,#12258);
#10091=AXIS2_PLACEMENT_3D('',#15298,#12259,#12260);
#10092=AXIS2_PLACEMENT_3D('',#15299,#12261,#12262);
#10093=AXIS2_PLACEMENT_3D('',#15301,#12263,#12264);
#10094=AXIS2_PLACEMENT_3D('',#15302,#12265,#12266);
#10095=AXIS2_PLACEMENT_3D('',#15304,#12267,#12268);
#10096=AXIS2_PLACEMENT_3D('',#15305,#12269,#12270);
#10097=AXIS2_PLACEMENT_3D('',#15307,#12271,#12272);
#10098=AXIS2_PLACEMENT_3D('',#15308,#12273,#12274);
#10099=AXIS2_PLACEMENT_3D('',#15310,#12275,#12276);
#10100=AXIS2_PLACEMENT_3D('',#15311,#12277,#12278);
#10101=AXIS2_PLACEMENT_3D('',#15313,#12279,#12280);
#10102=AXIS2_PLACEMENT_3D('',#15314,#12281,#12282);
#10103=AXIS2_PLACEMENT_3D('',#15316,#12283,#12284);
#10104=AXIS2_PLACEMENT_3D('',#15317,#12285,#12286);
#10105=AXIS2_PLACEMENT_3D('',#15319,#12287,#12288);
#10106=AXIS2_PLACEMENT_3D('',#15320,#12289,#12290);
#10107=AXIS2_PLACEMENT_3D('',#15322,#12291,#12292);
#10108=AXIS2_PLACEMENT_3D('',#15323,#12293,#12294);
#10109=AXIS2_PLACEMENT_3D('',#15325,#12295,#12296);
#10110=AXIS2_PLACEMENT_3D('',#15326,#12297,#12298);
#10111=AXIS2_PLACEMENT_3D('',#15328,#12299,#12300);
#10112=AXIS2_PLACEMENT_3D('',#15329,#12301,#12302);
#10113=AXIS2_PLACEMENT_3D('',#15331,#12303,#12304);
#10114=AXIS2_PLACEMENT_3D('',#15332,#12305,#12306);
#10115=AXIS2_PLACEMENT_3D('',#15334,#12307,#12308);
#10116=AXIS2_PLACEMENT_3D('',#15335,#12309,#12310);
#10117=AXIS2_PLACEMENT_3D('',#15337,#12311,#12312);
#10118=AXIS2_PLACEMENT_3D('',#15338,#12313,#12314);
#10119=AXIS2_PLACEMENT_3D('',#15340,#12315,#12316);
#10120=AXIS2_PLACEMENT_3D('',#15341,#12317,#12318);
#10121=AXIS2_PLACEMENT_3D('',#15343,#12319,#12320);
#10122=AXIS2_PLACEMENT_3D('',#15345,#12322,#12323);
#10123=AXIS2_PLACEMENT_3D('',#15346,#12324,#12325);
#10124=AXIS2_PLACEMENT_3D('',#15348,#12326,#12327);
#10125=AXIS2_PLACEMENT_3D('',#15349,#12328,#12329);
#10126=AXIS2_PLACEMENT_3D('',#15351,#12330,#12331);
#10127=AXIS2_PLACEMENT_3D('',#15353,#12333,#12334);
#10128=AXIS2_PLACEMENT_3D('',#15355,#12336,#12337);
#10129=AXIS2_PLACEMENT_3D('',#15357,#12339,#12340);
#10130=AXIS2_PLACEMENT_3D('',#15359,#12342,#12343);
#10131=AXIS2_PLACEMENT_3D('',#15361,#12345,#12346);
#10132=AXIS2_PLACEMENT_3D('',#15363,#12348,#12349);
#10133=AXIS2_PLACEMENT_3D('',#15365,#12351,#12352);
#10134=AXIS2_PLACEMENT_3D('',#15367,#12354,#12355);
#10135=AXIS2_PLACEMENT_3D('',#15369,#12357,#12358);
#10136=AXIS2_PLACEMENT_3D('',#15371,#12360,#12361);
#10137=AXIS2_PLACEMENT_3D('',#15373,#12363,#12364);
#10138=AXIS2_PLACEMENT_3D('',#15375,#12366,#12367);
#10139=AXIS2_PLACEMENT_3D('',#15376,#12368,#12369);
#10140=AXIS2_PLACEMENT_3D('',#15378,#12370,#12371);
#10141=AXIS2_PLACEMENT_3D('',#15380,#12373,#12374);
#10142=AXIS2_PLACEMENT_3D('',#15382,#12376,#12377);
#10143=AXIS2_PLACEMENT_3D('',#15383,#12378,#12379);
#10144=AXIS2_PLACEMENT_3D('',#15385,#12380,#12381);
#10145=AXIS2_PLACEMENT_3D('',#15386,#12382,#12383);
#10146=AXIS2_PLACEMENT_3D('',#15388,#12384,#12385);
#10147=AXIS2_PLACEMENT_3D('',#15389,#12386,#12387);
#10148=AXIS2_PLACEMENT_3D('',#15391,#12388,#12389);
#10149=AXIS2_PLACEMENT_3D('',#15393,#12391,#12392);
#10150=AXIS2_PLACEMENT_3D('',#15395,#12394,#12395);
#10151=AXIS2_PLACEMENT_3D('',#15396,#12396,#12397);
#10152=AXIS2_PLACEMENT_3D('',#15398,#12398,#12399);
#10153=AXIS2_PLACEMENT_3D('',#15400,#12401,#12402);
#10154=AXIS2_PLACEMENT_3D('',#15401,#12403,#12404);
#10155=AXIS2_PLACEMENT_3D('',#15403,#12405,#12406);
#10156=AXIS2_PLACEMENT_3D('',#15404,#12407,#12408);
#10157=AXIS2_PLACEMENT_3D('',#15406,#12409,#12410);
#10158=AXIS2_PLACEMENT_3D('',#15408,#12412,#12413);
#10159=AXIS2_PLACEMENT_3D('',#15409,#12414,#12415);
#10160=AXIS2_PLACEMENT_3D('',#15411,#12416,#12417);
#10161=AXIS2_PLACEMENT_3D('',#15445,#12434,#12435);
#10162=AXIS2_PLACEMENT_3D('',#15455,#12440,#12441);
#10163=AXIS2_PLACEMENT_3D('',#15457,#12442,#12443);
#10164=AXIS2_PLACEMENT_3D('',#15459,#12444,#12445);
#10165=AXIS2_PLACEMENT_3D('',#15621,#12526,#12527);
#10166=AXIS2_PLACEMENT_3D('',#15623,#12528,#12529);
#10167=AXIS2_PLACEMENT_3D('',#15625,#12530,#12531);
#10168=AXIS2_PLACEMENT_3D('',#15627,#12532,#12533);
#10169=AXIS2_PLACEMENT_3D('',#15661,#12550,#12551);
#10170=AXIS2_PLACEMENT_3D('',#15663,#12552,#12553);
#10171=AXIS2_PLACEMENT_3D('',#15665,#12554,#12555);
#10172=AXIS2_PLACEMENT_3D('',#15667,#12556,#12557);
#10173=AXIS2_PLACEMENT_3D('',#15669,#12558,#12559);
#10174=AXIS2_PLACEMENT_3D('',#15671,#12560,#12561);
#10175=AXIS2_PLACEMENT_3D('',#15673,#12562,#12563);
#10176=AXIS2_PLACEMENT_3D('',#15675,#12564,#12565);
#10177=AXIS2_PLACEMENT_3D('',#15677,#12566,#12567);
#10178=AXIS2_PLACEMENT_3D('',#15679,#12568,#12569);
#10179=AXIS2_PLACEMENT_3D('',#15681,#12570,#12571);
#10180=AXIS2_PLACEMENT_3D('',#15683,#12572,#12573);
#10181=AXIS2_PLACEMENT_3D('',#15685,#12574,#12575);
#10182=AXIS2_PLACEMENT_3D('',#15687,#12576,#12577);
#10183=AXIS2_PLACEMENT_3D('',#15689,#12578,#12579);
#10184=AXIS2_PLACEMENT_3D('',#15691,#12580,#12581);
#10185=AXIS2_PLACEMENT_3D('',#15693,#12582,#12583);
#10186=AXIS2_PLACEMENT_3D('',#15695,#12584,#12585);
#10187=AXIS2_PLACEMENT_3D('',#15697,#12586,#12587);
#10188=AXIS2_PLACEMENT_3D('',#15699,#12588,#12589);
#10189=AXIS2_PLACEMENT_3D('',#15709,#12594,#12595);
#10190=AXIS2_PLACEMENT_3D('',#15710,#12596,#12597);
#10191=AXIS2_PLACEMENT_3D('',#15712,#12598,#12599);
#10192=AXIS2_PLACEMENT_3D('',#15713,#12600,#12601);
#10193=AXIS2_PLACEMENT_3D('',#15714,#12602,#12603);
#10194=AXIS2_PLACEMENT_3D('',#15715,#12604,#12605);
#10195=AXIS2_PLACEMENT_3D('',#15722,#12606,#12607);
#10196=AXIS2_PLACEMENT_3D('',#15723,#12608,#12609);
#10197=AXIS2_PLACEMENT_3D('',#15724,#12610,#12611);
#10198=AXIS2_PLACEMENT_3D('',#15736,#12612,#12613);
#10199=AXIS2_PLACEMENT_3D('',#15737,#12614,#12615);
#10200=AXIS2_PLACEMENT_3D('',#15738,#12616,#12617);
#10201=AXIS2_PLACEMENT_3D('',#15740,#12618,#12619);
#10202=AXIS2_PLACEMENT_3D('',#15741,#12620,#12621);
#10203=AXIS2_PLACEMENT_3D('',#15743,#12622,#12623);
#10204=AXIS2_PLACEMENT_3D('',#15744,#12624,#12625);
#10205=AXIS2_PLACEMENT_3D('',#15746,#12626,#12627);
#10206=AXIS2_PLACEMENT_3D('',#15747,#12628,#12629);
#10207=AXIS2_PLACEMENT_3D('',#15749,#12630,#12631);
#10208=AXIS2_PLACEMENT_3D('',#15751,#12632,#12633);
#10209=AXIS2_PLACEMENT_3D('',#15752,#12634,#12635);
#10210=AXIS2_PLACEMENT_3D('',#15753,#12636,#12637);
#10211=AXIS2_PLACEMENT_3D('',#15755,#12638,#12639);
#10212=AXIS2_PLACEMENT_3D('',#15756,#12640,#12641);
#10213=AXIS2_PLACEMENT_3D('',#15758,#12642,#12643);
#10214=AXIS2_PLACEMENT_3D('',#15760,#12644,#12645);
#10215=AXIS2_PLACEMENT_3D('',#15761,#12646,#12647);
#10216=AXIS2_PLACEMENT_3D('',#15762,#12648,#12649);
#10217=AXIS2_PLACEMENT_3D('',#15764,#12650,#12651);
#10218=AXIS2_PLACEMENT_3D('',#15765,#12652,#12653);
#10219=AXIS2_PLACEMENT_3D('',#15767,#12654,#12655);
#10220=AXIS2_PLACEMENT_3D('',#15769,#12656,#12657);
#10221=AXIS2_PLACEMENT_3D('',#15770,#12658,#12659);
#10222=AXIS2_PLACEMENT_3D('',#15771,#12660,#12661);
#10223=AXIS2_PLACEMENT_3D('',#15773,#12662,#12663);
#10224=AXIS2_PLACEMENT_3D('',#15774,#12664,#12665);
#10225=AXIS2_PLACEMENT_3D('',#15776,#12666,#12667);
#10226=AXIS2_PLACEMENT_3D('',#15777,#12668,#12669);
#10227=AXIS2_PLACEMENT_3D('',#15778,#12670,#12671);
#10228=AXIS2_PLACEMENT_3D('',#15780,#12672,#12673);
#10229=AXIS2_PLACEMENT_3D('',#15781,#12674,#12675);
#10230=AXIS2_PLACEMENT_3D('',#15782,#12676,#12677);
#10231=AXIS2_PLACEMENT_3D('',#15783,#12678,#12679);
#10232=AXIS2_PLACEMENT_3D('',#15785,#12680,#12681);
#10233=AXIS2_PLACEMENT_3D('',#15786,#12682,#12683);
#10234=AXIS2_PLACEMENT_3D('',#15787,#12684,#12685);
#10235=AXIS2_PLACEMENT_3D('',#15788,#12686,#12687);
#10236=AXIS2_PLACEMENT_3D('',#15790,#12688,#12689);
#10237=AXIS2_PLACEMENT_3D('',#15791,#12690,#12691);
#10238=AXIS2_PLACEMENT_3D('',#15792,#12692,#12693);
#10239=AXIS2_PLACEMENT_3D('',#15793,#12694,#12695);
#10240=AXIS2_PLACEMENT_3D('',#15794,#12696,#12697);
#10241=AXIS2_PLACEMENT_3D('',#15795,#12698,#12699);
#10242=AXIS2_PLACEMENT_3D('',#15796,#12700,#12701);
#10243=AXIS2_PLACEMENT_3D('',#15797,#12702,#12703);
#10244=AXIS2_PLACEMENT_3D('',#15798,#12704,#12705);
#10245=AXIS2_PLACEMENT_3D('',#15799,#12706,#12707);
#10246=AXIS2_PLACEMENT_3D('',#15800,#12708,#12709);
#10247=AXIS2_PLACEMENT_3D('',#15801,#12710,#12711);
#10248=AXIS2_PLACEMENT_3D('',#15802,#12712,#12713);
#10249=AXIS2_PLACEMENT_3D('',#15803,#12714,#12715);
#10250=AXIS2_PLACEMENT_3D('',#15804,#12716,#12717);
#10251=AXIS2_PLACEMENT_3D('',#15805,#12718,#12719);
#10252=AXIS2_PLACEMENT_3D('',#15806,#12720,#12721);
#10253=AXIS2_PLACEMENT_3D('',#15817,#12725,#12726);
#10254=AXIS2_PLACEMENT_3D('',#15829,#12728,#12729);
#10255=AXIS2_PLACEMENT_3D('',#15830,#12730,#12731);
#10256=AXIS2_PLACEMENT_3D('',#15838,#12734,#12735);
#10257=AXIS2_PLACEMENT_3D('',#15839,#12736,#12737);
#10258=AXIS2_PLACEMENT_3D('',#15841,#12738,#12739);
#10259=AXIS2_PLACEMENT_3D('',#15843,#12740,#12741);
#10260=AXIS2_PLACEMENT_3D('',#15844,#12742,#12743);
#10261=AXIS2_PLACEMENT_3D('',#15846,#12744,#12745);
#10262=AXIS2_PLACEMENT_3D('',#15847,#12746,#12747);
#10263=AXIS2_PLACEMENT_3D('',#15849,#12748,#12749);
#10264=AXIS2_PLACEMENT_3D('',#15851,#12750,#12751);
#10265=AXIS2_PLACEMENT_3D('',#15852,#12752,#12753);
#10266=AXIS2_PLACEMENT_3D('',#15854,#12754,#12755);
#10267=AXIS2_PLACEMENT_3D('',#15855,#12756,#12757);
#10268=AXIS2_PLACEMENT_3D('',#15857,#12758,#12759);
#10269=AXIS2_PLACEMENT_3D('',#15859,#12760,#12761);
#10270=AXIS2_PLACEMENT_3D('',#15860,#12762,#12763);
#10271=AXIS2_PLACEMENT_3D('',#15862,#12764,#12765);
#10272=AXIS2_PLACEMENT_3D('',#15863,#12766,#12767);
#10273=AXIS2_PLACEMENT_3D('',#15865,#12768,#12769);
#10274=AXIS2_PLACEMENT_3D('',#15867,#12770,#12771);
#10275=AXIS2_PLACEMENT_3D('',#15868,#12772,#12773);
#10276=AXIS2_PLACEMENT_3D('',#15870,#12774,#12775);
#10277=AXIS2_PLACEMENT_3D('',#15882,#12779,#12780);
#10278=AXIS2_PLACEMENT_3D('',#15892,#12782,#12783);
#10279=AXIS2_PLACEMENT_3D('',#15893,#12784,#12785);
#10280=AXIS2_PLACEMENT_3D('',#15897,#12788,#12789);
#10281=AXIS2_PLACEMENT_3D('',#15900,#12791,#12792);
#10282=AXIS2_PLACEMENT_3D('',#15903,#12794,#12795);
#10283=AXIS2_PLACEMENT_3D('',#15907,#12798,#12799);
#10284=AXIS2_PLACEMENT_3D('',#15911,#12802,#12803);
#10285=AXIS2_PLACEMENT_3D('',#15917,#12807,#12808);
#10286=AXIS2_PLACEMENT_3D('',#15920,#12810,#12811);
#10287=AXIS2_PLACEMENT_3D('',#15921,#12812,#12813);
#10288=AXIS2_PLACEMENT_3D('',#15925,#12816,#12817);
#10289=AXIS2_PLACEMENT_3D('',#15926,#12818,#12819);
#10290=AXIS2_PLACEMENT_3D('',#15928,#12820,#12821);
#10291=AXIS2_PLACEMENT_3D('',#15930,#12822,#12823);
#10292=AXIS2_PLACEMENT_3D('',#15932,#12824,#12825);
#10293=AXIS2_PLACEMENT_3D('',#15934,#12826,#12827);
#10294=AXIS2_PLACEMENT_3D('',#15935,#12828,#12829);
#10295=AXIS2_PLACEMENT_3D('',#15936,#12830,#12831);
#10296=AXIS2_PLACEMENT_3D('',#15937,#12832,#12833);
#10297=AXIS2_PLACEMENT_3D('',#15938,#12834,#12835);
#10298=AXIS2_PLACEMENT_3D('',#15939,#12836,#12837);
#10299=AXIS2_PLACEMENT_3D('',#15940,#12838,#12839);
#10300=AXIS2_PLACEMENT_3D('',#15941,#12840,#12841);
#10301=AXIS2_PLACEMENT_3D('',#15950,#12846,#12847);
#10302=AXIS2_PLACEMENT_3D('',#15951,#12848,#12849);
#10303=AXIS2_PLACEMENT_3D('',#15953,#12850,#12851);
#10304=AXIS2_PLACEMENT_3D('',#15955,#12852,#12853);
#10305=AXIS2_PLACEMENT_3D('',#15956,#12854,#12855);
#10306=AXIS2_PLACEMENT_3D('',#15958,#12856,#12857);
#10307=AXIS2_PLACEMENT_3D('',#15961,#12860,#12861);
#10308=AXIS2_PLACEMENT_3D('',#15963,#12863,#12864);
#10309=AXIS2_PLACEMENT_3D('',#15965,#12866,#12867);
#10310=AXIS2_PLACEMENT_3D('',#15966,#12868,#12869);
#10311=AXIS2_PLACEMENT_3D('',#15967,#12870,#12871);
#10312=AXIS2_PLACEMENT_3D('',#15968,#12872,#12873);
#10313=AXIS2_PLACEMENT_3D('',#15974,#12874,#12875);
#10314=AXIS2_PLACEMENT_3D('',#15975,#12876,#12877);
#10315=AXIS2_PLACEMENT_3D('',#15976,#12878,#12879);
#10316=AXIS2_PLACEMENT_3D('',#15977,#12880,#12881);
#10317=AXIS2_PLACEMENT_3D('',#15978,#12882,#12883);
#10318=AXIS2_PLACEMENT_3D('',#15979,#12884,#12885);
#10319=AXIS2_PLACEMENT_3D('',#15980,#12886,#12887);
#10320=AXIS2_PLACEMENT_3D('',#15982,#12888,#12889);
#10321=AXIS2_PLACEMENT_3D('',#15983,#12890,#12891);
#10322=AXIS2_PLACEMENT_3D('',#15984,#12892,#12893);
#10323=AXIS2_PLACEMENT_3D('',#15986,#12894,#12895);
#10324=AXIS2_PLACEMENT_3D('',#15987,#12896,#12897);
#10325=AXIS2_PLACEMENT_3D('',#15988,#12898,#12899);
#10326=AXIS2_PLACEMENT_3D('',#15990,#12900,#12901);
#10327=AXIS2_PLACEMENT_3D('',#15991,#12902,#12903);
#10328=AXIS2_PLACEMENT_3D('',#15992,#12904,#12905);
#10329=AXIS2_PLACEMENT_3D('',#15994,#12906,#12907);
#10330=AXIS2_PLACEMENT_3D('',#15995,#12908,#12909);
#10331=AXIS2_PLACEMENT_3D('',#15996,#12910,#12911);
#10332=AXIS2_PLACEMENT_3D('',#15998,#12912,#12913);
#10333=AXIS2_PLACEMENT_3D('',#15999,#12914,#12915);
#10334=AXIS2_PLACEMENT_3D('',#16000,#12916,#12917);
#10335=AXIS2_PLACEMENT_3D('',#16002,#12918,#12919);
#10336=AXIS2_PLACEMENT_3D('',#16003,#12920,#12921);
#10337=AXIS2_PLACEMENT_3D('',#16004,#12922,#12923);
#10338=AXIS2_PLACEMENT_3D('',#16006,#12924,#12925);
#10339=AXIS2_PLACEMENT_3D('',#16007,#12926,#12927);
#10340=AXIS2_PLACEMENT_3D('',#16008,#12928,#12929);
#10341=AXIS2_PLACEMENT_3D('',#16010,#12930,#12931);
#10342=AXIS2_PLACEMENT_3D('',#16011,#12932,#12933);
#10343=AXIS2_PLACEMENT_3D('',#16012,#12934,#12935);
#10344=AXIS2_PLACEMENT_3D('',#16014,#12936,#12937);
#10345=AXIS2_PLACEMENT_3D('',#16015,#12938,#12939);
#10346=AXIS2_PLACEMENT_3D('',#16016,#12940,#12941);
#10347=AXIS2_PLACEMENT_3D('',#16018,#12942,#12943);
#10348=AXIS2_PLACEMENT_3D('',#16020,#12944,#12945);
#10349=AXIS2_PLACEMENT_3D('',#16021,#12946,#12947);
#10350=AXIS2_PLACEMENT_3D('',#16022,#12948,#12949);
#10351=AXIS2_PLACEMENT_3D('',#16024,#12950,#12951);
#10352=AXIS2_PLACEMENT_3D('',#16026,#12952,#12953);
#10353=AXIS2_PLACEMENT_3D('',#16027,#12954,#12955);
#10354=AXIS2_PLACEMENT_3D('',#16028,#12956,#12957);
#10355=AXIS2_PLACEMENT_3D('',#16030,#12958,#12959);
#10356=AXIS2_PLACEMENT_3D('',#16032,#12960,#12961);
#10357=AXIS2_PLACEMENT_3D('',#16033,#12962,#12963);
#10358=AXIS2_PLACEMENT_3D('',#16034,#12964,#12965);
#10359=AXIS2_PLACEMENT_3D('',#16035,#12966,#12967);
#10360=AXIS2_PLACEMENT_3D('',#16036,#12968,#12969);
#10361=AXIS2_PLACEMENT_3D('',#16037,#12970,#12971);
#10362=AXIS2_PLACEMENT_3D('',#16038,#12972,#12973);
#10363=AXIS2_PLACEMENT_3D('',#16039,#12974,#12975);
#10364=AXIS2_PLACEMENT_3D('',#16040,#12976,#12977);
#10365=AXIS2_PLACEMENT_3D('',#16041,#12978,#12979);
#10366=AXIS2_PLACEMENT_3D('',#16042,#12980,#12981);
#10367=AXIS2_PLACEMENT_3D('',#16043,#12982,#12983);
#10368=AXIS2_PLACEMENT_3D('',#16044,#12984,#12985);
#10369=AXIS2_PLACEMENT_3D('',#16045,#12986,#12987);
#10370=AXIS2_PLACEMENT_3D('',#16046,#12988,#12989);
#10371=AXIS2_PLACEMENT_3D('',#16047,#12990,#12991);
#10372=AXIS2_PLACEMENT_3D('',#16048,#12992,#12993);
#10373=AXIS2_PLACEMENT_3D('',#16049,#12994,#12995);
#10374=AXIS2_PLACEMENT_3D('',#16050,#12996,#12997);
#10375=AXIS2_PLACEMENT_3D('',#16051,#12998,#12999);
#10376=AXIS2_PLACEMENT_3D('',#16052,#13000,#13001);
#10377=AXIS2_PLACEMENT_3D('',#16053,#13002,#13003);
#10378=AXIS2_PLACEMENT_3D('',#16054,#13004,#13005);
#10379=AXIS2_PLACEMENT_3D('',#16055,#13006,#13007);
#10380=AXIS2_PLACEMENT_3D('',#16056,#13008,#13009);
#10381=AXIS2_PLACEMENT_3D('',#16057,#13010,#13011);
#10382=AXIS2_PLACEMENT_3D('',#16058,#13012,#13013);
#10383=AXIS2_PLACEMENT_3D('',#16059,#13014,#13015);
#10384=AXIS2_PLACEMENT_3D('',#16060,#13016,#13017);
#10385=AXIS2_PLACEMENT_3D('',#16061,#13018,#13019);
#10386=AXIS2_PLACEMENT_3D('',#16062,#13020,#13021);
#10387=AXIS2_PLACEMENT_3D('',#16063,#13022,#13023);
#10388=AXIS2_PLACEMENT_3D('',#16064,#13024,#13025);
#10389=AXIS2_PLACEMENT_3D('',#16065,#13026,#13027);
#10390=AXIS2_PLACEMENT_3D('',#16066,#13028,#13029);
#10391=AXIS2_PLACEMENT_3D('',#16067,#13030,#13031);
#10392=AXIS2_PLACEMENT_3D('',#16068,#13032,#13033);
#10393=AXIS2_PLACEMENT_3D('',#16069,#13034,#13035);
#10394=AXIS2_PLACEMENT_3D('',#16070,#13036,#13037);
#10395=AXIS2_PLACEMENT_3D('',#16071,#13038,#13039);
#10396=AXIS2_PLACEMENT_3D('',#16072,#13040,#13041);
#10397=AXIS2_PLACEMENT_3D('',#16073,#13042,#13043);
#10398=AXIS2_PLACEMENT_3D('',#16074,#13044,#13045);
#10399=AXIS2_PLACEMENT_3D('',#16075,#13046,#13047);
#10400=AXIS2_PLACEMENT_3D('',#16076,#13048,#13049);
#10401=AXIS2_PLACEMENT_3D('',#16077,#13050,#13051);
#10402=AXIS2_PLACEMENT_3D('',#16078,#13052,#13053);
#10403=AXIS2_PLACEMENT_3D('',#16079,#13054,#13055);
#10404=AXIS2_PLACEMENT_3D('',#16080,#13056,#13057);
#10405=AXIS2_PLACEMENT_3D('',#16081,#13058,#13059);
#10406=AXIS2_PLACEMENT_3D('',#16082,#13060,#13061);
#10407=AXIS2_PLACEMENT_3D('',#16083,#13062,#13063);
#10408=AXIS2_PLACEMENT_3D('',#16084,#13064,#13065);
#10409=AXIS2_PLACEMENT_3D('',#16085,#13066,#13067);
#10410=AXIS2_PLACEMENT_3D('',#16086,#13068,#13069);
#10411=AXIS2_PLACEMENT_3D('',#16087,#13070,#13071);
#10412=AXIS2_PLACEMENT_3D('',#16088,#13072,#13073);
#10413=AXIS2_PLACEMENT_3D('',#16089,#13074,#13075);
#10414=AXIS2_PLACEMENT_3D('',#16090,#13076,#13077);
#10415=AXIS2_PLACEMENT_3D('',#16091,#13078,#13079);
#10416=AXIS2_PLACEMENT_3D('',#16092,#13080,#13081);
#10417=AXIS2_PLACEMENT_3D('',#16093,#13082,#13083);
#10418=AXIS2_PLACEMENT_3D('',#16094,#13084,#13085);
#10419=AXIS2_PLACEMENT_3D('',#16095,#13086,#13087);
#10420=AXIS2_PLACEMENT_3D('',#16096,#13088,#13089);
#10421=AXIS2_PLACEMENT_3D('',#16097,#13090,#13091);
#10422=AXIS2_PLACEMENT_3D('',#16098,#13092,#13093);
#10423=AXIS2_PLACEMENT_3D('',#16099,#13094,#13095);
#10424=AXIS2_PLACEMENT_3D('',#16100,#13096,#13097);
#10425=AXIS2_PLACEMENT_3D('',#16101,#13098,#13099);
#10426=AXIS2_PLACEMENT_3D('',#16102,#13100,#13101);
#10427=AXIS2_PLACEMENT_3D('',#16103,#13102,#13103);
#10428=AXIS2_PLACEMENT_3D('',#16104,#13104,#13105);
#10429=AXIS2_PLACEMENT_3D('',#16105,#13106,#13107);
#10430=AXIS2_PLACEMENT_3D('',#16106,#13108,#13109);
#10431=AXIS2_PLACEMENT_3D('',#16107,#13110,#13111);
#10432=AXIS2_PLACEMENT_3D('',#16108,#13112,#13113);
#10433=AXIS2_PLACEMENT_3D('',#16109,#13114,#13115);
#10434=AXIS2_PLACEMENT_3D('',#16110,#13116,#13117);
#10435=AXIS2_PLACEMENT_3D('',#16111,#13118,#13119);
#10436=AXIS2_PLACEMENT_3D('',#16112,#13120,#13121);
#10437=AXIS2_PLACEMENT_3D('',#16113,#13122,#13123);
#10438=AXIS2_PLACEMENT_3D('',#16114,#13124,#13125);
#10439=AXIS2_PLACEMENT_3D('',#16115,#13126,#13127);
#10440=AXIS2_PLACEMENT_3D('',#16116,#13128,#13129);
#10441=AXIS2_PLACEMENT_3D('',#16117,#13130,#13131);
#10442=AXIS2_PLACEMENT_3D('',#16118,#13132,#13133);
#10443=AXIS2_PLACEMENT_3D('',#16119,#13134,#13135);
#10444=AXIS2_PLACEMENT_3D('',#16120,#13136,#13137);
#10445=AXIS2_PLACEMENT_3D('',#16121,#13138,#13139);
#10446=AXIS2_PLACEMENT_3D('',#16122,#13140,#13141);
#10447=AXIS2_PLACEMENT_3D('',#16123,#13142,#13143);
#10448=AXIS2_PLACEMENT_3D('',#16124,#13144,#13145);
#10449=AXIS2_PLACEMENT_3D('',#16125,#13146,#13147);
#10450=AXIS2_PLACEMENT_3D('',#16126,#13148,#13149);
#10451=AXIS2_PLACEMENT_3D('',#16127,#13150,#13151);
#10452=AXIS2_PLACEMENT_3D('',#16128,#13152,#13153);
#10453=AXIS2_PLACEMENT_3D('',#16129,#13154,#13155);
#10454=AXIS2_PLACEMENT_3D('',#16130,#13156,#13157);
#10455=AXIS2_PLACEMENT_3D('',#16131,#13158,#13159);
#10456=AXIS2_PLACEMENT_3D('',#16132,#13160,#13161);
#10457=AXIS2_PLACEMENT_3D('',#16133,#13162,#13163);
#10458=AXIS2_PLACEMENT_3D('',#16134,#13164,#13165);
#10459=AXIS2_PLACEMENT_3D('',#16135,#13166,#13167);
#10460=AXIS2_PLACEMENT_3D('',#16136,#13168,#13169);
#10461=AXIS2_PLACEMENT_3D('',#16137,#13170,#13171);
#10462=AXIS2_PLACEMENT_3D('',#16138,#13172,#13173);
#10463=AXIS2_PLACEMENT_3D('',#16139,#13174,#13175);
#10464=AXIS2_PLACEMENT_3D('',#16140,#13176,#13177);
#10465=AXIS2_PLACEMENT_3D('',#16141,#13178,#13179);
#10466=AXIS2_PLACEMENT_3D('',#16142,#13180,#13181);
#10467=AXIS2_PLACEMENT_3D('',#16143,#13182,#13183);
#10468=AXIS2_PLACEMENT_3D('',#16144,#13184,#13185);
#10469=AXIS2_PLACEMENT_3D('',#16145,#13186,#13187);
#10470=AXIS2_PLACEMENT_3D('',#16146,#13188,#13189);
#10471=AXIS2_PLACEMENT_3D('',#16147,#13190,#13191);
#10472=AXIS2_PLACEMENT_3D('',#16148,#13192,#13193);
#10473=AXIS2_PLACEMENT_3D('',#16149,#13194,#13195);
#10474=AXIS2_PLACEMENT_3D('',#16150,#13196,#13197);
#10475=AXIS2_PLACEMENT_3D('',#16151,#13198,#13199);
#10476=AXIS2_PLACEMENT_3D('',#16152,#13200,#13201);
#10477=AXIS2_PLACEMENT_3D('',#16153,#13202,#13203);
#10478=AXIS2_PLACEMENT_3D('',#16154,#13204,#13205);
#10479=AXIS2_PLACEMENT_3D('',#16155,#13206,#13207);
#10480=AXIS2_PLACEMENT_3D('',#16156,#13208,#13209);
#10481=AXIS2_PLACEMENT_3D('',#16157,#13210,#13211);
#10482=AXIS2_PLACEMENT_3D('',#16158,#13212,#13213);
#10483=AXIS2_PLACEMENT_3D('',#16159,#13214,#13215);
#10484=AXIS2_PLACEMENT_3D('',#16160,#13216,#13217);
#10485=AXIS2_PLACEMENT_3D('',#16161,#13218,#13219);
#10486=AXIS2_PLACEMENT_3D('',#16162,#13220,#13221);
#10487=AXIS2_PLACEMENT_3D('',#16163,#13222,#13223);
#10488=AXIS2_PLACEMENT_3D('',#16164,#13224,#13225);
#10489=AXIS2_PLACEMENT_3D('',#16165,#13226,#13227);
#10490=AXIS2_PLACEMENT_3D('',#16166,#13228,#13229);
#10491=AXIS2_PLACEMENT_3D('',#16167,#13230,#13231);
#10492=AXIS2_PLACEMENT_3D('',#16168,#13232,#13233);
#10493=AXIS2_PLACEMENT_3D('',#16169,#13234,#13235);
#10494=AXIS2_PLACEMENT_3D('',#16170,#13236,#13237);
#10495=AXIS2_PLACEMENT_3D('',#16171,#13238,#13239);
#10496=AXIS2_PLACEMENT_3D('',#16172,#13240,#13241);
#10497=AXIS2_PLACEMENT_3D('',#16173,#13242,#13243);
#10498=AXIS2_PLACEMENT_3D('',#16174,#13244,#13245);
#10499=AXIS2_PLACEMENT_3D('',#16175,#13246,#13247);
#10500=AXIS2_PLACEMENT_3D('',#16176,#13248,#13249);
#10501=AXIS2_PLACEMENT_3D('',#16177,#13250,#13251);
#10502=AXIS2_PLACEMENT_3D('',#16178,#13252,#13253);
#10503=AXIS2_PLACEMENT_3D('',#16179,#13254,#13255);
#10504=AXIS2_PLACEMENT_3D('',#16180,#13256,#13257);
#10505=AXIS2_PLACEMENT_3D('',#16181,#13258,#13259);
#10506=AXIS2_PLACEMENT_3D('',#16182,#13260,#13261);
#10507=AXIS2_PLACEMENT_3D('',#16183,#13262,#13263);
#10508=AXIS2_PLACEMENT_3D('',#16184,#13264,#13265);
#10509=AXIS2_PLACEMENT_3D('',#16185,#13266,#13267);
#10510=AXIS2_PLACEMENT_3D('',#16186,#13268,#13269);
#10511=AXIS2_PLACEMENT_3D('',#16187,#13270,#13271);
#10512=AXIS2_PLACEMENT_3D('',#16188,#13272,#13273);
#10513=AXIS2_PLACEMENT_3D('',#16189,#13274,#13275);
#10514=AXIS2_PLACEMENT_3D('',#16190,#13276,#13277);
#10515=AXIS2_PLACEMENT_3D('',#16191,#13278,#13279);
#10516=AXIS2_PLACEMENT_3D('',#16192,#13280,#13281);
#10517=AXIS2_PLACEMENT_3D('',#16193,#13282,#13283);
#10518=AXIS2_PLACEMENT_3D('',#16194,#13284,#13285);
#10519=AXIS2_PLACEMENT_3D('',#16195,#13286,#13287);
#10520=AXIS2_PLACEMENT_3D('',#16196,#13288,#13289);
#10521=AXIS2_PLACEMENT_3D('',#16197,#13290,#13291);
#10522=AXIS2_PLACEMENT_3D('',#16198,#13292,#13293);
#10523=AXIS2_PLACEMENT_3D('',#16199,#13294,#13295);
#10524=AXIS2_PLACEMENT_3D('',#16200,#13296,#13297);
#10525=AXIS2_PLACEMENT_3D('',#16201,#13298,#13299);
#10526=AXIS2_PLACEMENT_3D('',#16202,#13300,#13301);
#10527=AXIS2_PLACEMENT_3D('',#16203,#13302,#13303);
#10528=AXIS2_PLACEMENT_3D('',#16204,#13304,#13305);
#10529=AXIS2_PLACEMENT_3D('',#16205,#13306,#13307);
#10530=AXIS2_PLACEMENT_3D('',#16206,#13308,#13309);
#10531=AXIS2_PLACEMENT_3D('',#16207,#13310,#13311);
#10532=AXIS2_PLACEMENT_3D('',#16208,#13312,#13313);
#10533=AXIS2_PLACEMENT_3D('',#16209,#13314,#13315);
#10534=AXIS2_PLACEMENT_3D('',#16210,#13316,#13317);
#10535=AXIS2_PLACEMENT_3D('',#16211,#13318,#13319);
#10536=AXIS2_PLACEMENT_3D('',#16212,#13320,#13321);
#10537=AXIS2_PLACEMENT_3D('',#16213,#13322,#13323);
#10538=AXIS2_PLACEMENT_3D('',#16214,#13324,#13325);
#10539=AXIS2_PLACEMENT_3D('',#16215,#13326,#13327);
#10540=AXIS2_PLACEMENT_3D('',#16216,#13328,#13329);
#10541=AXIS2_PLACEMENT_3D('',#16217,#13330,#13331);
#10542=AXIS2_PLACEMENT_3D('',#16218,#13332,#13333);
#10543=AXIS2_PLACEMENT_3D('',#16219,#13334,#13335);
#10544=AXIS2_PLACEMENT_3D('',#16220,#13336,#13337);
#10545=AXIS2_PLACEMENT_3D('',#16221,#13338,#13339);
#10546=AXIS2_PLACEMENT_3D('',#16222,#13340,#13341);
#10547=AXIS2_PLACEMENT_3D('',#16223,#13342,#13343);
#10548=AXIS2_PLACEMENT_3D('',#16224,#13344,#13345);
#10549=AXIS2_PLACEMENT_3D('',#16225,#13346,#13347);
#10550=AXIS2_PLACEMENT_3D('',#16226,#13348,#13349);
#10551=AXIS2_PLACEMENT_3D('',#16227,#13350,#13351);
#10552=AXIS2_PLACEMENT_3D('',#16228,#13352,#13353);
#10553=AXIS2_PLACEMENT_3D('',#16229,#13354,#13355);
#10554=AXIS2_PLACEMENT_3D('',#16230,#13356,#13357);
#10555=AXIS2_PLACEMENT_3D('',#16231,#13358,#13359);
#10556=AXIS2_PLACEMENT_3D('',#16232,#13360,#13361);
#10557=AXIS2_PLACEMENT_3D('',#16233,#13362,#13363);
#10558=AXIS2_PLACEMENT_3D('',#16234,#13364,#13365);
#10559=AXIS2_PLACEMENT_3D('',#16235,#13366,#13367);
#10560=AXIS2_PLACEMENT_3D('',#16236,#13368,#13369);
#10561=AXIS2_PLACEMENT_3D('',#16237,#13370,#13371);
#10562=AXIS2_PLACEMENT_3D('',#16238,#13372,#13373);
#10563=AXIS2_PLACEMENT_3D('',#16239,#13374,#13375);
#10564=AXIS2_PLACEMENT_3D('',#16240,#13376,#13377);
#10565=AXIS2_PLACEMENT_3D('',#16241,#13378,#13379);
#10566=AXIS2_PLACEMENT_3D('',#16242,#13380,#13381);
#10567=AXIS2_PLACEMENT_3D('',#16243,#13382,#13383);
#10568=AXIS2_PLACEMENT_3D('',#16244,#13384,#13385);
#10569=AXIS2_PLACEMENT_3D('',#16245,#13386,#13387);
#10570=AXIS2_PLACEMENT_3D('',#16246,#13388,#13389);
#10571=AXIS2_PLACEMENT_3D('',#16247,#13390,#13391);
#10572=AXIS2_PLACEMENT_3D('',#16248,#13392,#13393);
#10573=AXIS2_PLACEMENT_3D('',#16249,#13394,#13395);
#10574=AXIS2_PLACEMENT_3D('',#16250,#13396,#13397);
#10575=AXIS2_PLACEMENT_3D('',#16251,#13398,#13399);
#10576=AXIS2_PLACEMENT_3D('',#16252,#13400,#13401);
#10577=AXIS2_PLACEMENT_3D('',#16253,#13402,#13403);
#10578=AXIS2_PLACEMENT_3D('',#16254,#13404,#13405);
#10579=AXIS2_PLACEMENT_3D('',#16255,#13406,#13407);
#10580=AXIS2_PLACEMENT_3D('',#16256,#13408,#13409);
#10581=AXIS2_PLACEMENT_3D('',#16257,#13410,#13411);
#10582=AXIS2_PLACEMENT_3D('',#16258,#13412,#13413);
#10583=AXIS2_PLACEMENT_3D('',#16259,#13414,#13415);
#10584=AXIS2_PLACEMENT_3D('',#16260,#13416,#13417);
#10585=AXIS2_PLACEMENT_3D('',#16261,#13418,#13419);
#10586=AXIS2_PLACEMENT_3D('',#16262,#13420,#13421);
#10587=AXIS2_PLACEMENT_3D('',#16263,#13422,#13423);
#10588=AXIS2_PLACEMENT_3D('',#16264,#13424,#13425);
#10589=AXIS2_PLACEMENT_3D('',#16265,#13426,#13427);
#10590=AXIS2_PLACEMENT_3D('',#16266,#13428,#13429);
#10591=AXIS2_PLACEMENT_3D('',#16267,#13430,#13431);
#10592=AXIS2_PLACEMENT_3D('',#16268,#13432,#13433);
#10593=AXIS2_PLACEMENT_3D('',#16269,#13434,#13435);
#10594=AXIS2_PLACEMENT_3D('',#16270,#13436,#13437);
#10595=AXIS2_PLACEMENT_3D('',#16271,#13438,#13439);
#10596=AXIS2_PLACEMENT_3D('',#16272,#13440,#13441);
#10597=AXIS2_PLACEMENT_3D('',#16273,#13442,#13443);
#10598=AXIS2_PLACEMENT_3D('',#16274,#13444,#13445);
#10599=AXIS2_PLACEMENT_3D('',#16275,#13446,#13447);
#10600=AXIS2_PLACEMENT_3D('',#16276,#13448,#13449);
#10601=AXIS2_PLACEMENT_3D('',#16277,#13450,#13451);
#10602=AXIS2_PLACEMENT_3D('',#16278,#13452,#13453);
#10603=AXIS2_PLACEMENT_3D('',#16279,#13454,#13455);
#10604=AXIS2_PLACEMENT_3D('',#16280,#13456,#13457);
#10605=AXIS2_PLACEMENT_3D('',#16281,#13458,#13459);
#10606=AXIS2_PLACEMENT_3D('',#16282,#13460,#13461);
#10607=AXIS2_PLACEMENT_3D('',#16283,#13462,#13463);
#10608=AXIS2_PLACEMENT_3D('',#16284,#13464,#13465);
#10609=AXIS2_PLACEMENT_3D('',#16285,#13466,#13467);
#10610=AXIS2_PLACEMENT_3D('',#16286,#13468,#13469);
#10611=AXIS2_PLACEMENT_3D('',#16287,#13470,#13471);
#10612=AXIS2_PLACEMENT_3D('',#16288,#13472,#13473);
#10613=AXIS2_PLACEMENT_3D('',#16289,#13474,#13475);
#10614=AXIS2_PLACEMENT_3D('',#16290,#13476,#13477);
#10615=AXIS2_PLACEMENT_3D('',#16291,#13478,#13479);
#10616=AXIS2_PLACEMENT_3D('',#16292,#13480,#13481);
#10617=AXIS2_PLACEMENT_3D('',#16293,#13482,#13483);
#10618=AXIS2_PLACEMENT_3D('',#16294,#13484,#13485);
#10619=AXIS2_PLACEMENT_3D('',#16295,#13486,#13487);
#10620=AXIS2_PLACEMENT_3D('',#16296,#13488,#13489);
#10621=AXIS2_PLACEMENT_3D('',#16297,#13490,#13491);
#10622=AXIS2_PLACEMENT_3D('',#16298,#13492,#13493);
#10623=AXIS2_PLACEMENT_3D('',#16299,#13494,#13495);
#10624=AXIS2_PLACEMENT_3D('',#16300,#13496,#13497);
#10625=AXIS2_PLACEMENT_3D('',#16301,#13498,#13499);
#10626=AXIS2_PLACEMENT_3D('',#16302,#13500,#13501);
#10627=AXIS2_PLACEMENT_3D('',#16303,#13502,#13503);
#10628=AXIS2_PLACEMENT_3D('',#16304,#13504,#13505);
#10629=AXIS2_PLACEMENT_3D('',#16305,#13506,#13507);
#10630=AXIS2_PLACEMENT_3D('',#16306,#13508,#13509);
#10631=AXIS2_PLACEMENT_3D('',#16307,#13510,#13511);
#10632=AXIS2_PLACEMENT_3D('',#16308,#13512,#13513);
#10633=AXIS2_PLACEMENT_3D('',#16309,#13514,#13515);
#10634=AXIS2_PLACEMENT_3D('',#16310,#13516,#13517);
#10635=AXIS2_PLACEMENT_3D('',#16311,#13518,#13519);
#10636=AXIS2_PLACEMENT_3D('',#16312,#13520,#13521);
#10637=AXIS2_PLACEMENT_3D('',#16313,#13522,#13523);
#10638=AXIS2_PLACEMENT_3D('',#16314,#13524,#13525);
#10639=AXIS2_PLACEMENT_3D('',#16315,#13526,#13527);
#10640=AXIS2_PLACEMENT_3D('',#16316,#13528,#13529);
#10641=AXIS2_PLACEMENT_3D('',#16317,#13530,#13531);
#10642=AXIS2_PLACEMENT_3D('',#16318,#13532,#13533);
#10643=AXIS2_PLACEMENT_3D('',#16319,#13534,#13535);
#10644=AXIS2_PLACEMENT_3D('',#16320,#13536,#13537);
#10645=AXIS2_PLACEMENT_3D('',#16321,#13538,#13539);
#10646=AXIS2_PLACEMENT_3D('',#16322,#13540,#13541);
#10647=AXIS2_PLACEMENT_3D('',#16323,#13542,#13543);
#10648=AXIS2_PLACEMENT_3D('',#16324,#13544,#13545);
#10649=AXIS2_PLACEMENT_3D('',#16325,#13546,#13547);
#10650=AXIS2_PLACEMENT_3D('',#16326,#13548,#13549);
#10651=AXIS2_PLACEMENT_3D('',#16327,#13550,#13551);
#10652=AXIS2_PLACEMENT_3D('',#16328,#13552,#13553);
#10653=AXIS2_PLACEMENT_3D('',#16329,#13554,#13555);
#10654=AXIS2_PLACEMENT_3D('',#16330,#13556,#13557);
#10655=AXIS2_PLACEMENT_3D('',#16331,#13558,#13559);
#10656=AXIS2_PLACEMENT_3D('',#16332,#13560,#13561);
#10657=AXIS2_PLACEMENT_3D('',#16333,#13562,#13563);
#10658=AXIS2_PLACEMENT_3D('',#16334,#13564,#13565);
#10659=AXIS2_PLACEMENT_3D('',#16335,#13566,#13567);
#10660=AXIS2_PLACEMENT_3D('',#16336,#13568,#13569);
#10661=AXIS2_PLACEMENT_3D('',#16337,#13570,#13571);
#10662=AXIS2_PLACEMENT_3D('',#16338,#13572,#13573);
#10663=AXIS2_PLACEMENT_3D('',#16339,#13574,#13575);
#10664=AXIS2_PLACEMENT_3D('',#16340,#13576,#13577);
#10665=AXIS2_PLACEMENT_3D('',#16341,#13578,#13579);
#10666=AXIS2_PLACEMENT_3D('',#16342,#13580,#13581);
#10667=AXIS2_PLACEMENT_3D('',#16343,#13582,#13583);
#10668=AXIS2_PLACEMENT_3D('',#16344,#13584,#13585);
#10669=AXIS2_PLACEMENT_3D('',#16345,#13586,#13587);
#10670=AXIS2_PLACEMENT_3D('',#16346,#13588,#13589);
#10671=AXIS2_PLACEMENT_3D('',#16347,#13590,#13591);
#10672=AXIS2_PLACEMENT_3D('',#16348,#13592,#13593);
#10673=AXIS2_PLACEMENT_3D('',#16349,#13594,#13595);
#10674=AXIS2_PLACEMENT_3D('',#16350,#13596,#13597);
#10675=AXIS2_PLACEMENT_3D('',#16351,#13598,#13599);
#10676=AXIS2_PLACEMENT_3D('',#16352,#13600,#13601);
#10677=AXIS2_PLACEMENT_3D('',#16353,#13602,#13603);
#10678=AXIS2_PLACEMENT_3D('',#16354,#13604,#13605);
#10679=AXIS2_PLACEMENT_3D('',#16355,#13606,#13607);
#10680=AXIS2_PLACEMENT_3D('',#16356,#13608,#13609);
#10681=AXIS2_PLACEMENT_3D('',#16357,#13610,#13611);
#10682=AXIS2_PLACEMENT_3D('',#16358,#13612,#13613);
#10683=AXIS2_PLACEMENT_3D('',#16359,#13614,#13615);
#10684=AXIS2_PLACEMENT_3D('',#16360,#13616,#13617);
#10685=AXIS2_PLACEMENT_3D('',#16361,#13618,#13619);
#10686=AXIS2_PLACEMENT_3D('',#16362,#13620,#13621);
#10687=AXIS2_PLACEMENT_3D('',#16363,#13622,#13623);
#10688=AXIS2_PLACEMENT_3D('',#16364,#13624,#13625);
#10689=AXIS2_PLACEMENT_3D('',#16365,#13626,#13627);
#10690=AXIS2_PLACEMENT_3D('',#16366,#13628,#13629);
#10691=AXIS2_PLACEMENT_3D('',#16367,#13630,#13631);
#10692=AXIS2_PLACEMENT_3D('',#16368,#13632,#13633);
#10693=AXIS2_PLACEMENT_3D('',#16369,#13634,#13635);
#10694=AXIS2_PLACEMENT_3D('',#16370,#13636,#13637);
#10695=AXIS2_PLACEMENT_3D('',#16371,#13638,#13639);
#10696=AXIS2_PLACEMENT_3D('',#16372,#13640,#13641);
#10697=AXIS2_PLACEMENT_3D('',#16373,#13642,#13643);
#10698=AXIS2_PLACEMENT_3D('',#16374,#13644,#13645);
#10699=AXIS2_PLACEMENT_3D('',#16375,#13646,#13647);
#10700=AXIS2_PLACEMENT_3D('',#16376,#13648,#13649);
#10701=DIRECTION('',(0.,0.,1.));
#10702=DIRECTION('',(1.,0.,0.));
#10703=DIRECTION('',(0.,0.,1.));
#10704=DIRECTION('',(0.,-1.,0.));
#10705=DIRECTION('',(0.,0.,1.));
#10706=DIRECTION('',(0.,-1.,0.));
#10707=DIRECTION('',(1.,0.,0.));
#10708=DIRECTION('',(0.,1.,0.));
#10709=DIRECTION('',(1.,0.,0.));
#10710=DIRECTION('',(0.,1.,0.));
#10711=DIRECTION('',(1.,0.,0.));
#10712=DIRECTION('',(0.,-1.,0.));
#10713=DIRECTION('',(1.,0.,2.22044604925032E-16));
#10714=DIRECTION('',(2.22044604925032E-16,0.,-1.));
#10715=DIRECTION('',(1.,0.,2.22044604925032E-16));
#10716=DIRECTION('',(2.22044604925032E-16,0.,-1.));
#10717=DIRECTION('',(1.,0.,2.22044604925032E-16));
#10718=DIRECTION('',(2.22044604925032E-16,0.,-1.));
#10719=DIRECTION('',(1.,0.,2.22044604925032E-16));
#10720=DIRECTION('',(2.22044604925032E-16,0.,-1.));
#10721=DIRECTION('',(1.,0.,2.22044604925032E-16));
#10722=DIRECTION('',(2.22044604925032E-16,0.,-1.));
#10723=DIRECTION('',(1.,0.,2.22044604925032E-16));
#10724=DIRECTION('',(2.22044604925032E-16,0.,-1.));
#10725=DIRECTION('',(0.,0.,-1.));
#10726=DIRECTION('',(0.,1.,0.));
#10727=DIRECTION('',(0.,0.,-1.));
#10728=DIRECTION('',(0.,1.,0.));
#10729=DIRECTION('',(0.,0.,1.));
#10730=DIRECTION('',(0.,-1.,0.));
#10731=DIRECTION('',(1.,0.,0.));
#10732=DIRECTION('',(0.,1.,0.));
#10733=DIRECTION('',(1.,0.,0.));
#10734=DIRECTION('',(0.,1.,0.));
#10735=DIRECTION('',(0.,0.,1.));
#10736=DIRECTION('',(0.,-1.,0.));
#10737=DIRECTION('',(0.,1.,0.));
#10738=DIRECTION('',(1.,0.,0.));
#10739=DIRECTION('',(1.,0.,0.));
#10740=DIRECTION('',(1.,0.,0.));
#10741=DIRECTION('',(5.66440318686304E-17,0.,-1.));
#10742=DIRECTION('',(-1.,0.,-5.66440318686304E-17));
#10743=DIRECTION('',(5.66440318686304E-17,0.,-1.));
#10744=DIRECTION('',(-1.,0.,-5.66440318686304E-17));
#10745=DIRECTION('',(5.66440318686304E-17,0.,-1.));
#10746=DIRECTION('',(-1.,0.,-5.66440318686304E-17));
#10747=DIRECTION('',(0.,0.,1.));
#10748=DIRECTION('',(0.,-1.,0.));
#10749=DIRECTION('',(5.66440318686304E-17,0.,-1.));
#10750=DIRECTION('',(-1.,0.,-5.66440318686304E-17));
#10751=DIRECTION('',(0.,0.,1.));
#10752=DIRECTION('',(0.,-1.,0.));
#10753=DIRECTION('',(5.66440318686304E-17,0.,-1.));
#10754=DIRECTION('',(-1.,0.,-5.66440318686304E-17));
#10755=DIRECTION('',(0.,0.,1.));
#10756=DIRECTION('',(0.,-1.,0.));
#10757=DIRECTION('',(5.66440318686304E-17,0.,-1.));
#10758=DIRECTION('',(-1.,0.,-5.66440318686304E-17));
#10759=DIRECTION('',(5.66440318686304E-17,0.,-1.));
#10760=DIRECTION('',(-1.,0.,-5.66440318686304E-17));
#10761=DIRECTION('',(1.,-2.47817639425258E-16,5.66440318686304E-17));
#10762=DIRECTION('',(5.66440318686304E-17,0.,-1.));
#10763=DIRECTION('',(-1.,0.,-5.66440318686304E-17));
#10764=DIRECTION('',(1.,-1.23908819712629E-16,5.66440318686304E-17));
#10765=DIRECTION('',(1.,0.,0.));
#10766=DIRECTION('',(0.,-1.,0.));
#10767=DIRECTION('',(0.,0.,-1.));
#10768=DIRECTION('',(0.,1.,0.));
#10769=DIRECTION('',(0.,0.,-1.));
#10770=DIRECTION('',(0.,1.,0.));
#10771=DIRECTION('',(0.,-1.,0.));
#10772=DIRECTION('',(1.,0.,0.));
#10773=DIRECTION('',(2.22044604925032E-16,0.,-1.));
#10774=DIRECTION('',(0.,-1.,0.));
#10775=DIRECTION('',(-1.,0.,0.));
#10776=DIRECTION('',(-1.,0.,-1.13288063737261E-16));
#10777=DIRECTION('',(0.,-1.,0.));
#10778=DIRECTION('',(-1.,0.,0.));
#10779=DIRECTION('',(2.22044604925032E-16,0.,-1.));
#10780=DIRECTION('',(0.,-1.,0.));
#10781=DIRECTION('',(-1.,0.,0.));
#10782=DIRECTION('',(-1.,0.,-5.66440318686304E-17));
#10783=DIRECTION('',(0.,-1.,0.));
#10784=DIRECTION('',(-1.,0.,0.));
#10785=DIRECTION('',(0.,0.,-1.));
#10786=DIRECTION('',(1.,0.,0.));
#10787=DIRECTION('',(1.16132115546564E-16,0.,-1.));
#10788=DIRECTION('',(1.,0.,0.));
#10789=DIRECTION('',(0.,1.,0.));
#10790=DIRECTION('',(1.,0.,0.));
#10791=DIRECTION('',(0.,1.,0.));
#10792=DIRECTION('',(1.,0.,0.));
#10793=DIRECTION('',(0.,1.,0.));
#10794=DIRECTION('',(1.,0.,0.));
#10795=DIRECTION('',(0.,1.,0.));
#10796=DIRECTION('',(1.,0.,0.));
#10797=DIRECTION('',(0.,1.,0.));
#10798=DIRECTION('',(1.,0.,0.));
#10799=DIRECTION('',(0.,1.,0.));
#10800=DIRECTION('',(1.,0.,0.));
#10801=DIRECTION('',(0.,1.,0.));
#10802=DIRECTION('',(1.,0.,0.));
#10803=DIRECTION('',(0.,1.,0.));
#10804=DIRECTION('',(1.,0.,0.));
#10805=DIRECTION('',(0.,1.,0.));
#10806=DIRECTION('',(1.,0.,0.));
#10807=DIRECTION('',(0.,1.,0.));
#10808=DIRECTION('',(1.,0.,0.));
#10809=DIRECTION('',(0.,1.,0.));
#10810=DIRECTION('',(1.,0.,0.));
#10811=DIRECTION('',(0.,1.,0.));
#10812=DIRECTION('',(1.,0.,0.));
#10813=DIRECTION('',(0.,1.,0.));
#10814=DIRECTION('',(1.,0.,0.));
#10815=DIRECTION('',(0.,1.,0.));
#10816=DIRECTION('',(1.,0.,0.));
#10817=DIRECTION('',(0.,1.,0.));
#10818=DIRECTION('',(1.,0.,0.));
#10819=DIRECTION('',(0.,1.,0.));
#10820=DIRECTION('',(1.,0.,0.));
#10821=DIRECTION('',(0.,1.,0.));
#10822=DIRECTION('',(1.,0.,0.));
#10823=DIRECTION('',(0.,1.,0.));
#10824=DIRECTION('',(1.,0.,0.));
#10825=DIRECTION('',(0.,1.,0.));
#10826=DIRECTION('',(1.,0.,0.));
#10827=DIRECTION('',(0.,1.,0.));
#10828=DIRECTION('',(1.,0.,0.));
#10829=DIRECTION('',(0.,1.,0.));
#10830=DIRECTION('',(1.,0.,0.));
#10831=DIRECTION('',(0.,1.,0.));
#10832=DIRECTION('',(1.,0.,0.));
#10833=DIRECTION('',(0.,1.,0.));
#10834=DIRECTION('',(1.,0.,0.));
#10835=DIRECTION('',(0.,1.,0.));
#10836=DIRECTION('',(1.,0.,0.));
#10837=DIRECTION('',(0.,1.,0.));
#10838=DIRECTION('',(1.,0.,0.));
#10839=DIRECTION('',(0.,1.,0.));
#10840=DIRECTION('',(1.,0.,0.));
#10841=DIRECTION('',(0.,1.,0.));
#10842=DIRECTION('',(1.,0.,0.));
#10843=DIRECTION('',(0.,1.,0.));
#10844=DIRECTION('',(1.,0.,0.));
#10845=DIRECTION('',(0.,-1.,0.));
#10846=DIRECTION('',(-1.,0.,0.));
#10847=DIRECTION('',(0.,1.,0.));
#10848=DIRECTION('',(1.,0.,0.));
#10849=DIRECTION('',(0.,1.,0.));
#10850=DIRECTION('',(1.,0.,0.));
#10851=DIRECTION('',(0.,1.,0.));
#10852=DIRECTION('',(1.,0.,0.));
#10853=DIRECTION('',(0.,1.,0.));
#10854=DIRECTION('',(1.,0.,0.));
#10855=DIRECTION('',(0.,1.,0.));
#10856=DIRECTION('',(1.,0.,0.));
#10857=DIRECTION('',(0.,0.,-1.));
#10858=DIRECTION('',(0.,-1.,0.));
#10859=DIRECTION('',(-1.,0.,0.));
#10860=DIRECTION('',(1.,0.,0.));
#10861=DIRECTION('',(0.,1.,0.));
#10862=DIRECTION('',(1.,0.,0.));
#10863=DIRECTION('',(0.,1.,0.));
#10864=DIRECTION('',(1.,0.,0.));
#10865=DIRECTION('',(1.,0.,0.));
#10866=DIRECTION('',(0.,-1.,0.));
#10867=DIRECTION('',(-1.,0.,0.));
#10868=DIRECTION('',(0.,0.,1.));
#10869=DIRECTION('',(0.,1.,0.));
#10870=DIRECTION('',(1.,0.,0.));
#10871=DIRECTION('',(0.,1.,0.));
#10872=DIRECTION('',(1.,0.,0.));
#10873=DIRECTION('',(0.,0.,1.));
#10874=DIRECTION('',(0.,1.,0.));
#10875=DIRECTION('',(1.,0.,0.));
#10876=DIRECTION('',(0.,1.,0.));
#10877=DIRECTION('',(1.,0.,0.));
#10878=DIRECTION('',(0.,1.,0.));
#10879=DIRECTION('',(1.,0.,0.));
#10880=DIRECTION('',(-1.,0.,0.));
#10881=DIRECTION('',(0.,1.,0.));
#10882=DIRECTION('',(1.,0.,0.));
#10883=DIRECTION('',(0.,1.,0.));
#10884=DIRECTION('',(1.,0.,0.));
#10885=DIRECTION('',(-1.,0.,0.));
#10886=DIRECTION('',(0.,1.,0.));
#10887=DIRECTION('',(1.,0.,0.));
#10888=DIRECTION('',(1.,0.,-1.19636101791504E-16));
#10889=DIRECTION('',(0.,1.,0.));
#10890=DIRECTION('',(1.,0.,0.));
#10891=DIRECTION('',(0.,0.,-1.));
#10892=DIRECTION('',(0.,1.,0.));
#10893=DIRECTION('',(1.,0.,0.));
#10894=DIRECTION('',(1.,0.,-1.19636101791504E-16));
#10895=DIRECTION('',(0.,1.,0.));
#10896=DIRECTION('',(1.,0.,0.));
#10897=DIRECTION('',(0.,0.,-1.));
#10898=DIRECTION('',(-1.,0.,0.));
#10899=DIRECTION('',(0.,0.,-1.));
#10900=DIRECTION('',(-1.,0.,0.));
#10901=DIRECTION('',(0.,0.,-1.));
#10902=DIRECTION('',(0.,1.,0.));
#10903=DIRECTION('',(1.,0.,0.));
#10904=DIRECTION('',(0.,1.,0.));
#10905=DIRECTION('',(1.,0.,0.));
#10906=DIRECTION('',(0.,0.,-1.));
#10907=DIRECTION('',(-1.,0.,0.));
#10908=DIRECTION('',(0.,0.,-1.));
#10909=DIRECTION('',(-1.,0.,0.));
#10910=DIRECTION('',(0.,1.,0.));
#10911=DIRECTION('',(1.,0.,0.));
#10912=DIRECTION('',(0.,0.,-1.));
#10913=DIRECTION('',(-1.,0.,0.));
#10914=DIRECTION('',(0.,0.,-1.));
#10915=DIRECTION('',(-1.,0.,0.));
#10916=DIRECTION('',(0.,0.,-1.));
#10917=DIRECTION('',(-1.,0.,0.));
#10918=DIRECTION('',(0.,0.,-1.));
#10919=DIRECTION('',(-1.,0.,0.));
#10920=DIRECTION('',(0.,1.,0.));
#10921=DIRECTION('',(1.,0.,0.));
#10922=DIRECTION('',(0.,1.,0.));
#10923=DIRECTION('',(1.,0.,0.));
#10924=DIRECTION('',(0.,1.,0.));
#10925=DIRECTION('',(1.,0.,0.));
#10926=DIRECTION('',(0.,1.,0.));
#10927=DIRECTION('',(1.,0.,0.));
#10928=DIRECTION('',(0.,1.,0.));
#10929=DIRECTION('',(1.,0.,0.));
#10930=DIRECTION('',(-1.,0.,0.));
#10931=DIRECTION('',(0.,0.,-1.));
#10932=DIRECTION('',(-1.,0.,0.));
#10933=DIRECTION('',(0.,0.,-1.));
#10934=DIRECTION('',(1.,0.,0.));
#10935=DIRECTION('',(-2.49600500140548E-16,0.,-1.));
#10936=DIRECTION('',(1.,0.,0.));
#10937=DIRECTION('',(-2.49600500140548E-16,0.,-1.));
#10938=DIRECTION('',(0.,1.,0.));
#10939=DIRECTION('',(1.,0.,0.));
#10940=DIRECTION('',(0.,0.,1.));
#10941=DIRECTION('',(1.,0.,0.));
#10942=DIRECTION('',(3.74400750210821E-16,0.,1.));
#10943=DIRECTION('',(1.,0.,0.));
#10944=DIRECTION('',(1.,0.,0.));
#10945=DIRECTION('',(0.,0.,-1.));
#10946=DIRECTION('',(1.,0.,0.));
#10947=DIRECTION('',(0.,0.,-1.));
#10948=DIRECTION('',(0.,0.,-1.));
#10949=DIRECTION('',(-1.,0.,0.));
#10950=DIRECTION('',(0.,0.,-1.));
#10951=DIRECTION('',(-1.,0.,0.));
#10952=DIRECTION('',(0.,0.,-1.));
#10953=DIRECTION('',(-1.,0.,0.));
#10954=DIRECTION('',(0.,0.,-1.));
#10955=DIRECTION('',(-1.,0.,0.));
#10956=DIRECTION('',(0.,0.,-1.));
#10957=DIRECTION('',(-1.,0.,0.));
#10958=DIRECTION('',(0.,0.,-1.));
#10959=DIRECTION('',(-1.,0.,0.));
#10960=DIRECTION('',(0.,0.,-1.));
#10961=DIRECTION('',(-1.,0.,0.));
#10962=DIRECTION('',(0.,0.,-1.));
#10963=DIRECTION('',(-1.,0.,0.));
#10964=DIRECTION('',(0.,0.,-1.));
#10965=DIRECTION('',(1.,0.,0.));
#10966=DIRECTION('',(0.,0.,-1.));
#10967=DIRECTION('',(1.,0.,0.));
#10968=DIRECTION('',(0.,0.,-1.));
#10969=DIRECTION('',(1.,0.,0.));
#10970=DIRECTION('',(-5.55111512312578E-16,0.,-1.));
#10971=DIRECTION('',(1.,0.,0.));
#10972=DIRECTION('',(-1.,0.,0.));
#10973=DIRECTION('',(0.,0.,-1.));
#10974=DIRECTION('',(-1.,0.,0.));
#10975=DIRECTION('',(0.,0.,-1.));
#10976=DIRECTION('',(0.,0.,-1.));
#10977=DIRECTION('',(1.,0.,0.));
#10978=DIRECTION('',(0.,0.,-1.));
#10979=DIRECTION('',(1.,0.,0.));
#10980=DIRECTION('',(-1.,0.,0.));
#10981=DIRECTION('',(0.,1.,0.));
#10982=DIRECTION('',(1.,0.,0.));
#10983=DIRECTION('',(0.,0.,-1.));
#10984=DIRECTION('',(-1.,0.,0.));
#10985=DIRECTION('',(0.,0.,-1.));
#10986=DIRECTION('',(1.,0.,0.));
#10987=DIRECTION('',(6.24001250351369E-17,0.,1.));
#10988=DIRECTION('',(1.,0.,0.));
#10989=DIRECTION('',(1.24800250070274E-16,0.,1.));
#10990=DIRECTION('',(0.,-1.,0.));
#10991=DIRECTION('',(1.,0.,0.));
#10992=DIRECTION('',(0.,-1.,0.));
#10993=DIRECTION('',(1.,0.,0.));
#10994=DIRECTION('',(1.,0.,0.));
#10995=DIRECTION('',(-5.55111512312578E-16,0.,-1.));
#10996=DIRECTION('',(1.,0.,0.));
#10997=DIRECTION('',(-5.55111512312578E-16,0.,-1.));
#10998=DIRECTION('',(0.,-1.,0.));
#10999=DIRECTION('',(1.,0.,0.));
#11000=DIRECTION('',(0.,1.,0.));
#11001=DIRECTION('',(1.,0.,0.));
#11002=DIRECTION('',(0.,1.,0.));
#11003=DIRECTION('',(1.,0.,0.));
#11004=DIRECTION('',(0.,1.,0.));
#11005=DIRECTION('',(1.,0.,0.));
#11006=DIRECTION('',(0.,1.,0.));
#11007=DIRECTION('',(1.,0.,0.));
#11008=DIRECTION('',(0.,1.,0.));
#11009=DIRECTION('',(1.,0.,0.));
#11010=DIRECTION('',(0.,1.,0.));
#11011=DIRECTION('',(1.,0.,0.));
#11012=DIRECTION('',(0.,1.,0.));
#11013=DIRECTION('',(1.,0.,0.));
#11014=DIRECTION('',(0.,1.,0.));
#11015=DIRECTION('',(1.,0.,0.));
#11016=DIRECTION('',(0.,1.,0.));
#11017=DIRECTION('',(1.,0.,0.));
#11018=DIRECTION('',(0.,1.,0.));
#11019=DIRECTION('',(1.,0.,0.));
#11020=DIRECTION('',(0.,1.,0.));
#11021=DIRECTION('',(1.,0.,0.));
#11022=DIRECTION('',(0.,1.,0.));
#11023=DIRECTION('',(1.,0.,0.));
#11024=DIRECTION('',(0.,1.,0.));
#11025=DIRECTION('',(1.,0.,0.));
#11026=DIRECTION('',(0.,1.,0.));
#11027=DIRECTION('',(1.,0.,0.));
#11028=DIRECTION('',(0.,1.,0.));
#11029=DIRECTION('',(1.,0.,0.));
#11030=DIRECTION('',(0.,1.,0.));
#11031=DIRECTION('',(1.,0.,0.));
#11032=DIRECTION('',(0.,1.,0.));
#11033=DIRECTION('',(1.,0.,0.));
#11034=DIRECTION('',(0.,1.,0.));
#11035=DIRECTION('',(1.,0.,0.));
#11036=DIRECTION('',(1.,0.,0.));
#11037=DIRECTION('',(0.,1.,0.));
#11038=DIRECTION('',(1.,0.,0.));
#11039=DIRECTION('',(0.,0.,-1.));
#11040=DIRECTION('',(1.,0.,0.));
#11041=DIRECTION('',(0.,0.,1.));
#11042=DIRECTION('',(1.,0.,0.));
#11043=DIRECTION('',(0.,0.,-1.));
#11044=DIRECTION('',(1.,0.,0.));
#11045=DIRECTION('',(0.,0.,-1.));
#11046=DIRECTION('',(1.,0.,0.));
#11047=DIRECTION('',(0.,0.,-1.));
#11048=DIRECTION('',(1.,0.,0.));
#11049=DIRECTION('',(-5.55111512312578E-16,0.,-1.));
#11050=DIRECTION('',(-5.55111512312578E-16,0.,-1.));
#11051=DIRECTION('',(1.,0.,0.));
#11052=DIRECTION('',(-5.55111512312578E-16,0.,-1.));
#11053=DIRECTION('',(1.,0.,0.));
#11054=DIRECTION('',(0.,0.,-1.));
#11055=DIRECTION('',(1.,0.,0.));
#11056=DIRECTION('',(0.,0.,-1.));
#11057=DIRECTION('',(1.,0.,0.));
#11058=DIRECTION('',(-1.,0.,0.));
#11059=DIRECTION('',(0.,0.,-1.));
#11060=DIRECTION('',(-1.,0.,0.));
#11061=DIRECTION('',(0.,0.,-1.));
#11062=DIRECTION('',(-1.,0.,0.));
#11063=DIRECTION('',(0.,0.,-1.));
#11064=DIRECTION('',(-1.,0.,0.));
#11065=DIRECTION('',(2.89120579329468E-16,0.,-1.));
#11066=DIRECTION('',(-1.,0.,0.));
#11067=DIRECTION('',(2.89120579329468E-16,0.,-1.));
#11068=DIRECTION('',(-1.,0.,0.));
#11069=DIRECTION('',(0.,0.,-1.));
#11070=DIRECTION('',(0.,0.,1.));
#11071=DIRECTION('',(1.,0.,0.));
#11072=DIRECTION('',(1.24800250070274E-16,0.,1.));
#11073=DIRECTION('',(1.,0.,0.));
#11074=DIRECTION('',(6.24001250351369E-17,0.,1.));
#11075=DIRECTION('',(1.,0.,0.));
#11076=DIRECTION('',(1.24800250070274E-16,0.,1.));
#11077=DIRECTION('',(1.,0.,0.));
#11078=DIRECTION('',(0.,0.,-1.));
#11079=DIRECTION('',(0.,1.,0.));
#11080=DIRECTION('',(1.,0.,0.));
#11081=DIRECTION('',(-1.,0.,-1.19636101791504E-16));
#11082=DIRECTION('',(0.,1.,0.));
#11083=DIRECTION('',(1.,0.,0.));
#11084=DIRECTION('',(0.,0.,-1.));
#11085=DIRECTION('',(0.,1.,0.));
#11086=DIRECTION('',(1.,0.,0.));
#11087=DIRECTION('',(-1.,0.,-1.19636101791504E-16));
#11088=DIRECTION('',(0.,1.,0.));
#11089=DIRECTION('',(1.,0.,0.));
#11090=DIRECTION('',(0.,0.,1.));
#11091=DIRECTION('',(0.,-1.,0.));
#11092=DIRECTION('',(5.66440318686304E-17,0.,-1.));
#11093=DIRECTION('',(-1.,0.,-5.66440318686304E-17));
#11094=DIRECTION('',(0.,0.,1.));
#11095=DIRECTION('',(0.,-1.,0.));
#11096=DIRECTION('',(0.,0.,1.));
#11097=DIRECTION('',(0.,-1.,0.));
#11098=DIRECTION('',(5.66440318686304E-17,0.,-1.));
#11099=DIRECTION('',(-1.,0.,-5.66440318686304E-17));
#11100=DIRECTION('',(0.,0.,1.));
#11101=DIRECTION('',(0.,-1.,0.));
#11102=DIRECTION('',(0.,0.,1.));
#11103=DIRECTION('',(0.,-1.,0.));
#11104=DIRECTION('',(5.66440318686304E-17,0.,-1.));
#11105=DIRECTION('',(-1.,0.,-5.66440318686304E-17));
#11106=DIRECTION('',(0.,0.,1.));
#11107=DIRECTION('',(0.,-1.,0.));
#11108=DIRECTION('',(0.,0.,1.));
#11109=DIRECTION('',(0.,-1.,0.));
#11110=DIRECTION('',(5.66440318686304E-17,0.,-1.));
#11111=DIRECTION('',(-1.,0.,-5.66440318686304E-17));
#11112=DIRECTION('',(0.,0.,1.));
#11113=DIRECTION('',(0.,-1.,0.));
#11114=DIRECTION('',(5.66440318686304E-17,0.,-1.));
#11115=DIRECTION('',(-1.,0.,-5.66440318686304E-17));
#11116=DIRECTION('',(5.66440318686304E-17,0.,-1.));
#11117=DIRECTION('',(-1.,0.,-5.66440318686304E-17));
#11118=DIRECTION('',(5.66440318686304E-17,0.,-1.));
#11119=DIRECTION('',(-1.,0.,-5.66440318686304E-17));
#11120=DIRECTION('',(5.66440318686304E-17,0.,-1.));
#11121=DIRECTION('',(-1.,0.,-5.66440318686304E-17));
#11122=DIRECTION('',(5.66440318686304E-17,0.,-1.));
#11123=DIRECTION('',(-1.,0.,-5.66440318686304E-17));
#11124=DIRECTION('',(5.66440318686304E-17,0.,-1.));
#11125=DIRECTION('',(-1.,0.,-5.66440318686304E-17));
#11126=DIRECTION('',(5.66440318686304E-17,0.,-1.));
#11127=DIRECTION('',(-1.,0.,-5.66440318686304E-17));
#11128=DIRECTION('',(1.,-2.47817639425258E-16,5.66440318686304E-17));
#11129=DIRECTION('',(5.66440318686304E-17,0.,-1.));
#11130=DIRECTION('',(-1.,0.,-5.66440318686304E-17));
#11131=DIRECTION('',(1.,-1.23908819712629E-16,5.66440318686304E-17));
#11132=DIRECTION('',(0.,1.,0.));
#11133=DIRECTION('',(-1.,0.,-5.66440318686304E-17));
#11134=DIRECTION('',(0.,1.,0.));
#11135=DIRECTION('',(-1.,0.,-5.66440318686304E-17));
#11136=DIRECTION('',(5.66440318686304E-17,0.,-1.));
#11137=DIRECTION('',(-1.,0.,-5.66440318686304E-17));
#11138=DIRECTION('',(5.66440318686304E-17,0.,-1.));
#11139=DIRECTION('',(-1.,0.,-5.66440318686304E-17));
#11140=DIRECTION('',(5.66440318686304E-17,0.,-1.));
#11141=DIRECTION('',(-1.,0.,-5.66440318686304E-17));
#11142=DIRECTION('',(5.66440318686304E-17,0.,-1.));
#11143=DIRECTION('',(-1.,0.,-5.66440318686304E-17));
#11144=DIRECTION('',(0.,-1.,0.));
#11145=DIRECTION('',(-1.,0.,0.));
#11146=DIRECTION('',(0.,1.,0.));
#11147=DIRECTION('',(1.,0.,0.));
#11148=DIRECTION('',(0.,1.,0.));
#11149=DIRECTION('',(1.,0.,0.));
#11150=DIRECTION('',(0.,-1.,0.));
#11151=DIRECTION('',(-1.,0.,0.));
#11152=DIRECTION('',(0.,1.,0.));
#11153=DIRECTION('',(1.,0.,0.));
#11154=DIRECTION('',(0.,1.,0.));
#11155=DIRECTION('',(1.,0.,0.));
#11156=DIRECTION('',(0.,1.,0.));
#11157=DIRECTION('',(1.,0.,0.));
#11158=DIRECTION('',(0.,1.,0.));
#11159=DIRECTION('',(1.,0.,0.));
#11160=DIRECTION('',(0.,-1.,0.));
#11161=DIRECTION('',(-1.,0.,0.));
#11162=DIRECTION('',(0.,1.,0.));
#11163=DIRECTION('',(1.,0.,0.));
#11164=DIRECTION('',(0.,1.,0.));
#11165=DIRECTION('',(1.,0.,0.));
#11166=DIRECTION('',(0.,-1.,0.));
#11167=DIRECTION('',(-1.,0.,0.));
#11168=DIRECTION('',(0.,1.,0.));
#11169=DIRECTION('',(1.,0.,0.));
#11170=DIRECTION('',(0.,1.,0.));
#11171=DIRECTION('',(1.,0.,0.));
#11172=DIRECTION('',(0.,1.,0.));
#11173=DIRECTION('',(1.,0.,0.));
#11174=DIRECTION('',(0.,1.,0.));
#11175=DIRECTION('',(1.,0.,0.));
#11176=DIRECTION('',(0.,-1.,0.));
#11177=DIRECTION('',(-1.,0.,0.));
#11178=DIRECTION('',(0.,1.,0.));
#11179=DIRECTION('',(1.,0.,0.));
#11180=DIRECTION('',(0.,1.,0.));
#11181=DIRECTION('',(1.,0.,0.));
#11182=DIRECTION('',(0.,1.,0.));
#11183=DIRECTION('',(1.,0.,0.));
#11184=DIRECTION('',(0.,-1.,0.));
#11185=DIRECTION('',(-1.,0.,0.));
#11186=DIRECTION('',(0.,1.,0.));
#11187=DIRECTION('',(1.,0.,0.));
#11188=DIRECTION('',(0.,1.,0.));
#11189=DIRECTION('',(1.,0.,0.));
#11190=DIRECTION('',(0.,1.,0.));
#11191=DIRECTION('',(1.,0.,0.));
#11192=DIRECTION('',(0.,1.,0.));
#11193=DIRECTION('',(1.,0.,0.));
#11194=DIRECTION('',(0.,1.,0.));
#11195=DIRECTION('',(1.,0.,0.));
#11196=DIRECTION('',(0.,1.,0.));
#11197=DIRECTION('',(1.,0.,0.));
#11198=DIRECTION('',(0.,1.,0.));
#11199=DIRECTION('',(1.,0.,0.));
#11200=DIRECTION('',(0.,1.,0.));
#11201=DIRECTION('',(1.,0.,0.));
#11202=DIRECTION('',(0.,-1.,0.));
#11203=DIRECTION('',(-1.,0.,0.));
#11204=DIRECTION('',(0.,1.,0.));
#11205=DIRECTION('',(1.,0.,0.));
#11206=DIRECTION('',(0.,1.,0.));
#11207=DIRECTION('',(1.,0.,0.));
#11208=DIRECTION('',(0.,-1.,0.));
#11209=DIRECTION('',(-1.,0.,0.));
#11210=DIRECTION('',(0.,1.,0.));
#11211=DIRECTION('',(1.,0.,0.));
#11212=DIRECTION('',(0.,1.,0.));
#11213=DIRECTION('',(1.,0.,0.));
#11214=DIRECTION('',(0.,1.,0.));
#11215=DIRECTION('',(1.,0.,0.));
#11216=DIRECTION('',(0.,1.,0.));
#11217=DIRECTION('',(1.,0.,0.));
#11218=DIRECTION('',(0.,-1.,0.));
#11219=DIRECTION('',(-1.,0.,0.));
#11220=DIRECTION('',(0.,1.,0.));
#11221=DIRECTION('',(1.,0.,0.));
#11222=DIRECTION('',(0.,1.,0.));
#11223=DIRECTION('',(1.,0.,0.));
#11224=DIRECTION('',(0.,-1.,0.));
#11225=DIRECTION('',(-1.,0.,0.));
#11226=DIRECTION('',(0.,1.,0.));
#11227=DIRECTION('',(1.,0.,0.));
#11228=DIRECTION('',(0.,1.,0.));
#11229=DIRECTION('',(1.,0.,0.));
#11230=DIRECTION('',(0.,1.,0.));
#11231=DIRECTION('',(1.,0.,0.));
#11232=DIRECTION('',(0.,1.,0.));
#11233=DIRECTION('',(1.,0.,0.));
#11234=DIRECTION('',(0.,-1.,0.));
#11235=DIRECTION('',(-1.,0.,0.));
#11236=DIRECTION('',(0.,1.,0.));
#11237=DIRECTION('',(1.,0.,0.));
#11238=DIRECTION('',(0.,1.,0.));
#11239=DIRECTION('',(1.,0.,0.));
#11240=DIRECTION('',(0.,-1.,0.));
#11241=DIRECTION('',(-1.,0.,0.));
#11242=DIRECTION('',(0.,1.,0.));
#11243=DIRECTION('',(1.,0.,0.));
#11244=DIRECTION('',(0.,1.,0.));
#11245=DIRECTION('',(1.,0.,0.));
#11246=DIRECTION('',(0.,1.,0.));
#11247=DIRECTION('',(1.,0.,0.));
#11248=DIRECTION('',(0.,1.,0.));
#11249=DIRECTION('',(1.,0.,0.));
#11250=DIRECTION('',(0.,-1.,0.));
#11251=DIRECTION('',(-1.,0.,0.));
#11252=DIRECTION('',(0.,1.,0.));
#11253=DIRECTION('',(1.,0.,0.));
#11254=DIRECTION('',(0.,1.,0.));
#11255=DIRECTION('',(1.,0.,0.));
#11256=DIRECTION('',(0.,-1.,0.));
#11257=DIRECTION('',(-1.,0.,0.));
#11258=DIRECTION('',(0.,1.,0.));
#11259=DIRECTION('',(1.,0.,0.));
#11260=DIRECTION('',(0.,1.,0.));
#11261=DIRECTION('',(1.,0.,0.));
#11262=DIRECTION('',(0.,1.,0.));
#11263=DIRECTION('',(1.,0.,0.));
#11264=DIRECTION('',(0.,1.,0.));
#11265=DIRECTION('',(1.,0.,0.));
#11266=DIRECTION('',(0.,-1.,0.));
#11267=DIRECTION('',(-1.,0.,0.));
#11268=DIRECTION('',(0.,1.,0.));
#11269=DIRECTION('',(1.,0.,0.));
#11270=DIRECTION('',(0.,1.,0.));
#11271=DIRECTION('',(1.,0.,0.));
#11272=DIRECTION('',(0.,-1.,0.));
#11273=DIRECTION('',(-1.,0.,0.));
#11274=DIRECTION('',(0.,1.,0.));
#11275=DIRECTION('',(1.,0.,0.));
#11276=DIRECTION('',(0.,1.,0.));
#11277=DIRECTION('',(1.,0.,0.));
#11278=DIRECTION('',(0.,1.,0.));
#11279=DIRECTION('',(1.,0.,0.));
#11280=DIRECTION('',(0.,1.,0.));
#11281=DIRECTION('',(1.,0.,0.));
#11282=DIRECTION('',(0.,-1.,0.));
#11283=DIRECTION('',(-1.,0.,0.));
#11284=DIRECTION('',(0.,1.,0.));
#11285=DIRECTION('',(1.,0.,0.));
#11286=DIRECTION('',(0.,1.,0.));
#11287=DIRECTION('',(1.,0.,0.));
#11288=DIRECTION('',(0.,-1.,0.));
#11289=DIRECTION('',(-1.,0.,0.));
#11290=DIRECTION('',(0.,1.,0.));
#11291=DIRECTION('',(1.,0.,0.));
#11292=DIRECTION('',(0.,1.,0.));
#11293=DIRECTION('',(1.,0.,0.));
#11294=DIRECTION('',(0.,1.,0.));
#11295=DIRECTION('',(1.,0.,0.));
#11296=DIRECTION('',(0.,1.,0.));
#11297=DIRECTION('',(1.,0.,0.));
#11298=DIRECTION('',(0.,-1.,0.));
#11299=DIRECTION('',(-1.,0.,0.));
#11300=DIRECTION('',(0.,1.,0.));
#11301=DIRECTION('',(1.,0.,0.));
#11302=DIRECTION('',(0.,1.,0.));
#11303=DIRECTION('',(1.,0.,0.));
#11304=DIRECTION('',(0.,-1.,0.));
#11305=DIRECTION('',(-1.,0.,0.));
#11306=DIRECTION('',(0.,1.,0.));
#11307=DIRECTION('',(1.,0.,0.));
#11308=DIRECTION('',(0.,1.,0.));
#11309=DIRECTION('',(1.,0.,0.));
#11310=DIRECTION('',(0.,1.,0.));
#11311=DIRECTION('',(1.,0.,0.));
#11312=DIRECTION('',(0.,1.,0.));
#11313=DIRECTION('',(1.,0.,0.));
#11314=DIRECTION('',(0.,-1.,0.));
#11315=DIRECTION('',(-1.,0.,0.));
#11316=DIRECTION('',(0.,1.,0.));
#11317=DIRECTION('',(1.,0.,0.));
#11318=DIRECTION('',(0.,1.,0.));
#11319=DIRECTION('',(1.,0.,0.));
#11320=DIRECTION('',(0.,-1.,0.));
#11321=DIRECTION('',(-1.,0.,0.));
#11322=DIRECTION('',(0.,1.,0.));
#11323=DIRECTION('',(1.,0.,0.));
#11324=DIRECTION('',(0.,1.,0.));
#11325=DIRECTION('',(1.,0.,0.));
#11326=DIRECTION('',(0.,1.,0.));
#11327=DIRECTION('',(1.,0.,0.));
#11328=DIRECTION('',(0.,1.,0.));
#11329=DIRECTION('',(1.,0.,0.));
#11330=DIRECTION('',(0.,-1.,0.));
#11331=DIRECTION('',(-1.,0.,0.));
#11332=DIRECTION('',(0.,1.,0.));
#11333=DIRECTION('',(1.,0.,0.));
#11334=DIRECTION('',(0.,1.,0.));
#11335=DIRECTION('',(1.,0.,0.));
#11336=DIRECTION('',(0.,-1.,0.));
#11337=DIRECTION('',(-1.,0.,0.));
#11338=DIRECTION('',(0.,1.,0.));
#11339=DIRECTION('',(1.,0.,0.));
#11340=DIRECTION('',(0.,1.,0.));
#11341=DIRECTION('',(1.,0.,0.));
#11342=DIRECTION('',(0.,1.,0.));
#11343=DIRECTION('',(1.,0.,0.));
#11344=DIRECTION('',(0.,1.,0.));
#11345=DIRECTION('',(1.,0.,0.));
#11346=DIRECTION('',(0.,-1.,0.));
#11347=DIRECTION('',(-1.,0.,0.));
#11348=DIRECTION('',(0.,1.,0.));
#11349=DIRECTION('',(1.,0.,0.));
#11350=DIRECTION('',(0.,1.,0.));
#11351=DIRECTION('',(1.,0.,0.));
#11352=DIRECTION('',(0.,-1.,0.));
#11353=DIRECTION('',(-1.,0.,0.));
#11354=DIRECTION('',(0.,1.,0.));
#11355=DIRECTION('',(1.,0.,0.));
#11356=DIRECTION('',(0.,1.,0.));
#11357=DIRECTION('',(1.,0.,0.));
#11358=DIRECTION('',(0.,1.,0.));
#11359=DIRECTION('',(1.,0.,0.));
#11360=DIRECTION('',(0.,1.,0.));
#11361=DIRECTION('',(1.,0.,0.));
#11362=DIRECTION('',(0.,-1.,0.));
#11363=DIRECTION('',(-1.,0.,0.));
#11364=DIRECTION('',(0.,1.,0.));
#11365=DIRECTION('',(1.,0.,0.));
#11366=DIRECTION('',(0.,-1.,0.));
#11367=DIRECTION('',(1.,0.,0.));
#11368=DIRECTION('',(0.,-1.,0.));
#11369=DIRECTION('',(-1.,0.,0.));
#11370=DIRECTION('',(0.,-1.,0.));
#11371=DIRECTION('',(1.,0.,0.));
#11372=DIRECTION('',(0.,-1.,0.));
#11373=DIRECTION('',(1.,0.,0.));
#11374=DIRECTION('',(0.,1.,0.));
#11375=DIRECTION('',(1.,0.,0.));
#11376=DIRECTION('',(0.,1.,0.));
#11377=DIRECTION('',(1.,0.,0.));
#11378=DIRECTION('',(0.,-1.,0.));
#11379=DIRECTION('',(-1.,0.,0.));
#11380=DIRECTION('',(0.,1.,0.));
#11381=DIRECTION('',(1.,0.,0.));
#11382=DIRECTION('',(0.,-1.,0.));
#11383=DIRECTION('',(1.,0.,0.));
#11384=DIRECTION('',(0.,-1.,0.));
#11385=DIRECTION('',(-1.,0.,0.));
#11386=DIRECTION('',(0.,-1.,0.));
#11387=DIRECTION('',(1.,0.,0.));
#11388=DIRECTION('',(0.,-1.,0.));
#11389=DIRECTION('',(1.,0.,0.));
#11390=DIRECTION('',(0.,1.,0.));
#11391=DIRECTION('',(1.,0.,0.));
#11392=DIRECTION('',(0.,1.,0.));
#11393=DIRECTION('',(1.,0.,0.));
#11394=DIRECTION('',(0.,-1.,0.));
#11395=DIRECTION('',(-1.,0.,0.));
#11396=DIRECTION('',(0.,1.,0.));
#11397=DIRECTION('',(1.,0.,0.));
#11398=DIRECTION('',(0.,-1.,0.));
#11399=DIRECTION('',(1.,0.,0.));
#11400=DIRECTION('',(0.,-1.,0.));
#11401=DIRECTION('',(-1.,0.,0.));
#11402=DIRECTION('',(0.,-1.,0.));
#11403=DIRECTION('',(1.,0.,0.));
#11404=DIRECTION('',(0.,-1.,0.));
#11405=DIRECTION('',(1.,0.,0.));
#11406=DIRECTION('',(0.,1.,0.));
#11407=DIRECTION('',(1.,0.,0.));
#11408=DIRECTION('',(0.,1.,0.));
#11409=DIRECTION('',(1.,0.,0.));
#11410=DIRECTION('',(0.,-1.,0.));
#11411=DIRECTION('',(-1.,0.,0.));
#11412=DIRECTION('',(0.,1.,0.));
#11413=DIRECTION('',(1.,0.,0.));
#11414=DIRECTION('',(0.,-1.,0.));
#11415=DIRECTION('',(1.,0.,0.));
#11416=DIRECTION('',(0.,-1.,0.));
#11417=DIRECTION('',(-1.,0.,0.));
#11418=DIRECTION('',(0.,-1.,0.));
#11419=DIRECTION('',(1.,0.,0.));
#11420=DIRECTION('',(0.,-1.,0.));
#11421=DIRECTION('',(1.,0.,0.));
#11422=DIRECTION('',(0.,1.,0.));
#11423=DIRECTION('',(1.,0.,0.));
#11424=DIRECTION('',(0.,1.,0.));
#11425=DIRECTION('',(1.,0.,0.));
#11426=DIRECTION('',(0.,-1.,0.));
#11427=DIRECTION('',(-1.,0.,0.));
#11428=DIRECTION('',(0.,1.,0.));
#11429=DIRECTION('',(1.,0.,0.));
#11430=DIRECTION('',(0.,1.,0.));
#11431=DIRECTION('',(1.,0.,0.));
#11432=DIRECTION('',(0.,-1.,0.));
#11433=DIRECTION('',(-1.,0.,0.));
#11434=DIRECTION('',(0.,1.,0.));
#11435=DIRECTION('',(1.,0.,0.));
#11436=DIRECTION('',(0.,1.,0.));
#11437=DIRECTION('',(1.,0.,0.));
#11438=DIRECTION('',(0.,1.,0.));
#11439=DIRECTION('',(1.,0.,0.));
#11440=DIRECTION('',(0.,1.,0.));
#11441=DIRECTION('',(1.,0.,0.));
#11442=DIRECTION('',(0.,-1.,0.));
#11443=DIRECTION('',(-1.,0.,0.));
#11444=DIRECTION('',(0.,1.,0.));
#11445=DIRECTION('',(1.,0.,0.));
#11446=DIRECTION('',(0.,1.,0.));
#11447=DIRECTION('',(1.,0.,0.));
#11448=DIRECTION('',(0.,-1.,0.));
#11449=DIRECTION('',(-1.,0.,0.));
#11450=DIRECTION('',(0.,1.,0.));
#11451=DIRECTION('',(1.,0.,0.));
#11452=DIRECTION('',(0.,1.,0.));
#11453=DIRECTION('',(1.,0.,0.));
#11454=DIRECTION('',(0.,1.,0.));
#11455=DIRECTION('',(1.,0.,0.));
#11456=DIRECTION('',(0.,1.,0.));
#11457=DIRECTION('',(1.,0.,0.));
#11458=DIRECTION('',(0.,-1.,0.));
#11459=DIRECTION('',(-1.,0.,0.));
#11460=DIRECTION('',(0.,1.,0.));
#11461=DIRECTION('',(1.,0.,0.));
#11462=DIRECTION('',(0.,1.,0.));
#11463=DIRECTION('',(1.,0.,0.));
#11464=DIRECTION('',(0.,-1.,0.));
#11465=DIRECTION('',(-1.,0.,0.));
#11466=DIRECTION('',(0.,1.,0.));
#11467=DIRECTION('',(1.,0.,0.));
#11468=DIRECTION('',(0.,1.,0.));
#11469=DIRECTION('',(1.,0.,0.));
#11470=DIRECTION('',(0.,1.,0.));
#11471=DIRECTION('',(1.,0.,0.));
#11472=DIRECTION('',(0.,1.,0.));
#11473=DIRECTION('',(1.,0.,0.));
#11474=DIRECTION('',(0.,-1.,0.));
#11475=DIRECTION('',(-1.,0.,0.));
#11476=DIRECTION('',(0.,1.,0.));
#11477=DIRECTION('',(1.,0.,0.));
#11478=DIRECTION('',(0.,1.,0.));
#11479=DIRECTION('',(1.,0.,0.));
#11480=DIRECTION('',(0.,-1.,0.));
#11481=DIRECTION('',(-1.,0.,0.));
#11482=DIRECTION('',(0.,1.,0.));
#11483=DIRECTION('',(1.,0.,0.));
#11484=DIRECTION('',(0.,1.,0.));
#11485=DIRECTION('',(1.,0.,0.));
#11486=DIRECTION('',(0.,1.,0.));
#11487=DIRECTION('',(1.,0.,0.));
#11488=DIRECTION('',(0.,1.,0.));
#11489=DIRECTION('',(1.,0.,0.));
#11490=DIRECTION('',(0.,-1.,0.));
#11491=DIRECTION('',(-1.,0.,0.));
#11492=DIRECTION('',(0.,1.,0.));
#11493=DIRECTION('',(1.,0.,0.));
#11494=DIRECTION('',(0.,1.,0.));
#11495=DIRECTION('',(1.,0.,0.));
#11496=DIRECTION('',(0.,-1.,0.));
#11497=DIRECTION('',(-1.,0.,0.));
#11498=DIRECTION('',(0.,1.,0.));
#11499=DIRECTION('',(1.,0.,0.));
#11500=DIRECTION('',(0.,1.,0.));
#11501=DIRECTION('',(1.,0.,0.));
#11502=DIRECTION('',(0.,1.,0.));
#11503=DIRECTION('',(1.,0.,0.));
#11504=DIRECTION('',(0.,1.,0.));
#11505=DIRECTION('',(1.,0.,0.));
#11506=DIRECTION('',(0.,-1.,0.));
#11507=DIRECTION('',(-1.,0.,0.));
#11508=DIRECTION('',(0.,1.,0.));
#11509=DIRECTION('',(1.,0.,0.));
#11510=DIRECTION('',(0.,1.,0.));
#11511=DIRECTION('',(1.,0.,0.));
#11512=DIRECTION('',(0.,-1.,0.));
#11513=DIRECTION('',(-1.,0.,0.));
#11514=DIRECTION('',(0.,1.,0.));
#11515=DIRECTION('',(1.,0.,0.));
#11516=DIRECTION('',(0.,1.,0.));
#11517=DIRECTION('',(1.,0.,0.));
#11518=DIRECTION('',(0.,1.,0.));
#11519=DIRECTION('',(1.,0.,0.));
#11520=DIRECTION('',(0.,1.,0.));
#11521=DIRECTION('',(1.,0.,0.));
#11522=DIRECTION('',(0.,-1.,0.));
#11523=DIRECTION('',(-1.,0.,0.));
#11524=DIRECTION('',(0.,1.,0.));
#11525=DIRECTION('',(1.,0.,0.));
#11526=DIRECTION('',(0.,1.,0.));
#11527=DIRECTION('',(1.,0.,0.));
#11528=DIRECTION('',(0.,-1.,0.));
#11529=DIRECTION('',(-1.,0.,0.));
#11530=DIRECTION('',(0.,1.,0.));
#11531=DIRECTION('',(1.,0.,0.));
#11532=DIRECTION('',(0.,1.,0.));
#11533=DIRECTION('',(1.,0.,0.));
#11534=DIRECTION('',(0.,1.,0.));
#11535=DIRECTION('',(1.,0.,0.));
#11536=DIRECTION('',(0.,1.,0.));
#11537=DIRECTION('',(1.,0.,0.));
#11538=DIRECTION('',(0.,-1.,0.));
#11539=DIRECTION('',(-1.,0.,0.));
#11540=DIRECTION('',(0.,1.,0.));
#11541=DIRECTION('',(1.,0.,0.));
#11542=DIRECTION('',(0.,1.,0.));
#11543=DIRECTION('',(1.,0.,0.));
#11544=DIRECTION('',(0.,-1.,0.));
#11545=DIRECTION('',(-1.,0.,0.));
#11546=DIRECTION('',(0.,1.,0.));
#11547=DIRECTION('',(1.,0.,0.));
#11548=DIRECTION('',(0.,1.,0.));
#11549=DIRECTION('',(1.,0.,0.));
#11550=DIRECTION('',(0.,1.,0.));
#11551=DIRECTION('',(1.,0.,0.));
#11552=DIRECTION('',(0.,1.,0.));
#11553=DIRECTION('',(1.,0.,0.));
#11554=DIRECTION('',(0.,-1.,0.));
#11555=DIRECTION('',(-1.,0.,0.));
#11556=DIRECTION('',(0.,1.,0.));
#11557=DIRECTION('',(1.,0.,0.));
#11558=DIRECTION('',(0.,1.,0.));
#11559=DIRECTION('',(1.,0.,0.));
#11560=DIRECTION('',(0.,1.,0.));
#11561=DIRECTION('',(1.,0.,0.));
#11562=DIRECTION('',(0.,-1.,0.));
#11563=DIRECTION('',(-1.,0.,0.));
#11564=DIRECTION('',(0.,1.,0.));
#11565=DIRECTION('',(1.,0.,0.));
#11566=DIRECTION('',(0.,1.,0.));
#11567=DIRECTION('',(1.,0.,0.));
#11568=DIRECTION('',(0.,1.,0.));
#11569=DIRECTION('',(1.,0.,0.));
#11570=DIRECTION('',(0.,1.,0.));
#11571=DIRECTION('',(1.,0.,0.));
#11572=DIRECTION('',(0.,1.,0.));
#11573=DIRECTION('',(1.,0.,0.));
#11574=DIRECTION('',(0.,1.,0.));
#11575=DIRECTION('',(1.,0.,0.));
#11576=DIRECTION('',(0.,1.,0.));
#11577=DIRECTION('',(1.,0.,0.));
#11578=DIRECTION('',(0.,1.,0.));
#11579=DIRECTION('',(1.,0.,0.));
#11580=DIRECTION('',(0.,-1.,0.));
#11581=DIRECTION('',(-1.,0.,0.));
#11582=DIRECTION('',(0.,1.,0.));
#11583=DIRECTION('',(1.,0.,0.));
#11584=DIRECTION('',(0.,1.,0.));
#11585=DIRECTION('',(1.,0.,0.));
#11586=DIRECTION('',(0.,-1.,0.));
#11587=DIRECTION('',(-1.,0.,0.));
#11588=DIRECTION('',(0.,1.,0.));
#11589=DIRECTION('',(1.,0.,0.));
#11590=DIRECTION('',(0.,1.,0.));
#11591=DIRECTION('',(1.,0.,0.));
#11592=DIRECTION('',(0.,1.,0.));
#11593=DIRECTION('',(1.,0.,0.));
#11594=DIRECTION('',(0.,1.,0.));
#11595=DIRECTION('',(1.,0.,0.));
#11596=DIRECTION('',(-1.,0.,0.));
#11597=DIRECTION('',(0.,1.,0.));
#11598=DIRECTION('',(0.,-1.,0.));
#11599=DIRECTION('',(0.,-1.,0.));
#11600=DIRECTION('',(0.,0.,-1.));
#11601=DIRECTION('',(-1.95406733924369E-16,0.,-1.));
#11602=DIRECTION('',(-1.,0.,1.95406733924369E-16));
#11603=DIRECTION('',(0.,-1.,0.));
#11604=DIRECTION('',(1.,0.,-1.95406733924369E-16));
#11605=DIRECTION('',(0.,-1.,0.));
#11606=DIRECTION('',(-1.,0.,0.));
#11607=DIRECTION('',(0.,1.,0.));
#11608=DIRECTION('',(0.,-1.,0.));
#11609=DIRECTION('',(0.,0.,-1.));
#11610=DIRECTION('',(0.,-1.,0.));
#11611=DIRECTION('',(-1.95406733924369E-16,0.,-1.));
#11612=DIRECTION('',(-1.,0.,1.95406733924369E-16));
#11613=DIRECTION('',(0.,-1.,0.));
#11614=DIRECTION('',(0.,-1.,0.));
#11615=DIRECTION('',(1.,0.,-1.95406733924369E-16));
#11616=DIRECTION('',(0.,-1.,0.));
#11617=DIRECTION('',(-1.,0.,0.));
#11618=DIRECTION('',(0.,-1.,0.));
#11619=DIRECTION('',(1.,0.,0.));
#11620=DIRECTION('',(0.,-1.,0.));
#11621=DIRECTION('',(1.,0.,0.));
#11622=DIRECTION('',(0.,-1.,0.));
#11623=DIRECTION('',(-1.,0.,0.));
#11624=DIRECTION('',(0.,-1.,0.));
#11625=DIRECTION('',(1.,0.,0.));
#11626=DIRECTION('',(0.,-1.,0.));
#11627=DIRECTION('',(1.,0.,0.));
#11628=DIRECTION('',(0.,-1.,0.));
#11629=DIRECTION('',(-1.,0.,0.));
#11630=DIRECTION('',(0.,-1.,0.));
#11631=DIRECTION('',(1.,0.,0.));
#11632=DIRECTION('',(0.,-1.,0.));
#11633=DIRECTION('',(1.,0.,0.));
#11634=DIRECTION('',(0.,-1.,0.));
#11635=DIRECTION('',(-1.,0.,0.));
#11636=DIRECTION('',(0.,-1.,0.));
#11637=DIRECTION('',(1.,0.,0.));
#11638=DIRECTION('',(0.,-1.,0.));
#11639=DIRECTION('',(1.,0.,0.));
#11640=DIRECTION('',(0.,1.,0.));
#11641=DIRECTION('',(1.,0.,0.));
#11642=DIRECTION('',(0.,-1.,0.));
#11643=DIRECTION('',(1.,0.,0.));
#11644=DIRECTION('',(0.,1.,0.));
#11645=DIRECTION('',(1.,0.,0.));
#11646=DIRECTION('',(0.,-1.,0.));
#11647=DIRECTION('',(-1.,0.,0.));
#11648=DIRECTION('',(0.,-1.,0.));
#11649=DIRECTION('',(1.,0.,0.));
#11650=DIRECTION('',(0.,1.,0.));
#11651=DIRECTION('',(1.,0.,0.));
#11652=DIRECTION('',(0.,1.,0.));
#11653=DIRECTION('',(1.,0.,0.));
#11654=DIRECTION('',(0.,-1.,0.));
#11655=DIRECTION('',(-1.,0.,0.));
#11656=DIRECTION('',(0.,-1.,0.));
#11657=DIRECTION('',(1.,0.,0.));
#11658=DIRECTION('',(0.,1.,0.));
#11659=DIRECTION('',(1.,0.,0.));
#11660=DIRECTION('',(0.,1.,0.));
#11661=DIRECTION('',(1.,0.,0.));
#11662=DIRECTION('',(0.,-1.,0.));
#11663=DIRECTION('',(-1.,0.,0.));
#11664=DIRECTION('',(0.,-1.,0.));
#11665=DIRECTION('',(1.,0.,0.));
#11666=DIRECTION('',(0.,1.,0.));
#11667=DIRECTION('',(1.,0.,0.));
#11668=DIRECTION('',(0.,1.,0.));
#11669=DIRECTION('',(1.,0.,0.));
#11670=DIRECTION('',(0.,-1.,0.));
#11671=DIRECTION('',(-1.,0.,0.));
#11672=DIRECTION('',(0.,-1.,0.));
#11673=DIRECTION('',(1.,0.,0.));
#11674=DIRECTION('',(0.,1.,0.));
#11675=DIRECTION('',(1.,0.,0.));
#11676=DIRECTION('',(0.,1.,0.));
#11677=DIRECTION('',(1.,0.,0.));
#11678=DIRECTION('',(0.,-1.,0.));
#11679=DIRECTION('',(-1.,0.,0.));
#11680=DIRECTION('',(0.,-1.,0.));
#11681=DIRECTION('',(1.,0.,0.));
#11682=DIRECTION('',(0.,1.,0.));
#11683=DIRECTION('',(1.,0.,0.));
#11684=DIRECTION('',(0.,-1.,0.));
#11685=DIRECTION('',(-1.,0.,0.));
#11686=DIRECTION('',(0.,1.,0.));
#11687=DIRECTION('',(1.,0.,0.));
#11688=DIRECTION('',(0.,1.,0.));
#11689=DIRECTION('',(1.,0.,0.));
#11690=DIRECTION('',(0.,1.,0.));
#11691=DIRECTION('',(1.,0.,0.));
#11692=DIRECTION('',(0.,1.,0.));
#11693=DIRECTION('',(1.,0.,0.));
#11694=DIRECTION('',(0.,1.,0.));
#11695=DIRECTION('',(1.,0.,0.));
#11696=DIRECTION('',(0.,1.,0.));
#11697=DIRECTION('',(1.,0.,0.));
#11698=DIRECTION('',(0.,1.,0.));
#11699=DIRECTION('',(1.,0.,0.));
#11700=DIRECTION('',(-1.,0.,0.));
#11701=DIRECTION('',(0.,1.,0.));
#11702=DIRECTION('',(0.,-1.,0.));
#11703=DIRECTION('',(0.,0.,-1.));
#11704=DIRECTION('',(0.,-1.,0.));
#11705=DIRECTION('',(-1.95406733924369E-16,0.,1.));
#11706=DIRECTION('',(1.,0.,1.95406733924369E-16));
#11707=DIRECTION('',(0.,-1.,0.));
#11708=DIRECTION('',(-1.,0.,-1.95406733924369E-16));
#11709=DIRECTION('',(0.,-1.,0.));
#11710=DIRECTION('',(-1.,0.,0.));
#11711=DIRECTION('',(0.,1.,0.));
#11712=DIRECTION('',(0.,-1.,0.));
#11713=DIRECTION('',(0.,-1.,0.));
#11714=DIRECTION('',(0.,0.,-1.));
#11715=DIRECTION('',(-1.95406733924369E-16,0.,1.));
#11716=DIRECTION('',(1.,0.,1.95406733924369E-16));
#11717=DIRECTION('',(0.,-1.,0.));
#11718=DIRECTION('',(0.,-1.,0.));
#11719=DIRECTION('',(-1.,0.,-1.95406733924369E-16));
#11720=DIRECTION('',(0.,-1.,0.));
#11721=DIRECTION('',(-1.,0.,0.));
#11722=DIRECTION('',(0.,1.,0.));
#11723=DIRECTION('',(1.,0.,0.));
#11724=DIRECTION('',(0.,1.,0.));
#11725=DIRECTION('',(1.,0.,0.));
#11726=DIRECTION('',(0.,-1.,0.));
#11727=DIRECTION('',(-1.,0.,0.));
#11728=DIRECTION('',(0.,1.,0.));
#11729=DIRECTION('',(1.,0.,0.));
#11730=DIRECTION('',(0.,1.,0.));
#11731=DIRECTION('',(1.,0.,0.));
#11732=DIRECTION('',(0.,-1.,0.));
#11733=DIRECTION('',(-1.,0.,0.));
#11734=DIRECTION('',(0.,1.,0.));
#11735=DIRECTION('',(1.,0.,0.));
#11736=DIRECTION('',(0.,1.,0.));
#11737=DIRECTION('',(1.,0.,0.));
#11738=DIRECTION('',(0.,-1.,0.));
#11739=DIRECTION('',(-1.,0.,0.));
#11740=DIRECTION('',(0.,1.,0.));
#11741=DIRECTION('',(1.,0.,0.));
#11742=DIRECTION('',(0.,1.,0.));
#11743=DIRECTION('',(1.,0.,0.));
#11744=DIRECTION('',(0.,1.,0.));
#11745=DIRECTION('',(1.,0.,0.));
#11746=DIRECTION('',(0.,1.,0.));
#11747=DIRECTION('',(1.,0.,0.));
#11748=DIRECTION('',(0.,1.,0.));
#11749=DIRECTION('',(1.,0.,0.));
#11750=DIRECTION('',(0.,-1.,0.));
#11751=DIRECTION('',(-1.,0.,0.));
#11752=DIRECTION('',(0.,1.,0.));
#11753=DIRECTION('',(1.,0.,0.));
#11754=DIRECTION('',(0.,1.,0.));
#11755=DIRECTION('',(1.,0.,0.));
#11756=DIRECTION('',(0.,1.,0.));
#11757=DIRECTION('',(1.,0.,0.));
#11758=DIRECTION('',(0.,1.,0.));
#11759=DIRECTION('',(1.,0.,0.));
#11760=DIRECTION('',(0.,1.,0.));
#11761=DIRECTION('',(1.,0.,0.));
#11762=DIRECTION('',(0.,-1.,0.));
#11763=DIRECTION('',(-1.,0.,0.));
#11764=DIRECTION('',(0.,1.,0.));
#11765=DIRECTION('',(1.,0.,0.));
#11766=DIRECTION('',(0.,1.,0.));
#11767=DIRECTION('',(1.,0.,0.));
#11768=DIRECTION('',(0.,1.,0.));
#11769=DIRECTION('',(1.,0.,0.));
#11770=DIRECTION('',(0.,-1.,0.));
#11771=DIRECTION('',(-1.,0.,0.));
#11772=DIRECTION('',(0.,1.,0.));
#11773=DIRECTION('',(1.,0.,0.));
#11774=DIRECTION('',(0.,1.,0.));
#11775=DIRECTION('',(1.,0.,0.));
#11776=DIRECTION('',(0.,1.,0.));
#11777=DIRECTION('',(1.,0.,0.));
#11778=DIRECTION('',(0.,-1.,0.));
#11779=DIRECTION('',(-1.,0.,0.));
#11780=DIRECTION('',(0.,1.,0.));
#11781=DIRECTION('',(1.,0.,0.));
#11782=DIRECTION('',(0.,1.,0.));
#11783=DIRECTION('',(1.,0.,0.));
#11784=DIRECTION('',(0.,1.,0.));
#11785=DIRECTION('',(1.,0.,0.));
#11786=DIRECTION('',(0.,-1.,0.));
#11787=DIRECTION('',(-1.,0.,0.));
#11788=DIRECTION('',(0.,-1.,0.));
#11789=DIRECTION('',(-1.,0.,0.));
#11790=DIRECTION('',(0.,1.,0.));
#11791=DIRECTION('',(1.,0.,0.));
#11792=DIRECTION('',(0.,1.,0.));
#11793=DIRECTION('',(1.,0.,0.));
#11794=DIRECTION('',(0.,1.,0.));
#11795=DIRECTION('',(1.,0.,0.));
#11796=DIRECTION('',(0.,1.,0.));
#11797=DIRECTION('',(1.,0.,0.));
#11798=DIRECTION('',(0.,1.,0.));
#11799=DIRECTION('',(1.,0.,0.));
#11800=DIRECTION('',(0.,1.,0.));
#11801=DIRECTION('',(1.,0.,0.));
#11802=DIRECTION('',(0.,1.,0.));
#11803=DIRECTION('',(1.,0.,0.));
#11804=DIRECTION('',(-1.,0.,6.24001250351369E-17));
#11805=DIRECTION('',(6.24001250351369E-17,0.,1.));
#11806=DIRECTION('',(0.,1.,0.));
#11807=DIRECTION('',(6.24001250351369E-17,0.,1.));
#11808=DIRECTION('',(0.,1.,0.));
#11809=DIRECTION('',(0.,0.,1.));
#11810=DIRECTION('',(0.,-1.,0.));
#11811=DIRECTION('',(0.,1.,0.));
#11812=DIRECTION('',(1.,0.,0.));
#11813=DIRECTION('',(-1.,0.,1.24800250070274E-16));
#11814=DIRECTION('',(1.24800250070274E-16,0.,1.));
#11815=DIRECTION('',(0.,1.,0.));
#11816=DIRECTION('',(1.24800250070274E-16,0.,1.));
#11817=DIRECTION('',(-1.,0.,0.));
#11818=DIRECTION('',(0.,1.,0.));
#11819=DIRECTION('',(0.,1.,0.));
#11820=DIRECTION('',(0.,0.,1.));
#11821=DIRECTION('',(0.,1.,0.));
#11822=DIRECTION('',(0.,0.,1.));
#11823=DIRECTION('',(0.,-1.,0.));
#11824=DIRECTION('',(0.,1.,0.));
#11825=DIRECTION('',(1.,0.,0.));
#11826=DIRECTION('',(-1.,0.,1.24800250070274E-16));
#11827=DIRECTION('',(1.24800250070274E-16,0.,1.));
#11828=DIRECTION('',(0.,1.,0.));
#11829=DIRECTION('',(1.24800250070274E-16,0.,1.));
#11830=DIRECTION('',(0.,0.,-1.));
#11831=DIRECTION('',(0.,1.,0.));
#11832=DIRECTION('',(0.,1.,0.));
#11833=DIRECTION('',(-1.,0.,0.));
#11834=DIRECTION('',(0.,1.,0.));
#11835=DIRECTION('',(1.,0.,0.));
#11836=DIRECTION('',(0.,-1.,0.));
#11837=DIRECTION('',(0.,1.,0.));
#11838=DIRECTION('',(0.,0.,-1.));
#11839=DIRECTION('',(0.,0.,-1.));
#11840=DIRECTION('',(0.,1.,0.));
#11841=DIRECTION('',(0.,1.,0.));
#11842=DIRECTION('',(-1.,0.,0.));
#11843=DIRECTION('',(0.,0.,-1.));
#11844=DIRECTION('',(0.,1.,0.));
#11845=DIRECTION('',(0.,1.,0.));
#11846=DIRECTION('',(-1.,0.,0.));
#11847=DIRECTION('',(0.,1.,0.));
#11848=DIRECTION('',(1.,0.,2.89120579329468E-16));
#11849=DIRECTION('',(2.89120579329468E-16,0.,-1.));
#11850=DIRECTION('',(0.,1.,0.));
#11851=DIRECTION('',(2.89120579329468E-16,0.,-1.));
#11852=DIRECTION('',(0.,0.,-1.));
#11853=DIRECTION('',(0.,1.,0.));
#11854=DIRECTION('',(0.,1.,0.));
#11855=DIRECTION('',(-1.,0.,0.));
#11856=DIRECTION('',(0.,0.,-1.));
#11857=DIRECTION('',(0.,1.,0.));
#11858=DIRECTION('',(0.,1.,0.));
#11859=DIRECTION('',(-1.,0.,0.));
#11860=DIRECTION('',(0.,1.,0.));
#11861=DIRECTION('',(1.,0.,0.));
#11862=DIRECTION('',(0.,-1.,0.));
#11863=DIRECTION('',(0.,1.,0.));
#11864=DIRECTION('',(0.,0.,-1.));
#11865=DIRECTION('',(0.,0.,-1.));
#11866=DIRECTION('',(0.,1.,0.));
#11867=DIRECTION('',(0.,1.,0.));
#11868=DIRECTION('',(-1.,0.,0.));
#11869=DIRECTION('',(1.,0.,0.));
#11870=DIRECTION('',(0.,-1.,0.));
#11871=DIRECTION('',(0.,1.,0.));
#11872=DIRECTION('',(0.,0.,-1.));
#11873=DIRECTION('',(0.,1.,0.));
#11874=DIRECTION('',(0.,0.,1.));
#11875=DIRECTION('',(0.,-1.,0.));
#11876=DIRECTION('',(0.,1.,0.));
#11877=DIRECTION('',(1.,0.,0.));
#11878=DIRECTION('',(1.,0.,0.));
#11879=DIRECTION('',(0.,-1.,0.));
#11880=DIRECTION('',(0.,1.,0.));
#11881=DIRECTION('',(0.,0.,-1.));
#11882=DIRECTION('',(1.,0.,-5.55111512312578E-16));
#11883=DIRECTION('',(-5.55111512312578E-16,0.,-1.));
#11884=DIRECTION('',(0.,1.,0.));
#11885=DIRECTION('',(-5.55111512312578E-16,0.,-1.));
#11886=DIRECTION('',(0.,1.,0.));
#11887=DIRECTION('',(0.,0.,1.));
#11888=DIRECTION('',(0.,-1.,0.));
#11889=DIRECTION('',(0.,1.,0.));
#11890=DIRECTION('',(1.,0.,0.));
#11891=DIRECTION('',(1.,0.,-5.55111512312578E-16));
#11892=DIRECTION('',(-5.55111512312578E-16,0.,-1.));
#11893=DIRECTION('',(0.,1.,0.));
#11894=DIRECTION('',(-5.55111512312578E-16,0.,-1.));
#11895=DIRECTION('',(0.,0.,1.));
#11896=DIRECTION('',(0.,-1.,0.));
#11897=DIRECTION('',(0.,1.,0.));
#11898=DIRECTION('',(1.,0.,0.));
#11899=DIRECTION('',(0.,1.,0.));
#11900=DIRECTION('',(1.,0.,-5.55111512312578E-16));
#11901=DIRECTION('',(-5.55111512312578E-16,0.,-1.));
#11902=DIRECTION('',(0.,1.,0.));
#11903=DIRECTION('',(-5.55111512312578E-16,0.,-1.));
#11904=DIRECTION('',(0.,0.,1.));
#11905=DIRECTION('',(0.,-1.,0.));
#11906=DIRECTION('',(0.,1.,0.));
#11907=DIRECTION('',(1.,0.,0.));
#11908=DIRECTION('',(0.,0.,1.));
#11909=DIRECTION('',(0.,-1.,0.));
#11910=DIRECTION('',(0.,1.,0.));
#11911=DIRECTION('',(1.,0.,0.));
#11912=DIRECTION('',(0.,1.,0.));
#11913=DIRECTION('',(1.,0.,0.));
#11914=DIRECTION('',(0.,-1.,0.));
#11915=DIRECTION('',(0.,1.,0.));
#11916=DIRECTION('',(0.,0.,-1.));
#11917=DIRECTION('',(0.,0.,1.));
#11918=DIRECTION('',(0.,-1.,0.));
#11919=DIRECTION('',(0.,1.,0.));
#11920=DIRECTION('',(1.,0.,0.));
#11921=DIRECTION('',(1.13288063737261E-16,0.,-1.));
#11922=DIRECTION('',(-1.,0.,-1.13288063737261E-16));
#11923=DIRECTION('',(1.13288063737261E-16,0.,-1.));
#11924=DIRECTION('',(-1.,0.,-1.13288063737261E-16));
#11925=DIRECTION('',(0.,1.,0.));
#11926=DIRECTION('',(-1.,0.,-1.13288063737261E-16));
#11927=DIRECTION('',(0.,1.,0.));
#11928=DIRECTION('',(-1.,0.,-1.13288063737261E-16));
#11929=DIRECTION('',(1.,0.,2.22044604925032E-16));
#11930=DIRECTION('',(2.22044604925032E-16,0.,-1.));
#11931=DIRECTION('',(1.,0.,2.22044604925032E-16));
#11932=DIRECTION('',(2.22044604925032E-16,0.,-1.));
#11933=DIRECTION('',(1.,0.,2.22044604925032E-16));
#11934=DIRECTION('',(2.22044604925032E-16,0.,-1.));
#11935=DIRECTION('',(1.,0.,2.22044604925032E-16));
#11936=DIRECTION('',(2.22044604925032E-16,0.,-1.));
#11937=DIRECTION('',(1.,0.,2.22044604925032E-16));
#11938=DIRECTION('',(2.22044604925032E-16,0.,-1.));
#11939=DIRECTION('',(1.,0.,2.22044604925032E-16));
#11940=DIRECTION('',(2.22044604925032E-16,0.,-1.));
#11941=DIRECTION('',(1.,0.,2.22044604925032E-16));
#11942=DIRECTION('',(2.22044604925032E-16,0.,-1.));
#11943=DIRECTION('',(0.,1.,0.));
#11944=DIRECTION('',(2.22044604925032E-16,0.,-1.));
#11945=DIRECTION('',(0.,1.,0.));
#11946=DIRECTION('',(2.22044604925032E-16,0.,-1.));
#11947=DIRECTION('',(1.,0.,0.));
#11948=DIRECTION('',(0.,-1.,0.));
#11949=DIRECTION('',(0.,1.,0.));
#11950=DIRECTION('',(0.,0.,-1.));
#11951=DIRECTION('',(0.,1.,0.));
#11952=DIRECTION('',(0.,0.,1.));
#11953=DIRECTION('',(0.,-1.,0.));
#11954=DIRECTION('',(0.,1.,0.));
#11955=DIRECTION('',(1.,0.,0.));
#11956=DIRECTION('',(-1.,0.,0.));
#11957=DIRECTION('',(0.,1.,0.));
#11958=DIRECTION('',(0.,1.,0.));
#11959=DIRECTION('',(0.,0.,1.));
#11960=DIRECTION('',(0.,0.,1.));
#11961=DIRECTION('',(0.,-1.,0.));
#11962=DIRECTION('',(0.,1.,0.));
#11963=DIRECTION('',(1.,0.,0.));
#11964=DIRECTION('',(0.,1.,0.));
#11965=DIRECTION('',(1.,0.,-5.55111512312578E-16));
#11966=DIRECTION('',(-5.55111512312578E-16,0.,-1.));
#11967=DIRECTION('',(0.,1.,0.));
#11968=DIRECTION('',(-5.55111512312578E-16,0.,-1.));
#11969=DIRECTION('',(0.,0.,1.));
#11970=DIRECTION('',(0.,-1.,0.));
#11971=DIRECTION('',(0.,1.,0.));
#11972=DIRECTION('',(1.,0.,0.));
#11973=DIRECTION('',(0.,0.,1.));
#11974=DIRECTION('',(0.,-1.,0.));
#11975=DIRECTION('',(0.,1.,0.));
#11976=DIRECTION('',(1.,0.,0.));
#11977=DIRECTION('',(0.,1.,0.));
#11978=DIRECTION('',(-1.,0.,1.24800250070274E-16));
#11979=DIRECTION('',(1.24800250070274E-16,0.,1.));
#11980=DIRECTION('',(0.,1.,0.));
#11981=DIRECTION('',(1.24800250070274E-16,0.,1.));
#11982=DIRECTION('',(0.,0.,1.));
#11983=DIRECTION('',(0.,-1.,0.));
#11984=DIRECTION('',(0.,1.,0.));
#11985=DIRECTION('',(1.,0.,0.));
#11986=DIRECTION('',(1.,0.,0.));
#11987=DIRECTION('',(0.,-1.,0.));
#11988=DIRECTION('',(0.,1.,0.));
#11989=DIRECTION('',(0.,0.,-1.));
#11990=DIRECTION('',(0.,1.,0.));
#11991=DIRECTION('',(0.,0.,-1.));
#11992=DIRECTION('',(0.,1.,0.));
#11993=DIRECTION('',(0.,1.,0.));
#11994=DIRECTION('',(-1.,0.,0.));
#11995=DIRECTION('',(1.,0.,0.));
#11996=DIRECTION('',(0.,-1.,0.));
#11997=DIRECTION('',(0.,1.,0.));
#11998=DIRECTION('',(0.,0.,-1.));
#11999=DIRECTION('',(1.,0.,0.));
#12000=DIRECTION('',(0.,-1.,0.));
#12001=DIRECTION('',(0.,1.,0.));
#12002=DIRECTION('',(0.,0.,-1.));
#12003=DIRECTION('',(0.,1.,0.));
#12004=DIRECTION('',(0.,0.,1.));
#12005=DIRECTION('',(0.,-1.,0.));
#12006=DIRECTION('',(0.,1.,0.));
#12007=DIRECTION('',(1.,0.,0.));
#12008=DIRECTION('',(1.,0.,0.));
#12009=DIRECTION('',(0.,-1.,0.));
#12010=DIRECTION('',(0.,1.,0.));
#12011=DIRECTION('',(0.,0.,-1.));
#12012=DIRECTION('',(0.,0.,-1.));
#12013=DIRECTION('',(0.,1.,0.));
#12014=DIRECTION('',(0.,1.,0.));
#12015=DIRECTION('',(-1.,0.,0.));
#12016=DIRECTION('',(0.,1.,0.));
#12017=DIRECTION('',(1.,0.,0.));
#12018=DIRECTION('',(0.,-1.,0.));
#12019=DIRECTION('',(0.,1.,0.));
#12020=DIRECTION('',(0.,0.,-1.));
#12021=DIRECTION('',(0.,0.,-1.));
#12022=DIRECTION('',(0.,1.,0.));
#12023=DIRECTION('',(0.,1.,0.));
#12024=DIRECTION('',(-1.,0.,0.));
#12025=DIRECTION('',(1.,0.,0.));
#12026=DIRECTION('',(0.,-1.,0.));
#12027=DIRECTION('',(0.,1.,0.));
#12028=DIRECTION('',(0.,0.,-1.));
#12029=DIRECTION('',(0.,1.,0.));
#12030=DIRECTION('',(0.,0.,1.));
#12031=DIRECTION('',(0.,-1.,0.));
#12032=DIRECTION('',(0.,1.,0.));
#12033=DIRECTION('',(1.,0.,0.));
#12034=DIRECTION('',(1.,0.,-5.55111512312578E-16));
#12035=DIRECTION('',(-5.55111512312578E-16,0.,-1.));
#12036=DIRECTION('',(0.,1.,0.));
#12037=DIRECTION('',(-5.55111512312578E-16,0.,-1.));
#12038=DIRECTION('',(1.,0.,0.));
#12039=DIRECTION('',(0.,-1.,0.));
#12040=DIRECTION('',(0.,1.,0.));
#12041=DIRECTION('',(0.,0.,-1.));
#12042=DIRECTION('',(0.,1.,0.));
#12043=DIRECTION('',(0.,0.,1.));
#12044=DIRECTION('',(0.,-1.,0.));
#12045=DIRECTION('',(0.,1.,0.));
#12046=DIRECTION('',(1.,0.,0.));
#12047=DIRECTION('',(1.,0.,0.));
#12048=DIRECTION('',(0.,-1.,0.));
#12049=DIRECTION('',(0.,1.,0.));
#12050=DIRECTION('',(0.,0.,-1.));
#12051=DIRECTION('',(1.,0.,0.));
#12052=DIRECTION('',(0.,-1.,0.));
#12053=DIRECTION('',(0.,1.,0.));
#12054=DIRECTION('',(0.,0.,-1.));
#12055=DIRECTION('',(0.,1.,0.));
#12056=DIRECTION('',(0.,0.,-1.));
#12057=DIRECTION('',(0.,1.,0.));
#12058=DIRECTION('',(0.,1.,0.));
#12059=DIRECTION('',(-1.,0.,0.));
#12060=DIRECTION('',(1.,0.,0.));
#12061=DIRECTION('',(0.,-1.,0.));
#12062=DIRECTION('',(0.,1.,0.));
#12063=DIRECTION('',(0.,0.,-1.));
#12064=DIRECTION('',(1.,0.,0.));
#12065=DIRECTION('',(0.,-1.,0.));
#12066=DIRECTION('',(0.,1.,0.));
#12067=DIRECTION('',(0.,0.,-1.));
#12068=DIRECTION('',(0.,1.,0.));
#12069=DIRECTION('',(0.,0.,-1.));
#12070=DIRECTION('',(0.,1.,0.));
#12071=DIRECTION('',(0.,1.,0.));
#12072=DIRECTION('',(-1.,0.,0.));
#12073=DIRECTION('',(1.,0.,0.));
#12074=DIRECTION('',(0.,-1.,0.));
#12075=DIRECTION('',(0.,1.,0.));
#12076=DIRECTION('',(0.,0.,-1.));
#12077=DIRECTION('',(1.,0.,0.));
#12078=DIRECTION('',(0.,-1.,0.));
#12079=DIRECTION('',(0.,1.,0.));
#12080=DIRECTION('',(0.,0.,-1.));
#12081=DIRECTION('',(0.,1.,0.));
#12082=DIRECTION('',(0.,0.,-1.));
#12083=DIRECTION('',(0.,1.,0.));
#12084=DIRECTION('',(0.,1.,0.));
#12085=DIRECTION('',(-1.,0.,0.));
#12086=DIRECTION('',(1.,0.,0.));
#12087=DIRECTION('',(0.,-1.,0.));
#12088=DIRECTION('',(0.,1.,0.));
#12089=DIRECTION('',(0.,0.,-1.));
#12090=DIRECTION('',(1.,0.,0.));
#12091=DIRECTION('',(0.,-1.,0.));
#12092=DIRECTION('',(0.,1.,0.));
#12093=DIRECTION('',(0.,0.,-1.));
#12094=DIRECTION('',(0.,1.,0.));
#12095=DIRECTION('',(0.,0.,-1.));
#12096=DIRECTION('',(0.,1.,0.));
#12097=DIRECTION('',(0.,1.,0.));
#12098=DIRECTION('',(-1.,0.,0.));
#12099=DIRECTION('',(1.,0.,0.));
#12100=DIRECTION('',(0.,-1.,0.));
#12101=DIRECTION('',(0.,1.,0.));
#12102=DIRECTION('',(0.,0.,-1.));
#12103=DIRECTION('',(0.,0.,1.));
#12104=DIRECTION('',(0.,-1.,0.));
#12105=DIRECTION('',(0.,1.,0.));
#12106=DIRECTION('',(1.,0.,0.));
#12107=DIRECTION('',(0.,1.,0.));
#12108=DIRECTION('',(1.,0.,0.));
#12109=DIRECTION('',(0.,-1.,0.));
#12110=DIRECTION('',(0.,1.,0.));
#12111=DIRECTION('',(0.,0.,-1.));
#12112=DIRECTION('',(0.,0.,1.));
#12113=DIRECTION('',(0.,-1.,0.));
#12114=DIRECTION('',(0.,1.,0.));
#12115=DIRECTION('',(1.,0.,0.));
#12116=DIRECTION('',(-1.,0.,0.));
#12117=DIRECTION('',(0.,1.,0.));
#12118=DIRECTION('',(0.,1.,0.));
#12119=DIRECTION('',(0.,0.,1.));
#12120=DIRECTION('',(0.,1.,0.));
#12121=DIRECTION('',(0.,0.,1.));
#12122=DIRECTION('',(0.,-1.,0.));
#12123=DIRECTION('',(0.,1.,0.));
#12124=DIRECTION('',(1.,0.,0.));
#12125=DIRECTION('',(-1.,0.,3.74400750210821E-16));
#12126=DIRECTION('',(3.74400750210821E-16,0.,1.));
#12127=DIRECTION('',(0.,1.,0.));
#12128=DIRECTION('',(3.74400750210821E-16,0.,1.));
#12129=DIRECTION('',(0.,0.,1.));
#12130=DIRECTION('',(0.,-1.,0.));
#12131=DIRECTION('',(0.,1.,0.));
#12132=DIRECTION('',(1.,0.,0.));
#12133=DIRECTION('',(0.,1.,0.));
#12134=DIRECTION('',(1.,0.,-2.49600500140548E-16));
#12135=DIRECTION('',(-2.49600500140548E-16,0.,-1.));
#12136=DIRECTION('',(0.,1.,0.));
#12137=DIRECTION('',(-2.49600500140548E-16,0.,-1.));
#12138=DIRECTION('',(0.,0.,1.));
#12139=DIRECTION('',(0.,-1.,0.));
#12140=DIRECTION('',(0.,1.,0.));
#12141=DIRECTION('',(1.,0.,0.));
#12142=DIRECTION('',(0.,0.,-1.));
#12143=DIRECTION('',(0.,1.,0.));
#12144=DIRECTION('',(0.,1.,0.));
#12145=DIRECTION('',(-1.,0.,0.));
#12146=DIRECTION('',(0.,1.,0.));
#12147=DIRECTION('',(1.,0.,0.));
#12148=DIRECTION('',(0.,-1.,0.));
#12149=DIRECTION('',(0.,1.,0.));
#12150=DIRECTION('',(0.,0.,-1.));
#12151=DIRECTION('',(0.,0.,-1.));
#12152=DIRECTION('',(0.,1.,0.));
#12153=DIRECTION('',(0.,1.,0.));
#12154=DIRECTION('',(-1.,0.,0.));
#12155=DIRECTION('',(1.,0.,0.));
#12156=DIRECTION('',(0.,-1.,0.));
#12157=DIRECTION('',(0.,1.,0.));
#12158=DIRECTION('',(0.,0.,-1.));
#12159=DIRECTION('',(0.,1.,0.));
#12160=DIRECTION('',(0.,0.,-1.));
#12161=DIRECTION('',(0.,1.,0.));
#12162=DIRECTION('',(0.,1.,0.));
#12163=DIRECTION('',(-1.,0.,0.));
#12164=DIRECTION('',(1.,0.,0.));
#12165=DIRECTION('',(0.,-1.,0.));
#12166=DIRECTION('',(0.,1.,0.));
#12167=DIRECTION('',(0.,0.,-1.));
#12168=DIRECTION('',(1.,0.,0.));
#12169=DIRECTION('',(0.,-1.,0.));
#12170=DIRECTION('',(0.,1.,0.));
#12171=DIRECTION('',(0.,0.,-1.));
#12172=DIRECTION('',(0.,1.,0.));
#12173=DIRECTION('',(0.,0.,-1.));
#12174=DIRECTION('',(0.,1.,0.));
#12175=DIRECTION('',(0.,1.,0.));
#12176=DIRECTION('',(-1.,0.,0.));
#12177=DIRECTION('',(1.,0.,0.));
#12178=DIRECTION('',(0.,-1.,0.));
#12179=DIRECTION('',(0.,1.,0.));
#12180=DIRECTION('',(0.,0.,-1.));
#12181=DIRECTION('',(1.,0.,0.));
#12182=DIRECTION('',(0.,-1.,0.));
#12183=DIRECTION('',(0.,1.,0.));
#12184=DIRECTION('',(0.,0.,-1.));
#12185=DIRECTION('',(0.,1.,0.));
#12186=DIRECTION('',(0.,0.,-1.));
#12187=DIRECTION('',(0.,1.,0.));
#12188=DIRECTION('',(0.,1.,0.));
#12189=DIRECTION('',(-1.,0.,0.));
#12190=DIRECTION('',(1.,0.,0.));
#12191=DIRECTION('',(0.,-1.,0.));
#12192=DIRECTION('',(0.,1.,0.));
#12193=DIRECTION('',(0.,0.,-1.));
#12194=DIRECTION('',(0.,0.,-1.));
#12195=DIRECTION('',(0.,1.,0.));
#12196=DIRECTION('',(0.,1.,0.));
#12197=DIRECTION('',(-1.,0.,0.));
#12198=DIRECTION('',(0.,1.,0.));
#12199=DIRECTION('',(1.,0.,0.));
#12200=DIRECTION('',(0.,-1.,0.));
#12201=DIRECTION('',(0.,1.,0.));
#12202=DIRECTION('',(0.,0.,-1.));
#12203=DIRECTION('',(0.,0.,-1.));
#12204=DIRECTION('',(0.,1.,0.));
#12205=DIRECTION('',(0.,1.,0.));
#12206=DIRECTION('',(-1.,0.,0.));
#12207=DIRECTION('',(0.,0.,1.));
#12208=DIRECTION('',(0.,-1.,0.));
#12209=DIRECTION('',(1.,0.,0.));
#12210=DIRECTION('',(0.,0.,1.));
#12211=DIRECTION('',(0.,-1.,0.));
#12212=DIRECTION('',(1.,0.,0.));
#12213=DIRECTION('',(1.,0.,2.89120579329468E-16));
#12214=DIRECTION('',(2.89120579329468E-16,0.,-1.));
#12215=DIRECTION('',(2.89120579329468E-16,0.,-1.));
#12216=DIRECTION('',(1.,0.,0.));
#12217=DIRECTION('',(0.,-1.,0.));
#12218=DIRECTION('',(0.,0.,-1.));
#12219=DIRECTION('',(1.,0.,0.));
#12220=DIRECTION('',(0.,-1.,0.));
#12221=DIRECTION('',(0.,0.,-1.));
#12222=DIRECTION('',(0.,0.,1.));
#12223=DIRECTION('',(0.,-1.,0.));
#12224=DIRECTION('',(1.,0.,0.));
#12225=DIRECTION('',(0.,0.,1.));
#12226=DIRECTION('',(0.,-1.,0.));
#12227=DIRECTION('',(1.,0.,0.));
#12228=DIRECTION('',(1.,0.,0.));
#12229=DIRECTION('',(0.,-1.,0.));
#12230=DIRECTION('',(0.,0.,-1.));
#12231=DIRECTION('',(1.,0.,0.));
#12232=DIRECTION('',(0.,-1.,0.));
#12233=DIRECTION('',(0.,0.,-1.));
#12234=DIRECTION('',(1.,0.,2.22044604925032E-16));
#12235=DIRECTION('',(2.22044604925032E-16,0.,-1.));
#12236=DIRECTION('',(0.,1.,0.));
#12237=DIRECTION('',(2.22044604925032E-16,0.,-1.));
#12238=DIRECTION('',(0.,1.,0.));
#12239=DIRECTION('',(2.22044604925032E-16,0.,-1.));
#12240=DIRECTION('',(0.,0.,1.));
#12241=DIRECTION('',(0.,-1.,0.));
#12242=DIRECTION('',(1.,0.,0.));
#12243=DIRECTION('',(0.,1.,0.));
#12244=DIRECTION('',(1.,0.,0.));
#12245=DIRECTION('',(0.,1.,0.));
#12246=DIRECTION('',(1.,0.,0.));
#12247=DIRECTION('',(0.,1.,0.));
#12248=DIRECTION('',(1.,0.,0.));
#12249=DIRECTION('',(0.,1.,0.));
#12250=DIRECTION('',(1.,0.,0.));
#12251=DIRECTION('',(0.,1.,0.));
#12252=DIRECTION('',(1.,0.,0.));
#12253=DIRECTION('',(0.,1.,0.));
#12254=DIRECTION('',(1.,0.,0.));
#12255=DIRECTION('',(0.,1.,0.));
#12256=DIRECTION('',(1.,0.,0.));
#12257=DIRECTION('',(0.,1.,0.));
#12258=DIRECTION('',(1.,0.,0.));
#12259=DIRECTION('',(0.,1.,0.));
#12260=DIRECTION('',(1.,0.,0.));
#12261=DIRECTION('',(0.,1.,0.));
#12262=DIRECTION('',(1.,0.,0.));
#12263=DIRECTION('',(0.,1.,0.));
#12264=DIRECTION('',(1.,0.,0.));
#12265=DIRECTION('',(0.,1.,0.));
#12266=DIRECTION('',(1.,0.,0.));
#12267=DIRECTION('',(0.,1.,0.));
#12268=DIRECTION('',(1.,0.,0.));
#12269=DIRECTION('',(0.,1.,0.));
#12270=DIRECTION('',(1.,0.,0.));
#12271=DIRECTION('',(0.,1.,0.));
#12272=DIRECTION('',(1.,0.,0.));
#12273=DIRECTION('',(0.,1.,0.));
#12274=DIRECTION('',(1.,0.,0.));
#12275=DIRECTION('',(0.,1.,0.));
#12276=DIRECTION('',(1.,0.,0.));
#12277=DIRECTION('',(0.,1.,0.));
#12278=DIRECTION('',(1.,0.,0.));
#12279=DIRECTION('',(0.,1.,0.));
#12280=DIRECTION('',(1.,0.,0.));
#12281=DIRECTION('',(0.,1.,0.));
#12282=DIRECTION('',(1.,0.,0.));
#12283=DIRECTION('',(0.,1.,0.));
#12284=DIRECTION('',(1.,0.,0.));
#12285=DIRECTION('',(0.,1.,0.));
#12286=DIRECTION('',(1.,0.,0.));
#12287=DIRECTION('',(0.,1.,0.));
#12288=DIRECTION('',(1.,0.,0.));
#12289=DIRECTION('',(0.,1.,0.));
#12290=DIRECTION('',(1.,0.,0.));
#12291=DIRECTION('',(0.,1.,0.));
#12292=DIRECTION('',(1.,0.,0.));
#12293=DIRECTION('',(0.,1.,0.));
#12294=DIRECTION('',(1.,0.,0.));
#12295=DIRECTION('',(0.,1.,0.));
#12296=DIRECTION('',(1.,0.,0.));
#12297=DIRECTION('',(0.,1.,0.));
#12298=DIRECTION('',(1.,0.,0.));
#12299=DIRECTION('',(0.,1.,0.));
#12300=DIRECTION('',(1.,0.,0.));
#12301=DIRECTION('',(0.,1.,0.));
#12302=DIRECTION('',(1.,0.,0.));
#12303=DIRECTION('',(0.,1.,0.));
#12304=DIRECTION('',(1.,0.,0.));
#12305=DIRECTION('',(0.,1.,0.));
#12306=DIRECTION('',(1.,0.,0.));
#12307=DIRECTION('',(0.,1.,0.));
#12308=DIRECTION('',(1.,0.,0.));
#12309=DIRECTION('',(0.,1.,0.));
#12310=DIRECTION('',(1.,0.,0.));
#12311=DIRECTION('',(0.,1.,0.));
#12312=DIRECTION('',(1.,0.,0.));
#12313=DIRECTION('',(0.,1.,0.));
#12314=DIRECTION('',(1.,0.,0.));
#12315=DIRECTION('',(0.,1.,0.));
#12316=DIRECTION('',(1.,0.,0.));
#12317=DIRECTION('',(0.,1.,0.));
#12318=DIRECTION('',(1.,0.,0.));
#12319=DIRECTION('',(1.,0.,-5.55111512312578E-16));
#12320=DIRECTION('',(-5.55111512312578E-16,0.,-1.));
#12321=DIRECTION('',(-5.55111512312578E-16,0.,-1.));
#12322=DIRECTION('',(0.,1.,0.));
#12323=DIRECTION('',(1.,0.,0.));
#12324=DIRECTION('',(0.,1.,0.));
#12325=DIRECTION('',(1.,0.,0.));
#12326=DIRECTION('',(0.,1.,0.));
#12327=DIRECTION('',(1.,0.,0.));
#12328=DIRECTION('',(0.,1.,0.));
#12329=DIRECTION('',(1.,0.,0.));
#12330=DIRECTION('',(-1.,0.,6.24001250351369E-17));
#12331=DIRECTION('',(6.24001250351369E-17,0.,1.));
#12332=DIRECTION('',(6.24001250351369E-17,0.,1.));
#12333=DIRECTION('',(0.,0.,-1.));
#12334=DIRECTION('',(0.,1.,0.));
#12335=DIRECTION('',(-1.,0.,0.));
#12336=DIRECTION('',(0.,0.,1.));
#12337=DIRECTION('',(0.,-1.,0.));
#12338=DIRECTION('',(1.,0.,0.));
#12339=DIRECTION('',(1.,0.,0.));
#12340=DIRECTION('',(0.,-1.,0.));
#12341=DIRECTION('',(0.,0.,-1.));
#12342=DIRECTION('',(0.,0.,1.));
#12343=DIRECTION('',(0.,-1.,0.));
#12344=DIRECTION('',(1.,0.,0.));
#12345=DIRECTION('',(0.,0.,1.));
#12346=DIRECTION('',(0.,-1.,0.));
#12347=DIRECTION('',(1.,0.,0.));
#12348=DIRECTION('',(0.,0.,-1.));
#12349=DIRECTION('',(0.,1.,0.));
#12350=DIRECTION('',(-1.,0.,0.));
#12351=DIRECTION('',(0.,0.,-1.));
#12352=DIRECTION('',(0.,1.,0.));
#12353=DIRECTION('',(-1.,0.,0.));
#12354=DIRECTION('',(0.,0.,-1.));
#12355=DIRECTION('',(0.,1.,0.));
#12356=DIRECTION('',(-1.,0.,0.));
#12357=DIRECTION('',(0.,0.,-1.));
#12358=DIRECTION('',(0.,1.,0.));
#12359=DIRECTION('',(-1.,0.,0.));
#12360=DIRECTION('',(1.,0.,0.));
#12361=DIRECTION('',(0.,-1.,0.));
#12362=DIRECTION('',(0.,0.,-1.));
#12363=DIRECTION('',(0.,0.,1.));
#12364=DIRECTION('',(0.,-1.,0.));
#12365=DIRECTION('',(1.,0.,0.));
#12366=DIRECTION('',(0.,1.,0.));
#12367=DIRECTION('',(1.,0.,0.));
#12368=DIRECTION('',(0.,1.,0.));
#12369=DIRECTION('',(1.,0.,0.));
#12370=DIRECTION('',(1.,0.,-2.49600500140548E-16));
#12371=DIRECTION('',(-2.49600500140548E-16,0.,-1.));
#12372=DIRECTION('',(-2.49600500140548E-16,0.,-1.));
#12373=DIRECTION('',(1.,0.,0.));
#12374=DIRECTION('',(0.,-1.,0.));
#12375=DIRECTION('',(0.,0.,-1.));
#12376=DIRECTION('',(0.,1.,0.));
#12377=DIRECTION('',(1.,0.,0.));
#12378=DIRECTION('',(0.,1.,0.));
#12379=DIRECTION('',(1.,0.,0.));
#12380=DIRECTION('',(0.,1.,0.));
#12381=DIRECTION('',(1.,0.,0.));
#12382=DIRECTION('',(0.,1.,0.));
#12383=DIRECTION('',(1.,0.,0.));
#12384=DIRECTION('',(0.,1.,0.));
#12385=DIRECTION('',(1.,0.,0.));
#12386=DIRECTION('',(0.,1.,0.));
#12387=DIRECTION('',(1.,0.,0.));
#12388=DIRECTION('',(0.,0.,-1.));
#12389=DIRECTION('',(0.,1.,0.));
#12390=DIRECTION('',(-1.,0.,0.));
#12391=DIRECTION('',(0.,0.,-1.));
#12392=DIRECTION('',(0.,1.,0.));
#12393=DIRECTION('',(-1.,0.,0.));
#12394=DIRECTION('',(0.,1.,0.));
#12395=DIRECTION('',(1.,0.,0.));
#12396=DIRECTION('',(0.,1.,0.));
#12397=DIRECTION('',(1.,0.,0.));
#12398=DIRECTION('',(0.,0.,-1.));
#12399=DIRECTION('',(0.,1.,0.));
#12400=DIRECTION('',(-1.,0.,0.));
#12401=DIRECTION('',(0.,1.,0.));
#12402=DIRECTION('',(1.,0.,0.));
#12403=DIRECTION('',(0.,1.,0.));
#12404=DIRECTION('',(1.,0.,0.));
#12405=DIRECTION('',(0.,1.,0.));
#12406=DIRECTION('',(1.,0.,0.));
#12407=DIRECTION('',(0.,1.,0.));
#12408=DIRECTION('',(1.,0.,0.));
#12409=DIRECTION('',(1.,0.,0.));
#12410=DIRECTION('',(0.,-1.,0.));
#12411=DIRECTION('',(0.,0.,-1.));
#12412=DIRECTION('',(0.,1.,0.));
#12413=DIRECTION('',(1.,0.,0.));
#12414=DIRECTION('',(0.,1.,0.));
#12415=DIRECTION('',(1.,0.,0.));
#12416=DIRECTION('',(0.,1.,0.));
#12417=DIRECTION('',(1.,0.,0.));
#12418=DIRECTION('',(0.,0.,-1.));
#12419=DIRECTION('',(1.,0.,0.));
#12420=DIRECTION('',(0.,0.,-1.));
#12421=DIRECTION('',(1.,0.,0.));
#12422=DIRECTION('',(0.,0.,-1.));
#12423=DIRECTION('',(-1.,0.,0.));
#12424=DIRECTION('',(0.,0.,-1.));
#12425=DIRECTION('',(-1.,0.,0.));
#12426=DIRECTION('',(-2.49600500140548E-16,0.,-1.));
#12427=DIRECTION('',(1.,0.,0.));
#12428=DIRECTION('',(-2.49600500140548E-16,0.,-1.));
#12429=DIRECTION('',(1.,0.,0.));
#12430=DIRECTION('',(1.,0.,0.));
#12431=DIRECTION('',(0.,0.,-1.));
#12432=DIRECTION('',(1.,0.,0.));
#12433=DIRECTION('',(0.,0.,-1.));
#12434=DIRECTION('',(0.,1.,0.));
#12435=DIRECTION('',(1.,0.,0.));
#12436=DIRECTION('',(0.,0.,-1.));
#12437=DIRECTION('',(-1.,0.,0.));
#12438=DIRECTION('',(0.,0.,-1.));
#12439=DIRECTION('',(-1.,0.,0.));
#12440=DIRECTION('',(0.,1.,0.));
#12441=DIRECTION('',(1.,0.,0.));
#12442=DIRECTION('',(0.,1.,0.));
#12443=DIRECTION('',(1.,0.,0.));
#12444=DIRECTION('',(0.,1.,0.));
#12445=DIRECTION('',(1.,0.,0.));
#12446=DIRECTION('',(0.,0.,-1.));
#12447=DIRECTION('',(1.,0.,0.));
#12448=DIRECTION('',(0.,0.,1.));
#12449=DIRECTION('',(1.,0.,0.));
#12450=DIRECTION('',(0.,0.,-1.));
#12451=DIRECTION('',(1.,0.,0.));
#12452=DIRECTION('',(0.,0.,-1.));
#12453=DIRECTION('',(1.,0.,0.));
#12454=DIRECTION('',(1.,0.,0.));
#12455=DIRECTION('',(0.,0.,-1.));
#12456=DIRECTION('',(1.,0.,0.));
#12457=DIRECTION('',(-5.55111512312578E-16,0.,-1.));
#12458=DIRECTION('',(1.,0.,0.));
#12459=DIRECTION('',(-5.55111512312578E-16,0.,-1.));
#12460=DIRECTION('',(1.,0.,0.));
#12461=DIRECTION('',(-5.55111512312578E-16,0.,-1.));
#12462=DIRECTION('',(-5.55111512312578E-16,0.,-1.));
#12463=DIRECTION('',(1.,0.,0.));
#12464=DIRECTION('',(-5.55111512312578E-16,0.,-1.));
#12465=DIRECTION('',(1.,0.,0.));
#12466=DIRECTION('',(0.,0.,-1.));
#12467=DIRECTION('',(1.,0.,0.));
#12468=DIRECTION('',(-5.55111512312578E-16,0.,-1.));
#12469=DIRECTION('',(1.,0.,0.));
#12470=DIRECTION('',(0.,0.,-1.));
#12471=DIRECTION('',(1.,0.,0.));
#12472=DIRECTION('',(0.,0.,-1.));
#12473=DIRECTION('',(1.,0.,0.));
#12474=DIRECTION('',(0.,0.,-1.));
#12475=DIRECTION('',(1.,0.,0.));
#12476=DIRECTION('',(0.,0.,-1.));
#12477=DIRECTION('',(1.,0.,0.));
#12478=DIRECTION('',(0.,0.,-1.));
#12479=DIRECTION('',(-1.,0.,0.));
#12480=DIRECTION('',(0.,0.,-1.));
#12481=DIRECTION('',(-1.,0.,0.));
#12482=DIRECTION('',(0.,0.,-1.));
#12483=DIRECTION('',(-1.,0.,0.));
#12484=DIRECTION('',(0.,0.,-1.));
#12485=DIRECTION('',(-1.,0.,0.));
#12486=DIRECTION('',(0.,0.,-1.));
#12487=DIRECTION('',(-1.,0.,0.));
#12488=DIRECTION('',(0.,0.,-1.));
#12489=DIRECTION('',(-1.,0.,0.));
#12490=DIRECTION('',(0.,0.,-1.));
#12491=DIRECTION('',(-1.,0.,0.));
#12492=DIRECTION('',(0.,0.,-1.));
#12493=DIRECTION('',(-1.,0.,0.));
#12494=DIRECTION('',(0.,0.,-1.));
#12495=DIRECTION('',(-1.,0.,0.));
#12496=DIRECTION('',(0.,0.,-1.));
#12497=DIRECTION('',(-1.,0.,0.));
#12498=DIRECTION('',(0.,0.,-1.));
#12499=DIRECTION('',(-1.,0.,0.));
#12500=DIRECTION('',(0.,0.,-1.));
#12501=DIRECTION('',(-1.,0.,0.));
#12502=DIRECTION('',(0.,0.,-1.));
#12503=DIRECTION('',(-1.,0.,0.));
#12504=DIRECTION('',(0.,0.,-1.));
#12505=DIRECTION('',(-1.,0.,0.));
#12506=DIRECTION('',(0.,0.,-1.));
#12507=DIRECTION('',(-1.,0.,0.));
#12508=DIRECTION('',(0.,0.,-1.));
#12509=DIRECTION('',(-1.,0.,0.));
#12510=DIRECTION('',(0.,0.,-1.));
#12511=DIRECTION('',(-1.,0.,0.));
#12512=DIRECTION('',(0.,0.,-1.));
#12513=DIRECTION('',(-1.,0.,0.));
#12514=DIRECTION('',(0.,0.,-1.));
#12515=DIRECTION('',(-1.,0.,0.));
#12516=DIRECTION('',(2.89120579329468E-16,0.,-1.));
#12517=DIRECTION('',(-1.,0.,0.));
#12518=DIRECTION('',(2.89120579329468E-16,0.,-1.));
#12519=DIRECTION('',(-1.,0.,0.));
#12520=DIRECTION('',(0.,0.,-1.));
#12521=DIRECTION('',(-1.,0.,0.));
#12522=DIRECTION('',(0.,0.,-1.));
#12523=DIRECTION('',(-1.,0.,0.));
#12524=DIRECTION('',(0.,0.,-1.));
#12525=DIRECTION('',(-1.,0.,0.));
#12526=DIRECTION('',(0.,1.,0.));
#12527=DIRECTION('',(1.,0.,0.));
#12528=DIRECTION('',(0.,1.,0.));
#12529=DIRECTION('',(1.,0.,0.));
#12530=DIRECTION('',(0.,1.,0.));
#12531=DIRECTION('',(1.,0.,0.));
#12532=DIRECTION('',(0.,1.,0.));
#12533=DIRECTION('',(1.,0.,0.));
#12534=DIRECTION('',(1.,0.,0.));
#12535=DIRECTION('',(0.,0.,1.));
#12536=DIRECTION('',(1.,0.,0.));
#12537=DIRECTION('',(1.24800250070274E-16,0.,1.));
#12538=DIRECTION('',(1.,0.,0.));
#12539=DIRECTION('',(6.24001250351369E-17,0.,1.));
#12540=DIRECTION('',(1.,0.,0.));
#12541=DIRECTION('',(1.24800250070274E-16,0.,1.));
#12542=DIRECTION('',(1.,0.,0.));
#12543=DIRECTION('',(6.24001250351369E-17,0.,1.));
#12544=DIRECTION('',(1.,0.,0.));
#12545=DIRECTION('',(1.24800250070274E-16,0.,1.));
#12546=DIRECTION('',(3.74400750210821E-16,0.,1.));
#12547=DIRECTION('',(1.,0.,0.));
#12548=DIRECTION('',(0.,0.,1.));
#12549=DIRECTION('',(1.,0.,0.));
#12550=DIRECTION('',(0.,1.,0.));
#12551=DIRECTION('',(1.,0.,0.));
#12552=DIRECTION('',(0.,1.,0.));
#12553=DIRECTION('',(1.,0.,0.));
#12554=DIRECTION('',(0.,1.,0.));
#12555=DIRECTION('',(1.,0.,0.));
#12556=DIRECTION('',(0.,1.,0.));
#12557=DIRECTION('',(1.,0.,0.));
#12558=DIRECTION('',(0.,1.,0.));
#12559=DIRECTION('',(1.,0.,0.));
#12560=DIRECTION('',(0.,1.,0.));
#12561=DIRECTION('',(1.,0.,0.));
#12562=DIRECTION('',(0.,1.,0.));
#12563=DIRECTION('',(1.,0.,0.));
#12564=DIRECTION('',(0.,1.,0.));
#12565=DIRECTION('',(1.,0.,0.));
#12566=DIRECTION('',(0.,1.,0.));
#12567=DIRECTION('',(1.,0.,0.));
#12568=DIRECTION('',(0.,1.,0.));
#12569=DIRECTION('',(1.,0.,0.));
#12570=DIRECTION('',(0.,1.,0.));
#12571=DIRECTION('',(1.,0.,0.));
#12572=DIRECTION('',(0.,1.,0.));
#12573=DIRECTION('',(1.,0.,0.));
#12574=DIRECTION('',(0.,1.,0.));
#12575=DIRECTION('',(1.,0.,0.));
#12576=DIRECTION('',(0.,1.,0.));
#12577=DIRECTION('',(1.,0.,0.));
#12578=DIRECTION('',(0.,1.,0.));
#12579=DIRECTION('',(1.,0.,0.));
#12580=DIRECTION('',(0.,1.,0.));
#12581=DIRECTION('',(1.,0.,0.));
#12582=DIRECTION('',(0.,1.,0.));
#12583=DIRECTION('',(1.,0.,0.));
#12584=DIRECTION('',(0.,1.,0.));
#12585=DIRECTION('',(1.,0.,0.));
#12586=DIRECTION('',(0.,1.,0.));
#12587=DIRECTION('',(1.,0.,0.));
#12588=DIRECTION('',(0.,1.,0.));
#12589=DIRECTION('',(1.,0.,0.));
#12590=DIRECTION('',(2.22044604925032E-16,0.,-1.));
#12591=DIRECTION('',(-1.,0.,-5.66440318686304E-17));
#12592=DIRECTION('',(2.22044604925032E-16,0.,-1.));
#12593=DIRECTION('',(-1.,0.,-1.13288063737261E-16));
#12594=DIRECTION('',(5.66440318686304E-17,0.,-1.));
#12595=DIRECTION('',(-1.,0.,-5.66440318686304E-17));
#12596=DIRECTION('',(5.66440318686304E-17,0.,-1.));
#12597=DIRECTION('',(-1.,0.,-5.66440318686304E-17));
#12598=DIRECTION('',(5.66440318686304E-17,0.,-1.));
#12599=DIRECTION('',(-1.,0.,-5.66440318686304E-17));
#12600=DIRECTION('',(5.66440318686304E-17,0.,-1.));
#12601=DIRECTION('',(-1.,0.,-5.66440318686304E-17));
#12602=DIRECTION('',(5.66440318686304E-17,0.,-1.));
#12603=DIRECTION('',(-1.,0.,-5.66440318686304E-17));
#12604=DIRECTION('',(5.66440318686304E-17,0.,-1.));
#12605=DIRECTION('',(-1.,0.,-5.66440318686304E-17));
#12606=DIRECTION('',(5.66440318686304E-17,0.,-1.));
#12607=DIRECTION('',(-1.,0.,-5.66440318686304E-17));
#12608=DIRECTION('',(5.66440318686304E-17,0.,-1.));
#12609=DIRECTION('',(-1.,0.,-5.66440318686304E-17));
#12610=DIRECTION('',(5.66440318686304E-17,0.,-1.));
#12611=DIRECTION('',(-1.,0.,-5.66440318686304E-17));
#12612=DIRECTION('',(5.66440318686304E-17,0.,-1.));
#12613=DIRECTION('',(-1.,0.,-5.66440318686304E-17));
#12614=DIRECTION('',(5.66440318686304E-17,0.,-1.));
#12615=DIRECTION('',(-1.,0.,-5.66440318686304E-17));
#12616=DIRECTION('',(5.66440318686304E-17,0.,-1.));
#12617=DIRECTION('',(-1.,0.,-5.66440318686304E-17));
#12618=DIRECTION('',(5.66440318686304E-17,0.,-1.));
#12619=DIRECTION('',(-1.,0.,-5.66440318686304E-17));
#12620=DIRECTION('',(5.66440318686304E-17,0.,-1.));
#12621=DIRECTION('',(-1.,0.,-5.66440318686304E-17));
#12622=DIRECTION('',(5.66440318686304E-17,0.,-1.));
#12623=DIRECTION('',(-1.,0.,-5.66440318686304E-17));
#12624=DIRECTION('',(5.66440318686304E-17,0.,-1.));
#12625=DIRECTION('',(-1.,0.,-5.66440318686304E-17));
#12626=DIRECTION('',(5.66440318686304E-17,0.,-1.));
#12627=DIRECTION('',(-1.,0.,-5.66440318686304E-17));
#12628=DIRECTION('',(0.,0.,1.));
#12629=DIRECTION('',(0.,-1.,0.));
#12630=DIRECTION('',(5.66440318686304E-17,0.,-1.));
#12631=DIRECTION('',(-1.,0.,-5.66440318686304E-17));
#12632=DIRECTION('',(5.66440318686304E-17,0.,-1.));
#12633=DIRECTION('',(-1.,0.,-5.66440318686304E-17));
#12634=DIRECTION('',(5.66440318686304E-17,0.,-1.));
#12635=DIRECTION('',(-1.,0.,-5.66440318686304E-17));
#12636=DIRECTION('',(5.66440318686304E-17,0.,-1.));
#12637=DIRECTION('',(-1.,0.,-5.66440318686304E-17));
#12638=DIRECTION('',(5.66440318686304E-17,0.,-1.));
#12639=DIRECTION('',(-1.,0.,-5.66440318686304E-17));
#12640=DIRECTION('',(0.,0.,1.));
#12641=DIRECTION('',(0.,-1.,0.));
#12642=DIRECTION('',(5.66440318686304E-17,0.,-1.));
#12643=DIRECTION('',(-1.,0.,-5.66440318686304E-17));
#12644=DIRECTION('',(5.66440318686304E-17,0.,-1.));
#12645=DIRECTION('',(-1.,0.,-5.66440318686304E-17));
#12646=DIRECTION('',(5.66440318686304E-17,0.,-1.));
#12647=DIRECTION('',(-1.,0.,-5.66440318686304E-17));
#12648=DIRECTION('',(5.66440318686304E-17,0.,-1.));
#12649=DIRECTION('',(-1.,0.,-5.66440318686304E-17));
#12650=DIRECTION('',(5.66440318686304E-17,0.,-1.));
#12651=DIRECTION('',(-1.,0.,-5.66440318686304E-17));
#12652=DIRECTION('',(0.,0.,1.));
#12653=DIRECTION('',(0.,-1.,0.));
#12654=DIRECTION('',(5.66440318686304E-17,0.,-1.));
#12655=DIRECTION('',(-1.,0.,-5.66440318686304E-17));
#12656=DIRECTION('',(5.66440318686304E-17,0.,-1.));
#12657=DIRECTION('',(-1.,0.,-5.66440318686304E-17));
#12658=DIRECTION('',(5.66440318686304E-17,0.,-1.));
#12659=DIRECTION('',(-1.,0.,-5.66440318686304E-17));
#12660=DIRECTION('',(5.66440318686304E-17,0.,-1.));
#12661=DIRECTION('',(-1.,0.,-5.66440318686304E-17));
#12662=DIRECTION('',(5.66440318686304E-17,0.,-1.));
#12663=DIRECTION('',(-1.,0.,-5.66440318686304E-17));
#12664=DIRECTION('',(5.66440318686304E-17,0.,-1.));
#12665=DIRECTION('',(-1.,0.,-5.66440318686304E-17));
#12666=DIRECTION('',(5.66440318686304E-17,0.,-1.));
#12667=DIRECTION('',(-1.,0.,-5.66440318686304E-17));
#12668=DIRECTION('',(1.,0.,2.22044604925032E-16));
#12669=DIRECTION('',(2.22044604925032E-16,0.,-1.));
#12670=DIRECTION('',(1.,0.,2.22044604925032E-16));
#12671=DIRECTION('',(2.22044604925032E-16,0.,-1.));
#12672=DIRECTION('',(1.,0.,2.22044604925032E-16));
#12673=DIRECTION('',(2.22044604925032E-16,0.,-1.));
#12674=DIRECTION('',(1.,0.,2.22044604925032E-16));
#12675=DIRECTION('',(2.22044604925032E-16,0.,-1.));
#12676=DIRECTION('',(1.,0.,2.22044604925032E-16));
#12677=DIRECTION('',(2.22044604925032E-16,0.,-1.));
#12678=DIRECTION('',(1.,0.,2.22044604925032E-16));
#12679=DIRECTION('',(2.22044604925032E-16,0.,-1.));
#12680=DIRECTION('',(1.,0.,2.22044604925032E-16));
#12681=DIRECTION('',(2.22044604925032E-16,0.,-1.));
#12682=DIRECTION('',(1.,0.,2.22044604925032E-16));
#12683=DIRECTION('',(2.22044604925032E-16,0.,-1.));
#12684=DIRECTION('',(-1.13288063737261E-16,0.,1.));
#12685=DIRECTION('',(1.,0.,1.13288063737261E-16));
#12686=DIRECTION('',(1.13288063737261E-16,0.,-1.));
#12687=DIRECTION('',(-1.,0.,-1.13288063737261E-16));
#12688=DIRECTION('',(-1.,1.23908819712629E-16,-5.66440318686304E-17));
#12689=DIRECTION('',(1.23908819712629E-16,1.,0.));
#12690=DIRECTION('',(1.,0.,0.));
#12691=DIRECTION('',(0.,-1.,0.));
#12692=DIRECTION('',(-1.,0.,0.));
#12693=DIRECTION('',(0.,1.,0.));
#12694=DIRECTION('',(5.66440318686304E-17,0.,-1.));
#12695=DIRECTION('',(-1.,0.,-5.66440318686304E-17));
#12696=DIRECTION('',(1.,0.,0.));
#12697=DIRECTION('',(0.,-1.,0.));
#12698=DIRECTION('',(5.66440318686304E-17,0.,-1.));
#12699=DIRECTION('',(-1.,0.,-5.66440318686304E-17));
#12700=DIRECTION('',(-1.,0.,0.));
#12701=DIRECTION('',(0.,1.,0.));
#12702=DIRECTION('',(1.,-2.47817639425258E-16,5.66440318686304E-17));
#12703=DIRECTION('',(-2.47817639425258E-16,-1.,0.));
#12704=DIRECTION('',(1.13288063737261E-16,0.,-1.));
#12705=DIRECTION('',(-1.,0.,-1.13288063737261E-16));
#12706=DIRECTION('',(1.,0.,2.22044604925032E-16));
#12707=DIRECTION('',(2.22044604925032E-16,0.,-1.));
#12708=DIRECTION('',(1.,0.,2.22044604925032E-16));
#12709=DIRECTION('',(2.22044604925032E-16,0.,-1.));
#12710=DIRECTION('',(5.66440318686304E-17,0.,-1.));
#12711=DIRECTION('',(-1.,0.,-5.66440318686304E-17));
#12712=DIRECTION('',(5.66440318686304E-17,0.,-1.));
#12713=DIRECTION('',(-1.,0.,-5.66440318686304E-17));
#12714=DIRECTION('',(5.66440318686304E-17,0.,-1.));
#12715=DIRECTION('',(-1.,0.,-5.66440318686304E-17));
#12716=DIRECTION('',(5.66440318686304E-17,0.,-1.));
#12717=DIRECTION('',(-1.,0.,-5.66440318686304E-17));
#12718=DIRECTION('',(5.66440318686304E-17,0.,-1.));
#12719=DIRECTION('',(-1.,0.,-5.66440318686304E-17));
#12720=DIRECTION('',(0.,0.,-1.));
#12721=DIRECTION('',(0.,1.,0.));
#12722=DIRECTION('',(0.,1.,0.));
#12723=DIRECTION('',(-1.,0.,0.));
#12724=DIRECTION('',(0.,1.,0.));
#12725=DIRECTION('',(0.,1.,0.));
#12726=DIRECTION('',(1.,0.,0.));
#12727=DIRECTION('',(0.,1.,0.));
#12728=DIRECTION('',(0.,-1.,0.));
#12729=DIRECTION('',(-1.,0.,0.));
#12730=DIRECTION('',(-1.,0.,0.));
#12731=DIRECTION('',(0.,1.,0.));
#12732=DIRECTION('',(0.,1.,0.));
#12733=DIRECTION('',(0.,0.,1.));
#12734=DIRECTION('',(0.,1.,0.));
#12735=DIRECTION('',(1.,0.,0.));
#12736=DIRECTION('',(0.,1.,0.));
#12737=DIRECTION('',(1.,0.,0.));
#12738=DIRECTION('',(0.,-1.,0.));
#12739=DIRECTION('',(-1.,0.,0.));
#12740=DIRECTION('',(0.,-1.,0.));
#12741=DIRECTION('',(1.,0.,0.));
#12742=DIRECTION('',(0.,-1.,0.));
#12743=DIRECTION('',(-1.,0.,0.));
#12744=DIRECTION('',(0.,1.,0.));
#12745=DIRECTION('',(1.,0.,0.));
#12746=DIRECTION('',(0.,1.,0.));
#12747=DIRECTION('',(1.,0.,0.));
#12748=DIRECTION('',(0.,-1.,0.));
#12749=DIRECTION('',(-1.,0.,0.));
#12750=DIRECTION('',(0.,-1.,0.));
#12751=DIRECTION('',(1.,0.,0.));
#12752=DIRECTION('',(0.,-1.,0.));
#12753=DIRECTION('',(-1.,0.,0.));
#12754=DIRECTION('',(0.,1.,0.));
#12755=DIRECTION('',(1.,0.,0.));
#12756=DIRECTION('',(0.,1.,0.));
#12757=DIRECTION('',(1.,0.,0.));
#12758=DIRECTION('',(0.,-1.,0.));
#12759=DIRECTION('',(-1.,0.,0.));
#12760=DIRECTION('',(0.,-1.,0.));
#12761=DIRECTION('',(1.,0.,0.));
#12762=DIRECTION('',(0.,-1.,0.));
#12763=DIRECTION('',(-1.,0.,0.));
#12764=DIRECTION('',(0.,1.,0.));
#12765=DIRECTION('',(1.,0.,0.));
#12766=DIRECTION('',(0.,1.,0.));
#12767=DIRECTION('',(1.,0.,0.));
#12768=DIRECTION('',(0.,-1.,0.));
#12769=DIRECTION('',(-1.,0.,0.));
#12770=DIRECTION('',(0.,-1.,0.));
#12771=DIRECTION('',(1.,0.,0.));
#12772=DIRECTION('',(0.,-1.,0.));
#12773=DIRECTION('',(-1.,0.,0.));
#12774=DIRECTION('',(1.,0.,0.));
#12775=DIRECTION('',(0.,-1.,0.));
#12776=DIRECTION('',(0.,1.,0.));
#12777=DIRECTION('',(0.,1.,0.));
#12778=DIRECTION('',(0.,0.,-1.));
#12779=DIRECTION('',(0.,1.,0.));
#12780=DIRECTION('',(1.,0.,0.));
#12781=DIRECTION('',(0.,1.,0.));
#12782=DIRECTION('',(0.,-1.,0.));
#12783=DIRECTION('',(-1.,0.,0.));
#12784=DIRECTION('',(0.,0.,-1.));
#12785=DIRECTION('',(0.,1.,0.));
#12786=DIRECTION('',(0.,1.,0.));
#12787=DIRECTION('',(-1.,0.,0.));
#12788=DIRECTION('',(0.,1.,0.));
#12789=DIRECTION('',(1.,0.,0.));
#12790=DIRECTION('',(0.,1.,0.));
#12791=DIRECTION('',(0.,-1.,0.));
#12792=DIRECTION('',(-1.,0.,0.));
#12793=DIRECTION('',(0.,1.,0.));
#12794=DIRECTION('',(0.,0.,1.));
#12795=DIRECTION('',(0.,-1.,0.));
#12796=DIRECTION('',(0.,1.,0.));
#12797=DIRECTION('',(1.,0.,0.));
#12798=DIRECTION('',(-1.,0.,0.));
#12799=DIRECTION('',(0.,1.,0.));
#12800=DIRECTION('',(0.,0.,1.));
#12801=DIRECTION('',(0.,1.,0.));
#12802=DIRECTION('',(0.,0.,1.));
#12803=DIRECTION('',(0.,-1.,0.));
#12804=DIRECTION('',(1.,0.,0.));
#12805=DIRECTION('',(0.,1.,0.));
#12806=DIRECTION('',(0.,1.,0.));
#12807=DIRECTION('',(0.,1.,0.));
#12808=DIRECTION('',(1.,0.,0.));
#12809=DIRECTION('',(0.,1.,0.));
#12810=DIRECTION('',(0.,-1.,0.));
#12811=DIRECTION('',(-1.,0.,0.));
#12812=DIRECTION('',(1.,0.,0.));
#12813=DIRECTION('',(0.,-1.,0.));
#12814=DIRECTION('',(0.,1.,0.));
#12815=DIRECTION('',(0.,0.,-1.));
#12816=DIRECTION('',(0.,-1.,0.));
#12817=DIRECTION('',(1.,0.,0.));
#12818=DIRECTION('',(0.,-1.,0.));
#12819=DIRECTION('',(-1.,0.,0.));
#12820=DIRECTION('',(0.,-1.,0.));
#12821=DIRECTION('',(-1.,0.,0.));
#12822=DIRECTION('',(0.,-1.,0.));
#12823=DIRECTION('',(-1.,0.,0.));
#12824=DIRECTION('',(0.,-1.,0.));
#12825=DIRECTION('',(-1.,0.,0.));
#12826=DIRECTION('',(0.,-1.,0.));
#12827=DIRECTION('',(-1.,0.,0.));
#12828=DIRECTION('',(0.,-1.,0.));
#12829=DIRECTION('',(-1.,0.,0.));
#12830=DIRECTION('',(0.,-1.,0.));
#12831=DIRECTION('',(-1.,0.,0.));
#12832=DIRECTION('',(0.,-1.,0.));
#12833=DIRECTION('',(-1.,0.,0.));
#12834=DIRECTION('',(0.,-1.,0.));
#12835=DIRECTION('',(-1.,0.,0.));
#12836=DIRECTION('',(0.,-1.,0.));
#12837=DIRECTION('',(-1.,0.,0.));
#12838=DIRECTION('',(0.,-1.,0.));
#12839=DIRECTION('',(-1.,0.,0.));
#12840=DIRECTION('',(0.,-1.,0.));
#12841=DIRECTION('',(-1.,0.,0.));
#12842=DIRECTION('',(1.,0.,0.));
#12843=DIRECTION('',(0.,0.,-1.));
#12844=DIRECTION('',(1.,0.,0.));
#12845=DIRECTION('',(1.16132115546564E-16,0.,-1.));
#12846=DIRECTION('',(0.,1.,0.));
#12847=DIRECTION('',(1.,0.,0.));
#12848=DIRECTION('',(0.,1.,0.));
#12849=DIRECTION('',(1.,0.,0.));
#12850=DIRECTION('',(0.,-1.,0.));
#12851=DIRECTION('',(-1.,0.,0.));
#12852=DIRECTION('',(0.,-1.,0.));
#12853=DIRECTION('',(1.,0.,0.));
#12854=DIRECTION('',(0.,-1.,0.));
#12855=DIRECTION('',(-1.,0.,0.));
#12856=DIRECTION('',(0.,0.,-1.));
#12857=DIRECTION('',(0.,1.,0.));
#12858=DIRECTION('',(0.,-1.,0.));
#12859=DIRECTION('',(0.,-1.,0.));
#12860=DIRECTION('',(-1.,0.,0.));
#12861=DIRECTION('',(0.,1.,0.));
#12862=DIRECTION('',(0.,-1.,0.));
#12863=DIRECTION('',(0.,0.,-1.));
#12864=DIRECTION('',(0.,1.,0.));
#12865=DIRECTION('',(0.,-1.,0.));
#12866=DIRECTION('',(-1.,0.,-1.16132115546564E-16));
#12867=DIRECTION('',(-1.16132115546564E-16,0.,1.));
#12868=DIRECTION('',(0.,1.,0.));
#12869=DIRECTION('',(1.,0.,0.));
#12870=DIRECTION('',(0.,1.,0.));
#12871=DIRECTION('',(1.,0.,0.));
#12872=DIRECTION('',(0.,-1.,0.));
#12873=DIRECTION('',(-1.,0.,0.));
#12874=DIRECTION('',(0.,1.,0.));
#12875=DIRECTION('',(1.,0.,0.));
#12876=DIRECTION('',(0.,-1.,0.));
#12877=DIRECTION('',(-1.,0.,0.));
#12878=DIRECTION('',(0.,-1.,0.));
#12879=DIRECTION('',(-1.,0.,0.));
#12880=DIRECTION('',(0.,1.,0.));
#12881=DIRECTION('',(1.,0.,0.));
#12882=DIRECTION('',(0.,-1.,0.));
#12883=DIRECTION('',(-1.,0.,0.));
#12884=DIRECTION('',(0.,-1.,0.));
#12885=DIRECTION('',(-1.,0.,0.));
#12886=DIRECTION('',(0.,-1.,0.));
#12887=DIRECTION('',(-1.,0.,0.));
#12888=DIRECTION('',(0.,-1.,0.));
#12889=DIRECTION('',(1.,0.,0.));
#12890=DIRECTION('',(0.,-1.,0.));
#12891=DIRECTION('',(-1.,0.,0.));
#12892=DIRECTION('',(0.,-1.,0.));
#12893=DIRECTION('',(-1.,0.,0.));
#12894=DIRECTION('',(0.,-1.,0.));
#12895=DIRECTION('',(1.,0.,0.));
#12896=DIRECTION('',(0.,-1.,0.));
#12897=DIRECTION('',(-1.,0.,0.));
#12898=DIRECTION('',(0.,-1.,0.));
#12899=DIRECTION('',(-1.,0.,0.));
#12900=DIRECTION('',(0.,-1.,0.));
#12901=DIRECTION('',(1.,0.,0.));
#12902=DIRECTION('',(0.,-1.,0.));
#12903=DIRECTION('',(-1.,0.,0.));
#12904=DIRECTION('',(0.,-1.,0.));
#12905=DIRECTION('',(-1.,0.,0.));
#12906=DIRECTION('',(0.,-1.,0.));
#12907=DIRECTION('',(1.,0.,0.));
#12908=DIRECTION('',(0.,-1.,0.));
#12909=DIRECTION('',(-1.,0.,0.));
#12910=DIRECTION('',(0.,-1.,0.));
#12911=DIRECTION('',(-1.,0.,0.));
#12912=DIRECTION('',(0.,-1.,0.));
#12913=DIRECTION('',(1.,0.,0.));
#12914=DIRECTION('',(0.,-1.,0.));
#12915=DIRECTION('',(-1.,0.,0.));
#12916=DIRECTION('',(0.,-1.,0.));
#12917=DIRECTION('',(-1.,0.,0.));
#12918=DIRECTION('',(0.,-1.,0.));
#12919=DIRECTION('',(1.,0.,0.));
#12920=DIRECTION('',(0.,-1.,0.));
#12921=DIRECTION('',(-1.,0.,0.));
#12922=DIRECTION('',(0.,-1.,0.));
#12923=DIRECTION('',(-1.,0.,0.));
#12924=DIRECTION('',(0.,-1.,0.));
#12925=DIRECTION('',(1.,0.,0.));
#12926=DIRECTION('',(0.,-1.,0.));
#12927=DIRECTION('',(-1.,0.,0.));
#12928=DIRECTION('',(0.,-1.,0.));
#12929=DIRECTION('',(-1.,0.,0.));
#12930=DIRECTION('',(0.,-1.,0.));
#12931=DIRECTION('',(1.,0.,0.));
#12932=DIRECTION('',(0.,-1.,0.));
#12933=DIRECTION('',(-1.,0.,0.));
#12934=DIRECTION('',(0.,-1.,0.));
#12935=DIRECTION('',(-1.,0.,0.));
#12936=DIRECTION('',(0.,-1.,0.));
#12937=DIRECTION('',(1.,0.,0.));
#12938=DIRECTION('',(0.,1.,0.));
#12939=DIRECTION('',(1.,0.,0.));
#12940=DIRECTION('',(0.,1.,0.));
#12941=DIRECTION('',(1.,0.,0.));
#12942=DIRECTION('',(0.,-1.,0.));
#12943=DIRECTION('',(-1.,0.,0.));
#12944=DIRECTION('',(0.,-1.,0.));
#12945=DIRECTION('',(1.,0.,0.));
#12946=DIRECTION('',(0.,1.,0.));
#12947=DIRECTION('',(1.,0.,0.));
#12948=DIRECTION('',(0.,1.,0.));
#12949=DIRECTION('',(1.,0.,0.));
#12950=DIRECTION('',(0.,-1.,0.));
#12951=DIRECTION('',(-1.,0.,0.));
#12952=DIRECTION('',(0.,-1.,0.));
#12953=DIRECTION('',(1.,0.,0.));
#12954=DIRECTION('',(0.,1.,0.));
#12955=DIRECTION('',(1.,0.,0.));
#12956=DIRECTION('',(0.,1.,0.));
#12957=DIRECTION('',(1.,0.,0.));
#12958=DIRECTION('',(0.,-1.,0.));
#12959=DIRECTION('',(-1.,0.,0.));
#12960=DIRECTION('',(0.,-1.,0.));
#12961=DIRECTION('',(1.,0.,0.));
#12962=DIRECTION('',(0.,-1.,0.));
#12963=DIRECTION('',(-1.,0.,0.));
#12964=DIRECTION('',(0.,-1.,0.));
#12965=DIRECTION('',(-1.,0.,0.));
#12966=DIRECTION('',(0.,1.,0.));
#12967=DIRECTION('',(1.,0.,0.));
#12968=DIRECTION('',(1.,0.,0.));
#12969=DIRECTION('',(0.,-1.,0.));
#12970=DIRECTION('',(1.,0.,1.38777878078144E-14));
#12971=DIRECTION('',(1.38777878078144E-14,0.,-1.));
#12972=DIRECTION('',(0.,0.,1.));
#12973=DIRECTION('',(0.,-1.,0.));
#12974=DIRECTION('',(0.,1.,0.));
#12975=DIRECTION('',(1.,0.,0.));
#12976=DIRECTION('',(0.,-1.,0.));
#12977=DIRECTION('',(-1.,0.,0.));
#12978=DIRECTION('',(0.,1.,0.));
#12979=DIRECTION('',(1.,0.,0.));
#12980=DIRECTION('',(2.22044604925032E-16,0.,-1.));
#12981=DIRECTION('',(-1.,0.,-2.22044604925032E-16));
#12982=DIRECTION('',(0.,0.,-1.));
#12983=DIRECTION('',(0.,1.,0.));
#12984=DIRECTION('',(1.,0.,1.13288063737261E-16));
#12985=DIRECTION('',(1.13288063737261E-16,0.,-1.));
#12986=DIRECTION('',(-1.,0.,0.));
#12987=DIRECTION('',(0.,1.,0.));
#12988=DIRECTION('',(0.,1.,0.));
#12989=DIRECTION('',(1.,0.,0.));
#12990=DIRECTION('',(0.,-1.,0.));
#12991=DIRECTION('',(-1.,0.,0.));
#12992=DIRECTION('',(0.,1.,0.));
#12993=DIRECTION('',(1.,0.,0.));
#12994=DIRECTION('',(1.,0.,0.));
#12995=DIRECTION('',(0.,-1.,0.));
#12996=DIRECTION('',(1.,-1.38777878078145E-14,0.));
#12997=DIRECTION('',(-1.38777878078145E-14,-1.,0.));
#12998=DIRECTION('',(0.,0.,1.));
#12999=DIRECTION('',(0.,-1.,0.));
#13000=DIRECTION('',(0.,0.,1.));
#13001=DIRECTION('',(0.,-1.,0.));
#13002=DIRECTION('',(-1.,0.,-5.66440318686304E-17));
#13003=DIRECTION('',(-5.66440318686304E-17,0.,1.));
#13004=DIRECTION('',(-1.,0.,0.));
#13005=DIRECTION('',(0.,1.,0.));
#13006=DIRECTION('',(-2.22044604925032E-16,0.,1.));
#13007=DIRECTION('',(1.,0.,2.22044604925032E-16));
#13008=DIRECTION('',(0.,0.,-1.));
#13009=DIRECTION('',(0.,1.,0.));
#13010=DIRECTION('',(0.,1.,0.));
#13011=DIRECTION('',(1.,0.,0.));
#13012=DIRECTION('',(0.,1.,0.));
#13013=DIRECTION('',(1.,0.,0.));
#13014=DIRECTION('',(0.,-1.,0.));
#13015=DIRECTION('',(-1.,0.,0.));
#13016=DIRECTION('',(0.,-1.,0.));
#13017=DIRECTION('',(-1.,0.,0.));
#13018=DIRECTION('',(0.,-1.,0.));
#13019=DIRECTION('',(-1.,0.,0.));
#13020=DIRECTION('',(0.,0.,1.));
#13021=DIRECTION('',(0.,-1.,0.));
#13022=DIRECTION('',(1.,0.,0.));
#13023=DIRECTION('',(0.,-1.,0.));
#13024=DIRECTION('',(-1.,0.,-5.66440318686304E-17));
#13025=DIRECTION('',(-5.66440318686304E-17,0.,1.));
#13026=DIRECTION('',(1.,0.,0.));
#13027=DIRECTION('',(0.,-1.,0.));
#13028=DIRECTION('',(-2.22044604925032E-16,0.,1.));
#13029=DIRECTION('',(1.,0.,2.22044604925032E-16));
#13030=DIRECTION('',(0.,0.,1.));
#13031=DIRECTION('',(0.,-1.,0.));
#13032=DIRECTION('',(0.,-1.,0.));
#13033=DIRECTION('',(-1.,0.,0.));
#13034=DIRECTION('',(0.,0.,1.));
#13035=DIRECTION('',(0.,-1.,0.));
#13036=DIRECTION('',(0.,-1.,0.));
#13037=DIRECTION('',(-1.,0.,0.));
#13038=DIRECTION('',(1.,0.,0.));
#13039=DIRECTION('',(0.,-1.,0.));
#13040=DIRECTION('',(2.22044604925032E-16,0.,-1.));
#13041=DIRECTION('',(-1.,0.,-2.22044604925032E-16));
#13042=DIRECTION('',(0.,0.,1.));
#13043=DIRECTION('',(0.,-1.,0.));
#13044=DIRECTION('',(1.,0.,1.13288063737261E-16));
#13045=DIRECTION('',(1.13288063737261E-16,0.,-1.));
#13046=DIRECTION('',(1.,0.,0.));
#13047=DIRECTION('',(0.,-1.,0.));
#13048=DIRECTION('',(0.,-1.,0.));
#13049=DIRECTION('',(-1.,0.,0.));
#13050=DIRECTION('',(0.,1.,0.));
#13051=DIRECTION('',(1.,0.,0.));
#13052=DIRECTION('',(0.,1.,0.));
#13053=DIRECTION('',(1.,0.,0.));
#13054=DIRECTION('',(0.,0.,1.));
#13055=DIRECTION('',(0.,-1.,0.));
#13056=DIRECTION('',(-0.707106781186548,0.,0.707106781186548));
#13057=DIRECTION('',(0.707106781186548,0.,0.707106781186548));
#13058=DIRECTION('',(0.707106781186548,0.,0.707106781186548));
#13059=DIRECTION('',(-0.707106781186548,0.,0.707106781186548));
#13060=DIRECTION('',(1.,0.,0.));
#13061=DIRECTION('',(0.,-1.,0.));
#13062=DIRECTION('',(0.707106781186548,0.,-0.707106781186548));
#13063=DIRECTION('',(-0.707106781186548,0.,-0.707106781186548));
#13064=DIRECTION('',(-1.,0.,0.));
#13065=DIRECTION('',(0.,1.,0.));
#13066=DIRECTION('',(-0.707106781186548,0.,-0.707106781186548));
#13067=DIRECTION('',(0.707106781186548,0.,-0.707106781186548));
#13068=DIRECTION('',(0.,0.,-1.));
#13069=DIRECTION('',(0.,1.,0.));
#13070=DIRECTION('',(0.,0.,-1.));
#13071=DIRECTION('',(0.,1.,0.));
#13072=DIRECTION('',(0.707106781186548,0.,-0.707106781186548));
#13073=DIRECTION('',(-0.707106781186548,0.,-0.707106781186548));
#13074=DIRECTION('',(-0.707106781186548,0.,-0.707106781186548));
#13075=DIRECTION('',(0.707106781186548,0.,-0.707106781186548));
#13076=DIRECTION('',(-1.,0.,0.));
#13077=DIRECTION('',(0.,1.,0.));
#13078=DIRECTION('',(-0.707106781186548,0.,0.707106781186548));
#13079=DIRECTION('',(0.707106781186548,0.,0.707106781186548));
#13080=DIRECTION('',(1.,0.,0.));
#13081=DIRECTION('',(0.,-1.,0.));
#13082=DIRECTION('',(0.707106781186548,0.,0.707106781186548));
#13083=DIRECTION('',(-0.707106781186548,0.,0.707106781186548));
#13084=DIRECTION('',(0.,0.,1.));
#13085=DIRECTION('',(0.,-1.,0.));
#13086=DIRECTION('',(0.,0.,1.));
#13087=DIRECTION('',(0.,-1.,0.));
#13088=DIRECTION('',(0.707106781186548,0.,0.707106781186548));
#13089=DIRECTION('',(-0.707106781186548,0.,0.707106781186548));
#13090=DIRECTION('',(-0.707106781186548,0.,0.707106781186548));
#13091=DIRECTION('',(0.707106781186548,0.,0.707106781186548));
#13092=DIRECTION('',(-1.,0.,0.));
#13093=DIRECTION('',(0.,1.,0.));
#13094=DIRECTION('',(-0.707106781186548,0.,-0.707106781186548));
#13095=DIRECTION('',(0.707106781186548,0.,-0.707106781186548));
#13096=DIRECTION('',(1.,0.,0.));
#13097=DIRECTION('',(0.,-1.,0.));
#13098=DIRECTION('',(0.707106781186548,0.,-0.707106781186548));
#13099=DIRECTION('',(-0.707106781186548,0.,-0.707106781186548));
#13100=DIRECTION('',(0.,0.,-1.));
#13101=DIRECTION('',(0.,1.,0.));
#13102=DIRECTION('',(-2.49600500140548E-16,0.,-1.));
#13103=DIRECTION('',(-1.,0.,2.49600500140548E-16));
#13104=DIRECTION('',(0.707106781186548,0.,-0.707106781186548));
#13105=DIRECTION('',(-0.707106781186548,0.,-0.707106781186548));
#13106=DIRECTION('',(-0.707106781186548,0.,-0.707106781186548));
#13107=DIRECTION('',(0.707106781186548,0.,-0.707106781186548));
#13108=DIRECTION('',(-1.,0.,0.));
#13109=DIRECTION('',(0.,1.,0.));
#13110=DIRECTION('',(-0.707106781186548,0.,0.707106781186548));
#13111=DIRECTION('',(0.707106781186548,0.,0.707106781186548));
#13112=DIRECTION('',(1.,0.,0.));
#13113=DIRECTION('',(0.,-1.,0.));
#13114=DIRECTION('',(0.707106781186548,0.,0.707106781186548));
#13115=DIRECTION('',(-0.707106781186548,0.,0.707106781186548));
#13116=DIRECTION('',(2.49600500140548E-16,0.,1.));
#13117=DIRECTION('',(1.,0.,-2.49600500140548E-16));
#13118=DIRECTION('',(0.,0.,1.));
#13119=DIRECTION('',(0.,-1.,0.));
#13120=DIRECTION('',(0.707106781186548,0.,0.707106781186548));
#13121=DIRECTION('',(-0.707106781186548,0.,0.707106781186548));
#13122=DIRECTION('',(-0.707106781186548,0.,0.707106781186548));
#13123=DIRECTION('',(-0.707106781186548,0.,-0.707106781186548));
#13124=DIRECTION('',(-1.,0.,0.));
#13125=DIRECTION('',(0.,1.,0.));
#13126=DIRECTION('',(-0.707106781186548,0.,-0.707106781186548));
#13127=DIRECTION('',(0.707106781186548,0.,-0.707106781186548));
#13128=DIRECTION('',(1.,0.,0.));
#13129=DIRECTION('',(0.,-1.,0.));
#13130=DIRECTION('',(0.707106781186548,0.,-0.707106781186548));
#13131=DIRECTION('',(-0.707106781186548,0.,-0.707106781186548));
#13132=DIRECTION('',(0.,0.,-1.));
#13133=DIRECTION('',(0.,1.,0.));
#13134=DIRECTION('',(0.,1.,0.));
#13135=DIRECTION('',(1.,0.,0.));
#13136=DIRECTION('',(0.,0.,1.));
#13137=DIRECTION('',(0.,-1.,0.));
#13138=DIRECTION('',(0.707106781186548,0.,0.707106781186548));
#13139=DIRECTION('',(-0.707106781186548,0.,0.707106781186548));
#13140=DIRECTION('',(-0.707106781186548,0.,0.707106781186548));
#13141=DIRECTION('',(0.707106781186548,0.,0.707106781186548));
#13142=DIRECTION('',(-1.,0.,0.));
#13143=DIRECTION('',(0.,1.,0.));
#13144=DIRECTION('',(-0.707106781186548,0.,-0.707106781186548));
#13145=DIRECTION('',(0.707106781186548,0.,-0.707106781186548));
#13146=DIRECTION('',(1.,0.,0.));
#13147=DIRECTION('',(0.,-1.,0.));
#13148=DIRECTION('',(0.707106781186548,0.,-0.707106781186548));
#13149=DIRECTION('',(-0.707106781186548,0.,-0.707106781186548));
#13150=DIRECTION('',(0.,0.,-1.));
#13151=DIRECTION('',(0.,1.,0.));
#13152=DIRECTION('',(0.,1.,0.));
#13153=DIRECTION('',(1.,0.,0.));
#13154=DIRECTION('',(0.,1.,0.));
#13155=DIRECTION('',(1.,0.,0.));
#13156=DIRECTION('',(0.,1.,0.));
#13157=DIRECTION('',(1.,0.,0.));
#13158=DIRECTION('',(-1.,0.,0.));
#13159=DIRECTION('',(0.,1.,0.));
#13160=DIRECTION('',(-0.707106781186548,0.,0.707106781186548));
#13161=DIRECTION('',(0.707106781186548,0.,0.707106781186548));
#13162=DIRECTION('',(-0.707106781186548,0.,-0.707106781186548));
#13163=DIRECTION('',(-0.707106781186548,0.,0.707106781186548));
#13164=DIRECTION('',(0.,0.,-1.));
#13165=DIRECTION('',(0.,1.,0.));
#13166=DIRECTION('',(0.707106781186548,0.,-0.707106781186548));
#13167=DIRECTION('',(0.707106781186548,0.,0.707106781186548));
#13168=DIRECTION('',(0.,0.,1.));
#13169=DIRECTION('',(0.,-1.,0.));
#13170=DIRECTION('',(0.707106781186548,0.,0.707106781186548));
#13171=DIRECTION('',(0.707106781186548,0.,-0.707106781186548));
#13172=DIRECTION('',(1.,0.,0.));
#13173=DIRECTION('',(0.,-1.,0.));
#13174=DIRECTION('',(-5.55111512312578E-16,0.,-1.));
#13175=DIRECTION('',(-1.,0.,5.55111512312578E-16));
#13176=DIRECTION('',(0.707106781186547,0.,-0.707106781186548));
#13177=DIRECTION('',(0.707106781186548,0.,0.707106781186547));
#13178=DIRECTION('',(-0.707106781186548,0.,-0.707106781186547));
#13179=DIRECTION('',(-0.707106781186547,0.,0.707106781186548));
#13180=DIRECTION('',(-1.,0.,0.));
#13181=DIRECTION('',(0.,1.,0.));
#13182=DIRECTION('',(-0.707106781186548,0.,0.707106781186548));
#13183=DIRECTION('',(0.707106781186548,0.,0.707106781186548));
#13184=DIRECTION('',(1.,0.,0.));
#13185=DIRECTION('',(0.,-1.,0.));
#13186=DIRECTION('',(0.707106781186548,0.,0.707106781186548));
#13187=DIRECTION('',(-0.707106781186548,0.,0.707106781186548));
#13188=DIRECTION('',(0.,0.,1.));
#13189=DIRECTION('',(0.,-1.,0.));
#13190=DIRECTION('',(-5.55111512312578E-16,0.,-1.));
#13191=DIRECTION('',(-1.,0.,5.55111512312578E-16));
#13192=DIRECTION('',(0.707106781186547,0.,-0.707106781186548));
#13193=DIRECTION('',(-0.707106781186548,0.,-0.707106781186547));
#13194=DIRECTION('',(-0.707106781186548,0.,-0.707106781186547));
#13195=DIRECTION('',(-0.707106781186547,0.,0.707106781186548));
#13196=DIRECTION('',(-1.,0.,0.));
#13197=DIRECTION('',(0.,1.,0.));
#13198=DIRECTION('',(-0.707106781186547,0.,0.707106781186548));
#13199=DIRECTION('',(0.707106781186548,0.,0.707106781186547));
#13200=DIRECTION('',(1.,0.,0.));
#13201=DIRECTION('',(0.,-1.,0.));
#13202=DIRECTION('',(0.707106781186548,0.,0.707106781186547));
#13203=DIRECTION('',(-0.707106781186547,0.,0.707106781186548));
#13204=DIRECTION('',(5.55111512312578E-16,0.,1.));
#13205=DIRECTION('',(1.,0.,-5.55111512312578E-16));
#13206=DIRECTION('',(-1.,0.,0.));
#13207=DIRECTION('',(0.,1.,0.));
#13208=DIRECTION('',(-0.707106781186547,0.,0.707106781186548));
#13209=DIRECTION('',(-0.707106781186548,0.,-0.707106781186547));
#13210=DIRECTION('',(-0.707106781186548,0.,-0.707106781186547));
#13211=DIRECTION('',(0.707106781186547,0.,-0.707106781186548));
#13212=DIRECTION('',(-5.55111512312578E-16,0.,-1.));
#13213=DIRECTION('',(-1.,0.,5.55111512312578E-16));
#13214=DIRECTION('',(0.707106781186547,0.,-0.707106781186548));
#13215=DIRECTION('',(0.707106781186548,0.,0.707106781186547));
#13216=DIRECTION('',(5.55111512312578E-16,0.,1.));
#13217=DIRECTION('',(1.,0.,-5.55111512312578E-16));
#13218=DIRECTION('',(0.707106781186548,0.,0.707106781186547));
#13219=DIRECTION('',(0.707106781186547,0.,-0.707106781186548));
#13220=DIRECTION('',(1.,0.,0.));
#13221=DIRECTION('',(0.,-1.,0.));
#13222=DIRECTION('',(1.,0.,0.));
#13223=DIRECTION('',(0.,-1.,0.));
#13224=DIRECTION('',(0.707106781186548,0.,0.707106781186548));
#13225=DIRECTION('',(0.707106781186548,0.,-0.707106781186548));
#13226=DIRECTION('',(0.707106781186547,0.,-0.707106781186548));
#13227=DIRECTION('',(-0.707106781186548,0.,-0.707106781186547));
#13228=DIRECTION('',(-5.55111512312578E-16,0.,-1.));
#13229=DIRECTION('',(-1.,0.,5.55111512312578E-16));
#13230=DIRECTION('',(-0.707106781186548,0.,-0.707106781186547));
#13231=DIRECTION('',(-0.707106781186547,0.,0.707106781186548));
#13232=DIRECTION('',(0.,0.,1.));
#13233=DIRECTION('',(0.,-1.,0.));
#13234=DIRECTION('',(-0.707106781186548,0.,0.707106781186548));
#13235=DIRECTION('',(-0.707106781186548,0.,-0.707106781186548));
#13236=DIRECTION('',(-1.,0.,0.));
#13237=DIRECTION('',(0.,1.,0.));
#13238=DIRECTION('',(1.,0.,0.));
#13239=DIRECTION('',(0.,-1.,0.));
#13240=DIRECTION('',(0.707106781186548,0.,0.707106781186548));
#13241=DIRECTION('',(0.707106781186548,0.,-0.707106781186548));
#13242=DIRECTION('',(0.707106781186548,0.,-0.707106781186548));
#13243=DIRECTION('',(-0.707106781186548,0.,-0.707106781186548));
#13244=DIRECTION('',(0.,0.,-1.));
#13245=DIRECTION('',(0.,1.,0.));
#13246=DIRECTION('',(-0.707106781186548,0.,-0.707106781186548));
#13247=DIRECTION('',(-0.707106781186548,0.,0.707106781186548));
#13248=DIRECTION('',(0.,0.,1.));
#13249=DIRECTION('',(0.,-1.,0.));
#13250=DIRECTION('',(-0.707106781186548,0.,0.707106781186548));
#13251=DIRECTION('',(-0.707106781186548,0.,-0.707106781186548));
#13252=DIRECTION('',(-1.,0.,0.));
#13253=DIRECTION('',(0.,1.,0.));
#13254=DIRECTION('',(1.,0.,0.));
#13255=DIRECTION('',(0.,-1.,0.));
#13256=DIRECTION('',(0.707106781186548,0.,0.707106781186548));
#13257=DIRECTION('',(-0.707106781186548,0.,0.707106781186548));
#13258=DIRECTION('',(0.707106781186548,0.,-0.707106781186548));
#13259=DIRECTION('',(-0.707106781186548,0.,-0.707106781186548));
#13260=DIRECTION('',(0.,0.,-1.));
#13261=DIRECTION('',(0.,1.,0.));
#13262=DIRECTION('',(-0.707106781186548,0.,-0.707106781186548));
#13263=DIRECTION('',(-0.707106781186548,0.,0.707106781186548));
#13264=DIRECTION('',(0.,0.,1.));
#13265=DIRECTION('',(0.,-1.,0.));
#13266=DIRECTION('',(-0.707106781186548,0.,0.707106781186548));
#13267=DIRECTION('',(-0.707106781186548,0.,-0.707106781186548));
#13268=DIRECTION('',(-1.,0.,0.));
#13269=DIRECTION('',(0.,1.,0.));
#13270=DIRECTION('',(1.,0.,0.));
#13271=DIRECTION('',(0.,-1.,0.));
#13272=DIRECTION('',(0.707106781186548,0.,-0.707106781186548));
#13273=DIRECTION('',(-0.707106781186548,0.,-0.707106781186548));
#13274=DIRECTION('',(0.707106781186548,0.,0.707106781186548));
#13275=DIRECTION('',(0.707106781186548,0.,-0.707106781186548));
#13276=DIRECTION('',(0.,0.,1.));
#13277=DIRECTION('',(0.,-1.,0.));
#13278=DIRECTION('',(-0.707106781186548,0.,0.707106781186548));
#13279=DIRECTION('',(-0.707106781186548,0.,-0.707106781186548));
#13280=DIRECTION('',(0.,0.,-1.));
#13281=DIRECTION('',(0.,1.,0.));
#13282=DIRECTION('',(-0.707106781186548,0.,-0.707106781186548));
#13283=DIRECTION('',(-0.707106781186548,0.,0.707106781186548));
#13284=DIRECTION('',(-1.,0.,0.));
#13285=DIRECTION('',(0.,1.,0.));
#13286=DIRECTION('',(1.,0.,0.));
#13287=DIRECTION('',(0.,-1.,0.));
#13288=DIRECTION('',(0.707106781186548,0.,-0.707106781186548));
#13289=DIRECTION('',(-0.707106781186548,0.,-0.707106781186548));
#13290=DIRECTION('',(0.707106781186548,0.,0.707106781186548));
#13291=DIRECTION('',(0.707106781186548,0.,-0.707106781186548));
#13292=DIRECTION('',(0.,0.,1.));
#13293=DIRECTION('',(0.,-1.,0.));
#13294=DIRECTION('',(-0.707106781186548,0.,0.707106781186548));
#13295=DIRECTION('',(-0.707106781186548,0.,-0.707106781186548));
#13296=DIRECTION('',(0.,0.,-1.));
#13297=DIRECTION('',(0.,1.,0.));
#13298=DIRECTION('',(-0.707106781186548,0.,-0.707106781186548));
#13299=DIRECTION('',(-0.707106781186548,0.,0.707106781186548));
#13300=DIRECTION('',(-1.,0.,0.));
#13301=DIRECTION('',(0.,1.,0.));
#13302=DIRECTION('',(1.,0.,0.));
#13303=DIRECTION('',(0.,-1.,0.));
#13304=DIRECTION('',(0.707106781186548,0.,-0.707106781186548));
#13305=DIRECTION('',(-0.707106781186548,0.,-0.707106781186548));
#13306=DIRECTION('',(0.707106781186548,0.,0.707106781186548));
#13307=DIRECTION('',(0.707106781186548,0.,-0.707106781186548));
#13308=DIRECTION('',(0.,0.,1.));
#13309=DIRECTION('',(0.,-1.,0.));
#13310=DIRECTION('',(-0.707106781186548,0.,0.707106781186548));
#13311=DIRECTION('',(-0.707106781186548,0.,-0.707106781186548));
#13312=DIRECTION('',(0.,0.,-1.));
#13313=DIRECTION('',(0.,1.,0.));
#13314=DIRECTION('',(-0.707106781186548,0.,-0.707106781186548));
#13315=DIRECTION('',(-0.707106781186548,0.,0.707106781186548));
#13316=DIRECTION('',(-1.,0.,0.));
#13317=DIRECTION('',(0.,1.,0.));
#13318=DIRECTION('',(1.,0.,0.));
#13319=DIRECTION('',(0.,-1.,0.));
#13320=DIRECTION('',(0.707106781186548,0.,-0.707106781186548));
#13321=DIRECTION('',(-0.707106781186548,0.,-0.707106781186548));
#13322=DIRECTION('',(0.707106781186548,0.,0.707106781186548));
#13323=DIRECTION('',(0.707106781186548,0.,-0.707106781186548));
#13324=DIRECTION('',(0.,0.,1.));
#13325=DIRECTION('',(0.,-1.,0.));
#13326=DIRECTION('',(-0.707106781186548,0.,0.707106781186548));
#13327=DIRECTION('',(-0.707106781186548,0.,-0.707106781186548));
#13328=DIRECTION('',(0.,0.,-1.));
#13329=DIRECTION('',(0.,1.,0.));
#13330=DIRECTION('',(-0.707106781186548,0.,-0.707106781186548));
#13331=DIRECTION('',(-0.707106781186548,0.,0.707106781186548));
#13332=DIRECTION('',(-1.,0.,0.));
#13333=DIRECTION('',(0.,1.,0.));
#13334=DIRECTION('',(1.,0.,0.));
#13335=DIRECTION('',(0.,-1.,0.));
#13336=DIRECTION('',(0.707106781186548,0.,-0.707106781186548));
#13337=DIRECTION('',(-0.707106781186548,0.,-0.707106781186548));
#13338=DIRECTION('',(0.707106781186548,0.,0.707106781186548));
#13339=DIRECTION('',(0.707106781186548,0.,-0.707106781186548));
#13340=DIRECTION('',(0.,0.,1.));
#13341=DIRECTION('',(0.,-1.,0.));
#13342=DIRECTION('',(-0.707106781186548,0.,0.707106781186548));
#13343=DIRECTION('',(-0.707106781186548,0.,-0.707106781186548));
#13344=DIRECTION('',(0.,0.,-1.));
#13345=DIRECTION('',(0.,1.,0.));
#13346=DIRECTION('',(-0.707106781186548,0.,-0.707106781186548));
#13347=DIRECTION('',(-0.707106781186548,0.,0.707106781186548));
#13348=DIRECTION('',(-1.,0.,0.));
#13349=DIRECTION('',(0.,1.,0.));
#13350=DIRECTION('',(1.,0.,0.));
#13351=DIRECTION('',(0.,-1.,0.));
#13352=DIRECTION('',(0.707106781186548,0.,-0.707106781186548));
#13353=DIRECTION('',(-0.707106781186548,0.,-0.707106781186548));
#13354=DIRECTION('',(0.707106781186548,0.,0.707106781186548));
#13355=DIRECTION('',(0.707106781186548,0.,-0.707106781186548));
#13356=DIRECTION('',(0.,0.,1.));
#13357=DIRECTION('',(0.,-1.,0.));
#13358=DIRECTION('',(-0.707106781186548,0.,0.707106781186548));
#13359=DIRECTION('',(-0.707106781186548,0.,-0.707106781186548));
#13360=DIRECTION('',(0.,0.,-1.));
#13361=DIRECTION('',(0.,1.,0.));
#13362=DIRECTION('',(-0.707106781186548,0.,-0.707106781186548));
#13363=DIRECTION('',(-0.707106781186548,0.,0.707106781186548));
#13364=DIRECTION('',(-1.,0.,0.));
#13365=DIRECTION('',(0.,1.,0.));
#13366=DIRECTION('',(1.,0.,0.));
#13367=DIRECTION('',(0.,-1.,0.));
#13368=DIRECTION('',(0.707106781186548,0.,-0.707106781186548));
#13369=DIRECTION('',(-0.707106781186548,0.,-0.707106781186548));
#13370=DIRECTION('',(0.707106781186548,0.,0.707106781186548));
#13371=DIRECTION('',(0.707106781186548,0.,-0.707106781186548));
#13372=DIRECTION('',(0.,0.,1.));
#13373=DIRECTION('',(0.,-1.,0.));
#13374=DIRECTION('',(-0.707106781186548,0.,0.707106781186548));
#13375=DIRECTION('',(-0.707106781186548,0.,-0.707106781186548));
#13376=DIRECTION('',(0.,0.,-1.));
#13377=DIRECTION('',(0.,1.,0.));
#13378=DIRECTION('',(-0.707106781186548,0.,-0.707106781186548));
#13379=DIRECTION('',(-0.707106781186548,0.,0.707106781186548));
#13380=DIRECTION('',(-1.,0.,0.));
#13381=DIRECTION('',(0.,1.,0.));
#13382=DIRECTION('',(0.,0.,1.));
#13383=DIRECTION('',(0.,-1.,0.));
#13384=DIRECTION('',(0.707106781186548,0.,0.707106781186548));
#13385=DIRECTION('',(-0.707106781186548,0.,0.707106781186548));
#13386=DIRECTION('',(-0.707106781186548,0.,0.707106781186548));
#13387=DIRECTION('',(0.707106781186548,0.,0.707106781186548));
#13388=DIRECTION('',(-1.,0.,0.));
#13389=DIRECTION('',(0.,1.,0.));
#13390=DIRECTION('',(-0.707106781186548,0.,-0.707106781186548));
#13391=DIRECTION('',(0.707106781186548,0.,-0.707106781186548));
#13392=DIRECTION('',(1.,0.,0.));
#13393=DIRECTION('',(0.,-1.,0.));
#13394=DIRECTION('',(0.707106781186548,0.,-0.707106781186548));
#13395=DIRECTION('',(-0.707106781186548,0.,-0.707106781186548));
#13396=DIRECTION('',(0.,0.,-1.));
#13397=DIRECTION('',(0.,1.,0.));
#13398=DIRECTION('',(1.,0.,0.));
#13399=DIRECTION('',(0.,-1.,0.));
#13400=DIRECTION('',(0.707106781186548,0.,-0.707106781186548));
#13401=DIRECTION('',(0.707106781186548,0.,0.707106781186548));
#13402=DIRECTION('',(0.707106781186548,0.,0.707106781186548));
#13403=DIRECTION('',(-0.707106781186548,0.,0.707106781186548));
#13404=DIRECTION('',(0.,0.,1.));
#13405=DIRECTION('',(0.,-1.,0.));
#13406=DIRECTION('',(-0.707106781186548,0.,0.707106781186548));
#13407=DIRECTION('',(-0.707106781186548,0.,-0.707106781186548));
#13408=DIRECTION('',(0.,0.,-1.));
#13409=DIRECTION('',(0.,1.,0.));
#13410=DIRECTION('',(-0.707106781186548,0.,-0.707106781186548));
#13411=DIRECTION('',(-0.707106781186548,0.,0.707106781186548));
#13412=DIRECTION('',(-1.,0.,0.));
#13413=DIRECTION('',(0.,1.,0.));
#13414=DIRECTION('',(1.,0.,0.));
#13415=DIRECTION('',(0.,-1.,0.));
#13416=DIRECTION('',(0.707106781186548,0.,-0.707106781186548));
#13417=DIRECTION('',(0.707106781186547,0.,0.707106781186548));
#13418=DIRECTION('',(0.707106781186548,0.,0.707106781186548));
#13419=DIRECTION('',(-0.707106781186548,0.,0.707106781186548));
#13420=DIRECTION('',(0.,0.,1.));
#13421=DIRECTION('',(0.,-1.,0.));
#13422=DIRECTION('',(-0.707106781186548,0.,0.707106781186548));
#13423=DIRECTION('',(-0.707106781186548,0.,-0.707106781186548));
#13424=DIRECTION('',(2.89120579329468E-16,0.,-1.));
#13425=DIRECTION('',(-1.,0.,-2.89120579329468E-16));
#13426=DIRECTION('',(-0.707106781186547,0.,-0.707106781186548));
#13427=DIRECTION('',(-0.707106781186548,0.,0.707106781186548));
#13428=DIRECTION('',(-1.,0.,0.));
#13429=DIRECTION('',(0.,1.,0.));
#13430=DIRECTION('',(1.,0.,0.));
#13431=DIRECTION('',(0.,-1.,0.));
#13432=DIRECTION('',(0.707106781186548,0.,-0.707106781186548));
#13433=DIRECTION('',(0.707106781186548,0.,0.707106781186548));
#13434=DIRECTION('',(0.707106781186547,0.,0.707106781186548));
#13435=DIRECTION('',(-0.707106781186548,0.,0.707106781186548));
#13436=DIRECTION('',(-2.89120579329468E-16,0.,1.));
#13437=DIRECTION('',(1.,0.,2.89120579329468E-16));
#13438=DIRECTION('',(-0.707106781186548,0.,0.707106781186548));
#13439=DIRECTION('',(-0.707106781186547,0.,-0.707106781186548));
#13440=DIRECTION('',(0.,0.,-1.));
#13441=DIRECTION('',(0.,1.,0.));
#13442=DIRECTION('',(-0.707106781186548,0.,-0.707106781186548));
#13443=DIRECTION('',(-0.707106781186548,0.,0.707106781186548));
#13444=DIRECTION('',(-1.,0.,0.));
#13445=DIRECTION('',(0.,1.,0.));
#13446=DIRECTION('',(0.,0.,1.));
#13447=DIRECTION('',(0.,-1.,0.));
#13448=DIRECTION('',(0.707106781186548,0.,0.707106781186548));
#13449=DIRECTION('',(-0.707106781186548,0.,0.707106781186548));
#13450=DIRECTION('',(-0.707106781186548,0.,0.707106781186548));
#13451=DIRECTION('',(0.707106781186548,0.,0.707106781186548));
#13452=DIRECTION('',(-1.,0.,0.));
#13453=DIRECTION('',(0.,1.,0.));
#13454=DIRECTION('',(-0.707106781186548,0.,-0.707106781186548));
#13455=DIRECTION('',(0.707106781186548,0.,-0.707106781186548));
#13456=DIRECTION('',(1.,0.,0.));
#13457=DIRECTION('',(0.,-1.,0.));
#13458=DIRECTION('',(0.707106781186548,0.,-0.707106781186548));
#13459=DIRECTION('',(-0.707106781186548,0.,-0.707106781186548));
#13460=DIRECTION('',(0.,0.,-1.));
#13461=DIRECTION('',(0.,1.,0.));
#13462=DIRECTION('',(0.,1.,0.));
#13463=DIRECTION('',(1.,0.,0.));
#13464=DIRECTION('',(0.,1.,0.));
#13465=DIRECTION('',(1.,0.,0.));
#13466=DIRECTION('',(0.,1.,0.));
#13467=DIRECTION('',(1.,0.,0.));
#13468=DIRECTION('',(0.,1.,0.));
#13469=DIRECTION('',(1.,0.,0.));
#13470=DIRECTION('',(1.24800250070274E-16,0.,1.));
#13471=DIRECTION('',(1.,0.,-1.24800250070274E-16));
#13472=DIRECTION('',(-0.707106781186548,0.,0.707106781186548));
#13473=DIRECTION('',(-0.707106781186548,0.,-0.707106781186548));
#13474=DIRECTION('',(0.707106781186548,0.,0.707106781186548));
#13475=DIRECTION('',(-0.707106781186548,0.,0.707106781186548));
#13476=DIRECTION('',(1.,0.,0.));
#13477=DIRECTION('',(0.,-1.,0.));
#13478=DIRECTION('',(0.707106781186548,0.,-0.707106781186548));
#13479=DIRECTION('',(-0.707106781186548,0.,-0.707106781186548));
#13480=DIRECTION('',(-1.,0.,0.));
#13481=DIRECTION('',(0.,1.,0.));
#13482=DIRECTION('',(-0.707106781186548,0.,-0.707106781186548));
#13483=DIRECTION('',(0.707106781186548,0.,-0.707106781186548));
#13484=DIRECTION('',(0.,0.,-1.));
#13485=DIRECTION('',(0.,1.,0.));
#13486=DIRECTION('',(1.24800250070274E-16,0.,1.));
#13487=DIRECTION('',(1.,0.,-1.24800250070274E-16));
#13488=DIRECTION('',(-0.707106781186548,0.,0.707106781186548));
#13489=DIRECTION('',(-0.707106781186548,0.,-0.707106781186548));
#13490=DIRECTION('',(0.707106781186548,0.,0.707106781186548));
#13491=DIRECTION('',(-0.707106781186548,0.,0.707106781186548));
#13492=DIRECTION('',(1.,0.,0.));
#13493=DIRECTION('',(0.,-1.,0.));
#13494=DIRECTION('',(0.707106781186548,0.,-0.707106781186548));
#13495=DIRECTION('',(-0.707106781186548,0.,-0.707106781186548));
#13496=DIRECTION('',(-1.,0.,0.));
#13497=DIRECTION('',(0.,1.,0.));
#13498=DIRECTION('',(-0.707106781186548,0.,-0.707106781186548));
#13499=DIRECTION('',(0.707106781186548,0.,-0.707106781186548));
#13500=DIRECTION('',(-6.24001250351369E-17,0.,-1.));
#13501=DIRECTION('',(-1.,0.,6.24001250351369E-17));
#13502=DIRECTION('',(1.24800250070274E-16,0.,1.));
#13503=DIRECTION('',(1.,0.,-1.24800250070274E-16));
#13504=DIRECTION('',(-0.707106781186548,0.,0.707106781186548));
#13505=DIRECTION('',(-0.707106781186548,0.,-0.707106781186548));
#13506=DIRECTION('',(0.707106781186548,0.,0.707106781186548));
#13507=DIRECTION('',(-0.707106781186548,0.,0.707106781186548));
#13508=DIRECTION('',(1.,0.,0.));
#13509=DIRECTION('',(0.,-1.,0.));
#13510=DIRECTION('',(0.707106781186548,0.,-0.707106781186548));
#13511=DIRECTION('',(-0.707106781186548,0.,-0.707106781186548));
#13512=DIRECTION('',(-1.,0.,0.));
#13513=DIRECTION('',(0.,1.,0.));
#13514=DIRECTION('',(-0.707106781186548,0.,-0.707106781186548));
#13515=DIRECTION('',(0.707106781186548,0.,-0.707106781186548));
#13516=DIRECTION('',(-6.24001250351369E-17,0.,-1.));
#13517=DIRECTION('',(-1.,0.,6.24001250351369E-17));
#13518=DIRECTION('',(0.,0.,-1.));
#13519=DIRECTION('',(0.,1.,0.));
#13520=DIRECTION('',(-0.707106781186548,0.,-0.707106781186548));
#13521=DIRECTION('',(0.707106781186548,0.,-0.707106781186548));
#13522=DIRECTION('',(0.707106781186548,0.,-0.707106781186548));
#13523=DIRECTION('',(-0.707106781186548,0.,-0.707106781186548));
#13524=DIRECTION('',(1.,0.,0.));
#13525=DIRECTION('',(0.,-1.,0.));
#13526=DIRECTION('',(0.707106781186548,0.,0.707106781186547));
#13527=DIRECTION('',(-0.707106781186547,0.,0.707106781186548));
#13528=DIRECTION('',(-1.,0.,0.));
#13529=DIRECTION('',(0.,1.,0.));
#13530=DIRECTION('',(-0.707106781186547,0.,0.707106781186548));
#13531=DIRECTION('',(0.707106781186548,0.,0.707106781186547));
#13532=DIRECTION('',(3.74400750210821E-16,0.,1.));
#13533=DIRECTION('',(1.,0.,-3.74400750210821E-16));
#13534=DIRECTION('',(0.,1.,0.));
#13535=DIRECTION('',(1.,0.,0.));
#13536=DIRECTION('',(0.,1.,0.));
#13537=DIRECTION('',(1.,0.,0.));
#13538=DIRECTION('',(0.,1.,0.));
#13539=DIRECTION('',(1.,0.,0.));
#13540=DIRECTION('',(0.,1.,0.));
#13541=DIRECTION('',(1.,0.,0.));
#13542=DIRECTION('',(0.,1.,0.));
#13543=DIRECTION('',(1.,0.,0.));
#13544=DIRECTION('',(0.,1.,0.));
#13545=DIRECTION('',(1.,0.,0.));
#13546=DIRECTION('',(0.,1.,0.));
#13547=DIRECTION('',(1.,0.,0.));
#13548=DIRECTION('',(0.,1.,0.));
#13549=DIRECTION('',(1.,0.,0.));
#13550=DIRECTION('',(0.,1.,0.));
#13551=DIRECTION('',(1.,0.,0.));
#13552=DIRECTION('',(0.,1.,0.));
#13553=DIRECTION('',(1.,0.,0.));
#13554=DIRECTION('',(0.,1.,0.));
#13555=DIRECTION('',(1.,0.,0.));
#13556=DIRECTION('',(0.,1.,0.));
#13557=DIRECTION('',(1.,0.,0.));
#13558=DIRECTION('',(0.,1.,0.));
#13559=DIRECTION('',(1.,0.,0.));
#13560=DIRECTION('',(0.,1.,0.));
#13561=DIRECTION('',(1.,0.,0.));
#13562=DIRECTION('',(0.,1.,0.));
#13563=DIRECTION('',(1.,0.,0.));
#13564=DIRECTION('',(0.,1.,0.));
#13565=DIRECTION('',(1.,0.,0.));
#13566=DIRECTION('',(0.,1.,0.));
#13567=DIRECTION('',(1.,0.,0.));
#13568=DIRECTION('',(0.,1.,0.));
#13569=DIRECTION('',(1.,0.,0.));
#13570=DIRECTION('',(0.,1.,0.));
#13571=DIRECTION('',(1.,0.,0.));
#13572=DIRECTION('',(0.,1.,0.));
#13573=DIRECTION('',(1.,0.,0.));
#13574=DIRECTION('',(0.,1.,0.));
#13575=DIRECTION('',(1.,0.,0.));
#13576=DIRECTION('',(0.,1.,0.));
#13577=DIRECTION('',(1.,0.,0.));
#13578=DIRECTION('',(0.,1.,0.));
#13579=DIRECTION('',(1.,0.,0.));
#13580=DIRECTION('',(0.,1.,0.));
#13581=DIRECTION('',(1.,0.,0.));
#13582=DIRECTION('',(0.,1.,0.));
#13583=DIRECTION('',(1.,0.,0.));
#13584=DIRECTION('',(0.,1.,0.));
#13585=DIRECTION('',(1.,0.,0.));
#13586=DIRECTION('',(0.,1.,0.));
#13587=DIRECTION('',(1.,0.,0.));
#13588=DIRECTION('',(0.,1.,0.));
#13589=DIRECTION('',(1.,0.,0.));
#13590=DIRECTION('',(0.,1.,0.));
#13591=DIRECTION('',(1.,0.,0.));
#13592=DIRECTION('',(0.,1.,0.));
#13593=DIRECTION('',(1.,0.,0.));
#13594=DIRECTION('',(0.,1.,0.));
#13595=DIRECTION('',(1.,0.,0.));
#13596=DIRECTION('',(0.,1.,0.));
#13597=DIRECTION('',(1.,0.,0.));
#13598=DIRECTION('',(0.,1.,0.));
#13599=DIRECTION('',(1.,0.,0.));
#13600=DIRECTION('',(0.,1.,0.));
#13601=DIRECTION('',(1.,0.,0.));
#13602=DIRECTION('',(0.,1.,0.));
#13603=DIRECTION('',(1.,0.,0.));
#13604=DIRECTION('',(0.,1.,0.));
#13605=DIRECTION('',(1.,0.,0.));
#13606=DIRECTION('',(0.,1.,0.));
#13607=DIRECTION('',(1.,0.,0.));
#13608=DIRECTION('',(0.,1.,0.));
#13609=DIRECTION('',(1.,0.,0.));
#13610=DIRECTION('',(0.,1.,0.));
#13611=DIRECTION('',(1.,0.,0.));
#13612=DIRECTION('',(0.,1.,0.));
#13613=DIRECTION('',(1.,0.,0.));
#13614=DIRECTION('',(0.,1.,0.));
#13615=DIRECTION('',(1.,0.,0.));
#13616=DIRECTION('',(0.,1.,0.));
#13617=DIRECTION('',(1.,0.,0.));
#13618=DIRECTION('',(0.,1.,0.));
#13619=DIRECTION('',(1.,0.,0.));
#13620=DIRECTION('',(0.,1.,0.));
#13621=DIRECTION('',(1.,0.,0.));
#13622=DIRECTION('',(0.,1.,0.));
#13623=DIRECTION('',(1.,0.,0.));
#13624=DIRECTION('',(0.,1.,0.));
#13625=DIRECTION('',(1.,0.,0.));
#13626=DIRECTION('',(0.,1.,0.));
#13627=DIRECTION('',(1.,0.,0.));
#13628=DIRECTION('',(0.,1.,0.));
#13629=DIRECTION('',(1.,0.,0.));
#13630=DIRECTION('',(0.,1.,0.));
#13631=DIRECTION('',(1.,0.,0.));
#13632=DIRECTION('',(0.,1.,0.));
#13633=DIRECTION('',(1.,0.,0.));
#13634=DIRECTION('',(0.,1.,0.));
#13635=DIRECTION('',(1.,0.,0.));
#13636=DIRECTION('',(0.,1.,0.));
#13637=DIRECTION('',(1.,0.,0.));
#13638=DIRECTION('',(0.,1.,0.));
#13639=DIRECTION('',(1.,0.,0.));
#13640=DIRECTION('',(0.,1.,0.));
#13641=DIRECTION('',(1.,0.,0.));
#13642=DIRECTION('',(0.,1.,0.));
#13643=DIRECTION('',(1.,0.,0.));
#13644=DIRECTION('',(0.,0.,1.));
#13645=DIRECTION('',(0.,-1.,0.));
#13646=DIRECTION('',(0.,0.,1.));
#13647=DIRECTION('',(0.,-1.,0.));
#13648=DIRECTION('',(0.,0.,1.));
#13649=DIRECTION('',(0.,-1.,0.));
#13650=CARTESIAN_POINT('',(0.,0.,0.));
#13651=CARTESIAN_POINT('',(0.,-0.02545,0.15214999638695));
#13652=CARTESIAN_POINT('',(-0.06,-0.00745,0.15214999638695));
#13653=CARTESIAN_POINT('',(-0.06,-0.011075,0.15214999638695));
#13654=CARTESIAN_POINT('',(0.,-0.02245,0.15214999638695));
#13655=CARTESIAN_POINT('',(-0.233,-0.02245,0.15214999638695));
#13656=CARTESIAN_POINT('',(0.233,-0.02245,0.15214999638695));
#13657=CARTESIAN_POINT('',(-0.233,0.01455,0.15214999638695));
#13658=CARTESIAN_POINT('',(-0.233,0.01455,0.15214999638695));
#13659=CARTESIAN_POINT('',(0.,0.01455,0.15214999638695));
#13660=CARTESIAN_POINT('',(0.233,0.01455,0.15214999638695));
#13661=CARTESIAN_POINT('',(0.233,-0.02545,0.15214999638695));
#13662=CARTESIAN_POINT('',(0.242,-0.02545,0.0301499963869497));
#13663=CARTESIAN_POINT('',(0.242,-0.01545,-0.0328500036130502));
#13664=CARTESIAN_POINT('',(0.242,-0.01545,-0.0344500036130502));
#13665=CARTESIAN_POINT('',(0.242,0.00755,0.0251499963869498));
#13666=CARTESIAN_POINT('',(0.242,0.00755,0.0235499963869498));
#13667=CARTESIAN_POINT('',(0.242,-0.00395,0.0151499963869498));
#13668=CARTESIAN_POINT('',(0.242,-0.00395,0.00314999638694975));
#13669=CARTESIAN_POINT('',(0.242,-0.01545,0.00514999638694977));
#13670=CARTESIAN_POINT('',(0.242,-0.01545,0.00354999638694977));
#13671=CARTESIAN_POINT('',(0.242,0.00755,-0.0128500036130502));
#13672=CARTESIAN_POINT('',(0.242,0.00755,-0.0144500036130502));
#13673=CARTESIAN_POINT('',(0.242,-0.00395,-0.0228500036130502));
#13674=CARTESIAN_POINT('',(0.242,-0.00395,-0.0348500036130502));
#13675=CARTESIAN_POINT('',(0.242,0.01455,0.0301499963869497));
#13676=CARTESIAN_POINT('',(0.242,0.01455,0.14314999638695));
#13677=CARTESIAN_POINT('',(0.242,0.01455,-0.0828500036130503));
#13678=CARTESIAN_POINT('',(0.242,-0.02545,-0.0828500036130503));
#13679=CARTESIAN_POINT('',(0.242,-0.02245,-0.0828500036130503));
#13680=CARTESIAN_POINT('',(0.242,-0.02245,0.0301499963869497));
#13681=CARTESIAN_POINT('',(0.242,-0.02245,0.14314999638695));
#13682=CARTESIAN_POINT('',(0.242,0.01455,0.14314999638695));
#13683=CARTESIAN_POINT('',(0.,-0.02545,-0.0918500036130502));
#13684=CARTESIAN_POINT('',(0.,0.01455,-0.0918500036130502));
#13685=CARTESIAN_POINT('',(-0.223562803405208,0.01455,-0.0918500036130502));
#13686=CARTESIAN_POINT('',(-0.112687196594792,0.01455,-0.0918500036130502));
#13687=CARTESIAN_POINT('',(-0.223562803405208,0.01455,-0.0918500036130502));
#13688=CARTESIAN_POINT('',(-0.224389453068652,0.01455,-0.0918500036130502));
#13689=CARTESIAN_POINT('',(-0.225589355313751,0.0143044068359348,-0.0918500036130502));
#13690=CARTESIAN_POINT('',(-0.227130612625024,0.0137196207060875,-0.0918500036130502));
#13691=CARTESIAN_POINT('',(-0.228264300386909,0.0132407478206598,-0.0918500036130502));
#13692=CARTESIAN_POINT('',(-0.229443401221574,0.0128557786283529,-0.0918500036130502));
#13693=CARTESIAN_POINT('',(-0.230691321982954,0.012884320499213,-0.0918500036130502));
#13694=CARTESIAN_POINT('',(-0.231860155489672,0.0132922372688295,-0.0918500036130502));
#13695=CARTESIAN_POINT('',(-0.232617565823138,0.0136120850258862,-0.0918500036130502));
#13696=CARTESIAN_POINT('',(-0.233,0.0137634592290827,-0.0918500036130502));
#13697=CARTESIAN_POINT('',(-0.233,0.0137634592290827,-0.0918500036130502));
#13698=CARTESIAN_POINT('',(-0.233,-0.02245,-0.0918500036130502));
#13699=CARTESIAN_POINT('',(-0.233,-0.02245,-0.0918500036130502));
#13700=CARTESIAN_POINT('',(0.,-0.02245,-0.0918500036130502));
#13701=CARTESIAN_POINT('',(0.233,-0.02245,-0.0918500036130502));
#13702=CARTESIAN_POINT('',(0.233,-0.02545,-0.0918500036130502));
#13703=CARTESIAN_POINT('',(0.233,0.00805,-0.0918500036130502));
#13704=CARTESIAN_POINT('',(0.23,0.00805,-0.0918500036130502));
#13705=CARTESIAN_POINT('',(0.233,-0.02545,-0.0918500036130502));
#13706=CARTESIAN_POINT('',(0.233,0.01455,-0.0918500036130502));
#13707=CARTESIAN_POINT('',(0.,0.01455,-0.0918500036130502));
#13708=CARTESIAN_POINT('',(0.0552914985253125,0.01455,-0.0918500036130502));
#13709=CARTESIAN_POINT('',(0.0552914985253125,0.01455,-0.0918500036130502));
#13710=CARTESIAN_POINT('',(0.0535102864795664,0.01455,-0.0918500036130502));
#13711=CARTESIAN_POINT('',(0.0500039634400681,0.0134782081933654,-0.0918500036130502));
#13712=CARTESIAN_POINT('',(0.0464932558476941,0.01455,-0.0918500036130502));
#13713=CARTESIAN_POINT('',(0.0447085014746876,0.01455,-0.0918500036130502));
#13714=CARTESIAN_POINT('',(0.0447085014746876,0.01455,-0.0918500036130502));
#13715=CARTESIAN_POINT('',(0.,0.01455,-0.0918500036130502));
#13716=CARTESIAN_POINT('',(-0.0447085014316791,0.01455,-0.0918500036130502));
#13717=CARTESIAN_POINT('',(-0.0447085014316791,0.01455,-0.0918500036130502));
#13718=CARTESIAN_POINT('',(-0.0464897135979283,0.01455,-0.0918500036130502));
#13719=CARTESIAN_POINT('',(-0.0499960368450457,0.0134782078225302,-0.0918500036130502));
#13720=CARTESIAN_POINT('',(-0.0535067446857137,0.01455,-0.0918500036130502));
#13721=CARTESIAN_POINT('',(-0.055291499210641,0.01455,-0.0918500036130502));
#13722=CARTESIAN_POINT('',(-0.055291499210641,0.01455,-0.0918500036130502));
#13723=CARTESIAN_POINT('',(0.,0.01455,-0.0918500036130502));
#13724=CARTESIAN_POINT('',(-0.0998128034052082,0.01455,-0.0918500036130502));
#13725=CARTESIAN_POINT('',(-0.0998128034052082,0.01455,-0.0918500036130502));
#13726=CARTESIAN_POINT('',(-0.100933939264842,0.01455,-0.0918500036130502));
#13727=CARTESIAN_POINT('',(-0.102548704081142,0.0140925373026395,-0.0918500036130502));
#13728=CARTESIAN_POINT('',(-0.104582378111411,0.0131906937178066,-0.0918500036130502));
#13729=CARTESIAN_POINT('',(-0.106221432033531,0.012732997601843,-0.0918500036130502));
#13730=CARTESIAN_POINT('',(-0.107870336047033,0.0131690226382037,-0.0918500036130502));
#13731=CARTESIAN_POINT('',(-0.109920051929784,0.0140796636329099,-0.0918500036130502));
#13732=CARTESIAN_POINT('',(-0.111529512966748,0.01455,-0.0918500036130502));
#13733=CARTESIAN_POINT('',(-0.112687196594792,0.01455,-0.0918500036130502));
#13734=CARTESIAN_POINT('',(0.136,-0.00395,-0.0918500036130502));
#13735=CARTESIAN_POINT('',(0.1305,-0.00395,-0.0918500036130502));
#13736=CARTESIAN_POINT('',(0.157,-0.00395,-0.0918500036130502));
#13737=CARTESIAN_POINT('',(0.1515,-0.00395,-0.0918500036130502));
#13738=CARTESIAN_POINT('',(0.1845,-0.00395,-0.0918500036130502));
#13739=CARTESIAN_POINT('',(0.175595845892501,-0.0119946279982294,-0.0918500036130502));
#13740=CARTESIAN_POINT('',(0.190286881111284,0.00656246912023377,-0.0918500036130502));
#13741=CARTESIAN_POINT('',(0.194,0.00805,-0.0918500036130502));
#13742=CARTESIAN_POINT('',(0.1934041541075,0.00409462799822945,-0.0918500036130502));
#13743=CARTESIAN_POINT('',(0.1845,-0.00395,-0.0918500036130502));
#13744=CARTESIAN_POINT('',(0.178713118888716,-0.0144624691202338,-0.0918500036130502));
#13745=CARTESIAN_POINT('',(0.175,-0.01595,-0.0918500036130502));
#13746=CARTESIAN_POINT('',(0.2205,-0.00394999999999987,-0.0918500036130502));
#13747=CARTESIAN_POINT('',(0.2115958458925,-0.0119946279982295,-0.0918500036130502));
#13748=CARTESIAN_POINT('',(0.214713118888716,-0.0144624691202337,-0.0918500036130502));
#13749=CARTESIAN_POINT('',(0.211,-0.01595,-0.0918500036130502));
#13750=CARTESIAN_POINT('',(0.1169,-0.00395,-0.0918500036130502));
#13751=CARTESIAN_POINT('',(0.113275,-0.00395,-0.0918500036130502));
#13752=CARTESIAN_POINT('',(-0.2015,-0.00394999999999995,-0.0918500036130502));
#13753=CARTESIAN_POINT('',(-0.2015,-0.00145,-0.0918500036130502));
#13754=CARTESIAN_POINT('',(-0.2015,-0.00644999999999993,-0.0918500036130502));
#13755=CARTESIAN_POINT('',(-0.20675,-0.00645,-0.0918500036130502));
#13756=CARTESIAN_POINT('',(-0.2085,-0.00645,-0.0918500036130502));
#13757=CARTESIAN_POINT('',(-0.2085,-0.00394999999999995,-0.0918500036130502));
#13758=CARTESIAN_POINT('',(-0.2085,-0.00145,-0.0918500036130502));
#13759=CARTESIAN_POINT('',(-0.205,-0.00145,-0.0918500036130502));
#13760=CARTESIAN_POINT('',(-0.242,-0.02545,0.0301499963869497));
#13761=CARTESIAN_POINT('',(-0.242,-0.02245,0.0301499963869497));
#13762=CARTESIAN_POINT('',(-0.242,-0.02245,0.14314999638695));
#13763=CARTESIAN_POINT('',(-0.242,-0.02245,-0.0828500036130502));
#13764=CARTESIAN_POINT('',(-0.242,-0.02545,-0.0828500036130502));
#13765=CARTESIAN_POINT('',(-0.242,0.01455,-0.0828500036130502));
#13766=CARTESIAN_POINT('',(-0.242,0.01455,0.0301499963869497));
#13767=CARTESIAN_POINT('',(-0.242,0.01455,0.14314999638695));
#13768=CARTESIAN_POINT('',(-0.242,-0.02245,0.14314999638695));
#13769=CARTESIAN_POINT('',(0.,-0.02545,0.0301499963869497));
#13770=CARTESIAN_POINT('',(0.243875,-0.02545,0.0301499963869498));
#13771=CARTESIAN_POINT('',(0.243875,-0.02545,-0.0908500036130502));
#13772=CARTESIAN_POINT('',(0.243875,-0.02545,0.15114999638695));
#13773=CARTESIAN_POINT('',(0.241,-0.02545,0.15114999638695));
#13774=CARTESIAN_POINT('',(0.241,-0.02545,0.15402499638695));
#13775=CARTESIAN_POINT('',(-0.241,-0.02545,0.15402499638695));
#13776=CARTESIAN_POINT('',(-0.241,-0.02545,0.15402499638695));
#13777=CARTESIAN_POINT('',(-0.241,-0.02545,0.15114999638695));
#13778=CARTESIAN_POINT('',(-0.243875,-0.02545,0.15114999638695));
#13779=CARTESIAN_POINT('',(-0.243875,-0.02545,-0.0908500036130503));
#13780=CARTESIAN_POINT('',(-0.243875,-0.02545,-0.0908500036130502));
#13781=CARTESIAN_POINT('',(-0.241,-0.02545,-0.0908500036130502));
#13782=CARTESIAN_POINT('',(-0.241,-0.02545,-0.0937250036130503));
#13783=CARTESIAN_POINT('',(7.0167794477266E-18,-0.02545,-0.0937250036130502));
#13784=CARTESIAN_POINT('',(0.241,-0.02545,-0.0937250036130502));
#13785=CARTESIAN_POINT('',(0.241,-0.02545,-0.0908500036130502));
#13786=CARTESIAN_POINT('',(-0.243,-0.02545,0.0301499963869497));
#13787=CARTESIAN_POINT('',(-0.243,-0.02545,0.15314999638695));
#13788=CARTESIAN_POINT('',(-0.243,-0.02545,-0.0928500036130503));
#13789=CARTESIAN_POINT('',(0.,-0.02545,0.15314999638695));
#13790=CARTESIAN_POINT('',(0.243,-0.02545,0.15314999638695));
#13791=CARTESIAN_POINT('',(0.243,-0.02545,0.0301499963869497));
#13792=CARTESIAN_POINT('',(0.243,-0.02545,-0.0928500036130503));
#13793=CARTESIAN_POINT('',(0.,-0.02545,-0.0928500036130503));
#13794=CARTESIAN_POINT('',(0.,0.01455,0.0301499963869497));
#13795=CARTESIAN_POINT('',(0.21125,0.01455,0.081));
#13796=CARTESIAN_POINT('',(0.21925,0.01455,0.081));
#13797=CARTESIAN_POINT('',(0.191,0.01455,0.0301499963869498));
#13798=CARTESIAN_POINT('',(0.199,0.01455,0.0301499963869498));
#13799=CARTESIAN_POINT('',(0.166,0.01455,-0.0548500036130502));
#13800=CARTESIAN_POINT('',(0.174,0.01455,-0.0548500036130502));
#13801=CARTESIAN_POINT('',(0.09675,0.01455,-0.07));
#13802=CARTESIAN_POINT('',(0.10475,0.01455,-0.07));
#13803=CARTESIAN_POINT('',(0.059,0.01455,-0.07));
#13804=CARTESIAN_POINT('',(0.067,0.01455,-0.07));
#13805=CARTESIAN_POINT('',(0.059,0.01455,-0.04975));
#13806=CARTESIAN_POINT('',(0.067,0.01455,-0.04975));
#13807=CARTESIAN_POINT('',(0.09675,0.01455,-0.04975));
#13808=CARTESIAN_POINT('',(0.10475,0.01455,-0.04975));
#13809=CARTESIAN_POINT('',(0.076,0.01455,-0.0198500036130502));
#13810=CARTESIAN_POINT('',(0.084,0.01455,-0.0198500036130502));
#13811=CARTESIAN_POINT('',(0.111,0.01455,-0.0148500036130501));
#13812=CARTESIAN_POINT('',(0.119,0.01455,-0.0148500036130501));
#13813=CARTESIAN_POINT('',(0.111,0.01455,0.0301499963869498));
#13814=CARTESIAN_POINT('',(0.119,0.01455,0.0301499963869498));
#13815=CARTESIAN_POINT('',(0.06925,0.01455,0.0129));
#13816=CARTESIAN_POINT('',(0.07725,0.01455,0.0129));
#13817=CARTESIAN_POINT('',(0.05,0.01455,0.02915));
#13818=CARTESIAN_POINT('',(0.058,0.01455,0.02915));
#13819=CARTESIAN_POINT('',(0.06725,0.01455,0.081));
#13820=CARTESIAN_POINT('',(0.07525,0.01455,0.081));
#13821=CARTESIAN_POINT('',(-0.0430925,0.01455,0.1413));
#13822=CARTESIAN_POINT('',(-0.0350925,0.01455,0.1413));
#13823=CARTESIAN_POINT('',(-0.09675,0.01455,-0.07));
#13824=CARTESIAN_POINT('',(-0.08875,0.01455,-0.07));
#13825=CARTESIAN_POINT('',(-0.059,0.01455,-0.07));
#13826=CARTESIAN_POINT('',(-0.051,0.01455,-0.07));
#13827=CARTESIAN_POINT('',(-0.05,0.01455,0.02915));
#13828=CARTESIAN_POINT('',(-0.042,0.01455,0.02915));
#13829=CARTESIAN_POINT('',(-0.059,0.01455,-0.04975));
#13830=CARTESIAN_POINT('',(-0.051,0.01455,-0.04975));
#13831=CARTESIAN_POINT('',(-0.09675,0.01455,-0.04975));
#13832=CARTESIAN_POINT('',(-0.08875,0.01455,-0.04975));
#13833=CARTESIAN_POINT('',(-0.10625,0.01455,-0.0146000036130502));
#13834=CARTESIAN_POINT('',(-0.09825,0.01455,-0.0146000036130502));
#13835=CARTESIAN_POINT('',(-0.076,0.01455,-0.0198500036130502));
#13836=CARTESIAN_POINT('',(-0.068,0.01455,-0.0198500036130502));
#13837=CARTESIAN_POINT('',(-0.06975,0.01455,0.0124));
#13838=CARTESIAN_POINT('',(-0.06175,0.01455,0.0124));
#13839=CARTESIAN_POINT('',(-0.08875,0.01455,0.081));
#13840=CARTESIAN_POINT('',(-0.08075,0.01455,0.081));
#13841=CARTESIAN_POINT('',(-0.23,0.01455,-0.0146000036130502));
#13842=CARTESIAN_POINT('',(-0.222,0.01455,-0.0146000036130502));
#13843=CARTESIAN_POINT('',(-0.109,0.01455,0.0301499963869498));
#13844=CARTESIAN_POINT('',(-0.101,0.01455,0.0301499963869498));
#13845=CARTESIAN_POINT('',(-0.189,0.01455,0.0301499963869497));
#13846=CARTESIAN_POINT('',(-0.181,0.01455,0.0301499963869497));
#13847=CARTESIAN_POINT('',(-0.23275,0.01455,0.081));
#13848=CARTESIAN_POINT('',(-0.22475,0.01455,0.081));
#13849=CARTESIAN_POINT('',(-0.239,0.01455,-0.0888500036130502));
#13850=CARTESIAN_POINT('',(-0.237734344284948,0.01455,-0.0850555187190286));
#13851=CARTESIAN_POINT('',(-0.239,0.01455,-0.0848500036130502));
#13852=CARTESIAN_POINT('',(-0.23,0.01455,-0.0871000036130502));
#13853=CARTESIAN_POINT('',(-0.10625,0.01455,-0.0871000036130502));
#13854=CARTESIAN_POINT('',(-0.05000000032116,0.01455,-0.085850000321166));
#13855=CARTESIAN_POINT('',(0.05,0.01455,-0.08585));
#13856=CARTESIAN_POINT('',(0.233,0.01455,-0.0898500036130502));
#13857=CARTESIAN_POINT('',(0.235,0.01455,-0.0898500036130502));
#13858=CARTESIAN_POINT('',(0.235,0.01455,-0.0903500036130502));
#13859=CARTESIAN_POINT('',(0.235,0.01455,-0.0888500036130503));
#13860=CARTESIAN_POINT('',(0.239,0.01455,-0.0888500036130502));
#13861=CARTESIAN_POINT('',(0.239,0.01455,-0.0848500036130502));
#13862=CARTESIAN_POINT('',(0.2405,0.01455,-0.0848500036130503));
#13863=CARTESIAN_POINT('',(0.24,0.01455,-0.0848500036130503));
#13864=CARTESIAN_POINT('',(0.24,0.01455,-0.0828500036130503));
#13865=CARTESIAN_POINT('',(0.24,0.01455,0.14314999638695));
#13866=CARTESIAN_POINT('',(0.24,0.01455,0.14514999638695));
#13867=CARTESIAN_POINT('',(0.2405,0.01455,0.14514999638695));
#13868=CARTESIAN_POINT('',(0.239,0.01455,0.14514999638695));
#13869=CARTESIAN_POINT('',(0.239,0.01455,0.14914999638695));
#13870=CARTESIAN_POINT('',(0.235,0.01455,0.14914999638695));
#13871=CARTESIAN_POINT('',(0.235,0.01455,0.15064999638695));
#13872=CARTESIAN_POINT('',(0.235,0.01455,0.15014999638695));
#13873=CARTESIAN_POINT('',(0.233,0.01455,0.15014999638695));
#13874=CARTESIAN_POINT('',(-0.233,0.01455,0.15014999638695));
#13875=CARTESIAN_POINT('',(-0.235,0.01455,0.15014999638695));
#13876=CARTESIAN_POINT('',(-0.235,0.01455,0.15064999638695));
#13877=CARTESIAN_POINT('',(-0.235,0.01455,0.149177076266392));
#13878=CARTESIAN_POINT('',(-0.23275,0.01455,0.1415));
#13879=CARTESIAN_POINT('',(-0.225104623733367,0.01455,0.143855466353314));
#13880=CARTESIAN_POINT('',(-0.227,0.01455,0.1315));
#13881=CARTESIAN_POINT('',(-0.238631754848127,0.01455,0.136077365962327));
#13882=CARTESIAN_POINT('',(-0.23275,0.01455,0.1415));
#13883=CARTESIAN_POINT('',(-0.239868814955824,0.01455,0.14514999638695));
#13884=CARTESIAN_POINT('',(-0.2405,0.01455,0.14514999638695));
#13885=CARTESIAN_POINT('',(-0.24,0.01455,0.14514999638695));
#13886=CARTESIAN_POINT('',(-0.24,0.01455,0.14314999638695));
#13887=CARTESIAN_POINT('',(-0.24,0.01455,-0.0828500036130502));
#13888=CARTESIAN_POINT('',(-0.24,0.01455,-0.0848500036130502));
#13889=CARTESIAN_POINT('',(-0.2405,0.01455,-0.0848500036130502));
#13890=CARTESIAN_POINT('',(0.138,0.01455,0.012));
#13891=CARTESIAN_POINT('',(0.141122498999199,0.01455,0.0145));
#13892=CARTESIAN_POINT('',(0.1355,0.01455,0.00887750100080076));
#13893=CARTESIAN_POINT('',(0.15,0.01455,0.0145));
#13894=CARTESIAN_POINT('',(0.158877501000801,0.01455,0.0145));
#13895=CARTESIAN_POINT('',(0.162,0.01455,0.012));
#13896=CARTESIAN_POINT('',(0.1645,0.01455,0.00887750100080085));
#13897=CARTESIAN_POINT('',(0.1645,0.01455,-1.21430643318376E-17));
#13898=CARTESIAN_POINT('',(0.1645,0.01455,-0.00887750100080083));
#13899=CARTESIAN_POINT('',(0.162,0.01455,-0.012));
#13900=CARTESIAN_POINT('',(0.158877501000801,0.01455,-0.0145));
#13901=CARTESIAN_POINT('',(0.15,0.01455,-0.0145));
#13902=CARTESIAN_POINT('',(0.141122498999199,0.01455,-0.0145));
#13903=CARTESIAN_POINT('',(0.138,0.01455,-0.012));
#13904=CARTESIAN_POINT('',(0.1355,0.01455,-0.00887750100080074));
#13905=CARTESIAN_POINT('',(0.1355,0.01455,-8.67361737988404E-18));
#13906=CARTESIAN_POINT('',(-0.03975,0.01455,0.062));
#13907=CARTESIAN_POINT('',(-0.033,0.01455,0.062));
#13908=CARTESIAN_POINT('',(-0.042,0.01455,0.062));
#13909=CARTESIAN_POINT('',(-0.042,0.01455,0.0665));
#13910=CARTESIAN_POINT('',(-0.042,0.01455,0.068));
#13911=CARTESIAN_POINT('',(-0.0375,0.01455,0.068));
#13912=CARTESIAN_POINT('',(-0.033,0.01455,0.068));
#13913=CARTESIAN_POINT('',(-0.033,0.01455,0.065));
#13914=CARTESIAN_POINT('',(-0.0375,0.01455,0.046));
#13915=CARTESIAN_POINT('',(-0.0325,0.01455,0.046));
#13916=CARTESIAN_POINT('',(-0.0375,0.01455,-0.066));
#13917=CARTESIAN_POINT('',(-0.0325,0.01455,-0.066));
#13918=CARTESIAN_POINT('',(-0.084,0.01455,-0.061));
#13919=CARTESIAN_POINT('',(-0.084,0.01455,-0.058));
#13920=CARTESIAN_POINT('',(-0.084,0.01455,-0.062));
#13921=CARTESIAN_POINT('',(-0.0885,0.01455,-0.062));
#13922=CARTESIAN_POINT('',(-0.093,0.01455,-0.062));
#13923=CARTESIAN_POINT('',(-0.093,0.01455,-0.06));
#13924=CARTESIAN_POINT('',(-0.093,0.01455,-0.058));
#13925=CARTESIAN_POINT('',(-0.0885,0.01455,-0.058));
#13926=CARTESIAN_POINT('',(-0.07,0.01455,-0.06));
#13927=CARTESIAN_POINT('',(-0.065,0.01455,-0.06));
#13928=CARTESIAN_POINT('',(-0.1795,0.01455,0.09625));
#13929=CARTESIAN_POINT('',(-0.1795,0.01455,0.115));
#13930=CARTESIAN_POINT('',(-0.1795,0.01455,0.09));
#13931=CARTESIAN_POINT('',(-0.192,0.01455,0.09));
#13932=CARTESIAN_POINT('',(-0.2045,0.01455,0.09));
#13933=CARTESIAN_POINT('',(-0.2045,0.01455,0.1025));
#13934=CARTESIAN_POINT('',(-0.2045,0.01455,0.115));
#13935=CARTESIAN_POINT('',(-0.192,0.01455,0.115));
#13936=CARTESIAN_POINT('',(-0.1515,0.01455,0.09625));
#13937=CARTESIAN_POINT('',(-0.1515,0.01455,0.115));
#13938=CARTESIAN_POINT('',(-0.1515,0.01455,0.09));
#13939=CARTESIAN_POINT('',(-0.164,0.01455,0.09));
#13940=CARTESIAN_POINT('',(-0.1765,0.01455,0.09));
#13941=CARTESIAN_POINT('',(-0.1765,0.01455,0.10875));
#13942=CARTESIAN_POINT('',(-0.1765,0.01455,0.115));
#13943=CARTESIAN_POINT('',(-0.164,0.01455,0.115));
#13944=CARTESIAN_POINT('',(-0.065,0.01455,0.035));
#13945=CARTESIAN_POINT('',(-0.06,0.01455,0.035));
#13946=CARTESIAN_POINT('',(-0.065,0.01455,0.065));
#13947=CARTESIAN_POINT('',(-0.06,0.01455,0.065));
#13948=CARTESIAN_POINT('',(0.073,0.01455,0.1015));
#13949=CARTESIAN_POINT('',(0.0855,0.01455,0.1015));
#13950=CARTESIAN_POINT('',(0.073,0.01455,0.1315));
#13951=CARTESIAN_POINT('',(0.0748953762666334,0.01455,0.143855466353314));
#13952=CARTESIAN_POINT('',(0.0613682451518727,0.01455,0.136077365962327));
#13953=CARTESIAN_POINT('',(0.06725,0.01455,0.1415));
#13954=CARTESIAN_POINT('',(-0.0139,0.01455,0.13765));
#13955=CARTESIAN_POINT('',(0.0278,0.01455,0.13765));
#13956=CARTESIAN_POINT('',(-0.0278,0.01455,0.13765));
#13957=CARTESIAN_POINT('',(-0.0278,0.01455,0.1404));
#13958=CARTESIAN_POINT('',(-0.0278,0.01455,0.14315));
#13959=CARTESIAN_POINT('',(3.46944695195361E-17,0.01455,0.14315));
#13960=CARTESIAN_POINT('',(0.0278,0.01455,0.14315));
#13961=CARTESIAN_POINT('',(0.0278,0.01455,0.1404));
#13962=CARTESIAN_POINT('',(-0.076,0.01455,0.1408));
#13963=CARTESIAN_POINT('',(-0.07875,0.01455,0.1408));
#13964=CARTESIAN_POINT('',(-0.07325,0.01455,0.1408));
#13965=CARTESIAN_POINT('',(-0.07325,0.01455,0.113));
#13966=CARTESIAN_POINT('',(-0.07325,0.01455,0.0852));
#13967=CARTESIAN_POINT('',(-0.076,0.01455,0.0852));
#13968=CARTESIAN_POINT('',(-0.07875,0.01455,0.0852));
#13969=CARTESIAN_POINT('',(-0.07875,0.01455,0.113));
#13970=CARTESIAN_POINT('',(-0.227,0.01455,0.1015));
#13971=CARTESIAN_POINT('',(-0.2145,0.01455,0.1015));
#13972=CARTESIAN_POINT('',(-0.04025,0.01455,0.0999));
#13973=CARTESIAN_POINT('',(-0.04025,0.01455,0.0721));
#13974=CARTESIAN_POINT('',(-0.04025,0.01455,0.1277));
#13975=CARTESIAN_POINT('',(-0.0375,0.01455,0.1277));
#13976=CARTESIAN_POINT('',(-0.03475,0.01455,0.1277));
#13977=CARTESIAN_POINT('',(-0.03475,0.01455,0.0999));
#13978=CARTESIAN_POINT('',(-0.03475,0.01455,0.0721));
#13979=CARTESIAN_POINT('',(-0.0375,0.01455,0.0721));
#13980=CARTESIAN_POINT('',(0.224,0.01455,0.1408));
#13981=CARTESIAN_POINT('',(0.22125,0.01455,0.1408));
#13982=CARTESIAN_POINT('',(0.22675,0.01455,0.1408));
#13983=CARTESIAN_POINT('',(0.22675,0.01455,0.113));
#13984=CARTESIAN_POINT('',(0.22675,0.01455,0.0852));
#13985=CARTESIAN_POINT('',(0.224,0.01455,0.0852));
#13986=CARTESIAN_POINT('',(0.22125,0.01455,0.0852));
#13987=CARTESIAN_POINT('',(0.22125,0.01455,0.113));
#13988=CARTESIAN_POINT('',(-0.1515,0.01455,0.1305));
#13989=CARTESIAN_POINT('',(-0.1515,0.01455,0.143));
#13990=CARTESIAN_POINT('',(-0.1515,0.01455,0.118));
#13991=CARTESIAN_POINT('',(-0.164,0.01455,0.118));
#13992=CARTESIAN_POINT('',(-0.1765,0.01455,0.118));
#13993=CARTESIAN_POINT('',(-0.1765,0.01455,0.1305));
#13994=CARTESIAN_POINT('',(-0.1765,0.01455,0.143));
#13995=CARTESIAN_POINT('',(-0.164,0.01455,0.143));
#13996=CARTESIAN_POINT('',(-0.1235,0.01455,0.1025));
#13997=CARTESIAN_POINT('',(-0.1235,0.01455,0.115));
#13998=CARTESIAN_POINT('',(-0.1235,0.01455,0.09));
#13999=CARTESIAN_POINT('',(-0.136,0.01455,0.09));
#14000=CARTESIAN_POINT('',(-0.1485,0.01455,0.09));
#14001=CARTESIAN_POINT('',(-0.1485,0.01455,0.1025));
#14002=CARTESIAN_POINT('',(-0.1485,0.01455,0.115));
#14003=CARTESIAN_POINT('',(-0.136,0.01455,0.115));
#14004=CARTESIAN_POINT('',(-0.1235,0.01455,0.1305));
#14005=CARTESIAN_POINT('',(-0.1235,0.01455,0.143));
#14006=CARTESIAN_POINT('',(-0.1235,0.01455,0.118));
#14007=CARTESIAN_POINT('',(-0.136,0.01455,0.118));
#14008=CARTESIAN_POINT('',(-0.1485,0.01455,0.118));
#14009=CARTESIAN_POINT('',(-0.1485,0.01455,0.1305));
#14010=CARTESIAN_POINT('',(-0.1485,0.01455,0.143));
#14011=CARTESIAN_POINT('',(-0.136,0.01455,0.143));
#14012=CARTESIAN_POINT('',(-0.0955,0.01455,0.1025));
#14013=CARTESIAN_POINT('',(-0.0955,0.01455,0.115));
#14014=CARTESIAN_POINT('',(-0.0955,0.01455,0.09));
#14015=CARTESIAN_POINT('',(-0.108,0.01455,0.09));
#14016=CARTESIAN_POINT('',(-0.1205,0.01455,0.09));
#14017=CARTESIAN_POINT('',(-0.1205,0.01455,0.1025));
#14018=CARTESIAN_POINT('',(-0.1205,0.01455,0.115));
#14019=CARTESIAN_POINT('',(-0.108,0.01455,0.115));
#14020=CARTESIAN_POINT('',(0.1765,0.01455,0.1025));
#14021=CARTESIAN_POINT('',(0.1765,0.01455,0.115));
#14022=CARTESIAN_POINT('',(0.1765,0.01455,0.09));
#14023=CARTESIAN_POINT('',(0.164,0.01455,0.09));
#14024=CARTESIAN_POINT('',(0.1515,0.01455,0.09));
#14025=CARTESIAN_POINT('',(0.1515,0.01455,0.1025));
#14026=CARTESIAN_POINT('',(0.1515,0.01455,0.115));
#14027=CARTESIAN_POINT('',(0.164,0.01455,0.115));
#14028=CARTESIAN_POINT('',(0.1485,0.01455,0.1025));
#14029=CARTESIAN_POINT('',(0.1485,0.01455,0.115));
#14030=CARTESIAN_POINT('',(0.1485,0.01455,0.09));
#14031=CARTESIAN_POINT('',(0.136,0.01455,0.09));
#14032=CARTESIAN_POINT('',(0.1235,0.01455,0.09));
#14033=CARTESIAN_POINT('',(0.1235,0.01455,0.1025));
#14034=CARTESIAN_POINT('',(0.1235,0.01455,0.115));
#14035=CARTESIAN_POINT('',(0.136,0.01455,0.115));
#14036=CARTESIAN_POINT('',(-0.192,0.01455,0.118));
#14037=CARTESIAN_POINT('',(-0.1795,0.01455,0.118));
#14038=CARTESIAN_POINT('',(-0.2045,0.01455,0.118));
#14039=CARTESIAN_POINT('',(-0.2045,0.01455,0.1305));
#14040=CARTESIAN_POINT('',(-0.2045,0.01455,0.143));
#14041=CARTESIAN_POINT('',(-0.192,0.01455,0.143));
#14042=CARTESIAN_POINT('',(-0.1795,0.01455,0.143));
#14043=CARTESIAN_POINT('',(-0.1795,0.01455,0.1305));
#14044=CARTESIAN_POINT('',(0.084,0.01455,-0.06));
#14045=CARTESIAN_POINT('',(0.084,0.01455,-0.058));
#14046=CARTESIAN_POINT('',(0.084,0.01455,-0.062));
#14047=CARTESIAN_POINT('',(0.0885,0.01455,-0.058));
#14048=CARTESIAN_POINT('',(0.093,0.01455,-0.058));
#14049=CARTESIAN_POINT('',(0.093,0.01455,-0.06));
#14050=CARTESIAN_POINT('',(0.093,0.01455,-0.062));
#14051=CARTESIAN_POINT('',(0.0885,0.01455,-0.062));
#14052=CARTESIAN_POINT('',(-0.108,0.01455,0.143));
#14053=CARTESIAN_POINT('',(-0.0962459666924148,0.01455,0.143));
#14054=CARTESIAN_POINT('',(-0.1205,0.01455,0.143));
#14055=CARTESIAN_POINT('',(-0.0885,0.01455,0.141));
#14056=CARTESIAN_POINT('',(-0.0955,0.01455,0.137127016653793));
#14057=CARTESIAN_POINT('',(-0.0955,0.01455,0.1305));
#14058=CARTESIAN_POINT('',(-0.0955,0.01455,0.118));
#14059=CARTESIAN_POINT('',(-0.108,0.01455,0.118));
#14060=CARTESIAN_POINT('',(-0.1205,0.01455,0.118));
#14061=CARTESIAN_POINT('',(-0.1205,0.01455,0.1305));
#14062=CARTESIAN_POINT('',(-0.0125,0.01455,0.0721));
#14063=CARTESIAN_POINT('',(-0.01525,0.01455,0.0721));
#14064=CARTESIAN_POINT('',(-0.00975,0.01455,0.0721));
#14065=CARTESIAN_POINT('',(-0.01525,0.01455,0.0999));
#14066=CARTESIAN_POINT('',(-0.01525,0.01455,0.1277));
#14067=CARTESIAN_POINT('',(-0.0125,0.01455,0.1277));
#14068=CARTESIAN_POINT('',(-0.00975,0.01455,0.1277));
#14069=CARTESIAN_POINT('',(-0.00975,0.01455,0.0999));
#14070=CARTESIAN_POINT('',(0.065,0.01455,0.035));
#14071=CARTESIAN_POINT('',(0.07,0.01455,0.035));
#14072=CARTESIAN_POINT('',(0.07,0.01455,-0.06));
#14073=CARTESIAN_POINT('',(0.075,0.01455,-0.06));
#14074=CARTESIAN_POINT('',(0.108,0.01455,0.115));
#14075=CARTESIAN_POINT('',(0.0955,0.01455,0.115));
#14076=CARTESIAN_POINT('',(0.1205,0.01455,0.115));
#14077=CARTESIAN_POINT('',(0.1205,0.01455,0.1025));
#14078=CARTESIAN_POINT('',(0.1205,0.01455,0.09));
#14079=CARTESIAN_POINT('',(0.108,0.01455,0.09));
#14080=CARTESIAN_POINT('',(0.0955,0.01455,0.09));
#14081=CARTESIAN_POINT('',(0.0955,0.01455,0.1025));
#14082=CARTESIAN_POINT('',(0.065,0.01455,0.065));
#14083=CARTESIAN_POINT('',(0.07,0.01455,0.065));
#14084=CARTESIAN_POINT('',(0.0375,0.01455,0.046));
#14085=CARTESIAN_POINT('',(0.0425,0.01455,0.046));
#14086=CARTESIAN_POINT('',(0.0375,0.01455,0.018));
#14087=CARTESIAN_POINT('',(0.0425,0.01455,0.018));
#14088=CARTESIAN_POINT('',(0.0375,0.01455,-0.01));
#14089=CARTESIAN_POINT('',(0.0425,0.01455,-0.01));
#14090=CARTESIAN_POINT('',(0.0375,0.01455,-0.038));
#14091=CARTESIAN_POINT('',(0.0425,0.01455,-0.038));
#14092=CARTESIAN_POINT('',(0.0375,0.01455,-0.066));
#14093=CARTESIAN_POINT('',(0.0425,0.01455,-0.066));
#14094=CARTESIAN_POINT('',(0.0125,0.01455,0.046));
#14095=CARTESIAN_POINT('',(0.0175,0.01455,0.046));
#14096=CARTESIAN_POINT('',(0.0125,0.01455,0.018));
#14097=CARTESIAN_POINT('',(0.0175,0.01455,0.018));
#14098=CARTESIAN_POINT('',(0.0125,0.01455,-0.01));
#14099=CARTESIAN_POINT('',(0.0175,0.01455,-0.01));
#14100=CARTESIAN_POINT('',(0.0125,0.01455,-0.038));
#14101=CARTESIAN_POINT('',(0.0175,0.01455,-0.038));
#14102=CARTESIAN_POINT('',(0.0125,0.01455,-0.066));
#14103=CARTESIAN_POINT('',(0.0175,0.01455,-0.066));
#14104=CARTESIAN_POINT('',(-0.0125,0.01455,0.046));
#14105=CARTESIAN_POINT('',(-0.0075,0.01455,0.046));
#14106=CARTESIAN_POINT('',(-0.0125,0.01455,0.018));
#14107=CARTESIAN_POINT('',(-0.0075,0.01455,0.018));
#14108=CARTESIAN_POINT('',(-0.0125,0.01455,-0.01));
#14109=CARTESIAN_POINT('',(-0.0075,0.01455,-0.01));
#14110=CARTESIAN_POINT('',(-0.0125,0.01455,-0.038));
#14111=CARTESIAN_POINT('',(-0.0075,0.01455,-0.038));
#14112=CARTESIAN_POINT('',(-0.0125,0.01455,-0.066));
#14113=CARTESIAN_POINT('',(-0.0075,0.01455,-0.066));
#14114=CARTESIAN_POINT('',(-0.0375,0.01455,0.018));
#14115=CARTESIAN_POINT('',(-0.0325,0.01455,0.018));
#14116=CARTESIAN_POINT('',(-0.0375,0.01455,-0.01));
#14117=CARTESIAN_POINT('',(-0.0325,0.01455,-0.01));
#14118=CARTESIAN_POINT('',(-0.0375,0.01455,-0.038));
#14119=CARTESIAN_POINT('',(-0.0325,0.01455,-0.038));
#14120=CARTESIAN_POINT('',(0.192,0.01455,0.143));
#14121=CARTESIAN_POINT('',(0.1795,0.01455,0.143));
#14122=CARTESIAN_POINT('',(0.203754033307585,0.01455,0.143));
#14123=CARTESIAN_POINT('',(0.2115,0.01455,0.141));
#14124=CARTESIAN_POINT('',(0.2045,0.01455,0.137127016653792));
#14125=CARTESIAN_POINT('',(0.2045,0.01455,0.1305));
#14126=CARTESIAN_POINT('',(0.2045,0.01455,0.118));
#14127=CARTESIAN_POINT('',(0.192,0.01455,0.118));
#14128=CARTESIAN_POINT('',(0.1795,0.01455,0.118));
#14129=CARTESIAN_POINT('',(0.1795,0.01455,0.1305));
#14130=CARTESIAN_POINT('',(0.164,0.01455,0.143));
#14131=CARTESIAN_POINT('',(0.1515,0.01455,0.143));
#14132=CARTESIAN_POINT('',(0.1765,0.01455,0.143));
#14133=CARTESIAN_POINT('',(0.1765,0.01455,0.1305));
#14134=CARTESIAN_POINT('',(0.1765,0.01455,0.118));
#14135=CARTESIAN_POINT('',(0.164,0.01455,0.118));
#14136=CARTESIAN_POINT('',(0.1515,0.01455,0.118));
#14137=CARTESIAN_POINT('',(0.1515,0.01455,0.1305));
#14138=CARTESIAN_POINT('',(0.136,0.01455,0.143));
#14139=CARTESIAN_POINT('',(0.1235,0.01455,0.143));
#14140=CARTESIAN_POINT('',(0.1485,0.01455,0.143));
#14141=CARTESIAN_POINT('',(0.1485,0.01455,0.1305));
#14142=CARTESIAN_POINT('',(0.1485,0.01455,0.118));
#14143=CARTESIAN_POINT('',(0.136,0.01455,0.118));
#14144=CARTESIAN_POINT('',(0.1235,0.01455,0.118));
#14145=CARTESIAN_POINT('',(0.1235,0.01455,0.1305));
#14146=CARTESIAN_POINT('',(0.0955,0.01455,0.1305));
#14147=CARTESIAN_POINT('',(0.0955,0.01455,0.143));
#14148=CARTESIAN_POINT('',(0.0955,0.01455,0.118));
#14149=CARTESIAN_POINT('',(0.108,0.01455,0.143));
#14150=CARTESIAN_POINT('',(0.1205,0.01455,0.143));
#14151=CARTESIAN_POINT('',(0.1205,0.01455,0.1305));
#14152=CARTESIAN_POINT('',(0.1205,0.01455,0.118));
#14153=CARTESIAN_POINT('',(0.108,0.01455,0.118));
#14154=CARTESIAN_POINT('',(0.1795,0.01455,0.1025));
#14155=CARTESIAN_POINT('',(0.1795,0.01455,0.115));
#14156=CARTESIAN_POINT('',(0.1795,0.01455,0.09));
#14157=CARTESIAN_POINT('',(0.192,0.01455,0.115));
#14158=CARTESIAN_POINT('',(0.2045,0.01455,0.115));
#14159=CARTESIAN_POINT('',(0.2045,0.01455,0.1025));
#14160=CARTESIAN_POINT('',(0.2045,0.01455,0.09));
#14161=CARTESIAN_POINT('',(0.192,0.01455,0.09));
#14162=CARTESIAN_POINT('',(0.0375,0.01455,0.068));
#14163=CARTESIAN_POINT('',(0.042,0.01455,0.068));
#14164=CARTESIAN_POINT('',(0.033,0.01455,0.068));
#14165=CARTESIAN_POINT('',(0.042,0.01455,0.065));
#14166=CARTESIAN_POINT('',(0.042,0.01455,0.062));
#14167=CARTESIAN_POINT('',(0.0375,0.01455,0.062));
#14168=CARTESIAN_POINT('',(0.033,0.01455,0.062));
#14169=CARTESIAN_POINT('',(0.033,0.01455,0.065));
#14170=CARTESIAN_POINT('',(0.0125,0.01455,0.068));
#14171=CARTESIAN_POINT('',(0.017,0.01455,0.068));
#14172=CARTESIAN_POINT('',(0.008,0.01455,0.068));
#14173=CARTESIAN_POINT('',(0.017,0.01455,0.065));
#14174=CARTESIAN_POINT('',(0.017,0.01455,0.062));
#14175=CARTESIAN_POINT('',(0.0125,0.01455,0.062));
#14176=CARTESIAN_POINT('',(0.008,0.01455,0.062));
#14177=CARTESIAN_POINT('',(0.008,0.01455,0.065));
#14178=CARTESIAN_POINT('',(-0.0125,0.01455,0.068));
#14179=CARTESIAN_POINT('',(-0.008,0.01455,0.068));
#14180=CARTESIAN_POINT('',(-0.017,0.01455,0.068));
#14181=CARTESIAN_POINT('',(-0.008,0.01455,0.065));
#14182=CARTESIAN_POINT('',(-0.008,0.01455,0.062));
#14183=CARTESIAN_POINT('',(-0.0125,0.01455,0.062));
#14184=CARTESIAN_POINT('',(-0.017,0.01455,0.062));
#14185=CARTESIAN_POINT('',(-0.017,0.01455,0.065));
#14186=CARTESIAN_POINT('',(0.03475,0.01455,0.0999));
#14187=CARTESIAN_POINT('',(0.03475,0.01455,0.0721));
#14188=CARTESIAN_POINT('',(0.03475,0.01455,0.1277));
#14189=CARTESIAN_POINT('',(0.0375,0.01455,0.1277));
#14190=CARTESIAN_POINT('',(0.04025,0.01455,0.1277));
#14191=CARTESIAN_POINT('',(0.04025,0.01455,0.0999));
#14192=CARTESIAN_POINT('',(0.04025,0.01455,0.0721));
#14193=CARTESIAN_POINT('',(0.0375,0.01455,0.0721));
#14194=CARTESIAN_POINT('',(0.00975,0.01455,0.0999));
#14195=CARTESIAN_POINT('',(0.00975,0.01455,0.0721));
#14196=CARTESIAN_POINT('',(0.00975,0.01455,0.1277));
#14197=CARTESIAN_POINT('',(0.0125,0.01455,0.1277));
#14198=CARTESIAN_POINT('',(0.01525,0.01455,0.1277));
#14199=CARTESIAN_POINT('',(0.01525,0.01455,0.0999));
#14200=CARTESIAN_POINT('',(0.01525,0.01455,0.0721));
#14201=CARTESIAN_POINT('',(0.0125,0.01455,0.0721));
#14202=CARTESIAN_POINT('',(-0.1645,0.01455,-1.21430643318376E-17));
#14203=CARTESIAN_POINT('',(-0.1645,0.01455,0.00887750100080081));
#14204=CARTESIAN_POINT('',(-0.1645,0.01455,-0.00887750100080083));
#14205=CARTESIAN_POINT('',(-0.162,0.01455,0.012));
#14206=CARTESIAN_POINT('',(-0.158877501000801,0.01455,0.0145));
#14207=CARTESIAN_POINT('',(-0.14275,0.01455,0.0145));
#14208=CARTESIAN_POINT('',(-0.141122498999199,0.01455,0.0145));
#14209=CARTESIAN_POINT('',(-0.138,0.01455,0.012));
#14210=CARTESIAN_POINT('',(-0.1355,0.01455,0.00887750100080081));
#14211=CARTESIAN_POINT('',(-0.1355,0.01455,0.00725));
#14212=CARTESIAN_POINT('',(-0.1355,0.01455,-0.0088775010008008));
#14213=CARTESIAN_POINT('',(-0.138,0.01455,-0.012));
#14214=CARTESIAN_POINT('',(-0.141122498999199,0.01455,-0.0145));
#14215=CARTESIAN_POINT('',(-0.15,0.01455,-0.0145));
#14216=CARTESIAN_POINT('',(-0.158877501000801,0.01455,-0.0145));
#14217=CARTESIAN_POINT('',(-0.162,0.01455,-0.012));
#14218=CARTESIAN_POINT('',(0.,-0.02545,-0.0918500036130502));
#14219=CARTESIAN_POINT('',(0.23,0.00805,-0.0918500036130502));
#14220=CARTESIAN_POINT('',(0.228375,0.00805,-0.0918500036130502));
#14221=CARTESIAN_POINT('',(0.23,0.00805,-0.0918500036130502));
#14222=CARTESIAN_POINT('',(0.23,0.00555,-0.0918500036130502));
#14223=CARTESIAN_POINT('',(0.,-0.02545,-0.0918500036130502));
#14224=CARTESIAN_POINT('',(0.211,-0.01595,-0.0918500036130502));
#14225=CARTESIAN_POINT('',(0.209375,-0.01595,-0.0918500036130502));
#14226=CARTESIAN_POINT('',(0.211,-0.01595,-0.0918500036130502));
#14227=CARTESIAN_POINT('',(0.211,-0.01845,-0.0918500036130502));
#14228=CARTESIAN_POINT('',(0.,-0.02545,-0.0918500036130502));
#14229=CARTESIAN_POINT('',(0.194,0.00805,-0.0918500036130502));
#14230=CARTESIAN_POINT('',(0.192375,0.00805,-0.0918500036130502));
#14231=CARTESIAN_POINT('',(0.194,0.00805,-0.0918500036130502));
#14232=CARTESIAN_POINT('',(0.194,0.00555,-0.0918500036130502));
#14233=CARTESIAN_POINT('',(0.,-0.02545,-0.0918500036130502));
#14234=CARTESIAN_POINT('',(0.175,-0.01595,-0.0918500036130502));
#14235=CARTESIAN_POINT('',(0.173375,-0.01595,-0.0918500036130502));
#14236=CARTESIAN_POINT('',(0.175,-0.01595,-0.0918500036130502));
#14237=CARTESIAN_POINT('',(0.175,-0.01845,-0.0918500036130502));
#14238=CARTESIAN_POINT('',(2.77555756156289E-17,0.01455,-0.0948500036130502));
#14239=CARTESIAN_POINT('',(0.1169,-0.00395,-0.0948500036130502));
#14240=CARTESIAN_POINT('',(0.112275,-0.00395,-0.0948500036130502));
#14241=CARTESIAN_POINT('',(0.136,-0.00395,-0.0948500036130502));
#14242=CARTESIAN_POINT('',(0.1295,-0.00395,-0.0948500036130502));
#14243=CARTESIAN_POINT('',(0.157,-0.00395,-0.0948500036130502));
#14244=CARTESIAN_POINT('',(0.1505,-0.00395,-0.0948500036130502));
#14245=CARTESIAN_POINT('',(0.2205,-0.00394999999999987,-0.0948500036130502));
#14246=CARTESIAN_POINT('',(0.2075,-0.00394999999999987,-0.0948500036130502));
#14247=CARTESIAN_POINT('',(0.1845,-0.00395,-0.0948500036130502));
#14248=CARTESIAN_POINT('',(0.1715,-0.00395,-0.0948500036130502));
#14249=CARTESIAN_POINT('',(-0.2085,-0.00394999999999995,-0.0948500036130503));
#14250=CARTESIAN_POINT('',(-0.2085,0.00155000000000007,-0.0948500036130503));
#14251=CARTESIAN_POINT('',(-0.2085,-0.00945,-0.0948500036130503));
#14252=CARTESIAN_POINT('',(2.18079522694227E-17,-0.00945,-0.0948500036130502));
#14253=CARTESIAN_POINT('',(-0.2015,-0.00945,-0.0948500036130503));
#14254=CARTESIAN_POINT('',(-0.2015,-0.00394999999999995,-0.0948500036130503));
#14255=CARTESIAN_POINT('',(-0.2015,0.00155,-0.0948500036130503));
#14256=CARTESIAN_POINT('',(-0.2085,0.00155,-0.0948500036130503));
#14257=CARTESIAN_POINT('',(0.241,0.01455,-0.0948500036130502));
#14258=CARTESIAN_POINT('',(0.241,0.01355,-0.0948500036130502));
#14259=CARTESIAN_POINT('',(0.241,-0.024325,-0.0948500036130502));
#14260=CARTESIAN_POINT('',(2.77555756156289E-17,-0.024325,-0.0948500036130502));
#14261=CARTESIAN_POINT('',(-0.241,-0.024325,-0.0948500036130503));
#14262=CARTESIAN_POINT('',(-0.241,0.01755,-0.0948500036130503));
#14263=CARTESIAN_POINT('',(-0.241,0.01355,-0.0948500036130503));
#14264=CARTESIAN_POINT('',(2.77555756156289E-17,0.01355,-0.0948500036130502));
#14265=CARTESIAN_POINT('',(0.175,-0.01595,-0.0948500036130502));
#14266=CARTESIAN_POINT('',(0.173375,-0.01595,-0.0948500036130502));
#14267=CARTESIAN_POINT('',(0.194,0.00805,-0.0948500036130502));
#14268=CARTESIAN_POINT('',(0.192375,0.00805,-0.0948500036130502));
#14269=CARTESIAN_POINT('',(0.211,-0.01595,-0.0948500036130502));
#14270=CARTESIAN_POINT('',(0.209375,-0.01595,-0.0948500036130502));
#14271=CARTESIAN_POINT('',(0.23,0.00805,-0.0948500036130502));
#14272=CARTESIAN_POINT('',(0.228375,0.00805,-0.0948500036130502));
#14273=CARTESIAN_POINT('',(-0.23275,0.00755,0.081));
#14274=CARTESIAN_POINT('',(-0.23275,0.01055,0.081));
#14275=CARTESIAN_POINT('',(-0.22875,0.01055,0.081));
#14276=CARTESIAN_POINT('',(-0.23275,0.00155,0.081));
#14277=CARTESIAN_POINT('',(-0.22875,0.00155,0.081));
#14278=CARTESIAN_POINT('',(-0.23275,0.00755,0.081));
#14279=CARTESIAN_POINT('',(-0.23275,0.00755,0.081));
#14280=CARTESIAN_POINT('',(-0.23025,0.00755,0.081));
#14281=CARTESIAN_POINT('',(-0.23275,0.00155,0.081));
#14282=CARTESIAN_POINT('',(-0.23025,0.00155,0.081));
#14283=CARTESIAN_POINT('',(-0.153125,0.00155,0.111));
#14284=CARTESIAN_POINT('',(-0.010625,0.00755,0.11125));
#14285=CARTESIAN_POINT('',(-0.08875,0.00755,0.081));
#14286=CARTESIAN_POINT('',(-0.08875,0.01055,0.081));
#14287=CARTESIAN_POINT('',(-0.08475,0.01055,0.081));
#14288=CARTESIAN_POINT('',(-0.08875,0.00155,0.081));
#14289=CARTESIAN_POINT('',(-0.08475,0.00155,0.081));
#14290=CARTESIAN_POINT('',(-0.08875,0.00755,0.081));
#14291=CARTESIAN_POINT('',(-0.08875,0.00755,0.081));
#14292=CARTESIAN_POINT('',(-0.08625,0.00755,0.081));
#14293=CARTESIAN_POINT('',(-0.08875,0.00155,0.081));
#14294=CARTESIAN_POINT('',(-0.08625,0.00155,0.081));
#14295=CARTESIAN_POINT('',(-0.009125,0.00155,0.111));
#14296=CARTESIAN_POINT('',(-0.010625,0.00755,0.11125));
#14297=CARTESIAN_POINT('',(-0.23275,0.00755,0.1415));
#14298=CARTESIAN_POINT('',(-0.23275,0.00155,0.1415));
#14299=CARTESIAN_POINT('',(-0.22875,0.00155,0.1415));
#14300=CARTESIAN_POINT('',(-0.23275,0.01055,0.1415));
#14301=CARTESIAN_POINT('',(-0.229448204435571,0.01055,0.143757907449547));
#14302=CARTESIAN_POINT('',(-0.236362387391577,0.01055,0.139782252249843));
#14303=CARTESIAN_POINT('',(-0.23275,0.01055,0.1415));
#14304=CARTESIAN_POINT('',(-0.23275,0.00755,0.1415));
#14305=CARTESIAN_POINT('',(-0.23275,0.00755,0.1415));
#14306=CARTESIAN_POINT('',(-0.23025,0.00755,0.1415));
#14307=CARTESIAN_POINT('',(-0.23275,0.00155,0.1415));
#14308=CARTESIAN_POINT('',(-0.23025,0.00155,0.1415));
#14309=CARTESIAN_POINT('',(-0.153125,0.00155,0.1715));
#14310=CARTESIAN_POINT('',(-0.010625,0.00755,0.11125));
#14311=CARTESIAN_POINT('',(-0.227,0.01055,0.1315));
#14312=CARTESIAN_POINT('',(-0.227,0.01705,0.1315));
#14313=CARTESIAN_POINT('',(-0.2145,0.01705,0.1315));
#14314=CARTESIAN_POINT('',(-0.225104623733367,0.01455,0.143855466353314));
#14315=CARTESIAN_POINT('',(-0.225651108038643,0.01455,0.143939299156762));
#14316=CARTESIAN_POINT('',(-0.226739968568755,0.0143654438013657,0.144030940203148));
#14317=CARTESIAN_POINT('',(-0.228677668843332,0.0132514692781726,0.143939778730542));
#14318=CARTESIAN_POINT('',(-0.229448204435571,0.0116582283986494,0.143757907449547));
#14319=CARTESIAN_POINT('',(-0.229448204435571,0.01055,0.143757907449547));
#14320=CARTESIAN_POINT('',(-0.227,0.01055,0.1315));
#14321=CARTESIAN_POINT('',(-0.236362387391577,0.01055,0.139782252249843));
#14322=CARTESIAN_POINT('',(-0.236362387391577,0.0116571979994205,0.139782252249843));
#14323=CARTESIAN_POINT('',(-0.237098879146783,0.0137847978878468,0.139016338844433));
#14324=CARTESIAN_POINT('',(-0.238227092767053,0.01455,0.137105671359389));
#14325=CARTESIAN_POINT('',(-0.238631754848127,0.01455,0.136077365962327));
#14326=CARTESIAN_POINT('',(0.,0.01055,0.0301499963869497));
#14327=CARTESIAN_POINT('',(0.06725,0.00755,0.081));
#14328=CARTESIAN_POINT('',(0.06725,0.01055,0.081));
#14329=CARTESIAN_POINT('',(0.07125,0.01055,0.081));
#14330=CARTESIAN_POINT('',(0.06725,0.00155,0.081));
#14331=CARTESIAN_POINT('',(0.07125,0.00155,0.081));
#14332=CARTESIAN_POINT('',(0.06725,0.00755,0.081));
#14333=CARTESIAN_POINT('',(0.06725,0.00755,0.081));
#14334=CARTESIAN_POINT('',(0.06975,0.00755,0.081));
#14335=CARTESIAN_POINT('',(0.06725,0.00155,0.081));
#14336=CARTESIAN_POINT('',(0.06975,0.00155,0.081));
#14337=CARTESIAN_POINT('',(0.146875,0.00155,0.111));
#14338=CARTESIAN_POINT('',(-0.010625,0.00755,0.11125));
#14339=CARTESIAN_POINT('',(0.21125,0.00755,0.081));
#14340=CARTESIAN_POINT('',(0.21125,0.01055,0.081));
#14341=CARTESIAN_POINT('',(0.21525,0.01055,0.081));
#14342=CARTESIAN_POINT('',(0.21125,0.00155,0.081));
#14343=CARTESIAN_POINT('',(0.21525,0.00155,0.081));
#14344=CARTESIAN_POINT('',(0.21125,0.00755,0.081));
#14345=CARTESIAN_POINT('',(0.21125,0.00755,0.081));
#14346=CARTESIAN_POINT('',(0.21375,0.00755,0.081));
#14347=CARTESIAN_POINT('',(0.21125,0.00155,0.081));
#14348=CARTESIAN_POINT('',(0.21375,0.00155,0.081));
#14349=CARTESIAN_POINT('',(0.290875,0.00155,0.111));
#14350=CARTESIAN_POINT('',(-0.010625,0.00755,0.11125));
#14351=CARTESIAN_POINT('',(-0.05,0.00751,0.02915));
#14352=CARTESIAN_POINT('',(-0.05,0.01055,0.02915));
#14353=CARTESIAN_POINT('',(-0.046,0.01055,0.02915));
#14354=CARTESIAN_POINT('',(-0.05,0.00151,0.02915));
#14355=CARTESIAN_POINT('',(-0.046,0.00151,0.02915));
#14356=CARTESIAN_POINT('',(-0.05,0.00751,0.02915));
#14357=CARTESIAN_POINT('',(-0.05,0.00751,0.02915));
#14358=CARTESIAN_POINT('',(-0.0475,0.00751,0.02915));
#14359=CARTESIAN_POINT('',(-0.05,0.00151,0.02915));
#14360=CARTESIAN_POINT('',(-0.0475,0.00151,0.02915));
#14361=CARTESIAN_POINT('',(0.029625,0.00151,0.05915));
#14362=CARTESIAN_POINT('',(0.,0.00751,-0.028350000160583));
#14363=CARTESIAN_POINT('',(0.05,0.00751,0.02915));
#14364=CARTESIAN_POINT('',(0.05,0.01055,0.02915));
#14365=CARTESIAN_POINT('',(0.054,0.01055,0.02915));
#14366=CARTESIAN_POINT('',(0.05,0.00151,0.02915));
#14367=CARTESIAN_POINT('',(0.054,0.00151,0.02915));
#14368=CARTESIAN_POINT('',(0.05,0.00751,0.02915));
#14369=CARTESIAN_POINT('',(0.05,0.00751,0.02915));
#14370=CARTESIAN_POINT('',(0.0525,0.00751,0.02915));
#14371=CARTESIAN_POINT('',(0.05,0.00151,0.02915));
#14372=CARTESIAN_POINT('',(0.0525,0.00151,0.02915));
#14373=CARTESIAN_POINT('',(0.129625,0.00151,0.05915));
#14374=CARTESIAN_POINT('',(0.,0.00751,-0.028350000160583));
#14375=CARTESIAN_POINT('',(-0.05000000032116,0.00751,-0.085850000321166));
#14376=CARTESIAN_POINT('',(-0.05000000032116,0.01055,-0.085850000321166));
#14377=CARTESIAN_POINT('',(-0.04600000032116,0.01055,-0.085850000321166));
#14378=CARTESIAN_POINT('',(-0.05000000032116,0.00151,-0.085850000321166));
#14379=CARTESIAN_POINT('',(-0.04600000032116,0.00151,-0.085850000321166));
#14380=CARTESIAN_POINT('',(-0.05000000032116,0.00751,-0.085850000321166));
#14381=CARTESIAN_POINT('',(-0.05000000032116,0.00751,-0.085850000321166));
#14382=CARTESIAN_POINT('',(-0.04750000032116,0.00751,-0.085850000321166));
#14383=CARTESIAN_POINT('',(-0.05000000032116,0.00151,-0.085850000321166));
#14384=CARTESIAN_POINT('',(-0.04750000032116,0.00151,-0.085850000321166));
#14385=CARTESIAN_POINT('',(0.,0.00151,-0.02835));
#14386=CARTESIAN_POINT('',(0.,0.00751,-0.028350000160583));
#14387=CARTESIAN_POINT('',(0.05,0.00751,-0.08585));
#14388=CARTESIAN_POINT('',(0.05,0.01055,-0.08585));
#14389=CARTESIAN_POINT('',(0.054,0.01055,-0.08585));
#14390=CARTESIAN_POINT('',(0.05,0.00151,-0.08585));
#14391=CARTESIAN_POINT('',(0.054,0.00151,-0.08585));
#14392=CARTESIAN_POINT('',(0.05,0.00751,-0.08585));
#14393=CARTESIAN_POINT('',(0.05,0.00751,-0.08585));
#14394=CARTESIAN_POINT('',(0.0525,0.00751,-0.08585));
#14395=CARTESIAN_POINT('',(0.05,0.00151,-0.08585));
#14396=CARTESIAN_POINT('',(0.0525,0.00151,-0.08585));
#14397=CARTESIAN_POINT('',(0.,0.00151,-0.02835));
#14398=CARTESIAN_POINT('',(0.,0.00751,-0.028350000160583));
#14399=CARTESIAN_POINT('',(-0.09675,0.00751,-0.07));
#14400=CARTESIAN_POINT('',(-0.09675,0.01055,-0.07));
#14401=CARTESIAN_POINT('',(-0.09275,0.01055,-0.07));
#14402=CARTESIAN_POINT('',(-0.09675,0.00151,-0.07));
#14403=CARTESIAN_POINT('',(-0.09275,0.00151,-0.07));
#14404=CARTESIAN_POINT('',(-0.09675,0.00751,-0.07));
#14405=CARTESIAN_POINT('',(-0.09675,0.00751,-0.07));
#14406=CARTESIAN_POINT('',(-0.09425,0.00751,-0.07));
#14407=CARTESIAN_POINT('',(-0.09675,0.00151,-0.07));
#14408=CARTESIAN_POINT('',(-0.09425,0.00151,-0.07));
#14409=CARTESIAN_POINT('',(0.,0.00151,-0.02835));
#14410=CARTESIAN_POINT('',(0.,0.00751,-0.028350000160583));
#14411=CARTESIAN_POINT('',(-0.09675,0.00751,-0.04975));
#14412=CARTESIAN_POINT('',(-0.09675,0.01055,-0.04975));
#14413=CARTESIAN_POINT('',(-0.09275,0.01055,-0.04975));
#14414=CARTESIAN_POINT('',(-0.09675,0.00151,-0.04975));
#14415=CARTESIAN_POINT('',(-0.09275,0.00151,-0.04975));
#14416=CARTESIAN_POINT('',(-0.09675,0.00751,-0.04975));
#14417=CARTESIAN_POINT('',(-0.09675,0.00751,-0.04975));
#14418=CARTESIAN_POINT('',(-0.09425,0.00751,-0.04975));
#14419=CARTESIAN_POINT('',(-0.09675,0.00151,-0.04975));
#14420=CARTESIAN_POINT('',(-0.09425,0.00151,-0.04975));
#14421=CARTESIAN_POINT('',(0.,0.00151,-0.02835));
#14422=CARTESIAN_POINT('',(0.,0.00751,-0.028350000160583));
#14423=CARTESIAN_POINT('',(-0.059,0.00751,-0.07));
#14424=CARTESIAN_POINT('',(-0.059,0.01055,-0.07));
#14425=CARTESIAN_POINT('',(-0.055,0.01055,-0.07));
#14426=CARTESIAN_POINT('',(-0.059,0.00151,-0.07));
#14427=CARTESIAN_POINT('',(-0.055,0.00151,-0.07));
#14428=CARTESIAN_POINT('',(-0.059,0.00751,-0.07));
#14429=CARTESIAN_POINT('',(-0.059,0.00751,-0.07));
#14430=CARTESIAN_POINT('',(-0.0565,0.00751,-0.07));
#14431=CARTESIAN_POINT('',(-0.059,0.00151,-0.07));
#14432=CARTESIAN_POINT('',(-0.0565,0.00151,-0.07));
#14433=CARTESIAN_POINT('',(0.,0.00151,-0.02835));
#14434=CARTESIAN_POINT('',(0.,0.00751,-0.028350000160583));
#14435=CARTESIAN_POINT('',(-0.059,0.00751,-0.04975));
#14436=CARTESIAN_POINT('',(-0.059,0.01055,-0.04975));
#14437=CARTESIAN_POINT('',(-0.055,0.01055,-0.04975));
#14438=CARTESIAN_POINT('',(-0.059,0.00151,-0.04975));
#14439=CARTESIAN_POINT('',(-0.055,0.00151,-0.04975));
#14440=CARTESIAN_POINT('',(-0.059,0.00751,-0.04975));
#14441=CARTESIAN_POINT('',(-0.059,0.00751,-0.04975));
#14442=CARTESIAN_POINT('',(-0.0565,0.00751,-0.04975));
#14443=CARTESIAN_POINT('',(-0.059,0.00151,-0.04975));
#14444=CARTESIAN_POINT('',(-0.0565,0.00151,-0.04975));
#14445=CARTESIAN_POINT('',(0.,0.00151,-0.02835));
#14446=CARTESIAN_POINT('',(0.,0.00751,-0.028350000160583));
#14447=CARTESIAN_POINT('',(0.059,0.00751,-0.07));
#14448=CARTESIAN_POINT('',(0.059,0.01055,-0.07));
#14449=CARTESIAN_POINT('',(0.063,0.01055,-0.07));
#14450=CARTESIAN_POINT('',(0.059,0.00151,-0.07));
#14451=CARTESIAN_POINT('',(0.063,0.00151,-0.07));
#14452=CARTESIAN_POINT('',(0.059,0.00751,-0.07));
#14453=CARTESIAN_POINT('',(0.059,0.00751,-0.07));
#14454=CARTESIAN_POINT('',(0.0615,0.00751,-0.07));
#14455=CARTESIAN_POINT('',(0.059,0.00151,-0.07));
#14456=CARTESIAN_POINT('',(0.0615,0.00151,-0.07));
#14457=CARTESIAN_POINT('',(0.,0.00151,-0.02835));
#14458=CARTESIAN_POINT('',(0.,0.00751,-0.028350000160583));
#14459=CARTESIAN_POINT('',(0.09675,0.00751,-0.07));
#14460=CARTESIAN_POINT('',(0.09675,0.01055,-0.07));
#14461=CARTESIAN_POINT('',(0.10075,0.01055,-0.07));
#14462=CARTESIAN_POINT('',(0.09675,0.00151,-0.07));
#14463=CARTESIAN_POINT('',(0.10075,0.00151,-0.07));
#14464=CARTESIAN_POINT('',(0.09675,0.00751,-0.07));
#14465=CARTESIAN_POINT('',(0.09675,0.00751,-0.07));
#14466=CARTESIAN_POINT('',(0.09925,0.00751,-0.07));
#14467=CARTESIAN_POINT('',(0.09675,0.00151,-0.07));
#14468=CARTESIAN_POINT('',(0.09925,0.00151,-0.07));
#14469=CARTESIAN_POINT('',(0.,0.00151,-0.02835));
#14470=CARTESIAN_POINT('',(0.,0.00751,-0.028350000160583));
#14471=CARTESIAN_POINT('',(0.09675,0.00751,-0.04975));
#14472=CARTESIAN_POINT('',(0.09675,0.01055,-0.04975));
#14473=CARTESIAN_POINT('',(0.10075,0.01055,-0.04975));
#14474=CARTESIAN_POINT('',(0.09675,0.00151,-0.04975));
#14475=CARTESIAN_POINT('',(0.10075,0.00151,-0.04975));
#14476=CARTESIAN_POINT('',(0.09675,0.00751,-0.04975));
#14477=CARTESIAN_POINT('',(0.09675,0.00751,-0.04975));
#14478=CARTESIAN_POINT('',(0.09925,0.00751,-0.04975));
#14479=CARTESIAN_POINT('',(0.09675,0.00151,-0.04975));
#14480=CARTESIAN_POINT('',(0.09925,0.00151,-0.04975));
#14481=CARTESIAN_POINT('',(0.,0.00151,-0.02835));
#14482=CARTESIAN_POINT('',(0.,0.00751,-0.028350000160583));
#14483=CARTESIAN_POINT('',(0.059,0.00751,-0.04975));
#14484=CARTESIAN_POINT('',(0.059,0.01055,-0.04975));
#14485=CARTESIAN_POINT('',(0.063,0.01055,-0.04975));
#14486=CARTESIAN_POINT('',(0.059,0.00151,-0.04975));
#14487=CARTESIAN_POINT('',(0.063,0.00151,-0.04975));
#14488=CARTESIAN_POINT('',(0.059,0.00751,-0.04975));
#14489=CARTESIAN_POINT('',(0.059,0.00751,-0.04975));
#14490=CARTESIAN_POINT('',(0.0615,0.00751,-0.04975));
#14491=CARTESIAN_POINT('',(0.059,0.00151,-0.04975));
#14492=CARTESIAN_POINT('',(0.0615,0.00151,-0.04975));
#14493=CARTESIAN_POINT('',(0.,0.00151,-0.02835));
#14494=CARTESIAN_POINT('',(0.,0.00751,-0.028350000160583));
#14495=CARTESIAN_POINT('',(-0.0430925,0.006,0.1413));
#14496=CARTESIAN_POINT('',(-0.0430925,0.01055,0.1413));
#14497=CARTESIAN_POINT('',(-0.0390925,0.01055,0.1413));
#14498=CARTESIAN_POINT('',(-0.0430925,0.,0.1413));
#14499=CARTESIAN_POINT('',(-0.0390925,0.,0.1413));
#14500=CARTESIAN_POINT('',(-0.0430925,0.006,0.1413));
#14501=CARTESIAN_POINT('',(-0.0430925,0.006,0.1413));
#14502=CARTESIAN_POINT('',(-0.0405925,0.006,0.1413));
#14503=CARTESIAN_POINT('',(-0.0430925,0.,0.1413));
#14504=CARTESIAN_POINT('',(-0.0405925,0.,0.1413));
#14505=CARTESIAN_POINT('',(-0.07962375,0.,0.0276512481934749));
#14506=CARTESIAN_POINT('',(-0.080375,0.006,0.0270999981934749));
#14507=CARTESIAN_POINT('',(-0.06975,0.006,0.0124));
#14508=CARTESIAN_POINT('',(-0.06975,0.01055,0.0124));
#14509=CARTESIAN_POINT('',(-0.06575,0.01055,0.0124));
#14510=CARTESIAN_POINT('',(-0.06975,0.,0.0124));
#14511=CARTESIAN_POINT('',(-0.06575,0.,0.0124));
#14512=CARTESIAN_POINT('',(-0.06975,0.006,0.0124));
#14513=CARTESIAN_POINT('',(-0.06975,0.006,0.0124));
#14514=CARTESIAN_POINT('',(-0.06725,0.006,0.0124));
#14515=CARTESIAN_POINT('',(-0.06975,0.,0.0124));
#14516=CARTESIAN_POINT('',(-0.06725,0.,0.0124));
#14517=CARTESIAN_POINT('',(-0.07962375,0.,0.0276512481934749));
#14518=CARTESIAN_POINT('',(-0.080375,0.006,0.0270999981934749));
#14519=CARTESIAN_POINT('',(0.06925,0.006,0.0129));
#14520=CARTESIAN_POINT('',(0.06925,0.01055,0.0129));
#14521=CARTESIAN_POINT('',(0.07325,0.01055,0.0129));
#14522=CARTESIAN_POINT('',(0.06925,0.,0.0129));
#14523=CARTESIAN_POINT('',(0.07325,0.,0.0129));
#14524=CARTESIAN_POINT('',(0.06925,0.006,0.0129));
#14525=CARTESIAN_POINT('',(0.06925,0.006,0.0129));
#14526=CARTESIAN_POINT('',(0.07175,0.006,0.0129));
#14527=CARTESIAN_POINT('',(0.06925,0.,0.0129));
#14528=CARTESIAN_POINT('',(0.07175,0.,0.0129));
#14529=CARTESIAN_POINT('',(-0.07962375,0.,0.0276512481934749));
#14530=CARTESIAN_POINT('',(-0.080375,0.006,0.0270999981934749));
#14531=CARTESIAN_POINT('',(-0.10625,0.006,-0.0146000036130502));
#14532=CARTESIAN_POINT('',(-0.10625,0.01055,-0.0146000036130502));
#14533=CARTESIAN_POINT('',(-0.10225,0.01055,-0.0146000036130502));
#14534=CARTESIAN_POINT('',(-0.10625,0.,-0.0146000036130502));
#14535=CARTESIAN_POINT('',(-0.10225,0.,-0.0146000036130502));
#14536=CARTESIAN_POINT('',(-0.10625,0.006,-0.0146000036130502));
#14537=CARTESIAN_POINT('',(-0.10625,0.006,-0.0146000036130502));
#14538=CARTESIAN_POINT('',(-0.10375,0.006,-0.0146000036130502));
#14539=CARTESIAN_POINT('',(-0.10625,0.,-0.0146000036130502));
#14540=CARTESIAN_POINT('',(-0.10375,0.,-0.0146000036130502));
#14541=CARTESIAN_POINT('',(-0.07962375,0.,0.0276512481934749));
#14542=CARTESIAN_POINT('',(-0.080375,0.006,0.0270999981934749));
#14543=CARTESIAN_POINT('',(-0.10625,0.006,-0.0871000036130502));
#14544=CARTESIAN_POINT('',(-0.10625,0.01055,-0.0871000036130502));
#14545=CARTESIAN_POINT('',(-0.10225,0.01055,-0.0871000036130502));
#14546=CARTESIAN_POINT('',(-0.10625,0.,-0.0871000036130502));
#14547=CARTESIAN_POINT('',(-0.10225,0.,-0.0871000036130502));
#14548=CARTESIAN_POINT('',(-0.10625,0.006,-0.0871000036130502));
#14549=CARTESIAN_POINT('',(-0.10625,0.006,-0.0871000036130502));
#14550=CARTESIAN_POINT('',(-0.10375,0.006,-0.0871000036130502));
#14551=CARTESIAN_POINT('',(-0.10625,0.,-0.0871000036130502));
#14552=CARTESIAN_POINT('',(-0.10375,0.,-0.0871000036130502));
#14553=CARTESIAN_POINT('',(-0.07962375,0.,0.0276512481934749));
#14554=CARTESIAN_POINT('',(-0.080375,0.006,0.0270999981934749));
#14555=CARTESIAN_POINT('',(-0.23,0.006,-0.0146000036130502));
#14556=CARTESIAN_POINT('',(-0.23,0.01055,-0.0146000036130502));
#14557=CARTESIAN_POINT('',(-0.226,0.01055,-0.0146000036130502));
#14558=CARTESIAN_POINT('',(-0.23,0.,-0.0146000036130502));
#14559=CARTESIAN_POINT('',(-0.226,0.,-0.0146000036130502));
#14560=CARTESIAN_POINT('',(-0.23,0.006,-0.0146000036130502));
#14561=CARTESIAN_POINT('',(-0.23,0.006,-0.0146000036130502));
#14562=CARTESIAN_POINT('',(-0.2275,0.006,-0.0146000036130502));
#14563=CARTESIAN_POINT('',(-0.23,0.,-0.0146000036130502));
#14564=CARTESIAN_POINT('',(-0.2275,0.,-0.0146000036130502));
#14565=CARTESIAN_POINT('',(-0.07962375,0.,0.0276512481934749));
#14566=CARTESIAN_POINT('',(-0.080375,0.006,0.0270999981934749));
#14567=CARTESIAN_POINT('',(-0.23,0.006,-0.0871000036130502));
#14568=CARTESIAN_POINT('',(-0.23,0.01055,-0.0871000036130502));
#14569=CARTESIAN_POINT('',(-0.226,0.01055,-0.0871000036130502));
#14570=CARTESIAN_POINT('',(-0.23,0.,-0.0871000036130502));
#14571=CARTESIAN_POINT('',(-0.226,0.,-0.0871000036130502));
#14572=CARTESIAN_POINT('',(-0.23,0.006,-0.0871000036130502));
#14573=CARTESIAN_POINT('',(-0.23,0.006,-0.0871000036130502));
#14574=CARTESIAN_POINT('',(-0.2275,0.006,-0.0871000036130502));
#14575=CARTESIAN_POINT('',(-0.23,0.,-0.0871000036130502));
#14576=CARTESIAN_POINT('',(-0.2275,0.,-0.0871000036130502));
#14577=CARTESIAN_POINT('',(-0.07962375,0.,0.0276512481934749));
#14578=CARTESIAN_POINT('',(-0.080375,0.006,0.0270999981934749));
#14579=CARTESIAN_POINT('',(-0.0885,0.00755,0.141));
#14580=CARTESIAN_POINT('',(-0.0885,0.01055,0.141));
#14581=CARTESIAN_POINT('',(-0.0845,0.01055,0.141));
#14582=CARTESIAN_POINT('',(-0.0885,0.00155,0.141));
#14583=CARTESIAN_POINT('',(-0.0845,0.00155,0.141));
#14584=CARTESIAN_POINT('',(-0.0885,0.00755,0.141));
#14585=CARTESIAN_POINT('',(-0.0885,0.00755,0.141));
#14586=CARTESIAN_POINT('',(-0.086,0.00755,0.141));
#14587=CARTESIAN_POINT('',(-0.0885,0.00155,0.141));
#14588=CARTESIAN_POINT('',(-0.086,0.00155,0.141));
#14589=CARTESIAN_POINT('',(-0.008875,0.00155,0.171));
#14590=CARTESIAN_POINT('',(-0.010625,0.00755,0.11125));
#14591=CARTESIAN_POINT('',(0.06725,0.00755,0.1415));
#14592=CARTESIAN_POINT('',(0.06725,0.00155,0.1415));
#14593=CARTESIAN_POINT('',(0.07125,0.00155,0.1415));
#14594=CARTESIAN_POINT('',(0.06725,0.01055,0.1415));
#14595=CARTESIAN_POINT('',(0.0705517955644288,0.01055,0.143757907449547));
#14596=CARTESIAN_POINT('',(0.0636376126084221,0.01055,0.139782252249843));
#14597=CARTESIAN_POINT('',(0.06725,0.01055,0.1415));
#14598=CARTESIAN_POINT('',(0.06725,0.00755,0.1415));
#14599=CARTESIAN_POINT('',(0.06725,0.00755,0.1415));
#14600=CARTESIAN_POINT('',(0.06975,0.00755,0.1415));
#14601=CARTESIAN_POINT('',(0.06725,0.00155,0.1415));
#14602=CARTESIAN_POINT('',(0.06975,0.00155,0.1415));
#14603=CARTESIAN_POINT('',(0.146875,0.00155,0.1715));
#14604=CARTESIAN_POINT('',(-0.010625,0.00755,0.11125));
#14605=CARTESIAN_POINT('',(0.073,0.01055,0.1315));
#14606=CARTESIAN_POINT('',(0.073,0.01705,0.1315));
#14607=CARTESIAN_POINT('',(0.0855,0.01705,0.1315));
#14608=CARTESIAN_POINT('',(0.0748953762666334,0.01455,0.143855466353314));
#14609=CARTESIAN_POINT('',(0.074348891961357,0.01455,0.143939299156762));
#14610=CARTESIAN_POINT('',(0.0732600314312454,0.0143654438013657,0.144030940203149));
#14611=CARTESIAN_POINT('',(0.0713223311566676,0.0132514692781726,0.143939778730542));
#14612=CARTESIAN_POINT('',(0.0705517955644288,0.0116582283986494,0.143757907449547));
#14613=CARTESIAN_POINT('',(0.0705517955644288,0.01055,0.143757907449547));
#14614=CARTESIAN_POINT('',(0.073,0.01055,0.1315));
#14615=CARTESIAN_POINT('',(0.0636376126084222,0.01055,0.139782252249843));
#14616=CARTESIAN_POINT('',(0.0636376126084222,0.0116571979994204,0.139782252249843));
#14617=CARTESIAN_POINT('',(0.0629011208532166,0.013784797887847,0.139016338844433));
#14618=CARTESIAN_POINT('',(0.0617729072329471,0.01455,0.137105671359389));
#14619=CARTESIAN_POINT('',(0.0613682451518727,0.01455,0.136077365962327));
#14620=CARTESIAN_POINT('',(0.,0.01055,0.0301499963869497));
#14621=CARTESIAN_POINT('',(0.2115,0.00755,0.141));
#14622=CARTESIAN_POINT('',(0.2115,0.01055,0.141));
#14623=CARTESIAN_POINT('',(0.2155,0.01055,0.141));
#14624=CARTESIAN_POINT('',(0.2115,0.00155,0.141));
#14625=CARTESIAN_POINT('',(0.2155,0.00155,0.141));
#14626=CARTESIAN_POINT('',(0.2115,0.00755,0.141));
#14627=CARTESIAN_POINT('',(0.2115,0.00755,0.141));
#14628=CARTESIAN_POINT('',(0.214,0.00755,0.141));
#14629=CARTESIAN_POINT('',(0.2115,0.00155,0.141));
#14630=CARTESIAN_POINT('',(0.214,0.00155,0.141));
#14631=CARTESIAN_POINT('',(0.291125,0.00155,0.171));
#14632=CARTESIAN_POINT('',(-0.010625,0.00755,0.11125));
#14633=CARTESIAN_POINT('',(0.1355,0.01055,5.20417042793042E-18));
#14634=CARTESIAN_POINT('',(0.1355,0.01055,0.00887750100080081));
#14635=CARTESIAN_POINT('',(0.1355,0.00955,0.00887750100080081));
#14636=CARTESIAN_POINT('',(0.1355,0.01055,-0.00887750100080079));
#14637=CARTESIAN_POINT('',(0.1355,0.00955,-0.00887750100080079));
#14638=CARTESIAN_POINT('',(0.1355,0.00955,5.20417042793042E-18));
#14639=CARTESIAN_POINT('',(0.15,0.01055,0.0145));
#14640=CARTESIAN_POINT('',(0.141122498999199,0.01055,0.0145));
#14641=CARTESIAN_POINT('',(0.141122498999199,0.00955,0.0145));
#14642=CARTESIAN_POINT('',(0.15,0.00955,0.0145));
#14643=CARTESIAN_POINT('',(0.158877501000801,0.00955,0.0145));
#14644=CARTESIAN_POINT('',(0.158877501000801,0.01055,0.0145));
#14645=CARTESIAN_POINT('',(0.1645,0.01055,1.21430643318376E-17));
#14646=CARTESIAN_POINT('',(0.1645,0.01055,0.00887750100080081));
#14647=CARTESIAN_POINT('',(0.1645,0.00955,0.00887750100080081));
#14648=CARTESIAN_POINT('',(0.1645,0.00955,1.21430643318376E-17));
#14649=CARTESIAN_POINT('',(0.1645,0.00955,-0.00887750100080079));
#14650=CARTESIAN_POINT('',(0.1645,0.01055,-0.00887750100080079));
#14651=CARTESIAN_POINT('',(0.15,0.01055,-0.0145));
#14652=CARTESIAN_POINT('',(0.141122498999199,0.01055,-0.0145));
#14653=CARTESIAN_POINT('',(0.141122498999199,0.00955,-0.0145));
#14654=CARTESIAN_POINT('',(0.158877501000801,0.01055,-0.0145));
#14655=CARTESIAN_POINT('',(0.158877501000801,0.00955,-0.0145));
#14656=CARTESIAN_POINT('',(0.15,0.00955,-0.0145));
#14657=CARTESIAN_POINT('',(0.138,0.00955,0.012));
#14658=CARTESIAN_POINT('',(0.138,0.00755,0.012));
#14659=CARTESIAN_POINT('',(0.142,0.00755,0.012));
#14660=CARTESIAN_POINT('',(0.138,0.00955,0.012));
#14661=CARTESIAN_POINT('',(0.162,0.00955,0.012));
#14662=CARTESIAN_POINT('',(0.162,0.00755,0.012));
#14663=CARTESIAN_POINT('',(0.166,0.00755,0.012));
#14664=CARTESIAN_POINT('',(0.162,0.00955,0.012));
#14665=CARTESIAN_POINT('',(0.162,0.00955,-0.012));
#14666=CARTESIAN_POINT('',(0.162,0.00755,-0.012));
#14667=CARTESIAN_POINT('',(0.166,0.00755,-0.012));
#14668=CARTESIAN_POINT('',(0.162,0.00955,-0.012));
#14669=CARTESIAN_POINT('',(0.138,0.00955,-0.012));
#14670=CARTESIAN_POINT('',(0.138,0.00755,-0.012));
#14671=CARTESIAN_POINT('',(0.142,0.00755,-0.012));
#14672=CARTESIAN_POINT('',(0.138,0.00955,-0.012));
#14673=CARTESIAN_POINT('',(0.,0.01055,1.38777878078145E-17));
#14674=CARTESIAN_POINT('',(0.15,0.01055,8.03067781033167E-18));
#14675=CARTESIAN_POINT('',(0.1605,0.01055,8.03067781033167E-18));
#14676=CARTESIAN_POINT('',(0.15,0.01055,8.67361737988404E-18));
#14677=CARTESIAN_POINT('',(0.1611,0.01055,8.67361737988404E-18));
#14678=CARTESIAN_POINT('',(0.138,0.00955,0.012));
#14679=CARTESIAN_POINT('',(0.138,0.00755,0.012));
#14680=CARTESIAN_POINT('',(0.1405,0.00755,0.012));
#14681=CARTESIAN_POINT('',(0.138,0.01355,0.012));
#14682=CARTESIAN_POINT('',(0.1405,0.01355,0.012));
#14683=CARTESIAN_POINT('',(0.,0.00755,6.93889390390723E-18));
#14684=CARTESIAN_POINT('',(0.162,0.00955,0.012));
#14685=CARTESIAN_POINT('',(0.162,0.00755,0.012));
#14686=CARTESIAN_POINT('',(0.1645,0.00755,0.012));
#14687=CARTESIAN_POINT('',(0.162,0.01355,0.012));
#14688=CARTESIAN_POINT('',(0.1645,0.01355,0.012));
#14689=CARTESIAN_POINT('',(0.,0.00755,6.93889390390723E-18));
#14690=CARTESIAN_POINT('',(0.162,0.00955,-0.012));
#14691=CARTESIAN_POINT('',(0.162,0.00755,-0.012));
#14692=CARTESIAN_POINT('',(0.1645,0.00755,-0.012));
#14693=CARTESIAN_POINT('',(0.162,0.01355,-0.012));
#14694=CARTESIAN_POINT('',(0.1645,0.01355,-0.012));
#14695=CARTESIAN_POINT('',(0.,0.00755,6.93889390390723E-18));
#14696=CARTESIAN_POINT('',(0.138,0.00955,-0.012));
#14697=CARTESIAN_POINT('',(0.138,0.00755,-0.012));
#14698=CARTESIAN_POINT('',(0.1405,0.00755,-0.012));
#14699=CARTESIAN_POINT('',(0.138,0.01355,-0.012));
#14700=CARTESIAN_POINT('',(0.1405,0.01355,-0.012));
#14701=CARTESIAN_POINT('',(0.,0.00755,6.93889390390723E-18));
#14702=CARTESIAN_POINT('',(0.15,0.01055,8.03067781033167E-18));
#14703=CARTESIAN_POINT('',(0.15,0.00955,8.03067781033167E-18));
#14704=CARTESIAN_POINT('',(0.1605,0.00955,8.03067781033167E-18));
#14705=CARTESIAN_POINT('',(0.,0.00955,1.38777878078145E-17));
#14706=CARTESIAN_POINT('',(0.15,0.01355,8.67361737988404E-18));
#14707=CARTESIAN_POINT('',(0.15,0.01605,8.67361737988404E-18));
#14708=CARTESIAN_POINT('',(0.1611,0.01605,8.67361737988404E-18));
#14709=CARTESIAN_POINT('',(0.,0.01355,1.38777878078145E-17));
#14710=CARTESIAN_POINT('',(0.,0.01355,1.38777878078145E-17));
#14711=CARTESIAN_POINT('',(0.,0.01355,1.38777878078145E-17));
#14712=CARTESIAN_POINT('',(0.,0.01355,1.38777878078145E-17));
#14713=CARTESIAN_POINT('',(0.15,0.01605,8.67361737988404E-18));
#14714=CARTESIAN_POINT('',(0.15,0.01755,8.67361737988404E-18));
#14715=CARTESIAN_POINT('',(0.1626,0.01755,8.67361737988404E-18));
#14716=CARTESIAN_POINT('',(-0.1355,0.01055,5.20417042793042E-18));
#14717=CARTESIAN_POINT('',(-0.1355,0.01055,0.00887750100080081));
#14718=CARTESIAN_POINT('',(-0.1355,0.00955,0.00887750100080081));
#14719=CARTESIAN_POINT('',(-0.1355,0.00955,5.20417042793042E-18));
#14720=CARTESIAN_POINT('',(-0.1355,0.00955,-0.0088775010008008));
#14721=CARTESIAN_POINT('',(-0.1355,0.01055,-0.0088775010008008));
#14722=CARTESIAN_POINT('',(-0.15,0.01055,-0.0145));
#14723=CARTESIAN_POINT('',(-0.141122498999199,0.01055,-0.0145));
#14724=CARTESIAN_POINT('',(-0.141122498999199,0.00955,-0.0145));
#14725=CARTESIAN_POINT('',(-0.15,0.00955,-0.0145));
#14726=CARTESIAN_POINT('',(-0.158877501000801,0.00955,-0.0145));
#14727=CARTESIAN_POINT('',(-0.158877501000801,0.01055,-0.0145));
#14728=CARTESIAN_POINT('',(-0.1645,0.01055,1.21430643318376E-17));
#14729=CARTESIAN_POINT('',(-0.1645,0.01055,0.00887750100080081));
#14730=CARTESIAN_POINT('',(-0.1645,0.00955,0.00887750100080081));
#14731=CARTESIAN_POINT('',(-0.1645,0.01055,-0.00887750100080079));
#14732=CARTESIAN_POINT('',(-0.1645,0.00955,-0.00887750100080079));
#14733=CARTESIAN_POINT('',(-0.1645,0.00955,1.21430643318376E-17));
#14734=CARTESIAN_POINT('',(-0.15,0.01055,0.0145));
#14735=CARTESIAN_POINT('',(-0.141122498999199,0.01055,0.0145));
#14736=CARTESIAN_POINT('',(-0.141122498999199,0.00955,0.0145));
#14737=CARTESIAN_POINT('',(-0.158877501000801,0.01055,0.0145));
#14738=CARTESIAN_POINT('',(-0.158877501000801,0.00955,0.0145));
#14739=CARTESIAN_POINT('',(-0.15,0.00955,0.0145));
#14740=CARTESIAN_POINT('',(-0.162,0.00955,0.012));
#14741=CARTESIAN_POINT('',(-0.162,0.00755,0.012));
#14742=CARTESIAN_POINT('',(-0.158,0.00755,0.012));
#14743=CARTESIAN_POINT('',(-0.162,0.00955,0.012));
#14744=CARTESIAN_POINT('',(-0.138,0.00955,0.012));
#14745=CARTESIAN_POINT('',(-0.138,0.00755,0.012));
#14746=CARTESIAN_POINT('',(-0.134,0.00755,0.012));
#14747=CARTESIAN_POINT('',(-0.138,0.00955,0.012));
#14748=CARTESIAN_POINT('',(-0.138,0.00955,-0.012));
#14749=CARTESIAN_POINT('',(-0.138,0.00755,-0.012));
#14750=CARTESIAN_POINT('',(-0.134,0.00755,-0.012));
#14751=CARTESIAN_POINT('',(-0.138,0.00955,-0.012));
#14752=CARTESIAN_POINT('',(-0.162,0.00955,-0.012));
#14753=CARTESIAN_POINT('',(-0.162,0.00755,-0.012));
#14754=CARTESIAN_POINT('',(-0.158,0.00755,-0.012));
#14755=CARTESIAN_POINT('',(-0.162,0.00955,-0.012));
#14756=CARTESIAN_POINT('',(0.,0.01055,1.38777878078145E-17));
#14757=CARTESIAN_POINT('',(-0.15,0.01055,8.67361737988404E-18));
#14758=CARTESIAN_POINT('',(-0.1395,0.01055,8.67361737988404E-18));
#14759=CARTESIAN_POINT('',(-0.15,0.01055,8.67361737988404E-18));
#14760=CARTESIAN_POINT('',(-0.1389,0.01055,8.67361737988404E-18));
#14761=CARTESIAN_POINT('',(-0.162,0.00955,0.012));
#14762=CARTESIAN_POINT('',(-0.162,0.00755,0.012));
#14763=CARTESIAN_POINT('',(-0.1595,0.00755,0.012));
#14764=CARTESIAN_POINT('',(-0.162,0.01355,0.012));
#14765=CARTESIAN_POINT('',(-0.1595,0.01355,0.012));
#14766=CARTESIAN_POINT('',(0.,0.00755,6.93889390390723E-18));
#14767=CARTESIAN_POINT('',(0.,0.00955,1.38777878078145E-17));
#14768=CARTESIAN_POINT('',(-0.15,0.00955,8.67361737988404E-18));
#14769=CARTESIAN_POINT('',(-0.1395,0.00955,8.67361737988404E-18));
#14770=CARTESIAN_POINT('',(-0.138,0.00955,0.012));
#14771=CARTESIAN_POINT('',(-0.138,0.00755,0.012));
#14772=CARTESIAN_POINT('',(-0.1355,0.00755,0.012));
#14773=CARTESIAN_POINT('',(-0.138,0.01355,0.012));
#14774=CARTESIAN_POINT('',(-0.1355,0.01355,0.012));
#14775=CARTESIAN_POINT('',(0.,0.00755,6.93889390390723E-18));
#14776=CARTESIAN_POINT('',(-0.138,0.00955,-0.012));
#14777=CARTESIAN_POINT('',(-0.138,0.00755,-0.012));
#14778=CARTESIAN_POINT('',(-0.1355,0.00755,-0.012));
#14779=CARTESIAN_POINT('',(-0.138,0.01355,-0.012));
#14780=CARTESIAN_POINT('',(-0.1355,0.01355,-0.012));
#14781=CARTESIAN_POINT('',(0.,0.00755,6.93889390390723E-18));
#14782=CARTESIAN_POINT('',(-0.162,0.00955,-0.012));
#14783=CARTESIAN_POINT('',(-0.162,0.00755,-0.012));
#14784=CARTESIAN_POINT('',(-0.1595,0.00755,-0.012));
#14785=CARTESIAN_POINT('',(-0.162,0.01355,-0.012));
#14786=CARTESIAN_POINT('',(-0.1595,0.01355,-0.012));
#14787=CARTESIAN_POINT('',(0.,0.00755,6.93889390390723E-18));
#14788=CARTESIAN_POINT('',(-0.15,0.01055,8.67361737988404E-18));
#14789=CARTESIAN_POINT('',(-0.15,0.01355,8.67361737988404E-18));
#14790=CARTESIAN_POINT('',(-0.15,0.01605,8.67361737988404E-18));
#14791=CARTESIAN_POINT('',(-0.1389,0.01605,8.67361737988404E-18));
#14792=CARTESIAN_POINT('',(0.,0.01355,1.38777878078145E-17));
#14793=CARTESIAN_POINT('',(0.,0.01355,1.38777878078145E-17));
#14794=CARTESIAN_POINT('',(0.,0.01355,1.38777878078145E-17));
#14795=CARTESIAN_POINT('',(0.,0.01355,1.38777878078145E-17));
#14796=CARTESIAN_POINT('',(-0.15,0.01605,8.67361737988404E-18));
#14797=CARTESIAN_POINT('',(-0.15,0.01755,8.67361737988404E-18));
#14798=CARTESIAN_POINT('',(-0.1374,0.01755,8.67361737988404E-18));
#14799=CARTESIAN_POINT('',(0.00975,0.01455,0.0999));
#14800=CARTESIAN_POINT('',(0.00975,0.01455,0.0721));
#14801=CARTESIAN_POINT('',(0.00975,0.01705,0.0721));
#14802=CARTESIAN_POINT('',(0.00975,0.01705,0.1277));
#14803=CARTESIAN_POINT('',(0.00975,0.01705,0.1277));
#14804=CARTESIAN_POINT('',(0.00975,0.01455,0.1277));
#14805=CARTESIAN_POINT('',(0.0125,0.01455,0.0721));
#14806=CARTESIAN_POINT('',(0.01525,0.01455,0.0721));
#14807=CARTESIAN_POINT('',(0.01525,0.01705,0.0721));
#14808=CARTESIAN_POINT('',(0.0125,0.01705,0.0721));
#14809=CARTESIAN_POINT('',(0.01525,0.01455,0.0999));
#14810=CARTESIAN_POINT('',(0.01525,0.01455,0.1277));
#14811=CARTESIAN_POINT('',(0.01525,0.01705,0.1277));
#14812=CARTESIAN_POINT('',(0.01525,0.01705,0.0999));
#14813=CARTESIAN_POINT('',(0.03475,0.01455,0.0999));
#14814=CARTESIAN_POINT('',(0.03475,0.01455,0.0721));
#14815=CARTESIAN_POINT('',(0.03475,0.01705,0.0721));
#14816=CARTESIAN_POINT('',(0.03475,0.01705,0.1277));
#14817=CARTESIAN_POINT('',(0.03475,0.01705,0.1277));
#14818=CARTESIAN_POINT('',(0.03475,0.01455,0.1277));
#14819=CARTESIAN_POINT('',(0.0375,0.01455,0.0721));
#14820=CARTESIAN_POINT('',(0.04025,0.01455,0.0721));
#14821=CARTESIAN_POINT('',(0.04025,0.01705,0.0721));
#14822=CARTESIAN_POINT('',(0.0375,0.01705,0.0721));
#14823=CARTESIAN_POINT('',(0.04025,0.01455,0.0999));
#14824=CARTESIAN_POINT('',(0.04025,0.01455,0.1277));
#14825=CARTESIAN_POINT('',(0.04025,0.01705,0.1277));
#14826=CARTESIAN_POINT('',(0.04025,0.01705,0.0999));
#14827=CARTESIAN_POINT('',(-0.0125,0.01455,0.068));
#14828=CARTESIAN_POINT('',(-0.017,0.01455,0.068));
#14829=CARTESIAN_POINT('',(-0.017,0.01705,0.068));
#14830=CARTESIAN_POINT('',(-0.0125,0.01705,0.068));
#14831=CARTESIAN_POINT('',(-0.008,0.01705,0.068));
#14832=CARTESIAN_POINT('',(-0.008,0.01455,0.068));
#14833=CARTESIAN_POINT('',(-0.017,0.01455,0.065));
#14834=CARTESIAN_POINT('',(-0.017,0.01455,0.062));
#14835=CARTESIAN_POINT('',(-0.017,0.01705,0.062));
#14836=CARTESIAN_POINT('',(-0.017,0.01705,0.065));
#14837=CARTESIAN_POINT('',(-0.0125,0.01455,0.062));
#14838=CARTESIAN_POINT('',(-0.008,0.01455,0.062));
#14839=CARTESIAN_POINT('',(-0.008,0.01705,0.062));
#14840=CARTESIAN_POINT('',(-0.017,0.01705,0.062));
#14841=CARTESIAN_POINT('',(0.0125,0.01455,0.068));
#14842=CARTESIAN_POINT('',(0.008,0.01455,0.068));
#14843=CARTESIAN_POINT('',(0.008,0.01705,0.068));
#14844=CARTESIAN_POINT('',(0.0125,0.01705,0.068));
#14845=CARTESIAN_POINT('',(0.017,0.01705,0.068));
#14846=CARTESIAN_POINT('',(0.017,0.01455,0.068));
#14847=CARTESIAN_POINT('',(0.008,0.01455,0.065));
#14848=CARTESIAN_POINT('',(0.008,0.01455,0.062));
#14849=CARTESIAN_POINT('',(0.008,0.01705,0.062));
#14850=CARTESIAN_POINT('',(0.008,0.01705,0.065));
#14851=CARTESIAN_POINT('',(0.0125,0.01455,0.062));
#14852=CARTESIAN_POINT('',(0.017,0.01455,0.062));
#14853=CARTESIAN_POINT('',(0.017,0.01705,0.062));
#14854=CARTESIAN_POINT('',(0.008,0.01705,0.062));
#14855=CARTESIAN_POINT('',(0.0375,0.01455,0.068));
#14856=CARTESIAN_POINT('',(0.033,0.01455,0.068));
#14857=CARTESIAN_POINT('',(0.033,0.01705,0.068));
#14858=CARTESIAN_POINT('',(0.0375,0.01705,0.068));
#14859=CARTESIAN_POINT('',(0.042,0.01705,0.068));
#14860=CARTESIAN_POINT('',(0.042,0.01455,0.068));
#14861=CARTESIAN_POINT('',(0.033,0.01455,0.065));
#14862=CARTESIAN_POINT('',(0.033,0.01455,0.062));
#14863=CARTESIAN_POINT('',(0.033,0.01705,0.062));
#14864=CARTESIAN_POINT('',(0.033,0.01705,0.065));
#14865=CARTESIAN_POINT('',(0.0375,0.01455,0.062));
#14866=CARTESIAN_POINT('',(0.042,0.01455,0.062));
#14867=CARTESIAN_POINT('',(0.042,0.01705,0.062));
#14868=CARTESIAN_POINT('',(0.033,0.01705,0.062));
#14869=CARTESIAN_POINT('',(0.1795,0.01455,0.1025));
#14870=CARTESIAN_POINT('',(0.1795,0.01455,0.09));
#14871=CARTESIAN_POINT('',(0.1795,0.01705,0.09));
#14872=CARTESIAN_POINT('',(0.1795,0.01705,0.1025));
#14873=CARTESIAN_POINT('',(0.1795,0.01705,0.115));
#14874=CARTESIAN_POINT('',(0.1795,0.01455,0.115));
#14875=CARTESIAN_POINT('',(0.192,0.01455,0.09));
#14876=CARTESIAN_POINT('',(0.2045,0.01455,0.09));
#14877=CARTESIAN_POINT('',(0.2045,0.01705,0.09));
#14878=CARTESIAN_POINT('',(0.192,0.01705,0.09));
#14879=CARTESIAN_POINT('',(0.2045,0.01455,0.1025));
#14880=CARTESIAN_POINT('',(0.2045,0.01455,0.115));
#14881=CARTESIAN_POINT('',(0.2045,0.01705,0.115));
#14882=CARTESIAN_POINT('',(0.2045,0.01705,0.09));
#14883=CARTESIAN_POINT('',(0.0955,0.01455,0.1305));
#14884=CARTESIAN_POINT('',(0.0955,0.01455,0.118));
#14885=CARTESIAN_POINT('',(0.0955,0.01705,0.118));
#14886=CARTESIAN_POINT('',(0.0955,0.01705,0.1305));
#14887=CARTESIAN_POINT('',(0.0955,0.01705,0.143));
#14888=CARTESIAN_POINT('',(0.0955,0.01455,0.143));
#14889=CARTESIAN_POINT('',(0.108,0.01455,0.118));
#14890=CARTESIAN_POINT('',(0.1205,0.01455,0.118));
#14891=CARTESIAN_POINT('',(0.1205,0.01705,0.118));
#14892=CARTESIAN_POINT('',(0.108,0.01705,0.118));
#14893=CARTESIAN_POINT('',(0.1205,0.01455,0.1305));
#14894=CARTESIAN_POINT('',(0.1205,0.01455,0.143));
#14895=CARTESIAN_POINT('',(0.1205,0.01705,0.143));
#14896=CARTESIAN_POINT('',(0.1205,0.01705,0.118));
#14897=CARTESIAN_POINT('',(0.136,0.01455,0.143));
#14898=CARTESIAN_POINT('',(0.1235,0.01455,0.143));
#14899=CARTESIAN_POINT('',(0.1235,0.01705,0.143));
#14900=CARTESIAN_POINT('',(0.1485,0.01705,0.143));
#14901=CARTESIAN_POINT('',(0.1485,0.01705,0.143));
#14902=CARTESIAN_POINT('',(0.1485,0.01455,0.143));
#14903=CARTESIAN_POINT('',(0.1235,0.01455,0.1305));
#14904=CARTESIAN_POINT('',(0.1235,0.01455,0.118));
#14905=CARTESIAN_POINT('',(0.1235,0.01705,0.118));
#14906=CARTESIAN_POINT('',(0.1235,0.01705,0.1305));
#14907=CARTESIAN_POINT('',(0.136,0.01455,0.118));
#14908=CARTESIAN_POINT('',(0.1485,0.01455,0.118));
#14909=CARTESIAN_POINT('',(0.1485,0.01705,0.118));
#14910=CARTESIAN_POINT('',(0.136,0.01705,0.118));
#14911=CARTESIAN_POINT('',(0.164,0.01455,0.143));
#14912=CARTESIAN_POINT('',(0.1515,0.01455,0.143));
#14913=CARTESIAN_POINT('',(0.1515,0.01705,0.143));
#14914=CARTESIAN_POINT('',(0.1765,0.01705,0.143));
#14915=CARTESIAN_POINT('',(0.1765,0.01705,0.143));
#14916=CARTESIAN_POINT('',(0.1765,0.01455,0.143));
#14917=CARTESIAN_POINT('',(0.1515,0.01455,0.1305));
#14918=CARTESIAN_POINT('',(0.1515,0.01455,0.118));
#14919=CARTESIAN_POINT('',(0.1515,0.01705,0.118));
#14920=CARTESIAN_POINT('',(0.1515,0.01705,0.1305));
#14921=CARTESIAN_POINT('',(0.164,0.01455,0.118));
#14922=CARTESIAN_POINT('',(0.1765,0.01455,0.118));
#14923=CARTESIAN_POINT('',(0.1765,0.01705,0.118));
#14924=CARTESIAN_POINT('',(0.164,0.01705,0.118));
#14925=CARTESIAN_POINT('',(-2.77555756156289E-17,0.01455,0.15514999638695));
#14926=CARTESIAN_POINT('',(-0.06,-0.00745,0.15514999638695));
#14927=CARTESIAN_POINT('',(-0.064625,-0.00745,0.15514999638695));
#14928=CARTESIAN_POINT('',(-0.241,0.01455,0.15514999638695));
#14929=CARTESIAN_POINT('',(-0.241,0.01355,0.15514999638695));
#14930=CARTESIAN_POINT('',(-0.241,-0.024325,0.15514999638695));
#14931=CARTESIAN_POINT('',(0.241,-0.024325,0.15514999638695));
#14932=CARTESIAN_POINT('',(0.241,-0.024325,0.15514999638695));
#14933=CARTESIAN_POINT('',(0.241,0.01755,0.15514999638695));
#14934=CARTESIAN_POINT('',(0.241,0.01355,0.15514999638695));
#14935=CARTESIAN_POINT('',(-0.245,0.01355,0.15514999638695));
#14936=CARTESIAN_POINT('',(0.245,0.01455,0.0301499963869498));
#14937=CARTESIAN_POINT('',(0.245,-0.00395,0.0151499963869498));
#14938=CARTESIAN_POINT('',(0.245,-0.00395,0.00214999638694975));
#14939=CARTESIAN_POINT('',(0.245,-0.00395,-0.0228500036130502));
#14940=CARTESIAN_POINT('',(0.245,-0.00395,-0.0358500036130502));
#14941=CARTESIAN_POINT('',(0.245,-0.01545,-0.0328500036130502));
#14942=CARTESIAN_POINT('',(0.245,-0.01545,-0.0344500036130502));
#14943=CARTESIAN_POINT('',(0.245,0.00755,0.0251499963869498));
#14944=CARTESIAN_POINT('',(0.245,0.00755,0.0235499963869498));
#14945=CARTESIAN_POINT('',(0.245,-0.01545,0.00514999638694977));
#14946=CARTESIAN_POINT('',(0.245,-0.01545,0.00354999638694977));
#14947=CARTESIAN_POINT('',(0.245,0.00755,-0.0128500036130502));
#14948=CARTESIAN_POINT('',(0.245,0.00755,-0.0144500036130502));
#14949=CARTESIAN_POINT('',(0.245,-0.02545,0.15114999638695));
#14950=CARTESIAN_POINT('',(0.245,0.01355,0.15114999638695));
#14951=CARTESIAN_POINT('',(0.245,-0.024325,0.15114999638695));
#14952=CARTESIAN_POINT('',(0.245,-0.024325,0.0301499963869498));
#14953=CARTESIAN_POINT('',(0.245,-0.024325,-0.0908500036130502));
#14954=CARTESIAN_POINT('',(0.245,0.01455,-0.0908500036130502));
#14955=CARTESIAN_POINT('',(0.245,0.01355,-0.0908500036130502));
#14956=CARTESIAN_POINT('',(0.245,0.01355,0.0301499963869498));
#14957=CARTESIAN_POINT('',(0.2045,0.01455,0.1305));
#14958=CARTESIAN_POINT('',(0.2045,0.01455,0.143));
#14959=CARTESIAN_POINT('',(0.2045,0.0144846865476792,0.143));
#14960=CARTESIAN_POINT('',(0.2045,0.01705,0.143));
#14961=CARTESIAN_POINT('',(0.2045,0.01705,0.118));
#14962=CARTESIAN_POINT('',(0.2045,0.01705,0.118));
#14963=CARTESIAN_POINT('',(0.2045,0.01455,0.118));
#14964=CARTESIAN_POINT('',(0.2045,0.01455,0.137127016653792));
#14965=CARTESIAN_POINT('',(0.2045,0.01455,0.138105968269986));
#14966=CARTESIAN_POINT('',(0.2045,0.0143844346334101,0.140062030249804));
#14967=CARTESIAN_POINT('',(0.2045,0.0144354540144033,0.142020500868766));
#14968=CARTESIAN_POINT('',(0.2045,0.0144846865476792,0.143));
#14969=CARTESIAN_POINT('',(0.192,0.01455,0.143));
#14970=CARTESIAN_POINT('',(0.1795,0.01455,0.143));
#14971=CARTESIAN_POINT('',(0.1795,0.01705,0.143));
#14972=CARTESIAN_POINT('',(0.2045,0.01705,0.143));
#14973=CARTESIAN_POINT('',(0.2045,0.0144846865476792,0.143));
#14974=CARTESIAN_POINT('',(0.204253239059658,0.0145280968278593,0.143));
#14975=CARTESIAN_POINT('',(0.20400459505471,0.01455,0.143));
#14976=CARTESIAN_POINT('',(0.203754033307585,0.01455,0.143));
#14977=CARTESIAN_POINT('',(0.1795,0.01455,0.1305));
#14978=CARTESIAN_POINT('',(0.1795,0.01455,0.118));
#14979=CARTESIAN_POINT('',(0.1795,0.01705,0.118));
#14980=CARTESIAN_POINT('',(0.1795,0.01705,0.143));
#14981=CARTESIAN_POINT('',(0.108,0.01455,0.115));
#14982=CARTESIAN_POINT('',(0.0955,0.01455,0.115));
#14983=CARTESIAN_POINT('',(0.0955,0.01705,0.115));
#14984=CARTESIAN_POINT('',(0.1205,0.01705,0.115));
#14985=CARTESIAN_POINT('',(0.1205,0.01705,0.115));
#14986=CARTESIAN_POINT('',(0.1205,0.01455,0.115));
#14987=CARTESIAN_POINT('',(0.0955,0.01455,0.1025));
#14988=CARTESIAN_POINT('',(0.0955,0.01455,0.09));
#14989=CARTESIAN_POINT('',(0.0955,0.01705,0.09));
#14990=CARTESIAN_POINT('',(0.0955,0.01705,0.1025));
#14991=CARTESIAN_POINT('',(0.108,0.01455,0.09));
#14992=CARTESIAN_POINT('',(0.1205,0.01455,0.09));
#14993=CARTESIAN_POINT('',(0.1205,0.01705,0.09));
#14994=CARTESIAN_POINT('',(0.108,0.01705,0.09));
#14995=CARTESIAN_POINT('',(-0.0125,0.01455,0.0721));
#14996=CARTESIAN_POINT('',(-0.00975,0.01455,0.0721));
#14997=CARTESIAN_POINT('',(-0.00975,0.01705,0.0721));
#14998=CARTESIAN_POINT('',(-0.0125,0.01705,0.0721));
#14999=CARTESIAN_POINT('',(-0.01525,0.01705,0.0721));
#15000=CARTESIAN_POINT('',(-0.01525,0.01455,0.0721));
#15001=CARTESIAN_POINT('',(-0.00975,0.01455,0.0999));
#15002=CARTESIAN_POINT('',(-0.00975,0.01455,0.1277));
#15003=CARTESIAN_POINT('',(-0.00975,0.01705,0.1277));
#15004=CARTESIAN_POINT('',(-0.00975,0.01705,0.0999));
#15005=CARTESIAN_POINT('',(-0.0125,0.01455,0.1277));
#15006=CARTESIAN_POINT('',(-0.01525,0.01455,0.1277));
#15007=CARTESIAN_POINT('',(-0.01525,0.01705,0.1277));
#15008=CARTESIAN_POINT('',(-0.00975,0.01705,0.1277));
#15009=CARTESIAN_POINT('',(-0.0955,0.01455,0.1305));
#15010=CARTESIAN_POINT('',(-0.0955,0.01455,0.143));
#15011=CARTESIAN_POINT('',(-0.0955,0.0144846865476793,0.143));
#15012=CARTESIAN_POINT('',(-0.0955,0.01705,0.143));
#15013=CARTESIAN_POINT('',(-0.0955,0.01705,0.118));
#15014=CARTESIAN_POINT('',(-0.0955,0.01705,0.118));
#15015=CARTESIAN_POINT('',(-0.0955,0.01455,0.118));
#15016=CARTESIAN_POINT('',(-0.0955,0.01455,0.137127016653793));
#15017=CARTESIAN_POINT('',(-0.0955,0.01455,0.138105968269986));
#15018=CARTESIAN_POINT('',(-0.0955,0.0143844346334101,0.140062030249804));
#15019=CARTESIAN_POINT('',(-0.0955,0.0144354540144034,0.142020500868766));
#15020=CARTESIAN_POINT('',(-0.0955,0.0144846865476793,0.143));
#15021=CARTESIAN_POINT('',(-0.108,0.01455,0.143));
#15022=CARTESIAN_POINT('',(-0.1205,0.01455,0.143));
#15023=CARTESIAN_POINT('',(-0.1205,0.01705,0.143));
#15024=CARTESIAN_POINT('',(-0.108,0.01705,0.143));
#15025=CARTESIAN_POINT('',(-0.0955,0.0144846865476793,0.143));
#15026=CARTESIAN_POINT('',(-0.0957467609403419,0.0145280968278594,0.143));
#15027=CARTESIAN_POINT('',(-0.0959954049452894,0.01455,0.143));
#15028=CARTESIAN_POINT('',(-0.0962459666924148,0.01455,0.143));
#15029=CARTESIAN_POINT('',(-0.1205,0.01455,0.1305));
#15030=CARTESIAN_POINT('',(-0.1205,0.01455,0.118));
#15031=CARTESIAN_POINT('',(-0.1205,0.01705,0.118));
#15032=CARTESIAN_POINT('',(-0.1205,0.01705,0.1305));
#15033=CARTESIAN_POINT('',(0.084,0.01455,-0.06));
#15034=CARTESIAN_POINT('',(0.084,0.01455,-0.062));
#15035=CARTESIAN_POINT('',(0.084,0.01705,-0.062));
#15036=CARTESIAN_POINT('',(0.084,0.01705,-0.06));
#15037=CARTESIAN_POINT('',(0.084,0.01705,-0.058));
#15038=CARTESIAN_POINT('',(0.084,0.01455,-0.058));
#15039=CARTESIAN_POINT('',(0.0885,0.01455,-0.062));
#15040=CARTESIAN_POINT('',(0.093,0.01455,-0.062));
#15041=CARTESIAN_POINT('',(0.093,0.01705,-0.062));
#15042=CARTESIAN_POINT('',(0.0885,0.01705,-0.062));
#15043=CARTESIAN_POINT('',(0.093,0.01455,-0.06));
#15044=CARTESIAN_POINT('',(0.093,0.01455,-0.058));
#15045=CARTESIAN_POINT('',(0.093,0.01705,-0.058));
#15046=CARTESIAN_POINT('',(0.093,0.01705,-0.062));
#15047=CARTESIAN_POINT('',(-0.192,0.01455,0.118));
#15048=CARTESIAN_POINT('',(-0.1795,0.01455,0.118));
#15049=CARTESIAN_POINT('',(-0.1795,0.01705,0.118));
#15050=CARTESIAN_POINT('',(-0.2045,0.01705,0.118));
#15051=CARTESIAN_POINT('',(-0.2045,0.01705,0.118));
#15052=CARTESIAN_POINT('',(-0.2045,0.01455,0.118));
#15053=CARTESIAN_POINT('',(-0.1795,0.01455,0.1305));
#15054=CARTESIAN_POINT('',(-0.1795,0.01455,0.143));
#15055=CARTESIAN_POINT('',(-0.1795,0.01705,0.143));
#15056=CARTESIAN_POINT('',(-0.1795,0.01705,0.118));
#15057=CARTESIAN_POINT('',(-0.192,0.01455,0.143));
#15058=CARTESIAN_POINT('',(-0.2045,0.01455,0.143));
#15059=CARTESIAN_POINT('',(-0.2045,0.01705,0.143));
#15060=CARTESIAN_POINT('',(-0.192,0.01705,0.143));
#15061=CARTESIAN_POINT('',(0.1485,0.01455,0.1025));
#15062=CARTESIAN_POINT('',(0.1485,0.01455,0.115));
#15063=CARTESIAN_POINT('',(0.1485,0.01705,0.115));
#15064=CARTESIAN_POINT('',(0.1485,0.01705,0.09));
#15065=CARTESIAN_POINT('',(0.1485,0.01705,0.09));
#15066=CARTESIAN_POINT('',(0.1485,0.01455,0.09));
#15067=CARTESIAN_POINT('',(0.136,0.01455,0.115));
#15068=CARTESIAN_POINT('',(0.1235,0.01455,0.115));
#15069=CARTESIAN_POINT('',(0.1235,0.01705,0.115));
#15070=CARTESIAN_POINT('',(0.1485,0.01705,0.115));
#15071=CARTESIAN_POINT('',(0.1235,0.01455,0.1025));
#15072=CARTESIAN_POINT('',(0.1235,0.01455,0.09));
#15073=CARTESIAN_POINT('',(0.1235,0.01705,0.09));
#15074=CARTESIAN_POINT('',(0.1235,0.01705,0.1025));
#15075=CARTESIAN_POINT('',(0.1765,0.01455,0.1025));
#15076=CARTESIAN_POINT('',(0.1765,0.01455,0.115));
#15077=CARTESIAN_POINT('',(0.1765,0.01705,0.115));
#15078=CARTESIAN_POINT('',(0.1765,0.01705,0.09));
#15079=CARTESIAN_POINT('',(0.1765,0.01705,0.09));
#15080=CARTESIAN_POINT('',(0.1765,0.01455,0.09));
#15081=CARTESIAN_POINT('',(0.164,0.01455,0.115));
#15082=CARTESIAN_POINT('',(0.1515,0.01455,0.115));
#15083=CARTESIAN_POINT('',(0.1515,0.01705,0.115));
#15084=CARTESIAN_POINT('',(0.1765,0.01705,0.115));
#15085=CARTESIAN_POINT('',(0.1515,0.01455,0.1025));
#15086=CARTESIAN_POINT('',(0.1515,0.01455,0.09));
#15087=CARTESIAN_POINT('',(0.1515,0.01705,0.09));
#15088=CARTESIAN_POINT('',(0.1515,0.01705,0.1025));
#15089=CARTESIAN_POINT('',(-0.0955,0.01455,0.1025));
#15090=CARTESIAN_POINT('',(-0.0955,0.01455,0.115));
#15091=CARTESIAN_POINT('',(-0.0955,0.01705,0.115));
#15092=CARTESIAN_POINT('',(-0.0955,0.01705,0.09));
#15093=CARTESIAN_POINT('',(-0.0955,0.01705,0.09));
#15094=CARTESIAN_POINT('',(-0.0955,0.01455,0.09));
#15095=CARTESIAN_POINT('',(-0.108,0.01455,0.115));
#15096=CARTESIAN_POINT('',(-0.1205,0.01455,0.115));
#15097=CARTESIAN_POINT('',(-0.1205,0.01705,0.115));
#15098=CARTESIAN_POINT('',(-0.108,0.01705,0.115));
#15099=CARTESIAN_POINT('',(-0.1205,0.01455,0.1025));
#15100=CARTESIAN_POINT('',(-0.1205,0.01455,0.09));
#15101=CARTESIAN_POINT('',(-0.1205,0.01705,0.09));
#15102=CARTESIAN_POINT('',(-0.1205,0.01705,0.1025));
#15103=CARTESIAN_POINT('',(-0.1235,0.01455,0.1305));
#15104=CARTESIAN_POINT('',(-0.1235,0.01455,0.143));
#15105=CARTESIAN_POINT('',(-0.1235,0.01705,0.143));
#15106=CARTESIAN_POINT('',(-0.1235,0.01705,0.118));
#15107=CARTESIAN_POINT('',(-0.1235,0.01705,0.118));
#15108=CARTESIAN_POINT('',(-0.1235,0.01455,0.118));
#15109=CARTESIAN_POINT('',(-0.136,0.01455,0.143));
#15110=CARTESIAN_POINT('',(-0.1485,0.01455,0.143));
#15111=CARTESIAN_POINT('',(-0.1485,0.01705,0.143));
#15112=CARTESIAN_POINT('',(-0.136,0.01705,0.143));
#15113=CARTESIAN_POINT('',(-0.1485,0.01455,0.1305));
#15114=CARTESIAN_POINT('',(-0.1485,0.01455,0.118));
#15115=CARTESIAN_POINT('',(-0.1485,0.01705,0.118));
#15116=CARTESIAN_POINT('',(-0.1485,0.01705,0.1305));
#15117=CARTESIAN_POINT('',(-0.1235,0.01455,0.1025));
#15118=CARTESIAN_POINT('',(-0.1235,0.01455,0.115));
#15119=CARTESIAN_POINT('',(-0.1235,0.01705,0.115));
#15120=CARTESIAN_POINT('',(-0.1235,0.01705,0.09));
#15121=CARTESIAN_POINT('',(-0.1235,0.01705,0.09));
#15122=CARTESIAN_POINT('',(-0.1235,0.01455,0.09));
#15123=CARTESIAN_POINT('',(-0.136,0.01455,0.115));
#15124=CARTESIAN_POINT('',(-0.1485,0.01455,0.115));
#15125=CARTESIAN_POINT('',(-0.1485,0.01705,0.115));
#15126=CARTESIAN_POINT('',(-0.136,0.01705,0.115));
#15127=CARTESIAN_POINT('',(-0.1485,0.01455,0.1025));
#15128=CARTESIAN_POINT('',(-0.1485,0.01455,0.09));
#15129=CARTESIAN_POINT('',(-0.1485,0.01705,0.09));
#15130=CARTESIAN_POINT('',(-0.1485,0.01705,0.1025));
#15131=CARTESIAN_POINT('',(-0.1515,0.01455,0.1305));
#15132=CARTESIAN_POINT('',(-0.1515,0.01455,0.143));
#15133=CARTESIAN_POINT('',(-0.1515,0.01705,0.143));
#15134=CARTESIAN_POINT('',(-0.1515,0.01705,0.118));
#15135=CARTESIAN_POINT('',(-0.1515,0.01705,0.118));
#15136=CARTESIAN_POINT('',(-0.1515,0.01455,0.118));
#15137=CARTESIAN_POINT('',(-0.164,0.01455,0.143));
#15138=CARTESIAN_POINT('',(-0.1765,0.01455,0.143));
#15139=CARTESIAN_POINT('',(-0.1765,0.01705,0.143));
#15140=CARTESIAN_POINT('',(-0.164,0.01705,0.143));
#15141=CARTESIAN_POINT('',(-0.1765,0.01455,0.1305));
#15142=CARTESIAN_POINT('',(-0.1765,0.01455,0.118));
#15143=CARTESIAN_POINT('',(-0.1765,0.01705,0.118));
#15144=CARTESIAN_POINT('',(-0.1765,0.01705,0.1305));
#15145=CARTESIAN_POINT('',(0.224,0.01455,0.1408));
#15146=CARTESIAN_POINT('',(0.22125,0.01455,0.1408));
#15147=CARTESIAN_POINT('',(0.22125,0.01705,0.1408));
#15148=CARTESIAN_POINT('',(0.22675,0.01705,0.1408));
#15149=CARTESIAN_POINT('',(0.22675,0.01705,0.1408));
#15150=CARTESIAN_POINT('',(0.22675,0.01455,0.1408));
#15151=CARTESIAN_POINT('',(0.22125,0.01455,0.113));
#15152=CARTESIAN_POINT('',(0.22125,0.01455,0.0852));
#15153=CARTESIAN_POINT('',(0.22125,0.01705,0.0852));
#15154=CARTESIAN_POINT('',(0.22125,0.01705,0.113));
#15155=CARTESIAN_POINT('',(0.224,0.01455,0.0852));
#15156=CARTESIAN_POINT('',(0.22675,0.01455,0.0852));
#15157=CARTESIAN_POINT('',(0.22675,0.01705,0.0852));
#15158=CARTESIAN_POINT('',(0.224,0.01705,0.0852));
#15159=CARTESIAN_POINT('',(-0.04025,0.01455,0.0999));
#15160=CARTESIAN_POINT('',(-0.04025,0.01455,0.0721));
#15161=CARTESIAN_POINT('',(-0.04025,0.01705,0.0721));
#15162=CARTESIAN_POINT('',(-0.04025,0.01705,0.1277));
#15163=CARTESIAN_POINT('',(-0.04025,0.01705,0.1277));
#15164=CARTESIAN_POINT('',(-0.04025,0.01455,0.1277));
#15165=CARTESIAN_POINT('',(-0.0375,0.01455,0.0721));
#15166=CARTESIAN_POINT('',(-0.03475,0.01455,0.0721));
#15167=CARTESIAN_POINT('',(-0.03475,0.01705,0.0721));
#15168=CARTESIAN_POINT('',(-0.0375,0.01705,0.0721));
#15169=CARTESIAN_POINT('',(-0.03475,0.01455,0.0999));
#15170=CARTESIAN_POINT('',(-0.03475,0.01455,0.1277));
#15171=CARTESIAN_POINT('',(-0.03475,0.01705,0.1277));
#15172=CARTESIAN_POINT('',(-0.03475,0.01705,0.0999));
#15173=CARTESIAN_POINT('',(-0.076,0.01455,0.1408));
#15174=CARTESIAN_POINT('',(-0.07875,0.01455,0.1408));
#15175=CARTESIAN_POINT('',(-0.07875,0.01705,0.1408));
#15176=CARTESIAN_POINT('',(-0.07325,0.01705,0.1408));
#15177=CARTESIAN_POINT('',(-0.07325,0.01705,0.1408));
#15178=CARTESIAN_POINT('',(-0.07325,0.01455,0.1408));
#15179=CARTESIAN_POINT('',(-0.07875,0.01455,0.113));
#15180=CARTESIAN_POINT('',(-0.07875,0.01455,0.0852));
#15181=CARTESIAN_POINT('',(-0.07875,0.01705,0.0852));
#15182=CARTESIAN_POINT('',(-0.07875,0.01705,0.113));
#15183=CARTESIAN_POINT('',(-0.076,0.01455,0.0852));
#15184=CARTESIAN_POINT('',(-0.07325,0.01455,0.0852));
#15185=CARTESIAN_POINT('',(-0.07325,0.01705,0.0852));
#15186=CARTESIAN_POINT('',(-0.076,0.01705,0.0852));
#15187=CARTESIAN_POINT('',(-0.0139,0.01455,0.13765));
#15188=CARTESIAN_POINT('',(0.0278,0.01455,0.13765));
#15189=CARTESIAN_POINT('',(0.0278,0.01705,0.13765));
#15190=CARTESIAN_POINT('',(-0.0278,0.01705,0.13765));
#15191=CARTESIAN_POINT('',(-0.0278,0.01705,0.13765));
#15192=CARTESIAN_POINT('',(-0.0278,0.01455,0.13765));
#15193=CARTESIAN_POINT('',(0.0278,0.01455,0.1404));
#15194=CARTESIAN_POINT('',(0.0278,0.01455,0.14315));
#15195=CARTESIAN_POINT('',(0.0278,0.01705,0.14315));
#15196=CARTESIAN_POINT('',(0.0278,0.01705,0.13765));
#15197=CARTESIAN_POINT('',(3.46944695195361E-17,0.01455,0.14315));
#15198=CARTESIAN_POINT('',(-0.0278,0.01455,0.14315));
#15199=CARTESIAN_POINT('',(-0.0278,0.01705,0.14315));
#15200=CARTESIAN_POINT('',(3.46944695195361E-17,0.01705,0.14315));
#15201=CARTESIAN_POINT('',(-0.1515,0.01455,0.09625));
#15202=CARTESIAN_POINT('',(-0.1515,0.01455,0.115));
#15203=CARTESIAN_POINT('',(-0.1515,0.01705,0.115));
#15204=CARTESIAN_POINT('',(-0.1515,0.01705,0.09));
#15205=CARTESIAN_POINT('',(-0.1515,0.01705,0.09));
#15206=CARTESIAN_POINT('',(-0.1515,0.01455,0.09));
#15207=CARTESIAN_POINT('',(-0.164,0.01455,0.115));
#15208=CARTESIAN_POINT('',(-0.1765,0.01455,0.115));
#15209=CARTESIAN_POINT('',(-0.1765,0.01705,0.115));
#15210=CARTESIAN_POINT('',(-0.164,0.01705,0.115));
#15211=CARTESIAN_POINT('',(-0.1765,0.01455,0.10875));
#15212=CARTESIAN_POINT('',(-0.1765,0.01455,0.09));
#15213=CARTESIAN_POINT('',(-0.1765,0.01705,0.09));
#15214=CARTESIAN_POINT('',(-0.1765,0.01705,0.10875));
#15215=CARTESIAN_POINT('',(-0.1795,0.01455,0.09625));
#15216=CARTESIAN_POINT('',(-0.1795,0.01455,0.115));
#15217=CARTESIAN_POINT('',(-0.1795,0.01705,0.115));
#15218=CARTESIAN_POINT('',(-0.1795,0.01705,0.09));
#15219=CARTESIAN_POINT('',(-0.1795,0.01705,0.09));
#15220=CARTESIAN_POINT('',(-0.1795,0.01455,0.09));
#15221=CARTESIAN_POINT('',(-0.192,0.01455,0.115));
#15222=CARTESIAN_POINT('',(-0.2045,0.01455,0.115));
#15223=CARTESIAN_POINT('',(-0.2045,0.01705,0.115));
#15224=CARTESIAN_POINT('',(-0.192,0.01705,0.115));
#15225=CARTESIAN_POINT('',(-0.2045,0.01455,0.1025));
#15226=CARTESIAN_POINT('',(-0.2045,0.01455,0.09));
#15227=CARTESIAN_POINT('',(-0.2045,0.01705,0.09));
#15228=CARTESIAN_POINT('',(-0.2045,0.01705,0.1025));
#15229=CARTESIAN_POINT('',(-0.084,0.01455,-0.061));
#15230=CARTESIAN_POINT('',(-0.084,0.01455,-0.058));
#15231=CARTESIAN_POINT('',(-0.084,0.01705,-0.058));
#15232=CARTESIAN_POINT('',(-0.084,0.01705,-0.062));
#15233=CARTESIAN_POINT('',(-0.084,0.01705,-0.062));
#15234=CARTESIAN_POINT('',(-0.084,0.01455,-0.062));
#15235=CARTESIAN_POINT('',(-0.0885,0.01455,-0.058));
#15236=CARTESIAN_POINT('',(-0.093,0.01455,-0.058));
#15237=CARTESIAN_POINT('',(-0.093,0.01705,-0.058));
#15238=CARTESIAN_POINT('',(-0.0885,0.01705,-0.058));
#15239=CARTESIAN_POINT('',(-0.093,0.01455,-0.06));
#15240=CARTESIAN_POINT('',(-0.093,0.01455,-0.062));
#15241=CARTESIAN_POINT('',(-0.093,0.01705,-0.062));
#15242=CARTESIAN_POINT('',(-0.093,0.01705,-0.06));
#15243=CARTESIAN_POINT('',(-0.03975,0.01455,0.062));
#15244=CARTESIAN_POINT('',(-0.033,0.01455,0.062));
#15245=CARTESIAN_POINT('',(-0.033,0.01705,0.062));
#15246=CARTESIAN_POINT('',(-0.042,0.01705,0.062));
#15247=CARTESIAN_POINT('',(-0.042,0.01705,0.062));
#15248=CARTESIAN_POINT('',(-0.042,0.01455,0.062));
#15249=CARTESIAN_POINT('',(-0.033,0.01455,0.065));
#15250=CARTESIAN_POINT('',(-0.033,0.01455,0.068));
#15251=CARTESIAN_POINT('',(-0.033,0.01705,0.068));
#15252=CARTESIAN_POINT('',(-0.033,0.01705,0.062));
#15253=CARTESIAN_POINT('',(-0.0375,0.01455,0.068));
#15254=CARTESIAN_POINT('',(-0.042,0.01455,0.068));
#15255=CARTESIAN_POINT('',(-0.042,0.01705,0.068));
#15256=CARTESIAN_POINT('',(-0.0375,0.01705,0.068));
#15257=CARTESIAN_POINT('',(0.0125,0.01455,0.1277));
#15258=CARTESIAN_POINT('',(0.01525,0.01705,0.1277));
#15259=CARTESIAN_POINT('',(0.0375,0.01455,0.1277));
#15260=CARTESIAN_POINT('',(0.04025,0.01705,0.1277));
#15261=CARTESIAN_POINT('',(-0.008,0.01455,0.065));
#15262=CARTESIAN_POINT('',(-0.008,0.01705,0.062));
#15263=CARTESIAN_POINT('',(0.017,0.01455,0.065));
#15264=CARTESIAN_POINT('',(0.017,0.01705,0.062));
#15265=CARTESIAN_POINT('',(0.042,0.01455,0.065));
#15266=CARTESIAN_POINT('',(0.042,0.01705,0.062));
#15267=CARTESIAN_POINT('',(0.192,0.01455,0.115));
#15268=CARTESIAN_POINT('',(0.2045,0.01705,0.115));
#15269=CARTESIAN_POINT('',(0.108,0.01455,0.143));
#15270=CARTESIAN_POINT('',(0.1205,0.01705,0.143));
#15271=CARTESIAN_POINT('',(0.1485,0.01455,0.1305));
#15272=CARTESIAN_POINT('',(0.1485,0.01705,0.118));
#15273=CARTESIAN_POINT('',(0.1765,0.01455,0.1305));
#15274=CARTESIAN_POINT('',(0.1765,0.01705,0.118));
#15275=CARTESIAN_POINT('',(-0.245,0.01455,0.0301499963869497));
#15276=CARTESIAN_POINT('',(-0.245,-0.02545,-0.0908500036130502));
#15277=CARTESIAN_POINT('',(-0.245,0.01355,-0.0908500036130502));
#15278=CARTESIAN_POINT('',(-0.245,-0.024325,-0.0908500036130502));
#15279=CARTESIAN_POINT('',(-0.245,-0.024325,0.15114999638695));
#15280=CARTESIAN_POINT('',(-0.245,-0.024325,0.15114999638695));
#15281=CARTESIAN_POINT('',(-0.245,0.01455,0.15114999638695));
#15282=CARTESIAN_POINT('',(-0.245,0.01355,0.15114999638695));
#15283=CARTESIAN_POINT('',(-0.245,0.01355,-0.0948500036130503));
#15284=CARTESIAN_POINT('',(0.192,0.01455,0.118));
#15285=CARTESIAN_POINT('',(0.192,0.01705,0.118));
#15286=CARTESIAN_POINT('',(-0.0375,0.01455,-0.038));
#15287=CARTESIAN_POINT('',(-0.0375,0.01705,-0.038));
#15288=CARTESIAN_POINT('',(-0.0325,0.01705,-0.038));
#15289=CARTESIAN_POINT('',(-0.0375,0.01455,-0.01));
#15290=CARTESIAN_POINT('',(-0.0375,0.01705,-0.01));
#15291=CARTESIAN_POINT('',(-0.0325,0.01705,-0.01));
#15292=CARTESIAN_POINT('',(-0.0375,0.01455,0.018));
#15293=CARTESIAN_POINT('',(-0.0375,0.01705,0.018));
#15294=CARTESIAN_POINT('',(-0.0325,0.01705,0.018));
#15295=CARTESIAN_POINT('',(-0.0125,0.01455,-0.066));
#15296=CARTESIAN_POINT('',(-0.0125,0.01705,-0.066));
#15297=CARTESIAN_POINT('',(-0.0075,0.01705,-0.066));
#15298=CARTESIAN_POINT('',(-0.0125,0.01455,-0.038));
#15299=CARTESIAN_POINT('',(-0.0125,0.01705,-0.038));
#15300=CARTESIAN_POINT('',(-0.0075,0.01705,-0.038));
#15301=CARTESIAN_POINT('',(-0.0125,0.01455,-0.01));
#15302=CARTESIAN_POINT('',(-0.0125,0.01705,-0.01));
#15303=CARTESIAN_POINT('',(-0.0075,0.01705,-0.01));
#15304=CARTESIAN_POINT('',(-0.0125,0.01455,0.018));
#15305=CARTESIAN_POINT('',(-0.0125,0.01705,0.018));
#15306=CARTESIAN_POINT('',(-0.0075,0.01705,0.018));
#15307=CARTESIAN_POINT('',(-0.0125,0.01455,0.046));
#15308=CARTESIAN_POINT('',(-0.0125,0.01705,0.046));
#15309=CARTESIAN_POINT('',(-0.0075,0.01705,0.046));
#15310=CARTESIAN_POINT('',(0.0125,0.01455,-0.066));
#15311=CARTESIAN_POINT('',(0.0125,0.01705,-0.066));
#15312=CARTESIAN_POINT('',(0.0175,0.01705,-0.066));
#15313=CARTESIAN_POINT('',(0.0125,0.01455,-0.038));
#15314=CARTESIAN_POINT('',(0.0125,0.01705,-0.038));
#15315=CARTESIAN_POINT('',(0.0175,0.01705,-0.038));
#15316=CARTESIAN_POINT('',(0.0125,0.01455,-0.01));
#15317=CARTESIAN_POINT('',(0.0125,0.01705,-0.01));
#15318=CARTESIAN_POINT('',(0.0175,0.01705,-0.01));
#15319=CARTESIAN_POINT('',(0.0125,0.01455,0.018));
#15320=CARTESIAN_POINT('',(0.0125,0.01705,0.018));
#15321=CARTESIAN_POINT('',(0.0175,0.01705,0.018));
#15322=CARTESIAN_POINT('',(0.0125,0.01455,0.046));
#15323=CARTESIAN_POINT('',(0.0125,0.01705,0.046));
#15324=CARTESIAN_POINT('',(0.0175,0.01705,0.046));
#15325=CARTESIAN_POINT('',(0.0375,0.01455,-0.066));
#15326=CARTESIAN_POINT('',(0.0375,0.01705,-0.066));
#15327=CARTESIAN_POINT('',(0.0425,0.01705,-0.066));
#15328=CARTESIAN_POINT('',(0.0375,0.01455,-0.038));
#15329=CARTESIAN_POINT('',(0.0375,0.01705,-0.038));
#15330=CARTESIAN_POINT('',(0.0425,0.01705,-0.038));
#15331=CARTESIAN_POINT('',(0.0375,0.01455,-0.01));
#15332=CARTESIAN_POINT('',(0.0375,0.01705,-0.01));
#15333=CARTESIAN_POINT('',(0.0425,0.01705,-0.01));
#15334=CARTESIAN_POINT('',(0.0375,0.01455,0.018));
#15335=CARTESIAN_POINT('',(0.0375,0.01705,0.018));
#15336=CARTESIAN_POINT('',(0.0425,0.01705,0.018));
#15337=CARTESIAN_POINT('',(0.0375,0.01455,0.046));
#15338=CARTESIAN_POINT('',(0.0375,0.01705,0.046));
#15339=CARTESIAN_POINT('',(0.0425,0.01705,0.046));
#15340=CARTESIAN_POINT('',(0.065,0.01455,0.065));
#15341=CARTESIAN_POINT('',(0.065,0.01705,0.065));
#15342=CARTESIAN_POINT('',(0.07,0.01705,0.065));
#15343=CARTESIAN_POINT('',(0.1205,0.01455,0.1025));
#15344=CARTESIAN_POINT('',(0.1205,0.01705,0.09));
#15345=CARTESIAN_POINT('',(0.07,0.01455,-0.06));
#15346=CARTESIAN_POINT('',(0.07,0.01705,-0.06));
#15347=CARTESIAN_POINT('',(0.075,0.01705,-0.06));
#15348=CARTESIAN_POINT('',(0.065,0.01455,0.035));
#15349=CARTESIAN_POINT('',(0.065,0.01705,0.035));
#15350=CARTESIAN_POINT('',(0.07,0.01705,0.035));
#15351=CARTESIAN_POINT('',(-0.01525,0.01455,0.0999));
#15352=CARTESIAN_POINT('',(-0.01525,0.01705,0.1277));
#15353=CARTESIAN_POINT('',(-0.108,0.01455,0.118));
#15354=CARTESIAN_POINT('',(-0.1205,0.01705,0.118));
#15355=CARTESIAN_POINT('',(0.0885,0.01455,-0.058));
#15356=CARTESIAN_POINT('',(0.093,0.01705,-0.058));
#15357=CARTESIAN_POINT('',(-0.2045,0.01455,0.1305));
#15358=CARTESIAN_POINT('',(-0.2045,0.01705,0.1305));
#15359=CARTESIAN_POINT('',(0.136,0.01455,0.09));
#15360=CARTESIAN_POINT('',(0.136,0.01705,0.09));
#15361=CARTESIAN_POINT('',(0.164,0.01455,0.09));
#15362=CARTESIAN_POINT('',(0.164,0.01705,0.09));
#15363=CARTESIAN_POINT('',(-0.108,0.01455,0.09));
#15364=CARTESIAN_POINT('',(-0.1205,0.01705,0.09));
#15365=CARTESIAN_POINT('',(-0.136,0.01455,0.118));
#15366=CARTESIAN_POINT('',(-0.1485,0.01705,0.118));
#15367=CARTESIAN_POINT('',(-0.136,0.01455,0.09));
#15368=CARTESIAN_POINT('',(-0.1485,0.01705,0.09));
#15369=CARTESIAN_POINT('',(-0.164,0.01455,0.118));
#15370=CARTESIAN_POINT('',(-0.1765,0.01705,0.118));
#15371=CARTESIAN_POINT('',(0.22675,0.01455,0.113));
#15372=CARTESIAN_POINT('',(0.22675,0.01705,0.0852));
#15373=CARTESIAN_POINT('',(-0.0375,0.01455,0.1277));
#15374=CARTESIAN_POINT('',(-0.03475,0.01705,0.1277));
#15375=CARTESIAN_POINT('',(-0.227,0.01455,0.1015));
#15376=CARTESIAN_POINT('',(-0.227,0.01705,0.1015));
#15377=CARTESIAN_POINT('',(-0.2145,0.01705,0.1015));
#15378=CARTESIAN_POINT('',(-0.07325,0.01455,0.113));
#15379=CARTESIAN_POINT('',(-0.07325,0.01705,0.0852));
#15380=CARTESIAN_POINT('',(-0.0278,0.01455,0.1404));
#15381=CARTESIAN_POINT('',(-0.0278,0.01705,0.1404));
#15382=CARTESIAN_POINT('',(0.073,0.01455,0.1015));
#15383=CARTESIAN_POINT('',(0.073,0.01705,0.1015));
#15384=CARTESIAN_POINT('',(0.0855,0.01705,0.1015));
#15385=CARTESIAN_POINT('',(-0.065,0.01455,0.065));
#15386=CARTESIAN_POINT('',(-0.065,0.01705,0.065));
#15387=CARTESIAN_POINT('',(-0.06,0.01705,0.065));
#15388=CARTESIAN_POINT('',(-0.065,0.01455,0.035));
#15389=CARTESIAN_POINT('',(-0.065,0.01705,0.035));
#15390=CARTESIAN_POINT('',(-0.06,0.01705,0.035));
#15391=CARTESIAN_POINT('',(-0.164,0.01455,0.09));
#15392=CARTESIAN_POINT('',(-0.1765,0.01705,0.09));
#15393=CARTESIAN_POINT('',(-0.192,0.01455,0.09));
#15394=CARTESIAN_POINT('',(-0.2045,0.01705,0.09));
#15395=CARTESIAN_POINT('',(-0.07,0.01455,-0.06));
#15396=CARTESIAN_POINT('',(-0.07,0.01705,-0.06));
#15397=CARTESIAN_POINT('',(-0.065,0.01705,-0.06));
#15398=CARTESIAN_POINT('',(-0.0885,0.01455,-0.062));
#15399=CARTESIAN_POINT('',(-0.093,0.01705,-0.062));
#15400=CARTESIAN_POINT('',(-0.0375,0.01455,-0.066));
#15401=CARTESIAN_POINT('',(-0.0375,0.01705,-0.066));
#15402=CARTESIAN_POINT('',(-0.0325,0.01705,-0.066));
#15403=CARTESIAN_POINT('',(-0.0375,0.01455,0.046));
#15404=CARTESIAN_POINT('',(-0.0375,0.01705,0.046));
#15405=CARTESIAN_POINT('',(-0.0325,0.01705,0.046));
#15406=CARTESIAN_POINT('',(-0.042,0.01455,0.0665));
#15407=CARTESIAN_POINT('',(-0.042,0.01705,0.0665));
#15408=CARTESIAN_POINT('',(-0.010625,0.01755,0.11125));
#15409=CARTESIAN_POINT('',(0.073,0.01755,0.1315));
#15410=CARTESIAN_POINT('',(0.086,0.01755,0.1315));
#15411=CARTESIAN_POINT('',(-0.227,0.01755,0.1315));
#15412=CARTESIAN_POINT('',(-0.214,0.01755,0.1315));
#15413=CARTESIAN_POINT('',(0.22075,0.01755,0.11125));
#15414=CARTESIAN_POINT('',(0.22075,0.01755,0.1413));
#15415=CARTESIAN_POINT('',(0.22075,0.01755,0.0847));
#15416=CARTESIAN_POINT('',(-0.010625,0.01755,0.0847));
#15417=CARTESIAN_POINT('',(0.22725,0.01755,0.0847));
#15418=CARTESIAN_POINT('',(0.22725,0.01755,0.1408));
#15419=CARTESIAN_POINT('',(0.22725,0.01755,0.1413));
#15420=CARTESIAN_POINT('',(0.22125,0.01755,0.1413));
#15421=CARTESIAN_POINT('',(-0.0283,0.01755,0.11125));
#15422=CARTESIAN_POINT('',(-0.0283,0.01755,0.14365));
#15423=CARTESIAN_POINT('',(-0.0283,0.01755,0.13715));
#15424=CARTESIAN_POINT('',(0.0278,0.01755,0.13715));
#15425=CARTESIAN_POINT('',(0.0283,0.01755,0.13715));
#15426=CARTESIAN_POINT('',(0.0283,0.01755,0.14315));
#15427=CARTESIAN_POINT('',(0.0283,0.01755,0.14365));
#15428=CARTESIAN_POINT('',(-0.010625,0.01755,0.14365));
#15429=CARTESIAN_POINT('',(-0.07925,0.01755,0.11125));
#15430=CARTESIAN_POINT('',(-0.07925,0.01755,0.1413));
#15431=CARTESIAN_POINT('',(-0.07925,0.01755,0.0847));
#15432=CARTESIAN_POINT('',(-0.010625,0.01755,0.0847));
#15433=CARTESIAN_POINT('',(-0.07275,0.01755,0.0847));
#15434=CARTESIAN_POINT('',(-0.07275,0.01755,0.1408));
#15435=CARTESIAN_POINT('',(-0.07275,0.01755,0.1413));
#15436=CARTESIAN_POINT('',(-0.07875,0.01755,0.1413));
#15437=CARTESIAN_POINT('',(0.084,0.01755,-0.0575));
#15438=CARTESIAN_POINT('',(0.0935,0.01755,-0.0575));
#15439=CARTESIAN_POINT('',(0.0835,0.01755,-0.0575));
#15440=CARTESIAN_POINT('',(0.0835,0.01755,0.11125));
#15441=CARTESIAN_POINT('',(0.0835,0.01755,-0.0625));
#15442=CARTESIAN_POINT('',(-0.010625,0.01755,-0.0625));
#15443=CARTESIAN_POINT('',(0.0935,0.01755,-0.0625));
#15444=CARTESIAN_POINT('',(0.0935,0.01755,-0.058));
#15445=CARTESIAN_POINT('',(0.07,0.01755,-0.06));
#15446=CARTESIAN_POINT('',(0.0755,0.01755,-0.06));
#15447=CARTESIAN_POINT('',(-0.0935,0.01755,0.11125));
#15448=CARTESIAN_POINT('',(-0.0935,0.01755,-0.0575));
#15449=CARTESIAN_POINT('',(-0.0935,0.01755,-0.0625));
#15450=CARTESIAN_POINT('',(-0.084,0.01755,-0.0625));
#15451=CARTESIAN_POINT('',(-0.0835,0.01755,-0.0625));
#15452=CARTESIAN_POINT('',(-0.0835,0.01755,-0.058));
#15453=CARTESIAN_POINT('',(-0.0835,0.01755,-0.0575));
#15454=CARTESIAN_POINT('',(-0.010625,0.01755,-0.0575));
#15455=CARTESIAN_POINT('',(-0.07,0.01755,-0.06));
#15456=CARTESIAN_POINT('',(-0.0645,0.01755,-0.06));
#15457=CARTESIAN_POINT('',(0.073,0.01755,0.1015));
#15458=CARTESIAN_POINT('',(0.086,0.01755,0.1015));
#15459=CARTESIAN_POINT('',(-0.227,0.01755,0.1015));
#15460=CARTESIAN_POINT('',(-0.214,0.01755,0.1015));
#15461=CARTESIAN_POINT('',(0.205,0.01755,0.143));
#15462=CARTESIAN_POINT('',(0.205,0.01755,0.1175));
#15463=CARTESIAN_POINT('',(0.205,0.01755,0.1435));
#15464=CARTESIAN_POINT('',(0.1795,0.01755,0.1435));
#15465=CARTESIAN_POINT('',(0.179,0.01755,0.1435));
#15466=CARTESIAN_POINT('',(0.179,0.01755,0.118));
#15467=CARTESIAN_POINT('',(0.179,0.01755,0.1175));
#15468=CARTESIAN_POINT('',(-0.010625,0.01755,0.1175));
#15469=CARTESIAN_POINT('',(0.151,0.01755,0.11125));
#15470=CARTESIAN_POINT('',(0.151,0.01755,0.1435));
#15471=CARTESIAN_POINT('',(0.151,0.01755,0.1175));
#15472=CARTESIAN_POINT('',(-0.010625,0.01755,0.1175));
#15473=CARTESIAN_POINT('',(0.177,0.01755,0.1175));
#15474=CARTESIAN_POINT('',(0.177,0.01755,0.143));
#15475=CARTESIAN_POINT('',(0.177,0.01755,0.1435));
#15476=CARTESIAN_POINT('',(0.1515,0.01755,0.1435));
#15477=CARTESIAN_POINT('',(-0.010625,0.01755,0.1175));
#15478=CARTESIAN_POINT('',(0.123,0.01755,0.1175));
#15479=CARTESIAN_POINT('',(0.149,0.01755,0.1175));
#15480=CARTESIAN_POINT('',(0.149,0.01755,0.143));
#15481=CARTESIAN_POINT('',(0.149,0.01755,0.1435));
#15482=CARTESIAN_POINT('',(0.1235,0.01755,0.1435));
#15483=CARTESIAN_POINT('',(0.123,0.01755,0.1435));
#15484=CARTESIAN_POINT('',(0.123,0.01755,0.11125));
#15485=CARTESIAN_POINT('',(-0.010625,0.01755,0.1175));
#15486=CARTESIAN_POINT('',(0.095,0.01755,0.1175));
#15487=CARTESIAN_POINT('',(0.121,0.01755,0.1175));
#15488=CARTESIAN_POINT('',(0.121,0.01755,0.143));
#15489=CARTESIAN_POINT('',(0.121,0.01755,0.1435));
#15490=CARTESIAN_POINT('',(0.0955,0.01755,0.1435));
#15491=CARTESIAN_POINT('',(0.095,0.01755,0.1435));
#15492=CARTESIAN_POINT('',(0.095,0.01755,0.11125));
#15493=CARTESIAN_POINT('',(0.095,0.01755,0.11125));
#15494=CARTESIAN_POINT('',(0.095,0.01755,0.1155));
#15495=CARTESIAN_POINT('',(0.095,0.01755,0.0895));
#15496=CARTESIAN_POINT('',(-0.010625,0.01755,0.0895));
#15497=CARTESIAN_POINT('',(0.121,0.01755,0.0895));
#15498=CARTESIAN_POINT('',(0.121,0.01755,0.115));
#15499=CARTESIAN_POINT('',(0.121,0.01755,0.1155));
#15500=CARTESIAN_POINT('',(0.0955,0.01755,0.1155));
#15501=CARTESIAN_POINT('',(0.149,0.01755,0.115));
#15502=CARTESIAN_POINT('',(0.149,0.01755,0.0895));
#15503=CARTESIAN_POINT('',(0.149,0.01755,0.1155));
#15504=CARTESIAN_POINT('',(0.1235,0.01755,0.1155));
#15505=CARTESIAN_POINT('',(0.123,0.01755,0.1155));
#15506=CARTESIAN_POINT('',(0.123,0.01755,0.11125));
#15507=CARTESIAN_POINT('',(0.123,0.01755,0.0895));
#15508=CARTESIAN_POINT('',(-0.010625,0.01755,0.0895));
#15509=CARTESIAN_POINT('',(0.177,0.01755,0.115));
#15510=CARTESIAN_POINT('',(0.177,0.01755,0.0895));
#15511=CARTESIAN_POINT('',(0.177,0.01755,0.1155));
#15512=CARTESIAN_POINT('',(0.1515,0.01755,0.1155));
#15513=CARTESIAN_POINT('',(0.151,0.01755,0.1155));
#15514=CARTESIAN_POINT('',(0.151,0.01755,0.11125));
#15515=CARTESIAN_POINT('',(0.151,0.01755,0.0895));
#15516=CARTESIAN_POINT('',(-0.010625,0.01755,0.0895));
#15517=CARTESIAN_POINT('',(0.205,0.01755,0.115));
#15518=CARTESIAN_POINT('',(0.205,0.01755,0.0895));
#15519=CARTESIAN_POINT('',(0.205,0.01755,0.1155));
#15520=CARTESIAN_POINT('',(0.1795,0.01755,0.1155));
#15521=CARTESIAN_POINT('',(0.179,0.01755,0.1155));
#15522=CARTESIAN_POINT('',(0.179,0.01755,0.11125));
#15523=CARTESIAN_POINT('',(0.179,0.01755,0.0895));
#15524=CARTESIAN_POINT('',(-0.010625,0.01755,0.0895));
#15525=CARTESIAN_POINT('',(-0.095,0.01755,0.143));
#15526=CARTESIAN_POINT('',(-0.095,0.01755,0.1175));
#15527=CARTESIAN_POINT('',(-0.095,0.01755,0.1435));
#15528=CARTESIAN_POINT('',(-0.010625,0.01755,0.1435));
#15529=CARTESIAN_POINT('',(-0.121,0.01755,0.1435));
#15530=CARTESIAN_POINT('',(-0.121,0.01755,0.11125));
#15531=CARTESIAN_POINT('',(-0.121,0.01755,0.1175));
#15532=CARTESIAN_POINT('',(-0.0955,0.01755,0.1175));
#15533=CARTESIAN_POINT('',(-0.095,0.01755,0.115));
#15534=CARTESIAN_POINT('',(-0.095,0.01755,0.0895));
#15535=CARTESIAN_POINT('',(-0.095,0.01755,0.1155));
#15536=CARTESIAN_POINT('',(-0.010625,0.01755,0.1155));
#15537=CARTESIAN_POINT('',(-0.121,0.01755,0.1155));
#15538=CARTESIAN_POINT('',(-0.121,0.01755,0.11125));
#15539=CARTESIAN_POINT('',(-0.121,0.01755,0.0895));
#15540=CARTESIAN_POINT('',(-0.0955,0.01755,0.0895));
#15541=CARTESIAN_POINT('',(-0.123,0.01755,0.143));
#15542=CARTESIAN_POINT('',(-0.123,0.01755,0.1175));
#15543=CARTESIAN_POINT('',(-0.123,0.01755,0.1435));
#15544=CARTESIAN_POINT('',(-0.010625,0.01755,0.1435));
#15545=CARTESIAN_POINT('',(-0.149,0.01755,0.1435));
#15546=CARTESIAN_POINT('',(-0.149,0.01755,0.11125));
#15547=CARTESIAN_POINT('',(-0.149,0.01755,0.1175));
#15548=CARTESIAN_POINT('',(-0.1235,0.01755,0.1175));
#15549=CARTESIAN_POINT('',(-0.123,0.01755,0.115));
#15550=CARTESIAN_POINT('',(-0.123,0.01755,0.0895));
#15551=CARTESIAN_POINT('',(-0.123,0.01755,0.1155));
#15552=CARTESIAN_POINT('',(-0.010625,0.01755,0.1155));
#15553=CARTESIAN_POINT('',(-0.149,0.01755,0.1155));
#15554=CARTESIAN_POINT('',(-0.149,0.01755,0.11125));
#15555=CARTESIAN_POINT('',(-0.149,0.01755,0.0895));
#15556=CARTESIAN_POINT('',(-0.1235,0.01755,0.0895));
#15557=CARTESIAN_POINT('',(-0.151,0.01755,0.143));
#15558=CARTESIAN_POINT('',(-0.151,0.01755,0.1175));
#15559=CARTESIAN_POINT('',(-0.151,0.01755,0.1435));
#15560=CARTESIAN_POINT('',(-0.010625,0.01755,0.1435));
#15561=CARTESIAN_POINT('',(-0.177,0.01755,0.1435));
#15562=CARTESIAN_POINT('',(-0.177,0.01755,0.11125));
#15563=CARTESIAN_POINT('',(-0.177,0.01755,0.1175));
#15564=CARTESIAN_POINT('',(-0.1515,0.01755,0.1175));
#15565=CARTESIAN_POINT('',(-0.151,0.01755,0.115));
#15566=CARTESIAN_POINT('',(-0.151,0.01755,0.0895));
#15567=CARTESIAN_POINT('',(-0.151,0.01755,0.1155));
#15568=CARTESIAN_POINT('',(-0.010625,0.01755,0.1155));
#15569=CARTESIAN_POINT('',(-0.177,0.01755,0.1155));
#15570=CARTESIAN_POINT('',(-0.177,0.01755,0.11125));
#15571=CARTESIAN_POINT('',(-0.177,0.01755,0.0895));
#15572=CARTESIAN_POINT('',(-0.1515,0.01755,0.0895));
#15573=CARTESIAN_POINT('',(-0.179,0.01755,0.143));
#15574=CARTESIAN_POINT('',(-0.179,0.01755,0.1175));
#15575=CARTESIAN_POINT('',(-0.179,0.01755,0.1435));
#15576=CARTESIAN_POINT('',(-0.010625,0.01755,0.1435));
#15577=CARTESIAN_POINT('',(-0.205,0.01755,0.1435));
#15578=CARTESIAN_POINT('',(-0.205,0.01755,0.11125));
#15579=CARTESIAN_POINT('',(-0.205,0.01755,0.1175));
#15580=CARTESIAN_POINT('',(-0.1795,0.01755,0.1175));
#15581=CARTESIAN_POINT('',(-0.205,0.01755,0.11125));
#15582=CARTESIAN_POINT('',(-0.205,0.01755,0.1155));
#15583=CARTESIAN_POINT('',(-0.205,0.01755,0.0895));
#15584=CARTESIAN_POINT('',(-0.1795,0.01755,0.0895));
#15585=CARTESIAN_POINT('',(-0.179,0.01755,0.0895));
#15586=CARTESIAN_POINT('',(-0.179,0.01755,0.115));
#15587=CARTESIAN_POINT('',(-0.179,0.01755,0.1155));
#15588=CARTESIAN_POINT('',(-0.010625,0.01755,0.1155));
#15589=CARTESIAN_POINT('',(0.0425,0.01755,0.068));
#15590=CARTESIAN_POINT('',(0.0425,0.01755,0.0615));
#15591=CARTESIAN_POINT('',(0.0425,0.01755,0.0685));
#15592=CARTESIAN_POINT('',(-0.010625,0.01755,0.0685));
#15593=CARTESIAN_POINT('',(0.0325,0.01755,0.0685));
#15594=CARTESIAN_POINT('',(0.0325,0.01755,0.11125));
#15595=CARTESIAN_POINT('',(0.0325,0.01755,0.0615));
#15596=CARTESIAN_POINT('',(0.042,0.01755,0.0615));
#15597=CARTESIAN_POINT('',(0.0175,0.01755,0.068));
#15598=CARTESIAN_POINT('',(0.0175,0.01755,0.0615));
#15599=CARTESIAN_POINT('',(0.0175,0.01755,0.0685));
#15600=CARTESIAN_POINT('',(-0.010625,0.01755,0.0685));
#15601=CARTESIAN_POINT('',(0.0075,0.01755,0.0685));
#15602=CARTESIAN_POINT('',(0.0075,0.01755,0.11125));
#15603=CARTESIAN_POINT('',(0.0075,0.01755,0.0615));
#15604=CARTESIAN_POINT('',(0.017,0.01755,0.0615));
#15605=CARTESIAN_POINT('',(-0.0075,0.01755,0.068));
#15606=CARTESIAN_POINT('',(-0.0075,0.01755,0.0615));
#15607=CARTESIAN_POINT('',(-0.0075,0.01755,0.0685));
#15608=CARTESIAN_POINT('',(-0.010625,0.01755,0.0685));
#15609=CARTESIAN_POINT('',(-0.0175,0.01755,0.0685));
#15610=CARTESIAN_POINT('',(-0.0175,0.01755,0.11125));
#15611=CARTESIAN_POINT('',(-0.0175,0.01755,0.0615));
#15612=CARTESIAN_POINT('',(-0.008,0.01755,0.0615));
#15613=CARTESIAN_POINT('',(-0.0425,0.01755,0.11125));
#15614=CARTESIAN_POINT('',(-0.0425,0.01755,0.0685));
#15615=CARTESIAN_POINT('',(-0.0425,0.01755,0.0615));
#15616=CARTESIAN_POINT('',(-0.033,0.01755,0.0615));
#15617=CARTESIAN_POINT('',(-0.0325,0.01755,0.0615));
#15618=CARTESIAN_POINT('',(-0.0325,0.01755,0.068));
#15619=CARTESIAN_POINT('',(-0.0325,0.01755,0.0685));
#15620=CARTESIAN_POINT('',(-0.010625,0.01755,0.0685));
#15621=CARTESIAN_POINT('',(0.065,0.01755,0.065));
#15622=CARTESIAN_POINT('',(0.0705,0.01755,0.065));
#15623=CARTESIAN_POINT('',(0.065,0.01755,0.035));
#15624=CARTESIAN_POINT('',(0.0705,0.01755,0.035));
#15625=CARTESIAN_POINT('',(-0.065,0.01755,0.065));
#15626=CARTESIAN_POINT('',(-0.0595,0.01755,0.065));
#15627=CARTESIAN_POINT('',(-0.065,0.01755,0.035));
#15628=CARTESIAN_POINT('',(-0.0595,0.01755,0.035));
#15629=CARTESIAN_POINT('',(0.03475,0.01755,0.1282));
#15630=CARTESIAN_POINT('',(0.04075,0.01755,0.1282));
#15631=CARTESIAN_POINT('',(0.03425,0.01755,0.1282));
#15632=CARTESIAN_POINT('',(0.03425,0.01755,0.0721));
#15633=CARTESIAN_POINT('',(0.03425,0.01755,0.0716));
#15634=CARTESIAN_POINT('',(-0.010625,0.01755,0.0716));
#15635=CARTESIAN_POINT('',(0.04075,0.01755,0.0716));
#15636=CARTESIAN_POINT('',(0.04075,0.01755,0.11125));
#15637=CARTESIAN_POINT('',(0.00975,0.01755,0.1282));
#15638=CARTESIAN_POINT('',(0.01575,0.01755,0.1282));
#15639=CARTESIAN_POINT('',(0.00925,0.01755,0.1282));
#15640=CARTESIAN_POINT('',(0.00925,0.01755,0.0721));
#15641=CARTESIAN_POINT('',(0.00925,0.01755,0.0716));
#15642=CARTESIAN_POINT('',(-0.010625,0.01755,0.0716));
#15643=CARTESIAN_POINT('',(0.01575,0.01755,0.0716));
#15644=CARTESIAN_POINT('',(0.01575,0.01755,0.11125));
#15645=CARTESIAN_POINT('',(-0.01525,0.01755,0.1282));
#15646=CARTESIAN_POINT('',(-0.00925,0.01755,0.1282));
#15647=CARTESIAN_POINT('',(-0.01575,0.01755,0.1282));
#15648=CARTESIAN_POINT('',(-0.01575,0.01755,0.0721));
#15649=CARTESIAN_POINT('',(-0.01575,0.01755,0.0716));
#15650=CARTESIAN_POINT('',(-0.010625,0.01755,0.0716));
#15651=CARTESIAN_POINT('',(-0.00925,0.01755,0.0716));
#15652=CARTESIAN_POINT('',(-0.00925,0.01755,0.11125));
#15653=CARTESIAN_POINT('',(-0.03425,0.01755,0.11125));
#15654=CARTESIAN_POINT('',(-0.03425,0.01755,0.0716));
#15655=CARTESIAN_POINT('',(-0.03425,0.01755,0.1282));
#15656=CARTESIAN_POINT('',(-0.04025,0.01755,0.1282));
#15657=CARTESIAN_POINT('',(-0.04075,0.01755,0.1282));
#15658=CARTESIAN_POINT('',(-0.04075,0.01755,0.0721));
#15659=CARTESIAN_POINT('',(-0.04075,0.01755,0.0716));
#15660=CARTESIAN_POINT('',(-0.010625,0.01755,0.0716));
#15661=CARTESIAN_POINT('',(0.0375,0.01755,0.046));
#15662=CARTESIAN_POINT('',(0.043,0.01755,0.046));
#15663=CARTESIAN_POINT('',(0.0375,0.01755,0.018));
#15664=CARTESIAN_POINT('',(0.043,0.01755,0.018));
#15665=CARTESIAN_POINT('',(0.0375,0.01755,-0.01));
#15666=CARTESIAN_POINT('',(0.043,0.01755,-0.01));
#15667=CARTESIAN_POINT('',(0.0375,0.01755,-0.038));
#15668=CARTESIAN_POINT('',(0.043,0.01755,-0.038));
#15669=CARTESIAN_POINT('',(0.0375,0.01755,-0.066));
#15670=CARTESIAN_POINT('',(0.043,0.01755,-0.066));
#15671=CARTESIAN_POINT('',(0.0125,0.01755,0.046));
#15672=CARTESIAN_POINT('',(0.018,0.01755,0.046));
#15673=CARTESIAN_POINT('',(0.0125,0.01755,0.018));
#15674=CARTESIAN_POINT('',(0.018,0.01755,0.018));
#15675=CARTESIAN_POINT('',(0.0125,0.01755,-0.01));
#15676=CARTESIAN_POINT('',(0.018,0.01755,-0.01));
#15677=CARTESIAN_POINT('',(0.0125,0.01755,-0.038));
#15678=CARTESIAN_POINT('',(0.018,0.01755,-0.038));
#15679=CARTESIAN_POINT('',(0.0125,0.01755,-0.066));
#15680=CARTESIAN_POINT('',(0.018,0.01755,-0.066));
#15681=CARTESIAN_POINT('',(-0.0125,0.01755,0.046));
#15682=CARTESIAN_POINT('',(-0.007,0.01755,0.046));
#15683=CARTESIAN_POINT('',(-0.0125,0.01755,0.018));
#15684=CARTESIAN_POINT('',(-0.007,0.01755,0.018));
#15685=CARTESIAN_POINT('',(-0.0125,0.01755,-0.01));
#15686=CARTESIAN_POINT('',(-0.007,0.01755,-0.01));
#15687=CARTESIAN_POINT('',(-0.0125,0.01755,-0.038));
#15688=CARTESIAN_POINT('',(-0.007,0.01755,-0.038));
#15689=CARTESIAN_POINT('',(-0.0125,0.01755,-0.066));
#15690=CARTESIAN_POINT('',(-0.007,0.01755,-0.066));
#15691=CARTESIAN_POINT('',(-0.0375,0.01755,0.046));
#15692=CARTESIAN_POINT('',(-0.032,0.01755,0.046));
#15693=CARTESIAN_POINT('',(-0.0375,0.01755,0.018));
#15694=CARTESIAN_POINT('',(-0.032,0.01755,0.018));
#15695=CARTESIAN_POINT('',(-0.0375,0.01755,-0.01));
#15696=CARTESIAN_POINT('',(-0.032,0.01755,-0.01));
#15697=CARTESIAN_POINT('',(-0.0375,0.01755,-0.038));
#15698=CARTESIAN_POINT('',(-0.032,0.01755,-0.038));
#15699=CARTESIAN_POINT('',(-0.0375,0.01755,-0.066));
#15700=CARTESIAN_POINT('',(-0.032,0.01755,-0.066));
#15701=CARTESIAN_POINT('',(0.241,0.01755,0.11125));
#15702=CARTESIAN_POINT('',(0.241,0.01755,0.15114999638695));
#15703=CARTESIAN_POINT('',(0.241,0.01755,-0.0908500036130502));
#15704=CARTESIAN_POINT('',(-0.010625,0.01755,-0.0908500036130502));
#15705=CARTESIAN_POINT('',(-0.241,0.01755,-0.0908500036130502));
#15706=CARTESIAN_POINT('',(-0.241,0.01755,0.15514999638695));
#15707=CARTESIAN_POINT('',(-0.241,0.01755,0.15114999638695));
#15708=CARTESIAN_POINT('',(0.245,0.01755,0.15114999638695));
#15709=CARTESIAN_POINT('',(0.1169,-0.00395,-0.0918500036130502));
#15710=CARTESIAN_POINT('',(0.1169,-0.00395,-0.0938500036130502));
#15711=CARTESIAN_POINT('',(0.113275,-0.00395,-0.0938500036130502));
#15712=CARTESIAN_POINT('',(0.194,0.00805,-0.0918500036130502));
#15713=CARTESIAN_POINT('',(0.211,-0.01595,-0.0918500036130502));
#15714=CARTESIAN_POINT('',(0.2205,-0.00394999999999987,-0.0918500036130502));
#15715=CARTESIAN_POINT('',(0.2205,-0.00394999999999987,-0.0938500036130502));
#15716=CARTESIAN_POINT('',(0.2085,-0.00394999999999987,-0.0938500036130502));
#15717=CARTESIAN_POINT('',(0.2115958458925,-0.0119946279982295,-0.0918500036130502));
#15718=CARTESIAN_POINT('',(0.212049421892669,-0.0124966662038311,-0.0918500036130502));
#15719=CARTESIAN_POINT('',(0.21300153550298,-0.0133862350772148,-0.0912885348657301));
#15720=CARTESIAN_POINT('',(0.214110377126417,-0.0141306731473427,-0.0918500036130503));
#15721=CARTESIAN_POINT('',(0.214713118888716,-0.0144624691202337,-0.0918500036130502));
#15722=CARTESIAN_POINT('',(0.23,0.00805,-0.0918500036130502));
#15723=CARTESIAN_POINT('',(0.1845,-0.00395,-0.0918500036130502));
#15724=CARTESIAN_POINT('',(0.1845,-0.00395,-0.0938500036130502));
#15725=CARTESIAN_POINT('',(0.1725,-0.00395,-0.0938500036130502));
#15726=CARTESIAN_POINT('',(0.1934041541075,0.00409462799822945,-0.0918500036130502));
#15727=CARTESIAN_POINT('',(0.192950578107331,0.00459666620383109,-0.0918500036130502));
#15728=CARTESIAN_POINT('',(0.19199846449702,0.00548623507721491,-0.09128853486573));
#15729=CARTESIAN_POINT('',(0.190889622873583,0.00623067314734274,-0.0918500036130503));
#15730=CARTESIAN_POINT('',(0.190286881111284,0.00656246912023378,-0.0918500036130502));
#15731=CARTESIAN_POINT('',(0.175595845892501,-0.0119946279982294,-0.0918500036130502));
#15732=CARTESIAN_POINT('',(0.176049421892669,-0.0124966662038311,-0.0918500036130502));
#15733=CARTESIAN_POINT('',(0.17700153550298,-0.0133862350772149,-0.0912885348657299));
#15734=CARTESIAN_POINT('',(0.178110377126417,-0.0141306731473427,-0.0918500036130503));
#15735=CARTESIAN_POINT('',(0.178713118888716,-0.0144624691202338,-0.0918500036130502));
#15736=CARTESIAN_POINT('',(0.175,-0.01595,-0.0918500036130502));
#15737=CARTESIAN_POINT('',(0.157,-0.00395,-0.0918500036130502));
#15738=CARTESIAN_POINT('',(0.157,-0.00395,-0.0938500036130502));
#15739=CARTESIAN_POINT('',(0.1515,-0.00395,-0.0938500036130502));
#15740=CARTESIAN_POINT('',(0.136,-0.00395,-0.0918500036130502));
#15741=CARTESIAN_POINT('',(0.136,-0.00395,-0.0938500036130502));
#15742=CARTESIAN_POINT('',(0.1305,-0.00395,-0.0938500036130502));
#15743=CARTESIAN_POINT('',(0.175,-0.01595,-0.0868500036130502));
#15744=CARTESIAN_POINT('',(0.175,-0.01595,-0.0868500036130502));
#15745=CARTESIAN_POINT('',(0.1725,-0.01595,-0.0868500036130502));
#15746=CARTESIAN_POINT('',(0.175,-0.01595,-0.0868500036130502));
#15747=CARTESIAN_POINT('',(0.175,-0.01595,-0.0908500036130502));
#15748=CARTESIAN_POINT('',(0.175,-0.01895,-0.0908500036130502));
#15749=CARTESIAN_POINT('',(0.175,-0.01595,-0.0868500036130502));
#15750=CARTESIAN_POINT('',(0.172,-0.01595,-0.0868500036130502));
#15751=CARTESIAN_POINT('',(4.91953437244829E-18,-0.00395,-0.0868500036130502));
#15752=CARTESIAN_POINT('',(0.194,0.00805,-0.0868500036130502));
#15753=CARTESIAN_POINT('',(0.194,0.00805,-0.0868500036130502));
#15754=CARTESIAN_POINT('',(0.1915,0.00805,-0.0868500036130502));
#15755=CARTESIAN_POINT('',(0.194,0.00805,-0.0868500036130502));
#15756=CARTESIAN_POINT('',(0.194,0.00805,-0.0908500036130502));
#15757=CARTESIAN_POINT('',(0.194,0.00505,-0.0908500036130502));
#15758=CARTESIAN_POINT('',(0.194,0.00805,-0.0868500036130502));
#15759=CARTESIAN_POINT('',(0.191,0.00805,-0.0868500036130502));
#15760=CARTESIAN_POINT('',(4.91953437244829E-18,-0.00395,-0.0868500036130502));
#15761=CARTESIAN_POINT('',(0.211,-0.01595,-0.0868500036130502));
#15762=CARTESIAN_POINT('',(0.211,-0.01595,-0.0868500036130502));
#15763=CARTESIAN_POINT('',(0.2085,-0.01595,-0.0868500036130502));
#15764=CARTESIAN_POINT('',(0.211,-0.01595,-0.0868500036130502));
#15765=CARTESIAN_POINT('',(0.211,-0.01595,-0.0908500036130502));
#15766=CARTESIAN_POINT('',(0.211,-0.01895,-0.0908500036130502));
#15767=CARTESIAN_POINT('',(0.211,-0.01595,-0.0868500036130502));
#15768=CARTESIAN_POINT('',(0.208,-0.01595,-0.0868500036130502));
#15769=CARTESIAN_POINT('',(4.91953437244829E-18,-0.00395,-0.0868500036130502));
#15770=CARTESIAN_POINT('',(0.23,0.00805,-0.0868500036130502));
#15771=CARTESIAN_POINT('',(0.23,0.00805,-0.0868500036130502));
#15772=CARTESIAN_POINT('',(0.227,0.00805,-0.0868500036130502));
#15773=CARTESIAN_POINT('',(0.23,0.00805,-0.0868500036130502));
#15774=CARTESIAN_POINT('',(0.23,0.00805,-0.0868500036130502));
#15775=CARTESIAN_POINT('',(0.2275,0.00805,-0.0868500036130502));
#15776=CARTESIAN_POINT('',(4.91953437244829E-18,-0.00395,-0.0868500036130502));
#15777=CARTESIAN_POINT('',(0.242,-0.00395,-0.0228500036130502));
#15778=CARTESIAN_POINT('',(0.244,-0.00395,-0.0228500036130502));
#15779=CARTESIAN_POINT('',(0.244,-0.00395,-0.0348500036130502));
#15780=CARTESIAN_POINT('',(0.242,0.00755,-0.0128500036130502));
#15781=CARTESIAN_POINT('',(0.242,-0.01545,0.00514999638694977));
#15782=CARTESIAN_POINT('',(0.242,-0.00395,0.0151499963869498));
#15783=CARTESIAN_POINT('',(0.244,-0.00395,0.0151499963869498));
#15784=CARTESIAN_POINT('',(0.244,-0.00395,0.00314999638694975));
#15785=CARTESIAN_POINT('',(0.242,0.00755,0.0251499963869498));
#15786=CARTESIAN_POINT('',(0.242,-0.01545,-0.0328500036130502));
#15787=CARTESIAN_POINT('',(-0.06,-0.00745,0.13014999638695));
#15788=CARTESIAN_POINT('',(-0.06,-0.00745,0.15414999638695));
#15789=CARTESIAN_POINT('',(-0.063625,-0.00745,0.15414999638695));
#15790=CARTESIAN_POINT('',(-0.205,0.00155,-0.0918500036130502));
#15791=CARTESIAN_POINT('',(-0.2015,0.00155,-0.0918500036130502));
#15792=CARTESIAN_POINT('',(-0.2085,0.00155,-0.0918500036130502));
#15793=CARTESIAN_POINT('',(-0.2085,-0.00394999999999995,-0.0918500036130502));
#15794=CARTESIAN_POINT('',(-0.2085,-0.00945,-0.0918500036130502));
#15795=CARTESIAN_POINT('',(-0.2015,-0.00394999999999995,-0.0918500036130502));
#15796=CARTESIAN_POINT('',(-0.2015,-0.00945,-0.0918500036130502));
#15797=CARTESIAN_POINT('',(2.16380201738168E-17,-0.00945,-0.0918500036130502));
#15798=CARTESIAN_POINT('',(-0.06,-0.00745,0.15414999638695));
#15799=CARTESIAN_POINT('',(0.244,-0.00395,0.0151499963869498));
#15800=CARTESIAN_POINT('',(0.244,-0.00395,-0.0228500036130502));
#15801=CARTESIAN_POINT('',(0.1169,-0.00395,-0.0938500036130502));
#15802=CARTESIAN_POINT('',(0.136,-0.00395,-0.0938500036130502));
#15803=CARTESIAN_POINT('',(0.157,-0.00395,-0.0938500036130502));
#15804=CARTESIAN_POINT('',(0.2205,-0.00394999999999987,-0.0938500036130502));
#15805=CARTESIAN_POINT('',(0.1845,-0.00395,-0.0938500036130502));
#15806=CARTESIAN_POINT('',(-0.2405,-0.02245,0.14514999638695));
#15807=CARTESIAN_POINT('',(-0.239868814955824,0.01455,0.14514999638695));
#15808=CARTESIAN_POINT('',(-0.239577148560016,0.01455,0.14514999638695));
#15809=CARTESIAN_POINT('',(-0.23928759901294,0.0145249094260453,0.14514999638695));
#15810=CARTESIAN_POINT('',(-0.239,0.0144766995709213,0.14514999638695));
#15811=CARTESIAN_POINT('',(-0.239,0.0144766995709213,0.14514999638695));
#15812=CARTESIAN_POINT('',(-0.239,-0.02245,0.14514999638695));
#15813=CARTESIAN_POINT('',(-0.239,-0.02245,0.14514999638695));
#15814=CARTESIAN_POINT('',(-0.2405,-0.02245,0.14514999638695));
#15815=CARTESIAN_POINT('',(-0.24,-0.02245,0.14514999638695));
#15816=CARTESIAN_POINT('',(-0.24,0.01455,0.14514999638695));
#15817=CARTESIAN_POINT('',(-0.239,-0.02245,0.14914999638695));
#15818=CARTESIAN_POINT('',(-0.239,0.0144766995709213,0.14514999638695));
#15819=CARTESIAN_POINT('',(-0.238468067959961,0.0143875324826066,0.14514999638695));
#15820=CARTESIAN_POINT('',(-0.237708689366637,0.0141480902862129,0.145302812508567));
#15821=CARTESIAN_POINT('',(-0.236776033919467,0.0139345438237522,0.145792780995047));
#15822=CARTESIAN_POINT('',(-0.235941936400908,0.013936153003094,0.146476794887919));
#15823=CARTESIAN_POINT('',(-0.235218647932489,0.0143305366383913,0.147565828123124));
#15824=CARTESIAN_POINT('',(-0.235,0.0145465550855633,0.148610756735009));
#15825=CARTESIAN_POINT('',(-0.235,0.0145499156085977,0.14914999638695));
#15826=CARTESIAN_POINT('',(-0.235,0.0145499156085977,0.14914999638695));
#15827=CARTESIAN_POINT('',(-0.235,-0.02245,0.14914999638695));
#15828=CARTESIAN_POINT('',(-0.235,-0.02245,0.14914999638695));
#15829=CARTESIAN_POINT('',(-0.239,-0.02245,0.14914999638695));
#15830=CARTESIAN_POINT('',(-0.235,-0.02245,0.15064999638695));
#15831=CARTESIAN_POINT('',(-0.235,0.0145499156085977,0.14914999638695));
#15832=CARTESIAN_POINT('',(-0.235,0.0145499718616785,0.14915902292579));
#15833=CARTESIAN_POINT('',(-0.235,0.01455,0.149168049552246));
#15834=CARTESIAN_POINT('',(-0.235,0.01455,0.149177076266392));
#15835=CARTESIAN_POINT('',(-0.235,-0.02245,0.15014999638695));
#15836=CARTESIAN_POINT('',(-0.235,-0.02245,0.15014999638695));
#15837=CARTESIAN_POINT('',(-0.235,-0.02245,0.15064999638695));
#15838=CARTESIAN_POINT('',(-0.109,-0.02245,0.0301499963869498));
#15839=CARTESIAN_POINT('',(-0.109,0.01055,0.0301499963869498));
#15840=CARTESIAN_POINT('',(-0.105,0.01055,0.0301499963869498));
#15841=CARTESIAN_POINT('',(-0.109,-0.02245,0.0301499963869498));
#15842=CARTESIAN_POINT('',(-0.113,-0.02245,0.0301499963869498));
#15843=CARTESIAN_POINT('',(5.55111512312578E-17,-0.02245,0.0301499963869497));
#15844=CARTESIAN_POINT('',(-0.109,-0.02245,0.0301499963869498));
#15845=CARTESIAN_POINT('',(-0.1115,-0.02245,0.0301499963869498));
#15846=CARTESIAN_POINT('',(0.111,-0.02245,0.0301499963869498));
#15847=CARTESIAN_POINT('',(0.111,0.01055,0.0301499963869498));
#15848=CARTESIAN_POINT('',(0.115,0.01055,0.0301499963869498));
#15849=CARTESIAN_POINT('',(0.111,-0.02245,0.0301499963869498));
#15850=CARTESIAN_POINT('',(0.107,-0.02245,0.0301499963869498));
#15851=CARTESIAN_POINT('',(5.55111512312578E-17,-0.02245,0.0301499963869497));
#15852=CARTESIAN_POINT('',(0.111,-0.02245,0.0301499963869498));
#15853=CARTESIAN_POINT('',(0.1085,-0.02245,0.0301499963869498));
#15854=CARTESIAN_POINT('',(0.191,-0.02245,0.0301499963869498));
#15855=CARTESIAN_POINT('',(0.191,0.01055,0.0301499963869498));
#15856=CARTESIAN_POINT('',(0.195,0.01055,0.0301499963869498));
#15857=CARTESIAN_POINT('',(0.191,-0.02245,0.0301499963869498));
#15858=CARTESIAN_POINT('',(0.187,-0.02245,0.0301499963869498));
#15859=CARTESIAN_POINT('',(5.55111512312578E-17,-0.02245,0.0301499963869497));
#15860=CARTESIAN_POINT('',(0.191,-0.02245,0.0301499963869498));
#15861=CARTESIAN_POINT('',(0.1885,-0.02245,0.0301499963869498));
#15862=CARTESIAN_POINT('',(0.111,-0.02245,-0.0148500036130501));
#15863=CARTESIAN_POINT('',(0.111,0.01055,-0.0148500036130501));
#15864=CARTESIAN_POINT('',(0.115,0.01055,-0.0148500036130501));
#15865=CARTESIAN_POINT('',(0.111,-0.02245,-0.0148500036130501));
#15866=CARTESIAN_POINT('',(0.107,-0.02245,-0.0148500036130501));
#15867=CARTESIAN_POINT('',(5.55111512312578E-17,-0.02245,0.0301499963869497));
#15868=CARTESIAN_POINT('',(0.111,-0.02245,-0.0148500036130501));
#15869=CARTESIAN_POINT('',(0.1085,-0.02245,-0.0148500036130501));
#15870=CARTESIAN_POINT('',(-0.235,-0.02245,-0.0903500036130502));
#15871=CARTESIAN_POINT('',(-0.235,0.01455,-0.0898500036130502));
#15872=CARTESIAN_POINT('',(-0.235,-0.02245,-0.0898500036130502));
#15873=CARTESIAN_POINT('',(-0.235,0.0138270715103742,-0.0898500036130502));
#15874=CARTESIAN_POINT('',(-0.235,0.0138270715103742,-0.0898500036130502));
#15875=CARTESIAN_POINT('',(-0.235,0.0137149418263844,-0.0895175686436051));
#15876=CARTESIAN_POINT('',(-0.235,0.0136005800752552,-0.0891858661866642));
#15877=CARTESIAN_POINT('',(-0.235,0.0134988947762968,-0.0888500036130501));
#15878=CARTESIAN_POINT('',(-0.235,0.0134988947762963,-0.0888500036130502));
#15879=CARTESIAN_POINT('',(-0.235,-0.02245,-0.0888500036130502));
#15880=CARTESIAN_POINT('',(-0.235,-0.02245,-0.0888500036130502));
#15881=CARTESIAN_POINT('',(-0.235,-0.02245,-0.0903500036130502));
#15882=CARTESIAN_POINT('',(-0.239,-0.02245,-0.0888500036130502));
#15883=CARTESIAN_POINT('',(-0.235,0.0134988947762963,-0.0888500036130502));
#15884=CARTESIAN_POINT('',(-0.235,0.0133720147401039,-0.0884309238057201));
#15885=CARTESIAN_POINT('',(-0.235146976033327,0.0133280419388807,-0.0875448594267277));
#15886=CARTESIAN_POINT('',(-0.235711315331972,0.0138912599561717,-0.0864747925349178));
#15887=CARTESIAN_POINT('',(-0.236549388773566,0.0144002540465284,-0.0856070887197723));
#15888=CARTESIAN_POINT('',(-0.237318730490685,0.01455,-0.0851941472782811));
#15889=CARTESIAN_POINT('',(-0.237734344284948,0.01455,-0.0850555187190286));
#15890=CARTESIAN_POINT('',(-0.239,-0.02245,-0.0848500036130502));
#15891=CARTESIAN_POINT('',(-0.239,-0.02245,-0.0848500036130502));
#15892=CARTESIAN_POINT('',(-0.239,-0.02245,-0.0888500036130502));
#15893=CARTESIAN_POINT('',(-0.2405,-0.02245,-0.0848500036130502));
#15894=CARTESIAN_POINT('',(-0.24,-0.02245,-0.0848500036130502));
#15895=CARTESIAN_POINT('',(-0.24,-0.02245,-0.0848500036130502));
#15896=CARTESIAN_POINT('',(-0.2405,-0.02245,-0.0848500036130502));
#15897=CARTESIAN_POINT('',(0.239,-0.02245,0.14914999638695));
#15898=CARTESIAN_POINT('',(0.239,-0.02245,0.14514999638695));
#15899=CARTESIAN_POINT('',(0.239,-0.02245,0.14514999638695));
#15900=CARTESIAN_POINT('',(0.239,-0.02245,0.14914999638695));
#15901=CARTESIAN_POINT('',(0.235,-0.02245,0.14914999638695));
#15902=CARTESIAN_POINT('',(0.235,-0.02245,0.14914999638695));
#15903=CARTESIAN_POINT('',(0.2405,-0.02245,0.14514999638695));
#15904=CARTESIAN_POINT('',(0.24,-0.02245,0.14514999638695));
#15905=CARTESIAN_POINT('',(0.24,-0.02245,0.14514999638695));
#15906=CARTESIAN_POINT('',(0.2405,-0.02245,0.14514999638695));
#15907=CARTESIAN_POINT('',(0.235,-0.02245,0.15064999638695));
#15908=CARTESIAN_POINT('',(0.235,-0.02245,0.15064999638695));
#15909=CARTESIAN_POINT('',(0.235,-0.02245,0.15014999638695));
#15910=CARTESIAN_POINT('',(0.235,-0.02245,0.15014999638695));
#15911=CARTESIAN_POINT('',(0.2405,-0.02245,-0.0848500036130503));
#15912=CARTESIAN_POINT('',(0.2405,-0.02245,-0.0848500036130503));
#15913=CARTESIAN_POINT('',(0.239,-0.02245,-0.0848500036130503));
#15914=CARTESIAN_POINT('',(0.24,-0.02245,-0.0848500036130503));
#15915=CARTESIAN_POINT('',(0.24,-0.02245,-0.0848500036130503));
#15916=CARTESIAN_POINT('',(0.239,-0.02245,-0.0848500036130503));
#15917=CARTESIAN_POINT('',(0.239,-0.02245,-0.0888500036130502));
#15918=CARTESIAN_POINT('',(0.235,-0.02245,-0.0888500036130503));
#15919=CARTESIAN_POINT('',(0.235,-0.02245,-0.0888500036130503));
#15920=CARTESIAN_POINT('',(0.239,-0.02245,-0.0888500036130502));
#15921=CARTESIAN_POINT('',(0.235,-0.02245,-0.0903500036130502));
#15922=CARTESIAN_POINT('',(0.235,-0.02245,-0.0898500036130502));
#15923=CARTESIAN_POINT('',(0.235,-0.02245,-0.0898500036130502));
#15924=CARTESIAN_POINT('',(0.235,-0.02245,-0.0903500036130502));
#15925=CARTESIAN_POINT('',(5.55111512312578E-17,-0.02245,0.0301499963869497));
#15926=CARTESIAN_POINT('',(-0.239,-0.02245,-0.0888500036130502));
#15927=CARTESIAN_POINT('',(-0.2415,-0.02245,-0.0888500036130502));
#15928=CARTESIAN_POINT('',(0.239,-0.02245,-0.0888500036130502));
#15929=CARTESIAN_POINT('',(0.2365,-0.02245,-0.0888500036130502));
#15930=CARTESIAN_POINT('',(0.239,-0.02245,0.14914999638695));
#15931=CARTESIAN_POINT('',(0.2365,-0.02245,0.14914999638695));
#15932=CARTESIAN_POINT('',(-0.239,-0.02245,0.14914999638695));
#15933=CARTESIAN_POINT('',(-0.2415,-0.02245,0.14914999638695));
#15934=CARTESIAN_POINT('',(-0.233,-0.02245,0.15014999638695));
#15935=CARTESIAN_POINT('',(0.233,-0.02245,0.15014999638695));
#15936=CARTESIAN_POINT('',(0.24,-0.02245,0.14314999638695));
#15937=CARTESIAN_POINT('',(0.24,-0.02245,-0.0828500036130503));
#15938=CARTESIAN_POINT('',(0.233,-0.02245,-0.0898500036130502));
#15939=CARTESIAN_POINT('',(-0.233,-0.02245,-0.0898500036130502));
#15940=CARTESIAN_POINT('',(-0.24,-0.02245,-0.0828500036130502));
#15941=CARTESIAN_POINT('',(-0.24,-0.02245,0.14314999638695));
#15942=CARTESIAN_POINT('',(0.,-0.02245,0.15314999638695));
#15943=CARTESIAN_POINT('',(-0.243,-0.02245,0.15314999638695));
#15944=CARTESIAN_POINT('',(0.243,-0.02245,0.15314999638695));
#15945=CARTESIAN_POINT('',(-0.243,-0.02245,0.0301499963869497));
#15946=CARTESIAN_POINT('',(-0.243,-0.02245,-0.0928500036130503));
#15947=CARTESIAN_POINT('',(0.,-0.02245,-0.0928500036130503));
#15948=CARTESIAN_POINT('',(0.243,-0.02245,-0.0928500036130503));
#15949=CARTESIAN_POINT('',(0.243,-0.02245,0.0301499963869497));
#15950=CARTESIAN_POINT('',(-0.189,-0.02245,0.0301499963869497));
#15951=CARTESIAN_POINT('',(-0.189,0.01055,0.0301499963869497));
#15952=CARTESIAN_POINT('',(-0.185,0.01055,0.0301499963869497));
#15953=CARTESIAN_POINT('',(-0.189,-0.02245,0.0301499963869497));
#15954=CARTESIAN_POINT('',(-0.193,-0.02245,0.0301499963869497));
#15955=CARTESIAN_POINT('',(5.55111512312578E-17,-0.02245,0.0301499963869497));
#15956=CARTESIAN_POINT('',(-0.189,-0.02245,0.0301499963869497));
#15957=CARTESIAN_POINT('',(-0.1915,-0.02245,0.0301499963869497));
#15958=CARTESIAN_POINT('',(0.,-0.02245,0.15314999638695));
#15959=CARTESIAN_POINT('',(-0.243,-0.02245,0.15314999638695));
#15960=CARTESIAN_POINT('',(0.243,-0.02245,0.15314999638695));
#15961=CARTESIAN_POINT('',(-0.243,-0.02245,0.0301499963869497));
#15962=CARTESIAN_POINT('',(-0.243,-0.02245,-0.0928500036130503));
#15963=CARTESIAN_POINT('',(0.,-0.02245,-0.0928500036130503));
#15964=CARTESIAN_POINT('',(0.243,-0.02245,-0.0928500036130503));
#15965=CARTESIAN_POINT('',(0.243,-0.02245,0.0301499963869497));
#15966=CARTESIAN_POINT('',(0.24,-0.02245,-0.0828500036130503));
#15967=CARTESIAN_POINT('',(0.233,-0.02545,-0.0898500036130502));
#15968=CARTESIAN_POINT('',(-0.233,-0.02245,-0.0898500036130502));
#15969=CARTESIAN_POINT('',(-0.233,0.0137634592290827,-0.0918500036130502));
#15970=CARTESIAN_POINT('',(-0.233500648599706,0.0139616247891894,-0.0918500036130502));
#15971=CARTESIAN_POINT('',(-0.234570192560416,0.0141248612266198,-0.0914311950115837));
#15972=CARTESIAN_POINT('',(-0.235,0.0139991771444998,-0.0903602514723691));
#15973=CARTESIAN_POINT('',(-0.235,0.0138270715103742,-0.0898500036130502));
#15974=CARTESIAN_POINT('',(-0.24,-0.02545,-0.0828500036130502));
#15975=CARTESIAN_POINT('',(-0.233,-0.02545,0.15014999638695));
#15976=CARTESIAN_POINT('',(-0.24,-0.02245,0.14314999638695));
#15977=CARTESIAN_POINT('',(0.233,-0.02245,0.15014999638695));
#15978=CARTESIAN_POINT('',(0.24,-0.02545,0.14314999638695));
#15979=CARTESIAN_POINT('',(-0.189,-0.01645,0.0301499963869497));
#15980=CARTESIAN_POINT('',(-0.189,-0.01645,0.0301499963869497));
#15981=CARTESIAN_POINT('',(-0.1915,-0.01645,0.0301499963869497));
#15982=CARTESIAN_POINT('',(5.55111512312578E-17,-0.01645,0.0301499963869497));
#15983=CARTESIAN_POINT('',(-0.239,-0.01645,0.14914999638695));
#15984=CARTESIAN_POINT('',(-0.239,-0.01645,0.14914999638695));
#15985=CARTESIAN_POINT('',(-0.2415,-0.01645,0.14914999638695));
#15986=CARTESIAN_POINT('',(5.55111512312578E-17,-0.01645,0.0301499963869497));
#15987=CARTESIAN_POINT('',(0.239,-0.01645,0.14914999638695));
#15988=CARTESIAN_POINT('',(0.239,-0.01645,0.14914999638695));
#15989=CARTESIAN_POINT('',(0.2365,-0.01645,0.14914999638695));
#15990=CARTESIAN_POINT('',(5.55111512312578E-17,-0.01645,0.0301499963869497));
#15991=CARTESIAN_POINT('',(0.239,-0.01645,-0.0888500036130502));
#15992=CARTESIAN_POINT('',(0.239,-0.01645,-0.0888500036130502));
#15993=CARTESIAN_POINT('',(0.2365,-0.01645,-0.0888500036130502));
#15994=CARTESIAN_POINT('',(5.55111512312578E-17,-0.01645,0.0301499963869497));
#15995=CARTESIAN_POINT('',(-0.239,-0.01645,-0.0888500036130502));
#15996=CARTESIAN_POINT('',(-0.239,-0.01645,-0.0888500036130502));
#15997=CARTESIAN_POINT('',(-0.2415,-0.01645,-0.0888500036130502));
#15998=CARTESIAN_POINT('',(5.55111512312578E-17,-0.01645,0.0301499963869497));
#15999=CARTESIAN_POINT('',(0.111,-0.01645,-0.0148500036130501));
#16000=CARTESIAN_POINT('',(0.111,-0.01645,-0.0148500036130501));
#16001=CARTESIAN_POINT('',(0.1085,-0.01645,-0.0148500036130501));
#16002=CARTESIAN_POINT('',(5.55111512312578E-17,-0.01645,0.0301499963869497));
#16003=CARTESIAN_POINT('',(0.191,-0.01645,0.0301499963869498));
#16004=CARTESIAN_POINT('',(0.191,-0.01645,0.0301499963869498));
#16005=CARTESIAN_POINT('',(0.1885,-0.01645,0.0301499963869498));
#16006=CARTESIAN_POINT('',(5.55111512312578E-17,-0.01645,0.0301499963869497));
#16007=CARTESIAN_POINT('',(0.111,-0.01645,0.0301499963869498));
#16008=CARTESIAN_POINT('',(0.111,-0.01645,0.0301499963869498));
#16009=CARTESIAN_POINT('',(0.1085,-0.01645,0.0301499963869498));
#16010=CARTESIAN_POINT('',(5.55111512312578E-17,-0.01645,0.0301499963869497));
#16011=CARTESIAN_POINT('',(-0.109,-0.01645,0.0301499963869498));
#16012=CARTESIAN_POINT('',(-0.109,-0.01645,0.0301499963869498));
#16013=CARTESIAN_POINT('',(-0.1115,-0.01645,0.0301499963869498));
#16014=CARTESIAN_POINT('',(5.55111512312578E-17,-0.01645,0.0301499963869497));
#16015=CARTESIAN_POINT('',(0.166,-0.02245,-0.0548500036130502));
#16016=CARTESIAN_POINT('',(0.166,0.01055,-0.0548500036130502));
#16017=CARTESIAN_POINT('',(0.17,0.01055,-0.0548500036130502));
#16018=CARTESIAN_POINT('',(0.166,-0.02245,-0.0548500036130502));
#16019=CARTESIAN_POINT('',(0.162,-0.02245,-0.0548500036130502));
#16020=CARTESIAN_POINT('',(5.55111512312578E-17,-0.02245,0.0301499963869497));
#16021=CARTESIAN_POINT('',(0.076,-0.02245,-0.0198500036130502));
#16022=CARTESIAN_POINT('',(0.076,0.01055,-0.0198500036130502));
#16023=CARTESIAN_POINT('',(0.08,0.01055,-0.0198500036130502));
#16024=CARTESIAN_POINT('',(0.076,-0.02245,-0.0198500036130502));
#16025=CARTESIAN_POINT('',(0.072,-0.02245,-0.0198500036130502));
#16026=CARTESIAN_POINT('',(5.55111512312578E-17,-0.02245,0.0301499963869497));
#16027=CARTESIAN_POINT('',(-0.076,-0.02245,-0.0198500036130502));
#16028=CARTESIAN_POINT('',(-0.076,0.01055,-0.0198500036130502));
#16029=CARTESIAN_POINT('',(-0.072,0.01055,-0.0198500036130502));
#16030=CARTESIAN_POINT('',(-0.076,-0.02245,-0.0198500036130502));
#16031=CARTESIAN_POINT('',(-0.08,-0.02245,-0.0198500036130502));
#16032=CARTESIAN_POINT('',(5.55111512312578E-17,-0.02245,0.0301499963869497));
#16033=CARTESIAN_POINT('',(0.241,0.01455,0.15114999638695));
#16034=CARTESIAN_POINT('',(0.241,-0.024325,0.15114999638695));
#16035=CARTESIAN_POINT('',(0.241,0.01355,0.15114999638695));
#16036=CARTESIAN_POINT('',(0.241,0.01355,0.15114999638695));
#16037=CARTESIAN_POINT('',(0.241,0.01355,0.15114999638695));
#16038=CARTESIAN_POINT('',(0.241,0.01355,0.15114999638695));
#16039=CARTESIAN_POINT('',(0.241,0.01455,-0.0908500036130502));
#16040=CARTESIAN_POINT('',(0.241,-0.024325,-0.0908500036130502));
#16041=CARTESIAN_POINT('',(0.241,0.01355,-0.0908500036130502));
#16042=CARTESIAN_POINT('',(0.241,0.01355,0.11125));
#16043=CARTESIAN_POINT('',(0.241,0.01355,-0.0908500036130502));
#16044=CARTESIAN_POINT('',(-2.73024233606798E-17,0.01355,0.15114999638695));
#16045=CARTESIAN_POINT('',(-0.241,0.01355,0.15114999638695));
#16046=CARTESIAN_POINT('',(-0.241,0.01455,0.15114999638695));
#16047=CARTESIAN_POINT('',(-0.241,-0.024325,0.15114999638695));
#16048=CARTESIAN_POINT('',(-0.241,0.01355,0.15114999638695));
#16049=CARTESIAN_POINT('',(0.241,0.01355,-0.0908500036130502));
#16050=CARTESIAN_POINT('',(0.241,0.01355,-0.0908500036130502));
#16051=CARTESIAN_POINT('',(-0.241,0.01355,0.15114999638695));
#16052=CARTESIAN_POINT('',(-0.241,0.01355,0.15114999638695));
#16053=CARTESIAN_POINT('',(-0.010625,0.01355,-0.0908500036130502));
#16054=CARTESIAN_POINT('',(-0.241,0.01355,-0.0908500036130502));
#16055=CARTESIAN_POINT('',(-0.241,0.01355,0.0301499963869497));
#16056=CARTESIAN_POINT('',(-0.241,0.01355,-0.0908500036130502));
#16057=CARTESIAN_POINT('',(-0.241,0.01355,-0.0908500036130502));
#16058=CARTESIAN_POINT('',(-0.241,0.01355,-0.0908500036130502));
#16059=CARTESIAN_POINT('',(-0.241,0.01455,-0.0908500036130502));
#16060=CARTESIAN_POINT('',(-0.241,-0.024325,-0.0908500036130502));
#16061=CARTESIAN_POINT('',(-0.241,-0.024325,-0.0908500036130502));
#16062=CARTESIAN_POINT('',(-0.243875,-0.024325,-0.0908500036130502));
#16063=CARTESIAN_POINT('',(-0.241,-0.024325,-0.0937250036130503));
#16064=CARTESIAN_POINT('',(2.76918510797767E-17,-0.024325,-0.0937250036130502));
#16065=CARTESIAN_POINT('',(0.241,-0.024325,-0.0937250036130502));
#16066=CARTESIAN_POINT('',(-0.243875,-0.024325,0.0301499963869497));
#16067=CARTESIAN_POINT('',(-0.243875,-0.024325,0.15114999638695));
#16068=CARTESIAN_POINT('',(0.241,-0.024325,-0.0908500036130502));
#16069=CARTESIAN_POINT('',(0.243875,-0.024325,-0.0908500036130502));
#16070=CARTESIAN_POINT('',(-0.241,-0.024325,0.15114999638695));
#16071=CARTESIAN_POINT('',(-0.241,-0.024325,0.15402499638695));
#16072=CARTESIAN_POINT('',(0.243875,-0.024325,0.0301499963869498));
#16073=CARTESIAN_POINT('',(0.243875,-0.024325,0.15114999638695));
#16074=CARTESIAN_POINT('',(-1.40335588954532E-17,-0.024325,0.15402499638695));
#16075=CARTESIAN_POINT('',(0.241,-0.024325,0.15402499638695));
#16076=CARTESIAN_POINT('',(0.241,-0.024325,0.15114999638695));
#16077=CARTESIAN_POINT('',(0.073,0.01705,0.1315));
#16078=CARTESIAN_POINT('',(-0.227,0.01705,0.1315));
#16079=CARTESIAN_POINT('',(0.205,0.01705,0.1305));
#16080=CARTESIAN_POINT('',(0.205,0.01705,0.1435));
#16081=CARTESIAN_POINT('',(0.205,0.01705,0.1175));
#16082=CARTESIAN_POINT('',(-0.010625,0.01705,0.1175));
#16083=CARTESIAN_POINT('',(0.179,0.01705,0.1175));
#16084=CARTESIAN_POINT('',(0.192,0.01705,0.1435));
#16085=CARTESIAN_POINT('',(0.179,0.01705,0.1435));
#16086=CARTESIAN_POINT('',(0.179,0.01705,0.1305));
#16087=CARTESIAN_POINT('',(0.22075,0.01705,0.11125));
#16088=CARTESIAN_POINT('',(0.22075,0.01705,0.0847));
#16089=CARTESIAN_POINT('',(0.22075,0.01705,0.1413));
#16090=CARTESIAN_POINT('',(0.224,0.01705,0.1413));
#16091=CARTESIAN_POINT('',(0.22725,0.01705,0.1413));
#16092=CARTESIAN_POINT('',(-0.010625,0.01705,0.0847));
#16093=CARTESIAN_POINT('',(0.22725,0.01705,0.0847));
#16094=CARTESIAN_POINT('',(0.22725,0.01705,0.113));
#16095=CARTESIAN_POINT('',(0.0283,0.01705,0.1404));
#16096=CARTESIAN_POINT('',(0.0283,0.01705,0.13715));
#16097=CARTESIAN_POINT('',(0.0283,0.01705,0.14365));
#16098=CARTESIAN_POINT('',(-0.010625,0.01705,0.14365));
#16099=CARTESIAN_POINT('',(-0.0283,0.01705,0.14365));
#16100=CARTESIAN_POINT('',(-0.0139,0.01705,0.13715));
#16101=CARTESIAN_POINT('',(-0.0283,0.01705,0.13715));
#16102=CARTESIAN_POINT('',(-0.0283,0.01705,0.11125));
#16103=CARTESIAN_POINT('',(-0.07925,0.01705,0.11125));
#16104=CARTESIAN_POINT('',(-0.07925,0.01705,0.0847));
#16105=CARTESIAN_POINT('',(-0.07925,0.01705,0.1413));
#16106=CARTESIAN_POINT('',(-0.076,0.01705,0.1413));
#16107=CARTESIAN_POINT('',(-0.07275,0.01705,0.1413));
#16108=CARTESIAN_POINT('',(-0.010625,0.01705,0.0847));
#16109=CARTESIAN_POINT('',(-0.07275,0.01705,0.0847));
#16110=CARTESIAN_POINT('',(-0.07275,0.01705,0.113));
#16111=CARTESIAN_POINT('',(0.0935,0.01705,-0.06));
#16112=CARTESIAN_POINT('',(0.0935,0.01705,-0.0625));
#16113=CARTESIAN_POINT('',(0.0935,0.01705,-0.0575));
#16114=CARTESIAN_POINT('',(0.0885,0.01705,-0.0575));
#16115=CARTESIAN_POINT('',(0.0835,0.01705,-0.0575));
#16116=CARTESIAN_POINT('',(-0.010625,0.01705,-0.0625));
#16117=CARTESIAN_POINT('',(0.0835,0.01705,-0.0625));
#16118=CARTESIAN_POINT('',(0.0835,0.01705,0.11125));
#16119=CARTESIAN_POINT('',(0.07,0.01705,-0.06));
#16120=CARTESIAN_POINT('',(-0.0835,0.01705,-0.061));
#16121=CARTESIAN_POINT('',(-0.0835,0.01705,-0.0625));
#16122=CARTESIAN_POINT('',(-0.0835,0.01705,-0.0575));
#16123=CARTESIAN_POINT('',(-0.010625,0.01705,-0.0575));
#16124=CARTESIAN_POINT('',(-0.0935,0.01705,-0.0575));
#16125=CARTESIAN_POINT('',(-0.0885,0.01705,-0.0625));
#16126=CARTESIAN_POINT('',(-0.0935,0.01705,-0.0625));
#16127=CARTESIAN_POINT('',(-0.0935,0.01705,0.11125));
#16128=CARTESIAN_POINT('',(-0.07,0.01705,-0.06));
#16129=CARTESIAN_POINT('',(0.073,0.01705,0.1015));
#16130=CARTESIAN_POINT('',(-0.227,0.01705,0.1015));
#16131=CARTESIAN_POINT('',(0.164,0.01705,0.1435));
#16132=CARTESIAN_POINT('',(0.177,0.01705,0.1435));
#16133=CARTESIAN_POINT('',(0.151,0.01705,0.1435));
#16134=CARTESIAN_POINT('',(0.151,0.01705,0.11125));
#16135=CARTESIAN_POINT('',(0.151,0.01705,0.1175));
#16136=CARTESIAN_POINT('',(0.177,0.01705,0.1305));
#16137=CARTESIAN_POINT('',(0.177,0.01705,0.1175));
#16138=CARTESIAN_POINT('',(-0.010625,0.01705,0.1175));
#16139=CARTESIAN_POINT('',(0.123,0.01705,0.11125));
#16140=CARTESIAN_POINT('',(0.123,0.01705,0.1175));
#16141=CARTESIAN_POINT('',(0.123,0.01705,0.1435));
#16142=CARTESIAN_POINT('',(0.136,0.01705,0.1435));
#16143=CARTESIAN_POINT('',(0.149,0.01705,0.1435));
#16144=CARTESIAN_POINT('',(-0.010625,0.01705,0.1175));
#16145=CARTESIAN_POINT('',(0.149,0.01705,0.1175));
#16146=CARTESIAN_POINT('',(0.149,0.01705,0.1305));
#16147=CARTESIAN_POINT('',(0.095,0.01705,0.11125));
#16148=CARTESIAN_POINT('',(0.095,0.01705,0.1175));
#16149=CARTESIAN_POINT('',(0.095,0.01705,0.1435));
#16150=CARTESIAN_POINT('',(0.108,0.01705,0.1435));
#16151=CARTESIAN_POINT('',(0.121,0.01705,0.1435));
#16152=CARTESIAN_POINT('',(-0.010625,0.01705,0.1175));
#16153=CARTESIAN_POINT('',(0.121,0.01705,0.1175));
#16154=CARTESIAN_POINT('',(0.121,0.01705,0.1305));
#16155=CARTESIAN_POINT('',(0.108,0.01705,0.1155));
#16156=CARTESIAN_POINT('',(0.121,0.01705,0.1155));
#16157=CARTESIAN_POINT('',(0.095,0.01705,0.1155));
#16158=CARTESIAN_POINT('',(0.095,0.01705,0.11125));
#16159=CARTESIAN_POINT('',(0.095,0.01705,0.0895));
#16160=CARTESIAN_POINT('',(0.121,0.01705,0.1025));
#16161=CARTESIAN_POINT('',(0.121,0.01705,0.0895));
#16162=CARTESIAN_POINT('',(-0.010625,0.01705,0.0895));
#16163=CARTESIAN_POINT('',(-0.010625,0.01705,0.0895));
#16164=CARTESIAN_POINT('',(0.149,0.01705,0.0895));
#16165=CARTESIAN_POINT('',(0.123,0.01705,0.0895));
#16166=CARTESIAN_POINT('',(0.123,0.01705,0.11125));
#16167=CARTESIAN_POINT('',(0.123,0.01705,0.1155));
#16168=CARTESIAN_POINT('',(0.149,0.01705,0.1025));
#16169=CARTESIAN_POINT('',(0.149,0.01705,0.1155));
#16170=CARTESIAN_POINT('',(0.136,0.01705,0.1155));
#16171=CARTESIAN_POINT('',(-0.010625,0.01705,0.0895));
#16172=CARTESIAN_POINT('',(0.177,0.01705,0.0895));
#16173=CARTESIAN_POINT('',(0.151,0.01705,0.0895));
#16174=CARTESIAN_POINT('',(0.151,0.01705,0.11125));
#16175=CARTESIAN_POINT('',(0.151,0.01705,0.1155));
#16176=CARTESIAN_POINT('',(0.177,0.01705,0.1025));
#16177=CARTESIAN_POINT('',(0.177,0.01705,0.1155));
#16178=CARTESIAN_POINT('',(0.164,0.01705,0.1155));
#16179=CARTESIAN_POINT('',(-0.010625,0.01705,0.0895));
#16180=CARTESIAN_POINT('',(0.205,0.01705,0.0895));
#16181=CARTESIAN_POINT('',(0.179,0.01705,0.0895));
#16182=CARTESIAN_POINT('',(0.179,0.01705,0.11125));
#16183=CARTESIAN_POINT('',(0.179,0.01705,0.1155));
#16184=CARTESIAN_POINT('',(0.205,0.01705,0.1025));
#16185=CARTESIAN_POINT('',(0.205,0.01705,0.1155));
#16186=CARTESIAN_POINT('',(0.192,0.01705,0.1155));
#16187=CARTESIAN_POINT('',(-0.108,0.01705,0.1175));
#16188=CARTESIAN_POINT('',(-0.121,0.01705,0.1175));
#16189=CARTESIAN_POINT('',(-0.095,0.01705,0.1175));
#16190=CARTESIAN_POINT('',(-0.095,0.01705,0.1305));
#16191=CARTESIAN_POINT('',(-0.095,0.01705,0.1435));
#16192=CARTESIAN_POINT('',(-0.121,0.01705,0.11125));
#16193=CARTESIAN_POINT('',(-0.121,0.01705,0.1435));
#16194=CARTESIAN_POINT('',(-0.010625,0.01705,0.1435));
#16195=CARTESIAN_POINT('',(-0.108,0.01705,0.0895));
#16196=CARTESIAN_POINT('',(-0.121,0.01705,0.0895));
#16197=CARTESIAN_POINT('',(-0.095,0.01705,0.0895));
#16198=CARTESIAN_POINT('',(-0.095,0.01705,0.1025));
#16199=CARTESIAN_POINT('',(-0.095,0.01705,0.1155));
#16200=CARTESIAN_POINT('',(-0.121,0.01705,0.11125));
#16201=CARTESIAN_POINT('',(-0.121,0.01705,0.1155));
#16202=CARTESIAN_POINT('',(-0.010625,0.01705,0.1155));
#16203=CARTESIAN_POINT('',(-0.136,0.01705,0.1175));
#16204=CARTESIAN_POINT('',(-0.149,0.01705,0.1175));
#16205=CARTESIAN_POINT('',(-0.123,0.01705,0.1175));
#16206=CARTESIAN_POINT('',(-0.123,0.01705,0.1305));
#16207=CARTESIAN_POINT('',(-0.123,0.01705,0.1435));
#16208=CARTESIAN_POINT('',(-0.149,0.01705,0.11125));
#16209=CARTESIAN_POINT('',(-0.149,0.01705,0.1435));
#16210=CARTESIAN_POINT('',(-0.010625,0.01705,0.1435));
#16211=CARTESIAN_POINT('',(-0.136,0.01705,0.0895));
#16212=CARTESIAN_POINT('',(-0.149,0.01705,0.0895));
#16213=CARTESIAN_POINT('',(-0.123,0.01705,0.0895));
#16214=CARTESIAN_POINT('',(-0.123,0.01705,0.1025));
#16215=CARTESIAN_POINT('',(-0.123,0.01705,0.1155));
#16216=CARTESIAN_POINT('',(-0.149,0.01705,0.11125));
#16217=CARTESIAN_POINT('',(-0.149,0.01705,0.1155));
#16218=CARTESIAN_POINT('',(-0.010625,0.01705,0.1155));
#16219=CARTESIAN_POINT('',(-0.164,0.01705,0.1175));
#16220=CARTESIAN_POINT('',(-0.177,0.01705,0.1175));
#16221=CARTESIAN_POINT('',(-0.151,0.01705,0.1175));
#16222=CARTESIAN_POINT('',(-0.151,0.01705,0.1305));
#16223=CARTESIAN_POINT('',(-0.151,0.01705,0.1435));
#16224=CARTESIAN_POINT('',(-0.177,0.01705,0.11125));
#16225=CARTESIAN_POINT('',(-0.177,0.01705,0.1435));
#16226=CARTESIAN_POINT('',(-0.010625,0.01705,0.1435));
#16227=CARTESIAN_POINT('',(-0.164,0.01705,0.0895));
#16228=CARTESIAN_POINT('',(-0.177,0.01705,0.0895));
#16229=CARTESIAN_POINT('',(-0.151,0.01705,0.0895));
#16230=CARTESIAN_POINT('',(-0.151,0.01705,0.09625));
#16231=CARTESIAN_POINT('',(-0.151,0.01705,0.1155));
#16232=CARTESIAN_POINT('',(-0.177,0.01705,0.11125));
#16233=CARTESIAN_POINT('',(-0.177,0.01705,0.1155));
#16234=CARTESIAN_POINT('',(-0.010625,0.01705,0.1155));
#16235=CARTESIAN_POINT('',(-0.192,0.01705,0.1175));
#16236=CARTESIAN_POINT('',(-0.205,0.01705,0.1175));
#16237=CARTESIAN_POINT('',(-0.179,0.01705,0.1175));
#16238=CARTESIAN_POINT('',(-0.179,0.01705,0.1305));
#16239=CARTESIAN_POINT('',(-0.179,0.01705,0.1435));
#16240=CARTESIAN_POINT('',(-0.205,0.01705,0.11125));
#16241=CARTESIAN_POINT('',(-0.205,0.01705,0.1435));
#16242=CARTESIAN_POINT('',(-0.010625,0.01705,0.1435));
#16243=CARTESIAN_POINT('',(-0.179,0.01705,0.09625));
#16244=CARTESIAN_POINT('',(-0.179,0.01705,0.0895));
#16245=CARTESIAN_POINT('',(-0.179,0.01705,0.1155));
#16246=CARTESIAN_POINT('',(-0.010625,0.01705,0.1155));
#16247=CARTESIAN_POINT('',(-0.205,0.01705,0.1155));
#16248=CARTESIAN_POINT('',(-0.192,0.01705,0.0895));
#16249=CARTESIAN_POINT('',(-0.205,0.01705,0.0895));
#16250=CARTESIAN_POINT('',(-0.205,0.01705,0.11125));
#16251=CARTESIAN_POINT('',(0.0375,0.01705,0.0615));
#16252=CARTESIAN_POINT('',(0.0325,0.01705,0.0615));
#16253=CARTESIAN_POINT('',(0.0425,0.01705,0.0615));
#16254=CARTESIAN_POINT('',(0.0425,0.01705,0.065));
#16255=CARTESIAN_POINT('',(0.0425,0.01705,0.0685));
#16256=CARTESIAN_POINT('',(0.0325,0.01705,0.11125));
#16257=CARTESIAN_POINT('',(0.0325,0.01705,0.0685));
#16258=CARTESIAN_POINT('',(-0.010625,0.01705,0.0685));
#16259=CARTESIAN_POINT('',(0.0125,0.01705,0.0615));
#16260=CARTESIAN_POINT('',(0.0075,0.01705,0.0615));
#16261=CARTESIAN_POINT('',(0.0175,0.01705,0.0615));
#16262=CARTESIAN_POINT('',(0.0175,0.01705,0.065));
#16263=CARTESIAN_POINT('',(0.0175,0.01705,0.0685));
#16264=CARTESIAN_POINT('',(0.0075,0.01705,0.11125));
#16265=CARTESIAN_POINT('',(0.0075,0.01705,0.0685));
#16266=CARTESIAN_POINT('',(-0.010625,0.01705,0.0685));
#16267=CARTESIAN_POINT('',(-0.0125,0.01705,0.0615));
#16268=CARTESIAN_POINT('',(-0.0175,0.01705,0.0615));
#16269=CARTESIAN_POINT('',(-0.0075,0.01705,0.0615));
#16270=CARTESIAN_POINT('',(-0.0075,0.01705,0.065));
#16271=CARTESIAN_POINT('',(-0.0075,0.01705,0.0685));
#16272=CARTESIAN_POINT('',(-0.0175,0.01705,0.11125));
#16273=CARTESIAN_POINT('',(-0.0175,0.01705,0.0685));
#16274=CARTESIAN_POINT('',(-0.010625,0.01705,0.0685));
#16275=CARTESIAN_POINT('',(-0.0325,0.01705,0.065));
#16276=CARTESIAN_POINT('',(-0.0325,0.01705,0.0615));
#16277=CARTESIAN_POINT('',(-0.0325,0.01705,0.0685));
#16278=CARTESIAN_POINT('',(-0.010625,0.01705,0.0685));
#16279=CARTESIAN_POINT('',(-0.0425,0.01705,0.0685));
#16280=CARTESIAN_POINT('',(-0.03975,0.01705,0.0615));
#16281=CARTESIAN_POINT('',(-0.0425,0.01705,0.0615));
#16282=CARTESIAN_POINT('',(-0.0425,0.01705,0.11125));
#16283=CARTESIAN_POINT('',(0.065,0.01705,0.065));
#16284=CARTESIAN_POINT('',(0.065,0.01705,0.035));
#16285=CARTESIAN_POINT('',(-0.065,0.01705,0.065));
#16286=CARTESIAN_POINT('',(-0.065,0.01705,0.035));
#16287=CARTESIAN_POINT('',(0.04075,0.01705,0.11125));
#16288=CARTESIAN_POINT('',(0.04075,0.01705,0.1282));
#16289=CARTESIAN_POINT('',(0.04075,0.01705,0.0716));
#16290=CARTESIAN_POINT('',(-0.010625,0.01705,0.0716));
#16291=CARTESIAN_POINT('',(0.03425,0.01705,0.0716));
#16292=CARTESIAN_POINT('',(0.0375,0.01705,0.1282));
#16293=CARTESIAN_POINT('',(0.03425,0.01705,0.1282));
#16294=CARTESIAN_POINT('',(0.03425,0.01705,0.0999));
#16295=CARTESIAN_POINT('',(0.01575,0.01705,0.11125));
#16296=CARTESIAN_POINT('',(0.01575,0.01705,0.1282));
#16297=CARTESIAN_POINT('',(0.01575,0.01705,0.0716));
#16298=CARTESIAN_POINT('',(-0.010625,0.01705,0.0716));
#16299=CARTESIAN_POINT('',(0.00925,0.01705,0.0716));
#16300=CARTESIAN_POINT('',(0.0125,0.01705,0.1282));
#16301=CARTESIAN_POINT('',(0.00925,0.01705,0.1282));
#16302=CARTESIAN_POINT('',(0.00925,0.01705,0.0999));
#16303=CARTESIAN_POINT('',(-0.00925,0.01705,0.11125));
#16304=CARTESIAN_POINT('',(-0.00925,0.01705,0.1282));
#16305=CARTESIAN_POINT('',(-0.00925,0.01705,0.0716));
#16306=CARTESIAN_POINT('',(-0.010625,0.01705,0.0716));
#16307=CARTESIAN_POINT('',(-0.01575,0.01705,0.0716));
#16308=CARTESIAN_POINT('',(-0.0125,0.01705,0.1282));
#16309=CARTESIAN_POINT('',(-0.01575,0.01705,0.1282));
#16310=CARTESIAN_POINT('',(-0.01575,0.01705,0.0999));
#16311=CARTESIAN_POINT('',(-0.04075,0.01705,0.0999));
#16312=CARTESIAN_POINT('',(-0.04075,0.01705,0.1282));
#16313=CARTESIAN_POINT('',(-0.04075,0.01705,0.0716));
#16314=CARTESIAN_POINT('',(-0.010625,0.01705,0.0716));
#16315=CARTESIAN_POINT('',(-0.03425,0.01705,0.0716));
#16316=CARTESIAN_POINT('',(-0.0375,0.01705,0.1282));
#16317=CARTESIAN_POINT('',(-0.03425,0.01705,0.1282));
#16318=CARTESIAN_POINT('',(-0.03425,0.01705,0.11125));
#16319=CARTESIAN_POINT('',(0.0375,0.01705,0.046));
#16320=CARTESIAN_POINT('',(0.0375,0.01705,0.018));
#16321=CARTESIAN_POINT('',(0.0375,0.01705,-0.01));
#16322=CARTESIAN_POINT('',(0.0375,0.01705,-0.038));
#16323=CARTESIAN_POINT('',(0.0375,0.01705,-0.066));
#16324=CARTESIAN_POINT('',(0.0125,0.01705,0.046));
#16325=CARTESIAN_POINT('',(0.0125,0.01705,0.018));
#16326=CARTESIAN_POINT('',(0.0125,0.01705,-0.01));
#16327=CARTESIAN_POINT('',(0.0125,0.01705,-0.038));
#16328=CARTESIAN_POINT('',(0.0125,0.01705,-0.066));
#16329=CARTESIAN_POINT('',(-0.0125,0.01705,0.046));
#16330=CARTESIAN_POINT('',(-0.0125,0.01705,0.018));
#16331=CARTESIAN_POINT('',(-0.0125,0.01705,-0.01));
#16332=CARTESIAN_POINT('',(-0.0125,0.01705,-0.038));
#16333=CARTESIAN_POINT('',(-0.0125,0.01705,-0.066));
#16334=CARTESIAN_POINT('',(-0.0375,0.01705,0.046));
#16335=CARTESIAN_POINT('',(-0.0375,0.01705,0.018));
#16336=CARTESIAN_POINT('',(-0.0375,0.01705,-0.01));
#16337=CARTESIAN_POINT('',(-0.0375,0.01705,-0.038));
#16338=CARTESIAN_POINT('',(-0.0375,0.01705,-0.066));
#16339=CARTESIAN_POINT('',(-0.23,0.01055,-0.0871000036130502));
#16340=CARTESIAN_POINT('',(0.2115,0.01055,0.141));
#16341=CARTESIAN_POINT('',(0.21125,0.01055,0.081));
#16342=CARTESIAN_POINT('',(0.191,0.01055,0.0301499963869498));
#16343=CARTESIAN_POINT('',(0.166,0.01055,-0.0548500036130502));
#16344=CARTESIAN_POINT('',(0.05,0.01055,-0.08585));
#16345=CARTESIAN_POINT('',(0.09675,0.01055,-0.07));
#16346=CARTESIAN_POINT('',(0.059,0.01055,-0.07));
#16347=CARTESIAN_POINT('',(0.059,0.01055,-0.04975));
#16348=CARTESIAN_POINT('',(0.09675,0.01055,-0.04975));
#16349=CARTESIAN_POINT('',(0.076,0.01055,-0.0198500036130502));
#16350=CARTESIAN_POINT('',(0.111,0.01055,-0.0148500036130501));
#16351=CARTESIAN_POINT('',(0.111,0.01055,0.0301499963869498));
#16352=CARTESIAN_POINT('',(0.06925,0.01055,0.0129));
#16353=CARTESIAN_POINT('',(0.05,0.01055,0.02915));
#16354=CARTESIAN_POINT('',(0.06725,0.01055,0.081));
#16355=CARTESIAN_POINT('',(0.06725,0.01055,0.1415));
#16356=CARTESIAN_POINT('',(-0.0430925,0.01055,0.1413));
#16357=CARTESIAN_POINT('',(-0.05000000032116,0.01055,-0.085850000321166));
#16358=CARTESIAN_POINT('',(-0.10625,0.01055,-0.0871000036130502));
#16359=CARTESIAN_POINT('',(-0.09675,0.01055,-0.07));
#16360=CARTESIAN_POINT('',(-0.059,0.01055,-0.07));
#16361=CARTESIAN_POINT('',(-0.05,0.01055,0.02915));
#16362=CARTESIAN_POINT('',(-0.059,0.01055,-0.04975));
#16363=CARTESIAN_POINT('',(-0.09675,0.01055,-0.04975));
#16364=CARTESIAN_POINT('',(-0.10625,0.01055,-0.0146000036130502));
#16365=CARTESIAN_POINT('',(-0.076,0.01055,-0.0198500036130502));
#16366=CARTESIAN_POINT('',(-0.06975,0.01055,0.0124));
#16367=CARTESIAN_POINT('',(-0.08875,0.01055,0.081));
#16368=CARTESIAN_POINT('',(-0.0885,0.01055,0.141));
#16369=CARTESIAN_POINT('',(-0.23,0.01055,-0.0146000036130502));
#16370=CARTESIAN_POINT('',(-0.109,0.01055,0.0301499963869498));
#16371=CARTESIAN_POINT('',(-0.189,0.01055,0.0301499963869497));
#16372=CARTESIAN_POINT('',(-0.23275,0.01055,0.081));
#16373=CARTESIAN_POINT('',(-0.23275,0.01055,0.1415));
#16374=CARTESIAN_POINT('',(0.211,-0.01595,-0.0908500036130502));
#16375=CARTESIAN_POINT('',(0.194,0.00805,-0.0908500036130502));
#16376=CARTESIAN_POINT('',(0.175,-0.01595,-0.0908500036130502));
#16377=MECHANICAL_DESIGN_GEOMETRIC_PRESENTATION_REPRESENTATION('',(#9509),
#16378);
#16378=(
GEOMETRIC_REPRESENTATION_CONTEXT(3)
GLOBAL_UNCERTAINTY_ASSIGNED_CONTEXT((#16379))
GLOBAL_UNIT_ASSIGNED_CONTEXT((#16382,#16381,#16380))
REPRESENTATION_CONTEXT('CaseTop','TOP_LEVEL_ASSEMBLY_PART')
);
#16379=UNCERTAINTY_MEASURE_WITH_UNIT(LENGTH_MEASURE(2.E-5),#16382,
'DISTANCE_ACCURACY_VALUE','Maximum Tolerance applied to model');
#16380=(
NAMED_UNIT(*)
SI_UNIT($,.STERADIAN.)
SOLID_ANGLE_UNIT()
);
#16381=(
NAMED_UNIT(*)
PLANE_ANGLE_UNIT()
SI_UNIT($,.RADIAN.)
);
#16382=(
LENGTH_UNIT()
NAMED_UNIT(*)
SI_UNIT($,.METRE.)
);
#16383=PRODUCT_DEFINITION_SHAPE('','',#16384);
#16384=PRODUCT_DEFINITION('','',#16386,#16385);
#16385=PRODUCT_DEFINITION_CONTEXT('',#16392,'design');
#16386=PRODUCT_DEFINITION_FORMATION_WITH_SPECIFIED_SOURCE('','',#16388,
 .NOT_KNOWN.);
#16387=PRODUCT_RELATED_PRODUCT_CATEGORY('','',(#16388));
#16388=PRODUCT('CaseTop','CaseTop','CaseTop',(#16390));
#16389=PRODUCT_CATEGORY('','');
#16390=PRODUCT_CONTEXT('',#16392,'mechanical');
#16391=APPLICATION_PROTOCOL_DEFINITION('international standard',
'ap242_managed_model_based_3d_engineering',2020,#16392);
#16392=APPLICATION_CONTEXT('managed model based 3d engineering');
ENDSEC;
END-ISO-10303-21;
