ISO-10303-21;
HEADER;
/* Generated by software containing ST-Developer
 * from STEP Tools, Inc. (www.steptools.com) 
 */
/* OPTION: using custom renumber hook */

FILE_DESCRIPTION(
/* description */ ('STEP AP242 Edition 2',
'CAx-IF Rec.Pracs.---Representation and Presentation of Product Manufa
cturing Information (PMI)---4.0---2014-10-13',
'CAx-IF Rec.Pracs.---3D Tessellated Geometry---0.4---2014-09-14','2;1',
'CAx-IF Rec.Pracs.---User Defined Attributes---1.5---2016-08-15'),
/* implementation_level */ '2;1');

FILE_NAME(
/* name */ '6.35mm Mono Jack Socket Connector - 6.3mm Jack',
/* time_stamp */ '2026-06-20T20:00:09Z',
/* author */ (''),
/* organization */ (''),
/* preprocessor_version */ 'ST-DEVELOPER v20',
/* originating_system */ 'ONSHAPE BY PTC INC, 1.216',
/* authorisation */ '  ');

FILE_SCHEMA (('AP242_MANAGED_MODEL_BASED_3D_ENGINEERING_MIM_LF { 1 0 10303 442 3 1 4 }'));
ENDSEC;

DATA;
#10=MANIFOLD_SURFACE_SHAPE_REPRESENTATION('',(#18),#13254);
#11=MANIFOLD_SURFACE_SHAPE_REPRESENTATION('',(#19),#13256);
#12=MANIFOLD_SURFACE_SHAPE_REPRESENTATION('',(#20),#13258);
#13=MANIFOLD_SURFACE_SHAPE_REPRESENTATION('',(#21),#13260);
#14=OPEN_SHELL('',(#5407,#5408));
#15=OPEN_SHELL('',(#5427,#5428));
#16=OPEN_SHELL('',(#5460,#5461));
#17=OPEN_SHELL('',(#5480,#5481));
#18=SHELL_BASED_SURFACE_MODEL('6_3 Jack contact_01',(#14));
#19=SHELL_BASED_SURFACE_MODEL('6_3 Jack contact_02',(#15));
#20=SHELL_BASED_SURFACE_MODEL('6_3 Jack contact_01_1',(#16));
#21=SHELL_BASED_SURFACE_MODEL('6_3 Jack contact_02_1',(#17));
#22=TOROIDAL_SURFACE('',#5787,0.018702673605664,0.0004);
#23=TOROIDAL_SURFACE('',#5791,0.018702673605664,0.0004);
#24=TOROIDAL_SURFACE('',#5808,0.018702673605664,0.0004);
#25=TOROIDAL_SURFACE('',#5812,0.018702673605664,0.0004);
#26=TOROIDAL_SURFACE('',#5828,0.018702673605664,0.0004);
#27=TOROIDAL_SURFACE('',#5832,0.018702673605664,0.0004);
#28=TOROIDAL_SURFACE('',#5877,0.0076,0.0004);
#29=SPHERICAL_SURFACE('',#5782,0.0004);
#30=SPHERICAL_SURFACE('',#5799,0.0004);
#31=SPHERICAL_SURFACE('',#5802,0.0004);
#32=SPHERICAL_SURFACE('',#5819,0.0004);
#33=SPHERICAL_SURFACE('',#5822,0.0004);
#34=SPHERICAL_SURFACE('',#5839,0.0004);
#35=SPHERICAL_SURFACE('',#5876,0.0202);
#36=B_SPLINE_SURFACE_WITH_KNOTS('',3,3,((#11385,#11386,#11387,#11388,#11389,
#11390),(#11391,#11392,#11393,#11394,#11395,#11396),(#11397,#11398,#11399,
#11400,#11401,#11402),(#11403,#11404,#11405,#11406,#11407,#11408),(#11409,
#11410,#11411,#11412,#11413,#11414),(#11415,#11416,#11417,#11418,#11419,
#11420)),.UNSPECIFIED.,.F.,.F.,.F.,(4,2,4),(4,2,4),(0.0122686946399615,
0.013113318480002,0.0139579423200426),(-0.00600668301770316,0.496996658491148,
1.),.UNSPECIFIED.);
#37=B_SPLINE_SURFACE_WITH_KNOTS('',3,3,((#11495,#11496,#11497,#11498,#11499,
#11500),(#11501,#11502,#11503,#11504,#11505,#11506),(#11507,#11508,#11509,
#11510,#11511,#11512),(#11513,#11514,#11515,#11516,#11517,#11518),(#11519,
#11520,#11521,#11522,#11523,#11524),(#11525,#11526,#11527,#11528,#11529,
#11530)),.UNSPECIFIED.,.F.,.F.,.F.,(4,2,4),(4,2,4),(0.0122686946399589,
0.0131133184799993,0.0139579423200396),(0.,0.503006286390367,1.00601257278073),
 .UNSPECIFIED.);
#38=B_SPLINE_SURFACE_WITH_KNOTS('',3,3,((#11557,#11558,#11559,#11560,#11561,
#11562),(#11563,#11564,#11565,#11566,#11567,#11568),(#11569,#11570,#11571,
#11572,#11573,#11574),(#11575,#11576,#11577,#11578,#11579,#11580),(#11581,
#11582,#11583,#11584,#11585,#11586),(#11587,#11588,#11589,#11590,#11591,
#11592)),.UNSPECIFIED.,.F.,.F.,.F.,(4,2,4),(4,2,4),(0.0122686946399604,
0.0131133184800011,0.0139579423200417),(0.,0.503006286390369,1.00601257278074),
 .UNSPECIFIED.);
#39=B_SPLINE_SURFACE_WITH_KNOTS('',3,3,((#11668,#11669,#11670,#11671,#11672,
#11673),(#11674,#11675,#11676,#11677,#11678,#11679),(#11680,#11681,#11682,
#11683,#11684,#11685),(#11686,#11687,#11688,#11689,#11690,#11691),(#11692,
#11693,#11694,#11695,#11696,#11697),(#11698,#11699,#11700,#11701,#11702,
#11703)),.UNSPECIFIED.,.F.,.F.,.F.,(4,2,4),(4,2,4),(0.0122686946399607,
0.0131133184800011,0.0139579423200415),(-0.00600668301773921,0.49699665849113,
1.),.UNSPECIFIED.);
#40=B_SPLINE_SURFACE_WITH_KNOTS('',3,3,((#11741,#11742,#11743,#11744,#11745,
#11746),(#11747,#11748,#11749,#11750,#11751,#11752),(#11753,#11754,#11755,
#11756,#11757,#11758),(#11759,#11760,#11761,#11762,#11763,#11764),(#11765,
#11766,#11767,#11768,#11769,#11770),(#11771,#11772,#11773,#11774,#11775,
#11776)),.UNSPECIFIED.,.F.,.F.,.F.,(4,2,4),(4,2,4),(0.01226869463996,0.0131133184800004,
0.0139579423200407),(-0.00600668301758478,0.496996658491208,1.),
 .UNSPECIFIED.);
#41=B_SPLINE_SURFACE_WITH_KNOTS('',3,3,((#11854,#11855,#11856,#11857,#11858,
#11859),(#11860,#11861,#11862,#11863,#11864,#11865),(#11866,#11867,#11868,
#11869,#11870,#11871),(#11872,#11873,#11874,#11875,#11876,#11877),(#11878,
#11879,#11880,#11881,#11882,#11883),(#11884,#11885,#11886,#11887,#11888,
#11889)),.UNSPECIFIED.,.F.,.F.,.F.,(4,2,4),(4,2,4),(0.01226869463996,0.0131133184800006,
0.0139579423200411),(0.,0.503006286390351,1.0060125727807),
 .UNSPECIFIED.);
#42=B_SPLINE_SURFACE_WITH_KNOTS('',3,3,((#11925,#11926,#11927,#11928,#11929,
#11930),(#11931,#11932,#11933,#11934,#11935,#11936),(#11937,#11938,#11939,
#11940,#11941,#11942),(#11943,#11944,#11945,#11946,#11947,#11948),(#11949,
#11950,#11951,#11952,#11953,#11954),(#11955,#11956,#11957,#11958,#11959,
#11960)),.UNSPECIFIED.,.F.,.F.,.F.,(4,2,4),(4,2,4),(0.01226869463996,0.0131133184800006,
0.0139579423200412),(0.,0.503006286390345,1.00601257278069),
 .UNSPECIFIED.);
#43=B_SPLINE_SURFACE_WITH_KNOTS('',3,3,((#12040,#12041,#12042,#12043,#12044,
#12045),(#12046,#12047,#12048,#12049,#12050,#12051),(#12052,#12053,#12054,
#12055,#12056,#12057),(#12058,#12059,#12060,#12061,#12062,#12063),(#12064,
#12065,#12066,#12067,#12068,#12069),(#12070,#12071,#12072,#12073,#12074,
#12075)),.UNSPECIFIED.,.F.,.F.,.F.,(4,2,4),(4,2,4),(0.0122686946399591,
0.0131133184799992,0.0139579423200394),(-0.00600668301771218,0.496996658491144,
1.),.UNSPECIFIED.);
#44=B_SPLINE_SURFACE_WITH_KNOTS('',3,3,((#12121,#12122,#12123,#12124,#12125,
#12126),(#12127,#12128,#12129,#12130,#12131,#12132),(#12133,#12134,#12135,
#12136,#12137,#12138),(#12139,#12140,#12141,#12142,#12143,#12144),(#12145,
#12146,#12147,#12148,#12149,#12150),(#12151,#12152,#12153,#12154,#12155,
#12156)),.UNSPECIFIED.,.F.,.F.,.F.,(4,2,4),(4,2,4),(0.0122686946399569,
0.0131133184799968,0.0139579423200366),(-0.00600668301778397,0.496996658491108,
1.),.UNSPECIFIED.);
#45=B_SPLINE_SURFACE_WITH_KNOTS('',3,3,((#12222,#12223,#12224,#12225,#12226,
#12227),(#12228,#12229,#12230,#12231,#12232,#12233),(#12234,#12235,#12236,
#12237,#12238,#12239),(#12240,#12241,#12242,#12243,#12244,#12245),(#12246,
#12247,#12248,#12249,#12250,#12251),(#12252,#12253,#12254,#12255,#12256,
#12257)),.UNSPECIFIED.,.F.,.F.,.F.,(4,2,4),(4,2,4),(0.0122686946399595,
0.01311331848,0.0139579423200404),(0.,0.503006286390347,1.00601257278069),
 .UNSPECIFIED.);
#46=B_SPLINE_SURFACE_WITH_KNOTS('',3,3,((#12290,#12291,#12292,#12293,#12294,
#12295),(#12296,#12297,#12298,#12299,#12300,#12301),(#12302,#12303,#12304,
#12305,#12306,#12307),(#12308,#12309,#12310,#12311,#12312,#12313),(#12314,
#12315,#12316,#12317,#12318,#12319),(#12320,#12321,#12322,#12323,#12324,
#12325)),.UNSPECIFIED.,.F.,.F.,.F.,(4,2,4),(4,2,4),(0.012268694639959,0.0131133184799994,
0.0139579423200398),(0.,0.503006286390364,1.00601257278073),
 .UNSPECIFIED.);
#47=B_SPLINE_SURFACE_WITH_KNOTS('',3,3,((#12388,#12389,#12390,#12391,#12392,
#12393),(#12394,#12395,#12396,#12397,#12398,#12399),(#12400,#12401,#12402,
#12403,#12404,#12405),(#12406,#12407,#12408,#12409,#12410,#12411),(#12412,
#12413,#12414,#12415,#12416,#12417),(#12418,#12419,#12420,#12421,#12422,
#12423)),.UNSPECIFIED.,.F.,.F.,.F.,(4,2,4),(4,2,4),(0.0122686946399653,
0.0131133184800065,0.0139579423200476),(-0.00600668301781262,0.496996658491094,
1.),.UNSPECIFIED.);
#48=B_SPLINE_SURFACE_WITH_KNOTS('',3,1,((#12564,#12565),(#12566,#12567),
(#12568,#12569),(#12570,#12571),(#12572,#12573)),
 .SURF_OF_LINEAR_EXTRUSION.,.F.,.F.,.F.,(4,1,4),(2,2),(7.58839490827319E-9,
0.500000003791905,0.999999999995415),(0.,1.),.UNSPECIFIED.);
#49=B_SPLINE_SURFACE_WITH_KNOTS('',3,1,((#12644,#12645),(#12646,#12647),
(#12648,#12649),(#12650,#12651),(#12652,#12653)),
 .SURF_OF_LINEAR_EXTRUSION.,.F.,.F.,.F.,(4,1,4),(2,2),(1.13343326120836E-11,
0.499999999998905,0.999999999986476),(0.,1.),.UNSPECIFIED.);
#50=B_SPLINE_SURFACE_WITH_KNOTS('',3,3,((#12700,#12701,#12702,#12703),(#12704,
#12705,#12706,#12707),(#12708,#12709,#12710,#12711),(#12712,#12713,#12714,
#12715)),.UNSPECIFIED.,.F.,.F.,.F.,(4,4),(4,4),(0.,1.),(0.,1.),
 .PIECEWISE_BEZIER_KNOTS.);
#51=B_SPLINE_SURFACE_WITH_KNOTS('',3,3,((#12824,#12825,#12826,#12827),(#12828,
#12829,#12830,#12831),(#12832,#12833,#12834,#12835),(#12836,#12837,#12838,
#12839)),.UNSPECIFIED.,.F.,.F.,.F.,(4,4),(4,4),(0.,1.),(0.,1.),
 .PIECEWISE_BEZIER_KNOTS.);
#52=B_SPLINE_SURFACE_WITH_KNOTS('',3,1,((#12948,#12949),(#12950,#12951),
(#12952,#12953),(#12954,#12955),(#12956,#12957)),
 .SURF_OF_LINEAR_EXTRUSION.,.F.,.F.,.F.,(4,1,4),(2,2),(7.58839490827319E-9,
0.500000003791905,0.999999999995415),(0.,1.),.UNSPECIFIED.);
#53=B_SPLINE_SURFACE_WITH_KNOTS('',3,1,((#13028,#13029),(#13030,#13031),
(#13032,#13033),(#13034,#13035),(#13036,#13037)),
 .SURF_OF_LINEAR_EXTRUSION.,.F.,.F.,.F.,(4,1,4),(2,2),(1.13343326120836E-11,
0.499999999998905,0.999999999986476),(0.,1.),.UNSPECIFIED.);
#54=B_SPLINE_SURFACE_WITH_KNOTS('',3,3,((#13084,#13085,#13086,#13087),(#13088,
#13089,#13090,#13091),(#13092,#13093,#13094,#13095),(#13096,#13097,#13098,
#13099)),.UNSPECIFIED.,.F.,.F.,.F.,(4,4),(4,4),(0.,1.),(0.,1.),
 .PIECEWISE_BEZIER_KNOTS.);
#55=B_SPLINE_SURFACE_WITH_KNOTS('',3,3,((#13208,#13209,#13210,#13211),(#13212,
#13213,#13214,#13215),(#13216,#13217,#13218,#13219),(#13220,#13221,#13222,
#13223)),.UNSPECIFIED.,.F.,.F.,.F.,(4,4),(4,4),(0.,1.),(0.,1.),
 .PIECEWISE_BEZIER_KNOTS.);
#56=SHAPE_REPRESENTATION_RELATIONSHIP('','',#5582,#66);
#57=SHAPE_REPRESENTATION_RELATIONSHIP('','',#5583,#67);
#58=SHAPE_REPRESENTATION_RELATIONSHIP('','',#5584,#68);
#59=SHAPE_REPRESENTATION_RELATIONSHIP('','',#5585,#10);
#60=SHAPE_REPRESENTATION_RELATIONSHIP('','',#5586,#69);
#61=SHAPE_REPRESENTATION_RELATIONSHIP('','',#5587,#11);
#62=SHAPE_REPRESENTATION_RELATIONSHIP('','',#5588,#70);
#63=SHAPE_REPRESENTATION_RELATIONSHIP('','',#5589,#12);
#64=SHAPE_REPRESENTATION_RELATIONSHIP('','',#5590,#71);
#65=SHAPE_REPRESENTATION_RELATIONSHIP('','',#5591,#13);
#66=ADVANCED_BREP_SHAPE_REPRESENTATION('',(#5566),#13251);
#67=ADVANCED_BREP_SHAPE_REPRESENTATION('',(#5567),#13252);
#68=ADVANCED_BREP_SHAPE_REPRESENTATION('',(#5568),#13253);
#69=ADVANCED_BREP_SHAPE_REPRESENTATION('',(#5569),#13255);
#70=ADVANCED_BREP_SHAPE_REPRESENTATION('',(#5570),#13257);
#71=ADVANCED_BREP_SHAPE_REPRESENTATION('',(#5571),#13259);
#72=CONICAL_SURFACE('',#5603,0.0078,0.785398163397483);
#73=CONICAL_SURFACE('',#5618,0.0078,0.785398163397439);
#74=CONICAL_SURFACE('',#5635,0.0078,0.785398163397457);
#75=CONICAL_SURFACE('',#5651,0.0079,0.785398163397457);
#76=CONICAL_SURFACE('',#5750,0.0051,0.785398163397448);
#77=CONICAL_SURFACE('',#5759,0.00335,0.279252680319093);
#78=CONICAL_SURFACE('',#5760,0.0069,0.785398163397466);
#79=CONICAL_SURFACE('',#5761,0.0044,0.785398163397457);
#80=CONICAL_SURFACE('',#5762,0.0078,0.785398163397457);
#81=CONICAL_SURFACE('',#5763,0.0078,0.785398163397457);
#82=CONICAL_SURFACE('',#5764,0.0078,0.785398163397474);
#83=CONICAL_SURFACE('',#5765,0.0079,0.785398163397414);
#84=CONICAL_SURFACE('',#5766,0.0045,0.785398163397426);
#85=CONICAL_SURFACE('',#5767,0.007,0.785398163397483);
#86=CONICAL_SURFACE('',#5932,0.0009,0.785398163397445);
#87=CONICAL_SURFACE('',#5964,0.0009,0.785398163397448);
#88=CONICAL_SURFACE('',#6021,0.0009,0.785398163397445);
#89=CONICAL_SURFACE('',#6053,0.0009,0.785398163397448);
#90=ELLIPSE('',#5600,0.00473761543394987,0.00335);
#91=ELLIPSE('',#5611,0.00473761543394987,0.00335);
#92=ELLIPSE('',#5615,0.00473761543394987,0.00335);
#93=ELLIPSE('',#5624,0.00473761543394987,0.00335);
#94=ELLIPSE('',#5627,0.00473761543394987,0.00335);
#95=ELLIPSE('',#5630,0.00473761543394987,0.00335);
#96=ELLIPSE('',#5632,0.00473761543394987,0.00335);
#97=ELLIPSE('',#5641,0.00473761543394987,0.00335);
#98=ELLIPSE('',#5644,0.00473761543394987,0.00335);
#99=ELLIPSE('',#5647,0.00473761543394987,0.00335);
#100=ELLIPSE('',#5657,0.00473761543394987,0.00335);
#101=ELLIPSE('',#5662,0.00473761543394987,0.00335);
#102=PLANE('',#5598);
#103=PLANE('',#5599);
#104=PLANE('',#5601);
#105=PLANE('',#5602);
#106=PLANE('',#5606);
#107=PLANE('',#5607);
#108=PLANE('',#5608);
#109=PLANE('',#5609);
#110=PLANE('',#5610);
#111=PLANE('',#5612);
#112=PLANE('',#5613);
#113=PLANE('',#5614);
#114=PLANE('',#5616);
#115=PLANE('',#5617);
#116=PLANE('',#5621);
#117=PLANE('',#5622);
#118=PLANE('',#5623);
#119=PLANE('',#5625);
#120=PLANE('',#5626);
#121=PLANE('',#5628);
#122=PLANE('',#5629);
#123=PLANE('',#5631);
#124=PLANE('',#5633);
#125=PLANE('',#5634);
#126=PLANE('',#5638);
#127=PLANE('',#5639);
#128=PLANE('',#5640);
#129=PLANE('',#5642);
#130=PLANE('',#5643);
#131=PLANE('',#5645);
#132=PLANE('',#5646);
#133=PLANE('',#5648);
#134=PLANE('',#5649);
#135=PLANE('',#5650);
#136=PLANE('',#5654);
#137=PLANE('',#5655);
#138=PLANE('',#5656);
#139=PLANE('',#5658);
#140=PLANE('',#5659);
#141=PLANE('',#5660);
#142=PLANE('',#5661);
#143=PLANE('',#5663);
#144=PLANE('',#5664);
#145=PLANE('',#5665);
#146=PLANE('',#5666);
#147=PLANE('',#5667);
#148=PLANE('',#5668);
#149=PLANE('',#5669);
#150=PLANE('',#5670);
#151=PLANE('',#5671);
#152=PLANE('',#5672);
#153=PLANE('',#5673);
#154=PLANE('',#5674);
#155=PLANE('',#5675);
#156=PLANE('',#5676);
#157=PLANE('',#5677);
#158=PLANE('',#5678);
#159=PLANE('',#5679);
#160=PLANE('',#5680);
#161=PLANE('',#5681);
#162=PLANE('',#5682);
#163=PLANE('',#5683);
#164=PLANE('',#5684);
#165=PLANE('',#5685);
#166=PLANE('',#5686);
#167=PLANE('',#5687);
#168=PLANE('',#5688);
#169=PLANE('',#5689);
#170=PLANE('',#5690);
#171=PLANE('',#5691);
#172=PLANE('',#5692);
#173=PLANE('',#5693);
#174=PLANE('',#5694);
#175=PLANE('',#5695);
#176=PLANE('',#5704);
#177=PLANE('',#5706);
#178=PLANE('',#5709);
#179=PLANE('',#5712);
#180=PLANE('',#5714);
#181=PLANE('',#5716);
#182=PLANE('',#5717);
#183=PLANE('',#5720);
#184=PLANE('',#5722);
#185=PLANE('',#5724);
#186=PLANE('',#5725);
#187=PLANE('',#5728);
#188=PLANE('',#5731);
#189=PLANE('',#5733);
#190=PLANE('',#5734);
#191=PLANE('',#5735);
#192=PLANE('',#5736);
#193=PLANE('',#5737);
#194=PLANE('',#5738);
#195=PLANE('',#5739);
#196=PLANE('',#5740);
#197=PLANE('',#5741);
#198=PLANE('',#5742);
#199=PLANE('',#5743);
#200=PLANE('',#5744);
#201=PLANE('',#5745);
#202=PLANE('',#5849);
#203=PLANE('',#5852);
#204=PLANE('',#5854);
#205=PLANE('',#5857);
#206=PLANE('',#5858);
#207=PLANE('',#5859);
#208=PLANE('',#5860);
#209=PLANE('',#5861);
#210=PLANE('',#5862);
#211=PLANE('',#5863);
#212=PLANE('',#5865);
#213=PLANE('',#5867);
#214=PLANE('',#5869);
#215=PLANE('',#5871);
#216=PLANE('',#5882);
#217=PLANE('',#5883);
#218=PLANE('',#5890);
#219=PLANE('',#5891);
#220=PLANE('',#5892);
#221=PLANE('',#5894);
#222=PLANE('',#5895);
#223=PLANE('',#5896);
#224=PLANE('',#5900);
#225=PLANE('',#5901);
#226=PLANE('',#5905);
#227=PLANE('',#5909);
#228=PLANE('',#5910);
#229=PLANE('',#5914);
#230=PLANE('',#5916);
#231=PLANE('',#5921);
#232=PLANE('',#5934);
#233=PLANE('',#5936);
#234=PLANE('',#5937);
#235=PLANE('',#5941);
#236=PLANE('',#5942);
#237=PLANE('',#5943);
#238=PLANE('',#5947);
#239=PLANE('',#5949);
#240=PLANE('',#5952);
#241=PLANE('',#5955);
#242=PLANE('',#5957);
#243=PLANE('',#5958);
#244=PLANE('',#5960);
#245=PLANE('',#5966);
#246=PLANE('',#5971);
#247=PLANE('',#5972);
#248=PLANE('',#5979);
#249=PLANE('',#5980);
#250=PLANE('',#5981);
#251=PLANE('',#5983);
#252=PLANE('',#5984);
#253=PLANE('',#5985);
#254=PLANE('',#5989);
#255=PLANE('',#5990);
#256=PLANE('',#5994);
#257=PLANE('',#5998);
#258=PLANE('',#5999);
#259=PLANE('',#6003);
#260=PLANE('',#6005);
#261=PLANE('',#6010);
#262=PLANE('',#6023);
#263=PLANE('',#6025);
#264=PLANE('',#6026);
#265=PLANE('',#6030);
#266=PLANE('',#6031);
#267=PLANE('',#6032);
#268=PLANE('',#6036);
#269=PLANE('',#6038);
#270=PLANE('',#6041);
#271=PLANE('',#6044);
#272=PLANE('',#6046);
#273=PLANE('',#6047);
#274=PLANE('',#6049);
#275=PLANE('',#6055);
#276=CYLINDRICAL_SURFACE('',#5596,0.00517525536288163);
#277=CYLINDRICAL_SURFACE('',#5696,0.0079);
#278=CYLINDRICAL_SURFACE('',#5698,0.0079);
#279=CYLINDRICAL_SURFACE('',#5700,0.0079);
#280=CYLINDRICAL_SURFACE('',#5702,0.0079);
#281=CYLINDRICAL_SURFACE('',#5748,0.0051);
#282=CYLINDRICAL_SURFACE('',#5751,0.007);
#283=CYLINDRICAL_SURFACE('',#5754,0.0045);
#284=CYLINDRICAL_SURFACE('',#5757,0.00335);
#285=CYLINDRICAL_SURFACE('',#5774,0.0004);
#286=CYLINDRICAL_SURFACE('',#5777,0.0004);
#287=CYLINDRICAL_SURFACE('',#5780,0.0004);
#288=CYLINDRICAL_SURFACE('',#5795,0.0004);
#289=CYLINDRICAL_SURFACE('',#5804,0.0004);
#290=CYLINDRICAL_SURFACE('',#5807,0.0004);
#291=CYLINDRICAL_SURFACE('',#5817,0.0004);
#292=CYLINDRICAL_SURFACE('',#5827,0.0004);
#293=CYLINDRICAL_SURFACE('',#5836,0.0004);
#294=CYLINDRICAL_SURFACE('',#5841,0.0004);
#295=CYLINDRICAL_SURFACE('',#5844,0.0004);
#296=CYLINDRICAL_SURFACE('',#5846,0.0004);
#297=CYLINDRICAL_SURFACE('',#5873,0.008);
#298=CYLINDRICAL_SURFACE('',#5875,0.0044);
#299=CYLINDRICAL_SURFACE('',#5879,0.0021);
#300=CYLINDRICAL_SURFACE('',#5884,0.00065);
#301=CYLINDRICAL_SURFACE('',#5887,0.00065);
#302=CYLINDRICAL_SURFACE('',#5897,0.0112484208579298);
#303=CYLINDRICAL_SURFACE('',#5902,0.000607945923879986);
#304=CYLINDRICAL_SURFACE('',#5906,0.000187945923879987);
#305=CYLINDRICAL_SURFACE('',#5911,0.0159426030472588);
#306=CYLINDRICAL_SURFACE('',#5926,0.00109930309230132);
#307=CYLINDRICAL_SURFACE('',#5927,0.000620066604263576);
#308=CYLINDRICAL_SURFACE('',#5928,0.000200066604263577);
#309=CYLINDRICAL_SURFACE('',#5929,0.000681903083721922);
#310=CYLINDRICAL_SURFACE('',#5930,0.001);
#311=CYLINDRICAL_SURFACE('',#5938,0.00065);
#312=CYLINDRICAL_SURFACE('',#5944,0.0021);
#313=CYLINDRICAL_SURFACE('',#5956,9.8344473585775E-5);
#314=CYLINDRICAL_SURFACE('',#5959,0.000518344473585776);
#315=CYLINDRICAL_SURFACE('',#5962,0.001);
#316=CYLINDRICAL_SURFACE('',#5968,0.0021);
#317=CYLINDRICAL_SURFACE('',#5973,0.00065);
#318=CYLINDRICAL_SURFACE('',#5976,0.00065);
#319=CYLINDRICAL_SURFACE('',#5986,0.0112484208579298);
#320=CYLINDRICAL_SURFACE('',#5991,0.000607945923879986);
#321=CYLINDRICAL_SURFACE('',#5995,0.000187945923879987);
#322=CYLINDRICAL_SURFACE('',#6000,0.0159426030472588);
#323=CYLINDRICAL_SURFACE('',#6015,0.00109930309230132);
#324=CYLINDRICAL_SURFACE('',#6016,0.000620066604263576);
#325=CYLINDRICAL_SURFACE('',#6017,0.000200066604263577);
#326=CYLINDRICAL_SURFACE('',#6018,0.000681903083721922);
#327=CYLINDRICAL_SURFACE('',#6019,0.001);
#328=CYLINDRICAL_SURFACE('',#6027,0.00065);
#329=CYLINDRICAL_SURFACE('',#6033,0.0021);
#330=CYLINDRICAL_SURFACE('',#6045,9.8344473585775E-5);
#331=CYLINDRICAL_SURFACE('',#6048,0.000518344473585776);
#332=CYLINDRICAL_SURFACE('',#6051,0.001);
#333=LINE('',#8919,#780);
#334=LINE('',#8937,#781);
#335=LINE('',#9248,#782);
#336=LINE('',#9440,#783);
#337=LINE('',#9442,#784);
#338=LINE('',#9444,#785);
#339=LINE('',#9447,#786);
#340=LINE('',#9451,#787);
#341=LINE('',#9453,#788);
#342=LINE('',#9460,#789);
#343=LINE('',#9462,#790);
#344=LINE('',#9465,#791);
#345=LINE('',#9466,#792);
#346=LINE('',#9477,#793);
#347=LINE('',#9480,#794);
#348=LINE('',#9481,#795);
#349=LINE('',#9483,#796);
#350=LINE('',#9486,#797);
#351=LINE('',#9487,#798);
#352=LINE('',#9489,#799);
#353=LINE('',#9492,#800);
#354=LINE('',#9493,#801);
#355=LINE('',#9495,#802);
#356=LINE('',#9498,#803);
#357=LINE('',#9499,#804);
#358=LINE('',#9504,#805);
#359=LINE('',#9505,#806);
#360=LINE('',#9507,#807);
#361=LINE('',#9510,#808);
#362=LINE('',#9511,#809);
#363=LINE('',#9513,#810);
#364=LINE('',#9515,#811);
#365=LINE('',#9517,#812);
#366=LINE('',#9519,#813);
#367=LINE('',#9522,#814);
#368=LINE('',#9526,#815);
#369=LINE('',#9528,#816);
#370=LINE('',#9535,#817);
#371=LINE('',#9537,#818);
#372=LINE('',#9540,#819);
#373=LINE('',#9541,#820);
#374=LINE('',#9552,#821);
#375=LINE('',#9559,#822);
#376=LINE('',#9561,#823);
#377=LINE('',#9564,#824);
#378=LINE('',#9565,#825);
#379=LINE('',#9570,#826);
#380=LINE('',#9571,#827);
#381=LINE('',#9573,#828);
#382=LINE('',#9576,#829);
#383=LINE('',#9577,#830);
#384=LINE('',#9582,#831);
#385=LINE('',#9583,#832);
#386=LINE('',#9585,#833);
#387=LINE('',#9588,#834);
#388=LINE('',#9597,#835);
#389=LINE('',#9598,#836);
#390=LINE('',#9600,#837);
#391=LINE('',#9603,#838);
#392=LINE('',#9607,#839);
#393=LINE('',#9609,#840);
#394=LINE('',#9616,#841);
#395=LINE('',#9618,#842);
#396=LINE('',#9621,#843);
#397=LINE('',#9622,#844);
#398=LINE('',#9633,#845);
#399=LINE('',#9640,#846);
#400=LINE('',#9642,#847);
#401=LINE('',#9645,#848);
#402=LINE('',#9646,#849);
#403=LINE('',#9651,#850);
#404=LINE('',#9652,#851);
#405=LINE('',#9654,#852);
#406=LINE('',#9657,#853);
#407=LINE('',#9658,#854);
#408=LINE('',#9663,#855);
#409=LINE('',#9664,#856);
#410=LINE('',#9666,#857);
#411=LINE('',#9669,#858);
#412=LINE('',#9678,#859);
#413=LINE('',#9679,#860);
#414=LINE('',#9681,#861);
#415=LINE('',#9684,#862);
#416=LINE('',#9686,#863);
#417=LINE('',#9688,#864);
#418=LINE('',#9690,#865);
#419=LINE('',#9693,#866);
#420=LINE('',#9694,#867);
#421=LINE('',#9696,#868);
#422=LINE('',#9699,#869);
#423=LINE('',#9700,#870);
#424=LINE('',#9702,#871);
#425=LINE('',#9708,#872);
#426=LINE('',#9715,#873);
#427=LINE('',#9717,#874);
#428=LINE('',#9720,#875);
#429=LINE('',#9721,#876);
#430=LINE('',#9726,#877);
#431=LINE('',#9727,#878);
#432=LINE('',#9729,#879);
#433=LINE('',#9732,#880);
#434=LINE('',#9733,#881);
#435=LINE('',#9735,#882);
#436=LINE('',#9738,#883);
#437=LINE('',#9739,#884);
#438=LINE('',#9741,#885);
#439=LINE('',#9744,#886);
#440=LINE('',#9753,#887);
#441=LINE('',#9754,#888);
#442=LINE('',#9756,#889);
#443=LINE('',#9759,#890);
#444=LINE('',#9761,#891);
#445=LINE('',#9763,#892);
#446=LINE('',#9765,#893);
#447=LINE('',#9767,#894);
#448=LINE('',#9769,#895);
#449=LINE('',#9771,#896);
#450=LINE('',#9773,#897);
#451=LINE('',#9775,#898);
#452=LINE('',#9777,#899);
#453=LINE('',#9778,#900);
#454=LINE('',#9780,#901);
#455=LINE('',#9782,#902);
#456=LINE('',#9784,#903);
#457=LINE('',#9786,#904);
#458=LINE('',#9788,#905);
#459=LINE('',#9791,#906);
#460=LINE('',#9793,#907);
#461=LINE('',#9795,#908);
#462=LINE('',#9797,#909);
#463=LINE('',#9799,#910);
#464=LINE('',#9801,#911);
#465=LINE('',#9803,#912);
#466=LINE('',#9805,#913);
#467=LINE('',#9807,#914);
#468=LINE('',#9809,#915);
#469=LINE('',#9810,#916);
#470=LINE('',#9812,#917);
#471=LINE('',#9814,#918);
#472=LINE('',#9816,#919);
#473=LINE('',#9818,#920);
#474=LINE('',#9820,#921);
#475=LINE('',#9823,#922);
#476=LINE('',#9825,#923);
#477=LINE('',#9827,#924);
#478=LINE('',#9829,#925);
#479=LINE('',#9831,#926);
#480=LINE('',#9833,#927);
#481=LINE('',#9835,#928);
#482=LINE('',#9837,#929);
#483=LINE('',#9839,#930);
#484=LINE('',#9841,#931);
#485=LINE('',#9843,#932);
#486=LINE('',#9845,#933);
#487=LINE('',#9847,#934);
#488=LINE('',#9849,#935);
#489=LINE('',#9850,#936);
#490=LINE('',#9852,#937);
#491=LINE('',#9855,#938);
#492=LINE('',#9857,#939);
#493=LINE('',#9859,#940);
#494=LINE('',#9861,#941);
#495=LINE('',#9863,#942);
#496=LINE('',#9865,#943);
#497=LINE('',#9867,#944);
#498=LINE('',#9869,#945);
#499=LINE('',#9871,#946);
#500=LINE('',#9873,#947);
#501=LINE('',#9875,#948);
#502=LINE('',#9877,#949);
#503=LINE('',#9879,#950);
#504=LINE('',#9881,#951);
#505=LINE('',#9882,#952);
#506=LINE('',#9884,#953);
#507=LINE('',#9887,#954);
#508=LINE('',#9889,#955);
#509=LINE('',#9891,#956);
#510=LINE('',#9893,#957);
#511=LINE('',#9895,#958);
#512=LINE('',#9897,#959);
#513=LINE('',#9899,#960);
#514=LINE('',#9901,#961);
#515=LINE('',#9903,#962);
#516=LINE('',#9905,#963);
#517=LINE('',#9907,#964);
#518=LINE('',#9909,#965);
#519=LINE('',#9911,#966);
#520=LINE('',#9913,#967);
#521=LINE('',#9914,#968);
#522=LINE('',#9916,#969);
#523=LINE('',#9919,#970);
#524=LINE('',#9921,#971);
#525=LINE('',#9923,#972);
#526=LINE('',#9925,#973);
#527=LINE('',#9927,#974);
#528=LINE('',#9929,#975);
#529=LINE('',#9931,#976);
#530=LINE('',#9934,#977);
#531=LINE('',#9936,#978);
#532=LINE('',#9938,#979);
#533=LINE('',#9940,#980);
#534=LINE('',#9941,#981);
#535=LINE('',#9943,#982);
#536=LINE('',#9945,#983);
#537=LINE('',#9946,#984);
#538=LINE('',#9948,#985);
#539=LINE('',#9950,#986);
#540=LINE('',#9952,#987);
#541=LINE('',#9954,#988);
#542=LINE('',#9956,#989);
#543=LINE('',#9958,#990);
#544=LINE('',#9960,#991);
#545=LINE('',#9962,#992);
#546=LINE('',#9964,#993);
#547=LINE('',#9966,#994);
#548=LINE('',#9968,#995);
#549=LINE('',#9970,#996);
#550=LINE('',#9972,#997);
#551=LINE('',#9974,#998);
#552=LINE('',#9976,#999);
#553=LINE('',#9978,#1000);
#554=LINE('',#9980,#1001);
#555=LINE('',#9982,#1002);
#556=LINE('',#9984,#1003);
#557=LINE('',#9986,#1004);
#558=LINE('',#9988,#1005);
#559=LINE('',#10010,#1006);
#560=LINE('',#10011,#1007);
#561=LINE('',#10012,#1008);
#562=LINE('',#10013,#1009);
#563=LINE('',#10024,#1010);
#564=LINE('',#10026,#1011);
#565=LINE('',#10028,#1012);
#566=LINE('',#10029,#1013);
#567=LINE('',#10030,#1014);
#568=LINE('',#10031,#1015);
#569=LINE('',#10033,#1016);
#570=LINE('',#10035,#1017);
#571=LINE('',#10047,#1018);
#572=LINE('',#10049,#1019);
#573=LINE('',#10051,#1020);
#574=LINE('',#10052,#1021);
#575=LINE('',#10054,#1022);
#576=LINE('',#10056,#1023);
#577=LINE('',#10058,#1024);
#578=LINE('',#10060,#1025);
#579=LINE('',#10062,#1026);
#580=LINE('',#10064,#1027);
#581=LINE('',#10066,#1028);
#582=LINE('',#10068,#1029);
#583=LINE('',#10070,#1030);
#584=LINE('',#10072,#1031);
#585=LINE('',#10074,#1032);
#586=LINE('',#10076,#1033);
#587=LINE('',#10078,#1034);
#588=LINE('',#10079,#1035);
#589=LINE('',#10081,#1036);
#590=LINE('',#10083,#1037);
#591=LINE('',#10085,#1038);
#592=LINE('',#10086,#1039);
#593=LINE('',#10088,#1040);
#594=LINE('',#10090,#1041);
#595=LINE('',#10092,#1042);
#596=LINE('',#10093,#1043);
#597=LINE('',#10095,#1044);
#598=LINE('',#10097,#1045);
#599=LINE('',#10099,#1046);
#600=LINE('',#10100,#1047);
#601=LINE('',#10101,#1048);
#602=LINE('',#11493,#1049);
#603=LINE('',#11494,#1050);
#604=LINE('',#11555,#1051);
#605=LINE('',#11556,#1052);
#606=LINE('',#11617,#1053);
#607=LINE('',#11618,#1054);
#608=LINE('',#11739,#1055);
#609=LINE('',#11740,#1056);
#610=LINE('',#11852,#1057);
#611=LINE('',#11853,#1058);
#612=LINE('',#11911,#1059);
#613=LINE('',#11912,#1060);
#614=LINE('',#11985,#1061);
#615=LINE('',#11986,#1062);
#616=LINE('',#12105,#1063);
#617=LINE('',#12106,#1064);
#618=LINE('',#12119,#1065);
#619=LINE('',#12120,#1066);
#620=LINE('',#12220,#1067);
#621=LINE('',#12221,#1068);
#622=LINE('',#12288,#1069);
#623=LINE('',#12289,#1070);
#624=LINE('',#12349,#1071);
#625=LINE('',#12350,#1072);
#626=LINE('',#12478,#1073);
#627=LINE('',#12482,#1074);
#628=LINE('',#12484,#1075);
#629=LINE('',#12487,#1076);
#630=LINE('',#12489,#1077);
#631=LINE('',#12491,#1078);
#632=LINE('',#12493,#1079);
#633=LINE('',#12495,#1080);
#634=LINE('',#12497,#1081);
#635=LINE('',#12511,#1082);
#636=LINE('',#12520,#1083);
#637=LINE('',#12522,#1084);
#638=LINE('',#12524,#1085);
#639=LINE('',#12526,#1086);
#640=LINE('',#12528,#1087);
#641=LINE('',#12530,#1088);
#642=LINE('',#12535,#1089);
#643=LINE('',#12536,#1090);
#644=LINE('',#12543,#1091);
#645=LINE('',#12545,#1092);
#646=LINE('',#12547,#1093);
#647=LINE('',#12554,#1094);
#648=LINE('',#12581,#1095);
#649=LINE('',#12589,#1096);
#650=LINE('',#12591,#1097);
#651=LINE('',#12593,#1098);
#652=LINE('',#12600,#1099);
#653=LINE('',#12603,#1100);
#654=LINE('',#12605,#1101);
#655=LINE('',#12607,#1102);
#656=LINE('',#12613,#1103);
#657=LINE('',#12615,#1104);
#658=LINE('',#12617,#1105);
#659=LINE('',#12619,#1106);
#660=LINE('',#12625,#1107);
#661=LINE('',#12627,#1108);
#662=LINE('',#12629,#1109);
#663=LINE('',#12631,#1110);
#664=LINE('',#12633,#1111);
#665=LINE('',#12641,#1112);
#666=LINE('',#12643,#1113);
#667=LINE('',#12666,#1114);
#668=LINE('',#12679,#1115);
#669=LINE('',#12680,#1116);
#670=LINE('',#12732,#1117);
#671=LINE('',#12735,#1118);
#672=LINE('',#12738,#1119);
#673=LINE('',#12740,#1120);
#674=LINE('',#12742,#1121);
#675=LINE('',#12744,#1122);
#676=LINE('',#12746,#1123);
#677=LINE('',#12748,#1124);
#678=LINE('',#12754,#1125);
#679=LINE('',#12756,#1126);
#680=LINE('',#12759,#1127);
#681=LINE('',#12761,#1128);
#682=LINE('',#12763,#1129);
#683=LINE('',#12765,#1130);
#684=LINE('',#12766,#1131);
#685=LINE('',#12768,#1132);
#686=LINE('',#12771,#1133);
#687=LINE('',#12773,#1134);
#688=LINE('',#12775,#1135);
#689=LINE('',#12781,#1136);
#690=LINE('',#12786,#1137);
#691=LINE('',#12790,#1138);
#692=LINE('',#12791,#1139);
#693=LINE('',#12795,#1140);
#694=LINE('',#12797,#1141);
#695=LINE('',#12799,#1142);
#696=LINE('',#12803,#1143);
#697=LINE('',#12804,#1144);
#698=LINE('',#12808,#1145);
#699=LINE('',#12810,#1146);
#700=LINE('',#12813,#1147);
#701=LINE('',#12815,#1148);
#702=LINE('',#12856,#1149);
#703=LINE('',#12862,#1150);
#704=LINE('',#12866,#1151);
#705=LINE('',#12868,#1152);
#706=LINE('',#12871,#1153);
#707=LINE('',#12873,#1154);
#708=LINE('',#12875,#1155);
#709=LINE('',#12877,#1156);
#710=LINE('',#12879,#1157);
#711=LINE('',#12881,#1158);
#712=LINE('',#12895,#1159);
#713=LINE('',#12904,#1160);
#714=LINE('',#12906,#1161);
#715=LINE('',#12908,#1162);
#716=LINE('',#12910,#1163);
#717=LINE('',#12912,#1164);
#718=LINE('',#12914,#1165);
#719=LINE('',#12919,#1166);
#720=LINE('',#12920,#1167);
#721=LINE('',#12927,#1168);
#722=LINE('',#12929,#1169);
#723=LINE('',#12931,#1170);
#724=LINE('',#12938,#1171);
#725=LINE('',#12965,#1172);
#726=LINE('',#12973,#1173);
#727=LINE('',#12975,#1174);
#728=LINE('',#12977,#1175);
#729=LINE('',#12984,#1176);
#730=LINE('',#12987,#1177);
#731=LINE('',#12989,#1178);
#732=LINE('',#12991,#1179);
#733=LINE('',#12997,#1180);
#734=LINE('',#12999,#1181);
#735=LINE('',#13001,#1182);
#736=LINE('',#13003,#1183);
#737=LINE('',#13009,#1184);
#738=LINE('',#13011,#1185);
#739=LINE('',#13013,#1186);
#740=LINE('',#13015,#1187);
#741=LINE('',#13017,#1188);
#742=LINE('',#13025,#1189);
#743=LINE('',#13027,#1190);
#744=LINE('',#13050,#1191);
#745=LINE('',#13063,#1192);
#746=LINE('',#13064,#1193);
#747=LINE('',#13116,#1194);
#748=LINE('',#13119,#1195);
#749=LINE('',#13122,#1196);
#750=LINE('',#13124,#1197);
#751=LINE('',#13126,#1198);
#752=LINE('',#13128,#1199);
#753=LINE('',#13130,#1200);
#754=LINE('',#13132,#1201);
#755=LINE('',#13138,#1202);
#756=LINE('',#13140,#1203);
#757=LINE('',#13143,#1204);
#758=LINE('',#13145,#1205);
#759=LINE('',#13147,#1206);
#760=LINE('',#13149,#1207);
#761=LINE('',#13150,#1208);
#762=LINE('',#13152,#1209);
#763=LINE('',#13155,#1210);
#764=LINE('',#13157,#1211);
#765=LINE('',#13159,#1212);
#766=LINE('',#13165,#1213);
#767=LINE('',#13170,#1214);
#768=LINE('',#13174,#1215);
#769=LINE('',#13175,#1216);
#770=LINE('',#13179,#1217);
#771=LINE('',#13181,#1218);
#772=LINE('',#13183,#1219);
#773=LINE('',#13187,#1220);
#774=LINE('',#13188,#1221);
#775=LINE('',#13192,#1222);
#776=LINE('',#13194,#1223);
#777=LINE('',#13197,#1224);
#778=LINE('',#13199,#1225);
#779=LINE('',#13240,#1226);
#780=VECTOR('',#6064,1.);
#781=VECTOR('',#6069,1.);
#782=VECTOR('',#6070,1.);
#783=VECTOR('',#6073,1.);
#784=VECTOR('',#6074,1.);
#785=VECTOR('',#6077,1.);
#786=VECTOR('',#6078,1.);
#787=VECTOR('',#6081,1.);
#788=VECTOR('',#6084,1.);
#789=VECTOR('',#6085,1.);
#790=VECTOR('',#6088,1.);
#791=VECTOR('',#6089,1.);
#792=VECTOR('',#6090,1.);
#793=VECTOR('',#6099,1.);
#794=VECTOR('',#6100,1.);
#795=VECTOR('',#6101,1.);
#796=VECTOR('',#6104,1.);
#797=VECTOR('',#6105,1.);
#798=VECTOR('',#6106,1.);
#799=VECTOR('',#6109,1.);
#800=VECTOR('',#6110,1.);
#801=VECTOR('',#6111,1.);
#802=VECTOR('',#6114,1.);
#803=VECTOR('',#6115,1.);
#804=VECTOR('',#6116,1.);
#805=VECTOR('',#6121,1.);
#806=VECTOR('',#6122,1.);
#807=VECTOR('',#6125,1.);
#808=VECTOR('',#6126,1.);
#809=VECTOR('',#6127,1.);
#810=VECTOR('',#6130,1.);
#811=VECTOR('',#6131,1.);
#812=VECTOR('',#6132,1.);
#813=VECTOR('',#6135,1.);
#814=VECTOR('',#6136,1.);
#815=VECTOR('',#6139,1.);
#816=VECTOR('',#6142,1.);
#817=VECTOR('',#6143,1.);
#818=VECTOR('',#6146,1.);
#819=VECTOR('',#6147,1.);
#820=VECTOR('',#6148,1.);
#821=VECTOR('',#6157,1.);
#822=VECTOR('',#6158,1.);
#823=VECTOR('',#6161,1.);
#824=VECTOR('',#6162,1.);
#825=VECTOR('',#6163,1.);
#826=VECTOR('',#6168,1.);
#827=VECTOR('',#6169,1.);
#828=VECTOR('',#6172,1.);
#829=VECTOR('',#6173,1.);
#830=VECTOR('',#6174,1.);
#831=VECTOR('',#6179,1.);
#832=VECTOR('',#6180,1.);
#833=VECTOR('',#6183,1.);
#834=VECTOR('',#6184,1.);
#835=VECTOR('',#6189,1.);
#836=VECTOR('',#6190,1.);
#837=VECTOR('',#6193,1.);
#838=VECTOR('',#6194,1.);
#839=VECTOR('',#6197,1.);
#840=VECTOR('',#6200,1.);
#841=VECTOR('',#6201,1.);
#842=VECTOR('',#6204,1.);
#843=VECTOR('',#6205,1.);
#844=VECTOR('',#6206,1.);
#845=VECTOR('',#6215,1.);
#846=VECTOR('',#6216,1.);
#847=VECTOR('',#6219,1.);
#848=VECTOR('',#6220,1.);
#849=VECTOR('',#6221,1.);
#850=VECTOR('',#6226,1.);
#851=VECTOR('',#6227,1.);
#852=VECTOR('',#6230,1.);
#853=VECTOR('',#6231,1.);
#854=VECTOR('',#6232,1.);
#855=VECTOR('',#6237,1.);
#856=VECTOR('',#6238,1.);
#857=VECTOR('',#6241,1.);
#858=VECTOR('',#6242,1.);
#859=VECTOR('',#6247,1.);
#860=VECTOR('',#6248,1.);
#861=VECTOR('',#6251,1.);
#862=VECTOR('',#6252,1.);
#863=VECTOR('',#6253,1.);
#864=VECTOR('',#6254,1.);
#865=VECTOR('',#6257,1.);
#866=VECTOR('',#6258,1.);
#867=VECTOR('',#6259,1.);
#868=VECTOR('',#6262,1.);
#869=VECTOR('',#6263,1.);
#870=VECTOR('',#6264,1.);
#871=VECTOR('',#6267,1.);
#872=VECTOR('',#6274,1.);
#873=VECTOR('',#6275,1.);
#874=VECTOR('',#6278,1.);
#875=VECTOR('',#6279,1.);
#876=VECTOR('',#6280,1.);
#877=VECTOR('',#6285,1.);
#878=VECTOR('',#6286,1.);
#879=VECTOR('',#6289,1.);
#880=VECTOR('',#6290,1.);
#881=VECTOR('',#6291,1.);
#882=VECTOR('',#6294,1.);
#883=VECTOR('',#6295,1.);
#884=VECTOR('',#6296,1.);
#885=VECTOR('',#6299,1.);
#886=VECTOR('',#6300,1.);
#887=VECTOR('',#6305,1.);
#888=VECTOR('',#6306,1.);
#889=VECTOR('',#6309,1.);
#890=VECTOR('',#6310,1.);
#891=VECTOR('',#6311,1.);
#892=VECTOR('',#6312,1.);
#893=VECTOR('',#6315,1.);
#894=VECTOR('',#6316,1.);
#895=VECTOR('',#6317,1.);
#896=VECTOR('',#6320,1.);
#897=VECTOR('',#6321,1.);
#898=VECTOR('',#6322,1.);
#899=VECTOR('',#6325,1.);
#900=VECTOR('',#6326,1.);
#901=VECTOR('',#6327,1.);
#902=VECTOR('',#6328,1.);
#903=VECTOR('',#6329,1.);
#904=VECTOR('',#6330,1.);
#905=VECTOR('',#6333,1.);
#906=VECTOR('',#6334,1.);
#907=VECTOR('',#6335,1.);
#908=VECTOR('',#6336,1.);
#909=VECTOR('',#6339,1.);
#910=VECTOR('',#6340,1.);
#911=VECTOR('',#6341,1.);
#912=VECTOR('',#6344,1.);
#913=VECTOR('',#6345,1.);
#914=VECTOR('',#6346,1.);
#915=VECTOR('',#6349,1.);
#916=VECTOR('',#6350,1.);
#917=VECTOR('',#6351,1.);
#918=VECTOR('',#6352,1.);
#919=VECTOR('',#6353,1.);
#920=VECTOR('',#6354,1.);
#921=VECTOR('',#6357,1.);
#922=VECTOR('',#6358,1.);
#923=VECTOR('',#6359,1.);
#924=VECTOR('',#6360,1.);
#925=VECTOR('',#6361,1.);
#926=VECTOR('',#6362,1.);
#927=VECTOR('',#6363,1.);
#928=VECTOR('',#6364,1.);
#929=VECTOR('',#6367,1.);
#930=VECTOR('',#6368,1.);
#931=VECTOR('',#6369,1.);
#932=VECTOR('',#6372,1.);
#933=VECTOR('',#6373,1.);
#934=VECTOR('',#6374,1.);
#935=VECTOR('',#6377,1.);
#936=VECTOR('',#6378,1.);
#937=VECTOR('',#6381,1.);
#938=VECTOR('',#6382,1.);
#939=VECTOR('',#6383,1.);
#940=VECTOR('',#6384,1.);
#941=VECTOR('',#6387,1.);
#942=VECTOR('',#6388,1.);
#943=VECTOR('',#6389,1.);
#944=VECTOR('',#6392,1.);
#945=VECTOR('',#6393,1.);
#946=VECTOR('',#6394,1.);
#947=VECTOR('',#6397,1.);
#948=VECTOR('',#6398,1.);
#949=VECTOR('',#6399,1.);
#950=VECTOR('',#6400,1.);
#951=VECTOR('',#6401,1.);
#952=VECTOR('',#6402,1.);
#953=VECTOR('',#6405,1.);
#954=VECTOR('',#6406,1.);
#955=VECTOR('',#6407,1.);
#956=VECTOR('',#6408,1.);
#957=VECTOR('',#6411,1.);
#958=VECTOR('',#6412,1.);
#959=VECTOR('',#6413,1.);
#960=VECTOR('',#6416,1.);
#961=VECTOR('',#6417,1.);
#962=VECTOR('',#6418,1.);
#963=VECTOR('',#6421,1.);
#964=VECTOR('',#6422,1.);
#965=VECTOR('',#6423,1.);
#966=VECTOR('',#6424,1.);
#967=VECTOR('',#6425,1.);
#968=VECTOR('',#6426,1.);
#969=VECTOR('',#6429,1.);
#970=VECTOR('',#6430,1.);
#971=VECTOR('',#6431,1.);
#972=VECTOR('',#6432,1.);
#973=VECTOR('',#6435,1.);
#974=VECTOR('',#6436,1.);
#975=VECTOR('',#6437,1.);
#976=VECTOR('',#6440,1.);
#977=VECTOR('',#6441,1.);
#978=VECTOR('',#6442,1.);
#979=VECTOR('',#6443,1.);
#980=VECTOR('',#6444,1.);
#981=VECTOR('',#6445,1.);
#982=VECTOR('',#6446,1.);
#983=VECTOR('',#6449,1.);
#984=VECTOR('',#6450,1.);
#985=VECTOR('',#6453,1.);
#986=VECTOR('',#6454,1.);
#987=VECTOR('',#6455,1.);
#988=VECTOR('',#6458,1.);
#989=VECTOR('',#6459,1.);
#990=VECTOR('',#6462,1.);
#991=VECTOR('',#6463,1.);
#992=VECTOR('',#6466,1.);
#993=VECTOR('',#6467,1.);
#994=VECTOR('',#6468,1.);
#995=VECTOR('',#6471,1.);
#996=VECTOR('',#6472,1.);
#997=VECTOR('',#6475,1.);
#998=VECTOR('',#6476,1.);
#999=VECTOR('',#6479,1.);
#1000=VECTOR('',#6480,1.);
#1001=VECTOR('',#6481,1.);
#1002=VECTOR('',#6484,1.);
#1003=VECTOR('',#6485,1.);
#1004=VECTOR('',#6488,1.);
#1005=VECTOR('',#6489,1.);
#1006=VECTOR('',#6532,1.);
#1007=VECTOR('',#6533,1.);
#1008=VECTOR('',#6534,1.);
#1009=VECTOR('',#6535,1.);
#1010=VECTOR('',#6552,1.);
#1011=VECTOR('',#6553,1.);
#1012=VECTOR('',#6554,1.);
#1013=VECTOR('',#6555,1.);
#1014=VECTOR('',#6556,1.);
#1015=VECTOR('',#6557,1.);
#1016=VECTOR('',#6560,1.);
#1017=VECTOR('',#6561,1.);
#1018=VECTOR('',#6576,1.);
#1019=VECTOR('',#6577,1.);
#1020=VECTOR('',#6580,1.);
#1021=VECTOR('',#6581,1.);
#1022=VECTOR('',#6582,1.);
#1023=VECTOR('',#6583,1.);
#1024=VECTOR('',#6584,1.);
#1025=VECTOR('',#6585,1.);
#1026=VECTOR('',#6586,1.);
#1027=VECTOR('',#6587,1.);
#1028=VECTOR('',#6588,1.);
#1029=VECTOR('',#6589,1.);
#1030=VECTOR('',#6590,1.);
#1031=VECTOR('',#6591,1.);
#1032=VECTOR('',#6592,1.);
#1033=VECTOR('',#6593,1.);
#1034=VECTOR('',#6596,1.);
#1035=VECTOR('',#6597,1.);
#1036=VECTOR('',#6600,1.);
#1037=VECTOR('',#6603,1.);
#1038=VECTOR('',#6606,1.);
#1039=VECTOR('',#6607,1.);
#1040=VECTOR('',#6610,1.);
#1041=VECTOR('',#6613,1.);
#1042=VECTOR('',#6616,1.);
#1043=VECTOR('',#6617,1.);
#1044=VECTOR('',#6620,1.);
#1045=VECTOR('',#6623,1.);
#1046=VECTOR('',#6626,1.);
#1047=VECTOR('',#6627,1.);
#1048=VECTOR('',#6628,1.);
#1049=VECTOR('',#6693,1.);
#1050=VECTOR('',#6694,1.);
#1051=VECTOR('',#6701,1.);
#1052=VECTOR('',#6702,1.);
#1053=VECTOR('',#6709,1.);
#1054=VECTOR('',#6710,1.);
#1055=VECTOR('',#6741,1.);
#1056=VECTOR('',#6742,1.);
#1057=VECTOR('',#6761,1.);
#1058=VECTOR('',#6762,1.);
#1059=VECTOR('',#6767,1.);
#1060=VECTOR('',#6768,1.);
#1061=VECTOR('',#6791,1.);
#1062=VECTOR('',#6792,1.);
#1063=VECTOR('',#6811,1.);
#1064=VECTOR('',#6812,1.);
#1065=VECTOR('',#6831,1.);
#1066=VECTOR('',#6832,1.);
#1067=VECTOR('',#6845,1.);
#1068=VECTOR('',#6846,1.);
#1069=VECTOR('',#6851,1.);
#1070=VECTOR('',#6852,1.);
#1071=VECTOR('',#6859,1.);
#1072=VECTOR('',#6860,1.);
#1073=VECTOR('',#6927,1.);
#1074=VECTOR('',#6930,1.);
#1075=VECTOR('',#6933,1.);
#1076=VECTOR('',#6934,1.);
#1077=VECTOR('',#6935,1.);
#1078=VECTOR('',#6936,1.);
#1079=VECTOR('',#6939,1.);
#1080=VECTOR('',#6940,1.);
#1081=VECTOR('',#6941,1.);
#1082=VECTOR('',#6952,1.);
#1083=VECTOR('',#6957,1.);
#1084=VECTOR('',#6958,1.);
#1085=VECTOR('',#6959,1.);
#1086=VECTOR('',#6962,1.);
#1087=VECTOR('',#6963,1.);
#1088=VECTOR('',#6964,1.);
#1089=VECTOR('',#6971,1.);
#1090=VECTOR('',#6972,1.);
#1091=VECTOR('',#6973,1.);
#1092=VECTOR('',#6976,1.);
#1093=VECTOR('',#6979,1.);
#1094=VECTOR('',#6980,1.);
#1095=VECTOR('',#6987,1.);
#1096=VECTOR('',#6988,1.);
#1097=VECTOR('',#6991,1.);
#1098=VECTOR('',#6992,1.);
#1099=VECTOR('',#6995,1.);
#1100=VECTOR('',#6996,1.);
#1101=VECTOR('',#6997,1.);
#1102=VECTOR('',#6998,1.);
#1103=VECTOR('',#7005,1.);
#1104=VECTOR('',#7008,1.);
#1105=VECTOR('',#7009,1.);
#1106=VECTOR('',#7010,1.);
#1107=VECTOR('',#7017,1.);
#1108=VECTOR('',#7020,1.);
#1109=VECTOR('',#7021,1.);
#1110=VECTOR('',#7022,1.);
#1111=VECTOR('',#7025,1.);
#1112=VECTOR('',#7026,1.);
#1113=VECTOR('',#7027,1.);
#1114=VECTOR('',#7028,1.);
#1115=VECTOR('',#7039,1.);
#1116=VECTOR('',#7040,1.);
#1117=VECTOR('',#7079,1.);
#1118=VECTOR('',#7084,1.);
#1119=VECTOR('',#7085,1.);
#1120=VECTOR('',#7086,1.);
#1121=VECTOR('',#7087,1.);
#1122=VECTOR('',#7090,1.);
#1123=VECTOR('',#7091,1.);
#1124=VECTOR('',#7092,1.);
#1125=VECTOR('',#7099,1.);
#1126=VECTOR('',#7102,1.);
#1127=VECTOR('',#7103,1.);
#1128=VECTOR('',#7104,1.);
#1129=VECTOR('',#7105,1.);
#1130=VECTOR('',#7108,1.);
#1131=VECTOR('',#7109,1.);
#1132=VECTOR('',#7112,1.);
#1133=VECTOR('',#7113,1.);
#1134=VECTOR('',#7114,1.);
#1135=VECTOR('',#7115,1.);
#1136=VECTOR('',#7122,1.);
#1137=VECTOR('',#7129,1.);
#1138=VECTOR('',#7132,1.);
#1139=VECTOR('',#7133,1.);
#1140=VECTOR('',#7136,1.);
#1141=VECTOR('',#7139,1.);
#1142=VECTOR('',#7140,1.);
#1143=VECTOR('',#7143,1.);
#1144=VECTOR('',#7144,1.);
#1145=VECTOR('',#7149,1.);
#1146=VECTOR('',#7152,1.);
#1147=VECTOR('',#7157,1.);
#1148=VECTOR('',#7160,1.);
#1149=VECTOR('',#7175,1.);
#1150=VECTOR('',#7182,1.);
#1151=VECTOR('',#7185,1.);
#1152=VECTOR('',#7188,1.);
#1153=VECTOR('',#7189,1.);
#1154=VECTOR('',#7190,1.);
#1155=VECTOR('',#7191,1.);
#1156=VECTOR('',#7194,1.);
#1157=VECTOR('',#7195,1.);
#1158=VECTOR('',#7196,1.);
#1159=VECTOR('',#7207,1.);
#1160=VECTOR('',#7212,1.);
#1161=VECTOR('',#7213,1.);
#1162=VECTOR('',#7214,1.);
#1163=VECTOR('',#7217,1.);
#1164=VECTOR('',#7218,1.);
#1165=VECTOR('',#7219,1.);
#1166=VECTOR('',#7226,1.);
#1167=VECTOR('',#7227,1.);
#1168=VECTOR('',#7228,1.);
#1169=VECTOR('',#7231,1.);
#1170=VECTOR('',#7234,1.);
#1171=VECTOR('',#7235,1.);
#1172=VECTOR('',#7242,1.);
#1173=VECTOR('',#7243,1.);
#1174=VECTOR('',#7246,1.);
#1175=VECTOR('',#7247,1.);
#1176=VECTOR('',#7250,1.);
#1177=VECTOR('',#7251,1.);
#1178=VECTOR('',#7252,1.);
#1179=VECTOR('',#7253,1.);
#1180=VECTOR('',#7260,1.);
#1181=VECTOR('',#7263,1.);
#1182=VECTOR('',#7264,1.);
#1183=VECTOR('',#7265,1.);
#1184=VECTOR('',#7272,1.);
#1185=VECTOR('',#7275,1.);
#1186=VECTOR('',#7276,1.);
#1187=VECTOR('',#7277,1.);
#1188=VECTOR('',#7280,1.);
#1189=VECTOR('',#7281,1.);
#1190=VECTOR('',#7282,1.);
#1191=VECTOR('',#7283,1.);
#1192=VECTOR('',#7294,1.);
#1193=VECTOR('',#7295,1.);
#1194=VECTOR('',#7334,1.);
#1195=VECTOR('',#7339,1.);
#1196=VECTOR('',#7340,1.);
#1197=VECTOR('',#7341,1.);
#1198=VECTOR('',#7342,1.);
#1199=VECTOR('',#7345,1.);
#1200=VECTOR('',#7346,1.);
#1201=VECTOR('',#7347,1.);
#1202=VECTOR('',#7354,1.);
#1203=VECTOR('',#7357,1.);
#1204=VECTOR('',#7358,1.);
#1205=VECTOR('',#7359,1.);
#1206=VECTOR('',#7360,1.);
#1207=VECTOR('',#7363,1.);
#1208=VECTOR('',#7364,1.);
#1209=VECTOR('',#7367,1.);
#1210=VECTOR('',#7368,1.);
#1211=VECTOR('',#7369,1.);
#1212=VECTOR('',#7370,1.);
#1213=VECTOR('',#7377,1.);
#1214=VECTOR('',#7384,1.);
#1215=VECTOR('',#7387,1.);
#1216=VECTOR('',#7388,1.);
#1217=VECTOR('',#7391,1.);
#1218=VECTOR('',#7394,1.);
#1219=VECTOR('',#7395,1.);
#1220=VECTOR('',#7398,1.);
#1221=VECTOR('',#7399,1.);
#1222=VECTOR('',#7404,1.);
#1223=VECTOR('',#7407,1.);
#1224=VECTOR('',#7412,1.);
#1225=VECTOR('',#7415,1.);
#1226=VECTOR('',#7430,1.);
#1227=(
BOUNDED_CURVE()
B_SPLINE_CURVE(2,(#8128,#8129,#8130,#8131,#8132,#8133,#8134,#8135,#8136,
#8137,#8138,#8139,#8140,#8141,#8142,#8143,#8144,#8145,#8146,#8147,#8148,
#8149,#8150,#8151,#8152,#8153,#8154,#8155,#8156,#8157,#8158,#8159,#8160,
#8161,#8162,#8163,#8164,#8165,#8166,#8167,#8168,#8169,#8170,#8171,#8172,
#8173,#8174,#8175,#8176,#8177,#8178,#8179,#8180,#8181,#8182,#8183,#8184,
#8185,#8186,#8187,#8188,#8189,#8190,#8191,#8192,#8193,#8194,#8195,#8196,
#8197,#8198,#8199,#8200,#8201,#8202,#8203,#8204,#8205,#8206,#8207,#8208,
#8209,#8210,#8211,#8212,#8213,#8214,#8215,#8216,#8217,#8218,#8219,#8220,
#8221,#8222,#8223,#8224,#8225,#8226,#8227,#8228,#8229,#8230,#8231,#8232,
#8233,#8234,#8235,#8236,#8237,#8238,#8239,#8240,#8241,#8242,#8243,#8244,
#8245,#8246,#8247,#8248,#8249,#8250,#8251,#8252,#8253,#8254,#8255,#8256,
#8257,#8258,#8259,#8260,#8261,#8262,#8263,#8264,#8265,#8266,#8267,#8268,
#8269,#8270,#8271,#8272,#8273,#8274,#8275,#8276,#8277,#8278,#8279,#8280),
 .UNSPECIFIED.,.F.,.F.)
B_SPLINE_CURVE_WITH_KNOTS((3,2,2,2,2,2,2,2,2,2,2,2,2,2,2,2,2,2,2,2,2,2,
2,2,2,2,2,2,2,2,2,2,2,2,2,2,2,2,2,2,2,2,2,2,2,2,2,2,2,2,2,2,2,2,2,2,2,2,
2,2,2,2,2,2,2,2,2,2,2,2,2,2,2,2,2,2,3),(0.077797413839009,0.0795454545454545,
0.0909090909090909,0.102272727272727,0.113636363636364,0.125,0.136363636363636,
0.147727272727273,0.159090909090909,0.170454545454545,0.181818181818182,
0.193181818181818,0.204545454545455,0.215909090909091,0.227272727272728,
0.238636363636363,0.25,0.261363636363637,0.272727272727273,0.284090909090909,
0.295454545454546,0.306818181818182,0.318181818181818,0.329545454545455,
0.340909090909091,0.352272727272728,0.363636363636364,0.375,0.386363636363637,
0.397727272727273,0.409090909090909,0.420454545454546,0.431818181818182,
0.443181818181818,0.454545454545455,0.465909090909091,0.477272727272727,
0.488636363636364,0.5,0.511363636363636,0.522727272727273,0.534090909090909,
0.545454545454545,0.556818181818182,0.568181818181818,0.579545454545455,
0.590909090909091,0.602272727272727,0.613636363636364,0.625,0.636363636363636,
0.647727272727273,0.659090909090909,0.670454545454545,0.681818181818182,
0.693181818181818,0.704545454545455,0.715909090909091,0.727272727272727,
0.738636363636364,0.75,0.761363636363636,0.772727272727273,0.784090909090909,
0.795454545454546,0.806818181818182,0.818181818181818,0.829545454545455,
0.840909090909091,0.852272727272727,0.863636363636364,0.875,0.886363636363636,
0.897727272727273,0.909090909090909,0.920454545454545,0.931818181818182),
 .UNSPECIFIED.)
CURVE()
GEOMETRIC_REPRESENTATION_ITEM()
RATIONAL_B_SPLINE_CURVE((0.980183610897238,0.988290572532773,1.,0.923879532511287,
1.,0.923879532511287,1.,0.923879532511287,1.,0.923879532511287,1.,0.923879532511287,
1.,0.923879532511287,1.,0.923879532511287,1.,0.923879532511287,1.,0.923879532511287,
1.,0.923879532511287,1.,0.923879532511287,1.,0.923879532511287,1.,0.923879532511287,
1.,0.923879532511287,1.,0.923879532511287,1.,0.923879532511287,1.,0.923879532511287,
1.,0.923879532511287,1.,0.923879532511287,1.,0.923879532511287,1.,0.923879532511287,
1.,0.923879532511287,1.,0.923879532511287,1.,0.923879532511287,1.,0.923879532511287,
1.,0.923879532511287,1.,0.923879532511287,1.,0.923879532511287,1.,0.923879532511287,
1.,0.923879532511287,1.,0.923879532511287,1.,0.923879532511287,1.,0.923879532511287,
1.,0.923879532511287,1.,0.923879532511287,1.,0.923879532511287,1.,0.923879532511287,
1.,0.923879532511287,1.,0.923879532511287,1.,0.923879532511287,1.,0.923879532511287,
1.,0.923879532511287,1.,0.923879532511287,1.,0.923879532511287,1.,0.923879532511287,
1.,0.923879532511287,1.,0.923879532511287,1.,0.923879532511287,1.,0.923879532511287,
1.,0.923879532511287,1.,0.923879532511287,1.,0.923879532511287,1.,0.923879532511287,
1.,0.923879532511287,1.,0.923879532511287,1.,0.923879532511287,1.,0.923879532511287,
1.,0.923879532511287,1.,0.923879532511287,1.,0.923879532511287,1.,0.923879532511287,
1.,0.923879532511287,1.,0.923879532511287,1.,0.923879532511287,1.,0.923879532511287,
1.,0.923879532511287,1.,0.923879532511287,1.,0.923879532511287,1.,0.923879532511287,
1.,0.923879532511287,1.,0.923879532511287,1.,0.923879532511287,1.,0.923879532511287,
1.,0.923879532511287,1.,0.923879532511287,1.))
REPRESENTATION_ITEM('')
);
#1228=(
BOUNDED_CURVE()
B_SPLINE_CURVE(2,(#8284,#8285,#8286,#8287,#8288,#8289,#8290,#8291,#8292,
#8293,#8294,#8295,#8296,#8297,#8298,#8299,#8300,#8301,#8302,#8303,#8304,
#8305,#8306,#8307,#8308,#8309,#8310,#8311,#8312,#8313,#8314,#8315,#8316,
#8317,#8318,#8319,#8320,#8321,#8322,#8323,#8324,#8325,#8326,#8327,#8328,
#8329,#8330,#8331,#8332,#8333,#8334,#8335,#8336,#8337,#8338,#8339,#8340,
#8341,#8342,#8343,#8344,#8345,#8346,#8347,#8348,#8349,#8350,#8351,#8352,
#8353,#8354,#8355,#8356,#8357,#8358,#8359,#8360,#8361,#8362,#8363,#8364,
#8365,#8366,#8367,#8368,#8369,#8370,#8371,#8372,#8373,#8374,#8375,#8376,
#8377,#8378,#8379,#8380,#8381,#8382,#8383,#8384,#8385,#8386,#8387,#8388,
#8389,#8390,#8391,#8392,#8393,#8394,#8395,#8396,#8397,#8398,#8399,#8400,
#8401,#8402,#8403,#8404,#8405,#8406,#8407,#8408,#8409,#8410,#8411,#8412,
#8413,#8414,#8415,#8416,#8417,#8418,#8419,#8420,#8421,#8422,#8423,#8424,
#8425,#8426,#8427,#8428,#8429,#8430,#8431,#8432,#8433,#8434,#8435,#8436,
#8437,#8438),.UNSPECIFIED.,.F.,.F.)
B_SPLINE_CURVE_WITH_KNOTS((3,2,2,2,2,2,2,2,2,2,2,2,2,2,2,2,2,2,2,2,2,2,
2,2,2,2,2,2,2,2,2,2,2,2,2,2,2,2,2,2,2,2,2,2,2,2,2,2,2,2,2,2,2,2,2,2,2,2,
2,2,2,2,2,2,2,2,2,2,2,2,2,2,2,2,2,2,2,3),(0.0674187026537213,0.0681818181818182,
0.0795454545454545,0.0909090909090909,0.102272727272727,0.113636363636364,
0.125,0.136363636363636,0.147727272727273,0.159090909090909,0.170454545454545,
0.181818181818182,0.193181818181818,0.204545454545455,0.215909090909091,
0.227272727272728,0.238636363636363,0.25,0.261363636363637,0.272727272727273,
0.284090909090909,0.295454545454546,0.306818181818182,0.318181818181818,
0.329545454545455,0.340909090909091,0.352272727272728,0.363636363636364,
0.375,0.386363636363637,0.397727272727273,0.409090909090909,0.420454545454546,
0.431818181818182,0.443181818181818,0.454545454545455,0.465909090909091,
0.477272727272727,0.488636363636364,0.5,0.511363636363636,0.522727272727273,
0.534090909090909,0.545454545454545,0.556818181818182,0.568181818181818,
0.579545454545455,0.590909090909091,0.602272727272727,0.613636363636364,
0.625,0.636363636363636,0.647727272727273,0.659090909090909,0.670454545454545,
0.681818181818182,0.693181818181818,0.704545454545455,0.715909090909091,
0.727272727272727,0.738636363636364,0.75,0.761363636363636,0.772727272727273,
0.784090909090909,0.795454545454545,0.806818181818182,0.818181818181818,
0.829545454545455,0.840909090909091,0.852272727272727,0.863636363636364,
0.875,0.886363636363636,0.897727272727273,0.909090909090909,0.920454545454545,
0.931818181818182),.UNSPECIFIED.)
CURVE()
GEOMETRIC_REPRESENTATION_ITEM()
RATIONAL_B_SPLINE_CURVE((0.990462945124084,0.994888193454296,1.,0.923879532511287,
1.,0.923879532511287,1.,0.923879532511287,1.,0.923879532511287,1.,0.923879532511287,
1.,0.923879532511287,1.,0.923879532511287,1.,0.923879532511287,1.,0.923879532511287,
1.,0.923879532511287,1.,0.923879532511287,1.,0.923879532511287,1.,0.923879532511287,
1.,0.923879532511287,1.,0.923879532511287,1.,0.923879532511287,1.,0.923879532511287,
1.,0.923879532511287,1.,0.923879532511287,1.,0.923879532511287,1.,0.923879532511287,
1.,0.923879532511287,1.,0.923879532511287,1.,0.923879532511287,1.,0.923879532511287,
1.,0.923879532511287,1.,0.923879532511287,1.,0.923879532511287,1.,0.923879532511287,
1.,0.923879532511287,1.,0.923879532511287,1.,0.923879532511287,1.,0.923879532511287,
1.,0.923879532511287,1.,0.923879532511287,1.,0.923879532511287,1.,0.923879532511287,
1.,0.923879532511287,1.,0.923879532511287,1.,0.923879532511287,1.,0.923879532511287,
1.,0.923879532511287,1.,0.923879532511287,1.,0.923879532511287,1.,0.923879532511287,
1.,0.923879532511287,1.,0.923879532511287,1.,0.923879532511287,1.,0.923879532511287,
1.,0.923879532511287,1.,0.923879532511287,1.,0.923879532511287,1.,0.923879532511287,
1.,0.923879532511287,1.,0.923879532511287,1.,0.923879532511287,1.,0.923879532511287,
1.,0.923879532511287,1.,0.923879532511287,1.,0.923879532511287,1.,0.923879532511287,
1.,0.923879532511287,1.,0.923879532511287,1.,0.923879532511287,1.,0.923879532511287,
1.,0.923879532511287,1.,0.923879532511287,1.,0.923879532511287,1.,0.923879532511287,
1.,0.923879532511287,1.,0.923879532511287,1.,0.923879532511287,1.,0.923879532511287,
1.,0.923879532511287,1.,0.923879532511287,1.,0.923879532511287,1.))
REPRESENTATION_ITEM('')
);
#1229=(
BOUNDED_CURVE()
B_SPLINE_CURVE(2,(#8745,#8746,#8747,#8748,#8749,#8750,#8751),
 .UNSPECIFIED.,.F.,.F.)
B_SPLINE_CURVE_WITH_KNOTS((3,2,2,3),(0.148311752404969,0.159090909090909,
0.170454545454545,0.181818181818182),.UNSPECIFIED.)
CURVE()
GEOMETRIC_REPRESENTATION_ITEM()
RATIONAL_B_SPLINE_CURVE((0.992572357593992,0.92779472874603,1.,0.923879532511287,
1.,0.923879532511287,1.))
REPRESENTATION_ITEM('')
);
#1230=(
BOUNDED_CURVE()
B_SPLINE_CURVE(2,(#8753,#8754,#8755,#8756,#8757,#8758,#8759,#8760,#8761),
 .UNSPECIFIED.,.F.,.F.)
B_SPLINE_CURVE_WITH_KNOTS((3,2,2,2,3),(0.181818181818182,0.193181818181816,
0.20454545454545,0.215909090909085,0.227272727272718),.UNSPECIFIED.)
CURVE()
GEOMETRIC_REPRESENTATION_ITEM()
RATIONAL_B_SPLINE_CURVE((1.,0.923879532511287,1.,0.923879532511287,1.,0.923879532511287,
1.,0.923879532511345,0.999999999999942))
REPRESENTATION_ITEM('')
);
#1231=(
BOUNDED_CURVE()
B_SPLINE_CURVE(2,(#8763,#8764,#8765,#8766,#8767,#8768,#8769,#8770,#8771),
 .UNSPECIFIED.,.F.,.F.)
B_SPLINE_CURVE_WITH_KNOTS((3,2,2,2,3),(0.227272727272718,0.238636363636355,
0.249999999999991,0.261363636363627,0.272727272727263),.UNSPECIFIED.)
CURVE()
GEOMETRIC_REPRESENTATION_ITEM()
RATIONAL_B_SPLINE_CURVE((1.00000000000006,0.923879532511229,1.,0.923879532511287,
1.,0.923879532511287,1.,0.923879532511352,0.999999999999935))
REPRESENTATION_ITEM('')
);
#1232=(
BOUNDED_CURVE()
B_SPLINE_CURVE(2,(#8773,#8774,#8775,#8776,#8777,#8778,#8779,#8780,#8781),
 .UNSPECIFIED.,.F.,.F.)
B_SPLINE_CURVE_WITH_KNOTS((3,2,2,2,3),(0.272727272727263,0.284090909090902,
0.295454545454541,0.30681818181818,0.318181818181818),.UNSPECIFIED.)
CURVE()
GEOMETRIC_REPRESENTATION_ITEM()
RATIONAL_B_SPLINE_CURVE((1.00000000000006,0.923879532511222,1.,0.923879532511287,
1.,0.923879532511287,1.,0.923879532511287,1.))
REPRESENTATION_ITEM('')
);
#1233=(
BOUNDED_CURVE()
B_SPLINE_CURVE(2,(#8783,#8784,#8785,#8786,#8787,#8788,#8789,#8790,#8791),
 .UNSPECIFIED.,.F.,.F.)
B_SPLINE_CURVE_WITH_KNOTS((3,2,2,2,3),(0.318181818181818,0.329545454545455,
0.340909090909091,0.352272727272728,0.363636363636364),.UNSPECIFIED.)
CURVE()
GEOMETRIC_REPRESENTATION_ITEM()
RATIONAL_B_SPLINE_CURVE((1.,0.923879532511287,1.,0.923879532511287,1.,0.923879532511287,
1.,0.923879532511287,1.))
REPRESENTATION_ITEM('')
);
#1234=(
BOUNDED_CURVE()
B_SPLINE_CURVE(2,(#8793,#8794,#8795,#8796,#8797,#8798,#8799,#8800,#8801),
 .UNSPECIFIED.,.F.,.F.)
B_SPLINE_CURVE_WITH_KNOTS((3,2,2,2,3),(0.363636363636364,0.375,0.386363636363637,
0.397727272727273,0.409090909090909),.UNSPECIFIED.)
CURVE()
GEOMETRIC_REPRESENTATION_ITEM()
RATIONAL_B_SPLINE_CURVE((1.,0.923879532511287,1.,0.923879532511287,1.,0.923879532511287,
1.,0.923879532511287,1.))
REPRESENTATION_ITEM('')
);
#1235=(
BOUNDED_CURVE()
B_SPLINE_CURVE(2,(#8803,#8804,#8805,#8806,#8807,#8808,#8809,#8810,#8811),
 .UNSPECIFIED.,.F.,.F.)
B_SPLINE_CURVE_WITH_KNOTS((3,2,2,2,3),(0.409090909090909,0.420454545454546,
0.431818181818182,0.443181818181818,0.454545454545455),.UNSPECIFIED.)
CURVE()
GEOMETRIC_REPRESENTATION_ITEM()
RATIONAL_B_SPLINE_CURVE((1.,0.923879532511287,1.,0.923879532511287,1.,0.923879532511287,
1.,0.923879532511287,1.))
REPRESENTATION_ITEM('')
);
#1236=(
BOUNDED_CURVE()
B_SPLINE_CURVE(2,(#8813,#8814,#8815,#8816,#8817,#8818,#8819,#8820,#8821),
 .UNSPECIFIED.,.F.,.F.)
B_SPLINE_CURVE_WITH_KNOTS((3,2,2,2,3),(0.454545454545455,0.465909090909091,
0.477272727272728,0.488636363636364,0.5),.UNSPECIFIED.)
CURVE()
GEOMETRIC_REPRESENTATION_ITEM()
RATIONAL_B_SPLINE_CURVE((1.,0.923879532511287,1.,0.923879532511287,1.,0.923879532511287,
1.,0.923879532511284,1.))
REPRESENTATION_ITEM('')
);
#1237=(
BOUNDED_CURVE()
B_SPLINE_CURVE(2,(#8823,#8824,#8825,#8826,#8827,#8828,#8829,#8830,#8831),
 .UNSPECIFIED.,.F.,.F.)
B_SPLINE_CURVE_WITH_KNOTS((3,2,2,2,3),(0.5,0.511363636363637,0.522727272727273,
0.534090909090909,0.545454545454545),.UNSPECIFIED.)
CURVE()
GEOMETRIC_REPRESENTATION_ITEM()
RATIONAL_B_SPLINE_CURVE((1.,0.92387953251129,1.,0.923879532511287,1.,0.923879532511287,
1.,0.923879532511287,1.))
REPRESENTATION_ITEM('')
);
#1238=(
BOUNDED_CURVE()
B_SPLINE_CURVE(2,(#8833,#8834,#8835,#8836,#8837,#8838,#8839,#8840,#8841),
 .UNSPECIFIED.,.F.,.F.)
B_SPLINE_CURVE_WITH_KNOTS((3,2,2,2,3),(0.545454545454545,0.556818181818181,
0.568181818181817,0.579545454545453,0.590909090909089),.UNSPECIFIED.)
CURVE()
GEOMETRIC_REPRESENTATION_ITEM()
RATIONAL_B_SPLINE_CURVE((1.,0.923879532511287,1.,0.923879532511287,1.,0.923879532511287,
1.,0.923879532511299,0.999999999999987))
REPRESENTATION_ITEM('')
);
#1239=(
BOUNDED_CURVE()
B_SPLINE_CURVE(2,(#8843,#8844,#8845,#8846,#8847,#8848,#8849,#8850,#8851),
 .UNSPECIFIED.,.F.,.F.)
B_SPLINE_CURVE_WITH_KNOTS((3,2,2,2,3),(0.590909090909089,0.602272727272725,
0.613636363636361,0.625,0.636363636363632),.UNSPECIFIED.)
CURVE()
GEOMETRIC_REPRESENTATION_ITEM()
RATIONAL_B_SPLINE_CURVE((1.00000000000001,0.923879532511274,1.,0.923879532511287,
1.,0.923879532511287,1.,0.923879532511313,0.999999999999973))
REPRESENTATION_ITEM('')
);
#1240=(
BOUNDED_CURVE()
B_SPLINE_CURVE(2,(#8853,#8854,#8855,#8856,#8857,#8858,#8859,#8860,#8861),
 .UNSPECIFIED.,.F.,.F.)
B_SPLINE_CURVE_WITH_KNOTS((3,2,2,2,3),(0.636363636363632,0.64772727272727,
0.659090909090907,0.670454545454544,0.681818181818182),.UNSPECIFIED.)
CURVE()
GEOMETRIC_REPRESENTATION_ITEM()
RATIONAL_B_SPLINE_CURVE((1.00000000000003,0.92387953251126,1.,0.923879532511287,
1.,0.923879532511287,1.,0.923879532511287,1.))
REPRESENTATION_ITEM('')
);
#1241=(
BOUNDED_CURVE()
B_SPLINE_CURVE(2,(#8863,#8864,#8865,#8866,#8867,#8868,#8869,#8870,#8871),
 .UNSPECIFIED.,.F.,.F.)
B_SPLINE_CURVE_WITH_KNOTS((3,2,2,2,3),(0.681818181818182,0.693181818181818,
0.704545454545455,0.715909090909091,0.727272727272727),.UNSPECIFIED.)
CURVE()
GEOMETRIC_REPRESENTATION_ITEM()
RATIONAL_B_SPLINE_CURVE((1.,0.923879532511287,1.,0.923879532511287,1.,0.923879532511287,
1.,0.923879532511287,1.))
REPRESENTATION_ITEM('')
);
#1242=(
BOUNDED_CURVE()
B_SPLINE_CURVE(2,(#8873,#8874,#8875,#8876,#8877,#8878,#8879,#8880,#8881),
 .UNSPECIFIED.,.F.,.F.)
B_SPLINE_CURVE_WITH_KNOTS((3,2,2,2,3),(0.727272727272727,0.738636363636364,
0.75,0.761363636363636,0.772727272727273),.UNSPECIFIED.)
CURVE()
GEOMETRIC_REPRESENTATION_ITEM()
RATIONAL_B_SPLINE_CURVE((1.,0.923879532511287,1.,0.923879532511287,1.,0.923879532511287,
1.,0.923879532511287,1.))
REPRESENTATION_ITEM('')
);
#1243=(
BOUNDED_CURVE()
B_SPLINE_CURVE(2,(#8883,#8884,#8885,#8886,#8887,#8888,#8889,#8890,#8891),
 .UNSPECIFIED.,.F.,.F.)
B_SPLINE_CURVE_WITH_KNOTS((3,2,2,2,3),(0.772727272727273,0.784090909090909,
0.795454545454545,0.806818181818182,0.818181818181818),.UNSPECIFIED.)
CURVE()
GEOMETRIC_REPRESENTATION_ITEM()
RATIONAL_B_SPLINE_CURVE((1.,0.923879532511287,1.,0.923879532511287,1.,0.923879532511287,
1.,0.923879532511287,1.))
REPRESENTATION_ITEM('')
);
#1244=(
BOUNDED_CURVE()
B_SPLINE_CURVE(2,(#8893,#8894,#8895,#8896,#8897,#8898,#8899,#8900,#8901),
 .UNSPECIFIED.,.F.,.F.)
B_SPLINE_CURVE_WITH_KNOTS((3,2,2,2,3),(0.818181818181818,0.829545454545455,
0.840909090909092,0.852272727272728,0.863636363636365),.UNSPECIFIED.)
CURVE()
GEOMETRIC_REPRESENTATION_ITEM()
RATIONAL_B_SPLINE_CURVE((1.,0.923879532511287,1.,0.923879532511287,1.,0.923879532511287,
1.,0.923879532511277,1.))
REPRESENTATION_ITEM('')
);
#1245=(
BOUNDED_CURVE()
B_SPLINE_CURVE(2,(#8903,#8904,#8905,#8906,#8907,#8908,#8909,#8910,#8911),
 .UNSPECIFIED.,.F.,.F.)
B_SPLINE_CURVE_WITH_KNOTS((3,2,2,2,3),(0.863636363636365,0.875,0.886363636363637,
0.897727272727273,0.909090909090909),.UNSPECIFIED.)
CURVE()
GEOMETRIC_REPRESENTATION_ITEM()
RATIONAL_B_SPLINE_CURVE((1.,0.923879532511296,1.,0.923879532511287,1.,0.923879532511287,
1.,0.923879532511285,1.))
REPRESENTATION_ITEM('')
);
#1246=(
BOUNDED_CURVE()
B_SPLINE_CURVE(2,(#8913,#8914,#8915,#8916,#8917),.UNSPECIFIED.,.F.,.F.)
B_SPLINE_CURVE_WITH_KNOTS((3,2,3),(0.909090909090909,0.920454545454546,
0.931818181818182),.UNSPECIFIED.)
CURVE()
GEOMETRIC_REPRESENTATION_ITEM()
RATIONAL_B_SPLINE_CURVE((1.,0.923879532511288,1.,0.923879532511287,1.))
REPRESENTATION_ITEM('')
);
#1247=(
BOUNDED_CURVE()
B_SPLINE_CURVE(2,(#8931,#8932,#8933,#8934,#8935),.UNSPECIFIED.,.F.,.F.)
B_SPLINE_CURVE_WITH_KNOTS((3,2,3),(0.912043158684537,0.920454545454545,
0.931818181818182),.UNSPECIFIED.)
CURVE()
GEOMETRIC_REPRESENTATION_ITEM()
RATIONAL_B_SPLINE_CURVE((0.970723614218878,0.943655475001794,1.,0.923879532511287,
1.))
REPRESENTATION_ITEM('')
);
#1248=(
BOUNDED_CURVE()
B_SPLINE_CURVE(2,(#9254,#9255,#9256,#9257,#9258,#9259,#9260,#9261,#9262),
 .UNSPECIFIED.,.F.,.F.)
B_SPLINE_CURVE_WITH_KNOTS((3,2,2,2,3),(0.0247510774029386,0.0340909090909091,
0.0454545454545454,0.0568181818181818,0.0681818181818181),.UNSPECIFIED.)
CURVE()
GEOMETRIC_REPRESENTATION_ITEM()
RATIONAL_B_SPLINE_CURVE((0.977715421111162,0.93743619281683,1.,0.923879532511287,
1.,0.923879532511287,1.,0.923879532511287,1.))
REPRESENTATION_ITEM('')
);
#1249=(
BOUNDED_CURVE()
B_SPLINE_CURVE(2,(#9264,#9265,#9266,#9267,#9268,#9269,#9270,#9271,#9272),
 .UNSPECIFIED.,.F.,.F.)
B_SPLINE_CURVE_WITH_KNOTS((3,2,2,2,3),(0.0681818181818181,0.0795454545454545,
0.0909090909090908,0.102272727272727,0.113636363636363),.UNSPECIFIED.)
CURVE()
GEOMETRIC_REPRESENTATION_ITEM()
RATIONAL_B_SPLINE_CURVE((1.,0.923879532511287,1.,0.923879532511287,1.,0.923879532511287,
1.,0.923879532511287,1.))
REPRESENTATION_ITEM('')
);
#1250=(
BOUNDED_CURVE()
B_SPLINE_CURVE(2,(#9274,#9275,#9276,#9277,#9278,#9279,#9280,#9281,#9282),
 .UNSPECIFIED.,.F.,.F.)
B_SPLINE_CURVE_WITH_KNOTS((3,2,2,2,3),(0.113636363636363,0.125,0.136363636363636,
0.147727272727273,0.159090909090909),.UNSPECIFIED.)
CURVE()
GEOMETRIC_REPRESENTATION_ITEM()
RATIONAL_B_SPLINE_CURVE((1.,0.923879532511287,1.,0.923879532511287,1.,0.923879532511287,
1.,0.923879532511287,1.))
REPRESENTATION_ITEM('')
);
#1251=(
BOUNDED_CURVE()
B_SPLINE_CURVE(2,(#9284,#9285,#9286,#9287,#9288,#9289,#9290,#9291,#9292),
 .UNSPECIFIED.,.F.,.F.)
B_SPLINE_CURVE_WITH_KNOTS((3,2,2,2,3),(0.159090909090909,0.170454545454545,
0.181818181818182,0.193181818181818,0.204545454545455),.UNSPECIFIED.)
CURVE()
GEOMETRIC_REPRESENTATION_ITEM()
RATIONAL_B_SPLINE_CURVE((1.,0.923879532511287,1.,0.923879532511287,1.,0.923879532511287,
1.,0.923879532511287,1.))
REPRESENTATION_ITEM('')
);
#1252=(
BOUNDED_CURVE()
B_SPLINE_CURVE(2,(#9294,#9295,#9296,#9297,#9298,#9299,#9300,#9301,#9302),
 .UNSPECIFIED.,.F.,.F.)
B_SPLINE_CURVE_WITH_KNOTS((3,2,2,2,3),(0.204545454545455,0.215909090909091,
0.227272727272727,0.238636363636363,0.25),.UNSPECIFIED.)
CURVE()
GEOMETRIC_REPRESENTATION_ITEM()
RATIONAL_B_SPLINE_CURVE((1.,0.923879532511287,1.,0.923879532511287,1.,0.923879532511287,
1.,0.923879532511287,1.))
REPRESENTATION_ITEM('')
);
#1253=(
BOUNDED_CURVE()
B_SPLINE_CURVE(2,(#9304,#9305,#9306,#9307,#9308,#9309,#9310,#9311,#9312),
 .UNSPECIFIED.,.F.,.F.)
B_SPLINE_CURVE_WITH_KNOTS((3,2,2,2,3),(0.25,0.261363636363638,0.272727272727275,
0.284090909090912,0.29545454545455),.UNSPECIFIED.)
CURVE()
GEOMETRIC_REPRESENTATION_ITEM()
RATIONAL_B_SPLINE_CURVE((1.,0.923879532511287,1.,0.923879532511287,1.,0.923879532511287,
1.,0.92387953251126,1.00000000000003))
REPRESENTATION_ITEM('')
);
#1254=(
BOUNDED_CURVE()
B_SPLINE_CURVE(2,(#9314,#9315,#9316,#9317,#9318,#9319,#9320,#9321,#9322),
 .UNSPECIFIED.,.F.,.F.)
B_SPLINE_CURVE_WITH_KNOTS((3,2,2,2,3),(0.29545454545455,0.306818181818185,
0.318181818181821,0.329545454545457,0.340909090909093),.UNSPECIFIED.)
CURVE()
GEOMETRIC_REPRESENTATION_ITEM()
RATIONAL_B_SPLINE_CURVE((0.999999999999973,0.923879532511313,1.,0.923879532511287,
1.,0.923879532511287,1.,0.923879532511274,1.00000000000001))
REPRESENTATION_ITEM('')
);
#1255=(
BOUNDED_CURVE()
B_SPLINE_CURVE(2,(#9324,#9325,#9326,#9327,#9328,#9329,#9330,#9331,#9332),
 .UNSPECIFIED.,.F.,.F.)
B_SPLINE_CURVE_WITH_KNOTS((3,2,2,2,3),(0.340909090909093,0.352272727272729,
0.363636363636365,0.375,0.386363636363637),.UNSPECIFIED.)
CURVE()
GEOMETRIC_REPRESENTATION_ITEM()
RATIONAL_B_SPLINE_CURVE((0.999999999999987,0.923879532511299,1.,0.923879532511287,
1.,0.923879532511287,1.,0.923879532511287,1.))
REPRESENTATION_ITEM('')
);
#1256=(
BOUNDED_CURVE()
B_SPLINE_CURVE(2,(#9334,#9335,#9336,#9337,#9338,#9339,#9340,#9341,#9342),
 .UNSPECIFIED.,.F.,.F.)
B_SPLINE_CURVE_WITH_KNOTS((3,2,2,2,3),(0.386363636363637,0.397727272727273,
0.409090909090909,0.420454545454546,0.431818181818182),.UNSPECIFIED.)
CURVE()
GEOMETRIC_REPRESENTATION_ITEM()
RATIONAL_B_SPLINE_CURVE((1.,0.923879532511287,1.,0.923879532511287,1.,0.923879532511287,
1.,0.923879532511287,1.))
REPRESENTATION_ITEM('')
);
#1257=(
BOUNDED_CURVE()
B_SPLINE_CURVE(2,(#9344,#9345,#9346,#9347,#9348,#9349,#9350,#9351,#9352),
 .UNSPECIFIED.,.F.,.F.)
B_SPLINE_CURVE_WITH_KNOTS((3,2,2,2,3),(0.431818181818182,0.443181818181818,
0.454545454545455,0.465909090909091,0.477272727272727),.UNSPECIFIED.)
CURVE()
GEOMETRIC_REPRESENTATION_ITEM()
RATIONAL_B_SPLINE_CURVE((1.,0.923879532511287,1.,0.923879532511287,1.,0.923879532511287,
1.,0.923879532511287,1.))
REPRESENTATION_ITEM('')
);
#1258=(
BOUNDED_CURVE()
B_SPLINE_CURVE(2,(#9354,#9355,#9356,#9357,#9358,#9359,#9360,#9361,#9362),
 .UNSPECIFIED.,.F.,.F.)
B_SPLINE_CURVE_WITH_KNOTS((3,2,2,2,3),(0.477272727272727,0.488636363636364,
0.5,0.511363636363636,0.522727272727273),.UNSPECIFIED.)
CURVE()
GEOMETRIC_REPRESENTATION_ITEM()
RATIONAL_B_SPLINE_CURVE((1.,0.923879532511287,1.,0.923879532511287,1.,0.923879532511287,
1.,0.923879532511287,1.))
REPRESENTATION_ITEM('')
);
#1259=(
BOUNDED_CURVE()
B_SPLINE_CURVE(2,(#9364,#9365,#9366,#9367,#9368,#9369,#9370,#9371,#9372),
 .UNSPECIFIED.,.F.,.F.)
B_SPLINE_CURVE_WITH_KNOTS((3,2,2,2,3),(0.522727272727273,0.534090909090909,
0.545454545454545,0.556818181818182,0.568181818181818),.UNSPECIFIED.)
CURVE()
GEOMETRIC_REPRESENTATION_ITEM()
RATIONAL_B_SPLINE_CURVE((1.,0.923879532511287,1.,0.923879532511287,1.,0.923879532511287,
1.,0.923879532511287,1.))
REPRESENTATION_ITEM('')
);
#1260=(
BOUNDED_CURVE()
B_SPLINE_CURVE(2,(#9374,#9375,#9376,#9377,#9378,#9379,#9380,#9381,#9382),
 .UNSPECIFIED.,.F.,.F.)
B_SPLINE_CURVE_WITH_KNOTS((3,2,2,2,3),(0.568181818181818,0.579545454545455,
0.590909090909091,0.602272727272727,0.613636363636364),.UNSPECIFIED.)
CURVE()
GEOMETRIC_REPRESENTATION_ITEM()
RATIONAL_B_SPLINE_CURVE((1.,0.923879532511287,1.,0.923879532511287,1.,0.923879532511287,
1.,0.923879532511287,1.))
REPRESENTATION_ITEM('')
);
#1261=(
BOUNDED_CURVE()
B_SPLINE_CURVE(2,(#9384,#9385,#9386,#9387,#9388,#9389,#9390,#9391,#9392),
 .UNSPECIFIED.,.F.,.F.)
B_SPLINE_CURVE_WITH_KNOTS((3,2,2,2,3),(0.613636363636364,0.625,0.636363636363641,
0.64772727272728,0.659090909090919),.UNSPECIFIED.)
CURVE()
GEOMETRIC_REPRESENTATION_ITEM()
RATIONAL_B_SPLINE_CURVE((1.,0.923879532511287,1.,0.923879532511287,1.,0.923879532511287,
1.,0.923879532511222,1.00000000000006))
REPRESENTATION_ITEM('')
);
#1262=(
BOUNDED_CURVE()
B_SPLINE_CURVE(2,(#9394,#9395,#9396,#9397,#9398,#9399,#9400,#9401,#9402),
 .UNSPECIFIED.,.F.,.F.)
B_SPLINE_CURVE_WITH_KNOTS((3,2,2,2,3),(0.659090909090919,0.670454545454555,
0.681818181818191,0.693181818181827,0.704545454545463),.UNSPECIFIED.)
CURVE()
GEOMETRIC_REPRESENTATION_ITEM()
RATIONAL_B_SPLINE_CURVE((0.999999999999935,0.923879532511351,1.,0.923879532511287,
1.,0.923879532511287,1.,0.923879532511229,1.00000000000006))
REPRESENTATION_ITEM('')
);
#1263=(
BOUNDED_CURVE()
B_SPLINE_CURVE(2,(#9404,#9405,#9406,#9407,#9408,#9409,#9410,#9411,#9412),
 .UNSPECIFIED.,.F.,.F.)
B_SPLINE_CURVE_WITH_KNOTS((3,2,2,2,3),(0.704545454545463,0.715909090909097,
0.727272727272732,0.738636363636366,0.75),.UNSPECIFIED.)
CURVE()
GEOMETRIC_REPRESENTATION_ITEM()
RATIONAL_B_SPLINE_CURVE((0.999999999999942,0.923879532511345,1.,0.923879532511287,
1.,0.923879532511287,1.,0.923879532511287,1.))
REPRESENTATION_ITEM('')
);
#1264=(
BOUNDED_CURVE()
B_SPLINE_CURVE(2,(#9414,#9415,#9416,#9417,#9418,#9419,#9420,#9421,#9422),
 .UNSPECIFIED.,.F.,.F.)
B_SPLINE_CURVE_WITH_KNOTS((3,2,2,2,3),(0.75,0.761363636363624,0.772727272727248,
0.784090909090872,0.795454545454497),.UNSPECIFIED.)
CURVE()
GEOMETRIC_REPRESENTATION_ITEM()
RATIONAL_B_SPLINE_CURVE((1.,0.923879532511287,1.,0.923879532511287,1.,0.923879532511287,
1.,0.923879532511614,0.999999999999673))
REPRESENTATION_ITEM('')
);
#1265=(
BOUNDED_CURVE()
B_SPLINE_CURVE(2,(#9424,#9425,#9426,#9427,#9428,#9429,#9430,#9431,#9432),
 .UNSPECIFIED.,.F.,.F.)
B_SPLINE_CURVE_WITH_KNOTS((3,2,2,2,3),(0.795454545454497,0.806818181818145,
0.818181818181794,0.829545454545442,0.840909090909091),.UNSPECIFIED.)
CURVE()
GEOMETRIC_REPRESENTATION_ITEM()
RATIONAL_B_SPLINE_CURVE((1.00000000000033,0.92387953251096,1.,0.923879532511287,
1.,0.923879532511287,1.,0.923879532511287,1.))
REPRESENTATION_ITEM('')
);
#1266=(
BOUNDED_CURVE()
B_SPLINE_CURVE(2,(#9434,#9435,#9436,#9437,#9438),.UNSPECIFIED.,.F.,.F.)
B_SPLINE_CURVE_WITH_KNOTS((3,2,3),(0.840909090909091,0.852272727272727,
0.855682301414578),.UNSPECIFIED.)
CURVE()
GEOMETRIC_REPRESENTATION_ITEM()
RATIONAL_B_SPLINE_CURVE((1.,0.923879532511287,1.,0.977160622769869,0.968026814343229))
REPRESENTATION_ITEM('')
);
#1267=(
BOUNDED_CURVE()
B_SPLINE_CURVE(2,(#10356,#10357,#10358,#10359,#10360,#10361,#10362,#10363,
#10364,#10365,#10366,#10367,#10368,#10369,#10370,#10371,#10372,#10373,#10374,
#10375,#10376,#10377,#10378,#10379,#10380,#10381,#10382,#10383,#10384,#10385,
#10386,#10387,#10388,#10389,#10390,#10391,#10392,#10393,#10394,#10395,#10396,
#10397,#10398,#10399,#10400,#10401,#10402,#10403,#10404,#10405,#10406,#10407,
#10408,#10409,#10410,#10411,#10412,#10413,#10414,#10415,#10416,#10417,#10418,
#10419,#10420,#10421,#10422,#10423,#10424,#10425,#10426,#10427,#10428,#10429,
#10430,#10431,#10432,#10433,#10434,#10435,#10436,#10437,#10438,#10439,#10440,
#10441,#10442,#10443,#10444,#10445,#10446,#10447,#10448),.UNSPECIFIED.,
 .F.,.F.)
B_SPLINE_CURVE_WITH_KNOTS((3,2,2,2,2,2,2,2,2,2,2,2,2,2,2,2,2,2,2,2,2,2,
2,2,2,2,2,2,2,2,2,2,2,2,2,2,2,2,2,2,2,2,2,2,2,2,3),(0.113838930339661,0.125,
0.142857142857143,0.160714285714285,0.178571428571428,0.196428571428572,
0.214285714285714,0.232142857142857,0.25,0.267857142857143,0.285714285714286,
0.303571428571428,0.321428571428572,0.339285714285715,0.357142857142857,
0.375,0.392857142857143,0.410714285714286,0.428571428571428,0.446428571428572,
0.464285714285714,0.482142857142857,0.5,0.517857142857143,0.535714285714286,
0.553571428571429,0.571428571428571,0.589285714285714,0.607142857142857,
0.625,0.642857142857143,0.660714285714286,0.678571428571429,0.696428571428571,
0.714285714285714,0.732142857142857,0.75,0.767857142857143,0.785714285714286,
0.803571428571429,0.821428571428571,0.839285714285714,0.857142857142857,
0.875,0.892857142857143,0.910714285714286,0.91741035891109),
 .UNSPECIFIED.)
CURVE()
GEOMETRIC_REPRESENTATION_ITEM()
RATIONAL_B_SPLINE_CURVE((0.964319288360872,0.952423192947732,1.,0.923879532511287,
1.,0.923879532511287,1.,0.923879532511287,1.,0.923879532511287,1.,0.923879532511287,
1.,0.923879532511287,1.,0.923879532511287,1.,0.923879532511287,1.,0.923879532511287,
1.,0.923879532511287,1.,0.923879532511287,1.,0.923879532511287,1.,0.923879532511287,
1.,0.923879532511287,1.,0.923879532511287,1.,0.923879532511287,1.,0.923879532511287,
1.,0.923879532511287,1.,0.923879532511287,1.,0.923879532511287,1.,0.923879532511287,
1.,0.923879532511287,1.,0.923879532511287,1.,0.923879532511287,1.,0.923879532511287,
1.,0.923879532511287,1.,0.923879532511287,1.,0.923879532511287,1.,0.923879532511287,
1.,0.923879532511287,1.,0.923879532511287,1.,0.923879532511287,1.,0.923879532511287,
1.,0.923879532511287,1.,0.923879532511287,1.,0.923879532511287,1.,0.923879532511287,
1.,0.923879532511287,1.,0.923879532511287,1.,0.923879532511287,1.,0.923879532511287,
1.,0.923879532511287,1.,0.923879532511287,1.,0.923879532511287,1.,0.971456339563555,
0.964319288360872))
REPRESENTATION_ITEM('')
);
#1268=(
BOUNDED_CURVE()
B_SPLINE_CURVE(2,(#10460,#10461,#10462,#10463,#10464,#10465,#10466,#10467,
#10468),.UNSPECIFIED.,.F.,.F.)
B_SPLINE_CURVE_WITH_KNOTS((3,2,2,2,3),(0.785714285714286,0.803571428571429,
0.821428571428571,0.839285714285714,0.857142857142857),.UNSPECIFIED.)
CURVE()
GEOMETRIC_REPRESENTATION_ITEM()
RATIONAL_B_SPLINE_CURVE((1.,0.923879532511287,1.,0.923879532511287,1.,0.923879532511287,
1.,0.923879532511287,1.))
REPRESENTATION_ITEM('')
);
#1269=(
BOUNDED_CURVE()
B_SPLINE_CURVE(2,(#10470,#10471,#10472,#10473,#10474,#10475,#10476,#10477,
#10478),.UNSPECIFIED.,.F.,.F.)
B_SPLINE_CURVE_WITH_KNOTS((3,2,2,2,3),(0.714285714285714,0.732142857142857,
0.75,0.767857142857143,0.785714285714286),.UNSPECIFIED.)
CURVE()
GEOMETRIC_REPRESENTATION_ITEM()
RATIONAL_B_SPLINE_CURVE((1.,0.923879532511287,1.,0.923879532511287,1.,0.923879532511287,
1.,0.923879532511287,1.))
REPRESENTATION_ITEM('')
);
#1270=(
BOUNDED_CURVE()
B_SPLINE_CURVE(2,(#10480,#10481,#10482,#10483,#10484,#10485,#10486,#10487,
#10488),.UNSPECIFIED.,.F.,.F.)
B_SPLINE_CURVE_WITH_KNOTS((3,2,2,2,3),(0.642857142857143,0.660714285714286,
0.678571428571429,0.696428571428571,0.714285714285714),.UNSPECIFIED.)
CURVE()
GEOMETRIC_REPRESENTATION_ITEM()
RATIONAL_B_SPLINE_CURVE((1.,0.923879532511287,1.,0.923879532511287,1.,0.923879532511287,
1.,0.923879532511287,1.))
REPRESENTATION_ITEM('')
);
#1271=(
BOUNDED_CURVE()
B_SPLINE_CURVE(2,(#10490,#10491,#10492,#10493,#10494,#10495,#10496,#10497,
#10498),.UNSPECIFIED.,.F.,.F.)
B_SPLINE_CURVE_WITH_KNOTS((3,2,2,2,3),(0.571428571428571,0.589285714285714,
0.607142857142857,0.625,0.642857142857143),.UNSPECIFIED.)
CURVE()
GEOMETRIC_REPRESENTATION_ITEM()
RATIONAL_B_SPLINE_CURVE((1.,0.923879532511287,1.,0.923879532511287,1.,0.923879532511287,
1.,0.923879532511287,1.))
REPRESENTATION_ITEM('')
);
#1272=(
BOUNDED_CURVE()
B_SPLINE_CURVE(2,(#10500,#10501,#10502,#10503,#10504,#10505,#10506,#10507,
#10508),.UNSPECIFIED.,.F.,.F.)
B_SPLINE_CURVE_WITH_KNOTS((3,2,2,2,3),(0.5,0.517857142857143,0.535714285714286,
0.553571428571429,0.571428571428571),.UNSPECIFIED.)
CURVE()
GEOMETRIC_REPRESENTATION_ITEM()
RATIONAL_B_SPLINE_CURVE((1.,0.923879532511287,1.,0.923879532511287,1.,0.923879532511287,
1.,0.923879532511287,1.))
REPRESENTATION_ITEM('')
);
#1273=(
BOUNDED_CURVE()
B_SPLINE_CURVE(2,(#10510,#10511,#10512,#10513,#10514,#10515,#10516,#10517,
#10518),.UNSPECIFIED.,.F.,.F.)
B_SPLINE_CURVE_WITH_KNOTS((3,2,2,2,3),(0.428571428571428,0.446428571428572,
0.464285714285714,0.482142857142857,0.5),.UNSPECIFIED.)
CURVE()
GEOMETRIC_REPRESENTATION_ITEM()
RATIONAL_B_SPLINE_CURVE((1.,0.923879532511287,1.,0.923879532511287,1.,0.923879532511287,
1.,0.923879532511287,1.))
REPRESENTATION_ITEM('')
);
#1274=(
BOUNDED_CURVE()
B_SPLINE_CURVE(2,(#10520,#10521,#10522,#10523,#10524,#10525,#10526,#10527,
#10528),.UNSPECIFIED.,.F.,.F.)
B_SPLINE_CURVE_WITH_KNOTS((3,2,2,2,3),(0.357142857142857,0.375,0.392857142857143,
0.410714285714286,0.428571428571428),.UNSPECIFIED.)
CURVE()
GEOMETRIC_REPRESENTATION_ITEM()
RATIONAL_B_SPLINE_CURVE((1.,0.923879532511287,1.,0.923879532511287,1.,0.923879532511287,
1.,0.923879532511287,1.))
REPRESENTATION_ITEM('')
);
#1275=(
BOUNDED_CURVE()
B_SPLINE_CURVE(2,(#10530,#10531,#10532,#10533,#10534,#10535,#10536,#10537,
#10538),.UNSPECIFIED.,.F.,.F.)
B_SPLINE_CURVE_WITH_KNOTS((3,2,2,2,3),(0.285714285714286,0.303571428571428,
0.321428571428572,0.339285714285715,0.357142857142857),.UNSPECIFIED.)
CURVE()
GEOMETRIC_REPRESENTATION_ITEM()
RATIONAL_B_SPLINE_CURVE((1.,0.923879532511287,1.,0.923879532511287,1.,0.923879532511287,
1.,0.923879532511287,1.))
REPRESENTATION_ITEM('')
);
#1276=(
BOUNDED_CURVE()
B_SPLINE_CURVE(2,(#10540,#10541,#10542,#10543,#10544,#10545,#10546,#10547,
#10548),.UNSPECIFIED.,.F.,.F.)
B_SPLINE_CURVE_WITH_KNOTS((3,2,2,2,3),(0.214285714285714,0.232142857142857,
0.25,0.267857142857143,0.285714285714286),.UNSPECIFIED.)
CURVE()
GEOMETRIC_REPRESENTATION_ITEM()
RATIONAL_B_SPLINE_CURVE((1.,0.923879532511287,1.,0.923879532511287,1.,0.923879532511287,
1.,0.923879532511287,1.))
REPRESENTATION_ITEM('')
);
#1277=(
BOUNDED_CURVE()
B_SPLINE_CURVE(2,(#10550,#10551,#10552,#10553,#10554,#10555,#10556,#10557,
#10558),.UNSPECIFIED.,.F.,.F.)
B_SPLINE_CURVE_WITH_KNOTS((3,2,2,2,3),(0.142857142857143,0.160714285714285,
0.178571428571428,0.196428571428572,0.214285714285714),.UNSPECIFIED.)
CURVE()
GEOMETRIC_REPRESENTATION_ITEM()
RATIONAL_B_SPLINE_CURVE((1.,0.923879532511287,1.,0.923879532511287,1.,0.923879532511287,
1.,0.923879532511287,1.))
REPRESENTATION_ITEM('')
);
#1278=(
BOUNDED_CURVE()
B_SPLINE_CURVE(2,(#10560,#10561,#10562,#10563,#10564,#10565,#10566,#10567,
#10568),.UNSPECIFIED.,.F.,.F.)
B_SPLINE_CURVE_WITH_KNOTS((3,2,2,2,3),(0.0714285714285714,0.0892857142857143,
0.107142857142857,0.125,0.142857142857143),.UNSPECIFIED.)
CURVE()
GEOMETRIC_REPRESENTATION_ITEM()
RATIONAL_B_SPLINE_CURVE((1.,0.923879532511287,1.,0.923879532511287,1.,0.923879532511287,
1.,0.923879532511287,1.))
REPRESENTATION_ITEM('')
);
#1279=(
BOUNDED_CURVE()
B_SPLINE_CURVE(2,(#10778,#10779,#10780,#10781,#10782,#10783,#10784),
 .UNSPECIFIED.,.F.,.F.)
B_SPLINE_CURVE_WITH_KNOTS((3,2,2,3),(0.785714285714286,0.803571428571429,
0.821428571428571,0.8214442106949),.UNSPECIFIED.)
CURVE()
GEOMETRIC_REPRESENTATION_ITEM()
RATIONAL_B_SPLINE_CURVE((1.,0.923879532511287,1.,0.923879532511287,1.,0.99993333377721,
0.999866784326832))
REPRESENTATION_ITEM('')
);
#1280=(
BOUNDED_CURVE()
B_SPLINE_CURVE(2,(#10786,#10787,#10788,#10789,#10790,#10791,#10792,#10793,
#10794),.UNSPECIFIED.,.F.,.F.)
B_SPLINE_CURVE_WITH_KNOTS((3,2,2,2,3),(0.714285714285714,0.732142857142857,
0.75,0.767857142857143,0.785714285714286),.UNSPECIFIED.)
CURVE()
GEOMETRIC_REPRESENTATION_ITEM()
RATIONAL_B_SPLINE_CURVE((1.,0.923879532511287,1.,0.923879532511287,1.,0.923879532511287,
1.,0.923879532511287,1.))
REPRESENTATION_ITEM('')
);
#1281=(
BOUNDED_CURVE()
B_SPLINE_CURVE(2,(#10796,#10797,#10798,#10799,#10800,#10801,#10802,#10803,
#10804),.UNSPECIFIED.,.F.,.F.)
B_SPLINE_CURVE_WITH_KNOTS((3,2,2,2,3),(0.642857142857143,0.660714285714286,
0.678571428571429,0.696428571428571,0.714285714285714),.UNSPECIFIED.)
CURVE()
GEOMETRIC_REPRESENTATION_ITEM()
RATIONAL_B_SPLINE_CURVE((1.,0.923879532511287,1.,0.923879532511287,1.,0.923879532511287,
1.,0.923879532511287,1.))
REPRESENTATION_ITEM('')
);
#1282=(
BOUNDED_CURVE()
B_SPLINE_CURVE(2,(#10806,#10807,#10808,#10809,#10810,#10811,#10812,#10813,
#10814),.UNSPECIFIED.,.F.,.F.)
B_SPLINE_CURVE_WITH_KNOTS((3,2,2,2,3),(0.571428571428571,0.589285714285714,
0.607142857142857,0.625,0.642857142857143),.UNSPECIFIED.)
CURVE()
GEOMETRIC_REPRESENTATION_ITEM()
RATIONAL_B_SPLINE_CURVE((1.,0.923879532511287,1.,0.923879532511287,1.,0.923879532511287,
1.,0.923879532511287,1.))
REPRESENTATION_ITEM('')
);
#1283=(
BOUNDED_CURVE()
B_SPLINE_CURVE(2,(#10816,#10817,#10818,#10819,#10820,#10821,#10822,#10823,
#10824),.UNSPECIFIED.,.F.,.F.)
B_SPLINE_CURVE_WITH_KNOTS((3,2,2,2,3),(0.5,0.517857142857143,0.535714285714286,
0.553571428571429,0.571428571428571),.UNSPECIFIED.)
CURVE()
GEOMETRIC_REPRESENTATION_ITEM()
RATIONAL_B_SPLINE_CURVE((1.,0.923879532511287,1.,0.923879532511287,1.,0.923879532511287,
1.,0.923879532511287,1.))
REPRESENTATION_ITEM('')
);
#1284=(
BOUNDED_CURVE()
B_SPLINE_CURVE(2,(#10826,#10827,#10828,#10829,#10830,#10831,#10832,#10833,
#10834),.UNSPECIFIED.,.F.,.F.)
B_SPLINE_CURVE_WITH_KNOTS((3,2,2,2,3),(0.428571428571428,0.446428571428572,
0.464285714285714,0.482142857142857,0.5),.UNSPECIFIED.)
CURVE()
GEOMETRIC_REPRESENTATION_ITEM()
RATIONAL_B_SPLINE_CURVE((1.,0.923879532511287,1.,0.923879532511287,1.,0.923879532511287,
1.,0.923879532511287,1.))
REPRESENTATION_ITEM('')
);
#1285=(
BOUNDED_CURVE()
B_SPLINE_CURVE(2,(#10836,#10837,#10838,#10839,#10840,#10841,#10842,#10843,
#10844),.UNSPECIFIED.,.F.,.F.)
B_SPLINE_CURVE_WITH_KNOTS((3,2,2,2,3),(0.357142857142857,0.375,0.392857142857143,
0.410714285714286,0.428571428571428),.UNSPECIFIED.)
CURVE()
GEOMETRIC_REPRESENTATION_ITEM()
RATIONAL_B_SPLINE_CURVE((1.,0.923879532511287,1.,0.923879532511287,1.,0.923879532511287,
1.,0.923879532511287,1.))
REPRESENTATION_ITEM('')
);
#1286=(
BOUNDED_CURVE()
B_SPLINE_CURVE(2,(#10846,#10847,#10848,#10849,#10850,#10851,#10852,#10853,
#10854),.UNSPECIFIED.,.F.,.F.)
B_SPLINE_CURVE_WITH_KNOTS((3,2,2,2,3),(0.285714285714286,0.303571428571428,
0.321428571428572,0.339285714285715,0.357142857142857),.UNSPECIFIED.)
CURVE()
GEOMETRIC_REPRESENTATION_ITEM()
RATIONAL_B_SPLINE_CURVE((1.,0.923879532511287,1.,0.923879532511287,1.,0.923879532511287,
1.,0.923879532511287,1.))
REPRESENTATION_ITEM('')
);
#1287=(
BOUNDED_CURVE()
B_SPLINE_CURVE(2,(#10856,#10857,#10858,#10859,#10860,#10861,#10862,#10863,
#10864),.UNSPECIFIED.,.F.,.F.)
B_SPLINE_CURVE_WITH_KNOTS((3,2,2,2,3),(0.214285714285714,0.232142857142857,
0.25,0.267857142857143,0.285714285714286),.UNSPECIFIED.)
CURVE()
GEOMETRIC_REPRESENTATION_ITEM()
RATIONAL_B_SPLINE_CURVE((1.,0.923879532511287,1.,0.923879532511287,1.,0.923879532511287,
1.,0.923879532511287,1.))
REPRESENTATION_ITEM('')
);
#1288=(
BOUNDED_CURVE()
B_SPLINE_CURVE(2,(#10866,#10867,#10868,#10869,#10870,#10871,#10872,#10873,
#10874),.UNSPECIFIED.,.F.,.F.)
B_SPLINE_CURVE_WITH_KNOTS((3,2,2,2,3),(0.142857142857143,0.160714285714285,
0.178571428571428,0.196428571428572,0.214285714285714),.UNSPECIFIED.)
CURVE()
GEOMETRIC_REPRESENTATION_ITEM()
RATIONAL_B_SPLINE_CURVE((1.,0.923879532511287,1.,0.923879532511287,1.,0.923879532511287,
1.,0.923879532511287,1.))
REPRESENTATION_ITEM('')
);
#1289=(
BOUNDED_CURVE()
B_SPLINE_CURVE(2,(#10876,#10877,#10878,#10879,#10880,#10881,#10882,#10883,
#10884),.UNSPECIFIED.,.F.,.F.)
B_SPLINE_CURVE_WITH_KNOTS((3,2,2,2,3),(0.0714285714285714,0.0892857142857143,
0.107142857142857,0.125,0.142857142857143),.UNSPECIFIED.)
CURVE()
GEOMETRIC_REPRESENTATION_ITEM()
RATIONAL_B_SPLINE_CURVE((1.,0.923879532511287,1.,0.923879532511287,1.,0.923879532511287,
1.,0.923879532511287,1.))
REPRESENTATION_ITEM('')
);
#1290=(
BOUNDED_CURVE()
B_SPLINE_CURVE(2,(#10886,#10887,#10888,#10889,#10890,#10891,#10892),
 .UNSPECIFIED.,.F.,.F.)
B_SPLINE_CURVE_WITH_KNOTS((3,2,2,3),(0.0178727821234716,0.0357142857142857,
0.0535714285714286,0.0714285714285714),.UNSPECIFIED.)
CURVE()
GEOMETRIC_REPRESENTATION_ITEM()
RATIONAL_B_SPLINE_CURVE((0.999866784326829,0.923946198734078,1.,0.923879532511287,
1.,0.923879532511287,1.))
REPRESENTATION_ITEM('')
);
#1291=(
BOUNDED_CURVE()
B_SPLINE_CURVE(2,(#10902,#10903,#10904,#10905,#10906,#10907,#10908,#10909,
#10910,#10911,#10912,#10913,#10914,#10915,#10916,#10917,#10918,#10919,#10920,
#10921,#10922,#10923,#10924,#10925,#10926,#10927,#10928,#10929,#10930,#10931,
#10932,#10933,#10934,#10935,#10936,#10937,#10938,#10939,#10940,#10941,#10942,
#10943,#10944,#10945,#10946,#10947,#10948,#10949,#10950,#10951,#10952,#10953,
#10954,#10955,#10956,#10957,#10958,#10959,#10960,#10961,#10962,#10963,#10964,
#10965,#10966,#10967,#10968,#10969,#10970,#10971,#10972,#10973,#10974,#10975,
#10976,#10977,#10978,#10979,#10980,#10981,#10982,#10983,#10984,#10985,#10986,
#10987,#10988,#10989,#10990,#10991,#10992,#10993,#10994),.UNSPECIFIED.,
 .F.,.F.)
B_SPLINE_CURVE_WITH_KNOTS((3,2,2,2,2,2,2,2,2,2,2,2,2,2,2,2,2,2,2,2,2,2,
2,2,2,2,2,2,2,2,2,2,2,2,2,2,2,2,2,2,2,2,2,2,2,2,3),(0.130236565472972,0.142857142857143,
0.160714285714285,0.178571428571428,0.196428571428572,0.214285714285714,
0.232142857142857,0.25,0.267857142857143,0.285714285714286,0.303571428571428,
0.321428571428572,0.339285714285715,0.357142857142857,0.375,0.392857142857143,
0.410714285714286,0.428571428571428,0.446428571428572,0.464285714285714,
0.482142857142857,0.5,0.517857142857143,0.535714285714286,0.553571428571429,
0.571428571428571,0.589285714285714,0.607142857142857,0.625,0.642857142857143,
0.660714285714286,0.678571428571429,0.696428571428571,0.714285714285714,
0.732142857142857,0.75,0.767857142857143,0.785714285714286,0.803571428571429,
0.821428571428571,0.839285714285714,0.857142857142857,0.875,0.892857142857143,
0.910714285714286,0.928571428571429,0.933807994044401),.UNSPECIFIED.)
CURVE()
GEOMETRIC_REPRESENTATION_ITEM()
RATIONAL_B_SPLINE_CURVE((0.968447537556083,0.946201681974208,1.,0.923879532511287,
1.,0.923879532511287,1.,0.923879532511287,1.,0.923879532511287,1.,0.923879532511287,
1.,0.923879532511287,1.,0.923879532511287,1.,0.923879532511287,1.,0.923879532511287,
1.,0.923879532511287,1.,0.923879532511287,1.,0.923879532511287,1.,0.923879532511287,
1.,0.923879532511287,1.,0.923879532511287,1.,0.923879532511287,1.,0.923879532511287,
1.,0.923879532511287,1.,0.923879532511287,1.,0.923879532511287,1.,0.923879532511287,
1.,0.923879532511287,1.,0.923879532511287,1.,0.923879532511287,1.,0.923879532511287,
1.,0.923879532511287,1.,0.923879532511287,1.,0.923879532511287,1.,0.923879532511287,
1.,0.923879532511287,1.,0.923879532511287,1.,0.923879532511287,1.,0.923879532511287,
1.,0.923879532511287,1.,0.923879532511287,1.,0.923879532511287,1.,0.923879532511287,
1.,0.923879532511287,1.,0.923879532511287,1.,0.923879532511287,1.,0.923879532511287,
1.,0.923879532511287,1.,0.923879532511287,1.,0.923879532511287,1.,0.977677850537078,
0.968447537556083))
REPRESENTATION_ITEM('')
);
#1292=CIRCLE('',#5593,0.00396880615715965);
#1293=CIRCLE('',#5594,0.0051);
#1294=CIRCLE('',#5595,4.99999999999924E-5);
#1295=CIRCLE('',#5597,0.00517525536288252);
#1296=CIRCLE('',#5604,0.0078);
#1297=CIRCLE('',#5605,0.0079);
#1298=CIRCLE('',#5619,0.0078);
#1299=CIRCLE('',#5620,0.0079);
#1300=CIRCLE('',#5636,0.0078);
#1301=CIRCLE('',#5637,0.0079);
#1302=CIRCLE('',#5652,0.0078);
#1303=CIRCLE('',#5653,0.0079);
#1304=CIRCLE('',#5697,0.0079);
#1305=CIRCLE('',#5699,0.0079);
#1306=CIRCLE('',#5701,0.0079);
#1307=CIRCLE('',#5703,0.0079);
#1308=CIRCLE('',#5705,0.00335);
#1309=CIRCLE('',#5707,0.0078);
#1310=CIRCLE('',#5708,0.00335);
#1311=CIRCLE('',#5710,0.0078);
#1312=CIRCLE('',#5711,0.00335);
#1313=CIRCLE('',#5713,0.00335);
#1314=CIRCLE('',#5715,0.00335);
#1315=CIRCLE('',#5718,0.0078);
#1316=CIRCLE('',#5719,0.00335);
#1317=CIRCLE('',#5721,0.00263313653560298);
#1318=CIRCLE('',#5723,0.0044);
#1319=CIRCLE('',#5726,0.0078);
#1320=CIRCLE('',#5727,0.0071);
#1321=CIRCLE('',#5729,0.0069);
#1322=CIRCLE('',#5730,0.0052);
#1323=CIRCLE('',#5732,0.0046);
#1324=CIRCLE('',#5746,0.00335);
#1325=CIRCLE('',#5747,0.00396880615715965);
#1326=CIRCLE('',#5749,0.0051);
#1327=CIRCLE('',#5752,0.007);
#1328=CIRCLE('',#5753,0.007);
#1329=CIRCLE('',#5755,0.0045);
#1330=CIRCLE('',#5756,0.0045);
#1331=CIRCLE('',#5758,0.00335);
#1332=CIRCLE('',#5769,0.00440370289522467);
#1333=CIRCLE('',#5770,0.00440348616698407);
#1334=CIRCLE('',#5771,0.0004);
#1335=CIRCLE('',#5772,0.0004);
#1336=CIRCLE('',#5773,0.0004);
#1337=CIRCLE('',#5775,0.0004);
#1338=CIRCLE('',#5776,0.0004);
#1339=CIRCLE('',#5778,0.0004);
#1340=CIRCLE('',#5779,0.0004);
#1341=CIRCLE('',#5781,0.0004);
#1342=CIRCLE('',#5783,0.0004);
#1343=CIRCLE('',#5784,0.0004);
#1344=CIRCLE('',#5785,0.0004);
#1345=CIRCLE('',#5786,0.0004);
#1346=CIRCLE('',#5788,0.0004);
#1347=CIRCLE('',#5789,0.0190805053956774);
#1348=CIRCLE('',#5790,0.018702673605664);
#1349=CIRCLE('',#5792,0.0004);
#1350=CIRCLE('',#5793,0.018702673605664);
#1351=CIRCLE('',#5794,0.0190805053956774);
#1352=CIRCLE('',#5796,0.0004);
#1353=CIRCLE('',#5797,0.0004);
#1354=CIRCLE('',#5798,0.0004);
#1355=CIRCLE('',#5800,0.0004);
#1356=CIRCLE('',#5801,0.0004);
#1357=CIRCLE('',#5803,0.0004);
#1358=CIRCLE('',#5805,0.0004);
#1359=CIRCLE('',#5806,0.0004);
#1360=CIRCLE('',#5809,0.0004);
#1361=CIRCLE('',#5810,0.0190805053956774);
#1362=CIRCLE('',#5811,0.018702673605664);
#1363=CIRCLE('',#5813,0.0004);
#1364=CIRCLE('',#5814,0.018702673605664);
#1365=CIRCLE('',#5815,0.0190805053956774);
#1366=CIRCLE('',#5816,0.0004);
#1367=CIRCLE('',#5818,0.0004);
#1368=CIRCLE('',#5820,0.0004);
#1369=CIRCLE('',#5821,0.0004);
#1370=CIRCLE('',#5823,0.0004);
#1371=CIRCLE('',#5824,0.0004);
#1372=CIRCLE('',#5825,0.0004);
#1373=CIRCLE('',#5826,0.0004);
#1374=CIRCLE('',#5829,0.0004);
#1375=CIRCLE('',#5830,0.0190805053956774);
#1376=CIRCLE('',#5831,0.018702673605664);
#1377=CIRCLE('',#5833,0.0004);
#1378=CIRCLE('',#5834,0.018702673605664);
#1379=CIRCLE('',#5835,0.0190805053956774);
#1380=CIRCLE('',#5837,0.0004);
#1381=CIRCLE('',#5838,0.0004);
#1382=CIRCLE('',#5840,0.0004);
#1383=CIRCLE('',#5842,0.0004);
#1384=CIRCLE('',#5843,0.0004);
#1385=CIRCLE('',#5845,0.0004);
#1386=CIRCLE('',#5847,0.0004);
#1387=CIRCLE('',#5848,0.0004);
#1388=CIRCLE('',#5850,0.008);
#1389=CIRCLE('',#5851,0.0044);
#1390=CIRCLE('',#5853,0.0076);
#1391=CIRCLE('',#5855,0.00609985906335915);
#1392=CIRCLE('',#5856,0.0044);
#1393=CIRCLE('',#5864,0.0076);
#1394=CIRCLE('',#5866,0.0076);
#1395=CIRCLE('',#5868,0.0076);
#1396=CIRCLE('',#5870,0.0076);
#1397=CIRCLE('',#5872,0.0076);
#1398=CIRCLE('',#5874,0.008);
#1399=CIRCLE('',#5880,0.0021);
#1400=CIRCLE('',#5881,0.0021);
#1401=CIRCLE('',#5885,0.00065);
#1402=CIRCLE('',#5886,0.00065);
#1403=CIRCLE('',#5888,0.00065);
#1404=CIRCLE('',#5889,0.00065);
#1405=CIRCLE('',#5893,0.0009);
#1406=CIRCLE('',#5898,0.0112484208579298);
#1407=CIRCLE('',#5899,0.0112484208579298);
#1408=CIRCLE('',#5903,0.000607945923879986);
#1409=CIRCLE('',#5904,0.000607945923879986);
#1410=CIRCLE('',#5907,0.000187945923879987);
#1411=CIRCLE('',#5908,0.000187945923879987);
#1412=CIRCLE('',#5912,0.0159426030472588);
#1413=CIRCLE('',#5913,0.0159426030472588);
#1414=CIRCLE('',#5915,0.001);
#1415=CIRCLE('',#5917,0.000620066604263576);
#1416=CIRCLE('',#5918,0.00109930309230132);
#1417=CIRCLE('',#5919,0.000681903083721922);
#1418=CIRCLE('',#5920,0.000200066604263577);
#1419=CIRCLE('',#5922,0.000200066604263577);
#1420=CIRCLE('',#5923,0.000681903083721922);
#1421=CIRCLE('',#5924,0.00109930309230132);
#1422=CIRCLE('',#5925,0.000620066604263576);
#1423=CIRCLE('',#5931,0.001);
#1424=CIRCLE('',#5939,0.00065);
#1425=CIRCLE('',#5940,0.00065);
#1426=CIRCLE('',#5945,0.0021);
#1427=CIRCLE('',#5946,0.0021);
#1428=CIRCLE('',#5948,0.0009);
#1429=CIRCLE('',#5950,0.000518344473585776);
#1430=CIRCLE('',#5951,9.8344473585775E-5);
#1431=CIRCLE('',#5953,9.8344473585775E-5);
#1432=CIRCLE('',#5954,0.000518344473585776);
#1433=CIRCLE('',#5961,0.001);
#1434=CIRCLE('',#5963,0.001);
#1435=CIRCLE('',#5969,0.0021);
#1436=CIRCLE('',#5970,0.0021);
#1437=CIRCLE('',#5974,0.00065);
#1438=CIRCLE('',#5975,0.00065);
#1439=CIRCLE('',#5977,0.00065);
#1440=CIRCLE('',#5978,0.00065);
#1441=CIRCLE('',#5982,0.0009);
#1442=CIRCLE('',#5987,0.0112484208579298);
#1443=CIRCLE('',#5988,0.0112484208579298);
#1444=CIRCLE('',#5992,0.000607945923879986);
#1445=CIRCLE('',#5993,0.000607945923879986);
#1446=CIRCLE('',#5996,0.000187945923879987);
#1447=CIRCLE('',#5997,0.000187945923879987);
#1448=CIRCLE('',#6001,0.0159426030472588);
#1449=CIRCLE('',#6002,0.0159426030472588);
#1450=CIRCLE('',#6004,0.001);
#1451=CIRCLE('',#6006,0.000620066604263576);
#1452=CIRCLE('',#6007,0.00109930309230132);
#1453=CIRCLE('',#6008,0.000681903083721922);
#1454=CIRCLE('',#6009,0.000200066604263577);
#1455=CIRCLE('',#6011,0.000200066604263577);
#1456=CIRCLE('',#6012,0.000681903083721922);
#1457=CIRCLE('',#6013,0.00109930309230132);
#1458=CIRCLE('',#6014,0.000620066604263576);
#1459=CIRCLE('',#6020,0.001);
#1460=CIRCLE('',#6028,0.00065);
#1461=CIRCLE('',#6029,0.00065);
#1462=CIRCLE('',#6034,0.0021);
#1463=CIRCLE('',#6035,0.0021);
#1464=CIRCLE('',#6037,0.0009);
#1465=CIRCLE('',#6039,0.000518344473585776);
#1466=CIRCLE('',#6040,9.8344473585775E-5);
#1467=CIRCLE('',#6042,9.8344473585775E-5);
#1468=CIRCLE('',#6043,0.000518344473585776);
#1469=CIRCLE('',#6050,0.001);
#1470=CIRCLE('',#6052,0.001);
#1471=ORIENTED_EDGE('',*,*,#3061,.F.);
#1472=ORIENTED_EDGE('',*,*,#3062,.T.);
#1473=ORIENTED_EDGE('',*,*,#3063,.T.);
#1474=ORIENTED_EDGE('',*,*,#3064,.T.);
#1475=ORIENTED_EDGE('',*,*,#3065,.T.);
#1476=ORIENTED_EDGE('',*,*,#3066,.T.);
#1477=ORIENTED_EDGE('',*,*,#3067,.F.);
#1478=ORIENTED_EDGE('',*,*,#3068,.T.);
#1479=ORIENTED_EDGE('',*,*,#3065,.F.);
#1480=ORIENTED_EDGE('',*,*,#3069,.T.);
#1481=ORIENTED_EDGE('',*,*,#3070,.T.);
#1482=ORIENTED_EDGE('',*,*,#3071,.F.);
#1483=ORIENTED_EDGE('',*,*,#3068,.F.);
#1484=ORIENTED_EDGE('',*,*,#3072,.T.);
#1485=ORIENTED_EDGE('',*,*,#3073,.T.);
#1486=ORIENTED_EDGE('',*,*,#3074,.T.);
#1487=ORIENTED_EDGE('',*,*,#3075,.T.);
#1488=ORIENTED_EDGE('',*,*,#3076,.T.);
#1489=ORIENTED_EDGE('',*,*,#3077,.T.);
#1490=ORIENTED_EDGE('',*,*,#3078,.T.);
#1491=ORIENTED_EDGE('',*,*,#3079,.T.);
#1492=ORIENTED_EDGE('',*,*,#3080,.T.);
#1493=ORIENTED_EDGE('',*,*,#3081,.T.);
#1494=ORIENTED_EDGE('',*,*,#3082,.T.);
#1495=ORIENTED_EDGE('',*,*,#3083,.T.);
#1496=ORIENTED_EDGE('',*,*,#3084,.T.);
#1497=ORIENTED_EDGE('',*,*,#3085,.T.);
#1498=ORIENTED_EDGE('',*,*,#3086,.T.);
#1499=ORIENTED_EDGE('',*,*,#3087,.T.);
#1500=ORIENTED_EDGE('',*,*,#3088,.T.);
#1501=ORIENTED_EDGE('',*,*,#3089,.T.);
#1502=ORIENTED_EDGE('',*,*,#3090,.T.);
#1503=ORIENTED_EDGE('',*,*,#3069,.F.);
#1504=ORIENTED_EDGE('',*,*,#3064,.F.);
#1505=ORIENTED_EDGE('',*,*,#3091,.F.);
#1506=ORIENTED_EDGE('',*,*,#3092,.T.);
#1507=ORIENTED_EDGE('',*,*,#3093,.T.);
#1508=ORIENTED_EDGE('',*,*,#3094,.T.);
#1509=ORIENTED_EDGE('',*,*,#3066,.F.);
#1510=ORIENTED_EDGE('',*,*,#3071,.T.);
#1511=ORIENTED_EDGE('',*,*,#3095,.T.);
#1512=ORIENTED_EDGE('',*,*,#3093,.F.);
#1513=ORIENTED_EDGE('',*,*,#3096,.T.);
#1514=ORIENTED_EDGE('',*,*,#3097,.T.);
#1515=ORIENTED_EDGE('',*,*,#3098,.T.);
#1516=ORIENTED_EDGE('',*,*,#3099,.T.);
#1517=ORIENTED_EDGE('',*,*,#3100,.T.);
#1518=ORIENTED_EDGE('',*,*,#3101,.T.);
#1519=ORIENTED_EDGE('',*,*,#3102,.T.);
#1520=ORIENTED_EDGE('',*,*,#3103,.T.);
#1521=ORIENTED_EDGE('',*,*,#3104,.T.);
#1522=ORIENTED_EDGE('',*,*,#3105,.T.);
#1523=ORIENTED_EDGE('',*,*,#3106,.T.);
#1524=ORIENTED_EDGE('',*,*,#3107,.T.);
#1525=ORIENTED_EDGE('',*,*,#3108,.T.);
#1526=ORIENTED_EDGE('',*,*,#3109,.T.);
#1527=ORIENTED_EDGE('',*,*,#3110,.T.);
#1528=ORIENTED_EDGE('',*,*,#3111,.T.);
#1529=ORIENTED_EDGE('',*,*,#3112,.T.);
#1530=ORIENTED_EDGE('',*,*,#3113,.T.);
#1531=ORIENTED_EDGE('',*,*,#3114,.T.);
#1532=ORIENTED_EDGE('',*,*,#3115,.T.);
#1533=ORIENTED_EDGE('',*,*,#3116,.T.);
#1534=ORIENTED_EDGE('',*,*,#3117,.T.);
#1535=ORIENTED_EDGE('',*,*,#3094,.F.);
#1536=ORIENTED_EDGE('',*,*,#3095,.F.);
#1537=ORIENTED_EDGE('',*,*,#3070,.F.);
#1538=ORIENTED_EDGE('',*,*,#3090,.F.);
#1539=ORIENTED_EDGE('',*,*,#3118,.T.);
#1540=ORIENTED_EDGE('',*,*,#3119,.F.);
#1541=ORIENTED_EDGE('',*,*,#3120,.F.);
#1542=ORIENTED_EDGE('',*,*,#3121,.F.);
#1543=ORIENTED_EDGE('',*,*,#3122,.T.);
#1544=ORIENTED_EDGE('',*,*,#3123,.T.);
#1545=ORIENTED_EDGE('',*,*,#3118,.F.);
#1546=ORIENTED_EDGE('',*,*,#3124,.F.);
#1547=ORIENTED_EDGE('',*,*,#3125,.T.);
#1548=ORIENTED_EDGE('',*,*,#3126,.F.);
#1549=ORIENTED_EDGE('',*,*,#3122,.F.);
#1550=ORIENTED_EDGE('',*,*,#3127,.F.);
#1551=ORIENTED_EDGE('',*,*,#3128,.T.);
#1552=ORIENTED_EDGE('',*,*,#3129,.F.);
#1553=ORIENTED_EDGE('',*,*,#3123,.F.);
#1554=ORIENTED_EDGE('',*,*,#3130,.F.);
#1555=ORIENTED_EDGE('',*,*,#3131,.T.);
#1556=ORIENTED_EDGE('',*,*,#3132,.T.);
#1557=ORIENTED_EDGE('',*,*,#3125,.F.);
#1558=ORIENTED_EDGE('',*,*,#3133,.T.);
#1559=ORIENTED_EDGE('',*,*,#3134,.F.);
#1560=ORIENTED_EDGE('',*,*,#3135,.T.);
#1561=ORIENTED_EDGE('',*,*,#3128,.F.);
#1562=ORIENTED_EDGE('',*,*,#3136,.T.);
#1563=ORIENTED_EDGE('',*,*,#3137,.F.);
#1564=ORIENTED_EDGE('',*,*,#3138,.F.);
#1565=ORIENTED_EDGE('',*,*,#3133,.F.);
#1566=ORIENTED_EDGE('',*,*,#3139,.F.);
#1567=ORIENTED_EDGE('',*,*,#3140,.T.);
#1568=ORIENTED_EDGE('',*,*,#3141,.F.);
#1569=ORIENTED_EDGE('',*,*,#3136,.F.);
#1570=ORIENTED_EDGE('',*,*,#3142,.F.);
#1571=ORIENTED_EDGE('',*,*,#3143,.F.);
#1572=ORIENTED_EDGE('',*,*,#3144,.F.);
#1573=ORIENTED_EDGE('',*,*,#3135,.F.);
#1574=ORIENTED_EDGE('',*,*,#3145,.F.);
#1575=ORIENTED_EDGE('',*,*,#3146,.T.);
#1576=ORIENTED_EDGE('',*,*,#3147,.T.);
#1577=ORIENTED_EDGE('',*,*,#3140,.F.);
#1578=ORIENTED_EDGE('',*,*,#3148,.F.);
#1579=ORIENTED_EDGE('',*,*,#3147,.F.);
#1580=ORIENTED_EDGE('',*,*,#3149,.F.);
#1581=ORIENTED_EDGE('',*,*,#3150,.F.);
#1582=ORIENTED_EDGE('',*,*,#3151,.F.);
#1583=ORIENTED_EDGE('',*,*,#3152,.T.);
#1584=ORIENTED_EDGE('',*,*,#3153,.F.);
#1585=ORIENTED_EDGE('',*,*,#3154,.F.);
#1586=ORIENTED_EDGE('',*,*,#3155,.F.);
#1587=ORIENTED_EDGE('',*,*,#3156,.T.);
#1588=ORIENTED_EDGE('',*,*,#3157,.T.);
#1589=ORIENTED_EDGE('',*,*,#3152,.F.);
#1590=ORIENTED_EDGE('',*,*,#3158,.F.);
#1591=ORIENTED_EDGE('',*,*,#3159,.T.);
#1592=ORIENTED_EDGE('',*,*,#3160,.F.);
#1593=ORIENTED_EDGE('',*,*,#3156,.F.);
#1594=ORIENTED_EDGE('',*,*,#3161,.F.);
#1595=ORIENTED_EDGE('',*,*,#3162,.T.);
#1596=ORIENTED_EDGE('',*,*,#3163,.F.);
#1597=ORIENTED_EDGE('',*,*,#3157,.F.);
#1598=ORIENTED_EDGE('',*,*,#3164,.F.);
#1599=ORIENTED_EDGE('',*,*,#3165,.T.);
#1600=ORIENTED_EDGE('',*,*,#3166,.T.);
#1601=ORIENTED_EDGE('',*,*,#3159,.F.);
#1602=ORIENTED_EDGE('',*,*,#3167,.F.);
#1603=ORIENTED_EDGE('',*,*,#3168,.F.);
#1604=ORIENTED_EDGE('',*,*,#3169,.T.);
#1605=ORIENTED_EDGE('',*,*,#3162,.F.);
#1606=ORIENTED_EDGE('',*,*,#3170,.T.);
#1607=ORIENTED_EDGE('',*,*,#3171,.F.);
#1608=ORIENTED_EDGE('',*,*,#3172,.F.);
#1609=ORIENTED_EDGE('',*,*,#3165,.F.);
#1610=ORIENTED_EDGE('',*,*,#3173,.F.);
#1611=ORIENTED_EDGE('',*,*,#3174,.T.);
#1612=ORIENTED_EDGE('',*,*,#3175,.F.);
#1613=ORIENTED_EDGE('',*,*,#3170,.F.);
#1614=ORIENTED_EDGE('',*,*,#3176,.F.);
#1615=ORIENTED_EDGE('',*,*,#3177,.F.);
#1616=ORIENTED_EDGE('',*,*,#3178,.F.);
#1617=ORIENTED_EDGE('',*,*,#3169,.F.);
#1618=ORIENTED_EDGE('',*,*,#3179,.F.);
#1619=ORIENTED_EDGE('',*,*,#3180,.T.);
#1620=ORIENTED_EDGE('',*,*,#3181,.F.);
#1621=ORIENTED_EDGE('',*,*,#3174,.F.);
#1622=ORIENTED_EDGE('',*,*,#3182,.F.);
#1623=ORIENTED_EDGE('',*,*,#3183,.F.);
#1624=ORIENTED_EDGE('',*,*,#3184,.F.);
#1625=ORIENTED_EDGE('',*,*,#3180,.F.);
#1626=ORIENTED_EDGE('',*,*,#3185,.F.);
#1627=ORIENTED_EDGE('',*,*,#3186,.T.);
#1628=ORIENTED_EDGE('',*,*,#3187,.F.);
#1629=ORIENTED_EDGE('',*,*,#3188,.F.);
#1630=ORIENTED_EDGE('',*,*,#3189,.F.);
#1631=ORIENTED_EDGE('',*,*,#3190,.T.);
#1632=ORIENTED_EDGE('',*,*,#3191,.T.);
#1633=ORIENTED_EDGE('',*,*,#3186,.F.);
#1634=ORIENTED_EDGE('',*,*,#3192,.F.);
#1635=ORIENTED_EDGE('',*,*,#3193,.T.);
#1636=ORIENTED_EDGE('',*,*,#3194,.F.);
#1637=ORIENTED_EDGE('',*,*,#3190,.F.);
#1638=ORIENTED_EDGE('',*,*,#3195,.F.);
#1639=ORIENTED_EDGE('',*,*,#3196,.T.);
#1640=ORIENTED_EDGE('',*,*,#3197,.F.);
#1641=ORIENTED_EDGE('',*,*,#3191,.F.);
#1642=ORIENTED_EDGE('',*,*,#3198,.F.);
#1643=ORIENTED_EDGE('',*,*,#3199,.T.);
#1644=ORIENTED_EDGE('',*,*,#3200,.T.);
#1645=ORIENTED_EDGE('',*,*,#3193,.F.);
#1646=ORIENTED_EDGE('',*,*,#3201,.F.);
#1647=ORIENTED_EDGE('',*,*,#3202,.F.);
#1648=ORIENTED_EDGE('',*,*,#3203,.T.);
#1649=ORIENTED_EDGE('',*,*,#3196,.F.);
#1650=ORIENTED_EDGE('',*,*,#3204,.T.);
#1651=ORIENTED_EDGE('',*,*,#3205,.F.);
#1652=ORIENTED_EDGE('',*,*,#3206,.F.);
#1653=ORIENTED_EDGE('',*,*,#3199,.F.);
#1654=ORIENTED_EDGE('',*,*,#3207,.F.);
#1655=ORIENTED_EDGE('',*,*,#3208,.T.);
#1656=ORIENTED_EDGE('',*,*,#3209,.F.);
#1657=ORIENTED_EDGE('',*,*,#3204,.F.);
#1658=ORIENTED_EDGE('',*,*,#3210,.F.);
#1659=ORIENTED_EDGE('',*,*,#3211,.F.);
#1660=ORIENTED_EDGE('',*,*,#3212,.F.);
#1661=ORIENTED_EDGE('',*,*,#3203,.F.);
#1662=ORIENTED_EDGE('',*,*,#3213,.F.);
#1663=ORIENTED_EDGE('',*,*,#3214,.T.);
#1664=ORIENTED_EDGE('',*,*,#3215,.F.);
#1665=ORIENTED_EDGE('',*,*,#3208,.F.);
#1666=ORIENTED_EDGE('',*,*,#3216,.F.);
#1667=ORIENTED_EDGE('',*,*,#3217,.F.);
#1668=ORIENTED_EDGE('',*,*,#3218,.F.);
#1669=ORIENTED_EDGE('',*,*,#3214,.F.);
#1670=ORIENTED_EDGE('',*,*,#3219,.F.);
#1671=ORIENTED_EDGE('',*,*,#3220,.T.);
#1672=ORIENTED_EDGE('',*,*,#3221,.F.);
#1673=ORIENTED_EDGE('',*,*,#3222,.F.);
#1674=ORIENTED_EDGE('',*,*,#3223,.F.);
#1675=ORIENTED_EDGE('',*,*,#3224,.T.);
#1676=ORIENTED_EDGE('',*,*,#3225,.T.);
#1677=ORIENTED_EDGE('',*,*,#3220,.F.);
#1678=ORIENTED_EDGE('',*,*,#3226,.T.);
#1679=ORIENTED_EDGE('',*,*,#3227,.T.);
#1680=ORIENTED_EDGE('',*,*,#3228,.F.);
#1681=ORIENTED_EDGE('',*,*,#3226,.F.);
#1682=ORIENTED_EDGE('',*,*,#3229,.F.);
#1683=ORIENTED_EDGE('',*,*,#3230,.T.);
#1684=ORIENTED_EDGE('',*,*,#3231,.F.);
#1685=ORIENTED_EDGE('',*,*,#3224,.F.);
#1686=ORIENTED_EDGE('',*,*,#3232,.F.);
#1687=ORIENTED_EDGE('',*,*,#3233,.T.);
#1688=ORIENTED_EDGE('',*,*,#3234,.T.);
#1689=ORIENTED_EDGE('',*,*,#3227,.F.);
#1690=ORIENTED_EDGE('',*,*,#3235,.F.);
#1691=ORIENTED_EDGE('',*,*,#3236,.T.);
#1692=ORIENTED_EDGE('',*,*,#3237,.T.);
#1693=ORIENTED_EDGE('',*,*,#3230,.F.);
#1694=ORIENTED_EDGE('',*,*,#3238,.T.);
#1695=ORIENTED_EDGE('',*,*,#3239,.F.);
#1696=ORIENTED_EDGE('',*,*,#3240,.F.);
#1697=ORIENTED_EDGE('',*,*,#3233,.F.);
#1698=ORIENTED_EDGE('',*,*,#3241,.F.);
#1699=ORIENTED_EDGE('',*,*,#3242,.T.);
#1700=ORIENTED_EDGE('',*,*,#3243,.F.);
#1701=ORIENTED_EDGE('',*,*,#3238,.F.);
#1702=ORIENTED_EDGE('',*,*,#3244,.F.);
#1703=ORIENTED_EDGE('',*,*,#3245,.F.);
#1704=ORIENTED_EDGE('',*,*,#3246,.F.);
#1705=ORIENTED_EDGE('',*,*,#3236,.F.);
#1706=ORIENTED_EDGE('',*,*,#3247,.F.);
#1707=ORIENTED_EDGE('',*,*,#3248,.T.);
#1708=ORIENTED_EDGE('',*,*,#3249,.F.);
#1709=ORIENTED_EDGE('',*,*,#3242,.F.);
#1710=ORIENTED_EDGE('',*,*,#3250,.F.);
#1711=ORIENTED_EDGE('',*,*,#3251,.F.);
#1712=ORIENTED_EDGE('',*,*,#3252,.F.);
#1713=ORIENTED_EDGE('',*,*,#3248,.F.);
#1714=ORIENTED_EDGE('',*,*,#3253,.F.);
#1715=ORIENTED_EDGE('',*,*,#3254,.T.);
#1716=ORIENTED_EDGE('',*,*,#3255,.F.);
#1717=ORIENTED_EDGE('',*,*,#3256,.F.);
#1718=ORIENTED_EDGE('',*,*,#3257,.F.);
#1719=ORIENTED_EDGE('',*,*,#3256,.T.);
#1720=ORIENTED_EDGE('',*,*,#3258,.F.);
#1721=ORIENTED_EDGE('',*,*,#3259,.F.);
#1722=ORIENTED_EDGE('',*,*,#3260,.F.);
#1723=ORIENTED_EDGE('',*,*,#3259,.T.);
#1724=ORIENTED_EDGE('',*,*,#3261,.F.);
#1725=ORIENTED_EDGE('',*,*,#3262,.F.);
#1726=ORIENTED_EDGE('',*,*,#3263,.F.);
#1727=ORIENTED_EDGE('',*,*,#3262,.T.);
#1728=ORIENTED_EDGE('',*,*,#3264,.F.);
#1729=ORIENTED_EDGE('',*,*,#3254,.F.);
#1730=ORIENTED_EDGE('',*,*,#3265,.F.);
#1731=ORIENTED_EDGE('',*,*,#3266,.T.);
#1732=ORIENTED_EDGE('',*,*,#3267,.T.);
#1733=ORIENTED_EDGE('',*,*,#3268,.T.);
#1734=ORIENTED_EDGE('',*,*,#3269,.F.);
#1735=ORIENTED_EDGE('',*,*,#3270,.T.);
#1736=ORIENTED_EDGE('',*,*,#3271,.F.);
#1737=ORIENTED_EDGE('',*,*,#3272,.F.);
#1738=ORIENTED_EDGE('',*,*,#3273,.F.);
#1739=ORIENTED_EDGE('',*,*,#3272,.T.);
#1740=ORIENTED_EDGE('',*,*,#3274,.F.);
#1741=ORIENTED_EDGE('',*,*,#3275,.F.);
#1742=ORIENTED_EDGE('',*,*,#3276,.F.);
#1743=ORIENTED_EDGE('',*,*,#3275,.T.);
#1744=ORIENTED_EDGE('',*,*,#3277,.F.);
#1745=ORIENTED_EDGE('',*,*,#3278,.F.);
#1746=ORIENTED_EDGE('',*,*,#3279,.F.);
#1747=ORIENTED_EDGE('',*,*,#3278,.T.);
#1748=ORIENTED_EDGE('',*,*,#3280,.F.);
#1749=ORIENTED_EDGE('',*,*,#3270,.F.);
#1750=ORIENTED_EDGE('',*,*,#3281,.F.);
#1751=ORIENTED_EDGE('',*,*,#3282,.T.);
#1752=ORIENTED_EDGE('',*,*,#3283,.T.);
#1753=ORIENTED_EDGE('',*,*,#3284,.T.);
#1754=ORIENTED_EDGE('',*,*,#3285,.F.);
#1755=ORIENTED_EDGE('',*,*,#3286,.T.);
#1756=ORIENTED_EDGE('',*,*,#3287,.F.);
#1757=ORIENTED_EDGE('',*,*,#3288,.F.);
#1758=ORIENTED_EDGE('',*,*,#3289,.F.);
#1759=ORIENTED_EDGE('',*,*,#3290,.T.);
#1760=ORIENTED_EDGE('',*,*,#3291,.T.);
#1761=ORIENTED_EDGE('',*,*,#3292,.T.);
#1762=ORIENTED_EDGE('',*,*,#3293,.F.);
#1763=ORIENTED_EDGE('',*,*,#3288,.T.);
#1764=ORIENTED_EDGE('',*,*,#3294,.F.);
#1765=ORIENTED_EDGE('',*,*,#3295,.F.);
#1766=ORIENTED_EDGE('',*,*,#3296,.F.);
#1767=ORIENTED_EDGE('',*,*,#3295,.T.);
#1768=ORIENTED_EDGE('',*,*,#3297,.F.);
#1769=ORIENTED_EDGE('',*,*,#3298,.F.);
#1770=ORIENTED_EDGE('',*,*,#3299,.F.);
#1771=ORIENTED_EDGE('',*,*,#3298,.T.);
#1772=ORIENTED_EDGE('',*,*,#3300,.F.);
#1773=ORIENTED_EDGE('',*,*,#3286,.F.);
#1774=ORIENTED_EDGE('',*,*,#3301,.F.);
#1775=ORIENTED_EDGE('',*,*,#3302,.T.);
#1776=ORIENTED_EDGE('',*,*,#3303,.T.);
#1777=ORIENTED_EDGE('',*,*,#3304,.T.);
#1778=ORIENTED_EDGE('',*,*,#3305,.F.);
#1779=ORIENTED_EDGE('',*,*,#3306,.T.);
#1780=ORIENTED_EDGE('',*,*,#3305,.T.);
#1781=ORIENTED_EDGE('',*,*,#3307,.T.);
#1782=ORIENTED_EDGE('',*,*,#3308,.F.);
#1783=ORIENTED_EDGE('',*,*,#3309,.T.);
#1784=ORIENTED_EDGE('',*,*,#3308,.T.);
#1785=ORIENTED_EDGE('',*,*,#3310,.T.);
#1786=ORIENTED_EDGE('',*,*,#3311,.F.);
#1787=ORIENTED_EDGE('',*,*,#3312,.T.);
#1788=ORIENTED_EDGE('',*,*,#3313,.T.);
#1789=ORIENTED_EDGE('',*,*,#3314,.T.);
#1790=ORIENTED_EDGE('',*,*,#3315,.T.);
#1791=ORIENTED_EDGE('',*,*,#3316,.T.);
#1792=ORIENTED_EDGE('',*,*,#3311,.T.);
#1793=ORIENTED_EDGE('',*,*,#3317,.T.);
#1794=ORIENTED_EDGE('',*,*,#3303,.F.);
#1795=ORIENTED_EDGE('',*,*,#3318,.T.);
#1796=ORIENTED_EDGE('',*,*,#3319,.T.);
#1797=ORIENTED_EDGE('',*,*,#3320,.T.);
#1798=ORIENTED_EDGE('',*,*,#3321,.F.);
#1799=ORIENTED_EDGE('',*,*,#3322,.T.);
#1800=ORIENTED_EDGE('',*,*,#3321,.T.);
#1801=ORIENTED_EDGE('',*,*,#3323,.T.);
#1802=ORIENTED_EDGE('',*,*,#3324,.F.);
#1803=ORIENTED_EDGE('',*,*,#3325,.T.);
#1804=ORIENTED_EDGE('',*,*,#3324,.T.);
#1805=ORIENTED_EDGE('',*,*,#3326,.T.);
#1806=ORIENTED_EDGE('',*,*,#3327,.F.);
#1807=ORIENTED_EDGE('',*,*,#3328,.T.);
#1808=ORIENTED_EDGE('',*,*,#3329,.T.);
#1809=ORIENTED_EDGE('',*,*,#3330,.T.);
#1810=ORIENTED_EDGE('',*,*,#3331,.T.);
#1811=ORIENTED_EDGE('',*,*,#3332,.T.);
#1812=ORIENTED_EDGE('',*,*,#3327,.T.);
#1813=ORIENTED_EDGE('',*,*,#3333,.T.);
#1814=ORIENTED_EDGE('',*,*,#3319,.F.);
#1815=ORIENTED_EDGE('',*,*,#3334,.T.);
#1816=ORIENTED_EDGE('',*,*,#3335,.T.);
#1817=ORIENTED_EDGE('',*,*,#3336,.T.);
#1818=ORIENTED_EDGE('',*,*,#3337,.F.);
#1819=ORIENTED_EDGE('',*,*,#3338,.T.);
#1820=ORIENTED_EDGE('',*,*,#3337,.T.);
#1821=ORIENTED_EDGE('',*,*,#3339,.T.);
#1822=ORIENTED_EDGE('',*,*,#3340,.F.);
#1823=ORIENTED_EDGE('',*,*,#3341,.T.);
#1824=ORIENTED_EDGE('',*,*,#3342,.T.);
#1825=ORIENTED_EDGE('',*,*,#3343,.T.);
#1826=ORIENTED_EDGE('',*,*,#3344,.T.);
#1827=ORIENTED_EDGE('',*,*,#3345,.T.);
#1828=ORIENTED_EDGE('',*,*,#3340,.T.);
#1829=ORIENTED_EDGE('',*,*,#3346,.T.);
#1830=ORIENTED_EDGE('',*,*,#3347,.F.);
#1831=ORIENTED_EDGE('',*,*,#3348,.T.);
#1832=ORIENTED_EDGE('',*,*,#3347,.T.);
#1833=ORIENTED_EDGE('',*,*,#3349,.T.);
#1834=ORIENTED_EDGE('',*,*,#3335,.F.);
#1835=ORIENTED_EDGE('',*,*,#3350,.F.);
#1836=ORIENTED_EDGE('',*,*,#3314,.F.);
#1837=ORIENTED_EDGE('',*,*,#3351,.T.);
#1838=ORIENTED_EDGE('',*,*,#3352,.T.);
#1839=ORIENTED_EDGE('',*,*,#3351,.F.);
#1840=ORIENTED_EDGE('',*,*,#3313,.F.);
#1841=ORIENTED_EDGE('',*,*,#3353,.F.);
#1842=ORIENTED_EDGE('',*,*,#3354,.T.);
#1843=ORIENTED_EDGE('',*,*,#3355,.F.);
#1844=ORIENTED_EDGE('',*,*,#3315,.F.);
#1845=ORIENTED_EDGE('',*,*,#3350,.T.);
#1846=ORIENTED_EDGE('',*,*,#3356,.T.);
#1847=ORIENTED_EDGE('',*,*,#3357,.F.);
#1848=ORIENTED_EDGE('',*,*,#3330,.F.);
#1849=ORIENTED_EDGE('',*,*,#3358,.T.);
#1850=ORIENTED_EDGE('',*,*,#3359,.T.);
#1851=ORIENTED_EDGE('',*,*,#3360,.F.);
#1852=ORIENTED_EDGE('',*,*,#3331,.F.);
#1853=ORIENTED_EDGE('',*,*,#3357,.T.);
#1854=ORIENTED_EDGE('',*,*,#3361,.T.);
#1855=ORIENTED_EDGE('',*,*,#3358,.F.);
#1856=ORIENTED_EDGE('',*,*,#3329,.F.);
#1857=ORIENTED_EDGE('',*,*,#3362,.F.);
#1858=ORIENTED_EDGE('',*,*,#3363,.T.);
#1859=ORIENTED_EDGE('',*,*,#3364,.F.);
#1860=ORIENTED_EDGE('',*,*,#3343,.F.);
#1861=ORIENTED_EDGE('',*,*,#3365,.T.);
#1862=ORIENTED_EDGE('',*,*,#3366,.T.);
#1863=ORIENTED_EDGE('',*,*,#3367,.F.);
#1864=ORIENTED_EDGE('',*,*,#3344,.F.);
#1865=ORIENTED_EDGE('',*,*,#3364,.T.);
#1866=ORIENTED_EDGE('',*,*,#3368,.T.);
#1867=ORIENTED_EDGE('',*,*,#3365,.F.);
#1868=ORIENTED_EDGE('',*,*,#3342,.F.);
#1869=ORIENTED_EDGE('',*,*,#3369,.F.);
#1870=ORIENTED_EDGE('',*,*,#3370,.T.);
#1871=ORIENTED_EDGE('',*,*,#3130,.T.);
#1872=ORIENTED_EDGE('',*,*,#3126,.T.);
#1873=ORIENTED_EDGE('',*,*,#3371,.T.);
#1874=ORIENTED_EDGE('',*,*,#3142,.T.);
#1875=ORIENTED_EDGE('',*,*,#3164,.T.);
#1876=ORIENTED_EDGE('',*,*,#3160,.T.);
#1877=ORIENTED_EDGE('',*,*,#3372,.T.);
#1878=ORIENTED_EDGE('',*,*,#3176,.T.);
#1879=ORIENTED_EDGE('',*,*,#3232,.T.);
#1880=ORIENTED_EDGE('',*,*,#3228,.T.);
#1881=ORIENTED_EDGE('',*,*,#3373,.T.);
#1882=ORIENTED_EDGE('',*,*,#3244,.T.);
#1883=ORIENTED_EDGE('',*,*,#3198,.T.);
#1884=ORIENTED_EDGE('',*,*,#3194,.T.);
#1885=ORIENTED_EDGE('',*,*,#3374,.T.);
#1886=ORIENTED_EDGE('',*,*,#3210,.T.);
#1887=ORIENTED_EDGE('',*,*,#3212,.T.);
#1888=ORIENTED_EDGE('',*,*,#3375,.T.);
#1889=ORIENTED_EDGE('',*,*,#3187,.T.);
#1890=ORIENTED_EDGE('',*,*,#3197,.T.);
#1891=ORIENTED_EDGE('',*,*,#3253,.T.);
#1892=ORIENTED_EDGE('',*,*,#3376,.T.);
#1893=ORIENTED_EDGE('',*,*,#3240,.T.);
#1894=ORIENTED_EDGE('',*,*,#3377,.T.);
#1895=ORIENTED_EDGE('',*,*,#3185,.T.);
#1896=ORIENTED_EDGE('',*,*,#3378,.T.);
#1897=ORIENTED_EDGE('',*,*,#3172,.T.);
#1898=ORIENTED_EDGE('',*,*,#3379,.T.);
#1899=ORIENTED_EDGE('',*,*,#3144,.T.);
#1900=ORIENTED_EDGE('',*,*,#3380,.T.);
#1901=ORIENTED_EDGE('',*,*,#3119,.T.);
#1902=ORIENTED_EDGE('',*,*,#3129,.T.);
#1903=ORIENTED_EDGE('',*,*,#3178,.T.);
#1904=ORIENTED_EDGE('',*,*,#3381,.T.);
#1905=ORIENTED_EDGE('',*,*,#3153,.T.);
#1906=ORIENTED_EDGE('',*,*,#3163,.T.);
#1907=ORIENTED_EDGE('',*,*,#3336,.F.);
#1908=ORIENTED_EDGE('',*,*,#3349,.F.);
#1909=ORIENTED_EDGE('',*,*,#3346,.F.);
#1910=ORIENTED_EDGE('',*,*,#3339,.F.);
#1911=ORIENTED_EDGE('',*,*,#3320,.F.);
#1912=ORIENTED_EDGE('',*,*,#3333,.F.);
#1913=ORIENTED_EDGE('',*,*,#3326,.F.);
#1914=ORIENTED_EDGE('',*,*,#3323,.F.);
#1915=ORIENTED_EDGE('',*,*,#3304,.F.);
#1916=ORIENTED_EDGE('',*,*,#3317,.F.);
#1917=ORIENTED_EDGE('',*,*,#3310,.F.);
#1918=ORIENTED_EDGE('',*,*,#3307,.F.);
#1919=ORIENTED_EDGE('',*,*,#3145,.T.);
#1920=ORIENTED_EDGE('',*,*,#3134,.T.);
#1921=ORIENTED_EDGE('',*,*,#3141,.T.);
#1922=ORIENTED_EDGE('',*,*,#3151,.T.);
#1923=ORIENTED_EDGE('',*,*,#3382,.T.);
#1924=ORIENTED_EDGE('',*,*,#3247,.T.);
#1925=ORIENTED_EDGE('',*,*,#3243,.T.);
#1926=ORIENTED_EDGE('',*,*,#3249,.T.);
#1927=ORIENTED_EDGE('',*,*,#3252,.T.);
#1928=ORIENTED_EDGE('',*,*,#3383,.T.);
#1929=ORIENTED_EDGE('',*,*,#3213,.T.);
#1930=ORIENTED_EDGE('',*,*,#3202,.T.);
#1931=ORIENTED_EDGE('',*,*,#3209,.T.);
#1932=ORIENTED_EDGE('',*,*,#3215,.T.);
#1933=ORIENTED_EDGE('',*,*,#3218,.T.);
#1934=ORIENTED_EDGE('',*,*,#3384,.T.);
#1935=ORIENTED_EDGE('',*,*,#3179,.T.);
#1936=ORIENTED_EDGE('',*,*,#3168,.T.);
#1937=ORIENTED_EDGE('',*,*,#3175,.T.);
#1938=ORIENTED_EDGE('',*,*,#3181,.T.);
#1939=ORIENTED_EDGE('',*,*,#3184,.T.);
#1940=ORIENTED_EDGE('',*,*,#3385,.T.);
#1941=ORIENTED_EDGE('',*,*,#3219,.T.);
#1942=ORIENTED_EDGE('',*,*,#3386,.T.);
#1943=ORIENTED_EDGE('',*,*,#3206,.T.);
#1944=ORIENTED_EDGE('',*,*,#3387,.T.);
#1945=ORIENTED_EDGE('',*,*,#3388,.T.);
#1946=ORIENTED_EDGE('',*,*,#3389,.T.);
#1947=ORIENTED_EDGE('',*,*,#3390,.T.);
#1948=ORIENTED_EDGE('',*,*,#3245,.T.);
#1949=ORIENTED_EDGE('',*,*,#3382,.F.);
#1950=ORIENTED_EDGE('',*,*,#3150,.T.);
#1951=ORIENTED_EDGE('',*,*,#3391,.T.);
#1952=ORIENTED_EDGE('',*,*,#3392,.T.);
#1953=ORIENTED_EDGE('',*,*,#3356,.F.);
#1954=ORIENTED_EDGE('',*,*,#3352,.F.);
#1955=ORIENTED_EDGE('',*,*,#3354,.F.);
#1956=ORIENTED_EDGE('',*,*,#3393,.T.);
#1957=ORIENTED_EDGE('',*,*,#3368,.F.);
#1958=ORIENTED_EDGE('',*,*,#3366,.F.);
#1959=ORIENTED_EDGE('',*,*,#3370,.F.);
#1960=ORIENTED_EDGE('',*,*,#3394,.T.);
#1961=ORIENTED_EDGE('',*,*,#3361,.F.);
#1962=ORIENTED_EDGE('',*,*,#3359,.F.);
#1963=ORIENTED_EDGE('',*,*,#3363,.F.);
#1964=ORIENTED_EDGE('',*,*,#3395,.T.);
#1965=ORIENTED_EDGE('',*,*,#3131,.F.);
#1966=ORIENTED_EDGE('',*,*,#3138,.T.);
#1967=ORIENTED_EDGE('',*,*,#3396,.T.);
#1968=ORIENTED_EDGE('',*,*,#3397,.F.);
#1969=ORIENTED_EDGE('',*,*,#3391,.F.);
#1970=ORIENTED_EDGE('',*,*,#3149,.T.);
#1971=ORIENTED_EDGE('',*,*,#3146,.F.);
#1972=ORIENTED_EDGE('',*,*,#3398,.T.);
#1973=ORIENTED_EDGE('',*,*,#3399,.T.);
#1974=ORIENTED_EDGE('',*,*,#3400,.T.);
#1975=ORIENTED_EDGE('',*,*,#3401,.T.);
#1976=ORIENTED_EDGE('',*,*,#3402,.T.);
#1977=ORIENTED_EDGE('',*,*,#3403,.T.);
#1978=ORIENTED_EDGE('',*,*,#3221,.T.);
#1979=ORIENTED_EDGE('',*,*,#3225,.F.);
#1980=ORIENTED_EDGE('',*,*,#3231,.T.);
#1981=ORIENTED_EDGE('',*,*,#3237,.F.);
#1982=ORIENTED_EDGE('',*,*,#3246,.T.);
#1983=ORIENTED_EDGE('',*,*,#3390,.F.);
#1984=ORIENTED_EDGE('',*,*,#3404,.T.);
#1985=ORIENTED_EDGE('',*,*,#3405,.F.);
#1986=ORIENTED_EDGE('',*,*,#3222,.T.);
#1987=ORIENTED_EDGE('',*,*,#3403,.F.);
#1988=ORIENTED_EDGE('',*,*,#3406,.F.);
#1989=ORIENTED_EDGE('',*,*,#3407,.F.);
#1990=ORIENTED_EDGE('',*,*,#3408,.T.);
#1991=ORIENTED_EDGE('',*,*,#3409,.T.);
#1992=ORIENTED_EDGE('',*,*,#3410,.F.);
#1993=ORIENTED_EDGE('',*,*,#3411,.F.);
#1994=ORIENTED_EDGE('',*,*,#3412,.T.);
#1995=ORIENTED_EDGE('',*,*,#3413,.T.);
#1996=ORIENTED_EDGE('',*,*,#3414,.F.);
#1997=ORIENTED_EDGE('',*,*,#3415,.F.);
#1998=ORIENTED_EDGE('',*,*,#3416,.T.);
#1999=ORIENTED_EDGE('',*,*,#3417,.T.);
#2000=ORIENTED_EDGE('',*,*,#3418,.F.);
#2001=ORIENTED_EDGE('',*,*,#3396,.F.);
#2002=ORIENTED_EDGE('',*,*,#3137,.T.);
#2003=ORIENTED_EDGE('',*,*,#3419,.F.);
#2004=ORIENTED_EDGE('',*,*,#3291,.F.);
#2005=ORIENTED_EDGE('',*,*,#3420,.T.);
#2006=ORIENTED_EDGE('',*,*,#3412,.F.);
#2007=ORIENTED_EDGE('',*,*,#3420,.F.);
#2008=ORIENTED_EDGE('',*,*,#3290,.F.);
#2009=ORIENTED_EDGE('',*,*,#3421,.T.);
#2010=ORIENTED_EDGE('',*,*,#3413,.F.);
#2011=ORIENTED_EDGE('',*,*,#3422,.T.);
#2012=ORIENTED_EDGE('',*,*,#3292,.F.);
#2013=ORIENTED_EDGE('',*,*,#3419,.T.);
#2014=ORIENTED_EDGE('',*,*,#3411,.T.);
#2015=ORIENTED_EDGE('',*,*,#3423,.F.);
#2016=ORIENTED_EDGE('',*,*,#3283,.F.);
#2017=ORIENTED_EDGE('',*,*,#3424,.T.);
#2018=ORIENTED_EDGE('',*,*,#3408,.F.);
#2019=ORIENTED_EDGE('',*,*,#3424,.F.);
#2020=ORIENTED_EDGE('',*,*,#3282,.F.);
#2021=ORIENTED_EDGE('',*,*,#3425,.T.);
#2022=ORIENTED_EDGE('',*,*,#3409,.F.);
#2023=ORIENTED_EDGE('',*,*,#3426,.T.);
#2024=ORIENTED_EDGE('',*,*,#3284,.F.);
#2025=ORIENTED_EDGE('',*,*,#3423,.T.);
#2026=ORIENTED_EDGE('',*,*,#3407,.T.);
#2027=ORIENTED_EDGE('',*,*,#3427,.F.);
#2028=ORIENTED_EDGE('',*,*,#3267,.F.);
#2029=ORIENTED_EDGE('',*,*,#3428,.T.);
#2030=ORIENTED_EDGE('',*,*,#3416,.F.);
#2031=ORIENTED_EDGE('',*,*,#3428,.F.);
#2032=ORIENTED_EDGE('',*,*,#3266,.F.);
#2033=ORIENTED_EDGE('',*,*,#3429,.T.);
#2034=ORIENTED_EDGE('',*,*,#3417,.F.);
#2035=ORIENTED_EDGE('',*,*,#3430,.T.);
#2036=ORIENTED_EDGE('',*,*,#3268,.F.);
#2037=ORIENTED_EDGE('',*,*,#3427,.T.);
#2038=ORIENTED_EDGE('',*,*,#3415,.T.);
#2039=ORIENTED_EDGE('',*,*,#3264,.T.);
#2040=ORIENTED_EDGE('',*,*,#3261,.T.);
#2041=ORIENTED_EDGE('',*,*,#3258,.T.);
#2042=ORIENTED_EDGE('',*,*,#3255,.T.);
#2043=ORIENTED_EDGE('',*,*,#3300,.T.);
#2044=ORIENTED_EDGE('',*,*,#3297,.T.);
#2045=ORIENTED_EDGE('',*,*,#3294,.T.);
#2046=ORIENTED_EDGE('',*,*,#3287,.T.);
#2047=ORIENTED_EDGE('',*,*,#3280,.T.);
#2048=ORIENTED_EDGE('',*,*,#3277,.T.);
#2049=ORIENTED_EDGE('',*,*,#3274,.T.);
#2050=ORIENTED_EDGE('',*,*,#3271,.T.);
#2051=ORIENTED_EDGE('',*,*,#3127,.T.);
#2052=ORIENTED_EDGE('',*,*,#3124,.T.);
#2053=ORIENTED_EDGE('',*,*,#3121,.T.);
#2054=ORIENTED_EDGE('',*,*,#3431,.T.);
#2055=ORIENTED_EDGE('',*,*,#3173,.T.);
#2056=ORIENTED_EDGE('',*,*,#3167,.T.);
#2057=ORIENTED_EDGE('',*,*,#3161,.T.);
#2058=ORIENTED_EDGE('',*,*,#3158,.T.);
#2059=ORIENTED_EDGE('',*,*,#3155,.T.);
#2060=ORIENTED_EDGE('',*,*,#3432,.T.);
#2061=ORIENTED_EDGE('',*,*,#3207,.T.);
#2062=ORIENTED_EDGE('',*,*,#3201,.T.);
#2063=ORIENTED_EDGE('',*,*,#3195,.T.);
#2064=ORIENTED_EDGE('',*,*,#3192,.T.);
#2065=ORIENTED_EDGE('',*,*,#3189,.T.);
#2066=ORIENTED_EDGE('',*,*,#3433,.T.);
#2067=ORIENTED_EDGE('',*,*,#3241,.T.);
#2068=ORIENTED_EDGE('',*,*,#3235,.T.);
#2069=ORIENTED_EDGE('',*,*,#3229,.T.);
#2070=ORIENTED_EDGE('',*,*,#3223,.T.);
#2071=ORIENTED_EDGE('',*,*,#3405,.T.);
#2072=ORIENTED_EDGE('',*,*,#3139,.T.);
#2073=ORIENTED_EDGE('',*,*,#3265,.T.);
#2074=ORIENTED_EDGE('',*,*,#3257,.T.);
#2075=ORIENTED_EDGE('',*,*,#3260,.T.);
#2076=ORIENTED_EDGE('',*,*,#3263,.T.);
#2077=ORIENTED_EDGE('',*,*,#3269,.T.);
#2078=ORIENTED_EDGE('',*,*,#3430,.F.);
#2079=ORIENTED_EDGE('',*,*,#3414,.T.);
#2080=ORIENTED_EDGE('',*,*,#3421,.F.);
#2081=ORIENTED_EDGE('',*,*,#3289,.T.);
#2082=ORIENTED_EDGE('',*,*,#3296,.T.);
#2083=ORIENTED_EDGE('',*,*,#3299,.T.);
#2084=ORIENTED_EDGE('',*,*,#3301,.T.);
#2085=ORIENTED_EDGE('',*,*,#3293,.T.);
#2086=ORIENTED_EDGE('',*,*,#3422,.F.);
#2087=ORIENTED_EDGE('',*,*,#3410,.T.);
#2088=ORIENTED_EDGE('',*,*,#3425,.F.);
#2089=ORIENTED_EDGE('',*,*,#3281,.T.);
#2090=ORIENTED_EDGE('',*,*,#3273,.T.);
#2091=ORIENTED_EDGE('',*,*,#3276,.T.);
#2092=ORIENTED_EDGE('',*,*,#3279,.T.);
#2093=ORIENTED_EDGE('',*,*,#3285,.T.);
#2094=ORIENTED_EDGE('',*,*,#3426,.F.);
#2095=ORIENTED_EDGE('',*,*,#3406,.T.);
#2096=ORIENTED_EDGE('',*,*,#3404,.F.);
#2097=ORIENTED_EDGE('',*,*,#3395,.F.);
#2098=ORIENTED_EDGE('',*,*,#3362,.T.);
#2099=ORIENTED_EDGE('',*,*,#3328,.F.);
#2100=ORIENTED_EDGE('',*,*,#3318,.F.);
#2101=ORIENTED_EDGE('',*,*,#3322,.F.);
#2102=ORIENTED_EDGE('',*,*,#3325,.F.);
#2103=ORIENTED_EDGE('',*,*,#3332,.F.);
#2104=ORIENTED_EDGE('',*,*,#3360,.T.);
#2105=ORIENTED_EDGE('',*,*,#3394,.F.);
#2106=ORIENTED_EDGE('',*,*,#3369,.T.);
#2107=ORIENTED_EDGE('',*,*,#3341,.F.);
#2108=ORIENTED_EDGE('',*,*,#3348,.F.);
#2109=ORIENTED_EDGE('',*,*,#3334,.F.);
#2110=ORIENTED_EDGE('',*,*,#3338,.F.);
#2111=ORIENTED_EDGE('',*,*,#3345,.F.);
#2112=ORIENTED_EDGE('',*,*,#3367,.T.);
#2113=ORIENTED_EDGE('',*,*,#3393,.F.);
#2114=ORIENTED_EDGE('',*,*,#3353,.T.);
#2115=ORIENTED_EDGE('',*,*,#3312,.F.);
#2116=ORIENTED_EDGE('',*,*,#3302,.F.);
#2117=ORIENTED_EDGE('',*,*,#3306,.F.);
#2118=ORIENTED_EDGE('',*,*,#3309,.F.);
#2119=ORIENTED_EDGE('',*,*,#3316,.F.);
#2120=ORIENTED_EDGE('',*,*,#3355,.T.);
#2121=ORIENTED_EDGE('',*,*,#3392,.F.);
#2122=ORIENTED_EDGE('',*,*,#3397,.T.);
#2123=ORIENTED_EDGE('',*,*,#3418,.T.);
#2124=ORIENTED_EDGE('',*,*,#3429,.F.);
#2125=ORIENTED_EDGE('',*,*,#3434,.F.);
#2126=ORIENTED_EDGE('',*,*,#3435,.F.);
#2127=ORIENTED_EDGE('',*,*,#3062,.F.);
#2128=ORIENTED_EDGE('',*,*,#3115,.F.);
#2129=ORIENTED_EDGE('',*,*,#3114,.F.);
#2130=ORIENTED_EDGE('',*,*,#3113,.F.);
#2131=ORIENTED_EDGE('',*,*,#3112,.F.);
#2132=ORIENTED_EDGE('',*,*,#3111,.F.);
#2133=ORIENTED_EDGE('',*,*,#3110,.F.);
#2134=ORIENTED_EDGE('',*,*,#3109,.F.);
#2135=ORIENTED_EDGE('',*,*,#3108,.F.);
#2136=ORIENTED_EDGE('',*,*,#3107,.F.);
#2137=ORIENTED_EDGE('',*,*,#3106,.F.);
#2138=ORIENTED_EDGE('',*,*,#3105,.F.);
#2139=ORIENTED_EDGE('',*,*,#3104,.F.);
#2140=ORIENTED_EDGE('',*,*,#3103,.F.);
#2141=ORIENTED_EDGE('',*,*,#3102,.F.);
#2142=ORIENTED_EDGE('',*,*,#3101,.F.);
#2143=ORIENTED_EDGE('',*,*,#3100,.F.);
#2144=ORIENTED_EDGE('',*,*,#3099,.F.);
#2145=ORIENTED_EDGE('',*,*,#3098,.F.);
#2146=ORIENTED_EDGE('',*,*,#3097,.F.);
#2147=ORIENTED_EDGE('',*,*,#3436,.T.);
#2148=ORIENTED_EDGE('',*,*,#3116,.F.);
#2149=ORIENTED_EDGE('',*,*,#3089,.F.);
#2150=ORIENTED_EDGE('',*,*,#3088,.F.);
#2151=ORIENTED_EDGE('',*,*,#3087,.F.);
#2152=ORIENTED_EDGE('',*,*,#3086,.F.);
#2153=ORIENTED_EDGE('',*,*,#3085,.F.);
#2154=ORIENTED_EDGE('',*,*,#3084,.F.);
#2155=ORIENTED_EDGE('',*,*,#3083,.F.);
#2156=ORIENTED_EDGE('',*,*,#3082,.F.);
#2157=ORIENTED_EDGE('',*,*,#3081,.F.);
#2158=ORIENTED_EDGE('',*,*,#3080,.F.);
#2159=ORIENTED_EDGE('',*,*,#3079,.F.);
#2160=ORIENTED_EDGE('',*,*,#3078,.F.);
#2161=ORIENTED_EDGE('',*,*,#3077,.F.);
#2162=ORIENTED_EDGE('',*,*,#3076,.F.);
#2163=ORIENTED_EDGE('',*,*,#3075,.F.);
#2164=ORIENTED_EDGE('',*,*,#3074,.F.);
#2165=ORIENTED_EDGE('',*,*,#3073,.F.);
#2166=ORIENTED_EDGE('',*,*,#3072,.F.);
#2167=ORIENTED_EDGE('',*,*,#3067,.T.);
#2168=ORIENTED_EDGE('',*,*,#3401,.F.);
#2169=ORIENTED_EDGE('',*,*,#3096,.F.);
#2170=ORIENTED_EDGE('',*,*,#3092,.F.);
#2171=ORIENTED_EDGE('',*,*,#3117,.F.);
#2172=ORIENTED_EDGE('',*,*,#3436,.F.);
#2173=ORIENTED_EDGE('',*,*,#3437,.T.);
#2174=ORIENTED_EDGE('',*,*,#3438,.T.);
#2175=ORIENTED_EDGE('',*,*,#3439,.T.);
#2176=ORIENTED_EDGE('',*,*,#3440,.T.);
#2177=ORIENTED_EDGE('',*,*,#3251,.T.);
#2178=ORIENTED_EDGE('',*,*,#3377,.F.);
#2179=ORIENTED_EDGE('',*,*,#3239,.T.);
#2180=ORIENTED_EDGE('',*,*,#3433,.F.);
#2181=ORIENTED_EDGE('',*,*,#3188,.T.);
#2182=ORIENTED_EDGE('',*,*,#3375,.F.);
#2183=ORIENTED_EDGE('',*,*,#3211,.T.);
#2184=ORIENTED_EDGE('',*,*,#3383,.F.);
#2185=ORIENTED_EDGE('',*,*,#3434,.T.);
#2186=ORIENTED_EDGE('',*,*,#3441,.F.);
#2187=ORIENTED_EDGE('',*,*,#3183,.T.);
#2188=ORIENTED_EDGE('',*,*,#3379,.F.);
#2189=ORIENTED_EDGE('',*,*,#3171,.T.);
#2190=ORIENTED_EDGE('',*,*,#3431,.F.);
#2191=ORIENTED_EDGE('',*,*,#3120,.T.);
#2192=ORIENTED_EDGE('',*,*,#3380,.F.);
#2193=ORIENTED_EDGE('',*,*,#3143,.T.);
#2194=ORIENTED_EDGE('',*,*,#3385,.F.);
#2195=ORIENTED_EDGE('',*,*,#3381,.F.);
#2196=ORIENTED_EDGE('',*,*,#3177,.T.);
#2197=ORIENTED_EDGE('',*,*,#3384,.F.);
#2198=ORIENTED_EDGE('',*,*,#3217,.T.);
#2199=ORIENTED_EDGE('',*,*,#3387,.F.);
#2200=ORIENTED_EDGE('',*,*,#3205,.T.);
#2201=ORIENTED_EDGE('',*,*,#3432,.F.);
#2202=ORIENTED_EDGE('',*,*,#3154,.T.);
#2203=ORIENTED_EDGE('',*,*,#3441,.T.);
#2204=ORIENTED_EDGE('',*,*,#3388,.F.);
#2205=ORIENTED_EDGE('',*,*,#3438,.F.);
#2206=ORIENTED_EDGE('',*,*,#3400,.F.);
#2207=ORIENTED_EDGE('',*,*,#3440,.F.);
#2208=ORIENTED_EDGE('',*,*,#3389,.F.);
#2209=ORIENTED_EDGE('',*,*,#3376,.F.);
#2210=ORIENTED_EDGE('',*,*,#3250,.T.);
#2211=ORIENTED_EDGE('',*,*,#3373,.F.);
#2212=ORIENTED_EDGE('',*,*,#3234,.F.);
#2213=ORIENTED_EDGE('',*,*,#3386,.F.);
#2214=ORIENTED_EDGE('',*,*,#3216,.T.);
#2215=ORIENTED_EDGE('',*,*,#3374,.F.);
#2216=ORIENTED_EDGE('',*,*,#3200,.F.);
#2217=ORIENTED_EDGE('',*,*,#3378,.F.);
#2218=ORIENTED_EDGE('',*,*,#3182,.T.);
#2219=ORIENTED_EDGE('',*,*,#3372,.F.);
#2220=ORIENTED_EDGE('',*,*,#3166,.F.);
#2221=ORIENTED_EDGE('',*,*,#3398,.F.);
#2222=ORIENTED_EDGE('',*,*,#3148,.T.);
#2223=ORIENTED_EDGE('',*,*,#3371,.F.);
#2224=ORIENTED_EDGE('',*,*,#3132,.F.);
#2225=ORIENTED_EDGE('',*,*,#3402,.F.);
#2226=ORIENTED_EDGE('',*,*,#3439,.F.);
#2227=ORIENTED_EDGE('',*,*,#3399,.F.);
#2228=ORIENTED_EDGE('',*,*,#3437,.F.);
#2229=ORIENTED_EDGE('',*,*,#3435,.T.);
#2230=ORIENTED_EDGE('',*,*,#3061,.T.);
#2231=ORIENTED_EDGE('',*,*,#3091,.T.);
#2232=ORIENTED_EDGE('',*,*,#3063,.F.);
#2233=ORIENTED_EDGE('',*,*,#3442,.T.);
#2234=ORIENTED_EDGE('',*,*,#3443,.T.);
#2235=ORIENTED_EDGE('',*,*,#3444,.T.);
#2236=ORIENTED_EDGE('',*,*,#3445,.F.);
#2237=ORIENTED_EDGE('',*,*,#3446,.F.);
#2238=ORIENTED_EDGE('',*,*,#3447,.F.);
#2239=ORIENTED_EDGE('',*,*,#3448,.F.);
#2240=ORIENTED_EDGE('',*,*,#3449,.F.);
#2241=ORIENTED_EDGE('',*,*,#3450,.F.);
#2242=ORIENTED_EDGE('',*,*,#3451,.F.);
#2243=ORIENTED_EDGE('',*,*,#3452,.F.);
#2244=ORIENTED_EDGE('',*,*,#3453,.F.);
#2245=ORIENTED_EDGE('',*,*,#3454,.F.);
#2246=ORIENTED_EDGE('',*,*,#3455,.F.);
#2247=ORIENTED_EDGE('',*,*,#3456,.F.);
#2248=ORIENTED_EDGE('',*,*,#3457,.F.);
#2249=ORIENTED_EDGE('',*,*,#3458,.T.);
#2250=ORIENTED_EDGE('',*,*,#3459,.F.);
#2251=ORIENTED_EDGE('',*,*,#3460,.F.);
#2252=ORIENTED_EDGE('',*,*,#3461,.F.);
#2253=ORIENTED_EDGE('',*,*,#3462,.F.);
#2254=ORIENTED_EDGE('',*,*,#3463,.F.);
#2255=ORIENTED_EDGE('',*,*,#3464,.F.);
#2256=ORIENTED_EDGE('',*,*,#3465,.F.);
#2257=ORIENTED_EDGE('',*,*,#3466,.F.);
#2258=ORIENTED_EDGE('',*,*,#3467,.F.);
#2259=ORIENTED_EDGE('',*,*,#3468,.F.);
#2260=ORIENTED_EDGE('',*,*,#3469,.F.);
#2261=ORIENTED_EDGE('',*,*,#3470,.F.);
#2262=ORIENTED_EDGE('',*,*,#3471,.T.);
#2263=ORIENTED_EDGE('',*,*,#3472,.F.);
#2264=ORIENTED_EDGE('',*,*,#3473,.T.);
#2265=ORIENTED_EDGE('',*,*,#3472,.T.);
#2266=ORIENTED_EDGE('',*,*,#3474,.T.);
#2267=ORIENTED_EDGE('',*,*,#3443,.F.);
#2268=ORIENTED_EDGE('',*,*,#3475,.T.);
#2269=ORIENTED_EDGE('',*,*,#3476,.F.);
#2270=ORIENTED_EDGE('',*,*,#3477,.T.);
#2271=ORIENTED_EDGE('',*,*,#3478,.F.);
#2272=ORIENTED_EDGE('',*,*,#3479,.T.);
#2273=ORIENTED_EDGE('',*,*,#3480,.T.);
#2274=ORIENTED_EDGE('',*,*,#3477,.F.);
#2275=ORIENTED_EDGE('',*,*,#3481,.F.);
#2276=ORIENTED_EDGE('',*,*,#3482,.T.);
#2277=ORIENTED_EDGE('',*,*,#3483,.F.);
#2278=ORIENTED_EDGE('',*,*,#3475,.F.);
#2279=ORIENTED_EDGE('',*,*,#3484,.F.);
#2280=ORIENTED_EDGE('',*,*,#3485,.T.);
#2281=ORIENTED_EDGE('',*,*,#3486,.F.);
#2282=ORIENTED_EDGE('',*,*,#3479,.F.);
#2283=ORIENTED_EDGE('',*,*,#3487,.F.);
#2284=ORIENTED_EDGE('',*,*,#3488,.T.);
#2285=ORIENTED_EDGE('',*,*,#3489,.F.);
#2286=ORIENTED_EDGE('',*,*,#3480,.F.);
#2287=ORIENTED_EDGE('',*,*,#3490,.F.);
#2288=ORIENTED_EDGE('',*,*,#3491,.T.);
#2289=ORIENTED_EDGE('',*,*,#3492,.F.);
#2290=ORIENTED_EDGE('',*,*,#3482,.F.);
#2291=ORIENTED_EDGE('',*,*,#3493,.F.);
#2292=ORIENTED_EDGE('',*,*,#3494,.T.);
#2293=ORIENTED_EDGE('',*,*,#3495,.F.);
#2294=ORIENTED_EDGE('',*,*,#3485,.F.);
#2295=ORIENTED_EDGE('',*,*,#3496,.F.);
#2296=ORIENTED_EDGE('',*,*,#3497,.T.);
#2297=ORIENTED_EDGE('',*,*,#3498,.T.);
#2298=ORIENTED_EDGE('',*,*,#3488,.F.);
#2299=ORIENTED_EDGE('',*,*,#3499,.T.);
#2300=ORIENTED_EDGE('',*,*,#3500,.F.);
#2301=ORIENTED_EDGE('',*,*,#3491,.F.);
#2302=ORIENTED_EDGE('',*,*,#3501,.T.);
#2303=ORIENTED_EDGE('',*,*,#3502,.T.);
#2304=ORIENTED_EDGE('',*,*,#3503,.F.);
#2305=ORIENTED_EDGE('',*,*,#3494,.F.);
#2306=ORIENTED_EDGE('',*,*,#3504,.F.);
#2307=ORIENTED_EDGE('',*,*,#3505,.T.);
#2308=ORIENTED_EDGE('',*,*,#3506,.F.);
#2309=ORIENTED_EDGE('',*,*,#3497,.F.);
#2310=ORIENTED_EDGE('',*,*,#3507,.F.);
#2311=ORIENTED_EDGE('',*,*,#3508,.T.);
#2312=ORIENTED_EDGE('',*,*,#3509,.F.);
#2313=ORIENTED_EDGE('',*,*,#3498,.F.);
#2314=ORIENTED_EDGE('',*,*,#3510,.F.);
#2315=ORIENTED_EDGE('',*,*,#3511,.T.);
#2316=ORIENTED_EDGE('',*,*,#3512,.F.);
#2317=ORIENTED_EDGE('',*,*,#3501,.F.);
#2318=ORIENTED_EDGE('',*,*,#3513,.F.);
#2319=ORIENTED_EDGE('',*,*,#3514,.T.);
#2320=ORIENTED_EDGE('',*,*,#3515,.F.);
#2321=ORIENTED_EDGE('',*,*,#3499,.F.);
#2322=ORIENTED_EDGE('',*,*,#3516,.F.);
#2323=ORIENTED_EDGE('',*,*,#3517,.T.);
#2324=ORIENTED_EDGE('',*,*,#3518,.T.);
#2325=ORIENTED_EDGE('',*,*,#3502,.F.);
#2326=ORIENTED_EDGE('',*,*,#3519,.F.);
#2327=ORIENTED_EDGE('',*,*,#3520,.T.);
#2328=ORIENTED_EDGE('',*,*,#3521,.T.);
#2329=ORIENTED_EDGE('',*,*,#3505,.F.);
#2330=ORIENTED_EDGE('',*,*,#3508,.F.);
#2331=ORIENTED_EDGE('',*,*,#3522,.T.);
#2332=ORIENTED_EDGE('',*,*,#3511,.F.);
#2333=ORIENTED_EDGE('',*,*,#3523,.T.);
#2334=ORIENTED_EDGE('',*,*,#3524,.F.);
#2335=ORIENTED_EDGE('',*,*,#3514,.F.);
#2336=ORIENTED_EDGE('',*,*,#3525,.F.);
#2337=ORIENTED_EDGE('',*,*,#3526,.T.);
#2338=ORIENTED_EDGE('',*,*,#3527,.F.);
#2339=ORIENTED_EDGE('',*,*,#3517,.F.);
#2340=ORIENTED_EDGE('',*,*,#3528,.F.);
#2341=ORIENTED_EDGE('',*,*,#3518,.F.);
#2342=ORIENTED_EDGE('',*,*,#3529,.F.);
#2343=ORIENTED_EDGE('',*,*,#3520,.F.);
#2344=ORIENTED_EDGE('',*,*,#3530,.F.);
#2345=ORIENTED_EDGE('',*,*,#3531,.T.);
#2346=ORIENTED_EDGE('',*,*,#3532,.F.);
#2347=ORIENTED_EDGE('',*,*,#3521,.F.);
#2348=ORIENTED_EDGE('',*,*,#3533,.F.);
#2349=ORIENTED_EDGE('',*,*,#3534,.T.);
#2350=ORIENTED_EDGE('',*,*,#3535,.F.);
#2351=ORIENTED_EDGE('',*,*,#3522,.F.);
#2352=ORIENTED_EDGE('',*,*,#3536,.F.);
#2353=ORIENTED_EDGE('',*,*,#3537,.T.);
#2354=ORIENTED_EDGE('',*,*,#3538,.F.);
#2355=ORIENTED_EDGE('',*,*,#3523,.F.);
#2356=ORIENTED_EDGE('',*,*,#3539,.F.);
#2357=ORIENTED_EDGE('',*,*,#3540,.T.);
#2358=ORIENTED_EDGE('',*,*,#3541,.F.);
#2359=ORIENTED_EDGE('',*,*,#3526,.F.);
#2360=ORIENTED_EDGE('',*,*,#3542,.F.);
#2361=ORIENTED_EDGE('',*,*,#3543,.T.);
#2362=ORIENTED_EDGE('',*,*,#3544,.T.);
#2363=ORIENTED_EDGE('',*,*,#3531,.F.);
#2364=ORIENTED_EDGE('',*,*,#3545,.T.);
#2365=ORIENTED_EDGE('',*,*,#3546,.T.);
#2366=ORIENTED_EDGE('',*,*,#3534,.F.);
#2367=ORIENTED_EDGE('',*,*,#3547,.T.);
#2368=ORIENTED_EDGE('',*,*,#3548,.F.);
#2369=ORIENTED_EDGE('',*,*,#3537,.F.);
#2370=ORIENTED_EDGE('',*,*,#3549,.T.);
#2371=ORIENTED_EDGE('',*,*,#3550,.T.);
#2372=ORIENTED_EDGE('',*,*,#3551,.F.);
#2373=ORIENTED_EDGE('',*,*,#3540,.F.);
#2374=ORIENTED_EDGE('',*,*,#3552,.F.);
#2375=ORIENTED_EDGE('',*,*,#3553,.T.);
#2376=ORIENTED_EDGE('',*,*,#3554,.F.);
#2377=ORIENTED_EDGE('',*,*,#3543,.F.);
#2378=ORIENTED_EDGE('',*,*,#3555,.F.);
#2379=ORIENTED_EDGE('',*,*,#3556,.T.);
#2380=ORIENTED_EDGE('',*,*,#3557,.F.);
#2381=ORIENTED_EDGE('',*,*,#3544,.F.);
#2382=ORIENTED_EDGE('',*,*,#3558,.F.);
#2383=ORIENTED_EDGE('',*,*,#3559,.T.);
#2384=ORIENTED_EDGE('',*,*,#3560,.F.);
#2385=ORIENTED_EDGE('',*,*,#3545,.F.);
#2386=ORIENTED_EDGE('',*,*,#3561,.F.);
#2387=ORIENTED_EDGE('',*,*,#3546,.F.);
#2388=ORIENTED_EDGE('',*,*,#3562,.F.);
#2389=ORIENTED_EDGE('',*,*,#3549,.F.);
#2390=ORIENTED_EDGE('',*,*,#3563,.F.);
#2391=ORIENTED_EDGE('',*,*,#3564,.T.);
#2392=ORIENTED_EDGE('',*,*,#3565,.F.);
#2393=ORIENTED_EDGE('',*,*,#3547,.F.);
#2394=ORIENTED_EDGE('',*,*,#3566,.F.);
#2395=ORIENTED_EDGE('',*,*,#3567,.F.);
#2396=ORIENTED_EDGE('',*,*,#3568,.T.);
#2397=ORIENTED_EDGE('',*,*,#3553,.F.);
#2398=ORIENTED_EDGE('',*,*,#3550,.F.);
#2399=ORIENTED_EDGE('',*,*,#3556,.F.);
#2400=ORIENTED_EDGE('',*,*,#3569,.T.);
#2401=ORIENTED_EDGE('',*,*,#3559,.F.);
#2402=ORIENTED_EDGE('',*,*,#3570,.T.);
#2403=ORIENTED_EDGE('',*,*,#3571,.F.);
#2404=ORIENTED_EDGE('',*,*,#3564,.F.);
#2405=ORIENTED_EDGE('',*,*,#3572,.F.);
#2406=ORIENTED_EDGE('',*,*,#3573,.T.);
#2407=ORIENTED_EDGE('',*,*,#3574,.F.);
#2408=ORIENTED_EDGE('',*,*,#3568,.F.);
#2409=ORIENTED_EDGE('',*,*,#3575,.F.);
#2410=ORIENTED_EDGE('',*,*,#3576,.T.);
#2411=ORIENTED_EDGE('',*,*,#3577,.F.);
#2412=ORIENTED_EDGE('',*,*,#3569,.F.);
#2413=ORIENTED_EDGE('',*,*,#3578,.F.);
#2414=ORIENTED_EDGE('',*,*,#3579,.T.);
#2415=ORIENTED_EDGE('',*,*,#3580,.F.);
#2416=ORIENTED_EDGE('',*,*,#3570,.F.);
#2417=ORIENTED_EDGE('',*,*,#3581,.F.);
#2418=ORIENTED_EDGE('',*,*,#3582,.T.);
#2419=ORIENTED_EDGE('',*,*,#3583,.F.);
#2420=ORIENTED_EDGE('',*,*,#3573,.F.);
#2421=ORIENTED_EDGE('',*,*,#3584,.F.);
#2422=ORIENTED_EDGE('',*,*,#3585,.T.);
#2423=ORIENTED_EDGE('',*,*,#3586,.F.);
#2424=ORIENTED_EDGE('',*,*,#3579,.F.);
#2425=ORIENTED_EDGE('',*,*,#3576,.F.);
#2426=ORIENTED_EDGE('',*,*,#3582,.F.);
#2427=ORIENTED_EDGE('',*,*,#3587,.F.);
#2428=ORIENTED_EDGE('',*,*,#3585,.F.);
#2429=ORIENTED_EDGE('',*,*,#3588,.F.);
#2430=ORIENTED_EDGE('',*,*,#3589,.T.);
#2431=ORIENTED_EDGE('',*,*,#3471,.F.);
#2432=ORIENTED_EDGE('',*,*,#3590,.T.);
#2433=ORIENTED_EDGE('',*,*,#3444,.F.);
#2434=ORIENTED_EDGE('',*,*,#3474,.F.);
#2435=ORIENTED_EDGE('',*,*,#3483,.T.);
#2436=ORIENTED_EDGE('',*,*,#3591,.T.);
#2437=ORIENTED_EDGE('',*,*,#3592,.F.);
#2438=ORIENTED_EDGE('',*,*,#3458,.F.);
#2439=ORIENTED_EDGE('',*,*,#3473,.F.);
#2440=ORIENTED_EDGE('',*,*,#3442,.F.);
#2441=ORIENTED_EDGE('',*,*,#3593,.F.);
#2442=ORIENTED_EDGE('',*,*,#3493,.T.);
#2443=ORIENTED_EDGE('',*,*,#3484,.T.);
#2444=ORIENTED_EDGE('',*,*,#3478,.T.);
#2445=ORIENTED_EDGE('',*,*,#3489,.T.);
#2446=ORIENTED_EDGE('',*,*,#3509,.T.);
#2447=ORIENTED_EDGE('',*,*,#3513,.T.);
#2448=ORIENTED_EDGE('',*,*,#3516,.T.);
#2449=ORIENTED_EDGE('',*,*,#3512,.T.);
#2450=ORIENTED_EDGE('',*,*,#3535,.T.);
#2451=ORIENTED_EDGE('',*,*,#3563,.T.);
#2452=ORIENTED_EDGE('',*,*,#3539,.T.);
#2453=ORIENTED_EDGE('',*,*,#3525,.T.);
#2454=ORIENTED_EDGE('',*,*,#3566,.T.);
#2455=ORIENTED_EDGE('',*,*,#3562,.T.);
#2456=ORIENTED_EDGE('',*,*,#3560,.T.);
#2457=ORIENTED_EDGE('',*,*,#3577,.T.);
#2458=ORIENTED_EDGE('',*,*,#3581,.T.);
#2459=ORIENTED_EDGE('',*,*,#3572,.T.);
#2460=ORIENTED_EDGE('',*,*,#3588,.T.);
#2461=ORIENTED_EDGE('',*,*,#3578,.T.);
#2462=ORIENTED_EDGE('',*,*,#3558,.T.);
#2463=ORIENTED_EDGE('',*,*,#3554,.T.);
#2464=ORIENTED_EDGE('',*,*,#3574,.T.);
#2465=ORIENTED_EDGE('',*,*,#3583,.T.);
#2466=ORIENTED_EDGE('',*,*,#3551,.T.);
#2467=ORIENTED_EDGE('',*,*,#3555,.T.);
#2468=ORIENTED_EDGE('',*,*,#3533,.T.);
#2469=ORIENTED_EDGE('',*,*,#3529,.T.);
#2470=ORIENTED_EDGE('',*,*,#3527,.T.);
#2471=ORIENTED_EDGE('',*,*,#3541,.T.);
#2472=ORIENTED_EDGE('',*,*,#3495,.T.);
#2473=ORIENTED_EDGE('',*,*,#3503,.T.);
#2474=ORIENTED_EDGE('',*,*,#3530,.T.);
#2475=ORIENTED_EDGE('',*,*,#3507,.T.);
#2476=ORIENTED_EDGE('',*,*,#3490,.T.);
#2477=ORIENTED_EDGE('',*,*,#3486,.T.);
#2478=ORIENTED_EDGE('',*,*,#3594,.T.);
#2479=ORIENTED_EDGE('',*,*,#3524,.T.);
#2480=ORIENTED_EDGE('',*,*,#3595,.T.);
#2481=ORIENTED_EDGE('',*,*,#3571,.T.);
#2482=ORIENTED_EDGE('',*,*,#3596,.T.);
#2483=ORIENTED_EDGE('',*,*,#3584,.T.);
#2484=ORIENTED_EDGE('',*,*,#3597,.T.);
#2485=ORIENTED_EDGE('',*,*,#3542,.T.);
#2486=ORIENTED_EDGE('',*,*,#3598,.T.);
#2487=ORIENTED_EDGE('',*,*,#3496,.T.);
#2488=ORIENTED_EDGE('',*,*,#3599,.T.);
#2489=ORIENTED_EDGE('',*,*,#3589,.F.);
#2490=ORIENTED_EDGE('',*,*,#3460,.T.);
#2491=ORIENTED_EDGE('',*,*,#3459,.T.);
#2492=ORIENTED_EDGE('',*,*,#3593,.T.);
#2493=ORIENTED_EDGE('',*,*,#3457,.T.);
#2494=ORIENTED_EDGE('',*,*,#3456,.T.);
#2495=ORIENTED_EDGE('',*,*,#3455,.T.);
#2496=ORIENTED_EDGE('',*,*,#3454,.T.);
#2497=ORIENTED_EDGE('',*,*,#3453,.T.);
#2498=ORIENTED_EDGE('',*,*,#3452,.T.);
#2499=ORIENTED_EDGE('',*,*,#3451,.T.);
#2500=ORIENTED_EDGE('',*,*,#3450,.T.);
#2501=ORIENTED_EDGE('',*,*,#3449,.T.);
#2502=ORIENTED_EDGE('',*,*,#3448,.T.);
#2503=ORIENTED_EDGE('',*,*,#3447,.T.);
#2504=ORIENTED_EDGE('',*,*,#3446,.T.);
#2505=ORIENTED_EDGE('',*,*,#3445,.T.);
#2506=ORIENTED_EDGE('',*,*,#3590,.F.);
#2507=ORIENTED_EDGE('',*,*,#3470,.T.);
#2508=ORIENTED_EDGE('',*,*,#3469,.T.);
#2509=ORIENTED_EDGE('',*,*,#3468,.T.);
#2510=ORIENTED_EDGE('',*,*,#3467,.T.);
#2511=ORIENTED_EDGE('',*,*,#3466,.T.);
#2512=ORIENTED_EDGE('',*,*,#3465,.T.);
#2513=ORIENTED_EDGE('',*,*,#3464,.T.);
#2514=ORIENTED_EDGE('',*,*,#3463,.T.);
#2515=ORIENTED_EDGE('',*,*,#3462,.T.);
#2516=ORIENTED_EDGE('',*,*,#3461,.T.);
#2517=ORIENTED_EDGE('',*,*,#3592,.T.);
#2518=ORIENTED_EDGE('',*,*,#3557,.T.);
#2519=ORIENTED_EDGE('',*,*,#3561,.T.);
#2520=ORIENTED_EDGE('',*,*,#3536,.T.);
#2521=ORIENTED_EDGE('',*,*,#3510,.T.);
#2522=ORIENTED_EDGE('',*,*,#3506,.T.);
#2523=ORIENTED_EDGE('',*,*,#3532,.T.);
#2524=ORIENTED_EDGE('',*,*,#3599,.F.);
#2525=ORIENTED_EDGE('',*,*,#3591,.F.);
#2526=ORIENTED_EDGE('',*,*,#3492,.T.);
#2527=ORIENTED_EDGE('',*,*,#3500,.T.);
#2528=ORIENTED_EDGE('',*,*,#3515,.T.);
#2529=ORIENTED_EDGE('',*,*,#3594,.F.);
#2530=ORIENTED_EDGE('',*,*,#3538,.T.);
#2531=ORIENTED_EDGE('',*,*,#3548,.T.);
#2532=ORIENTED_EDGE('',*,*,#3565,.T.);
#2533=ORIENTED_EDGE('',*,*,#3595,.F.);
#2534=ORIENTED_EDGE('',*,*,#3580,.T.);
#2535=ORIENTED_EDGE('',*,*,#3586,.T.);
#2536=ORIENTED_EDGE('',*,*,#3587,.T.);
#2537=ORIENTED_EDGE('',*,*,#3596,.F.);
#2538=ORIENTED_EDGE('',*,*,#3575,.T.);
#2539=ORIENTED_EDGE('',*,*,#3567,.T.);
#2540=ORIENTED_EDGE('',*,*,#3552,.T.);
#2541=ORIENTED_EDGE('',*,*,#3597,.F.);
#2542=ORIENTED_EDGE('',*,*,#3528,.T.);
#2543=ORIENTED_EDGE('',*,*,#3519,.T.);
#2544=ORIENTED_EDGE('',*,*,#3504,.T.);
#2545=ORIENTED_EDGE('',*,*,#3598,.F.);
#2546=ORIENTED_EDGE('',*,*,#3487,.T.);
#2547=ORIENTED_EDGE('',*,*,#3481,.T.);
#2548=ORIENTED_EDGE('',*,*,#3476,.T.);
#2549=ORIENTED_EDGE('',*,*,#3600,.T.);
#2550=ORIENTED_EDGE('',*,*,#3601,.F.);
#2551=ORIENTED_EDGE('',*,*,#3602,.T.);
#2552=ORIENTED_EDGE('',*,*,#3603,.T.);
#2553=ORIENTED_EDGE('',*,*,#3604,.T.);
#2554=ORIENTED_EDGE('',*,*,#3605,.T.);
#2555=ORIENTED_EDGE('',*,*,#3606,.T.);
#2556=ORIENTED_EDGE('',*,*,#3607,.F.);
#2557=ORIENTED_EDGE('',*,*,#3608,.T.);
#2558=ORIENTED_EDGE('',*,*,#3607,.T.);
#2559=ORIENTED_EDGE('',*,*,#3609,.T.);
#2560=ORIENTED_EDGE('',*,*,#3610,.F.);
#2561=ORIENTED_EDGE('',*,*,#3611,.T.);
#2562=ORIENTED_EDGE('',*,*,#3612,.T.);
#2563=ORIENTED_EDGE('',*,*,#3613,.T.);
#2564=ORIENTED_EDGE('',*,*,#3605,.F.);
#2565=ORIENTED_EDGE('',*,*,#3614,.T.);
#2566=ORIENTED_EDGE('',*,*,#3615,.T.);
#2567=ORIENTED_EDGE('',*,*,#3616,.T.);
#2568=ORIENTED_EDGE('',*,*,#3617,.T.);
#2569=ORIENTED_EDGE('',*,*,#3618,.T.);
#2570=ORIENTED_EDGE('',*,*,#3619,.T.);
#2571=ORIENTED_EDGE('',*,*,#3620,.T.);
#2572=ORIENTED_EDGE('',*,*,#3615,.F.);
#2573=ORIENTED_EDGE('',*,*,#3621,.T.);
#2574=ORIENTED_EDGE('',*,*,#3622,.T.);
#2575=ORIENTED_EDGE('',*,*,#3623,.T.);
#2576=ORIENTED_EDGE('',*,*,#3619,.F.);
#2577=ORIENTED_EDGE('',*,*,#3624,.T.);
#2578=ORIENTED_EDGE('',*,*,#3606,.F.);
#2579=ORIENTED_EDGE('',*,*,#3613,.F.);
#2580=ORIENTED_EDGE('',*,*,#3625,.T.);
#2581=ORIENTED_EDGE('',*,*,#3616,.F.);
#2582=ORIENTED_EDGE('',*,*,#3620,.F.);
#2583=ORIENTED_EDGE('',*,*,#3623,.F.);
#2584=ORIENTED_EDGE('',*,*,#3626,.T.);
#2585=ORIENTED_EDGE('',*,*,#3627,.F.);
#2586=ORIENTED_EDGE('',*,*,#3628,.F.);
#2587=ORIENTED_EDGE('',*,*,#3609,.F.);
#2588=ORIENTED_EDGE('',*,*,#3625,.F.);
#2589=ORIENTED_EDGE('',*,*,#3612,.F.);
#2590=ORIENTED_EDGE('',*,*,#3629,.T.);
#2591=ORIENTED_EDGE('',*,*,#3617,.F.);
#2592=ORIENTED_EDGE('',*,*,#3629,.F.);
#2593=ORIENTED_EDGE('',*,*,#3611,.F.);
#2594=ORIENTED_EDGE('',*,*,#3604,.F.);
#2595=ORIENTED_EDGE('',*,*,#3608,.F.);
#2596=ORIENTED_EDGE('',*,*,#3630,.F.);
#2597=ORIENTED_EDGE('',*,*,#3631,.T.);
#2598=ORIENTED_EDGE('',*,*,#3632,.T.);
#2599=ORIENTED_EDGE('',*,*,#3621,.F.);
#2600=ORIENTED_EDGE('',*,*,#3618,.F.);
#2601=ORIENTED_EDGE('',*,*,#3614,.F.);
#2602=ORIENTED_EDGE('',*,*,#3633,.T.);
#2603=ORIENTED_EDGE('',*,*,#3631,.F.);
#2604=ORIENTED_EDGE('',*,*,#3634,.F.);
#2605=ORIENTED_EDGE('',*,*,#3635,.T.);
#2606=ORIENTED_EDGE('',*,*,#3636,.T.);
#2607=ORIENTED_EDGE('',*,*,#3637,.F.);
#2608=ORIENTED_EDGE('',*,*,#3638,.F.);
#2609=ORIENTED_EDGE('',*,*,#3639,.T.);
#2610=ORIENTED_EDGE('',*,*,#3640,.T.);
#2611=ORIENTED_EDGE('',*,*,#3639,.F.);
#2612=ORIENTED_EDGE('',*,*,#3641,.F.);
#2613=ORIENTED_EDGE('',*,*,#3642,.T.);
#2614=ORIENTED_EDGE('',*,*,#3643,.T.);
#2615=ORIENTED_EDGE('',*,*,#3644,.F.);
#2616=ORIENTED_EDGE('',*,*,#3645,.F.);
#2617=ORIENTED_EDGE('',*,*,#3646,.T.);
#2618=ORIENTED_EDGE('',*,*,#3647,.T.);
#2619=ORIENTED_EDGE('',*,*,#3646,.F.);
#2620=ORIENTED_EDGE('',*,*,#3648,.F.);
#2621=ORIENTED_EDGE('',*,*,#3649,.T.);
#2622=ORIENTED_EDGE('',*,*,#3602,.F.);
#2623=ORIENTED_EDGE('',*,*,#3650,.F.);
#2624=ORIENTED_EDGE('',*,*,#3651,.T.);
#2625=ORIENTED_EDGE('',*,*,#3652,.T.);
#2626=ORIENTED_EDGE('',*,*,#3653,.T.);
#2627=ORIENTED_EDGE('',*,*,#3651,.F.);
#2628=ORIENTED_EDGE('',*,*,#3654,.F.);
#2629=ORIENTED_EDGE('',*,*,#3655,.T.);
#2630=ORIENTED_EDGE('',*,*,#3656,.T.);
#2631=ORIENTED_EDGE('',*,*,#3655,.F.);
#2632=ORIENTED_EDGE('',*,*,#3657,.F.);
#2633=ORIENTED_EDGE('',*,*,#3658,.T.);
#2634=ORIENTED_EDGE('',*,*,#3659,.T.);
#2635=ORIENTED_EDGE('',*,*,#3660,.F.);
#2636=ORIENTED_EDGE('',*,*,#3661,.F.);
#2637=ORIENTED_EDGE('',*,*,#3662,.T.);
#2638=ORIENTED_EDGE('',*,*,#3663,.T.);
#2639=ORIENTED_EDGE('',*,*,#3662,.F.);
#2640=ORIENTED_EDGE('',*,*,#3664,.F.);
#2641=ORIENTED_EDGE('',*,*,#3665,.T.);
#2642=ORIENTED_EDGE('',*,*,#3666,.T.);
#2643=ORIENTED_EDGE('',*,*,#3667,.F.);
#2644=ORIENTED_EDGE('',*,*,#3668,.F.);
#2645=ORIENTED_EDGE('',*,*,#3627,.T.);
#2646=ORIENTED_EDGE('',*,*,#3669,.F.);
#2647=ORIENTED_EDGE('',*,*,#3670,.F.);
#2648=ORIENTED_EDGE('',*,*,#3600,.F.);
#2649=ORIENTED_EDGE('',*,*,#3671,.T.);
#2650=ORIENTED_EDGE('',*,*,#3649,.F.);
#2651=ORIENTED_EDGE('',*,*,#3603,.F.);
#2652=ORIENTED_EDGE('',*,*,#3652,.F.);
#2653=ORIENTED_EDGE('',*,*,#3653,.F.);
#2654=ORIENTED_EDGE('',*,*,#3656,.F.);
#2655=ORIENTED_EDGE('',*,*,#3672,.F.);
#2656=ORIENTED_EDGE('',*,*,#3659,.F.);
#2657=ORIENTED_EDGE('',*,*,#3663,.F.);
#2658=ORIENTED_EDGE('',*,*,#3673,.F.);
#2659=ORIENTED_EDGE('',*,*,#3666,.F.);
#2660=ORIENTED_EDGE('',*,*,#3626,.F.);
#2661=ORIENTED_EDGE('',*,*,#3622,.F.);
#2662=ORIENTED_EDGE('',*,*,#3632,.F.);
#2663=ORIENTED_EDGE('',*,*,#3633,.F.);
#2664=ORIENTED_EDGE('',*,*,#3674,.F.);
#2665=ORIENTED_EDGE('',*,*,#3636,.F.);
#2666=ORIENTED_EDGE('',*,*,#3640,.F.);
#2667=ORIENTED_EDGE('',*,*,#3675,.F.);
#2668=ORIENTED_EDGE('',*,*,#3643,.F.);
#2669=ORIENTED_EDGE('',*,*,#3647,.F.);
#2670=ORIENTED_EDGE('',*,*,#3671,.F.);
#2671=ORIENTED_EDGE('',*,*,#3650,.T.);
#2672=ORIENTED_EDGE('',*,*,#3601,.T.);
#2673=ORIENTED_EDGE('',*,*,#3670,.T.);
#2674=ORIENTED_EDGE('',*,*,#3648,.T.);
#2675=ORIENTED_EDGE('',*,*,#3645,.T.);
#2676=ORIENTED_EDGE('',*,*,#3676,.T.);
#2677=ORIENTED_EDGE('',*,*,#3641,.T.);
#2678=ORIENTED_EDGE('',*,*,#3638,.T.);
#2679=ORIENTED_EDGE('',*,*,#3677,.T.);
#2680=ORIENTED_EDGE('',*,*,#3634,.T.);
#2681=ORIENTED_EDGE('',*,*,#3630,.T.);
#2682=ORIENTED_EDGE('',*,*,#3610,.T.);
#2683=ORIENTED_EDGE('',*,*,#3628,.T.);
#2684=ORIENTED_EDGE('',*,*,#3668,.T.);
#2685=ORIENTED_EDGE('',*,*,#3678,.T.);
#2686=ORIENTED_EDGE('',*,*,#3664,.T.);
#2687=ORIENTED_EDGE('',*,*,#3661,.T.);
#2688=ORIENTED_EDGE('',*,*,#3679,.T.);
#2689=ORIENTED_EDGE('',*,*,#3657,.T.);
#2690=ORIENTED_EDGE('',*,*,#3654,.T.);
#2691=ORIENTED_EDGE('',*,*,#3678,.F.);
#2692=ORIENTED_EDGE('',*,*,#3667,.T.);
#2693=ORIENTED_EDGE('',*,*,#3673,.T.);
#2694=ORIENTED_EDGE('',*,*,#3665,.F.);
#2695=ORIENTED_EDGE('',*,*,#3679,.F.);
#2696=ORIENTED_EDGE('',*,*,#3660,.T.);
#2697=ORIENTED_EDGE('',*,*,#3672,.T.);
#2698=ORIENTED_EDGE('',*,*,#3658,.F.);
#2699=ORIENTED_EDGE('',*,*,#3676,.F.);
#2700=ORIENTED_EDGE('',*,*,#3644,.T.);
#2701=ORIENTED_EDGE('',*,*,#3675,.T.);
#2702=ORIENTED_EDGE('',*,*,#3642,.F.);
#2703=ORIENTED_EDGE('',*,*,#3677,.F.);
#2704=ORIENTED_EDGE('',*,*,#3637,.T.);
#2705=ORIENTED_EDGE('',*,*,#3674,.T.);
#2706=ORIENTED_EDGE('',*,*,#3635,.F.);
#2707=ORIENTED_EDGE('',*,*,#3669,.T.);
#2708=ORIENTED_EDGE('',*,*,#3680,.T.);
#2709=ORIENTED_EDGE('',*,*,#3680,.F.);
#2710=ORIENTED_EDGE('',*,*,#3624,.F.);
#2711=ORIENTED_EDGE('',*,*,#3681,.T.);
#2712=ORIENTED_EDGE('',*,*,#3682,.F.);
#2713=ORIENTED_EDGE('',*,*,#3683,.F.);
#2714=ORIENTED_EDGE('',*,*,#3684,.T.);
#2715=ORIENTED_EDGE('',*,*,#3683,.T.);
#2716=ORIENTED_EDGE('',*,*,#3685,.T.);
#2717=ORIENTED_EDGE('',*,*,#3686,.T.);
#2718=ORIENTED_EDGE('',*,*,#3687,.T.);
#2719=ORIENTED_EDGE('',*,*,#3688,.F.);
#2720=ORIENTED_EDGE('',*,*,#3689,.T.);
#2721=ORIENTED_EDGE('',*,*,#3688,.T.);
#2722=ORIENTED_EDGE('',*,*,#3690,.T.);
#2723=ORIENTED_EDGE('',*,*,#3691,.F.);
#2724=ORIENTED_EDGE('',*,*,#3692,.T.);
#2725=ORIENTED_EDGE('',*,*,#3691,.T.);
#2726=ORIENTED_EDGE('',*,*,#3693,.T.);
#2727=ORIENTED_EDGE('',*,*,#3694,.F.);
#2728=ORIENTED_EDGE('',*,*,#3695,.T.);
#2729=ORIENTED_EDGE('',*,*,#3696,.T.);
#2730=ORIENTED_EDGE('',*,*,#3697,.T.);
#2731=ORIENTED_EDGE('',*,*,#3698,.F.);
#2732=ORIENTED_EDGE('',*,*,#3699,.T.);
#2733=ORIENTED_EDGE('',*,*,#3694,.T.);
#2734=ORIENTED_EDGE('',*,*,#3700,.T.);
#2735=ORIENTED_EDGE('',*,*,#3696,.F.);
#2736=ORIENTED_EDGE('',*,*,#3701,.T.);
#2737=ORIENTED_EDGE('',*,*,#3702,.T.);
#2738=ORIENTED_EDGE('',*,*,#3703,.T.);
#2739=ORIENTED_EDGE('',*,*,#3704,.F.);
#2740=ORIENTED_EDGE('',*,*,#3705,.T.);
#2741=ORIENTED_EDGE('',*,*,#3704,.T.);
#2742=ORIENTED_EDGE('',*,*,#3706,.T.);
#2743=ORIENTED_EDGE('',*,*,#3707,.F.);
#2744=ORIENTED_EDGE('',*,*,#3708,.T.);
#2745=ORIENTED_EDGE('',*,*,#3698,.T.);
#2746=ORIENTED_EDGE('',*,*,#3709,.F.);
#2747=ORIENTED_EDGE('',*,*,#3710,.F.);
#2748=ORIENTED_EDGE('',*,*,#3711,.F.);
#2749=ORIENTED_EDGE('',*,*,#3707,.T.);
#2750=ORIENTED_EDGE('',*,*,#3712,.F.);
#2751=ORIENTED_EDGE('',*,*,#3713,.F.);
#2752=ORIENTED_EDGE('',*,*,#3714,.F.);
#2753=ORIENTED_EDGE('',*,*,#3715,.T.);
#2754=ORIENTED_EDGE('',*,*,#3686,.F.);
#2755=ORIENTED_EDGE('',*,*,#3716,.T.);
#2756=ORIENTED_EDGE('',*,*,#3717,.T.);
#2757=ORIENTED_EDGE('',*,*,#3718,.T.);
#2758=ORIENTED_EDGE('',*,*,#3702,.F.);
#2759=ORIENTED_EDGE('',*,*,#3719,.T.);
#2760=ORIENTED_EDGE('',*,*,#3720,.T.);
#2761=ORIENTED_EDGE('',*,*,#3706,.F.);
#2762=ORIENTED_EDGE('',*,*,#3703,.F.);
#2763=ORIENTED_EDGE('',*,*,#3718,.F.);
#2764=ORIENTED_EDGE('',*,*,#3721,.T.);
#2765=ORIENTED_EDGE('',*,*,#3712,.T.);
#2766=ORIENTED_EDGE('',*,*,#3713,.T.);
#2767=ORIENTED_EDGE('',*,*,#3721,.F.);
#2768=ORIENTED_EDGE('',*,*,#3717,.F.);
#2769=ORIENTED_EDGE('',*,*,#3722,.T.);
#2770=ORIENTED_EDGE('',*,*,#3689,.F.);
#2771=ORIENTED_EDGE('',*,*,#3692,.F.);
#2772=ORIENTED_EDGE('',*,*,#3699,.F.);
#2773=ORIENTED_EDGE('',*,*,#3695,.F.);
#2774=ORIENTED_EDGE('',*,*,#3714,.T.);
#2775=ORIENTED_EDGE('',*,*,#3722,.F.);
#2776=ORIENTED_EDGE('',*,*,#3716,.F.);
#2777=ORIENTED_EDGE('',*,*,#3685,.F.);
#2778=ORIENTED_EDGE('',*,*,#3693,.F.);
#2779=ORIENTED_EDGE('',*,*,#3690,.F.);
#2780=ORIENTED_EDGE('',*,*,#3687,.F.);
#2781=ORIENTED_EDGE('',*,*,#3715,.F.);
#2782=ORIENTED_EDGE('',*,*,#3723,.T.);
#2783=ORIENTED_EDGE('',*,*,#3709,.T.);
#2784=ORIENTED_EDGE('',*,*,#3697,.F.);
#2785=ORIENTED_EDGE('',*,*,#3700,.F.);
#2786=ORIENTED_EDGE('',*,*,#3710,.T.);
#2787=ORIENTED_EDGE('',*,*,#3723,.F.);
#2788=ORIENTED_EDGE('',*,*,#3720,.F.);
#2789=ORIENTED_EDGE('',*,*,#3724,.T.);
#2790=ORIENTED_EDGE('',*,*,#3725,.F.);
#2791=ORIENTED_EDGE('',*,*,#3701,.F.);
#2792=ORIENTED_EDGE('',*,*,#3705,.F.);
#2793=ORIENTED_EDGE('',*,*,#3711,.T.);
#2794=ORIENTED_EDGE('',*,*,#3724,.F.);
#2795=ORIENTED_EDGE('',*,*,#3719,.F.);
#2796=ORIENTED_EDGE('',*,*,#3725,.T.);
#2797=ORIENTED_EDGE('',*,*,#3726,.T.);
#2798=ORIENTED_EDGE('',*,*,#3726,.F.);
#2799=ORIENTED_EDGE('',*,*,#3708,.F.);
#2800=ORIENTED_EDGE('',*,*,#3727,.T.);
#2801=ORIENTED_EDGE('',*,*,#3728,.F.);
#2802=ORIENTED_EDGE('',*,*,#3729,.F.);
#2803=ORIENTED_EDGE('',*,*,#3730,.F.);
#2804=ORIENTED_EDGE('',*,*,#3729,.T.);
#2805=ORIENTED_EDGE('',*,*,#3731,.T.);
#2806=ORIENTED_EDGE('',*,*,#3732,.F.);
#2807=ORIENTED_EDGE('',*,*,#3733,.T.);
#2808=ORIENTED_EDGE('',*,*,#3734,.T.);
#2809=ORIENTED_EDGE('',*,*,#3735,.T.);
#2810=ORIENTED_EDGE('',*,*,#3736,.T.);
#2811=ORIENTED_EDGE('',*,*,#3737,.T.);
#2812=ORIENTED_EDGE('',*,*,#3738,.F.);
#2813=ORIENTED_EDGE('',*,*,#3739,.T.);
#2814=ORIENTED_EDGE('',*,*,#3738,.T.);
#2815=ORIENTED_EDGE('',*,*,#3740,.T.);
#2816=ORIENTED_EDGE('',*,*,#3741,.F.);
#2817=ORIENTED_EDGE('',*,*,#3742,.T.);
#2818=ORIENTED_EDGE('',*,*,#3743,.T.);
#2819=ORIENTED_EDGE('',*,*,#3744,.T.);
#2820=ORIENTED_EDGE('',*,*,#3736,.F.);
#2821=ORIENTED_EDGE('',*,*,#3745,.T.);
#2822=ORIENTED_EDGE('',*,*,#3746,.T.);
#2823=ORIENTED_EDGE('',*,*,#3747,.T.);
#2824=ORIENTED_EDGE('',*,*,#3748,.T.);
#2825=ORIENTED_EDGE('',*,*,#3749,.T.);
#2826=ORIENTED_EDGE('',*,*,#3750,.T.);
#2827=ORIENTED_EDGE('',*,*,#3751,.T.);
#2828=ORIENTED_EDGE('',*,*,#3746,.F.);
#2829=ORIENTED_EDGE('',*,*,#3752,.T.);
#2830=ORIENTED_EDGE('',*,*,#3753,.T.);
#2831=ORIENTED_EDGE('',*,*,#3754,.T.);
#2832=ORIENTED_EDGE('',*,*,#3750,.F.);
#2833=ORIENTED_EDGE('',*,*,#3755,.T.);
#2834=ORIENTED_EDGE('',*,*,#3737,.F.);
#2835=ORIENTED_EDGE('',*,*,#3744,.F.);
#2836=ORIENTED_EDGE('',*,*,#3756,.T.);
#2837=ORIENTED_EDGE('',*,*,#3747,.F.);
#2838=ORIENTED_EDGE('',*,*,#3751,.F.);
#2839=ORIENTED_EDGE('',*,*,#3754,.F.);
#2840=ORIENTED_EDGE('',*,*,#3757,.T.);
#2841=ORIENTED_EDGE('',*,*,#3758,.F.);
#2842=ORIENTED_EDGE('',*,*,#3759,.F.);
#2843=ORIENTED_EDGE('',*,*,#3740,.F.);
#2844=ORIENTED_EDGE('',*,*,#3756,.F.);
#2845=ORIENTED_EDGE('',*,*,#3743,.F.);
#2846=ORIENTED_EDGE('',*,*,#3760,.T.);
#2847=ORIENTED_EDGE('',*,*,#3748,.F.);
#2848=ORIENTED_EDGE('',*,*,#3760,.F.);
#2849=ORIENTED_EDGE('',*,*,#3742,.F.);
#2850=ORIENTED_EDGE('',*,*,#3735,.F.);
#2851=ORIENTED_EDGE('',*,*,#3739,.F.);
#2852=ORIENTED_EDGE('',*,*,#3761,.F.);
#2853=ORIENTED_EDGE('',*,*,#3762,.T.);
#2854=ORIENTED_EDGE('',*,*,#3763,.T.);
#2855=ORIENTED_EDGE('',*,*,#3752,.F.);
#2856=ORIENTED_EDGE('',*,*,#3749,.F.);
#2857=ORIENTED_EDGE('',*,*,#3745,.F.);
#2858=ORIENTED_EDGE('',*,*,#3764,.T.);
#2859=ORIENTED_EDGE('',*,*,#3762,.F.);
#2860=ORIENTED_EDGE('',*,*,#3765,.F.);
#2861=ORIENTED_EDGE('',*,*,#3766,.T.);
#2862=ORIENTED_EDGE('',*,*,#3767,.T.);
#2863=ORIENTED_EDGE('',*,*,#3768,.F.);
#2864=ORIENTED_EDGE('',*,*,#3769,.F.);
#2865=ORIENTED_EDGE('',*,*,#3770,.T.);
#2866=ORIENTED_EDGE('',*,*,#3771,.T.);
#2867=ORIENTED_EDGE('',*,*,#3770,.F.);
#2868=ORIENTED_EDGE('',*,*,#3772,.F.);
#2869=ORIENTED_EDGE('',*,*,#3773,.T.);
#2870=ORIENTED_EDGE('',*,*,#3774,.T.);
#2871=ORIENTED_EDGE('',*,*,#3775,.F.);
#2872=ORIENTED_EDGE('',*,*,#3776,.F.);
#2873=ORIENTED_EDGE('',*,*,#3777,.T.);
#2874=ORIENTED_EDGE('',*,*,#3778,.T.);
#2875=ORIENTED_EDGE('',*,*,#3777,.F.);
#2876=ORIENTED_EDGE('',*,*,#3779,.F.);
#2877=ORIENTED_EDGE('',*,*,#3780,.T.);
#2878=ORIENTED_EDGE('',*,*,#3733,.F.);
#2879=ORIENTED_EDGE('',*,*,#3781,.F.);
#2880=ORIENTED_EDGE('',*,*,#3782,.T.);
#2881=ORIENTED_EDGE('',*,*,#3783,.T.);
#2882=ORIENTED_EDGE('',*,*,#3784,.T.);
#2883=ORIENTED_EDGE('',*,*,#3782,.F.);
#2884=ORIENTED_EDGE('',*,*,#3785,.F.);
#2885=ORIENTED_EDGE('',*,*,#3786,.T.);
#2886=ORIENTED_EDGE('',*,*,#3787,.T.);
#2887=ORIENTED_EDGE('',*,*,#3786,.F.);
#2888=ORIENTED_EDGE('',*,*,#3788,.F.);
#2889=ORIENTED_EDGE('',*,*,#3789,.T.);
#2890=ORIENTED_EDGE('',*,*,#3790,.T.);
#2891=ORIENTED_EDGE('',*,*,#3791,.F.);
#2892=ORIENTED_EDGE('',*,*,#3792,.F.);
#2893=ORIENTED_EDGE('',*,*,#3793,.T.);
#2894=ORIENTED_EDGE('',*,*,#3794,.T.);
#2895=ORIENTED_EDGE('',*,*,#3793,.F.);
#2896=ORIENTED_EDGE('',*,*,#3795,.F.);
#2897=ORIENTED_EDGE('',*,*,#3796,.T.);
#2898=ORIENTED_EDGE('',*,*,#3797,.T.);
#2899=ORIENTED_EDGE('',*,*,#3798,.F.);
#2900=ORIENTED_EDGE('',*,*,#3799,.F.);
#2901=ORIENTED_EDGE('',*,*,#3758,.T.);
#2902=ORIENTED_EDGE('',*,*,#3800,.F.);
#2903=ORIENTED_EDGE('',*,*,#3801,.F.);
#2904=ORIENTED_EDGE('',*,*,#3731,.F.);
#2905=ORIENTED_EDGE('',*,*,#3802,.T.);
#2906=ORIENTED_EDGE('',*,*,#3780,.F.);
#2907=ORIENTED_EDGE('',*,*,#3734,.F.);
#2908=ORIENTED_EDGE('',*,*,#3783,.F.);
#2909=ORIENTED_EDGE('',*,*,#3784,.F.);
#2910=ORIENTED_EDGE('',*,*,#3787,.F.);
#2911=ORIENTED_EDGE('',*,*,#3803,.F.);
#2912=ORIENTED_EDGE('',*,*,#3790,.F.);
#2913=ORIENTED_EDGE('',*,*,#3794,.F.);
#2914=ORIENTED_EDGE('',*,*,#3804,.F.);
#2915=ORIENTED_EDGE('',*,*,#3797,.F.);
#2916=ORIENTED_EDGE('',*,*,#3757,.F.);
#2917=ORIENTED_EDGE('',*,*,#3753,.F.);
#2918=ORIENTED_EDGE('',*,*,#3763,.F.);
#2919=ORIENTED_EDGE('',*,*,#3764,.F.);
#2920=ORIENTED_EDGE('',*,*,#3805,.F.);
#2921=ORIENTED_EDGE('',*,*,#3767,.F.);
#2922=ORIENTED_EDGE('',*,*,#3771,.F.);
#2923=ORIENTED_EDGE('',*,*,#3806,.F.);
#2924=ORIENTED_EDGE('',*,*,#3774,.F.);
#2925=ORIENTED_EDGE('',*,*,#3778,.F.);
#2926=ORIENTED_EDGE('',*,*,#3802,.F.);
#2927=ORIENTED_EDGE('',*,*,#3781,.T.);
#2928=ORIENTED_EDGE('',*,*,#3732,.T.);
#2929=ORIENTED_EDGE('',*,*,#3801,.T.);
#2930=ORIENTED_EDGE('',*,*,#3779,.T.);
#2931=ORIENTED_EDGE('',*,*,#3776,.T.);
#2932=ORIENTED_EDGE('',*,*,#3807,.T.);
#2933=ORIENTED_EDGE('',*,*,#3772,.T.);
#2934=ORIENTED_EDGE('',*,*,#3769,.T.);
#2935=ORIENTED_EDGE('',*,*,#3808,.T.);
#2936=ORIENTED_EDGE('',*,*,#3765,.T.);
#2937=ORIENTED_EDGE('',*,*,#3761,.T.);
#2938=ORIENTED_EDGE('',*,*,#3741,.T.);
#2939=ORIENTED_EDGE('',*,*,#3759,.T.);
#2940=ORIENTED_EDGE('',*,*,#3799,.T.);
#2941=ORIENTED_EDGE('',*,*,#3809,.T.);
#2942=ORIENTED_EDGE('',*,*,#3795,.T.);
#2943=ORIENTED_EDGE('',*,*,#3792,.T.);
#2944=ORIENTED_EDGE('',*,*,#3810,.T.);
#2945=ORIENTED_EDGE('',*,*,#3788,.T.);
#2946=ORIENTED_EDGE('',*,*,#3785,.T.);
#2947=ORIENTED_EDGE('',*,*,#3809,.F.);
#2948=ORIENTED_EDGE('',*,*,#3798,.T.);
#2949=ORIENTED_EDGE('',*,*,#3804,.T.);
#2950=ORIENTED_EDGE('',*,*,#3796,.F.);
#2951=ORIENTED_EDGE('',*,*,#3810,.F.);
#2952=ORIENTED_EDGE('',*,*,#3791,.T.);
#2953=ORIENTED_EDGE('',*,*,#3803,.T.);
#2954=ORIENTED_EDGE('',*,*,#3789,.F.);
#2955=ORIENTED_EDGE('',*,*,#3807,.F.);
#2956=ORIENTED_EDGE('',*,*,#3775,.T.);
#2957=ORIENTED_EDGE('',*,*,#3806,.T.);
#2958=ORIENTED_EDGE('',*,*,#3773,.F.);
#2959=ORIENTED_EDGE('',*,*,#3808,.F.);
#2960=ORIENTED_EDGE('',*,*,#3768,.T.);
#2961=ORIENTED_EDGE('',*,*,#3805,.T.);
#2962=ORIENTED_EDGE('',*,*,#3766,.F.);
#2963=ORIENTED_EDGE('',*,*,#3800,.T.);
#2964=ORIENTED_EDGE('',*,*,#3811,.T.);
#2965=ORIENTED_EDGE('',*,*,#3811,.F.);
#2966=ORIENTED_EDGE('',*,*,#3755,.F.);
#2967=ORIENTED_EDGE('',*,*,#3812,.T.);
#2968=ORIENTED_EDGE('',*,*,#3813,.F.);
#2969=ORIENTED_EDGE('',*,*,#3814,.F.);
#2970=ORIENTED_EDGE('',*,*,#3815,.T.);
#2971=ORIENTED_EDGE('',*,*,#3814,.T.);
#2972=ORIENTED_EDGE('',*,*,#3816,.T.);
#2973=ORIENTED_EDGE('',*,*,#3817,.T.);
#2974=ORIENTED_EDGE('',*,*,#3818,.T.);
#2975=ORIENTED_EDGE('',*,*,#3819,.F.);
#2976=ORIENTED_EDGE('',*,*,#3820,.T.);
#2977=ORIENTED_EDGE('',*,*,#3819,.T.);
#2978=ORIENTED_EDGE('',*,*,#3821,.T.);
#2979=ORIENTED_EDGE('',*,*,#3822,.F.);
#2980=ORIENTED_EDGE('',*,*,#3823,.T.);
#2981=ORIENTED_EDGE('',*,*,#3822,.T.);
#2982=ORIENTED_EDGE('',*,*,#3824,.T.);
#2983=ORIENTED_EDGE('',*,*,#3825,.F.);
#2984=ORIENTED_EDGE('',*,*,#3826,.T.);
#2985=ORIENTED_EDGE('',*,*,#3827,.T.);
#2986=ORIENTED_EDGE('',*,*,#3828,.T.);
#2987=ORIENTED_EDGE('',*,*,#3829,.F.);
#2988=ORIENTED_EDGE('',*,*,#3830,.T.);
#2989=ORIENTED_EDGE('',*,*,#3825,.T.);
#2990=ORIENTED_EDGE('',*,*,#3831,.T.);
#2991=ORIENTED_EDGE('',*,*,#3827,.F.);
#2992=ORIENTED_EDGE('',*,*,#3832,.T.);
#2993=ORIENTED_EDGE('',*,*,#3833,.T.);
#2994=ORIENTED_EDGE('',*,*,#3834,.T.);
#2995=ORIENTED_EDGE('',*,*,#3835,.F.);
#2996=ORIENTED_EDGE('',*,*,#3836,.T.);
#2997=ORIENTED_EDGE('',*,*,#3835,.T.);
#2998=ORIENTED_EDGE('',*,*,#3837,.T.);
#2999=ORIENTED_EDGE('',*,*,#3838,.F.);
#3000=ORIENTED_EDGE('',*,*,#3839,.T.);
#3001=ORIENTED_EDGE('',*,*,#3829,.T.);
#3002=ORIENTED_EDGE('',*,*,#3840,.F.);
#3003=ORIENTED_EDGE('',*,*,#3841,.F.);
#3004=ORIENTED_EDGE('',*,*,#3842,.F.);
#3005=ORIENTED_EDGE('',*,*,#3838,.T.);
#3006=ORIENTED_EDGE('',*,*,#3843,.F.);
#3007=ORIENTED_EDGE('',*,*,#3844,.F.);
#3008=ORIENTED_EDGE('',*,*,#3845,.F.);
#3009=ORIENTED_EDGE('',*,*,#3846,.T.);
#3010=ORIENTED_EDGE('',*,*,#3817,.F.);
#3011=ORIENTED_EDGE('',*,*,#3847,.T.);
#3012=ORIENTED_EDGE('',*,*,#3848,.T.);
#3013=ORIENTED_EDGE('',*,*,#3849,.T.);
#3014=ORIENTED_EDGE('',*,*,#3833,.F.);
#3015=ORIENTED_EDGE('',*,*,#3850,.T.);
#3016=ORIENTED_EDGE('',*,*,#3851,.T.);
#3017=ORIENTED_EDGE('',*,*,#3837,.F.);
#3018=ORIENTED_EDGE('',*,*,#3834,.F.);
#3019=ORIENTED_EDGE('',*,*,#3849,.F.);
#3020=ORIENTED_EDGE('',*,*,#3852,.T.);
#3021=ORIENTED_EDGE('',*,*,#3843,.T.);
#3022=ORIENTED_EDGE('',*,*,#3844,.T.);
#3023=ORIENTED_EDGE('',*,*,#3852,.F.);
#3024=ORIENTED_EDGE('',*,*,#3848,.F.);
#3025=ORIENTED_EDGE('',*,*,#3853,.T.);
#3026=ORIENTED_EDGE('',*,*,#3820,.F.);
#3027=ORIENTED_EDGE('',*,*,#3823,.F.);
#3028=ORIENTED_EDGE('',*,*,#3830,.F.);
#3029=ORIENTED_EDGE('',*,*,#3826,.F.);
#3030=ORIENTED_EDGE('',*,*,#3845,.T.);
#3031=ORIENTED_EDGE('',*,*,#3853,.F.);
#3032=ORIENTED_EDGE('',*,*,#3847,.F.);
#3033=ORIENTED_EDGE('',*,*,#3816,.F.);
#3034=ORIENTED_EDGE('',*,*,#3824,.F.);
#3035=ORIENTED_EDGE('',*,*,#3821,.F.);
#3036=ORIENTED_EDGE('',*,*,#3818,.F.);
#3037=ORIENTED_EDGE('',*,*,#3846,.F.);
#3038=ORIENTED_EDGE('',*,*,#3854,.T.);
#3039=ORIENTED_EDGE('',*,*,#3840,.T.);
#3040=ORIENTED_EDGE('',*,*,#3828,.F.);
#3041=ORIENTED_EDGE('',*,*,#3831,.F.);
#3042=ORIENTED_EDGE('',*,*,#3841,.T.);
#3043=ORIENTED_EDGE('',*,*,#3854,.F.);
#3044=ORIENTED_EDGE('',*,*,#3851,.F.);
#3045=ORIENTED_EDGE('',*,*,#3855,.T.);
#3046=ORIENTED_EDGE('',*,*,#3856,.F.);
#3047=ORIENTED_EDGE('',*,*,#3832,.F.);
#3048=ORIENTED_EDGE('',*,*,#3836,.F.);
#3049=ORIENTED_EDGE('',*,*,#3842,.T.);
#3050=ORIENTED_EDGE('',*,*,#3855,.F.);
#3051=ORIENTED_EDGE('',*,*,#3850,.F.);
#3052=ORIENTED_EDGE('',*,*,#3856,.T.);
#3053=ORIENTED_EDGE('',*,*,#3857,.T.);
#3054=ORIENTED_EDGE('',*,*,#3857,.F.);
#3055=ORIENTED_EDGE('',*,*,#3839,.F.);
#3056=ORIENTED_EDGE('',*,*,#3858,.T.);
#3057=ORIENTED_EDGE('',*,*,#3859,.F.);
#3058=ORIENTED_EDGE('',*,*,#3860,.F.);
#3059=ORIENTED_EDGE('',*,*,#3861,.F.);
#3060=ORIENTED_EDGE('',*,*,#3860,.T.);
#3061=EDGE_CURVE('',#3862,#3863,#4401,.T.);
#3062=EDGE_CURVE('',#3862,#3864,#1292,.T.);
#3063=EDGE_CURVE('',#3864,#3865,#4402,.T.);
#3064=EDGE_CURVE('',#3865,#3866,#4403,.T.);
#3065=EDGE_CURVE('',#3866,#3867,#4404,.T.);
#3066=EDGE_CURVE('',#3867,#3868,#4405,.T.);
#3067=EDGE_CURVE('',#3869,#3868,#1293,.T.);
#3068=EDGE_CURVE('',#3869,#3863,#4406,.T.);
#3069=EDGE_CURVE('',#3866,#3870,#1227,.T.);
#3070=EDGE_CURVE('',#3870,#3871,#1294,.T.);
#3071=EDGE_CURVE('',#3867,#3871,#1228,.T.);
#3072=EDGE_CURVE('',#3869,#3872,#1229,.T.);
#3073=EDGE_CURVE('',#3872,#3873,#1230,.T.);
#3074=EDGE_CURVE('',#3873,#3874,#1231,.T.);
#3075=EDGE_CURVE('',#3874,#3875,#1232,.T.);
#3076=EDGE_CURVE('',#3875,#3876,#1233,.T.);
#3077=EDGE_CURVE('',#3876,#3877,#1234,.T.);
#3078=EDGE_CURVE('',#3877,#3878,#1235,.T.);
#3079=EDGE_CURVE('',#3878,#3879,#1236,.T.);
#3080=EDGE_CURVE('',#3879,#3880,#1237,.T.);
#3081=EDGE_CURVE('',#3880,#3881,#1238,.T.);
#3082=EDGE_CURVE('',#3881,#3882,#1239,.T.);
#3083=EDGE_CURVE('',#3882,#3883,#1240,.T.);
#3084=EDGE_CURVE('',#3883,#3884,#1241,.T.);
#3085=EDGE_CURVE('',#3884,#3885,#1242,.T.);
#3086=EDGE_CURVE('',#3885,#3886,#1243,.T.);
#3087=EDGE_CURVE('',#3886,#3887,#1244,.T.);
#3088=EDGE_CURVE('',#3887,#3888,#1245,.T.);
#3089=EDGE_CURVE('',#3888,#3889,#1246,.T.);
#3090=EDGE_CURVE('',#3889,#3870,#333,.T.);
#3091=EDGE_CURVE('',#3863,#3865,#4407,.T.);
#3092=EDGE_CURVE('',#3890,#3891,#1295,.F.);
#3093=EDGE_CURVE('',#3891,#3892,#1247,.T.);
#3094=EDGE_CURVE('',#3892,#3890,#334,.T.);
#3095=EDGE_CURVE('',#3871,#3892,#335,.T.);
#3096=EDGE_CURVE('',#3891,#3893,#4408,.T.);
#3097=EDGE_CURVE('',#3893,#3894,#1248,.T.);
#3098=EDGE_CURVE('',#3894,#3895,#1249,.T.);
#3099=EDGE_CURVE('',#3895,#3896,#1250,.T.);
#3100=EDGE_CURVE('',#3896,#3897,#1251,.T.);
#3101=EDGE_CURVE('',#3897,#3898,#1252,.T.);
#3102=EDGE_CURVE('',#3898,#3899,#1253,.T.);
#3103=EDGE_CURVE('',#3899,#3900,#1254,.T.);
#3104=EDGE_CURVE('',#3900,#3901,#1255,.T.);
#3105=EDGE_CURVE('',#3901,#3902,#1256,.T.);
#3106=EDGE_CURVE('',#3902,#3903,#1257,.T.);
#3107=EDGE_CURVE('',#3903,#3904,#1258,.T.);
#3108=EDGE_CURVE('',#3904,#3905,#1259,.T.);
#3109=EDGE_CURVE('',#3905,#3906,#1260,.T.);
#3110=EDGE_CURVE('',#3906,#3907,#1261,.T.);
#3111=EDGE_CURVE('',#3907,#3908,#1262,.T.);
#3112=EDGE_CURVE('',#3908,#3909,#1263,.T.);
#3113=EDGE_CURVE('',#3909,#3910,#1264,.T.);
#3114=EDGE_CURVE('',#3910,#3911,#1265,.T.);
#3115=EDGE_CURVE('',#3911,#3868,#1266,.T.);
#3116=EDGE_CURVE('',#3889,#3912,#336,.T.);
#3117=EDGE_CURVE('',#3912,#3890,#337,.T.);
#3118=EDGE_CURVE('',#3913,#3914,#338,.T.);
#3119=EDGE_CURVE('',#3915,#3914,#339,.T.);
#3120=EDGE_CURVE('',#3916,#3915,#90,.T.);
#3121=EDGE_CURVE('',#3913,#3916,#340,.T.);
#3122=EDGE_CURVE('',#3917,#3918,#341,.T.);
#3123=EDGE_CURVE('',#3918,#3914,#4409,.T.);
#3124=EDGE_CURVE('',#3917,#3913,#342,.T.);
#3125=EDGE_CURVE('',#3919,#3920,#343,.T.);
#3126=EDGE_CURVE('',#3918,#3920,#344,.T.);
#3127=EDGE_CURVE('',#3919,#3917,#345,.T.);
#3128=EDGE_CURVE('',#3921,#3922,#4410,.T.);
#3129=EDGE_CURVE('',#3914,#3922,#1296,.T.);
#3130=EDGE_CURVE('',#3921,#3918,#1297,.T.);
#3131=EDGE_CURVE('',#3923,#3924,#346,.T.);
#3132=EDGE_CURVE('',#3924,#3920,#347,.T.);
#3133=EDGE_CURVE('',#3919,#3923,#348,.T.);
#3134=EDGE_CURVE('',#3925,#3926,#349,.T.);
#3135=EDGE_CURVE('',#3925,#3922,#350,.T.);
#3136=EDGE_CURVE('',#3921,#3926,#351,.T.);
#3137=EDGE_CURVE('',#3927,#3928,#352,.T.);
#3138=EDGE_CURVE('',#3923,#3927,#353,.T.);
#3139=EDGE_CURVE('',#3928,#3919,#354,.T.);
#3140=EDGE_CURVE('',#3929,#3930,#355,.T.);
#3141=EDGE_CURVE('',#3926,#3930,#356,.T.);
#3142=EDGE_CURVE('',#3929,#3921,#357,.T.);
#3143=EDGE_CURVE('',#3931,#3932,#91,.T.);
#3144=EDGE_CURVE('',#3922,#3931,#358,.T.);
#3145=EDGE_CURVE('',#3932,#3925,#359,.T.);
#3146=EDGE_CURVE('',#3933,#3934,#360,.T.);
#3147=EDGE_CURVE('',#3934,#3930,#361,.T.);
#3148=EDGE_CURVE('',#3933,#3929,#362,.T.);
#3149=EDGE_CURVE('',#3935,#3934,#363,.T.);
#3150=EDGE_CURVE('',#3936,#3935,#364,.T.);
#3151=EDGE_CURVE('',#3930,#3936,#365,.T.);
#3152=EDGE_CURVE('',#3937,#3938,#366,.T.);
#3153=EDGE_CURVE('',#3939,#3938,#367,.T.);
#3154=EDGE_CURVE('',#3940,#3939,#92,.T.);
#3155=EDGE_CURVE('',#3937,#3940,#368,.T.);
#3156=EDGE_CURVE('',#3941,#3942,#369,.T.);
#3157=EDGE_CURVE('',#3942,#3938,#4411,.T.);
#3158=EDGE_CURVE('',#3941,#3937,#370,.T.);
#3159=EDGE_CURVE('',#3943,#3944,#371,.T.);
#3160=EDGE_CURVE('',#3942,#3944,#372,.T.);
#3161=EDGE_CURVE('',#3943,#3941,#373,.T.);
#3162=EDGE_CURVE('',#3945,#3946,#4412,.T.);
#3163=EDGE_CURVE('',#3938,#3946,#1298,.T.);
#3164=EDGE_CURVE('',#3945,#3942,#1299,.T.);
#3165=EDGE_CURVE('',#3947,#3948,#374,.T.);
#3166=EDGE_CURVE('',#3948,#3944,#4413,.T.);
#3167=EDGE_CURVE('',#3947,#3943,#375,.T.);
#3168=EDGE_CURVE('',#3949,#3950,#376,.T.);
#3169=EDGE_CURVE('',#3949,#3946,#377,.T.);
#3170=EDGE_CURVE('',#3945,#3950,#378,.T.);
#3171=EDGE_CURVE('',#3951,#3952,#93,.T.);
#3172=EDGE_CURVE('',#3948,#3951,#379,.T.);
#3173=EDGE_CURVE('',#3952,#3947,#380,.T.);
#3174=EDGE_CURVE('',#3953,#3954,#381,.T.);
#3175=EDGE_CURVE('',#3950,#3954,#382,.T.);
#3176=EDGE_CURVE('',#3953,#3945,#383,.T.);
#3177=EDGE_CURVE('',#3955,#3956,#94,.T.);
#3178=EDGE_CURVE('',#3946,#3955,#384,.T.);
#3179=EDGE_CURVE('',#3956,#3949,#385,.T.);
#3180=EDGE_CURVE('',#3957,#3958,#386,.T.);
#3181=EDGE_CURVE('',#3954,#3958,#387,.T.);
#3182=EDGE_CURVE('',#3957,#3953,#4414,.T.);
#3183=EDGE_CURVE('',#3959,#3960,#95,.T.);
#3184=EDGE_CURVE('',#3958,#3959,#388,.T.);
#3185=EDGE_CURVE('',#3960,#3957,#389,.T.);
#3186=EDGE_CURVE('',#3961,#3962,#390,.T.);
#3187=EDGE_CURVE('',#3963,#3962,#391,.T.);
#3188=EDGE_CURVE('',#3964,#3963,#96,.T.);
#3189=EDGE_CURVE('',#3961,#3964,#392,.T.);
#3190=EDGE_CURVE('',#3965,#3966,#393,.T.);
#3191=EDGE_CURVE('',#3966,#3962,#4415,.T.);
#3192=EDGE_CURVE('',#3965,#3961,#394,.T.);
#3193=EDGE_CURVE('',#3967,#3968,#395,.T.);
#3194=EDGE_CURVE('',#3966,#3968,#396,.T.);
#3195=EDGE_CURVE('',#3967,#3965,#397,.T.);
#3196=EDGE_CURVE('',#3969,#3970,#4416,.T.);
#3197=EDGE_CURVE('',#3962,#3970,#1300,.T.);
#3198=EDGE_CURVE('',#3969,#3966,#1301,.T.);
#3199=EDGE_CURVE('',#3971,#3972,#398,.T.);
#3200=EDGE_CURVE('',#3972,#3968,#4417,.T.);
#3201=EDGE_CURVE('',#3971,#3967,#399,.T.);
#3202=EDGE_CURVE('',#3973,#3974,#400,.T.);
#3203=EDGE_CURVE('',#3973,#3970,#401,.T.);
#3204=EDGE_CURVE('',#3969,#3974,#402,.T.);
#3205=EDGE_CURVE('',#3975,#3976,#97,.T.);
#3206=EDGE_CURVE('',#3972,#3975,#403,.T.);
#3207=EDGE_CURVE('',#3976,#3971,#404,.T.);
#3208=EDGE_CURVE('',#3977,#3978,#405,.T.);
#3209=EDGE_CURVE('',#3974,#3978,#406,.T.);
#3210=EDGE_CURVE('',#3977,#3969,#407,.T.);
#3211=EDGE_CURVE('',#3979,#3980,#98,.T.);
#3212=EDGE_CURVE('',#3970,#3979,#408,.T.);
#3213=EDGE_CURVE('',#3980,#3973,#409,.T.);
#3214=EDGE_CURVE('',#3981,#3982,#410,.T.);
#3215=EDGE_CURVE('',#3978,#3982,#411,.T.);
#3216=EDGE_CURVE('',#3981,#3977,#4418,.T.);
#3217=EDGE_CURVE('',#3983,#3984,#99,.T.);
#3218=EDGE_CURVE('',#3982,#3983,#412,.T.);
#3219=EDGE_CURVE('',#3984,#3981,#413,.T.);
#3220=EDGE_CURVE('',#3985,#3986,#414,.T.);
#3221=EDGE_CURVE('',#3987,#3986,#415,.T.);
#3222=EDGE_CURVE('',#3988,#3987,#416,.T.);
#3223=EDGE_CURVE('',#3985,#3988,#417,.T.);
#3224=EDGE_CURVE('',#3989,#3990,#418,.T.);
#3225=EDGE_CURVE('',#3990,#3986,#419,.T.);
#3226=EDGE_CURVE('',#3985,#3989,#420,.T.);
#3227=EDGE_CURVE('',#3991,#3992,#421,.T.);
#3228=EDGE_CURVE('',#3989,#3992,#422,.T.);
#3229=EDGE_CURVE('',#3991,#3985,#423,.T.);
#3230=EDGE_CURVE('',#3993,#3994,#424,.T.);
#3231=EDGE_CURVE('',#3990,#3994,#1302,.T.);
#3232=EDGE_CURVE('',#3993,#3989,#1303,.T.);
#3233=EDGE_CURVE('',#3995,#3996,#425,.T.);
#3234=EDGE_CURVE('',#3996,#3992,#4419,.T.);
#3235=EDGE_CURVE('',#3995,#3991,#426,.T.);
#3236=EDGE_CURVE('',#3997,#3998,#427,.T.);
#3237=EDGE_CURVE('',#3998,#3994,#428,.T.);
#3238=EDGE_CURVE('',#3993,#3997,#429,.T.);
#3239=EDGE_CURVE('',#3999,#4000,#100,.T.);
#3240=EDGE_CURVE('',#3996,#3999,#430,.T.);
#3241=EDGE_CURVE('',#4000,#3995,#431,.T.);
#3242=EDGE_CURVE('',#4001,#4002,#432,.T.);
#3243=EDGE_CURVE('',#3997,#4002,#433,.T.);
#3244=EDGE_CURVE('',#4001,#3993,#434,.T.);
#3245=EDGE_CURVE('',#4003,#4004,#435,.T.);
#3246=EDGE_CURVE('',#3998,#4003,#436,.T.);
#3247=EDGE_CURVE('',#4004,#3997,#437,.T.);
#3248=EDGE_CURVE('',#4005,#4006,#438,.T.);
#3249=EDGE_CURVE('',#4002,#4006,#439,.T.);
#3250=EDGE_CURVE('',#4005,#4001,#4420,.T.);
#3251=EDGE_CURVE('',#4007,#4008,#101,.T.);
#3252=EDGE_CURVE('',#4006,#4007,#440,.T.);
#3253=EDGE_CURVE('',#4008,#4005,#441,.T.);
#3254=EDGE_CURVE('',#4009,#4010,#442,.T.);
#3255=EDGE_CURVE('',#4011,#4010,#443,.T.);
#3256=EDGE_CURVE('',#4012,#4011,#444,.T.);
#3257=EDGE_CURVE('',#4009,#4012,#445,.T.);
#3258=EDGE_CURVE('',#4013,#4011,#446,.T.);
#3259=EDGE_CURVE('',#4014,#4013,#447,.T.);
#3260=EDGE_CURVE('',#4012,#4014,#448,.T.);
#3261=EDGE_CURVE('',#4015,#4013,#449,.T.);
#3262=EDGE_CURVE('',#4016,#4015,#450,.T.);
#3263=EDGE_CURVE('',#4014,#4016,#451,.T.);
#3264=EDGE_CURVE('',#4010,#4015,#452,.T.);
#3265=EDGE_CURVE('',#4017,#4009,#453,.T.);
#3266=EDGE_CURVE('',#4017,#4018,#454,.T.);
#3267=EDGE_CURVE('',#4018,#4019,#455,.T.);
#3268=EDGE_CURVE('',#4019,#4020,#456,.T.);
#3269=EDGE_CURVE('',#4016,#4020,#457,.T.);
#3270=EDGE_CURVE('',#4021,#4022,#458,.T.);
#3271=EDGE_CURVE('',#4023,#4022,#459,.T.);
#3272=EDGE_CURVE('',#4024,#4023,#460,.T.);
#3273=EDGE_CURVE('',#4021,#4024,#461,.T.);
#3274=EDGE_CURVE('',#4025,#4023,#462,.T.);
#3275=EDGE_CURVE('',#4026,#4025,#463,.T.);
#3276=EDGE_CURVE('',#4024,#4026,#464,.T.);
#3277=EDGE_CURVE('',#4027,#4025,#465,.T.);
#3278=EDGE_CURVE('',#4028,#4027,#466,.T.);
#3279=EDGE_CURVE('',#4026,#4028,#467,.T.);
#3280=EDGE_CURVE('',#4022,#4027,#468,.T.);
#3281=EDGE_CURVE('',#4029,#4021,#469,.T.);
#3282=EDGE_CURVE('',#4029,#4030,#470,.T.);
#3283=EDGE_CURVE('',#4030,#4031,#471,.T.);
#3284=EDGE_CURVE('',#4031,#4032,#472,.T.);
#3285=EDGE_CURVE('',#4028,#4032,#473,.T.);
#3286=EDGE_CURVE('',#4033,#4034,#474,.T.);
#3287=EDGE_CURVE('',#4035,#4034,#475,.T.);
#3288=EDGE_CURVE('',#4036,#4035,#476,.T.);
#3289=EDGE_CURVE('',#4037,#4036,#477,.T.);
#3290=EDGE_CURVE('',#4037,#4038,#478,.T.);
#3291=EDGE_CURVE('',#4038,#4039,#479,.T.);
#3292=EDGE_CURVE('',#4039,#4040,#480,.T.);
#3293=EDGE_CURVE('',#4033,#4040,#481,.T.);
#3294=EDGE_CURVE('',#4041,#4035,#482,.T.);
#3295=EDGE_CURVE('',#4042,#4041,#483,.T.);
#3296=EDGE_CURVE('',#4036,#4042,#484,.T.);
#3297=EDGE_CURVE('',#4043,#4041,#485,.T.);
#3298=EDGE_CURVE('',#4044,#4043,#486,.T.);
#3299=EDGE_CURVE('',#4042,#4044,#487,.T.);
#3300=EDGE_CURVE('',#4034,#4043,#488,.T.);
#3301=EDGE_CURVE('',#4044,#4033,#489,.T.);
#3302=EDGE_CURVE('',#4045,#4046,#490,.T.);
#3303=EDGE_CURVE('',#4046,#4047,#491,.T.);
#3304=EDGE_CURVE('',#4047,#4048,#492,.T.);
#3305=EDGE_CURVE('',#4045,#4048,#493,.T.);
#3306=EDGE_CURVE('',#4049,#4045,#494,.T.);
#3307=EDGE_CURVE('',#4048,#4050,#495,.T.);
#3308=EDGE_CURVE('',#4049,#4050,#496,.T.);
#3309=EDGE_CURVE('',#4051,#4049,#497,.T.);
#3310=EDGE_CURVE('',#4050,#4052,#498,.T.);
#3311=EDGE_CURVE('',#4051,#4052,#499,.T.);
#3312=EDGE_CURVE('',#4046,#4053,#500,.T.);
#3313=EDGE_CURVE('',#4053,#4054,#501,.T.);
#3314=EDGE_CURVE('',#4054,#4055,#502,.T.);
#3315=EDGE_CURVE('',#4055,#4056,#503,.T.);
#3316=EDGE_CURVE('',#4056,#4051,#504,.T.);
#3317=EDGE_CURVE('',#4052,#4047,#505,.T.);
#3318=EDGE_CURVE('',#4057,#4058,#506,.T.);
#3319=EDGE_CURVE('',#4058,#4059,#507,.T.);
#3320=EDGE_CURVE('',#4059,#4060,#508,.T.);
#3321=EDGE_CURVE('',#4057,#4060,#509,.T.);
#3322=EDGE_CURVE('',#4061,#4057,#510,.T.);
#3323=EDGE_CURVE('',#4060,#4062,#511,.T.);
#3324=EDGE_CURVE('',#4061,#4062,#512,.T.);
#3325=EDGE_CURVE('',#4063,#4061,#513,.T.);
#3326=EDGE_CURVE('',#4062,#4064,#514,.T.);
#3327=EDGE_CURVE('',#4063,#4064,#515,.T.);
#3328=EDGE_CURVE('',#4058,#4065,#516,.T.);
#3329=EDGE_CURVE('',#4065,#4066,#517,.T.);
#3330=EDGE_CURVE('',#4066,#4067,#518,.T.);
#3331=EDGE_CURVE('',#4067,#4068,#519,.T.);
#3332=EDGE_CURVE('',#4068,#4063,#520,.T.);
#3333=EDGE_CURVE('',#4064,#4059,#521,.T.);
#3334=EDGE_CURVE('',#4069,#4070,#522,.T.);
#3335=EDGE_CURVE('',#4070,#4071,#523,.T.);
#3336=EDGE_CURVE('',#4071,#4072,#524,.T.);
#3337=EDGE_CURVE('',#4069,#4072,#525,.T.);
#3338=EDGE_CURVE('',#4073,#4069,#526,.T.);
#3339=EDGE_CURVE('',#4072,#4074,#527,.T.);
#3340=EDGE_CURVE('',#4073,#4074,#528,.T.);
#3341=EDGE_CURVE('',#4075,#4076,#529,.T.);
#3342=EDGE_CURVE('',#4076,#4077,#530,.T.);
#3343=EDGE_CURVE('',#4077,#4078,#531,.T.);
#3344=EDGE_CURVE('',#4078,#4079,#532,.T.);
#3345=EDGE_CURVE('',#4079,#4073,#533,.T.);
#3346=EDGE_CURVE('',#4074,#4080,#534,.T.);
#3347=EDGE_CURVE('',#4075,#4080,#535,.T.);
#3348=EDGE_CURVE('',#4070,#4075,#536,.T.);
#3349=EDGE_CURVE('',#4080,#4071,#537,.T.);
#3350=EDGE_CURVE('',#4055,#4081,#538,.T.);
#3351=EDGE_CURVE('',#4054,#4082,#539,.T.);
#3352=EDGE_CURVE('',#4082,#4081,#540,.T.);
#3353=EDGE_CURVE('',#4083,#4053,#541,.T.);
#3354=EDGE_CURVE('',#4083,#4082,#542,.T.);
#3355=EDGE_CURVE('',#4056,#4084,#543,.T.);
#3356=EDGE_CURVE('',#4081,#4084,#544,.T.);
#3357=EDGE_CURVE('',#4067,#4085,#545,.T.);
#3358=EDGE_CURVE('',#4066,#4086,#546,.T.);
#3359=EDGE_CURVE('',#4086,#4085,#547,.T.);
#3360=EDGE_CURVE('',#4068,#4087,#548,.T.);
#3361=EDGE_CURVE('',#4085,#4087,#549,.T.);
#3362=EDGE_CURVE('',#4088,#4065,#550,.T.);
#3363=EDGE_CURVE('',#4088,#4086,#551,.T.);
#3364=EDGE_CURVE('',#4078,#4089,#552,.T.);
#3365=EDGE_CURVE('',#4077,#4090,#553,.T.);
#3366=EDGE_CURVE('',#4090,#4089,#554,.T.);
#3367=EDGE_CURVE('',#4079,#4091,#555,.T.);
#3368=EDGE_CURVE('',#4089,#4091,#556,.T.);
#3369=EDGE_CURVE('',#4092,#4076,#557,.T.);
#3370=EDGE_CURVE('',#4092,#4090,#558,.T.);
#3371=EDGE_CURVE('',#3920,#3929,#1304,.T.);
#3372=EDGE_CURVE('',#3944,#3953,#1305,.T.);
#3373=EDGE_CURVE('',#3992,#4001,#1306,.T.);
#3374=EDGE_CURVE('',#3968,#3977,#1307,.T.);
#3375=EDGE_CURVE('',#3979,#3963,#1308,.T.);
#3376=EDGE_CURVE('',#4005,#3996,#1309,.T.);
#3377=EDGE_CURVE('',#3999,#4008,#1310,.T.);
#3378=EDGE_CURVE('',#3957,#3948,#1311,.T.);
#3379=EDGE_CURVE('',#3951,#3960,#1312,.T.);
#3380=EDGE_CURVE('',#3931,#3915,#1313,.T.);
#3381=EDGE_CURVE('',#3955,#3939,#1314,.T.);
#3382=EDGE_CURVE('',#3936,#4004,#559,.T.);
#3383=EDGE_CURVE('',#4007,#3980,#560,.T.);
#3384=EDGE_CURVE('',#3983,#3956,#561,.T.);
#3385=EDGE_CURVE('',#3959,#3932,#562,.T.);
#3386=EDGE_CURVE('',#3981,#3972,#1315,.T.);
#3387=EDGE_CURVE('',#3975,#3984,#1316,.T.);
#3388=EDGE_CURVE('',#4093,#4093,#1317,.T.);
#3389=EDGE_CURVE('',#4094,#4094,#1318,.T.);
#3390=EDGE_CURVE('',#4095,#4003,#563,.T.);
#3391=EDGE_CURVE('',#3935,#4096,#564,.T.);
#3392=EDGE_CURVE('',#4096,#4084,#565,.T.);
#3393=EDGE_CURVE('',#4083,#4091,#566,.T.);
#3394=EDGE_CURVE('',#4092,#4087,#567,.T.);
#3395=EDGE_CURVE('',#4088,#4095,#568,.T.);
#3396=EDGE_CURVE('',#3927,#4097,#569,.T.);
#3397=EDGE_CURVE('',#4096,#4097,#570,.T.);
#3398=EDGE_CURVE('',#3933,#3924,#1319,.T.);
#3399=EDGE_CURVE('',#4098,#4098,#1320,.T.);
#3400=EDGE_CURVE('',#4099,#4099,#1321,.T.);
#3401=EDGE_CURVE('',#4100,#4100,#1322,.T.);
#3402=EDGE_CURVE('',#4101,#4101,#1323,.T.);
#3403=EDGE_CURVE('',#4102,#3987,#571,.T.);
#3404=EDGE_CURVE('',#4095,#4102,#572,.T.);
#3405=EDGE_CURVE('',#3988,#3928,#573,.T.);
#3406=EDGE_CURVE('',#4103,#4102,#574,.T.);
#3407=EDGE_CURVE('',#4104,#4103,#575,.T.);
#3408=EDGE_CURVE('',#4104,#4105,#576,.T.);
#3409=EDGE_CURVE('',#4105,#4106,#577,.T.);
#3410=EDGE_CURVE('',#4107,#4106,#578,.T.);
#3411=EDGE_CURVE('',#4108,#4107,#579,.T.);
#3412=EDGE_CURVE('',#4108,#4109,#580,.T.);
#3413=EDGE_CURVE('',#4109,#4110,#581,.T.);
#3414=EDGE_CURVE('',#4111,#4110,#582,.T.);
#3415=EDGE_CURVE('',#4112,#4111,#583,.T.);
#3416=EDGE_CURVE('',#4112,#4113,#584,.T.);
#3417=EDGE_CURVE('',#4113,#4114,#585,.T.);
#3418=EDGE_CURVE('',#4097,#4114,#586,.T.);
#3419=EDGE_CURVE('',#4039,#4108,#587,.T.);
#3420=EDGE_CURVE('',#4038,#4109,#588,.T.);
#3421=EDGE_CURVE('',#4037,#4110,#589,.T.);
#3422=EDGE_CURVE('',#4107,#4040,#590,.T.);
#3423=EDGE_CURVE('',#4031,#4104,#591,.T.);
#3424=EDGE_CURVE('',#4030,#4105,#592,.T.);
#3425=EDGE_CURVE('',#4029,#4106,#593,.T.);
#3426=EDGE_CURVE('',#4103,#4032,#594,.T.);
#3427=EDGE_CURVE('',#4019,#4112,#595,.T.);
#3428=EDGE_CURVE('',#4018,#4113,#596,.T.);
#3429=EDGE_CURVE('',#4017,#4114,#597,.T.);
#3430=EDGE_CURVE('',#4111,#4020,#598,.T.);
#3431=EDGE_CURVE('',#3916,#3952,#599,.T.);
#3432=EDGE_CURVE('',#3940,#3976,#600,.T.);
#3433=EDGE_CURVE('',#3964,#4000,#601,.T.);
#3434=EDGE_CURVE('',#4115,#4115,#1324,.T.);
#3435=EDGE_CURVE('',#3864,#3862,#1325,.T.);
#3436=EDGE_CURVE('',#3893,#3912,#1326,.T.);
#3437=EDGE_CURVE('',#4116,#4116,#1327,.T.);
#3438=EDGE_CURVE('',#4117,#4117,#1328,.T.);
#3439=EDGE_CURVE('',#4118,#4118,#1329,.T.);
#3440=EDGE_CURVE('',#4119,#4119,#1330,.T.);
#3441=EDGE_CURVE('',#4120,#4120,#1331,.T.);
#3442=EDGE_CURVE('',#4121,#4122,#4421,.T.);
#3443=EDGE_CURVE('',#4122,#4123,#1267,.T.);
#3444=EDGE_CURVE('',#4123,#4124,#4422,.T.);
#3445=EDGE_CURVE('',#4125,#4124,#1332,.T.);
#3446=EDGE_CURVE('',#4126,#4125,#1268,.T.);
#3447=EDGE_CURVE('',#4127,#4126,#1269,.T.);
#3448=EDGE_CURVE('',#4128,#4127,#1270,.T.);
#3449=EDGE_CURVE('',#4129,#4128,#1271,.T.);
#3450=EDGE_CURVE('',#4130,#4129,#1272,.T.);
#3451=EDGE_CURVE('',#4131,#4130,#1273,.T.);
#3452=EDGE_CURVE('',#4132,#4131,#1274,.T.);
#3453=EDGE_CURVE('',#4133,#4132,#1275,.T.);
#3454=EDGE_CURVE('',#4134,#4133,#1276,.T.);
#3455=EDGE_CURVE('',#4135,#4134,#1277,.T.);
#3456=EDGE_CURVE('',#4136,#4135,#1278,.T.);
#3457=EDGE_CURVE('',#4121,#4136,#1333,.T.);
#3458=EDGE_CURVE('',#4137,#4138,#4423,.T.);
#3459=EDGE_CURVE('',#4139,#4138,#1279,.T.);
#3460=EDGE_CURVE('',#4140,#4139,#1280,.T.);
#3461=EDGE_CURVE('',#4141,#4140,#1281,.T.);
#3462=EDGE_CURVE('',#4142,#4141,#1282,.T.);
#3463=EDGE_CURVE('',#4143,#4142,#1283,.T.);
#3464=EDGE_CURVE('',#4144,#4143,#1284,.T.);
#3465=EDGE_CURVE('',#4145,#4144,#1285,.T.);
#3466=EDGE_CURVE('',#4146,#4145,#1286,.T.);
#3467=EDGE_CURVE('',#4147,#4146,#1287,.T.);
#3468=EDGE_CURVE('',#4148,#4147,#1288,.T.);
#3469=EDGE_CURVE('',#4149,#4148,#1289,.T.);
#3470=EDGE_CURVE('',#4150,#4149,#1290,.T.);
#3471=EDGE_CURVE('',#4150,#4151,#4424,.T.);
#3472=EDGE_CURVE('',#4137,#4151,#1291,.T.);
#3473=EDGE_CURVE('',#4122,#4137,#4425,.T.);
#3474=EDGE_CURVE('',#4151,#4123,#4426,.T.);
#3475=EDGE_CURVE('',#4152,#4153,#1334,.T.);
#3476=EDGE_CURVE('',#4154,#4153,#4427,.T.);
#3477=EDGE_CURVE('',#4154,#4155,#1335,.T.);
#3478=EDGE_CURVE('',#4152,#4155,#4428,.T.);
#3479=EDGE_CURVE('',#4156,#4157,#1336,.T.);
#3480=EDGE_CURVE('',#4157,#4155,#4429,.F.);
#3481=EDGE_CURVE('',#4156,#4154,#4430,.T.);
#3482=EDGE_CURVE('',#4158,#4159,#1337,.T.);
#3483=EDGE_CURVE('',#4153,#4159,#602,.T.);
#3484=EDGE_CURVE('',#4158,#4152,#603,.T.);
#3485=EDGE_CURVE('',#4160,#4161,#1338,.T.);
#3486=EDGE_CURVE('',#4157,#4161,#4431,.T.);
#3487=EDGE_CURVE('',#4160,#4156,#4432,.T.);
#3488=EDGE_CURVE('',#4162,#4163,#1339,.T.);
#3489=EDGE_CURVE('',#4155,#4163,#604,.T.);
#3490=EDGE_CURVE('',#4162,#4157,#605,.T.);
#3491=EDGE_CURVE('',#4164,#4165,#1340,.T.);
#3492=EDGE_CURVE('',#4159,#4165,#4433,.T.);
#3493=EDGE_CURVE('',#4164,#4158,#4434,.T.);
#3494=EDGE_CURVE('',#4166,#4167,#1341,.T.);
#3495=EDGE_CURVE('',#4161,#4167,#606,.T.);
#3496=EDGE_CURVE('',#4166,#4160,#607,.T.);
#3497=EDGE_CURVE('',#4162,#4168,#1342,.T.);
#3498=EDGE_CURVE('',#4168,#4163,#1343,.T.);
#3499=EDGE_CURVE('',#4169,#4170,#1344,.T.);
#3500=EDGE_CURVE('',#4165,#4170,#4435,.T.);
#3501=EDGE_CURVE('',#4164,#4169,#4436,.F.);
#3502=EDGE_CURVE('',#4171,#4172,#1345,.T.);
#3503=EDGE_CURVE('',#4167,#4172,#4437,.T.);
#3504=EDGE_CURVE('',#4171,#4166,#4438,.T.);
#3505=EDGE_CURVE('',#4173,#4174,#1346,.T.);
#3506=EDGE_CURVE('',#4168,#4174,#1347,.T.);
#3507=EDGE_CURVE('',#4173,#4162,#1348,.T.);
#3508=EDGE_CURVE('',#4175,#4176,#1349,.T.);
#3509=EDGE_CURVE('',#4163,#4176,#1350,.T.);
#3510=EDGE_CURVE('',#4175,#4168,#1351,.T.);
#3511=EDGE_CURVE('',#4176,#4177,#1352,.T.);
#3512=EDGE_CURVE('',#4169,#4177,#608,.T.);
#3513=EDGE_CURVE('',#4176,#4164,#609,.T.);
#3514=EDGE_CURVE('',#4178,#4179,#1353,.T.);
#3515=EDGE_CURVE('',#4170,#4179,#4439,.T.);
#3516=EDGE_CURVE('',#4178,#4169,#4440,.T.);
#3517=EDGE_CURVE('',#4180,#4181,#1354,.T.);
#3518=EDGE_CURVE('',#4181,#4172,#4441,.F.);
#3519=EDGE_CURVE('',#4180,#4171,#4442,.T.);
#3520=EDGE_CURVE('',#4173,#4182,#1355,.T.);
#3521=EDGE_CURVE('',#4182,#4174,#1356,.T.);
#3522=EDGE_CURVE('',#4175,#4177,#1357,.T.);
#3523=EDGE_CURVE('',#4183,#4184,#1358,.T.);
#3524=EDGE_CURVE('',#4179,#4184,#610,.T.);
#3525=EDGE_CURVE('',#4183,#4178,#611,.T.);
#3526=EDGE_CURVE('',#4185,#4186,#1359,.T.);
#3527=EDGE_CURVE('',#4181,#4186,#4443,.T.);
#3528=EDGE_CURVE('',#4185,#4180,#4444,.T.);
#3529=EDGE_CURVE('',#4182,#4181,#612,.T.);
#3530=EDGE_CURVE('',#4172,#4173,#613,.T.);
#3531=EDGE_CURVE('',#4187,#4188,#1360,.T.);
#3532=EDGE_CURVE('',#4174,#4188,#1361,.T.);
#3533=EDGE_CURVE('',#4187,#4182,#1362,.T.);
#3534=EDGE_CURVE('',#4189,#4190,#1363,.T.);
#3535=EDGE_CURVE('',#4177,#4190,#1364,.T.);
#3536=EDGE_CURVE('',#4189,#4175,#1365,.T.);
#3537=EDGE_CURVE('',#4191,#4192,#1366,.T.);
#3538=EDGE_CURVE('',#4184,#4192,#4445,.T.);
#3539=EDGE_CURVE('',#4191,#4183,#4446,.T.);
#3540=EDGE_CURVE('',#4193,#4194,#1367,.T.);
#3541=EDGE_CURVE('',#4186,#4194,#614,.T.);
#3542=EDGE_CURVE('',#4193,#4185,#615,.T.);
#3543=EDGE_CURVE('',#4187,#4195,#1368,.T.);
#3544=EDGE_CURVE('',#4195,#4188,#1369,.T.);
#3545=EDGE_CURVE('',#4189,#4196,#1370,.T.);
#3546=EDGE_CURVE('',#4196,#4190,#1371,.T.);
#3547=EDGE_CURVE('',#4197,#4198,#1372,.T.);
#3548=EDGE_CURVE('',#4192,#4198,#4447,.T.);
#3549=EDGE_CURVE('',#4191,#4197,#4448,.F.);
#3550=EDGE_CURVE('',#4199,#4200,#1373,.T.);
#3551=EDGE_CURVE('',#4194,#4200,#4449,.T.);
#3552=EDGE_CURVE('',#4199,#4193,#4450,.T.);
#3553=EDGE_CURVE('',#4200,#4201,#4451,.T.);
#3554=EDGE_CURVE('',#4195,#4201,#616,.T.);
#3555=EDGE_CURVE('',#4200,#4187,#617,.T.);
#3556=EDGE_CURVE('',#4202,#4203,#1374,.T.);
#3557=EDGE_CURVE('',#4188,#4203,#1375,.T.);
#3558=EDGE_CURVE('',#4202,#4195,#1376,.T.);
#3559=EDGE_CURVE('',#4203,#4204,#1377,.T.);
#3560=EDGE_CURVE('',#4196,#4204,#1378,.T.);
#3561=EDGE_CURVE('',#4203,#4189,#1379,.T.);
#3562=EDGE_CURVE('',#4197,#4196,#618,.T.);
#3563=EDGE_CURVE('',#4190,#4191,#619,.T.);
#3564=EDGE_CURVE('',#4205,#4206,#1380,.T.);
#3565=EDGE_CURVE('',#4198,#4206,#4452,.T.);
#3566=EDGE_CURVE('',#4205,#4197,#4453,.T.);
#3567=EDGE_CURVE('',#4207,#4199,#4454,.T.);
#3568=EDGE_CURVE('',#4207,#4201,#1381,.T.);
#3569=EDGE_CURVE('',#4202,#4204,#1382,.T.);
#3570=EDGE_CURVE('',#4208,#4209,#1383,.T.);
#3571=EDGE_CURVE('',#4206,#4209,#620,.T.);
#3572=EDGE_CURVE('',#4208,#4205,#621,.T.);
#3573=EDGE_CURVE('',#4210,#4211,#1384,.T.);
#3574=EDGE_CURVE('',#4201,#4211,#4455,.T.);
#3575=EDGE_CURVE('',#4210,#4207,#4456,.T.);
#3576=EDGE_CURVE('',#4212,#4213,#4457,.T.);
#3577=EDGE_CURVE('',#4204,#4213,#622,.T.);
#3578=EDGE_CURVE('',#4212,#4202,#623,.T.);
#3579=EDGE_CURVE('',#4213,#4214,#1385,.T.);
#3580=EDGE_CURVE('',#4209,#4214,#4458,.T.);
#3581=EDGE_CURVE('',#4213,#4208,#4459,.T.);
#3582=EDGE_CURVE('',#4215,#4216,#1386,.T.);
#3583=EDGE_CURVE('',#4211,#4216,#624,.T.);
#3584=EDGE_CURVE('',#4215,#4210,#625,.T.);
#3585=EDGE_CURVE('',#4212,#4217,#1387,.T.);
#3586=EDGE_CURVE('',#4214,#4217,#4460,.T.);
#3587=EDGE_CURVE('',#4217,#4215,#4461,.T.);
#3588=EDGE_CURVE('',#4216,#4212,#4462,.T.);
#3589=EDGE_CURVE('',#4218,#4218,#1388,.T.);
#3590=EDGE_CURVE('',#4150,#4124,#1389,.T.);
#3591=EDGE_CURVE('',#4159,#4153,#1390,.T.);
#3592=EDGE_CURVE('',#4219,#4219,#1391,.T.);
#3593=EDGE_CURVE('',#4138,#4121,#1392,.T.);
#3594=EDGE_CURVE('',#4184,#4179,#1393,.T.);
#3595=EDGE_CURVE('',#4209,#4206,#1394,.T.);
#3596=EDGE_CURVE('',#4210,#4215,#1395,.T.);
#3597=EDGE_CURVE('',#4185,#4193,#1396,.T.);
#3598=EDGE_CURVE('',#4160,#4166,#1397,.T.);
#3599=EDGE_CURVE('',#4220,#4220,#1398,.T.);
#3600=EDGE_CURVE('',#4221,#4222,#1399,.T.);
#3601=EDGE_CURVE('',#4223,#4222,#626,.T.);
#3602=EDGE_CURVE('',#4223,#4224,#1400,.T.);
#3603=EDGE_CURVE('',#4224,#4221,#627,.T.);
#3604=EDGE_CURVE('',#4225,#4226,#628,.T.);
#3605=EDGE_CURVE('',#4226,#4227,#629,.T.);
#3606=EDGE_CURVE('',#4227,#4228,#630,.T.);
#3607=EDGE_CURVE('',#4225,#4228,#631,.T.);
#3608=EDGE_CURVE('',#4229,#4225,#632,.T.);
#3609=EDGE_CURVE('',#4228,#4230,#633,.T.);
#3610=EDGE_CURVE('',#4229,#4230,#634,.T.);
#3611=EDGE_CURVE('',#4226,#4231,#1401,.T.);
#3612=EDGE_CURVE('',#4231,#4232,#4463,.F.);
#3613=EDGE_CURVE('',#4232,#4227,#1402,.T.);
#3614=EDGE_CURVE('',#4233,#4234,#1403,.T.);
#3615=EDGE_CURVE('',#4234,#4235,#635,.T.);
#3616=EDGE_CURVE('',#4235,#4236,#1404,.T.);
#3617=EDGE_CURVE('',#4236,#4233,#4464,.F.);
#3618=EDGE_CURVE('',#4234,#4237,#636,.T.);
#3619=EDGE_CURVE('',#4237,#4238,#637,.T.);
#3620=EDGE_CURVE('',#4238,#4235,#638,.T.);
#3621=EDGE_CURVE('',#4237,#4239,#639,.T.);
#3622=EDGE_CURVE('',#4239,#4240,#640,.T.);
#3623=EDGE_CURVE('',#4240,#4238,#641,.T.);
#3624=EDGE_CURVE('',#4241,#4241,#1405,.T.);
#3625=EDGE_CURVE('',#4232,#4236,#642,.T.);
#3626=EDGE_CURVE('',#4240,#4242,#643,.T.);
#3627=EDGE_CURVE('',#4243,#4242,#4465,.F.);
#3628=EDGE_CURVE('',#4230,#4243,#644,.T.);
#3629=EDGE_CURVE('',#4231,#4233,#645,.T.);
#3630=EDGE_CURVE('',#4244,#4229,#646,.T.);
#3631=EDGE_CURVE('',#4244,#4245,#4466,.T.);
#3632=EDGE_CURVE('',#4245,#4239,#647,.T.);
#3633=EDGE_CURVE('',#4246,#4245,#1406,.T.);
#3634=EDGE_CURVE('',#4247,#4244,#1407,.T.);
#3635=EDGE_CURVE('',#4247,#4246,#4467,.T.);
#3636=EDGE_CURVE('',#4248,#4249,#4468,.T.);
#3637=EDGE_CURVE('',#4250,#4249,#648,.T.);
#3638=EDGE_CURVE('',#4251,#4250,#4469,.T.);
#3639=EDGE_CURVE('',#4251,#4248,#649,.T.);
#3640=EDGE_CURVE('',#4252,#4248,#650,.T.);
#3641=EDGE_CURVE('',#4253,#4251,#651,.T.);
#3642=EDGE_CURVE('',#4253,#4252,#4470,.T.);
#3643=EDGE_CURVE('',#4254,#4255,#652,.T.);
#3644=EDGE_CURVE('',#4256,#4255,#653,.T.);
#3645=EDGE_CURVE('',#4257,#4256,#654,.T.);
#3646=EDGE_CURVE('',#4257,#4254,#655,.T.);
#3647=EDGE_CURVE('',#4258,#4254,#1408,.T.);
#3648=EDGE_CURVE('',#4259,#4257,#1409,.T.);
#3649=EDGE_CURVE('',#4259,#4258,#656,.T.);
#3650=EDGE_CURVE('',#4260,#4223,#657,.T.);
#3651=EDGE_CURVE('',#4260,#4261,#658,.T.);
#3652=EDGE_CURVE('',#4261,#4224,#659,.T.);
#3653=EDGE_CURVE('',#4262,#4261,#1410,.F.);
#3654=EDGE_CURVE('',#4263,#4260,#1411,.F.);
#3655=EDGE_CURVE('',#4263,#4262,#660,.T.);
#3656=EDGE_CURVE('',#4264,#4262,#661,.T.);
#3657=EDGE_CURVE('',#4265,#4263,#662,.T.);
#3658=EDGE_CURVE('',#4265,#4264,#663,.T.);
#3659=EDGE_CURVE('',#4266,#4267,#664,.T.);
#3660=EDGE_CURVE('',#4268,#4267,#4471,.F.);
#3661=EDGE_CURVE('',#4269,#4268,#665,.T.);
#3662=EDGE_CURVE('',#4269,#4266,#666,.T.);
#3663=EDGE_CURVE('',#4270,#4266,#4472,.T.);
#3664=EDGE_CURVE('',#4271,#4269,#4473,.T.);
#3665=EDGE_CURVE('',#4271,#4270,#667,.T.);
#3666=EDGE_CURVE('',#4242,#4272,#1412,.T.);
#3667=EDGE_CURVE('',#4273,#4272,#4474,.F.);
#3668=EDGE_CURVE('',#4243,#4273,#1413,.T.);
#3669=EDGE_CURVE('',#4274,#4274,#1414,.T.);
#3670=EDGE_CURVE('',#4222,#4259,#668,.T.);
#3671=EDGE_CURVE('',#4221,#4258,#669,.T.);
#3672=EDGE_CURVE('',#4267,#4264,#1415,.T.);
#3673=EDGE_CURVE('',#4272,#4270,#1416,.T.);
#3674=EDGE_CURVE('',#4249,#4246,#1417,.T.);
#3675=EDGE_CURVE('',#4255,#4252,#1418,.F.);
#3676=EDGE_CURVE('',#4256,#4253,#1419,.F.);
#3677=EDGE_CURVE('',#4250,#4247,#1420,.T.);
#3678=EDGE_CURVE('',#4273,#4271,#1421,.T.);
#3679=EDGE_CURVE('',#4268,#4265,#1422,.T.);
#3680=EDGE_CURVE('',#4275,#4275,#1423,.T.);
#3681=EDGE_CURVE('',#4276,#4277,#4475,.T.);
#3682=EDGE_CURVE('',#4278,#4277,#4476,.T.);
#3683=EDGE_CURVE('',#4276,#4278,#4477,.T.);
#3684=EDGE_CURVE('',#4278,#4276,#670,.T.);
#3685=EDGE_CURVE('',#4279,#4280,#671,.T.);
#3686=EDGE_CURVE('',#4280,#4281,#672,.T.);
#3687=EDGE_CURVE('',#4281,#4282,#673,.T.);
#3688=EDGE_CURVE('',#4279,#4282,#674,.T.);
#3689=EDGE_CURVE('',#4283,#4279,#675,.T.);
#3690=EDGE_CURVE('',#4282,#4284,#676,.T.);
#3691=EDGE_CURVE('',#4283,#4284,#677,.T.);
#3692=EDGE_CURVE('',#4285,#4283,#1424,.T.);
#3693=EDGE_CURVE('',#4284,#4286,#1425,.T.);
#3694=EDGE_CURVE('',#4285,#4286,#678,.T.);
#3695=EDGE_CURVE('',#4287,#4288,#679,.T.);
#3696=EDGE_CURVE('',#4288,#4289,#680,.T.);
#3697=EDGE_CURVE('',#4289,#4290,#681,.T.);
#3698=EDGE_CURVE('',#4287,#4290,#682,.T.);
#3699=EDGE_CURVE('',#4288,#4285,#683,.T.);
#3700=EDGE_CURVE('',#4286,#4289,#684,.T.);
#3701=EDGE_CURVE('',#4291,#4292,#685,.T.);
#3702=EDGE_CURVE('',#4292,#4293,#686,.T.);
#3703=EDGE_CURVE('',#4293,#4294,#687,.T.);
#3704=EDGE_CURVE('',#4291,#4294,#688,.T.);
#3705=EDGE_CURVE('',#4295,#4291,#1426,.T.);
#3706=EDGE_CURVE('',#4294,#4296,#1427,.T.);
#3707=EDGE_CURVE('',#4295,#4296,#689,.T.);
#3708=EDGE_CURVE('',#4297,#4297,#1428,.T.);
#3709=EDGE_CURVE('',#4298,#4290,#690,.T.);
#3710=EDGE_CURVE('',#4299,#4298,#1429,.T.);
#3711=EDGE_CURVE('',#4295,#4299,#691,.T.);
#3712=EDGE_CURVE('',#4300,#4296,#692,.T.);
#3713=EDGE_CURVE('',#4301,#4300,#1430,.T.);
#3714=EDGE_CURVE('',#4287,#4301,#693,.T.);
#3715=EDGE_CURVE('',#4302,#4281,#694,.T.);
#3716=EDGE_CURVE('',#4280,#4303,#695,.T.);
#3717=EDGE_CURVE('',#4303,#4304,#1431,.T.);
#3718=EDGE_CURVE('',#4304,#4293,#696,.T.);
#3719=EDGE_CURVE('',#4292,#4305,#697,.T.);
#3720=EDGE_CURVE('',#4305,#4302,#1432,.T.);
#3721=EDGE_CURVE('',#4304,#4300,#698,.T.);
#3722=EDGE_CURVE('',#4303,#4301,#699,.T.);
#3723=EDGE_CURVE('',#4302,#4298,#700,.T.);
#3724=EDGE_CURVE('',#4305,#4299,#701,.T.);
#3725=EDGE_CURVE('',#4306,#4306,#1433,.T.);
#3726=EDGE_CURVE('',#4307,#4307,#1434,.T.);
#3727=EDGE_CURVE('',#4308,#4309,#4478,.T.);
#3728=EDGE_CURVE('',#4310,#4309,#4479,.T.);
#3729=EDGE_CURVE('',#4308,#4310,#4480,.T.);
#3730=EDGE_CURVE('',#4308,#4310,#702,.T.);
#3731=EDGE_CURVE('',#4311,#4312,#1435,.T.);
#3732=EDGE_CURVE('',#4313,#4312,#703,.T.);
#3733=EDGE_CURVE('',#4313,#4314,#1436,.T.);
#3734=EDGE_CURVE('',#4314,#4311,#704,.T.);
#3735=EDGE_CURVE('',#4315,#4316,#705,.T.);
#3736=EDGE_CURVE('',#4316,#4317,#706,.T.);
#3737=EDGE_CURVE('',#4317,#4318,#707,.T.);
#3738=EDGE_CURVE('',#4315,#4318,#708,.T.);
#3739=EDGE_CURVE('',#4319,#4315,#709,.T.);
#3740=EDGE_CURVE('',#4318,#4320,#710,.T.);
#3741=EDGE_CURVE('',#4319,#4320,#711,.T.);
#3742=EDGE_CURVE('',#4316,#4321,#1437,.T.);
#3743=EDGE_CURVE('',#4321,#4322,#4481,.F.);
#3744=EDGE_CURVE('',#4322,#4317,#1438,.T.);
#3745=EDGE_CURVE('',#4323,#4324,#1439,.T.);
#3746=EDGE_CURVE('',#4324,#4325,#712,.T.);
#3747=EDGE_CURVE('',#4325,#4326,#1440,.T.);
#3748=EDGE_CURVE('',#4326,#4323,#4482,.F.);
#3749=EDGE_CURVE('',#4324,#4327,#713,.T.);
#3750=EDGE_CURVE('',#4327,#4328,#714,.T.);
#3751=EDGE_CURVE('',#4328,#4325,#715,.T.);
#3752=EDGE_CURVE('',#4327,#4329,#716,.T.);
#3753=EDGE_CURVE('',#4329,#4330,#717,.T.);
#3754=EDGE_CURVE('',#4330,#4328,#718,.T.);
#3755=EDGE_CURVE('',#4331,#4331,#1441,.T.);
#3756=EDGE_CURVE('',#4322,#4326,#719,.T.);
#3757=EDGE_CURVE('',#4330,#4332,#720,.T.);
#3758=EDGE_CURVE('',#4333,#4332,#4483,.F.);
#3759=EDGE_CURVE('',#4320,#4333,#721,.T.);
#3760=EDGE_CURVE('',#4321,#4323,#722,.T.);
#3761=EDGE_CURVE('',#4334,#4319,#723,.T.);
#3762=EDGE_CURVE('',#4334,#4335,#4484,.T.);
#3763=EDGE_CURVE('',#4335,#4329,#724,.T.);
#3764=EDGE_CURVE('',#4336,#4335,#1442,.T.);
#3765=EDGE_CURVE('',#4337,#4334,#1443,.T.);
#3766=EDGE_CURVE('',#4337,#4336,#4485,.T.);
#3767=EDGE_CURVE('',#4338,#4339,#4486,.T.);
#3768=EDGE_CURVE('',#4340,#4339,#725,.T.);
#3769=EDGE_CURVE('',#4341,#4340,#4487,.T.);
#3770=EDGE_CURVE('',#4341,#4338,#726,.T.);
#3771=EDGE_CURVE('',#4342,#4338,#727,.T.);
#3772=EDGE_CURVE('',#4343,#4341,#728,.T.);
#3773=EDGE_CURVE('',#4343,#4342,#4488,.T.);
#3774=EDGE_CURVE('',#4344,#4345,#729,.T.);
#3775=EDGE_CURVE('',#4346,#4345,#730,.T.);
#3776=EDGE_CURVE('',#4347,#4346,#731,.T.);
#3777=EDGE_CURVE('',#4347,#4344,#732,.T.);
#3778=EDGE_CURVE('',#4348,#4344,#1444,.T.);
#3779=EDGE_CURVE('',#4349,#4347,#1445,.T.);
#3780=EDGE_CURVE('',#4349,#4348,#733,.T.);
#3781=EDGE_CURVE('',#4350,#4313,#734,.T.);
#3782=EDGE_CURVE('',#4350,#4351,#735,.T.);
#3783=EDGE_CURVE('',#4351,#4314,#736,.T.);
#3784=EDGE_CURVE('',#4352,#4351,#1446,.F.);
#3785=EDGE_CURVE('',#4353,#4350,#1447,.F.);
#3786=EDGE_CURVE('',#4353,#4352,#737,.T.);
#3787=EDGE_CURVE('',#4354,#4352,#738,.T.);
#3788=EDGE_CURVE('',#4355,#4353,#739,.T.);
#3789=EDGE_CURVE('',#4355,#4354,#740,.T.);
#3790=EDGE_CURVE('',#4356,#4357,#741,.T.);
#3791=EDGE_CURVE('',#4358,#4357,#4489,.F.);
#3792=EDGE_CURVE('',#4359,#4358,#742,.T.);
#3793=EDGE_CURVE('',#4359,#4356,#743,.T.);
#3794=EDGE_CURVE('',#4360,#4356,#4490,.T.);
#3795=EDGE_CURVE('',#4361,#4359,#4491,.T.);
#3796=EDGE_CURVE('',#4361,#4360,#744,.T.);
#3797=EDGE_CURVE('',#4332,#4362,#1448,.T.);
#3798=EDGE_CURVE('',#4363,#4362,#4492,.F.);
#3799=EDGE_CURVE('',#4333,#4363,#1449,.T.);
#3800=EDGE_CURVE('',#4364,#4364,#1450,.T.);
#3801=EDGE_CURVE('',#4312,#4349,#745,.T.);
#3802=EDGE_CURVE('',#4311,#4348,#746,.T.);
#3803=EDGE_CURVE('',#4357,#4354,#1451,.T.);
#3804=EDGE_CURVE('',#4362,#4360,#1452,.T.);
#3805=EDGE_CURVE('',#4339,#4336,#1453,.T.);
#3806=EDGE_CURVE('',#4345,#4342,#1454,.F.);
#3807=EDGE_CURVE('',#4346,#4343,#1455,.F.);
#3808=EDGE_CURVE('',#4340,#4337,#1456,.T.);
#3809=EDGE_CURVE('',#4363,#4361,#1457,.T.);
#3810=EDGE_CURVE('',#4358,#4355,#1458,.T.);
#3811=EDGE_CURVE('',#4365,#4365,#1459,.T.);
#3812=EDGE_CURVE('',#4366,#4367,#4493,.T.);
#3813=EDGE_CURVE('',#4368,#4367,#4494,.T.);
#3814=EDGE_CURVE('',#4366,#4368,#4495,.T.);
#3815=EDGE_CURVE('',#4368,#4366,#747,.T.);
#3816=EDGE_CURVE('',#4369,#4370,#748,.T.);
#3817=EDGE_CURVE('',#4370,#4371,#749,.T.);
#3818=EDGE_CURVE('',#4371,#4372,#750,.T.);
#3819=EDGE_CURVE('',#4369,#4372,#751,.T.);
#3820=EDGE_CURVE('',#4373,#4369,#752,.T.);
#3821=EDGE_CURVE('',#4372,#4374,#753,.T.);
#3822=EDGE_CURVE('',#4373,#4374,#754,.T.);
#3823=EDGE_CURVE('',#4375,#4373,#1460,.T.);
#3824=EDGE_CURVE('',#4374,#4376,#1461,.T.);
#3825=EDGE_CURVE('',#4375,#4376,#755,.T.);
#3826=EDGE_CURVE('',#4377,#4378,#756,.T.);
#3827=EDGE_CURVE('',#4378,#4379,#757,.T.);
#3828=EDGE_CURVE('',#4379,#4380,#758,.T.);
#3829=EDGE_CURVE('',#4377,#4380,#759,.T.);
#3830=EDGE_CURVE('',#4378,#4375,#760,.T.);
#3831=EDGE_CURVE('',#4376,#4379,#761,.T.);
#3832=EDGE_CURVE('',#4381,#4382,#762,.T.);
#3833=EDGE_CURVE('',#4382,#4383,#763,.T.);
#3834=EDGE_CURVE('',#4383,#4384,#764,.T.);
#3835=EDGE_CURVE('',#4381,#4384,#765,.T.);
#3836=EDGE_CURVE('',#4385,#4381,#1462,.T.);
#3837=EDGE_CURVE('',#4384,#4386,#1463,.T.);
#3838=EDGE_CURVE('',#4385,#4386,#766,.T.);
#3839=EDGE_CURVE('',#4387,#4387,#1464,.T.);
#3840=EDGE_CURVE('',#4388,#4380,#767,.T.);
#3841=EDGE_CURVE('',#4389,#4388,#1465,.T.);
#3842=EDGE_CURVE('',#4385,#4389,#768,.T.);
#3843=EDGE_CURVE('',#4390,#4386,#769,.T.);
#3844=EDGE_CURVE('',#4391,#4390,#1466,.T.);
#3845=EDGE_CURVE('',#4377,#4391,#770,.T.);
#3846=EDGE_CURVE('',#4392,#4371,#771,.T.);
#3847=EDGE_CURVE('',#4370,#4393,#772,.T.);
#3848=EDGE_CURVE('',#4393,#4394,#1467,.T.);
#3849=EDGE_CURVE('',#4394,#4383,#773,.T.);
#3850=EDGE_CURVE('',#4382,#4395,#774,.T.);
#3851=EDGE_CURVE('',#4395,#4392,#1468,.T.);
#3852=EDGE_CURVE('',#4394,#4390,#775,.T.);
#3853=EDGE_CURVE('',#4393,#4391,#776,.T.);
#3854=EDGE_CURVE('',#4392,#4388,#777,.T.);
#3855=EDGE_CURVE('',#4395,#4389,#778,.T.);
#3856=EDGE_CURVE('',#4396,#4396,#1469,.T.);
#3857=EDGE_CURVE('',#4397,#4397,#1470,.T.);
#3858=EDGE_CURVE('',#4398,#4399,#4496,.T.);
#3859=EDGE_CURVE('',#4400,#4399,#4497,.T.);
#3860=EDGE_CURVE('',#4398,#4400,#4498,.T.);
#3861=EDGE_CURVE('',#4398,#4400,#779,.T.);
#3862=VERTEX_POINT('',#7451);
#3863=VERTEX_POINT('',#7452);
#3864=VERTEX_POINT('',#7454);
#3865=VERTEX_POINT('',#7458);
#3866=VERTEX_POINT('',#7463);
#3867=VERTEX_POINT('',#7481);
#3868=VERTEX_POINT('',#7501);
#3869=VERTEX_POINT('',#7503);
#3870=VERTEX_POINT('',#8281);
#3871=VERTEX_POINT('',#8283);
#3872=VERTEX_POINT('',#8752);
#3873=VERTEX_POINT('',#8762);
#3874=VERTEX_POINT('',#8772);
#3875=VERTEX_POINT('',#8782);
#3876=VERTEX_POINT('',#8792);
#3877=VERTEX_POINT('',#8802);
#3878=VERTEX_POINT('',#8812);
#3879=VERTEX_POINT('',#8822);
#3880=VERTEX_POINT('',#8832);
#3881=VERTEX_POINT('',#8842);
#3882=VERTEX_POINT('',#8852);
#3883=VERTEX_POINT('',#8862);
#3884=VERTEX_POINT('',#8872);
#3885=VERTEX_POINT('',#8882);
#3886=VERTEX_POINT('',#8892);
#3887=VERTEX_POINT('',#8902);
#3888=VERTEX_POINT('',#8912);
#3889=VERTEX_POINT('',#8918);
#3890=VERTEX_POINT('',#8929);
#3891=VERTEX_POINT('',#8930);
#3892=VERTEX_POINT('',#8936);
#3893=VERTEX_POINT('',#9253);
#3894=VERTEX_POINT('',#9263);
#3895=VERTEX_POINT('',#9273);
#3896=VERTEX_POINT('',#9283);
#3897=VERTEX_POINT('',#9293);
#3898=VERTEX_POINT('',#9303);
#3899=VERTEX_POINT('',#9313);
#3900=VERTEX_POINT('',#9323);
#3901=VERTEX_POINT('',#9333);
#3902=VERTEX_POINT('',#9343);
#3903=VERTEX_POINT('',#9353);
#3904=VERTEX_POINT('',#9363);
#3905=VERTEX_POINT('',#9373);
#3906=VERTEX_POINT('',#9383);
#3907=VERTEX_POINT('',#9393);
#3908=VERTEX_POINT('',#9403);
#3909=VERTEX_POINT('',#9413);
#3910=VERTEX_POINT('',#9423);
#3911=VERTEX_POINT('',#9433);
#3912=VERTEX_POINT('',#9441);
#3913=VERTEX_POINT('',#9445);
#3914=VERTEX_POINT('',#9446);
#3915=VERTEX_POINT('',#9448);
#3916=VERTEX_POINT('',#9450);
#3917=VERTEX_POINT('',#9454);
#3918=VERTEX_POINT('',#9455);
#3919=VERTEX_POINT('',#9463);
#3920=VERTEX_POINT('',#9464);
#3921=VERTEX_POINT('',#9472);
#3922=VERTEX_POINT('',#9473);
#3923=VERTEX_POINT('',#9478);
#3924=VERTEX_POINT('',#9479);
#3925=VERTEX_POINT('',#9484);
#3926=VERTEX_POINT('',#9485);
#3927=VERTEX_POINT('',#9490);
#3928=VERTEX_POINT('',#9491);
#3929=VERTEX_POINT('',#9496);
#3930=VERTEX_POINT('',#9497);
#3931=VERTEX_POINT('',#9502);
#3932=VERTEX_POINT('',#9503);
#3933=VERTEX_POINT('',#9508);
#3934=VERTEX_POINT('',#9509);
#3935=VERTEX_POINT('',#9514);
#3936=VERTEX_POINT('',#9516);
#3937=VERTEX_POINT('',#9520);
#3938=VERTEX_POINT('',#9521);
#3939=VERTEX_POINT('',#9523);
#3940=VERTEX_POINT('',#9525);
#3941=VERTEX_POINT('',#9529);
#3942=VERTEX_POINT('',#9530);
#3943=VERTEX_POINT('',#9538);
#3944=VERTEX_POINT('',#9539);
#3945=VERTEX_POINT('',#9547);
#3946=VERTEX_POINT('',#9548);
#3947=VERTEX_POINT('',#9553);
#3948=VERTEX_POINT('',#9554);
#3949=VERTEX_POINT('',#9562);
#3950=VERTEX_POINT('',#9563);
#3951=VERTEX_POINT('',#9568);
#3952=VERTEX_POINT('',#9569);
#3953=VERTEX_POINT('',#9574);
#3954=VERTEX_POINT('',#9575);
#3955=VERTEX_POINT('',#9580);
#3956=VERTEX_POINT('',#9581);
#3957=VERTEX_POINT('',#9586);
#3958=VERTEX_POINT('',#9587);
#3959=VERTEX_POINT('',#9595);
#3960=VERTEX_POINT('',#9596);
#3961=VERTEX_POINT('',#9601);
#3962=VERTEX_POINT('',#9602);
#3963=VERTEX_POINT('',#9604);
#3964=VERTEX_POINT('',#9606);
#3965=VERTEX_POINT('',#9610);
#3966=VERTEX_POINT('',#9611);
#3967=VERTEX_POINT('',#9619);
#3968=VERTEX_POINT('',#9620);
#3969=VERTEX_POINT('',#9628);
#3970=VERTEX_POINT('',#9629);
#3971=VERTEX_POINT('',#9634);
#3972=VERTEX_POINT('',#9635);
#3973=VERTEX_POINT('',#9643);
#3974=VERTEX_POINT('',#9644);
#3975=VERTEX_POINT('',#9649);
#3976=VERTEX_POINT('',#9650);
#3977=VERTEX_POINT('',#9655);
#3978=VERTEX_POINT('',#9656);
#3979=VERTEX_POINT('',#9661);
#3980=VERTEX_POINT('',#9662);
#3981=VERTEX_POINT('',#9667);
#3982=VERTEX_POINT('',#9668);
#3983=VERTEX_POINT('',#9676);
#3984=VERTEX_POINT('',#9677);
#3985=VERTEX_POINT('',#9682);
#3986=VERTEX_POINT('',#9683);
#3987=VERTEX_POINT('',#9685);
#3988=VERTEX_POINT('',#9687);
#3989=VERTEX_POINT('',#9691);
#3990=VERTEX_POINT('',#9692);
#3991=VERTEX_POINT('',#9697);
#3992=VERTEX_POINT('',#9698);
#3993=VERTEX_POINT('',#9703);
#3994=VERTEX_POINT('',#9704);
#3995=VERTEX_POINT('',#9709);
#3996=VERTEX_POINT('',#9710);
#3997=VERTEX_POINT('',#9718);
#3998=VERTEX_POINT('',#9719);
#3999=VERTEX_POINT('',#9724);
#4000=VERTEX_POINT('',#9725);
#4001=VERTEX_POINT('',#9730);
#4002=VERTEX_POINT('',#9731);
#4003=VERTEX_POINT('',#9736);
#4004=VERTEX_POINT('',#9737);
#4005=VERTEX_POINT('',#9742);
#4006=VERTEX_POINT('',#9743);
#4007=VERTEX_POINT('',#9751);
#4008=VERTEX_POINT('',#9752);
#4009=VERTEX_POINT('',#9757);
#4010=VERTEX_POINT('',#9758);
#4011=VERTEX_POINT('',#9760);
#4012=VERTEX_POINT('',#9762);
#4013=VERTEX_POINT('',#9766);
#4014=VERTEX_POINT('',#9768);
#4015=VERTEX_POINT('',#9772);
#4016=VERTEX_POINT('',#9774);
#4017=VERTEX_POINT('',#9779);
#4018=VERTEX_POINT('',#9781);
#4019=VERTEX_POINT('',#9783);
#4020=VERTEX_POINT('',#9785);
#4021=VERTEX_POINT('',#9789);
#4022=VERTEX_POINT('',#9790);
#4023=VERTEX_POINT('',#9792);
#4024=VERTEX_POINT('',#9794);
#4025=VERTEX_POINT('',#9798);
#4026=VERTEX_POINT('',#9800);
#4027=VERTEX_POINT('',#9804);
#4028=VERTEX_POINT('',#9806);
#4029=VERTEX_POINT('',#9811);
#4030=VERTEX_POINT('',#9813);
#4031=VERTEX_POINT('',#9815);
#4032=VERTEX_POINT('',#9817);
#4033=VERTEX_POINT('',#9821);
#4034=VERTEX_POINT('',#9822);
#4035=VERTEX_POINT('',#9824);
#4036=VERTEX_POINT('',#9826);
#4037=VERTEX_POINT('',#9828);
#4038=VERTEX_POINT('',#9830);
#4039=VERTEX_POINT('',#9832);
#4040=VERTEX_POINT('',#9834);
#4041=VERTEX_POINT('',#9838);
#4042=VERTEX_POINT('',#9840);
#4043=VERTEX_POINT('',#9844);
#4044=VERTEX_POINT('',#9846);
#4045=VERTEX_POINT('',#9853);
#4046=VERTEX_POINT('',#9854);
#4047=VERTEX_POINT('',#9856);
#4048=VERTEX_POINT('',#9858);
#4049=VERTEX_POINT('',#9862);
#4050=VERTEX_POINT('',#9864);
#4051=VERTEX_POINT('',#9868);
#4052=VERTEX_POINT('',#9870);
#4053=VERTEX_POINT('',#9874);
#4054=VERTEX_POINT('',#9876);
#4055=VERTEX_POINT('',#9878);
#4056=VERTEX_POINT('',#9880);
#4057=VERTEX_POINT('',#9885);
#4058=VERTEX_POINT('',#9886);
#4059=VERTEX_POINT('',#9888);
#4060=VERTEX_POINT('',#9890);
#4061=VERTEX_POINT('',#9894);
#4062=VERTEX_POINT('',#9896);
#4063=VERTEX_POINT('',#9900);
#4064=VERTEX_POINT('',#9902);
#4065=VERTEX_POINT('',#9906);
#4066=VERTEX_POINT('',#9908);
#4067=VERTEX_POINT('',#9910);
#4068=VERTEX_POINT('',#9912);
#4069=VERTEX_POINT('',#9917);
#4070=VERTEX_POINT('',#9918);
#4071=VERTEX_POINT('',#9920);
#4072=VERTEX_POINT('',#9922);
#4073=VERTEX_POINT('',#9926);
#4074=VERTEX_POINT('',#9928);
#4075=VERTEX_POINT('',#9932);
#4076=VERTEX_POINT('',#9933);
#4077=VERTEX_POINT('',#9935);
#4078=VERTEX_POINT('',#9937);
#4079=VERTEX_POINT('',#9939);
#4080=VERTEX_POINT('',#9942);
#4081=VERTEX_POINT('',#9949);
#4082=VERTEX_POINT('',#9951);
#4083=VERTEX_POINT('',#9955);
#4084=VERTEX_POINT('',#9959);
#4085=VERTEX_POINT('',#9963);
#4086=VERTEX_POINT('',#9965);
#4087=VERTEX_POINT('',#9969);
#4088=VERTEX_POINT('',#9973);
#4089=VERTEX_POINT('',#9977);
#4090=VERTEX_POINT('',#9979);
#4091=VERTEX_POINT('',#9983);
#4092=VERTEX_POINT('',#9987);
#4093=VERTEX_POINT('',#10019);
#4094=VERTEX_POINT('',#10022);
#4095=VERTEX_POINT('',#10025);
#4096=VERTEX_POINT('',#10027);
#4097=VERTEX_POINT('',#10034);
#4098=VERTEX_POINT('',#10038);
#4099=VERTEX_POINT('',#10041);
#4100=VERTEX_POINT('',#10043);
#4101=VERTEX_POINT('',#10046);
#4102=VERTEX_POINT('',#10048);
#4103=VERTEX_POINT('',#10053);
#4104=VERTEX_POINT('',#10055);
#4105=VERTEX_POINT('',#10057);
#4106=VERTEX_POINT('',#10059);
#4107=VERTEX_POINT('',#10061);
#4108=VERTEX_POINT('',#10063);
#4109=VERTEX_POINT('',#10065);
#4110=VERTEX_POINT('',#10067);
#4111=VERTEX_POINT('',#10069);
#4112=VERTEX_POINT('',#10071);
#4113=VERTEX_POINT('',#10073);
#4114=VERTEX_POINT('',#10075);
#4115=VERTEX_POINT('',#10105);
#4116=VERTEX_POINT('',#10112);
#4117=VERTEX_POINT('',#10114);
#4118=VERTEX_POINT('',#10117);
#4119=VERTEX_POINT('',#10119);
#4120=VERTEX_POINT('',#10122);
#4121=VERTEX_POINT('',#10354);
#4122=VERTEX_POINT('',#10355);
#4123=VERTEX_POINT('',#10449);
#4124=VERTEX_POINT('',#10457);
#4125=VERTEX_POINT('',#10459);
#4126=VERTEX_POINT('',#10469);
#4127=VERTEX_POINT('',#10479);
#4128=VERTEX_POINT('',#10489);
#4129=VERTEX_POINT('',#10499);
#4130=VERTEX_POINT('',#10509);
#4131=VERTEX_POINT('',#10519);
#4132=VERTEX_POINT('',#10529);
#4133=VERTEX_POINT('',#10539);
#4134=VERTEX_POINT('',#10549);
#4135=VERTEX_POINT('',#10559);
#4136=VERTEX_POINT('',#10569);
#4137=VERTEX_POINT('',#10776);
#4138=VERTEX_POINT('',#10777);
#4139=VERTEX_POINT('',#10785);
#4140=VERTEX_POINT('',#10795);
#4141=VERTEX_POINT('',#10805);
#4142=VERTEX_POINT('',#10815);
#4143=VERTEX_POINT('',#10825);
#4144=VERTEX_POINT('',#10835);
#4145=VERTEX_POINT('',#10845);
#4146=VERTEX_POINT('',#10855);
#4147=VERTEX_POINT('',#10865);
#4148=VERTEX_POINT('',#10875);
#4149=VERTEX_POINT('',#10885);
#4150=VERTEX_POINT('',#10893);
#4151=VERTEX_POINT('',#10901);
#4152=VERTEX_POINT('',#11422);
#4153=VERTEX_POINT('',#11423);
#4154=VERTEX_POINT('',#11433);
#4155=VERTEX_POINT('',#11435);
#4156=VERTEX_POINT('',#11475);
#4157=VERTEX_POINT('',#11476);
#4158=VERTEX_POINT('',#11491);
#4159=VERTEX_POINT('',#11492);
#4160=VERTEX_POINT('',#11532);
#4161=VERTEX_POINT('',#11533);
#4162=VERTEX_POINT('',#11553);
#4163=VERTEX_POINT('',#11554);
#4164=VERTEX_POINT('',#11594);
#4165=VERTEX_POINT('',#11595);
#4166=VERTEX_POINT('',#11615);
#4167=VERTEX_POINT('',#11616);
#4168=VERTEX_POINT('',#11621);
#4169=VERTEX_POINT('',#11654);
#4170=VERTEX_POINT('',#11655);
#4171=VERTEX_POINT('',#11705);
#4172=VERTEX_POINT('',#11706);
#4173=VERTEX_POINT('',#11726);
#4174=VERTEX_POINT('',#11727);
#4175=VERTEX_POINT('',#11732);
#4176=VERTEX_POINT('',#11733);
#4177=VERTEX_POINT('',#11738);
#4178=VERTEX_POINT('',#11778);
#4179=VERTEX_POINT('',#11779);
#4180=VERTEX_POINT('',#11828);
#4181=VERTEX_POINT('',#11829);
#4182=VERTEX_POINT('',#11844);
#4183=VERTEX_POINT('',#11850);
#4184=VERTEX_POINT('',#11851);
#4185=VERTEX_POINT('',#11891);
#4186=VERTEX_POINT('',#11892);
#4187=VERTEX_POINT('',#11915);
#4188=VERTEX_POINT('',#11916);
#4189=VERTEX_POINT('',#11921);
#4190=VERTEX_POINT('',#11922);
#4191=VERTEX_POINT('',#11962);
#4192=VERTEX_POINT('',#11963);
#4193=VERTEX_POINT('',#11983);
#4194=VERTEX_POINT('',#11984);
#4195=VERTEX_POINT('',#11989);
#4196=VERTEX_POINT('',#11993);
#4197=VERTEX_POINT('',#12026);
#4198=VERTEX_POINT('',#12027);
#4199=VERTEX_POINT('',#12077);
#4200=VERTEX_POINT('',#12078);
#4201=VERTEX_POINT('',#12104);
#4202=VERTEX_POINT('',#12109);
#4203=VERTEX_POINT('',#12110);
#4204=VERTEX_POINT('',#12115);
#4205=VERTEX_POINT('',#12158);
#4206=VERTEX_POINT('',#12159);
#4207=VERTEX_POINT('',#12212);
#4208=VERTEX_POINT('',#12218);
#4209=VERTEX_POINT('',#12219);
#4210=VERTEX_POINT('',#12259);
#4211=VERTEX_POINT('',#12260);
#4212=VERTEX_POINT('',#12286);
#4213=VERTEX_POINT('',#12287);
#4214=VERTEX_POINT('',#12327);
#4215=VERTEX_POINT('',#12347);
#4216=VERTEX_POINT('',#12348);
#4217=VERTEX_POINT('',#12382);
#4218=VERTEX_POINT('',#12443);
#4219=VERTEX_POINT('',#12449);
#4220=VERTEX_POINT('',#12469);
#4221=VERTEX_POINT('',#12476);
#4222=VERTEX_POINT('',#12477);
#4223=VERTEX_POINT('',#12479);
#4224=VERTEX_POINT('',#12481);
#4225=VERTEX_POINT('',#12485);
#4226=VERTEX_POINT('',#12486);
#4227=VERTEX_POINT('',#12488);
#4228=VERTEX_POINT('',#12490);
#4229=VERTEX_POINT('',#12494);
#4230=VERTEX_POINT('',#12496);
#4231=VERTEX_POINT('',#12500);
#4232=VERTEX_POINT('',#12505);
#4233=VERTEX_POINT('',#12509);
#4234=VERTEX_POINT('',#12510);
#4235=VERTEX_POINT('',#12512);
#4236=VERTEX_POINT('',#12514);
#4237=VERTEX_POINT('',#12521);
#4238=VERTEX_POINT('',#12523);
#4239=VERTEX_POINT('',#12527);
#4240=VERTEX_POINT('',#12529);
#4241=VERTEX_POINT('',#12533);
#4242=VERTEX_POINT('',#12537);
#4243=VERTEX_POINT('',#12542);
#4244=VERTEX_POINT('',#12548);
#4245=VERTEX_POINT('',#12553);
#4246=VERTEX_POINT('',#12557);
#4247=VERTEX_POINT('',#12559);
#4248=VERTEX_POINT('',#12579);
#4249=VERTEX_POINT('',#12580);
#4250=VERTEX_POINT('',#12582);
#4251=VERTEX_POINT('',#12588);
#4252=VERTEX_POINT('',#12592);
#4253=VERTEX_POINT('',#12594);
#4254=VERTEX_POINT('',#12601);
#4255=VERTEX_POINT('',#12602);
#4256=VERTEX_POINT('',#12604);
#4257=VERTEX_POINT('',#12606);
#4258=VERTEX_POINT('',#12610);
#4259=VERTEX_POINT('',#12612);
#4260=VERTEX_POINT('',#12616);
#4261=VERTEX_POINT('',#12618);
#4262=VERTEX_POINT('',#12622);
#4263=VERTEX_POINT('',#12624);
#4264=VERTEX_POINT('',#12628);
#4265=VERTEX_POINT('',#12630);
#4266=VERTEX_POINT('',#12634);
#4267=VERTEX_POINT('',#12635);
#4268=VERTEX_POINT('',#12640);
#4269=VERTEX_POINT('',#12642);
#4270=VERTEX_POINT('',#12659);
#4271=VERTEX_POINT('',#12665);
#4272=VERTEX_POINT('',#12669);
#4273=VERTEX_POINT('',#12674);
#4274=VERTEX_POINT('',#12678);
#4275=VERTEX_POINT('',#12697);
#4276=VERTEX_POINT('',#12720);
#4277=VERTEX_POINT('',#12721);
#4278=VERTEX_POINT('',#12726);
#4279=VERTEX_POINT('',#12736);
#4280=VERTEX_POINT('',#12737);
#4281=VERTEX_POINT('',#12739);
#4282=VERTEX_POINT('',#12741);
#4283=VERTEX_POINT('',#12745);
#4284=VERTEX_POINT('',#12747);
#4285=VERTEX_POINT('',#12751);
#4286=VERTEX_POINT('',#12753);
#4287=VERTEX_POINT('',#12757);
#4288=VERTEX_POINT('',#12758);
#4289=VERTEX_POINT('',#12760);
#4290=VERTEX_POINT('',#12762);
#4291=VERTEX_POINT('',#12769);
#4292=VERTEX_POINT('',#12770);
#4293=VERTEX_POINT('',#12772);
#4294=VERTEX_POINT('',#12774);
#4295=VERTEX_POINT('',#12778);
#4296=VERTEX_POINT('',#12780);
#4297=VERTEX_POINT('',#12784);
#4298=VERTEX_POINT('',#12787);
#4299=VERTEX_POINT('',#12789);
#4300=VERTEX_POINT('',#12792);
#4301=VERTEX_POINT('',#12794);
#4302=VERTEX_POINT('',#12798);
#4303=VERTEX_POINT('',#12800);
#4304=VERTEX_POINT('',#12802);
#4305=VERTEX_POINT('',#12805);
#4306=VERTEX_POINT('',#12818);
#4307=VERTEX_POINT('',#12821);
#4308=VERTEX_POINT('',#12844);
#4309=VERTEX_POINT('',#12845);
#4310=VERTEX_POINT('',#12850);
#4311=VERTEX_POINT('',#12860);
#4312=VERTEX_POINT('',#12861);
#4313=VERTEX_POINT('',#12863);
#4314=VERTEX_POINT('',#12865);
#4315=VERTEX_POINT('',#12869);
#4316=VERTEX_POINT('',#12870);
#4317=VERTEX_POINT('',#12872);
#4318=VERTEX_POINT('',#12874);
#4319=VERTEX_POINT('',#12878);
#4320=VERTEX_POINT('',#12880);
#4321=VERTEX_POINT('',#12884);
#4322=VERTEX_POINT('',#12889);
#4323=VERTEX_POINT('',#12893);
#4324=VERTEX_POINT('',#12894);
#4325=VERTEX_POINT('',#12896);
#4326=VERTEX_POINT('',#12898);
#4327=VERTEX_POINT('',#12905);
#4328=VERTEX_POINT('',#12907);
#4329=VERTEX_POINT('',#12911);
#4330=VERTEX_POINT('',#12913);
#4331=VERTEX_POINT('',#12917);
#4332=VERTEX_POINT('',#12921);
#4333=VERTEX_POINT('',#12926);
#4334=VERTEX_POINT('',#12932);
#4335=VERTEX_POINT('',#12937);
#4336=VERTEX_POINT('',#12941);
#4337=VERTEX_POINT('',#12943);
#4338=VERTEX_POINT('',#12963);
#4339=VERTEX_POINT('',#12964);
#4340=VERTEX_POINT('',#12966);
#4341=VERTEX_POINT('',#12972);
#4342=VERTEX_POINT('',#12976);
#4343=VERTEX_POINT('',#12978);
#4344=VERTEX_POINT('',#12985);
#4345=VERTEX_POINT('',#12986);
#4346=VERTEX_POINT('',#12988);
#4347=VERTEX_POINT('',#12990);
#4348=VERTEX_POINT('',#12994);
#4349=VERTEX_POINT('',#12996);
#4350=VERTEX_POINT('',#13000);
#4351=VERTEX_POINT('',#13002);
#4352=VERTEX_POINT('',#13006);
#4353=VERTEX_POINT('',#13008);
#4354=VERTEX_POINT('',#13012);
#4355=VERTEX_POINT('',#13014);
#4356=VERTEX_POINT('',#13018);
#4357=VERTEX_POINT('',#13019);
#4358=VERTEX_POINT('',#13024);
#4359=VERTEX_POINT('',#13026);
#4360=VERTEX_POINT('',#13043);
#4361=VERTEX_POINT('',#13049);
#4362=VERTEX_POINT('',#13053);
#4363=VERTEX_POINT('',#13058);
#4364=VERTEX_POINT('',#13062);
#4365=VERTEX_POINT('',#13081);
#4366=VERTEX_POINT('',#13104);
#4367=VERTEX_POINT('',#13105);
#4368=VERTEX_POINT('',#13110);
#4369=VERTEX_POINT('',#13120);
#4370=VERTEX_POINT('',#13121);
#4371=VERTEX_POINT('',#13123);
#4372=VERTEX_POINT('',#13125);
#4373=VERTEX_POINT('',#13129);
#4374=VERTEX_POINT('',#13131);
#4375=VERTEX_POINT('',#13135);
#4376=VERTEX_POINT('',#13137);
#4377=VERTEX_POINT('',#13141);
#4378=VERTEX_POINT('',#13142);
#4379=VERTEX_POINT('',#13144);
#4380=VERTEX_POINT('',#13146);
#4381=VERTEX_POINT('',#13153);
#4382=VERTEX_POINT('',#13154);
#4383=VERTEX_POINT('',#13156);
#4384=VERTEX_POINT('',#13158);
#4385=VERTEX_POINT('',#13162);
#4386=VERTEX_POINT('',#13164);
#4387=VERTEX_POINT('',#13168);
#4388=VERTEX_POINT('',#13171);
#4389=VERTEX_POINT('',#13173);
#4390=VERTEX_POINT('',#13176);
#4391=VERTEX_POINT('',#13178);
#4392=VERTEX_POINT('',#13182);
#4393=VERTEX_POINT('',#13184);
#4394=VERTEX_POINT('',#13186);
#4395=VERTEX_POINT('',#13189);
#4396=VERTEX_POINT('',#13202);
#4397=VERTEX_POINT('',#13205);
#4398=VERTEX_POINT('',#13228);
#4399=VERTEX_POINT('',#13229);
#4400=VERTEX_POINT('',#13234);
#4401=B_SPLINE_CURVE_WITH_KNOTS('',2,(#7448,#7449,#7450),.UNSPECIFIED.,
 .F.,.F.,(3,3),(0.0572667368907145,0.908215003927199),.UNSPECIFIED.);
#4402=B_SPLINE_CURVE_WITH_KNOTS('',2,(#7455,#7456,#7457),.UNSPECIFIED.,
 .F.,.F.,(3,3),(0.0572667368907138,0.647946335641795),.UNSPECIFIED.);
#4403=B_SPLINE_CURVE_WITH_KNOTS('',3,(#7459,#7460,#7461,#7462),
 .UNSPECIFIED.,.F.,.F.,(4,4),(2.28813811964553E-19,0.00406987023908975),
 .UNSPECIFIED.);
#4404=B_SPLINE_CURVE_WITH_KNOTS('',3,(#7464,#7465,#7466,#7467,#7468,#7469,
#7470,#7471,#7472,#7473,#7474,#7475,#7476,#7477,#7478,#7479,#7480),
 .UNSPECIFIED.,.F.,.F.,(4,1,1,1,1,1,1,1,1,1,1,1,1,1,4),(0.,0.25,0.375,0.4375,
0.5,0.5625,0.625,0.6875,0.75,0.8125,0.875,0.90625,0.921875,0.9375,1.),
 .UNSPECIFIED.);
#4405=B_SPLINE_CURVE_WITH_KNOTS('',3,(#7482,#7483,#7484,#7485,#7486,#7487,
#7488,#7489,#7490,#7491,#7492,#7493,#7494,#7495,#7496,#7497,#7498,#7499,
#7500),.UNSPECIFIED.,.F.,.F.,(4,1,1,1,1,1,1,1,1,1,1,1,1,1,1,1,4),(0.,0.125,
0.25,0.3125,0.375,0.5,0.625,0.6875,0.75,0.765625,0.78125,0.8125,0.875,0.90625,
0.9375,0.96875,1.),.UNSPECIFIED.);
#4406=B_SPLINE_CURVE_WITH_KNOTS('',3,(#7504,#7505,#7506,#7507),
 .UNSPECIFIED.,.F.,.F.,(4,4),(0.,0.00413285426905948),.UNSPECIFIED.);
#4407=B_SPLINE_CURVE_WITH_KNOTS('',3,(#8920,#8921,#8922,#8923,#8924,#8925,
#8926),.UNSPECIFIED.,.F.,.F.,(4,1,1,1,4),(0.,0.00372454213479105,0.0074490842695821,
0.0111736264043732,0.0148981685391642),.UNSPECIFIED.);
#4408=B_SPLINE_CURVE_WITH_KNOTS('',3,(#9249,#9250,#9251,#9252),
 .UNSPECIFIED.,.F.,.F.,(4,4),(-0.00104450070521884,0.000706442798588986),
 .UNSPECIFIED.);
#4409=B_SPLINE_CURVE_WITH_KNOTS('',3,(#9456,#9457,#9458,#9459),
 .UNSPECIFIED.,.F.,.F.,(4,4),(2.60981183942524E-13,0.000141441373148876),
 .UNSPECIFIED.);
#4410=B_SPLINE_CURVE_WITH_KNOTS('',3,(#9468,#9469,#9470,#9471),
 .UNSPECIFIED.,.F.,.F.,(4,4),(2.60982410528496E-13,0.000141441302918338),
 .UNSPECIFIED.);
#4411=B_SPLINE_CURVE_WITH_KNOTS('',3,(#9531,#9532,#9533,#9534),
 .UNSPECIFIED.,.F.,.F.,(4,4),(2.60980263866937E-13,0.000141441373148814),
 .UNSPECIFIED.);
#4412=B_SPLINE_CURVE_WITH_KNOTS('',3,(#9543,#9544,#9545,#9546),
 .UNSPECIFIED.,.F.,.F.,(4,4),(2.60980263866937E-13,0.000141441302918275),
 .UNSPECIFIED.);
#4413=B_SPLINE_CURVE_WITH_KNOTS('',3,(#9555,#9556,#9557,#9558),
 .UNSPECIFIED.,.F.,.F.,(4,4),(2.68887492940657E-13,0.000141441377655632),
 .UNSPECIFIED.);
#4414=B_SPLINE_CURVE_WITH_KNOTS('',3,(#9589,#9590,#9591,#9592),
 .UNSPECIFIED.,.F.,.F.,(4,4),(2.68888106296587E-13,0.000141441303448356),
 .UNSPECIFIED.);
#4415=B_SPLINE_CURVE_WITH_KNOTS('',3,(#9612,#9613,#9614,#9615),
 .UNSPECIFIED.,.F.,.F.,(4,4),(2.60981797214666E-13,0.000141441373148805),
 .UNSPECIFIED.);
#4416=B_SPLINE_CURVE_WITH_KNOTS('',3,(#9624,#9625,#9626,#9627),
 .UNSPECIFIED.,.F.,.F.,(4,4),(2.60982410528496E-13,0.000141441302918267),
 .UNSPECIFIED.);
#4417=B_SPLINE_CURVE_WITH_KNOTS('',3,(#9636,#9637,#9638,#9639),
 .UNSPECIFIED.,.F.,.F.,(4,4),(2.68888412933108E-13,0.00014144137765562),
 .UNSPECIFIED.);
#4418=B_SPLINE_CURVE_WITH_KNOTS('',3,(#9670,#9671,#9672,#9673),
 .UNSPECIFIED.,.F.,.F.,(4,4),(2.68887186303787E-13,0.000141441303448343),
 .UNSPECIFIED.);
#4419=B_SPLINE_CURVE_WITH_KNOTS('',3,(#9711,#9712,#9713,#9714),
 .UNSPECIFIED.,.F.,.F.,(4,4),(2.68888106296587E-13,0.000141441377655602),
 .UNSPECIFIED.);
#4420=B_SPLINE_CURVE_WITH_KNOTS('',3,(#9745,#9746,#9747,#9748),
 .UNSPECIFIED.,.F.,.F.,(4,4),(2.68888106296587E-13,0.000141441303448327),
 .UNSPECIFIED.);
#4421=B_SPLINE_CURVE_WITH_KNOTS('',3,(#10347,#10348,#10349,#10350,#10351,
#10352,#10353),.UNSPECIFIED.,.F.,.F.,(4,1,1,1,4),(0.,0.00250722386493543,
0.00501444772987086,0.00752167159480629,0.0100288954597417),
 .UNSPECIFIED.);
#4422=B_SPLINE_CURVE_WITH_KNOTS('',3,(#10450,#10451,#10452,#10453,#10454,
#10455,#10456),.UNSPECIFIED.,.F.,.F.,(4,1,1,1,4),(0.,0.00250898431156934,
0.00501796862313867,0.00752695293470801,0.0100359372462773),
 .UNSPECIFIED.);
#4423=B_SPLINE_CURVE_WITH_KNOTS('',3,(#10769,#10770,#10771,#10772,#10773,
#10774,#10775),.UNSPECIFIED.,.F.,.F.,(4,1,1,1,4),(0.,0.00249769108802487,
0.00499538217604975,0.00749307326407462,0.0099907643520995),
 .UNSPECIFIED.);
#4424=B_SPLINE_CURVE_WITH_KNOTS('',3,(#10894,#10895,#10896,#10897,#10898,
#10899,#10900),.UNSPECIFIED.,.F.,.F.,(4,1,1,1,4),(0.,0.0024963227162374,
0.0049926454324748,0.0074889681487122,0.00998529086494959),
 .UNSPECIFIED.);
#4425=B_SPLINE_CURVE_WITH_KNOTS('',3,(#11375,#11376,#11377,#11378,#11379),
 .UNSPECIFIED.,.F.,.F.,(4,1,4),(0.,0.00183311787909385,0.0036662357581877),
 .UNSPECIFIED.);
#4426=B_SPLINE_CURVE_WITH_KNOTS('',3,(#11380,#11381,#11382,#11383,#11384),
 .UNSPECIFIED.,.F.,.F.,(4,1,4),(0.,0.00183312112003282,0.00366624224006565),
 .UNSPECIFIED.);
#4427=B_SPLINE_CURVE_WITH_KNOTS('',3,(#11424,#11425,#11426,#11427,#11428,
#11429,#11430,#11431,#11432),.UNSPECIFIED.,.F.,.F.,(4,1,1,1,1,1,4),(0.,
0.25,0.375,0.5,0.625,0.75,1.),.UNSPECIFIED.);
#4428=B_SPLINE_CURVE_WITH_KNOTS('',3,(#11436,#11437,#11438,#11439,#11440,
#11441,#11442,#11443),.UNSPECIFIED.,.F.,.F.,(4,2,2,4),(0.,0.000835607959996792,
0.00125341193999519,0.00167121591999358),.UNSPECIFIED.);
#4429=B_SPLINE_CURVE_WITH_KNOTS('',3,(#11477,#11478,#11479,#11480,#11481,
#11482,#11483),.UNSPECIFIED.,.F.,.F.,(4,1,1,1,4),(0.,0.25,0.5,0.75,1.),
 .UNSPECIFIED.);
#4430=B_SPLINE_CURVE_WITH_KNOTS('',3,(#11484,#11485,#11486,#11487,#11488),
 .UNSPECIFIED.,.F.,.F.,(4,1,4),(0.,0.5,1.),.UNSPECIFIED.);
#4431=B_SPLINE_CURVE_WITH_KNOTS('',3,(#11534,#11535,#11536,#11537,#11538,
#11539,#11540,#11541),.UNSPECIFIED.,.F.,.F.,(4,2,2,4),(2.32414284902715E-15,
0.000419880843517762,0.000839761687033199,0.00167952337406408),
 .UNSPECIFIED.);
#4432=B_SPLINE_CURVE_WITH_KNOTS('',3,(#11542,#11543,#11544,#11545,#11546,
#11547,#11548,#11549,#11550),.UNSPECIFIED.,.F.,.F.,(4,1,1,1,1,1,4),(0.,
0.25,0.375,0.5,0.625,0.75,1.),.UNSPECIFIED.);
#4433=B_SPLINE_CURVE_WITH_KNOTS('',3,(#11596,#11597,#11598,#11599,#11600,
#11601,#11602,#11603,#11604),.UNSPECIFIED.,.F.,.F.,(4,1,1,1,1,1,4),(0.,
0.25,0.375,0.5,0.625,0.75,1.),.UNSPECIFIED.);
#4434=B_SPLINE_CURVE_WITH_KNOTS('',3,(#11605,#11606,#11607,#11608,#11609,
#11610,#11611,#11612),.UNSPECIFIED.,.F.,.F.,(4,2,2,4),(2.32430808152793E-15,
0.000419880843517763,0.000839761687033202,0.00167952337406408),
 .UNSPECIFIED.);
#4435=B_SPLINE_CURVE_WITH_KNOTS('',3,(#11656,#11657,#11658,#11659,#11660),
 .UNSPECIFIED.,.F.,.F.,(4,1,4),(0.,0.5,1.),.UNSPECIFIED.);
#4436=B_SPLINE_CURVE_WITH_KNOTS('',3,(#11661,#11662,#11663,#11664,#11665,
#11666,#11667),.UNSPECIFIED.,.F.,.F.,(4,1,1,1,4),(0.,0.25,0.5,0.75,1.),
 .UNSPECIFIED.);
#4437=B_SPLINE_CURVE_WITH_KNOTS('',3,(#11707,#11708,#11709,#11710,#11711,
#11712,#11713,#11714),.UNSPECIFIED.,.F.,.F.,(4,2,2,4),(0.,0.000835607959996794,
0.00125341193999519,0.00167121591999359),.UNSPECIFIED.);
#4438=B_SPLINE_CURVE_WITH_KNOTS('',3,(#11715,#11716,#11717,#11718,#11719,
#11720,#11721,#11722,#11723),.UNSPECIFIED.,.F.,.F.,(4,1,1,1,1,1,4),(0.,
0.25,0.375,0.5,0.625,0.75,1.),.UNSPECIFIED.);
#4439=B_SPLINE_CURVE_WITH_KNOTS('',3,(#11780,#11781,#11782,#11783,#11784,
#11785,#11786,#11787,#11788),.UNSPECIFIED.,.F.,.F.,(4,1,1,1,1,1,4),(0.,
0.25,0.375,0.5,0.625,0.75,1.),.UNSPECIFIED.);
#4440=B_SPLINE_CURVE_WITH_KNOTS('',3,(#11789,#11790,#11791,#11792,#11793,
#11794,#11795,#11796),.UNSPECIFIED.,.F.,.F.,(4,2,2,4),(0.,0.000835607959995641,
0.00125341193999346,0.00167121591999128),.UNSPECIFIED.);
#4441=B_SPLINE_CURVE_WITH_KNOTS('',3,(#11830,#11831,#11832,#11833,#11834,
#11835,#11836),.UNSPECIFIED.,.F.,.F.,(4,1,1,1,4),(0.,0.25,0.5,0.75,1.),
 .UNSPECIFIED.);
#4442=B_SPLINE_CURVE_WITH_KNOTS('',3,(#11837,#11838,#11839,#11840,#11841),
 .UNSPECIFIED.,.F.,.F.,(4,1,4),(0.,0.5,1.),.UNSPECIFIED.);
#4443=B_SPLINE_CURVE_WITH_KNOTS('',3,(#11893,#11894,#11895,#11896,#11897,
#11898,#11899,#11900),.UNSPECIFIED.,.F.,.F.,(4,2,2,4),(2.32380685831362E-15,
0.000419880843517762,0.0008397616870332,0.00167952337406408),
 .UNSPECIFIED.);
#4444=B_SPLINE_CURVE_WITH_KNOTS('',3,(#11901,#11902,#11903,#11904,#11905,
#11906,#11907,#11908,#11909),.UNSPECIFIED.,.F.,.F.,(4,1,1,1,1,1,4),(0.,
0.25,0.375,0.5,0.625,0.75,1.),.UNSPECIFIED.);
#4445=B_SPLINE_CURVE_WITH_KNOTS('',3,(#11964,#11965,#11966,#11967,#11968,
#11969,#11970,#11971,#11972),.UNSPECIFIED.,.F.,.F.,(4,1,1,1,1,1,4),(0.,
0.25,0.375,0.5,0.625,0.75,1.),.UNSPECIFIED.);
#4446=B_SPLINE_CURVE_WITH_KNOTS('',3,(#11973,#11974,#11975,#11976,#11977,
#11978,#11979,#11980),.UNSPECIFIED.,.F.,.F.,(4,2,2,4),(2.32381155120033E-15,
0.000419880843517763,0.000839761687033201,0.00167952337406408),
 .UNSPECIFIED.);
#4447=B_SPLINE_CURVE_WITH_KNOTS('',3,(#12028,#12029,#12030,#12031,#12032),
 .UNSPECIFIED.,.F.,.F.,(4,1,4),(0.,0.5,1.),.UNSPECIFIED.);
#4448=B_SPLINE_CURVE_WITH_KNOTS('',3,(#12033,#12034,#12035,#12036,#12037,
#12038,#12039),.UNSPECIFIED.,.F.,.F.,(4,1,1,1,4),(0.,0.25,0.5,0.75,1.),
 .UNSPECIFIED.);
#4449=B_SPLINE_CURVE_WITH_KNOTS('',3,(#12079,#12080,#12081,#12082,#12083,
#12084,#12085,#12086),.UNSPECIFIED.,.F.,.F.,(4,2,2,4),(0.,0.000835607959995638,
0.00125341193999346,0.00167121591999128),.UNSPECIFIED.);
#4450=B_SPLINE_CURVE_WITH_KNOTS('',3,(#12087,#12088,#12089,#12090,#12091,
#12092,#12093,#12094,#12095),.UNSPECIFIED.,.F.,.F.,(4,1,1,1,1,1,4),(0.,
0.25,0.375,0.5,0.625,0.75,1.),.UNSPECIFIED.);
#4451=B_SPLINE_CURVE_WITH_KNOTS('',3,(#12097,#12098,#12099,#12100,#12101,
#12102,#12103),.UNSPECIFIED.,.F.,.F.,(4,1,1,1,4),(0.,0.25,0.5,0.75,1.),
 .UNSPECIFIED.);
#4452=B_SPLINE_CURVE_WITH_KNOTS('',3,(#12160,#12161,#12162,#12163,#12164,
#12165,#12166,#12167,#12168),.UNSPECIFIED.,.F.,.F.,(4,1,1,1,1,1,4),(0.,
0.25,0.375,0.5,0.625,0.75,1.),.UNSPECIFIED.);
#4453=B_SPLINE_CURVE_WITH_KNOTS('',3,(#12169,#12170,#12171,#12172,#12173,
#12174,#12175,#12176),.UNSPECIFIED.,.F.,.F.,(4,2,2,4),(0.,0.000835607959995642,
0.00125341193999346,0.00167121591999128),.UNSPECIFIED.);
#4454=B_SPLINE_CURVE_WITH_KNOTS('',3,(#12207,#12208,#12209,#12210,#12211),
 .UNSPECIFIED.,.F.,.F.,(4,1,4),(0.,0.5,1.),.UNSPECIFIED.);
#4455=B_SPLINE_CURVE_WITH_KNOTS('',3,(#12261,#12262,#12263,#12264,#12265,
#12266,#12267,#12268),.UNSPECIFIED.,.F.,.F.,(4,2,2,4),(2.32430808152793E-15,
0.000419880843517763,0.000839761687033202,0.00167952337406408),
 .UNSPECIFIED.);
#4456=B_SPLINE_CURVE_WITH_KNOTS('',3,(#12269,#12270,#12271,#12272,#12273,
#12274,#12275,#12276,#12277),.UNSPECIFIED.,.F.,.F.,(4,1,1,1,1,1,4),(0.,
0.25,0.375,0.5,0.625,0.75,1.),.UNSPECIFIED.);
#4457=B_SPLINE_CURVE_WITH_KNOTS('',3,(#12279,#12280,#12281,#12282,#12283,
#12284,#12285),.UNSPECIFIED.,.F.,.F.,(4,1,1,1,4),(0.,0.25,0.5,0.75,1.),
 .UNSPECIFIED.);
#4458=B_SPLINE_CURVE_WITH_KNOTS('',3,(#12328,#12329,#12330,#12331,#12332,
#12333,#12334,#12335,#12336),.UNSPECIFIED.,.F.,.F.,(4,1,1,1,1,1,4),(0.,
0.25,0.375,0.5,0.625,0.75,1.),.UNSPECIFIED.);
#4459=B_SPLINE_CURVE_WITH_KNOTS('',3,(#12337,#12338,#12339,#12340,#12341,
#12342,#12343,#12344),.UNSPECIFIED.,.F.,.F.,(4,2,2,4),(2.32414284902715E-15,
0.000419880843517764,0.000839761687033202,0.00167952337406408),
 .UNSPECIFIED.);
#4460=B_SPLINE_CURVE_WITH_KNOTS('',3,(#12383,#12384,#12385,#12386,#12387),
 .UNSPECIFIED.,.F.,.F.,(4,1,4),(0.,0.5,1.),.UNSPECIFIED.);
#4461=B_SPLINE_CURVE_WITH_KNOTS('',3,(#12424,#12425,#12426,#12427,#12428,
#12429,#12430,#12431,#12432),.UNSPECIFIED.,.F.,.F.,(4,1,1,1,1,1,4),(0.,
0.25,0.375,0.5,0.625,0.75,1.),.UNSPECIFIED.);
#4462=B_SPLINE_CURVE_WITH_KNOTS('',3,(#12433,#12434,#12435,#12436,#12437,
#12438,#12439,#12440),.UNSPECIFIED.,.F.,.F.,(4,2,2,4),(0.,0.000835607959995636,
0.00125341193999345,0.00167121591999127),.UNSPECIFIED.);
#4463=B_SPLINE_CURVE_WITH_KNOTS('',3,(#12501,#12502,#12503,#12504),
 .UNSPECIFIED.,.F.,.F.,(4,4),(0.,1.),.UNSPECIFIED.);
#4464=B_SPLINE_CURVE_WITH_KNOTS('',3,(#12515,#12516,#12517,#12518),
 .UNSPECIFIED.,.F.,.F.,(4,4),(0.,1.),.UNSPECIFIED.);
#4465=B_SPLINE_CURVE_WITH_KNOTS('',3,(#12538,#12539,#12540,#12541),
 .UNSPECIFIED.,.F.,.F.,(4,4),(0.,1.),.UNSPECIFIED.);
#4466=B_SPLINE_CURVE_WITH_KNOTS('',3,(#12549,#12550,#12551,#12552),
 .UNSPECIFIED.,.F.,.F.,(4,4),(5.95238094924788E-8,1.),.UNSPECIFIED.);
#4467=B_SPLINE_CURVE_WITH_KNOTS('',3,(#12560,#12561,#12562,#12563),
 .UNSPECIFIED.,.F.,.F.,(4,4),(0.,1.),.UNSPECIFIED.);
#4468=B_SPLINE_CURVE_WITH_KNOTS('',3,(#12574,#12575,#12576,#12577,#12578),
 .UNSPECIFIED.,.F.,.F.,(4,1,4),(0.,0.590212627394885,1.),.UNSPECIFIED.);
#4469=B_SPLINE_CURVE_WITH_KNOTS('',3,(#12583,#12584,#12585,#12586,#12587),
 .UNSPECIFIED.,.F.,.F.,(4,1,4),(0.,0.590212627394885,1.),.UNSPECIFIED.);
#4470=B_SPLINE_CURVE_WITH_KNOTS('',3,(#12595,#12596,#12597,#12598),
 .UNSPECIFIED.,.F.,.F.,(4,4),(0.,1.),.UNSPECIFIED.);
#4471=B_SPLINE_CURVE_WITH_KNOTS('',3,(#12636,#12637,#12638,#12639),
 .UNSPECIFIED.,.F.,.F.,(4,4),(0.,1.),.UNSPECIFIED.);
#4472=B_SPLINE_CURVE_WITH_KNOTS('',3,(#12654,#12655,#12656,#12657,#12658),
 .UNSPECIFIED.,.F.,.F.,(4,1,4),(0.,0.409787372605115,1.),.UNSPECIFIED.);
#4473=B_SPLINE_CURVE_WITH_KNOTS('',3,(#12660,#12661,#12662,#12663,#12664),
 .UNSPECIFIED.,.F.,.F.,(4,1,4),(0.,0.409787372605115,1.),.UNSPECIFIED.);
#4474=B_SPLINE_CURVE_WITH_KNOTS('',3,(#12670,#12671,#12672,#12673),
 .UNSPECIFIED.,.F.,.F.,(4,4),(0.,0.99999994047619),.UNSPECIFIED.);
#4475=B_SPLINE_CURVE_WITH_KNOTS('',3,(#12716,#12717,#12718,#12719),
 .UNSPECIFIED.,.F.,.F.,(4,4),(0.,1.),.UNSPECIFIED.);
#4476=B_SPLINE_CURVE_WITH_KNOTS('',3,(#12722,#12723,#12724,#12725),
 .UNSPECIFIED.,.F.,.F.,(4,4),(0.,1.),.UNSPECIFIED.);
#4477=B_SPLINE_CURVE_WITH_KNOTS('',3,(#12727,#12728,#12729,#12730),
 .UNSPECIFIED.,.F.,.F.,(4,4),(0.,1.),.UNSPECIFIED.);
#4478=B_SPLINE_CURVE_WITH_KNOTS('',3,(#12840,#12841,#12842,#12843),
 .UNSPECIFIED.,.F.,.F.,(4,4),(0.,1.),.UNSPECIFIED.);
#4479=B_SPLINE_CURVE_WITH_KNOTS('',3,(#12846,#12847,#12848,#12849),
 .UNSPECIFIED.,.F.,.F.,(4,4),(0.,1.),.UNSPECIFIED.);
#4480=B_SPLINE_CURVE_WITH_KNOTS('',3,(#12851,#12852,#12853,#12854),
 .UNSPECIFIED.,.F.,.F.,(4,4),(0.,1.),.UNSPECIFIED.);
#4481=B_SPLINE_CURVE_WITH_KNOTS('',3,(#12885,#12886,#12887,#12888),
 .UNSPECIFIED.,.F.,.F.,(4,4),(0.,1.),.UNSPECIFIED.);
#4482=B_SPLINE_CURVE_WITH_KNOTS('',3,(#12899,#12900,#12901,#12902),
 .UNSPECIFIED.,.F.,.F.,(4,4),(0.,1.),.UNSPECIFIED.);
#4483=B_SPLINE_CURVE_WITH_KNOTS('',3,(#12922,#12923,#12924,#12925),
 .UNSPECIFIED.,.F.,.F.,(4,4),(0.,1.),.UNSPECIFIED.);
#4484=B_SPLINE_CURVE_WITH_KNOTS('',3,(#12933,#12934,#12935,#12936),
 .UNSPECIFIED.,.F.,.F.,(4,4),(5.95238094924788E-8,1.),.UNSPECIFIED.);
#4485=B_SPLINE_CURVE_WITH_KNOTS('',3,(#12944,#12945,#12946,#12947),
 .UNSPECIFIED.,.F.,.F.,(4,4),(0.,1.),.UNSPECIFIED.);
#4486=B_SPLINE_CURVE_WITH_KNOTS('',3,(#12958,#12959,#12960,#12961,#12962),
 .UNSPECIFIED.,.F.,.F.,(4,1,4),(0.,0.590212627394885,1.),.UNSPECIFIED.);
#4487=B_SPLINE_CURVE_WITH_KNOTS('',3,(#12967,#12968,#12969,#12970,#12971),
 .UNSPECIFIED.,.F.,.F.,(4,1,4),(0.,0.590212627394885,1.),.UNSPECIFIED.);
#4488=B_SPLINE_CURVE_WITH_KNOTS('',3,(#12979,#12980,#12981,#12982),
 .UNSPECIFIED.,.F.,.F.,(4,4),(0.,1.),.UNSPECIFIED.);
#4489=B_SPLINE_CURVE_WITH_KNOTS('',3,(#13020,#13021,#13022,#13023),
 .UNSPECIFIED.,.F.,.F.,(4,4),(0.,1.),.UNSPECIFIED.);
#4490=B_SPLINE_CURVE_WITH_KNOTS('',3,(#13038,#13039,#13040,#13041,#13042),
 .UNSPECIFIED.,.F.,.F.,(4,1,4),(0.,0.409787372605115,1.),.UNSPECIFIED.);
#4491=B_SPLINE_CURVE_WITH_KNOTS('',3,(#13044,#13045,#13046,#13047,#13048),
 .UNSPECIFIED.,.F.,.F.,(4,1,4),(0.,0.409787372605115,1.),.UNSPECIFIED.);
#4492=B_SPLINE_CURVE_WITH_KNOTS('',3,(#13054,#13055,#13056,#13057),
 .UNSPECIFIED.,.F.,.F.,(4,4),(0.,0.99999994047619),.UNSPECIFIED.);
#4493=B_SPLINE_CURVE_WITH_KNOTS('',3,(#13100,#13101,#13102,#13103),
 .UNSPECIFIED.,.F.,.F.,(4,4),(0.,1.),.UNSPECIFIED.);
#4494=B_SPLINE_CURVE_WITH_KNOTS('',3,(#13106,#13107,#13108,#13109),
 .UNSPECIFIED.,.F.,.F.,(4,4),(0.,1.),.UNSPECIFIED.);
#4495=B_SPLINE_CURVE_WITH_KNOTS('',3,(#13111,#13112,#13113,#13114),
 .UNSPECIFIED.,.F.,.F.,(4,4),(0.,1.),.UNSPECIFIED.);
#4496=B_SPLINE_CURVE_WITH_KNOTS('',3,(#13224,#13225,#13226,#13227),
 .UNSPECIFIED.,.F.,.F.,(4,4),(0.,1.),.UNSPECIFIED.);
#4497=B_SPLINE_CURVE_WITH_KNOTS('',3,(#13230,#13231,#13232,#13233),
 .UNSPECIFIED.,.F.,.F.,(4,4),(0.,1.),.UNSPECIFIED.);
#4498=B_SPLINE_CURVE_WITH_KNOTS('',3,(#13235,#13236,#13237,#13238),
 .UNSPECIFIED.,.F.,.F.,(4,4),(0.,1.),.UNSPECIFIED.);
#4499=EDGE_LOOP('',(#1471,#1472,#1473,#1474,#1475,#1476,#1477,#1478));
#4500=EDGE_LOOP('',(#1479,#1480,#1481,#1482));
#4501=EDGE_LOOP('',(#1483,#1484,#1485,#1486,#1487,#1488,#1489,#1490,#1491,
#1492,#1493,#1494,#1495,#1496,#1497,#1498,#1499,#1500,#1501,#1502,#1503,
#1504,#1505));
#4502=EDGE_LOOP('',(#1506,#1507,#1508));
#4503=EDGE_LOOP('',(#1509,#1510,#1511,#1512,#1513,#1514,#1515,#1516,#1517,
#1518,#1519,#1520,#1521,#1522,#1523,#1524,#1525,#1526,#1527,#1528,#1529,
#1530,#1531,#1532));
#4504=EDGE_LOOP('',(#1533,#1534,#1535,#1536,#1537,#1538));
#4505=EDGE_LOOP('',(#1539,#1540,#1541,#1542));
#4506=EDGE_LOOP('',(#1543,#1544,#1545,#1546));
#4507=EDGE_LOOP('',(#1547,#1548,#1549,#1550));
#4508=EDGE_LOOP('',(#1551,#1552,#1553,#1554));
#4509=EDGE_LOOP('',(#1555,#1556,#1557,#1558));
#4510=EDGE_LOOP('',(#1559,#1560,#1561,#1562));
#4511=EDGE_LOOP('',(#1563,#1564,#1565,#1566));
#4512=EDGE_LOOP('',(#1567,#1568,#1569,#1570));
#4513=EDGE_LOOP('',(#1571,#1572,#1573,#1574));
#4514=EDGE_LOOP('',(#1575,#1576,#1577,#1578));
#4515=EDGE_LOOP('',(#1579,#1580,#1581,#1582));
#4516=EDGE_LOOP('',(#1583,#1584,#1585,#1586));
#4517=EDGE_LOOP('',(#1587,#1588,#1589,#1590));
#4518=EDGE_LOOP('',(#1591,#1592,#1593,#1594));
#4519=EDGE_LOOP('',(#1595,#1596,#1597,#1598));
#4520=EDGE_LOOP('',(#1599,#1600,#1601,#1602));
#4521=EDGE_LOOP('',(#1603,#1604,#1605,#1606));
#4522=EDGE_LOOP('',(#1607,#1608,#1609,#1610));
#4523=EDGE_LOOP('',(#1611,#1612,#1613,#1614));
#4524=EDGE_LOOP('',(#1615,#1616,#1617,#1618));
#4525=EDGE_LOOP('',(#1619,#1620,#1621,#1622));
#4526=EDGE_LOOP('',(#1623,#1624,#1625,#1626));
#4527=EDGE_LOOP('',(#1627,#1628,#1629,#1630));
#4528=EDGE_LOOP('',(#1631,#1632,#1633,#1634));
#4529=EDGE_LOOP('',(#1635,#1636,#1637,#1638));
#4530=EDGE_LOOP('',(#1639,#1640,#1641,#1642));
#4531=EDGE_LOOP('',(#1643,#1644,#1645,#1646));
#4532=EDGE_LOOP('',(#1647,#1648,#1649,#1650));
#4533=EDGE_LOOP('',(#1651,#1652,#1653,#1654));
#4534=EDGE_LOOP('',(#1655,#1656,#1657,#1658));
#4535=EDGE_LOOP('',(#1659,#1660,#1661,#1662));
#4536=EDGE_LOOP('',(#1663,#1664,#1665,#1666));
#4537=EDGE_LOOP('',(#1667,#1668,#1669,#1670));
#4538=EDGE_LOOP('',(#1671,#1672,#1673,#1674));
#4539=EDGE_LOOP('',(#1675,#1676,#1677,#1678));
#4540=EDGE_LOOP('',(#1679,#1680,#1681,#1682));
#4541=EDGE_LOOP('',(#1683,#1684,#1685,#1686));
#4542=EDGE_LOOP('',(#1687,#1688,#1689,#1690));
#4543=EDGE_LOOP('',(#1691,#1692,#1693,#1694));
#4544=EDGE_LOOP('',(#1695,#1696,#1697,#1698));
#4545=EDGE_LOOP('',(#1699,#1700,#1701,#1702));
#4546=EDGE_LOOP('',(#1703,#1704,#1705,#1706));
#4547=EDGE_LOOP('',(#1707,#1708,#1709,#1710));
#4548=EDGE_LOOP('',(#1711,#1712,#1713,#1714));
#4549=EDGE_LOOP('',(#1715,#1716,#1717,#1718));
#4550=EDGE_LOOP('',(#1719,#1720,#1721,#1722));
#4551=EDGE_LOOP('',(#1723,#1724,#1725,#1726));
#4552=EDGE_LOOP('',(#1727,#1728,#1729,#1730,#1731,#1732,#1733,#1734));
#4553=EDGE_LOOP('',(#1735,#1736,#1737,#1738));
#4554=EDGE_LOOP('',(#1739,#1740,#1741,#1742));
#4555=EDGE_LOOP('',(#1743,#1744,#1745,#1746));
#4556=EDGE_LOOP('',(#1747,#1748,#1749,#1750,#1751,#1752,#1753,#1754));
#4557=EDGE_LOOP('',(#1755,#1756,#1757,#1758,#1759,#1760,#1761,#1762));
#4558=EDGE_LOOP('',(#1763,#1764,#1765,#1766));
#4559=EDGE_LOOP('',(#1767,#1768,#1769,#1770));
#4560=EDGE_LOOP('',(#1771,#1772,#1773,#1774));
#4561=EDGE_LOOP('',(#1775,#1776,#1777,#1778));
#4562=EDGE_LOOP('',(#1779,#1780,#1781,#1782));
#4563=EDGE_LOOP('',(#1783,#1784,#1785,#1786));
#4564=EDGE_LOOP('',(#1787,#1788,#1789,#1790,#1791,#1792,#1793,#1794));
#4565=EDGE_LOOP('',(#1795,#1796,#1797,#1798));
#4566=EDGE_LOOP('',(#1799,#1800,#1801,#1802));
#4567=EDGE_LOOP('',(#1803,#1804,#1805,#1806));
#4568=EDGE_LOOP('',(#1807,#1808,#1809,#1810,#1811,#1812,#1813,#1814));
#4569=EDGE_LOOP('',(#1815,#1816,#1817,#1818));
#4570=EDGE_LOOP('',(#1819,#1820,#1821,#1822));
#4571=EDGE_LOOP('',(#1823,#1824,#1825,#1826,#1827,#1828,#1829,#1830));
#4572=EDGE_LOOP('',(#1831,#1832,#1833,#1834));
#4573=EDGE_LOOP('',(#1835,#1836,#1837,#1838));
#4574=EDGE_LOOP('',(#1839,#1840,#1841,#1842));
#4575=EDGE_LOOP('',(#1843,#1844,#1845,#1846));
#4576=EDGE_LOOP('',(#1847,#1848,#1849,#1850));
#4577=EDGE_LOOP('',(#1851,#1852,#1853,#1854));
#4578=EDGE_LOOP('',(#1855,#1856,#1857,#1858));
#4579=EDGE_LOOP('',(#1859,#1860,#1861,#1862));
#4580=EDGE_LOOP('',(#1863,#1864,#1865,#1866));
#4581=EDGE_LOOP('',(#1867,#1868,#1869,#1870));
#4582=EDGE_LOOP('',(#1871,#1872,#1873,#1874));
#4583=EDGE_LOOP('',(#1875,#1876,#1877,#1878));
#4584=EDGE_LOOP('',(#1879,#1880,#1881,#1882));
#4585=EDGE_LOOP('',(#1883,#1884,#1885,#1886));
#4586=EDGE_LOOP('',(#1887,#1888,#1889,#1890));
#4587=EDGE_LOOP('',(#1891,#1892,#1893,#1894));
#4588=EDGE_LOOP('',(#1895,#1896,#1897,#1898));
#4589=EDGE_LOOP('',(#1899,#1900,#1901,#1902));
#4590=EDGE_LOOP('',(#1903,#1904,#1905,#1906));
#4591=EDGE_LOOP('',(#1907,#1908,#1909,#1910));
#4592=EDGE_LOOP('',(#1911,#1912,#1913,#1914));
#4593=EDGE_LOOP('',(#1915,#1916,#1917,#1918));
#4594=EDGE_LOOP('',(#1919,#1920,#1921,#1922,#1923,#1924,#1925,#1926,#1927,
#1928,#1929,#1930,#1931,#1932,#1933,#1934,#1935,#1936,#1937,#1938,#1939,
#1940));
#4595=EDGE_LOOP('',(#1941,#1942,#1943,#1944));
#4596=EDGE_LOOP('',(#1945));
#4597=EDGE_LOOP('',(#1946));
#4598=EDGE_LOOP('',(#1947,#1948,#1949,#1950,#1951,#1952,#1953,#1954,#1955,
#1956,#1957,#1958,#1959,#1960,#1961,#1962,#1963,#1964));
#4599=EDGE_LOOP('',(#1965,#1966,#1967,#1968,#1969,#1970,#1971,#1972));
#4600=EDGE_LOOP('',(#1973));
#4601=EDGE_LOOP('',(#1974));
#4602=EDGE_LOOP('',(#1975));
#4603=EDGE_LOOP('',(#1976));
#4604=EDGE_LOOP('',(#1977,#1978,#1979,#1980,#1981,#1982,#1983,#1984));
#4605=EDGE_LOOP('',(#1985,#1986,#1987,#1988,#1989,#1990,#1991,#1992,#1993,
#1994,#1995,#1996,#1997,#1998,#1999,#2000,#2001,#2002));
#4606=EDGE_LOOP('',(#2003,#2004,#2005,#2006));
#4607=EDGE_LOOP('',(#2007,#2008,#2009,#2010));
#4608=EDGE_LOOP('',(#2011,#2012,#2013,#2014));
#4609=EDGE_LOOP('',(#2015,#2016,#2017,#2018));
#4610=EDGE_LOOP('',(#2019,#2020,#2021,#2022));
#4611=EDGE_LOOP('',(#2023,#2024,#2025,#2026));
#4612=EDGE_LOOP('',(#2027,#2028,#2029,#2030));
#4613=EDGE_LOOP('',(#2031,#2032,#2033,#2034));
#4614=EDGE_LOOP('',(#2035,#2036,#2037,#2038));
#4615=EDGE_LOOP('',(#2039,#2040,#2041,#2042));
#4616=EDGE_LOOP('',(#2043,#2044,#2045,#2046));
#4617=EDGE_LOOP('',(#2047,#2048,#2049,#2050));
#4618=EDGE_LOOP('',(#2051,#2052,#2053,#2054,#2055,#2056,#2057,#2058,#2059,
#2060,#2061,#2062,#2063,#2064,#2065,#2066,#2067,#2068,#2069,#2070,#2071,
#2072));
#4619=EDGE_LOOP('',(#2073,#2074,#2075,#2076,#2077,#2078,#2079,#2080,#2081,
#2082,#2083,#2084,#2085,#2086,#2087,#2088,#2089,#2090,#2091,#2092,#2093,
#2094,#2095,#2096,#2097,#2098,#2099,#2100,#2101,#2102,#2103,#2104,#2105,
#2106,#2107,#2108,#2109,#2110,#2111,#2112,#2113,#2114,#2115,#2116,#2117,
#2118,#2119,#2120,#2121,#2122,#2123,#2124));
#4620=EDGE_LOOP('',(#2125));
#4621=EDGE_LOOP('',(#2126,#2127));
#4622=EDGE_LOOP('',(#2128,#2129,#2130,#2131,#2132,#2133,#2134,#2135,#2136,
#2137,#2138,#2139,#2140,#2141,#2142,#2143,#2144,#2145,#2146,#2147,#2148,
#2149,#2150,#2151,#2152,#2153,#2154,#2155,#2156,#2157,#2158,#2159,#2160,
#2161,#2162,#2163,#2164,#2165,#2166,#2167));
#4623=EDGE_LOOP('',(#2168));
#4624=EDGE_LOOP('',(#2169,#2170,#2171,#2172));
#4625=EDGE_LOOP('',(#2173));
#4626=EDGE_LOOP('',(#2174));
#4627=EDGE_LOOP('',(#2175));
#4628=EDGE_LOOP('',(#2176));
#4629=EDGE_LOOP('',(#2177,#2178,#2179,#2180,#2181,#2182,#2183,#2184));
#4630=EDGE_LOOP('',(#2185));
#4631=EDGE_LOOP('',(#2186));
#4632=EDGE_LOOP('',(#2187,#2188,#2189,#2190,#2191,#2192,#2193,#2194));
#4633=EDGE_LOOP('',(#2195,#2196,#2197,#2198,#2199,#2200,#2201,#2202));
#4634=EDGE_LOOP('',(#2203));
#4635=EDGE_LOOP('',(#2204));
#4636=EDGE_LOOP('',(#2205));
#4637=EDGE_LOOP('',(#2206));
#4638=EDGE_LOOP('',(#2207));
#4639=EDGE_LOOP('',(#2208));
#4640=EDGE_LOOP('',(#2209,#2210,#2211,#2212));
#4641=EDGE_LOOP('',(#2213,#2214,#2215,#2216));
#4642=EDGE_LOOP('',(#2217,#2218,#2219,#2220));
#4643=EDGE_LOOP('',(#2221,#2222,#2223,#2224));
#4644=EDGE_LOOP('',(#2225));
#4645=EDGE_LOOP('',(#2226));
#4646=EDGE_LOOP('',(#2227));
#4647=EDGE_LOOP('',(#2228));
#4648=EDGE_LOOP('',(#2229,#2230,#2231,#2232));
#4649=EDGE_LOOP('',(#2233,#2234,#2235,#2236,#2237,#2238,#2239,#2240,#2241,
#2242,#2243,#2244,#2245,#2246,#2247,#2248));
#4650=EDGE_LOOP('',(#2249,#2250,#2251,#2252,#2253,#2254,#2255,#2256,#2257,
#2258,#2259,#2260,#2261,#2262,#2263));
#4651=EDGE_LOOP('',(#2264,#2265,#2266,#2267));
#4652=EDGE_LOOP('',(#2268,#2269,#2270,#2271));
#4653=EDGE_LOOP('',(#2272,#2273,#2274,#2275));
#4654=EDGE_LOOP('',(#2276,#2277,#2278,#2279));
#4655=EDGE_LOOP('',(#2280,#2281,#2282,#2283));
#4656=EDGE_LOOP('',(#2284,#2285,#2286,#2287));
#4657=EDGE_LOOP('',(#2288,#2289,#2290,#2291));
#4658=EDGE_LOOP('',(#2292,#2293,#2294,#2295));
#4659=EDGE_LOOP('',(#2296,#2297,#2298));
#4660=EDGE_LOOP('',(#2299,#2300,#2301,#2302));
#4661=EDGE_LOOP('',(#2303,#2304,#2305,#2306));
#4662=EDGE_LOOP('',(#2307,#2308,#2309,#2310));
#4663=EDGE_LOOP('',(#2311,#2312,#2313,#2314));
#4664=EDGE_LOOP('',(#2315,#2316,#2317,#2318));
#4665=EDGE_LOOP('',(#2319,#2320,#2321,#2322));
#4666=EDGE_LOOP('',(#2323,#2324,#2325,#2326));
#4667=EDGE_LOOP('',(#2327,#2328,#2329));
#4668=EDGE_LOOP('',(#2330,#2331,#2332));
#4669=EDGE_LOOP('',(#2333,#2334,#2335,#2336));
#4670=EDGE_LOOP('',(#2337,#2338,#2339,#2340));
#4671=EDGE_LOOP('',(#2341,#2342,#2343,#2344));
#4672=EDGE_LOOP('',(#2345,#2346,#2347,#2348));
#4673=EDGE_LOOP('',(#2349,#2350,#2351,#2352));
#4674=EDGE_LOOP('',(#2353,#2354,#2355,#2356));
#4675=EDGE_LOOP('',(#2357,#2358,#2359,#2360));
#4676=EDGE_LOOP('',(#2361,#2362,#2363));
#4677=EDGE_LOOP('',(#2364,#2365,#2366));
#4678=EDGE_LOOP('',(#2367,#2368,#2369,#2370));
#4679=EDGE_LOOP('',(#2371,#2372,#2373,#2374));
#4680=EDGE_LOOP('',(#2375,#2376,#2377,#2378));
#4681=EDGE_LOOP('',(#2379,#2380,#2381,#2382));
#4682=EDGE_LOOP('',(#2383,#2384,#2385,#2386));
#4683=EDGE_LOOP('',(#2387,#2388,#2389,#2390));
#4684=EDGE_LOOP('',(#2391,#2392,#2393,#2394));
#4685=EDGE_LOOP('',(#2395,#2396,#2397,#2398));
#4686=EDGE_LOOP('',(#2399,#2400,#2401));
#4687=EDGE_LOOP('',(#2402,#2403,#2404,#2405));
#4688=EDGE_LOOP('',(#2406,#2407,#2408,#2409));
#4689=EDGE_LOOP('',(#2410,#2411,#2412,#2413));
#4690=EDGE_LOOP('',(#2414,#2415,#2416,#2417));
#4691=EDGE_LOOP('',(#2418,#2419,#2420,#2421));
#4692=EDGE_LOOP('',(#2422,#2423,#2424,#2425));
#4693=EDGE_LOOP('',(#2426,#2427,#2428,#2429));
#4694=EDGE_LOOP('',(#2430));
#4695=EDGE_LOOP('',(#2431,#2432,#2433,#2434));
#4696=EDGE_LOOP('',(#2435,#2436));
#4697=EDGE_LOOP('',(#2437));
#4698=EDGE_LOOP('',(#2438,#2439,#2440,#2441));
#4699=EDGE_LOOP('',(#2442,#2443,#2444,#2445,#2446,#2447));
#4700=EDGE_LOOP('',(#2448,#2449,#2450,#2451,#2452,#2453));
#4701=EDGE_LOOP('',(#2454,#2455,#2456,#2457,#2458,#2459));
#4702=EDGE_LOOP('',(#2460,#2461,#2462,#2463,#2464,#2465));
#4703=EDGE_LOOP('',(#2466,#2467,#2468,#2469,#2470,#2471));
#4704=EDGE_LOOP('',(#2472,#2473,#2474,#2475,#2476,#2477));
#4705=EDGE_LOOP('',(#2478,#2479));
#4706=EDGE_LOOP('',(#2480,#2481));
#4707=EDGE_LOOP('',(#2482,#2483));
#4708=EDGE_LOOP('',(#2484,#2485));
#4709=EDGE_LOOP('',(#2486,#2487));
#4710=EDGE_LOOP('',(#2488));
#4711=EDGE_LOOP('',(#2489));
#4712=EDGE_LOOP('',(#2490,#2491,#2492,#2493,#2494,#2495,#2496,#2497,#2498,
#2499,#2500,#2501,#2502,#2503,#2504,#2505,#2506,#2507,#2508,#2509,#2510,
#2511,#2512,#2513,#2514,#2515,#2516));
#4713=EDGE_LOOP('',(#2517));
#4714=EDGE_LOOP('',(#2518,#2519,#2520,#2521,#2522,#2523));
#4715=EDGE_LOOP('',(#2524));
#4716=EDGE_LOOP('',(#2525,#2526,#2527,#2528,#2529,#2530,#2531,#2532,#2533,
#2534,#2535,#2536,#2537,#2538,#2539,#2540,#2541,#2542,#2543,#2544,#2545,
#2546,#2547,#2548));
#4717=EDGE_LOOP('',(#2549,#2550,#2551,#2552));
#4718=EDGE_LOOP('',(#2553,#2554,#2555,#2556));
#4719=EDGE_LOOP('',(#2557,#2558,#2559,#2560));
#4720=EDGE_LOOP('',(#2561,#2562,#2563,#2564));
#4721=EDGE_LOOP('',(#2565,#2566,#2567,#2568));
#4722=EDGE_LOOP('',(#2569,#2570,#2571,#2572));
#4723=EDGE_LOOP('',(#2573,#2574,#2575,#2576));
#4724=EDGE_LOOP('',(#2577));
#4725=EDGE_LOOP('',(#2578,#2579,#2580,#2581,#2582,#2583,#2584,#2585,#2586,
#2587));
#4726=EDGE_LOOP('',(#2588,#2589,#2590,#2591));
#4727=EDGE_LOOP('',(#2592,#2593,#2594,#2595,#2596,#2597,#2598,#2599,#2600,
#2601));
#4728=EDGE_LOOP('',(#2602,#2603,#2604,#2605));
#4729=EDGE_LOOP('',(#2606,#2607,#2608,#2609));
#4730=EDGE_LOOP('',(#2610,#2611,#2612,#2613));
#4731=EDGE_LOOP('',(#2614,#2615,#2616,#2617));
#4732=EDGE_LOOP('',(#2618,#2619,#2620,#2621));
#4733=EDGE_LOOP('',(#2622,#2623,#2624,#2625));
#4734=EDGE_LOOP('',(#2626,#2627,#2628,#2629));
#4735=EDGE_LOOP('',(#2630,#2631,#2632,#2633));
#4736=EDGE_LOOP('',(#2634,#2635,#2636,#2637));
#4737=EDGE_LOOP('',(#2638,#2639,#2640,#2641));
#4738=EDGE_LOOP('',(#2642,#2643,#2644,#2645));
#4739=EDGE_LOOP('',(#2646));
#4740=EDGE_LOOP('',(#2647,#2648,#2649,#2650));
#4741=EDGE_LOOP('',(#2651,#2652,#2653,#2654,#2655,#2656,#2657,#2658,#2659,
#2660,#2661,#2662,#2663,#2664,#2665,#2666,#2667,#2668,#2669,#2670));
#4742=EDGE_LOOP('',(#2671,#2672,#2673,#2674,#2675,#2676,#2677,#2678,#2679,
#2680,#2681,#2682,#2683,#2684,#2685,#2686,#2687,#2688,#2689,#2690));
#4743=EDGE_LOOP('',(#2691,#2692,#2693,#2694));
#4744=EDGE_LOOP('',(#2695,#2696,#2697,#2698));
#4745=EDGE_LOOP('',(#2699,#2700,#2701,#2702));
#4746=EDGE_LOOP('',(#2703,#2704,#2705,#2706));
#4747=EDGE_LOOP('',(#2707));
#4748=EDGE_LOOP('',(#2708));
#4749=EDGE_LOOP('',(#2709));
#4750=EDGE_LOOP('',(#2710));
#4751=EDGE_LOOP('',(#2711,#2712,#2713));
#4752=EDGE_LOOP('',(#2714,#2715));
#4753=EDGE_LOOP('',(#2716,#2717,#2718,#2719));
#4754=EDGE_LOOP('',(#2720,#2721,#2722,#2723));
#4755=EDGE_LOOP('',(#2724,#2725,#2726,#2727));
#4756=EDGE_LOOP('',(#2728,#2729,#2730,#2731));
#4757=EDGE_LOOP('',(#2732,#2733,#2734,#2735));
#4758=EDGE_LOOP('',(#2736,#2737,#2738,#2739));
#4759=EDGE_LOOP('',(#2740,#2741,#2742,#2743));
#4760=EDGE_LOOP('',(#2744));
#4761=EDGE_LOOP('',(#2745,#2746,#2747,#2748,#2749,#2750,#2751,#2752));
#4762=EDGE_LOOP('',(#2753,#2754,#2755,#2756,#2757,#2758,#2759,#2760));
#4763=EDGE_LOOP('',(#2761,#2762,#2763,#2764,#2765));
#4764=EDGE_LOOP('',(#2766,#2767,#2768,#2769));
#4765=EDGE_LOOP('',(#2770,#2771,#2772,#2773,#2774,#2775,#2776,#2777));
#4766=EDGE_LOOP('',(#2778,#2779,#2780,#2781,#2782,#2783,#2784,#2785));
#4767=EDGE_LOOP('',(#2786,#2787,#2788,#2789));
#4768=EDGE_LOOP('',(#2790));
#4769=EDGE_LOOP('',(#2791,#2792,#2793,#2794,#2795));
#4770=EDGE_LOOP('',(#2796));
#4771=EDGE_LOOP('',(#2797));
#4772=EDGE_LOOP('',(#2798));
#4773=EDGE_LOOP('',(#2799));
#4774=EDGE_LOOP('',(#2800,#2801,#2802));
#4775=EDGE_LOOP('',(#2803,#2804));
#4776=EDGE_LOOP('',(#2805,#2806,#2807,#2808));
#4777=EDGE_LOOP('',(#2809,#2810,#2811,#2812));
#4778=EDGE_LOOP('',(#2813,#2814,#2815,#2816));
#4779=EDGE_LOOP('',(#2817,#2818,#2819,#2820));
#4780=EDGE_LOOP('',(#2821,#2822,#2823,#2824));
#4781=EDGE_LOOP('',(#2825,#2826,#2827,#2828));
#4782=EDGE_LOOP('',(#2829,#2830,#2831,#2832));
#4783=EDGE_LOOP('',(#2833));
#4784=EDGE_LOOP('',(#2834,#2835,#2836,#2837,#2838,#2839,#2840,#2841,#2842,
#2843));
#4785=EDGE_LOOP('',(#2844,#2845,#2846,#2847));
#4786=EDGE_LOOP('',(#2848,#2849,#2850,#2851,#2852,#2853,#2854,#2855,#2856,
#2857));
#4787=EDGE_LOOP('',(#2858,#2859,#2860,#2861));
#4788=EDGE_LOOP('',(#2862,#2863,#2864,#2865));
#4789=EDGE_LOOP('',(#2866,#2867,#2868,#2869));
#4790=EDGE_LOOP('',(#2870,#2871,#2872,#2873));
#4791=EDGE_LOOP('',(#2874,#2875,#2876,#2877));
#4792=EDGE_LOOP('',(#2878,#2879,#2880,#2881));
#4793=EDGE_LOOP('',(#2882,#2883,#2884,#2885));
#4794=EDGE_LOOP('',(#2886,#2887,#2888,#2889));
#4795=EDGE_LOOP('',(#2890,#2891,#2892,#2893));
#4796=EDGE_LOOP('',(#2894,#2895,#2896,#2897));
#4797=EDGE_LOOP('',(#2898,#2899,#2900,#2901));
#4798=EDGE_LOOP('',(#2902));
#4799=EDGE_LOOP('',(#2903,#2904,#2905,#2906));
#4800=EDGE_LOOP('',(#2907,#2908,#2909,#2910,#2911,#2912,#2913,#2914,#2915,
#2916,#2917,#2918,#2919,#2920,#2921,#2922,#2923,#2924,#2925,#2926));
#4801=EDGE_LOOP('',(#2927,#2928,#2929,#2930,#2931,#2932,#2933,#2934,#2935,
#2936,#2937,#2938,#2939,#2940,#2941,#2942,#2943,#2944,#2945,#2946));
#4802=EDGE_LOOP('',(#2947,#2948,#2949,#2950));
#4803=EDGE_LOOP('',(#2951,#2952,#2953,#2954));
#4804=EDGE_LOOP('',(#2955,#2956,#2957,#2958));
#4805=EDGE_LOOP('',(#2959,#2960,#2961,#2962));
#4806=EDGE_LOOP('',(#2963));
#4807=EDGE_LOOP('',(#2964));
#4808=EDGE_LOOP('',(#2965));
#4809=EDGE_LOOP('',(#2966));
#4810=EDGE_LOOP('',(#2967,#2968,#2969));
#4811=EDGE_LOOP('',(#2970,#2971));
#4812=EDGE_LOOP('',(#2972,#2973,#2974,#2975));
#4813=EDGE_LOOP('',(#2976,#2977,#2978,#2979));
#4814=EDGE_LOOP('',(#2980,#2981,#2982,#2983));
#4815=EDGE_LOOP('',(#2984,#2985,#2986,#2987));
#4816=EDGE_LOOP('',(#2988,#2989,#2990,#2991));
#4817=EDGE_LOOP('',(#2992,#2993,#2994,#2995));
#4818=EDGE_LOOP('',(#2996,#2997,#2998,#2999));
#4819=EDGE_LOOP('',(#3000));
#4820=EDGE_LOOP('',(#3001,#3002,#3003,#3004,#3005,#3006,#3007,#3008));
#4821=EDGE_LOOP('',(#3009,#3010,#3011,#3012,#3013,#3014,#3015,#3016));
#4822=EDGE_LOOP('',(#3017,#3018,#3019,#3020,#3021));
#4823=EDGE_LOOP('',(#3022,#3023,#3024,#3025));
#4824=EDGE_LOOP('',(#3026,#3027,#3028,#3029,#3030,#3031,#3032,#3033));
#4825=EDGE_LOOP('',(#3034,#3035,#3036,#3037,#3038,#3039,#3040,#3041));
#4826=EDGE_LOOP('',(#3042,#3043,#3044,#3045));
#4827=EDGE_LOOP('',(#3046));
#4828=EDGE_LOOP('',(#3047,#3048,#3049,#3050,#3051));
#4829=EDGE_LOOP('',(#3052));
#4830=EDGE_LOOP('',(#3053));
#4831=EDGE_LOOP('',(#3054));
#4832=EDGE_LOOP('',(#3055));
#4833=EDGE_LOOP('',(#3056,#3057,#3058));
#4834=EDGE_LOOP('',(#3059,#3060));
#4835=FACE_BOUND('',#4499,.T.);
#4836=FACE_BOUND('',#4500,.T.);
#4837=FACE_BOUND('',#4501,.T.);
#4838=FACE_BOUND('',#4502,.T.);
#4839=FACE_BOUND('',#4503,.T.);
#4840=FACE_BOUND('',#4504,.T.);
#4841=FACE_BOUND('',#4505,.T.);
#4842=FACE_BOUND('',#4506,.T.);
#4843=FACE_BOUND('',#4507,.T.);
#4844=FACE_BOUND('',#4508,.T.);
#4845=FACE_BOUND('',#4509,.T.);
#4846=FACE_BOUND('',#4510,.T.);
#4847=FACE_BOUND('',#4511,.T.);
#4848=FACE_BOUND('',#4512,.T.);
#4849=FACE_BOUND('',#4513,.T.);
#4850=FACE_BOUND('',#4514,.T.);
#4851=FACE_BOUND('',#4515,.T.);
#4852=FACE_BOUND('',#4516,.T.);
#4853=FACE_BOUND('',#4517,.T.);
#4854=FACE_BOUND('',#4518,.T.);
#4855=FACE_BOUND('',#4519,.T.);
#4856=FACE_BOUND('',#4520,.T.);
#4857=FACE_BOUND('',#4521,.T.);
#4858=FACE_BOUND('',#4522,.T.);
#4859=FACE_BOUND('',#4523,.T.);
#4860=FACE_BOUND('',#4524,.T.);
#4861=FACE_BOUND('',#4525,.T.);
#4862=FACE_BOUND('',#4526,.T.);
#4863=FACE_BOUND('',#4527,.T.);
#4864=FACE_BOUND('',#4528,.T.);
#4865=FACE_BOUND('',#4529,.T.);
#4866=FACE_BOUND('',#4530,.T.);
#4867=FACE_BOUND('',#4531,.T.);
#4868=FACE_BOUND('',#4532,.T.);
#4869=FACE_BOUND('',#4533,.T.);
#4870=FACE_BOUND('',#4534,.T.);
#4871=FACE_BOUND('',#4535,.T.);
#4872=FACE_BOUND('',#4536,.T.);
#4873=FACE_BOUND('',#4537,.T.);
#4874=FACE_BOUND('',#4538,.T.);
#4875=FACE_BOUND('',#4539,.T.);
#4876=FACE_BOUND('',#4540,.T.);
#4877=FACE_BOUND('',#4541,.T.);
#4878=FACE_BOUND('',#4542,.T.);
#4879=FACE_BOUND('',#4543,.T.);
#4880=FACE_BOUND('',#4544,.T.);
#4881=FACE_BOUND('',#4545,.T.);
#4882=FACE_BOUND('',#4546,.T.);
#4883=FACE_BOUND('',#4547,.T.);
#4884=FACE_BOUND('',#4548,.T.);
#4885=FACE_BOUND('',#4549,.T.);
#4886=FACE_BOUND('',#4550,.T.);
#4887=FACE_BOUND('',#4551,.T.);
#4888=FACE_BOUND('',#4552,.T.);
#4889=FACE_BOUND('',#4553,.T.);
#4890=FACE_BOUND('',#4554,.T.);
#4891=FACE_BOUND('',#4555,.T.);
#4892=FACE_BOUND('',#4556,.T.);
#4893=FACE_BOUND('',#4557,.T.);
#4894=FACE_BOUND('',#4558,.T.);
#4895=FACE_BOUND('',#4559,.T.);
#4896=FACE_BOUND('',#4560,.T.);
#4897=FACE_BOUND('',#4561,.T.);
#4898=FACE_BOUND('',#4562,.T.);
#4899=FACE_BOUND('',#4563,.T.);
#4900=FACE_BOUND('',#4564,.T.);
#4901=FACE_BOUND('',#4565,.T.);
#4902=FACE_BOUND('',#4566,.T.);
#4903=FACE_BOUND('',#4567,.T.);
#4904=FACE_BOUND('',#4568,.T.);
#4905=FACE_BOUND('',#4569,.T.);
#4906=FACE_BOUND('',#4570,.T.);
#4907=FACE_BOUND('',#4571,.T.);
#4908=FACE_BOUND('',#4572,.T.);
#4909=FACE_BOUND('',#4573,.T.);
#4910=FACE_BOUND('',#4574,.T.);
#4911=FACE_BOUND('',#4575,.T.);
#4912=FACE_BOUND('',#4576,.T.);
#4913=FACE_BOUND('',#4577,.T.);
#4914=FACE_BOUND('',#4578,.T.);
#4915=FACE_BOUND('',#4579,.T.);
#4916=FACE_BOUND('',#4580,.T.);
#4917=FACE_BOUND('',#4581,.T.);
#4918=FACE_BOUND('',#4582,.T.);
#4919=FACE_BOUND('',#4583,.T.);
#4920=FACE_BOUND('',#4584,.T.);
#4921=FACE_BOUND('',#4585,.T.);
#4922=FACE_BOUND('',#4586,.T.);
#4923=FACE_BOUND('',#4587,.T.);
#4924=FACE_BOUND('',#4588,.T.);
#4925=FACE_BOUND('',#4589,.T.);
#4926=FACE_BOUND('',#4590,.T.);
#4927=FACE_BOUND('',#4591,.T.);
#4928=FACE_BOUND('',#4592,.T.);
#4929=FACE_BOUND('',#4593,.T.);
#4930=FACE_BOUND('',#4594,.T.);
#4931=FACE_BOUND('',#4595,.T.);
#4932=FACE_BOUND('',#4596,.T.);
#4933=FACE_BOUND('',#4597,.T.);
#4934=FACE_BOUND('',#4598,.T.);
#4935=FACE_BOUND('',#4599,.T.);
#4936=FACE_BOUND('',#4600,.T.);
#4937=FACE_BOUND('',#4601,.T.);
#4938=FACE_BOUND('',#4602,.T.);
#4939=FACE_BOUND('',#4603,.T.);
#4940=FACE_BOUND('',#4604,.T.);
#4941=FACE_BOUND('',#4605,.T.);
#4942=FACE_BOUND('',#4606,.T.);
#4943=FACE_BOUND('',#4607,.T.);
#4944=FACE_BOUND('',#4608,.T.);
#4945=FACE_BOUND('',#4609,.T.);
#4946=FACE_BOUND('',#4610,.T.);
#4947=FACE_BOUND('',#4611,.T.);
#4948=FACE_BOUND('',#4612,.T.);
#4949=FACE_BOUND('',#4613,.T.);
#4950=FACE_BOUND('',#4614,.T.);
#4951=FACE_BOUND('',#4615,.T.);
#4952=FACE_BOUND('',#4616,.T.);
#4953=FACE_BOUND('',#4617,.T.);
#4954=FACE_BOUND('',#4618,.T.);
#4955=FACE_BOUND('',#4619,.T.);
#4956=FACE_BOUND('',#4620,.T.);
#4957=FACE_BOUND('',#4621,.T.);
#4958=FACE_BOUND('',#4622,.T.);
#4959=FACE_BOUND('',#4623,.T.);
#4960=FACE_BOUND('',#4624,.T.);
#4961=FACE_BOUND('',#4625,.T.);
#4962=FACE_BOUND('',#4626,.T.);
#4963=FACE_BOUND('',#4627,.T.);
#4964=FACE_BOUND('',#4628,.T.);
#4965=FACE_BOUND('',#4629,.T.);
#4966=FACE_BOUND('',#4630,.T.);
#4967=FACE_BOUND('',#4631,.T.);
#4968=FACE_BOUND('',#4632,.T.);
#4969=FACE_BOUND('',#4633,.T.);
#4970=FACE_BOUND('',#4634,.T.);
#4971=FACE_BOUND('',#4635,.T.);
#4972=FACE_BOUND('',#4636,.T.);
#4973=FACE_BOUND('',#4637,.T.);
#4974=FACE_BOUND('',#4638,.T.);
#4975=FACE_BOUND('',#4639,.T.);
#4976=FACE_BOUND('',#4640,.T.);
#4977=FACE_BOUND('',#4641,.T.);
#4978=FACE_BOUND('',#4642,.T.);
#4979=FACE_BOUND('',#4643,.T.);
#4980=FACE_BOUND('',#4644,.T.);
#4981=FACE_BOUND('',#4645,.T.);
#4982=FACE_BOUND('',#4646,.T.);
#4983=FACE_BOUND('',#4647,.T.);
#4984=FACE_BOUND('',#4648,.T.);
#4985=FACE_BOUND('',#4649,.T.);
#4986=FACE_BOUND('',#4650,.T.);
#4987=FACE_BOUND('',#4651,.T.);
#4988=FACE_BOUND('',#4652,.T.);
#4989=FACE_BOUND('',#4653,.T.);
#4990=FACE_BOUND('',#4654,.T.);
#4991=FACE_BOUND('',#4655,.T.);
#4992=FACE_BOUND('',#4656,.T.);
#4993=FACE_BOUND('',#4657,.T.);
#4994=FACE_BOUND('',#4658,.T.);
#4995=FACE_BOUND('',#4659,.T.);
#4996=FACE_BOUND('',#4660,.T.);
#4997=FACE_BOUND('',#4661,.T.);
#4998=FACE_BOUND('',#4662,.T.);
#4999=FACE_BOUND('',#4663,.T.);
#5000=FACE_BOUND('',#4664,.T.);
#5001=FACE_BOUND('',#4665,.T.);
#5002=FACE_BOUND('',#4666,.T.);
#5003=FACE_BOUND('',#4667,.T.);
#5004=FACE_BOUND('',#4668,.T.);
#5005=FACE_BOUND('',#4669,.T.);
#5006=FACE_BOUND('',#4670,.T.);
#5007=FACE_BOUND('',#4671,.T.);
#5008=FACE_BOUND('',#4672,.T.);
#5009=FACE_BOUND('',#4673,.T.);
#5010=FACE_BOUND('',#4674,.T.);
#5011=FACE_BOUND('',#4675,.T.);
#5012=FACE_BOUND('',#4676,.T.);
#5013=FACE_BOUND('',#4677,.T.);
#5014=FACE_BOUND('',#4678,.T.);
#5015=FACE_BOUND('',#4679,.T.);
#5016=FACE_BOUND('',#4680,.T.);
#5017=FACE_BOUND('',#4681,.T.);
#5018=FACE_BOUND('',#4682,.T.);
#5019=FACE_BOUND('',#4683,.T.);
#5020=FACE_BOUND('',#4684,.T.);
#5021=FACE_BOUND('',#4685,.T.);
#5022=FACE_BOUND('',#4686,.T.);
#5023=FACE_BOUND('',#4687,.T.);
#5024=FACE_BOUND('',#4688,.T.);
#5025=FACE_BOUND('',#4689,.T.);
#5026=FACE_BOUND('',#4690,.T.);
#5027=FACE_BOUND('',#4691,.T.);
#5028=FACE_BOUND('',#4692,.T.);
#5029=FACE_BOUND('',#4693,.T.);
#5030=FACE_BOUND('',#4694,.T.);
#5031=FACE_BOUND('',#4695,.T.);
#5032=FACE_BOUND('',#4696,.T.);
#5033=FACE_BOUND('',#4697,.T.);
#5034=FACE_BOUND('',#4698,.T.);
#5035=FACE_BOUND('',#4699,.T.);
#5036=FACE_BOUND('',#4700,.T.);
#5037=FACE_BOUND('',#4701,.T.);
#5038=FACE_BOUND('',#4702,.T.);
#5039=FACE_BOUND('',#4703,.T.);
#5040=FACE_BOUND('',#4704,.T.);
#5041=FACE_BOUND('',#4705,.T.);
#5042=FACE_BOUND('',#4706,.T.);
#5043=FACE_BOUND('',#4707,.T.);
#5044=FACE_BOUND('',#4708,.T.);
#5045=FACE_BOUND('',#4709,.T.);
#5046=FACE_BOUND('',#4710,.T.);
#5047=FACE_BOUND('',#4711,.T.);
#5048=FACE_BOUND('',#4712,.T.);
#5049=FACE_BOUND('',#4713,.T.);
#5050=FACE_BOUND('',#4714,.T.);
#5051=FACE_BOUND('',#4715,.T.);
#5052=FACE_BOUND('',#4716,.T.);
#5053=FACE_BOUND('',#4717,.T.);
#5054=FACE_BOUND('',#4718,.T.);
#5055=FACE_BOUND('',#4719,.T.);
#5056=FACE_BOUND('',#4720,.T.);
#5057=FACE_BOUND('',#4721,.T.);
#5058=FACE_BOUND('',#4722,.T.);
#5059=FACE_BOUND('',#4723,.T.);
#5060=FACE_BOUND('',#4724,.T.);
#5061=FACE_BOUND('',#4725,.T.);
#5062=FACE_BOUND('',#4726,.T.);
#5063=FACE_BOUND('',#4727,.T.);
#5064=FACE_BOUND('',#4728,.T.);
#5065=FACE_BOUND('',#4729,.T.);
#5066=FACE_BOUND('',#4730,.T.);
#5067=FACE_BOUND('',#4731,.T.);
#5068=FACE_BOUND('',#4732,.T.);
#5069=FACE_BOUND('',#4733,.T.);
#5070=FACE_BOUND('',#4734,.T.);
#5071=FACE_BOUND('',#4735,.T.);
#5072=FACE_BOUND('',#4736,.T.);
#5073=FACE_BOUND('',#4737,.T.);
#5074=FACE_BOUND('',#4738,.T.);
#5075=FACE_BOUND('',#4739,.T.);
#5076=FACE_BOUND('',#4740,.T.);
#5077=FACE_BOUND('',#4741,.T.);
#5078=FACE_BOUND('',#4742,.T.);
#5079=FACE_BOUND('',#4743,.T.);
#5080=FACE_BOUND('',#4744,.T.);
#5081=FACE_BOUND('',#4745,.T.);
#5082=FACE_BOUND('',#4746,.T.);
#5083=FACE_BOUND('',#4747,.T.);
#5084=FACE_BOUND('',#4748,.T.);
#5085=FACE_BOUND('',#4749,.T.);
#5086=FACE_BOUND('',#4750,.T.);
#5087=FACE_BOUND('',#4751,.T.);
#5088=FACE_BOUND('',#4752,.T.);
#5089=FACE_BOUND('',#4753,.T.);
#5090=FACE_BOUND('',#4754,.T.);
#5091=FACE_BOUND('',#4755,.T.);
#5092=FACE_BOUND('',#4756,.T.);
#5093=FACE_BOUND('',#4757,.T.);
#5094=FACE_BOUND('',#4758,.T.);
#5095=FACE_BOUND('',#4759,.T.);
#5096=FACE_BOUND('',#4760,.T.);
#5097=FACE_BOUND('',#4761,.T.);
#5098=FACE_BOUND('',#4762,.T.);
#5099=FACE_BOUND('',#4763,.T.);
#5100=FACE_BOUND('',#4764,.T.);
#5101=FACE_BOUND('',#4765,.T.);
#5102=FACE_BOUND('',#4766,.T.);
#5103=FACE_BOUND('',#4767,.T.);
#5104=FACE_BOUND('',#4768,.T.);
#5105=FACE_BOUND('',#4769,.T.);
#5106=FACE_BOUND('',#4770,.T.);
#5107=FACE_BOUND('',#4771,.T.);
#5108=FACE_BOUND('',#4772,.T.);
#5109=FACE_BOUND('',#4773,.T.);
#5110=FACE_BOUND('',#4774,.T.);
#5111=FACE_BOUND('',#4775,.T.);
#5112=FACE_BOUND('',#4776,.T.);
#5113=FACE_BOUND('',#4777,.T.);
#5114=FACE_BOUND('',#4778,.T.);
#5115=FACE_BOUND('',#4779,.T.);
#5116=FACE_BOUND('',#4780,.T.);
#5117=FACE_BOUND('',#4781,.T.);
#5118=FACE_BOUND('',#4782,.T.);
#5119=FACE_BOUND('',#4783,.T.);
#5120=FACE_BOUND('',#4784,.T.);
#5121=FACE_BOUND('',#4785,.T.);
#5122=FACE_BOUND('',#4786,.T.);
#5123=FACE_BOUND('',#4787,.T.);
#5124=FACE_BOUND('',#4788,.T.);
#5125=FACE_BOUND('',#4789,.T.);
#5126=FACE_BOUND('',#4790,.T.);
#5127=FACE_BOUND('',#4791,.T.);
#5128=FACE_BOUND('',#4792,.T.);
#5129=FACE_BOUND('',#4793,.T.);
#5130=FACE_BOUND('',#4794,.T.);
#5131=FACE_BOUND('',#4795,.T.);
#5132=FACE_BOUND('',#4796,.T.);
#5133=FACE_BOUND('',#4797,.T.);
#5134=FACE_BOUND('',#4798,.T.);
#5135=FACE_BOUND('',#4799,.T.);
#5136=FACE_BOUND('',#4800,.T.);
#5137=FACE_BOUND('',#4801,.T.);
#5138=FACE_BOUND('',#4802,.T.);
#5139=FACE_BOUND('',#4803,.T.);
#5140=FACE_BOUND('',#4804,.T.);
#5141=FACE_BOUND('',#4805,.T.);
#5142=FACE_BOUND('',#4806,.T.);
#5143=FACE_BOUND('',#4807,.T.);
#5144=FACE_BOUND('',#4808,.T.);
#5145=FACE_BOUND('',#4809,.T.);
#5146=FACE_BOUND('',#4810,.T.);
#5147=FACE_BOUND('',#4811,.T.);
#5148=FACE_BOUND('',#4812,.T.);
#5149=FACE_BOUND('',#4813,.T.);
#5150=FACE_BOUND('',#4814,.T.);
#5151=FACE_BOUND('',#4815,.T.);
#5152=FACE_BOUND('',#4816,.T.);
#5153=FACE_BOUND('',#4817,.T.);
#5154=FACE_BOUND('',#4818,.T.);
#5155=FACE_BOUND('',#4819,.T.);
#5156=FACE_BOUND('',#4820,.T.);
#5157=FACE_BOUND('',#4821,.T.);
#5158=FACE_BOUND('',#4822,.T.);
#5159=FACE_BOUND('',#4823,.T.);
#5160=FACE_BOUND('',#4824,.T.);
#5161=FACE_BOUND('',#4825,.T.);
#5162=FACE_BOUND('',#4826,.T.);
#5163=FACE_BOUND('',#4827,.T.);
#5164=FACE_BOUND('',#4828,.T.);
#5165=FACE_BOUND('',#4829,.T.);
#5166=FACE_BOUND('',#4830,.T.);
#5167=FACE_BOUND('',#4831,.T.);
#5168=FACE_BOUND('',#4832,.T.);
#5169=FACE_BOUND('',#4833,.T.);
#5170=FACE_BOUND('',#4834,.T.);
#5171=(
BOUNDED_SURFACE()
B_SPLINE_SURFACE(3,3,((#7432,#7433,#7434,#7435),(#7436,#7437,#7438,#7439),
(#7440,#7441,#7442,#7443),(#7444,#7445,#7446,#7447)),
 .SURF_OF_REVOLUTION.,.F.,.F.,.F.)
B_SPLINE_SURFACE_WITH_KNOTS((4,4),(4,4),(0.0572667368907138,0.981819159137351),
(0.,1.),.PIECEWISE_BEZIER_KNOTS.)
GEOMETRIC_REPRESENTATION_ITEM()
RATIONAL_B_SPLINE_SURFACE(((1.,0.333333333333054,0.333333333333054,1.),
(1.,0.333333333333054,0.333333333333054,1.),(1.,0.333333333333054,0.333333333333054,
1.),(1.,0.333333333333054,0.333333333333054,1.)))
REPRESENTATION_ITEM('')
SURFACE()
);
#5172=(
BOUNDED_SURFACE()
B_SPLINE_SURFACE(3,2,((#7508,#7509,#7510,#7511,#7512,#7513,#7514,#7515,
#7516,#7517,#7518,#7519,#7520,#7521,#7522,#7523,#7524,#7525,#7526,#7527,
#7528,#7529,#7530,#7531,#7532,#7533,#7534,#7535,#7536,#7537,#7538,#7539,
#7540,#7541,#7542,#7543,#7544,#7545,#7546,#7547,#7548,#7549,#7550,#7551,
#7552,#7553,#7554,#7555,#7556,#7557,#7558,#7559,#7560,#7561,#7562,#7563,
#7564,#7565,#7566,#7567,#7568,#7569,#7570,#7571,#7572,#7573,#7574,#7575,
#7576,#7577,#7578,#7579,#7580,#7581,#7582,#7583,#7584,#7585,#7586,#7587,
#7588,#7589,#7590,#7591,#7592,#7593,#7594,#7595,#7596,#7597,#7598,#7599,
#7600,#7601,#7602,#7603,#7604,#7605,#7606,#7607,#7608,#7609,#7610,#7611,
#7612,#7613,#7614,#7615,#7616,#7617,#7618,#7619,#7620,#7621,#7622,#7623,
#7624,#7625,#7626,#7627,#7628,#7629,#7630,#7631,#7632,#7633,#7634,#7635,
#7636,#7637,#7638,#7639,#7640,#7641,#7642,#7643,#7644,#7645,#7646,#7647,
#7648,#7649,#7650,#7651,#7652,#7653,#7654,#7655,#7656,#7657,#7658,#7659,
#7660,#7661,#7662),(#7663,#7664,#7665,#7666,#7667,#7668,#7669,#7670,#7671,
#7672,#7673,#7674,#7675,#7676,#7677,#7678,#7679,#7680,#7681,#7682,#7683,
#7684,#7685,#7686,#7687,#7688,#7689,#7690,#7691,#7692,#7693,#7694,#7695,
#7696,#7697,#7698,#7699,#7700,#7701,#7702,#7703,#7704,#7705,#7706,#7707,
#7708,#7709,#7710,#7711,#7712,#7713,#7714,#7715,#7716,#7717,#7718,#7719,
#7720,#7721,#7722,#7723,#7724,#7725,#7726,#7727,#7728,#7729,#7730,#7731,
#7732,#7733,#7734,#7735,#7736,#7737,#7738,#7739,#7740,#7741,#7742,#7743,
#7744,#7745,#7746,#7747,#7748,#7749,#7750,#7751,#7752,#7753,#7754,#7755,
#7756,#7757,#7758,#7759,#7760,#7761,#7762,#7763,#7764,#7765,#7766,#7767,
#7768,#7769,#7770,#7771,#7772,#7773,#7774,#7775,#7776,#7777,#7778,#7779,
#7780,#7781,#7782,#7783,#7784,#7785,#7786,#7787,#7788,#7789,#7790,#7791,
#7792,#7793,#7794,#7795,#7796,#7797,#7798,#7799,#7800,#7801,#7802,#7803,
#7804,#7805,#7806,#7807,#7808,#7809,#7810,#7811,#7812,#7813,#7814,#7815,
#7816,#7817),(#7818,#7819,#7820,#7821,#7822,#7823,#7824,#7825,#7826,#7827,
#7828,#7829,#7830,#7831,#7832,#7833,#7834,#7835,#7836,#7837,#7838,#7839,
#7840,#7841,#7842,#7843,#7844,#7845,#7846,#7847,#7848,#7849,#7850,#7851,
#7852,#7853,#7854,#7855,#7856,#7857,#7858,#7859,#7860,#7861,#7862,#7863,
#7864,#7865,#7866,#7867,#7868,#7869,#7870,#7871,#7872,#7873,#7874,#7875,
#7876,#7877,#7878,#7879,#7880,#7881,#7882,#7883,#7884,#7885,#7886,#7887,
#7888,#7889,#7890,#7891,#7892,#7893,#7894,#7895,#7896,#7897,#7898,#7899,
#7900,#7901,#7902,#7903,#7904,#7905,#7906,#7907,#7908,#7909,#7910,#7911,
#7912,#7913,#7914,#7915,#7916,#7917,#7918,#7919,#7920,#7921,#7922,#7923,
#7924,#7925,#7926,#7927,#7928,#7929,#7930,#7931,#7932,#7933,#7934,#7935,
#7936,#7937,#7938,#7939,#7940,#7941,#7942,#7943,#7944,#7945,#7946,#7947,
#7948,#7949,#7950,#7951,#7952,#7953,#7954,#7955,#7956,#7957,#7958,#7959,
#7960,#7961,#7962,#7963,#7964,#7965,#7966,#7967,#7968,#7969,#7970,#7971,
#7972),(#7973,#7974,#7975,#7976,#7977,#7978,#7979,#7980,#7981,#7982,#7983,
#7984,#7985,#7986,#7987,#7988,#7989,#7990,#7991,#7992,#7993,#7994,#7995,
#7996,#7997,#7998,#7999,#8000,#8001,#8002,#8003,#8004,#8005,#8006,#8007,
#8008,#8009,#8010,#8011,#8012,#8013,#8014,#8015,#8016,#8017,#8018,#8019,
#8020,#8021,#8022,#8023,#8024,#8025,#8026,#8027,#8028,#8029,#8030,#8031,
#8032,#8033,#8034,#8035,#8036,#8037,#8038,#8039,#8040,#8041,#8042,#8043,
#8044,#8045,#8046,#8047,#8048,#8049,#8050,#8051,#8052,#8053,#8054,#8055,
#8056,#8057,#8058,#8059,#8060,#8061,#8062,#8063,#8064,#8065,#8066,#8067,
#8068,#8069,#8070,#8071,#8072,#8073,#8074,#8075,#8076,#8077,#8078,#8079,
#8080,#8081,#8082,#8083,#8084,#8085,#8086,#8087,#8088,#8089,#8090,#8091,
#8092,#8093,#8094,#8095,#8096,#8097,#8098,#8099,#8100,#8101,#8102,#8103,
#8104,#8105,#8106,#8107,#8108,#8109,#8110,#8111,#8112,#8113,#8114,#8115,
#8116,#8117,#8118,#8119,#8120,#8121,#8122,#8123,#8124,#8125,#8126,#8127)),
 .UNSPECIFIED.,.F.,.F.,.F.)
B_SPLINE_SURFACE_WITH_KNOTS((4,4),(3,2,2,2,2,2,2,2,2,2,2,2,2,2,2,2,2,2,
2,2,2,2,2,2,2,2,2,2,2,2,2,2,2,2,2,2,2,2,2,2,2,2,2,2,2,2,2,2,2,2,2,2,2,2,
2,2,2,2,2,2,2,2,2,2,2,2,2,2,2,2,2,2,2,2,2,2,2,3),(0.,1.),(0.0618623840403067,
0.0681818181818182,0.0795454545454545,0.0909090909090909,0.102272727272727,
0.113636363636364,0.125,0.136363636363636,0.147727272727273,0.159090909090909,
0.170454545454545,0.181818181818182,0.193181818181818,0.204545454545455,
0.215909090909091,0.227272727272728,0.238636363636363,0.25,0.261363636363637,
0.272727272727273,0.284090909090909,0.295454545454546,0.306818181818182,
0.318181818181818,0.329545454545455,0.340909090909091,0.352272727272728,
0.363636363636364,0.375,0.386363636363637,0.397727272727273,0.409090909090909,
0.420454545454546,0.431818181818182,0.443181818181818,0.454545454545455,
0.465909090909091,0.477272727272727,0.488636363636364,0.5,0.511363636363636,
0.522727272727273,0.534090909090909,0.545454545454545,0.556818181818182,
0.568181818181818,0.579545454545455,0.590909090909091,0.602272727272727,
0.613636363636364,0.625,0.636363636363636,0.647727272727273,0.659090909090909,
0.670454545454545,0.681818181818182,0.693181818181818,0.704545454545455,
0.715909090909091,0.727272727272727,0.738636363636364,0.75,0.761363636363636,
0.772727272727273,0.784090909090909,0.795454545454545,0.806818181818182,
0.818181818181818,0.829545454545455,0.840909090909091,0.852272727272727,
0.863636363636364,0.875,0.886363636363636,0.897727272727273,0.909090909090909,
0.920454545454545,0.931818181818182),.PIECEWISE_BEZIER_KNOTS.)
GEOMETRIC_REPRESENTATION_ITEM()
RATIONAL_B_SPLINE_SURFACE(((0.962419074771146,0.957668631261793,1.,0.923879532511287,
1.,0.923879532511287,1.,0.923879532511287,1.,0.923879532511287,1.,0.923879532511287,
1.,0.923879532511287,1.,0.923879532511287,1.,0.923879532511287,1.,0.923879532511287,
1.,0.923879532511287,1.,0.923879532511287,1.,0.923879532511287,1.,0.923879532511287,
1.,0.923879532511287,1.,0.923879532511287,1.,0.923879532511287,1.,0.923879532511287,
1.,0.923879532511287,1.,0.923879532511287,1.,0.923879532511287,1.,0.923879532511287,
1.,0.923879532511287,1.,0.923879532511287,1.,0.923879532511287,1.,0.923879532511287,
1.,0.923879532511287,1.,0.923879532511287,1.,0.923879532511287,1.,0.923879532511287,
1.,0.923879532511287,1.,0.923879532511287,1.,0.923879532511287,1.,0.923879532511287,
1.,0.923879532511287,1.,0.923879532511287,1.,0.923879532511287,1.,0.923879532511287,
1.,0.923879532511287,1.,0.923879532511287,1.,0.923879532511287,1.,0.923879532511287,
1.,0.923879532511287,1.,0.923879532511287,1.,0.923879532511287,1.,0.923879532511287,
1.,0.923879532511287,1.,0.923879532511287,1.,0.923879532511287,1.,0.923879532511287,
1.,0.923879532511287,1.,0.923879532511287,1.,0.923879532511287,1.,0.923879532511287,
1.,0.923879532511287,1.,0.923879532511287,1.,0.923879532511287,1.,0.923879532511287,
1.,0.923879532511287,1.,0.923879532511287,1.,0.923879532511287,1.,0.923879532511287,
1.,0.923879532511287,1.,0.923879532511287,1.,0.923879532511287,1.,0.923879532511287,
1.,0.923879532511287,1.,0.923879532511287,1.,0.923879532511287,1.,0.923879532511287,
1.,0.923879532511287,1.,0.923879532511287,1.,0.923879532511287,1.,0.923879532511287,
1.,0.923879532511287,1.,0.923879532511287,1.,0.923879532511287,1.),(0.577976819182343,
0.575123959860229,0.600545889346364,0.554832055500894,0.600545889346364,
0.554832055500894,0.600545889346364,0.554832055500894,0.600545889346364,
0.554832055500894,0.600545889346364,0.554832055500894,0.600545889346364,
0.554832055500894,0.600545889346364,0.554832055500894,0.600545889346364,
0.554832055500894,0.600545889346364,0.554832055500894,0.600545889346364,
0.554832055500894,0.600545889346364,0.554832055500894,0.600545889346364,
0.554832055500894,0.600545889346364,0.554832055500894,0.600545889346364,
0.554832055500894,0.600545889346364,0.554832055500894,0.600545889346364,
0.554832055500894,0.600545889346364,0.554832055500894,0.600545889346364,
0.554832055500894,0.600545889346364,0.554832055500894,0.600545889346364,
0.554832055500894,0.600545889346364,0.554832055500894,0.600545889346364,
0.554832055500894,0.600545889346364,0.554832055500894,0.600545889346364,
0.554832055500894,0.600545889346364,0.554832055500894,0.600545889346364,
0.554832055500894,0.600545889346364,0.554832055500894,0.600545889346364,
0.554832055500894,0.600545889346364,0.554832055500894,0.600545889346364,
0.554832055500894,0.600545889346364,0.554832055500894,0.600545889346364,
0.554832055500894,0.600545889346364,0.554832055500894,0.600545889346364,
0.554832055500894,0.600545889346364,0.554832055500894,0.600545889346364,
0.554832055500894,0.600545889346364,0.554832055500894,0.600545889346364,
0.554832055500894,0.600545889346364,0.554832055500894,0.600545889346364,
0.554832055500894,0.600545889346364,0.554832055500894,0.600545889346364,
0.554832055500894,0.600545889346364,0.554832055500894,0.600545889346364,
0.554832055500894,0.600545889346364,0.554832055500894,0.600545889346364,
0.554832055500894,0.600545889346364,0.554832055500894,0.600545889346364,
0.554832055500894,0.600545889346364,0.554832055500894,0.600545889346364,
0.554832055500894,0.600545889346364,0.554832055500894,0.600545889346364,
0.554832055500894,0.600545889346364,0.554832055500894,0.600545889346364,
0.554832055500894,0.600545889346364,0.554832055500894,0.600545889346364,
0.554832055500894,0.600545889346364,0.554832055500894,0.600545889346364,
0.554832055500894,0.600545889346364,0.554832055500894,0.600545889346364,
0.554832055500894,0.600545889346364,0.554832055500894,0.600545889346364,
0.554832055500894,0.600545889346364,0.554832055500894,0.600545889346364,
0.554832055500894,0.600545889346364,0.554832055500894,0.600545889346364,
0.554832055500894,0.600545889346364,0.554832055500894,0.600545889346364,
0.554832055500894,0.600545889346364,0.554832055500894,0.600545889346364,
0.554832055500894,0.600545889346364,0.554832055500894,0.600545889346364,
0.554832055500894,0.600545889346364,0.554832055500894,0.600545889346364,
0.554832055500894,0.600545889346364,0.554832055500894,0.600545889346364,
0.554832055500894,0.600545889346364),(0.577976819182343,0.575123959860229,
0.600545889346364,0.554832055500894,0.600545889346364,0.554832055500894,
0.600545889346364,0.554832055500894,0.600545889346364,0.554832055500894,
0.600545889346364,0.554832055500894,0.600545889346364,0.554832055500894,
0.600545889346364,0.554832055500894,0.600545889346364,0.554832055500894,
0.600545889346364,0.554832055500894,0.600545889346364,0.554832055500894,
0.600545889346364,0.554832055500894,0.600545889346364,0.554832055500894,
0.600545889346364,0.554832055500894,0.600545889346364,0.554832055500894,
0.600545889346364,0.554832055500894,0.600545889346364,0.554832055500894,
0.600545889346364,0.554832055500894,0.600545889346364,0.554832055500894,
0.600545889346364,0.554832055500894,0.600545889346364,0.554832055500894,
0.600545889346364,0.554832055500894,0.600545889346364,0.554832055500894,
0.600545889346364,0.554832055500894,0.600545889346364,0.554832055500894,
0.600545889346364,0.554832055500894,0.600545889346364,0.554832055500894,
0.600545889346364,0.554832055500894,0.600545889346364,0.554832055500894,
0.600545889346364,0.554832055500894,0.600545889346364,0.554832055500894,
0.600545889346364,0.554832055500894,0.600545889346364,0.554832055500894,
0.600545889346364,0.554832055500894,0.600545889346364,0.554832055500894,
0.600545889346364,0.554832055500894,0.600545889346364,0.554832055500894,
0.600545889346364,0.554832055500894,0.600545889346364,0.554832055500894,
0.600545889346364,0.554832055500894,0.600545889346364,0.554832055500894,
0.600545889346364,0.554832055500894,0.600545889346364,0.554832055500894,
0.600545889346364,0.554832055500894,0.600545889346364,0.554832055500894,
0.600545889346364,0.554832055500894,0.600545889346364,0.554832055500894,
0.600545889346364,0.554832055500894,0.600545889346364,0.554832055500894,
0.600545889346364,0.554832055500894,0.600545889346364,0.554832055500894,
0.600545889346364,0.554832055500894,0.600545889346364,0.554832055500894,
0.600545889346364,0.554832055500894,0.600545889346364,0.554832055500894,
0.600545889346364,0.554832055500894,0.600545889346364,0.554832055500894,
0.600545889346364,0.554832055500894,0.600545889346364,0.554832055500894,
0.600545889346364,0.554832055500894,0.600545889346364,0.554832055500894,
0.600545889346364,0.554832055500894,0.600545889346364,0.554832055500894,
0.600545889346364,0.554832055500894,0.600545889346364,0.554832055500894,
0.600545889346364,0.554832055500894,0.600545889346364,0.554832055500894,
0.600545889346364,0.554832055500894,0.600545889346364,0.554832055500894,
0.600545889346364,0.554832055500894,0.600545889346364,0.554832055500894,
0.600545889346364,0.554832055500894,0.600545889346364,0.554832055500894,
0.600545889346364,0.554832055500894,0.600545889346364,0.554832055500894,
0.600545889346364,0.554832055500894,0.600545889346364,0.554832055500894,
0.600545889346364),(0.962419074771146,0.957668631261793,1.,0.923879532511287,
1.,0.923879532511287,1.,0.923879532511287,1.,0.923879532511287,1.,0.923879532511287,
1.,0.923879532511287,1.,0.923879532511287,1.,0.923879532511287,1.,0.923879532511287,
1.,0.923879532511287,1.,0.923879532511287,1.,0.923879532511287,1.,0.923879532511287,
1.,0.923879532511287,1.,0.923879532511287,1.,0.923879532511287,1.,0.923879532511287,
1.,0.923879532511287,1.,0.923879532511287,1.,0.923879532511287,1.,0.923879532511287,
1.,0.923879532511287,1.,0.923879532511287,1.,0.923879532511287,1.,0.923879532511287,
1.,0.923879532511287,1.,0.923879532511287,1.,0.923879532511287,1.,0.923879532511287,
1.,0.923879532511287,1.,0.923879532511287,1.,0.923879532511287,1.,0.923879532511287,
1.,0.923879532511287,1.,0.923879532511287,1.,0.923879532511287,1.,0.923879532511287,
1.,0.923879532511287,1.,0.923879532511287,1.,0.923879532511287,1.,0.923879532511287,
1.,0.923879532511287,1.,0.923879532511287,1.,0.923879532511287,1.,0.923879532511287,
1.,0.923879532511287,1.,0.923879532511287,1.,0.923879532511287,1.,0.923879532511287,
1.,0.923879532511287,1.,0.923879532511287,1.,0.923879532511287,1.,0.923879532511287,
1.,0.923879532511287,1.,0.923879532511287,1.,0.923879532511287,1.,0.923879532511287,
1.,0.923879532511287,1.,0.923879532511287,1.,0.923879532511287,1.,0.923879532511287,
1.,0.923879532511287,1.,0.923879532511287,1.,0.923879532511287,1.,0.923879532511287,
1.,0.923879532511287,1.,0.923879532511287,1.,0.923879532511287,1.,0.923879532511287,
1.,0.923879532511287,1.,0.923879532511287,1.,0.923879532511287,1.,0.923879532511287,
1.,0.923879532511287,1.,0.923879532511287,1.,0.923879532511287,1.)))
REPRESENTATION_ITEM('')
SURFACE()
);
#5173=(
BOUNDED_SURFACE()
B_SPLINE_SURFACE(1,2,((#8439,#8440,#8441,#8442,#8443,#8444,#8445,#8446,
#8447,#8448,#8449,#8450,#8451,#8452,#8453,#8454,#8455,#8456,#8457,#8458,
#8459,#8460,#8461,#8462,#8463,#8464,#8465,#8466,#8467,#8468,#8469,#8470,
#8471,#8472,#8473,#8474,#8475,#8476,#8477,#8478,#8479,#8480,#8481,#8482,
#8483,#8484,#8485,#8486,#8487,#8488,#8489,#8490,#8491,#8492,#8493,#8494,
#8495,#8496,#8497,#8498,#8499,#8500,#8501,#8502,#8503,#8504,#8505,#8506,
#8507,#8508,#8509,#8510,#8511,#8512,#8513,#8514,#8515,#8516,#8517,#8518,
#8519,#8520,#8521,#8522,#8523,#8524,#8525,#8526,#8527,#8528,#8529,#8530,
#8531,#8532,#8533,#8534,#8535,#8536,#8537,#8538,#8539,#8540,#8541,#8542,
#8543,#8544,#8545,#8546,#8547,#8548,#8549,#8550,#8551,#8552,#8553,#8554,
#8555,#8556,#8557,#8558,#8559,#8560,#8561,#8562,#8563,#8564,#8565,#8566,
#8567,#8568,#8569,#8570,#8571,#8572,#8573,#8574,#8575,#8576,#8577,#8578,
#8579,#8580,#8581,#8582,#8583,#8584,#8585,#8586,#8587,#8588,#8589,#8590,
#8591),(#8592,#8593,#8594,#8595,#8596,#8597,#8598,#8599,#8600,#8601,#8602,
#8603,#8604,#8605,#8606,#8607,#8608,#8609,#8610,#8611,#8612,#8613,#8614,
#8615,#8616,#8617,#8618,#8619,#8620,#8621,#8622,#8623,#8624,#8625,#8626,
#8627,#8628,#8629,#8630,#8631,#8632,#8633,#8634,#8635,#8636,#8637,#8638,
#8639,#8640,#8641,#8642,#8643,#8644,#8645,#8646,#8647,#8648,#8649,#8650,
#8651,#8652,#8653,#8654,#8655,#8656,#8657,#8658,#8659,#8660,#8661,#8662,
#8663,#8664,#8665,#8666,#8667,#8668,#8669,#8670,#8671,#8672,#8673,#8674,
#8675,#8676,#8677,#8678,#8679,#8680,#8681,#8682,#8683,#8684,#8685,#8686,
#8687,#8688,#8689,#8690,#8691,#8692,#8693,#8694,#8695,#8696,#8697,#8698,
#8699,#8700,#8701,#8702,#8703,#8704,#8705,#8706,#8707,#8708,#8709,#8710,
#8711,#8712,#8713,#8714,#8715,#8716,#8717,#8718,#8719,#8720,#8721,#8722,
#8723,#8724,#8725,#8726,#8727,#8728,#8729,#8730,#8731,#8732,#8733,#8734,
#8735,#8736,#8737,#8738,#8739,#8740,#8741,#8742,#8743,#8744)),
 .RULED_SURF.,.F.,.F.,.F.)
B_SPLINE_SURFACE_WITH_KNOTS((2,2),(3,2,2,2,2,2,2,2,2,2,2,2,2,2,2,2,2,2,
2,2,2,2,2,2,2,2,2,2,2,2,2,2,2,2,2,2,2,2,2,2,2,2,2,2,2,2,2,2,2,2,2,2,2,2,
2,2,2,2,2,2,2,2,2,2,2,2,2,2,2,2,2,2,2,2,2,2,3),(0.,0.891765046951031),(0.072673289231134,
0.0795454545454545,0.0909090909090909,0.102272727272727,0.113636363636364,
0.125,0.136363636363636,0.147727272727273,0.159090909090909,0.170454545454545,
0.181818181818182,0.193181818181818,0.204545454545455,0.215909090909091,
0.227272727272728,0.238636363636363,0.25,0.261363636363637,0.272727272727273,
0.284090909090909,0.295454545454546,0.306818181818182,0.318181818181818,
0.329545454545455,0.340909090909091,0.352272727272728,0.363636363636364,
0.375,0.386363636363637,0.397727272727273,0.409090909090909,0.420454545454546,
0.431818181818182,0.443181818181818,0.454545454545455,0.465909090909091,
0.477272727272727,0.488636363636364,0.5,0.511363636363636,0.522727272727273,
0.534090909090909,0.545454545454545,0.556818181818182,0.568181818181818,
0.579545454545455,0.590909090909091,0.602272727272727,0.613636363636364,
0.625,0.636363636363636,0.647727272727273,0.659090909090909,0.670454545454545,
0.681818181818182,0.693181818181818,0.704545454545455,0.715909090909091,
0.727272727272727,0.738636363636364,0.75,0.761363636363636,0.772727272727273,
0.784090909090909,0.795454545454545,0.806818181818182,0.818181818181818,
0.829545454545455,0.840909090909091,0.852272727272727,0.863636363636364,
0.875,0.886363636363636,0.897727272727273,0.909090909090909,0.920454545454545,
0.931818181818182),.PIECEWISE_BEZIER_KNOTS.)
GEOMETRIC_REPRESENTATION_ITEM()
RATIONAL_B_SPLINE_SURFACE(((0.963610256897123,0.95396610559805,1.,0.923879532511287,
1.,0.923879532511287,1.,0.923879532511287,1.,0.923879532511287,1.,0.923879532511287,
1.,0.923879532511287,1.,0.923879532511287,1.,0.923879532511287,1.,0.923879532511287,
1.,0.923879532511287,1.,0.923879532511287,1.,0.923879532511287,1.,0.923879532511287,
1.,0.923879532511287,1.,0.923879532511287,1.,0.923879532511287,1.,0.923879532511287,
1.,0.923879532511287,1.,0.923879532511287,1.,0.923879532511287,1.,0.923879532511287,
1.,0.923879532511287,1.,0.923879532511287,1.,0.923879532511287,1.,0.923879532511287,
1.,0.923879532511287,1.,0.923879532511287,1.,0.923879532511287,1.,0.923879532511287,
1.,0.923879532511287,1.,0.923879532511287,1.,0.923879532511287,1.,0.923879532511287,
1.,0.923879532511287,1.,0.923879532511287,1.,0.923879532511287,1.,0.923879532511287,
1.,0.923879532511287,1.,0.923879532511287,1.,0.923879532511287,1.,0.923879532511287,
1.,0.923879532511287,1.,0.923879532511287,1.,0.923879532511287,1.,0.923879532511287,
1.,0.923879532511287,1.,0.923879532511287,1.,0.923879532511287,1.,0.923879532511287,
1.,0.923879532511287,1.,0.923879532511287,1.,0.923879532511287,1.,0.923879532511287,
1.,0.923879532511287,1.,0.923879532511287,1.,0.923879532511287,1.,0.923879532511287,
1.,0.923879532511287,1.,0.923879532511287,1.,0.923879532511287,1.,0.923879532511287,
1.,0.923879532511287,1.,0.923879532511287,1.,0.923879532511287,1.,0.923879532511287,
1.,0.923879532511287,1.,0.923879532511287,1.,0.923879532511287,1.,0.923879532511287,
1.,0.923879532511287,1.,0.923879532511287,1.,0.923879532511287,1.,0.923879532511287,
1.,0.923879532511287,1.,0.923879532511287,1.),(0.963610256897123,0.95396610559805,
1.,0.923879532511287,1.,0.923879532511287,1.,0.923879532511287,1.,0.923879532511287,
1.,0.923879532511287,1.,0.923879532511287,1.,0.923879532511287,1.,0.923879532511287,
1.,0.923879532511287,1.,0.923879532511287,1.,0.923879532511287,1.,0.923879532511287,
1.,0.923879532511287,1.,0.923879532511287,1.,0.923879532511287,1.,0.923879532511287,
1.,0.923879532511287,1.,0.923879532511287,1.,0.923879532511287,1.,0.923879532511287,
1.,0.923879532511287,1.,0.923879532511287,1.,0.923879532511287,1.,0.923879532511287,
1.,0.923879532511287,1.,0.923879532511287,1.,0.923879532511287,1.,0.923879532511287,
1.,0.923879532511287,1.,0.923879532511287,1.,0.923879532511287,1.,0.923879532511287,
1.,0.923879532511287,1.,0.923879532511287,1.,0.923879532511287,1.,0.923879532511287,
1.,0.923879532511287,1.,0.923879532511287,1.,0.923879532511287,1.,0.923879532511287,
1.,0.923879532511287,1.,0.923879532511287,1.,0.923879532511287,1.,0.923879532511287,
1.,0.923879532511287,1.,0.923879532511287,1.,0.923879532511287,1.,0.923879532511287,
1.,0.923879532511287,1.,0.923879532511287,1.,0.923879532511287,1.,0.923879532511287,
1.,0.923879532511287,1.,0.923879532511287,1.,0.923879532511287,1.,0.923879532511287,
1.,0.923879532511287,1.,0.923879532511287,1.,0.923879532511287,1.,0.923879532511287,
1.,0.923879532511287,1.,0.923879532511287,1.,0.923879532511287,1.,0.923879532511287,
1.,0.923879532511287,1.,0.923879532511287,1.,0.923879532511287,1.,0.923879532511287,
1.,0.923879532511287,1.,0.923879532511287,1.,0.923879532511287,1.,0.923879532511287,
1.,0.923879532511287,1.,0.923879532511287,1.,0.923879532511287,1.)))
REPRESENTATION_ITEM('')
SURFACE()
);
#5174=(
BOUNDED_SURFACE()
B_SPLINE_SURFACE(1,2,((#8938,#8939,#8940,#8941,#8942,#8943,#8944,#8945,
#8946,#8947,#8948,#8949,#8950,#8951,#8952,#8953,#8954,#8955,#8956,#8957,
#8958,#8959,#8960,#8961,#8962,#8963,#8964,#8965,#8966,#8967,#8968,#8969,
#8970,#8971,#8972,#8973,#8974,#8975,#8976,#8977,#8978,#8979,#8980,#8981,
#8982,#8983,#8984,#8985,#8986,#8987,#8988,#8989,#8990,#8991,#8992,#8993,
#8994,#8995,#8996,#8997,#8998,#8999,#9000,#9001,#9002,#9003,#9004,#9005,
#9006,#9007,#9008,#9009,#9010,#9011,#9012,#9013,#9014,#9015,#9016,#9017,
#9018,#9019,#9020,#9021,#9022,#9023,#9024,#9025,#9026,#9027,#9028,#9029,
#9030,#9031,#9032,#9033,#9034,#9035,#9036,#9037,#9038,#9039,#9040,#9041,
#9042,#9043,#9044,#9045,#9046,#9047,#9048,#9049,#9050,#9051,#9052,#9053,
#9054,#9055,#9056,#9057,#9058,#9059,#9060,#9061,#9062,#9063,#9064,#9065,
#9066,#9067,#9068,#9069,#9070,#9071,#9072,#9073,#9074,#9075,#9076,#9077,
#9078,#9079,#9080,#9081,#9082,#9083,#9084,#9085,#9086,#9087,#9088,#9089,
#9090,#9091,#9092),(#9093,#9094,#9095,#9096,#9097,#9098,#9099,#9100,#9101,
#9102,#9103,#9104,#9105,#9106,#9107,#9108,#9109,#9110,#9111,#9112,#9113,
#9114,#9115,#9116,#9117,#9118,#9119,#9120,#9121,#9122,#9123,#9124,#9125,
#9126,#9127,#9128,#9129,#9130,#9131,#9132,#9133,#9134,#9135,#9136,#9137,
#9138,#9139,#9140,#9141,#9142,#9143,#9144,#9145,#9146,#9147,#9148,#9149,
#9150,#9151,#9152,#9153,#9154,#9155,#9156,#9157,#9158,#9159,#9160,#9161,
#9162,#9163,#9164,#9165,#9166,#9167,#9168,#9169,#9170,#9171,#9172,#9173,
#9174,#9175,#9176,#9177,#9178,#9179,#9180,#9181,#9182,#9183,#9184,#9185,
#9186,#9187,#9188,#9189,#9190,#9191,#9192,#9193,#9194,#9195,#9196,#9197,
#9198,#9199,#9200,#9201,#9202,#9203,#9204,#9205,#9206,#9207,#9208,#9209,
#9210,#9211,#9212,#9213,#9214,#9215,#9216,#9217,#9218,#9219,#9220,#9221,
#9222,#9223,#9224,#9225,#9226,#9227,#9228,#9229,#9230,#9231,#9232,#9233,
#9234,#9235,#9236,#9237,#9238,#9239,#9240,#9241,#9242,#9243,#9244,#9245,
#9246,#9247)),.RULED_SURF.,.F.,.F.,.F.)
B_SPLINE_SURFACE_WITH_KNOTS((2,2),(3,2,2,2,2,2,2,2,2,2,2,2,2,2,2,2,2,2,
2,2,2,2,2,2,2,2,2,2,2,2,2,2,2,2,2,2,2,2,2,2,2,2,2,2,2,2,2,2,2,2,2,2,2,2,
2,2,2,2,2,2,2,2,2,2,2,2,2,2,2,2,2,2,2,2,2,2,2,3),(0.,1.),(0.0622323057787345,
0.0681818181818182,0.0795454545454545,0.0909090909090909,0.102272727272727,
0.113636363636364,0.125,0.136363636363636,0.147727272727273,0.159090909090909,
0.170454545454545,0.181818181818182,0.193181818181818,0.204545454545455,
0.215909090909091,0.227272727272728,0.238636363636363,0.25,0.261363636363637,
0.272727272727273,0.284090909090909,0.295454545454546,0.306818181818182,
0.318181818181818,0.329545454545455,0.340909090909091,0.352272727272728,
0.363636363636364,0.375,0.386363636363637,0.397727272727273,0.409090909090909,
0.420454545454546,0.431818181818182,0.443181818181818,0.454545454545455,
0.465909090909091,0.477272727272727,0.488636363636364,0.5,0.511363636363636,
0.522727272727273,0.534090909090909,0.545454545454545,0.556818181818182,
0.568181818181818,0.579545454545455,0.590909090909091,0.602272727272727,
0.613636363636364,0.625,0.636363636363636,0.647727272727273,0.659090909090909,
0.670454545454545,0.681818181818182,0.693181818181818,0.704545454545455,
0.715909090909091,0.727272727272727,0.738636363636364,0.75,0.761363636363636,
0.772727272727273,0.784090909090909,0.795454545454545,0.806818181818182,
0.818181818181818,0.829545454545455,0.840909090909091,0.852272727272727,
0.863636363636364,0.875,0.886363636363636,0.897727272727273,0.909090909090909,
0.920454545454545,0.931818181818182),.PIECEWISE_BEZIER_KNOTS.)
GEOMETRIC_REPRESENTATION_ITEM()
RATIONAL_B_SPLINE_SURFACE(((0.962024250316176,0.960146589440169,1.,0.923879532511287,
1.,0.923879532511287,1.,0.923879532511287,1.,0.923879532511287,1.,0.923879532511287,
1.,0.923879532511287,1.,0.923879532511287,1.,0.923879532511287,1.,0.923879532511287,
1.,0.923879532511287,1.,0.923879532511287,1.,0.923879532511287,1.,0.923879532511287,
1.,0.923879532511287,1.,0.923879532511287,1.,0.923879532511287,1.,0.923879532511287,
1.,0.923879532511287,1.,0.923879532511287,1.,0.923879532511287,1.,0.923879532511287,
1.,0.923879532511287,1.,0.923879532511287,1.,0.923879532511287,1.,0.923879532511287,
1.,0.923879532511287,1.,0.923879532511287,1.,0.923879532511287,1.,0.923879532511287,
1.,0.923879532511287,1.,0.923879532511287,1.,0.923879532511287,1.,0.923879532511287,
1.,0.923879532511287,1.,0.923879532511287,1.,0.923879532511287,1.,0.923879532511287,
1.,0.923879532511287,1.,0.923879532511287,1.,0.923879532511287,1.,0.923879532511287,
1.,0.923879532511287,1.,0.923879532511287,1.,0.923879532511287,1.,0.923879532511287,
1.,0.923879532511287,1.,0.923879532511287,1.,0.923879532511287,1.,0.923879532511287,
1.,0.923879532511287,1.,0.923879532511287,1.,0.923879532511287,1.,0.923879532511287,
1.,0.923879532511287,1.,0.923879532511287,1.,0.923879532511287,1.,0.923879532511287,
1.,0.923879532511287,1.,0.923879532511287,1.,0.923879532511287,1.,0.923879532511287,
1.,0.923879532511287,1.,0.923879532511287,1.,0.923879532511287,1.,0.923879532511287,
1.,0.923879532511287,1.,0.923879532511287,1.,0.923879532511287,1.,0.923879532511287,
1.,0.923879532511287,1.,0.923879532511287,1.,0.923879532511287,1.,0.923879532511287,
1.,0.923879532511287,1.,0.923879532511287,1.,0.923879532511287,1.),(0.962024250316176,
0.960146589440169,1.,0.923879532511287,1.,0.923879532511287,1.,0.923879532511287,
1.,0.923879532511287,1.,0.923879532511287,1.,0.923879532511287,1.,0.923879532511287,
1.,0.923879532511287,1.,0.923879532511287,1.,0.923879532511287,1.,0.923879532511287,
1.,0.923879532511287,1.,0.923879532511287,1.,0.923879532511287,1.,0.923879532511287,
1.,0.923879532511287,1.,0.923879532511287,1.,0.923879532511287,1.,0.923879532511287,
1.,0.923879532511287,1.,0.923879532511287,1.,0.923879532511287,1.,0.923879532511287,
1.,0.923879532511287,1.,0.923879532511287,1.,0.923879532511287,1.,0.923879532511287,
1.,0.923879532511287,1.,0.923879532511287,1.,0.923879532511287,1.,0.923879532511287,
1.,0.923879532511287,1.,0.923879532511287,1.,0.923879532511287,1.,0.923879532511287,
1.,0.923879532511287,1.,0.923879532511287,1.,0.923879532511287,1.,0.923879532511287,
1.,0.923879532511287,1.,0.923879532511287,1.,0.923879532511287,1.,0.923879532511287,
1.,0.923879532511287,1.,0.923879532511287,1.,0.923879532511287,1.,0.923879532511287,
1.,0.923879532511287,1.,0.923879532511287,1.,0.923879532511287,1.,0.923879532511287,
1.,0.923879532511287,1.,0.923879532511287,1.,0.923879532511287,1.,0.923879532511287,
1.,0.923879532511287,1.,0.923879532511287,1.,0.923879532511287,1.,0.923879532511287,
1.,0.923879532511287,1.,0.923879532511287,1.,0.923879532511287,1.,0.923879532511287,
1.,0.923879532511287,1.,0.923879532511287,1.,0.923879532511287,1.,0.923879532511287,
1.,0.923879532511287,1.,0.923879532511287,1.,0.923879532511287,1.,0.923879532511287,
1.,0.923879532511287,1.,0.923879532511287,1.,0.923879532511287,1.,0.923879532511287,
1.,0.923879532511287,1.)))
REPRESENTATION_ITEM('')
SURFACE()
);
#5175=(
BOUNDED_SURFACE()
B_SPLINE_SURFACE(3,3,((#10132,#10133,#10134,#10135),(#10136,#10137,#10138,
#10139),(#10140,#10141,#10142,#10143),(#10144,#10145,#10146,#10147)),
 .SURF_OF_REVOLUTION.,.F.,.F.,.F.)
B_SPLINE_SURFACE_WITH_KNOTS((4,4),(4,4),(0.0572667368907138,0.913320693529418),
(0.,1.),.PIECEWISE_BEZIER_KNOTS.)
GEOMETRIC_REPRESENTATION_ITEM()
RATIONAL_B_SPLINE_SURFACE(((1.,0.333333333331882,0.333333333331882,1.),
(1.,0.333333333331882,0.333333333331882,1.),(1.,0.333333333331882,0.333333333331882,
1.),(1.,0.333333333331882,0.333333333331882,1.)))
REPRESENTATION_ITEM('')
SURFACE()
);
#5176=(
BOUNDED_SURFACE()
B_SPLINE_SURFACE(1,2,((#10149,#10150,#10151,#10152,#10153,#10154,#10155,
#10156,#10157,#10158,#10159,#10160,#10161,#10162,#10163,#10164,#10165,#10166,
#10167,#10168,#10169,#10170,#10171,#10172,#10173,#10174,#10175,#10176,#10177,
#10178,#10179,#10180,#10181,#10182,#10183,#10184,#10185,#10186,#10187,#10188,
#10189,#10190,#10191,#10192,#10193,#10194,#10195,#10196,#10197,#10198,#10199,
#10200,#10201,#10202,#10203,#10204,#10205,#10206,#10207,#10208,#10209,#10210,
#10211,#10212,#10213,#10214,#10215,#10216,#10217,#10218,#10219,#10220,#10221,
#10222,#10223,#10224,#10225,#10226,#10227,#10228,#10229,#10230,#10231,#10232,
#10233,#10234,#10235,#10236,#10237,#10238,#10239,#10240,#10241,#10242,#10243,
#10244,#10245,#10246,#10247),(#10248,#10249,#10250,#10251,#10252,#10253,
#10254,#10255,#10256,#10257,#10258,#10259,#10260,#10261,#10262,#10263,#10264,
#10265,#10266,#10267,#10268,#10269,#10270,#10271,#10272,#10273,#10274,#10275,
#10276,#10277,#10278,#10279,#10280,#10281,#10282,#10283,#10284,#10285,#10286,
#10287,#10288,#10289,#10290,#10291,#10292,#10293,#10294,#10295,#10296,#10297,
#10298,#10299,#10300,#10301,#10302,#10303,#10304,#10305,#10306,#10307,#10308,
#10309,#10310,#10311,#10312,#10313,#10314,#10315,#10316,#10317,#10318,#10319,
#10320,#10321,#10322,#10323,#10324,#10325,#10326,#10327,#10328,#10329,#10330,
#10331,#10332,#10333,#10334,#10335,#10336,#10337,#10338,#10339,#10340,#10341,
#10342,#10343,#10344,#10345,#10346)),.RULED_SURF.,.F.,.F.,.F.)
B_SPLINE_SURFACE_WITH_KNOTS((2,2),(3,2,2,2,2,2,2,2,2,2,2,2,2,2,2,2,2,2,
2,2,2,2,2,2,2,2,2,2,2,2,2,2,2,2,2,2,2,2,2,2,2,2,2,2,2,2,2,2,2,3),(0.,0.897118298426755),
(0.0601052456991772,0.0714285714285714,0.0892857142857143,0.107142857142857,
0.125,0.142857142857143,0.160714285714285,0.178571428571428,0.196428571428572,
0.214285714285714,0.232142857142857,0.25,0.267857142857143,0.285714285714286,
0.303571428571428,0.321428571428572,0.339285714285715,0.357142857142857,
0.375,0.392857142857143,0.410714285714286,0.428571428571428,0.446428571428572,
0.464285714285714,0.482142857142857,0.5,0.517857142857143,0.535714285714286,
0.553571428571429,0.571428571428571,0.589285714285714,0.607142857142857,
0.625,0.642857142857143,0.660714285714286,0.678571428571429,0.696428571428571,
0.714285714285714,0.732142857142857,0.75,0.767857142857143,0.785714285714286,
0.803571428571429,0.821428571428571,0.839285714285714,0.857142857142857,
0.875,0.892857142857143,0.910714285714286,0.92252351067975),
 .PIECEWISE_BEZIER_KNOTS.)
GEOMETRIC_REPRESENTATION_ITEM()
RATIONAL_B_SPLINE_SURFACE(((0.964677740889598,0.951731536509286,1.,0.923879532511287,
1.,0.923879532511287,1.,0.923879532511287,1.,0.923879532511287,1.,0.923879532511287,
1.,0.923879532511287,1.,0.923879532511287,1.,0.923879532511287,1.,0.923879532511287,
1.,0.923879532511287,1.,0.923879532511287,1.,0.923879532511287,1.,0.923879532511287,
1.,0.923879532511287,1.,0.923879532511287,1.,0.923879532511287,1.,0.923879532511287,
1.,0.923879532511287,1.,0.923879532511287,1.,0.923879532511287,1.,0.923879532511287,
1.,0.923879532511287,1.,0.923879532511287,1.,0.923879532511287,1.,0.923879532511287,
1.,0.923879532511287,1.,0.923879532511287,1.,0.923879532511287,1.,0.923879532511287,
1.,0.923879532511287,1.,0.923879532511287,1.,0.923879532511287,1.,0.923879532511287,
1.,0.923879532511287,1.,0.923879532511287,1.,0.923879532511287,1.,0.923879532511287,
1.,0.923879532511287,1.,0.923879532511287,1.,0.923879532511287,1.,0.923879532511287,
1.,0.923879532511287,1.,0.923879532511287,1.,0.923879532511287,1.,0.923879532511287,
1.,0.923879532511287,1.,0.923879532511287,1.,0.949660271397174,0.965901538928717),
(0.964677740889598,0.951731536509286,1.,0.923879532511287,1.,0.923879532511287,
1.,0.923879532511287,1.,0.923879532511287,1.,0.923879532511287,1.,0.923879532511287,
1.,0.923879532511287,1.,0.923879532511287,1.,0.923879532511287,1.,0.923879532511287,
1.,0.923879532511287,1.,0.923879532511287,1.,0.923879532511287,1.,0.923879532511287,
1.,0.923879532511287,1.,0.923879532511287,1.,0.923879532511287,1.,0.923879532511287,
1.,0.923879532511287,1.,0.923879532511287,1.,0.923879532511287,1.,0.923879532511287,
1.,0.923879532511287,1.,0.923879532511287,1.,0.923879532511287,1.,0.923879532511287,
1.,0.923879532511287,1.,0.923879532511287,1.,0.923879532511287,1.,0.923879532511287,
1.,0.923879532511287,1.,0.923879532511287,1.,0.923879532511287,1.,0.923879532511287,
1.,0.923879532511287,1.,0.923879532511287,1.,0.923879532511287,1.,0.923879532511287,
1.,0.923879532511287,1.,0.923879532511287,1.,0.923879532511287,1.,0.923879532511287,
1.,0.923879532511287,1.,0.923879532511287,1.,0.923879532511287,1.,0.923879532511287,
1.,0.923879532511287,1.,0.949660271397174,0.965901538928717)))
REPRESENTATION_ITEM('')
SURFACE()
);
#5177=(
BOUNDED_SURFACE()
B_SPLINE_SURFACE(1,2,((#10571,#10572,#10573,#10574,#10575,#10576,#10577,
#10578,#10579,#10580,#10581,#10582,#10583,#10584,#10585,#10586,#10587,#10588,
#10589,#10590,#10591,#10592,#10593,#10594,#10595,#10596,#10597,#10598,#10599,
#10600,#10601,#10602,#10603,#10604,#10605,#10606,#10607,#10608,#10609,#10610,
#10611,#10612,#10613,#10614,#10615,#10616,#10617,#10618,#10619,#10620,#10621,
#10622,#10623,#10624,#10625,#10626,#10627,#10628,#10629,#10630,#10631,#10632,
#10633,#10634,#10635,#10636,#10637,#10638,#10639,#10640,#10641,#10642,#10643,
#10644,#10645,#10646,#10647,#10648,#10649,#10650,#10651,#10652,#10653,#10654,
#10655,#10656,#10657,#10658,#10659,#10660,#10661,#10662,#10663,#10664,#10665,
#10666,#10667,#10668,#10669),(#10670,#10671,#10672,#10673,#10674,#10675,
#10676,#10677,#10678,#10679,#10680,#10681,#10682,#10683,#10684,#10685,#10686,
#10687,#10688,#10689,#10690,#10691,#10692,#10693,#10694,#10695,#10696,#10697,
#10698,#10699,#10700,#10701,#10702,#10703,#10704,#10705,#10706,#10707,#10708,
#10709,#10710,#10711,#10712,#10713,#10714,#10715,#10716,#10717,#10718,#10719,
#10720,#10721,#10722,#10723,#10724,#10725,#10726,#10727,#10728,#10729,#10730,
#10731,#10732,#10733,#10734,#10735,#10736,#10737,#10738,#10739,#10740,#10741,
#10742,#10743,#10744,#10745,#10746,#10747,#10748,#10749,#10750,#10751,#10752,
#10753,#10754,#10755,#10756,#10757,#10758,#10759,#10760,#10761,#10762,#10763,
#10764,#10765,#10766,#10767,#10768)),.RULED_SURF.,.F.,.F.,.F.)
B_SPLINE_SURFACE_WITH_KNOTS((2,2),(3,2,2,2,2,2,2,2,2,2,2,2,2,2,2,2,2,2,
2,2,2,2,2,2,2,2,2,2,2,2,2,2,2,2,2,2,2,2,2,2,2,2,2,2,2,2,2,2,2,3),(0.108234953048951,
1.),(0.125125221558551,0.142857142857143,0.160714285714285,0.178571428571428,
0.196428571428572,0.214285714285714,0.232142857142857,0.25,0.267857142857143,
0.285714285714286,0.303571428571428,0.321428571428572,0.339285714285715,
0.357142857142857,0.375,0.392857142857143,0.410714285714286,0.428571428571428,
0.446428571428572,0.464285714285714,0.482142857142857,0.5,0.517857142857143,
0.535714285714286,0.553571428571429,0.571428571428571,0.589285714285714,
0.607142857142857,0.625,0.642857142857143,0.660714285714286,0.678571428571429,
0.696428571428571,0.714285714285714,0.732142857142857,0.75,0.767857142857143,
0.785714285714286,0.803571428571429,0.821428571428571,0.839285714285714,
0.857142857142857,0.875,0.892857142857143,0.910714285714286,0.928571428571429,
0.946428571428571,0.964285714285714,0.982142857142857,0.98723856179095),
 .PIECEWISE_BEZIER_KNOTS.)
GEOMETRIC_REPRESENTATION_ITEM()
RATIONAL_B_SPLINE_SURFACE(((0.998939910833218,0.924413320231573,1.,0.923879532511287,
1.,0.923879532511287,1.,0.923879532511287,1.,0.923879532511287,1.,0.923879532511287,
1.,0.923879532511287,1.,0.923879532511287,1.,0.923879532511287,1.,0.923879532511287,
1.,0.923879532511287,1.,0.923879532511287,1.,0.923879532511287,1.,0.923879532511287,
1.,0.923879532511287,1.,0.923879532511287,1.,0.923879532511287,1.,0.923879532511287,
1.,0.923879532511287,1.,0.923879532511287,1.,0.923879532511287,1.,0.923879532511287,
1.,0.923879532511287,1.,0.923879532511287,1.,0.923879532511287,1.,0.923879532511287,
1.,0.923879532511287,1.,0.923879532511287,1.,0.923879532511287,1.,0.923879532511287,
1.,0.923879532511287,1.,0.923879532511287,1.,0.923879532511287,1.,0.923879532511287,
1.,0.923879532511287,1.,0.923879532511287,1.,0.923879532511287,1.,0.923879532511287,
1.,0.923879532511287,1.,0.923879532511287,1.,0.923879532511287,1.,0.923879532511287,
1.,0.923879532511287,1.,0.923879532511287,1.,0.923879532511287,1.,0.923879532511287,
1.,0.923879532511287,1.,0.923879532511287,1.,0.978278304480156,0.968953591580703),
(0.998939910833218,0.924413320231573,1.,0.923879532511287,1.,0.923879532511287,
1.,0.923879532511287,1.,0.923879532511287,1.,0.923879532511287,1.,0.923879532511287,
1.,0.923879532511287,1.,0.923879532511287,1.,0.923879532511287,1.,0.923879532511287,
1.,0.923879532511287,1.,0.923879532511287,1.,0.923879532511287,1.,0.923879532511287,
1.,0.923879532511287,1.,0.923879532511287,1.,0.923879532511287,1.,0.923879532511287,
1.,0.923879532511287,1.,0.923879532511287,1.,0.923879532511287,1.,0.923879532511287,
1.,0.923879532511287,1.,0.923879532511287,1.,0.923879532511287,1.,0.923879532511287,
1.,0.923879532511287,1.,0.923879532511287,1.,0.923879532511287,1.,0.923879532511287,
1.,0.923879532511287,1.,0.923879532511287,1.,0.923879532511287,1.,0.923879532511287,
1.,0.923879532511287,1.,0.923879532511287,1.,0.923879532511287,1.,0.923879532511287,
1.,0.923879532511287,1.,0.923879532511287,1.,0.923879532511287,1.,0.923879532511287,
1.,0.923879532511287,1.,0.923879532511287,1.,0.923879532511287,1.,0.923879532511287,
1.,0.923879532511287,1.,0.978278304480156,0.968953591580703)))
REPRESENTATION_ITEM('')
SURFACE()
);
#5178=(
BOUNDED_SURFACE()
B_SPLINE_SURFACE(3,2,((#10995,#10996,#10997,#10998,#10999,#11000,#11001,
#11002,#11003,#11004,#11005,#11006,#11007,#11008,#11009,#11010,#11011,#11012,
#11013,#11014,#11015,#11016,#11017,#11018,#11019,#11020,#11021,#11022,#11023,
#11024,#11025,#11026,#11027,#11028,#11029,#11030,#11031,#11032,#11033,#11034,
#11035,#11036,#11037,#11038,#11039,#11040,#11041,#11042,#11043,#11044,#11045,
#11046,#11047,#11048,#11049,#11050,#11051,#11052,#11053,#11054,#11055,#11056,
#11057,#11058,#11059,#11060,#11061,#11062,#11063,#11064,#11065,#11066,#11067,
#11068,#11069,#11070,#11071,#11072,#11073,#11074,#11075,#11076,#11077,#11078,
#11079,#11080,#11081,#11082,#11083,#11084,#11085,#11086,#11087,#11088,#11089),
(#11090,#11091,#11092,#11093,#11094,#11095,#11096,#11097,#11098,#11099,
#11100,#11101,#11102,#11103,#11104,#11105,#11106,#11107,#11108,#11109,#11110,
#11111,#11112,#11113,#11114,#11115,#11116,#11117,#11118,#11119,#11120,#11121,
#11122,#11123,#11124,#11125,#11126,#11127,#11128,#11129,#11130,#11131,#11132,
#11133,#11134,#11135,#11136,#11137,#11138,#11139,#11140,#11141,#11142,#11143,
#11144,#11145,#11146,#11147,#11148,#11149,#11150,#11151,#11152,#11153,#11154,
#11155,#11156,#11157,#11158,#11159,#11160,#11161,#11162,#11163,#11164,#11165,
#11166,#11167,#11168,#11169,#11170,#11171,#11172,#11173,#11174,#11175,#11176,
#11177,#11178,#11179,#11180,#11181,#11182,#11183,#11184),(#11185,#11186,
#11187,#11188,#11189,#11190,#11191,#11192,#11193,#11194,#11195,#11196,#11197,
#11198,#11199,#11200,#11201,#11202,#11203,#11204,#11205,#11206,#11207,#11208,
#11209,#11210,#11211,#11212,#11213,#11214,#11215,#11216,#11217,#11218,#11219,
#11220,#11221,#11222,#11223,#11224,#11225,#11226,#11227,#11228,#11229,#11230,
#11231,#11232,#11233,#11234,#11235,#11236,#11237,#11238,#11239,#11240,#11241,
#11242,#11243,#11244,#11245,#11246,#11247,#11248,#11249,#11250,#11251,#11252,
#11253,#11254,#11255,#11256,#11257,#11258,#11259,#11260,#11261,#11262,#11263,
#11264,#11265,#11266,#11267,#11268,#11269,#11270,#11271,#11272,#11273,#11274,
#11275,#11276,#11277,#11278,#11279),(#11280,#11281,#11282,#11283,#11284,
#11285,#11286,#11287,#11288,#11289,#11290,#11291,#11292,#11293,#11294,#11295,
#11296,#11297,#11298,#11299,#11300,#11301,#11302,#11303,#11304,#11305,#11306,
#11307,#11308,#11309,#11310,#11311,#11312,#11313,#11314,#11315,#11316,#11317,
#11318,#11319,#11320,#11321,#11322,#11323,#11324,#11325,#11326,#11327,#11328,
#11329,#11330,#11331,#11332,#11333,#11334,#11335,#11336,#11337,#11338,#11339,
#11340,#11341,#11342,#11343,#11344,#11345,#11346,#11347,#11348,#11349,#11350,
#11351,#11352,#11353,#11354,#11355,#11356,#11357,#11358,#11359,#11360,#11361,
#11362,#11363,#11364,#11365,#11366,#11367,#11368,#11369,#11370,#11371,#11372,
#11373,#11374)),.UNSPECIFIED.,.F.,.F.,.F.)
B_SPLINE_SURFACE_WITH_KNOTS((4,4),(3,2,2,2,2,2,2,2,2,2,2,2,2,2,2,2,2,2,
2,2,2,2,2,2,2,2,2,2,2,2,2,2,2,2,2,2,2,2,2,2,2,2,2,2,2,2,2,3),(0.,1.),(0.108919115957433,
0.125,0.142857142857143,0.160714285714285,0.178571428571428,0.196428571428572,
0.214285714285714,0.232142857142857,0.25,0.267857142857143,0.285714285714286,
0.303571428571428,0.321428571428572,0.339285714285715,0.357142857142857,
0.375,0.392857142857143,0.410714285714286,0.428571428571428,0.446428571428572,
0.464285714285714,0.482142857142857,0.5,0.517857142857143,0.535714285714286,
0.553571428571429,0.571428571428571,0.589285714285714,0.607142857142857,
0.625,0.642857142857143,0.660714285714286,0.678571428571429,0.696428571428571,
0.714285714285714,0.732142857142857,0.75,0.767857142857143,0.785714285714286,
0.803571428571429,0.821428571428571,0.839285714285714,0.857142857142857,
0.875,0.892857142857143,0.910714285714286,0.928571428571429,0.93872780842663),
 .PIECEWISE_BEZIER_KNOTS.)
GEOMETRIC_REPRESENTATION_ITEM()
RATIONAL_B_SPLINE_SURFACE(((0.98636284857444,0.931451272986689,1.,0.923879532511287,
1.,0.923879532511287,1.,0.923879532511287,1.,0.923879532511287,1.,0.923879532511287,
1.,0.923879532511287,1.,0.923879532511287,1.,0.923879532511287,1.,0.923879532511287,
1.,0.923879532511287,1.,0.923879532511287,1.,0.923879532511287,1.,0.923879532511287,
1.,0.923879532511287,1.,0.923879532511287,1.,0.923879532511287,1.,0.923879532511287,
1.,0.923879532511287,1.,0.923879532511287,1.,0.923879532511287,1.,0.923879532511287,
1.,0.923879532511287,1.,0.923879532511287,1.,0.923879532511287,1.,0.923879532511287,
1.,0.923879532511287,1.,0.923879532511287,1.,0.923879532511287,1.,0.923879532511287,
1.,0.923879532511287,1.,0.923879532511287,1.,0.923879532511287,1.,0.923879532511287,
1.,0.923879532511287,1.,0.923879532511287,1.,0.923879532511287,1.,0.923879532511287,
1.,0.923879532511287,1.,0.923879532511287,1.,0.923879532511287,1.,0.923879532511287,
1.,0.923879532511287,1.,0.923879532511287,1.,0.923879532511287,1.,0.923879532511287,
1.,0.956705930576032,0.962659494781358),(0.592356154115457,0.559379233118694,
0.600545889346472,0.554832055500993,0.600545889346472,0.554832055500993,
0.600545889346472,0.554832055500993,0.600545889346472,0.554832055500993,
0.600545889346472,0.554832055500993,0.600545889346472,0.554832055500993,
0.600545889346472,0.554832055500993,0.600545889346472,0.554832055500993,
0.600545889346472,0.554832055500993,0.600545889346472,0.554832055500993,
0.600545889346472,0.554832055500993,0.600545889346472,0.554832055500993,
0.600545889346472,0.554832055500993,0.600545889346472,0.554832055500993,
0.600545889346472,0.554832055500993,0.600545889346472,0.554832055500993,
0.600545889346472,0.554832055500993,0.600545889346472,0.554832055500993,
0.600545889346472,0.554832055500993,0.600545889346472,0.554832055500993,
0.600545889346472,0.554832055500993,0.600545889346472,0.554832055500993,
0.600545889346472,0.554832055500993,0.600545889346472,0.554832055500993,
0.600545889346472,0.554832055500993,0.600545889346472,0.554832055500993,
0.600545889346472,0.554832055500993,0.600545889346472,0.554832055500993,
0.600545889346472,0.554832055500993,0.600545889346472,0.554832055500993,
0.600545889346472,0.554832055500993,0.600545889346472,0.554832055500993,
0.600545889346472,0.554832055500993,0.600545889346472,0.554832055500993,
0.600545889346472,0.554832055500993,0.600545889346472,0.554832055500993,
0.600545889346472,0.554832055500993,0.600545889346472,0.554832055500993,
0.600545889346472,0.554832055500993,0.600545889346472,0.554832055500993,
0.600545889346472,0.554832055500993,0.600545889346472,0.554832055500993,
0.600545889346472,0.554832055500993,0.600545889346472,0.554832055500993,
0.600545889346472,0.554832055500993,0.600545889346472,0.574545813920827,
0.578121202431296),(0.592356154115457,0.559379233118694,0.600545889346472,
0.554832055500993,0.600545889346472,0.554832055500993,0.600545889346472,
0.554832055500993,0.600545889346472,0.554832055500993,0.600545889346472,
0.554832055500993,0.600545889346472,0.554832055500993,0.600545889346472,
0.554832055500993,0.600545889346472,0.554832055500993,0.600545889346472,
0.554832055500993,0.600545889346472,0.554832055500993,0.600545889346472,
0.554832055500993,0.600545889346472,0.554832055500993,0.600545889346472,
0.554832055500993,0.600545889346472,0.554832055500993,0.600545889346472,
0.554832055500993,0.600545889346472,0.554832055500993,0.600545889346472,
0.554832055500993,0.600545889346472,0.554832055500993,0.600545889346472,
0.554832055500993,0.600545889346472,0.554832055500993,0.600545889346472,
0.554832055500993,0.600545889346472,0.554832055500993,0.600545889346472,
0.554832055500993,0.600545889346472,0.554832055500993,0.600545889346472,
0.554832055500993,0.600545889346472,0.554832055500993,0.600545889346472,
0.554832055500993,0.600545889346472,0.554832055500993,0.600545889346472,
0.554832055500993,0.600545889346472,0.554832055500993,0.600545889346472,
0.554832055500993,0.600545889346472,0.554832055500993,0.600545889346472,
0.554832055500993,0.600545889346472,0.554832055500993,0.600545889346472,
0.554832055500993,0.600545889346472,0.554832055500993,0.600545889346472,
0.554832055500993,0.600545889346472,0.554832055500993,0.600545889346472,
0.554832055500993,0.600545889346472,0.554832055500993,0.600545889346472,
0.554832055500993,0.600545889346472,0.554832055500993,0.600545889346472,
0.554832055500993,0.600545889346472,0.554832055500993,0.600545889346472,
0.554832055500993,0.600545889346472,0.574545813920827,0.578121202431296),
(0.98636284857444,0.931451272986689,1.,0.923879532511287,1.,0.923879532511287,
1.,0.923879532511287,1.,0.923879532511287,1.,0.923879532511287,1.,0.923879532511287,
1.,0.923879532511287,1.,0.923879532511287,1.,0.923879532511287,1.,0.923879532511287,
1.,0.923879532511287,1.,0.923879532511287,1.,0.923879532511287,1.,0.923879532511287,
1.,0.923879532511287,1.,0.923879532511287,1.,0.923879532511287,1.,0.923879532511287,
1.,0.923879532511287,1.,0.923879532511287,1.,0.923879532511287,1.,0.923879532511287,
1.,0.923879532511287,1.,0.923879532511287,1.,0.923879532511287,1.,0.923879532511287,
1.,0.923879532511287,1.,0.923879532511287,1.,0.923879532511287,1.,0.923879532511287,
1.,0.923879532511287,1.,0.923879532511287,1.,0.923879532511287,1.,0.923879532511287,
1.,0.923879532511287,1.,0.923879532511287,1.,0.923879532511287,1.,0.923879532511287,
1.,0.923879532511287,1.,0.923879532511287,1.,0.923879532511287,1.,0.923879532511287,
1.,0.923879532511287,1.,0.923879532511287,1.,0.923879532511287,1.,0.956705930576032,
0.962659494781358)))
REPRESENTATION_ITEM('')
SURFACE()
);
#5179=(
BOUNDED_SURFACE()
B_SPLINE_SURFACE(3,2,((#11444,#11445,#11446),(#11447,#11448,#11449),(#11450,
#11451,#11452),(#11453,#11454,#11455),(#11456,#11457,#11458),(#11459,#11460,
#11461),(#11462,#11463,#11464),(#11465,#11466,#11467),(#11468,#11469,#11470),
(#11471,#11472,#11473)),.UNSPECIFIED.,.F.,.F.,.F.)
B_SPLINE_SURFACE_WITH_KNOTS((4,2,2,2,4),(3,3),(0.000999091279693473,0.00122168797024918,
0.00144428466080488,0.00166688135136059,0.0018894780419163),(0.,1.),
 .UNSPECIFIED.)
GEOMETRIC_REPRESENTATION_ITEM()
RATIONAL_B_SPLINE_SURFACE(((1.,0.915438605575632,1.),(1.,0.93174126238969,
1.),(1.,0.945142175507239,1.),(1.,0.964504050453537,1.),(1.,0.970071840361025,
1.),(1.,0.970000938694691,1.),(1.,0.964323464724293,1.),(1.,0.945121989680529,
1.),(1.,0.931473251950601,1.),(1.,0.915438605575156,1.)))
REPRESENTATION_ITEM('')
SURFACE()
);
#5180=(
BOUNDED_SURFACE()
B_SPLINE_SURFACE(3,2,((#11623,#11624,#11625),(#11626,#11627,#11628),(#11629,
#11630,#11631),(#11632,#11633,#11634),(#11635,#11636,#11637),(#11638,#11639,
#11640),(#11641,#11642,#11643),(#11644,#11645,#11646),(#11647,#11648,#11649),
(#11650,#11651,#11652)),.UNSPECIFIED.,.F.,.F.,.F.)
B_SPLINE_SURFACE_WITH_KNOTS((4,2,2,2,4),(3,3),(0.000787633746906808,0.00100966219699541,
0.00123169064708401,0.00145371909717261,0.00167574754726122),(0.,1.),
 .UNSPECIFIED.)
GEOMETRIC_REPRESENTATION_ITEM()
RATIONAL_B_SPLINE_SURFACE(((1.,0.915438605575633,1.),(1.,0.93174126238972,
1.),(1.,0.945142175507299,1.),(1.,0.964504050453597,1.),(1.,0.970071840361066,
1.),(1.,0.970000938694651,1.),(1.,0.964323464724172,1.),(1.,0.945121989680303,
1.),(1.,0.931473251950276,1.),(1.,0.915438605574767,1.)))
REPRESENTATION_ITEM('')
SURFACE()
);
#5181=(
BOUNDED_SURFACE()
B_SPLINE_SURFACE(3,2,((#11797,#11798,#11799),(#11800,#11801,#11802),(#11803,
#11804,#11805),(#11806,#11807,#11808),(#11809,#11810,#11811),(#11812,#11813,
#11814),(#11815,#11816,#11817),(#11818,#11819,#11820),(#11821,#11822,#11823),
(#11824,#11825,#11826)),.UNSPECIFIED.,.F.,.F.,.F.)
B_SPLINE_SURFACE_WITH_KNOTS((4,2,2,2,4),(3,3),(0.00144379165328695,0.00166649033152465,
0.00188918900976234,0.00211188768800004,0.00233458636623773),(0.,1.),
 .UNSPECIFIED.)
GEOMETRIC_REPRESENTATION_ITEM()
RATIONAL_B_SPLINE_SURFACE(((1.,0.915438605575632,1.),(1.,0.931741262389691,
1.),(1.,0.945142175507237,1.),(1.,0.96450405045354,1.),(1.,0.970071840361018,
1.),(1.,0.970000938694701,1.),(1.,0.964323464724295,1.),(1.,0.945121989680527,
1.),(1.,0.931473251950604,1.),(1.,0.915438605575156,1.)))
REPRESENTATION_ITEM('')
SURFACE()
);
#5182=(
BOUNDED_SURFACE()
B_SPLINE_SURFACE(3,2,((#11995,#11996,#11997),(#11998,#11999,#12000),(#12001,
#12002,#12003),(#12004,#12005,#12006),(#12007,#12008,#12009),(#12010,#12011,
#12012),(#12013,#12014,#12015),(#12016,#12017,#12018),(#12019,#12020,#12021),
(#12022,#12023,#12024)),.UNSPECIFIED.,.F.,.F.,.F.)
B_SPLINE_SURFACE_WITH_KNOTS((4,2,2,2,4),(3,3),(0.00144379165328695,0.00166649033152509,
0.00188918900976324,0.00211188768800138,0.00233458636623952),(0.,1.),
 .UNSPECIFIED.)
GEOMETRIC_REPRESENTATION_ITEM()
RATIONAL_B_SPLINE_SURFACE(((1.,0.915438605575632,1.),(1.,0.931741262389717,
1.),(1.,0.945142175507301,1.),(1.,0.964504050453594,1.),(1.,0.970071840361063,
1.),(1.,0.970000938694655,1.),(1.,0.964323464724191,1.),(1.,0.945121989680284,
1.),(1.,0.93147325195029,1.),(1.,0.915438605574767,1.)))
REPRESENTATION_ITEM('')
SURFACE()
);
#5183=(
BOUNDED_SURFACE()
B_SPLINE_SURFACE(3,2,((#12177,#12178,#12179),(#12180,#12181,#12182),(#12183,
#12184,#12185),(#12186,#12187,#12188),(#12189,#12190,#12191),(#12192,#12193,
#12194),(#12195,#12196,#12197),(#12198,#12199,#12200),(#12201,#12202,#12203),
(#12204,#12205,#12206)),.UNSPECIFIED.,.F.,.F.,.F.)
B_SPLINE_SURFACE_WITH_KNOTS((4,2,2,2,4),(3,3),(0.000787633746906809,0.00100966219699496,
0.00123169064708312,0.00145371909717127,0.00167574754725943),(0.,1.),
 .UNSPECIFIED.)
GEOMETRIC_REPRESENTATION_ITEM()
RATIONAL_B_SPLINE_SURFACE(((1.,0.915438605575633,1.),(1.,0.93174126238968,
1.),(1.,0.945142175507253,1.),(1.,0.964504050453524,1.),(1.,0.970071840361026,
1.),(1.,0.970000938694693,1.),(1.,0.964323464724289,1.),(1.,0.945121989680534,
1.),(1.,0.931473251950599,1.),(1.,0.915438605575156,1.)))
REPRESENTATION_ITEM('')
SURFACE()
);
#5184=(
BOUNDED_SURFACE()
B_SPLINE_SURFACE(3,2,((#12351,#12352,#12353),(#12354,#12355,#12356),(#12357,
#12358,#12359),(#12360,#12361,#12362),(#12363,#12364,#12365),(#12366,#12367,
#12368),(#12369,#12370,#12371),(#12372,#12373,#12374),(#12375,#12376,#12377),
(#12378,#12379,#12380)),.UNSPECIFIED.,.F.,.F.,.F.)
B_SPLINE_SURFACE_WITH_KNOTS((4,2,2,2,4),(3,3),(0.000999091279693473,0.00122168797024963,
0.00144428466080578,0.00166688135136194,0.00188947804191809),(0.,1.),
 .UNSPECIFIED.)
GEOMETRIC_REPRESENTATION_ITEM()
RATIONAL_B_SPLINE_SURFACE(((1.,0.915438605575632,1.),(1.,0.931741262389729,
1.),(1.,0.945142175507284,1.),(1.,0.964504050453609,1.),(1.,0.970071840361087,
1.),(1.,0.97000093869463,1.),(1.,0.964323464724193,1.),(1.,0.945121989680282,
1.),(1.,0.931473251950291,1.),(1.,0.915438605574766,1.)))
REPRESENTATION_ITEM('')
SURFACE()
);
#5185=ADVANCED_FACE('',(#4835),#5171,.F.);
#5186=ADVANCED_FACE('',(#4836),#5172,.T.);
#5187=ADVANCED_FACE('',(#4837),#5173,.T.);
#5188=ADVANCED_FACE('',(#4838),#276,.F.);
#5189=ADVANCED_FACE('',(#4839),#5174,.T.);
#5190=ADVANCED_FACE('',(#4840),#102,.T.);
#5191=ADVANCED_FACE('',(#4841),#103,.T.);
#5192=ADVANCED_FACE('',(#4842),#104,.F.);
#5193=ADVANCED_FACE('',(#4843),#105,.F.);
#5194=ADVANCED_FACE('',(#4844),#72,.T.);
#5195=ADVANCED_FACE('',(#4845),#106,.T.);
#5196=ADVANCED_FACE('',(#4846),#107,.F.);
#5197=ADVANCED_FACE('',(#4847),#108,.F.);
#5198=ADVANCED_FACE('',(#4848),#109,.F.);
#5199=ADVANCED_FACE('',(#4849),#110,.T.);
#5200=ADVANCED_FACE('',(#4850),#111,.T.);
#5201=ADVANCED_FACE('',(#4851),#112,.F.);
#5202=ADVANCED_FACE('',(#4852),#113,.T.);
#5203=ADVANCED_FACE('',(#4853),#114,.F.);
#5204=ADVANCED_FACE('',(#4854),#115,.F.);
#5205=ADVANCED_FACE('',(#4855),#73,.T.);
#5206=ADVANCED_FACE('',(#4856),#116,.F.);
#5207=ADVANCED_FACE('',(#4857),#117,.F.);
#5208=ADVANCED_FACE('',(#4858),#118,.T.);
#5209=ADVANCED_FACE('',(#4859),#119,.F.);
#5210=ADVANCED_FACE('',(#4860),#120,.T.);
#5211=ADVANCED_FACE('',(#4861),#121,.F.);
#5212=ADVANCED_FACE('',(#4862),#122,.T.);
#5213=ADVANCED_FACE('',(#4863),#123,.T.);
#5214=ADVANCED_FACE('',(#4864),#124,.F.);
#5215=ADVANCED_FACE('',(#4865),#125,.F.);
#5216=ADVANCED_FACE('',(#4866),#74,.T.);
#5217=ADVANCED_FACE('',(#4867),#126,.F.);
#5218=ADVANCED_FACE('',(#4868),#127,.F.);
#5219=ADVANCED_FACE('',(#4869),#128,.T.);
#5220=ADVANCED_FACE('',(#4870),#129,.F.);
#5221=ADVANCED_FACE('',(#4871),#130,.T.);
#5222=ADVANCED_FACE('',(#4872),#131,.F.);
#5223=ADVANCED_FACE('',(#4873),#132,.T.);
#5224=ADVANCED_FACE('',(#4874),#133,.F.);
#5225=ADVANCED_FACE('',(#4875),#134,.T.);
#5226=ADVANCED_FACE('',(#4876),#135,.F.);
#5227=ADVANCED_FACE('',(#4877),#75,.T.);
#5228=ADVANCED_FACE('',(#4878),#136,.F.);
#5229=ADVANCED_FACE('',(#4879),#137,.T.);
#5230=ADVANCED_FACE('',(#4880),#138,.T.);
#5231=ADVANCED_FACE('',(#4881),#139,.F.);
#5232=ADVANCED_FACE('',(#4882),#140,.F.);
#5233=ADVANCED_FACE('',(#4883),#141,.F.);
#5234=ADVANCED_FACE('',(#4884),#142,.T.);
#5235=ADVANCED_FACE('',(#4885),#143,.F.);
#5236=ADVANCED_FACE('',(#4886),#144,.T.);
#5237=ADVANCED_FACE('',(#4887),#145,.F.);
#5238=ADVANCED_FACE('',(#4888),#146,.T.);
#5239=ADVANCED_FACE('',(#4889),#147,.F.);
#5240=ADVANCED_FACE('',(#4890),#148,.T.);
#5241=ADVANCED_FACE('',(#4891),#149,.F.);
#5242=ADVANCED_FACE('',(#4892),#150,.T.);
#5243=ADVANCED_FACE('',(#4893),#151,.T.);
#5244=ADVANCED_FACE('',(#4894),#152,.F.);
#5245=ADVANCED_FACE('',(#4895),#153,.T.);
#5246=ADVANCED_FACE('',(#4896),#154,.F.);
#5247=ADVANCED_FACE('',(#4897),#155,.F.);
#5248=ADVANCED_FACE('',(#4898),#156,.F.);
#5249=ADVANCED_FACE('',(#4899),#157,.F.);
#5250=ADVANCED_FACE('',(#4900),#158,.F.);
#5251=ADVANCED_FACE('',(#4901),#159,.F.);
#5252=ADVANCED_FACE('',(#4902),#160,.F.);
#5253=ADVANCED_FACE('',(#4903),#161,.F.);
#5254=ADVANCED_FACE('',(#4904),#162,.F.);
#5255=ADVANCED_FACE('',(#4905),#163,.F.);
#5256=ADVANCED_FACE('',(#4906),#164,.F.);
#5257=ADVANCED_FACE('',(#4907),#165,.F.);
#5258=ADVANCED_FACE('',(#4908),#166,.F.);
#5259=ADVANCED_FACE('',(#4909),#167,.F.);
#5260=ADVANCED_FACE('',(#4910),#168,.F.);
#5261=ADVANCED_FACE('',(#4911),#169,.F.);
#5262=ADVANCED_FACE('',(#4912),#170,.F.);
#5263=ADVANCED_FACE('',(#4913),#171,.F.);
#5264=ADVANCED_FACE('',(#4914),#172,.F.);
#5265=ADVANCED_FACE('',(#4915),#173,.F.);
#5266=ADVANCED_FACE('',(#4916),#174,.F.);
#5267=ADVANCED_FACE('',(#4917),#175,.F.);
#5268=ADVANCED_FACE('',(#4918),#277,.T.);
#5269=ADVANCED_FACE('',(#4919),#278,.T.);
#5270=ADVANCED_FACE('',(#4920),#279,.T.);
#5271=ADVANCED_FACE('',(#4921),#280,.T.);
#5272=ADVANCED_FACE('',(#4922),#176,.F.);
#5273=ADVANCED_FACE('',(#4923),#177,.F.);
#5274=ADVANCED_FACE('',(#4924),#178,.F.);
#5275=ADVANCED_FACE('',(#4925),#179,.F.);
#5276=ADVANCED_FACE('',(#4926),#180,.F.);
#5277=ADVANCED_FACE('',(#4927,#4928,#4929,#4930),#181,.F.);
#5278=ADVANCED_FACE('',(#4931),#182,.F.);
#5279=ADVANCED_FACE('',(#4932),#183,.T.);
#5280=ADVANCED_FACE('',(#4933),#184,.T.);
#5281=ADVANCED_FACE('',(#4934),#185,.T.);
#5282=ADVANCED_FACE('',(#4935,#4936),#186,.F.);
#5283=ADVANCED_FACE('',(#4937,#4938),#187,.T.);
#5284=ADVANCED_FACE('',(#4939,#4940),#188,.F.);
#5285=ADVANCED_FACE('',(#4941),#189,.F.);
#5286=ADVANCED_FACE('',(#4942),#190,.F.);
#5287=ADVANCED_FACE('',(#4943),#191,.F.);
#5288=ADVANCED_FACE('',(#4944),#192,.F.);
#5289=ADVANCED_FACE('',(#4945),#193,.F.);
#5290=ADVANCED_FACE('',(#4946),#194,.F.);
#5291=ADVANCED_FACE('',(#4947),#195,.F.);
#5292=ADVANCED_FACE('',(#4948),#196,.F.);
#5293=ADVANCED_FACE('',(#4949),#197,.F.);
#5294=ADVANCED_FACE('',(#4950),#198,.F.);
#5295=ADVANCED_FACE('',(#4951,#4952,#4953,#4954),#199,.F.);
#5296=ADVANCED_FACE('',(#4955),#200,.F.);
#5297=ADVANCED_FACE('',(#4956,#4957),#201,.T.);
#5298=ADVANCED_FACE('',(#4958),#281,.T.);
#5299=ADVANCED_FACE('',(#4959,#4960),#76,.T.);
#5300=ADVANCED_FACE('',(#4961,#4962),#282,.T.);
#5301=ADVANCED_FACE('',(#4963,#4964),#283,.T.);
#5302=ADVANCED_FACE('',(#4965,#4966,#4967,#4968,#4969),#284,.F.);
#5303=ADVANCED_FACE('',(#4970,#4971),#77,.F.);
#5304=ADVANCED_FACE('',(#4972,#4973),#78,.T.);
#5305=ADVANCED_FACE('',(#4974,#4975),#79,.T.);
#5306=ADVANCED_FACE('',(#4976),#80,.T.);
#5307=ADVANCED_FACE('',(#4977),#81,.T.);
#5308=ADVANCED_FACE('',(#4978),#82,.T.);
#5309=ADVANCED_FACE('',(#4979),#83,.T.);
#5310=ADVANCED_FACE('',(#4980,#4981),#84,.T.);
#5311=ADVANCED_FACE('',(#4982,#4983),#85,.T.);
#5312=ADVANCED_FACE('',(#4984),#5175,.F.);
#5313=ADVANCED_FACE('',(#4985),#5176,.F.);
#5314=ADVANCED_FACE('',(#4986),#5177,.F.);
#5315=ADVANCED_FACE('',(#4987),#5178,.F.);
#5316=ADVANCED_FACE('',(#4988),#36,.F.);
#5317=ADVANCED_FACE('',(#4989),#5179,.F.);
#5318=ADVANCED_FACE('',(#4990),#285,.F.);
#5319=ADVANCED_FACE('',(#4991),#37,.F.);
#5320=ADVANCED_FACE('',(#4992),#286,.T.);
#5321=ADVANCED_FACE('',(#4993),#38,.F.);
#5322=ADVANCED_FACE('',(#4994),#287,.F.);
#5323=ADVANCED_FACE('',(#4995),#29,.T.);
#5324=ADVANCED_FACE('',(#4996),#5180,.F.);
#5325=ADVANCED_FACE('',(#4997),#39,.F.);
#5326=ADVANCED_FACE('',(#4998),#22,.T.);
#5327=ADVANCED_FACE('',(#4999),#23,.T.);
#5328=ADVANCED_FACE('',(#5000),#288,.T.);
#5329=ADVANCED_FACE('',(#5001),#40,.F.);
#5330=ADVANCED_FACE('',(#5002),#5181,.F.);
#5331=ADVANCED_FACE('',(#5003),#30,.T.);
#5332=ADVANCED_FACE('',(#5004),#31,.T.);
#5333=ADVANCED_FACE('',(#5005),#289,.F.);
#5334=ADVANCED_FACE('',(#5006),#41,.F.);
#5335=ADVANCED_FACE('',(#5007),#290,.T.);
#5336=ADVANCED_FACE('',(#5008),#24,.T.);
#5337=ADVANCED_FACE('',(#5009),#25,.T.);
#5338=ADVANCED_FACE('',(#5010),#42,.F.);
#5339=ADVANCED_FACE('',(#5011),#291,.F.);
#5340=ADVANCED_FACE('',(#5012),#32,.T.);
#5341=ADVANCED_FACE('',(#5013),#33,.T.);
#5342=ADVANCED_FACE('',(#5014),#5182,.F.);
#5343=ADVANCED_FACE('',(#5015),#43,.F.);
#5344=ADVANCED_FACE('',(#5016),#292,.T.);
#5345=ADVANCED_FACE('',(#5017),#26,.T.);
#5346=ADVANCED_FACE('',(#5018),#27,.T.);
#5347=ADVANCED_FACE('',(#5019),#293,.T.);
#5348=ADVANCED_FACE('',(#5020),#44,.F.);
#5349=ADVANCED_FACE('',(#5021),#5183,.F.);
#5350=ADVANCED_FACE('',(#5022),#34,.T.);
#5351=ADVANCED_FACE('',(#5023),#294,.F.);
#5352=ADVANCED_FACE('',(#5024),#45,.F.);
#5353=ADVANCED_FACE('',(#5025),#295,.T.);
#5354=ADVANCED_FACE('',(#5026),#46,.F.);
#5355=ADVANCED_FACE('',(#5027),#296,.F.);
#5356=ADVANCED_FACE('',(#5028),#5184,.F.);
#5357=ADVANCED_FACE('',(#5029),#47,.F.);
#5358=ADVANCED_FACE('',(#5030,#5031),#202,.T.);
#5359=ADVANCED_FACE('',(#5032),#203,.F.);
#5360=ADVANCED_FACE('',(#5033,#5034),#204,.T.);
#5361=ADVANCED_FACE('',(#5035),#205,.F.);
#5362=ADVANCED_FACE('',(#5036),#206,.F.);
#5363=ADVANCED_FACE('',(#5037),#207,.F.);
#5364=ADVANCED_FACE('',(#5038),#208,.F.);
#5365=ADVANCED_FACE('',(#5039),#209,.F.);
#5366=ADVANCED_FACE('',(#5040),#210,.F.);
#5367=ADVANCED_FACE('',(#5041),#211,.F.);
#5368=ADVANCED_FACE('',(#5042),#212,.F.);
#5369=ADVANCED_FACE('',(#5043),#213,.F.);
#5370=ADVANCED_FACE('',(#5044),#214,.F.);
#5371=ADVANCED_FACE('',(#5045),#215,.F.);
#5372=ADVANCED_FACE('',(#5046,#5047),#297,.T.);
#5373=ADVANCED_FACE('',(#5048),#298,.F.);
#5374=ADVANCED_FACE('',(#5049,#5050),#35,.T.);
#5375=ADVANCED_FACE('',(#5051,#5052),#28,.T.);
#5376=ADVANCED_FACE('',(#5053),#299,.T.);
#5377=ADVANCED_FACE('',(#5054),#216,.F.);
#5378=ADVANCED_FACE('',(#5055),#217,.F.);
#5379=ADVANCED_FACE('',(#5056),#300,.T.);
#5380=ADVANCED_FACE('',(#5057),#301,.T.);
#5381=ADVANCED_FACE('',(#5058),#218,.F.);
#5382=ADVANCED_FACE('',(#5059),#219,.F.);
#5383=ADVANCED_FACE('',(#5060),#220,.T.);
#5384=ADVANCED_FACE('',(#5061),#221,.F.);
#5385=ADVANCED_FACE('',(#5062),#222,.F.);
#5386=ADVANCED_FACE('',(#5063),#223,.F.);
#5387=ADVANCED_FACE('',(#5064),#302,.T.);
#5388=ADVANCED_FACE('',(#5065),#48,.F.);
#5389=ADVANCED_FACE('',(#5066),#224,.F.);
#5390=ADVANCED_FACE('',(#5067),#225,.F.);
#5391=ADVANCED_FACE('',(#5068),#303,.T.);
#5392=ADVANCED_FACE('',(#5069),#226,.F.);
#5393=ADVANCED_FACE('',(#5070),#304,.F.);
#5394=ADVANCED_FACE('',(#5071),#227,.F.);
#5395=ADVANCED_FACE('',(#5072),#228,.F.);
#5396=ADVANCED_FACE('',(#5073),#49,.F.);
#5397=ADVANCED_FACE('',(#5074),#305,.F.);
#5398=ADVANCED_FACE('',(#5075,#5076),#229,.F.);
#5399=ADVANCED_FACE('',(#5077),#230,.F.);
#5400=ADVANCED_FACE('',(#5078),#231,.T.);
#5401=ADVANCED_FACE('',(#5079),#306,.T.);
#5402=ADVANCED_FACE('',(#5080),#307,.T.);
#5403=ADVANCED_FACE('',(#5081),#308,.F.);
#5404=ADVANCED_FACE('',(#5082),#309,.F.);
#5405=ADVANCED_FACE('',(#5083,#5084),#310,.T.);
#5406=ADVANCED_FACE('',(#5085,#5086),#86,.T.);
#5407=ADVANCED_FACE('',(#5087),#50,.T.);
#5408=ADVANCED_FACE('',(#5088),#232,.T.);
#5409=ADVANCED_FACE('',(#5089),#233,.F.);
#5410=ADVANCED_FACE('',(#5090),#234,.F.);
#5411=ADVANCED_FACE('',(#5091),#311,.T.);
#5412=ADVANCED_FACE('',(#5092),#235,.F.);
#5413=ADVANCED_FACE('',(#5093),#236,.F.);
#5414=ADVANCED_FACE('',(#5094),#237,.F.);
#5415=ADVANCED_FACE('',(#5095),#312,.T.);
#5416=ADVANCED_FACE('',(#5096),#238,.T.);
#5417=ADVANCED_FACE('',(#5097),#239,.T.);
#5418=ADVANCED_FACE('',(#5098),#240,.F.);
#5419=ADVANCED_FACE('',(#5099),#241,.F.);
#5420=ADVANCED_FACE('',(#5100),#313,.F.);
#5421=ADVANCED_FACE('',(#5101),#242,.F.);
#5422=ADVANCED_FACE('',(#5102),#243,.F.);
#5423=ADVANCED_FACE('',(#5103),#314,.T.);
#5424=ADVANCED_FACE('',(#5104,#5105),#244,.F.);
#5425=ADVANCED_FACE('',(#5106,#5107),#315,.T.);
#5426=ADVANCED_FACE('',(#5108,#5109),#87,.T.);
#5427=ADVANCED_FACE('',(#5110),#51,.T.);
#5428=ADVANCED_FACE('',(#5111),#245,.F.);
#5429=ADVANCED_FACE('',(#5112),#316,.T.);
#5430=ADVANCED_FACE('',(#5113),#246,.F.);
#5431=ADVANCED_FACE('',(#5114),#247,.F.);
#5432=ADVANCED_FACE('',(#5115),#317,.T.);
#5433=ADVANCED_FACE('',(#5116),#318,.T.);
#5434=ADVANCED_FACE('',(#5117),#248,.F.);
#5435=ADVANCED_FACE('',(#5118),#249,.F.);
#5436=ADVANCED_FACE('',(#5119),#250,.T.);
#5437=ADVANCED_FACE('',(#5120),#251,.F.);
#5438=ADVANCED_FACE('',(#5121),#252,.F.);
#5439=ADVANCED_FACE('',(#5122),#253,.F.);
#5440=ADVANCED_FACE('',(#5123),#319,.T.);
#5441=ADVANCED_FACE('',(#5124),#52,.F.);
#5442=ADVANCED_FACE('',(#5125),#254,.F.);
#5443=ADVANCED_FACE('',(#5126),#255,.F.);
#5444=ADVANCED_FACE('',(#5127),#320,.T.);
#5445=ADVANCED_FACE('',(#5128),#256,.F.);
#5446=ADVANCED_FACE('',(#5129),#321,.F.);
#5447=ADVANCED_FACE('',(#5130),#257,.F.);
#5448=ADVANCED_FACE('',(#5131),#258,.F.);
#5449=ADVANCED_FACE('',(#5132),#53,.F.);
#5450=ADVANCED_FACE('',(#5133),#322,.F.);
#5451=ADVANCED_FACE('',(#5134,#5135),#259,.F.);
#5452=ADVANCED_FACE('',(#5136),#260,.F.);
#5453=ADVANCED_FACE('',(#5137),#261,.T.);
#5454=ADVANCED_FACE('',(#5138),#323,.T.);
#5455=ADVANCED_FACE('',(#5139),#324,.T.);
#5456=ADVANCED_FACE('',(#5140),#325,.F.);
#5457=ADVANCED_FACE('',(#5141),#326,.F.);
#5458=ADVANCED_FACE('',(#5142,#5143),#327,.T.);
#5459=ADVANCED_FACE('',(#5144,#5145),#88,.T.);
#5460=ADVANCED_FACE('',(#5146),#54,.T.);
#5461=ADVANCED_FACE('',(#5147),#262,.T.);
#5462=ADVANCED_FACE('',(#5148),#263,.F.);
#5463=ADVANCED_FACE('',(#5149),#264,.F.);
#5464=ADVANCED_FACE('',(#5150),#328,.T.);
#5465=ADVANCED_FACE('',(#5151),#265,.F.);
#5466=ADVANCED_FACE('',(#5152),#266,.F.);
#5467=ADVANCED_FACE('',(#5153),#267,.F.);
#5468=ADVANCED_FACE('',(#5154),#329,.T.);
#5469=ADVANCED_FACE('',(#5155),#268,.T.);
#5470=ADVANCED_FACE('',(#5156),#269,.T.);
#5471=ADVANCED_FACE('',(#5157),#270,.F.);
#5472=ADVANCED_FACE('',(#5158),#271,.F.);
#5473=ADVANCED_FACE('',(#5159),#330,.F.);
#5474=ADVANCED_FACE('',(#5160),#272,.F.);
#5475=ADVANCED_FACE('',(#5161),#273,.F.);
#5476=ADVANCED_FACE('',(#5162),#331,.T.);
#5477=ADVANCED_FACE('',(#5163,#5164),#274,.F.);
#5478=ADVANCED_FACE('',(#5165,#5166),#332,.T.);
#5479=ADVANCED_FACE('',(#5167,#5168),#89,.T.);
#5480=ADVANCED_FACE('',(#5169),#55,.T.);
#5481=ADVANCED_FACE('',(#5170),#275,.F.);
#5482=CLOSED_SHELL('',(#5185,#5186,#5187,#5188,#5189,#5190,#5191,#5192,
#5193,#5194,#5195,#5196,#5197,#5198,#5199,#5200,#5201,#5202,#5203,#5204,
#5205,#5206,#5207,#5208,#5209,#5210,#5211,#5212,#5213,#5214,#5215,#5216,
#5217,#5218,#5219,#5220,#5221,#5222,#5223,#5224,#5225,#5226,#5227,#5228,
#5229,#5230,#5231,#5232,#5233,#5234,#5235,#5236,#5237,#5238,#5239,#5240,
#5241,#5242,#5243,#5244,#5245,#5246,#5247,#5248,#5249,#5250,#5251,#5252,
#5253,#5254,#5255,#5256,#5257,#5258,#5259,#5260,#5261,#5262,#5263,#5264,
#5265,#5266,#5267,#5268,#5269,#5270,#5271,#5272,#5273,#5274,#5275,#5276,
#5277,#5278,#5279,#5280,#5281,#5282,#5283,#5284,#5285,#5286,#5287,#5288,
#5289,#5290,#5291,#5292,#5293,#5294,#5295,#5296,#5297,#5298,#5299,#5300,
#5301,#5302,#5303,#5304,#5305,#5306,#5307,#5308,#5309,#5310,#5311,#5312));
#5483=CLOSED_SHELL('',(#5313,#5314,#5315,#5316,#5317,#5318,#5319,#5320,
#5321,#5322,#5323,#5324,#5325,#5326,#5327,#5328,#5329,#5330,#5331,#5332,
#5333,#5334,#5335,#5336,#5337,#5338,#5339,#5340,#5341,#5342,#5343,#5344,
#5345,#5346,#5347,#5348,#5349,#5350,#5351,#5352,#5353,#5354,#5355,#5356,
#5357,#5358,#5359,#5360,#5361,#5362,#5363,#5364,#5365,#5366,#5367,#5368,
#5369,#5370,#5371,#5372,#5373,#5374,#5375));
#5484=CLOSED_SHELL('',(#5376,#5377,#5378,#5379,#5380,#5381,#5382,#5383,
#5384,#5385,#5386,#5387,#5388,#5389,#5390,#5391,#5392,#5393,#5394,#5395,
#5396,#5397,#5398,#5399,#5400,#5401,#5402,#5403,#5404,#5405,#5406));
#5485=CLOSED_SHELL('',(#5409,#5410,#5411,#5412,#5413,#5414,#5415,#5416,
#5417,#5418,#5419,#5420,#5421,#5422,#5423,#5424,#5425,#5426));
#5486=CLOSED_SHELL('',(#5429,#5430,#5431,#5432,#5433,#5434,#5435,#5436,
#5437,#5438,#5439,#5440,#5441,#5442,#5443,#5444,#5445,#5446,#5447,#5448,
#5449,#5450,#5451,#5452,#5453,#5454,#5455,#5456,#5457,#5458,#5459));
#5487=CLOSED_SHELL('',(#5462,#5463,#5464,#5465,#5466,#5467,#5468,#5469,
#5470,#5471,#5472,#5473,#5474,#5475,#5476,#5477,#5478,#5479));
#5488=STYLED_ITEM('',(#5498),#5566);
#5489=STYLED_ITEM('',(#5499),#5567);
#5490=STYLED_ITEM('',(#5500),#5568);
#5491=STYLED_ITEM('',(#5501),#18);
#5492=STYLED_ITEM('',(#5502),#5569);
#5493=STYLED_ITEM('',(#5503),#19);
#5494=STYLED_ITEM('',(#5504),#5570);
#5495=STYLED_ITEM('',(#5505),#20);
#5496=STYLED_ITEM('',(#5506),#5571);
#5497=STYLED_ITEM('',(#5507),#21);
#5498=PRESENTATION_STYLE_ASSIGNMENT((#5508));
#5499=PRESENTATION_STYLE_ASSIGNMENT((#5509));
#5500=PRESENTATION_STYLE_ASSIGNMENT((#5510));
#5501=PRESENTATION_STYLE_ASSIGNMENT((#5511));
#5502=PRESENTATION_STYLE_ASSIGNMENT((#5512));
#5503=PRESENTATION_STYLE_ASSIGNMENT((#5513));
#5504=PRESENTATION_STYLE_ASSIGNMENT((#5514));
#5505=PRESENTATION_STYLE_ASSIGNMENT((#5515));
#5506=PRESENTATION_STYLE_ASSIGNMENT((#5516));
#5507=PRESENTATION_STYLE_ASSIGNMENT((#5517));
#5508=SURFACE_STYLE_USAGE(.BOTH.,#5518);
#5509=SURFACE_STYLE_USAGE(.BOTH.,#5519);
#5510=SURFACE_STYLE_USAGE(.BOTH.,#5520);
#5511=SURFACE_STYLE_USAGE(.BOTH.,#5521);
#5512=SURFACE_STYLE_USAGE(.BOTH.,#5522);
#5513=SURFACE_STYLE_USAGE(.BOTH.,#5523);
#5514=SURFACE_STYLE_USAGE(.BOTH.,#5524);
#5515=SURFACE_STYLE_USAGE(.BOTH.,#5525);
#5516=SURFACE_STYLE_USAGE(.BOTH.,#5526);
#5517=SURFACE_STYLE_USAGE(.BOTH.,#5527);
#5518=SURFACE_SIDE_STYLE('',(#5528));
#5519=SURFACE_SIDE_STYLE('',(#5529));
#5520=SURFACE_SIDE_STYLE('',(#5530));
#5521=SURFACE_SIDE_STYLE('',(#5531));
#5522=SURFACE_SIDE_STYLE('',(#5532));
#5523=SURFACE_SIDE_STYLE('',(#5533));
#5524=SURFACE_SIDE_STYLE('',(#5534));
#5525=SURFACE_SIDE_STYLE('',(#5535));
#5526=SURFACE_SIDE_STYLE('',(#5536));
#5527=SURFACE_SIDE_STYLE('',(#5537));
#5528=SURFACE_STYLE_FILL_AREA(#5538);
#5529=SURFACE_STYLE_FILL_AREA(#5539);
#5530=SURFACE_STYLE_FILL_AREA(#5540);
#5531=SURFACE_STYLE_FILL_AREA(#5541);
#5532=SURFACE_STYLE_FILL_AREA(#5542);
#5533=SURFACE_STYLE_FILL_AREA(#5543);
#5534=SURFACE_STYLE_FILL_AREA(#5544);
#5535=SURFACE_STYLE_FILL_AREA(#5545);
#5536=SURFACE_STYLE_FILL_AREA(#5546);
#5537=SURFACE_STYLE_FILL_AREA(#5547);
#5538=FILL_AREA_STYLE('',(#5548));
#5539=FILL_AREA_STYLE('',(#5549));
#5540=FILL_AREA_STYLE('',(#5550));
#5541=FILL_AREA_STYLE('',(#5551));
#5542=FILL_AREA_STYLE('',(#5552));
#5543=FILL_AREA_STYLE('',(#5553));
#5544=FILL_AREA_STYLE('',(#5554));
#5545=FILL_AREA_STYLE('',(#5555));
#5546=FILL_AREA_STYLE('',(#5556));
#5547=FILL_AREA_STYLE('',(#5557));
#5548=FILL_AREA_STYLE_COLOUR('',#5558);
#5549=FILL_AREA_STYLE_COLOUR('',#5559);
#5550=FILL_AREA_STYLE_COLOUR('',#5560);
#5551=FILL_AREA_STYLE_COLOUR('',#5561);
#5552=FILL_AREA_STYLE_COLOUR('',#5562);
#5553=FILL_AREA_STYLE_COLOUR('',#5563);
#5554=FILL_AREA_STYLE_COLOUR('',#5564);
#5555=FILL_AREA_STYLE_COLOUR('',#5565);
#5556=FILL_AREA_STYLE_COLOUR('',#5558);
#5557=FILL_AREA_STYLE_COLOUR('',#5559);
#5558=COLOUR_RGB('',0.917647058823529,0.917647058823529,0.917647058823529);
#5559=COLOUR_RGB('',0.768627450980392,0.886274509803922,0.952941176470588);
#5560=COLOUR_RGB('',0.972549019607843,0.529411764705882,0.00392156862745098);
#5561=COLOUR_RGB('',0.498039215686275,0.498039215686275,0.498039215686275);
#5562=COLOUR_RGB('',0.980392156862745,0.713725490196078,0.00392156862745098);
#5563=COLOUR_RGB('',0.615686274509804,0.811764705882353,0.929411764705882);
#5564=COLOUR_RGB('',0.647058823529412,0.647058823529412,0.647058823529412);
#5565=COLOUR_RGB('',0.231372549019608,0.380392156862745,0.705882352941177);
#5566=MANIFOLD_SOLID_BREP('6_3 Jack body',#5482);
#5567=MANIFOLD_SOLID_BREP('Nut',#5483);
#5568=MANIFOLD_SOLID_BREP('6_3 Jack contact_01',#5484);
#5569=MANIFOLD_SOLID_BREP('6_3 Jack contact_02',#5485);
#5570=MANIFOLD_SOLID_BREP('6_3 Jack contact_01_1',#5486);
#5571=MANIFOLD_SOLID_BREP('6_3 Jack contact_02_1',#5487);
#5572=SHAPE_DEFINITION_REPRESENTATION(#13301,#5582);
#5573=SHAPE_DEFINITION_REPRESENTATION(#13302,#5583);
#5574=SHAPE_DEFINITION_REPRESENTATION(#13303,#5584);
#5575=SHAPE_DEFINITION_REPRESENTATION(#13304,#5585);
#5576=SHAPE_DEFINITION_REPRESENTATION(#13305,#5586);
#5577=SHAPE_DEFINITION_REPRESENTATION(#13306,#5587);
#5578=SHAPE_DEFINITION_REPRESENTATION(#13307,#5588);
#5579=SHAPE_DEFINITION_REPRESENTATION(#13308,#5589);
#5580=SHAPE_DEFINITION_REPRESENTATION(#13309,#5590);
#5581=SHAPE_DEFINITION_REPRESENTATION(#13310,#5591);
#5582=SHAPE_REPRESENTATION('6_3 Jack body',(#5592),#13251);
#5583=SHAPE_REPRESENTATION('Nut',(#5768),#13252);
#5584=SHAPE_REPRESENTATION('6_3 Jack contact_01',(#5878),#13253);
#5585=SHAPE_REPRESENTATION('6_3 Jack contact_01',(#5933),#13254);
#5586=SHAPE_REPRESENTATION('6_3 Jack contact_02',(#5935),#13255);
#5587=SHAPE_REPRESENTATION('6_3 Jack contact_02',(#5965),#13256);
#5588=SHAPE_REPRESENTATION('6_3 Jack contact_01_1',(#5967),#13257);
#5589=SHAPE_REPRESENTATION('6_3 Jack contact_01_1',(#6022),#13258);
#5590=SHAPE_REPRESENTATION('6_3 Jack contact_02_1',(#6024),#13259);
#5591=SHAPE_REPRESENTATION('6_3 Jack contact_02_1',(#6054),#13260);
#5592=AXIS2_PLACEMENT_3D('',#7431,#6056,#6057);
#5593=AXIS2_PLACEMENT_3D('',#7453,#6058,#6059);
#5594=AXIS2_PLACEMENT_3D('',#7502,#6060,#6061);
#5595=AXIS2_PLACEMENT_3D('',#8282,#6062,#6063);
#5596=AXIS2_PLACEMENT_3D('',#8927,#6065,#6066);
#5597=AXIS2_PLACEMENT_3D('',#8928,#6067,#6068);
#5598=AXIS2_PLACEMENT_3D('',#9439,#6071,#6072);
#5599=AXIS2_PLACEMENT_3D('',#9443,#6075,#6076);
#5600=AXIS2_PLACEMENT_3D('',#9449,#6079,#6080);
#5601=AXIS2_PLACEMENT_3D('',#9452,#6082,#6083);
#5602=AXIS2_PLACEMENT_3D('',#9461,#6086,#6087);
#5603=AXIS2_PLACEMENT_3D('',#9467,#6091,#6092);
#5604=AXIS2_PLACEMENT_3D('',#9474,#6093,#6094);
#5605=AXIS2_PLACEMENT_3D('',#9475,#6095,#6096);
#5606=AXIS2_PLACEMENT_3D('',#9476,#6097,#6098);
#5607=AXIS2_PLACEMENT_3D('',#9482,#6102,#6103);
#5608=AXIS2_PLACEMENT_3D('',#9488,#6107,#6108);
#5609=AXIS2_PLACEMENT_3D('',#9494,#6112,#6113);
#5610=AXIS2_PLACEMENT_3D('',#9500,#6117,#6118);
#5611=AXIS2_PLACEMENT_3D('',#9501,#6119,#6120);
#5612=AXIS2_PLACEMENT_3D('',#9506,#6123,#6124);
#5613=AXIS2_PLACEMENT_3D('',#9512,#6128,#6129);
#5614=AXIS2_PLACEMENT_3D('',#9518,#6133,#6134);
#5615=AXIS2_PLACEMENT_3D('',#9524,#6137,#6138);
#5616=AXIS2_PLACEMENT_3D('',#9527,#6140,#6141);
#5617=AXIS2_PLACEMENT_3D('',#9536,#6144,#6145);
#5618=AXIS2_PLACEMENT_3D('',#9542,#6149,#6150);
#5619=AXIS2_PLACEMENT_3D('',#9549,#6151,#6152);
#5620=AXIS2_PLACEMENT_3D('',#9550,#6153,#6154);
#5621=AXIS2_PLACEMENT_3D('',#9551,#6155,#6156);
#5622=AXIS2_PLACEMENT_3D('',#9560,#6159,#6160);
#5623=AXIS2_PLACEMENT_3D('',#9566,#6164,#6165);
#5624=AXIS2_PLACEMENT_3D('',#9567,#6166,#6167);
#5625=AXIS2_PLACEMENT_3D('',#9572,#6170,#6171);
#5626=AXIS2_PLACEMENT_3D('',#9578,#6175,#6176);
#5627=AXIS2_PLACEMENT_3D('',#9579,#6177,#6178);
#5628=AXIS2_PLACEMENT_3D('',#9584,#6181,#6182);
#5629=AXIS2_PLACEMENT_3D('',#9593,#6185,#6186);
#5630=AXIS2_PLACEMENT_3D('',#9594,#6187,#6188);
#5631=AXIS2_PLACEMENT_3D('',#9599,#6191,#6192);
#5632=AXIS2_PLACEMENT_3D('',#9605,#6195,#6196);
#5633=AXIS2_PLACEMENT_3D('',#9608,#6198,#6199);
#5634=AXIS2_PLACEMENT_3D('',#9617,#6202,#6203);
#5635=AXIS2_PLACEMENT_3D('',#9623,#6207,#6208);
#5636=AXIS2_PLACEMENT_3D('',#9630,#6209,#6210);
#5637=AXIS2_PLACEMENT_3D('',#9631,#6211,#6212);
#5638=AXIS2_PLACEMENT_3D('',#9632,#6213,#6214);
#5639=AXIS2_PLACEMENT_3D('',#9641,#6217,#6218);
#5640=AXIS2_PLACEMENT_3D('',#9647,#6222,#6223);
#5641=AXIS2_PLACEMENT_3D('',#9648,#6224,#6225);
#5642=AXIS2_PLACEMENT_3D('',#9653,#6228,#6229);
#5643=AXIS2_PLACEMENT_3D('',#9659,#6233,#6234);
#5644=AXIS2_PLACEMENT_3D('',#9660,#6235,#6236);
#5645=AXIS2_PLACEMENT_3D('',#9665,#6239,#6240);
#5646=AXIS2_PLACEMENT_3D('',#9674,#6243,#6244);
#5647=AXIS2_PLACEMENT_3D('',#9675,#6245,#6246);
#5648=AXIS2_PLACEMENT_3D('',#9680,#6249,#6250);
#5649=AXIS2_PLACEMENT_3D('',#9689,#6255,#6256);
#5650=AXIS2_PLACEMENT_3D('',#9695,#6260,#6261);
#5651=AXIS2_PLACEMENT_3D('',#9701,#6265,#6266);
#5652=AXIS2_PLACEMENT_3D('',#9705,#6268,#6269);
#5653=AXIS2_PLACEMENT_3D('',#9706,#6270,#6271);
#5654=AXIS2_PLACEMENT_3D('',#9707,#6272,#6273);
#5655=AXIS2_PLACEMENT_3D('',#9716,#6276,#6277);
#5656=AXIS2_PLACEMENT_3D('',#9722,#6281,#6282);
#5657=AXIS2_PLACEMENT_3D('',#9723,#6283,#6284);
#5658=AXIS2_PLACEMENT_3D('',#9728,#6287,#6288);
#5659=AXIS2_PLACEMENT_3D('',#9734,#6292,#6293);
#5660=AXIS2_PLACEMENT_3D('',#9740,#6297,#6298);
#5661=AXIS2_PLACEMENT_3D('',#9749,#6301,#6302);
#5662=AXIS2_PLACEMENT_3D('',#9750,#6303,#6304);
#5663=AXIS2_PLACEMENT_3D('',#9755,#6307,#6308);
#5664=AXIS2_PLACEMENT_3D('',#9764,#6313,#6314);
#5665=AXIS2_PLACEMENT_3D('',#9770,#6318,#6319);
#5666=AXIS2_PLACEMENT_3D('',#9776,#6323,#6324);
#5667=AXIS2_PLACEMENT_3D('',#9787,#6331,#6332);
#5668=AXIS2_PLACEMENT_3D('',#9796,#6337,#6338);
#5669=AXIS2_PLACEMENT_3D('',#9802,#6342,#6343);
#5670=AXIS2_PLACEMENT_3D('',#9808,#6347,#6348);
#5671=AXIS2_PLACEMENT_3D('',#9819,#6355,#6356);
#5672=AXIS2_PLACEMENT_3D('',#9836,#6365,#6366);
#5673=AXIS2_PLACEMENT_3D('',#9842,#6370,#6371);
#5674=AXIS2_PLACEMENT_3D('',#9848,#6375,#6376);
#5675=AXIS2_PLACEMENT_3D('',#9851,#6379,#6380);
#5676=AXIS2_PLACEMENT_3D('',#9860,#6385,#6386);
#5677=AXIS2_PLACEMENT_3D('',#9866,#6390,#6391);
#5678=AXIS2_PLACEMENT_3D('',#9872,#6395,#6396);
#5679=AXIS2_PLACEMENT_3D('',#9883,#6403,#6404);
#5680=AXIS2_PLACEMENT_3D('',#9892,#6409,#6410);
#5681=AXIS2_PLACEMENT_3D('',#9898,#6414,#6415);
#5682=AXIS2_PLACEMENT_3D('',#9904,#6419,#6420);
#5683=AXIS2_PLACEMENT_3D('',#9915,#6427,#6428);
#5684=AXIS2_PLACEMENT_3D('',#9924,#6433,#6434);
#5685=AXIS2_PLACEMENT_3D('',#9930,#6438,#6439);
#5686=AXIS2_PLACEMENT_3D('',#9944,#6447,#6448);
#5687=AXIS2_PLACEMENT_3D('',#9947,#6451,#6452);
#5688=AXIS2_PLACEMENT_3D('',#9953,#6456,#6457);
#5689=AXIS2_PLACEMENT_3D('',#9957,#6460,#6461);
#5690=AXIS2_PLACEMENT_3D('',#9961,#6464,#6465);
#5691=AXIS2_PLACEMENT_3D('',#9967,#6469,#6470);
#5692=AXIS2_PLACEMENT_3D('',#9971,#6473,#6474);
#5693=AXIS2_PLACEMENT_3D('',#9975,#6477,#6478);
#5694=AXIS2_PLACEMENT_3D('',#9981,#6482,#6483);
#5695=AXIS2_PLACEMENT_3D('',#9985,#6486,#6487);
#5696=AXIS2_PLACEMENT_3D('',#9989,#6490,#6491);
#5697=AXIS2_PLACEMENT_3D('',#9990,#6492,#6493);
#5698=AXIS2_PLACEMENT_3D('',#9991,#6494,#6495);
#5699=AXIS2_PLACEMENT_3D('',#9992,#6496,#6497);
#5700=AXIS2_PLACEMENT_3D('',#9993,#6498,#6499);
#5701=AXIS2_PLACEMENT_3D('',#9994,#6500,#6501);
#5702=AXIS2_PLACEMENT_3D('',#9995,#6502,#6503);
#5703=AXIS2_PLACEMENT_3D('',#9996,#6504,#6505);
#5704=AXIS2_PLACEMENT_3D('',#9997,#6506,#6507);
#5705=AXIS2_PLACEMENT_3D('',#9998,#6508,#6509);
#5706=AXIS2_PLACEMENT_3D('',#9999,#6510,#6511);
#5707=AXIS2_PLACEMENT_3D('',#10000,#6512,#6513);
#5708=AXIS2_PLACEMENT_3D('',#10001,#6514,#6515);
#5709=AXIS2_PLACEMENT_3D('',#10002,#6516,#6517);
#5710=AXIS2_PLACEMENT_3D('',#10003,#6518,#6519);
#5711=AXIS2_PLACEMENT_3D('',#10004,#6520,#6521);
#5712=AXIS2_PLACEMENT_3D('',#10005,#6522,#6523);
#5713=AXIS2_PLACEMENT_3D('',#10006,#6524,#6525);
#5714=AXIS2_PLACEMENT_3D('',#10007,#6526,#6527);
#5715=AXIS2_PLACEMENT_3D('',#10008,#6528,#6529);
#5716=AXIS2_PLACEMENT_3D('',#10009,#6530,#6531);
#5717=AXIS2_PLACEMENT_3D('',#10014,#6536,#6537);
#5718=AXIS2_PLACEMENT_3D('',#10015,#6538,#6539);
#5719=AXIS2_PLACEMENT_3D('',#10016,#6540,#6541);
#5720=AXIS2_PLACEMENT_3D('',#10017,#6542,#6543);
#5721=AXIS2_PLACEMENT_3D('',#10018,#6544,#6545);
#5722=AXIS2_PLACEMENT_3D('',#10020,#6546,#6547);
#5723=AXIS2_PLACEMENT_3D('',#10021,#6548,#6549);
#5724=AXIS2_PLACEMENT_3D('',#10023,#6550,#6551);
#5725=AXIS2_PLACEMENT_3D('',#10032,#6558,#6559);
#5726=AXIS2_PLACEMENT_3D('',#10036,#6562,#6563);
#5727=AXIS2_PLACEMENT_3D('',#10037,#6564,#6565);
#5728=AXIS2_PLACEMENT_3D('',#10039,#6566,#6567);
#5729=AXIS2_PLACEMENT_3D('',#10040,#6568,#6569);
#5730=AXIS2_PLACEMENT_3D('',#10042,#6570,#6571);
#5731=AXIS2_PLACEMENT_3D('',#10044,#6572,#6573);
#5732=AXIS2_PLACEMENT_3D('',#10045,#6574,#6575);
#5733=AXIS2_PLACEMENT_3D('',#10050,#6578,#6579);
#5734=AXIS2_PLACEMENT_3D('',#10077,#6594,#6595);
#5735=AXIS2_PLACEMENT_3D('',#10080,#6598,#6599);
#5736=AXIS2_PLACEMENT_3D('',#10082,#6601,#6602);
#5737=AXIS2_PLACEMENT_3D('',#10084,#6604,#6605);
#5738=AXIS2_PLACEMENT_3D('',#10087,#6608,#6609);
#5739=AXIS2_PLACEMENT_3D('',#10089,#6611,#6612);
#5740=AXIS2_PLACEMENT_3D('',#10091,#6614,#6615);
#5741=AXIS2_PLACEMENT_3D('',#10094,#6618,#6619);
#5742=AXIS2_PLACEMENT_3D('',#10096,#6621,#6622);
#5743=AXIS2_PLACEMENT_3D('',#10098,#6624,#6625);
#5744=AXIS2_PLACEMENT_3D('',#10102,#6629,#6630);
#5745=AXIS2_PLACEMENT_3D('',#10103,#6631,#6632);
#5746=AXIS2_PLACEMENT_3D('',#10104,#6633,#6634);
#5747=AXIS2_PLACEMENT_3D('',#10106,#6635,#6636);
#5748=AXIS2_PLACEMENT_3D('',#10107,#6637,#6638);
#5749=AXIS2_PLACEMENT_3D('',#10108,#6639,#6640);
#5750=AXIS2_PLACEMENT_3D('',#10109,#6641,#6642);
#5751=AXIS2_PLACEMENT_3D('',#10110,#6643,#6644);
#5752=AXIS2_PLACEMENT_3D('',#10111,#6645,#6646);
#5753=AXIS2_PLACEMENT_3D('',#10113,#6647,#6648);
#5754=AXIS2_PLACEMENT_3D('',#10115,#6649,#6650);
#5755=AXIS2_PLACEMENT_3D('',#10116,#6651,#6652);
#5756=AXIS2_PLACEMENT_3D('',#10118,#6653,#6654);
#5757=AXIS2_PLACEMENT_3D('',#10120,#6655,#6656);
#5758=AXIS2_PLACEMENT_3D('',#10121,#6657,#6658);
#5759=AXIS2_PLACEMENT_3D('',#10123,#6659,#6660);
#5760=AXIS2_PLACEMENT_3D('',#10124,#6661,#6662);
#5761=AXIS2_PLACEMENT_3D('',#10125,#6663,#6664);
#5762=AXIS2_PLACEMENT_3D('',#10126,#6665,#6666);
#5763=AXIS2_PLACEMENT_3D('',#10127,#6667,#6668);
#5764=AXIS2_PLACEMENT_3D('',#10128,#6669,#6670);
#5765=AXIS2_PLACEMENT_3D('',#10129,#6671,#6672);
#5766=AXIS2_PLACEMENT_3D('',#10130,#6673,#6674);
#5767=AXIS2_PLACEMENT_3D('',#10131,#6675,#6676);
#5768=AXIS2_PLACEMENT_3D('',#10148,#6677,#6678);
#5769=AXIS2_PLACEMENT_3D('',#10458,#6679,#6680);
#5770=AXIS2_PLACEMENT_3D('',#10570,#6681,#6682);
#5771=AXIS2_PLACEMENT_3D('',#11421,#6683,#6684);
#5772=AXIS2_PLACEMENT_3D('',#11434,#6685,#6686);
#5773=AXIS2_PLACEMENT_3D('',#11474,#6687,#6688);
#5774=AXIS2_PLACEMENT_3D('',#11489,#6689,#6690);
#5775=AXIS2_PLACEMENT_3D('',#11490,#6691,#6692);
#5776=AXIS2_PLACEMENT_3D('',#11531,#6695,#6696);
#5777=AXIS2_PLACEMENT_3D('',#11551,#6697,#6698);
#5778=AXIS2_PLACEMENT_3D('',#11552,#6699,#6700);
#5779=AXIS2_PLACEMENT_3D('',#11593,#6703,#6704);
#5780=AXIS2_PLACEMENT_3D('',#11613,#6705,#6706);
#5781=AXIS2_PLACEMENT_3D('',#11614,#6707,#6708);
#5782=AXIS2_PLACEMENT_3D('',#11619,#6711,#6712);
#5783=AXIS2_PLACEMENT_3D('',#11620,#6713,#6714);
#5784=AXIS2_PLACEMENT_3D('',#11622,#6715,#6716);
#5785=AXIS2_PLACEMENT_3D('',#11653,#6717,#6718);
#5786=AXIS2_PLACEMENT_3D('',#11704,#6719,#6720);
#5787=AXIS2_PLACEMENT_3D('',#11724,#6721,#6722);
#5788=AXIS2_PLACEMENT_3D('',#11725,#6723,#6724);
#5789=AXIS2_PLACEMENT_3D('',#11728,#6725,#6726);
#5790=AXIS2_PLACEMENT_3D('',#11729,#6727,#6728);
#5791=AXIS2_PLACEMENT_3D('',#11730,#6729,#6730);
#5792=AXIS2_PLACEMENT_3D('',#11731,#6731,#6732);
#5793=AXIS2_PLACEMENT_3D('',#11734,#6733,#6734);
#5794=AXIS2_PLACEMENT_3D('',#11735,#6735,#6736);
#5795=AXIS2_PLACEMENT_3D('',#11736,#6737,#6738);
#5796=AXIS2_PLACEMENT_3D('',#11737,#6739,#6740);
#5797=AXIS2_PLACEMENT_3D('',#11777,#6743,#6744);
#5798=AXIS2_PLACEMENT_3D('',#11827,#6745,#6746);
#5799=AXIS2_PLACEMENT_3D('',#11842,#6747,#6748);
#5800=AXIS2_PLACEMENT_3D('',#11843,#6749,#6750);
#5801=AXIS2_PLACEMENT_3D('',#11845,#6751,#6752);
#5802=AXIS2_PLACEMENT_3D('',#11846,#6753,#6754);
#5803=AXIS2_PLACEMENT_3D('',#11847,#6755,#6756);
#5804=AXIS2_PLACEMENT_3D('',#11848,#6757,#6758);
#5805=AXIS2_PLACEMENT_3D('',#11849,#6759,#6760);
#5806=AXIS2_PLACEMENT_3D('',#11890,#6763,#6764);
#5807=AXIS2_PLACEMENT_3D('',#11910,#6765,#6766);
#5808=AXIS2_PLACEMENT_3D('',#11913,#6769,#6770);
#5809=AXIS2_PLACEMENT_3D('',#11914,#6771,#6772);
#5810=AXIS2_PLACEMENT_3D('',#11917,#6773,#6774);
#5811=AXIS2_PLACEMENT_3D('',#11918,#6775,#6776);
#5812=AXIS2_PLACEMENT_3D('',#11919,#6777,#6778);
#5813=AXIS2_PLACEMENT_3D('',#11920,#6779,#6780);
#5814=AXIS2_PLACEMENT_3D('',#11923,#6781,#6782);
#5815=AXIS2_PLACEMENT_3D('',#11924,#6783,#6784);
#5816=AXIS2_PLACEMENT_3D('',#11961,#6785,#6786);
#5817=AXIS2_PLACEMENT_3D('',#11981,#6787,#6788);
#5818=AXIS2_PLACEMENT_3D('',#11982,#6789,#6790);
#5819=AXIS2_PLACEMENT_3D('',#11987,#6793,#6794);
#5820=AXIS2_PLACEMENT_3D('',#11988,#6795,#6796);
#5821=AXIS2_PLACEMENT_3D('',#11990,#6797,#6798);
#5822=AXIS2_PLACEMENT_3D('',#11991,#6799,#6800);
#5823=AXIS2_PLACEMENT_3D('',#11992,#6801,#6802);
#5824=AXIS2_PLACEMENT_3D('',#11994,#6803,#6804);
#5825=AXIS2_PLACEMENT_3D('',#12025,#6805,#6806);
#5826=AXIS2_PLACEMENT_3D('',#12076,#6807,#6808);
#5827=AXIS2_PLACEMENT_3D('',#12096,#6809,#6810);
#5828=AXIS2_PLACEMENT_3D('',#12107,#6813,#6814);
#5829=AXIS2_PLACEMENT_3D('',#12108,#6815,#6816);
#5830=AXIS2_PLACEMENT_3D('',#12111,#6817,#6818);
#5831=AXIS2_PLACEMENT_3D('',#12112,#6819,#6820);
#5832=AXIS2_PLACEMENT_3D('',#12113,#6821,#6822);
#5833=AXIS2_PLACEMENT_3D('',#12114,#6823,#6824);
#5834=AXIS2_PLACEMENT_3D('',#12116,#6825,#6826);
#5835=AXIS2_PLACEMENT_3D('',#12117,#6827,#6828);
#5836=AXIS2_PLACEMENT_3D('',#12118,#6829,#6830);
#5837=AXIS2_PLACEMENT_3D('',#12157,#6833,#6834);
#5838=AXIS2_PLACEMENT_3D('',#12213,#6835,#6836);
#5839=AXIS2_PLACEMENT_3D('',#12214,#6837,#6838);
#5840=AXIS2_PLACEMENT_3D('',#12215,#6839,#6840);
#5841=AXIS2_PLACEMENT_3D('',#12216,#6841,#6842);
#5842=AXIS2_PLACEMENT_3D('',#12217,#6843,#6844);
#5843=AXIS2_PLACEMENT_3D('',#12258,#6847,#6848);
#5844=AXIS2_PLACEMENT_3D('',#12278,#6849,#6850);
#5845=AXIS2_PLACEMENT_3D('',#12326,#6853,#6854);
#5846=AXIS2_PLACEMENT_3D('',#12345,#6855,#6856);
#5847=AXIS2_PLACEMENT_3D('',#12346,#6857,#6858);
#5848=AXIS2_PLACEMENT_3D('',#12381,#6861,#6862);
#5849=AXIS2_PLACEMENT_3D('',#12441,#6863,#6864);
#5850=AXIS2_PLACEMENT_3D('',#12442,#6865,#6866);
#5851=AXIS2_PLACEMENT_3D('',#12444,#6867,#6868);
#5852=AXIS2_PLACEMENT_3D('',#12445,#6869,#6870);
#5853=AXIS2_PLACEMENT_3D('',#12446,#6871,#6872);
#5854=AXIS2_PLACEMENT_3D('',#12447,#6873,#6874);
#5855=AXIS2_PLACEMENT_3D('',#12448,#6875,#6876);
#5856=AXIS2_PLACEMENT_3D('',#12450,#6877,#6878);
#5857=AXIS2_PLACEMENT_3D('',#12451,#6879,#6880);
#5858=AXIS2_PLACEMENT_3D('',#12452,#6881,#6882);
#5859=AXIS2_PLACEMENT_3D('',#12453,#6883,#6884);
#5860=AXIS2_PLACEMENT_3D('',#12454,#6885,#6886);
#5861=AXIS2_PLACEMENT_3D('',#12455,#6887,#6888);
#5862=AXIS2_PLACEMENT_3D('',#12456,#6889,#6890);
#5863=AXIS2_PLACEMENT_3D('',#12457,#6891,#6892);
#5864=AXIS2_PLACEMENT_3D('',#12458,#6893,#6894);
#5865=AXIS2_PLACEMENT_3D('',#12459,#6895,#6896);
#5866=AXIS2_PLACEMENT_3D('',#12460,#6897,#6898);
#5867=AXIS2_PLACEMENT_3D('',#12461,#6899,#6900);
#5868=AXIS2_PLACEMENT_3D('',#12462,#6901,#6902);
#5869=AXIS2_PLACEMENT_3D('',#12463,#6903,#6904);
#5870=AXIS2_PLACEMENT_3D('',#12464,#6905,#6906);
#5871=AXIS2_PLACEMENT_3D('',#12465,#6907,#6908);
#5872=AXIS2_PLACEMENT_3D('',#12466,#6909,#6910);
#5873=AXIS2_PLACEMENT_3D('',#12467,#6911,#6912);
#5874=AXIS2_PLACEMENT_3D('',#12468,#6913,#6914);
#5875=AXIS2_PLACEMENT_3D('',#12470,#6915,#6916);
#5876=AXIS2_PLACEMENT_3D('',#12471,#6917,#6918);
#5877=AXIS2_PLACEMENT_3D('',#12472,#6919,#6920);
#5878=AXIS2_PLACEMENT_3D('',#12473,#6921,#6922);
#5879=AXIS2_PLACEMENT_3D('',#12474,#6923,#6924);
#5880=AXIS2_PLACEMENT_3D('',#12475,#6925,#6926);
#5881=AXIS2_PLACEMENT_3D('',#12480,#6928,#6929);
#5882=AXIS2_PLACEMENT_3D('',#12483,#6931,#6932);
#5883=AXIS2_PLACEMENT_3D('',#12492,#6937,#6938);
#5884=AXIS2_PLACEMENT_3D('',#12498,#6942,#6943);
#5885=AXIS2_PLACEMENT_3D('',#12499,#6944,#6945);
#5886=AXIS2_PLACEMENT_3D('',#12506,#6946,#6947);
#5887=AXIS2_PLACEMENT_3D('',#12507,#6948,#6949);
#5888=AXIS2_PLACEMENT_3D('',#12508,#6950,#6951);
#5889=AXIS2_PLACEMENT_3D('',#12513,#6953,#6954);
#5890=AXIS2_PLACEMENT_3D('',#12519,#6955,#6956);
#5891=AXIS2_PLACEMENT_3D('',#12525,#6960,#6961);
#5892=AXIS2_PLACEMENT_3D('',#12531,#6965,#6966);
#5893=AXIS2_PLACEMENT_3D('',#12532,#6967,#6968);
#5894=AXIS2_PLACEMENT_3D('',#12534,#6969,#6970);
#5895=AXIS2_PLACEMENT_3D('',#12544,#6974,#6975);
#5896=AXIS2_PLACEMENT_3D('',#12546,#6977,#6978);
#5897=AXIS2_PLACEMENT_3D('',#12555,#6981,#6982);
#5898=AXIS2_PLACEMENT_3D('',#12556,#6983,#6984);
#5899=AXIS2_PLACEMENT_3D('',#12558,#6985,#6986);
#5900=AXIS2_PLACEMENT_3D('',#12590,#6989,#6990);
#5901=AXIS2_PLACEMENT_3D('',#12599,#6993,#6994);
#5902=AXIS2_PLACEMENT_3D('',#12608,#6999,#7000);
#5903=AXIS2_PLACEMENT_3D('',#12609,#7001,#7002);
#5904=AXIS2_PLACEMENT_3D('',#12611,#7003,#7004);
#5905=AXIS2_PLACEMENT_3D('',#12614,#7006,#7007);
#5906=AXIS2_PLACEMENT_3D('',#12620,#7011,#7012);
#5907=AXIS2_PLACEMENT_3D('',#12621,#7013,#7014);
#5908=AXIS2_PLACEMENT_3D('',#12623,#7015,#7016);
#5909=AXIS2_PLACEMENT_3D('',#12626,#7018,#7019);
#5910=AXIS2_PLACEMENT_3D('',#12632,#7023,#7024);
#5911=AXIS2_PLACEMENT_3D('',#12667,#7029,#7030);
#5912=AXIS2_PLACEMENT_3D('',#12668,#7031,#7032);
#5913=AXIS2_PLACEMENT_3D('',#12675,#7033,#7034);
#5914=AXIS2_PLACEMENT_3D('',#12676,#7035,#7036);
#5915=AXIS2_PLACEMENT_3D('',#12677,#7037,#7038);
#5916=AXIS2_PLACEMENT_3D('',#12681,#7041,#7042);
#5917=AXIS2_PLACEMENT_3D('',#12682,#7043,#7044);
#5918=AXIS2_PLACEMENT_3D('',#12683,#7045,#7046);
#5919=AXIS2_PLACEMENT_3D('',#12684,#7047,#7048);
#5920=AXIS2_PLACEMENT_3D('',#12685,#7049,#7050);
#5921=AXIS2_PLACEMENT_3D('',#12686,#7051,#7052);
#5922=AXIS2_PLACEMENT_3D('',#12687,#7053,#7054);
#5923=AXIS2_PLACEMENT_3D('',#12688,#7055,#7056);
#5924=AXIS2_PLACEMENT_3D('',#12689,#7057,#7058);
#5925=AXIS2_PLACEMENT_3D('',#12690,#7059,#7060);
#5926=AXIS2_PLACEMENT_3D('',#12691,#7061,#7062);
#5927=AXIS2_PLACEMENT_3D('',#12692,#7063,#7064);
#5928=AXIS2_PLACEMENT_3D('',#12693,#7065,#7066);
#5929=AXIS2_PLACEMENT_3D('',#12694,#7067,#7068);
#5930=AXIS2_PLACEMENT_3D('',#12695,#7069,#7070);
#5931=AXIS2_PLACEMENT_3D('',#12696,#7071,#7072);
#5932=AXIS2_PLACEMENT_3D('',#12698,#7073,#7074);
#5933=AXIS2_PLACEMENT_3D('',#12699,#7075,#7076);
#5934=AXIS2_PLACEMENT_3D('',#12731,#7077,#7078);
#5935=AXIS2_PLACEMENT_3D('',#12733,#7080,#7081);
#5936=AXIS2_PLACEMENT_3D('',#12734,#7082,#7083);
#5937=AXIS2_PLACEMENT_3D('',#12743,#7088,#7089);
#5938=AXIS2_PLACEMENT_3D('',#12749,#7093,#7094);
#5939=AXIS2_PLACEMENT_3D('',#12750,#7095,#7096);
#5940=AXIS2_PLACEMENT_3D('',#12752,#7097,#7098);
#5941=AXIS2_PLACEMENT_3D('',#12755,#7100,#7101);
#5942=AXIS2_PLACEMENT_3D('',#12764,#7106,#7107);
#5943=AXIS2_PLACEMENT_3D('',#12767,#7110,#7111);
#5944=AXIS2_PLACEMENT_3D('',#12776,#7116,#7117);
#5945=AXIS2_PLACEMENT_3D('',#12777,#7118,#7119);
#5946=AXIS2_PLACEMENT_3D('',#12779,#7120,#7121);
#5947=AXIS2_PLACEMENT_3D('',#12782,#7123,#7124);
#5948=AXIS2_PLACEMENT_3D('',#12783,#7125,#7126);
#5949=AXIS2_PLACEMENT_3D('',#12785,#7127,#7128);
#5950=AXIS2_PLACEMENT_3D('',#12788,#7130,#7131);
#5951=AXIS2_PLACEMENT_3D('',#12793,#7134,#7135);
#5952=AXIS2_PLACEMENT_3D('',#12796,#7137,#7138);
#5953=AXIS2_PLACEMENT_3D('',#12801,#7141,#7142);
#5954=AXIS2_PLACEMENT_3D('',#12806,#7145,#7146);
#5955=AXIS2_PLACEMENT_3D('',#12807,#7147,#7148);
#5956=AXIS2_PLACEMENT_3D('',#12809,#7150,#7151);
#5957=AXIS2_PLACEMENT_3D('',#12811,#7153,#7154);
#5958=AXIS2_PLACEMENT_3D('',#12812,#7155,#7156);
#5959=AXIS2_PLACEMENT_3D('',#12814,#7158,#7159);
#5960=AXIS2_PLACEMENT_3D('',#12816,#7161,#7162);
#5961=AXIS2_PLACEMENT_3D('',#12817,#7163,#7164);
#5962=AXIS2_PLACEMENT_3D('',#12819,#7165,#7166);
#5963=AXIS2_PLACEMENT_3D('',#12820,#7167,#7168);
#5964=AXIS2_PLACEMENT_3D('',#12822,#7169,#7170);
#5965=AXIS2_PLACEMENT_3D('',#12823,#7171,#7172);
#5966=AXIS2_PLACEMENT_3D('',#12855,#7173,#7174);
#5967=AXIS2_PLACEMENT_3D('',#12857,#7176,#7177);
#5968=AXIS2_PLACEMENT_3D('',#12858,#7178,#7179);
#5969=AXIS2_PLACEMENT_3D('',#12859,#7180,#7181);
#5970=AXIS2_PLACEMENT_3D('',#12864,#7183,#7184);
#5971=AXIS2_PLACEMENT_3D('',#12867,#7186,#7187);
#5972=AXIS2_PLACEMENT_3D('',#12876,#7192,#7193);
#5973=AXIS2_PLACEMENT_3D('',#12882,#7197,#7198);
#5974=AXIS2_PLACEMENT_3D('',#12883,#7199,#7200);
#5975=AXIS2_PLACEMENT_3D('',#12890,#7201,#7202);
#5976=AXIS2_PLACEMENT_3D('',#12891,#7203,#7204);
#5977=AXIS2_PLACEMENT_3D('',#12892,#7205,#7206);
#5978=AXIS2_PLACEMENT_3D('',#12897,#7208,#7209);
#5979=AXIS2_PLACEMENT_3D('',#12903,#7210,#7211);
#5980=AXIS2_PLACEMENT_3D('',#12909,#7215,#7216);
#5981=AXIS2_PLACEMENT_3D('',#12915,#7220,#7221);
#5982=AXIS2_PLACEMENT_3D('',#12916,#7222,#7223);
#5983=AXIS2_PLACEMENT_3D('',#12918,#7224,#7225);
#5984=AXIS2_PLACEMENT_3D('',#12928,#7229,#7230);
#5985=AXIS2_PLACEMENT_3D('',#12930,#7232,#7233);
#5986=AXIS2_PLACEMENT_3D('',#12939,#7236,#7237);
#5987=AXIS2_PLACEMENT_3D('',#12940,#7238,#7239);
#5988=AXIS2_PLACEMENT_3D('',#12942,#7240,#7241);
#5989=AXIS2_PLACEMENT_3D('',#12974,#7244,#7245);
#5990=AXIS2_PLACEMENT_3D('',#12983,#7248,#7249);
#5991=AXIS2_PLACEMENT_3D('',#12992,#7254,#7255);
#5992=AXIS2_PLACEMENT_3D('',#12993,#7256,#7257);
#5993=AXIS2_PLACEMENT_3D('',#12995,#7258,#7259);
#5994=AXIS2_PLACEMENT_3D('',#12998,#7261,#7262);
#5995=AXIS2_PLACEMENT_3D('',#13004,#7266,#7267);
#5996=AXIS2_PLACEMENT_3D('',#13005,#7268,#7269);
#5997=AXIS2_PLACEMENT_3D('',#13007,#7270,#7271);
#5998=AXIS2_PLACEMENT_3D('',#13010,#7273,#7274);
#5999=AXIS2_PLACEMENT_3D('',#13016,#7278,#7279);
#6000=AXIS2_PLACEMENT_3D('',#13051,#7284,#7285);
#6001=AXIS2_PLACEMENT_3D('',#13052,#7286,#7287);
#6002=AXIS2_PLACEMENT_3D('',#13059,#7288,#7289);
#6003=AXIS2_PLACEMENT_3D('',#13060,#7290,#7291);
#6004=AXIS2_PLACEMENT_3D('',#13061,#7292,#7293);
#6005=AXIS2_PLACEMENT_3D('',#13065,#7296,#7297);
#6006=AXIS2_PLACEMENT_3D('',#13066,#7298,#7299);
#6007=AXIS2_PLACEMENT_3D('',#13067,#7300,#7301);
#6008=AXIS2_PLACEMENT_3D('',#13068,#7302,#7303);
#6009=AXIS2_PLACEMENT_3D('',#13069,#7304,#7305);
#6010=AXIS2_PLACEMENT_3D('',#13070,#7306,#7307);
#6011=AXIS2_PLACEMENT_3D('',#13071,#7308,#7309);
#6012=AXIS2_PLACEMENT_3D('',#13072,#7310,#7311);
#6013=AXIS2_PLACEMENT_3D('',#13073,#7312,#7313);
#6014=AXIS2_PLACEMENT_3D('',#13074,#7314,#7315);
#6015=AXIS2_PLACEMENT_3D('',#13075,#7316,#7317);
#6016=AXIS2_PLACEMENT_3D('',#13076,#7318,#7319);
#6017=AXIS2_PLACEMENT_3D('',#13077,#7320,#7321);
#6018=AXIS2_PLACEMENT_3D('',#13078,#7322,#7323);
#6019=AXIS2_PLACEMENT_3D('',#13079,#7324,#7325);
#6020=AXIS2_PLACEMENT_3D('',#13080,#7326,#7327);
#6021=AXIS2_PLACEMENT_3D('',#13082,#7328,#7329);
#6022=AXIS2_PLACEMENT_3D('',#13083,#7330,#7331);
#6023=AXIS2_PLACEMENT_3D('',#13115,#7332,#7333);
#6024=AXIS2_PLACEMENT_3D('',#13117,#7335,#7336);
#6025=AXIS2_PLACEMENT_3D('',#13118,#7337,#7338);
#6026=AXIS2_PLACEMENT_3D('',#13127,#7343,#7344);
#6027=AXIS2_PLACEMENT_3D('',#13133,#7348,#7349);
#6028=AXIS2_PLACEMENT_3D('',#13134,#7350,#7351);
#6029=AXIS2_PLACEMENT_3D('',#13136,#7352,#7353);
#6030=AXIS2_PLACEMENT_3D('',#13139,#7355,#7356);
#6031=AXIS2_PLACEMENT_3D('',#13148,#7361,#7362);
#6032=AXIS2_PLACEMENT_3D('',#13151,#7365,#7366);
#6033=AXIS2_PLACEMENT_3D('',#13160,#7371,#7372);
#6034=AXIS2_PLACEMENT_3D('',#13161,#7373,#7374);
#6035=AXIS2_PLACEMENT_3D('',#13163,#7375,#7376);
#6036=AXIS2_PLACEMENT_3D('',#13166,#7378,#7379);
#6037=AXIS2_PLACEMENT_3D('',#13167,#7380,#7381);
#6038=AXIS2_PLACEMENT_3D('',#13169,#7382,#7383);
#6039=AXIS2_PLACEMENT_3D('',#13172,#7385,#7386);
#6040=AXIS2_PLACEMENT_3D('',#13177,#7389,#7390);
#6041=AXIS2_PLACEMENT_3D('',#13180,#7392,#7393);
#6042=AXIS2_PLACEMENT_3D('',#13185,#7396,#7397);
#6043=AXIS2_PLACEMENT_3D('',#13190,#7400,#7401);
#6044=AXIS2_PLACEMENT_3D('',#13191,#7402,#7403);
#6045=AXIS2_PLACEMENT_3D('',#13193,#7405,#7406);
#6046=AXIS2_PLACEMENT_3D('',#13195,#7408,#7409);
#6047=AXIS2_PLACEMENT_3D('',#13196,#7410,#7411);
#6048=AXIS2_PLACEMENT_3D('',#13198,#7413,#7414);
#6049=AXIS2_PLACEMENT_3D('',#13200,#7416,#7417);
#6050=AXIS2_PLACEMENT_3D('',#13201,#7418,#7419);
#6051=AXIS2_PLACEMENT_3D('',#13203,#7420,#7421);
#6052=AXIS2_PLACEMENT_3D('',#13204,#7422,#7423);
#6053=AXIS2_PLACEMENT_3D('',#13206,#7424,#7425);
#6054=AXIS2_PLACEMENT_3D('',#13207,#7426,#7427);
#6055=AXIS2_PLACEMENT_3D('',#13239,#7428,#7429);
#6056=DIRECTION('',(0.,0.,1.));
#6057=DIRECTION('',(1.,0.,0.));
#6058=DIRECTION('',(1.,0.,-1.09792625061823E-16));
#6059=DIRECTION('',(0.,0.,-1.));
#6060=DIRECTION('',(1.,0.,-1.09792625061823E-16));
#6061=DIRECTION('',(0.,0.,-1.));
#6062=DIRECTION('',(-1.09792625061817E-16,-6.12323399573742E-17,-1.));
#6063=DIRECTION('',(-0.916157334902264,0.400818834019536,7.60442436625612E-17));
#6064=DIRECTION('',(0.400818834019712,0.916157334902187,-1.00105409346408E-16));
#6065=DIRECTION('',(-1.,1.19986061020615E-17,3.88554518803324E-18));
#6066=DIRECTION('',(1.19986061020615E-17,1.,0.));
#6067=DIRECTION('',(1.,0.,0.));
#6068=DIRECTION('',(0.,-1.,0.));
#6069=DIRECTION('',(-1.,0.,1.09792625061823E-16));
#6070=DIRECTION('',(0.400818834019716,-0.916157334902186,1.20915054239221E-17));
#6071=DIRECTION('',(0.,0.,1.));
#6072=DIRECTION('',(1.,0.,0.));
#6073=DIRECTION('',(1.,0.,-1.09792625061823E-16));
#6074=DIRECTION('',(0.707106781186548,-0.707106781186548,-3.43373068937084E-17));
#6075=DIRECTION('',(0.707106781186548,0.,-0.707106781186548));
#6076=DIRECTION('',(0.,-1.,0.));
#6077=DIRECTION('',(-0.707094663893391,0.0058542793736855,-0.707094663893391));
#6078=DIRECTION('',(0.,-1.,0.));
#6079=DIRECTION('',(0.707106781186548,0.,-0.707106781186548));
#6080=DIRECTION('',(-0.707106781186548,0.,-0.707106781186548));
#6081=DIRECTION('',(0.,1.,0.));
#6082=DIRECTION('',(-0.574967673454318,0.577325689401813,0.579747550955802));
#6083=DIRECTION('',(0.,-0.708585269061662,0.705625195460602));
#6084=DIRECTION('',(0.00591537375687963,0.71150002493245,-0.702661172169375));
#6085=DIRECTION('',(0.708552298109065,0.705658303178219,0.));
#6086=DIRECTION('',(7.81188222339563E-17,0.702673466127752,0.711512473537893));
#6087=DIRECTION('',(-1.,0.,1.09792625061823E-16));
#6088=DIRECTION('',(-7.7148364407456E-17,0.711512473537893,-0.702673466127752));
#6089=DIRECTION('',(-1.,0.,1.09792625061823E-16));
#6090=DIRECTION('',(1.,-1.75254051903769E-15,-3.4227236226191E-16));
#6091=DIRECTION('',(-1.,0.,0.));
#6092=DIRECTION('',(0.,0.,1.));
#6093=DIRECTION('',(1.,0.,0.));
#6094=DIRECTION('',(0.,1.,0.));
#6095=DIRECTION('',(-1.,0.,1.09792625061821E-16));
#6096=DIRECTION('',(0.,0.,1.));
#6097=DIRECTION('',(-0.579740963760722,-0.572538933065283,-0.579740963760762));
#6098=DIRECTION('',(-0.707106781186572,0.,0.707106781186523));
#6099=DIRECTION('',(-7.7148364407456E-17,0.711512473537893,-0.702673466127752));
#6100=DIRECTION('',(0.707106781186572,-0.707051536311156,-0.00883883476483516));
#6101=DIRECTION('',(-0.70710678118654,0.,0.707106781186555));
#6102=DIRECTION('',(-0.574967673454312,-0.577325689401807,0.579747550955814));
#6103=DIRECTION('',(0.,-0.708585269061672,-0.705625195460591));
#6104=DIRECTION('',(-0.708552298109064,0.705658303178219,0.));
#6105=DIRECTION('',(-0.707094663893391,-0.00585427937370594,-0.707094663893391));
#6106=DIRECTION('',(-0.00591537375684068,0.711500024932441,0.702661172169384));
#6107=DIRECTION('',(0.707106781186548,0.,0.707106781186548));
#6108=DIRECTION('',(0.,1.,0.));
#6109=DIRECTION('',(0.707106781186543,0.,-0.707106781186552));
#6110=DIRECTION('',(0.,-1.,0.));
#6111=DIRECTION('',(0.,1.,0.));
#6112=DIRECTION('',(7.81188222339553E-17,-0.702673466127761,0.711512473537884));
#6113=DIRECTION('',(-1.,0.,1.09792625061823E-16));
#6114=DIRECTION('',(7.7148364407456E-17,0.711512473537893,0.702673466127752));
#6115=DIRECTION('',(-1.,-1.75254051903769E-15,3.4227236226191E-16));
#6116=DIRECTION('',(1.,0.,-1.09792625061823E-16));
#6117=DIRECTION('',(0.707106781186548,0.,-0.707106781186548));
#6118=DIRECTION('',(0.,-1.,0.));
#6119=DIRECTION('',(0.707106781186548,0.,-0.707106781186548));
#6120=DIRECTION('',(-0.707106781186548,0.,-0.707106781186548));
#6121=DIRECTION('',(0.,-1.,0.));
#6122=DIRECTION('',(0.,1.,0.));
#6123=DIRECTION('',(-0.579740963760768,0.572538933065243,-0.579740963760756));
#6124=DIRECTION('',(-0.70710678118654,0.,0.707106781186555));
#6125=DIRECTION('',(7.7148364407456E-17,0.711512473537893,0.702673466127752));
#6126=DIRECTION('',(0.70710678118654,0.,-0.707106781186555));
#6127=DIRECTION('',(0.707106781186572,0.707051536311156,-0.00883883476483507));
#6128=DIRECTION('',(0.707106781186548,0.,0.707106781186548));
#6129=DIRECTION('',(0.,1.,0.));
#6130=DIRECTION('',(0.,-1.,0.));
#6131=DIRECTION('',(-0.707106781186543,0.,0.707106781186552));
#6132=DIRECTION('',(0.,1.,0.));
#6133=DIRECTION('',(0.707106781186548,0.,-0.707106781186548));
#6134=DIRECTION('',(0.,-1.,0.));
#6135=DIRECTION('',(-0.707094663893391,0.00585427937372901,-0.707094663893391));
#6136=DIRECTION('',(0.,-1.,0.));
#6137=DIRECTION('',(0.707106781186548,0.,-0.707106781186548));
#6138=DIRECTION('',(-0.707106781186548,0.,-0.707106781186548));
#6139=DIRECTION('',(0.,1.,0.));
#6140=DIRECTION('',(-0.574967673454292,0.577325689401829,0.579747550955812));
#6141=DIRECTION('',(0.,-0.708585269061658,0.705625195460606));
#6142=DIRECTION('',(0.00591537375688761,0.71150002493245,-0.702661172169375));
#6143=DIRECTION('',(0.70855229810909,0.705658303178193,0.));
#6144=DIRECTION('',(7.81188222339563E-17,0.702673466127752,0.711512473537893));
#6145=DIRECTION('',(-1.,0.,1.09792625061823E-16));
#6146=DIRECTION('',(-0.00591537388423543,0.711500024931914,-0.702661172168845));
#6147=DIRECTION('',(-1.,0.,1.09792625061823E-16));
#6148=DIRECTION('',(1.,-1.75254051903769E-15,-3.4227236226191E-16));
#6149=DIRECTION('',(-1.,0.,0.));
#6150=DIRECTION('',(0.,0.,1.));
#6151=DIRECTION('',(1.,0.,-5.02268983352956E-17));
#6152=DIRECTION('',(5.5600111409513E-17,0.,1.));
#6153=DIRECTION('',(-1.,0.,1.09792625061828E-16));
#6154=DIRECTION('',(1.09792625061823E-16,0.,1.));
#6155=DIRECTION('',(0.574967673352109,0.577325689503746,0.579747550955662));
#6156=DIRECTION('',(0.,-0.708585268999284,0.705625195523241));
#6157=DIRECTION('',(0.707094663892878,0.00585427949765878,-0.707094663892878));
#6158=DIRECTION('',(0.708552298234079,-0.705658303052691,0.));
#6159=DIRECTION('',(-0.5749676734543,-0.577325689401826,0.579747550955806));
#6160=DIRECTION('',(0.,-0.708585269061656,-0.705625195460607));
#6161=DIRECTION('',(-0.708552298109083,0.7056583031782,0.));
#6162=DIRECTION('',(-0.707094663893391,-0.00585427937371125,-0.707094663893391));
#6163=DIRECTION('',(-0.00591537375687355,0.711500024932441,0.702661172169383));
#6164=DIRECTION('',(-0.707106781186548,0.,-0.707106781186548));
#6165=DIRECTION('',(0.,-1.,0.));
#6166=DIRECTION('',(-0.707106781186548,0.,-0.707106781186548));
#6167=DIRECTION('',(-0.707106781186548,0.,0.707106781186548));
#6168=DIRECTION('',(0.,1.,0.));
#6169=DIRECTION('',(0.,-1.,0.));
#6170=DIRECTION('',(7.81188222339553E-17,-0.702673466127761,0.711512473537884));
#6171=DIRECTION('',(-1.,0.,1.09792625061823E-16));
#6172=DIRECTION('',(0.00591537388419489,0.711500024931905,0.702661172168854));
#6173=DIRECTION('',(-1.,-1.75254051903769E-15,3.4227236226191E-16));
#6174=DIRECTION('',(1.,0.,-1.09792625061823E-16));
#6175=DIRECTION('',(0.707106781186548,0.,-0.707106781186548));
#6176=DIRECTION('',(0.,-1.,0.));
#6177=DIRECTION('',(0.707106781186548,0.,-0.707106781186548));
#6178=DIRECTION('',(-0.707106781186548,0.,-0.707106781186548));
#6179=DIRECTION('',(0.,-1.,0.));
#6180=DIRECTION('',(0.,1.,0.));
#6181=DIRECTION('',(0.574967673352112,-0.577325689503734,0.579747550955669));
#6182=DIRECTION('',(0.,-0.708585268999296,-0.705625195523229));
#6183=DIRECTION('',(-0.707094663892878,0.00585427949766339,0.707094663892878));
#6184=DIRECTION('',(-0.70855229823407,-0.705658303052701,0.));
#6185=DIRECTION('',(-0.707106781186548,0.,-0.707106781186548));
#6186=DIRECTION('',(0.,-1.,0.));
#6187=DIRECTION('',(-0.707106781186548,0.,-0.707106781186548));
#6188=DIRECTION('',(-0.707106781186548,0.,0.707106781186548));
#6189=DIRECTION('',(0.,-1.,0.));
#6190=DIRECTION('',(0.,1.,0.));
#6191=DIRECTION('',(0.707106781186548,0.,-0.707106781186548));
#6192=DIRECTION('',(0.,-1.,0.));
#6193=DIRECTION('',(-0.707094663893391,0.00585427937370676,-0.707094663893391));
#6194=DIRECTION('',(0.,-1.,0.));
#6195=DIRECTION('',(0.707106781186548,0.,-0.707106781186548));
#6196=DIRECTION('',(-0.707106781186548,0.,-0.707106781186548));
#6197=DIRECTION('',(0.,1.,0.));
#6198=DIRECTION('',(-0.574967673454298,0.577325689401834,0.5797475509558));
#6199=DIRECTION('',(0.,-0.708585269061648,0.705625195460616));
#6200=DIRECTION('',(0.00591537375690772,0.71150002493245,-0.702661172169375));
#6201=DIRECTION('',(0.708552298109089,0.705658303178194,0.));
#6202=DIRECTION('',(7.81188222339563E-17,0.702673466127752,0.711512473537893));
#6203=DIRECTION('',(-1.,0.,1.09792625061823E-16));
#6204=DIRECTION('',(-0.00591537388426059,0.711500024931914,-0.702661172168845));
#6205=DIRECTION('',(-1.,0.,1.09792625061823E-16));
#6206=DIRECTION('',(1.,-8.74130890109946E-16,-3.4227236226191E-16));
#6207=DIRECTION('',(-1.,0.,0.));
#6208=DIRECTION('',(0.,0.,1.));
#6209=DIRECTION('',(1.,0.,-1.00453796670591E-16));
#6210=DIRECTION('',(1.11200222819026E-16,0.,1.));
#6211=DIRECTION('',(-1.,0.,1.09792625061824E-16));
#6212=DIRECTION('',(1.09792625061823E-16,0.,1.));
#6213=DIRECTION('',(0.57496767335211,0.577325689503755,0.579747550955651));
#6214=DIRECTION('',(0.,-0.708585268999272,0.705625195523253));
#6215=DIRECTION('',(0.707094663892878,0.00585427949764424,-0.707094663892878));
#6216=DIRECTION('',(0.708552298234085,-0.705658303052686,0.));
#6217=DIRECTION('',(-0.574967673454299,-0.57732568940183,0.579747550955805));
#6218=DIRECTION('',(0.,-0.708585269061653,-0.70562519546061));
#6219=DIRECTION('',(-0.708552298109086,0.705658303178197,0.));
#6220=DIRECTION('',(-0.707094663893391,-0.00585427937371167,-0.707094663893391));
#6221=DIRECTION('',(-0.0059153737568796,0.711500024932441,0.702661172169383));
#6222=DIRECTION('',(-0.707106781186548,0.,-0.707106781186548));
#6223=DIRECTION('',(0.,-1.,0.));
#6224=DIRECTION('',(-0.707106781186548,0.,-0.707106781186548));
#6225=DIRECTION('',(-0.707106781186548,0.,0.707106781186548));
#6226=DIRECTION('',(0.,1.,0.));
#6227=DIRECTION('',(0.,-1.,0.));
#6228=DIRECTION('',(7.81188222339553E-17,-0.702673466127761,0.711512473537884));
#6229=DIRECTION('',(-1.,0.,1.09792625061823E-16));
#6230=DIRECTION('',(0.00591537388423204,0.711500024931905,0.702661172168854));
#6231=DIRECTION('',(-1.,-8.74130890109946E-16,3.4227236226191E-16));
#6232=DIRECTION('',(1.,0.,-1.09792625061823E-16));
#6233=DIRECTION('',(0.707106781186548,0.,-0.707106781186548));
#6234=DIRECTION('',(0.,-1.,0.));
#6235=DIRECTION('',(0.707106781186548,0.,-0.707106781186548));
#6236=DIRECTION('',(-0.707106781186548,0.,-0.707106781186548));
#6237=DIRECTION('',(0.,-1.,0.));
#6238=DIRECTION('',(0.,1.,0.));
#6239=DIRECTION('',(0.57496767335211,-0.577325689503751,0.579747550955655));
#6240=DIRECTION('',(0.,-0.708585268999277,-0.705625195523248));
#6241=DIRECTION('',(-0.707094663892878,0.00585427949764909,0.707094663892878));
#6242=DIRECTION('',(-0.708552298234082,-0.705658303052689,0.));
#6243=DIRECTION('',(-0.707106781186548,0.,-0.707106781186548));
#6244=DIRECTION('',(0.,-1.,0.));
#6245=DIRECTION('',(-0.707106781186548,0.,-0.707106781186548));
#6246=DIRECTION('',(-0.707106781186548,0.,0.707106781186548));
#6247=DIRECTION('',(0.,-1.,0.));
#6248=DIRECTION('',(0.,1.,0.));
#6249=DIRECTION('',(-0.707106781186548,0.,0.707106781186548));
#6250=DIRECTION('',(0.,-1.,0.));
#6251=DIRECTION('',(0.707106781186552,0.,0.707106781186544));
#6252=DIRECTION('',(0.,1.,0.));
#6253=DIRECTION('',(0.707106781186552,0.,0.707106781186544));
#6254=DIRECTION('',(0.,-1.,0.));
#6255=DIRECTION('',(0.579740963760739,-0.572538933065283,-0.579740963760745));
#6256=DIRECTION('',(-0.707106781186551,0.,-0.707106781186544));
#6257=DIRECTION('',(0.707106781186542,0.707051536311186,0.0088388347648297));
#6258=DIRECTION('',(3.08593457629828E-16,-0.711512473537884,0.702673466127761));
#6259=DIRECTION('',(-3.08593457629828E-16,0.711512473537884,-0.702673466127761));
#6260=DIRECTION('',(7.81188222339563E-17,0.702673466127752,0.711512473537893));
#6261=DIRECTION('',(-1.,0.,1.09792625061823E-16));
#6262=DIRECTION('',(-0.00591537388427235,0.711500024931914,-0.702661172168845));
#6263=DIRECTION('',(-1.,0.,1.09792625061823E-16));
#6264=DIRECTION('',(1.,-8.74130890109947E-16,-3.4227236226191E-16));
#6265=DIRECTION('',(-1.,0.,0.));
#6266=DIRECTION('',(0.,0.,1.));
#6267=DIRECTION('',(0.707106781186542,-0.707051536311186,0.0088388347648297));
#6268=DIRECTION('',(1.,0.,-4.39170500247293E-16));
#6269=DIRECTION('',(4.44800891276103E-16,0.,1.));
#6270=DIRECTION('',(-1.,0.,1.09792625061824E-16));
#6271=DIRECTION('',(2.19585250123647E-16,0.,1.));
#6272=DIRECTION('',(0.574967673352105,0.577325689503762,0.579747550955649));
#6273=DIRECTION('',(0.,-0.708585268999266,0.705625195523259));
#6274=DIRECTION('',(0.707094663892878,0.00585427949764706,-0.707094663892878));
#6275=DIRECTION('',(0.708552298234092,-0.705658303052679,0.));
#6276=DIRECTION('',(0.57974096376075,0.572538933065265,-0.579740963760752));
#6277=DIRECTION('',(-0.707106781186549,0.,-0.707106781186547));
#6278=DIRECTION('',(0.707106781186552,0.,0.707106781186544));
#6279=DIRECTION('',(-3.08593457629828E-16,-0.711512473537884,-0.702673466127761));
#6280=DIRECTION('',(3.08593457629828E-16,0.711512473537884,0.702673466127761));
#6281=DIRECTION('',(-0.707106781186548,0.,-0.707106781186548));
#6282=DIRECTION('',(0.,-1.,0.));
#6283=DIRECTION('',(-0.707106781186548,0.,-0.707106781186548));
#6284=DIRECTION('',(-0.707106781186548,0.,0.707106781186548));
#6285=DIRECTION('',(0.,1.,0.));
#6286=DIRECTION('',(0.,-1.,0.));
#6287=DIRECTION('',(7.81188222339553E-17,-0.702673466127761,0.711512473537884));
#6288=DIRECTION('',(-1.,0.,1.09792625061823E-16));
#6289=DIRECTION('',(0.00591537388423506,0.711500024931905,0.702661172168854));
#6290=DIRECTION('',(-1.,-8.74130890109947E-16,3.4227236226191E-16));
#6291=DIRECTION('',(1.,0.,-1.09792625061823E-16));
#6292=DIRECTION('',(-0.707106781186548,0.,0.707106781186548));
#6293=DIRECTION('',(0.,-1.,0.));
#6294=DIRECTION('',(-0.707106781186552,0.,-0.707106781186544));
#6295=DIRECTION('',(0.,1.,0.));
#6296=DIRECTION('',(0.,-1.,0.));
#6297=DIRECTION('',(0.574967673352105,-0.577325689503754,0.579747550955657));
#6298=DIRECTION('',(0.,-0.708585268999276,-0.705625195523249));
#6299=DIRECTION('',(-0.707094663892878,0.00585427949765717,0.707094663892878));
#6300=DIRECTION('',(-0.708552298234087,-0.705658303052684,0.));
#6301=DIRECTION('',(-0.707106781186548,0.,-0.707106781186548));
#6302=DIRECTION('',(0.,-1.,0.));
#6303=DIRECTION('',(-0.707106781186548,0.,-0.707106781186548));
#6304=DIRECTION('',(-0.707106781186548,0.,0.707106781186548));
#6305=DIRECTION('',(0.,-1.,0.));
#6306=DIRECTION('',(0.,1.,0.));
#6307=DIRECTION('',(-1.,0.,0.));
#6308=DIRECTION('',(0.,0.,1.));
#6309=DIRECTION('',(-6.46196618925337E-16,0.,-1.));
#6310=DIRECTION('',(0.,-1.,0.));
#6311=DIRECTION('',(-6.46196618925337E-16,0.,-1.));
#6312=DIRECTION('',(0.,1.,0.));
#6313=DIRECTION('',(0.,-1.,0.));
#6314=DIRECTION('',(-1.,0.,0.));
#6315=DIRECTION('',(-1.,0.,6.46196618925337E-16));
#6316=DIRECTION('',(-6.46196618925337E-16,0.,-1.));
#6317=DIRECTION('',(1.,0.,0.));
#6318=DIRECTION('',(1.,0.,0.));
#6319=DIRECTION('',(0.,0.,-1.));
#6320=DIRECTION('',(0.,1.,0.));
#6321=DIRECTION('',(-6.46196618925337E-16,0.,-1.));
#6322=DIRECTION('',(0.,-1.,0.));
#6323=DIRECTION('',(0.,1.,0.));
#6324=DIRECTION('',(1.,0.,0.));
#6325=DIRECTION('',(1.,0.,-6.46196618925337E-16));
#6326=DIRECTION('',(-1.,0.,0.));
#6327=DIRECTION('',(-2.58065406248465E-16,0.,-1.));
#6328=DIRECTION('',(1.,0.,0.));
#6329=DIRECTION('',(0.,0.,1.));
#6330=DIRECTION('',(-1.,0.,0.));
#6331=DIRECTION('',(-1.,0.,0.));
#6332=DIRECTION('',(0.,0.,1.));
#6333=DIRECTION('',(-6.46196618925337E-16,0.,-1.));
#6334=DIRECTION('',(0.,-1.,0.));
#6335=DIRECTION('',(-6.46196618925337E-16,0.,-1.));
#6336=DIRECTION('',(0.,1.,0.));
#6337=DIRECTION('',(0.,-1.,0.));
#6338=DIRECTION('',(-1.,0.,0.));
#6339=DIRECTION('',(-1.,0.,6.46196618925337E-16));
#6340=DIRECTION('',(-6.46196618925337E-16,0.,-1.));
#6341=DIRECTION('',(1.,0.,0.));
#6342=DIRECTION('',(1.,0.,0.));
#6343=DIRECTION('',(0.,0.,-1.));
#6344=DIRECTION('',(0.,1.,0.));
#6345=DIRECTION('',(-6.46196618925337E-16,0.,-1.));
#6346=DIRECTION('',(0.,-1.,0.));
#6347=DIRECTION('',(0.,1.,0.));
#6348=DIRECTION('',(1.,0.,0.));
#6349=DIRECTION('',(1.,0.,-6.46196618925337E-16));
#6350=DIRECTION('',(-1.,0.,0.));
#6351=DIRECTION('',(0.,0.,-1.));
#6352=DIRECTION('',(1.,0.,-1.44560289664734E-16));
#6353=DIRECTION('',(5.1613081249693E-16,0.,1.));
#6354=DIRECTION('',(-1.,0.,0.));
#6355=DIRECTION('',(0.,1.,0.));
#6356=DIRECTION('',(1.,0.,0.));
#6357=DIRECTION('',(-6.46196618925337E-16,0.,-1.));
#6358=DIRECTION('',(1.,0.,-6.46196618925337E-16));
#6359=DIRECTION('',(-6.46196618925337E-16,0.,-1.));
#6360=DIRECTION('',(-1.,0.,0.));
#6361=DIRECTION('',(-3.22581757810581E-16,0.,-1.));
#6362=DIRECTION('',(1.,0.,0.));
#6363=DIRECTION('',(3.22581757810581E-16,0.,1.));
#6364=DIRECTION('',(-1.,0.,0.));
#6365=DIRECTION('',(-1.,0.,0.));
#6366=DIRECTION('',(0.,0.,1.));
#6367=DIRECTION('',(0.,-1.,0.));
#6368=DIRECTION('',(-6.46196618925337E-16,0.,-1.));
#6369=DIRECTION('',(0.,1.,0.));
#6370=DIRECTION('',(0.,-1.,0.));
#6371=DIRECTION('',(-1.,0.,0.));
#6372=DIRECTION('',(-1.,0.,6.46196618925337E-16));
#6373=DIRECTION('',(-6.46196618925337E-16,0.,-1.));
#6374=DIRECTION('',(1.,0.,0.));
#6375=DIRECTION('',(1.,0.,0.));
#6376=DIRECTION('',(0.,-1.,0.));
#6377=DIRECTION('',(-7.2280144832367E-16,1.,3.2098832406454E-31));
#6378=DIRECTION('',(7.2280144832367E-16,-1.,0.));
#6379=DIRECTION('',(1.,0.,0.));
#6380=DIRECTION('',(0.,0.,-1.));
#6381=DIRECTION('',(0.,1.,0.));
#6382=DIRECTION('',(-6.46196618925337E-16,0.,-1.));
#6383=DIRECTION('',(0.,-1.,0.));
#6384=DIRECTION('',(-6.46196618925337E-16,0.,-1.));
#6385=DIRECTION('',(0.,-1.,0.));
#6386=DIRECTION('',(-1.,0.,0.));
#6387=DIRECTION('',(1.,0.,0.));
#6388=DIRECTION('',(-1.,0.,6.46196618925337E-16));
#6389=DIRECTION('',(-6.46196618925337E-16,0.,-1.));
#6390=DIRECTION('',(-1.,0.,0.));
#6391=DIRECTION('',(0.,0.,1.));
#6392=DIRECTION('',(0.,-1.,0.));
#6393=DIRECTION('',(0.,1.,0.));
#6394=DIRECTION('',(-6.46196618925337E-16,0.,-1.));
#6395=DIRECTION('',(0.,1.,0.));
#6396=DIRECTION('',(1.,0.,0.));
#6397=DIRECTION('',(-1.,0.,0.));
#6398=DIRECTION('',(0.,0.,-1.));
#6399=DIRECTION('',(-1.,0.,0.));
#6400=DIRECTION('',(2.58065406248465E-16,0.,1.));
#6401=DIRECTION('',(-1.,0.,0.));
#6402=DIRECTION('',(1.,0.,-6.46196618925337E-16));
#6403=DIRECTION('',(1.,0.,0.));
#6404=DIRECTION('',(0.,0.,-1.));
#6405=DIRECTION('',(0.,1.,0.));
#6406=DIRECTION('',(-6.46196618925337E-16,0.,-1.));
#6407=DIRECTION('',(0.,-1.,0.));
#6408=DIRECTION('',(-6.46196618925337E-16,0.,-1.));
#6409=DIRECTION('',(0.,-1.,0.));
#6410=DIRECTION('',(-1.,0.,0.));
#6411=DIRECTION('',(1.,0.,0.));
#6412=DIRECTION('',(-1.,0.,6.46196618925337E-16));
#6413=DIRECTION('',(-6.46196618925337E-16,0.,-1.));
#6414=DIRECTION('',(-1.,0.,0.));
#6415=DIRECTION('',(0.,0.,1.));
#6416=DIRECTION('',(0.,-1.,0.));
#6417=DIRECTION('',(0.,1.,0.));
#6418=DIRECTION('',(-6.46196618925337E-16,0.,-1.));
#6419=DIRECTION('',(0.,1.,0.));
#6420=DIRECTION('',(1.,0.,0.));
#6421=DIRECTION('',(-1.,0.,0.));
#6422=DIRECTION('',(-5.1613081249693E-16,0.,-1.));
#6423=DIRECTION('',(-1.,0.,1.44560289664734E-16));
#6424=DIRECTION('',(0.,0.,1.));
#6425=DIRECTION('',(-1.,0.,0.));
#6426=DIRECTION('',(1.,0.,-6.46196618925337E-16));
#6427=DIRECTION('',(0.,-1.,0.));
#6428=DIRECTION('',(-1.,0.,0.));
#6429=DIRECTION('',(1.,0.,0.));
#6430=DIRECTION('',(-6.46196618925337E-16,0.,-1.));
#6431=DIRECTION('',(-1.,0.,6.46196618925337E-16));
#6432=DIRECTION('',(-6.46196618925337E-16,0.,-1.));
#6433=DIRECTION('',(-1.,0.,0.));
#6434=DIRECTION('',(0.,0.,1.));
#6435=DIRECTION('',(0.,-1.,0.));
#6436=DIRECTION('',(0.,1.,0.));
#6437=DIRECTION('',(-6.46196618925337E-16,0.,-1.));
#6438=DIRECTION('',(0.,1.,0.));
#6439=DIRECTION('',(1.,0.,0.));
#6440=DIRECTION('',(-1.,0.,0.));
#6441=DIRECTION('',(-3.22581757810581E-16,0.,-1.));
#6442=DIRECTION('',(-1.,0.,0.));
#6443=DIRECTION('',(3.22581757810581E-16,0.,1.));
#6444=DIRECTION('',(-1.,0.,0.));
#6445=DIRECTION('',(1.,0.,-6.46196618925337E-16));
#6446=DIRECTION('',(-6.46196618925337E-16,0.,-1.));
#6447=DIRECTION('',(1.,0.,0.));
#6448=DIRECTION('',(0.,-1.,0.));
#6449=DIRECTION('',(7.2280144832367E-16,1.,0.));
#6450=DIRECTION('',(-7.2280144832367E-16,-1.,3.2098832406454E-31));
#6451=DIRECTION('',(0.,0.,-1.));
#6452=DIRECTION('',(0.,1.,0.));
#6453=DIRECTION('',(0.,1.,0.));
#6454=DIRECTION('',(0.,1.,0.));
#6455=DIRECTION('',(-1.,0.,0.));
#6456=DIRECTION('',(1.,0.,0.));
#6457=DIRECTION('',(0.,-1.,0.));
#6458=DIRECTION('',(0.,-1.,0.));
#6459=DIRECTION('',(0.,0.,-1.));
#6460=DIRECTION('',(-1.,0.,0.));
#6461=DIRECTION('',(0.,0.,1.));
#6462=DIRECTION('',(0.,1.,0.));
#6463=DIRECTION('',(2.58065406248465E-16,0.,1.));
#6464=DIRECTION('',(0.,0.,-1.));
#6465=DIRECTION('',(0.,1.,0.));
#6466=DIRECTION('',(0.,1.,0.));
#6467=DIRECTION('',(0.,1.,0.));
#6468=DIRECTION('',(-1.,0.,1.44560289664734E-16));
#6469=DIRECTION('',(-1.,0.,0.));
#6470=DIRECTION('',(0.,1.,0.));
#6471=DIRECTION('',(0.,1.,0.));
#6472=DIRECTION('',(0.,0.,1.));
#6473=DIRECTION('',(1.,0.,0.));
#6474=DIRECTION('',(0.,0.,-1.));
#6475=DIRECTION('',(0.,-1.,0.));
#6476=DIRECTION('',(-5.1613081249693E-16,0.,-1.));
#6477=DIRECTION('',(0.,0.,-1.));
#6478=DIRECTION('',(0.,1.,0.));
#6479=DIRECTION('',(0.,1.,0.));
#6480=DIRECTION('',(0.,1.,0.));
#6481=DIRECTION('',(-1.,0.,0.));
#6482=DIRECTION('',(-1.,0.,0.));
#6483=DIRECTION('',(0.,0.,1.));
#6484=DIRECTION('',(0.,1.,0.));
#6485=DIRECTION('',(3.22581757810581E-16,0.,1.));
#6486=DIRECTION('',(1.,0.,0.));
#6487=DIRECTION('',(0.,0.,-1.));
#6488=DIRECTION('',(0.,-1.,0.));
#6489=DIRECTION('',(-3.22581757810581E-16,0.,-1.));
#6490=DIRECTION('',(-1.,0.,0.));
#6491=DIRECTION('',(0.,0.,1.));
#6492=DIRECTION('',(1.,0.,-1.09792625061821E-16));
#6493=DIRECTION('',(0.,0.,-1.));
#6494=DIRECTION('',(-1.,0.,0.));
#6495=DIRECTION('',(0.,0.,1.));
#6496=DIRECTION('',(1.,0.,-1.0979262506182E-16));
#6497=DIRECTION('',(-1.09792625061823E-16,0.,-1.));
#6498=DIRECTION('',(-1.,0.,0.));
#6499=DIRECTION('',(0.,0.,1.));
#6500=DIRECTION('',(1.,0.,-1.09792625061824E-16));
#6501=DIRECTION('',(-2.19585250123647E-16,0.,-1.));
#6502=DIRECTION('',(-1.,0.,0.));
#6503=DIRECTION('',(0.,0.,1.));
#6504=DIRECTION('',(1.,0.,-1.0979262506182E-16));
#6505=DIRECTION('',(-1.09792625061823E-16,0.,-1.));
#6506=DIRECTION('',(-1.,0.,0.));
#6507=DIRECTION('',(0.,0.,1.));
#6508=DIRECTION('',(-1.,0.,1.00453796670591E-16));
#6509=DIRECTION('',(0.,0.,1.));
#6510=DIRECTION('',(1.,0.,0.));
#6511=DIRECTION('',(0.,0.,-1.));
#6512=DIRECTION('',(-1.,0.,-2.00907593341182E-16));
#6513=DIRECTION('',(2.22400445638052E-16,0.,-1.));
#6514=DIRECTION('',(1.,0.,2.00907593341182E-16));
#6515=DIRECTION('',(0.,0.,-1.));
#6516=DIRECTION('',(1.,0.,0.));
#6517=DIRECTION('',(0.,0.,-1.));
#6518=DIRECTION('',(-1.,0.,2.00907593341182E-16));
#6519=DIRECTION('',(-2.22400445638052E-16,0.,-1.));
#6520=DIRECTION('',(1.,0.,-2.00907593341182E-16));
#6521=DIRECTION('',(-2.58913951638329E-16,0.,-1.));
#6522=DIRECTION('',(-1.,0.,0.));
#6523=DIRECTION('',(0.,1.,0.));
#6524=DIRECTION('',(-1.,0.,0.));
#6525=DIRECTION('',(0.,1.,0.));
#6526=DIRECTION('',(-1.,0.,5.02268983352956E-17));
#6527=DIRECTION('',(5.02268983352956E-17,0.,1.));
#6528=DIRECTION('',(-1.,0.,5.02268983352956E-17));
#6529=DIRECTION('',(0.,0.,1.));
#6530=DIRECTION('',(0.,0.,1.));
#6531=DIRECTION('',(1.,0.,0.));
#6532=DIRECTION('',(1.,0.,-3.4227236226191E-16));
#6533=DIRECTION('',(-1.,0.,1.09792625061823E-16));
#6534=DIRECTION('',(-1.,0.,1.09792625061823E-16));
#6535=DIRECTION('',(-1.,0.,1.09792625061823E-16));
#6536=DIRECTION('',(1.,0.,0.));
#6537=DIRECTION('',(0.,-1.,0.));
#6538=DIRECTION('',(-1.,0.,0.));
#6539=DIRECTION('',(0.,-1.,0.));
#6540=DIRECTION('',(1.,0.,0.));
#6541=DIRECTION('',(0.,-1.,0.));
#6542=DIRECTION('',(-1.,0.,0.));
#6543=DIRECTION('',(0.,0.,1.));
#6544=DIRECTION('',(-1.,0.,4.39170500247293E-16));
#6545=DIRECTION('',(6.58804985051625E-16,0.,1.));
#6546=DIRECTION('',(1.,0.,0.));
#6547=DIRECTION('',(0.,0.,-1.));
#6548=DIRECTION('',(1.,0.,-4.39170500247293E-16));
#6549=DIRECTION('',(-3.94255335449274E-16,0.,-1.));
#6550=DIRECTION('',(0.,1.,0.));
#6551=DIRECTION('',(1.,0.,0.));
#6552=DIRECTION('',(-4.39170500247293E-16,0.,-1.));
#6553=DIRECTION('',(1.09792625061823E-16,0.,1.));
#6554=DIRECTION('',(1.,0.,0.));
#6555=DIRECTION('',(1.,0.,0.));
#6556=DIRECTION('',(1.,0.,0.));
#6557=DIRECTION('',(1.,0.,0.));
#6558=DIRECTION('',(1.,0.,0.));
#6559=DIRECTION('',(0.,0.,-1.));
#6560=DIRECTION('',(1.09792625061823E-16,0.,1.));
#6561=DIRECTION('',(0.,-1.,0.));
#6562=DIRECTION('',(-1.,0.,1.09792625061823E-16));
#6563=DIRECTION('',(0.,0.,-1.));
#6564=DIRECTION('',(1.,0.,-1.09792625061823E-16));
#6565=DIRECTION('',(0.,0.,-1.));
#6566=DIRECTION('',(-1.,0.,0.));
#6567=DIRECTION('',(0.,0.,1.));
#6568=DIRECTION('',(-1.,0.,1.09792625061823E-16));
#6569=DIRECTION('',(0.,0.,1.));
#6570=DIRECTION('',(1.,0.,-1.09792625061823E-16));
#6571=DIRECTION('',(0.,0.,1.));
#6572=DIRECTION('',(-1.,0.,0.));
#6573=DIRECTION('',(0.,0.,1.));
#6574=DIRECTION('',(-1.,0.,4.39170500247293E-16));
#6575=DIRECTION('',(3.77113799125393E-16,0.,1.));
#6576=DIRECTION('',(-4.39170500247293E-16,0.,-1.));
#6577=DIRECTION('',(0.,-1.,0.));
#6578=DIRECTION('',(0.,1.,0.));
#6579=DIRECTION('',(1.,0.,0.));
#6580=DIRECTION('',(-1.,0.,3.4227236226191E-16));
#6581=DIRECTION('',(1.,0.,0.));
#6582=DIRECTION('',(5.1613081249693E-16,0.,1.));
#6583=DIRECTION('',(-1.,0.,1.44560289664734E-16));
#6584=DIRECTION('',(0.,0.,1.));
#6585=DIRECTION('',(1.,0.,0.));
#6586=DIRECTION('',(3.22581757810581E-16,0.,1.));
#6587=DIRECTION('',(-1.,0.,0.));
#6588=DIRECTION('',(3.22581757810581E-16,0.,1.));
#6589=DIRECTION('',(1.,0.,0.));
#6590=DIRECTION('',(0.,0.,1.));
#6591=DIRECTION('',(-1.,0.,0.));
#6592=DIRECTION('',(2.58065406248465E-16,0.,1.));
#6593=DIRECTION('',(1.,0.,0.));
#6594=DIRECTION('',(0.,0.,-1.));
#6595=DIRECTION('',(0.,1.,0.));
#6596=DIRECTION('',(0.,-1.,0.));
#6597=DIRECTION('',(0.,-1.,0.));
#6598=DIRECTION('',(-1.,0.,0.));
#6599=DIRECTION('',(0.,0.,1.));
#6600=DIRECTION('',(0.,-1.,0.));
#6601=DIRECTION('',(1.,0.,0.));
#6602=DIRECTION('',(0.,0.,-1.));
#6603=DIRECTION('',(0.,1.,0.));
#6604=DIRECTION('',(0.,0.,-1.));
#6605=DIRECTION('',(0.,1.,0.));
#6606=DIRECTION('',(0.,-1.,0.));
#6607=DIRECTION('',(0.,-1.,0.));
#6608=DIRECTION('',(-1.,0.,0.));
#6609=DIRECTION('',(0.,1.,0.));
#6610=DIRECTION('',(0.,-1.,0.));
#6611=DIRECTION('',(1.,0.,0.));
#6612=DIRECTION('',(0.,0.,-1.));
#6613=DIRECTION('',(0.,1.,0.));
#6614=DIRECTION('',(0.,0.,-1.));
#6615=DIRECTION('',(0.,1.,0.));
#6616=DIRECTION('',(0.,-1.,0.));
#6617=DIRECTION('',(0.,-1.,0.));
#6618=DIRECTION('',(-1.,0.,0.));
#6619=DIRECTION('',(0.,0.,1.));
#6620=DIRECTION('',(0.,-1.,0.));
#6621=DIRECTION('',(1.,0.,0.));
#6622=DIRECTION('',(0.,-1.,0.));
#6623=DIRECTION('',(0.,1.,0.));
#6624=DIRECTION('',(0.,0.,1.));
#6625=DIRECTION('',(1.,0.,0.));
#6626=DIRECTION('',(1.,0.,-1.09792625061823E-16));
#6627=DIRECTION('',(1.,0.,-1.09792625061823E-16));
#6628=DIRECTION('',(1.,0.,-1.09792625061823E-16));
#6629=DIRECTION('',(0.,0.,-1.));
#6630=DIRECTION('',(0.,1.,0.));
#6631=DIRECTION('',(-1.,0.,0.));
#6632=DIRECTION('',(0.,0.,1.));
#6633=DIRECTION('',(-1.,0.,1.09792625061823E-16));
#6634=DIRECTION('',(0.,0.,1.));
#6635=DIRECTION('',(1.,0.,-1.09792625061823E-16));
#6636=DIRECTION('',(0.,0.,-1.));
#6637=DIRECTION('',(1.,0.,0.));
#6638=DIRECTION('',(0.,0.,-1.));
#6639=DIRECTION('',(-1.,0.,1.09792625061822E-16));
#6640=DIRECTION('',(0.,0.,1.));
#6641=DIRECTION('',(1.,0.,0.));
#6642=DIRECTION('',(0.,0.,-1.));
#6643=DIRECTION('',(1.,0.,0.));
#6644=DIRECTION('',(0.,0.,-1.));
#6645=DIRECTION('',(-1.,0.,1.09792625061824E-16));
#6646=DIRECTION('',(0.,0.,-1.));
#6647=DIRECTION('',(1.,0.,-1.09792625061823E-16));
#6648=DIRECTION('',(0.,0.,1.));
#6649=DIRECTION('',(-1.,0.,0.));
#6650=DIRECTION('',(0.,0.,1.));
#6651=DIRECTION('',(1.,0.,-4.3917050024729E-16));
#6652=DIRECTION('',(3.85494105772624E-16,0.,1.));
#6653=DIRECTION('',(-1.,0.,4.3917050024729E-16));
#6654=DIRECTION('',(-3.85494105772624E-16,0.,-1.));
#6655=DIRECTION('',(-1.,0.,0.));
#6656=DIRECTION('',(0.,0.,1.));
#6657=DIRECTION('',(-1.,0.,4.39170500247293E-16));
#6658=DIRECTION('',(5.17827903276659E-16,0.,1.));
#6659=DIRECTION('',(-1.,0.,0.));
#6660=DIRECTION('',(0.,0.,1.));
#6661=DIRECTION('',(1.,0.,0.));
#6662=DIRECTION('',(0.,0.,-1.));
#6663=DIRECTION('',(-1.,0.,0.));
#6664=DIRECTION('',(0.,0.,1.));
#6665=DIRECTION('',(1.,0.,0.));
#6666=DIRECTION('',(0.,0.,-1.));
#6667=DIRECTION('',(1.,0.,0.));
#6668=DIRECTION('',(0.,0.,-1.));
#6669=DIRECTION('',(1.,0.,0.));
#6670=DIRECTION('',(0.,0.,-1.));
#6671=DIRECTION('',(1.,0.,0.));
#6672=DIRECTION('',(0.,0.,-1.));
#6673=DIRECTION('',(-1.,0.,0.));
#6674=DIRECTION('',(0.,0.,1.));
#6675=DIRECTION('',(1.,0.,0.));
#6676=DIRECTION('',(0.,0.,-1.));
#6677=DIRECTION('',(0.,0.,1.));
#6678=DIRECTION('',(1.,0.,0.));
#6679=DIRECTION('',(-0.999559406339511,0.0180690167833025,-0.0235479050169886));
#6680=DIRECTION('',(-0.0113540659267665,0.500245009000282,0.865809457188612));
#6681=DIRECTION('',(-0.999559406339511,-0.0294276076170963,0.00387415902340351));
#6682=DIRECTION('',(0.00358028633851017,-0.249109961860739,-0.968468589295221));
#6683=DIRECTION('',(7.79099421186674E-17,-0.866026389454811,0.49999829276495));
#6684=DIRECTION('',(1.,-3.82308804189513E-17,-2.22038545051114E-16));
#6685=DIRECTION('',(0.471664218171533,0.763643225859807,-0.440887614812511));
#6686=DIRECTION('',(0.881778240430459,-0.408473659898118,0.235831303844083));
#6687=DIRECTION('',(-0.471664218173234,1.73829272688968E-6,-0.881778240427836));
#6688=DIRECTION('',(-0.850796621287782,0.262746657176679,0.455092631612264));
#6689=DIRECTION('',(7.79099421186675E-17,-0.866026389454811,0.49999829276495));
#6690=DIRECTION('',(2.11406614430792E-16,0.49999829276495,0.866026389454811));
#6691=DIRECTION('',(7.79099421186674E-17,-0.866026389454811,0.49999829276495));
#6692=DIRECTION('',(1.,-3.82308804189513E-17,-2.22038545051114E-16));
#6693=DIRECTION('',(7.79099421186675E-17,-0.866026389454811,0.49999829276495));
#6694=DIRECTION('',(-7.79099421186675E-17,0.866026389454811,-0.49999829276495));
#6695=DIRECTION('',(-2.22038469684462E-16,1.97134410950817E-6,-0.999999999998057));
#6696=DIRECTION('',(-3.8231318133255E-17,-0.999999999998057,-1.97134410950817E-6));
#6697=DIRECTION('',(1.,-3.82308804189513E-17,-2.22038545051114E-16));
#6698=DIRECTION('',(-2.11406614430792E-16,-0.49999829276495,-0.866026389454811));
#6699=DIRECTION('',(1.,-3.82308804189513E-17,-2.22038545051114E-16));
#6700=DIRECTION('',(2.11406614430792E-16,0.499998292764949,0.866026389454811));
#6701=DIRECTION('',(-1.,3.82308804189513E-17,2.22038545051114E-16));
#6702=DIRECTION('',(1.,-3.82308804189513E-17,-2.22038545051114E-16));
#6703=DIRECTION('',(0.471664218173238,-0.763643225861211,0.440887614808254));
#6704=DIRECTION('',(-0.881778240429547,-0.408473659899595,0.235831303844934));
#6705=DIRECTION('',(2.22038469684462E-16,-1.97134410950817E-6,0.999999999998057));
#6706=DIRECTION('',(3.8231318133255E-17,0.999999999998057,1.97134410950817E-6));
#6707=DIRECTION('',(-2.22038469684462E-16,1.97134410950817E-6,-0.999999999998057));
#6708=DIRECTION('',(-3.8231318133255E-17,-0.999999999998057,-1.97134410950817E-6));
#6709=DIRECTION('',(-2.22038469684462E-16,1.97134410950817E-6,-0.999999999998057));
#6710=DIRECTION('',(2.22038469684462E-16,-1.97134410950817E-6,0.999999999998057));
#6711=DIRECTION('',(-7.79099421186674E-17,0.866026389454811,-0.49999829276495));
#6712=DIRECTION('',(2.11406614430792E-16,0.49999829276495,0.866026389454811));
#6713=DIRECTION('',(0.20065456035099,-1.93125102644011E-6,0.979662057755949));
#6714=DIRECTION('',(3.8231318133255E-17,0.999999999998057,1.97134410950817E-6));
#6715=DIRECTION('',(0.20065456035099,0.848413194765904,-0.489829356365524));
#6716=DIRECTION('',(-0.979662057757853,0.17377214442841,-0.100326937610996));
#6717=DIRECTION('',(-0.471664218171539,-0.763641487571463,-0.440890625616234));
#6718=DIRECTION('',(-0.850796621289543,0.262746657175253,0.455092631609794));
#6719=DIRECTION('',(0.471664218171535,1.73828833903018E-6,-0.881778240428745));
#6720=DIRECTION('',(0.850796621289546,0.262746657175251,0.45509263160979));
#6721=DIRECTION('',(-3.8231318133255E-17,-0.999999999998057,-1.97134410950817E-6));
#6722=DIRECTION('',(2.22038469684462E-16,-1.97134410950817E-6,0.999999999998057));
#6723=DIRECTION('',(-0.20065456035099,-1.93125102725743E-6,0.97966205775595));
#6724=DIRECTION('',(-3.8231318133255E-17,-0.999999999998057,-1.97134410950817E-6));
#6725=DIRECTION('',(-3.8231318133255E-17,-0.999999999998057,-1.97134410950817E-6));
#6726=DIRECTION('',(2.22038469684462E-16,-1.97134410950817E-6,0.999999999998057));
#6727=DIRECTION('',(3.8231318133255E-17,0.999999999998057,1.97134410950817E-6));
#6728=DIRECTION('',(-2.37503713305935E-15,-1.97134410950817E-6,0.999999999998057));
#6729=DIRECTION('',(-2.11406614430792E-16,-0.49999829276495,-0.866026389454811));
#6730=DIRECTION('',(7.79099421186674E-17,-0.866026389454811,0.49999829276495));
#6731=DIRECTION('',(-0.200654560350994,0.848413194765903,-0.489829356365524));
#6732=DIRECTION('',(0.979662057757852,0.173772144428412,-0.100326937611003));
#6733=DIRECTION('',(2.11406614430792E-16,0.49999829276495,0.866026389454811));
#6734=DIRECTION('',(-5.30174666356494E-15,-0.866026389454811,0.49999829276495));
#6735=DIRECTION('',(-2.11406614430792E-16,-0.49999829276495,-0.866026389454811));
#6736=DIRECTION('',(7.79099421186675E-17,-0.866026389454811,0.49999829276495));
#6737=DIRECTION('',(1.,-3.82308804189513E-17,-2.22038545051114E-16));
#6738=DIRECTION('',(-2.11406614430792E-16,-0.49999829276495,-0.866026389454811));
#6739=DIRECTION('',(1.,-3.82308804189513E-17,-2.22038545051114E-16));
#6740=DIRECTION('',(2.11406614430792E-16,0.49999829276495,0.866026389454811));
#6741=DIRECTION('',(-1.,3.82308804189513E-17,2.22038545051114E-16));
#6742=DIRECTION('',(1.,-3.82308804189513E-17,-2.22038545051114E-16));
#6743=DIRECTION('',(-1.44128527565794E-16,-0.866024418110701,-0.500001707233107));
#6744=DIRECTION('',(1.73175296297537E-16,-0.500001707233107,0.866024418110701));
#6745=DIRECTION('',(-0.471664218173235,-0.763641487568483,-0.440890625619581));
#6746=DIRECTION('',(-0.850796621289132,0.262746657175586,0.455092631610371));
#6747=DIRECTION('',(-7.79099421186674E-17,0.866026389454811,-0.49999829276495));
#6748=DIRECTION('',(2.11406614430792E-16,0.49999829276495,0.866026389454811));
#6749=DIRECTION('',(-1.,3.82333484014807E-17,-1.02989028722742E-15));
#6750=DIRECTION('',(-8.72795558054711E-16,0.49999829276495,0.866026389454811));
#6751=DIRECTION('',(0.200654560350989,0.848411263514877,0.489832701390425));
#6752=DIRECTION('',(-1.73175296297537E-16,0.500001707233107,-0.866024418110701));
#6753=DIRECTION('',(-7.79099421186674E-17,0.866026389454811,-0.49999829276495));
#6754=DIRECTION('',(2.11406614430792E-16,0.49999829276495,0.866026389454811));
#6755=DIRECTION('',(0.20065456035099,0.848411263514877,0.489832701390425));
#6756=DIRECTION('',(-1.73175296297537E-16,0.500001707233107,-0.866024418110701));
#6757=DIRECTION('',(-1.44128527565794E-16,-0.866024418110701,-0.500001707233107));
#6758=DIRECTION('',(1.73175296297537E-16,-0.500001707233106,0.866024418110701));
#6759=DIRECTION('',(4.70600332814347E-16,-0.866024418110701,-0.500001707233107));
#6760=DIRECTION('',(1.73175296297537E-16,-0.500001707233107,0.866024418110701));
#6761=DIRECTION('',(-1.44128527565794E-16,-0.866024418110701,-0.500001707233107));
#6762=DIRECTION('',(1.44128527565794E-16,0.866024418110701,0.500001707233107));
#6763=DIRECTION('',(-1.44128527565794E-16,-0.866024418110701,-0.500001707233107));
#6764=DIRECTION('',(1.73175296297537E-16,-0.500001707233107,0.866024418110701));
#6765=DIRECTION('',(1.,-3.82308804189513E-17,-2.22038545051114E-16));
#6766=DIRECTION('',(-2.11406614430792E-16,-0.49999829276495,-0.866026389454811));
#6767=DIRECTION('',(1.,-3.82308804189513E-17,-2.22038545051114E-16));
#6768=DIRECTION('',(-1.,3.82308804189513E-17,2.22038545051114E-16));
#6769=DIRECTION('',(1.73175296297537E-16,-0.500001707233107,0.866024418110701));
#6770=DIRECTION('',(1.44128527565794E-16,0.866024418110701,0.500001707233107));
#6771=DIRECTION('',(-0.20065456035099,0.848411263514876,0.489832701390426));
#6772=DIRECTION('',(1.73175296297537E-16,-0.500001707233107,0.866024418110701));
#6773=DIRECTION('',(1.73175296297537E-16,-0.500001707233107,0.866024418110701));
#6774=DIRECTION('',(1.44128527565794E-16,0.866024418110701,0.500001707233107));
#6775=DIRECTION('',(-1.73175296297537E-16,0.500001707233107,-0.866024418110701));
#6776=DIRECTION('',(-2.45294707517802E-15,0.866024418110701,0.500001707233107));
#6777=DIRECTION('',(-1.73175296297537E-16,0.500001707233107,-0.866024418110701));
#6778=DIRECTION('',(-1.44128527565794E-16,-0.866024418110701,-0.500001707233107));
#6779=DIRECTION('',(-0.200654560350993,0.848411263514876,0.489832701390425));
#6780=DIRECTION('',(3.42578181375405E-15,-0.500001707233107,0.866024418110701));
#6781=DIRECTION('',(1.73175296297537E-16,-0.500001707233107,0.866024418110701));
#6782=DIRECTION('',(-2.74120413030961E-15,-0.866024418110701,-0.500001707233107));
#6783=DIRECTION('',(-1.73175296297537E-16,0.500001707233107,-0.866024418110701));
#6784=DIRECTION('',(-1.44128527565794E-16,-0.866024418110701,-0.500001707233107));
#6785=DIRECTION('',(0.471664218173237,-0.763641487568482,-0.440890625619579));
#6786=DIRECTION('',(0.850796621289132,0.262746657175589,0.455092631610368));
#6787=DIRECTION('',(1.44128527565794E-16,0.866024418110701,0.500001707233107));
#6788=DIRECTION('',(-1.73175296297537E-16,0.500001707233106,-0.866024418110701));
#6789=DIRECTION('',(-1.44128527565794E-16,-0.866024418110701,-0.500001707233106));
#6790=DIRECTION('',(1.73175296297537E-16,-0.500001707233106,0.866024418110701));
#6791=DIRECTION('',(-1.44128527565794E-16,-0.866024418110701,-0.500001707233107));
#6792=DIRECTION('',(1.44128527565794E-16,0.866024418110701,0.500001707233107));
#6793=DIRECTION('',(-7.79099421186674E-17,0.866026389454811,-0.49999829276495));
#6794=DIRECTION('',(2.11406614430792E-16,0.49999829276495,0.866026389454811));
#6795=DIRECTION('',(-1.,3.82308804189513E-17,2.22038545051114E-16));
#6796=DIRECTION('',(2.11406614430792E-16,0.49999829276495,0.866026389454811));
#6797=DIRECTION('',(0.200654560350989,0.848413194765904,-0.489829356365524));
#6798=DIRECTION('',(-0.979662057757853,0.17377214442841,-0.100326937610996));
#6799=DIRECTION('',(-7.79099421186674E-17,0.866026389454811,-0.49999829276495));
#6800=DIRECTION('',(2.11406614430792E-16,0.49999829276495,0.866026389454811));
#6801=DIRECTION('',(0.200654560350991,-1.93125102866055E-6,0.97966205775595));
#6802=DIRECTION('',(3.82313181332551E-17,0.999999999998056,1.97134411000776E-6));
#6803=DIRECTION('',(-1.,3.82308804189513E-17,2.22038545051114E-16));
#6804=DIRECTION('',(2.11406614430792E-16,0.49999829276495,0.866026389454811));
#6805=DIRECTION('',(-0.471664218171535,1.73828834089811E-6,-0.881778240428745));
#6806=DIRECTION('',(-0.850796621289546,0.262746657175251,0.455092631609791));
#6807=DIRECTION('',(0.471664218171536,-0.763641487571464,-0.440890625616234));
#6808=DIRECTION('',(0.850796621289545,0.26274665717525,0.455092631609793));
#6809=DIRECTION('',(1.,-3.82308804189513E-17,-2.22038545051114E-16));
#6810=DIRECTION('',(-2.11406614430792E-16,-0.49999829276495,-0.866026389454811));
#6811=DIRECTION('',(1.,-3.82308804189513E-17,-2.22038545051114E-16));
#6812=DIRECTION('',(-1.,3.82308804189513E-17,2.22038545051114E-16));
#6813=DIRECTION('',(2.11406614430792E-16,0.49999829276495,0.866026389454811));
#6814=DIRECTION('',(-7.79099421186674E-17,0.866026389454811,-0.49999829276495));
#6815=DIRECTION('',(-0.200654560350991,0.848413194765905,-0.489829356365521));
#6816=DIRECTION('',(0.979662057757853,0.173772144428411,-0.100326937610997));
#6817=DIRECTION('',(2.11406614430792E-16,0.49999829276495,0.866026389454811));
#6818=DIRECTION('',(-7.79099421186674E-17,0.866026389454811,-0.49999829276495));
#6819=DIRECTION('',(-2.11406614430792E-16,-0.49999829276495,-0.866026389454811));
#6820=DIRECTION('',(-5.45756654780228E-15,0.866026389454811,-0.49999829276495));
#6821=DIRECTION('',(3.8231318133255E-17,0.999999999998057,1.97134410950817E-6));
#6822=DIRECTION('',(-2.22038469684462E-16,1.97134410950817E-6,-0.999999999998057));
#6823=DIRECTION('',(-0.200654560350989,-1.93125102642477E-6,0.979662057755949));
#6824=DIRECTION('',(-1.12243349061876E-15,-0.999999999998057,-1.97134410950817E-6));
#6825=DIRECTION('',(-3.8231318133255E-17,-0.999999999998057,-1.97134410950817E-6));
#6826=DIRECTION('',(-2.81911407242828E-15,1.97134410950817E-6,-0.999999999998057));
#6827=DIRECTION('',(3.8231318133255E-17,0.999999999998057,1.97134410950817E-6));
#6828=DIRECTION('',(-2.22038469684462E-16,1.97134410950817E-6,-0.999999999998057));
#6829=DIRECTION('',(1.,-3.82308804189513E-17,-2.22038545051114E-16));
#6830=DIRECTION('',(-2.11406614430792E-16,-0.49999829276495,-0.866026389454811));
#6831=DIRECTION('',(-1.,3.82308804189513E-17,2.22038545051114E-16));
#6832=DIRECTION('',(1.,-3.82308804189513E-17,-2.22038545051114E-16));
#6833=DIRECTION('',(-2.22038469684462E-16,1.97134410950817E-6,-0.999999999998057));
#6834=DIRECTION('',(-3.8231318133255E-17,-0.999999999998057,-1.97134410950817E-6));
#6835=DIRECTION('',(-0.471664218173236,-0.763643225861213,0.440887614808254));
#6836=DIRECTION('',(0.881778240429548,-0.408473659899594,0.235831303844933));
#6837=DIRECTION('',(-7.79099421186674E-17,0.866026389454811,-0.49999829276495));
#6838=DIRECTION('',(2.11406614430792E-16,0.49999829276495,0.866026389454811));
#6839=DIRECTION('',(-1.,1.12243428689361E-15,-4.03923733752586E-16));
#6840=DIRECTION('',(-1.00629223036684E-15,-0.866026389454811,0.49999829276495));
#6841=DIRECTION('',(-2.22038469684462E-16,1.97134410950817E-6,-0.999999999998057));
#6842=DIRECTION('',(-3.8231318133255E-17,-0.999999999998057,-1.97134410950817E-6));
#6843=DIRECTION('',(-2.22038469684462E-16,1.97134410950817E-6,-0.999999999998057));
#6844=DIRECTION('',(-3.8231318133255E-17,-0.999999999998057,-1.97134410950817E-6));
#6845=DIRECTION('',(-2.22038469684462E-16,1.97134410950817E-6,-0.999999999998057));
#6846=DIRECTION('',(2.22038469684462E-16,-1.97134410950817E-6,0.999999999998057));
#6847=DIRECTION('',(7.79099421186674E-17,-0.866026389454811,0.49999829276495));
#6848=DIRECTION('',(1.,-3.82308804189513E-17,-2.22038545051114E-16));
#6849=DIRECTION('',(1.,-3.82308804189513E-17,-2.22038545051114E-16));
#6850=DIRECTION('',(-2.11406614430792E-16,-0.49999829276495,-0.866026389454811));
#6851=DIRECTION('',(1.,-3.82308804189513E-17,-2.22038545051114E-16));
#6852=DIRECTION('',(-1.,3.82308804189513E-17,2.22038545051114E-16));
#6853=DIRECTION('',(0.471664218173234,1.7382927272977E-6,-0.881778240427836));
#6854=DIRECTION('',(0.850796621287784,0.26274665717667,0.455092631612264));
#6855=DIRECTION('',(-7.79099421186675E-17,0.866026389454811,-0.49999829276495));
#6856=DIRECTION('',(-2.11406614430792E-16,-0.49999829276495,-0.866026389454811));
#6857=DIRECTION('',(7.79099421186674E-17,-0.866026389454811,0.49999829276495));
#6858=DIRECTION('',(1.,-3.82308804189513E-17,-2.22038545051114E-16));
#6859=DIRECTION('',(7.79099421186675E-17,-0.866026389454811,0.49999829276495));
#6860=DIRECTION('',(-7.79099421186675E-17,0.866026389454811,-0.49999829276495));
#6861=DIRECTION('',(-0.471664218171535,0.763643225859806,-0.44088761481251));
#6862=DIRECTION('',(-0.881778240430458,-0.40847365989812,0.235831303844082));
#6863=DIRECTION('',(1.,-3.82308804189513E-17,-2.22038545051114E-16));
#6864=DIRECTION('',(-2.11406614430792E-16,-0.49999829276495,-0.866026389454811));
#6865=DIRECTION('',(1.,-3.82308804189513E-17,-2.22038545051114E-16));
#6866=DIRECTION('',(-2.11406614430792E-16,-0.49999829276495,-0.866026389454811));
#6867=DIRECTION('',(-1.,3.82308804189513E-17,2.22038545051114E-16));
#6868=DIRECTION('',(-2.11406614430792E-16,-0.499998292764948,-0.866026389454812));
#6869=DIRECTION('',(1.,-3.82308804189513E-17,-2.22038545051114E-16));
#6870=DIRECTION('',(-2.11406614430792E-16,-0.49999829276495,-0.866026389454811));
#6871=DIRECTION('',(-1.,3.82308804189513E-17,2.22038545051114E-16));
#6872=DIRECTION('',(-2.11406614430792E-16,-0.49999829276495,-0.866026389454811));
#6873=DIRECTION('',(-1.,3.82308804189513E-17,2.22038545051114E-16));
#6874=DIRECTION('',(2.11406614430792E-16,0.49999829276495,0.866026389454811));
#6875=DIRECTION('',(1.,-3.82308804189513E-17,-2.22038545051114E-16));
#6876=DIRECTION('',(2.11406614430792E-16,0.49999829276495,0.866026389454811));
#6877=DIRECTION('',(-1.,3.82308804189513E-17,2.22038545051114E-16));
#6878=DIRECTION('',(2.11406614430792E-16,0.49999829276495,0.866026389454811));
#6879=DIRECTION('',(-2.11406614430792E-16,-0.49999829276495,-0.866026389454811));
#6880=DIRECTION('',(7.79099421186674E-17,-0.866026389454811,0.49999829276495));
#6881=DIRECTION('',(-1.73175296297537E-16,0.500001707233107,-0.866024418110701));
#6882=DIRECTION('',(-1.44128527565794E-16,-0.866024418110701,-0.500001707233107));
#6883=DIRECTION('',(3.8231318133255E-17,0.999999999998057,1.97134410950817E-6));
#6884=DIRECTION('',(-2.22038469684462E-16,1.97134410950817E-6,-0.999999999998057));
#6885=DIRECTION('',(2.11406614430792E-16,0.49999829276495,0.866026389454811));
#6886=DIRECTION('',(-7.79099421186674E-17,0.866026389454811,-0.49999829276495));
#6887=DIRECTION('',(1.73175296297537E-16,-0.500001707233107,0.866024418110701));
#6888=DIRECTION('',(1.44128527565794E-16,0.866024418110701,0.500001707233107));
#6889=DIRECTION('',(-3.8231318133255E-17,-0.999999999998057,-1.97134410950817E-6));
#6890=DIRECTION('',(2.22038469684462E-16,-1.97134410950817E-6,0.999999999998057));
#6891=DIRECTION('',(1.,-3.82308804189513E-17,-2.22038545051114E-16));
#6892=DIRECTION('',(-2.11406614430792E-16,-0.49999829276495,-0.866026389454811));
#6893=DIRECTION('',(-1.,3.82308804189513E-17,2.22038545051114E-16));
#6894=DIRECTION('',(-2.11406614430792E-16,-0.49999829276495,-0.866026389454811));
#6895=DIRECTION('',(1.,-3.82308804189513E-17,-2.22038545051114E-16));
#6896=DIRECTION('',(-2.11406614430792E-16,-0.49999829276495,-0.866026389454811));
#6897=DIRECTION('',(-1.,3.82308804189513E-17,2.22038545051114E-16));
#6898=DIRECTION('',(-2.11406614430792E-16,-0.49999829276495,-0.866026389454811));
#6899=DIRECTION('',(1.,-3.82308804189513E-17,-2.22038545051114E-16));
#6900=DIRECTION('',(-2.11406614430792E-16,-0.49999829276495,-0.866026389454811));
#6901=DIRECTION('',(-1.,3.82308804189513E-17,2.22038545051114E-16));
#6902=DIRECTION('',(-2.11406614430791E-16,-0.499998292764959,-0.866026389454805));
#6903=DIRECTION('',(1.,-3.82308804189513E-17,-2.22038545051114E-16));
#6904=DIRECTION('',(-2.11406614430792E-16,-0.49999829276495,-0.866026389454811));
#6905=DIRECTION('',(-1.,3.82308804189513E-17,2.22038545051114E-16));
#6906=DIRECTION('',(-2.11406614430792E-16,-0.499998292764952,-0.866026389454809));
#6907=DIRECTION('',(1.,-3.82308804189513E-17,-2.22038545051114E-16));
#6908=DIRECTION('',(-2.11406614430792E-16,-0.49999829276495,-0.866026389454811));
#6909=DIRECTION('',(-1.,3.82308804189513E-17,2.22038545051114E-16));
#6910=DIRECTION('',(-2.11406614430792E-16,-0.499998292764948,-0.866026389454812));
#6911=DIRECTION('',(-1.,3.82308804189513E-17,2.22038545051114E-16));
#6912=DIRECTION('',(2.11406614430792E-16,0.49999829276495,0.866026389454811));
#6913=DIRECTION('',(1.,-3.82308804189513E-17,-2.22038545051114E-16));
#6914=DIRECTION('',(-2.11406614430792E-16,-0.49999829276495,-0.866026389454811));
#6915=DIRECTION('',(-1.,3.82308804189513E-17,2.22038545051114E-16));
#6916=DIRECTION('',(2.11406614430792E-16,0.49999829276495,0.866026389454811));
#6917=DIRECTION('',(-7.79099421186674E-17,0.866026389454811,-0.49999829276495));
#6918=DIRECTION('',(2.11406614430792E-16,0.49999829276495,0.866026389454811));
#6919=DIRECTION('',(1.,-3.82308804189513E-17,-2.22038545051114E-16));
#6920=DIRECTION('',(-2.11406614430792E-16,-0.49999829276495,-0.866026389454811));
#6921=DIRECTION('',(0.,0.,1.));
#6922=DIRECTION('',(1.,0.,0.));
#6923=DIRECTION('',(0.,0.,-1.));
#6924=DIRECTION('',(-6.98296267768627E-15,-1.,0.));
#6925=DIRECTION('',(6.46196618925337E-16,-4.51236687240269E-30,-1.));
#6926=DIRECTION('',(1.,-6.98296267768627E-15,6.19544098563144E-16));
#6927=DIRECTION('',(-2.28141385835357E-16,1.52772993974558E-16,1.));
#6928=DIRECTION('',(8.75811540203011E-46,1.52772993974557E-16,1.));
#6929=DIRECTION('',(6.98296267768627E-15,1.,-1.03257349760524E-16));
#6930=DIRECTION('',(-2.28141385835357E-16,1.52772993974556E-16,1.));
#6931=DIRECTION('',(-1.,6.98296267768627E-15,0.));
#6932=DIRECTION('',(0.,0.,-1.));
#6933=DIRECTION('',(-2.79794109028519E-16,-2.90800577587489E-16,1.));
#6934=DIRECTION('',(-6.98296267768627E-15,-1.,0.));
#6935=DIRECTION('',(2.79794109028518E-16,-1.95379182078262E-30,-1.));
#6936=DIRECTION('',(-6.98296267768627E-15,-1.,0.));
#6937=DIRECTION('',(-0.156147451753565,1.09037182781096E-15,-0.987733756288033));
#6938=DIRECTION('',(0.987733756288033,-6.8973079556502E-15,-0.156147451753565));
#6939=DIRECTION('',(-0.987733756288033,6.85190018649145E-15,0.156147451753565));
#6940=DIRECTION('',(0.987733756288033,-6.8973079556502E-15,-0.156147451753565));
#6941=DIRECTION('',(-4.95854635720392E-15,-1.,-3.20033053157563E-16));
#6942=DIRECTION('',(-6.98296267768627E-15,-1.,0.));
#6943=DIRECTION('',(-1.,6.98296267768627E-15,0.));
#6944=DIRECTION('',(-6.98296267768627E-15,-1.,-2.90800577587491E-16));
#6945=DIRECTION('',(0.,0.,1.));
#6946=DIRECTION('',(6.98296267768627E-15,1.,0.));
#6947=DIRECTION('',(-1.,6.98296267768627E-15,0.));
#6948=DIRECTION('',(-6.98296267768627E-15,-1.,0.));
#6949=DIRECTION('',(-1.,6.98296267768627E-15,0.));
#6950=DIRECTION('',(-6.98296267768627E-15,-1.,-2.90800577587491E-16));
#6951=DIRECTION('',(0.,0.,1.));
#6952=DIRECTION('',(-6.98296267768627E-15,-1.,0.));
#6953=DIRECTION('',(6.98296267768627E-15,1.,0.));
#6954=DIRECTION('',(-1.,6.98296267768627E-15,0.));
#6955=DIRECTION('',(1.,-6.98296267768627E-15,0.));
#6956=DIRECTION('',(0.,0.,1.));
#6957=DIRECTION('',(5.59588218057037E-16,2.90800577587487E-16,-1.));
#6958=DIRECTION('',(-6.98296267768627E-15,-1.,0.));
#6959=DIRECTION('',(-5.59588218057035E-16,3.90758364156524E-30,1.));
#6960=DIRECTION('',(0.156147451753564,-1.09037182781095E-15,-0.987733756288034));
#6961=DIRECTION('',(0.987733756288034,-6.89730795565021E-15,0.156147451753564));
#6962=DIRECTION('',(-0.987733756288034,6.94271572480896E-15,-0.156147451753564));
#6963=DIRECTION('',(-4.95854635720392E-15,-1.,3.20033053157562E-16));
#6964=DIRECTION('',(0.987733756288034,-6.89730795565021E-15,0.156147451753564));
#6965=DIRECTION('',(0.,0.,1.));
#6966=DIRECTION('',(6.98296267768627E-15,1.,0.));
#6967=DIRECTION('',(-1.074400005657E-30,-1.53860195915151E-16,1.));
#6968=DIRECTION('',(6.98296267768627E-15,1.,1.20466908053945E-16));
#6969=DIRECTION('',(6.98296267768627E-15,1.,0.));
#6970=DIRECTION('',(0.,0.,-1.));
#6971=DIRECTION('',(-1.,6.98296267768627E-15,0.));
#6972=DIRECTION('',(6.54301299571856E-16,1.45400288793741E-16,-1.));
#6973=DIRECTION('',(6.54301299571856E-16,1.45400288793741E-16,-1.));
#6974=DIRECTION('',(0.,0.,-1.));
#6975=DIRECTION('',(1.,-6.98296267768627E-15,0.));
#6976=DIRECTION('',(-1.,6.98296267768627E-15,0.));
#6977=DIRECTION('',(-6.98296267768627E-15,-1.,0.));
#6978=DIRECTION('',(0.,0.,1.));
#6979=DIRECTION('',(-6.54301299571857E-16,-2.90800577587487E-16,1.));
#6980=DIRECTION('',(-6.54301299571857E-16,-2.90800577587487E-16,1.));
#6981=DIRECTION('',(1.,-6.98296267768627E-15,6.19544098563143E-16));
#6982=DIRECTION('',(-6.19544098563143E-16,4.32625331744721E-30,1.));
#6983=DIRECTION('',(1.,-6.98296267768627E-15,6.19544098563143E-16));
#6984=DIRECTION('',(-6.19544098563143E-16,4.32625331744721E-30,1.));
#6985=DIRECTION('',(1.,-6.98296267768627E-15,6.19544098563143E-16));
#6986=DIRECTION('',(-6.19544098563143E-16,4.32625331744721E-30,1.));
#6987=DIRECTION('',(-1.,6.98296267768627E-15,-6.46196618925337E-16));
#6988=DIRECTION('',(-1.,6.98296267768627E-15,-6.46196618925337E-16));
#6989=DIRECTION('',(0.,0.,-1.));
#6990=DIRECTION('',(1.,-6.98296267768627E-15,0.));
#6991=DIRECTION('',(-6.98296267768627E-15,-1.,0.));
#6992=DIRECTION('',(-6.98296267768627E-15,-1.,0.));
#6993=DIRECTION('',(6.78485489612419E-15,0.940077703390376,-0.340960278607753));
#6994=DIRECTION('',(-2.38091290009145E-15,-0.340960278607753,-0.940077703390376));
#6995=DIRECTION('',(-1.60075120977534E-15,-0.340960278607753,-0.940077703390376));
#6996=DIRECTION('',(-1.,6.98296267768627E-15,0.));
#6997=DIRECTION('',(-1.60075120977534E-15,-0.340960278607753,-0.940077703390376));
#6998=DIRECTION('',(-1.,6.98296267768627E-15,0.));
#6999=DIRECTION('',(-1.,6.98296267768627E-15,0.));
#7000=DIRECTION('',(0.,0.,-1.));
#7001=DIRECTION('',(1.,-6.98296267768627E-15,0.));
#7002=DIRECTION('',(-6.98296267768627E-15,-1.,0.));
#7003=DIRECTION('',(1.,-6.98296267768627E-15,0.));
#7004=DIRECTION('',(-6.98296267768627E-15,-1.,0.));
#7005=DIRECTION('',(-1.,6.98296267768627E-15,0.));
#7006=DIRECTION('',(0.,0.,1.));
#7007=DIRECTION('',(-1.,6.98296267768627E-15,0.));
#7008=DIRECTION('',(6.98296267768627E-15,1.,-1.52772993974557E-16));
#7009=DIRECTION('',(-1.,6.98296267768627E-15,0.));
#7010=DIRECTION('',(6.98296267768627E-15,1.,-1.52772993974557E-16));
#7011=DIRECTION('',(-1.,6.98296267768627E-15,0.));
#7012=DIRECTION('',(0.,0.,-1.));
#7013=DIRECTION('',(1.,-6.98296267768627E-15,0.));
#7014=DIRECTION('',(-6.98296267768627E-15,-1.,0.));
#7015=DIRECTION('',(1.,-6.98296267768627E-15,0.));
#7016=DIRECTION('',(-6.98296267768627E-15,-1.,0.));
#7017=DIRECTION('',(-1.,6.98296267768627E-15,0.));
#7018=DIRECTION('',(-6.78485489612419E-15,-0.940077703390376,0.340960278607754));
#7019=DIRECTION('',(2.38091290009146E-15,0.340960278607754,0.940077703390376));
#7020=DIRECTION('',(1.59849410132613E-15,0.340960278607754,0.940077703390376));
#7021=DIRECTION('',(1.59849410132613E-15,0.340960278607754,0.940077703390376));
#7022=DIRECTION('',(-1.,6.98296267768627E-15,0.));
#7023=DIRECTION('',(0.,0.,1.));
#7024=DIRECTION('',(-1.,6.98296267768627E-15,0.));
#7025=DIRECTION('',(6.98296267768627E-15,1.,0.));
#7026=DIRECTION('',(6.98296267768627E-15,1.,0.));
#7027=DIRECTION('',(-1.,6.98296267768627E-15,-6.46196618925337E-16));
#7028=DIRECTION('',(-1.,6.98296267768627E-15,-6.46196618925337E-16));
#7029=DIRECTION('',(-1.,6.98296267768627E-15,-6.71172773443408E-16));
#7030=DIRECTION('',(6.71172773443408E-16,-4.6867744272345E-30,-1.));
#7031=DIRECTION('',(-1.,6.98296267768627E-15,-6.71172773443408E-16));
#7032=DIRECTION('',(6.71172773443408E-16,-4.6867744272345E-30,-1.));
#7033=DIRECTION('',(-1.,6.98296267768627E-15,-6.71172773443408E-16));
#7034=DIRECTION('',(6.71172773443408E-16,-4.6867744272345E-30,-1.));
#7035=DIRECTION('',(0.,0.,-1.));
#7036=DIRECTION('',(1.,-6.98296267768627E-15,0.));
#7037=DIRECTION('',(-6.46196618925337E-16,4.51236687240269E-30,1.));
#7038=DIRECTION('',(1.,-6.98296267768627E-15,6.50521303491303E-16));
#7039=DIRECTION('',(-6.98296267768627E-15,-1.,0.));
#7040=DIRECTION('',(-6.98296267768627E-15,-1.,0.));
#7041=DIRECTION('',(1.,-6.98296267768627E-15,0.));
#7042=DIRECTION('',(-6.98296267768627E-15,-1.,0.));
#7043=DIRECTION('',(1.,-6.98296267768627E-15,0.));
#7044=DIRECTION('',(-6.98296267768627E-15,-1.,0.));
#7045=DIRECTION('',(1.,-6.98296267768627E-15,6.46196618925337E-16));
#7046=DIRECTION('',(-7.89010550468517E-16,5.50963122622235E-30,1.));
#7047=DIRECTION('',(-1.,6.98296267768627E-15,-6.46196618925337E-16));
#7048=DIRECTION('',(1.27197215952481E-15,-8.88213411701778E-30,-1.));
#7049=DIRECTION('',(1.,-6.98296267768627E-15,0.));
#7050=DIRECTION('',(-6.98296267768627E-15,-1.,0.));
#7051=DIRECTION('',(1.,-6.98296267768627E-15,0.));
#7052=DIRECTION('',(-6.98296267768627E-15,-1.,0.));
#7053=DIRECTION('',(1.,-6.98296267768627E-15,0.));
#7054=DIRECTION('',(-6.98296267768627E-15,-1.,0.));
#7055=DIRECTION('',(-1.,6.98296267768627E-15,-6.46196618925337E-16));
#7056=DIRECTION('',(0.,0.,-1.));
#7057=DIRECTION('',(1.,-6.98296267768627E-15,6.46196618925337E-16));
#7058=DIRECTION('',(0.,0.,1.));
#7059=DIRECTION('',(1.,-6.98296267768627E-15,0.));
#7060=DIRECTION('',(-6.98296267768627E-15,-1.,0.));
#7061=DIRECTION('',(-1.,6.98296267768627E-15,0.));
#7062=DIRECTION('',(0.,0.,-1.));
#7063=DIRECTION('',(-1.,6.98296267768627E-15,0.));
#7064=DIRECTION('',(0.,0.,-1.));
#7065=DIRECTION('',(-1.,6.98296267768627E-15,0.));
#7066=DIRECTION('',(0.,0.,-1.));
#7067=DIRECTION('',(-1.,6.98296267768627E-15,0.));
#7068=DIRECTION('',(0.,0.,-1.));
#7069=DIRECTION('',(0.,0.,-1.));
#7070=DIRECTION('',(-6.98296267768627E-15,-1.,0.));
#7071=DIRECTION('',(0.,0.,-1.));
#7072=DIRECTION('',(6.98296267768627E-15,1.,0.));
#7073=DIRECTION('',(0.,0.,-1.));
#7074=DIRECTION('',(-6.98296267768627E-15,-1.,0.));
#7075=DIRECTION('',(0.,0.,1.));
#7076=DIRECTION('',(1.,0.,0.));
#7077=DIRECTION('',(0.,0.,1.));
#7078=DIRECTION('',(-1.,6.98296267768627E-15,0.));
#7079=DIRECTION('',(-1.,-2.55431024968806E-14,0.));
#7080=DIRECTION('',(0.,0.,1.));
#7081=DIRECTION('',(1.,0.,0.));
#7082=DIRECTION('',(-0.196116135138185,1.51220381627551E-15,-0.98058067569092));
#7083=DIRECTION('',(0.98058067569092,-6.84735826081008E-15,-0.196116135138185));
#7084=DIRECTION('',(0.98058067569092,-6.84735826081008E-15,-0.196116135138185));
#7085=DIRECTION('',(6.98296267768627E-15,1.,1.45558818006398E-16));
#7086=DIRECTION('',(-0.98058067569092,6.84735826081008E-15,0.196116135138185));
#7087=DIRECTION('',(6.98296267768627E-15,1.,1.45558818006398E-16));
#7088=DIRECTION('',(-1.,6.98296267768627E-15,0.));
#7089=DIRECTION('',(0.,0.,-1.));
#7090=DIRECTION('',(2.84504370643947E-16,-1.9866834018453E-30,-1.));
#7091=DIRECTION('',(-2.84504370643947E-16,1.9866834018453E-30,1.));
#7092=DIRECTION('',(6.98296267768627E-15,1.,1.45558818006398E-16));
#7093=DIRECTION('',(6.98296267768627E-15,1.,0.));
#7094=DIRECTION('',(0.,0.,-1.));
#7095=DIRECTION('',(6.98296267768627E-15,1.,0.));
#7096=DIRECTION('',(1.,-6.98296267768627E-15,0.));
#7097=DIRECTION('',(-6.98296267768627E-15,-1.,-1.45558818006398E-16));
#7098=DIRECTION('',(0.,0.,-1.));
#7099=DIRECTION('',(6.98296267768627E-15,1.,1.45558818006398E-16));
#7100=DIRECTION('',(0.196116135138184,-1.22673948804853E-15,-0.98058067569092));
#7101=DIRECTION('',(0.98058067569092,-6.84735826081008E-15,0.196116135138184));
#7102=DIRECTION('',(0.98058067569092,-6.84735826081008E-15,0.196116135138184));
#7103=DIRECTION('',(6.98296267768627E-15,1.,1.45558818006398E-16));
#7104=DIRECTION('',(-0.98058067569092,6.84735826081008E-15,-0.196116135138184));
#7105=DIRECTION('',(6.98296267768627E-15,1.,1.45558818006398E-16));
#7106=DIRECTION('',(1.,-6.98296267768627E-15,0.));
#7107=DIRECTION('',(0.,0.,1.));
#7108=DIRECTION('',(8.5351311193184E-16,-5.9600502055359E-30,1.));
#7109=DIRECTION('',(-8.5351311193184E-16,5.9600502055359E-30,-1.));
#7110=DIRECTION('',(6.98296267768627E-15,1.,0.));
#7111=DIRECTION('',(1.,-6.98296267768627E-15,0.));
#7112=DIRECTION('',(1.,5.57960712026693E-15,6.46196618925345E-16));
#7113=DIRECTION('',(-6.46196618925337E-16,4.41226362839345E-17,1.));
#7114=DIRECTION('',(-1.,-5.57960712026693E-15,0.));
#7115=DIRECTION('',(1.31371731030452E-46,4.41226362839381E-17,1.));
#7116=DIRECTION('',(1.31371731030452E-46,4.41226362839381E-17,1.));
#7117=DIRECTION('',(6.98296267768627E-15,1.,-5.16286748802621E-17));
#7118=DIRECTION('',(-6.46196618925341E-16,-6.0233454026972E-16,1.));
#7119=DIRECTION('',(-1.,6.98296267768627E-15,-6.45358436003277E-16));
#7120=DIRECTION('',(-1.31371731030452E-46,-4.41226362839381E-17,-1.));
#7121=DIRECTION('',(-6.98296267768627E-15,-1.,4.51750905202294E-17));
#7122=DIRECTION('',(1.31371731030452E-46,4.41226362839381E-17,1.));
#7123=DIRECTION('',(0.,0.,-1.));
#7124=DIRECTION('',(-6.98296267768627E-15,-1.,0.));
#7125=DIRECTION('',(0.,0.,-1.));
#7126=DIRECTION('',(-6.98296267768627E-15,-1.,0.));
#7127=DIRECTION('',(-1.,6.98296267768627E-15,0.));
#7128=DIRECTION('',(0.,0.,-1.));
#7129=DIRECTION('',(-6.59076897560514E-16,-1.4646153279122E-16,1.));
#7130=DIRECTION('',(1.,-6.98296267768627E-15,6.46196618925337E-16));
#7131=DIRECTION('',(0.,0.,-1.));
#7132=DIRECTION('',(6.98296267768627E-15,1.,6.02334540269725E-16));
#7133=DIRECTION('',(-6.98296267768627E-15,-1.,-5.57159449749495E-16));
#7134=DIRECTION('',(-1.,6.98296267768627E-15,-6.46196618925337E-16));
#7135=DIRECTION('',(0.,0.,-1.));
#7136=DIRECTION('',(6.59076897560513E-16,-4.60230937739032E-30,-1.));
#7137=DIRECTION('',(-1.,6.98296267768627E-15,0.));
#7138=DIRECTION('',(0.,0.,-1.));
#7139=DIRECTION('',(-6.59076897560514E-16,-1.4646153279122E-16,1.));
#7140=DIRECTION('',(6.59076897560513E-16,-4.60230937739032E-30,-1.));
#7141=DIRECTION('',(-1.,6.98296267768627E-15,-6.46196618925337E-16));
#7142=DIRECTION('',(0.,0.,-1.));
#7143=DIRECTION('',(-6.98296267768627E-15,-1.,-5.57159449749495E-16));
#7144=DIRECTION('',(6.98296267768627E-15,1.,6.02334540269725E-16));
#7145=DIRECTION('',(1.,-6.98296267768627E-15,6.46196618925337E-16));
#7146=DIRECTION('',(0.,0.,-1.));
#7147=DIRECTION('',(0.,0.,-1.));
#7148=DIRECTION('',(1.,-6.98296267768627E-15,0.));
#7149=DIRECTION('',(-1.,6.98296267768627E-15,-6.46196618925337E-16));
#7150=DIRECTION('',(-1.,6.98296267768627E-15,0.));
#7151=DIRECTION('',(0.,0.,-1.));
#7152=DIRECTION('',(-1.,6.98296267768627E-15,-6.46196618925337E-16));
#7153=DIRECTION('',(6.98296267768627E-15,1.,0.));
#7154=DIRECTION('',(1.,-6.98296267768627E-15,0.));
#7155=DIRECTION('',(-6.98296267768627E-15,-1.,0.));
#7156=DIRECTION('',(0.,0.,1.));
#7157=DIRECTION('',(-1.,6.98296267768627E-15,-6.46196618925337E-16));
#7158=DIRECTION('',(-1.,6.98296267768627E-15,0.));
#7159=DIRECTION('',(0.,0.,-1.));
#7160=DIRECTION('',(-1.,6.98296267768627E-15,-6.46196618925337E-16));
#7161=DIRECTION('',(0.,0.,1.));
#7162=DIRECTION('',(-1.,6.98296267768627E-15,0.));
#7163=DIRECTION('',(6.46196618925341E-16,6.0233454026972E-16,-1.));
#7164=DIRECTION('',(-1.,6.98296267768627E-15,-6.50521303491303E-16));
#7165=DIRECTION('',(0.,0.,1.));
#7166=DIRECTION('',(6.98296267768627E-15,1.,0.));
#7167=DIRECTION('',(0.,0.,1.));
#7168=DIRECTION('',(-6.98296267768627E-15,-1.,0.));
#7169=DIRECTION('',(0.,0.,1.));
#7170=DIRECTION('',(6.98296267768627E-15,1.,0.));
#7171=DIRECTION('',(0.,0.,1.));
#7172=DIRECTION('',(1.,0.,0.));
#7173=DIRECTION('',(1.3552527156069E-16,2.168404344971E-16,1.));
#7174=DIRECTION('',(1.,-6.98296267768627E-15,-1.35525271560688E-16));
#7175=DIRECTION('',(1.,-6.98296267768627E-15,-4.06575814682065E-16));
#7176=DIRECTION('',(0.,0.,1.));
#7177=DIRECTION('',(1.,0.,0.));
#7178=DIRECTION('',(0.,0.,-1.));
#7179=DIRECTION('',(-6.98296267768627E-15,-1.,0.));
#7180=DIRECTION('',(6.46196618925337E-16,-4.51236687240269E-30,-1.));
#7181=DIRECTION('',(1.,-6.98296267768627E-15,6.19544098563144E-16));
#7182=DIRECTION('',(-2.28141385835357E-16,1.52772993974558E-16,1.));
#7183=DIRECTION('',(8.75811540203011E-46,1.52772993974557E-16,1.));
#7184=DIRECTION('',(6.98296267768627E-15,1.,-1.03257349760524E-16));
#7185=DIRECTION('',(-2.28141385835357E-16,1.52772993974556E-16,1.));
#7186=DIRECTION('',(-1.,6.98296267768627E-15,0.));
#7187=DIRECTION('',(0.,0.,-1.));
#7188=DIRECTION('',(-2.79794109028519E-16,-2.90800577587489E-16,1.));
#7189=DIRECTION('',(-6.98296267768627E-15,-1.,0.));
#7190=DIRECTION('',(2.79794109028518E-16,-1.95379182078262E-30,-1.));
#7191=DIRECTION('',(-6.98296267768627E-15,-1.,0.));
#7192=DIRECTION('',(-0.156147451753565,1.09037182781096E-15,-0.987733756288033));
#7193=DIRECTION('',(0.987733756288033,-6.8973079556502E-15,-0.156147451753565));
#7194=DIRECTION('',(-0.987733756288033,6.85190018649145E-15,0.156147451753565));
#7195=DIRECTION('',(0.987733756288033,-6.8973079556502E-15,-0.156147451753565));
#7196=DIRECTION('',(-4.95854635720392E-15,-1.,-3.20033053157563E-16));
#7197=DIRECTION('',(-6.98296267768627E-15,-1.,0.));
#7198=DIRECTION('',(-1.,6.98296267768627E-15,0.));
#7199=DIRECTION('',(-6.98296267768627E-15,-1.,-2.90800577587491E-16));
#7200=DIRECTION('',(0.,0.,1.));
#7201=DIRECTION('',(6.98296267768627E-15,1.,0.));
#7202=DIRECTION('',(-1.,6.98296267768627E-15,0.));
#7203=DIRECTION('',(-6.98296267768627E-15,-1.,0.));
#7204=DIRECTION('',(-1.,6.98296267768627E-15,0.));
#7205=DIRECTION('',(-6.98296267768627E-15,-1.,-2.90800577587491E-16));
#7206=DIRECTION('',(0.,0.,1.));
#7207=DIRECTION('',(-6.98296267768627E-15,-1.,0.));
#7208=DIRECTION('',(6.98296267768627E-15,1.,0.));
#7209=DIRECTION('',(-1.,6.98296267768627E-15,0.));
#7210=DIRECTION('',(1.,-6.98296267768627E-15,0.));
#7211=DIRECTION('',(0.,0.,1.));
#7212=DIRECTION('',(5.59588218057037E-16,2.90800577587487E-16,-1.));
#7213=DIRECTION('',(-6.98296267768627E-15,-1.,0.));
#7214=DIRECTION('',(-5.59588218057035E-16,3.90758364156524E-30,1.));
#7215=DIRECTION('',(0.156147451753564,-1.09037182781095E-15,-0.987733756288034));
#7216=DIRECTION('',(0.987733756288034,-6.89730795565021E-15,0.156147451753564));
#7217=DIRECTION('',(-0.987733756288034,6.94271572480896E-15,-0.156147451753564));
#7218=DIRECTION('',(-4.95854635720392E-15,-1.,3.20033053157562E-16));
#7219=DIRECTION('',(0.987733756288034,-6.89730795565021E-15,0.156147451753564));
#7220=DIRECTION('',(0.,0.,1.));
#7221=DIRECTION('',(6.98296267768627E-15,1.,0.));
#7222=DIRECTION('',(-1.074400005657E-30,-1.53860195915151E-16,1.));
#7223=DIRECTION('',(6.98296267768627E-15,1.,1.20466908053945E-16));
#7224=DIRECTION('',(6.98296267768627E-15,1.,0.));
#7225=DIRECTION('',(0.,0.,-1.));
#7226=DIRECTION('',(-1.,6.98296267768627E-15,0.));
#7227=DIRECTION('',(6.54301299571856E-16,1.45400288793741E-16,-1.));
#7228=DIRECTION('',(6.54301299571856E-16,1.45400288793741E-16,-1.));
#7229=DIRECTION('',(0.,0.,-1.));
#7230=DIRECTION('',(1.,-6.98296267768627E-15,0.));
#7231=DIRECTION('',(-1.,6.98296267768627E-15,0.));
#7232=DIRECTION('',(-6.98296267768627E-15,-1.,0.));
#7233=DIRECTION('',(0.,0.,1.));
#7234=DIRECTION('',(-6.54301299571857E-16,-2.90800577587487E-16,1.));
#7235=DIRECTION('',(-6.54301299571857E-16,-2.90800577587487E-16,1.));
#7236=DIRECTION('',(1.,-6.98296267768627E-15,6.19544098563143E-16));
#7237=DIRECTION('',(-6.19544098563143E-16,4.32625331744721E-30,1.));
#7238=DIRECTION('',(1.,-6.98296267768627E-15,6.19544098563143E-16));
#7239=DIRECTION('',(-6.19544098563143E-16,4.32625331744721E-30,1.));
#7240=DIRECTION('',(1.,-6.98296267768627E-15,6.19544098563143E-16));
#7241=DIRECTION('',(-6.19544098563143E-16,4.32625331744721E-30,1.));
#7242=DIRECTION('',(-1.,6.98296267768627E-15,-6.46196618925337E-16));
#7243=DIRECTION('',(-1.,6.98296267768627E-15,-6.46196618925337E-16));
#7244=DIRECTION('',(0.,0.,-1.));
#7245=DIRECTION('',(1.,-6.98296267768627E-15,0.));
#7246=DIRECTION('',(-6.98296267768627E-15,-1.,0.));
#7247=DIRECTION('',(-6.98296267768627E-15,-1.,0.));
#7248=DIRECTION('',(6.78485489612419E-15,0.940077703390376,-0.340960278607753));
#7249=DIRECTION('',(-2.38091290009145E-15,-0.340960278607753,-0.940077703390376));
#7250=DIRECTION('',(-1.60075120977534E-15,-0.340960278607753,-0.940077703390376));
#7251=DIRECTION('',(-1.,6.98296267768627E-15,0.));
#7252=DIRECTION('',(-1.60075120977534E-15,-0.340960278607753,-0.940077703390376));
#7253=DIRECTION('',(-1.,6.98296267768627E-15,0.));
#7254=DIRECTION('',(-1.,6.98296267768627E-15,0.));
#7255=DIRECTION('',(0.,0.,-1.));
#7256=DIRECTION('',(1.,-6.98296267768627E-15,0.));
#7257=DIRECTION('',(-6.98296267768627E-15,-1.,0.));
#7258=DIRECTION('',(1.,-6.98296267768627E-15,0.));
#7259=DIRECTION('',(-6.98296267768627E-15,-1.,0.));
#7260=DIRECTION('',(-1.,6.98296267768627E-15,0.));
#7261=DIRECTION('',(0.,0.,1.));
#7262=DIRECTION('',(-1.,6.98296267768627E-15,0.));
#7263=DIRECTION('',(6.98296267768627E-15,1.,-1.52772993974557E-16));
#7264=DIRECTION('',(-1.,6.98296267768627E-15,0.));
#7265=DIRECTION('',(6.98296267768627E-15,1.,-1.52772993974557E-16));
#7266=DIRECTION('',(-1.,6.98296267768627E-15,0.));
#7267=DIRECTION('',(0.,0.,-1.));
#7268=DIRECTION('',(1.,-6.98296267768627E-15,0.));
#7269=DIRECTION('',(-6.98296267768627E-15,-1.,0.));
#7270=DIRECTION('',(1.,-6.98296267768627E-15,0.));
#7271=DIRECTION('',(-6.98296267768627E-15,-1.,0.));
#7272=DIRECTION('',(-1.,6.98296267768627E-15,0.));
#7273=DIRECTION('',(-6.78485489612419E-15,-0.940077703390376,0.340960278607754));
#7274=DIRECTION('',(2.38091290009146E-15,0.340960278607754,0.940077703390376));
#7275=DIRECTION('',(1.59849410132613E-15,0.340960278607754,0.940077703390376));
#7276=DIRECTION('',(1.59849410132613E-15,0.340960278607754,0.940077703390376));
#7277=DIRECTION('',(-1.,6.98296267768627E-15,0.));
#7278=DIRECTION('',(0.,0.,1.));
#7279=DIRECTION('',(-1.,6.98296267768627E-15,0.));
#7280=DIRECTION('',(6.98296267768627E-15,1.,0.));
#7281=DIRECTION('',(6.98296267768627E-15,1.,0.));
#7282=DIRECTION('',(-1.,6.98296267768627E-15,-6.46196618925337E-16));
#7283=DIRECTION('',(-1.,6.98296267768627E-15,-6.46196618925337E-16));
#7284=DIRECTION('',(-1.,6.98296267768627E-15,-6.71172773443408E-16));
#7285=DIRECTION('',(6.71172773443408E-16,-4.6867744272345E-30,-1.));
#7286=DIRECTION('',(-1.,6.98296267768627E-15,-6.71172773443408E-16));
#7287=DIRECTION('',(6.71172773443408E-16,-4.6867744272345E-30,-1.));
#7288=DIRECTION('',(-1.,6.98296267768627E-15,-6.71172773443408E-16));
#7289=DIRECTION('',(6.71172773443408E-16,-4.6867744272345E-30,-1.));
#7290=DIRECTION('',(0.,0.,-1.));
#7291=DIRECTION('',(1.,-6.98296267768627E-15,0.));
#7292=DIRECTION('',(-6.46196618925337E-16,4.51236687240269E-30,1.));
#7293=DIRECTION('',(1.,-6.98296267768627E-15,6.50521303491303E-16));
#7294=DIRECTION('',(-6.98296267768627E-15,-1.,0.));
#7295=DIRECTION('',(-6.98296267768627E-15,-1.,0.));
#7296=DIRECTION('',(1.,-6.98296267768627E-15,0.));
#7297=DIRECTION('',(-6.98296267768627E-15,-1.,0.));
#7298=DIRECTION('',(1.,-6.98296267768627E-15,0.));
#7299=DIRECTION('',(-6.98296267768627E-15,-1.,0.));
#7300=DIRECTION('',(1.,-6.98296267768627E-15,6.46196618925337E-16));
#7301=DIRECTION('',(-7.89010550468517E-16,5.50963122622235E-30,1.));
#7302=DIRECTION('',(-1.,6.98296267768627E-15,-6.46196618925337E-16));
#7303=DIRECTION('',(1.27197215952481E-15,-8.88213411701778E-30,-1.));
#7304=DIRECTION('',(1.,-6.98296267768627E-15,0.));
#7305=DIRECTION('',(-6.98296267768627E-15,-1.,0.));
#7306=DIRECTION('',(1.,-6.98296267768627E-15,0.));
#7307=DIRECTION('',(-6.98296267768627E-15,-1.,0.));
#7308=DIRECTION('',(1.,-6.98296267768627E-15,0.));
#7309=DIRECTION('',(-6.98296267768627E-15,-1.,0.));
#7310=DIRECTION('',(-1.,6.98296267768627E-15,-6.46196618925337E-16));
#7311=DIRECTION('',(0.,0.,-1.));
#7312=DIRECTION('',(1.,-6.98296267768627E-15,6.46196618925337E-16));
#7313=DIRECTION('',(0.,0.,1.));
#7314=DIRECTION('',(1.,-6.98296267768627E-15,0.));
#7315=DIRECTION('',(-6.98296267768627E-15,-1.,0.));
#7316=DIRECTION('',(-1.,6.98296267768627E-15,0.));
#7317=DIRECTION('',(0.,0.,-1.));
#7318=DIRECTION('',(-1.,6.98296267768627E-15,0.));
#7319=DIRECTION('',(0.,0.,-1.));
#7320=DIRECTION('',(-1.,6.98296267768627E-15,0.));
#7321=DIRECTION('',(0.,0.,-1.));
#7322=DIRECTION('',(-1.,6.98296267768627E-15,0.));
#7323=DIRECTION('',(0.,0.,-1.));
#7324=DIRECTION('',(0.,0.,-1.));
#7325=DIRECTION('',(-6.98296267768627E-15,-1.,0.));
#7326=DIRECTION('',(0.,0.,-1.));
#7327=DIRECTION('',(6.98296267768627E-15,1.,0.));
#7328=DIRECTION('',(0.,0.,-1.));
#7329=DIRECTION('',(-6.98296267768627E-15,-1.,0.));
#7330=DIRECTION('',(0.,0.,1.));
#7331=DIRECTION('',(1.,0.,0.));
#7332=DIRECTION('',(0.,0.,1.));
#7333=DIRECTION('',(-1.,6.98296267768627E-15,0.));
#7334=DIRECTION('',(-1.,-2.55431024968806E-14,0.));
#7335=DIRECTION('',(0.,0.,1.));
#7336=DIRECTION('',(1.,0.,0.));
#7337=DIRECTION('',(-0.196116135138185,1.51220381627551E-15,-0.98058067569092));
#7338=DIRECTION('',(0.98058067569092,-6.84735826081008E-15,-0.196116135138185));
#7339=DIRECTION('',(0.98058067569092,-6.84735826081008E-15,-0.196116135138185));
#7340=DIRECTION('',(6.98296267768627E-15,1.,1.45558818006398E-16));
#7341=DIRECTION('',(-0.98058067569092,6.84735826081008E-15,0.196116135138185));
#7342=DIRECTION('',(6.98296267768627E-15,1.,1.45558818006398E-16));
#7343=DIRECTION('',(-1.,6.98296267768627E-15,0.));
#7344=DIRECTION('',(0.,0.,-1.));
#7345=DIRECTION('',(2.84504370643947E-16,-1.9866834018453E-30,-1.));
#7346=DIRECTION('',(-2.84504370643947E-16,1.9866834018453E-30,1.));
#7347=DIRECTION('',(6.98296267768627E-15,1.,1.45558818006398E-16));
#7348=DIRECTION('',(6.98296267768627E-15,1.,0.));
#7349=DIRECTION('',(0.,0.,-1.));
#7350=DIRECTION('',(6.98296267768627E-15,1.,0.));
#7351=DIRECTION('',(1.,-6.98296267768627E-15,0.));
#7352=DIRECTION('',(-6.98296267768627E-15,-1.,-1.45558818006398E-16));
#7353=DIRECTION('',(0.,0.,-1.));
#7354=DIRECTION('',(6.98296267768627E-15,1.,1.45558818006398E-16));
#7355=DIRECTION('',(0.196116135138184,-1.22673948804853E-15,-0.98058067569092));
#7356=DIRECTION('',(0.98058067569092,-6.84735826081008E-15,0.196116135138184));
#7357=DIRECTION('',(0.98058067569092,-6.84735826081008E-15,0.196116135138184));
#7358=DIRECTION('',(6.98296267768627E-15,1.,1.45558818006398E-16));
#7359=DIRECTION('',(-0.98058067569092,6.84735826081008E-15,-0.196116135138184));
#7360=DIRECTION('',(6.98296267768627E-15,1.,1.45558818006398E-16));
#7361=DIRECTION('',(1.,-6.98296267768627E-15,0.));
#7362=DIRECTION('',(0.,0.,1.));
#7363=DIRECTION('',(8.5351311193184E-16,-5.9600502055359E-30,1.));
#7364=DIRECTION('',(-8.5351311193184E-16,5.9600502055359E-30,-1.));
#7365=DIRECTION('',(6.98296267768627E-15,1.,0.));
#7366=DIRECTION('',(1.,-6.98296267768627E-15,0.));
#7367=DIRECTION('',(1.,5.57960712026693E-15,6.46196618925345E-16));
#7368=DIRECTION('',(-6.46196618925337E-16,4.41226362839345E-17,1.));
#7369=DIRECTION('',(-1.,-5.57960712026693E-15,0.));
#7370=DIRECTION('',(1.31371731030452E-46,4.41226362839381E-17,1.));
#7371=DIRECTION('',(1.31371731030452E-46,4.41226362839381E-17,1.));
#7372=DIRECTION('',(6.98296267768627E-15,1.,-5.16286748802621E-17));
#7373=DIRECTION('',(-6.46196618925341E-16,-6.0233454026972E-16,1.));
#7374=DIRECTION('',(-1.,6.98296267768627E-15,-6.45358436003277E-16));
#7375=DIRECTION('',(-1.31371731030452E-46,-4.41226362839381E-17,-1.));
#7376=DIRECTION('',(-6.98296267768627E-15,-1.,4.51750905202294E-17));
#7377=DIRECTION('',(1.31371731030452E-46,4.41226362839381E-17,1.));
#7378=DIRECTION('',(0.,0.,-1.));
#7379=DIRECTION('',(-6.98296267768627E-15,-1.,0.));
#7380=DIRECTION('',(0.,0.,-1.));
#7381=DIRECTION('',(-6.98296267768627E-15,-1.,0.));
#7382=DIRECTION('',(-1.,6.98296267768627E-15,0.));
#7383=DIRECTION('',(0.,0.,-1.));
#7384=DIRECTION('',(-6.59076897560514E-16,-1.4646153279122E-16,1.));
#7385=DIRECTION('',(1.,-6.98296267768627E-15,6.46196618925337E-16));
#7386=DIRECTION('',(0.,0.,-1.));
#7387=DIRECTION('',(6.98296267768627E-15,1.,6.02334540269725E-16));
#7388=DIRECTION('',(-6.98296267768627E-15,-1.,-5.57159449749495E-16));
#7389=DIRECTION('',(-1.,6.98296267768627E-15,-6.46196618925337E-16));
#7390=DIRECTION('',(0.,0.,-1.));
#7391=DIRECTION('',(6.59076897560513E-16,-4.60230937739032E-30,-1.));
#7392=DIRECTION('',(-1.,6.98296267768627E-15,0.));
#7393=DIRECTION('',(0.,0.,-1.));
#7394=DIRECTION('',(-6.59076897560514E-16,-1.4646153279122E-16,1.));
#7395=DIRECTION('',(6.59076897560513E-16,-4.60230937739032E-30,-1.));
#7396=DIRECTION('',(-1.,6.98296267768627E-15,-6.46196618925337E-16));
#7397=DIRECTION('',(0.,0.,-1.));
#7398=DIRECTION('',(-6.98296267768627E-15,-1.,-5.57159449749495E-16));
#7399=DIRECTION('',(6.98296267768627E-15,1.,6.02334540269725E-16));
#7400=DIRECTION('',(1.,-6.98296267768627E-15,6.46196618925337E-16));
#7401=DIRECTION('',(0.,0.,-1.));
#7402=DIRECTION('',(0.,0.,-1.));
#7403=DIRECTION('',(1.,-6.98296267768627E-15,0.));
#7404=DIRECTION('',(-1.,6.98296267768627E-15,-6.46196618925337E-16));
#7405=DIRECTION('',(-1.,6.98296267768627E-15,0.));
#7406=DIRECTION('',(0.,0.,-1.));
#7407=DIRECTION('',(-1.,6.98296267768627E-15,-6.46196618925337E-16));
#7408=DIRECTION('',(6.98296267768627E-15,1.,0.));
#7409=DIRECTION('',(1.,-6.98296267768627E-15,0.));
#7410=DIRECTION('',(-6.98296267768627E-15,-1.,0.));
#7411=DIRECTION('',(0.,0.,1.));
#7412=DIRECTION('',(-1.,6.98296267768627E-15,-6.46196618925337E-16));
#7413=DIRECTION('',(-1.,6.98296267768627E-15,0.));
#7414=DIRECTION('',(0.,0.,-1.));
#7415=DIRECTION('',(-1.,6.98296267768627E-15,-6.46196618925337E-16));
#7416=DIRECTION('',(0.,0.,1.));
#7417=DIRECTION('',(-1.,6.98296267768627E-15,0.));
#7418=DIRECTION('',(6.46196618925341E-16,6.0233454026972E-16,-1.));
#7419=DIRECTION('',(-1.,6.98296267768627E-15,-6.50521303491303E-16));
#7420=DIRECTION('',(0.,0.,1.));
#7421=DIRECTION('',(6.98296267768627E-15,1.,0.));
#7422=DIRECTION('',(0.,0.,1.));
#7423=DIRECTION('',(-6.98296267768627E-15,-1.,0.));
#7424=DIRECTION('',(0.,0.,1.));
#7425=DIRECTION('',(6.98296267768627E-15,1.,0.));
#7426=DIRECTION('',(0.,0.,1.));
#7427=DIRECTION('',(1.,0.,0.));
#7428=DIRECTION('',(1.3552527156069E-16,2.168404344971E-16,1.));
#7429=DIRECTION('',(1.,-6.98296267768627E-15,-1.35525271560688E-16));
#7430=DIRECTION('',(1.,-6.98296267768627E-15,-4.06575814682065E-16));
#7431=CARTESIAN_POINT('',(0.,0.,0.));
#7432=CARTESIAN_POINT('',(-0.00605994796075222,0.0223797376960519,-0.0166620010541972));
#7433=CARTESIAN_POINT('',(-0.00605994796075223,0.030317350010375,-0.0166620010542032));
#7434=CARTESIAN_POINT('',(-0.00605994796075223,0.0303173500103777,-0.00872438873987996));
#7435=CARTESIAN_POINT('',(-0.00605994796075222,0.0223797376960545,-0.00872438873988064));
#7436=CARTESIAN_POINT('',(-0.00552602673663913,0.0223797376960517,-0.0168677217678814));
#7437=CARTESIAN_POINT('',(-0.00552602673663914,0.0307287914377437,-0.0168677217678877));
#7438=CARTESIAN_POINT('',(-0.00552602673663914,0.0307287914377465,-0.00851866802619568));
#7439=CARTESIAN_POINT('',(-0.00552602673663913,0.0223797376960545,-0.0085186680261964));
#7440=CARTESIAN_POINT('',(-0.0051634494131224,0.0223797376960514,-0.017244786382162));
#7441=CARTESIAN_POINT('',(-0.00516344941312241,0.0314829206663053,-0.0172447863821688));
#7442=CARTESIAN_POINT('',(-0.00516344941312241,0.0314829206663083,-0.00814160341191502));
#7443=CARTESIAN_POINT('',(-0.0051634494131224,0.0223797376960545,-0.00814160341191581));
#7444=CARTESIAN_POINT('',(-0.00497221599020202,0.022379737696051,-0.0177931948970389));
#7445=CARTESIAN_POINT('',(-0.00497221599020202,0.0325797376960596,-0.0177931948970466));
#7446=CARTESIAN_POINT('',(-0.00497221599020202,0.0325797376960629,-0.00759319489703801));
#7447=CARTESIAN_POINT('',(-0.00497221599020201,0.0223797376960544,-0.00759319489703891));
#7448=CARTESIAN_POINT('',(-0.00605994796074865,0.0223797376960549,-0.0166620010541986));
#7449=CARTESIAN_POINT('',(-0.00532282479262135,0.0223797376960549,-0.01694601580651));
#7450=CARTESIAN_POINT('',(-0.00502114645476155,0.0223797376960764,-0.017665475389094));
#7451=CARTESIAN_POINT('',(-0.00605994796074865,0.0223797376960549,-0.0166620010541986));
#7452=CARTESIAN_POINT('',(-0.00502114645476155,0.0223797376960764,-0.017665475389094));
#7453=CARTESIAN_POINT('',(-0.00605994796074865,0.0223797376960549,-0.0126931948970389));
#7454=CARTESIAN_POINT('',(-0.00605994796074865,0.0223797376960549,-0.00872438873987925));
#7455=CARTESIAN_POINT('',(-0.00605994796074865,0.0223797376960549,-0.00872438873987925));
#7456=CARTESIAN_POINT('',(-0.0055482792329951,0.0223797376960549,-0.00852724194913645));
#7457=CARTESIAN_POINT('',(-0.00524642271840735,0.0223797376960545,-0.00812028294522312));
#7458=CARTESIAN_POINT('',(-0.00524642271840735,0.0223797376960545,-0.00812028294522312));
#7459=CARTESIAN_POINT('',(-0.00524642271840735,0.0223797376960545,-0.00812028294522312));
#7460=CARTESIAN_POINT('',(-0.00526926293778625,0.0237553580522451,-0.00815107583018125));
#7461=CARTESIAN_POINT('',(-0.00529489164270932,0.025074255788232,-0.00882394327898291));
#7462=CARTESIAN_POINT('',(-0.0053204387283315,0.0259011933607733,-0.00992382977747483));
#7463=CARTESIAN_POINT('',(-0.0053204387283315,0.0259011933607733,-0.00992382977747484));
#7464=CARTESIAN_POINT('',(-0.00532043872833833,0.0259011933607663,-0.00992382977747909));
#7465=CARTESIAN_POINT('',(-0.00532579240349842,0.026074487301552,-0.010154323193265));
#7466=CARTESIAN_POINT('',(-0.00533269959236719,0.0263004521349052,-0.0105234573270079));
#7467=CARTESIAN_POINT('',(-0.00533864000631025,0.0264982980132642,-0.010973264402905));
#7468=CARTESIAN_POINT('',(-0.00534149933747764,0.0265950121169054,-0.0112451065342006));
#7469=CARTESIAN_POINT('',(-0.00534315897616465,0.026651785693751,-0.0114254977509437));
#7470=CARTESIAN_POINT('',(-0.00534521344822871,0.0267236012026051,-0.0117065938187783));
#7471=CARTESIAN_POINT('',(-0.00534632540743635,0.02676775812121,-0.0119398268514047));
#7472=CARTESIAN_POINT('',(-0.00534683140303702,0.026799693769134,-0.0121640604504623));
#7473=CARTESIAN_POINT('',(-0.00534670945870764,0.0268191093782817,-0.012364963358318));
#7474=CARTESIAN_POINT('',(-0.00534570529011638,0.0268293601456457,-0.0125556621612455));
#7475=CARTESIAN_POINT('',(-0.00534500076145505,0.0268328826173894,-0.0126712559230602));
#7476=CARTESIAN_POINT('',(-0.00534248333748326,0.0268324913509076,-0.0128271654903242));
#7477=CARTESIAN_POINT('',(-0.00534148282191632,0.0268319489133178,-0.0128781034235797));
#7478=CARTESIAN_POINT('',(-0.00533517376022655,0.0268283731604365,-0.0130735126263014));
#7479=CARTESIAN_POINT('',(-0.00532785453323034,0.0268382573654548,-0.0130555033149136));
#7480=CARTESIAN_POINT('',(-0.00532043872833004,0.0268537223989402,-0.0129244826883251));
#7481=CARTESIAN_POINT('',(-0.00532043872832475,0.0268537223989464,-0.0129244826883254));
#7482=CARTESIAN_POINT('',(-0.00532043872832461,0.0268537223989465,-0.0129244826883254));
#7483=CARTESIAN_POINT('',(-0.00531111504958611,0.0268731661418471,-0.0127597542135959));
#7484=CARTESIAN_POINT('',(-0.00529278168995887,0.0268931996142888,-0.0124423941706275));
#7485=CARTESIAN_POINT('',(-0.00527127400602442,0.0268826084687131,-0.0120901262764231));
#7486=CARTESIAN_POINT('',(-0.00525478689369438,0.0268617856635955,-0.0118356890436597));
#7487=CARTESIAN_POINT('',(-0.00523339732168177,0.0268232542697776,-0.0115229183487662));
#7488=CARTESIAN_POINT('',(-0.00520771649284784,0.0267586875430667,-0.0111821169916394));
#7489=CARTESIAN_POINT('',(-0.00518004779637655,0.0266710871448756,-0.0108441793525968));
#7490=CARTESIAN_POINT('',(-0.00514969801948903,0.0265769086019811,-0.0105356499178515));
#7491=CARTESIAN_POINT('',(-0.00513149585097336,0.0265261882031687,-0.0103785207105937));
#7492=CARTESIAN_POINT('',(-0.00512189512386554,0.0265011687707196,-0.0103006566192273));
#7493=CARTESIAN_POINT('',(-0.00510797730442164,0.026466913335949,-0.0101935189011072));
#7494=CARTESIAN_POINT('',(-0.00508618684621636,0.0264282903142687,-0.0100545986209899));
#7495=CARTESIAN_POINT('',(-0.00507194635708181,0.0264002691342864,-0.00996442906869653));
#7496=CARTESIAN_POINT('',(-0.00502843338796995,0.0264315093920971,-0.00984342124505675));
#7497=CARTESIAN_POINT('',(-0.00499699235664273,0.0265562120385909,-0.00988642355977963));
#7498=CARTESIAN_POINT('',(-0.00498340324523215,0.0266418476915439,-0.00994965653765039));
#7499=CARTESIAN_POINT('',(-0.00497642185035438,0.0266912592047166,-0.0099914002048186));
#7500=CARTESIAN_POINT('',(-0.00497221599020202,0.026723713982636,-0.0100211413755652));
#7501=CARTESIAN_POINT('',(-0.00497221599020205,0.026723713982636,-0.0100211413755652));
#7502=CARTESIAN_POINT('',(-0.00497221599020205,0.0223797376960549,-0.0126931948970389));
#7503=CARTESIAN_POINT('',(-0.00497221599020205,0.0261256330420732,-0.016154158354904));
#7504=CARTESIAN_POINT('',(-0.00497221599020205,0.0261256330420732,-0.016154158354904));
#7505=CARTESIAN_POINT('',(-0.00498708463280553,0.0251478945112891,-0.0171495589130041));
#7506=CARTESIAN_POINT('',(-0.00500457420102965,0.0237746263171656,-0.0177049978381873));
#7507=CARTESIAN_POINT('',(-0.00502114645476155,0.0223797376960764,-0.017665475389094));
#7508=CARTESIAN_POINT('',(-0.00536997021582096,0.0264380576631668,-0.0145905805216751));
#7509=CARTESIAN_POINT('',(-0.00534096455180364,0.0268596967543539,-0.0136887362574088));
#7510=CARTESIAN_POINT('',(-0.00531414009400355,0.0268596967543539,-0.0126931948970389));
#7511=CARTESIAN_POINT('',(-0.00526414009400356,0.0268596967543539,-0.0108375350962152));
#7512=CARTESIAN_POINT('',(-0.00521414009400355,0.0255475471256162,-0.00952538546747756));
#7513=CARTESIAN_POINT('',(-0.00516414009400354,0.0242353974968785,-0.00821323583873988));
#7514=CARTESIAN_POINT('',(-0.00511414009400355,0.0223797376960549,-0.00821323583873988));
#7515=CARTESIAN_POINT('',(-0.00506414009400357,0.0205240778952312,-0.00821323583873987));
#7516=CARTESIAN_POINT('',(-0.00501414009400355,0.0192119282664935,-0.00952538546747756));
#7517=CARTESIAN_POINT('',(-0.00496414009400354,0.0178997786377559,-0.0108375350962152));
#7518=CARTESIAN_POINT('',(-0.00491414009400355,0.0178997786377559,-0.0126931948970389));
#7519=CARTESIAN_POINT('',(-0.00486414009400358,0.0178997786377559,-0.0145488546978626));
#7520=CARTESIAN_POINT('',(-0.00481414009400355,0.0192119282664935,-0.0158610043266003));
#7521=CARTESIAN_POINT('',(-0.00476414009400355,0.0205240778952312,-0.0171731539553379));
#7522=CARTESIAN_POINT('',(-0.00471414009400355,0.0223797376960549,-0.0171731539553379));
#7523=CARTESIAN_POINT('',(-0.00466414009400353,0.0242353974968785,-0.0171731539553379));
#7524=CARTESIAN_POINT('',(-0.00461414009400355,0.0255475471256162,-0.0158610043266003));
#7525=CARTESIAN_POINT('',(-0.00456414009400356,0.0268596967543539,-0.0145488546978626));
#7526=CARTESIAN_POINT('',(-0.00451414009400355,0.0268596967543539,-0.0126931948970389));
#7527=CARTESIAN_POINT('',(-0.00446414009400354,0.0268596967543539,-0.0108375350962152));
#7528=CARTESIAN_POINT('',(-0.00441414009400355,0.0255475471256162,-0.00952538546747756));
#7529=CARTESIAN_POINT('',(-0.00436414009400357,0.0242353974968785,-0.00821323583873988));
#7530=CARTESIAN_POINT('',(-0.00431414009400355,0.0223797376960549,-0.00821323583873988));
#7531=CARTESIAN_POINT('',(-0.00426414009400354,0.0205240778952312,-0.00821323583873987));
#7532=CARTESIAN_POINT('',(-0.00421414009400355,0.0192119282664935,-0.00952538546747756));
#7533=CARTESIAN_POINT('',(-0.00416414009400358,0.0178997786377559,-0.0108375350962152));
#7534=CARTESIAN_POINT('',(-0.00411414009400355,0.0178997786377559,-0.0126931948970389));
#7535=CARTESIAN_POINT('',(-0.00406414009400355,0.0178997786377559,-0.0145488546978626));
#7536=CARTESIAN_POINT('',(-0.00401414009400355,0.0192119282664935,-0.0158610043266003));
#7537=CARTESIAN_POINT('',(-0.00396414009400352,0.0205240778952312,-0.0171731539553379));
#7538=CARTESIAN_POINT('',(-0.00391414009400355,0.0223797376960549,-0.0171731539553379));
#7539=CARTESIAN_POINT('',(-0.00386414009400356,0.0242353974968785,-0.0171731539553379));
#7540=CARTESIAN_POINT('',(-0.00381414009400355,0.0255475471256162,-0.0158610043266003));
#7541=CARTESIAN_POINT('',(-0.00376414009400353,0.0268596967543539,-0.0145488546978626));
#7542=CARTESIAN_POINT('',(-0.00371414009400355,0.0268596967543539,-0.0126931948970389));
#7543=CARTESIAN_POINT('',(-0.00366414009400357,0.0268596967543539,-0.0108375350962152));
#7544=CARTESIAN_POINT('',(-0.00361414009400355,0.0255475471256162,-0.00952538546747756));
#7545=CARTESIAN_POINT('',(-0.00356414009400355,0.0242353974968785,-0.00821323583873988));
#7546=CARTESIAN_POINT('',(-0.00351414009400355,0.0223797376960549,-0.00821323583873988));
#7547=CARTESIAN_POINT('',(-0.00346414009400358,0.0205240778952312,-0.00821323583873987));
#7548=CARTESIAN_POINT('',(-0.00341414009400355,0.0192119282664935,-0.00952538546747756));
#7549=CARTESIAN_POINT('',(-0.00336414009400355,0.0178997786377559,-0.0108375350962152));
#7550=CARTESIAN_POINT('',(-0.00331414009400355,0.0178997786377559,-0.0126931948970389));
#7551=CARTESIAN_POINT('',(-0.00326414009400353,0.0178997786377559,-0.0145488546978626));
#7552=CARTESIAN_POINT('',(-0.00321414009400355,0.0192119282664935,-0.0158610043266003));
#7553=CARTESIAN_POINT('',(-0.00316414009400356,0.0205240778952312,-0.0171731539553379));
#7554=CARTESIAN_POINT('',(-0.00311414009400355,0.0223797376960549,-0.0171731539553379));
#7555=CARTESIAN_POINT('',(-0.00306414009400354,0.0242353974968785,-0.0171731539553379));
#7556=CARTESIAN_POINT('',(-0.00301414009400355,0.0255475471256162,-0.0158610043266003));
#7557=CARTESIAN_POINT('',(-0.00296414009400357,0.0268596967543539,-0.0145488546978626));
#7558=CARTESIAN_POINT('',(-0.00291414009400355,0.0268596967543539,-0.0126931948970389));
#7559=CARTESIAN_POINT('',(-0.00286414009400354,0.0268596967543539,-0.0108375350962152));
#7560=CARTESIAN_POINT('',(-0.00281414009400355,0.0255475471256162,-0.00952538546747756));
#7561=CARTESIAN_POINT('',(-0.00276414009400358,0.0242353974968785,-0.00821323583873988));
#7562=CARTESIAN_POINT('',(-0.00271414009400355,0.0223797376960549,-0.00821323583873988));
#7563=CARTESIAN_POINT('',(-0.00266414009400355,0.0205240778952312,-0.00821323583873987));
#7564=CARTESIAN_POINT('',(-0.00261414009400355,0.0192119282664935,-0.00952538546747756));
#7565=CARTESIAN_POINT('',(-0.00256414009400353,0.0178997786377559,-0.0108375350962152));
#7566=CARTESIAN_POINT('',(-0.00251414009400355,0.0178997786377559,-0.0126931948970389));
#7567=CARTESIAN_POINT('',(-0.00246414009400356,0.0178997786377559,-0.0145488546978626));
#7568=CARTESIAN_POINT('',(-0.00241414009400355,0.0192119282664935,-0.0158610043266003));
#7569=CARTESIAN_POINT('',(-0.00236414009400354,0.0205240778952312,-0.0171731539553379));
#7570=CARTESIAN_POINT('',(-0.00231414009400355,0.0223797376960549,-0.0171731539553379));
#7571=CARTESIAN_POINT('',(-0.00226414009400357,0.0242353974968785,-0.0171731539553379));
#7572=CARTESIAN_POINT('',(-0.00221414009400355,0.0255475471256162,-0.0158610043266003));
#7573=CARTESIAN_POINT('',(-0.00216414009400355,0.0268596967543539,-0.0145488546978626));
#7574=CARTESIAN_POINT('',(-0.00211414009400355,0.0268596967543539,-0.0126931948970389));
#7575=CARTESIAN_POINT('',(-0.00206414009400358,0.0268596967543539,-0.0108375350962152));
#7576=CARTESIAN_POINT('',(-0.00201414009400355,0.0255475471256162,-0.00952538546747756));
#7577=CARTESIAN_POINT('',(-0.00196414009400356,0.0242353974968785,-0.00821323583873988));
#7578=CARTESIAN_POINT('',(-0.00191414009400355,0.0223797376960549,-0.00821323583873988));
#7579=CARTESIAN_POINT('',(-0.00186414009400353,0.0205240778952312,-0.00821323583873988));
#7580=CARTESIAN_POINT('',(-0.00181414009400355,0.0192119282664935,-0.00952538546747756));
#7581=CARTESIAN_POINT('',(-0.00176414009400356,0.0178997786377559,-0.0108375350962152));
#7582=CARTESIAN_POINT('',(-0.00171414009400355,0.0178997786377559,-0.0126931948970389));
#7583=CARTESIAN_POINT('',(-0.00166414009400353,0.0178997786377559,-0.0145488546978626));
#7584=CARTESIAN_POINT('',(-0.00161414009400355,0.0192119282664935,-0.0158610043266003));
#7585=CARTESIAN_POINT('',(-0.00156414009400357,0.0205240778952312,-0.0171731539553379));
#7586=CARTESIAN_POINT('',(-0.00151414009400355,0.0223797376960549,-0.0171731539553379));
#7587=CARTESIAN_POINT('',(-0.00146414009400355,0.0242353974968785,-0.0171731539553379));
#7588=CARTESIAN_POINT('',(-0.00141414009400355,0.0255475471256162,-0.0158610043266003));
#7589=CARTESIAN_POINT('',(-0.00136414009400358,0.0268596967543539,-0.0145488546978626));
#7590=CARTESIAN_POINT('',(-0.00131414009400355,0.0268596967543539,-0.0126931948970389));
#7591=CARTESIAN_POINT('',(-0.00126414009400356,0.0268596967543539,-0.0108375350962152));
#7592=CARTESIAN_POINT('',(-0.00121414009400355,0.0255475471256162,-0.00952538546747756));
#7593=CARTESIAN_POINT('',(-0.00116414009400353,0.0242353974968785,-0.00821323583873988));
#7594=CARTESIAN_POINT('',(-0.00111414009400355,0.0223797376960549,-0.00821323583873988));
#7595=CARTESIAN_POINT('',(-0.00106414009400356,0.0205240778952312,-0.00821323583873988));
#7596=CARTESIAN_POINT('',(-0.00101414009400355,0.0192119282664935,-0.00952538546747756));
#7597=CARTESIAN_POINT('',(-0.000964140094003539,0.0178997786377559,-0.0108375350962152));
#7598=CARTESIAN_POINT('',(-0.000914140094003552,0.0178997786377559,-0.0126931948970389));
#7599=CARTESIAN_POINT('',(-0.00086414009400355,0.0178997786377559,-0.0145488546978626));
#7600=CARTESIAN_POINT('',(-0.000814140094003549,0.0192119282664935,-0.0158610043266003));
#7601=CARTESIAN_POINT('',(-0.000764140094003536,0.0205240778952312,-0.0171731539553379));
#7602=CARTESIAN_POINT('',(-0.00071414009400355,0.0223797376960549,-0.0171731539553379));
#7603=CARTESIAN_POINT('',(-0.000664140094003546,0.0242353974968785,-0.0171731539553379));
#7604=CARTESIAN_POINT('',(-0.000614140094003551,0.0255475471256162,-0.0158610043266003));
#7605=CARTESIAN_POINT('',(-0.000564140094003556,0.0268596967543539,-0.0145488546978626));
#7606=CARTESIAN_POINT('',(-0.000514140094003551,0.0268596967543539,-0.0126931948970389));
#7607=CARTESIAN_POINT('',(-0.000464140094003545,0.0268596967543539,-0.0108375350962152));
#7608=CARTESIAN_POINT('',(-0.000414140094003552,0.0255475471256162,-0.00952538546747756));
#7609=CARTESIAN_POINT('',(-0.000364140094003553,0.0242353974968785,-0.00821323583873988));
#7610=CARTESIAN_POINT('',(-0.00031414009400355,0.0223797376960549,-0.00821323583873988));
#7611=CARTESIAN_POINT('',(-0.000264140094003539,0.0205240778952312,-0.00821323583873988));
#7612=CARTESIAN_POINT('',(-0.000214140094003552,0.0192119282664935,-0.00952538546747756));
#7613=CARTESIAN_POINT('',(-0.000164140094003551,0.0178997786377559,-0.0108375350962152));
#7614=CARTESIAN_POINT('',(-0.00011414009400355,0.0178997786377559,-0.0126931948970389));
#7615=CARTESIAN_POINT('',(-6.41400940035386E-5,0.0178997786377559,-0.0145488546978626));
#7616=CARTESIAN_POINT('',(-1.41400940035508E-5,0.0192119282664935,-0.0158610043266003));
#7617=CARTESIAN_POINT('',(3.58599059964518E-5,0.0205240778952312,-0.0171731539553379));
#7618=CARTESIAN_POINT('',(8.58599059964486E-5,0.0223797376960549,-0.0171731539553379));
#7619=CARTESIAN_POINT('',(0.000135859905996444,0.0242353974968785,-0.0171731539553379));
#7620=CARTESIAN_POINT('',(0.00018585990599645,0.0255475471256162,-0.0158610043266003));
#7621=CARTESIAN_POINT('',(0.000235859905996455,0.0268596967543539,-0.0145488546978626));
#7622=CARTESIAN_POINT('',(0.000285859905996449,0.0268596967543539,-0.0126931948970389));
#7623=CARTESIAN_POINT('',(0.000335859905996445,0.0268596967543539,-0.0108375350962152));
#7624=CARTESIAN_POINT('',(0.000385859905996448,0.0255475471256162,-0.00952538546747756));
#7625=CARTESIAN_POINT('',(0.000435859905996458,0.0242353974968785,-0.00821323583873988));
#7626=CARTESIAN_POINT('',(0.00048585990599645,0.0223797376960549,-0.00821323583873988));
#7627=CARTESIAN_POINT('',(0.000535859905996451,0.0205240778952312,-0.00821323583873988));
#7628=CARTESIAN_POINT('',(0.000585859905996449,0.0192119282664935,-0.00952538546747756));
#7629=CARTESIAN_POINT('',(0.000635859905996461,0.0178997786377559,-0.0108375350962152));
#7630=CARTESIAN_POINT('',(0.000685859905996449,0.0178997786377559,-0.0126931948970389));
#7631=CARTESIAN_POINT('',(0.000735859905996451,0.0178997786377559,-0.0145488546978626));
#7632=CARTESIAN_POINT('',(0.00078585990599645,0.0192119282664935,-0.0158610043266003));
#7633=CARTESIAN_POINT('',(0.000835859905996444,0.0205240778952312,-0.0171731539553379));
#7634=CARTESIAN_POINT('',(0.000885859905996449,0.0223797376960549,-0.0171731539553379));
#7635=CARTESIAN_POINT('',(0.000935859905996454,0.0242353974968785,-0.0171731539553379));
#7636=CARTESIAN_POINT('',(0.00098585990599645,0.0255475471256162,-0.0158610043266003));
#7637=CARTESIAN_POINT('',(0.00103585990599644,0.0268596967543539,-0.0145488546978626));
#7638=CARTESIAN_POINT('',(0.00108585990599645,0.0268596967543539,-0.0126931948970389));
#7639=CARTESIAN_POINT('',(0.00113585990599646,0.0268596967543539,-0.0108375350962152));
#7640=CARTESIAN_POINT('',(0.00118585990599645,0.0255475471256162,-0.00952538546747756));
#7641=CARTESIAN_POINT('',(0.00123585990599645,0.0242353974968785,-0.00821323583873988));
#7642=CARTESIAN_POINT('',(0.00128585990599645,0.0223797376960549,-0.00821323583873988));
#7643=CARTESIAN_POINT('',(0.00133585990599646,0.0205240778952312,-0.00821323583873988));
#7644=CARTESIAN_POINT('',(0.00138585990599645,0.0192119282664935,-0.00952538546747756));
#7645=CARTESIAN_POINT('',(0.00143585990599645,0.0178997786377559,-0.0108375350962152));
#7646=CARTESIAN_POINT('',(0.00148585990599645,0.0178997786377559,-0.0126931948970389));
#7647=CARTESIAN_POINT('',(0.00153585990599644,0.0178997786377559,-0.0145488546978626));
#7648=CARTESIAN_POINT('',(0.00158585990599645,0.0192119282664935,-0.0158610043266003));
#7649=CARTESIAN_POINT('',(0.00163585990599645,0.0205240778952312,-0.0171731539553379));
#7650=CARTESIAN_POINT('',(0.00168585990599645,0.0223797376960549,-0.0171731539553379));
#7651=CARTESIAN_POINT('',(0.00173585990599644,0.0242353974968785,-0.0171731539553379));
#7652=CARTESIAN_POINT('',(0.00178585990599645,0.0255475471256162,-0.0158610043266003));
#7653=CARTESIAN_POINT('',(0.00183585990599645,0.0268596967543539,-0.0145488546978626));
#7654=CARTESIAN_POINT('',(0.00188585990599645,0.0268596967543539,-0.0126931948970389));
#7655=CARTESIAN_POINT('',(0.00193585990599645,0.0268596967543539,-0.0108375350962152));
#7656=CARTESIAN_POINT('',(0.00198585990599645,0.0255475471256162,-0.00952538546747756));
#7657=CARTESIAN_POINT('',(0.00203585990599646,0.0242353974968785,-0.00821323583873988));
#7658=CARTESIAN_POINT('',(0.00208585990599645,0.0223797376960549,-0.00821323583873988));
#7659=CARTESIAN_POINT('',(0.00213585990599645,0.0205240778952312,-0.00821323583873988));
#7660=CARTESIAN_POINT('',(0.00218585990599645,0.0192119282664935,-0.00952538546747756));
#7661=CARTESIAN_POINT('',(0.00223585990599644,0.0178997786377559,-0.0108375350962152));
#7662=CARTESIAN_POINT('',(0.00228585990599645,0.0178997786377559,-0.0126931948970389));
#7663=CARTESIAN_POINT('',(-0.00539035240038935,0.0263958545088045,-0.0145708492882952));
#7664=CARTESIAN_POINT('',(-0.00536134673637202,0.0268131089039118,-0.0136783834547599));
#7665=CARTESIAN_POINT('',(-0.00533452227857196,0.0268131089039118,-0.0126931948970389));
#7666=CARTESIAN_POINT('',(-0.00528452227857195,0.0268131089039118,-0.0108568324157102));
#7667=CARTESIAN_POINT('',(-0.00523452227857195,0.0255146045406477,-0.00955832805244609));
#7668=CARTESIAN_POINT('',(-0.00518452227857197,0.0242161001773836,-0.00825982368918201));
#7669=CARTESIAN_POINT('',(-0.00513452227857198,0.0223797376960548,-0.008259823689182));
#7670=CARTESIAN_POINT('',(-0.00508452227857199,0.0205433752147261,-0.00825982368918201));
#7671=CARTESIAN_POINT('',(-0.00503452227857197,0.0192448708514621,-0.00955832805244609));
#7672=CARTESIAN_POINT('',(-0.00498452227857197,0.017946366488198,-0.0108568324157102));
#7673=CARTESIAN_POINT('',(-0.00493452227857197,0.0179463664881979,-0.0126931948970389));
#7674=CARTESIAN_POINT('',(-0.00488452227857195,0.017946366488198,-0.0145295573783676));
#7675=CARTESIAN_POINT('',(-0.00483452227857196,0.0192448708514621,-0.0158280617416317));
#7676=CARTESIAN_POINT('',(-0.00478452227857197,0.0205433752147261,-0.0171265661048958));
#7677=CARTESIAN_POINT('',(-0.00473452227857196,0.0223797376960548,-0.0171265661048958));
#7678=CARTESIAN_POINT('',(-0.00468452227857195,0.0242161001773836,-0.0171265661048958));
#7679=CARTESIAN_POINT('',(-0.00463452227857195,0.0255146045406477,-0.0158280617416317));
#7680=CARTESIAN_POINT('',(-0.00458452227857196,0.0268131089039118,-0.0145295573783676));
#7681=CARTESIAN_POINT('',(-0.00453452227857198,0.0268131089039118,-0.0126931948970389));
#7682=CARTESIAN_POINT('',(-0.00448452227857194,0.0268131089039118,-0.0108568324157102));
#7683=CARTESIAN_POINT('',(-0.00443452227857197,0.0255146045406477,-0.00955832805244609));
#7684=CARTESIAN_POINT('',(-0.00438452227857196,0.0242161001773836,-0.00825982368918201));
#7685=CARTESIAN_POINT('',(-0.00433452227857197,0.0223797376960548,-0.008259823689182));
#7686=CARTESIAN_POINT('',(-0.00428452227857193,0.0205433752147261,-0.00825982368918201));
#7687=CARTESIAN_POINT('',(-0.00423452227857196,0.0192448708514621,-0.00955832805244609));
#7688=CARTESIAN_POINT('',(-0.00418452227857196,0.017946366488198,-0.0108568324157102));
#7689=CARTESIAN_POINT('',(-0.00413452227857195,0.0179463664881979,-0.0126931948970389));
#7690=CARTESIAN_POINT('',(-0.00408452227857198,0.017946366488198,-0.0145295573783676));
#7691=CARTESIAN_POINT('',(-0.00403452227857198,0.0192448708514621,-0.0158280617416317));
#7692=CARTESIAN_POINT('',(-0.00398452227857196,0.0205433752147261,-0.0171265661048958));
#7693=CARTESIAN_POINT('',(-0.00393452227857198,0.0223797376960548,-0.0171265661048958));
#7694=CARTESIAN_POINT('',(-0.00388452227857194,0.0242161001773836,-0.0171265661048958));
#7695=CARTESIAN_POINT('',(-0.00383452227857197,0.0255146045406477,-0.0158280617416317));
#7696=CARTESIAN_POINT('',(-0.00378452227857195,0.0268131089039118,-0.0145295573783676));
#7697=CARTESIAN_POINT('',(-0.003734522278572,0.0268131089039118,-0.0126931948970389));
#7698=CARTESIAN_POINT('',(-0.00368452227857194,0.0268131089039118,-0.0108568324157102));
#7699=CARTESIAN_POINT('',(-0.00363452227857196,0.0255146045406477,-0.00955832805244609));
#7700=CARTESIAN_POINT('',(-0.00358452227857194,0.0242161001773836,-0.00825982368918201));
#7701=CARTESIAN_POINT('',(-0.00353452227857195,0.0223797376960548,-0.008259823689182));
#7702=CARTESIAN_POINT('',(-0.00348452227857197,0.0205433752147261,-0.00825982368918201));
#7703=CARTESIAN_POINT('',(-0.00343452227857195,0.0192448708514621,-0.00955832805244609));
#7704=CARTESIAN_POINT('',(-0.00338452227857195,0.017946366488198,-0.0108568324157102));
#7705=CARTESIAN_POINT('',(-0.00333452227857197,0.0179463664881979,-0.0126931948970389));
#7706=CARTESIAN_POINT('',(-0.00328452227857196,0.017946366488198,-0.0145295573783676));
#7707=CARTESIAN_POINT('',(-0.00323452227857197,0.0192448708514621,-0.0158280617416317));
#7708=CARTESIAN_POINT('',(-0.00318452227857199,0.0205433752147261,-0.0171265661048958));
#7709=CARTESIAN_POINT('',(-0.00313452227857196,0.0223797376960548,-0.0171265661048958));
#7710=CARTESIAN_POINT('',(-0.00308452227857196,0.0242161001773836,-0.0171265661048958));
#7711=CARTESIAN_POINT('',(-0.00303452227857196,0.0255146045406477,-0.0158280617416317));
#7712=CARTESIAN_POINT('',(-0.00298452227857194,0.0268131089039118,-0.0145295573783676));
#7713=CARTESIAN_POINT('',(-0.00293452227857198,0.0268131089039118,-0.0126931948970389));
#7714=CARTESIAN_POINT('',(-0.00288452227857196,0.0268131089039118,-0.0108568324157102));
#7715=CARTESIAN_POINT('',(-0.00283452227857194,0.0255146045406477,-0.00955832805244609));
#7716=CARTESIAN_POINT('',(-0.00278452227857194,0.0242161001773836,-0.00825982368918201));
#7717=CARTESIAN_POINT('',(-0.00273452227857197,0.0223797376960548,-0.008259823689182));
#7718=CARTESIAN_POINT('',(-0.00268452227857196,0.0205433752147261,-0.00825982368918201));
#7719=CARTESIAN_POINT('',(-0.00263452227857196,0.0192448708514621,-0.00955832805244609));
#7720=CARTESIAN_POINT('',(-0.00258452227857196,0.017946366488198,-0.0108568324157102));
#7721=CARTESIAN_POINT('',(-0.00253452227857196,0.0179463664881979,-0.0126931948970389));
#7722=CARTESIAN_POINT('',(-0.00248452227857196,0.017946366488198,-0.0145295573783676));
#7723=CARTESIAN_POINT('',(-0.00243452227857195,0.0192448708514621,-0.0158280617416317));
#7724=CARTESIAN_POINT('',(-0.00238452227857195,0.0205433752147261,-0.0171265661048958));
#7725=CARTESIAN_POINT('',(-0.00233452227857195,0.0223797376960548,-0.0171265661048958));
#7726=CARTESIAN_POINT('',(-0.00228452227857196,0.0242161001773836,-0.0171265661048958));
#7727=CARTESIAN_POINT('',(-0.00223452227857194,0.0255146045406477,-0.0158280617416317));
#7728=CARTESIAN_POINT('',(-0.00218452227857195,0.0268131089039118,-0.0145295573783676));
#7729=CARTESIAN_POINT('',(-0.00213452227857197,0.0268131089039118,-0.0126931948970389));
#7730=CARTESIAN_POINT('',(-0.00208452227857195,0.0268131089039118,-0.0108568324157102));
#7731=CARTESIAN_POINT('',(-0.00203452227857196,0.0255146045406477,-0.00955832805244609));
#7732=CARTESIAN_POINT('',(-0.00198452227857195,0.0242161001773836,-0.00825982368918201));
#7733=CARTESIAN_POINT('',(-0.00193452227857195,0.0223797376960548,-0.008259823689182));
#7734=CARTESIAN_POINT('',(-0.00188452227857197,0.0205433752147261,-0.00825982368918201));
#7735=CARTESIAN_POINT('',(-0.00183452227857198,0.0192448708514621,-0.00955832805244609));
#7736=CARTESIAN_POINT('',(-0.00178452227857197,0.017946366488198,-0.0108568324157102));
#7737=CARTESIAN_POINT('',(-0.00173452227857194,0.0179463664881979,-0.0126931948970389));
#7738=CARTESIAN_POINT('',(-0.00168452227857195,0.017946366488198,-0.0145295573783676));
#7739=CARTESIAN_POINT('',(-0.00163452227857197,0.0192448708514621,-0.0158280617416317));
#7740=CARTESIAN_POINT('',(-0.00158452227857196,0.0205433752147261,-0.0171265661048958));
#7741=CARTESIAN_POINT('',(-0.00153452227857196,0.0223797376960548,-0.0171265661048958));
#7742=CARTESIAN_POINT('',(-0.00148452227857196,0.0242161001773836,-0.0171265661048958));
#7743=CARTESIAN_POINT('',(-0.00143452227857196,0.0255146045406477,-0.0158280617416317));
#7744=CARTESIAN_POINT('',(-0.00138452227857196,0.0268131089039118,-0.0145295573783676));
#7745=CARTESIAN_POINT('',(-0.00133452227857197,0.0268131089039118,-0.0126931948970389));
#7746=CARTESIAN_POINT('',(-0.00128452227857196,0.0268131089039118,-0.0108568324157102));
#7747=CARTESIAN_POINT('',(-0.00123452227857196,0.0255146045406477,-0.00955832805244609));
#7748=CARTESIAN_POINT('',(-0.00118452227857196,0.0242161001773836,-0.00825982368918201));
#7749=CARTESIAN_POINT('',(-0.00113452227857198,0.0223797376960548,-0.008259823689182));
#7750=CARTESIAN_POINT('',(-0.00108452227857196,0.0205433752147261,-0.00825982368918201));
#7751=CARTESIAN_POINT('',(-0.00103452227857197,0.0192448708514621,-0.00955832805244609));
#7752=CARTESIAN_POINT('',(-0.000984522278571956,0.017946366488198,-0.0108568324157102));
#7753=CARTESIAN_POINT('',(-0.000934522278571961,0.0179463664881979,-0.0126931948970389));
#7754=CARTESIAN_POINT('',(-0.000884522278571955,0.017946366488198,-0.0145295573783676));
#7755=CARTESIAN_POINT('',(-0.000834522278571973,0.0192448708514621,-0.0158280617416317));
#7756=CARTESIAN_POINT('',(-0.000784522278571955,0.0205433752147261,-0.0171265661048958));
#7757=CARTESIAN_POINT('',(-0.000734522278571965,0.0223797376960548,-0.0171265661048958));
#7758=CARTESIAN_POINT('',(-0.000684522278571955,0.0242161001773836,-0.0171265661048958));
#7759=CARTESIAN_POINT('',(-0.000634522278571978,0.0255146045406477,-0.0158280617416317));
#7760=CARTESIAN_POINT('',(-0.000584522278571971,0.0268131089039118,-0.0145295573783676));
#7761=CARTESIAN_POINT('',(-0.000534522278571953,0.0268131089039118,-0.0126931948970389));
#7762=CARTESIAN_POINT('',(-0.000484522278571971,0.0268131089039118,-0.0108568324157102));
#7763=CARTESIAN_POINT('',(-0.000434522278571965,0.0255146045406477,-0.00955832805244609));
#7764=CARTESIAN_POINT('',(-0.000384522278571968,0.0242161001773836,-0.00825982368918201));
#7765=CARTESIAN_POINT('',(-0.000334522278571961,0.0223797376960548,-0.008259823689182));
#7766=CARTESIAN_POINT('',(-0.000284522278571968,0.0205433752147261,-0.00825982368918201));
#7767=CARTESIAN_POINT('',(-0.000234522278571968,0.0192448708514621,-0.00955832805244609));
#7768=CARTESIAN_POINT('',(-0.000184522278571968,0.017946366488198,-0.0108568324157102));
#7769=CARTESIAN_POINT('',(-0.000134522278571966,0.0179463664881979,-0.0126931948970389));
#7770=CARTESIAN_POINT('',(-8.4522278571965E-5,0.017946366488198,-0.0145295573783676));
#7771=CARTESIAN_POINT('',(-3.45222785719753E-5,0.0192448708514621,-0.0158280617416317));
#7772=CARTESIAN_POINT('',(1.5477721428035E-5,0.0205433752147261,-0.0171265661048958));
#7773=CARTESIAN_POINT('',(6.54777214280323E-5,0.0223797376960548,-0.0171265661048958));
#7774=CARTESIAN_POINT('',(0.000115477721428035,0.0242161001773836,-0.0171265661048958));
#7775=CARTESIAN_POINT('',(0.000165477721428037,0.0255146045406477,-0.0158280617416317));
#7776=CARTESIAN_POINT('',(0.000215477721428035,0.0268131089039118,-0.0145295573783676));
#7777=CARTESIAN_POINT('',(0.000265477721428027,0.0268131089039118,-0.0126931948970389));
#7778=CARTESIAN_POINT('',(0.000315477721428038,0.0268131089039118,-0.0108568324157102));
#7779=CARTESIAN_POINT('',(0.000365477721428033,0.0255146045406477,-0.00955832805244609));
#7780=CARTESIAN_POINT('',(0.000415477721428041,0.0242161001773836,-0.00825982368918201));
#7781=CARTESIAN_POINT('',(0.000465477721428023,0.0223797376960548,-0.008259823689182));
#7782=CARTESIAN_POINT('',(0.000515477721428041,0.0205433752147261,-0.00825982368918201));
#7783=CARTESIAN_POINT('',(0.000565477721428027,0.0192448708514621,-0.00955832805244609));
#7784=CARTESIAN_POINT('',(0.000615477721428041,0.017946366488198,-0.0108568324157102));
#7785=CARTESIAN_POINT('',(0.000665477721428035,0.0179463664881979,-0.0126931948970389));
#7786=CARTESIAN_POINT('',(0.000715477721428022,0.017946366488198,-0.0145295573783676));
#7787=CARTESIAN_POINT('',(0.000765477721428039,0.0192448708514621,-0.0158280617416317));
#7788=CARTESIAN_POINT('',(0.000815477721428044,0.0205433752147261,-0.0171265661048958));
#7789=CARTESIAN_POINT('',(0.000865477721428027,0.0223797376960548,-0.0171265661048958));
#7790=CARTESIAN_POINT('',(0.000915477721428047,0.0242161001773836,-0.0171265661048958));
#7791=CARTESIAN_POINT('',(0.000965477721428034,0.0255146045406477,-0.0158280617416317));
#7792=CARTESIAN_POINT('',(0.00101547772142803,0.0268131089039118,-0.0145295573783676));
#7793=CARTESIAN_POINT('',(0.00106547772142803,0.0268131089039118,-0.0126931948970389));
#7794=CARTESIAN_POINT('',(0.00111547772142803,0.0268131089039118,-0.0108568324157102));
#7795=CARTESIAN_POINT('',(0.00116547772142803,0.0255146045406477,-0.00955832805244609));
#7796=CARTESIAN_POINT('',(0.00121547772142803,0.0242161001773836,-0.00825982368918201));
#7797=CARTESIAN_POINT('',(0.00126547772142804,0.0223797376960548,-0.008259823689182));
#7798=CARTESIAN_POINT('',(0.00131547772142803,0.0205433752147261,-0.00825982368918201));
#7799=CARTESIAN_POINT('',(0.00136547772142802,0.0192448708514621,-0.00955832805244609));
#7800=CARTESIAN_POINT('',(0.00141547772142803,0.017946366488198,-0.0108568324157102));
#7801=CARTESIAN_POINT('',(0.00146547772142803,0.0179463664881979,-0.0126931948970389));
#7802=CARTESIAN_POINT('',(0.00151547772142804,0.017946366488198,-0.0145295573783676));
#7803=CARTESIAN_POINT('',(0.00156547772142804,0.0192448708514621,-0.0158280617416317));
#7804=CARTESIAN_POINT('',(0.00161547772142804,0.0205433752147261,-0.0171265661048958));
#7805=CARTESIAN_POINT('',(0.00166547772142803,0.0223797376960548,-0.0171265661048958));
#7806=CARTESIAN_POINT('',(0.00171547772142804,0.0242161001773836,-0.0171265661048958));
#7807=CARTESIAN_POINT('',(0.00176547772142804,0.0255146045406477,-0.0158280617416317));
#7808=CARTESIAN_POINT('',(0.00181547772142803,0.0268131089039118,-0.0145295573783676));
#7809=CARTESIAN_POINT('',(0.00186547772142802,0.0268131089039118,-0.0126931948970389));
#7810=CARTESIAN_POINT('',(0.00191547772142804,0.0268131089039118,-0.0108568324157102));
#7811=CARTESIAN_POINT('',(0.00196547772142803,0.0255146045406477,-0.00955832805244609));
#7812=CARTESIAN_POINT('',(0.00201547772142804,0.0242161001773836,-0.00825982368918201));
#7813=CARTESIAN_POINT('',(0.00206547772142803,0.0223797376960548,-0.008259823689182));
#7814=CARTESIAN_POINT('',(0.00211547772142804,0.0205433752147261,-0.00825982368918201));
#7815=CARTESIAN_POINT('',(0.00216547772142803,0.0192448708514621,-0.00955832805244609));
#7816=CARTESIAN_POINT('',(0.00221547772142804,0.017946366488198,-0.0108568324157102));
#7817=CARTESIAN_POINT('',(0.00226547772142803,0.0179463664881979,-0.0126931948970389));
#7818=CARTESIAN_POINT('',(-0.00544120376474273,0.0263958545088045,-0.0145708492882952));
#7819=CARTESIAN_POINT('',(-0.00541219810072542,0.0268131089039118,-0.0136783834547599));
#7820=CARTESIAN_POINT('',(-0.00538537364292535,0.0268131089039118,-0.0126931948970389));
#7821=CARTESIAN_POINT('',(-0.00533537364292531,0.0268131089039118,-0.0108568324157102));
#7822=CARTESIAN_POINT('',(-0.00528537364292534,0.0255146045406477,-0.00955832805244609));
#7823=CARTESIAN_POINT('',(-0.00523537364292533,0.0242161001773836,-0.00825982368918201));
#7824=CARTESIAN_POINT('',(-0.00518537364292533,0.0223797376960548,-0.008259823689182));
#7825=CARTESIAN_POINT('',(-0.00513537364292535,0.0205433752147261,-0.00825982368918201));
#7826=CARTESIAN_POINT('',(-0.00508537364292533,0.0192448708514621,-0.00955832805244609));
#7827=CARTESIAN_POINT('',(-0.00503537364292533,0.017946366488198,-0.0108568324157102));
#7828=CARTESIAN_POINT('',(-0.00498537364292535,0.0179463664881979,-0.0126931948970389));
#7829=CARTESIAN_POINT('',(-0.00493537364292531,0.017946366488198,-0.0145295573783676));
#7830=CARTESIAN_POINT('',(-0.00488537364292531,0.0192448708514621,-0.0158280617416317));
#7831=CARTESIAN_POINT('',(-0.00483537364292532,0.0205433752147261,-0.0171265661048958));
#7832=CARTESIAN_POINT('',(-0.00478537364292534,0.0223797376960548,-0.0171265661048958));
#7833=CARTESIAN_POINT('',(-0.00473537364292531,0.0242161001773836,-0.0171265661048958));
#7834=CARTESIAN_POINT('',(-0.00468537364292534,0.0255146045406477,-0.0158280617416317));
#7835=CARTESIAN_POINT('',(-0.00463537364292532,0.0268131089039118,-0.0145295573783676));
#7836=CARTESIAN_POINT('',(-0.00458537364292533,0.0268131089039118,-0.0126931948970389));
#7837=CARTESIAN_POINT('',(-0.00453537364292534,0.0268131089039118,-0.0108568324157102));
#7838=CARTESIAN_POINT('',(-0.00448537364292532,0.0255146045406477,-0.00955832805244609));
#7839=CARTESIAN_POINT('',(-0.00443537364292532,0.0242161001773836,-0.00825982368918201));
#7840=CARTESIAN_POINT('',(-0.00438537364292532,0.0223797376960548,-0.008259823689182));
#7841=CARTESIAN_POINT('',(-0.00433537364292534,0.0205433752147261,-0.00825982368918201));
#7842=CARTESIAN_POINT('',(-0.00428537364292535,0.0192448708514621,-0.00955832805244609));
#7843=CARTESIAN_POINT('',(-0.00423537364292536,0.017946366488198,-0.0108568324157102));
#7844=CARTESIAN_POINT('',(-0.00418537364292534,0.0179463664881979,-0.0126931948970389));
#7845=CARTESIAN_POINT('',(-0.00413537364292534,0.017946366488198,-0.0145295573783676));
#7846=CARTESIAN_POINT('',(-0.00408537364292533,0.0192448708514621,-0.0158280617416317));
#7847=CARTESIAN_POINT('',(-0.00403537364292532,0.0205433752147261,-0.0171265661048958));
#7848=CARTESIAN_POINT('',(-0.00398537364292533,0.0223797376960548,-0.0171265661048958));
#7849=CARTESIAN_POINT('',(-0.00393537364292534,0.0242161001773836,-0.0171265661048958));
#7850=CARTESIAN_POINT('',(-0.00388537364292536,0.0255146045406477,-0.0158280617416317));
#7851=CARTESIAN_POINT('',(-0.00383537364292532,0.0268131089039118,-0.0145295573783676));
#7852=CARTESIAN_POINT('',(-0.00378537364292532,0.0268131089039118,-0.0126931948970389));
#7853=CARTESIAN_POINT('',(-0.00373537364292533,0.0268131089039118,-0.0108568324157102));
#7854=CARTESIAN_POINT('',(-0.00368537364292534,0.0255146045406477,-0.00955832805244609));
#7855=CARTESIAN_POINT('',(-0.00363537364292531,0.0242161001773836,-0.00825982368918201));
#7856=CARTESIAN_POINT('',(-0.00358537364292534,0.0223797376960548,-0.008259823689182));
#7857=CARTESIAN_POINT('',(-0.00353537364292533,0.0205433752147261,-0.00825982368918201));
#7858=CARTESIAN_POINT('',(-0.00348537364292533,0.0192448708514621,-0.00955832805244609));
#7859=CARTESIAN_POINT('',(-0.00343537364292531,0.017946366488198,-0.0108568324157102));
#7860=CARTESIAN_POINT('',(-0.00338537364292533,0.0179463664881979,-0.0126931948970389));
#7861=CARTESIAN_POINT('',(-0.00333537364292532,0.017946366488198,-0.0145295573783676));
#7862=CARTESIAN_POINT('',(-0.00328537364292532,0.0192448708514621,-0.0158280617416317));
#7863=CARTESIAN_POINT('',(-0.00323537364292535,0.0205433752147261,-0.0171265661048958));
#7864=CARTESIAN_POINT('',(-0.00318537364292531,0.0223797376960548,-0.0171265661048958));
#7865=CARTESIAN_POINT('',(-0.00313537364292533,0.0242161001773836,-0.0171265661048958));
#7866=CARTESIAN_POINT('',(-0.00308537364292534,0.0255146045406477,-0.0158280617416317));
#7867=CARTESIAN_POINT('',(-0.00303537364292531,0.0268131089039118,-0.0145295573783676));
#7868=CARTESIAN_POINT('',(-0.00298537364292533,0.0268131089039118,-0.0126931948970389));
#7869=CARTESIAN_POINT('',(-0.00293537364292532,0.0268131089039118,-0.0108568324157102));
#7870=CARTESIAN_POINT('',(-0.00288537364292533,0.0255146045406477,-0.00955832805244609));
#7871=CARTESIAN_POINT('',(-0.00283537364292533,0.0242161001773836,-0.00825982368918201));
#7872=CARTESIAN_POINT('',(-0.00278537364292536,0.0223797376960548,-0.008259823689182));
#7873=CARTESIAN_POINT('',(-0.00273537364292534,0.0205433752147261,-0.00825982368918201));
#7874=CARTESIAN_POINT('',(-0.00268537364292532,0.0192448708514621,-0.00955832805244609));
#7875=CARTESIAN_POINT('',(-0.00263537364292533,0.017946366488198,-0.0108568324157102));
#7876=CARTESIAN_POINT('',(-0.00258537364292534,0.0179463664881979,-0.0126931948970389));
#7877=CARTESIAN_POINT('',(-0.00253537364292533,0.017946366488198,-0.0145295573783676));
#7878=CARTESIAN_POINT('',(-0.00248537364292534,0.0192448708514621,-0.0158280617416317));
#7879=CARTESIAN_POINT('',(-0.00243537364292533,0.0205433752147261,-0.0171265661048958));
#7880=CARTESIAN_POINT('',(-0.00238537364292533,0.0223797376960548,-0.0171265661048958));
#7881=CARTESIAN_POINT('',(-0.00233537364292533,0.0242161001773836,-0.0171265661048958));
#7882=CARTESIAN_POINT('',(-0.00228537364292533,0.0255146045406477,-0.0158280617416317));
#7883=CARTESIAN_POINT('',(-0.00223537364292533,0.0268131089039118,-0.0145295573783676));
#7884=CARTESIAN_POINT('',(-0.00218537364292532,0.0268131089039118,-0.0126931948970389));
#7885=CARTESIAN_POINT('',(-0.00213537364292533,0.0268131089039118,-0.0108568324157102));
#7886=CARTESIAN_POINT('',(-0.00208537364292534,0.0255146045406477,-0.00955832805244609));
#7887=CARTESIAN_POINT('',(-0.00203537364292533,0.0242161001773836,-0.00825982368918201));
#7888=CARTESIAN_POINT('',(-0.00198537364292534,0.0223797376960548,-0.008259823689182));
#7889=CARTESIAN_POINT('',(-0.00193537364292533,0.0205433752147261,-0.00825982368918201));
#7890=CARTESIAN_POINT('',(-0.00188537364292534,0.0192448708514621,-0.00955832805244609));
#7891=CARTESIAN_POINT('',(-0.00183537364292533,0.017946366488198,-0.0108568324157102));
#7892=CARTESIAN_POINT('',(-0.00178537364292533,0.0179463664881979,-0.0126931948970389));
#7893=CARTESIAN_POINT('',(-0.00173537364292533,0.017946366488198,-0.0145295573783676));
#7894=CARTESIAN_POINT('',(-0.00168537364292536,0.0192448708514621,-0.0158280617416317));
#7895=CARTESIAN_POINT('',(-0.00163537364292532,0.0205433752147261,-0.0171265661048958));
#7896=CARTESIAN_POINT('',(-0.00158537364292532,0.0223797376960548,-0.0171265661048958));
#7897=CARTESIAN_POINT('',(-0.00153537364292534,0.0242161001773836,-0.0171265661048958));
#7898=CARTESIAN_POINT('',(-0.00148537364292534,0.0255146045406477,-0.0158280617416317));
#7899=CARTESIAN_POINT('',(-0.00143537364292534,0.0268131089039118,-0.0145295573783676));
#7900=CARTESIAN_POINT('',(-0.00138537364292534,0.0268131089039118,-0.0126931948970389));
#7901=CARTESIAN_POINT('',(-0.00133537364292532,0.0268131089039118,-0.0108568324157102));
#7902=CARTESIAN_POINT('',(-0.00128537364292533,0.0255146045406477,-0.00955832805244609));
#7903=CARTESIAN_POINT('',(-0.00123537364292534,0.0242161001773836,-0.00825982368918201));
#7904=CARTESIAN_POINT('',(-0.00118537364292534,0.0223797376960548,-0.008259823689182));
#7905=CARTESIAN_POINT('',(-0.00113537364292534,0.0205433752147261,-0.00825982368918201));
#7906=CARTESIAN_POINT('',(-0.00108537364292533,0.0192448708514621,-0.00955832805244609));
#7907=CARTESIAN_POINT('',(-0.00103537364292534,0.017946366488198,-0.0108568324157102));
#7908=CARTESIAN_POINT('',(-0.000985373642925334,0.0179463664881979,-0.0126931948970389));
#7909=CARTESIAN_POINT('',(-0.000935373642925337,0.017946366488198,-0.0145295573783676));
#7910=CARTESIAN_POINT('',(-0.000885373642925342,0.0192448708514621,-0.0158280617416317));
#7911=CARTESIAN_POINT('',(-0.000835373642925336,0.0205433752147261,-0.0171265661048958));
#7912=CARTESIAN_POINT('',(-0.000785373642925352,0.0223797376960548,-0.0171265661048958));
#7913=CARTESIAN_POINT('',(-0.000735373642925333,0.0242161001773836,-0.0171265661048958));
#7914=CARTESIAN_POINT('',(-0.00068537364292533,0.0255146045406477,-0.0158280617416317));
#7915=CARTESIAN_POINT('',(-0.00063537364292533,0.0268131089039118,-0.0145295573783676));
#7916=CARTESIAN_POINT('',(-0.00058537364292534,0.0268131089039118,-0.0126931948970389));
#7917=CARTESIAN_POINT('',(-0.000535373642925334,0.0268131089039118,-0.0108568324157102));
#7918=CARTESIAN_POINT('',(-0.000485373642925335,0.0255146045406477,-0.00955832805244609));
#7919=CARTESIAN_POINT('',(-0.000435373642925327,0.0242161001773836,-0.00825982368918201));
#7920=CARTESIAN_POINT('',(-0.000385373642925345,0.0223797376960548,-0.008259823689182));
#7921=CARTESIAN_POINT('',(-0.000335373642925328,0.0205433752147261,-0.00825982368918201));
#7922=CARTESIAN_POINT('',(-0.000285373642925337,0.0192448708514621,-0.00955832805244609));
#7923=CARTESIAN_POINT('',(-0.000235373642925328,0.017946366488198,-0.0108568324157102));
#7924=CARTESIAN_POINT('',(-0.00018537364292535,0.0179463664881979,-0.0126931948970389));
#7925=CARTESIAN_POINT('',(-0.000135373642925324,0.017946366488198,-0.0145295573783676));
#7926=CARTESIAN_POINT('',(-8.53736429253419E-5,0.0192448708514621,-0.0158280617416317));
#7927=CARTESIAN_POINT('',(-3.53736429253432E-5,0.0205433752147261,-0.0171265661048958));
#7928=CARTESIAN_POINT('',(1.46263570746627E-5,0.0223797376960548,-0.0171265661048958));
#7929=CARTESIAN_POINT('',(6.46263570746567E-5,0.0242161001773836,-0.0171265661048958));
#7930=CARTESIAN_POINT('',(0.000114626357074668,0.0255146045406477,-0.0158280617416317));
#7931=CARTESIAN_POINT('',(0.00016462635707466,0.0268131089039118,-0.0145295573783676));
#7932=CARTESIAN_POINT('',(0.000214626357074658,0.0268131089039118,-0.0126931948970389));
#7933=CARTESIAN_POINT('',(0.00026462635707466,0.0268131089039118,-0.0108568324157102));
#7934=CARTESIAN_POINT('',(0.000314626357074665,0.0255146045406477,-0.00955832805244609));
#7935=CARTESIAN_POINT('',(0.000364626357074663,0.0242161001773836,-0.00825982368918201));
#7936=CARTESIAN_POINT('',(0.000414626357074656,0.0223797376960548,-0.008259823689182));
#7937=CARTESIAN_POINT('',(0.000464626357074663,0.0205433752147261,-0.00825982368918201));
#7938=CARTESIAN_POINT('',(0.000514626357074658,0.0192448708514621,-0.00955832805244609));
#7939=CARTESIAN_POINT('',(0.000564626357074663,0.017946366488198,-0.0108568324157102));
#7940=CARTESIAN_POINT('',(0.000614626357074666,0.0179463664881979,-0.0126931948970389));
#7941=CARTESIAN_POINT('',(0.000664626357074663,0.017946366488198,-0.0145295573783676));
#7942=CARTESIAN_POINT('',(0.000714626357074656,0.0192448708514621,-0.0158280617416317));
#7943=CARTESIAN_POINT('',(0.000764626357074666,0.0205433752147261,-0.0171265661048958));
#7944=CARTESIAN_POINT('',(0.000814626357074661,0.0223797376960548,-0.0171265661048958));
#7945=CARTESIAN_POINT('',(0.000864626357074666,0.0242161001773836,-0.0171265661048958));
#7946=CARTESIAN_POINT('',(0.000914626357074669,0.0255146045406477,-0.0158280617416317));
#7947=CARTESIAN_POINT('',(0.000964626357074666,0.0268131089039118,-0.0145295573783676));
#7948=CARTESIAN_POINT('',(0.00101462635707466,0.0268131089039118,-0.0126931948970389));
#7949=CARTESIAN_POINT('',(0.00106462635707467,0.0268131089039118,-0.0108568324157102));
#7950=CARTESIAN_POINT('',(0.00111462635707466,0.0255146045406477,-0.00955832805244609));
#7951=CARTESIAN_POINT('',(0.00116462635707467,0.0242161001773836,-0.00825982368918201));
#7952=CARTESIAN_POINT('',(0.00121462635707467,0.0223797376960548,-0.008259823689182));
#7953=CARTESIAN_POINT('',(0.00126462635707467,0.0205433752147261,-0.00825982368918201));
#7954=CARTESIAN_POINT('',(0.00131462635707466,0.0192448708514621,-0.00955832805244609));
#7955=CARTESIAN_POINT('',(0.00136462635707467,0.017946366488198,-0.0108568324157102));
#7956=CARTESIAN_POINT('',(0.00141462635707467,0.0179463664881979,-0.0126931948970389));
#7957=CARTESIAN_POINT('',(0.00146462635707467,0.017946366488198,-0.0145295573783676));
#7958=CARTESIAN_POINT('',(0.00151462635707465,0.0192448708514621,-0.0158280617416317));
#7959=CARTESIAN_POINT('',(0.00156462635707466,0.0205433752147261,-0.0171265661048958));
#7960=CARTESIAN_POINT('',(0.00161462635707466,0.0223797376960548,-0.0171265661048958));
#7961=CARTESIAN_POINT('',(0.00166462635707466,0.0242161001773836,-0.0171265661048958));
#7962=CARTESIAN_POINT('',(0.00171462635707466,0.0255146045406477,-0.0158280617416317));
#7963=CARTESIAN_POINT('',(0.00176462635707466,0.0268131089039118,-0.0145295573783676));
#7964=CARTESIAN_POINT('',(0.00181462635707465,0.0268131089039118,-0.0126931948970389));
#7965=CARTESIAN_POINT('',(0.00186462635707466,0.0268131089039118,-0.0108568324157102));
#7966=CARTESIAN_POINT('',(0.00191462635707466,0.0255146045406477,-0.00955832805244609));
#7967=CARTESIAN_POINT('',(0.00196462635707466,0.0242161001773836,-0.00825982368918201));
#7968=CARTESIAN_POINT('',(0.00201462635707466,0.0223797376960548,-0.008259823689182));
#7969=CARTESIAN_POINT('',(0.00206462635707466,0.0205433752147261,-0.00825982368918201));
#7970=CARTESIAN_POINT('',(0.00211462635707465,0.0192448708514621,-0.00955832805244609));
#7971=CARTESIAN_POINT('',(0.00216462635707466,0.017946366488198,-0.0108568324157102));
#7972=CARTESIAN_POINT('',(0.00221462635707466,0.0179463664881979,-0.0126931948970389));
#7973=CARTESIAN_POINT('',(-0.00546158594931116,0.0264380576631668,-0.0145905805216751));
#7974=CARTESIAN_POINT('',(-0.00543258028529384,0.0268596967543539,-0.0136887362574088));
#7975=CARTESIAN_POINT('',(-0.00540575582749375,0.0268596967543539,-0.0126931948970389));
#7976=CARTESIAN_POINT('',(-0.00535575582749375,0.0268596967543539,-0.0108375350962152));
#7977=CARTESIAN_POINT('',(-0.00530575582749375,0.0255475471256162,-0.00952538546747756));
#7978=CARTESIAN_POINT('',(-0.00525575582749378,0.0242353974968785,-0.00821323583873987));
#7979=CARTESIAN_POINT('',(-0.00520575582749375,0.0223797376960549,-0.00821323583873988));
#7980=CARTESIAN_POINT('',(-0.00515575582749376,0.0205240778952312,-0.00821323583873987));
#7981=CARTESIAN_POINT('',(-0.00510575582749375,0.0192119282664935,-0.00952538546747756));
#7982=CARTESIAN_POINT('',(-0.00505575582749374,0.0178997786377559,-0.0108375350962152));
#7983=CARTESIAN_POINT('',(-0.00500575582749375,0.0178997786377559,-0.0126931948970389));
#7984=CARTESIAN_POINT('',(-0.00495575582749377,0.0178997786377559,-0.0145488546978626));
#7985=CARTESIAN_POINT('',(-0.00490575582749375,0.0192119282664935,-0.0158610043266003));
#7986=CARTESIAN_POINT('',(-0.00485575582749375,0.0205240778952312,-0.0171731539553379));
#7987=CARTESIAN_POINT('',(-0.00480575582749375,0.0223797376960549,-0.0171731539553379));
#7988=CARTESIAN_POINT('',(-0.00475575582749378,0.0242353974968785,-0.0171731539553379));
#7989=CARTESIAN_POINT('',(-0.00470575582749375,0.0255475471256162,-0.0158610043266003));
#7990=CARTESIAN_POINT('',(-0.00465575582749375,0.0268596967543539,-0.0145488546978626));
#7991=CARTESIAN_POINT('',(-0.00460575582749375,0.0268596967543539,-0.0126931948970389));
#7992=CARTESIAN_POINT('',(-0.00455575582749379,0.0268596967543539,-0.0108375350962152));
#7993=CARTESIAN_POINT('',(-0.00450575582749375,0.0255475471256162,-0.00952538546747756));
#7994=CARTESIAN_POINT('',(-0.00445575582749376,0.0242353974968785,-0.00821323583873987));
#7995=CARTESIAN_POINT('',(-0.00440575582749375,0.0223797376960549,-0.00821323583873988));
#7996=CARTESIAN_POINT('',(-0.00435575582749374,0.0205240778952312,-0.00821323583873987));
#7997=CARTESIAN_POINT('',(-0.00430575582749375,0.0192119282664935,-0.00952538546747756));
#7998=CARTESIAN_POINT('',(-0.00425575582749377,0.0178997786377559,-0.0108375350962152));
#7999=CARTESIAN_POINT('',(-0.00420575582749375,0.0178997786377559,-0.0126931948970389));
#8000=CARTESIAN_POINT('',(-0.00415575582749375,0.0178997786377559,-0.0145488546978626));
#8001=CARTESIAN_POINT('',(-0.00410575582749375,0.0192119282664935,-0.0158610043266003));
#8002=CARTESIAN_POINT('',(-0.00405575582749378,0.0205240778952312,-0.0171731539553379));
#8003=CARTESIAN_POINT('',(-0.00400575582749375,0.0223797376960549,-0.0171731539553379));
#8004=CARTESIAN_POINT('',(-0.00395575582749375,0.0242353974968785,-0.0171731539553379));
#8005=CARTESIAN_POINT('',(-0.00390575582749375,0.0255475471256162,-0.0158610043266003));
#8006=CARTESIAN_POINT('',(-0.00385575582749379,0.0268596967543539,-0.0145488546978626));
#8007=CARTESIAN_POINT('',(-0.00380575582749375,0.0268596967543539,-0.0126931948970389));
#8008=CARTESIAN_POINT('',(-0.00375575582749376,0.0268596967543539,-0.0108375350962152));
#8009=CARTESIAN_POINT('',(-0.00370575582749375,0.0255475471256162,-0.00952538546747756));
#8010=CARTESIAN_POINT('',(-0.00365575582749373,0.0242353974968785,-0.00821323583873987));
#8011=CARTESIAN_POINT('',(-0.00360575582749376,0.0223797376960549,-0.00821323583873988));
#8012=CARTESIAN_POINT('',(-0.00355575582749377,0.0205240778952312,-0.00821323583873987));
#8013=CARTESIAN_POINT('',(-0.00350575582749376,0.0192119282664935,-0.00952538546747756));
#8014=CARTESIAN_POINT('',(-0.00345575582749374,0.0178997786377559,-0.0108375350962152));
#8015=CARTESIAN_POINT('',(-0.00340575582749375,0.0178997786377559,-0.0126931948970389));
#8016=CARTESIAN_POINT('',(-0.00335575582749378,0.0178997786377559,-0.0145488546978626));
#8017=CARTESIAN_POINT('',(-0.00330575582749375,0.0192119282664935,-0.0158610043266003));
#8018=CARTESIAN_POINT('',(-0.00325575582749375,0.0205240778952312,-0.0171731539553379));
#8019=CARTESIAN_POINT('',(-0.00320575582749375,0.0223797376960549,-0.0171731539553379));
#8020=CARTESIAN_POINT('',(-0.00315575582749379,0.0242353974968785,-0.0171731539553379));
#8021=CARTESIAN_POINT('',(-0.00310575582749376,0.0255475471256162,-0.0158610043266003));
#8022=CARTESIAN_POINT('',(-0.00305575582749376,0.0268596967543539,-0.0145488546978626));
#8023=CARTESIAN_POINT('',(-0.00300575582749376,0.0268596967543539,-0.0126931948970389));
#8024=CARTESIAN_POINT('',(-0.00295575582749374,0.0268596967543539,-0.0108375350962152));
#8025=CARTESIAN_POINT('',(-0.00290575582749376,0.0255475471256162,-0.00952538546747756));
#8026=CARTESIAN_POINT('',(-0.00285575582749377,0.0242353974968785,-0.00821323583873987));
#8027=CARTESIAN_POINT('',(-0.00280575582749375,0.0223797376960549,-0.00821323583873988));
#8028=CARTESIAN_POINT('',(-0.00275575582749375,0.0205240778952312,-0.00821323583873987));
#8029=CARTESIAN_POINT('',(-0.00270575582749375,0.0192119282664935,-0.00952538546747756));
#8030=CARTESIAN_POINT('',(-0.00265575582749378,0.0178997786377559,-0.0108375350962152));
#8031=CARTESIAN_POINT('',(-0.00260575582749375,0.0178997786377559,-0.0126931948970389));
#8032=CARTESIAN_POINT('',(-0.00255575582749376,0.0178997786377559,-0.0145488546978626));
#8033=CARTESIAN_POINT('',(-0.00250575582749376,0.0192119282664935,-0.0158610043266003));
#8034=CARTESIAN_POINT('',(-0.00245575582749379,0.0205240778952312,-0.0171731539553379));
#8035=CARTESIAN_POINT('',(-0.00240575582749376,0.0223797376960549,-0.0171731539553379));
#8036=CARTESIAN_POINT('',(-0.00235575582749376,0.0242353974968785,-0.0171731539553379));
#8037=CARTESIAN_POINT('',(-0.00230575582749375,0.0255475471256162,-0.0158610043266003));
#8038=CARTESIAN_POINT('',(-0.0022557558274938,0.0268596967543539,-0.0145488546978626));
#8039=CARTESIAN_POINT('',(-0.00220575582749375,0.0268596967543539,-0.0126931948970389));
#8040=CARTESIAN_POINT('',(-0.00215575582749377,0.0268596967543539,-0.0108375350962152));
#8041=CARTESIAN_POINT('',(-0.00210575582749375,0.0255475471256162,-0.00952538546747756));
#8042=CARTESIAN_POINT('',(-0.00205575582749375,0.0242353974968785,-0.00821323583873987));
#8043=CARTESIAN_POINT('',(-0.00200575582749375,0.0223797376960549,-0.00821323583873988));
#8044=CARTESIAN_POINT('',(-0.00195575582749378,0.0205240778952312,-0.00821323583873987));
#8045=CARTESIAN_POINT('',(-0.00190575582749376,0.0192119282664935,-0.00952538546747756));
#8046=CARTESIAN_POINT('',(-0.00185575582749376,0.0178997786377559,-0.0108375350962152));
#8047=CARTESIAN_POINT('',(-0.00180575582749375,0.0178997786377559,-0.0126931948970389));
#8048=CARTESIAN_POINT('',(-0.00175575582749378,0.0178997786377559,-0.0145488546978626));
#8049=CARTESIAN_POINT('',(-0.00170575582749375,0.0192119282664935,-0.0158610043266003));
#8050=CARTESIAN_POINT('',(-0.00165575582749377,0.0205240778952312,-0.0171731539553379));
#8051=CARTESIAN_POINT('',(-0.00160575582749375,0.0223797376960549,-0.0171731539553379));
#8052=CARTESIAN_POINT('',(-0.00155575582749374,0.0242353974968785,-0.0171731539553379));
#8053=CARTESIAN_POINT('',(-0.00150575582749375,0.0255475471256162,-0.0158610043266003));
#8054=CARTESIAN_POINT('',(-0.00145575582749377,0.0268596967543539,-0.0145488546978626));
#8055=CARTESIAN_POINT('',(-0.00140575582749375,0.0268596967543539,-0.0126931948970389));
#8056=CARTESIAN_POINT('',(-0.00135575582749375,0.0268596967543539,-0.0108375350962152));
#8057=CARTESIAN_POINT('',(-0.00130575582749375,0.0255475471256162,-0.00952538546747756));
#8058=CARTESIAN_POINT('',(-0.00125575582749378,0.0242353974968785,-0.00821323583873987));
#8059=CARTESIAN_POINT('',(-0.00120575582749375,0.0223797376960549,-0.00821323583873988));
#8060=CARTESIAN_POINT('',(-0.00115575582749376,0.0205240778952312,-0.00821323583873987));
#8061=CARTESIAN_POINT('',(-0.00110575582749375,0.0192119282664935,-0.00952538546747756));
#8062=CARTESIAN_POINT('',(-0.00105575582749379,0.0178997786377559,-0.0108375350962152));
#8063=CARTESIAN_POINT('',(-0.00100575582749375,0.0178997786377559,-0.0126931948970389));
#8064=CARTESIAN_POINT('',(-0.000955755827493766,0.0178997786377559,-0.0145488546978626));
#8065=CARTESIAN_POINT('',(-0.000905755827493752,0.0192119282664935,-0.0158610043266003));
#8066=CARTESIAN_POINT('',(-0.000855755827493754,0.0205240778952312,-0.0171731539553379));
#8067=CARTESIAN_POINT('',(-0.000805755827493752,0.0223797376960549,-0.0171731539553379));
#8068=CARTESIAN_POINT('',(-0.000755755827493763,0.0242353974968785,-0.0171731539553379));
#8069=CARTESIAN_POINT('',(-0.000705755827493753,0.0255475471256162,-0.0158610043266003));
#8070=CARTESIAN_POINT('',(-0.00065575582749375,0.0268596967543539,-0.0145488546978626));
#8071=CARTESIAN_POINT('',(-0.000605755827493754,0.0268596967543539,-0.0126931948970389));
#8072=CARTESIAN_POINT('',(-0.000555755827493761,0.0268596967543539,-0.0108375350962152));
#8073=CARTESIAN_POINT('',(-0.000505755827493751,0.0255475471256162,-0.00952538546747756));
#8074=CARTESIAN_POINT('',(-0.000455755827493769,0.0242353974968785,-0.00821323583873987));
#8075=CARTESIAN_POINT('',(-0.000405755827493752,0.0223797376960549,-0.00821323583873988));
#8076=CARTESIAN_POINT('',(-0.000355755827493757,0.0205240778952312,-0.00821323583873987));
#8077=CARTESIAN_POINT('',(-0.00030575582749375,0.0192119282664935,-0.00952538546747756));
#8078=CARTESIAN_POINT('',(-0.000255755827493767,0.0178997786377559,-0.0108375350962152));
#8079=CARTESIAN_POINT('',(-0.000205755827493751,0.0178997786377559,-0.0126931948970389));
#8080=CARTESIAN_POINT('',(-0.000155755827493756,0.0178997786377559,-0.0145488546978626));
#8081=CARTESIAN_POINT('',(-0.00010575582749375,0.0192119282664935,-0.0158610043266003));
#8082=CARTESIAN_POINT('',(-5.57558274937635E-5,0.0205240778952312,-0.0171731539553379));
#8083=CARTESIAN_POINT('',(-5.75582749375025E-6,0.0223797376960549,-0.0171731539553379));
#8084=CARTESIAN_POINT('',(4.42441725062494E-5,0.0242353974968785,-0.0171731539553379));
#8085=CARTESIAN_POINT('',(9.42441725062491E-5,0.0255475471256162,-0.0158610043266003));
#8086=CARTESIAN_POINT('',(0.000144244172506217,0.0268596967543539,-0.0145488546978626));
#8087=CARTESIAN_POINT('',(0.000194244172506251,0.0268596967543539,-0.0126931948970389));
#8088=CARTESIAN_POINT('',(0.000244244172506251,0.0268596967543539,-0.0108375350962152));
#8089=CARTESIAN_POINT('',(0.000294244172506229,0.0255475471256162,-0.00952538546747756));
#8090=CARTESIAN_POINT('',(0.000344244172506243,0.0242353974968785,-0.00821323583873987));
#8091=CARTESIAN_POINT('',(0.000394244172506229,0.0223797376960549,-0.00821323583873988));
#8092=CARTESIAN_POINT('',(0.000444244172506233,0.0205240778952312,-0.00821323583873987));
#8093=CARTESIAN_POINT('',(0.000494244172506229,0.0192119282664935,-0.00952538546747756));
#8094=CARTESIAN_POINT('',(0.000544244172506246,0.0178997786377559,-0.0108375350962152));
#8095=CARTESIAN_POINT('',(0.000594244172506229,0.0178997786377559,-0.0126931948970389));
#8096=CARTESIAN_POINT('',(0.000644244172506235,0.0178997786377559,-0.0145488546978626));
#8097=CARTESIAN_POINT('',(0.00069424417250623,0.0192119282664935,-0.0158610043266003));
#8098=CARTESIAN_POINT('',(0.000744244172506247,0.0205240778952312,-0.0171731539553379));
#8099=CARTESIAN_POINT('',(0.000794244172506229,0.0223797376960549,-0.0171731539553379));
#8100=CARTESIAN_POINT('',(0.000844244172506238,0.0242353974968785,-0.0171731539553379));
#8101=CARTESIAN_POINT('',(0.000894244172506229,0.0255475471256162,-0.0158610043266003));
#8102=CARTESIAN_POINT('',(0.000944244172506251,0.0268596967543539,-0.0145488546978626));
#8103=CARTESIAN_POINT('',(0.00099424417250623,0.0268596967543539,-0.0126931948970389));
#8104=CARTESIAN_POINT('',(0.00104424417250624,0.0268596967543539,-0.0108375350962152));
#8105=CARTESIAN_POINT('',(0.00109424417250623,0.0255475471256162,-0.00952538546747756));
#8106=CARTESIAN_POINT('',(0.00114424417250623,0.0242353974968785,-0.00821323583873987));
#8107=CARTESIAN_POINT('',(0.00119424417250625,0.0223797376960549,-0.00821323583873988));
#8108=CARTESIAN_POINT('',(0.00124424417250624,0.0205240778952312,-0.00821323583873987));
#8109=CARTESIAN_POINT('',(0.00129424417250623,0.0192119282664935,-0.00952538546747756));
#8110=CARTESIAN_POINT('',(0.00134424417250623,0.0178997786377559,-0.0108375350962152));
#8111=CARTESIAN_POINT('',(0.00139424417250623,0.0178997786377559,-0.0126931948970389));
#8112=CARTESIAN_POINT('',(0.00144424417250625,0.0178997786377559,-0.0145488546978626));
#8113=CARTESIAN_POINT('',(0.00149424417250623,0.0192119282664935,-0.0158610043266003));
#8114=CARTESIAN_POINT('',(0.00154424417250624,0.0205240778952312,-0.0171731539553379));
#8115=CARTESIAN_POINT('',(0.00159424417250623,0.0223797376960549,-0.0171731539553379));
#8116=CARTESIAN_POINT('',(0.00164424417250625,0.0242353974968785,-0.0171731539553379));
#8117=CARTESIAN_POINT('',(0.00169424417250623,0.0255475471256162,-0.0158610043266003));
#8118=CARTESIAN_POINT('',(0.00174424417250624,0.0268596967543539,-0.0145488546978626));
#8119=CARTESIAN_POINT('',(0.00179424417250623,0.0268596967543539,-0.0126931948970389));
#8120=CARTESIAN_POINT('',(0.00184424417250623,0.0268596967543539,-0.0108375350962152));
#8121=CARTESIAN_POINT('',(0.00189424417250623,0.0255475471256162,-0.00952538546747756));
#8122=CARTESIAN_POINT('',(0.00194424417250624,0.0242353974968785,-0.00821323583873987));
#8123=CARTESIAN_POINT('',(0.00199424417250623,0.0223797376960549,-0.00821323583873988));
#8124=CARTESIAN_POINT('',(0.00204424417250623,0.0205240778952312,-0.00821323583873987));
#8125=CARTESIAN_POINT('',(0.00209424417250623,0.0192119282664935,-0.00952538546747756));
#8126=CARTESIAN_POINT('',(0.00214424417250624,0.0178997786377559,-0.0108375350962152));
#8127=CARTESIAN_POINT('',(0.00219424417250623,0.0178997786377559,-0.0126931948970389));
#8128=CARTESIAN_POINT('',(-0.00532043872833152,0.0259011933607733,-0.00992382977747484));
#8129=CARTESIAN_POINT('',(-0.00531294592717954,0.0257362368582811,-0.00971407520014247));
#8130=CARTESIAN_POINT('',(-0.00530575582749375,0.0255475471256162,-0.00952538546747756));
#8131=CARTESIAN_POINT('',(-0.00525575582749378,0.0242353974968785,-0.00821323583873987));
#8132=CARTESIAN_POINT('',(-0.00520575582749375,0.0223797376960549,-0.00821323583873988));
#8133=CARTESIAN_POINT('',(-0.00515575582749376,0.0205240778952312,-0.00821323583873987));
#8134=CARTESIAN_POINT('',(-0.00510575582749375,0.0192119282664935,-0.00952538546747756));
#8135=CARTESIAN_POINT('',(-0.00505575582749374,0.0178997786377559,-0.0108375350962152));
#8136=CARTESIAN_POINT('',(-0.00500575582749375,0.0178997786377559,-0.0126931948970389));
#8137=CARTESIAN_POINT('',(-0.00495575582749377,0.0178997786377559,-0.0145488546978626));
#8138=CARTESIAN_POINT('',(-0.00490575582749375,0.0192119282664935,-0.0158610043266003));
#8139=CARTESIAN_POINT('',(-0.00485575582749375,0.0205240778952312,-0.0171731539553379));
#8140=CARTESIAN_POINT('',(-0.00480575582749375,0.0223797376960549,-0.0171731539553379));
#8141=CARTESIAN_POINT('',(-0.00475575582749378,0.0242353974968785,-0.0171731539553379));
#8142=CARTESIAN_POINT('',(-0.00470575582749375,0.0255475471256162,-0.0158610043266003));
#8143=CARTESIAN_POINT('',(-0.00465575582749375,0.0268596967543539,-0.0145488546978626));
#8144=CARTESIAN_POINT('',(-0.00460575582749375,0.0268596967543539,-0.0126931948970389));
#8145=CARTESIAN_POINT('',(-0.00455575582749379,0.0268596967543539,-0.0108375350962152));
#8146=CARTESIAN_POINT('',(-0.00450575582749375,0.0255475471256162,-0.00952538546747756));
#8147=CARTESIAN_POINT('',(-0.00445575582749376,0.0242353974968785,-0.00821323583873987));
#8148=CARTESIAN_POINT('',(-0.00440575582749375,0.0223797376960549,-0.00821323583873988));
#8149=CARTESIAN_POINT('',(-0.00435575582749374,0.0205240778952312,-0.00821323583873987));
#8150=CARTESIAN_POINT('',(-0.00430575582749375,0.0192119282664935,-0.00952538546747756));
#8151=CARTESIAN_POINT('',(-0.00425575582749377,0.0178997786377559,-0.0108375350962152));
#8152=CARTESIAN_POINT('',(-0.00420575582749375,0.0178997786377559,-0.0126931948970389));
#8153=CARTESIAN_POINT('',(-0.00415575582749375,0.0178997786377559,-0.0145488546978626));
#8154=CARTESIAN_POINT('',(-0.00410575582749375,0.0192119282664935,-0.0158610043266003));
#8155=CARTESIAN_POINT('',(-0.00405575582749378,0.0205240778952312,-0.0171731539553379));
#8156=CARTESIAN_POINT('',(-0.00400575582749375,0.0223797376960549,-0.0171731539553379));
#8157=CARTESIAN_POINT('',(-0.00395575582749375,0.0242353974968785,-0.0171731539553379));
#8158=CARTESIAN_POINT('',(-0.00390575582749375,0.0255475471256162,-0.0158610043266003));
#8159=CARTESIAN_POINT('',(-0.00385575582749379,0.0268596967543539,-0.0145488546978626));
#8160=CARTESIAN_POINT('',(-0.00380575582749375,0.0268596967543539,-0.0126931948970389));
#8161=CARTESIAN_POINT('',(-0.00375575582749376,0.0268596967543539,-0.0108375350962152));
#8162=CARTESIAN_POINT('',(-0.00370575582749375,0.0255475471256162,-0.00952538546747756));
#8163=CARTESIAN_POINT('',(-0.00365575582749373,0.0242353974968785,-0.00821323583873987));
#8164=CARTESIAN_POINT('',(-0.00360575582749376,0.0223797376960549,-0.00821323583873988));
#8165=CARTESIAN_POINT('',(-0.00355575582749377,0.0205240778952312,-0.00821323583873987));
#8166=CARTESIAN_POINT('',(-0.00350575582749376,0.0192119282664935,-0.00952538546747756));
#8167=CARTESIAN_POINT('',(-0.00345575582749374,0.0178997786377559,-0.0108375350962152));
#8168=CARTESIAN_POINT('',(-0.00340575582749375,0.0178997786377559,-0.0126931948970389));
#8169=CARTESIAN_POINT('',(-0.00335575582749378,0.0178997786377559,-0.0145488546978626));
#8170=CARTESIAN_POINT('',(-0.00330575582749375,0.0192119282664935,-0.0158610043266003));
#8171=CARTESIAN_POINT('',(-0.00325575582749375,0.0205240778952312,-0.0171731539553379));
#8172=CARTESIAN_POINT('',(-0.00320575582749375,0.0223797376960549,-0.0171731539553379));
#8173=CARTESIAN_POINT('',(-0.00315575582749379,0.0242353974968785,-0.0171731539553379));
#8174=CARTESIAN_POINT('',(-0.00310575582749376,0.0255475471256162,-0.0158610043266003));
#8175=CARTESIAN_POINT('',(-0.00305575582749376,0.0268596967543539,-0.0145488546978626));
#8176=CARTESIAN_POINT('',(-0.00300575582749376,0.0268596967543539,-0.0126931948970389));
#8177=CARTESIAN_POINT('',(-0.00295575582749374,0.0268596967543539,-0.0108375350962152));
#8178=CARTESIAN_POINT('',(-0.00290575582749376,0.0255475471256162,-0.00952538546747756));
#8179=CARTESIAN_POINT('',(-0.00285575582749377,0.0242353974968785,-0.00821323583873987));
#8180=CARTESIAN_POINT('',(-0.00280575582749375,0.0223797376960549,-0.00821323583873988));
#8181=CARTESIAN_POINT('',(-0.00275575582749375,0.0205240778952312,-0.00821323583873987));
#8182=CARTESIAN_POINT('',(-0.00270575582749375,0.0192119282664935,-0.00952538546747756));
#8183=CARTESIAN_POINT('',(-0.00265575582749378,0.0178997786377559,-0.0108375350962152));
#8184=CARTESIAN_POINT('',(-0.00260575582749375,0.0178997786377559,-0.0126931948970389));
#8185=CARTESIAN_POINT('',(-0.00255575582749376,0.0178997786377559,-0.0145488546978626));
#8186=CARTESIAN_POINT('',(-0.00250575582749376,0.0192119282664935,-0.0158610043266003));
#8187=CARTESIAN_POINT('',(-0.00245575582749379,0.0205240778952312,-0.0171731539553379));
#8188=CARTESIAN_POINT('',(-0.00240575582749376,0.0223797376960549,-0.0171731539553379));
#8189=CARTESIAN_POINT('',(-0.00235575582749376,0.0242353974968785,-0.0171731539553379));
#8190=CARTESIAN_POINT('',(-0.00230575582749375,0.0255475471256162,-0.0158610043266003));
#8191=CARTESIAN_POINT('',(-0.0022557558274938,0.0268596967543539,-0.0145488546978626));
#8192=CARTESIAN_POINT('',(-0.00220575582749375,0.0268596967543539,-0.0126931948970389));
#8193=CARTESIAN_POINT('',(-0.00215575582749377,0.0268596967543539,-0.0108375350962152));
#8194=CARTESIAN_POINT('',(-0.00210575582749375,0.0255475471256162,-0.00952538546747756));
#8195=CARTESIAN_POINT('',(-0.00205575582749375,0.0242353974968785,-0.00821323583873987));
#8196=CARTESIAN_POINT('',(-0.00200575582749375,0.0223797376960549,-0.00821323583873988));
#8197=CARTESIAN_POINT('',(-0.00195575582749378,0.0205240778952312,-0.00821323583873987));
#8198=CARTESIAN_POINT('',(-0.00190575582749376,0.0192119282664935,-0.00952538546747756));
#8199=CARTESIAN_POINT('',(-0.00185575582749376,0.0178997786377559,-0.0108375350962152));
#8200=CARTESIAN_POINT('',(-0.00180575582749375,0.0178997786377559,-0.0126931948970389));
#8201=CARTESIAN_POINT('',(-0.00175575582749378,0.0178997786377559,-0.0145488546978626));
#8202=CARTESIAN_POINT('',(-0.00170575582749375,0.0192119282664935,-0.0158610043266003));
#8203=CARTESIAN_POINT('',(-0.00165575582749377,0.0205240778952312,-0.0171731539553379));
#8204=CARTESIAN_POINT('',(-0.00160575582749375,0.0223797376960549,-0.0171731539553379));
#8205=CARTESIAN_POINT('',(-0.00155575582749374,0.0242353974968785,-0.0171731539553379));
#8206=CARTESIAN_POINT('',(-0.00150575582749375,0.0255475471256162,-0.0158610043266003));
#8207=CARTESIAN_POINT('',(-0.00145575582749377,0.0268596967543539,-0.0145488546978626));
#8208=CARTESIAN_POINT('',(-0.00140575582749375,0.0268596967543539,-0.0126931948970389));
#8209=CARTESIAN_POINT('',(-0.00135575582749375,0.0268596967543539,-0.0108375350962152));
#8210=CARTESIAN_POINT('',(-0.00130575582749375,0.0255475471256162,-0.00952538546747756));
#8211=CARTESIAN_POINT('',(-0.00125575582749378,0.0242353974968785,-0.00821323583873987));
#8212=CARTESIAN_POINT('',(-0.00120575582749375,0.0223797376960549,-0.00821323583873988));
#8213=CARTESIAN_POINT('',(-0.00115575582749376,0.0205240778952312,-0.00821323583873987));
#8214=CARTESIAN_POINT('',(-0.00110575582749375,0.0192119282664935,-0.00952538546747756));
#8215=CARTESIAN_POINT('',(-0.00105575582749379,0.0178997786377559,-0.0108375350962152));
#8216=CARTESIAN_POINT('',(-0.00100575582749375,0.0178997786377559,-0.0126931948970389));
#8217=CARTESIAN_POINT('',(-0.000955755827493766,0.0178997786377559,-0.0145488546978626));
#8218=CARTESIAN_POINT('',(-0.000905755827493752,0.0192119282664935,-0.0158610043266003));
#8219=CARTESIAN_POINT('',(-0.000855755827493754,0.0205240778952312,-0.0171731539553379));
#8220=CARTESIAN_POINT('',(-0.000805755827493752,0.0223797376960549,-0.0171731539553379));
#8221=CARTESIAN_POINT('',(-0.000755755827493763,0.0242353974968785,-0.0171731539553379));
#8222=CARTESIAN_POINT('',(-0.000705755827493753,0.0255475471256162,-0.0158610043266003));
#8223=CARTESIAN_POINT('',(-0.00065575582749375,0.0268596967543539,-0.0145488546978626));
#8224=CARTESIAN_POINT('',(-0.000605755827493754,0.0268596967543539,-0.0126931948970389));
#8225=CARTESIAN_POINT('',(-0.000555755827493761,0.0268596967543539,-0.0108375350962152));
#8226=CARTESIAN_POINT('',(-0.000505755827493751,0.0255475471256162,-0.00952538546747756));
#8227=CARTESIAN_POINT('',(-0.000455755827493749,0.0242353974968785,-0.00821323583873987));
#8228=CARTESIAN_POINT('',(-0.000405755827493752,0.0223797376960549,-0.00821323583873988));
#8229=CARTESIAN_POINT('',(-0.000355755827493757,0.0205240778952312,-0.00821323583873987));
#8230=CARTESIAN_POINT('',(-0.00030575582749375,0.0192119282664935,-0.00952538546747756));
#8231=CARTESIAN_POINT('',(-0.000255755827493767,0.0178997786377559,-0.0108375350962152));
#8232=CARTESIAN_POINT('',(-0.000205755827493751,0.0178997786377559,-0.0126931948970389));
#8233=CARTESIAN_POINT('',(-0.000155755827493756,0.0178997786377559,-0.0145488546978626));
#8234=CARTESIAN_POINT('',(-0.00010575582749375,0.0192119282664935,-0.0158610043266003));
#8235=CARTESIAN_POINT('',(-5.57558274937635E-5,0.0205240778952312,-0.0171731539553379));
#8236=CARTESIAN_POINT('',(-5.75582749375025E-6,0.0223797376960549,-0.0171731539553379));
#8237=CARTESIAN_POINT('',(4.42441725062268E-5,0.0242353974968785,-0.0171731539553379));
#8238=CARTESIAN_POINT('',(9.42441725062491E-5,0.0255475471256162,-0.0158610043266003));
#8239=CARTESIAN_POINT('',(0.000144244172506217,0.0268596967543539,-0.0145488546978626));
#8240=CARTESIAN_POINT('',(0.000194244172506251,0.0268596967543539,-0.0126931948970389));
#8241=CARTESIAN_POINT('',(0.000244244172506251,0.0268596967543539,-0.0108375350962152));
#8242=CARTESIAN_POINT('',(0.000294244172506229,0.0255475471256162,-0.00952538546747756));
#8243=CARTESIAN_POINT('',(0.000344244172506243,0.0242353974968785,-0.00821323583873987));
#8244=CARTESIAN_POINT('',(0.000394244172506229,0.0223797376960549,-0.00821323583873988));
#8245=CARTESIAN_POINT('',(0.000444244172506233,0.0205240778952312,-0.00821323583873987));
#8246=CARTESIAN_POINT('',(0.000494244172506229,0.0192119282664935,-0.00952538546747756));
#8247=CARTESIAN_POINT('',(0.000544244172506246,0.0178997786377559,-0.0108375350962152));
#8248=CARTESIAN_POINT('',(0.000594244172506229,0.0178997786377559,-0.0126931948970389));
#8249=CARTESIAN_POINT('',(0.000644244172506235,0.0178997786377559,-0.0145488546978626));
#8250=CARTESIAN_POINT('',(0.00069424417250623,0.0192119282664935,-0.0158610043266003));
#8251=CARTESIAN_POINT('',(0.000744244172506247,0.0205240778952312,-0.0171731539553379));
#8252=CARTESIAN_POINT('',(0.000794244172506229,0.0223797376960549,-0.0171731539553379));
#8253=CARTESIAN_POINT('',(0.000844244172506238,0.0242353974968785,-0.0171731539553379));
#8254=CARTESIAN_POINT('',(0.000894244172506229,0.0255475471256162,-0.0158610043266003));
#8255=CARTESIAN_POINT('',(0.000944244172506251,0.0268596967543539,-0.0145488546978626));
#8256=CARTESIAN_POINT('',(0.00099424417250623,0.0268596967543539,-0.0126931948970389));
#8257=CARTESIAN_POINT('',(0.00104424417250624,0.0268596967543539,-0.0108375350962152));
#8258=CARTESIAN_POINT('',(0.00109424417250623,0.0255475471256162,-0.00952538546747756));
#8259=CARTESIAN_POINT('',(0.00114424417250623,0.0242353974968785,-0.00821323583873987));
#8260=CARTESIAN_POINT('',(0.00119424417250625,0.0223797376960549,-0.00821323583873988));
#8261=CARTESIAN_POINT('',(0.00124424417250624,0.0205240778952312,-0.00821323583873987));
#8262=CARTESIAN_POINT('',(0.00129424417250623,0.0192119282664935,-0.00952538546747756));
#8263=CARTESIAN_POINT('',(0.00134424417250623,0.0178997786377559,-0.0108375350962152));
#8264=CARTESIAN_POINT('',(0.00139424417250623,0.0178997786377559,-0.0126931948970389));
#8265=CARTESIAN_POINT('',(0.00144424417250625,0.0178997786377559,-0.0145488546978626));
#8266=CARTESIAN_POINT('',(0.00149424417250623,0.0192119282664935,-0.0158610043266003));
#8267=CARTESIAN_POINT('',(0.00154424417250624,0.0205240778952312,-0.0171731539553379));
#8268=CARTESIAN_POINT('',(0.00159424417250623,0.0223797376960549,-0.0171731539553379));
#8269=CARTESIAN_POINT('',(0.00164424417250625,0.0242353974968785,-0.0171731539553379));
#8270=CARTESIAN_POINT('',(0.00169424417250623,0.0255475471256162,-0.0158610043266003));
#8271=CARTESIAN_POINT('',(0.00174424417250624,0.0268596967543539,-0.0145488546978626));
#8272=CARTESIAN_POINT('',(0.00179424417250623,0.0268596967543539,-0.0126931948970389));
#8273=CARTESIAN_POINT('',(0.00184424417250623,0.0268596967543539,-0.0108375350962152));
#8274=CARTESIAN_POINT('',(0.00189424417250623,0.0255475471256162,-0.00952538546747756));
#8275=CARTESIAN_POINT('',(0.00194424417250624,0.0242353974968785,-0.00821323583873987));
#8276=CARTESIAN_POINT('',(0.00199424417250623,0.0223797376960549,-0.00821323583873988));
#8277=CARTESIAN_POINT('',(0.00204424417250623,0.0205240778952312,-0.00821323583873987));
#8278=CARTESIAN_POINT('',(0.00209424417250623,0.0192119282664935,-0.00952538546747756));
#8279=CARTESIAN_POINT('',(0.00214424417250624,0.0178997786377559,-0.0108375350962152));
#8280=CARTESIAN_POINT('',(0.00219424417250623,0.0178997786377559,-0.0126931948970389));
#8281=CARTESIAN_POINT('',(0.00219424417250623,0.0178997786377559,-0.0126931948970389));
#8282=CARTESIAN_POINT('',(0.00224005203925135,0.0178797376960549,-0.0126931948970389));
#8283=CARTESIAN_POINT('',(0.00228585990599645,0.0178997786377559,-0.0126931948970389));
#8284=CARTESIAN_POINT('',(-0.00532043872832474,0.0268537223989464,-0.0129244826883254));
#8285=CARTESIAN_POINT('',(-0.0053172581509036,0.0268596967543539,-0.0128089159539596));
#8286=CARTESIAN_POINT('',(-0.00531414009400355,0.0268596967543539,-0.0126931948970389));
#8287=CARTESIAN_POINT('',(-0.00526414009400356,0.0268596967543539,-0.0108375350962152));
#8288=CARTESIAN_POINT('',(-0.00521414009400355,0.0255475471256162,-0.00952538546747756));
#8289=CARTESIAN_POINT('',(-0.00516414009400354,0.0242353974968785,-0.00821323583873987));
#8290=CARTESIAN_POINT('',(-0.00511414009400355,0.0223797376960549,-0.00821323583873988));
#8291=CARTESIAN_POINT('',(-0.00506414009400357,0.0205240778952312,-0.00821323583873987));
#8292=CARTESIAN_POINT('',(-0.00501414009400355,0.0192119282664935,-0.00952538546747756));
#8293=CARTESIAN_POINT('',(-0.00496414009400354,0.0178997786377559,-0.0108375350962152));
#8294=CARTESIAN_POINT('',(-0.00491414009400355,0.0178997786377559,-0.0126931948970389));
#8295=CARTESIAN_POINT('',(-0.00486414009400358,0.0178997786377559,-0.0145488546978626));
#8296=CARTESIAN_POINT('',(-0.00481414009400355,0.0192119282664935,-0.0158610043266003));
#8297=CARTESIAN_POINT('',(-0.00476414009400355,0.0205240778952312,-0.0171731539553379));
#8298=CARTESIAN_POINT('',(-0.00471414009400355,0.0223797376960549,-0.0171731539553379));
#8299=CARTESIAN_POINT('',(-0.00466414009400353,0.0242353974968785,-0.0171731539553379));
#8300=CARTESIAN_POINT('',(-0.00461414009400355,0.0255475471256162,-0.0158610043266003));
#8301=CARTESIAN_POINT('',(-0.00456414009400356,0.0268596967543539,-0.0145488546978626));
#8302=CARTESIAN_POINT('',(-0.00451414009400355,0.0268596967543539,-0.0126931948970389));
#8303=CARTESIAN_POINT('',(-0.00446414009400354,0.0268596967543539,-0.0108375350962152));
#8304=CARTESIAN_POINT('',(-0.00441414009400355,0.0255475471256162,-0.00952538546747756));
#8305=CARTESIAN_POINT('',(-0.00436414009400357,0.0242353974968785,-0.00821323583873987));
#8306=CARTESIAN_POINT('',(-0.00431414009400355,0.0223797376960549,-0.00821323583873988));
#8307=CARTESIAN_POINT('',(-0.00426414009400354,0.0205240778952312,-0.00821323583873987));
#8308=CARTESIAN_POINT('',(-0.00421414009400355,0.0192119282664935,-0.00952538546747756));
#8309=CARTESIAN_POINT('',(-0.00416414009400358,0.0178997786377559,-0.0108375350962152));
#8310=CARTESIAN_POINT('',(-0.00411414009400355,0.0178997786377559,-0.0126931948970389));
#8311=CARTESIAN_POINT('',(-0.00406414009400355,0.0178997786377559,-0.0145488546978626));
#8312=CARTESIAN_POINT('',(-0.00401414009400355,0.0192119282664935,-0.0158610043266003));
#8313=CARTESIAN_POINT('',(-0.00396414009400352,0.0205240778952312,-0.0171731539553379));
#8314=CARTESIAN_POINT('',(-0.00391414009400355,0.0223797376960549,-0.0171731539553379));
#8315=CARTESIAN_POINT('',(-0.00386414009400356,0.0242353974968785,-0.0171731539553379));
#8316=CARTESIAN_POINT('',(-0.00381414009400355,0.0255475471256162,-0.0158610043266003));
#8317=CARTESIAN_POINT('',(-0.00376414009400353,0.0268596967543539,-0.0145488546978626));
#8318=CARTESIAN_POINT('',(-0.00371414009400355,0.0268596967543539,-0.0126931948970389));
#8319=CARTESIAN_POINT('',(-0.00366414009400357,0.0268596967543539,-0.0108375350962152));
#8320=CARTESIAN_POINT('',(-0.00361414009400355,0.0255475471256162,-0.00952538546747756));
#8321=CARTESIAN_POINT('',(-0.00356414009400355,0.0242353974968785,-0.00821323583873987));
#8322=CARTESIAN_POINT('',(-0.00351414009400355,0.0223797376960549,-0.00821323583873988));
#8323=CARTESIAN_POINT('',(-0.00346414009400358,0.0205240778952312,-0.00821323583873987));
#8324=CARTESIAN_POINT('',(-0.00341414009400355,0.0192119282664935,-0.00952538546747756));
#8325=CARTESIAN_POINT('',(-0.00336414009400355,0.0178997786377559,-0.0108375350962152));
#8326=CARTESIAN_POINT('',(-0.00331414009400355,0.0178997786377559,-0.0126931948970389));
#8327=CARTESIAN_POINT('',(-0.00326414009400353,0.0178997786377559,-0.0145488546978626));
#8328=CARTESIAN_POINT('',(-0.00321414009400355,0.0192119282664935,-0.0158610043266003));
#8329=CARTESIAN_POINT('',(-0.00316414009400356,0.0205240778952312,-0.0171731539553379));
#8330=CARTESIAN_POINT('',(-0.00311414009400355,0.0223797376960549,-0.0171731539553379));
#8331=CARTESIAN_POINT('',(-0.00306414009400354,0.0242353974968785,-0.0171731539553379));
#8332=CARTESIAN_POINT('',(-0.00301414009400355,0.0255475471256162,-0.0158610043266003));
#8333=CARTESIAN_POINT('',(-0.00296414009400357,0.0268596967543539,-0.0145488546978626));
#8334=CARTESIAN_POINT('',(-0.00291414009400355,0.0268596967543539,-0.0126931948970389));
#8335=CARTESIAN_POINT('',(-0.00286414009400354,0.0268596967543539,-0.0108375350962152));
#8336=CARTESIAN_POINT('',(-0.00281414009400355,0.0255475471256162,-0.00952538546747756));
#8337=CARTESIAN_POINT('',(-0.00276414009400358,0.0242353974968785,-0.00821323583873987));
#8338=CARTESIAN_POINT('',(-0.00271414009400355,0.0223797376960549,-0.00821323583873988));
#8339=CARTESIAN_POINT('',(-0.00266414009400355,0.0205240778952312,-0.00821323583873987));
#8340=CARTESIAN_POINT('',(-0.00261414009400355,0.0192119282664935,-0.00952538546747756));
#8341=CARTESIAN_POINT('',(-0.00256414009400353,0.0178997786377559,-0.0108375350962152));
#8342=CARTESIAN_POINT('',(-0.00251414009400355,0.0178997786377559,-0.0126931948970389));
#8343=CARTESIAN_POINT('',(-0.00246414009400356,0.0178997786377559,-0.0145488546978626));
#8344=CARTESIAN_POINT('',(-0.00241414009400355,0.0192119282664935,-0.0158610043266003));
#8345=CARTESIAN_POINT('',(-0.00236414009400354,0.0205240778952312,-0.0171731539553379));
#8346=CARTESIAN_POINT('',(-0.00231414009400355,0.0223797376960549,-0.0171731539553379));
#8347=CARTESIAN_POINT('',(-0.00226414009400357,0.0242353974968785,-0.0171731539553379));
#8348=CARTESIAN_POINT('',(-0.00221414009400355,0.0255475471256162,-0.0158610043266003));
#8349=CARTESIAN_POINT('',(-0.00216414009400355,0.0268596967543539,-0.0145488546978626));
#8350=CARTESIAN_POINT('',(-0.00211414009400355,0.0268596967543539,-0.0126931948970389));
#8351=CARTESIAN_POINT('',(-0.00206414009400358,0.0268596967543539,-0.0108375350962152));
#8352=CARTESIAN_POINT('',(-0.00201414009400355,0.0255475471256162,-0.00952538546747756));
#8353=CARTESIAN_POINT('',(-0.00196414009400356,0.0242353974968785,-0.00821323583873987));
#8354=CARTESIAN_POINT('',(-0.00191414009400355,0.0223797376960549,-0.00821323583873988));
#8355=CARTESIAN_POINT('',(-0.00186414009400353,0.0205240778952312,-0.00821323583873987));
#8356=CARTESIAN_POINT('',(-0.00181414009400355,0.0192119282664935,-0.00952538546747756));
#8357=CARTESIAN_POINT('',(-0.00176414009400356,0.0178997786377559,-0.0108375350962152));
#8358=CARTESIAN_POINT('',(-0.00171414009400355,0.0178997786377559,-0.0126931948970389));
#8359=CARTESIAN_POINT('',(-0.00166414009400353,0.0178997786377559,-0.0145488546978626));
#8360=CARTESIAN_POINT('',(-0.00161414009400355,0.0192119282664935,-0.0158610043266003));
#8361=CARTESIAN_POINT('',(-0.00156414009400357,0.0205240778952312,-0.0171731539553379));
#8362=CARTESIAN_POINT('',(-0.00151414009400355,0.0223797376960549,-0.0171731539553379));
#8363=CARTESIAN_POINT('',(-0.00146414009400355,0.0242353974968785,-0.0171731539553379));
#8364=CARTESIAN_POINT('',(-0.00141414009400355,0.0255475471256162,-0.0158610043266003));
#8365=CARTESIAN_POINT('',(-0.00136414009400358,0.0268596967543539,-0.0145488546978626));
#8366=CARTESIAN_POINT('',(-0.00131414009400355,0.0268596967543539,-0.0126931948970389));
#8367=CARTESIAN_POINT('',(-0.00126414009400356,0.0268596967543539,-0.0108375350962152));
#8368=CARTESIAN_POINT('',(-0.00121414009400355,0.0255475471256162,-0.00952538546747756));
#8369=CARTESIAN_POINT('',(-0.00116414009400353,0.0242353974968785,-0.00821323583873988));
#8370=CARTESIAN_POINT('',(-0.00111414009400355,0.0223797376960549,-0.00821323583873988));
#8371=CARTESIAN_POINT('',(-0.00106414009400356,0.0205240778952312,-0.00821323583873987));
#8372=CARTESIAN_POINT('',(-0.00101414009400355,0.0192119282664935,-0.00952538546747756));
#8373=CARTESIAN_POINT('',(-0.000964140094003539,0.0178997786377559,-0.0108375350962152));
#8374=CARTESIAN_POINT('',(-0.000914140094003552,0.0178997786377559,-0.0126931948970389));
#8375=CARTESIAN_POINT('',(-0.00086414009400355,0.0178997786377559,-0.0145488546978626));
#8376=CARTESIAN_POINT('',(-0.000814140094003549,0.0192119282664935,-0.0158610043266003));
#8377=CARTESIAN_POINT('',(-0.000764140094003536,0.0205240778952312,-0.0171731539553379));
#8378=CARTESIAN_POINT('',(-0.00071414009400355,0.0223797376960549,-0.0171731539553379));
#8379=CARTESIAN_POINT('',(-0.000664140094003546,0.0242353974968785,-0.0171731539553379));
#8380=CARTESIAN_POINT('',(-0.000614140094003551,0.0255475471256162,-0.0158610043266003));
#8381=CARTESIAN_POINT('',(-0.000564140094003556,0.0268596967543539,-0.0145488546978626));
#8382=CARTESIAN_POINT('',(-0.000514140094003551,0.0268596967543539,-0.0126931948970389));
#8383=CARTESIAN_POINT('',(-0.000464140094003545,0.0268596967543539,-0.0108375350962152));
#8384=CARTESIAN_POINT('',(-0.000414140094003552,0.0255475471256162,-0.00952538546747756));
#8385=CARTESIAN_POINT('',(-0.000364140094003553,0.0242353974968785,-0.00821323583873988));
#8386=CARTESIAN_POINT('',(-0.00031414009400355,0.0223797376960549,-0.00821323583873988));
#8387=CARTESIAN_POINT('',(-0.000264140094003539,0.0205240778952312,-0.00821323583873987));
#8388=CARTESIAN_POINT('',(-0.000214140094003552,0.0192119282664935,-0.00952538546747756));
#8389=CARTESIAN_POINT('',(-0.000164140094003551,0.0178997786377559,-0.0108375350962152));
#8390=CARTESIAN_POINT('',(-0.00011414009400355,0.0178997786377559,-0.0126931948970389));
#8391=CARTESIAN_POINT('',(-6.41400940035592E-5,0.0178997786377559,-0.0145488546978626));
#8392=CARTESIAN_POINT('',(-1.41400940035508E-5,0.0192119282664935,-0.0158610043266003));
#8393=CARTESIAN_POINT('',(3.58599059964518E-5,0.0205240778952312,-0.0171731539553379));
#8394=CARTESIAN_POINT('',(8.58599059964486E-5,0.0223797376960549,-0.0171731539553379));
#8395=CARTESIAN_POINT('',(0.000135859905996444,0.0242353974968785,-0.0171731539553379));
#8396=CARTESIAN_POINT('',(0.00018585990599645,0.0255475471256162,-0.0158610043266003));
#8397=CARTESIAN_POINT('',(0.000235859905996455,0.0268596967543539,-0.0145488546978626));
#8398=CARTESIAN_POINT('',(0.000285859905996449,0.0268596967543539,-0.0126931948970389));
#8399=CARTESIAN_POINT('',(0.000335859905996445,0.0268596967543539,-0.0108375350962152));
#8400=CARTESIAN_POINT('',(0.000385859905996448,0.0255475471256162,-0.00952538546747756));
#8401=CARTESIAN_POINT('',(0.000435859905996458,0.0242353974968785,-0.00821323583873988));
#8402=CARTESIAN_POINT('',(0.00048585990599645,0.0223797376960549,-0.00821323583873988));
#8403=CARTESIAN_POINT('',(0.000535859905996451,0.0205240778952312,-0.00821323583873987));
#8404=CARTESIAN_POINT('',(0.000585859905996449,0.0192119282664935,-0.00952538546747756));
#8405=CARTESIAN_POINT('',(0.000635859905996461,0.0178997786377559,-0.0108375350962152));
#8406=CARTESIAN_POINT('',(0.000685859905996449,0.0178997786377559,-0.0126931948970389));
#8407=CARTESIAN_POINT('',(0.000735859905996451,0.0178997786377559,-0.0145488546978626));
#8408=CARTESIAN_POINT('',(0.00078585990599645,0.0192119282664935,-0.0158610043266003));
#8409=CARTESIAN_POINT('',(0.000835859905996444,0.0205240778952312,-0.0171731539553379));
#8410=CARTESIAN_POINT('',(0.000885859905996449,0.0223797376960549,-0.0171731539553379));
#8411=CARTESIAN_POINT('',(0.000935859905996454,0.0242353974968785,-0.0171731539553379));
#8412=CARTESIAN_POINT('',(0.00098585990599645,0.0255475471256162,-0.0158610043266003));
#8413=CARTESIAN_POINT('',(0.00103585990599644,0.0268596967543539,-0.0145488546978626));
#8414=CARTESIAN_POINT('',(0.00108585990599645,0.0268596967543539,-0.0126931948970389));
#8415=CARTESIAN_POINT('',(0.00113585990599646,0.0268596967543539,-0.0108375350962152));
#8416=CARTESIAN_POINT('',(0.00118585990599645,0.0255475471256162,-0.00952538546747756));
#8417=CARTESIAN_POINT('',(0.00123585990599645,0.0242353974968785,-0.00821323583873988));
#8418=CARTESIAN_POINT('',(0.00128585990599645,0.0223797376960549,-0.00821323583873988));
#8419=CARTESIAN_POINT('',(0.00133585990599646,0.0205240778952312,-0.00821323583873987));
#8420=CARTESIAN_POINT('',(0.00138585990599645,0.0192119282664935,-0.00952538546747756));
#8421=CARTESIAN_POINT('',(0.00143585990599645,0.0178997786377559,-0.0108375350962152));
#8422=CARTESIAN_POINT('',(0.00148585990599645,0.0178997786377559,-0.0126931948970389));
#8423=CARTESIAN_POINT('',(0.00153585990599644,0.0178997786377559,-0.0145488546978626));
#8424=CARTESIAN_POINT('',(0.00158585990599645,0.0192119282664935,-0.0158610043266003));
#8425=CARTESIAN_POINT('',(0.00163585990599645,0.0205240778952312,-0.0171731539553379));
#8426=CARTESIAN_POINT('',(0.00168585990599645,0.0223797376960549,-0.0171731539553379));
#8427=CARTESIAN_POINT('',(0.00173585990599644,0.0242353974968785,-0.0171731539553379));
#8428=CARTESIAN_POINT('',(0.00178585990599645,0.0255475471256162,-0.0158610043266003));
#8429=CARTESIAN_POINT('',(0.00183585990599645,0.0268596967543539,-0.0145488546978626));
#8430=CARTESIAN_POINT('',(0.00188585990599645,0.0268596967543539,-0.0126931948970389));
#8431=CARTESIAN_POINT('',(0.00193585990599645,0.0268596967543539,-0.0108375350962152));
#8432=CARTESIAN_POINT('',(0.00198585990599645,0.0255475471256162,-0.00952538546747756));
#8433=CARTESIAN_POINT('',(0.00203585990599646,0.0242353974968785,-0.00821323583873988));
#8434=CARTESIAN_POINT('',(0.00208585990599645,0.0223797376960549,-0.00821323583873988));
#8435=CARTESIAN_POINT('',(0.00213585990599645,0.0205240778952312,-0.00821323583873987));
#8436=CARTESIAN_POINT('',(0.00218585990599645,0.0192119282664935,-0.00952538546747756));
#8437=CARTESIAN_POINT('',(0.00223585990599644,0.0178997786377559,-0.0108375350962152));
#8438=CARTESIAN_POINT('',(0.00228585990599645,0.0178997786377559,-0.0126931948970389));
#8439=CARTESIAN_POINT('',(-0.00536662646185141,0.0266469688305329,-0.0113290938710967));
#8440=CARTESIAN_POINT('',(-0.00533503971137493,0.0263160438728699,-0.0102938822147313));
#8441=CARTESIAN_POINT('',(-0.00530575582749375,0.0255475471256162,-0.00952538546747756));
#8442=CARTESIAN_POINT('',(-0.00525575582749378,0.0242353974968785,-0.00821323583873987));
#8443=CARTESIAN_POINT('',(-0.00520575582749375,0.0223797376960549,-0.00821323583873988));
#8444=CARTESIAN_POINT('',(-0.00515575582749376,0.0205240778952312,-0.00821323583873987));
#8445=CARTESIAN_POINT('',(-0.00510575582749375,0.0192119282664935,-0.00952538546747756));
#8446=CARTESIAN_POINT('',(-0.00505575582749374,0.0178997786377559,-0.0108375350962152));
#8447=CARTESIAN_POINT('',(-0.00500575582749375,0.0178997786377559,-0.0126931948970389));
#8448=CARTESIAN_POINT('',(-0.00495575582749377,0.0178997786377559,-0.0145488546978626));
#8449=CARTESIAN_POINT('',(-0.00490575582749375,0.0192119282664935,-0.0158610043266003));
#8450=CARTESIAN_POINT('',(-0.00485575582749375,0.0205240778952312,-0.0171731539553379));
#8451=CARTESIAN_POINT('',(-0.00480575582749375,0.0223797376960549,-0.0171731539553379));
#8452=CARTESIAN_POINT('',(-0.00475575582749378,0.0242353974968785,-0.0171731539553379));
#8453=CARTESIAN_POINT('',(-0.00470575582749375,0.0255475471256162,-0.0158610043266003));
#8454=CARTESIAN_POINT('',(-0.00465575582749375,0.0268596967543539,-0.0145488546978626));
#8455=CARTESIAN_POINT('',(-0.00460575582749375,0.0268596967543539,-0.0126931948970389));
#8456=CARTESIAN_POINT('',(-0.00455575582749379,0.0268596967543539,-0.0108375350962152));
#8457=CARTESIAN_POINT('',(-0.00450575582749375,0.0255475471256162,-0.00952538546747756));
#8458=CARTESIAN_POINT('',(-0.00445575582749376,0.0242353974968785,-0.00821323583873987));
#8459=CARTESIAN_POINT('',(-0.00440575582749375,0.0223797376960549,-0.00821323583873988));
#8460=CARTESIAN_POINT('',(-0.00435575582749374,0.0205240778952312,-0.00821323583873987));
#8461=CARTESIAN_POINT('',(-0.00430575582749375,0.0192119282664935,-0.00952538546747756));
#8462=CARTESIAN_POINT('',(-0.00425575582749377,0.0178997786377559,-0.0108375350962152));
#8463=CARTESIAN_POINT('',(-0.00420575582749375,0.0178997786377559,-0.0126931948970389));
#8464=CARTESIAN_POINT('',(-0.00415575582749375,0.0178997786377559,-0.0145488546978626));
#8465=CARTESIAN_POINT('',(-0.00410575582749375,0.0192119282664935,-0.0158610043266003));
#8466=CARTESIAN_POINT('',(-0.00405575582749378,0.0205240778952312,-0.0171731539553379));
#8467=CARTESIAN_POINT('',(-0.00400575582749375,0.0223797376960549,-0.0171731539553379));
#8468=CARTESIAN_POINT('',(-0.00395575582749375,0.0242353974968785,-0.0171731539553379));
#8469=CARTESIAN_POINT('',(-0.00390575582749375,0.0255475471256162,-0.0158610043266003));
#8470=CARTESIAN_POINT('',(-0.00385575582749379,0.0268596967543539,-0.0145488546978626));
#8471=CARTESIAN_POINT('',(-0.00380575582749375,0.0268596967543539,-0.0126931948970389));
#8472=CARTESIAN_POINT('',(-0.00375575582749376,0.0268596967543539,-0.0108375350962152));
#8473=CARTESIAN_POINT('',(-0.00370575582749375,0.0255475471256162,-0.00952538546747756));
#8474=CARTESIAN_POINT('',(-0.00365575582749373,0.0242353974968785,-0.00821323583873987));
#8475=CARTESIAN_POINT('',(-0.00360575582749376,0.0223797376960549,-0.00821323583873988));
#8476=CARTESIAN_POINT('',(-0.00355575582749377,0.0205240778952312,-0.00821323583873987));
#8477=CARTESIAN_POINT('',(-0.00350575582749376,0.0192119282664935,-0.00952538546747756));
#8478=CARTESIAN_POINT('',(-0.00345575582749374,0.0178997786377559,-0.0108375350962152));
#8479=CARTESIAN_POINT('',(-0.00340575582749375,0.0178997786377559,-0.0126931948970389));
#8480=CARTESIAN_POINT('',(-0.00335575582749378,0.0178997786377559,-0.0145488546978626));
#8481=CARTESIAN_POINT('',(-0.00330575582749375,0.0192119282664935,-0.0158610043266003));
#8482=CARTESIAN_POINT('',(-0.00325575582749375,0.0205240778952312,-0.0171731539553379));
#8483=CARTESIAN_POINT('',(-0.00320575582749375,0.0223797376960549,-0.0171731539553379));
#8484=CARTESIAN_POINT('',(-0.00315575582749379,0.0242353974968785,-0.0171731539553379));
#8485=CARTESIAN_POINT('',(-0.00310575582749376,0.0255475471256162,-0.0158610043266003));
#8486=CARTESIAN_POINT('',(-0.00305575582749376,0.0268596967543539,-0.0145488546978626));
#8487=CARTESIAN_POINT('',(-0.00300575582749376,0.0268596967543539,-0.0126931948970389));
#8488=CARTESIAN_POINT('',(-0.00295575582749374,0.0268596967543539,-0.0108375350962152));
#8489=CARTESIAN_POINT('',(-0.00290575582749376,0.0255475471256162,-0.00952538546747756));
#8490=CARTESIAN_POINT('',(-0.00285575582749377,0.0242353974968785,-0.00821323583873987));
#8491=CARTESIAN_POINT('',(-0.00280575582749375,0.0223797376960549,-0.00821323583873988));
#8492=CARTESIAN_POINT('',(-0.00275575582749375,0.0205240778952312,-0.00821323583873987));
#8493=CARTESIAN_POINT('',(-0.00270575582749375,0.0192119282664935,-0.00952538546747756));
#8494=CARTESIAN_POINT('',(-0.00265575582749378,0.0178997786377559,-0.0108375350962152));
#8495=CARTESIAN_POINT('',(-0.00260575582749375,0.0178997786377559,-0.0126931948970389));
#8496=CARTESIAN_POINT('',(-0.00255575582749376,0.0178997786377559,-0.0145488546978626));
#8497=CARTESIAN_POINT('',(-0.00250575582749376,0.0192119282664935,-0.0158610043266003));
#8498=CARTESIAN_POINT('',(-0.00245575582749379,0.0205240778952312,-0.0171731539553379));
#8499=CARTESIAN_POINT('',(-0.00240575582749376,0.0223797376960549,-0.0171731539553379));
#8500=CARTESIAN_POINT('',(-0.00235575582749376,0.0242353974968785,-0.0171731539553379));
#8501=CARTESIAN_POINT('',(-0.00230575582749375,0.0255475471256162,-0.0158610043266003));
#8502=CARTESIAN_POINT('',(-0.0022557558274938,0.0268596967543539,-0.0145488546978626));
#8503=CARTESIAN_POINT('',(-0.00220575582749375,0.0268596967543539,-0.0126931948970389));
#8504=CARTESIAN_POINT('',(-0.00215575582749377,0.0268596967543539,-0.0108375350962152));
#8505=CARTESIAN_POINT('',(-0.00210575582749375,0.0255475471256162,-0.00952538546747756));
#8506=CARTESIAN_POINT('',(-0.00205575582749375,0.0242353974968785,-0.00821323583873987));
#8507=CARTESIAN_POINT('',(-0.00200575582749375,0.0223797376960549,-0.00821323583873988));
#8508=CARTESIAN_POINT('',(-0.00195575582749378,0.0205240778952312,-0.00821323583873987));
#8509=CARTESIAN_POINT('',(-0.00190575582749376,0.0192119282664935,-0.00952538546747756));
#8510=CARTESIAN_POINT('',(-0.00185575582749376,0.0178997786377559,-0.0108375350962152));
#8511=CARTESIAN_POINT('',(-0.00180575582749375,0.0178997786377559,-0.0126931948970389));
#8512=CARTESIAN_POINT('',(-0.00175575582749378,0.0178997786377559,-0.0145488546978626));
#8513=CARTESIAN_POINT('',(-0.00170575582749375,0.0192119282664935,-0.0158610043266003));
#8514=CARTESIAN_POINT('',(-0.00165575582749377,0.0205240778952312,-0.0171731539553379));
#8515=CARTESIAN_POINT('',(-0.00160575582749375,0.0223797376960549,-0.0171731539553379));
#8516=CARTESIAN_POINT('',(-0.00155575582749374,0.0242353974968785,-0.0171731539553379));
#8517=CARTESIAN_POINT('',(-0.00150575582749375,0.0255475471256162,-0.0158610043266003));
#8518=CARTESIAN_POINT('',(-0.00145575582749377,0.0268596967543539,-0.0145488546978626));
#8519=CARTESIAN_POINT('',(-0.00140575582749375,0.0268596967543539,-0.0126931948970389));
#8520=CARTESIAN_POINT('',(-0.00135575582749375,0.0268596967543539,-0.0108375350962152));
#8521=CARTESIAN_POINT('',(-0.00130575582749375,0.0255475471256162,-0.00952538546747756));
#8522=CARTESIAN_POINT('',(-0.00125575582749378,0.0242353974968785,-0.00821323583873987));
#8523=CARTESIAN_POINT('',(-0.00120575582749375,0.0223797376960549,-0.00821323583873988));
#8524=CARTESIAN_POINT('',(-0.00115575582749376,0.0205240778952312,-0.00821323583873987));
#8525=CARTESIAN_POINT('',(-0.00110575582749375,0.0192119282664935,-0.00952538546747756));
#8526=CARTESIAN_POINT('',(-0.00105575582749379,0.0178997786377559,-0.0108375350962152));
#8527=CARTESIAN_POINT('',(-0.00100575582749375,0.0178997786377559,-0.0126931948970389));
#8528=CARTESIAN_POINT('',(-0.000955755827493766,0.0178997786377559,-0.0145488546978626));
#8529=CARTESIAN_POINT('',(-0.000905755827493752,0.0192119282664935,-0.0158610043266003));
#8530=CARTESIAN_POINT('',(-0.000855755827493754,0.0205240778952312,-0.0171731539553379));
#8531=CARTESIAN_POINT('',(-0.000805755827493752,0.0223797376960549,-0.0171731539553379));
#8532=CARTESIAN_POINT('',(-0.000755755827493763,0.0242353974968785,-0.0171731539553379));
#8533=CARTESIAN_POINT('',(-0.000705755827493753,0.0255475471256162,-0.0158610043266003));
#8534=CARTESIAN_POINT('',(-0.00065575582749375,0.0268596967543539,-0.0145488546978626));
#8535=CARTESIAN_POINT('',(-0.000605755827493754,0.0268596967543539,-0.0126931948970389));
#8536=CARTESIAN_POINT('',(-0.000555755827493761,0.0268596967543539,-0.0108375350962152));
#8537=CARTESIAN_POINT('',(-0.000505755827493751,0.0255475471256162,-0.00952538546747756));
#8538=CARTESIAN_POINT('',(-0.000455755827493769,0.0242353974968785,-0.00821323583873987));
#8539=CARTESIAN_POINT('',(-0.000405755827493752,0.0223797376960549,-0.00821323583873988));
#8540=CARTESIAN_POINT('',(-0.000355755827493757,0.0205240778952312,-0.00821323583873987));
#8541=CARTESIAN_POINT('',(-0.00030575582749375,0.0192119282664935,-0.00952538546747756));
#8542=CARTESIAN_POINT('',(-0.000255755827493767,0.0178997786377559,-0.0108375350962152));
#8543=CARTESIAN_POINT('',(-0.000205755827493751,0.0178997786377559,-0.0126931948970389));
#8544=CARTESIAN_POINT('',(-0.000155755827493756,0.0178997786377559,-0.0145488546978626));
#8545=CARTESIAN_POINT('',(-0.00010575582749375,0.0192119282664935,-0.0158610043266003));
#8546=CARTESIAN_POINT('',(-5.57558274937635E-5,0.0205240778952312,-0.0171731539553379));
#8547=CARTESIAN_POINT('',(-5.75582749375025E-6,0.0223797376960549,-0.0171731539553379));
#8548=CARTESIAN_POINT('',(4.42441725062494E-5,0.0242353974968785,-0.0171731539553379));
#8549=CARTESIAN_POINT('',(9.42441725062491E-5,0.0255475471256162,-0.0158610043266003));
#8550=CARTESIAN_POINT('',(0.000144244172506217,0.0268596967543539,-0.0145488546978626));
#8551=CARTESIAN_POINT('',(0.000194244172506251,0.0268596967543539,-0.0126931948970389));
#8552=CARTESIAN_POINT('',(0.000244244172506251,0.0268596967543539,-0.0108375350962152));
#8553=CARTESIAN_POINT('',(0.000294244172506229,0.0255475471256162,-0.00952538546747756));
#8554=CARTESIAN_POINT('',(0.000344244172506243,0.0242353974968785,-0.00821323583873987));
#8555=CARTESIAN_POINT('',(0.000394244172506229,0.0223797376960549,-0.00821323583873988));
#8556=CARTESIAN_POINT('',(0.000444244172506233,0.0205240778952312,-0.00821323583873987));
#8557=CARTESIAN_POINT('',(0.000494244172506229,0.0192119282664935,-0.00952538546747756));
#8558=CARTESIAN_POINT('',(0.000544244172506246,0.0178997786377559,-0.0108375350962152));
#8559=CARTESIAN_POINT('',(0.000594244172506229,0.0178997786377559,-0.0126931948970389));
#8560=CARTESIAN_POINT('',(0.000644244172506235,0.0178997786377559,-0.0145488546978626));
#8561=CARTESIAN_POINT('',(0.00069424417250623,0.0192119282664935,-0.0158610043266003));
#8562=CARTESIAN_POINT('',(0.000744244172506247,0.0205240778952312,-0.0171731539553379));
#8563=CARTESIAN_POINT('',(0.000794244172506229,0.0223797376960549,-0.0171731539553379));
#8564=CARTESIAN_POINT('',(0.000844244172506238,0.0242353974968785,-0.0171731539553379));
#8565=CARTESIAN_POINT('',(0.000894244172506229,0.0255475471256162,-0.0158610043266003));
#8566=CARTESIAN_POINT('',(0.000944244172506251,0.0268596967543539,-0.0145488546978626));
#8567=CARTESIAN_POINT('',(0.00099424417250623,0.0268596967543539,-0.0126931948970389));
#8568=CARTESIAN_POINT('',(0.00104424417250624,0.0268596967543539,-0.0108375350962152));
#8569=CARTESIAN_POINT('',(0.00109424417250623,0.0255475471256162,-0.00952538546747756));
#8570=CARTESIAN_POINT('',(0.00114424417250623,0.0242353974968785,-0.00821323583873987));
#8571=CARTESIAN_POINT('',(0.00119424417250625,0.0223797376960549,-0.00821323583873988));
#8572=CARTESIAN_POINT('',(0.00124424417250624,0.0205240778952312,-0.00821323583873987));
#8573=CARTESIAN_POINT('',(0.00129424417250623,0.0192119282664935,-0.00952538546747756));
#8574=CARTESIAN_POINT('',(0.00134424417250623,0.0178997786377559,-0.0108375350962152));
#8575=CARTESIAN_POINT('',(0.00139424417250623,0.0178997786377559,-0.0126931948970389));
#8576=CARTESIAN_POINT('',(0.00144424417250625,0.0178997786377559,-0.0145488546978626));
#8577=CARTESIAN_POINT('',(0.00149424417250623,0.0192119282664935,-0.0158610043266003));
#8578=CARTESIAN_POINT('',(0.00154424417250624,0.0205240778952312,-0.0171731539553379));
#8579=CARTESIAN_POINT('',(0.00159424417250623,0.0223797376960549,-0.0171731539553379));
#8580=CARTESIAN_POINT('',(0.00164424417250625,0.0242353974968785,-0.0171731539553379));
#8581=CARTESIAN_POINT('',(0.00169424417250623,0.0255475471256162,-0.0158610043266003));
#8582=CARTESIAN_POINT('',(0.00174424417250624,0.0268596967543539,-0.0145488546978626));
#8583=CARTESIAN_POINT('',(0.00179424417250623,0.0268596967543539,-0.0126931948970389));
#8584=CARTESIAN_POINT('',(0.00184424417250623,0.0268596967543539,-0.0108375350962152));
#8585=CARTESIAN_POINT('',(0.00189424417250623,0.0255475471256162,-0.00952538546747756));
#8586=CARTESIAN_POINT('',(0.00194424417250624,0.0242353974968785,-0.00821323583873987));
#8587=CARTESIAN_POINT('',(0.00199424417250623,0.0223797376960549,-0.00821323583873988));
#8588=CARTESIAN_POINT('',(0.00204424417250623,0.0205240778952312,-0.00821323583873987));
#8589=CARTESIAN_POINT('',(0.00209424417250623,0.0192119282664935,-0.00952538546747756));
#8590=CARTESIAN_POINT('',(0.00214424417250624,0.0178997786377559,-0.0108375350962152));
#8591=CARTESIAN_POINT('',(0.00219424417250623,0.0178997786377559,-0.0126931948970389));
#8592=CARTESIAN_POINT('',(-0.00563789437384559,0.0272375675339242,-0.011140297841112));
#8593=CARTESIAN_POINT('',(-0.00560630762336911,0.0268608414830566,-0.0099618095159379));
#8594=CARTESIAN_POINT('',(-0.00557702373948793,0.0259859822801062,-0.00908695031298751));
#8595=CARTESIAN_POINT('',(-0.00552702373948797,0.0244922268641576,-0.00759319489703889));
#8596=CARTESIAN_POINT('',(-0.00547702373948793,0.0223797376960549,-0.00759319489703889));
#8597=CARTESIAN_POINT('',(-0.00542702373948794,0.0202672485279521,-0.00759319489703889));
#8598=CARTESIAN_POINT('',(-0.00537702373948793,0.0187734931120035,-0.00908695031298751));
#8599=CARTESIAN_POINT('',(-0.00532702373948797,0.0172797376960548,-0.0105807057289361));
#8600=CARTESIAN_POINT('',(-0.00527702373948793,0.0172797376960549,-0.0126931948970389));
#8601=CARTESIAN_POINT('',(-0.00522702373948795,0.0172797376960548,-0.0148056840651417));
#8602=CARTESIAN_POINT('',(-0.00517702373948793,0.0187734931120035,-0.0162994394810903));
#8603=CARTESIAN_POINT('',(-0.00512702373948793,0.020267248527952,-0.0177931948970389));
#8604=CARTESIAN_POINT('',(-0.00507702373948793,0.0223797376960549,-0.0177931948970389));
#8605=CARTESIAN_POINT('',(-0.00502702373948796,0.0244922268641576,-0.0177931948970389));
#8606=CARTESIAN_POINT('',(-0.00497702373948793,0.0259859822801062,-0.0162994394810903));
#8607=CARTESIAN_POINT('',(-0.00492702373948794,0.0274797376960548,-0.0148056840651417));
#8608=CARTESIAN_POINT('',(-0.00487702373948793,0.0274797376960549,-0.0126931948970389));
#8609=CARTESIAN_POINT('',(-0.00482702373948797,0.0274797376960548,-0.0105807057289361));
#8610=CARTESIAN_POINT('',(-0.00477702373948793,0.0259859822801062,-0.00908695031298751));
#8611=CARTESIAN_POINT('',(-0.00472702373948795,0.0244922268641576,-0.00759319489703889));
#8612=CARTESIAN_POINT('',(-0.00467702373948793,0.0223797376960549,-0.00759319489703889));
#8613=CARTESIAN_POINT('',(-0.00462702373948792,0.0202672485279521,-0.00759319489703889));
#8614=CARTESIAN_POINT('',(-0.00457702373948793,0.0187734931120035,-0.00908695031298751));
#8615=CARTESIAN_POINT('',(-0.00452702373948795,0.0172797376960548,-0.0105807057289361));
#8616=CARTESIAN_POINT('',(-0.00447702373948793,0.0172797376960549,-0.0126931948970389));
#8617=CARTESIAN_POINT('',(-0.00442702373948793,0.0172797376960548,-0.0148056840651417));
#8618=CARTESIAN_POINT('',(-0.00437702373948793,0.0187734931120035,-0.0162994394810903));
#8619=CARTESIAN_POINT('',(-0.00432702373948796,0.020267248527952,-0.0177931948970389));
#8620=CARTESIAN_POINT('',(-0.00427702373948793,0.0223797376960549,-0.0177931948970389));
#8621=CARTESIAN_POINT('',(-0.00422702373948794,0.0244922268641576,-0.0177931948970389));
#8622=CARTESIAN_POINT('',(-0.00417702373948793,0.0259859822801062,-0.0162994394810903));
#8623=CARTESIAN_POINT('',(-0.00412702373948797,0.0274797376960548,-0.0148056840651417));
#8624=CARTESIAN_POINT('',(-0.00407702373948793,0.0274797376960549,-0.0126931948970389));
#8625=CARTESIAN_POINT('',(-0.00402702373948795,0.0274797376960548,-0.0105807057289361));
#8626=CARTESIAN_POINT('',(-0.00397702373948793,0.0259859822801062,-0.00908695031298751));
#8627=CARTESIAN_POINT('',(-0.00392702373948792,0.0244922268641576,-0.00759319489703889));
#8628=CARTESIAN_POINT('',(-0.00387702373948793,0.0223797376960549,-0.00759319489703889));
#8629=CARTESIAN_POINT('',(-0.00382702373948795,0.0202672485279521,-0.00759319489703889));
#8630=CARTESIAN_POINT('',(-0.00377702373948793,0.0187734931120035,-0.00908695031298751));
#8631=CARTESIAN_POINT('',(-0.00372702373948793,0.0172797376960548,-0.0105807057289361));
#8632=CARTESIAN_POINT('',(-0.00367702373948793,0.0172797376960549,-0.0126931948970389));
#8633=CARTESIAN_POINT('',(-0.00362702373948796,0.0172797376960548,-0.0148056840651417));
#8634=CARTESIAN_POINT('',(-0.00357702373948793,0.0187734931120035,-0.0162994394810903));
#8635=CARTESIAN_POINT('',(-0.00352702373948794,0.020267248527952,-0.0177931948970389));
#8636=CARTESIAN_POINT('',(-0.00347702373948793,0.0223797376960549,-0.0177931948970389));
#8637=CARTESIAN_POINT('',(-0.00342702373948797,0.0244922268641576,-0.0177931948970389));
#8638=CARTESIAN_POINT('',(-0.00337702373948793,0.0259859822801062,-0.0162994394810903));
#8639=CARTESIAN_POINT('',(-0.00332702373948795,0.0274797376960548,-0.0148056840651417));
#8640=CARTESIAN_POINT('',(-0.00327702373948793,0.0274797376960549,-0.0126931948970389));
#8641=CARTESIAN_POINT('',(-0.00322702373948792,0.0274797376960548,-0.0105807057289361));
#8642=CARTESIAN_POINT('',(-0.00317702373948793,0.0259859822801062,-0.00908695031298751));
#8643=CARTESIAN_POINT('',(-0.00312702373948796,0.0244922268641576,-0.00759319489703889));
#8644=CARTESIAN_POINT('',(-0.00307702373948793,0.0223797376960549,-0.00759319489703889));
#8645=CARTESIAN_POINT('',(-0.00302702373948793,0.0202672485279521,-0.00759319489703889));
#8646=CARTESIAN_POINT('',(-0.00297702373948793,0.0187734931120035,-0.00908695031298751));
#8647=CARTESIAN_POINT('',(-0.00292702373948796,0.0172797376960548,-0.0105807057289361));
#8648=CARTESIAN_POINT('',(-0.00287702373948793,0.0172797376960549,-0.0126931948970389));
#8649=CARTESIAN_POINT('',(-0.00282702373948794,0.0172797376960548,-0.0148056840651417));
#8650=CARTESIAN_POINT('',(-0.00277702373948793,0.0187734931120035,-0.0162994394810903));
#8651=CARTESIAN_POINT('',(-0.00272702373948797,0.020267248527952,-0.0177931948970389));
#8652=CARTESIAN_POINT('',(-0.00267702373948793,0.0223797376960549,-0.0177931948970389));
#8653=CARTESIAN_POINT('',(-0.00262702373948795,0.0244922268641576,-0.0177931948970389));
#8654=CARTESIAN_POINT('',(-0.00257702373948793,0.0259859822801062,-0.0162994394810903));
#8655=CARTESIAN_POINT('',(-0.00252702373948793,0.0274797376960548,-0.0148056840651417));
#8656=CARTESIAN_POINT('',(-0.00247702373948793,0.0274797376960549,-0.0126931948970389));
#8657=CARTESIAN_POINT('',(-0.00242702373948795,0.0274797376960548,-0.0105807057289361));
#8658=CARTESIAN_POINT('',(-0.00237702373948793,0.0259859822801062,-0.00908695031298751));
#8659=CARTESIAN_POINT('',(-0.00232702373948793,0.0244922268641576,-0.00759319489703889));
#8660=CARTESIAN_POINT('',(-0.00227702373948793,0.0223797376960549,-0.00759319489703889));
#8661=CARTESIAN_POINT('',(-0.00222702373948796,0.0202672485279521,-0.00759319489703889));
#8662=CARTESIAN_POINT('',(-0.00217702373948793,0.0187734931120035,-0.00908695031298751));
#8663=CARTESIAN_POINT('',(-0.00212702373948794,0.0172797376960548,-0.0105807057289361));
#8664=CARTESIAN_POINT('',(-0.00207702373948793,0.0172797376960549,-0.0126931948970389));
#8665=CARTESIAN_POINT('',(-0.00202702373948797,0.0172797376960548,-0.0148056840651417));
#8666=CARTESIAN_POINT('',(-0.00197702373948793,0.0187734931120035,-0.0162994394810903));
#8667=CARTESIAN_POINT('',(-0.00192702373948795,0.020267248527952,-0.0177931948970389));
#8668=CARTESIAN_POINT('',(-0.00187702373948793,0.0223797376960549,-0.0177931948970389));
#8669=CARTESIAN_POINT('',(-0.00182702373948793,0.0244922268641576,-0.0177931948970389));
#8670=CARTESIAN_POINT('',(-0.00177702373948793,0.0259859822801062,-0.0162994394810903));
#8671=CARTESIAN_POINT('',(-0.00172702373948796,0.0274797376960548,-0.0148056840651417));
#8672=CARTESIAN_POINT('',(-0.00167702373948793,0.0274797376960549,-0.0126931948970389));
#8673=CARTESIAN_POINT('',(-0.00162702373948793,0.0274797376960548,-0.0105807057289361));
#8674=CARTESIAN_POINT('',(-0.00157702373948793,0.0259859822801062,-0.00908695031298751));
#8675=CARTESIAN_POINT('',(-0.00152702373948796,0.0244922268641576,-0.00759319489703889));
#8676=CARTESIAN_POINT('',(-0.00147702373948793,0.0223797376960549,-0.00759319489703889));
#8677=CARTESIAN_POINT('',(-0.00142702373948794,0.0202672485279521,-0.00759319489703889));
#8678=CARTESIAN_POINT('',(-0.00137702373948793,0.0187734931120035,-0.00908695031298751));
#8679=CARTESIAN_POINT('',(-0.00132702373948797,0.0172797376960548,-0.0105807057289361));
#8680=CARTESIAN_POINT('',(-0.00127702373948793,0.0172797376960549,-0.0126931948970389));
#8681=CARTESIAN_POINT('',(-0.00122702373948795,0.0172797376960548,-0.0148056840651417));
#8682=CARTESIAN_POINT('',(-0.00117702373948793,0.0187734931120035,-0.0162994394810903));
#8683=CARTESIAN_POINT('',(-0.00112702373948793,0.020267248527952,-0.0177931948970389));
#8684=CARTESIAN_POINT('',(-0.00107702373948793,0.0223797376960549,-0.0177931948970389));
#8685=CARTESIAN_POINT('',(-0.00102702373948796,0.0244922268641576,-0.0177931948970389));
#8686=CARTESIAN_POINT('',(-0.000977023739487931,0.0259859822801062,-0.0162994394810903));
#8687=CARTESIAN_POINT('',(-0.000927023739487944,0.0274797376960548,-0.0148056840651417));
#8688=CARTESIAN_POINT('',(-0.000877023739487932,0.0274797376960549,-0.0126931948970389));
#8689=CARTESIAN_POINT('',(-0.000827023739487933,0.0274797376960548,-0.0105807057289361));
#8690=CARTESIAN_POINT('',(-0.000777023739487932,0.0259859822801062,-0.00908695031298751));
#8691=CARTESIAN_POINT('',(-0.000727023739487943,0.0244922268641576,-0.00759319489703889));
#8692=CARTESIAN_POINT('',(-0.00067702373948793,0.0223797376960549,-0.00759319489703889));
#8693=CARTESIAN_POINT('',(-0.000627023739487932,0.0202672485279521,-0.00759319489703889));
#8694=CARTESIAN_POINT('',(-0.00057702373948793,0.0187734931120035,-0.00908695031298751));
#8695=CARTESIAN_POINT('',(-0.000527023739487939,0.0172797376960548,-0.0105807057289361));
#8696=CARTESIAN_POINT('',(-0.000477023739487931,0.0172797376960549,-0.0126931948970389));
#8697=CARTESIAN_POINT('',(-0.000427023739487947,0.0172797376960548,-0.0148056840651417));
#8698=CARTESIAN_POINT('',(-0.000377023739487931,0.0187734931120035,-0.0162994394810903));
#8699=CARTESIAN_POINT('',(-0.000327023739487957,0.020267248527952,-0.0177931948970389));
#8700=CARTESIAN_POINT('',(-0.00027702373948793,0.0223797376960549,-0.0177931948970389));
#8701=CARTESIAN_POINT('',(-0.000227023739487944,0.0244922268641576,-0.0177931948970389));
#8702=CARTESIAN_POINT('',(-0.000177023739487931,0.0259859822801062,-0.0162994394810903));
#8703=CARTESIAN_POINT('',(-0.000127023739487937,0.0274797376960548,-0.0148056840651417));
#8704=CARTESIAN_POINT('',(-7.70237394879309E-5,0.0274797376960549,-0.0126931948970389));
#8705=CARTESIAN_POINT('',(-2.70237394879428E-5,0.0274797376960548,-0.0105807057289361));
#8706=CARTESIAN_POINT('',(2.2976260512068E-5,0.0259859822801062,-0.00908695031298751));
#8707=CARTESIAN_POINT('',(7.29762605120681E-5,0.0244922268641576,-0.00759319489703889));
#8708=CARTESIAN_POINT('',(0.000122976260512067,0.0223797376960549,-0.00759319489703889));
#8709=CARTESIAN_POINT('',(0.000172976260512058,0.0202672485279521,-0.00759319489703889));
#8710=CARTESIAN_POINT('',(0.000222976260512067,0.0187734931120035,-0.00908695031298751));
#8711=CARTESIAN_POINT('',(0.000272976260512051,0.0172797376960548,-0.0105807057289361));
#8712=CARTESIAN_POINT('',(0.000322976260512049,0.0172797376960549,-0.0126931948970389));
#8713=CARTESIAN_POINT('',(0.000372976260512043,0.0172797376960548,-0.0148056840651417));
#8714=CARTESIAN_POINT('',(0.000422976260512049,0.0187734931120035,-0.0162994394810903));
#8715=CARTESIAN_POINT('',(0.000472976260512056,0.020267248527952,-0.0177931948970389));
#8716=CARTESIAN_POINT('',(0.00052297626051205,0.0223797376960549,-0.0177931948970389));
#8717=CARTESIAN_POINT('',(0.000572976260512064,0.0244922268641576,-0.0177931948970389));
#8718=CARTESIAN_POINT('',(0.000622976260512049,0.0259859822801062,-0.0162994394810903));
#8719=CARTESIAN_POINT('',(0.000672976260512059,0.0274797376960548,-0.0148056840651417));
#8720=CARTESIAN_POINT('',(0.000722976260512049,0.0274797376960549,-0.0126931948970389));
#8721=CARTESIAN_POINT('',(0.000772976260512048,0.0274797376960548,-0.0105807057289361));
#8722=CARTESIAN_POINT('',(0.00082297626051205,0.0259859822801062,-0.00908695031298751));
#8723=CARTESIAN_POINT('',(0.00087297626051206,0.0244922268641576,-0.00759319489703889));
#8724=CARTESIAN_POINT('',(0.00092297626051205,0.0223797376960549,-0.00759319489703889));
#8725=CARTESIAN_POINT('',(0.00097297626051205,0.0202672485279521,-0.00759319489703889));
#8726=CARTESIAN_POINT('',(0.00102297626051205,0.0187734931120035,-0.00908695031298751));
#8727=CARTESIAN_POINT('',(0.00107297626051204,0.0172797376960548,-0.0105807057289361));
#8728=CARTESIAN_POINT('',(0.00112297626051205,0.0172797376960549,-0.0126931948970389));
#8729=CARTESIAN_POINT('',(0.00117297626051205,0.0172797376960548,-0.0148056840651417));
#8730=CARTESIAN_POINT('',(0.00122297626051205,0.0187734931120035,-0.0162994394810903));
#8731=CARTESIAN_POINT('',(0.00127297626051206,0.020267248527952,-0.0177931948970389));
#8732=CARTESIAN_POINT('',(0.00132297626051205,0.0223797376960549,-0.0177931948970389));
#8733=CARTESIAN_POINT('',(0.00137297626051206,0.0244922268641576,-0.0177931948970389));
#8734=CARTESIAN_POINT('',(0.00142297626051205,0.0259859822801062,-0.0162994394810903));
#8735=CARTESIAN_POINT('',(0.00147297626051207,0.0274797376960548,-0.0148056840651417));
#8736=CARTESIAN_POINT('',(0.00152297626051205,0.0274797376960549,-0.0126931948970389));
#8737=CARTESIAN_POINT('',(0.00157297626051206,0.0274797376960548,-0.0105807057289361));
#8738=CARTESIAN_POINT('',(0.00162297626051205,0.0259859822801062,-0.00908695031298751));
#8739=CARTESIAN_POINT('',(0.00167297626051207,0.0244922268641576,-0.00759319489703889));
#8740=CARTESIAN_POINT('',(0.00172297626051205,0.0223797376960549,-0.00759319489703889));
#8741=CARTESIAN_POINT('',(0.00177297626051204,0.0202672485279521,-0.00759319489703889));
#8742=CARTESIAN_POINT('',(0.00182297626051205,0.0187734931120035,-0.00908695031298751));
#8743=CARTESIAN_POINT('',(0.00187297626051205,0.0172797376960548,-0.0105807057289361));
#8744=CARTESIAN_POINT('',(0.00192297626051205,0.0172797376960549,-0.0126931948970389));
#8745=CARTESIAN_POINT('',(-0.00497221599020207,0.0261256330420732,-0.0161541583549042));
#8746=CARTESIAN_POINT('',(-0.00492425188650994,0.0274797376960548,-0.014688573877309));
#8747=CARTESIAN_POINT('',(-0.00487702373948795,0.0274797376960549,-0.0126931948970389));
#8748=CARTESIAN_POINT('',(-0.00482702373948796,0.0274797376960549,-0.0105807057289361));
#8749=CARTESIAN_POINT('',(-0.00477702373948795,0.0259859822801063,-0.00908695031298751));
#8750=CARTESIAN_POINT('',(-0.00472702373948795,0.0244922268641576,-0.00759319489703889));
#8751=CARTESIAN_POINT('',(-0.00467702373948795,0.0223797376960549,-0.0075931948970389));
#8752=CARTESIAN_POINT('',(-0.00467702373948795,0.0223797376960549,-0.0075931948970389));
#8753=CARTESIAN_POINT('',(-0.00467702373948795,0.0223797376960549,-0.0075931948970389));
#8754=CARTESIAN_POINT('',(-0.00462702373948792,0.0202672485279521,-0.00759319489703889));
#8755=CARTESIAN_POINT('',(-0.00457702373948795,0.0187734931120035,-0.00908695031298751));
#8756=CARTESIAN_POINT('',(-0.00452702373948796,0.0172797376960548,-0.0105807057289361));
#8757=CARTESIAN_POINT('',(-0.00447702373948795,0.0172797376960549,-0.0126931948970389));
#8758=CARTESIAN_POINT('',(-0.00442702373948793,0.0172797376960548,-0.0148056840651417));
#8759=CARTESIAN_POINT('',(-0.00437702373948795,0.0187734931120035,-0.0162994394810903));
#8760=CARTESIAN_POINT('',(-0.00432702373948798,0.0202672485279508,-0.0177931948970377));
#8761=CARTESIAN_POINT('',(-0.00427702373948793,0.0223797376960548,-0.0177931948970389));
#8762=CARTESIAN_POINT('',(-0.00427702373948795,0.0223797376960549,-0.0177931948970389));
#8763=CARTESIAN_POINT('',(-0.00427702373948792,0.0223797376960549,-0.0177931948970389));
#8764=CARTESIAN_POINT('',(-0.00422702373948797,0.0244922268641564,-0.0177931948970401));
#8765=CARTESIAN_POINT('',(-0.00417702373948795,0.0259859822801063,-0.0162994394810903));
#8766=CARTESIAN_POINT('',(-0.00412702373948797,0.0274797376960549,-0.0148056840651417));
#8767=CARTESIAN_POINT('',(-0.00407702373948795,0.0274797376960549,-0.0126931948970389));
#8768=CARTESIAN_POINT('',(-0.00402702373948795,0.0274797376960549,-0.0105807057289361));
#8769=CARTESIAN_POINT('',(-0.00397702373948795,0.0259859822801063,-0.00908695031298751));
#8770=CARTESIAN_POINT('',(-0.00392702373948798,0.024492226864159,-0.00759319489704028));
#8771=CARTESIAN_POINT('',(-0.00387702373948794,0.0223797376960549,-0.0075931948970389));
#8772=CARTESIAN_POINT('',(-0.00387702373948795,0.0223797376960549,-0.0075931948970389));
#8773=CARTESIAN_POINT('',(-0.00387702373948798,0.0223797376960549,-0.00759319489703889));
#8774=CARTESIAN_POINT('',(-0.003827023739488,0.0202672485279535,-0.00759319489703752));
#8775=CARTESIAN_POINT('',(-0.00377702373948795,0.0187734931120035,-0.00908695031298751));
#8776=CARTESIAN_POINT('',(-0.00372702373948793,0.0172797376960548,-0.0105807057289361));
#8777=CARTESIAN_POINT('',(-0.00367702373948795,0.0172797376960549,-0.0126931948970389));
#8778=CARTESIAN_POINT('',(-0.00362702373948796,0.0172797376960548,-0.0148056840651417));
#8779=CARTESIAN_POINT('',(-0.00357702373948795,0.0187734931120035,-0.0162994394810903));
#8780=CARTESIAN_POINT('',(-0.00352702373948794,0.0202672485279521,-0.0177931948970389));
#8781=CARTESIAN_POINT('',(-0.00347702373948796,0.0223797376960549,-0.0177931948970389));
#8782=CARTESIAN_POINT('',(-0.00347702373948796,0.0223797376960549,-0.0177931948970389));
#8783=CARTESIAN_POINT('',(-0.00347702373948796,0.0223797376960549,-0.0177931948970389));
#8784=CARTESIAN_POINT('',(-0.00342702373948792,0.0244922268641576,-0.0177931948970389));
#8785=CARTESIAN_POINT('',(-0.00337702373948796,0.0259859822801063,-0.0162994394810903));
#8786=CARTESIAN_POINT('',(-0.00332702373948795,0.0274797376960549,-0.0148056840651417));
#8787=CARTESIAN_POINT('',(-0.00327702373948795,0.0274797376960549,-0.0126931948970389));
#8788=CARTESIAN_POINT('',(-0.00322702373948793,0.0274797376960549,-0.0105807057289361));
#8789=CARTESIAN_POINT('',(-0.00317702373948795,0.0259859822801063,-0.00908695031298751));
#8790=CARTESIAN_POINT('',(-0.00312702373948796,0.0244922268641576,-0.00759319489703889));
#8791=CARTESIAN_POINT('',(-0.00307702373948795,0.0223797376960549,-0.0075931948970389));
#8792=CARTESIAN_POINT('',(-0.00307702373948795,0.0223797376960549,-0.0075931948970389));
#8793=CARTESIAN_POINT('',(-0.00307702373948795,0.0223797376960549,-0.0075931948970389));
#8794=CARTESIAN_POINT('',(-0.00302702373948793,0.0202672485279521,-0.00759319489703889));
#8795=CARTESIAN_POINT('',(-0.00297702373948796,0.0187734931120035,-0.00908695031298751));
#8796=CARTESIAN_POINT('',(-0.00292702373948797,0.0172797376960548,-0.0105807057289361));
#8797=CARTESIAN_POINT('',(-0.00287702373948796,0.0172797376960549,-0.0126931948970389));
#8798=CARTESIAN_POINT('',(-0.00282702373948794,0.0172797376960548,-0.0148056840651417));
#8799=CARTESIAN_POINT('',(-0.00277702373948796,0.0187734931120035,-0.0162994394810903));
#8800=CARTESIAN_POINT('',(-0.00272702373948791,0.0202672485279521,-0.0177931948970389));
#8801=CARTESIAN_POINT('',(-0.00267702373948795,0.0223797376960549,-0.0177931948970389));
#8802=CARTESIAN_POINT('',(-0.00267702373948795,0.0223797376960549,-0.0177931948970389));
#8803=CARTESIAN_POINT('',(-0.00267702373948795,0.0223797376960549,-0.0177931948970389));
#8804=CARTESIAN_POINT('',(-0.00262702373948794,0.0244922268641576,-0.0177931948970389));
#8805=CARTESIAN_POINT('',(-0.00257702373948795,0.0259859822801063,-0.0162994394810903));
#8806=CARTESIAN_POINT('',(-0.00252702373948792,0.0274797376960549,-0.0148056840651417));
#8807=CARTESIAN_POINT('',(-0.00247702373948795,0.0274797376960549,-0.0126931948970389));
#8808=CARTESIAN_POINT('',(-0.00242702373948795,0.0274797376960549,-0.0105807057289361));
#8809=CARTESIAN_POINT('',(-0.00237702373948796,0.0259859822801063,-0.00908695031298751));
#8810=CARTESIAN_POINT('',(-0.00232702373948793,0.0244922268641576,-0.00759319489703889));
#8811=CARTESIAN_POINT('',(-0.00227702373948796,0.0223797376960549,-0.0075931948970389));
#8812=CARTESIAN_POINT('',(-0.00227702373948796,0.0223797376960549,-0.0075931948970389));
#8813=CARTESIAN_POINT('',(-0.00227702373948796,0.0223797376960549,-0.0075931948970389));
#8814=CARTESIAN_POINT('',(-0.00222702373948797,0.0202672485279521,-0.00759319489703889));
#8815=CARTESIAN_POINT('',(-0.00217702373948795,0.0187734931120035,-0.00908695031298751));
#8816=CARTESIAN_POINT('',(-0.00212702373948794,0.0172797376960548,-0.0105807057289361));
#8817=CARTESIAN_POINT('',(-0.00207702373948795,0.0172797376960549,-0.0126931948970389));
#8818=CARTESIAN_POINT('',(-0.00202702373948797,0.0172797376960548,-0.0148056840651417));
#8819=CARTESIAN_POINT('',(-0.00197702373948795,0.0187734931120035,-0.0162994394810903));
#8820=CARTESIAN_POINT('',(-0.00192702373948795,0.0202672485279521,-0.0177931948970389));
#8821=CARTESIAN_POINT('',(-0.001877023739488,0.0223797376960549,-0.0177931948970389));
#8822=CARTESIAN_POINT('',(-0.00187702373948795,0.0223797376960549,-0.0177931948970389));
#8823=CARTESIAN_POINT('',(-0.0018770237394879,0.0223797376960549,-0.0177931948970389));
#8824=CARTESIAN_POINT('',(-0.00182702373948792,0.0244922268641577,-0.0177931948970388));
#8825=CARTESIAN_POINT('',(-0.00177702373948795,0.0259859822801063,-0.0162994394810903));
#8826=CARTESIAN_POINT('',(-0.00172702373948796,0.0274797376960549,-0.0148056840651417));
#8827=CARTESIAN_POINT('',(-0.00167702373948795,0.0274797376960549,-0.0126931948970389));
#8828=CARTESIAN_POINT('',(-0.00162702373948794,0.0274797376960549,-0.0105807057289361));
#8829=CARTESIAN_POINT('',(-0.00157702373948795,0.0259859822801063,-0.00908695031298751));
#8830=CARTESIAN_POINT('',(-0.00152702373948797,0.0244922268641576,-0.0075931948970389));
#8831=CARTESIAN_POINT('',(-0.00147702373948795,0.0223797376960549,-0.0075931948970389));
#8832=CARTESIAN_POINT('',(-0.00147702373948795,0.0223797376960549,-0.0075931948970389));
#8833=CARTESIAN_POINT('',(-0.00147702373948795,0.0223797376960549,-0.0075931948970389));
#8834=CARTESIAN_POINT('',(-0.00142702373948794,0.0202672485279521,-0.00759319489703889));
#8835=CARTESIAN_POINT('',(-0.00137702373948795,0.0187734931120035,-0.00908695031298751));
#8836=CARTESIAN_POINT('',(-0.00132702373948792,0.0172797376960548,-0.0105807057289361));
#8837=CARTESIAN_POINT('',(-0.00127702373948795,0.0172797376960549,-0.0126931948970389));
#8838=CARTESIAN_POINT('',(-0.00122702373948795,0.0172797376960548,-0.0148056840651417));
#8839=CARTESIAN_POINT('',(-0.00117702373948795,0.0187734931120035,-0.0162994394810903));
#8840=CARTESIAN_POINT('',(-0.00112702373948798,0.0202672485279518,-0.0177931948970387));
#8841=CARTESIAN_POINT('',(-0.00107702373948796,0.0223797376960548,-0.0177931948970389));
#8842=CARTESIAN_POINT('',(-0.00107702373948795,0.0223797376960549,-0.0177931948970389));
#8843=CARTESIAN_POINT('',(-0.00107702373948796,0.0223797376960548,-0.0177931948970389));
#8844=CARTESIAN_POINT('',(-0.00102702373948797,0.0244922268641574,-0.0177931948970392));
#8845=CARTESIAN_POINT('',(-0.000977023739487951,0.0259859822801063,-0.0162994394810903));
#8846=CARTESIAN_POINT('',(-0.000927023739487936,0.0274797376960549,-0.0148056840651417));
#8847=CARTESIAN_POINT('',(-0.000877023739487951,0.0274797376960549,-0.0126931948970389));
#8848=CARTESIAN_POINT('',(-0.000827023739487945,0.0274797376960549,-0.0105807057289361));
#8849=CARTESIAN_POINT('',(-0.000777023739487952,0.0259859822801063,-0.00908695031298751));
#8850=CARTESIAN_POINT('',(-0.000727023739487979,0.0244922268641582,-0.00759319489703947));
#8851=CARTESIAN_POINT('',(-0.00067702373948793,0.0223797376960549,-0.00759319489703889));
#8852=CARTESIAN_POINT('',(-0.000677023739487952,0.0223797376960549,-0.0075931948970389));
#8853=CARTESIAN_POINT('',(-0.000677023739487938,0.0223797376960549,-0.00759319489703889));
#8854=CARTESIAN_POINT('',(-0.000627023739487971,0.0202672485279526,-0.00759319489703833));
#8855=CARTESIAN_POINT('',(-0.000577023739487953,0.0187734931120035,-0.00908695031298751));
#8856=CARTESIAN_POINT('',(-0.000527023739487952,0.0172797376960548,-0.0105807057289361));
#8857=CARTESIAN_POINT('',(-0.00047702373948795,0.0172797376960549,-0.0126931948970389));
#8858=CARTESIAN_POINT('',(-0.000427023739487939,0.0172797376960548,-0.0148056840651417));
#8859=CARTESIAN_POINT('',(-0.000377023739487951,0.0187734931120035,-0.0162994394810903));
#8860=CARTESIAN_POINT('',(-0.000327023739487948,0.0202672485279521,-0.0177931948970389));
#8861=CARTESIAN_POINT('',(-0.00027702373948795,0.0223797376960549,-0.0177931948970389));
#8862=CARTESIAN_POINT('',(-0.00027702373948795,0.0223797376960549,-0.0177931948970389));
#8863=CARTESIAN_POINT('',(-0.00027702373948795,0.0223797376960549,-0.0177931948970389));
#8864=CARTESIAN_POINT('',(-0.000227023739487935,0.0244922268641576,-0.0177931948970389));
#8865=CARTESIAN_POINT('',(-0.00017702373948795,0.0259859822801063,-0.0162994394810903));
#8866=CARTESIAN_POINT('',(-0.000127023739487945,0.0274797376960549,-0.0148056840651417));
#8867=CARTESIAN_POINT('',(-7.70237394879508E-5,0.0274797376960549,-0.0126931948970389));
#8868=CARTESIAN_POINT('',(-2.70237394879325E-5,0.0274797376960549,-0.0105807057289361));
#8869=CARTESIAN_POINT('',(2.29762605120504E-5,0.0259859822801063,-0.00908695031298751));
#8870=CARTESIAN_POINT('',(7.29762605120578E-5,0.0244922268641576,-0.0075931948970389));
#8871=CARTESIAN_POINT('',(0.00012297626051205,0.0223797376960549,-0.0075931948970389));
#8872=CARTESIAN_POINT('',(0.00012297626051205,0.0223797376960549,-0.0075931948970389));
#8873=CARTESIAN_POINT('',(0.00012297626051205,0.0223797376960549,-0.0075931948970389));
#8874=CARTESIAN_POINT('',(0.000172976260512048,0.0202672485279521,-0.00759319489703889));
#8875=CARTESIAN_POINT('',(0.000222976260512049,0.0187734931120035,-0.00908695031298751));
#8876=CARTESIAN_POINT('',(0.000272976260512061,0.0172797376960548,-0.0105807057289361));
#8877=CARTESIAN_POINT('',(0.000322976260512051,0.0172797376960549,-0.0126931948970389));
#8878=CARTESIAN_POINT('',(0.000372976260512051,0.0172797376960548,-0.0148056840651417));
#8879=CARTESIAN_POINT('',(0.000422976260512049,0.0187734931120035,-0.0162994394810903));
#8880=CARTESIAN_POINT('',(0.000472976260512064,0.0202672485279521,-0.0177931948970389));
#8881=CARTESIAN_POINT('',(0.000522976260512049,0.0223797376960549,-0.0177931948970389));
#8882=CARTESIAN_POINT('',(0.000522976260512049,0.0223797376960549,-0.0177931948970389));
#8883=CARTESIAN_POINT('',(0.000522976260512049,0.0223797376960549,-0.0177931948970389));
#8884=CARTESIAN_POINT('',(0.000572976260512054,0.0244922268641576,-0.0177931948970389));
#8885=CARTESIAN_POINT('',(0.00062297626051205,0.0259859822801063,-0.0162994394810903));
#8886=CARTESIAN_POINT('',(0.000672976260512068,0.0274797376960549,-0.0148056840651417));
#8887=CARTESIAN_POINT('',(0.00072297626051205,0.0274797376960549,-0.0126931948970389));
#8888=CARTESIAN_POINT('',(0.000772976260512056,0.0274797376960549,-0.0105807057289361));
#8889=CARTESIAN_POINT('',(0.000822976260512051,0.0259859822801063,-0.00908695031298751));
#8890=CARTESIAN_POINT('',(0.000872976260512045,0.0244922268641576,-0.0075931948970389));
#8891=CARTESIAN_POINT('',(0.00092297626051205,0.0223797376960549,-0.0075931948970389));
#8892=CARTESIAN_POINT('',(0.00092297626051205,0.0223797376960549,-0.0075931948970389));
#8893=CARTESIAN_POINT('',(0.00092297626051205,0.0223797376960549,-0.0075931948970389));
#8894=CARTESIAN_POINT('',(0.000972976260512059,0.0202672485279521,-0.00759319489703889));
#8895=CARTESIAN_POINT('',(0.00102297626051205,0.0187734931120035,-0.00908695031298751));
#8896=CARTESIAN_POINT('',(0.00107297626051207,0.0172797376960548,-0.0105807057289361));
#8897=CARTESIAN_POINT('',(0.00112297626051205,0.0172797376960549,-0.0126931948970389));
#8898=CARTESIAN_POINT('',(0.00117297626051206,0.0172797376960548,-0.0148056840651417));
#8899=CARTESIAN_POINT('',(0.00122297626051205,0.0187734931120035,-0.0162994394810903));
#8900=CARTESIAN_POINT('',(0.00127297626051205,0.0202672485279523,-0.0177931948970391));
#8901=CARTESIAN_POINT('',(0.00132297626051193,0.0223797376960549,-0.0177931948970389));
#8902=CARTESIAN_POINT('',(0.00132297626051205,0.0223797376960549,-0.0177931948970389));
#8903=CARTESIAN_POINT('',(0.00132297626051219,0.0223797376960549,-0.0177931948970389));
#8904=CARTESIAN_POINT('',(0.00137297626051205,0.0244922268641578,-0.0177931948970387));
#8905=CARTESIAN_POINT('',(0.00142297626051205,0.0259859822801063,-0.0162994394810903));
#8906=CARTESIAN_POINT('',(0.00147297626051205,0.0274797376960549,-0.0148056840651417));
#8907=CARTESIAN_POINT('',(0.00152297626051205,0.0274797376960549,-0.0126931948970389));
#8908=CARTESIAN_POINT('',(0.00157297626051204,0.0274797376960549,-0.0105807057289361));
#8909=CARTESIAN_POINT('',(0.00162297626051205,0.0259859822801063,-0.00908695031298751));
#8910=CARTESIAN_POINT('',(0.00167297626051205,0.0244922268641576,-0.00759319489703887));
#8911=CARTESIAN_POINT('',(0.00172297626051203,0.0223797376960549,-0.0075931948970389));
#8912=CARTESIAN_POINT('',(0.00172297626051205,0.0223797376960549,-0.0075931948970389));
#8913=CARTESIAN_POINT('',(0.00172297626051207,0.0223797376960549,-0.0075931948970389));
#8914=CARTESIAN_POINT('',(0.00177297626051207,0.020267248527952,-0.00759319489703894));
#8915=CARTESIAN_POINT('',(0.00182297626051205,0.0187734931120035,-0.00908695031298751));
#8916=CARTESIAN_POINT('',(0.00187297626051206,0.0172797376960548,-0.0105807057289361));
#8917=CARTESIAN_POINT('',(0.00192297626051205,0.0172797376960549,-0.0126931948970389));
#8918=CARTESIAN_POINT('',(0.00192297626051205,0.0172797376960549,-0.0126931948970389));
#8919=CARTESIAN_POINT('',(0.00205861021650915,0.0175897581669054,-0.0126931948970389));
#8920=CARTESIAN_POINT('',(-0.00502114645476155,0.0223797376960764,-0.017665475389094));
#8921=CARTESIAN_POINT('',(-0.00503609139302203,0.0211218204170102,-0.0176298338540827));
#8922=CARTESIAN_POINT('',(-0.0050700477630939,0.0186778367352273,-0.0165689736236803));
#8923=CARTESIAN_POINT('',(-0.0051237780522645,0.0171054309857823,-0.0128598794577385));
#8924=CARTESIAN_POINT('',(-0.00518201487818999,0.0186303573514383,-0.00910968059585176));
#8925=CARTESIAN_POINT('',(-0.00522552236768202,0.0211209517171555,-0.00809210536580566));
#8926=CARTESIAN_POINT('',(-0.00524642271840725,0.0223797376960546,-0.00812028294522336));
#8927=CARTESIAN_POINT('',(-0.00453032719540175,0.0223797376960549,-0.0126931948970389));
#8928=CARTESIAN_POINT('',(0.00241530740213387,0.0223797376960549,-0.0126931948970389));
#8929=CARTESIAN_POINT('',(0.00241530740213343,0.0172044823331728,-0.0126931948970389));
#8930=CARTESIAN_POINT('',(0.00241530740213343,0.0213406147225723,-0.00762333380258864));
#8931=CARTESIAN_POINT('',(0.00241530740213297,0.0213406147226078,-0.00762333380258181));
#8932=CARTESIAN_POINT('',(0.00245381754854587,0.0198187623267112,-0.00793525394345126));
#8933=CARTESIAN_POINT('',(0.00249005203925135,0.0187202795345892,-0.00903373673557326));
#8934=CARTESIAN_POINT('',(0.00254005203925135,0.0172044823331733,-0.0105495339369892));
#8935=CARTESIAN_POINT('',(0.00259005203925135,0.0172044823331732,-0.0126931948970389));
#8936=CARTESIAN_POINT('',(0.00259005203925135,0.0172044823331732,-0.0126931948970389));
#8937=CARTESIAN_POINT('',(0.00250267972069215,0.0172044823331732,-0.0126931948970389));
#8938=CARTESIAN_POINT('',(-0.00506239666112847,0.0271230930888207,-0.0147629407000192));
#8939=CARTESIAN_POINT('',(-0.0050351370144948,0.0275549930589365,-0.0137731307197625));
#8940=CARTESIAN_POINT('',(-0.00500994796074865,0.0275549930589365,-0.0126931948970389));
#8941=CARTESIAN_POINT('',(-0.00495994796074866,0.0275549930589365,-0.0105495339369892));
#8942=CARTESIAN_POINT('',(-0.00490994796074865,0.0260391958575205,-0.00903373673557326));
#8943=CARTESIAN_POINT('',(-0.00485994796074863,0.0245233986561045,-0.00751793953415727));
#8944=CARTESIAN_POINT('',(-0.00480994796074865,0.0223797376960549,-0.00751793953415727));
#8945=CARTESIAN_POINT('',(-0.00475994796074866,0.0202360767360052,-0.00751793953415727));
#8946=CARTESIAN_POINT('',(-0.00470994796074865,0.0187202795345892,-0.00903373673557326));
#8947=CARTESIAN_POINT('',(-0.00465994796074864,0.0172044823331733,-0.0105495339369892));
#8948=CARTESIAN_POINT('',(-0.00460994796074865,0.0172044823331732,-0.0126931948970389));
#8949=CARTESIAN_POINT('',(-0.00455994796074867,0.0172044823331733,-0.0148368558570886));
#8950=CARTESIAN_POINT('',(-0.00450994796074865,0.0187202795345892,-0.0163526530585046));
#8951=CARTESIAN_POINT('',(-0.00445994796074865,0.0202360767360052,-0.0178684502599205));
#8952=CARTESIAN_POINT('',(-0.00440994796074865,0.0223797376960549,-0.0178684502599205));
#8953=CARTESIAN_POINT('',(-0.00435994796074868,0.0245233986561045,-0.0178684502599205));
#8954=CARTESIAN_POINT('',(-0.00430994796074865,0.0260391958575205,-0.0163526530585046));
#8955=CARTESIAN_POINT('',(-0.00425994796074866,0.0275549930589365,-0.0148368558570886));
#8956=CARTESIAN_POINT('',(-0.00420994796074865,0.0275549930589365,-0.0126931948970389));
#8957=CARTESIAN_POINT('',(-0.00415994796074863,0.0275549930589365,-0.0105495339369892));
#8958=CARTESIAN_POINT('',(-0.00410994796074865,0.0260391958575205,-0.00903373673557326));
#8959=CARTESIAN_POINT('',(-0.00405994796074867,0.0245233986561045,-0.00751793953415727));
#8960=CARTESIAN_POINT('',(-0.00400994796074865,0.0223797376960549,-0.00751793953415727));
#8961=CARTESIAN_POINT('',(-0.00395994796074864,0.0202360767360052,-0.00751793953415727));
#8962=CARTESIAN_POINT('',(-0.00390994796074865,0.0187202795345892,-0.00903373673557326));
#8963=CARTESIAN_POINT('',(-0.00385994796074867,0.0172044823331733,-0.0105495339369892));
#8964=CARTESIAN_POINT('',(-0.00380994796074865,0.0172044823331732,-0.0126931948970389));
#8965=CARTESIAN_POINT('',(-0.00375994796074865,0.0172044823331733,-0.0148368558570886));
#8966=CARTESIAN_POINT('',(-0.00370994796074866,0.0187202795345892,-0.0163526530585046));
#8967=CARTESIAN_POINT('',(-0.00365994796074868,0.0202360767360052,-0.0178684502599205));
#8968=CARTESIAN_POINT('',(-0.00360994796074865,0.0223797376960549,-0.0178684502599205));
#8969=CARTESIAN_POINT('',(-0.00355994796074866,0.0245233986561045,-0.0178684502599205));
#8970=CARTESIAN_POINT('',(-0.00350994796074865,0.0260391958575205,-0.0163526530585046));
#8971=CARTESIAN_POINT('',(-0.00345994796074863,0.0275549930589365,-0.0148368558570886));
#8972=CARTESIAN_POINT('',(-0.00340994796074865,0.0275549930589365,-0.0126931948970389));
#8973=CARTESIAN_POINT('',(-0.00335994796074867,0.0275549930589365,-0.0105495339369892));
#8974=CARTESIAN_POINT('',(-0.00330994796074865,0.0260391958575205,-0.00903373673557326));
#8975=CARTESIAN_POINT('',(-0.00325994796074864,0.0245233986561045,-0.00751793953415727));
#8976=CARTESIAN_POINT('',(-0.00320994796074865,0.0223797376960549,-0.00751793953415727));
#8977=CARTESIAN_POINT('',(-0.00315994796074867,0.0202360767360052,-0.00751793953415727));
#8978=CARTESIAN_POINT('',(-0.00310994796074866,0.0187202795345892,-0.00903373673557326));
#8979=CARTESIAN_POINT('',(-0.00305994796074865,0.0172044823331733,-0.0105495339369892));
#8980=CARTESIAN_POINT('',(-0.00300994796074865,0.0172044823331732,-0.0126931948970389));
#8981=CARTESIAN_POINT('',(-0.00295994796074868,0.0172044823331733,-0.0148368558570886));
#8982=CARTESIAN_POINT('',(-0.00290994796074865,0.0187202795345892,-0.0163526530585046));
#8983=CARTESIAN_POINT('',(-0.00285994796074865,0.0202360767360052,-0.0178684502599205));
#8984=CARTESIAN_POINT('',(-0.00280994796074865,0.0223797376960549,-0.0178684502599205));
#8985=CARTESIAN_POINT('',(-0.00275994796074864,0.0245233986561045,-0.0178684502599205));
#8986=CARTESIAN_POINT('',(-0.00270994796074865,0.0260391958575205,-0.0163526530585046));
#8987=CARTESIAN_POINT('',(-0.00265994796074866,0.0275549930589365,-0.0148368558570886));
#8988=CARTESIAN_POINT('',(-0.00260994796074865,0.0275549930589365,-0.0126931948970389));
#8989=CARTESIAN_POINT('',(-0.00255994796074864,0.0275549930589365,-0.0105495339369892));
#8990=CARTESIAN_POINT('',(-0.00250994796074865,0.0260391958575205,-0.00903373673557326));
#8991=CARTESIAN_POINT('',(-0.00245994796074868,0.0245233986561045,-0.00751793953415727));
#8992=CARTESIAN_POINT('',(-0.00240994796074865,0.0223797376960549,-0.00751793953415727));
#8993=CARTESIAN_POINT('',(-0.00235994796074865,0.0202360767360052,-0.00751793953415727));
#8994=CARTESIAN_POINT('',(-0.00230994796074865,0.0187202795345892,-0.00903373673557326));
#8995=CARTESIAN_POINT('',(-0.00225994796074868,0.0172044823331733,-0.0105495339369892));
#8996=CARTESIAN_POINT('',(-0.00220994796074865,0.0172044823331732,-0.0126931948970389));
#8997=CARTESIAN_POINT('',(-0.00215994796074866,0.0172044823331733,-0.0148368558570886));
#8998=CARTESIAN_POINT('',(-0.00210994796074865,0.0187202795345892,-0.0163526530585046));
#8999=CARTESIAN_POINT('',(-0.00205994796074864,0.0202360767360052,-0.0178684502599205));
#9000=CARTESIAN_POINT('',(-0.00200994796074865,0.0223797376960549,-0.0178684502599205));
#9001=CARTESIAN_POINT('',(-0.00195994796074866,0.0245233986561045,-0.0178684502599205));
#9002=CARTESIAN_POINT('',(-0.00190994796074865,0.0260391958575205,-0.0163526530585046));
#9003=CARTESIAN_POINT('',(-0.00185994796074865,0.0275549930589365,-0.0148368558570886));
#9004=CARTESIAN_POINT('',(-0.00180994796074865,0.0275549930589365,-0.0126931948970389));
#9005=CARTESIAN_POINT('',(-0.00175994796074867,0.0275549930589365,-0.0105495339369892));
#9006=CARTESIAN_POINT('',(-0.00170994796074865,0.0260391958575205,-0.00903373673557326));
#9007=CARTESIAN_POINT('',(-0.00165994796074865,0.0245233986561045,-0.00751793953415727));
#9008=CARTESIAN_POINT('',(-0.00160994796074865,0.0223797376960549,-0.00751793953415727));
#9009=CARTESIAN_POINT('',(-0.00155994796074868,0.0202360767360052,-0.00751793953415727));
#9010=CARTESIAN_POINT('',(-0.00150994796074865,0.0187202795345892,-0.00903373673557326));
#9011=CARTESIAN_POINT('',(-0.00145994796074866,0.0172044823331733,-0.0105495339369892));
#9012=CARTESIAN_POINT('',(-0.00140994796074865,0.0172044823331732,-0.0126931948970389));
#9013=CARTESIAN_POINT('',(-0.00135994796074864,0.0172044823331733,-0.0148368558570886));
#9014=CARTESIAN_POINT('',(-0.00130994796074865,0.0187202795345892,-0.0163526530585046));
#9015=CARTESIAN_POINT('',(-0.00125994796074867,0.0202360767360052,-0.0178684502599205));
#9016=CARTESIAN_POINT('',(-0.00120994796074865,0.0223797376960549,-0.0178684502599205));
#9017=CARTESIAN_POINT('',(-0.00115994796074865,0.0245233986561045,-0.0178684502599205));
#9018=CARTESIAN_POINT('',(-0.00110994796074865,0.0260391958575205,-0.0163526530585046));
#9019=CARTESIAN_POINT('',(-0.00105994796074868,0.0275549930589365,-0.0148368558570886));
#9020=CARTESIAN_POINT('',(-0.00100994796074865,0.0275549930589365,-0.0126931948970389));
#9021=CARTESIAN_POINT('',(-0.000959947960748641,0.0275549930589365,-0.0105495339369892));
#9022=CARTESIAN_POINT('',(-0.000909947960748652,0.0260391958575205,-0.00903373673557326));
#9023=CARTESIAN_POINT('',(-0.000859947960748652,0.0245233986561045,-0.00751793953415728));
#9024=CARTESIAN_POINT('',(-0.000809947960748649,0.0223797376960549,-0.00751793953415727));
#9025=CARTESIAN_POINT('',(-0.000759947960748661,0.0202360767360052,-0.00751793953415727));
#9026=CARTESIAN_POINT('',(-0.00070994796074865,0.0187202795345892,-0.00903373673557326));
#9027=CARTESIAN_POINT('',(-0.000659947960748648,0.0172044823331733,-0.0105495339369892));
#9028=CARTESIAN_POINT('',(-0.00060994796074865,0.0172044823331732,-0.0126931948970389));
#9029=CARTESIAN_POINT('',(-0.000559947960748658,0.0172044823331733,-0.0148368558570886));
#9030=CARTESIAN_POINT('',(-0.000509947960748651,0.0187202795345892,-0.0163526530585046));
#9031=CARTESIAN_POINT('',(-0.000459947960748645,0.0202360767360052,-0.0178684502599205));
#9032=CARTESIAN_POINT('',(-0.000409947960748652,0.0223797376960549,-0.0178684502599205));
#9033=CARTESIAN_POINT('',(-0.000359947960748655,0.0245233986561045,-0.0178684502599205));
#9034=CARTESIAN_POINT('',(-0.00030994796074865,0.0260391958575205,-0.0163526530585046));
#9035=CARTESIAN_POINT('',(-0.000259947960748644,0.0275549930589365,-0.0148368558570886));
#9036=CARTESIAN_POINT('',(-0.000209947960748651,0.0275549930589365,-0.0126931948970389));
#9037=CARTESIAN_POINT('',(-0.000159947960748653,0.0275549930589365,-0.0105495339369892));
#9038=CARTESIAN_POINT('',(-0.000109947960748652,0.0260391958575205,-0.00903373673557326));
#9039=CARTESIAN_POINT('',(-5.99479607486613E-5,0.0245233986561045,-0.00751793953415728));
#9040=CARTESIAN_POINT('',(-9.94796074865051E-6,0.0223797376960549,-0.00751793953415727));
#9041=CARTESIAN_POINT('',(4.00520392513496E-5,0.0202360767360052,-0.00751793953415727));
#9042=CARTESIAN_POINT('',(9.00520392513489E-5,0.0187202795345892,-0.00903373673557326));
#9043=CARTESIAN_POINT('',(0.00014005203925134,0.0172044823331733,-0.0105495339369892));
#9044=CARTESIAN_POINT('',(0.00019005203925135,0.0172044823331732,-0.0126931948970389));
#9045=CARTESIAN_POINT('',(0.000240052039251355,0.0172044823331733,-0.0148368558570886));
#9046=CARTESIAN_POINT('',(0.00029005203925135,0.0187202795345892,-0.0163526530585046));
#9047=CARTESIAN_POINT('',(0.000340052039251345,0.0202360767360052,-0.0178684502599205));
#9048=CARTESIAN_POINT('',(0.000390052039251349,0.0223797376960549,-0.0178684502599205));
#9049=CARTESIAN_POINT('',(0.000440052039251356,0.0245233986561045,-0.0178684502599205));
#9050=CARTESIAN_POINT('',(0.00049005203925135,0.0260391958575205,-0.0163526530585046));
#9051=CARTESIAN_POINT('',(0.000540052039251348,0.0275549930589365,-0.0148368558570886));
#9052=CARTESIAN_POINT('',(0.000590052039251349,0.0275549930589365,-0.0126931948970389));
#9053=CARTESIAN_POINT('',(0.000640052039251338,0.0275549930589365,-0.0105495339369892));
#9054=CARTESIAN_POINT('',(0.000690052039251349,0.0260391958575205,-0.00903373673557326));
#9055=CARTESIAN_POINT('',(0.000740052039251349,0.0245233986561045,-0.00751793953415728));
#9056=CARTESIAN_POINT('',(0.00079005203925135,0.0223797376960549,-0.00751793953415727));
#9057=CARTESIAN_POINT('',(0.00084005203925134,0.0202360767360052,-0.00751793953415727));
#9058=CARTESIAN_POINT('',(0.000890052039251349,0.0187202795345892,-0.00903373673557326));
#9059=CARTESIAN_POINT('',(0.000940052039251352,0.0172044823331733,-0.0105495339369892));
#9060=CARTESIAN_POINT('',(0.000990052039251349,0.0172044823331732,-0.0126931948970389));
#9061=CARTESIAN_POINT('',(0.00104005203925134,0.0172044823331733,-0.0148368558570886));
#9062=CARTESIAN_POINT('',(0.00109005203925135,0.0187202795345892,-0.0163526530585046));
#9063=CARTESIAN_POINT('',(0.00114005203925136,0.0202360767360052,-0.0178684502599205));
#9064=CARTESIAN_POINT('',(0.00119005203925135,0.0223797376960549,-0.0178684502599205));
#9065=CARTESIAN_POINT('',(0.00124005203925135,0.0245233986561045,-0.0178684502599205));
#9066=CARTESIAN_POINT('',(0.00129005203925135,0.0260391958575205,-0.0163526530585046));
#9067=CARTESIAN_POINT('',(0.00134005203925134,0.0275549930589365,-0.0148368558570886));
#9068=CARTESIAN_POINT('',(0.00139005203925135,0.0275549930589365,-0.0126931948970389));
#9069=CARTESIAN_POINT('',(0.00144005203925135,0.0275549930589365,-0.0105495339369892));
#9070=CARTESIAN_POINT('',(0.00149005203925135,0.0260391958575205,-0.00903373673557326));
#9071=CARTESIAN_POINT('',(0.00154005203925134,0.0245233986561045,-0.00751793953415728));
#9072=CARTESIAN_POINT('',(0.00159005203925135,0.0223797376960549,-0.00751793953415727));
#9073=CARTESIAN_POINT('',(0.00164005203925135,0.0202360767360052,-0.00751793953415727));
#9074=CARTESIAN_POINT('',(0.00169005203925135,0.0187202795345892,-0.00903373673557326));
#9075=CARTESIAN_POINT('',(0.00174005203925134,0.0172044823331733,-0.0105495339369892));
#9076=CARTESIAN_POINT('',(0.00179005203925135,0.0172044823331732,-0.0126931948970389));
#9077=CARTESIAN_POINT('',(0.00184005203925135,0.0172044823331733,-0.0148368558570886));
#9078=CARTESIAN_POINT('',(0.00189005203925135,0.0187202795345892,-0.0163526530585046));
#9079=CARTESIAN_POINT('',(0.00194005203925134,0.0202360767360052,-0.0178684502599205));
#9080=CARTESIAN_POINT('',(0.00199005203925135,0.0223797376960549,-0.0178684502599205));
#9081=CARTESIAN_POINT('',(0.00204005203925133,0.0245233986561045,-0.0178684502599205));
#9082=CARTESIAN_POINT('',(0.00209005203925135,0.0260391958575205,-0.0163526530585046));
#9083=CARTESIAN_POINT('',(0.00214005203925135,0.0275549930589365,-0.0148368558570886));
#9084=CARTESIAN_POINT('',(0.00219005203925135,0.0275549930589365,-0.0126931948970389));
#9085=CARTESIAN_POINT('',(0.00224005203925134,0.0275549930589365,-0.0105495339369892));
#9086=CARTESIAN_POINT('',(0.00229005203925135,0.0260391958575205,-0.00903373673557326));
#9087=CARTESIAN_POINT('',(0.00234005203925135,0.0245233986561045,-0.00751793953415728));
#9088=CARTESIAN_POINT('',(0.00239005203925135,0.0223797376960549,-0.00751793953415727));
#9089=CARTESIAN_POINT('',(0.00244005203925134,0.0202360767360052,-0.00751793953415727));
#9090=CARTESIAN_POINT('',(0.00249005203925135,0.0187202795345892,-0.00903373673557326));
#9091=CARTESIAN_POINT('',(0.00254005203925135,0.0172044823331733,-0.0105495339369892));
#9092=CARTESIAN_POINT('',(0.00259005203925135,0.0172044823331732,-0.0126931948970389));
#9093=CARTESIAN_POINT('',(-0.00536658879438338,0.0264858226075288,-0.0144848700528084));
#9094=CARTESIAN_POINT('',(-0.0053393291477497,0.0268596967543539,-0.0136280411861887));
#9095=CARTESIAN_POINT('',(-0.00531414009400355,0.0268596967543539,-0.0126931948970389));
#9096=CARTESIAN_POINT('',(-0.00526414009400356,0.0268596967543539,-0.0108375350962152));
#9097=CARTESIAN_POINT('',(-0.00521414009400355,0.0255475471256162,-0.00952538546747756));
#9098=CARTESIAN_POINT('',(-0.00516414009400354,0.0242353974968785,-0.00821323583873987));
#9099=CARTESIAN_POINT('',(-0.00511414009400355,0.0223797376960549,-0.00821323583873988));
#9100=CARTESIAN_POINT('',(-0.00506414009400357,0.0205240778952312,-0.00821323583873987));
#9101=CARTESIAN_POINT('',(-0.00501414009400355,0.0192119282664935,-0.00952538546747756));
#9102=CARTESIAN_POINT('',(-0.00496414009400354,0.0178997786377559,-0.0108375350962152));
#9103=CARTESIAN_POINT('',(-0.00491414009400355,0.0178997786377559,-0.0126931948970389));
#9104=CARTESIAN_POINT('',(-0.00486414009400358,0.0178997786377559,-0.0145488546978626));
#9105=CARTESIAN_POINT('',(-0.00481414009400355,0.0192119282664935,-0.0158610043266003));
#9106=CARTESIAN_POINT('',(-0.00476414009400355,0.0205240778952312,-0.0171731539553379));
#9107=CARTESIAN_POINT('',(-0.00471414009400355,0.0223797376960549,-0.0171731539553379));
#9108=CARTESIAN_POINT('',(-0.00466414009400353,0.0242353974968785,-0.0171731539553379));
#9109=CARTESIAN_POINT('',(-0.00461414009400355,0.0255475471256162,-0.0158610043266003));
#9110=CARTESIAN_POINT('',(-0.00456414009400356,0.0268596967543539,-0.0145488546978626));
#9111=CARTESIAN_POINT('',(-0.00451414009400355,0.0268596967543539,-0.0126931948970389));
#9112=CARTESIAN_POINT('',(-0.00446414009400354,0.0268596967543539,-0.0108375350962152));
#9113=CARTESIAN_POINT('',(-0.00441414009400355,0.0255475471256162,-0.00952538546747756));
#9114=CARTESIAN_POINT('',(-0.00436414009400357,0.0242353974968785,-0.00821323583873987));
#9115=CARTESIAN_POINT('',(-0.00431414009400355,0.0223797376960549,-0.00821323583873988));
#9116=CARTESIAN_POINT('',(-0.00426414009400354,0.0205240778952312,-0.00821323583873987));
#9117=CARTESIAN_POINT('',(-0.00421414009400355,0.0192119282664935,-0.00952538546747756));
#9118=CARTESIAN_POINT('',(-0.00416414009400358,0.0178997786377559,-0.0108375350962152));
#9119=CARTESIAN_POINT('',(-0.00411414009400355,0.0178997786377559,-0.0126931948970389));
#9120=CARTESIAN_POINT('',(-0.00406414009400355,0.0178997786377559,-0.0145488546978626));
#9121=CARTESIAN_POINT('',(-0.00401414009400355,0.0192119282664935,-0.0158610043266003));
#9122=CARTESIAN_POINT('',(-0.00396414009400352,0.0205240778952312,-0.0171731539553379));
#9123=CARTESIAN_POINT('',(-0.00391414009400355,0.0223797376960549,-0.0171731539553379));
#9124=CARTESIAN_POINT('',(-0.00386414009400356,0.0242353974968785,-0.0171731539553379));
#9125=CARTESIAN_POINT('',(-0.00381414009400355,0.0255475471256162,-0.0158610043266003));
#9126=CARTESIAN_POINT('',(-0.00376414009400353,0.0268596967543539,-0.0145488546978626));
#9127=CARTESIAN_POINT('',(-0.00371414009400355,0.0268596967543539,-0.0126931948970389));
#9128=CARTESIAN_POINT('',(-0.00366414009400357,0.0268596967543539,-0.0108375350962152));
#9129=CARTESIAN_POINT('',(-0.00361414009400355,0.0255475471256162,-0.00952538546747756));
#9130=CARTESIAN_POINT('',(-0.00356414009400355,0.0242353974968785,-0.00821323583873987));
#9131=CARTESIAN_POINT('',(-0.00351414009400355,0.0223797376960549,-0.00821323583873988));
#9132=CARTESIAN_POINT('',(-0.00346414009400358,0.0205240778952312,-0.00821323583873987));
#9133=CARTESIAN_POINT('',(-0.00341414009400355,0.0192119282664935,-0.00952538546747756));
#9134=CARTESIAN_POINT('',(-0.00336414009400355,0.0178997786377559,-0.0108375350962152));
#9135=CARTESIAN_POINT('',(-0.00331414009400355,0.0178997786377559,-0.0126931948970389));
#9136=CARTESIAN_POINT('',(-0.00326414009400353,0.0178997786377559,-0.0145488546978626));
#9137=CARTESIAN_POINT('',(-0.00321414009400355,0.0192119282664935,-0.0158610043266003));
#9138=CARTESIAN_POINT('',(-0.00316414009400356,0.0205240778952312,-0.0171731539553379));
#9139=CARTESIAN_POINT('',(-0.00311414009400355,0.0223797376960549,-0.0171731539553379));
#9140=CARTESIAN_POINT('',(-0.00306414009400354,0.0242353974968785,-0.0171731539553379));
#9141=CARTESIAN_POINT('',(-0.00301414009400355,0.0255475471256162,-0.0158610043266003));
#9142=CARTESIAN_POINT('',(-0.00296414009400357,0.0268596967543539,-0.0145488546978626));
#9143=CARTESIAN_POINT('',(-0.00291414009400355,0.0268596967543539,-0.0126931948970389));
#9144=CARTESIAN_POINT('',(-0.00286414009400354,0.0268596967543539,-0.0108375350962152));
#9145=CARTESIAN_POINT('',(-0.00281414009400355,0.0255475471256162,-0.00952538546747756));
#9146=CARTESIAN_POINT('',(-0.00276414009400358,0.0242353974968785,-0.00821323583873987));
#9147=CARTESIAN_POINT('',(-0.00271414009400355,0.0223797376960549,-0.00821323583873988));
#9148=CARTESIAN_POINT('',(-0.00266414009400355,0.0205240778952312,-0.00821323583873987));
#9149=CARTESIAN_POINT('',(-0.00261414009400355,0.0192119282664935,-0.00952538546747756));
#9150=CARTESIAN_POINT('',(-0.00256414009400353,0.0178997786377559,-0.0108375350962152));
#9151=CARTESIAN_POINT('',(-0.00251414009400355,0.0178997786377559,-0.0126931948970389));
#9152=CARTESIAN_POINT('',(-0.00246414009400356,0.0178997786377559,-0.0145488546978626));
#9153=CARTESIAN_POINT('',(-0.00241414009400355,0.0192119282664935,-0.0158610043266003));
#9154=CARTESIAN_POINT('',(-0.00236414009400354,0.0205240778952312,-0.0171731539553379));
#9155=CARTESIAN_POINT('',(-0.00231414009400355,0.0223797376960549,-0.0171731539553379));
#9156=CARTESIAN_POINT('',(-0.00226414009400357,0.0242353974968785,-0.0171731539553379));
#9157=CARTESIAN_POINT('',(-0.00221414009400355,0.0255475471256162,-0.0158610043266003));
#9158=CARTESIAN_POINT('',(-0.00216414009400355,0.0268596967543539,-0.0145488546978626));
#9159=CARTESIAN_POINT('',(-0.00211414009400355,0.0268596967543539,-0.0126931948970389));
#9160=CARTESIAN_POINT('',(-0.00206414009400358,0.0268596967543539,-0.0108375350962152));
#9161=CARTESIAN_POINT('',(-0.00201414009400355,0.0255475471256162,-0.00952538546747756));
#9162=CARTESIAN_POINT('',(-0.00196414009400356,0.0242353974968785,-0.00821323583873987));
#9163=CARTESIAN_POINT('',(-0.00191414009400355,0.0223797376960549,-0.00821323583873988));
#9164=CARTESIAN_POINT('',(-0.00186414009400353,0.0205240778952312,-0.00821323583873987));
#9165=CARTESIAN_POINT('',(-0.00181414009400355,0.0192119282664935,-0.00952538546747756));
#9166=CARTESIAN_POINT('',(-0.00176414009400356,0.0178997786377559,-0.0108375350962152));
#9167=CARTESIAN_POINT('',(-0.00171414009400355,0.0178997786377559,-0.0126931948970389));
#9168=CARTESIAN_POINT('',(-0.00166414009400353,0.0178997786377559,-0.0145488546978626));
#9169=CARTESIAN_POINT('',(-0.00161414009400355,0.0192119282664935,-0.0158610043266003));
#9170=CARTESIAN_POINT('',(-0.00156414009400357,0.0205240778952312,-0.0171731539553379));
#9171=CARTESIAN_POINT('',(-0.00151414009400355,0.0223797376960549,-0.0171731539553379));
#9172=CARTESIAN_POINT('',(-0.00146414009400355,0.0242353974968785,-0.0171731539553379));
#9173=CARTESIAN_POINT('',(-0.00141414009400355,0.0255475471256162,-0.0158610043266003));
#9174=CARTESIAN_POINT('',(-0.00136414009400358,0.0268596967543539,-0.0145488546978626));
#9175=CARTESIAN_POINT('',(-0.00131414009400355,0.0268596967543539,-0.0126931948970389));
#9176=CARTESIAN_POINT('',(-0.00126414009400356,0.0268596967543539,-0.0108375350962152));
#9177=CARTESIAN_POINT('',(-0.00121414009400355,0.0255475471256162,-0.00952538546747756));
#9178=CARTESIAN_POINT('',(-0.00116414009400353,0.0242353974968785,-0.00821323583873988));
#9179=CARTESIAN_POINT('',(-0.00111414009400355,0.0223797376960549,-0.00821323583873988));
#9180=CARTESIAN_POINT('',(-0.00106414009400356,0.0205240778952312,-0.00821323583873987));
#9181=CARTESIAN_POINT('',(-0.00101414009400355,0.0192119282664935,-0.00952538546747756));
#9182=CARTESIAN_POINT('',(-0.000964140094003539,0.0178997786377559,-0.0108375350962152));
#9183=CARTESIAN_POINT('',(-0.000914140094003552,0.0178997786377559,-0.0126931948970389));
#9184=CARTESIAN_POINT('',(-0.00086414009400355,0.0178997786377559,-0.0145488546978626));
#9185=CARTESIAN_POINT('',(-0.000814140094003549,0.0192119282664935,-0.0158610043266003));
#9186=CARTESIAN_POINT('',(-0.000764140094003536,0.0205240778952312,-0.0171731539553379));
#9187=CARTESIAN_POINT('',(-0.00071414009400355,0.0223797376960549,-0.0171731539553379));
#9188=CARTESIAN_POINT('',(-0.000664140094003546,0.0242353974968785,-0.0171731539553379));
#9189=CARTESIAN_POINT('',(-0.000614140094003551,0.0255475471256162,-0.0158610043266003));
#9190=CARTESIAN_POINT('',(-0.000564140094003556,0.0268596967543539,-0.0145488546978626));
#9191=CARTESIAN_POINT('',(-0.000514140094003551,0.0268596967543539,-0.0126931948970389));
#9192=CARTESIAN_POINT('',(-0.000464140094003545,0.0268596967543539,-0.0108375350962152));
#9193=CARTESIAN_POINT('',(-0.000414140094003552,0.0255475471256162,-0.00952538546747756));
#9194=CARTESIAN_POINT('',(-0.000364140094003553,0.0242353974968785,-0.00821323583873988));
#9195=CARTESIAN_POINT('',(-0.00031414009400355,0.0223797376960549,-0.00821323583873988));
#9196=CARTESIAN_POINT('',(-0.000264140094003539,0.0205240778952312,-0.00821323583873987));
#9197=CARTESIAN_POINT('',(-0.000214140094003552,0.0192119282664935,-0.00952538546747756));
#9198=CARTESIAN_POINT('',(-0.000164140094003551,0.0178997786377559,-0.0108375350962152));
#9199=CARTESIAN_POINT('',(-0.00011414009400355,0.0178997786377559,-0.0126931948970389));
#9200=CARTESIAN_POINT('',(-6.41400940035386E-5,0.0178997786377559,-0.0145488546978626));
#9201=CARTESIAN_POINT('',(-1.41400940035508E-5,0.0192119282664935,-0.0158610043266003));
#9202=CARTESIAN_POINT('',(3.58599059964518E-5,0.0205240778952312,-0.0171731539553379));
#9203=CARTESIAN_POINT('',(8.58599059964486E-5,0.0223797376960549,-0.0171731539553379));
#9204=CARTESIAN_POINT('',(0.000135859905996444,0.0242353974968785,-0.0171731539553379));
#9205=CARTESIAN_POINT('',(0.00018585990599645,0.0255475471256162,-0.0158610043266003));
#9206=CARTESIAN_POINT('',(0.000235859905996455,0.0268596967543539,-0.0145488546978626));
#9207=CARTESIAN_POINT('',(0.000285859905996449,0.0268596967543539,-0.0126931948970389));
#9208=CARTESIAN_POINT('',(0.000335859905996445,0.0268596967543539,-0.0108375350962152));
#9209=CARTESIAN_POINT('',(0.000385859905996448,0.0255475471256162,-0.00952538546747756));
#9210=CARTESIAN_POINT('',(0.000435859905996458,0.0242353974968785,-0.00821323583873988));
#9211=CARTESIAN_POINT('',(0.00048585990599645,0.0223797376960549,-0.00821323583873988));
#9212=CARTESIAN_POINT('',(0.000535859905996451,0.0205240778952312,-0.00821323583873987));
#9213=CARTESIAN_POINT('',(0.000585859905996449,0.0192119282664935,-0.00952538546747756));
#9214=CARTESIAN_POINT('',(0.000635859905996461,0.0178997786377559,-0.0108375350962152));
#9215=CARTESIAN_POINT('',(0.000685859905996449,0.0178997786377559,-0.0126931948970389));
#9216=CARTESIAN_POINT('',(0.000735859905996451,0.0178997786377559,-0.0145488546978626));
#9217=CARTESIAN_POINT('',(0.00078585990599645,0.0192119282664935,-0.0158610043266003));
#9218=CARTESIAN_POINT('',(0.000835859905996444,0.0205240778952312,-0.0171731539553379));
#9219=CARTESIAN_POINT('',(0.000885859905996449,0.0223797376960549,-0.0171731539553379));
#9220=CARTESIAN_POINT('',(0.000935859905996454,0.0242353974968785,-0.0171731539553379));
#9221=CARTESIAN_POINT('',(0.00098585990599645,0.0255475471256162,-0.0158610043266003));
#9222=CARTESIAN_POINT('',(0.00103585990599644,0.0268596967543539,-0.0145488546978626));
#9223=CARTESIAN_POINT('',(0.00108585990599645,0.0268596967543539,-0.0126931948970389));
#9224=CARTESIAN_POINT('',(0.00113585990599646,0.0268596967543539,-0.0108375350962152));
#9225=CARTESIAN_POINT('',(0.00118585990599645,0.0255475471256162,-0.00952538546747756));
#9226=CARTESIAN_POINT('',(0.00123585990599645,0.0242353974968785,-0.00821323583873988));
#9227=CARTESIAN_POINT('',(0.00128585990599645,0.0223797376960549,-0.00821323583873988));
#9228=CARTESIAN_POINT('',(0.00133585990599646,0.0205240778952312,-0.00821323583873987));
#9229=CARTESIAN_POINT('',(0.00138585990599645,0.0192119282664935,-0.00952538546747756));
#9230=CARTESIAN_POINT('',(0.00143585990599645,0.0178997786377559,-0.0108375350962152));
#9231=CARTESIAN_POINT('',(0.00148585990599645,0.0178997786377559,-0.0126931948970389));
#9232=CARTESIAN_POINT('',(0.00153585990599644,0.0178997786377559,-0.0145488546978626));
#9233=CARTESIAN_POINT('',(0.00158585990599645,0.0192119282664935,-0.0158610043266003));
#9234=CARTESIAN_POINT('',(0.00163585990599645,0.0205240778952312,-0.0171731539553379));
#9235=CARTESIAN_POINT('',(0.00168585990599645,0.0223797376960549,-0.0171731539553379));
#9236=CARTESIAN_POINT('',(0.00173585990599644,0.0242353974968785,-0.0171731539553379));
#9237=CARTESIAN_POINT('',(0.00178585990599645,0.0255475471256162,-0.0158610043266003));
#9238=CARTESIAN_POINT('',(0.00183585990599645,0.0268596967543539,-0.0145488546978626));
#9239=CARTESIAN_POINT('',(0.00188585990599645,0.0268596967543539,-0.0126931948970389));
#9240=CARTESIAN_POINT('',(0.00193585990599645,0.0268596967543539,-0.0108375350962152));
#9241=CARTESIAN_POINT('',(0.00198585990599645,0.0255475471256162,-0.00952538546747756));
#9242=CARTESIAN_POINT('',(0.00203585990599646,0.0242353974968785,-0.00821323583873988));
#9243=CARTESIAN_POINT('',(0.00208585990599645,0.0223797376960549,-0.00821323583873988));
#9244=CARTESIAN_POINT('',(0.00213585990599645,0.0205240778952312,-0.00821323583873987));
#9245=CARTESIAN_POINT('',(0.00218585990599645,0.0192119282664935,-0.00952538546747756));
#9246=CARTESIAN_POINT('',(0.00223585990599644,0.0178997786377559,-0.0108375350962152));
#9247=CARTESIAN_POINT('',(0.00228585990599645,0.0178997786377559,-0.0126931948970389));
#9248=CARTESIAN_POINT('',(0.00243795597262389,0.0175521304854645,-0.0126931948970389));
#9249=CARTESIAN_POINT('',(0.00241530740174595,0.0213406147312887,-0.00762333380119764));
#9250=CARTESIAN_POINT('',(0.00238957266527258,0.021917839336029,-0.00753129508438539));
#9251=CARTESIAN_POINT('',(0.00236578956542453,0.0225062522138842,-0.00753585293935048));
#9252=CARTESIAN_POINT('',(0.00234005203925135,0.0230811134993259,-0.00764165335186817));
#9253=CARTESIAN_POINT('',(0.00234005203925135,0.0230811134993259,-0.00764165335186817));
#9254=CARTESIAN_POINT('',(0.00234005203925134,0.0230811134993259,-0.00764165335186816));
#9255=CARTESIAN_POINT('',(0.0022976287815323,0.0247760116072763,-0.00787697964015753));
#9256=CARTESIAN_POINT('',(0.00225712781799063,0.0259859822801063,-0.00908695031298751));
#9257=CARTESIAN_POINT('',(0.00220712781799063,0.0274797376960549,-0.0105807057289361));
#9258=CARTESIAN_POINT('',(0.00215712781799063,0.0274797376960549,-0.0126931948970389));
#9259=CARTESIAN_POINT('',(0.00210712781799064,0.0274797376960549,-0.0148056840651417));
#9260=CARTESIAN_POINT('',(0.00205712781799063,0.0259859822801063,-0.0162994394810903));
#9261=CARTESIAN_POINT('',(0.00200712781799063,0.0244922268641576,-0.0177931948970389));
#9262=CARTESIAN_POINT('',(0.00195712781799063,0.0223797376960549,-0.0177931948970389));
#9263=CARTESIAN_POINT('',(0.00195712781799063,0.0223797376960549,-0.0177931948970389));
#9264=CARTESIAN_POINT('',(0.00195712781799063,0.0223797376960549,-0.0177931948970389));
#9265=CARTESIAN_POINT('',(0.00190712781799064,0.0202672485279521,-0.0177931948970389));
#9266=CARTESIAN_POINT('',(0.00185712781799063,0.0187734931120035,-0.0162994394810903));
#9267=CARTESIAN_POINT('',(0.00180712781799062,0.0172797376960548,-0.0148056840651417));
#9268=CARTESIAN_POINT('',(0.00175712781799063,0.0172797376960549,-0.0126931948970389));
#9269=CARTESIAN_POINT('',(0.00170712781799063,0.0172797376960548,-0.0105807057289361));
#9270=CARTESIAN_POINT('',(0.00165712781799063,0.0187734931120035,-0.00908695031298751));
#9271=CARTESIAN_POINT('',(0.00160712781799065,0.0202672485279521,-0.00759319489703889));
#9272=CARTESIAN_POINT('',(0.00155712781799063,0.0223797376960549,-0.0075931948970389));
#9273=CARTESIAN_POINT('',(0.00155712781799063,0.0223797376960549,-0.0075931948970389));
#9274=CARTESIAN_POINT('',(0.00155712781799063,0.0223797376960549,-0.0075931948970389));
#9275=CARTESIAN_POINT('',(0.00150712781799063,0.0244922268641576,-0.0075931948970389));
#9276=CARTESIAN_POINT('',(0.00145712781799063,0.0259859822801063,-0.00908695031298751));
#9277=CARTESIAN_POINT('',(0.00140712781799064,0.0274797376960549,-0.0105807057289361));
#9278=CARTESIAN_POINT('',(0.00135712781799063,0.0274797376960549,-0.0126931948970389));
#9279=CARTESIAN_POINT('',(0.00130712781799063,0.0274797376960549,-0.0148056840651417));
#9280=CARTESIAN_POINT('',(0.00125712781799063,0.0259859822801063,-0.0162994394810903));
#9281=CARTESIAN_POINT('',(0.00120712781799064,0.0244922268641576,-0.0177931948970389));
#9282=CARTESIAN_POINT('',(0.00115712781799063,0.0223797376960549,-0.0177931948970389));
#9283=CARTESIAN_POINT('',(0.00115712781799063,0.0223797376960549,-0.0177931948970389));
#9284=CARTESIAN_POINT('',(0.00115712781799063,0.0223797376960549,-0.0177931948970389));
#9285=CARTESIAN_POINT('',(0.00110712781799063,0.0202672485279521,-0.0177931948970389));
#9286=CARTESIAN_POINT('',(0.00105712781799063,0.0187734931120035,-0.0162994394810903));
#9287=CARTESIAN_POINT('',(0.00100712781799064,0.0172797376960548,-0.0148056840651417));
#9288=CARTESIAN_POINT('',(0.000957127817990629,0.0172797376960549,-0.0126931948970389));
#9289=CARTESIAN_POINT('',(0.000907127817990644,0.0172797376960548,-0.0105807057289361));
#9290=CARTESIAN_POINT('',(0.000857127817990629,0.0187734931120035,-0.00908695031298751));
#9291=CARTESIAN_POINT('',(0.000807127817990633,0.0202672485279521,-0.00759319489703889));
#9292=CARTESIAN_POINT('',(0.000757127817990628,0.0223797376960549,-0.0075931948970389));
#9293=CARTESIAN_POINT('',(0.000757127817990628,0.0223797376960549,-0.0075931948970389));
#9294=CARTESIAN_POINT('',(0.000757127817990628,0.0223797376960549,-0.0075931948970389));
#9295=CARTESIAN_POINT('',(0.000707127817990643,0.0244922268641576,-0.0075931948970389));
#9296=CARTESIAN_POINT('',(0.000657127817990629,0.0259859822801063,-0.00908695031298751));
#9297=CARTESIAN_POINT('',(0.000607127817990632,0.0274797376960549,-0.0105807057289361));
#9298=CARTESIAN_POINT('',(0.000557127817990628,0.0274797376960549,-0.0126931948970389));
#9299=CARTESIAN_POINT('',(0.000507127817990639,0.0274797376960549,-0.0148056840651417));
#9300=CARTESIAN_POINT('',(0.000457127817990628,0.0259859822801063,-0.0162994394810903));
#9301=CARTESIAN_POINT('',(0.000407127817990629,0.0244922268641576,-0.0177931948970389));
#9302=CARTESIAN_POINT('',(0.000357127817990629,0.0223797376960549,-0.0177931948970389));
#9303=CARTESIAN_POINT('',(0.000357127817990649,0.0223797376960549,-0.0177931948970389));
#9304=CARTESIAN_POINT('',(0.000357127817990629,0.0223797376960549,-0.0177931948970389));
#9305=CARTESIAN_POINT('',(0.000307127817990637,0.0202672485279521,-0.0177931948970389));
#9306=CARTESIAN_POINT('',(0.000257127817990627,0.0187734931120035,-0.0162994394810903));
#9307=CARTESIAN_POINT('',(0.000207127817990647,0.0172797376960548,-0.0148056840651417));
#9308=CARTESIAN_POINT('',(0.000157127817990649,0.0172797376960549,-0.0126931948970389));
#9309=CARTESIAN_POINT('',(0.000107127817990634,0.0172797376960548,-0.0105807057289361));
#9310=CARTESIAN_POINT('',(5.71278179906497E-5,0.0187734931120035,-0.00908695031298751));
#9311=CARTESIAN_POINT('',(7.12781799060971E-6,0.0202672485279526,-0.00759319489703833));
#9312=CARTESIAN_POINT('',(-4.2872182009404E-5,0.0223797376960549,-0.00759319489703889));
#9313=CARTESIAN_POINT('',(-4.28721820093514E-5,0.0223797376960549,-0.0075931948970389));
#9314=CARTESIAN_POINT('',(-4.2872182009363E-5,0.0223797376960549,-0.00759319489703889));
#9315=CARTESIAN_POINT('',(-9.28721820093913E-5,0.0244922268641582,-0.00759319489703947));
#9316=CARTESIAN_POINT('',(-0.000142872182009351,0.0259859822801063,-0.00908695031298751));
#9317=CARTESIAN_POINT('',(-0.00019287218200936,0.0274797376960549,-0.0105807057289361));
#9318=CARTESIAN_POINT('',(-0.00024287218200935,0.0274797376960549,-0.0126931948970389));
#9319=CARTESIAN_POINT('',(-0.000292872182009373,0.0274797376960549,-0.0148056840651417));
#9320=CARTESIAN_POINT('',(-0.000342872182009352,0.0259859822801063,-0.0162994394810903));
#9321=CARTESIAN_POINT('',(-0.000392872182009385,0.0244922268641574,-0.0177931948970392));
#9322=CARTESIAN_POINT('',(-0.000442872182009366,0.0223797376960548,-0.0177931948970389));
#9323=CARTESIAN_POINT('',(-0.000442872182009401,0.0223797376960549,-0.0177931948970389));
#9324=CARTESIAN_POINT('',(-0.000442872182009355,0.0223797376960548,-0.0177931948970389));
#9325=CARTESIAN_POINT('',(-0.000492872182009385,0.0202672485279518,-0.0177931948970387));
#9326=CARTESIAN_POINT('',(-0.000542872182009352,0.0187734931120035,-0.0162994394810903));
#9327=CARTESIAN_POINT('',(-0.000592872182009364,0.0172797376960548,-0.0148056840651417));
#9328=CARTESIAN_POINT('',(-0.000642872182009351,0.0172797376960549,-0.0126931948970389));
#9329=CARTESIAN_POINT('',(-0.000692872182009355,0.0172797376960548,-0.0105807057289361));
#9330=CARTESIAN_POINT('',(-0.000742872182009351,0.0187734931120035,-0.00908695031298751));
#9331=CARTESIAN_POINT('',(-0.000792872182009367,0.0202672485279521,-0.00759319489703889));
#9332=CARTESIAN_POINT('',(-0.00084287218200935,0.0223797376960549,-0.0075931948970389));
#9333=CARTESIAN_POINT('',(-0.00084287218200935,0.0223797376960549,-0.0075931948970389));
#9334=CARTESIAN_POINT('',(-0.00084287218200935,0.0223797376960549,-0.0075931948970389));
#9335=CARTESIAN_POINT('',(-0.000892872182009358,0.0244922268641576,-0.0075931948970389));
#9336=CARTESIAN_POINT('',(-0.000942872182009349,0.0259859822801063,-0.00908695031298751));
#9337=CARTESIAN_POINT('',(-0.000992872182009371,0.0274797376960549,-0.0105807057289361));
#9338=CARTESIAN_POINT('',(-0.00104287218200935,0.0274797376960549,-0.0126931948970389));
#9339=CARTESIAN_POINT('',(-0.00109287218200939,0.0274797376960549,-0.0148056840651417));
#9340=CARTESIAN_POINT('',(-0.00114287218200935,0.0259859822801063,-0.0162994394810903));
#9341=CARTESIAN_POINT('',(-0.00119287218200936,0.0244922268641576,-0.0177931948970389));
#9342=CARTESIAN_POINT('',(-0.00124287218200935,0.0223797376960549,-0.0177931948970389));
#9343=CARTESIAN_POINT('',(-0.0012428721820094,0.0223797376960549,-0.0177931948970389));
#9344=CARTESIAN_POINT('',(-0.00124287218200935,0.0223797376960549,-0.0177931948970389));
#9345=CARTESIAN_POINT('',(-0.00129287218200939,0.0202672485279521,-0.0177931948970389));
#9346=CARTESIAN_POINT('',(-0.00134287218200935,0.0187734931120035,-0.0162994394810903));
#9347=CARTESIAN_POINT('',(-0.00139287218200936,0.0172797376960548,-0.0148056840651417));
#9348=CARTESIAN_POINT('',(-0.00144287218200935,0.0172797376960549,-0.0126931948970389));
#9349=CARTESIAN_POINT('',(-0.00149287218200938,0.0172797376960548,-0.0105807057289361));
#9350=CARTESIAN_POINT('',(-0.00154287218200935,0.0187734931120035,-0.00908695031298751));
#9351=CARTESIAN_POINT('',(-0.00159287218200935,0.0202672485279521,-0.00759319489703889));
#9352=CARTESIAN_POINT('',(-0.00164287218200935,0.0223797376960549,-0.0075931948970389));
#9353=CARTESIAN_POINT('',(-0.00164287218200935,0.0223797376960549,-0.0075931948970389));
#9354=CARTESIAN_POINT('',(-0.00164287218200935,0.0223797376960549,-0.0075931948970389));
#9355=CARTESIAN_POINT('',(-0.00169287218200937,0.0244922268641576,-0.00759319489703889));
#9356=CARTESIAN_POINT('',(-0.00174287218200935,0.0259859822801063,-0.00908695031298751));
#9357=CARTESIAN_POINT('',(-0.00179287218200939,0.0274797376960549,-0.0105807057289361));
#9358=CARTESIAN_POINT('',(-0.00184287218200935,0.0274797376960549,-0.0126931948970389));
#9359=CARTESIAN_POINT('',(-0.00189287218200936,0.0274797376960549,-0.0148056840651417));
#9360=CARTESIAN_POINT('',(-0.00194287218200935,0.0259859822801063,-0.0162994394810903));
#9361=CARTESIAN_POINT('',(-0.00199287218200939,0.0244922268641576,-0.0177931948970389));
#9362=CARTESIAN_POINT('',(-0.00204287218200935,0.0223797376960549,-0.0177931948970389));
#9363=CARTESIAN_POINT('',(-0.00204287218200935,0.0223797376960549,-0.0177931948970389));
#9364=CARTESIAN_POINT('',(-0.00204287218200935,0.0223797376960549,-0.0177931948970389));
#9365=CARTESIAN_POINT('',(-0.00209287218200936,0.0202672485279521,-0.0177931948970389));
#9366=CARTESIAN_POINT('',(-0.00214287218200935,0.0187734931120035,-0.0162994394810903));
#9367=CARTESIAN_POINT('',(-0.00219287218200938,0.0172797376960548,-0.0148056840651417));
#9368=CARTESIAN_POINT('',(-0.00224287218200935,0.0172797376960549,-0.0126931948970389));
#9369=CARTESIAN_POINT('',(-0.00229287218200935,0.0172797376960548,-0.0105807057289361));
#9370=CARTESIAN_POINT('',(-0.00234287218200935,0.0187734931120035,-0.00908695031298751));
#9371=CARTESIAN_POINT('',(-0.00239287218200936,0.0202672485279521,-0.00759319489703889));
#9372=CARTESIAN_POINT('',(-0.00244287218200935,0.0223797376960549,-0.0075931948970389));
#9373=CARTESIAN_POINT('',(-0.00244287218200935,0.0223797376960549,-0.0075931948970389));
#9374=CARTESIAN_POINT('',(-0.00244287218200935,0.0223797376960549,-0.0075931948970389));
#9375=CARTESIAN_POINT('',(-0.00249287218200939,0.0244922268641576,-0.00759319489703889));
#9376=CARTESIAN_POINT('',(-0.00254287218200935,0.0259859822801063,-0.00908695031298751));
#9377=CARTESIAN_POINT('',(-0.00259287218200936,0.0274797376960549,-0.0105807057289361));
#9378=CARTESIAN_POINT('',(-0.00264287218200935,0.0274797376960549,-0.0126931948970389));
#9379=CARTESIAN_POINT('',(-0.00269287218200938,0.0274797376960549,-0.0148056840651417));
#9380=CARTESIAN_POINT('',(-0.00274287218200936,0.0259859822801063,-0.0162994394810903));
#9381=CARTESIAN_POINT('',(-0.00279287218200935,0.0244922268641576,-0.0177931948970389));
#9382=CARTESIAN_POINT('',(-0.00284287218200935,0.0223797376960549,-0.0177931948970389));
#9383=CARTESIAN_POINT('',(-0.0028428721820094,0.0223797376960549,-0.0177931948970389));
#9384=CARTESIAN_POINT('',(-0.00284287218200935,0.0223797376960549,-0.0177931948970389));
#9385=CARTESIAN_POINT('',(-0.00289287218200938,0.0202672485279521,-0.0177931948970389));
#9386=CARTESIAN_POINT('',(-0.00294287218200935,0.0187734931120035,-0.0162994394810903));
#9387=CARTESIAN_POINT('',(-0.0029928721820094,0.0172797376960548,-0.0148056840651417));
#9388=CARTESIAN_POINT('',(-0.00304287218200935,0.0172797376960549,-0.0126931948970389));
#9389=CARTESIAN_POINT('',(-0.00309287218200937,0.0172797376960548,-0.0105807057289361));
#9390=CARTESIAN_POINT('',(-0.00314287218200935,0.0187734931120035,-0.00908695031298751));
#9391=CARTESIAN_POINT('',(-0.00319287218200939,0.0202672485279535,-0.00759319489703753));
#9392=CARTESIAN_POINT('',(-0.00324287218200937,0.0223797376960549,-0.00759319489703889));
#9393=CARTESIAN_POINT('',(-0.00324287218200935,0.0223797376960549,-0.0075931948970389));
#9394=CARTESIAN_POINT('',(-0.00324287218200935,0.0223797376960549,-0.0075931948970389));
#9395=CARTESIAN_POINT('',(-0.00329287218200943,0.024492226864159,-0.00759319489704028));
#9396=CARTESIAN_POINT('',(-0.00334287218200935,0.0259859822801063,-0.00908695031298751));
#9397=CARTESIAN_POINT('',(-0.00339287218200938,0.0274797376960549,-0.0105807057289361));
#9398=CARTESIAN_POINT('',(-0.00344287218200935,0.0274797376960549,-0.0126931948970389));
#9399=CARTESIAN_POINT('',(-0.00349287218200935,0.0274797376960549,-0.0148056840651417));
#9400=CARTESIAN_POINT('',(-0.00354287218200935,0.0259859822801063,-0.0162994394810903));
#9401=CARTESIAN_POINT('',(-0.00359287218200942,0.0244922268641564,-0.0177931948970402));
#9402=CARTESIAN_POINT('',(-0.00364287218200936,0.0223797376960549,-0.0177931948970389));
#9403=CARTESIAN_POINT('',(-0.0036428721820094,0.0223797376960549,-0.0177931948970389));
#9404=CARTESIAN_POINT('',(-0.00364287218200939,0.0223797376960548,-0.0177931948970389));
#9405=CARTESIAN_POINT('',(-0.0036928721820094,0.0202672485279508,-0.0177931948970377));
#9406=CARTESIAN_POINT('',(-0.00374287218200935,0.0187734931120035,-0.0162994394810903));
#9407=CARTESIAN_POINT('',(-0.00379287218200937,0.0172797376960548,-0.0148056840651417));
#9408=CARTESIAN_POINT('',(-0.00384287218200935,0.0172797376960549,-0.0126931948970389));
#9409=CARTESIAN_POINT('',(-0.00389287218200933,0.0172797376960548,-0.0105807057289361));
#9410=CARTESIAN_POINT('',(-0.00394287218200935,0.0187734931120035,-0.00908695031298751));
#9411=CARTESIAN_POINT('',(-0.00399287218200936,0.0202672485279521,-0.00759319489703889));
#9412=CARTESIAN_POINT('',(-0.00404287218200935,0.0223797376960549,-0.0075931948970389));
#9413=CARTESIAN_POINT('',(-0.00404287218200935,0.0223797376960549,-0.0075931948970389));
#9414=CARTESIAN_POINT('',(-0.00404287218200935,0.0223797376960549,-0.0075931948970389));
#9415=CARTESIAN_POINT('',(-0.00409287218200938,0.0244922268641576,-0.00759319489703889));
#9416=CARTESIAN_POINT('',(-0.00414287218200935,0.0259859822801063,-0.00908695031298751));
#9417=CARTESIAN_POINT('',(-0.00419287218200935,0.0274797376960549,-0.0105807057289361));
#9418=CARTESIAN_POINT('',(-0.00424287218200935,0.0274797376960549,-0.0126931948970389));
#9419=CARTESIAN_POINT('',(-0.00429287218200938,0.0274797376960549,-0.0148056840651417));
#9420=CARTESIAN_POINT('',(-0.00434287218200935,0.0259859822801063,-0.0162994394810903));
#9421=CARTESIAN_POINT('',(-0.00439287218200916,0.0244922268641646,-0.0177931948970319));
#9422=CARTESIAN_POINT('',(-0.00444287218200938,0.0223797376960549,-0.0177931948970389));
#9423=CARTESIAN_POINT('',(-0.0044428721820094,0.0223797376960549,-0.0177931948970389));
#9424=CARTESIAN_POINT('',(-0.00444287218200938,0.0223797376960549,-0.0177931948970389));
#9425=CARTESIAN_POINT('',(-0.00449287218200915,0.0202672485279591,-0.0177931948970458));
#9426=CARTESIAN_POINT('',(-0.00454287218200935,0.0187734931120035,-0.0162994394810903));
#9427=CARTESIAN_POINT('',(-0.00459287218200939,0.0172797376960548,-0.0148056840651417));
#9428=CARTESIAN_POINT('',(-0.00464287218200935,0.0172797376960549,-0.0126931948970389));
#9429=CARTESIAN_POINT('',(-0.00469287218200936,0.0172797376960548,-0.0105807057289361));
#9430=CARTESIAN_POINT('',(-0.00474287218200935,0.0187734931120035,-0.00908695031298751));
#9431=CARTESIAN_POINT('',(-0.00479287218200938,0.0202672485279521,-0.00759319489703889));
#9432=CARTESIAN_POINT('',(-0.00484287218200935,0.0223797376960549,-0.0075931948970389));
#9433=CARTESIAN_POINT('',(-0.00484287218200935,0.0223797376960549,-0.0075931948970389));
#9434=CARTESIAN_POINT('',(-0.00484287218200935,0.0223797376960549,-0.0075931948970389));
#9435=CARTESIAN_POINT('',(-0.00489287218200935,0.0244922268641576,-0.00759319489703889));
#9436=CARTESIAN_POINT('',(-0.00494287218200935,0.0259859822801063,-0.00908695031298751));
#9437=CARTESIAN_POINT('',(-0.00495705629569517,0.0264097342128776,-0.00951070224575888));
#9438=CARTESIAN_POINT('',(-0.00497221599020209,0.026723713982636,-0.0100211413755652));
#9439=CARTESIAN_POINT('',(0.0129400520392513,0.0132787376960548,-0.0126931948970389));
#9440=CARTESIAN_POINT('',(-0.00605994796074865,0.0172797376960549,-0.0126931948970389));
#9441=CARTESIAN_POINT('',(0.00234005203925135,0.0172797376960549,-0.0126931948970389));
#9442=CARTESIAN_POINT('',(-0.00275994796074865,0.0223797376960549,-0.0126931948970389));
#9443=CARTESIAN_POINT('',(0.00669005203925135,0.0132787376960548,-0.0126931948970389));
#9444=CARTESIAN_POINT('',(0.00660279533901857,0.0145806847246884,-0.0127804515972717));
#9445=CARTESIAN_POINT('',(0.00669005203925135,0.0145799622965236,-0.0126931948970389));
#9446=CARTESIAN_POINT('',(0.00659005213899861,0.0145803787480387,-0.0127931947972917));
#9447=CARTESIAN_POINT('',(0.00659005203925135,0.0144797376960548,-0.0127931948970389));
#9448=CARTESIAN_POINT('',(0.00659005203925135,0.0190312305660042,-0.0127931948970389));
#9449=CARTESIAN_POINT('',(0.00669005203925135,0.0223797376960549,-0.0126931948970389));
#9450=CARTESIAN_POINT('',(0.00669005203925135,0.0190297376960549,-0.0126931948970389));
#9451=CARTESIAN_POINT('',(0.00669005203925135,0.0190297376960549,-0.0126931948970389));
#9452=CARTESIAN_POINT('',(0.00656490200580281,0.0145055188027802,-0.0127431805885179));
#9453=CARTESIAN_POINT('',(0.00649037103475978,0.0144690275763132,-0.0127807582833401));
#9454=CARTESIAN_POINT('',(0.00648963387981525,0.0143803627204708,-0.0126931948970389));
#9455=CARTESIAN_POINT('',(0.00649005203925135,0.0144803549076656,-0.0127919448970389));
#9456=CARTESIAN_POINT('',(0.0064900485700054,0.0144803566350866,-0.0127923598228855));
#9457=CARTESIAN_POINT('',(0.00652338428261729,0.0145136967311794,-0.0127924997749008));
#9458=CARTESIAN_POINT('',(0.00655671996503295,0.0145470368579641,-0.0127926397862842));
#9459=CARTESIAN_POINT('',(0.0065900556162434,0.0145803770149398,-0.0127927798598232));
#9460=CARTESIAN_POINT('',(0.00658999948547844,0.0144803183951313,-0.0126931948970389));
#9461=CARTESIAN_POINT('',(0.0476894164293507,0.0144803549076656,-0.0127919448970389));
#9462=CARTESIAN_POINT('',(0.00354005203925135,0.0144803549076656,-0.0127919448970389));
#9463=CARTESIAN_POINT('',(0.00354005203925135,0.0143803627204708,-0.0126931948970389));
#9464=CARTESIAN_POINT('',(0.00354005203925135,0.0144803549076656,-0.0127919448970389));
#9465=CARTESIAN_POINT('',(0.0476894164293507,0.0144803549076656,-0.0127919448970389));
#9466=CARTESIAN_POINT('',(0.00659005203925135,0.0143803627204708,-0.0126931948970389));
#9467=CARTESIAN_POINT('',(0.00659005203925135,0.0223797376960549,-0.0126931948970389));
#9468=CARTESIAN_POINT('',(0.00649004856953864,0.0302791187565555,-0.0127923598226712));
#9469=CARTESIAN_POINT('',(0.0065233842655982,0.0302457786770173,-0.012792499774617));
#9470=CARTESIAN_POINT('',(0.00655671993192841,0.0302124385672546,-0.0127926397861451));
#9471=CARTESIAN_POINT('',(0.00659005556658659,0.0301790984268334,-0.0127927798596145));
#9472=CARTESIAN_POINT('',(0.00649005203925135,0.0302791204844441,-0.0127919448970389));
#9473=CARTESIAN_POINT('',(0.00659005203925135,0.030179096644071,-0.0127931948970389));
#9474=CARTESIAN_POINT('',(0.00659005203925135,0.0223797376960549,-0.0126931948970389));
#9475=CARTESIAN_POINT('',(0.00649005203925135,0.0223797376960549,-0.0126931948970389));
#9476=CARTESIAN_POINT('',(0.00354005203925135,0.0144803549076656,-0.0127919448970389));
#9477=CARTESIAN_POINT('',(0.00344005203925135,0.0145803470948604,-0.0127906948970389));
#9478=CARTESIAN_POINT('',(0.00344005203925135,0.0143803627204708,-0.0125931948970389));
#9479=CARTESIAN_POINT('',(0.00344005203925135,0.0145803470948604,-0.0127906948970389));
#9480=CARTESIAN_POINT('',(0.00344005203925135,0.0145803470948604,-0.0127906948970389));
#9481=CARTESIAN_POINT('',(0.00354005203925135,0.0143803627204708,-0.0126931948970389));
#9482=CARTESIAN_POINT('',(0.00656490200580282,0.0302539565893296,-0.0127431805885178));
#9483=CARTESIAN_POINT('',(0.00658999948547844,0.0302791569969784,-0.0126931948970389));
#9484=CARTESIAN_POINT('',(0.00669005203925135,0.0301795130955862,-0.0126931948970389));
#9485=CARTESIAN_POINT('',(0.00648963387981529,0.0303791126716389,-0.0126931948970389));
#9486=CARTESIAN_POINT('',(0.00662009077742909,0.0301789338622911,-0.0127631561588612));
#9487=CARTESIAN_POINT('',(0.00649037103475984,0.0302904478157965,-0.0127807582833401));
#9488=CARTESIAN_POINT('',(0.00354005203925135,0.0132787376960548,-0.0126931948970389));
#9489=CARTESIAN_POINT('',(0.00354005203925135,0.0132797376960548,-0.0126931948970389));
#9490=CARTESIAN_POINT('',(0.00344005203925135,0.0132797376960548,-0.0125931948970389));
#9491=CARTESIAN_POINT('',(0.00354005203925135,0.0132797376960548,-0.0126931948970389));
#9492=CARTESIAN_POINT('',(0.00344005203925135,0.0314797376960549,-0.0125931948970389));
#9493=CARTESIAN_POINT('',(0.00354005203925135,0.0132787376960548,-0.0126931948970389));
#9494=CARTESIAN_POINT('',(0.0476894164293507,0.0303791126716389,-0.0126931948970389));
#9495=CARTESIAN_POINT('',(0.00354005203925135,0.030379112671639,-0.0126931948970389));
#9496=CARTESIAN_POINT('',(0.00354005203925135,0.0302791204844441,-0.0127919448970389));
#9497=CARTESIAN_POINT('',(0.00354005203925135,0.030379112671639,-0.0126931948970389));
#9498=CARTESIAN_POINT('',(0.00344005203925135,0.030379112671639,-0.0126931948970389));
#9499=CARTESIAN_POINT('',(0.0476894164293507,0.0302791204844441,-0.0127919448970389));
#9500=CARTESIAN_POINT('',(0.00669005203925135,0.0132787376960548,-0.0126931948970389));
#9501=CARTESIAN_POINT('',(0.00669005203925135,0.0223797376960549,-0.0126931948970389));
#9502=CARTESIAN_POINT('',(0.00659005203925135,0.0257282448261055,-0.0127931948970389));
#9503=CARTESIAN_POINT('',(0.00669005203925135,0.0257297376960549,-0.0126931948970389));
#9504=CARTESIAN_POINT('',(0.00659005203925135,0.0257297376960549,-0.0127931948970389));
#9505=CARTESIAN_POINT('',(0.00669005203925135,0.0302797376960549,-0.0126931948970389));
#9506=CARTESIAN_POINT('',(0.00354005203925135,0.030379112671639,-0.0126931948970389));
#9507=CARTESIAN_POINT('',(0.00344005203925135,0.030379112671639,-0.0125931948970389));
#9508=CARTESIAN_POINT('',(0.00344005203925135,0.0301791282972492,-0.0127906948970389));
#9509=CARTESIAN_POINT('',(0.00344005203925135,0.030379112671639,-0.0125931948970389));
#9510=CARTESIAN_POINT('',(0.00344005203925135,0.030379112671639,-0.0125931948970389));
#9511=CARTESIAN_POINT('',(0.00354005203925135,0.0302791204844441,-0.0127919448970389));
#9512=CARTESIAN_POINT('',(0.00354005203925135,0.0132787376960548,-0.0126931948970389));
#9513=CARTESIAN_POINT('',(0.00344005203925135,0.0314797376960549,-0.0125931948970389));
#9514=CARTESIAN_POINT('',(0.00344005203925135,0.0314797376960549,-0.0125931948970389));
#9515=CARTESIAN_POINT('',(0.00939005203925135,0.0314797376960549,-0.0185431948970389));
#9516=CARTESIAN_POINT('',(0.00354005203925135,0.0314797376960549,-0.0126931948970389));
#9517=CARTESIAN_POINT('',(0.00354005203925135,0.0132787376960548,-0.0126931948970389));
#9518=CARTESIAN_POINT('',(0.0130400520392513,0.0132787376960548,-0.0126931948970389));
#9519=CARTESIAN_POINT('',(0.0129527953390186,0.0145806847246883,-0.0127804515972717));
#9520=CARTESIAN_POINT('',(0.0130400520392513,0.0145799622965235,-0.0126931948970389));
#9521=CARTESIAN_POINT('',(0.0129400521389986,0.0145803787480387,-0.0127931947972916));
#9522=CARTESIAN_POINT('',(0.0129400520392513,0.0144797376960548,-0.0127931948970389));
#9523=CARTESIAN_POINT('',(0.0129400520392513,0.0190312305660042,-0.0127931948970389));
#9524=CARTESIAN_POINT('',(0.0130400520392513,0.0223797376960549,-0.0126931948970389));
#9525=CARTESIAN_POINT('',(0.0130400520392513,0.0190297376960549,-0.0126931948970389));
#9526=CARTESIAN_POINT('',(0.0130400520392513,0.0190297376960549,-0.0126931948970389));
#9527=CARTESIAN_POINT('',(0.0129149020058028,0.0145055188027801,-0.0127431805885178));
#9528=CARTESIAN_POINT('',(0.0128403710347598,0.0144690275763132,-0.0127807582833401));
#9529=CARTESIAN_POINT('',(0.0128396338798153,0.0143803627204708,-0.0126931948970389));
#9530=CARTESIAN_POINT('',(0.0128400520392513,0.0144803549076656,-0.0127919448970389));
#9531=CARTESIAN_POINT('',(0.0128400485695387,0.0144803566355542,-0.0127923598226712));
#9532=CARTESIAN_POINT('',(0.0128733842821506,0.0145136967316469,-0.0127924997746864));
#9533=CARTESIAN_POINT('',(0.012906719965033,0.0145470368579641,-0.0127926397862841));
#9534=CARTESIAN_POINT('',(0.0129400556162434,0.0145803770149397,-0.0127927798598231));
#9535=CARTESIAN_POINT('',(0.0129399994854784,0.0144803183951313,-0.0126931948970389));
#9536=CARTESIAN_POINT('',(0.0476894164293507,0.0144803549076656,-0.0127919448970389));
#9537=CARTESIAN_POINT('',(0.0112909125571346,0.0143271559364202,-0.0126406490924876));
#9538=CARTESIAN_POINT('',(0.011290470198723,0.0143803627204708,-0.0126931948970389));
#9539=CARTESIAN_POINT('',(0.0112900520392513,0.0144803548031603,-0.0127919447938319));
#9540=CARTESIAN_POINT('',(0.0476894164293507,0.0144803549076656,-0.0127919448970389));
#9541=CARTESIAN_POINT('',(0.0129400520392513,0.0143803627204708,-0.0126931948970389));
#9542=CARTESIAN_POINT('',(0.0129400520392513,0.0223797376960549,-0.0126931948970389));
#9543=CARTESIAN_POINT('',(0.0128400485695387,0.0302791187565555,-0.0127923598226712));
#9544=CARTESIAN_POINT('',(0.0128733842655982,0.0302457786770173,-0.0127924997746169));
#9545=CARTESIAN_POINT('',(0.0129067199319284,0.0302124385672546,-0.0127926397861451));
#9546=CARTESIAN_POINT('',(0.0129400555665866,0.0301790984268335,-0.0127927798596145));
#9547=CARTESIAN_POINT('',(0.0128400520392513,0.0302791204844441,-0.0127919448970389));
#9548=CARTESIAN_POINT('',(0.0129400520392513,0.030179096644071,-0.0127931948970389));
#9549=CARTESIAN_POINT('',(0.0129400520392513,0.0223797376960549,-0.0126931948970389));
#9550=CARTESIAN_POINT('',(0.0128400520392513,0.0223797376960549,-0.0126931948970389));
#9551=CARTESIAN_POINT('',(0.0112152020742981,0.0145055188043783,-0.0127431805916944));
#9552=CARTESIAN_POINT('',(0.0111846621539907,0.0145807456061118,-0.0127878050117782));
#9553=CARTESIAN_POINT('',(0.0110900520392513,0.0145799622964882,-0.0126931948970389));
#9554=CARTESIAN_POINT('',(0.0111900520392513,0.0145803787480387,-0.0127931948970389));
#9555=CARTESIAN_POINT('',(0.0111900485114435,0.0145803769648028,-0.0127927798598494));
#9556=CARTESIAN_POINT('',(0.0112233841637142,0.0145470368067667,-0.0127926397862941));
#9557=CARTESIAN_POINT('',(0.0112567198477605,0.0145136966802317,-0.0127924997744646));
#9558=CARTESIAN_POINT('',(0.0112900555614326,0.0144803565830785,-0.0127923598224331));
#9559=CARTESIAN_POINT('',(0.0111901045930321,0.0144803183951235,-0.0126931948970389));
#9560=CARTESIAN_POINT('',(0.0129149020058028,0.0302539565893296,-0.0127431805885178));
#9561=CARTESIAN_POINT('',(0.0129399994854784,0.0302791569969784,-0.0126931948970389));
#9562=CARTESIAN_POINT('',(0.0130400520392513,0.0301795130955862,-0.0126931948970389));
#9563=CARTESIAN_POINT('',(0.0128396338798153,0.0303791126716389,-0.0126931948970389));
#9564=CARTESIAN_POINT('',(0.012970090777429,0.0301789338622912,-0.0127631561588612));
#9565=CARTESIAN_POINT('',(0.0128403710347598,0.0302904478157965,-0.01278075828334));
#9566=CARTESIAN_POINT('',(0.0111900520392513,0.0132787376960548,-0.0127931948970389));
#9567=CARTESIAN_POINT('',(0.0110900520392513,0.0223797376960549,-0.0126931948970389));
#9568=CARTESIAN_POINT('',(0.0111900520392513,0.0190312305660042,-0.0127931948970389));
#9569=CARTESIAN_POINT('',(0.0110900520392513,0.0190297376960549,-0.0126931948970389));
#9570=CARTESIAN_POINT('',(0.0111900520392513,0.0190297376960549,-0.0127931948970389));
#9571=CARTESIAN_POINT('',(0.0110900520392513,0.0144797376960548,-0.0126931948970389));
#9572=CARTESIAN_POINT('',(0.0476894164293507,0.0303791126716389,-0.0126931948970389));
#9573=CARTESIAN_POINT('',(0.0112917438578439,0.0305323081439918,-0.0125419025479139));
#9574=CARTESIAN_POINT('',(0.0112900520392513,0.0302791204844441,-0.0127919448970389));
#9575=CARTESIAN_POINT('',(0.011290470198723,0.0303791126716389,-0.0126931948970389));
#9576=CARTESIAN_POINT('',(0.0111900520392513,0.0303791126716389,-0.0126931948970389));
#9577=CARTESIAN_POINT('',(0.0476894164293507,0.0302791204844441,-0.0127919448970389));
#9578=CARTESIAN_POINT('',(0.0130400520392513,0.0132787376960548,-0.0126931948970389));
#9579=CARTESIAN_POINT('',(0.0130400520392513,0.0223797376960549,-0.0126931948970389));
#9580=CARTESIAN_POINT('',(0.0129400520392513,0.0257282448261055,-0.0127931948970389));
#9581=CARTESIAN_POINT('',(0.0130400520392513,0.0257297376960549,-0.0126931948970389));
#9582=CARTESIAN_POINT('',(0.0129400520392513,0.0257297376960549,-0.0127931948970389));
#9583=CARTESIAN_POINT('',(0.0130400520392513,0.0302797376960549,-0.0126931948970389));
#9584=CARTESIAN_POINT('',(0.0112152020742981,0.0302539565877315,-0.0127431805916943));
#9585=CARTESIAN_POINT('',(0.0112600098752962,0.0301781059563432,-0.0128631527330838));
#9586=CARTESIAN_POINT('',(0.0111900520392513,0.030179096644071,-0.0127931948970389));
#9587=CARTESIAN_POINT('',(0.0110900520392513,0.0301795130956215,-0.0126931948970389));
#9588=CARTESIAN_POINT('',(0.0111901045930321,0.0302791569969862,-0.0126931948970389));
#9589=CARTESIAN_POINT('',(0.0111900485119162,0.0301790984268334,-0.0127927798596323));
#9590=CARTESIAN_POINT('',(0.0112233841466973,0.0302124385673776,-0.0127926397861505));
#9591=CARTESIAN_POINT('',(0.0112567198127814,0.0302457786768943,-0.0127924997746115));
#9592=CARTESIAN_POINT('',(0.0112900555089639,0.0302791187565557,-0.0127923598226533));
#9593=CARTESIAN_POINT('',(0.0111900520392513,0.0132787376960548,-0.0127931948970389));
#9594=CARTESIAN_POINT('',(0.0110900520392513,0.0223797376960549,-0.0126931948970389));
#9595=CARTESIAN_POINT('',(0.0110900520392513,0.0257297376960549,-0.0126931948970389));
#9596=CARTESIAN_POINT('',(0.0111900520392513,0.0257282448261055,-0.0127931948970389));
#9597=CARTESIAN_POINT('',(0.0110900520392513,0.0257297376960549,-0.0126931948970389));
#9598=CARTESIAN_POINT('',(0.0111900520392513,0.0302797376960549,-0.0127931948970389));
#9599=CARTESIAN_POINT('',(0.0193900520392514,0.0132787376960548,-0.0126931948970389));
#9600=CARTESIAN_POINT('',(0.0193027953390186,0.0145806847246883,-0.0127804515972717));
#9601=CARTESIAN_POINT('',(0.0193900520392514,0.0145799622965235,-0.0126931948970389));
#9602=CARTESIAN_POINT('',(0.0192900521389986,0.0145803787480387,-0.0127931947972916));
#9603=CARTESIAN_POINT('',(0.0192900520392514,0.0144797376960548,-0.0127931948970389));
#9604=CARTESIAN_POINT('',(0.0192900520392514,0.0190312305660042,-0.0127931948970389));
#9605=CARTESIAN_POINT('',(0.0193900520392514,0.0223797376960549,-0.0126931948970389));
#9606=CARTESIAN_POINT('',(0.0193900520392514,0.0190297376960549,-0.0126931948970389));
#9607=CARTESIAN_POINT('',(0.0193900520392514,0.0190297376960549,-0.0126931948970389));
#9608=CARTESIAN_POINT('',(0.0192649020058029,0.0145055188027801,-0.0127431805885178));
#9609=CARTESIAN_POINT('',(0.0191903710347598,0.0144690275763132,-0.0127807582833401));
#9610=CARTESIAN_POINT('',(0.0191896338798153,0.0143803627204708,-0.0126931948970389));
#9611=CARTESIAN_POINT('',(0.0191900520392514,0.0144803549076656,-0.0127919448970389));
#9612=CARTESIAN_POINT('',(0.0191900485695387,0.0144803566355542,-0.0127923598226712));
#9613=CARTESIAN_POINT('',(0.0192233842821506,0.0145136967316469,-0.0127924997746864));
#9614=CARTESIAN_POINT('',(0.019256719965033,0.0145470368579641,-0.0127926397862841));
#9615=CARTESIAN_POINT('',(0.0192900556162434,0.0145803770149397,-0.0127927798598231));
#9616=CARTESIAN_POINT('',(0.0192899994854785,0.0144803183951313,-0.0126931948970389));
#9617=CARTESIAN_POINT('',(0.0476894164293507,0.0144803549076656,-0.0127919448970389));
#9618=CARTESIAN_POINT('',(0.0176406903601685,0.0143538817444495,-0.0126670428900125));
#9619=CARTESIAN_POINT('',(0.017640470198723,0.0143803627204708,-0.0126931948970389));
#9620=CARTESIAN_POINT('',(0.0176400520392513,0.0144803548031603,-0.0127919447938319));
#9621=CARTESIAN_POINT('',(0.0476894164293507,0.0144803549076656,-0.0127919448970389));
#9622=CARTESIAN_POINT('',(0.0192900520392514,0.0143803627204708,-0.0126931948970389));
#9623=CARTESIAN_POINT('',(0.0192900520392514,0.0223797376960549,-0.0126931948970389));
#9624=CARTESIAN_POINT('',(0.0191900485695387,0.0302791187565555,-0.0127923598226712));
#9625=CARTESIAN_POINT('',(0.0192233842655982,0.0302457786770173,-0.0127924997746169));
#9626=CARTESIAN_POINT('',(0.0192567199319284,0.0302124385672546,-0.0127926397861451));
#9627=CARTESIAN_POINT('',(0.0192900555665866,0.0301790984268335,-0.0127927798596145));
#9628=CARTESIAN_POINT('',(0.0191900520392514,0.0302791204844441,-0.0127919448970389));
#9629=CARTESIAN_POINT('',(0.0192900520392514,0.030179096644071,-0.0127931948970389));
#9630=CARTESIAN_POINT('',(0.0192900520392514,0.0223797376960549,-0.0126931948970389));
#9631=CARTESIAN_POINT('',(0.0191900520392514,0.0223797376960549,-0.0126931948970389));
#9632=CARTESIAN_POINT('',(0.0175652020742981,0.0145055188043783,-0.0127431805916944));
#9633=CARTESIAN_POINT('',(0.0175346621539907,0.0145807456061118,-0.0127878050117782));
#9634=CARTESIAN_POINT('',(0.0174400520392513,0.0145799622964882,-0.0126931948970389));
#9635=CARTESIAN_POINT('',(0.0175400520392513,0.0145803787480387,-0.0127931948970389));
#9636=CARTESIAN_POINT('',(0.0175400485114435,0.0145803769648028,-0.0127927798598494));
#9637=CARTESIAN_POINT('',(0.0175733841637142,0.0145470368067667,-0.0127926397862941));
#9638=CARTESIAN_POINT('',(0.0176067198477605,0.0145136966802317,-0.0127924997744646));
#9639=CARTESIAN_POINT('',(0.0176400555614326,0.0144803565830785,-0.0127923598224331));
#9640=CARTESIAN_POINT('',(0.0175401045930321,0.0144803183951235,-0.0126931948970389));
#9641=CARTESIAN_POINT('',(0.0192649020058029,0.0302539565893296,-0.0127431805885178));
#9642=CARTESIAN_POINT('',(0.0192899994854785,0.0302791569969784,-0.0126931948970389));
#9643=CARTESIAN_POINT('',(0.0193900520392514,0.0301795130955862,-0.0126931948970389));
#9644=CARTESIAN_POINT('',(0.0191896338798153,0.0303791126716389,-0.0126931948970389));
#9645=CARTESIAN_POINT('',(0.019320090777429,0.0301789338622912,-0.0127631561588613));
#9646=CARTESIAN_POINT('',(0.0191903710347598,0.0302904478157965,-0.01278075828334));
#9647=CARTESIAN_POINT('',(0.0175400520392513,0.0132787376960548,-0.0127931948970389));
#9648=CARTESIAN_POINT('',(0.0174400520392513,0.0223797376960549,-0.0126931948970389));
#9649=CARTESIAN_POINT('',(0.0175400520392513,0.0190312305660042,-0.0127931948970389));
#9650=CARTESIAN_POINT('',(0.0174400520392513,0.0190297376960549,-0.0126931948970389));
#9651=CARTESIAN_POINT('',(0.0175400520392513,0.0190297376960549,-0.0127931948970389));
#9652=CARTESIAN_POINT('',(0.0174400520392513,0.0144797376960548,-0.0126931948970389));
#9653=CARTESIAN_POINT('',(0.0476894164293507,0.0303791126716389,-0.0126931948970389));
#9654=CARTESIAN_POINT('',(0.0176415216608779,0.030505582335963,-0.0125682963454383));
#9655=CARTESIAN_POINT('',(0.0176400520392513,0.0302791204844441,-0.0127919448970389));
#9656=CARTESIAN_POINT('',(0.0176404701987229,0.0303791126716389,-0.0126931948970389));
#9657=CARTESIAN_POINT('',(0.0175400520392513,0.0303791126716389,-0.0126931948970389));
#9658=CARTESIAN_POINT('',(0.0476894164293507,0.0302791204844441,-0.0127919448970389));
#9659=CARTESIAN_POINT('',(0.0193900520392514,0.0132787376960548,-0.0126931948970389));
#9660=CARTESIAN_POINT('',(0.0193900520392514,0.0223797376960549,-0.0126931948970389));
#9661=CARTESIAN_POINT('',(0.0192900520392514,0.0257282448261055,-0.0127931948970389));
#9662=CARTESIAN_POINT('',(0.0193900520392514,0.0257297376960549,-0.0126931948970389));
#9663=CARTESIAN_POINT('',(0.0192900520392514,0.0257297376960549,-0.0127931948970389));
#9664=CARTESIAN_POINT('',(0.0193900520392514,0.0302797376960549,-0.0126931948970389));
#9665=CARTESIAN_POINT('',(0.0175652020742981,0.0302539565877315,-0.0127431805916943));
#9666=CARTESIAN_POINT('',(0.017610009875296,0.0301781059563432,-0.0128631527330836));
#9667=CARTESIAN_POINT('',(0.0175400520392513,0.030179096644071,-0.0127931948970389));
#9668=CARTESIAN_POINT('',(0.0174400520392513,0.0301795130956215,-0.0126931948970389));
#9669=CARTESIAN_POINT('',(0.0175401045930321,0.0302791569969862,-0.0126931948970389));
#9670=CARTESIAN_POINT('',(0.0175400485119162,0.0301790984268334,-0.0127927798596323));
#9671=CARTESIAN_POINT('',(0.0175733841466973,0.0302124385673776,-0.0127926397861505));
#9672=CARTESIAN_POINT('',(0.0176067198127814,0.0302457786768943,-0.0127924997746115));
#9673=CARTESIAN_POINT('',(0.017640055508964,0.0302791187565557,-0.0127923598226533));
#9674=CARTESIAN_POINT('',(0.0175400520392513,0.0132787376960548,-0.0127931948970389));
#9675=CARTESIAN_POINT('',(0.0174400520392513,0.0223797376960549,-0.0126931948970389));
#9676=CARTESIAN_POINT('',(0.0174400520392513,0.0257297376960549,-0.0126931948970389));
#9677=CARTESIAN_POINT('',(0.0175400520392513,0.0257282448261055,-0.0127931948970389));
#9678=CARTESIAN_POINT('',(0.0174400520392513,0.0257297376960549,-0.0126931948970389));
#9679=CARTESIAN_POINT('',(0.0175400520392513,0.0302797376960549,-0.0127931948970389));
#9680=CARTESIAN_POINT('',(0.0269400520392513,0.0132787376960548,-0.0126931948970389));
#9681=CARTESIAN_POINT('',(0.0270400520392513,0.0143803627204708,-0.0125931948970389));
#9682=CARTESIAN_POINT('',(0.0269400520392513,0.0143803627204708,-0.0126931948970389));
#9683=CARTESIAN_POINT('',(0.0270400520392513,0.0143803627204708,-0.0125931948970389));
#9684=CARTESIAN_POINT('',(0.0270400520392513,0.0314797376960549,-0.0125931948970389));
#9685=CARTESIAN_POINT('',(0.0270400520392513,0.0132797376960548,-0.0125931948970389));
#9686=CARTESIAN_POINT('',(0.0269400520392513,0.0132797376960548,-0.0126931948970389));
#9687=CARTESIAN_POINT('',(0.0269400520392513,0.0132797376960548,-0.0126931948970389));
#9688=CARTESIAN_POINT('',(0.0269400520392513,0.0132787376960548,-0.0126931948970389));
#9689=CARTESIAN_POINT('',(0.0269400520392513,0.0143803627204708,-0.0126931948970389));
#9690=CARTESIAN_POINT('',(0.0269400520392513,0.0144803549076656,-0.0127919448970389));
#9691=CARTESIAN_POINT('',(0.0269400520392513,0.0144803549076656,-0.0127919448970389));
#9692=CARTESIAN_POINT('',(0.0270400520392513,0.0145803470948604,-0.0127906948970389));
#9693=CARTESIAN_POINT('',(0.0270400520392513,0.0143803627204708,-0.0125931948970389));
#9694=CARTESIAN_POINT('',(0.0269400520392513,0.0143803627204708,-0.0126931948970389));
#9695=CARTESIAN_POINT('',(0.0476894164293507,0.0144803549076656,-0.0127919448970389));
#9696=CARTESIAN_POINT('',(0.0239904681632025,0.0143806075524792,-0.0126934366875379));
#9697=CARTESIAN_POINT('',(0.023990470198723,0.0143803627204708,-0.0126931948970389));
#9698=CARTESIAN_POINT('',(0.0239900520392513,0.0144803548031603,-0.0127919447938319));
#9699=CARTESIAN_POINT('',(0.0476894164293507,0.0144803549076656,-0.0127919448970389));
#9700=CARTESIAN_POINT('',(0.0270400520392513,0.0143803627204708,-0.0126931948970389));
#9701=CARTESIAN_POINT('',(0.0269400520392513,0.0223797376960549,-0.0126931948970389));
#9702=CARTESIAN_POINT('',(0.0270400520392513,0.0301791282972493,-0.0127906948970389));
#9703=CARTESIAN_POINT('',(0.0269400520392513,0.0302791204844441,-0.0127919448970389));
#9704=CARTESIAN_POINT('',(0.0270400520392513,0.0301791282972493,-0.0127906948970389));
#9705=CARTESIAN_POINT('',(0.0270400520392513,0.0223797376960549,-0.0126931948970389));
#9706=CARTESIAN_POINT('',(0.0269400520392513,0.0223797376960549,-0.0126931948970389));
#9707=CARTESIAN_POINT('',(0.0239152020742982,0.0145055188043783,-0.0127431805916944));
#9708=CARTESIAN_POINT('',(0.0238846621539907,0.0145807456061118,-0.0127878050117782));
#9709=CARTESIAN_POINT('',(0.0237900520392513,0.0145799622964882,-0.0126931948970389));
#9710=CARTESIAN_POINT('',(0.0238900520392513,0.0145803787480386,-0.0127931948970389));
#9711=CARTESIAN_POINT('',(0.0238900485119162,0.0145803769652764,-0.0127927798596323));
#9712=CARTESIAN_POINT('',(0.0239233841641869,0.0145470368072402,-0.012792639786077));
#9713=CARTESIAN_POINT('',(0.0239567198477605,0.0145136966802317,-0.0127924997744645));
#9714=CARTESIAN_POINT('',(0.0239900555614326,0.0144803565830785,-0.012792359822433));
#9715=CARTESIAN_POINT('',(0.023890104593032,0.0144803183951235,-0.0126931948970389));
#9716=CARTESIAN_POINT('',(0.0269400520392513,0.0302791204844441,-0.0127919448970389));
#9717=CARTESIAN_POINT('',(0.0269400520392513,0.0303791126716389,-0.0126931948970389));
#9718=CARTESIAN_POINT('',(0.0269400520392513,0.0303791126716389,-0.0126931948970389));
#9719=CARTESIAN_POINT('',(0.0270400520392513,0.0303791126716389,-0.0125931948970389));
#9720=CARTESIAN_POINT('',(0.0270400520392513,0.0301791282972493,-0.0127906948970389));
#9721=CARTESIAN_POINT('',(0.0269400520392513,0.0302791204844441,-0.0127919448970389));
#9722=CARTESIAN_POINT('',(0.0238900520392513,0.0132787376960548,-0.0127931948970389));
#9723=CARTESIAN_POINT('',(0.0237900520392513,0.0223797376960549,-0.0126931948970389));
#9724=CARTESIAN_POINT('',(0.0238900520392513,0.0190312305660042,-0.0127931948970389));
#9725=CARTESIAN_POINT('',(0.0237900520392513,0.0190297376960549,-0.0126931948970389));
#9726=CARTESIAN_POINT('',(0.0238900520392513,0.0190297376960549,-0.0127931948970389));
#9727=CARTESIAN_POINT('',(0.0237900520392513,0.0144797376960548,-0.0126931948970389));
#9728=CARTESIAN_POINT('',(0.0476894164293507,0.0303791126716389,-0.0126931948970389));
#9729=CARTESIAN_POINT('',(0.0239912994639119,0.0304788565279332,-0.0125946901429637));
#9730=CARTESIAN_POINT('',(0.0239900520392513,0.0302791204844441,-0.0127919448970389));
#9731=CARTESIAN_POINT('',(0.023990470198723,0.0303791126716389,-0.0126931948970389));
#9732=CARTESIAN_POINT('',(0.0238900520392513,0.0303791126716389,-0.0126931948970389));
#9733=CARTESIAN_POINT('',(0.0476894164293507,0.0302791204844441,-0.0127919448970389));
#9734=CARTESIAN_POINT('',(0.0269400520392513,0.0132787376960548,-0.0126931948970389));
#9735=CARTESIAN_POINT('',(0.0210900520392514,0.0314797376960549,-0.0185431948970389));
#9736=CARTESIAN_POINT('',(0.0270400520392513,0.0314797376960549,-0.0125931948970389));
#9737=CARTESIAN_POINT('',(0.0269400520392513,0.0314797376960549,-0.0126931948970389));
#9738=CARTESIAN_POINT('',(0.0270400520392513,0.0314797376960549,-0.0125931948970389));
#9739=CARTESIAN_POINT('',(0.0269400520392513,0.0132787376960548,-0.0126931948970389));
#9740=CARTESIAN_POINT('',(0.0239152020742981,0.0302539565877315,-0.0127431805916943));
#9741=CARTESIAN_POINT('',(0.0239600098752962,0.0301781059563432,-0.0128631527330837));
#9742=CARTESIAN_POINT('',(0.0238900520392513,0.030179096644071,-0.0127931948970389));
#9743=CARTESIAN_POINT('',(0.0237900520392513,0.0301795130956215,-0.0126931948970389));
#9744=CARTESIAN_POINT('',(0.023890104593032,0.0302791569969862,-0.0126931948970389));
#9745=CARTESIAN_POINT('',(0.0238900485119162,0.0301790984268334,-0.0127927798596323));
#9746=CARTESIAN_POINT('',(0.0239233841466973,0.0302124385673776,-0.0127926397861505));
#9747=CARTESIAN_POINT('',(0.0239567198127814,0.0302457786768943,-0.0127924997746115));
#9748=CARTESIAN_POINT('',(0.0239900555089639,0.0302791187565557,-0.0127923598226533));
#9749=CARTESIAN_POINT('',(0.0238900520392513,0.0132787376960548,-0.0127931948970389));
#9750=CARTESIAN_POINT('',(0.0237900520392513,0.0223797376960549,-0.0126931948970389));
#9751=CARTESIAN_POINT('',(0.0237900520392513,0.0257297376960549,-0.0126931948970389));
#9752=CARTESIAN_POINT('',(0.0238900520392513,0.0257282448261055,-0.0127931948970389));
#9753=CARTESIAN_POINT('',(0.0237900520392513,0.0257297376960549,-0.0126931948970389));
#9754=CARTESIAN_POINT('',(0.0238900520392513,0.0302797376960549,-0.0127931948970389));
#9755=CARTESIAN_POINT('',(0.00669005203925135,0.0301947376960549,-0.0047921948970389));
#9756=CARTESIAN_POINT('',(0.00669005203925135,0.0139647376960548,-0.0047921948970389));
#9757=CARTESIAN_POINT('',(0.00669005203925135,0.0139647376960548,-0.0047931948970389));
#9758=CARTESIAN_POINT('',(0.00669005203925135,0.0139647376960548,-0.0126931948970389));
#9759=CARTESIAN_POINT('',(0.00669005203925135,0.0145647376960548,-0.0126931948970389));
#9760=CARTESIAN_POINT('',(0.00669005203925135,0.0145647376960548,-0.0126931948970389));
#9761=CARTESIAN_POINT('',(0.00669005203925135,0.0145647376960548,-0.0047921948970389));
#9762=CARTESIAN_POINT('',(0.00669005203925135,0.0145647376960548,-0.0047931948970389));
#9763=CARTESIAN_POINT('',(0.00669005203925135,0.0145647376960548,-0.0047931948970389));
#9764=CARTESIAN_POINT('',(0.00669005203925135,0.0145647376960548,-0.0047921948970389));
#9765=CARTESIAN_POINT('',(0.00669005203925135,0.0145647376960548,-0.0126931948970389));
#9766=CARTESIAN_POINT('',(0.0110900520392513,0.0145647376960548,-0.0126931948970389));
#9767=CARTESIAN_POINT('',(0.0110900520392513,0.0145647376960548,-0.0047921948970389));
#9768=CARTESIAN_POINT('',(0.0110900520392513,0.0145647376960548,-0.0047931948970389));
#9769=CARTESIAN_POINT('',(0.00669005203925135,0.0145647376960548,-0.0047931948970389));
#9770=CARTESIAN_POINT('',(0.0110900520392513,0.0301947376960549,-0.0047921948970389));
#9771=CARTESIAN_POINT('',(0.0110900520392513,0.0145647376960548,-0.0126931948970389));
#9772=CARTESIAN_POINT('',(0.0110900520392513,0.0139647376960548,-0.0126931948970389));
#9773=CARTESIAN_POINT('',(0.0110900520392513,0.0139647376960548,-0.0047921948970389));
#9774=CARTESIAN_POINT('',(0.0110900520392513,0.0139647376960548,-0.0047931948970389));
#9775=CARTESIAN_POINT('',(0.0110900520392513,0.0145647376960548,-0.0047931948970389));
#9776=CARTESIAN_POINT('',(0.00669005203925135,0.0139647376960548,-0.0047921948970389));
#9777=CARTESIAN_POINT('',(0.00669005203925135,0.0139647376960548,-0.0126931948970389));
#9778=CARTESIAN_POINT('',(0.00669005203925135,0.0139647376960548,-0.0047931948970389));
#9779=CARTESIAN_POINT('',(0.00739005203925135,0.0139647376960548,-0.0047931948970389));
#9780=CARTESIAN_POINT('',(0.00739005203925135,0.0139647376960548,-0.0047921948970389));
#9781=CARTESIAN_POINT('',(0.00739005203925135,0.0139647376960548,-0.0110516780066153));
#9782=CARTESIAN_POINT('',(0.00669005203925135,0.0139647376960548,-0.0110516780066153));
#9783=CARTESIAN_POINT('',(0.0103900520392513,0.0139647376960548,-0.0110516780066153));
#9784=CARTESIAN_POINT('',(0.0103900520392513,0.0139647376960548,-0.0047921948970389));
#9785=CARTESIAN_POINT('',(0.0103900520392513,0.0139647376960548,-0.0047931948970389));
#9786=CARTESIAN_POINT('',(0.00669005203925135,0.0139647376960548,-0.0047931948970389));
#9787=CARTESIAN_POINT('',(0.0193900520392514,0.0301947376960549,-0.0047921948970389));
#9788=CARTESIAN_POINT('',(0.0193900520392514,0.0139647376960548,-0.0047921948970389));
#9789=CARTESIAN_POINT('',(0.0193900520392514,0.0139647376960548,-0.0047931948970389));
#9790=CARTESIAN_POINT('',(0.0193900520392514,0.0139647376960548,-0.0126931948970389));
#9791=CARTESIAN_POINT('',(0.0193900520392514,0.0145647376960548,-0.0126931948970389));
#9792=CARTESIAN_POINT('',(0.0193900520392514,0.0145647376960548,-0.0126931948970389));
#9793=CARTESIAN_POINT('',(0.0193900520392514,0.0145647376960548,-0.0047921948970389));
#9794=CARTESIAN_POINT('',(0.0193900520392514,0.0145647376960548,-0.0047931948970389));
#9795=CARTESIAN_POINT('',(0.0193900520392514,0.0145647376960548,-0.0047931948970389));
#9796=CARTESIAN_POINT('',(0.00669005203925135,0.0145647376960548,-0.0047921948970389));
#9797=CARTESIAN_POINT('',(0.0193900520392514,0.0145647376960548,-0.0126931948970389));
#9798=CARTESIAN_POINT('',(0.0237900520392513,0.0145647376960548,-0.0126931948970389));
#9799=CARTESIAN_POINT('',(0.0237900520392513,0.0145647376960548,-0.0047921948970389));
#9800=CARTESIAN_POINT('',(0.0237900520392513,0.0145647376960548,-0.0047931948970389));
#9801=CARTESIAN_POINT('',(0.0193900520392514,0.0145647376960548,-0.0047931948970389));
#9802=CARTESIAN_POINT('',(0.0237900520392513,0.0301947376960549,-0.0047921948970389));
#9803=CARTESIAN_POINT('',(0.0237900520392513,0.0145647376960548,-0.0126931948970389));
#9804=CARTESIAN_POINT('',(0.0237900520392513,0.0139647376960548,-0.0126931948970389));
#9805=CARTESIAN_POINT('',(0.0237900520392513,0.0139647376960548,-0.0047921948970389));
#9806=CARTESIAN_POINT('',(0.0237900520392513,0.0139647376960548,-0.0047931948970389));
#9807=CARTESIAN_POINT('',(0.0237900520392513,0.0145647376960548,-0.0047931948970389));
#9808=CARTESIAN_POINT('',(0.00669005203925135,0.0139647376960548,-0.0047921948970389));
#9809=CARTESIAN_POINT('',(0.0193900520392514,0.0139647376960548,-0.0126931948970389));
#9810=CARTESIAN_POINT('',(0.0193900520392514,0.0139647376960548,-0.0047931948970389));
#9811=CARTESIAN_POINT('',(0.0200900520392513,0.0139647376960548,-0.0047931948970389));
#9812=CARTESIAN_POINT('',(0.0200900520392513,0.0139647376960548,-0.0047921948970389));
#9813=CARTESIAN_POINT('',(0.0200900520392513,0.0139647376960548,-0.0110516780066153));
#9814=CARTESIAN_POINT('',(0.0193900520392514,0.0139647376960548,-0.0110516780066153));
#9815=CARTESIAN_POINT('',(0.0230900520392513,0.0139647376960548,-0.0110516780066153));
#9816=CARTESIAN_POINT('',(0.0230900520392513,0.0139647376960548,-0.0047921948970389));
#9817=CARTESIAN_POINT('',(0.0230900520392513,0.0139647376960548,-0.0047931948970389));
#9818=CARTESIAN_POINT('',(0.0193900520392514,0.0139647376960548,-0.0047931948970389));
#9819=CARTESIAN_POINT('',(0.00669005203925135,0.0139647376960548,-0.0047921948970389));
#9820=CARTESIAN_POINT('',(0.0174400520392513,0.0139647376960548,-0.0047921948970389));
#9821=CARTESIAN_POINT('',(0.0174400520392513,0.0139647376960548,-0.0047931948970389));
#9822=CARTESIAN_POINT('',(0.0174400520392513,0.0139647376960548,-0.0126931948970389));
#9823=CARTESIAN_POINT('',(0.0130400520392513,0.0139647376960548,-0.0126931948970389));
#9824=CARTESIAN_POINT('',(0.0130400520392513,0.0139647376960548,-0.0126931948970389));
#9825=CARTESIAN_POINT('',(0.0130400520392513,0.0139647376960548,-0.0047921948970389));
#9826=CARTESIAN_POINT('',(0.0130400520392513,0.0139647376960548,-0.0047931948970389));
#9827=CARTESIAN_POINT('',(0.0130400520392513,0.0139647376960548,-0.0047931948970389));
#9828=CARTESIAN_POINT('',(0.0137400520392513,0.0139647376960548,-0.0047931948970389));
#9829=CARTESIAN_POINT('',(0.0137400520392513,0.0139647376960548,-0.0047921948970389));
#9830=CARTESIAN_POINT('',(0.0137400520392513,0.0139647376960548,-0.0110516780066153));
#9831=CARTESIAN_POINT('',(0.0130400520392513,0.0139647376960548,-0.0110516780066153));
#9832=CARTESIAN_POINT('',(0.0167400520392514,0.0139647376960548,-0.0110516780066153));
#9833=CARTESIAN_POINT('',(0.0167400520392514,0.0139647376960548,-0.0047921948970389));
#9834=CARTESIAN_POINT('',(0.0167400520392514,0.0139647376960548,-0.0047931948970389));
#9835=CARTESIAN_POINT('',(0.0130400520392513,0.0139647376960548,-0.0047931948970389));
#9836=CARTESIAN_POINT('',(0.0130400520392513,0.0301947376960549,-0.0047921948970389));
#9837=CARTESIAN_POINT('',(0.0130400520392513,0.0145647376960548,-0.0126931948970389));
#9838=CARTESIAN_POINT('',(0.0130400520392513,0.0145647376960548,-0.0126931948970389));
#9839=CARTESIAN_POINT('',(0.0130400520392513,0.0145647376960548,-0.0047921948970389));
#9840=CARTESIAN_POINT('',(0.0130400520392513,0.0145647376960548,-0.0047931948970389));
#9841=CARTESIAN_POINT('',(0.0130400520392513,0.0145647376960548,-0.0047931948970389));
#9842=CARTESIAN_POINT('',(0.00669005203925135,0.0145647376960548,-0.0047921948970389));
#9843=CARTESIAN_POINT('',(0.0130400520392513,0.0145647376960548,-0.0126931948970389));
#9844=CARTESIAN_POINT('',(0.0174400520392513,0.0145647376960548,-0.0126931948970389));
#9845=CARTESIAN_POINT('',(0.0174400520392513,0.0145647376960548,-0.0047921948970389));
#9846=CARTESIAN_POINT('',(0.0174400520392513,0.0145647376960548,-0.0047931948970389));
#9847=CARTESIAN_POINT('',(0.0130400520392513,0.0145647376960548,-0.0047931948970389));
#9848=CARTESIAN_POINT('',(0.0174400520392513,0.0301947376960549,-0.0047921948970389));
#9849=CARTESIAN_POINT('',(0.0174400520392513,0.0145647376960548,-0.0126931948970389));
#9850=CARTESIAN_POINT('',(0.0174400520392513,0.0145647376960548,-0.0047931948970389));
#9851=CARTESIAN_POINT('',(0.0110900520392513,0.0301947376960549,-0.0047921948970389));
#9852=CARTESIAN_POINT('',(0.0110900520392513,0.0301947376960549,-0.0047931948970389));
#9853=CARTESIAN_POINT('',(0.0110900520392513,0.0301947376960549,-0.0047931948970389));
#9854=CARTESIAN_POINT('',(0.0110900520392513,0.0307947376960549,-0.0047931948970389));
#9855=CARTESIAN_POINT('',(0.0110900520392513,0.0307947376960549,-0.0047921948970389));
#9856=CARTESIAN_POINT('',(0.0110900520392513,0.0307947376960549,-0.0126931948970389));
#9857=CARTESIAN_POINT('',(0.0110900520392513,0.0301947376960549,-0.0126931948970389));
#9858=CARTESIAN_POINT('',(0.0110900520392513,0.0301947376960549,-0.0126931948970389));
#9859=CARTESIAN_POINT('',(0.0110900520392513,0.0301947376960549,-0.0047921948970389));
#9860=CARTESIAN_POINT('',(0.00669005203925135,0.0301947376960549,-0.0047921948970389));
#9861=CARTESIAN_POINT('',(0.00669005203925135,0.0301947376960549,-0.0047931948970389));
#9862=CARTESIAN_POINT('',(0.00669005203925135,0.0301947376960549,-0.0047931948970389));
#9863=CARTESIAN_POINT('',(0.00669005203925135,0.0301947376960549,-0.0126931948970389));
#9864=CARTESIAN_POINT('',(0.00669005203925135,0.0301947376960549,-0.0126931948970389));
#9865=CARTESIAN_POINT('',(0.00669005203925135,0.0301947376960549,-0.0047921948970389));
#9866=CARTESIAN_POINT('',(0.00669005203925135,0.0301947376960549,-0.0047921948970389));
#9867=CARTESIAN_POINT('',(0.00669005203925135,0.0301947376960549,-0.0047931948970389));
#9868=CARTESIAN_POINT('',(0.00669005203925135,0.0307947376960549,-0.0047931948970389));
#9869=CARTESIAN_POINT('',(0.00669005203925135,0.0301947376960549,-0.0126931948970389));
#9870=CARTESIAN_POINT('',(0.00669005203925135,0.0307947376960549,-0.0126931948970389));
#9871=CARTESIAN_POINT('',(0.00669005203925135,0.0307947376960549,-0.0047921948970389));
#9872=CARTESIAN_POINT('',(0.00669005203925135,0.0307947376960549,-0.0047921948970389));
#9873=CARTESIAN_POINT('',(0.00669005203925135,0.0307947376960549,-0.0047931948970389));
#9874=CARTESIAN_POINT('',(0.0103900520392513,0.0307947376960549,-0.0047931948970389));
#9875=CARTESIAN_POINT('',(0.0103900520392513,0.0307947376960549,-0.0047921948970389));
#9876=CARTESIAN_POINT('',(0.0103900520392513,0.0307947376960549,-0.0110516780066153));
#9877=CARTESIAN_POINT('',(0.00669005203925135,0.0307947376960549,-0.0110516780066153));
#9878=CARTESIAN_POINT('',(0.00739005203925135,0.0307947376960549,-0.0110516780066153));
#9879=CARTESIAN_POINT('',(0.00739005203925135,0.0307947376960549,-0.0047921948970389));
#9880=CARTESIAN_POINT('',(0.00739005203925135,0.0307947376960549,-0.0047931948970389));
#9881=CARTESIAN_POINT('',(0.00669005203925135,0.0307947376960549,-0.0047931948970389));
#9882=CARTESIAN_POINT('',(0.00669005203925135,0.0307947376960549,-0.0126931948970389));
#9883=CARTESIAN_POINT('',(0.0237900520392513,0.0301947376960549,-0.0047921948970389));
#9884=CARTESIAN_POINT('',(0.0237900520392513,0.0301947376960549,-0.0047931948970389));
#9885=CARTESIAN_POINT('',(0.0237900520392513,0.0301947376960549,-0.0047931948970389));
#9886=CARTESIAN_POINT('',(0.0237900520392513,0.0307947376960549,-0.0047931948970389));
#9887=CARTESIAN_POINT('',(0.0237900520392513,0.0307947376960549,-0.0047921948970389));
#9888=CARTESIAN_POINT('',(0.0237900520392513,0.0307947376960549,-0.0126931948970389));
#9889=CARTESIAN_POINT('',(0.0237900520392513,0.0301947376960549,-0.0126931948970389));
#9890=CARTESIAN_POINT('',(0.0237900520392513,0.0301947376960549,-0.0126931948970389));
#9891=CARTESIAN_POINT('',(0.0237900520392513,0.0301947376960549,-0.0047921948970389));
#9892=CARTESIAN_POINT('',(0.00669005203925135,0.0301947376960549,-0.0047921948970389));
#9893=CARTESIAN_POINT('',(0.0193900520392514,0.0301947376960549,-0.0047931948970389));
#9894=CARTESIAN_POINT('',(0.0193900520392514,0.0301947376960549,-0.0047931948970389));
#9895=CARTESIAN_POINT('',(0.0193900520392514,0.0301947376960549,-0.0126931948970389));
#9896=CARTESIAN_POINT('',(0.0193900520392514,0.0301947376960549,-0.0126931948970389));
#9897=CARTESIAN_POINT('',(0.0193900520392514,0.0301947376960549,-0.0047921948970389));
#9898=CARTESIAN_POINT('',(0.0193900520392514,0.0301947376960549,-0.0047921948970389));
#9899=CARTESIAN_POINT('',(0.0193900520392514,0.0301947376960549,-0.0047931948970389));
#9900=CARTESIAN_POINT('',(0.0193900520392514,0.0307947376960549,-0.0047931948970389));
#9901=CARTESIAN_POINT('',(0.0193900520392514,0.0301947376960549,-0.0126931948970389));
#9902=CARTESIAN_POINT('',(0.0193900520392514,0.0307947376960549,-0.0126931948970389));
#9903=CARTESIAN_POINT('',(0.0193900520392514,0.0307947376960549,-0.0047921948970389));
#9904=CARTESIAN_POINT('',(0.00669005203925135,0.0307947376960549,-0.0047921948970389));
#9905=CARTESIAN_POINT('',(0.0193900520392514,0.0307947376960549,-0.0047931948970389));
#9906=CARTESIAN_POINT('',(0.0230900520392513,0.0307947376960549,-0.0047931948970389));
#9907=CARTESIAN_POINT('',(0.0230900520392513,0.0307947376960549,-0.0047921948970389));
#9908=CARTESIAN_POINT('',(0.0230900520392513,0.0307947376960549,-0.0110516780066153));
#9909=CARTESIAN_POINT('',(0.0193900520392514,0.0307947376960549,-0.0110516780066153));
#9910=CARTESIAN_POINT('',(0.0200900520392513,0.0307947376960549,-0.0110516780066153));
#9911=CARTESIAN_POINT('',(0.0200900520392513,0.0307947376960549,-0.0047921948970389));
#9912=CARTESIAN_POINT('',(0.0200900520392513,0.0307947376960549,-0.0047931948970389));
#9913=CARTESIAN_POINT('',(0.0193900520392514,0.0307947376960549,-0.0047931948970389));
#9914=CARTESIAN_POINT('',(0.0193900520392514,0.0307947376960549,-0.0126931948970389));
#9915=CARTESIAN_POINT('',(0.00669005203925135,0.0301947376960549,-0.0047921948970389));
#9916=CARTESIAN_POINT('',(0.0130400520392513,0.0301947376960549,-0.0047931948970389));
#9917=CARTESIAN_POINT('',(0.0130400520392513,0.0301947376960549,-0.0047931948970389));
#9918=CARTESIAN_POINT('',(0.0174400520392513,0.0301947376960549,-0.0047931948970389));
#9919=CARTESIAN_POINT('',(0.0174400520392513,0.0301947376960549,-0.0047921948970389));
#9920=CARTESIAN_POINT('',(0.0174400520392513,0.0301947376960549,-0.0126931948970389));
#9921=CARTESIAN_POINT('',(0.0130400520392513,0.0301947376960549,-0.0126931948970389));
#9922=CARTESIAN_POINT('',(0.0130400520392513,0.0301947376960549,-0.0126931948970389));
#9923=CARTESIAN_POINT('',(0.0130400520392513,0.0301947376960549,-0.0047921948970389));
#9924=CARTESIAN_POINT('',(0.0130400520392513,0.0301947376960549,-0.0047921948970389));
#9925=CARTESIAN_POINT('',(0.0130400520392513,0.0301947376960549,-0.0047931948970389));
#9926=CARTESIAN_POINT('',(0.0130400520392513,0.0307947376960549,-0.0047931948970389));
#9927=CARTESIAN_POINT('',(0.0130400520392513,0.0301947376960549,-0.0126931948970389));
#9928=CARTESIAN_POINT('',(0.0130400520392513,0.0307947376960549,-0.0126931948970389));
#9929=CARTESIAN_POINT('',(0.0130400520392513,0.0307947376960549,-0.0047921948970389));
#9930=CARTESIAN_POINT('',(0.00669005203925135,0.0307947376960549,-0.0047921948970389));
#9931=CARTESIAN_POINT('',(0.0130400520392513,0.0307947376960549,-0.0047931948970389));
#9932=CARTESIAN_POINT('',(0.0174400520392513,0.0307947376960549,-0.0047931948970389));
#9933=CARTESIAN_POINT('',(0.0167400520392514,0.0307947376960549,-0.0047931948970389));
#9934=CARTESIAN_POINT('',(0.0167400520392514,0.0307947376960549,-0.0047921948970389));
#9935=CARTESIAN_POINT('',(0.0167400520392514,0.0307947376960549,-0.0110516780066153));
#9936=CARTESIAN_POINT('',(0.0130400520392513,0.0307947376960549,-0.0110516780066153));
#9937=CARTESIAN_POINT('',(0.0137400520392513,0.0307947376960549,-0.0110516780066153));
#9938=CARTESIAN_POINT('',(0.0137400520392513,0.0307947376960549,-0.0047921948970389));
#9939=CARTESIAN_POINT('',(0.0137400520392513,0.0307947376960549,-0.0047931948970389));
#9940=CARTESIAN_POINT('',(0.0130400520392513,0.0307947376960549,-0.0047931948970389));
#9941=CARTESIAN_POINT('',(0.0130400520392513,0.0307947376960549,-0.0126931948970389));
#9942=CARTESIAN_POINT('',(0.0174400520392513,0.0307947376960549,-0.0126931948970389));
#9943=CARTESIAN_POINT('',(0.0174400520392513,0.0307947376960549,-0.0047921948970389));
#9944=CARTESIAN_POINT('',(0.0174400520392513,0.0301947376960549,-0.0047921948970389));
#9945=CARTESIAN_POINT('',(0.0174400520392513,0.0301947376960549,-0.0047931948970389));
#9946=CARTESIAN_POINT('',(0.0174400520392513,0.0301947376960549,-0.0126931948970389));
#9947=CARTESIAN_POINT('',(0.00739005203925135,0.0301997376960548,-0.0110516780066153));
#9948=CARTESIAN_POINT('',(0.00739005203925135,0.0301997376960548,-0.0110516780066153));
#9949=CARTESIAN_POINT('',(0.00739005203925135,0.0314797376960549,-0.0110516780066153));
#9950=CARTESIAN_POINT('',(0.0103900520392513,0.0301997376960548,-0.0110516780066153));
#9951=CARTESIAN_POINT('',(0.0103900520392513,0.0314797376960549,-0.0110516780066153));
#9952=CARTESIAN_POINT('',(0.00739005203925135,0.0314797376960549,-0.0110516780066153));
#9953=CARTESIAN_POINT('',(0.0103900520392513,0.0301997376960548,-0.0110516780066153));
#9954=CARTESIAN_POINT('',(0.0103900520392513,0.0314797376960549,-0.0047931948970389));
#9955=CARTESIAN_POINT('',(0.0103900520392513,0.0314797376960549,-0.0047931948970389));
#9956=CARTESIAN_POINT('',(0.0103900520392513,0.0314797376960549,-0.0126931948970389));
#9957=CARTESIAN_POINT('',(0.00739005203925135,0.0301997376960548,-0.0110516780066153));
#9958=CARTESIAN_POINT('',(0.00739005203925135,0.0314797376960549,-0.0047931948970389));
#9959=CARTESIAN_POINT('',(0.00739005203925135,0.0314797376960549,-0.0047931948970389));
#9960=CARTESIAN_POINT('',(0.00739005203925135,0.0314797376960549,-0.0110516780066153));
#9961=CARTESIAN_POINT('',(0.00739005203925135,0.0301997376960548,-0.0110516780066153));
#9962=CARTESIAN_POINT('',(0.0200900520392513,0.0301997376960548,-0.0110516780066153));
#9963=CARTESIAN_POINT('',(0.0200900520392513,0.0314797376960549,-0.0110516780066153));
#9964=CARTESIAN_POINT('',(0.0230900520392513,0.0301997376960548,-0.0110516780066153));
#9965=CARTESIAN_POINT('',(0.0230900520392513,0.0314797376960549,-0.0110516780066153));
#9966=CARTESIAN_POINT('',(0.0200900520392513,0.0314797376960549,-0.0110516780066153));
#9967=CARTESIAN_POINT('',(0.0200900520392513,0.0301997376960548,-0.0110516780066153));
#9968=CARTESIAN_POINT('',(0.0200900520392513,0.0314797376960549,-0.0047931948970389));
#9969=CARTESIAN_POINT('',(0.0200900520392513,0.0314797376960549,-0.0047931948970389));
#9970=CARTESIAN_POINT('',(0.0200900520392513,0.0314797376960549,-0.0110516780066153));
#9971=CARTESIAN_POINT('',(0.0230900520392513,0.0301997376960548,-0.0110516780066153));
#9972=CARTESIAN_POINT('',(0.0230900520392513,0.0314797376960549,-0.0047931948970389));
#9973=CARTESIAN_POINT('',(0.0230900520392513,0.0314797376960549,-0.0047931948970389));
#9974=CARTESIAN_POINT('',(0.0230900520392513,0.0314797376960549,-0.0126931948970389));
#9975=CARTESIAN_POINT('',(0.00739005203925135,0.0301997376960548,-0.0110516780066153));
#9976=CARTESIAN_POINT('',(0.0137400520392513,0.0301997376960548,-0.0110516780066153));
#9977=CARTESIAN_POINT('',(0.0137400520392513,0.0314797376960549,-0.0110516780066153));
#9978=CARTESIAN_POINT('',(0.0167400520392514,0.0301997376960548,-0.0110516780066153));
#9979=CARTESIAN_POINT('',(0.0167400520392514,0.0314797376960549,-0.0110516780066153));
#9980=CARTESIAN_POINT('',(0.0137400520392513,0.0314797376960549,-0.0110516780066153));
#9981=CARTESIAN_POINT('',(0.0137400520392513,0.0301997376960548,-0.0110516780066153));
#9982=CARTESIAN_POINT('',(0.0137400520392513,0.0314797376960549,-0.0047931948970389));
#9983=CARTESIAN_POINT('',(0.0137400520392513,0.0314797376960549,-0.0047931948970389));
#9984=CARTESIAN_POINT('',(0.0137400520392513,0.0314797376960549,-0.0110516780066153));
#9985=CARTESIAN_POINT('',(0.0167400520392514,0.0301997376960548,-0.0110516780066153));
#9986=CARTESIAN_POINT('',(0.0167400520392514,0.0314797376960549,-0.0047931948970389));
#9987=CARTESIAN_POINT('',(0.0167400520392514,0.0314797376960549,-0.0047931948970389));
#9988=CARTESIAN_POINT('',(0.0167400520392514,0.0314797376960549,-0.0126931948970389));
#9989=CARTESIAN_POINT('',(0.0476894164293507,0.0223797376960549,-0.0126931948970389));
#9990=CARTESIAN_POINT('',(0.00354005203925135,0.0223797376960549,-0.0126931948970389));
#9991=CARTESIAN_POINT('',(0.0476894164293507,0.0223797376960549,-0.0126931948970389));
#9992=CARTESIAN_POINT('',(0.0112900520392513,0.0223797376960549,-0.0126931948970389));
#9993=CARTESIAN_POINT('',(0.0476894164293507,0.0223797376960549,-0.0126931948970389));
#9994=CARTESIAN_POINT('',(0.0239900520392513,0.0223797376960549,-0.0126931948970389));
#9995=CARTESIAN_POINT('',(0.0476894164293507,0.0223797376960549,-0.0126931948970389));
#9996=CARTESIAN_POINT('',(0.0176400520392513,0.0223797376960549,-0.0126931948970389));
#9997=CARTESIAN_POINT('',(0.0192900520392514,0.0132787376960548,-0.0213276295001695));
#9998=CARTESIAN_POINT('',(0.0192900520392514,0.0223797376960549,-0.0126931948970389));
#9999=CARTESIAN_POINT('',(0.0238900520392513,0.0132787376960548,-0.0213276295001695));
#10000=CARTESIAN_POINT('',(0.0238900520392513,0.0223797376960549,-0.0126931948970389));
#10001=CARTESIAN_POINT('',(0.0238900520392513,0.0223797376960549,-0.0126931948970389));
#10002=CARTESIAN_POINT('',(0.0111900520392513,0.0132787376960548,-0.0213276295001695));
#10003=CARTESIAN_POINT('',(0.0111900520392513,0.0223797376960549,-0.0126931948970389));
#10004=CARTESIAN_POINT('',(0.0111900520392513,0.0223797376960549,-0.0126931948970389));
#10005=CARTESIAN_POINT('',(0.00659005203925135,0.0132787376960548,-0.0213276295001695));
#10006=CARTESIAN_POINT('',(0.00659005203925135,0.0223797376960549,-0.0126931948970389));
#10007=CARTESIAN_POINT('',(0.0129400520392513,0.0132787376960548,-0.0213276295001695));
#10008=CARTESIAN_POINT('',(0.0129400520392513,0.0223797376960549,-0.0126931948970389));
#10009=CARTESIAN_POINT('',(0.0129400520392513,0.0132787376960548,-0.0126931948970389));
#10010=CARTESIAN_POINT('',(0.0129400520392513,0.0314797376960549,-0.0126931948970389));
#10011=CARTESIAN_POINT('',(0.0365152829071511,0.0257297376960549,-0.0126931948970389));
#10012=CARTESIAN_POINT('',(0.0365152829071511,0.0257297376960549,-0.0126931948970389));
#10013=CARTESIAN_POINT('',(0.0365152829071511,0.0257297376960549,-0.0126931948970389));
#10014=CARTESIAN_POINT('',(0.0175400520392513,0.0132787376960548,-0.0213276295001695));
#10015=CARTESIAN_POINT('',(0.0175400520392513,0.0223797376960549,-0.0126931948970389));
#10016=CARTESIAN_POINT('',(0.0175400520392513,0.0223797376960549,-0.0126931948970389));
#10017=CARTESIAN_POINT('',(0.0295400520392513,0.0223797376960549,-0.0126931948970389));
#10018=CARTESIAN_POINT('',(0.0295400520392513,0.0223797376960549,-0.0126931948970389));
#10019=CARTESIAN_POINT('',(0.0295400520392514,0.0223797376960549,-0.0100600583614359));
#10020=CARTESIAN_POINT('',(0.0300400520392513,0.0223797376960549,-0.0126931948970389));
#10021=CARTESIAN_POINT('',(0.0300400520392513,0.0223797376960549,-0.0126931948970389));
#10022=CARTESIAN_POINT('',(0.0300400520392513,0.0223797376960549,-0.0170931948970389));
#10023=CARTESIAN_POINT('',(0.0152400520392513,0.0314797376960549,-0.0126931948970389));
#10024=CARTESIAN_POINT('',(0.0270400520392513,0.0314797376960549,-0.0205931948970389));
#10025=CARTESIAN_POINT('',(0.0270400520392513,0.0314797376960549,-0.0047931948970389));
#10026=CARTESIAN_POINT('',(0.00344005203925135,0.0314797376960549,-0.0205931948970389));
#10027=CARTESIAN_POINT('',(0.00344005203925135,0.0314797376960549,-0.0047931948970389));
#10028=CARTESIAN_POINT('',(0.00344005203925135,0.0314797376960549,-0.0047931948970389));
#10029=CARTESIAN_POINT('',(0.00344005203925135,0.0314797376960549,-0.0047931948970389));
#10030=CARTESIAN_POINT('',(0.00344005203925135,0.0314797376960549,-0.0047931948970389));
#10031=CARTESIAN_POINT('',(0.00344005203925135,0.0314797376960549,-0.0047931948970389));
#10032=CARTESIAN_POINT('',(0.00344005203925135,0.0314797376960549,-0.0205931948970389));
#10033=CARTESIAN_POINT('',(0.00344005203925135,0.0132797376960548,-0.0205931948970389));
#10034=CARTESIAN_POINT('',(0.00344005203925135,0.0132797376960548,-0.0047931948970389));
#10035=CARTESIAN_POINT('',(0.00344005203925135,0.0314797376960549,-0.0047931948970389));
#10036=CARTESIAN_POINT('',(0.00344005203925135,0.0223797376960549,-0.0126931948970389));
#10037=CARTESIAN_POINT('',(0.00344005203925135,0.0223797376960549,-0.0126931948970389));
#10038=CARTESIAN_POINT('',(0.00344005203925135,0.0223797376960549,-0.0197931948970389));
#10039=CARTESIAN_POINT('',(0.00244005203925135,0.0223797376960549,-0.0126931948970389));
#10040=CARTESIAN_POINT('',(0.00244005203925135,0.0223797376960549,-0.0126931948970389));
#10041=CARTESIAN_POINT('',(0.00244005203925135,0.0223797376960549,-0.0057931948970389));
#10042=CARTESIAN_POINT('',(0.00244005203925135,0.0223797376960549,-0.0126931948970389));
#10043=CARTESIAN_POINT('',(0.00244005203925135,0.0223797376960549,-0.0074931948970389));
#10044=CARTESIAN_POINT('',(0.0270400520392513,0.0314797376960549,-0.0205931948970389));
#10045=CARTESIAN_POINT('',(0.0270400520392513,0.0223797376960549,-0.0126931948970389));
#10046=CARTESIAN_POINT('',(0.0270400520392514,0.0223797376960549,-0.0080931948970389));
#10047=CARTESIAN_POINT('',(0.0270400520392513,0.0132797376960548,-0.0205931948970389));
#10048=CARTESIAN_POINT('',(0.0270400520392513,0.0132797376960548,-0.0047931948970389));
#10049=CARTESIAN_POINT('',(0.0270400520392513,0.0314797376960549,-0.0047931948970389));
#10050=CARTESIAN_POINT('',(0.0152400520392513,0.0132797376960548,-0.0126931948970389));
#10051=CARTESIAN_POINT('',(0.0129400520392513,0.0132797376960548,-0.0126931948970389));
#10052=CARTESIAN_POINT('',(0.00344005203925135,0.0132797376960548,-0.0047931948970389));
#10053=CARTESIAN_POINT('',(0.0230900520392513,0.0132797376960548,-0.0047931948970389));
#10054=CARTESIAN_POINT('',(0.0230900520392513,0.0132797376960548,-0.0126931948970389));
#10055=CARTESIAN_POINT('',(0.0230900520392513,0.0132797376960548,-0.0110516780066153));
#10056=CARTESIAN_POINT('',(0.0200900520392513,0.0132797376960548,-0.0110516780066153));
#10057=CARTESIAN_POINT('',(0.0200900520392513,0.0132797376960548,-0.0110516780066153));
#10058=CARTESIAN_POINT('',(0.0200900520392513,0.0132797376960548,-0.0110516780066153));
#10059=CARTESIAN_POINT('',(0.0200900520392513,0.0132797376960548,-0.0047931948970389));
#10060=CARTESIAN_POINT('',(0.00344005203925135,0.0132797376960548,-0.0047931948970389));
#10061=CARTESIAN_POINT('',(0.0167400520392514,0.0132797376960548,-0.0047931948970389));
#10062=CARTESIAN_POINT('',(0.0167400520392514,0.0132797376960548,-0.0126931948970389));
#10063=CARTESIAN_POINT('',(0.0167400520392514,0.0132797376960548,-0.0110516780066153));
#10064=CARTESIAN_POINT('',(0.0137400520392513,0.0132797376960548,-0.0110516780066153));
#10065=CARTESIAN_POINT('',(0.0137400520392513,0.0132797376960548,-0.0110516780066153));
#10066=CARTESIAN_POINT('',(0.0137400520392513,0.0132797376960548,-0.0110516780066153));
#10067=CARTESIAN_POINT('',(0.0137400520392513,0.0132797376960548,-0.0047931948970389));
#10068=CARTESIAN_POINT('',(0.00344005203925135,0.0132797376960548,-0.0047931948970389));
#10069=CARTESIAN_POINT('',(0.0103900520392513,0.0132797376960548,-0.0047931948970389));
#10070=CARTESIAN_POINT('',(0.0103900520392513,0.0132797376960548,-0.0126931948970389));
#10071=CARTESIAN_POINT('',(0.0103900520392513,0.0132797376960548,-0.0110516780066153));
#10072=CARTESIAN_POINT('',(0.00739005203925135,0.0132797376960548,-0.0110516780066153));
#10073=CARTESIAN_POINT('',(0.00739005203925135,0.0132797376960548,-0.0110516780066153));
#10074=CARTESIAN_POINT('',(0.00739005203925135,0.0132797376960548,-0.0110516780066153));
#10075=CARTESIAN_POINT('',(0.00739005203925135,0.0132797376960548,-0.0047931948970389));
#10076=CARTESIAN_POINT('',(0.00344005203925135,0.0132797376960548,-0.0047931948970389));
#10077=CARTESIAN_POINT('',(0.00739005203925135,0.0301997376960548,-0.0110516780066153));
#10078=CARTESIAN_POINT('',(0.0167400520392514,0.0145597376960548,-0.0110516780066153));
#10079=CARTESIAN_POINT('',(0.0137400520392513,0.0145597376960548,-0.0110516780066153));
#10080=CARTESIAN_POINT('',(0.0137400520392513,0.0301997376960548,-0.0110516780066153));
#10081=CARTESIAN_POINT('',(0.0137400520392513,0.0314797376960549,-0.0047931948970389));
#10082=CARTESIAN_POINT('',(0.0167400520392514,0.0301997376960548,-0.0110516780066153));
#10083=CARTESIAN_POINT('',(0.0167400520392514,0.0314797376960549,-0.0047931948970389));
#10084=CARTESIAN_POINT('',(0.00739005203925135,0.0301997376960548,-0.0110516780066153));
#10085=CARTESIAN_POINT('',(0.0230900520392513,0.0145597376960548,-0.0110516780066153));
#10086=CARTESIAN_POINT('',(0.0200900520392513,0.0145597376960548,-0.0110516780066153));
#10087=CARTESIAN_POINT('',(0.0200900520392513,0.0301997376960548,-0.0110516780066153));
#10088=CARTESIAN_POINT('',(0.0200900520392513,0.0314797376960549,-0.0047931948970389));
#10089=CARTESIAN_POINT('',(0.0230900520392513,0.0301997376960548,-0.0110516780066153));
#10090=CARTESIAN_POINT('',(0.0230900520392513,0.0314797376960549,-0.0047931948970389));
#10091=CARTESIAN_POINT('',(0.00739005203925135,0.0301997376960548,-0.0110516780066153));
#10092=CARTESIAN_POINT('',(0.0103900520392513,0.0145597376960548,-0.0110516780066153));
#10093=CARTESIAN_POINT('',(0.00739005203925135,0.0145597376960548,-0.0110516780066153));
#10094=CARTESIAN_POINT('',(0.00739005203925135,0.0301997376960548,-0.0110516780066153));
#10095=CARTESIAN_POINT('',(0.00739005203925135,0.0314797376960549,-0.0047931948970389));
#10096=CARTESIAN_POINT('',(0.0103900520392513,0.0301997376960548,-0.0110516780066153));
#10097=CARTESIAN_POINT('',(0.0103900520392513,0.0314797376960549,-0.0047931948970389));
#10098=CARTESIAN_POINT('',(0.0129400520392513,0.0132787376960548,-0.0126931948970389));
#10099=CARTESIAN_POINT('',(0.0365152829071511,0.0190297376960549,-0.0126931948970389));
#10100=CARTESIAN_POINT('',(0.0365152829071511,0.0190297376960549,-0.0126931948970389));
#10101=CARTESIAN_POINT('',(0.0365152829071511,0.0190297376960549,-0.0126931948970389));
#10102=CARTESIAN_POINT('',(0.00344005203925135,0.0314797376960549,-0.0047931948970389));
#10103=CARTESIAN_POINT('',(-0.00605994796074865,0.0223797376960549,-0.0126931948970389));
#10104=CARTESIAN_POINT('',(-0.00605994796074865,0.0223797376960549,-0.0126931948970389));
#10105=CARTESIAN_POINT('',(-0.00605994796074865,0.0223797376960549,-0.0093431948970389));
#10106=CARTESIAN_POINT('',(-0.00605994796074865,0.0223797376960549,-0.0126931948970389));
#10107=CARTESIAN_POINT('',(-0.00605994796074865,0.0223797376960549,-0.0126931948970389));
#10108=CARTESIAN_POINT('',(0.00234005203925135,0.0223797376960549,-0.0126931948970389));
#10109=CARTESIAN_POINT('',(0.00234005203925135,0.0223797376960549,-0.0126931948970389));
#10110=CARTESIAN_POINT('',(0.00244005203925135,0.0223797376960549,-0.0126931948970389));
#10111=CARTESIAN_POINT('',(0.00334005203925135,0.0223797376960549,-0.0126931948970389));
#10112=CARTESIAN_POINT('',(0.00334005203925135,0.0223797376960549,-0.0196931948970389));
#10113=CARTESIAN_POINT('',(0.00254005203925135,0.0223797376960549,-0.0126931948970389));
#10114=CARTESIAN_POINT('',(0.00254005203925135,0.0223797376960549,-0.0056931948970389));
#10115=CARTESIAN_POINT('',(0.0300400520392513,0.0223797376960549,-0.0126931948970389));
#10116=CARTESIAN_POINT('',(0.0271400520392514,0.0223797376960549,-0.0126931948970389));
#10117=CARTESIAN_POINT('',(0.0271400520392514,0.0223797376960549,-0.0081931948970389));
#10118=CARTESIAN_POINT('',(0.0299400520392514,0.0223797376960549,-0.0126931948970389));
#10119=CARTESIAN_POINT('',(0.0299400520392513,0.0223797376960549,-0.0171931948970389));
#10120=CARTESIAN_POINT('',(0.0365152829071511,0.0223797376960549,-0.0126931948970389));
#10121=CARTESIAN_POINT('',(0.0270400520392513,0.0223797376960549,-0.0126931948970389));
#10122=CARTESIAN_POINT('',(0.0270400520392514,0.0223797376960549,-0.0093431948970389));
#10123=CARTESIAN_POINT('',(0.0270400520392513,0.0223797376960549,-0.0126931948970389));
#10124=CARTESIAN_POINT('',(0.00244005203925135,0.0223797376960549,-0.0126931948970389));
#10125=CARTESIAN_POINT('',(0.0300400520392513,0.0223797376960549,-0.0126931948970389));
#10126=CARTESIAN_POINT('',(0.0238900520392513,0.0223797376960549,-0.0126931948970389));
#10127=CARTESIAN_POINT('',(0.0175400520392513,0.0223797376960549,-0.0126931948970389));
#10128=CARTESIAN_POINT('',(0.0111900520392513,0.0223797376960549,-0.0126931948970389));
#10129=CARTESIAN_POINT('',(0.00354005203925135,0.0223797376960549,-0.0126931948970389));
#10130=CARTESIAN_POINT('',(0.0271400520392514,0.0223797376960549,-0.0126931948970389));
#10131=CARTESIAN_POINT('',(0.00334005203925135,0.0223797376960549,-0.0126931948970389));
#10132=CARTESIAN_POINT('',(-0.00605994796075223,0.0223797376960549,-0.00872438873988062));
#10133=CARTESIAN_POINT('',(-0.00605994796075223,0.0144421253817038,-0.00872438873988047));
#10134=CARTESIAN_POINT('',(-0.00605994796075223,0.0144421253817209,-0.0166620010542316));
#10135=CARTESIAN_POINT('',(-0.00605994796075223,0.0223797376960721,-0.0166620010541972));
#10136=CARTESIAN_POINT('',(-0.0055655840226591,0.0223797376960549,-0.00853390951266278));
#10137=CARTESIAN_POINT('',(-0.0055655840226591,0.0140611669272665,-0.00853390951266263));
#10138=CARTESIAN_POINT('',(-0.0055655840226591,0.0140611669272844,-0.0168524802814511));
#10139=CARTESIAN_POINT('',(-0.00556558402265911,0.0223797376960729,-0.016852480281415));
#10140=CARTESIAN_POINT('',(-0.00521811536598207,0.0223797376960549,-0.00819653500402887));
#10141=CARTESIAN_POINT('',(-0.00521811536598207,0.0133864179099957,-0.0081965350040287));
#10142=CARTESIAN_POINT('',(-0.00521811536598207,0.0133864179100151,-0.0171898547900879));
#10143=CARTESIAN_POINT('',(-0.00521811536598207,0.0223797376960743,-0.0171898547900489));
#10144=CARTESIAN_POINT('',(-0.00501754199072113,0.0223797376960549,-0.00771226521397887));
#10145=CARTESIAN_POINT('',(-0.00501754199072113,0.0124178783298915,-0.0077122652139787));
#10146=CARTESIAN_POINT('',(-0.00501754199072113,0.012417878329913,-0.0176741245801421));
#10147=CARTESIAN_POINT('',(-0.00501754199072113,0.0223797376960764,-0.0176741245800989));
#10148=CARTESIAN_POINT('',(0.,0.,0.));
#10149=CARTESIAN_POINT('',(-0.00390973961596977,0.0222577766290772,-0.0177117541080571));
#10150=CARTESIAN_POINT('',(-0.00387661542382849,0.0209782000559304,-0.0176806578277148));
#10151=CARTESIAN_POINT('',(-0.00384583795377092,0.0198697257955943,-0.0170406828286956));
#10152=CARTESIAN_POINT('',(-0.00379583795377091,0.0180689373320487,-0.0160010018578069));
#10153=CARTESIAN_POINT('',(-0.00374583795377091,0.0175307530627791,-0.0139924866589654));
#10154=CARTESIAN_POINT('',(-0.00369583795377091,0.0169925687935096,-0.0119839714601238));
#10155=CARTESIAN_POINT('',(-0.00364583795377091,0.0180322497643982,-0.0101831829965783));
#10156=CARTESIAN_POINT('',(-0.00359583795377091,0.0190719307352868,-0.00838239453303276));
#10157=CARTESIAN_POINT('',(-0.00354583795377091,0.0210804459341284,-0.00784421026376318));
#10158=CARTESIAN_POINT('',(-0.00349583795377091,0.0230889611329699,-0.00730602599449359));
#10159=CARTESIAN_POINT('',(-0.00344583795377091,0.0248897495965154,-0.00834570696538223));
#10160=CARTESIAN_POINT('',(-0.00339583795377091,0.026690538060061,-0.00938538793627088));
#10161=CARTESIAN_POINT('',(-0.00334583795377091,0.0272287223293305,-0.0113939031351124));
#10162=CARTESIAN_POINT('',(-0.00329583795377091,0.0277669065986002,-0.0134024183339539));
#10163=CARTESIAN_POINT('',(-0.00324583795377091,0.0267272256277115,-0.0152032067974995));
#10164=CARTESIAN_POINT('',(-0.00319583795377091,0.0256875446568228,-0.017003995261045));
#10165=CARTESIAN_POINT('',(-0.00314583795377091,0.0236790294579813,-0.0175421795303146));
#10166=CARTESIAN_POINT('',(-0.00309583795377091,0.0216705142591398,-0.0180803637995842));
#10167=CARTESIAN_POINT('',(-0.00304583795377092,0.0198697257955943,-0.0170406828286956));
#10168=CARTESIAN_POINT('',(-0.00299583795377092,0.0180689373320487,-0.0160010018578069));
#10169=CARTESIAN_POINT('',(-0.00294583795377091,0.0175307530627791,-0.0139924866589654));
#10170=CARTESIAN_POINT('',(-0.00289583795377091,0.0169925687935096,-0.0119839714601238));
#10171=CARTESIAN_POINT('',(-0.00284583795377091,0.0180322497643982,-0.0101831829965783));
#10172=CARTESIAN_POINT('',(-0.00279583795377091,0.0190719307352868,-0.00838239453303276));
#10173=CARTESIAN_POINT('',(-0.00274583795377091,0.0210804459341284,-0.00784421026376318));
#10174=CARTESIAN_POINT('',(-0.00269583795377091,0.0230889611329699,-0.00730602599449359));
#10175=CARTESIAN_POINT('',(-0.00264583795377091,0.0248897495965154,-0.00834570696538223));
#10176=CARTESIAN_POINT('',(-0.00259583795377091,0.026690538060061,-0.00938538793627088));
#10177=CARTESIAN_POINT('',(-0.00254583795377091,0.0272287223293305,-0.0113939031351124));
#10178=CARTESIAN_POINT('',(-0.00249583795377091,0.0277669065986002,-0.0134024183339539));
#10179=CARTESIAN_POINT('',(-0.00244583795377091,0.0267272256277115,-0.0152032067974995));
#10180=CARTESIAN_POINT('',(-0.00239583795377091,0.0256875446568228,-0.0170039952610451));
#10181=CARTESIAN_POINT('',(-0.00234583795377092,0.0236790294579813,-0.0175421795303146));
#10182=CARTESIAN_POINT('',(-0.00229583795377091,0.0216705142591398,-0.0180803637995842));
#10183=CARTESIAN_POINT('',(-0.00224583795377092,0.0198697257955943,-0.0170406828286956));
#10184=CARTESIAN_POINT('',(-0.00219583795377092,0.0180689373320487,-0.0160010018578069));
#10185=CARTESIAN_POINT('',(-0.00214583795377091,0.0175307530627791,-0.0139924866589654));
#10186=CARTESIAN_POINT('',(-0.00209583795377091,0.0169925687935096,-0.0119839714601238));
#10187=CARTESIAN_POINT('',(-0.00204583795377091,0.0180322497643982,-0.0101831829965783));
#10188=CARTESIAN_POINT('',(-0.00199583795377091,0.0190719307352868,-0.00838239453303277));
#10189=CARTESIAN_POINT('',(-0.00194583795377091,0.0210804459341284,-0.00784421026376318));
#10190=CARTESIAN_POINT('',(-0.00189583795377091,0.0230889611329699,-0.00730602599449359));
#10191=CARTESIAN_POINT('',(-0.00184583795377091,0.0248897495965154,-0.00834570696538223));
#10192=CARTESIAN_POINT('',(-0.00179583795377091,0.026690538060061,-0.00938538793627088));
#10193=CARTESIAN_POINT('',(-0.00174583795377091,0.0272287223293305,-0.0113939031351124));
#10194=CARTESIAN_POINT('',(-0.00169583795377091,0.0277669065986002,-0.0134024183339539));
#10195=CARTESIAN_POINT('',(-0.00164583795377091,0.0267272256277115,-0.0152032067974995));
#10196=CARTESIAN_POINT('',(-0.00159583795377091,0.0256875446568228,-0.0170039952610451));
#10197=CARTESIAN_POINT('',(-0.00154583795377092,0.0236790294579813,-0.0175421795303146));
#10198=CARTESIAN_POINT('',(-0.00149583795377091,0.0216705142591398,-0.0180803637995842));
#10199=CARTESIAN_POINT('',(-0.00144583795377091,0.0198697257955943,-0.0170406828286956));
#10200=CARTESIAN_POINT('',(-0.00139583795377091,0.0180689373320487,-0.0160010018578069));
#10201=CARTESIAN_POINT('',(-0.00134583795377091,0.0175307530627791,-0.0139924866589654));
#10202=CARTESIAN_POINT('',(-0.00129583795377091,0.0169925687935096,-0.0119839714601238));
#10203=CARTESIAN_POINT('',(-0.00124583795377091,0.0180322497643982,-0.0101831829965783));
#10204=CARTESIAN_POINT('',(-0.00119583795377091,0.0190719307352868,-0.00838239453303277));
#10205=CARTESIAN_POINT('',(-0.00114583795377091,0.0210804459341284,-0.00784421026376318));
#10206=CARTESIAN_POINT('',(-0.00109583795377091,0.0230889611329699,-0.00730602599449359));
#10207=CARTESIAN_POINT('',(-0.00104583795377091,0.0248897495965154,-0.00834570696538223));
#10208=CARTESIAN_POINT('',(-0.000995837953770911,0.026690538060061,-0.00938538793627088));
#10209=CARTESIAN_POINT('',(-0.000945837953770912,0.0272287223293305,-0.0113939031351124));
#10210=CARTESIAN_POINT('',(-0.000895837953770912,0.0277669065986002,-0.0134024183339539));
#10211=CARTESIAN_POINT('',(-0.000845837953770913,0.0267272256277115,-0.0152032067974995));
#10212=CARTESIAN_POINT('',(-0.000795837953770913,0.0256875446568228,-0.0170039952610451));
#10213=CARTESIAN_POINT('',(-0.000745837953770913,0.0236790294579813,-0.0175421795303146));
#10214=CARTESIAN_POINT('',(-0.000695837953770913,0.0216705142591398,-0.0180803637995842));
#10215=CARTESIAN_POINT('',(-0.000645837953770913,0.0198697257955943,-0.0170406828286956));
#10216=CARTESIAN_POINT('',(-0.000595837953770913,0.0180689373320487,-0.0160010018578069));
#10217=CARTESIAN_POINT('',(-0.000545837953770912,0.0175307530627791,-0.0139924866589654));
#10218=CARTESIAN_POINT('',(-0.000495837953770912,0.0169925687935096,-0.0119839714601238));
#10219=CARTESIAN_POINT('',(-0.000445837953770912,0.0180322497643982,-0.0101831829965783));
#10220=CARTESIAN_POINT('',(-0.000395837953770911,0.0190719307352868,-0.00838239453303277));
#10221=CARTESIAN_POINT('',(-0.000345837953770911,0.0210804459341284,-0.00784421026376318));
#10222=CARTESIAN_POINT('',(-0.00029583795377091,0.0230889611329699,-0.00730602599449359));
#10223=CARTESIAN_POINT('',(-0.000245837953770911,0.0248897495965154,-0.00834570696538223));
#10224=CARTESIAN_POINT('',(-0.000195837953770911,0.026690538060061,-0.00938538793627088));
#10225=CARTESIAN_POINT('',(-0.000145837953770911,0.0272287223293305,-0.0113939031351124));
#10226=CARTESIAN_POINT('',(-9.58379537709119E-5,0.0277669065986002,-0.0134024183339539));
#10227=CARTESIAN_POINT('',(-4.58379537709119E-5,0.0267272256277115,-0.0152032067974995));
#10228=CARTESIAN_POINT('',(4.16204622908699E-6,0.0256875446568228,-0.0170039952610451));
#10229=CARTESIAN_POINT('',(5.41620462290869E-5,0.0236790294579813,-0.0175421795303146));
#10230=CARTESIAN_POINT('',(0.000104162046229087,0.0216705142591398,-0.0180803637995842));
#10231=CARTESIAN_POINT('',(0.000154162046229087,0.0198697257955943,-0.0170406828286956));
#10232=CARTESIAN_POINT('',(0.000204162046229086,0.0180689373320487,-0.0160010018578069));
#10233=CARTESIAN_POINT('',(0.000254162046229088,0.0175307530627791,-0.0139924866589654));
#10234=CARTESIAN_POINT('',(0.000304162046229088,0.0169925687935096,-0.0119839714601238));
#10235=CARTESIAN_POINT('',(0.000354162046229088,0.0180322497643982,-0.0101831829965783));
#10236=CARTESIAN_POINT('',(0.000404162046229089,0.0190719307352868,-0.00838239453303277));
#10237=CARTESIAN_POINT('',(0.000454162046229089,0.0210804459341284,-0.00784421026376318));
#10238=CARTESIAN_POINT('',(0.000504162046229088,0.0230889611329699,-0.00730602599449359));
#10239=CARTESIAN_POINT('',(0.000554162046229089,0.0248897495965154,-0.00834570696538223));
#10240=CARTESIAN_POINT('',(0.000604162046229089,0.026690538060061,-0.00938538793627088));
#10241=CARTESIAN_POINT('',(0.000654162046229088,0.0272287223293305,-0.0113939031351124));
#10242=CARTESIAN_POINT('',(0.000704162046229088,0.0277669065986002,-0.0134024183339539));
#10243=CARTESIAN_POINT('',(0.000754162046229086,0.0267272256277115,-0.0152032067974995));
#10244=CARTESIAN_POINT('',(0.000804162046229087,0.0256875446568228,-0.0170039952610451));
#10245=CARTESIAN_POINT('',(0.000854162046229087,0.0236790294579813,-0.0175421795303146));
#10246=CARTESIAN_POINT('',(0.00088633022720207,0.0223868238499149,-0.0178884277097281));
#10247=CARTESIAN_POINT('',(0.000920863189312974,0.021093678505809,-0.0175457058775044));
#10248=CARTESIAN_POINT('',(-0.00363684328698934,0.0222729308492318,-0.0170881751821991));
#10249=CARTESIAN_POINT('',(-0.00360371909484806,0.0211523475152768,-0.0170609427568555));
#10250=CARTESIAN_POINT('',(-0.00357294162479048,0.0201816062495189,-0.0165004875773072));
#10251=CARTESIAN_POINT('',(-0.00352294162479048,0.0186045739854279,-0.0155899917202733));
#10252=CARTESIAN_POINT('',(-0.00347294162479048,0.0181332615720902,-0.0138310437174336));
#10253=CARTESIAN_POINT('',(-0.00342294162479048,0.0176619491587526,-0.0120720957145939));
#10254=CARTESIAN_POINT('',(-0.00337294162479048,0.0185724450157865,-0.010495063450503));
#10255=CARTESIAN_POINT('',(-0.00332294162479048,0.0194829408728205,-0.008918031186412));
#10256=CARTESIAN_POINT('',(-0.00327294162479048,0.0212418888756602,-0.0084467187730743));
#10257=CARTESIAN_POINT('',(-0.00322294162479048,0.0230008368784999,-0.0079754063597366));
#10258=CARTESIAN_POINT('',(-0.00317294162479048,0.0245778691425908,-0.00888590221677057));
#10259=CARTESIAN_POINT('',(-0.00312294162479048,0.0261549014066818,-0.00979639807380454));
#10260=CARTESIAN_POINT('',(-0.00307294162479048,0.0266262138200195,-0.0115553460766442));
#10261=CARTESIAN_POINT('',(-0.00302294162479048,0.0270975262333572,-0.0133142940794839));
#10262=CARTESIAN_POINT('',(-0.00297294162479049,0.0261870303763232,-0.0148913263435748));
#10263=CARTESIAN_POINT('',(-0.00292294162479048,0.0252765345192892,-0.0164683586076658));
#10264=CARTESIAN_POINT('',(-0.00287294162479049,0.0235175865164495,-0.0169396710210035));
#10265=CARTESIAN_POINT('',(-0.00282294162479048,0.0217586385136099,-0.0174109834343412));
#10266=CARTESIAN_POINT('',(-0.00277294162479049,0.0201816062495189,-0.0165004875773072));
#10267=CARTESIAN_POINT('',(-0.00272294162479049,0.0186045739854279,-0.0155899917202733));
#10268=CARTESIAN_POINT('',(-0.00267294162479049,0.0181332615720902,-0.0138310437174336));
#10269=CARTESIAN_POINT('',(-0.00262294162479048,0.0176619491587526,-0.0120720957145939));
#10270=CARTESIAN_POINT('',(-0.00257294162479048,0.0185724450157865,-0.010495063450503));
#10271=CARTESIAN_POINT('',(-0.00252294162479048,0.0194829408728205,-0.008918031186412));
#10272=CARTESIAN_POINT('',(-0.00247294162479048,0.0212418888756602,-0.0084467187730743));
#10273=CARTESIAN_POINT('',(-0.00242294162479048,0.0230008368784999,-0.0079754063597366));
#10274=CARTESIAN_POINT('',(-0.00237294162479048,0.0245778691425908,-0.00888590221677057));
#10275=CARTESIAN_POINT('',(-0.00232294162479048,0.0261549014066818,-0.00979639807380454));
#10276=CARTESIAN_POINT('',(-0.00227294162479048,0.0266262138200195,-0.0115553460766442));
#10277=CARTESIAN_POINT('',(-0.00222294162479048,0.0270975262333572,-0.0133142940794839));
#10278=CARTESIAN_POINT('',(-0.00217294162479048,0.0261870303763232,-0.0148913263435748));
#10279=CARTESIAN_POINT('',(-0.00212294162479048,0.0252765345192892,-0.0164683586076658));
#10280=CARTESIAN_POINT('',(-0.00207294162479049,0.0235175865164495,-0.0169396710210035));
#10281=CARTESIAN_POINT('',(-0.00202294162479049,0.0217586385136099,-0.0174109834343412));
#10282=CARTESIAN_POINT('',(-0.00197294162479049,0.0201816062495189,-0.0165004875773072));
#10283=CARTESIAN_POINT('',(-0.00192294162479048,0.0186045739854279,-0.0155899917202733));
#10284=CARTESIAN_POINT('',(-0.00187294162479049,0.0181332615720902,-0.0138310437174336));
#10285=CARTESIAN_POINT('',(-0.00182294162479048,0.0176619491587526,-0.0120720957145939));
#10286=CARTESIAN_POINT('',(-0.00177294162479048,0.0185724450157865,-0.010495063450503));
#10287=CARTESIAN_POINT('',(-0.00172294162479048,0.0194829408728205,-0.008918031186412));
#10288=CARTESIAN_POINT('',(-0.00167294162479048,0.0212418888756602,-0.0084467187730743));
#10289=CARTESIAN_POINT('',(-0.00162294162479048,0.0230008368784999,-0.0079754063597366));
#10290=CARTESIAN_POINT('',(-0.00157294162479048,0.0245778691425908,-0.00888590221677057));
#10291=CARTESIAN_POINT('',(-0.00152294162479048,0.0261549014066818,-0.00979639807380454));
#10292=CARTESIAN_POINT('',(-0.00147294162479048,0.0266262138200195,-0.0115553460766442));
#10293=CARTESIAN_POINT('',(-0.00142294162479048,0.0270975262333572,-0.0133142940794839));
#10294=CARTESIAN_POINT('',(-0.00137294162479048,0.0261870303763232,-0.0148913263435748));
#10295=CARTESIAN_POINT('',(-0.00132294162479048,0.0252765345192892,-0.0164683586076658));
#10296=CARTESIAN_POINT('',(-0.00127294162479048,0.0235175865164495,-0.0169396710210035));
#10297=CARTESIAN_POINT('',(-0.00122294162479049,0.0217586385136099,-0.0174109834343412));
#10298=CARTESIAN_POINT('',(-0.00117294162479048,0.0201816062495189,-0.0165004875773072));
#10299=CARTESIAN_POINT('',(-0.00112294162479048,0.0186045739854279,-0.0155899917202733));
#10300=CARTESIAN_POINT('',(-0.00107294162479048,0.0181332615720902,-0.0138310437174336));
#10301=CARTESIAN_POINT('',(-0.00102294162479048,0.0176619491587526,-0.0120720957145939));
#10302=CARTESIAN_POINT('',(-0.000972941624790483,0.0185724450157865,-0.010495063450503));
#10303=CARTESIAN_POINT('',(-0.000922941624790482,0.0194829408728205,-0.008918031186412));
#10304=CARTESIAN_POINT('',(-0.000872941624790483,0.0212418888756602,-0.0084467187730743));
#10305=CARTESIAN_POINT('',(-0.000822941624790483,0.0230008368784999,-0.0079754063597366));
#10306=CARTESIAN_POINT('',(-0.000772941624790482,0.0245778691425908,-0.00888590221677057));
#10307=CARTESIAN_POINT('',(-0.000722941624790483,0.0261549014066818,-0.00979639807380454));
#10308=CARTESIAN_POINT('',(-0.000672941624790483,0.0266262138200195,-0.0115553460766442));
#10309=CARTESIAN_POINT('',(-0.000622941624790483,0.0270975262333572,-0.0133142940794839));
#10310=CARTESIAN_POINT('',(-0.000572941624790483,0.0261870303763232,-0.0148913263435748));
#10311=CARTESIAN_POINT('',(-0.000522941624790484,0.0252765345192892,-0.0164683586076658));
#10312=CARTESIAN_POINT('',(-0.000472941624790484,0.0235175865164495,-0.0169396710210035));
#10313=CARTESIAN_POINT('',(-0.000422941624790484,0.0217586385136099,-0.0174109834343412));
#10314=CARTESIAN_POINT('',(-0.000372941624790484,0.0201816062495189,-0.0165004875773072));
#10315=CARTESIAN_POINT('',(-0.000322941624790484,0.0186045739854279,-0.0155899917202733));
#10316=CARTESIAN_POINT('',(-0.000272941624790484,0.0181332615720902,-0.0138310437174336));
#10317=CARTESIAN_POINT('',(-0.000222941624790484,0.0176619491587526,-0.0120720957145939));
#10318=CARTESIAN_POINT('',(-0.000172941624790483,0.0185724450157865,-0.010495063450503));
#10319=CARTESIAN_POINT('',(-0.000122941624790483,0.0194829408728205,-0.008918031186412));
#10320=CARTESIAN_POINT('',(-7.29416247904825E-5,0.0212418888756602,-0.0084467187730743));
#10321=CARTESIAN_POINT('',(-2.29416247904824E-5,0.0230008368784999,-0.0079754063597366));
#10322=CARTESIAN_POINT('',(2.70583752095176E-5,0.0245778691425908,-0.00888590221677057));
#10323=CARTESIAN_POINT('',(7.70583752095166E-5,0.0261549014066818,-0.00979639807380454));
#10324=CARTESIAN_POINT('',(0.000127058375209518,0.0266262138200195,-0.0115553460766442));
#10325=CARTESIAN_POINT('',(0.000177058375209516,0.0270975262333572,-0.0133142940794839));
#10326=CARTESIAN_POINT('',(0.000227058375209517,0.0261870303763232,-0.0148913263435748));
#10327=CARTESIAN_POINT('',(0.000277058375209516,0.0252765345192892,-0.0164683586076658));
#10328=CARTESIAN_POINT('',(0.000327058375209515,0.0235175865164495,-0.0169396710210035));
#10329=CARTESIAN_POINT('',(0.000377058375209516,0.0217586385136099,-0.0174109834343412));
#10330=CARTESIAN_POINT('',(0.000427058375209517,0.0201816062495189,-0.0165004875773072));
#10331=CARTESIAN_POINT('',(0.000477058375209515,0.0186045739854279,-0.0155899917202733));
#10332=CARTESIAN_POINT('',(0.000527058375209517,0.0181332615720902,-0.0138310437174336));
#10333=CARTESIAN_POINT('',(0.000577058375209516,0.0176619491587526,-0.0120720957145939));
#10334=CARTESIAN_POINT('',(0.000627058375209517,0.0185724450157865,-0.010495063450503));
#10335=CARTESIAN_POINT('',(0.000677058375209518,0.0194829408728205,-0.008918031186412));
#10336=CARTESIAN_POINT('',(0.000727058375209517,0.0212418888756602,-0.0084467187730743));
#10337=CARTESIAN_POINT('',(0.000777058375209516,0.0230008368784999,-0.0079754063597366));
#10338=CARTESIAN_POINT('',(0.000827058375209517,0.0245778691425908,-0.00888590221677057));
#10339=CARTESIAN_POINT('',(0.000877058375209517,0.0261549014066818,-0.00979639807380454));
#10340=CARTESIAN_POINT('',(0.000927058375209517,0.0266262138200195,-0.0115553460766442));
#10341=CARTESIAN_POINT('',(0.000977058375209516,0.0270975262333572,-0.0133142940794839));
#10342=CARTESIAN_POINT('',(0.00102705837520952,0.0261870303763232,-0.0148913263435748));
#10343=CARTESIAN_POINT('',(0.00107705837520951,0.0252765345192892,-0.0164683586076658));
#10344=CARTESIAN_POINT('',(0.00112705837520951,0.0235175865164495,-0.0169396710210035));
#10345=CARTESIAN_POINT('',(0.0011592265561825,0.0223859433629013,-0.0172428962811447));
#10346=CARTESIAN_POINT('',(0.0011937595182934,0.0212534772398127,-0.0169427592034332));
#10347=CARTESIAN_POINT('',(-0.00360880252914423,0.0212831818972643,-0.0169543643820675));
#10348=CARTESIAN_POINT('',(-0.00360880252914423,0.0204498520774347,-0.0167987634076311));
#10349=CARTESIAN_POINT('',(-0.00360880252914423,0.0189084749550001,-0.0160031720386748));
#10350=CARTESIAN_POINT('',(-0.0036088025291442,0.0175477608112518,-0.0137662658289823));
#10351=CARTESIAN_POINT('',(-0.00360880252914423,0.0175198550067569,-0.0111612487551743));
#10352=CARTESIAN_POINT('',(-0.00360880252914422,0.0183618259555843,-0.00964827994316176));
#10353=CARTESIAN_POINT('',(-0.00360880252914422,0.0189436186996089,-0.00903342751390951));
#10354=CARTESIAN_POINT('',(-0.00360880252914423,0.0212831818972643,-0.0169543643820675));
#10355=CARTESIAN_POINT('',(-0.00360880252914422,0.0189436186996089,-0.00903342751390951));
#10356=CARTESIAN_POINT('',(-0.00360880252914422,0.0189436186996089,-0.00903342751390951));
#10357=CARTESIAN_POINT('',(-0.00357615237167896,0.0198627065518814,-0.00817050512076668));
#10358=CARTESIAN_POINT('',(-0.00354583795377091,0.0210804459341284,-0.00784421026376318));
#10359=CARTESIAN_POINT('',(-0.00349583795377091,0.0230889611329699,-0.00730602599449359));
#10360=CARTESIAN_POINT('',(-0.00344583795377091,0.0248897495965154,-0.00834570696538223));
#10361=CARTESIAN_POINT('',(-0.00339583795377091,0.026690538060061,-0.00938538793627088));
#10362=CARTESIAN_POINT('',(-0.00334583795377091,0.0272287223293305,-0.0113939031351124));
#10363=CARTESIAN_POINT('',(-0.00329583795377091,0.0277669065986002,-0.013402418333954));
#10364=CARTESIAN_POINT('',(-0.00324583795377091,0.0267272256277115,-0.0152032067974995));
#10365=CARTESIAN_POINT('',(-0.00319583795377091,0.0256875446568228,-0.017003995261045));
#10366=CARTESIAN_POINT('',(-0.00314583795377091,0.0236790294579813,-0.0175421795303146));
#10367=CARTESIAN_POINT('',(-0.00309583795377091,0.0216705142591398,-0.0180803637995842));
#10368=CARTESIAN_POINT('',(-0.00304583795377092,0.0198697257955943,-0.0170406828286956));
#10369=CARTESIAN_POINT('',(-0.00299583795377091,0.0180689373320487,-0.0160010018578069));
#10370=CARTESIAN_POINT('',(-0.00294583795377091,0.0175307530627791,-0.0139924866589654));
#10371=CARTESIAN_POINT('',(-0.00289583795377091,0.0169925687935096,-0.0119839714601238));
#10372=CARTESIAN_POINT('',(-0.00284583795377091,0.0180322497643982,-0.0101831829965783));
#10373=CARTESIAN_POINT('',(-0.00279583795377091,0.0190719307352868,-0.00838239453303276));
#10374=CARTESIAN_POINT('',(-0.00274583795377091,0.0210804459341284,-0.00784421026376318));
#10375=CARTESIAN_POINT('',(-0.00269583795377091,0.0230889611329699,-0.00730602599449359));
#10376=CARTESIAN_POINT('',(-0.00264583795377091,0.0248897495965154,-0.00834570696538223));
#10377=CARTESIAN_POINT('',(-0.00259583795377091,0.026690538060061,-0.00938538793627088));
#10378=CARTESIAN_POINT('',(-0.00254583795377091,0.0272287223293305,-0.0113939031351124));
#10379=CARTESIAN_POINT('',(-0.00249583795377091,0.0277669065986002,-0.013402418333954));
#10380=CARTESIAN_POINT('',(-0.00244583795377091,0.0267272256277115,-0.0152032067974995));
#10381=CARTESIAN_POINT('',(-0.00239583795377091,0.0256875446568228,-0.0170039952610451));
#10382=CARTESIAN_POINT('',(-0.00234583795377092,0.0236790294579813,-0.0175421795303146));
#10383=CARTESIAN_POINT('',(-0.00229583795377091,0.0216705142591398,-0.0180803637995842));
#10384=CARTESIAN_POINT('',(-0.00224583795377092,0.0198697257955943,-0.0170406828286956));
#10385=CARTESIAN_POINT('',(-0.00219583795377092,0.0180689373320487,-0.0160010018578069));
#10386=CARTESIAN_POINT('',(-0.00214583795377091,0.0175307530627791,-0.0139924866589654));
#10387=CARTESIAN_POINT('',(-0.00209583795377091,0.0169925687935096,-0.0119839714601238));
#10388=CARTESIAN_POINT('',(-0.00204583795377091,0.0180322497643982,-0.0101831829965783));
#10389=CARTESIAN_POINT('',(-0.00199583795377091,0.0190719307352868,-0.00838239453303277));
#10390=CARTESIAN_POINT('',(-0.00194583795377091,0.0210804459341284,-0.00784421026376318));
#10391=CARTESIAN_POINT('',(-0.00189583795377091,0.0230889611329699,-0.00730602599449359));
#10392=CARTESIAN_POINT('',(-0.00184583795377091,0.0248897495965154,-0.00834570696538223));
#10393=CARTESIAN_POINT('',(-0.00179583795377091,0.026690538060061,-0.00938538793627088));
#10394=CARTESIAN_POINT('',(-0.00174583795377091,0.0272287223293305,-0.0113939031351124));
#10395=CARTESIAN_POINT('',(-0.00169583795377091,0.0277669065986002,-0.013402418333954));
#10396=CARTESIAN_POINT('',(-0.00164583795377091,0.0267272256277115,-0.0152032067974995));
#10397=CARTESIAN_POINT('',(-0.00159583795377091,0.0256875446568228,-0.0170039952610451));
#10398=CARTESIAN_POINT('',(-0.00154583795377091,0.0236790294579813,-0.0175421795303146));
#10399=CARTESIAN_POINT('',(-0.00149583795377091,0.0216705142591398,-0.0180803637995842));
#10400=CARTESIAN_POINT('',(-0.00144583795377091,0.0198697257955943,-0.0170406828286956));
#10401=CARTESIAN_POINT('',(-0.00139583795377091,0.0180689373320487,-0.0160010018578069));
#10402=CARTESIAN_POINT('',(-0.00134583795377091,0.0175307530627791,-0.0139924866589654));
#10403=CARTESIAN_POINT('',(-0.00129583795377091,0.0169925687935096,-0.0119839714601238));
#10404=CARTESIAN_POINT('',(-0.00124583795377091,0.0180322497643982,-0.0101831829965783));
#10405=CARTESIAN_POINT('',(-0.00119583795377091,0.0190719307352868,-0.00838239453303277));
#10406=CARTESIAN_POINT('',(-0.00114583795377091,0.0210804459341284,-0.00784421026376318));
#10407=CARTESIAN_POINT('',(-0.00109583795377091,0.0230889611329699,-0.00730602599449359));
#10408=CARTESIAN_POINT('',(-0.00104583795377091,0.0248897495965154,-0.00834570696538223));
#10409=CARTESIAN_POINT('',(-0.000995837953770909,0.026690538060061,-0.00938538793627088));
#10410=CARTESIAN_POINT('',(-0.00094583795377091,0.0272287223293305,-0.0113939031351124));
#10411=CARTESIAN_POINT('',(-0.00089583795377091,0.0277669065986002,-0.013402418333954));
#10412=CARTESIAN_POINT('',(-0.000845837953770911,0.0267272256277115,-0.0152032067974995));
#10413=CARTESIAN_POINT('',(-0.00079583795377091,0.0256875446568228,-0.0170039952610451));
#10414=CARTESIAN_POINT('',(-0.000745837953770911,0.0236790294579813,-0.0175421795303146));
#10415=CARTESIAN_POINT('',(-0.000695837953770911,0.0216705142591398,-0.0180803637995842));
#10416=CARTESIAN_POINT('',(-0.000645837953770911,0.0198697257955943,-0.0170406828286956));
#10417=CARTESIAN_POINT('',(-0.000595837953770911,0.0180689373320487,-0.0160010018578069));
#10418=CARTESIAN_POINT('',(-0.000545837953770911,0.0175307530627791,-0.0139924866589654));
#10419=CARTESIAN_POINT('',(-0.00049583795377091,0.0169925687935096,-0.0119839714601238));
#10420=CARTESIAN_POINT('',(-0.00044583795377091,0.0180322497643982,-0.0101831829965783));
#10421=CARTESIAN_POINT('',(-0.00039583795377091,0.0190719307352868,-0.00838239453303277));
#10422=CARTESIAN_POINT('',(-0.000345837953770909,0.0210804459341284,-0.00784421026376318));
#10423=CARTESIAN_POINT('',(-0.000295837953770909,0.0230889611329699,-0.00730602599449359));
#10424=CARTESIAN_POINT('',(-0.000245837953770909,0.0248897495965154,-0.00834570696538223));
#10425=CARTESIAN_POINT('',(-0.00019583795377091,0.026690538060061,-0.00938538793627088));
#10426=CARTESIAN_POINT('',(-0.000145837953770909,0.0272287223293305,-0.0113939031351124));
#10427=CARTESIAN_POINT('',(-9.58379537709102E-5,0.0277669065986002,-0.013402418333954));
#10428=CARTESIAN_POINT('',(-4.58379537709104E-5,0.0267272256277115,-0.0152032067974995));
#10429=CARTESIAN_POINT('',(4.16204622908916E-6,0.0256875446568228,-0.0170039952610451));
#10430=CARTESIAN_POINT('',(5.41620462290884E-5,0.0236790294579813,-0.0175421795303146));
#10431=CARTESIAN_POINT('',(0.000104162046229088,0.0216705142591398,-0.0180803637995842));
#10432=CARTESIAN_POINT('',(0.000154162046229088,0.0198697257955943,-0.0170406828286956));
#10433=CARTESIAN_POINT('',(0.000204162046229088,0.0180689373320487,-0.0160010018578069));
#10434=CARTESIAN_POINT('',(0.00025416204622909,0.0175307530627791,-0.0139924866589654));
#10435=CARTESIAN_POINT('',(0.00030416204622909,0.0169925687935096,-0.0119839714601238));
#10436=CARTESIAN_POINT('',(0.00035416204622909,0.0180322497643982,-0.0101831829965783));
#10437=CARTESIAN_POINT('',(0.000404162046229091,0.0190719307352868,-0.00838239453303277));
#10438=CARTESIAN_POINT('',(0.00045416204622909,0.0210804459341284,-0.00784421026376318));
#10439=CARTESIAN_POINT('',(0.00050416204622909,0.0230889611329699,-0.00730602599449359));
#10440=CARTESIAN_POINT('',(0.000554162046229092,0.0248897495965154,-0.00834570696538223));
#10441=CARTESIAN_POINT('',(0.000604162046229091,0.026690538060061,-0.00938538793627088));
#10442=CARTESIAN_POINT('',(0.00065416204622909,0.0272287223293305,-0.0113939031351124));
#10443=CARTESIAN_POINT('',(0.00070416204622909,0.0277669065986002,-0.013402418333954));
#10444=CARTESIAN_POINT('',(0.000754162046229088,0.0267272256277115,-0.0152032067974995));
#10445=CARTESIAN_POINT('',(0.000804162046229089,0.0256875446568228,-0.0170039952610451));
#10446=CARTESIAN_POINT('',(0.000854162046229089,0.0236790294579813,-0.0175421795303146));
#10447=CARTESIAN_POINT('',(0.000871992823819166,0.0229627617020446,-0.0177341044104711));
#10448=CARTESIAN_POINT('',(0.000891197470855773,0.0222215944052296,-0.0177107442745659));
#10449=CARTESIAN_POINT('',(0.000891197470855771,0.0222215944052295,-0.0177107442745658));
#10450=CARTESIAN_POINT('',(0.000891197470855771,0.0222215944052295,-0.0177107442745658));
#10451=CARTESIAN_POINT('',(0.000891197470855771,0.023068524826254,-0.0176873461497465));
#10452=CARTESIAN_POINT('',(0.000891197470855768,0.024726086434052,-0.0172173430652679));
#10453=CARTESIAN_POINT('',(0.000891197470855772,0.0265561450162005,-0.0153486985560872));
#10454=CARTESIAN_POINT('',(0.000891197470855776,0.0271747392083444,-0.0128184478065282));
#10455=CARTESIAN_POINT('',(0.000891197470855773,0.026647912565659,-0.0111554323091766));
#10456=CARTESIAN_POINT('',(0.000891197470855773,0.026168221575978,-0.0104554750996642));
#10457=CARTESIAN_POINT('',(0.000891197470855773,0.026168221575978,-0.0104554750996642));
#10458=CARTESIAN_POINT('',(0.000875429891217542,0.0223767997897644,-0.0126954463967721));
#10459=CARTESIAN_POINT('',(0.000825429958223267,0.0245797301842206,-0.00888267878343771));
#10460=CARTESIAN_POINT('',(0.000425429958223266,0.0201797452078891,-0.0165037110106401));
#10461=CARTESIAN_POINT('',(0.000475429958223265,0.0186013777539943,-0.0155924442849229));
#10462=CARTESIAN_POINT('',(0.000525429958223267,0.0181296663053654,-0.0138320070738455));
#10463=CARTESIAN_POINT('',(0.000575429958223267,0.0176579548567365,-0.012071569862768));
#10464=CARTESIAN_POINT('',(0.000625429958223267,0.0185692215824536,-0.0104932024088732));
#10465=CARTESIAN_POINT('',(0.000675429958223268,0.0194804883081708,-0.00891483495497833));
#10466=CARTESIAN_POINT('',(0.000725429958223267,0.0212409255192483,-0.00844312350634943));
#10467=CARTESIAN_POINT('',(0.000775429958223267,0.0230013627303258,-0.00797141205772053));
#10468=CARTESIAN_POINT('',(0.000825429958223267,0.0245797301842206,-0.00888267878343771));
#10469=CARTESIAN_POINT('',(0.000425429958223266,0.0201797452078891,-0.0165037110106401));
#10470=CARTESIAN_POINT('',(2.54299582232679E-5,0.0245797301842206,-0.0088826787834377));
#10471=CARTESIAN_POINT('',(7.5429958223267E-5,0.0261580976381154,-0.00979394550915488));
#10472=CARTESIAN_POINT('',(0.000125429958223267,0.0266298090867443,-0.0115543827202323));
#10473=CARTESIAN_POINT('',(0.000175429958223266,0.0271015205353732,-0.0133148199313098));
#10474=CARTESIAN_POINT('',(0.000225429958223267,0.0261902538096561,-0.0148931873852046));
#10475=CARTESIAN_POINT('',(0.000275429958223266,0.0252789870839389,-0.0164715548390995));
#10476=CARTESIAN_POINT('',(0.000325429958223266,0.0235185498728614,-0.0169432662877284));
#10477=CARTESIAN_POINT('',(0.000375429958223266,0.0217581126617839,-0.0174149777363572));
#10478=CARTESIAN_POINT('',(0.000425429958223266,0.0201797452078891,-0.0165037110106401));
#10479=CARTESIAN_POINT('',(2.54299582232679E-5,0.0245797301842206,-0.0088826787834377));
#10480=CARTESIAN_POINT('',(-0.000374570041776734,0.0201797452078891,-0.0165037110106401));
#10481=CARTESIAN_POINT('',(-0.000324570041776734,0.0186013777539943,-0.0155924442849229));
#10482=CARTESIAN_POINT('',(-0.000274570041776734,0.0181296663053654,-0.0138320070738455));
#10483=CARTESIAN_POINT('',(-0.000224570041776733,0.0176579548567365,-0.012071569862768));
#10484=CARTESIAN_POINT('',(-0.000174570041776733,0.0185692215824536,-0.0104932024088732));
#10485=CARTESIAN_POINT('',(-0.000124570041776733,0.0194804883081708,-0.00891483495497833));
#10486=CARTESIAN_POINT('',(-7.45700417767321E-5,0.0212409255192483,-0.00844312350634943));
#10487=CARTESIAN_POINT('',(-2.45700417767321E-5,0.0230013627303258,-0.00797141205772053));
#10488=CARTESIAN_POINT('',(2.54299582232679E-5,0.0245797301842206,-0.0088826787834377));
#10489=CARTESIAN_POINT('',(-0.000374570041776734,0.0201797452078891,-0.0165037110106401));
#10490=CARTESIAN_POINT('',(-0.000774570041776732,0.0245797301842206,-0.0088826787834377));
#10491=CARTESIAN_POINT('',(-0.000724570041776732,0.0261580976381154,-0.00979394550915488));
#10492=CARTESIAN_POINT('',(-0.000674570041776733,0.0266298090867443,-0.0115543827202323));
#10493=CARTESIAN_POINT('',(-0.000624570041776733,0.0271015205353732,-0.0133148199313098));
#10494=CARTESIAN_POINT('',(-0.000574570041776733,0.0261902538096561,-0.0148931873852046));
#10495=CARTESIAN_POINT('',(-0.000524570041776734,0.0252789870839389,-0.0164715548390995));
#10496=CARTESIAN_POINT('',(-0.000474570041776734,0.0235185498728614,-0.0169432662877284));
#10497=CARTESIAN_POINT('',(-0.000424570041776734,0.0217581126617839,-0.0174149777363572));
#10498=CARTESIAN_POINT('',(-0.000374570041776734,0.0201797452078891,-0.0165037110106401));
#10499=CARTESIAN_POINT('',(-0.000774570041776732,0.0245797301842206,-0.0088826787834377));
#10500=CARTESIAN_POINT('',(-0.00117457004177673,0.0201797452078891,-0.0165037110106401));
#10501=CARTESIAN_POINT('',(-0.00112457004177673,0.0186013777539943,-0.0155924442849229));
#10502=CARTESIAN_POINT('',(-0.00107457004177673,0.0181296663053654,-0.0138320070738455));
#10503=CARTESIAN_POINT('',(-0.00102457004177673,0.0176579548567365,-0.012071569862768));
#10504=CARTESIAN_POINT('',(-0.000974570041776733,0.0185692215824536,-0.0104932024088732));
#10505=CARTESIAN_POINT('',(-0.000924570041776732,0.0194804883081708,-0.00891483495497833));
#10506=CARTESIAN_POINT('',(-0.000874570041776733,0.0212409255192483,-0.00844312350634943));
#10507=CARTESIAN_POINT('',(-0.000824570041776733,0.0230013627303258,-0.00797141205772053));
#10508=CARTESIAN_POINT('',(-0.000774570041776732,0.0245797301842206,-0.0088826787834377));
#10509=CARTESIAN_POINT('',(-0.00117457004177673,0.0201797452078891,-0.0165037110106401));
#10510=CARTESIAN_POINT('',(-0.00157457004177674,0.0245797301842206,-0.0088826787834377));
#10511=CARTESIAN_POINT('',(-0.00152457004177673,0.0261580976381154,-0.00979394550915488));
#10512=CARTESIAN_POINT('',(-0.00147457004177673,0.0266298090867443,-0.0115543827202323));
#10513=CARTESIAN_POINT('',(-0.00142457004177673,0.0271015205353732,-0.0133148199313098));
#10514=CARTESIAN_POINT('',(-0.00137457004177673,0.0261902538096561,-0.0148931873852046));
#10515=CARTESIAN_POINT('',(-0.00132457004177673,0.0252789870839389,-0.0164715548390995));
#10516=CARTESIAN_POINT('',(-0.00127457004177673,0.0235185498728614,-0.0169432662877284));
#10517=CARTESIAN_POINT('',(-0.00122457004177673,0.0217581126617839,-0.0174149777363572));
#10518=CARTESIAN_POINT('',(-0.00117457004177673,0.0201797452078891,-0.0165037110106401));
#10519=CARTESIAN_POINT('',(-0.00157457004177674,0.0245797301842206,-0.0088826787834377));
#10520=CARTESIAN_POINT('',(-0.00197457004177673,0.0201797452078891,-0.0165037110106401));
#10521=CARTESIAN_POINT('',(-0.00192457004177673,0.0186013777539943,-0.0155924442849229));
#10522=CARTESIAN_POINT('',(-0.00187457004177673,0.0181296663053654,-0.0138320070738455));
#10523=CARTESIAN_POINT('',(-0.00182457004177674,0.0176579548567365,-0.012071569862768));
#10524=CARTESIAN_POINT('',(-0.00177457004177674,0.0185692215824536,-0.0104932024088732));
#10525=CARTESIAN_POINT('',(-0.00172457004177673,0.0194804883081708,-0.00891483495497833));
#10526=CARTESIAN_POINT('',(-0.00167457004177674,0.0212409255192483,-0.00844312350634943));
#10527=CARTESIAN_POINT('',(-0.00162457004177673,0.0230013627303258,-0.00797141205772053));
#10528=CARTESIAN_POINT('',(-0.00157457004177674,0.0245797301842206,-0.0088826787834377));
#10529=CARTESIAN_POINT('',(-0.00197457004177673,0.0201797452078891,-0.0165037110106401));
#10530=CARTESIAN_POINT('',(-0.00237457004177673,0.0245797301842206,-0.0088826787834377));
#10531=CARTESIAN_POINT('',(-0.00232457004177673,0.0261580976381154,-0.00979394550915488));
#10532=CARTESIAN_POINT('',(-0.00227457004177673,0.0266298090867443,-0.0115543827202323));
#10533=CARTESIAN_POINT('',(-0.00222457004177673,0.0271015205353732,-0.0133148199313098));
#10534=CARTESIAN_POINT('',(-0.00217457004177674,0.0261902538096561,-0.0148931873852046));
#10535=CARTESIAN_POINT('',(-0.00212457004177673,0.0252789870839389,-0.0164715548390995));
#10536=CARTESIAN_POINT('',(-0.00207457004177673,0.0235185498728614,-0.0169432662877284));
#10537=CARTESIAN_POINT('',(-0.00202457004177674,0.0217581126617839,-0.0174149777363572));
#10538=CARTESIAN_POINT('',(-0.00197457004177673,0.0201797452078891,-0.0165037110106401));
#10539=CARTESIAN_POINT('',(-0.00237457004177673,0.0245797301842206,-0.0088826787834377));
#10540=CARTESIAN_POINT('',(-0.00277457004177673,0.0201797452078891,-0.0165037110106401));
#10541=CARTESIAN_POINT('',(-0.00272457004177673,0.0186013777539943,-0.0155924442849229));
#10542=CARTESIAN_POINT('',(-0.00267457004177674,0.0181296663053654,-0.0138320070738455));
#10543=CARTESIAN_POINT('',(-0.00262457004177673,0.0176579548567365,-0.012071569862768));
#10544=CARTESIAN_POINT('',(-0.00257457004177673,0.0185692215824536,-0.0104932024088732));
#10545=CARTESIAN_POINT('',(-0.00252457004177673,0.0194804883081708,-0.00891483495497833));
#10546=CARTESIAN_POINT('',(-0.00247457004177673,0.0212409255192483,-0.00844312350634943));
#10547=CARTESIAN_POINT('',(-0.00242457004177673,0.0230013627303258,-0.00797141205772053));
#10548=CARTESIAN_POINT('',(-0.00237457004177673,0.0245797301842206,-0.0088826787834377));
#10549=CARTESIAN_POINT('',(-0.00277457004177673,0.0201797452078891,-0.0165037110106401));
#10550=CARTESIAN_POINT('',(-0.00317457004177673,0.0245797301842206,-0.0088826787834377));
#10551=CARTESIAN_POINT('',(-0.00312457004177673,0.0261580976381154,-0.00979394550915488));
#10552=CARTESIAN_POINT('',(-0.00307457004177673,0.0266298090867443,-0.0115543827202323));
#10553=CARTESIAN_POINT('',(-0.00302457004177673,0.0271015205353732,-0.0133148199313098));
#10554=CARTESIAN_POINT('',(-0.00297457004177674,0.0261902538096561,-0.0148931873852046));
#10555=CARTESIAN_POINT('',(-0.00292457004177673,0.0252789870839389,-0.0164715548390995));
#10556=CARTESIAN_POINT('',(-0.00287457004177674,0.0235185498728614,-0.0169432662877284));
#10557=CARTESIAN_POINT('',(-0.00282457004177673,0.0217581126617839,-0.0174149777363572));
#10558=CARTESIAN_POINT('',(-0.00277457004177673,0.0201797452078891,-0.0165037110106401));
#10559=CARTESIAN_POINT('',(-0.00317457004177673,0.0245797301842206,-0.0088826787834377));
#10560=CARTESIAN_POINT('',(-0.00357457004177673,0.0201797452078891,-0.0165037110106401));
#10561=CARTESIAN_POINT('',(-0.00352457004177673,0.0186013777539943,-0.0155924442849229));
#10562=CARTESIAN_POINT('',(-0.00347457004177673,0.0181296663053654,-0.0138320070738455));
#10563=CARTESIAN_POINT('',(-0.00342457004177673,0.0176579548567365,-0.012071569862768));
#10564=CARTESIAN_POINT('',(-0.00337457004177673,0.0185692215824536,-0.0104932024088732));
#10565=CARTESIAN_POINT('',(-0.00332457004177673,0.0194804883081708,-0.00891483495497833));
#10566=CARTESIAN_POINT('',(-0.00327457004177673,0.0212409255192483,-0.00844312350634943));
#10567=CARTESIAN_POINT('',(-0.00322457004177673,0.0230013627303258,-0.00797141205772053));
#10568=CARTESIAN_POINT('',(-0.00317457004177673,0.0245797301842206,-0.0088826787834377));
#10569=CARTESIAN_POINT('',(-0.00357457004177673,0.0201797452078891,-0.0165037110106401));
#10570=CARTESIAN_POINT('',(-0.00362456827050971,0.0223801341683761,-0.0126897263459474));
#10571=CARTESIAN_POINT('',(-0.00390807267506827,0.021263764362396,-0.00843706948552171));
#10572=CARTESIAN_POINT('',(-0.0038583423096494,0.0230133358977176,-0.00797832473766632));
#10573=CARTESIAN_POINT('',(-0.00380872159925532,0.0245797301842206,-0.00888267878343771));
#10574=CARTESIAN_POINT('',(-0.00375872159925532,0.0261580976381154,-0.00979394550915489));
#10575=CARTESIAN_POINT('',(-0.00370872159925532,0.0266298090867443,-0.0115543827202323));
#10576=CARTESIAN_POINT('',(-0.00365872159925532,0.0271015205353732,-0.0133148199313098));
#10577=CARTESIAN_POINT('',(-0.00360872159925532,0.026190253809656,-0.0148931873852046));
#10578=CARTESIAN_POINT('',(-0.00355872159925532,0.0252789870839389,-0.0164715548390995));
#10579=CARTESIAN_POINT('',(-0.00350872159925533,0.0235185498728614,-0.0169432662877283));
#10580=CARTESIAN_POINT('',(-0.00345872159925532,0.0217581126617839,-0.0174149777363572));
#10581=CARTESIAN_POINT('',(-0.00340872159925533,0.0201797452078891,-0.0165037110106401));
#10582=CARTESIAN_POINT('',(-0.00335872159925532,0.0186013777539943,-0.0155924442849229));
#10583=CARTESIAN_POINT('',(-0.00330872159925532,0.0181296663053654,-0.0138320070738455));
#10584=CARTESIAN_POINT('',(-0.00325872159925532,0.0176579548567365,-0.012071569862768));
#10585=CARTESIAN_POINT('',(-0.00320872159925532,0.0185692215824537,-0.0104932024088732));
#10586=CARTESIAN_POINT('',(-0.00315872159925532,0.0194804883081708,-0.00891483495497834));
#10587=CARTESIAN_POINT('',(-0.00310872159925532,0.0212409255192483,-0.00844312350634944));
#10588=CARTESIAN_POINT('',(-0.00305872159925532,0.0230013627303257,-0.00797141205772054));
#10589=CARTESIAN_POINT('',(-0.00300872159925532,0.0245797301842206,-0.00888267878343771));
#10590=CARTESIAN_POINT('',(-0.00295872159925532,0.0261580976381154,-0.00979394550915489));
#10591=CARTESIAN_POINT('',(-0.00290872159925532,0.0266298090867443,-0.0115543827202323));
#10592=CARTESIAN_POINT('',(-0.00285872159925532,0.0271015205353732,-0.0133148199313098));
#10593=CARTESIAN_POINT('',(-0.00280872159925533,0.026190253809656,-0.0148931873852046));
#10594=CARTESIAN_POINT('',(-0.00275872159925532,0.0252789870839389,-0.0164715548390995));
#10595=CARTESIAN_POINT('',(-0.00270872159925533,0.0235185498728614,-0.0169432662877283));
#10596=CARTESIAN_POINT('',(-0.00265872159925532,0.0217581126617839,-0.0174149777363572));
#10597=CARTESIAN_POINT('',(-0.00260872159925533,0.0201797452078891,-0.0165037110106401));
#10598=CARTESIAN_POINT('',(-0.00255872159925532,0.0186013777539943,-0.0155924442849229));
#10599=CARTESIAN_POINT('',(-0.00250872159925533,0.0181296663053654,-0.0138320070738455));
#10600=CARTESIAN_POINT('',(-0.00245872159925532,0.0176579548567365,-0.012071569862768));
#10601=CARTESIAN_POINT('',(-0.00240872159925532,0.0185692215824537,-0.0104932024088732));
#10602=CARTESIAN_POINT('',(-0.00235872159925532,0.0194804883081708,-0.00891483495497834));
#10603=CARTESIAN_POINT('',(-0.00230872159925532,0.0212409255192483,-0.00844312350634944));
#10604=CARTESIAN_POINT('',(-0.00225872159925532,0.0230013627303257,-0.00797141205772054));
#10605=CARTESIAN_POINT('',(-0.00220872159925532,0.0245797301842206,-0.00888267878343771));
#10606=CARTESIAN_POINT('',(-0.00215872159925532,0.0261580976381154,-0.00979394550915489));
#10607=CARTESIAN_POINT('',(-0.00210872159925532,0.0266298090867443,-0.0115543827202323));
#10608=CARTESIAN_POINT('',(-0.00205872159925532,0.0271015205353732,-0.0133148199313098));
#10609=CARTESIAN_POINT('',(-0.00200872159925532,0.026190253809656,-0.0148931873852046));
#10610=CARTESIAN_POINT('',(-0.00195872159925532,0.0252789870839389,-0.0164715548390995));
#10611=CARTESIAN_POINT('',(-0.00190872159925533,0.0235185498728614,-0.0169432662877283));
#10612=CARTESIAN_POINT('',(-0.00185872159925533,0.0217581126617839,-0.0174149777363572));
#10613=CARTESIAN_POINT('',(-0.00180872159925533,0.0201797452078891,-0.0165037110106401));
#10614=CARTESIAN_POINT('',(-0.00175872159925532,0.0186013777539943,-0.0155924442849229));
#10615=CARTESIAN_POINT('',(-0.00170872159925532,0.0181296663053654,-0.0138320070738455));
#10616=CARTESIAN_POINT('',(-0.00165872159925532,0.0176579548567365,-0.012071569862768));
#10617=CARTESIAN_POINT('',(-0.00160872159925532,0.0185692215824537,-0.0104932024088732));
#10618=CARTESIAN_POINT('',(-0.00155872159925532,0.0194804883081708,-0.00891483495497834));
#10619=CARTESIAN_POINT('',(-0.00150872159925532,0.0212409255192483,-0.00844312350634944));
#10620=CARTESIAN_POINT('',(-0.00145872159925532,0.0230013627303257,-0.00797141205772054));
#10621=CARTESIAN_POINT('',(-0.00140872159925532,0.0245797301842206,-0.00888267878343771));
#10622=CARTESIAN_POINT('',(-0.00135872159925532,0.0261580976381154,-0.00979394550915489));
#10623=CARTESIAN_POINT('',(-0.00130872159925532,0.0266298090867443,-0.0115543827202323));
#10624=CARTESIAN_POINT('',(-0.00125872159925532,0.0271015205353732,-0.0133148199313098));
#10625=CARTESIAN_POINT('',(-0.00120872159925532,0.026190253809656,-0.0148931873852046));
#10626=CARTESIAN_POINT('',(-0.00115872159925532,0.0252789870839389,-0.0164715548390995));
#10627=CARTESIAN_POINT('',(-0.00110872159925532,0.0235185498728614,-0.0169432662877283));
#10628=CARTESIAN_POINT('',(-0.00105872159925532,0.0217581126617839,-0.0174149777363572));
#10629=CARTESIAN_POINT('',(-0.00100872159925532,0.0201797452078891,-0.0165037110106401));
#10630=CARTESIAN_POINT('',(-0.000958721599255322,0.0186013777539943,-0.0155924442849229));
#10631=CARTESIAN_POINT('',(-0.000908721599255322,0.0181296663053654,-0.0138320070738455));
#10632=CARTESIAN_POINT('',(-0.000858721599255321,0.0176579548567365,-0.012071569862768));
#10633=CARTESIAN_POINT('',(-0.000808721599255321,0.0185692215824537,-0.0104932024088732));
#10634=CARTESIAN_POINT('',(-0.000758721599255321,0.0194804883081708,-0.00891483495497834));
#10635=CARTESIAN_POINT('',(-0.00070872159925532,0.0212409255192483,-0.00844312350634944));
#10636=CARTESIAN_POINT('',(-0.00065872159925532,0.0230013627303257,-0.00797141205772054));
#10637=CARTESIAN_POINT('',(-0.000608721599255321,0.0245797301842206,-0.00888267878343771));
#10638=CARTESIAN_POINT('',(-0.000558721599255321,0.0261580976381154,-0.00979394550915489));
#10639=CARTESIAN_POINT('',(-0.000508721599255321,0.0266298090867443,-0.0115543827202323));
#10640=CARTESIAN_POINT('',(-0.000458721599255322,0.0271015205353732,-0.0133148199313098));
#10641=CARTESIAN_POINT('',(-0.000408721599255321,0.026190253809656,-0.0148931873852046));
#10642=CARTESIAN_POINT('',(-0.000358721599255322,0.0252789870839389,-0.0164715548390995));
#10643=CARTESIAN_POINT('',(-0.000308721599255322,0.0235185498728614,-0.0169432662877283));
#10644=CARTESIAN_POINT('',(-0.000258721599255322,0.0217581126617839,-0.0174149777363572));
#10645=CARTESIAN_POINT('',(-0.000208721599255322,0.0201797452078891,-0.0165037110106401));
#10646=CARTESIAN_POINT('',(-0.000158721599255322,0.0186013777539943,-0.0155924442849229));
#10647=CARTESIAN_POINT('',(-0.000108721599255322,0.0181296663053654,-0.0138320070738455));
#10648=CARTESIAN_POINT('',(-5.87215992553215E-5,0.0176579548567365,-0.012071569862768));
#10649=CARTESIAN_POINT('',(-8.72159925532154E-6,0.0185692215824537,-0.0104932024088732));
#10650=CARTESIAN_POINT('',(4.12784007446795E-5,0.0194804883081708,-0.00891483495497834));
#10651=CARTESIAN_POINT('',(9.12784007446794E-5,0.0212409255192483,-0.00844312350634944));
#10652=CARTESIAN_POINT('',(0.000141278400744679,0.0230013627303257,-0.00797141205772054));
#10653=CARTESIAN_POINT('',(0.00019127840074468,0.0245797301842206,-0.00888267878343771));
#10654=CARTESIAN_POINT('',(0.000241278400744679,0.0261580976381154,-0.00979394550915489));
#10655=CARTESIAN_POINT('',(0.000291278400744679,0.0266298090867443,-0.0115543827202323));
#10656=CARTESIAN_POINT('',(0.000341278400744679,0.0271015205353732,-0.0133148199313098));
#10657=CARTESIAN_POINT('',(0.000391278400744678,0.026190253809656,-0.0148931873852046));
#10658=CARTESIAN_POINT('',(0.000441278400744678,0.0252789870839389,-0.0164715548390995));
#10659=CARTESIAN_POINT('',(0.000491278400744678,0.0235185498728614,-0.0169432662877283));
#10660=CARTESIAN_POINT('',(0.000541278400744677,0.0217581126617839,-0.0174149777363572));
#10661=CARTESIAN_POINT('',(0.000591278400744678,0.0201797452078891,-0.0165037110106401));
#10662=CARTESIAN_POINT('',(0.000641278400744677,0.0186013777539943,-0.0155924442849229));
#10663=CARTESIAN_POINT('',(0.000691278400744678,0.0181296663053654,-0.0138320070738455));
#10664=CARTESIAN_POINT('',(0.000741278400744679,0.0176579548567365,-0.012071569862768));
#10665=CARTESIAN_POINT('',(0.000791278400744678,0.0185692215824537,-0.0104932024088732));
#10666=CARTESIAN_POINT('',(0.000841278400744677,0.0194804883081708,-0.00891483495497834));
#10667=CARTESIAN_POINT('',(0.000891278400744679,0.0212409255192483,-0.00844312350634944));
#10668=CARTESIAN_POINT('',(0.000904752979684331,0.0217153485226276,-0.00831600124332368));
#10669=CARTESIAN_POINT('',(0.000919126613334855,0.022206125128481,-0.00829662138163166));
#10670=CARTESIAN_POINT('',(-0.00363680476307408,0.0211065031904153,-0.00783730312003202));
#10671=CARTESIAN_POINT('',(-0.0035870743976552,0.0231026215399037,-0.0073139127982083));
#10672=CARTESIAN_POINT('',(-0.00353745368726113,0.0248897495965154,-0.00834570696538223));
#10673=CARTESIAN_POINT('',(-0.00348745368726113,0.026690538060061,-0.00938538793627088));
#10674=CARTESIAN_POINT('',(-0.00343745368726113,0.0272287223293305,-0.0113939031351124));
#10675=CARTESIAN_POINT('',(-0.00338745368726113,0.0277669065986002,-0.013402418333954));
#10676=CARTESIAN_POINT('',(-0.00333745368726113,0.0267272256277115,-0.0152032067974995));
#10677=CARTESIAN_POINT('',(-0.00328745368726113,0.0256875446568228,-0.017003995261045));
#10678=CARTESIAN_POINT('',(-0.00323745368726113,0.0236790294579813,-0.0175421795303146));
#10679=CARTESIAN_POINT('',(-0.00318745368726113,0.0216705142591398,-0.0180803637995842));
#10680=CARTESIAN_POINT('',(-0.00313745368726113,0.0198697257955943,-0.0170406828286956));
#10681=CARTESIAN_POINT('',(-0.00308745368726113,0.0180689373320487,-0.0160010018578069));
#10682=CARTESIAN_POINT('',(-0.00303745368726114,0.0175307530627791,-0.0139924866589654));
#10683=CARTESIAN_POINT('',(-0.00298745368726113,0.0169925687935096,-0.0119839714601238));
#10684=CARTESIAN_POINT('',(-0.00293745368726113,0.0180322497643982,-0.0101831829965783));
#10685=CARTESIAN_POINT('',(-0.00288745368726113,0.0190719307352868,-0.00838239453303276));
#10686=CARTESIAN_POINT('',(-0.00283745368726113,0.0210804459341284,-0.00784421026376318));
#10687=CARTESIAN_POINT('',(-0.00278745368726113,0.0230889611329699,-0.00730602599449359));
#10688=CARTESIAN_POINT('',(-0.00273745368726113,0.0248897495965154,-0.00834570696538223));
#10689=CARTESIAN_POINT('',(-0.00268745368726113,0.026690538060061,-0.00938538793627088));
#10690=CARTESIAN_POINT('',(-0.00263745368726113,0.0272287223293305,-0.0113939031351124));
#10691=CARTESIAN_POINT('',(-0.00258745368726113,0.0277669065986002,-0.013402418333954));
#10692=CARTESIAN_POINT('',(-0.00253745368726113,0.0267272256277115,-0.0152032067974995));
#10693=CARTESIAN_POINT('',(-0.00248745368726114,0.0256875446568228,-0.017003995261045));
#10694=CARTESIAN_POINT('',(-0.00243745368726113,0.0236790294579813,-0.0175421795303146));
#10695=CARTESIAN_POINT('',(-0.00238745368726113,0.0216705142591398,-0.0180803637995842));
#10696=CARTESIAN_POINT('',(-0.00233745368726113,0.0198697257955943,-0.0170406828286956));
#10697=CARTESIAN_POINT('',(-0.00228745368726113,0.0180689373320487,-0.0160010018578069));
#10698=CARTESIAN_POINT('',(-0.00223745368726113,0.0175307530627791,-0.0139924866589654));
#10699=CARTESIAN_POINT('',(-0.00218745368726113,0.0169925687935096,-0.0119839714601238));
#10700=CARTESIAN_POINT('',(-0.00213745368726113,0.0180322497643982,-0.0101831829965783));
#10701=CARTESIAN_POINT('',(-0.00208745368726113,0.0190719307352868,-0.00838239453303277));
#10702=CARTESIAN_POINT('',(-0.00203745368726113,0.0210804459341284,-0.00784421026376318));
#10703=CARTESIAN_POINT('',(-0.00198745368726113,0.0230889611329699,-0.00730602599449359));
#10704=CARTESIAN_POINT('',(-0.00193745368726113,0.0248897495965154,-0.00834570696538223));
#10705=CARTESIAN_POINT('',(-0.00188745368726113,0.026690538060061,-0.00938538793627088));
#10706=CARTESIAN_POINT('',(-0.00183745368726113,0.0272287223293305,-0.0113939031351124));
#10707=CARTESIAN_POINT('',(-0.00178745368726113,0.0277669065986002,-0.013402418333954));
#10708=CARTESIAN_POINT('',(-0.00173745368726113,0.0267272256277115,-0.0152032067974995));
#10709=CARTESIAN_POINT('',(-0.00168745368726114,0.0256875446568228,-0.0170039952610451));
#10710=CARTESIAN_POINT('',(-0.00163745368726114,0.0236790294579813,-0.0175421795303146));
#10711=CARTESIAN_POINT('',(-0.00158745368726113,0.0216705142591398,-0.0180803637995842));
#10712=CARTESIAN_POINT('',(-0.00153745368726113,0.0198697257955943,-0.0170406828286956));
#10713=CARTESIAN_POINT('',(-0.00148745368726113,0.0180689373320487,-0.0160010018578069));
#10714=CARTESIAN_POINT('',(-0.00143745368726113,0.0175307530627791,-0.0139924866589654));
#10715=CARTESIAN_POINT('',(-0.00138745368726113,0.0169925687935096,-0.0119839714601238));
#10716=CARTESIAN_POINT('',(-0.00133745368726113,0.0180322497643982,-0.0101831829965783));
#10717=CARTESIAN_POINT('',(-0.00128745368726113,0.0190719307352868,-0.00838239453303277));
#10718=CARTESIAN_POINT('',(-0.00123745368726113,0.0210804459341284,-0.00784421026376318));
#10719=CARTESIAN_POINT('',(-0.00118745368726113,0.0230889611329699,-0.00730602599449359));
#10720=CARTESIAN_POINT('',(-0.00113745368726113,0.0248897495965154,-0.00834570696538223));
#10721=CARTESIAN_POINT('',(-0.00108745368726113,0.026690538060061,-0.00938538793627088));
#10722=CARTESIAN_POINT('',(-0.00103745368726113,0.0272287223293305,-0.0113939031351124));
#10723=CARTESIAN_POINT('',(-0.000987453687261133,0.0277669065986002,-0.013402418333954));
#10724=CARTESIAN_POINT('',(-0.000937453687261133,0.0267272256277115,-0.0152032067974995));
#10725=CARTESIAN_POINT('',(-0.000887453687261134,0.0256875446568228,-0.0170039952610451));
#10726=CARTESIAN_POINT('',(-0.000837453687261133,0.0236790294579813,-0.0175421795303146));
#10727=CARTESIAN_POINT('',(-0.000787453687261134,0.0216705142591398,-0.0180803637995842));
#10728=CARTESIAN_POINT('',(-0.000737453687261134,0.0198697257955943,-0.0170406828286956));
#10729=CARTESIAN_POINT('',(-0.000687453687261134,0.0180689373320487,-0.0160010018578069));
#10730=CARTESIAN_POINT('',(-0.000637453687261133,0.0175307530627791,-0.0139924866589654));
#10731=CARTESIAN_POINT('',(-0.000587453687261133,0.0169925687935096,-0.0119839714601238));
#10732=CARTESIAN_POINT('',(-0.000537453687261133,0.0180322497643982,-0.0101831829965783));
#10733=CARTESIAN_POINT('',(-0.000487453687261132,0.0190719307352868,-0.00838239453303277));
#10734=CARTESIAN_POINT('',(-0.000437453687261131,0.0210804459341284,-0.00784421026376318));
#10735=CARTESIAN_POINT('',(-0.000387453687261131,0.0230889611329699,-0.00730602599449359));
#10736=CARTESIAN_POINT('',(-0.000337453687261132,0.0248897495965154,-0.00834570696538223));
#10737=CARTESIAN_POINT('',(-0.000287453687261132,0.026690538060061,-0.00938538793627088));
#10738=CARTESIAN_POINT('',(-0.000237453687261132,0.0272287223293305,-0.0113939031351124));
#10739=CARTESIAN_POINT('',(-0.000187453687261133,0.0277669065986002,-0.013402418333954));
#10740=CARTESIAN_POINT('',(-0.000137453687261132,0.0267272256277115,-0.0152032067974995));
#10741=CARTESIAN_POINT('',(-8.74536872611334E-5,0.0256875446568228,-0.0170039952610451));
#10742=CARTESIAN_POINT('',(-3.74536872611336E-5,0.0236790294579813,-0.0175421795303146));
#10743=CARTESIAN_POINT('',(1.25463127388665E-5,0.0216705142591398,-0.0180803637995842));
#10744=CARTESIAN_POINT('',(6.25463127388664E-5,0.0198697257955943,-0.0170406828286956));
#10745=CARTESIAN_POINT('',(0.000112546312738866,0.0180689373320487,-0.0160010018578069));
#10746=CARTESIAN_POINT('',(0.000162546312738867,0.0175307530627791,-0.0139924866589654));
#10747=CARTESIAN_POINT('',(0.000212546312738868,0.0169925687935096,-0.0119839714601238));
#10748=CARTESIAN_POINT('',(0.000262546312738868,0.0180322497643982,-0.0101831829965783));
#10749=CARTESIAN_POINT('',(0.000312546312738868,0.0190719307352868,-0.00838239453303277));
#10750=CARTESIAN_POINT('',(0.000362546312738868,0.0210804459341284,-0.00784421026376318));
#10751=CARTESIAN_POINT('',(0.000412546312738869,0.0230889611329699,-0.00730602599449359));
#10752=CARTESIAN_POINT('',(0.000462546312738869,0.0248897495965154,-0.00834570696538223));
#10753=CARTESIAN_POINT('',(0.000512546312738868,0.026690538060061,-0.00938538793627088));
#10754=CARTESIAN_POINT('',(0.000562546312738868,0.0272287223293305,-0.0113939031351124));
#10755=CARTESIAN_POINT('',(0.000612546312738867,0.0277669065986002,-0.013402418333954));
#10756=CARTESIAN_POINT('',(0.000662546312738867,0.0267272256277115,-0.0152032067974995));
#10757=CARTESIAN_POINT('',(0.000712546312738866,0.0256875446568228,-0.0170039952610451));
#10758=CARTESIAN_POINT('',(0.000762546312738865,0.0236790294579813,-0.0175421795303146));
#10759=CARTESIAN_POINT('',(0.000812546312738865,0.0216705142591398,-0.0180803637995842));
#10760=CARTESIAN_POINT('',(0.000862546312738865,0.0198697257955943,-0.0170406828286956));
#10761=CARTESIAN_POINT('',(0.000912546312738865,0.0180689373320487,-0.0160010018578069));
#10762=CARTESIAN_POINT('',(0.000962546312738866,0.0175307530627791,-0.0139924866589654));
#10763=CARTESIAN_POINT('',(0.00101254631273887,0.0169925687935096,-0.0119839714601238));
#10764=CARTESIAN_POINT('',(0.00106254631273887,0.0180322497643982,-0.0101831829965783));
#10765=CARTESIAN_POINT('',(0.00111254631273887,0.0190719307352868,-0.00838239453303277));
#10766=CARTESIAN_POINT('',(0.00116254631273887,0.0210804459341284,-0.00784421026376318));
#10767=CARTESIAN_POINT('',(0.00117602089167852,0.021621723866094,-0.00769917413535614));
#10768=CARTESIAN_POINT('',(0.00119039452532904,0.0221816599239606,-0.00767706329464286));
#10769=CARTESIAN_POINT('',(-0.00360880252914422,0.0222129263775818,-0.00767592621374283));
#10770=CARTESIAN_POINT('',(-0.00360880252914422,0.0230564489959687,-0.00769734631905686));
#10771=CARTESIAN_POINT('',(-0.00360880252914428,0.0247070287735076,-0.00816728805437494));
#10772=CARTESIAN_POINT('',(-0.00360880252914421,0.0265370057412279,-0.0100122516422631));
#10773=CARTESIAN_POINT('',(-0.00360880252914423,0.027176847676192,-0.0125320963177806));
#10774=CARTESIAN_POINT('',(-0.00360880252914422,0.0266583380098085,-0.0141870124598671));
#10775=CARTESIAN_POINT('',(-0.00360880252914422,0.0261917277230352,-0.0148906325034801));
#10776=CARTESIAN_POINT('',(-0.00360880252914422,0.0222129263775818,-0.00767592621374283));
#10777=CARTESIAN_POINT('',(-0.00360880252914422,0.0261917277230353,-0.0148906325034801));
#10778=CARTESIAN_POINT('',(-0.00340872159925532,0.0201797452078891,-0.0165037110106401));
#10779=CARTESIAN_POINT('',(-0.00345872159925532,0.0217581126617839,-0.0174149777363572));
#10780=CARTESIAN_POINT('',(-0.00350872159925532,0.0235185498728614,-0.0169432662877284));
#10781=CARTESIAN_POINT('',(-0.00355872159925532,0.0252789870839389,-0.0164715548390995));
#10782=CARTESIAN_POINT('',(-0.00360872159925531,0.0261902538096561,-0.0148931873852046));
#10783=CARTESIAN_POINT('',(-0.00360876205858717,0.0261909911945133,-0.0148919101913526));
#10784=CARTESIAN_POINT('',(-0.00360880252914423,0.0261917277230352,-0.0148906325034801));
#10785=CARTESIAN_POINT('',(-0.00340872159925532,0.0201797452078891,-0.0165037110106401));
#10786=CARTESIAN_POINT('',(-0.00300872159925531,0.0245797301842206,-0.0088826787834377));
#10787=CARTESIAN_POINT('',(-0.00305872159925531,0.0230013627303258,-0.00797141205772053));
#10788=CARTESIAN_POINT('',(-0.00310872159925531,0.0212409255192483,-0.00844312350634943));
#10789=CARTESIAN_POINT('',(-0.00315872159925531,0.0194804883081708,-0.00891483495497833));
#10790=CARTESIAN_POINT('',(-0.00320872159925531,0.0185692215824536,-0.0104932024088732));
#10791=CARTESIAN_POINT('',(-0.00325872159925532,0.0176579548567365,-0.012071569862768));
#10792=CARTESIAN_POINT('',(-0.00330872159925531,0.0181296663053654,-0.0138320070738455));
#10793=CARTESIAN_POINT('',(-0.00335872159925532,0.0186013777539943,-0.0155924442849229));
#10794=CARTESIAN_POINT('',(-0.00340872159925532,0.0201797452078891,-0.0165037110106401));
#10795=CARTESIAN_POINT('',(-0.00300872159925531,0.0245797301842206,-0.0088826787834377));
#10796=CARTESIAN_POINT('',(-0.00260872159925532,0.0201797452078891,-0.0165037110106401));
#10797=CARTESIAN_POINT('',(-0.00265872159925532,0.0217581126617839,-0.0174149777363572));
#10798=CARTESIAN_POINT('',(-0.00270872159925532,0.0235185498728614,-0.0169432662877284));
#10799=CARTESIAN_POINT('',(-0.00275872159925531,0.0252789870839389,-0.0164715548390995));
#10800=CARTESIAN_POINT('',(-0.00280872159925532,0.0261902538096561,-0.0148931873852046));
#10801=CARTESIAN_POINT('',(-0.00285872159925532,0.0271015205353732,-0.0133148199313098));
#10802=CARTESIAN_POINT('',(-0.00290872159925532,0.0266298090867443,-0.0115543827202323));
#10803=CARTESIAN_POINT('',(-0.00295872159925531,0.0261580976381154,-0.00979394550915488));
#10804=CARTESIAN_POINT('',(-0.00300872159925531,0.0245797301842206,-0.0088826787834377));
#10805=CARTESIAN_POINT('',(-0.00260872159925532,0.0201797452078891,-0.0165037110106401));
#10806=CARTESIAN_POINT('',(-0.00220872159925531,0.0245797301842206,-0.0088826787834377));
#10807=CARTESIAN_POINT('',(-0.00225872159925531,0.0230013627303258,-0.00797141205772053));
#10808=CARTESIAN_POINT('',(-0.00230872159925531,0.0212409255192483,-0.00844312350634943));
#10809=CARTESIAN_POINT('',(-0.00235872159925531,0.0194804883081708,-0.00891483495497833));
#10810=CARTESIAN_POINT('',(-0.00240872159925532,0.0185692215824536,-0.0104932024088732));
#10811=CARTESIAN_POINT('',(-0.00245872159925532,0.0176579548567365,-0.012071569862768));
#10812=CARTESIAN_POINT('',(-0.00250872159925532,0.0181296663053654,-0.0138320070738455));
#10813=CARTESIAN_POINT('',(-0.00255872159925532,0.0186013777539943,-0.0155924442849229));
#10814=CARTESIAN_POINT('',(-0.00260872159925532,0.0201797452078891,-0.0165037110106401));
#10815=CARTESIAN_POINT('',(-0.00220872159925531,0.0245797301842206,-0.0088826787834377));
#10816=CARTESIAN_POINT('',(-0.00180872159925532,0.0201797452078891,-0.0165037110106401));
#10817=CARTESIAN_POINT('',(-0.00185872159925532,0.0217581126617839,-0.0174149777363572));
#10818=CARTESIAN_POINT('',(-0.00190872159925532,0.0235185498728614,-0.0169432662877284));
#10819=CARTESIAN_POINT('',(-0.00195872159925531,0.0252789870839389,-0.0164715548390995));
#10820=CARTESIAN_POINT('',(-0.00200872159925532,0.0261902538096561,-0.0148931873852046));
#10821=CARTESIAN_POINT('',(-0.00205872159925532,0.0271015205353732,-0.0133148199313098));
#10822=CARTESIAN_POINT('',(-0.00210872159925531,0.0266298090867443,-0.0115543827202323));
#10823=CARTESIAN_POINT('',(-0.00215872159925531,0.0261580976381154,-0.00979394550915488));
#10824=CARTESIAN_POINT('',(-0.00220872159925531,0.0245797301842206,-0.0088826787834377));
#10825=CARTESIAN_POINT('',(-0.00180872159925532,0.0201797452078891,-0.0165037110106401));
#10826=CARTESIAN_POINT('',(-0.00140872159925532,0.0245797301842206,-0.0088826787834377));
#10827=CARTESIAN_POINT('',(-0.00145872159925531,0.0230013627303258,-0.00797141205772053));
#10828=CARTESIAN_POINT('',(-0.00150872159925532,0.0212409255192483,-0.00844312350634943));
#10829=CARTESIAN_POINT('',(-0.00155872159925531,0.0194804883081708,-0.00891483495497833));
#10830=CARTESIAN_POINT('',(-0.00160872159925532,0.0185692215824536,-0.0104932024088732));
#10831=CARTESIAN_POINT('',(-0.00165872159925532,0.0176579548567365,-0.012071569862768));
#10832=CARTESIAN_POINT('',(-0.00170872159925532,0.0181296663053654,-0.0138320070738455));
#10833=CARTESIAN_POINT('',(-0.00175872159925532,0.0186013777539943,-0.0155924442849229));
#10834=CARTESIAN_POINT('',(-0.00180872159925532,0.0201797452078891,-0.0165037110106401));
#10835=CARTESIAN_POINT('',(-0.00140872159925532,0.0245797301842206,-0.0088826787834377));
#10836=CARTESIAN_POINT('',(-0.00100872159925532,0.0201797452078891,-0.0165037110106401));
#10837=CARTESIAN_POINT('',(-0.00105872159925532,0.0217581126617839,-0.0174149777363572));
#10838=CARTESIAN_POINT('',(-0.00110872159925532,0.0235185498728614,-0.0169432662877284));
#10839=CARTESIAN_POINT('',(-0.00115872159925532,0.0252789870839389,-0.0164715548390995));
#10840=CARTESIAN_POINT('',(-0.00120872159925532,0.0261902538096561,-0.0148931873852046));
#10841=CARTESIAN_POINT('',(-0.00125872159925532,0.0271015205353732,-0.0133148199313098));
#10842=CARTESIAN_POINT('',(-0.00130872159925532,0.0266298090867443,-0.0115543827202323));
#10843=CARTESIAN_POINT('',(-0.00135872159925531,0.0261580976381154,-0.00979394550915488));
#10844=CARTESIAN_POINT('',(-0.00140872159925532,0.0245797301842206,-0.0088826787834377));
#10845=CARTESIAN_POINT('',(-0.00100872159925532,0.0201797452078891,-0.0165037110106401));
#10846=CARTESIAN_POINT('',(-0.000608721599255316,0.0245797301842206,-0.0088826787834377));
#10847=CARTESIAN_POINT('',(-0.000658721599255314,0.0230013627303258,-0.00797141205772053));
#10848=CARTESIAN_POINT('',(-0.000708721599255315,0.0212409255192483,-0.00844312350634943));
#10849=CARTESIAN_POINT('',(-0.000758721599255316,0.0194804883081708,-0.00891483495497833));
#10850=CARTESIAN_POINT('',(-0.000808721599255316,0.0185692215824536,-0.0104932024088732));
#10851=CARTESIAN_POINT('',(-0.000858721599255316,0.0176579548567365,-0.012071569862768));
#10852=CARTESIAN_POINT('',(-0.000908721599255317,0.0181296663053654,-0.0138320070738455));
#10853=CARTESIAN_POINT('',(-0.000958721599255317,0.0186013777539943,-0.0155924442849229));
#10854=CARTESIAN_POINT('',(-0.00100872159925532,0.0201797452078891,-0.0165037110106401));
#10855=CARTESIAN_POINT('',(-0.000608721599255316,0.0245797301842206,-0.0088826787834377));
#10856=CARTESIAN_POINT('',(-0.000208721599255317,0.0201797452078891,-0.0165037110106401));
#10857=CARTESIAN_POINT('',(-0.000258721599255317,0.0217581126617839,-0.0174149777363572));
#10858=CARTESIAN_POINT('',(-0.000308721599255317,0.0235185498728614,-0.0169432662877284));
#10859=CARTESIAN_POINT('',(-0.000358721599255316,0.0252789870839389,-0.0164715548390995));
#10860=CARTESIAN_POINT('',(-0.000408721599255316,0.0261902538096561,-0.0148931873852046));
#10861=CARTESIAN_POINT('',(-0.000458721599255316,0.0271015205353732,-0.0133148199313098));
#10862=CARTESIAN_POINT('',(-0.000508721599255316,0.0266298090867443,-0.0115543827202323));
#10863=CARTESIAN_POINT('',(-0.000558721599255316,0.0261580976381154,-0.00979394550915488));
#10864=CARTESIAN_POINT('',(-0.000608721599255316,0.0245797301842206,-0.0088826787834377));
#10865=CARTESIAN_POINT('',(-0.000208721599255317,0.0201797452078891,-0.0165037110106401));
#10866=CARTESIAN_POINT('',(0.000191278400744686,0.0245797301842206,-0.0088826787834377));
#10867=CARTESIAN_POINT('',(0.000141278400744685,0.0230013627303258,-0.00797141205772053));
#10868=CARTESIAN_POINT('',(9.12784007446849E-5,0.0212409255192483,-0.00844312350634943));
#10869=CARTESIAN_POINT('',(4.12784007446851E-5,0.0194804883081708,-0.00891483495497833));
#10870=CARTESIAN_POINT('',(-8.72159925531616E-6,0.0185692215824536,-0.0104932024088732));
#10871=CARTESIAN_POINT('',(-5.8721599255316E-5,0.0176579548567365,-0.012071569862768));
#10872=CARTESIAN_POINT('',(-0.000108721599255316,0.0181296663053654,-0.0138320070738455));
#10873=CARTESIAN_POINT('',(-0.000158721599255317,0.0186013777539943,-0.0155924442849229));
#10874=CARTESIAN_POINT('',(-0.000208721599255317,0.0201797452078891,-0.0165037110106401));
#10875=CARTESIAN_POINT('',(0.000191278400744686,0.0245797301842206,-0.0088826787834377));
#10876=CARTESIAN_POINT('',(0.000591278400744683,0.0201797452078891,-0.0165037110106401));
#10877=CARTESIAN_POINT('',(0.000541278400744682,0.0217581126617839,-0.0174149777363572));
#10878=CARTESIAN_POINT('',(0.000491278400744684,0.0235185498728614,-0.0169432662877284));
#10879=CARTESIAN_POINT('',(0.000441278400744684,0.0252789870839389,-0.0164715548390995));
#10880=CARTESIAN_POINT('',(0.000391278400744683,0.0261902538096561,-0.0148931873852046));
#10881=CARTESIAN_POINT('',(0.000341278400744684,0.0271015205353732,-0.0133148199313098));
#10882=CARTESIAN_POINT('',(0.000291278400744684,0.0266298090867443,-0.0115543827202323));
#10883=CARTESIAN_POINT('',(0.000241278400744684,0.0261580976381154,-0.00979394550915488));
#10884=CARTESIAN_POINT('',(0.000191278400744686,0.0245797301842206,-0.0088826787834377));
#10885=CARTESIAN_POINT('',(0.000591278400744683,0.0201797452078891,-0.0165037110106401));
#10886=CARTESIAN_POINT('',(0.000891197470855772,0.0212380767309104,-0.00844388786639666));
#10887=CARTESIAN_POINT('',(0.000841231006268922,0.019479624527996,-0.00891633107293905));
#10888=CARTESIAN_POINT('',(0.000791278400744683,0.0185692215824536,-0.0104932024088732));
#10889=CARTESIAN_POINT('',(0.000741278400744684,0.0176579548567365,-0.012071569862768));
#10890=CARTESIAN_POINT('',(0.000691278400744682,0.0181296663053654,-0.0138320070738455));
#10891=CARTESIAN_POINT('',(0.000641278400744682,0.0186013777539943,-0.0155924442849229));
#10892=CARTESIAN_POINT('',(0.000591278400744683,0.0201797452078891,-0.0165037110106401));
#10893=CARTESIAN_POINT('',(0.000891197470855773,0.0212380767309104,-0.00844388786639667));
#10894=CARTESIAN_POINT('',(0.000891197470855773,0.0212380767309104,-0.00844388786639667));
#10895=CARTESIAN_POINT('',(0.000891197470855773,0.0204107843683691,-0.00861144151510148));
#10896=CARTESIAN_POINT('',(0.000891197470855772,0.0188811610589787,-0.009407347602089));
#10897=CARTESIAN_POINT('',(0.000891197470855771,0.0175432874399619,-0.0116525453656939));
#10898=CARTESIAN_POINT('',(0.000891197470855772,0.0175318490931643,-0.014238743162007));
#10899=CARTESIAN_POINT('',(0.000891197470855771,0.0183690778710077,-0.0157477551138376));
#10900=CARTESIAN_POINT('',(0.000891197470855771,0.0189499464015323,-0.0163588930205034));
#10901=CARTESIAN_POINT('',(0.000891197470855771,0.0189499464015323,-0.0163588930205034));
#10902=CARTESIAN_POINT('',(-0.00360880252914423,0.0222129263775818,-0.00767592621374283));
#10903=CARTESIAN_POINT('',(-0.00357195764280924,0.0236470630945608,-0.00762824484530699));
#10904=CARTESIAN_POINT('',(-0.00353745368726113,0.0248897495965154,-0.00834570696538223));
#10905=CARTESIAN_POINT('',(-0.00348745368726113,0.026690538060061,-0.00938538793627088));
#10906=CARTESIAN_POINT('',(-0.00343745368726113,0.0272287223293305,-0.0113939031351124));
#10907=CARTESIAN_POINT('',(-0.00338745368726113,0.0277669065986002,-0.013402418333954));
#10908=CARTESIAN_POINT('',(-0.00333745368726113,0.0267272256277115,-0.0152032067974995));
#10909=CARTESIAN_POINT('',(-0.00328745368726113,0.0256875446568228,-0.017003995261045));
#10910=CARTESIAN_POINT('',(-0.00323745368726113,0.0236790294579813,-0.0175421795303146));
#10911=CARTESIAN_POINT('',(-0.00318745368726113,0.0216705142591398,-0.0180803637995842));
#10912=CARTESIAN_POINT('',(-0.00313745368726113,0.0198697257955943,-0.0170406828286956));
#10913=CARTESIAN_POINT('',(-0.00308745368726113,0.0180689373320487,-0.0160010018578069));
#10914=CARTESIAN_POINT('',(-0.00303745368726114,0.0175307530627791,-0.0139924866589654));
#10915=CARTESIAN_POINT('',(-0.00298745368726113,0.0169925687935096,-0.0119839714601238));
#10916=CARTESIAN_POINT('',(-0.00293745368726113,0.0180322497643982,-0.0101831829965783));
#10917=CARTESIAN_POINT('',(-0.00288745368726113,0.0190719307352868,-0.00838239453303276));
#10918=CARTESIAN_POINT('',(-0.00283745368726113,0.0210804459341284,-0.00784421026376318));
#10919=CARTESIAN_POINT('',(-0.00278745368726113,0.0230889611329699,-0.00730602599449359));
#10920=CARTESIAN_POINT('',(-0.00273745368726113,0.0248897495965154,-0.00834570696538223));
#10921=CARTESIAN_POINT('',(-0.00268745368726113,0.026690538060061,-0.00938538793627088));
#10922=CARTESIAN_POINT('',(-0.00263745368726113,0.0272287223293305,-0.0113939031351124));
#10923=CARTESIAN_POINT('',(-0.00258745368726113,0.0277669065986002,-0.013402418333954));
#10924=CARTESIAN_POINT('',(-0.00253745368726113,0.0267272256277115,-0.0152032067974995));
#10925=CARTESIAN_POINT('',(-0.00248745368726114,0.0256875446568228,-0.017003995261045));
#10926=CARTESIAN_POINT('',(-0.00243745368726113,0.0236790294579813,-0.0175421795303146));
#10927=CARTESIAN_POINT('',(-0.00238745368726113,0.0216705142591398,-0.0180803637995842));
#10928=CARTESIAN_POINT('',(-0.00233745368726113,0.0198697257955943,-0.0170406828286956));
#10929=CARTESIAN_POINT('',(-0.00228745368726113,0.0180689373320487,-0.0160010018578069));
#10930=CARTESIAN_POINT('',(-0.00223745368726113,0.0175307530627791,-0.0139924866589654));
#10931=CARTESIAN_POINT('',(-0.00218745368726113,0.0169925687935096,-0.0119839714601238));
#10932=CARTESIAN_POINT('',(-0.00213745368726113,0.0180322497643982,-0.0101831829965783));
#10933=CARTESIAN_POINT('',(-0.00208745368726113,0.0190719307352868,-0.00838239453303277));
#10934=CARTESIAN_POINT('',(-0.00203745368726113,0.0210804459341284,-0.00784421026376318));
#10935=CARTESIAN_POINT('',(-0.00198745368726113,0.0230889611329699,-0.00730602599449359));
#10936=CARTESIAN_POINT('',(-0.00193745368726113,0.0248897495965154,-0.00834570696538223));
#10937=CARTESIAN_POINT('',(-0.00188745368726113,0.026690538060061,-0.00938538793627088));
#10938=CARTESIAN_POINT('',(-0.00183745368726113,0.0272287223293305,-0.0113939031351124));
#10939=CARTESIAN_POINT('',(-0.00178745368726113,0.0277669065986002,-0.013402418333954));
#10940=CARTESIAN_POINT('',(-0.00173745368726113,0.0267272256277115,-0.0152032067974995));
#10941=CARTESIAN_POINT('',(-0.00168745368726114,0.0256875446568228,-0.0170039952610451));
#10942=CARTESIAN_POINT('',(-0.00163745368726114,0.0236790294579813,-0.0175421795303146));
#10943=CARTESIAN_POINT('',(-0.00158745368726113,0.0216705142591398,-0.0180803637995842));
#10944=CARTESIAN_POINT('',(-0.00153745368726113,0.0198697257955943,-0.0170406828286956));
#10945=CARTESIAN_POINT('',(-0.00148745368726113,0.0180689373320487,-0.0160010018578069));
#10946=CARTESIAN_POINT('',(-0.00143745368726113,0.0175307530627791,-0.0139924866589654));
#10947=CARTESIAN_POINT('',(-0.00138745368726113,0.0169925687935096,-0.0119839714601238));
#10948=CARTESIAN_POINT('',(-0.00133745368726113,0.0180322497643982,-0.0101831829965783));
#10949=CARTESIAN_POINT('',(-0.00128745368726113,0.0190719307352868,-0.00838239453303277));
#10950=CARTESIAN_POINT('',(-0.00123745368726113,0.0210804459341284,-0.00784421026376318));
#10951=CARTESIAN_POINT('',(-0.00118745368726113,0.0230889611329699,-0.00730602599449359));
#10952=CARTESIAN_POINT('',(-0.00113745368726113,0.0248897495965154,-0.00834570696538223));
#10953=CARTESIAN_POINT('',(-0.00108745368726113,0.026690538060061,-0.00938538793627088));
#10954=CARTESIAN_POINT('',(-0.00103745368726113,0.0272287223293305,-0.0113939031351124));
#10955=CARTESIAN_POINT('',(-0.000987453687261133,0.0277669065986002,-0.013402418333954));
#10956=CARTESIAN_POINT('',(-0.000937453687261133,0.0267272256277115,-0.0152032067974995));
#10957=CARTESIAN_POINT('',(-0.000887453687261134,0.0256875446568228,-0.0170039952610451));
#10958=CARTESIAN_POINT('',(-0.000837453687261133,0.0236790294579813,-0.0175421795303146));
#10959=CARTESIAN_POINT('',(-0.000787453687261134,0.0216705142591398,-0.0180803637995842));
#10960=CARTESIAN_POINT('',(-0.000737453687261134,0.0198697257955943,-0.0170406828286956));
#10961=CARTESIAN_POINT('',(-0.000687453687261134,0.0180689373320487,-0.0160010018578069));
#10962=CARTESIAN_POINT('',(-0.000637453687261133,0.0175307530627791,-0.0139924866589654));
#10963=CARTESIAN_POINT('',(-0.000587453687261133,0.0169925687935096,-0.0119839714601238));
#10964=CARTESIAN_POINT('',(-0.000537453687261133,0.0180322497643982,-0.0101831829965783));
#10965=CARTESIAN_POINT('',(-0.000487453687261132,0.0190719307352868,-0.00838239453303277));
#10966=CARTESIAN_POINT('',(-0.000437453687261131,0.0210804459341284,-0.00784421026376318));
#10967=CARTESIAN_POINT('',(-0.000387453687261131,0.0230889611329699,-0.00730602599449359));
#10968=CARTESIAN_POINT('',(-0.000337453687261132,0.0248897495965154,-0.00834570696538223));
#10969=CARTESIAN_POINT('',(-0.000287453687261132,0.026690538060061,-0.00938538793627088));
#10970=CARTESIAN_POINT('',(-0.000237453687261132,0.0272287223293305,-0.0113939031351124));
#10971=CARTESIAN_POINT('',(-0.000187453687261133,0.0277669065986002,-0.013402418333954));
#10972=CARTESIAN_POINT('',(-0.000137453687261132,0.0267272256277115,-0.0152032067974995));
#10973=CARTESIAN_POINT('',(-8.74536872611334E-5,0.0256875446568228,-0.0170039952610451));
#10974=CARTESIAN_POINT('',(-3.74536872611336E-5,0.0236790294579813,-0.0175421795303146));
#10975=CARTESIAN_POINT('',(1.25463127388665E-5,0.0216705142591398,-0.0180803637995842));
#10976=CARTESIAN_POINT('',(6.25463127388664E-5,0.0198697257955943,-0.0170406828286956));
#10977=CARTESIAN_POINT('',(0.000112546312738866,0.0180689373320487,-0.0160010018578069));
#10978=CARTESIAN_POINT('',(0.000162546312738867,0.0175307530627791,-0.0139924866589654));
#10979=CARTESIAN_POINT('',(0.000212546312738868,0.0169925687935096,-0.0119839714601238));
#10980=CARTESIAN_POINT('',(0.000262546312738868,0.0180322497643982,-0.0101831829965783));
#10981=CARTESIAN_POINT('',(0.000312546312738868,0.0190719307352868,-0.00838239453303277));
#10982=CARTESIAN_POINT('',(0.000362546312738868,0.0210804459341284,-0.00784421026376318));
#10983=CARTESIAN_POINT('',(0.000412546312738869,0.0230889611329699,-0.00730602599449359));
#10984=CARTESIAN_POINT('',(0.000462546312738869,0.0248897495965154,-0.00834570696538223));
#10985=CARTESIAN_POINT('',(0.000512546312738869,0.026690538060061,-0.00938538793627088));
#10986=CARTESIAN_POINT('',(0.000562546312738868,0.0272287223293305,-0.0113939031351124));
#10987=CARTESIAN_POINT('',(0.000612546312738867,0.0277669065986002,-0.013402418333954));
#10988=CARTESIAN_POINT('',(0.000662546312738867,0.0267272256277115,-0.0152032067974995));
#10989=CARTESIAN_POINT('',(0.000712546312738866,0.0256875446568228,-0.0170039952610451));
#10990=CARTESIAN_POINT('',(0.000762546312738865,0.0236790294579813,-0.0175421795303146));
#10991=CARTESIAN_POINT('',(0.000812546312738865,0.0216705142591398,-0.0180803637995842));
#10992=CARTESIAN_POINT('',(0.000862546312738865,0.0198697257955943,-0.0170406828286956));
#10993=CARTESIAN_POINT('',(0.000876401874510808,0.0193707070796971,-0.0167525755503904));
#10994=CARTESIAN_POINT('',(0.000891197470855772,0.0189499464015322,-0.0163588930205034));
#10995=CARTESIAN_POINT('',(-0.00372806039775947,0.0182372887978027,-0.00985754185378347));
#10996=CARTESIAN_POINT('',(-0.0036821141436639,0.0192864218246853,-0.00832492136565053));
#10997=CARTESIAN_POINT('',(-0.00363745368726113,0.0210804459341284,-0.00784421026376318));
#10998=CARTESIAN_POINT('',(-0.00358745368726113,0.0230889611329699,-0.00730602599449359));
#10999=CARTESIAN_POINT('',(-0.00353745368726113,0.0248897495965154,-0.00834570696538223));
#11000=CARTESIAN_POINT('',(-0.00348745368726113,0.026690538060061,-0.00938538793627088));
#11001=CARTESIAN_POINT('',(-0.00343745368726113,0.0272287223293305,-0.0113939031351124));
#11002=CARTESIAN_POINT('',(-0.00338745368726113,0.0277669065986002,-0.0134024183339539));
#11003=CARTESIAN_POINT('',(-0.00333745368726113,0.0267272256277115,-0.0152032067974995));
#11004=CARTESIAN_POINT('',(-0.00328745368726113,0.0256875446568228,-0.017003995261045));
#11005=CARTESIAN_POINT('',(-0.00323745368726113,0.0236790294579813,-0.0175421795303146));
#11006=CARTESIAN_POINT('',(-0.00318745368726113,0.0216705142591398,-0.0180803637995842));
#11007=CARTESIAN_POINT('',(-0.00313745368726113,0.0198697257955943,-0.0170406828286956));
#11008=CARTESIAN_POINT('',(-0.00308745368726113,0.0180689373320487,-0.0160010018578069));
#11009=CARTESIAN_POINT('',(-0.00303745368726114,0.0175307530627791,-0.0139924866589654));
#11010=CARTESIAN_POINT('',(-0.00298745368726113,0.0169925687935096,-0.0119839714601238));
#11011=CARTESIAN_POINT('',(-0.00293745368726113,0.0180322497643982,-0.0101831829965783));
#11012=CARTESIAN_POINT('',(-0.00288745368726113,0.0190719307352868,-0.00838239453303276));
#11013=CARTESIAN_POINT('',(-0.00283745368726113,0.0210804459341284,-0.00784421026376318));
#11014=CARTESIAN_POINT('',(-0.00278745368726113,0.0230889611329699,-0.00730602599449359));
#11015=CARTESIAN_POINT('',(-0.00273745368726113,0.0248897495965154,-0.00834570696538223));
#11016=CARTESIAN_POINT('',(-0.00268745368726113,0.026690538060061,-0.00938538793627088));
#11017=CARTESIAN_POINT('',(-0.00263745368726113,0.0272287223293305,-0.0113939031351124));
#11018=CARTESIAN_POINT('',(-0.00258745368726113,0.0277669065986002,-0.0134024183339539));
#11019=CARTESIAN_POINT('',(-0.00253745368726113,0.0267272256277115,-0.0152032067974995));
#11020=CARTESIAN_POINT('',(-0.00248745368726114,0.0256875446568228,-0.017003995261045));
#11021=CARTESIAN_POINT('',(-0.00243745368726113,0.0236790294579813,-0.0175421795303146));
#11022=CARTESIAN_POINT('',(-0.00238745368726113,0.0216705142591398,-0.0180803637995842));
#11023=CARTESIAN_POINT('',(-0.00233745368726113,0.0198697257955943,-0.0170406828286956));
#11024=CARTESIAN_POINT('',(-0.00228745368726113,0.0180689373320487,-0.0160010018578069));
#11025=CARTESIAN_POINT('',(-0.00223745368726113,0.0175307530627791,-0.0139924866589654));
#11026=CARTESIAN_POINT('',(-0.00218745368726113,0.0169925687935096,-0.0119839714601238));
#11027=CARTESIAN_POINT('',(-0.00213745368726113,0.0180322497643982,-0.0101831829965783));
#11028=CARTESIAN_POINT('',(-0.00208745368726113,0.0190719307352868,-0.00838239453303277));
#11029=CARTESIAN_POINT('',(-0.00203745368726113,0.0210804459341284,-0.00784421026376318));
#11030=CARTESIAN_POINT('',(-0.00198745368726113,0.0230889611329699,-0.00730602599449359));
#11031=CARTESIAN_POINT('',(-0.00193745368726113,0.0248897495965154,-0.00834570696538223));
#11032=CARTESIAN_POINT('',(-0.00188745368726113,0.026690538060061,-0.00938538793627088));
#11033=CARTESIAN_POINT('',(-0.00183745368726113,0.0272287223293305,-0.0113939031351124));
#11034=CARTESIAN_POINT('',(-0.00178745368726113,0.0277669065986002,-0.0134024183339539));
#11035=CARTESIAN_POINT('',(-0.00173745368726113,0.0267272256277115,-0.0152032067974995));
#11036=CARTESIAN_POINT('',(-0.00168745368726114,0.0256875446568228,-0.0170039952610451));
#11037=CARTESIAN_POINT('',(-0.00163745368726114,0.0236790294579813,-0.0175421795303146));
#11038=CARTESIAN_POINT('',(-0.00158745368726113,0.0216705142591398,-0.0180803637995842));
#11039=CARTESIAN_POINT('',(-0.00153745368726113,0.0198697257955943,-0.0170406828286956));
#11040=CARTESIAN_POINT('',(-0.00148745368726113,0.0180689373320487,-0.0160010018578069));
#11041=CARTESIAN_POINT('',(-0.00143745368726113,0.0175307530627791,-0.0139924866589654));
#11042=CARTESIAN_POINT('',(-0.00138745368726113,0.0169925687935096,-0.0119839714601238));
#11043=CARTESIAN_POINT('',(-0.00133745368726113,0.0180322497643982,-0.0101831829965783));
#11044=CARTESIAN_POINT('',(-0.00128745368726113,0.0190719307352868,-0.00838239453303277));
#11045=CARTESIAN_POINT('',(-0.00123745368726113,0.0210804459341284,-0.00784421026376318));
#11046=CARTESIAN_POINT('',(-0.00118745368726113,0.0230889611329699,-0.00730602599449359));
#11047=CARTESIAN_POINT('',(-0.00113745368726113,0.0248897495965154,-0.00834570696538223));
#11048=CARTESIAN_POINT('',(-0.00108745368726113,0.026690538060061,-0.00938538793627088));
#11049=CARTESIAN_POINT('',(-0.00103745368726113,0.0272287223293305,-0.0113939031351124));
#11050=CARTESIAN_POINT('',(-0.000987453687261132,0.0277669065986002,-0.0134024183339539));
#11051=CARTESIAN_POINT('',(-0.000937453687261132,0.0267272256277115,-0.0152032067974995));
#11052=CARTESIAN_POINT('',(-0.000887453687261133,0.0256875446568228,-0.0170039952610451));
#11053=CARTESIAN_POINT('',(-0.000837453687261132,0.0236790294579813,-0.0175421795303146));
#11054=CARTESIAN_POINT('',(-0.000787453687261132,0.0216705142591398,-0.0180803637995842));
#11055=CARTESIAN_POINT('',(-0.000737453687261132,0.0198697257955943,-0.0170406828286956));
#11056=CARTESIAN_POINT('',(-0.000687453687261133,0.0180689373320487,-0.0160010018578069));
#11057=CARTESIAN_POINT('',(-0.000637453687261132,0.0175307530627791,-0.0139924866589654));
#11058=CARTESIAN_POINT('',(-0.000587453687261132,0.0169925687935096,-0.0119839714601238));
#11059=CARTESIAN_POINT('',(-0.000537453687261132,0.0180322497643982,-0.0101831829965783));
#11060=CARTESIAN_POINT('',(-0.000487453687261131,0.0190719307352868,-0.00838239453303277));
#11061=CARTESIAN_POINT('',(-0.000437453687261131,0.0210804459341284,-0.00784421026376318));
#11062=CARTESIAN_POINT('',(-0.00038745368726113,0.0230889611329699,-0.00730602599449359));
#11063=CARTESIAN_POINT('',(-0.000337453687261131,0.0248897495965154,-0.00834570696538223));
#11064=CARTESIAN_POINT('',(-0.000287453687261131,0.026690538060061,-0.00938538793627088));
#11065=CARTESIAN_POINT('',(-0.000237453687261131,0.0272287223293305,-0.0113939031351124));
#11066=CARTESIAN_POINT('',(-0.000187453687261132,0.0277669065986002,-0.0134024183339539));
#11067=CARTESIAN_POINT('',(-0.000137453687261132,0.0267272256277115,-0.0152032067974995));
#11068=CARTESIAN_POINT('',(-8.74536872611323E-5,0.0256875446568228,-0.0170039952610451));
#11069=CARTESIAN_POINT('',(-3.7453687261133E-5,0.0236790294579813,-0.0175421795303146));
#11070=CARTESIAN_POINT('',(1.25463127388676E-5,0.0216705142591398,-0.0180803637995842));
#11071=CARTESIAN_POINT('',(6.25463127388674E-5,0.0198697257955943,-0.0170406828286956));
#11072=CARTESIAN_POINT('',(0.000112546312738867,0.0180689373320487,-0.0160010018578069));
#11073=CARTESIAN_POINT('',(0.000162546312738868,0.0175307530627791,-0.0139924866589654));
#11074=CARTESIAN_POINT('',(0.000212546312738868,0.0169925687935096,-0.0119839714601238));
#11075=CARTESIAN_POINT('',(0.000262546312738869,0.0180322497643982,-0.0101831829965783));
#11076=CARTESIAN_POINT('',(0.00031254631273887,0.0190719307352868,-0.00838239453303277));
#11077=CARTESIAN_POINT('',(0.00036254631273887,0.0210804459341284,-0.00784421026376318));
#11078=CARTESIAN_POINT('',(0.000412546312738869,0.0230889611329699,-0.00730602599449359));
#11079=CARTESIAN_POINT('',(0.00046254631273887,0.0248897495965154,-0.00834570696538223));
#11080=CARTESIAN_POINT('',(0.000512546312738869,0.026690538060061,-0.00938538793627088));
#11081=CARTESIAN_POINT('',(0.000562546312738868,0.0272287223293305,-0.0113939031351124));
#11082=CARTESIAN_POINT('',(0.000612546312738868,0.0277669065986002,-0.0134024183339539));
#11083=CARTESIAN_POINT('',(0.000662546312738868,0.0267272256277115,-0.0152032067974995));
#11084=CARTESIAN_POINT('',(0.000712546312738867,0.0256875446568228,-0.0170039952610451));
#11085=CARTESIAN_POINT('',(0.000762546312738867,0.0236790294579813,-0.0175421795303146));
#11086=CARTESIAN_POINT('',(0.000812546312738865,0.0216705142591398,-0.0180803637995842));
#11087=CARTESIAN_POINT('',(0.000862546312738867,0.0198697257955943,-0.0170406828286956));
#11088=CARTESIAN_POINT('',(0.000890008419206154,0.0188806569053752,-0.0164696462384044));
#11089=CARTESIAN_POINT('',(0.000919688741839083,0.0182359732419079,-0.0155269251602966));
#11090=CARTESIAN_POINT('',(-0.00370767821319103,0.0181988453285208,-0.00983122593695748));
#11091=CARTESIAN_POINT('',(-0.00366173195909546,0.0192577147008074,-0.00828438215962931));
#11092=CARTESIAN_POINT('',(-0.0036170715026927,0.0210683880224523,-0.00779920987960005));
#11093=CARTESIAN_POINT('',(-0.0035670715026927,0.0230955429907262,-0.00725603105978033));
#11094=CARTESIAN_POINT('',(-0.0035170715026927,0.0249130434422001,-0.0083053606574714));
#11095=CARTESIAN_POINT('',(-0.0034670715026927,0.026730543893674,-0.00935469025516243));
#11096=CARTESIAN_POINT('',(-0.0034170715026927,0.0272737227134937,-0.0113818452234363));
#11097=CARTESIAN_POINT('',(-0.0033670715026927,0.0278169015333134,-0.0134090001917102));
#11098=CARTESIAN_POINT('',(-0.0033170715026927,0.0267675719356224,-0.0152265006431841));
#11099=CARTESIAN_POINT('',(-0.0032670715026927,0.0257182423379313,-0.017044001094658));
#11100=CARTESIAN_POINT('',(-0.0032170715026927,0.0236910873696574,-0.0175871799144777));
#11101=CARTESIAN_POINT('',(-0.0031670715026927,0.0216639324013835,-0.0181303587342975));
#11102=CARTESIAN_POINT('',(-0.00311707150269271,0.0198464319499096,-0.0170810291366064));
#11103=CARTESIAN_POINT('',(-0.0030670715026927,0.0180289314984357,-0.0160316995389154));
#11104=CARTESIAN_POINT('',(-0.0030170715026927,0.017485752678616,-0.0140045445706415));
#11105=CARTESIAN_POINT('',(-0.00296707150269271,0.0169425738587963,-0.0119773896023676));
#11106=CARTESIAN_POINT('',(-0.0029170715026927,0.0179919034564873,-0.0101598891508937));
#11107=CARTESIAN_POINT('',(-0.0028670715026927,0.0190412330541784,-0.00834238869941976));
#11108=CARTESIAN_POINT('',(-0.0028170715026927,0.0210683880224523,-0.00779920987960005));
#11109=CARTESIAN_POINT('',(-0.00276707150269271,0.0230955429907262,-0.00725603105978033));
#11110=CARTESIAN_POINT('',(-0.0027170715026927,0.0249130434422001,-0.0083053606574714));
#11111=CARTESIAN_POINT('',(-0.0026670715026927,0.026730543893674,-0.00935469025516243));
#11112=CARTESIAN_POINT('',(-0.0026170715026927,0.0272737227134937,-0.0113818452234363));
#11113=CARTESIAN_POINT('',(-0.0025670715026927,0.0278169015333134,-0.0134090001917102));
#11114=CARTESIAN_POINT('',(-0.0025170715026927,0.0267675719356224,-0.0152265006431841));
#11115=CARTESIAN_POINT('',(-0.0024670715026927,0.0257182423379313,-0.017044001094658));
#11116=CARTESIAN_POINT('',(-0.0024170715026927,0.0236910873696574,-0.0175871799144777));
#11117=CARTESIAN_POINT('',(-0.0023670715026927,0.0216639324013835,-0.0181303587342975));
#11118=CARTESIAN_POINT('',(-0.0023170715026927,0.0198464319499096,-0.0170810291366064));
#11119=CARTESIAN_POINT('',(-0.0022670715026927,0.0180289314984357,-0.0160316995389154));
#11120=CARTESIAN_POINT('',(-0.0022170715026927,0.017485752678616,-0.0140045445706415));
#11121=CARTESIAN_POINT('',(-0.00216707150269271,0.0169425738587963,-0.0119773896023676));
#11122=CARTESIAN_POINT('',(-0.0021170715026927,0.0179919034564873,-0.0101598891508937));
#11123=CARTESIAN_POINT('',(-0.0020670715026927,0.0190412330541784,-0.00834238869941976));
#11124=CARTESIAN_POINT('',(-0.0020170715026927,0.0210683880224523,-0.00779920987960005));
#11125=CARTESIAN_POINT('',(-0.0019670715026927,0.0230955429907262,-0.00725603105978033));
#11126=CARTESIAN_POINT('',(-0.0019170715026927,0.0249130434422001,-0.0083053606574714));
#11127=CARTESIAN_POINT('',(-0.0018670715026927,0.026730543893674,-0.00935469025516243));
#11128=CARTESIAN_POINT('',(-0.0018170715026927,0.0272737227134937,-0.0113818452234363));
#11129=CARTESIAN_POINT('',(-0.0017670715026927,0.0278169015333134,-0.0134090001917102));
#11130=CARTESIAN_POINT('',(-0.0017170715026927,0.0267675719356224,-0.0152265006431841));
#11131=CARTESIAN_POINT('',(-0.0016670715026927,0.0257182423379313,-0.017044001094658));
#11132=CARTESIAN_POINT('',(-0.0016170715026927,0.0236910873696574,-0.0175871799144777));
#11133=CARTESIAN_POINT('',(-0.00156707150269271,0.0216639324013835,-0.0181303587342975));
#11134=CARTESIAN_POINT('',(-0.0015170715026927,0.0198464319499096,-0.0170810291366064));
#11135=CARTESIAN_POINT('',(-0.00146707150269271,0.0180289314984357,-0.0160316995389154));
#11136=CARTESIAN_POINT('',(-0.0014170715026927,0.017485752678616,-0.0140045445706415));
#11137=CARTESIAN_POINT('',(-0.0013670715026927,0.0169425738587963,-0.0119773896023676));
#11138=CARTESIAN_POINT('',(-0.0013170715026927,0.0179919034564873,-0.0101598891508937));
#11139=CARTESIAN_POINT('',(-0.0012670715026927,0.0190412330541784,-0.00834238869941976));
#11140=CARTESIAN_POINT('',(-0.0012170715026927,0.0210683880224523,-0.00779920987960005));
#11141=CARTESIAN_POINT('',(-0.0011670715026927,0.0230955429907262,-0.00725603105978033));
#11142=CARTESIAN_POINT('',(-0.0011170715026927,0.0249130434422001,-0.0083053606574714));
#11143=CARTESIAN_POINT('',(-0.0010670715026927,0.026730543893674,-0.00935469025516243));
#11144=CARTESIAN_POINT('',(-0.0010170715026927,0.0272737227134937,-0.0113818452234363));
#11145=CARTESIAN_POINT('',(-0.000967071502692704,0.0278169015333134,-0.0134090001917102));
#11146=CARTESIAN_POINT('',(-0.000917071502692703,0.0267675719356224,-0.0152265006431841));
#11147=CARTESIAN_POINT('',(-0.000867071502692704,0.0257182423379313,-0.017044001094658));
#11148=CARTESIAN_POINT('',(-0.000817071502692705,0.0236910873696574,-0.0175871799144777));
#11149=CARTESIAN_POINT('',(-0.000767071502692705,0.0216639324013835,-0.0181303587342975));
#11150=CARTESIAN_POINT('',(-0.000717071502692705,0.0198464319499096,-0.0170810291366064));
#11151=CARTESIAN_POINT('',(-0.000667071502692706,0.0180289314984357,-0.0160316995389154));
#11152=CARTESIAN_POINT('',(-0.000617071502692704,0.017485752678616,-0.0140045445706415));
#11153=CARTESIAN_POINT('',(-0.000567071502692704,0.0169425738587963,-0.0119773896023676));
#11154=CARTESIAN_POINT('',(-0.000517071502692704,0.0179919034564873,-0.0101598891508937));
#11155=CARTESIAN_POINT('',(-0.000467071502692703,0.0190412330541784,-0.00834238869941976));
#11156=CARTESIAN_POINT('',(-0.000417071502692703,0.0210683880224523,-0.00779920987960005));
#11157=CARTESIAN_POINT('',(-0.000367071502692703,0.0230955429907262,-0.00725603105978033));
#11158=CARTESIAN_POINT('',(-0.000317071502692703,0.0249130434422001,-0.0083053606574714));
#11159=CARTESIAN_POINT('',(-0.000267071502692703,0.026730543893674,-0.00935469025516243));
#11160=CARTESIAN_POINT('',(-0.000217071502692704,0.0272737227134937,-0.0113818452234363));
#11161=CARTESIAN_POINT('',(-0.000167071502692704,0.0278169015333134,-0.0134090001917102));
#11162=CARTESIAN_POINT('',(-0.000117071502692704,0.0267675719356224,-0.0152265006431841));
#11163=CARTESIAN_POINT('',(-6.7071502692705E-5,0.0257182423379313,-0.017044001094658));
#11164=CARTESIAN_POINT('',(-1.70715026927056E-5,0.0236910873696574,-0.0175871799144777));
#11165=CARTESIAN_POINT('',(3.29284973072947E-5,0.0216639324013835,-0.0181303587342975));
#11166=CARTESIAN_POINT('',(8.29284973072949E-5,0.0198464319499096,-0.0170810291366064));
#11167=CARTESIAN_POINT('',(0.000132928497307294,0.0180289314984357,-0.0160316995389154));
#11168=CARTESIAN_POINT('',(0.000182928497307295,0.017485752678616,-0.0140045445706415));
#11169=CARTESIAN_POINT('',(0.000232928497307296,0.0169425738587963,-0.0119773896023676));
#11170=CARTESIAN_POINT('',(0.000282928497307296,0.0179919034564873,-0.0101598891508937));
#11171=CARTESIAN_POINT('',(0.000332928497307297,0.0190412330541784,-0.00834238869941976));
#11172=CARTESIAN_POINT('',(0.000382928497307296,0.0210683880224523,-0.00779920987960005));
#11173=CARTESIAN_POINT('',(0.000432928497307297,0.0230955429907262,-0.00725603105978033));
#11174=CARTESIAN_POINT('',(0.000482928497307296,0.0249130434422001,-0.0083053606574714));
#11175=CARTESIAN_POINT('',(0.000532928497307296,0.026730543893674,-0.00935469025516243));
#11176=CARTESIAN_POINT('',(0.000582928497307296,0.0272737227134937,-0.0113818452234363));
#11177=CARTESIAN_POINT('',(0.000632928497307296,0.0278169015333134,-0.0134090001917102));
#11178=CARTESIAN_POINT('',(0.000682928497307295,0.0267675719356224,-0.0152265006431841));
#11179=CARTESIAN_POINT('',(0.000732928497307295,0.0257182423379313,-0.017044001094658));
#11180=CARTESIAN_POINT('',(0.000782928497307293,0.0236910873696574,-0.0175871799144777));
#11181=CARTESIAN_POINT('',(0.000832928497307293,0.0216639324013835,-0.0181303587342975));
#11182=CARTESIAN_POINT('',(0.000882928497307294,0.0198464319499096,-0.0170810291366064));
#11183=CARTESIAN_POINT('',(0.000910390603774582,0.0188481841318552,-0.0165046931139851));
#11184=CARTESIAN_POINT('',(0.000940070926407511,0.0181975175637772,-0.0155532232330078));
#11185=CARTESIAN_POINT('',(-0.00365682684883767,0.0181988453285208,-0.00983122593695748));
#11186=CARTESIAN_POINT('',(-0.0036108805947421,0.0192577147008074,-0.00828438215962931));
#11187=CARTESIAN_POINT('',(-0.00356622013833934,0.0210683880224523,-0.00779920987960005));
#11188=CARTESIAN_POINT('',(-0.00351622013833934,0.0230955429907262,-0.00725603105978033));
#11189=CARTESIAN_POINT('',(-0.00346622013833933,0.0249130434422001,-0.0083053606574714));
#11190=CARTESIAN_POINT('',(-0.00341622013833933,0.026730543893674,-0.00935469025516243));
#11191=CARTESIAN_POINT('',(-0.00336622013833933,0.0272737227134937,-0.0113818452234363));
#11192=CARTESIAN_POINT('',(-0.00331622013833933,0.0278169015333134,-0.0134090001917102));
#11193=CARTESIAN_POINT('',(-0.00326622013833934,0.0267675719356224,-0.0152265006431841));
#11194=CARTESIAN_POINT('',(-0.00321622013833933,0.0257182423379313,-0.017044001094658));
#11195=CARTESIAN_POINT('',(-0.00316622013833933,0.0236910873696574,-0.0175871799144777));
#11196=CARTESIAN_POINT('',(-0.00311622013833933,0.0216639324013835,-0.0181303587342975));
#11197=CARTESIAN_POINT('',(-0.00306622013833934,0.0198464319499096,-0.0170810291366064));
#11198=CARTESIAN_POINT('',(-0.00301622013833933,0.0180289314984357,-0.0160316995389154));
#11199=CARTESIAN_POINT('',(-0.00296622013833933,0.017485752678616,-0.0140045445706415));
#11200=CARTESIAN_POINT('',(-0.00291622013833934,0.0169425738587963,-0.0119773896023676));
#11201=CARTESIAN_POINT('',(-0.00286622013833934,0.0179919034564873,-0.0101598891508937));
#11202=CARTESIAN_POINT('',(-0.00281622013833934,0.0190412330541784,-0.00834238869941976));
#11203=CARTESIAN_POINT('',(-0.00276622013833933,0.0210683880224523,-0.00779920987960005));
#11204=CARTESIAN_POINT('',(-0.00271622013833934,0.0230955429907262,-0.00725603105978033));
#11205=CARTESIAN_POINT('',(-0.00266622013833934,0.0249130434422001,-0.0083053606574714));
#11206=CARTESIAN_POINT('',(-0.00261622013833934,0.026730543893674,-0.00935469025516243));
#11207=CARTESIAN_POINT('',(-0.00256622013833933,0.0272737227134937,-0.0113818452234363));
#11208=CARTESIAN_POINT('',(-0.00251622013833933,0.0278169015333134,-0.0134090001917102));
#11209=CARTESIAN_POINT('',(-0.00246622013833934,0.0267675719356224,-0.0152265006431841));
#11210=CARTESIAN_POINT('',(-0.00241622013833934,0.0257182423379313,-0.017044001094658));
#11211=CARTESIAN_POINT('',(-0.00236622013833934,0.0236910873696574,-0.0175871799144777));
#11212=CARTESIAN_POINT('',(-0.00231622013833934,0.0216639324013835,-0.0181303587342975));
#11213=CARTESIAN_POINT('',(-0.00226622013833934,0.0198464319499096,-0.0170810291366064));
#11214=CARTESIAN_POINT('',(-0.00221622013833934,0.0180289314984357,-0.0160316995389154));
#11215=CARTESIAN_POINT('',(-0.00216622013833934,0.017485752678616,-0.0140045445706415));
#11216=CARTESIAN_POINT('',(-0.00211622013833934,0.0169425738587963,-0.0119773896023676));
#11217=CARTESIAN_POINT('',(-0.00206622013833933,0.0179919034564873,-0.0101598891508937));
#11218=CARTESIAN_POINT('',(-0.00201622013833934,0.0190412330541784,-0.00834238869941976));
#11219=CARTESIAN_POINT('',(-0.00196622013833934,0.0210683880224523,-0.00779920987960005));
#11220=CARTESIAN_POINT('',(-0.00191622013833933,0.0230955429907262,-0.00725603105978033));
#11221=CARTESIAN_POINT('',(-0.00186622013833933,0.0249130434422001,-0.0083053606574714));
#11222=CARTESIAN_POINT('',(-0.00181622013833934,0.026730543893674,-0.00935469025516243));
#11223=CARTESIAN_POINT('',(-0.00176622013833933,0.0272737227134937,-0.0113818452234363));
#11224=CARTESIAN_POINT('',(-0.00171622013833934,0.0278169015333134,-0.0134090001917102));
#11225=CARTESIAN_POINT('',(-0.00166622013833934,0.0267675719356224,-0.0152265006431841));
#11226=CARTESIAN_POINT('',(-0.00161622013833934,0.0257182423379313,-0.017044001094658));
#11227=CARTESIAN_POINT('',(-0.00156622013833934,0.0236910873696574,-0.0175871799144777));
#11228=CARTESIAN_POINT('',(-0.00151622013833934,0.0216639324013835,-0.0181303587342975));
#11229=CARTESIAN_POINT('',(-0.00146622013833934,0.0198464319499096,-0.0170810291366064));
#11230=CARTESIAN_POINT('',(-0.00141622013833934,0.0180289314984357,-0.0160316995389154));
#11231=CARTESIAN_POINT('',(-0.00136622013833934,0.017485752678616,-0.0140045445706415));
#11232=CARTESIAN_POINT('',(-0.00131622013833934,0.0169425738587963,-0.0119773896023676));
#11233=CARTESIAN_POINT('',(-0.00126622013833934,0.0179919034564873,-0.0101598891508937));
#11234=CARTESIAN_POINT('',(-0.00121622013833934,0.0190412330541784,-0.00834238869941976));
#11235=CARTESIAN_POINT('',(-0.00116622013833934,0.0210683880224523,-0.00779920987960005));
#11236=CARTESIAN_POINT('',(-0.00111622013833934,0.0230955429907262,-0.00725603105978033));
#11237=CARTESIAN_POINT('',(-0.00106622013833934,0.0249130434422001,-0.0083053606574714));
#11238=CARTESIAN_POINT('',(-0.00101622013833934,0.026730543893674,-0.00935469025516243));
#11239=CARTESIAN_POINT('',(-0.000966220138339336,0.0272737227134937,-0.0113818452234363));
#11240=CARTESIAN_POINT('',(-0.000916220138339338,0.0278169015333134,-0.0134090001917102));
#11241=CARTESIAN_POINT('',(-0.000866220138339338,0.0267675719356224,-0.0152265006431841));
#11242=CARTESIAN_POINT('',(-0.000816220138339338,0.0257182423379313,-0.017044001094658));
#11243=CARTESIAN_POINT('',(-0.000766220138339339,0.0236910873696574,-0.0175871799144777));
#11244=CARTESIAN_POINT('',(-0.000716220138339339,0.0216639324013835,-0.0181303587342975));
#11245=CARTESIAN_POINT('',(-0.000666220138339338,0.0198464319499096,-0.0170810291366064));
#11246=CARTESIAN_POINT('',(-0.000616220138339339,0.0180289314984357,-0.0160316995389154));
#11247=CARTESIAN_POINT('',(-0.000566220138339338,0.017485752678616,-0.0140045445706415));
#11248=CARTESIAN_POINT('',(-0.000516220138339337,0.0169425738587963,-0.0119773896023676));
#11249=CARTESIAN_POINT('',(-0.000466220138339337,0.0179919034564873,-0.0101598891508937));
#11250=CARTESIAN_POINT('',(-0.000416220138339337,0.0190412330541784,-0.00834238869941976));
#11251=CARTESIAN_POINT('',(-0.000366220138339337,0.0210683880224523,-0.00779920987960005));
#11252=CARTESIAN_POINT('',(-0.000316220138339337,0.0230955429907262,-0.00725603105978033));
#11253=CARTESIAN_POINT('',(-0.000266220138339337,0.0249130434422001,-0.0083053606574714));
#11254=CARTESIAN_POINT('',(-0.000216220138339337,0.026730543893674,-0.00935469025516243));
#11255=CARTESIAN_POINT('',(-0.000166220138339337,0.0272737227134937,-0.0113818452234363));
#11256=CARTESIAN_POINT('',(-0.000116220138339338,0.0278169015333134,-0.0134090001917102));
#11257=CARTESIAN_POINT('',(-6.62201383393381E-5,0.0267675719356224,-0.0152265006431841));
#11258=CARTESIAN_POINT('',(-1.62201383393383E-5,0.0257182423379313,-0.017044001094658));
#11259=CARTESIAN_POINT('',(3.37798616606609E-5,0.0236910873696574,-0.0175871799144777));
#11260=CARTESIAN_POINT('',(8.37798616606616E-5,0.0216639324013835,-0.0181303587342975));
#11261=CARTESIAN_POINT('',(0.000133779861660661,0.0198464319499096,-0.0170810291366064));
#11262=CARTESIAN_POINT('',(0.000183779861660662,0.0180289314984357,-0.0160316995389154));
#11263=CARTESIAN_POINT('',(0.000233779861660662,0.017485752678616,-0.0140045445706415));
#11264=CARTESIAN_POINT('',(0.000283779861660662,0.0169425738587963,-0.0119773896023676));
#11265=CARTESIAN_POINT('',(0.000333779861660661,0.0179919034564873,-0.0101598891508937));
#11266=CARTESIAN_POINT('',(0.000383779861660663,0.0190412330541784,-0.00834238869941976));
#11267=CARTESIAN_POINT('',(0.000433779861660662,0.0210683880224523,-0.00779920987960005));
#11268=CARTESIAN_POINT('',(0.000483779861660663,0.0230955429907262,-0.00725603105978033));
#11269=CARTESIAN_POINT('',(0.000533779861660663,0.0249130434422001,-0.0083053606574714));
#11270=CARTESIAN_POINT('',(0.000583779861660664,0.026730543893674,-0.00935469025516243));
#11271=CARTESIAN_POINT('',(0.000633779861660662,0.0272737227134937,-0.0113818452234363));
#11272=CARTESIAN_POINT('',(0.000683779861660663,0.0278169015333134,-0.0134090001917102));
#11273=CARTESIAN_POINT('',(0.00073377986166066,0.0267675719356224,-0.0152265006431841));
#11274=CARTESIAN_POINT('',(0.000783779861660663,0.0257182423379313,-0.017044001094658));
#11275=CARTESIAN_POINT('',(0.000833779861660659,0.0236910873696574,-0.0175871799144777));
#11276=CARTESIAN_POINT('',(0.00088377986166066,0.0216639324013835,-0.0181303587342975));
#11277=CARTESIAN_POINT('',(0.000933779861660661,0.0198464319499096,-0.0170810291366064));
#11278=CARTESIAN_POINT('',(0.000961241968127948,0.0188481841318552,-0.0165046931139851));
#11279=CARTESIAN_POINT('',(0.000990922290760876,0.0181975175637772,-0.0155532232330078));
#11280=CARTESIAN_POINT('',(-0.00363644466426924,0.0182372887978027,-0.00985754185378347));
#11281=CARTESIAN_POINT('',(-0.00359049841017367,0.0192864218246853,-0.00832492136565053));
#11282=CARTESIAN_POINT('',(-0.00354583795377091,0.0210804459341284,-0.00784421026376318));
#11283=CARTESIAN_POINT('',(-0.00349583795377091,0.0230889611329699,-0.00730602599449359));
#11284=CARTESIAN_POINT('',(-0.00344583795377091,0.0248897495965154,-0.00834570696538223));
#11285=CARTESIAN_POINT('',(-0.00339583795377091,0.026690538060061,-0.00938538793627088));
#11286=CARTESIAN_POINT('',(-0.00334583795377091,0.0272287223293305,-0.0113939031351124));
#11287=CARTESIAN_POINT('',(-0.00329583795377091,0.0277669065986002,-0.013402418333954));
#11288=CARTESIAN_POINT('',(-0.00324583795377091,0.0267272256277115,-0.0152032067974995));
#11289=CARTESIAN_POINT('',(-0.00319583795377091,0.0256875446568228,-0.017003995261045));
#11290=CARTESIAN_POINT('',(-0.00314583795377091,0.0236790294579813,-0.0175421795303146));
#11291=CARTESIAN_POINT('',(-0.00309583795377091,0.0216705142591398,-0.0180803637995842));
#11292=CARTESIAN_POINT('',(-0.00304583795377092,0.0198697257955943,-0.0170406828286956));
#11293=CARTESIAN_POINT('',(-0.00299583795377091,0.0180689373320487,-0.0160010018578069));
#11294=CARTESIAN_POINT('',(-0.00294583795377091,0.0175307530627791,-0.0139924866589654));
#11295=CARTESIAN_POINT('',(-0.00289583795377091,0.0169925687935096,-0.0119839714601238));
#11296=CARTESIAN_POINT('',(-0.00284583795377091,0.0180322497643982,-0.0101831829965783));
#11297=CARTESIAN_POINT('',(-0.00279583795377091,0.0190719307352868,-0.00838239453303276));
#11298=CARTESIAN_POINT('',(-0.00274583795377091,0.0210804459341284,-0.00784421026376318));
#11299=CARTESIAN_POINT('',(-0.00269583795377091,0.0230889611329699,-0.00730602599449359));
#11300=CARTESIAN_POINT('',(-0.00264583795377091,0.0248897495965154,-0.00834570696538223));
#11301=CARTESIAN_POINT('',(-0.00259583795377091,0.026690538060061,-0.00938538793627088));
#11302=CARTESIAN_POINT('',(-0.00254583795377091,0.0272287223293305,-0.0113939031351124));
#11303=CARTESIAN_POINT('',(-0.00249583795377091,0.0277669065986002,-0.013402418333954));
#11304=CARTESIAN_POINT('',(-0.00244583795377091,0.0267272256277115,-0.0152032067974995));
#11305=CARTESIAN_POINT('',(-0.00239583795377091,0.0256875446568228,-0.0170039952610451));
#11306=CARTESIAN_POINT('',(-0.00234583795377092,0.0236790294579813,-0.0175421795303146));
#11307=CARTESIAN_POINT('',(-0.00229583795377091,0.0216705142591398,-0.0180803637995842));
#11308=CARTESIAN_POINT('',(-0.00224583795377092,0.0198697257955943,-0.0170406828286956));
#11309=CARTESIAN_POINT('',(-0.00219583795377091,0.0180689373320487,-0.0160010018578069));
#11310=CARTESIAN_POINT('',(-0.00214583795377091,0.0175307530627791,-0.0139924866589654));
#11311=CARTESIAN_POINT('',(-0.00209583795377091,0.0169925687935096,-0.0119839714601238));
#11312=CARTESIAN_POINT('',(-0.00204583795377091,0.0180322497643982,-0.0101831829965783));
#11313=CARTESIAN_POINT('',(-0.00199583795377091,0.0190719307352868,-0.00838239453303277));
#11314=CARTESIAN_POINT('',(-0.00194583795377091,0.0210804459341284,-0.00784421026376318));
#11315=CARTESIAN_POINT('',(-0.00189583795377091,0.0230889611329699,-0.00730602599449359));
#11316=CARTESIAN_POINT('',(-0.00184583795377091,0.0248897495965154,-0.00834570696538223));
#11317=CARTESIAN_POINT('',(-0.00179583795377091,0.026690538060061,-0.00938538793627088));
#11318=CARTESIAN_POINT('',(-0.00174583795377091,0.0272287223293305,-0.0113939031351124));
#11319=CARTESIAN_POINT('',(-0.00169583795377091,0.0277669065986002,-0.013402418333954));
#11320=CARTESIAN_POINT('',(-0.00164583795377091,0.0267272256277115,-0.0152032067974995));
#11321=CARTESIAN_POINT('',(-0.00159583795377091,0.0256875446568228,-0.0170039952610451));
#11322=CARTESIAN_POINT('',(-0.00154583795377091,0.0236790294579813,-0.0175421795303146));
#11323=CARTESIAN_POINT('',(-0.00149583795377091,0.0216705142591398,-0.0180803637995842));
#11324=CARTESIAN_POINT('',(-0.00144583795377091,0.0198697257955943,-0.0170406828286956));
#11325=CARTESIAN_POINT('',(-0.00139583795377091,0.0180689373320487,-0.0160010018578069));
#11326=CARTESIAN_POINT('',(-0.00134583795377091,0.0175307530627791,-0.0139924866589654));
#11327=CARTESIAN_POINT('',(-0.00129583795377091,0.0169925687935096,-0.0119839714601238));
#11328=CARTESIAN_POINT('',(-0.00124583795377091,0.0180322497643982,-0.0101831829965783));
#11329=CARTESIAN_POINT('',(-0.00119583795377091,0.0190719307352868,-0.00838239453303277));
#11330=CARTESIAN_POINT('',(-0.00114583795377091,0.0210804459341284,-0.00784421026376318));
#11331=CARTESIAN_POINT('',(-0.00109583795377091,0.0230889611329699,-0.00730602599449359));
#11332=CARTESIAN_POINT('',(-0.00104583795377091,0.0248897495965154,-0.00834570696538223));
#11333=CARTESIAN_POINT('',(-0.000995837953770909,0.026690538060061,-0.00938538793627088));
#11334=CARTESIAN_POINT('',(-0.00094583795377091,0.0272287223293305,-0.0113939031351124));
#11335=CARTESIAN_POINT('',(-0.00089583795377091,0.0277669065986002,-0.013402418333954));
#11336=CARTESIAN_POINT('',(-0.000845837953770911,0.0267272256277115,-0.0152032067974995));
#11337=CARTESIAN_POINT('',(-0.00079583795377091,0.0256875446568228,-0.0170039952610451));
#11338=CARTESIAN_POINT('',(-0.000745837953770911,0.0236790294579813,-0.0175421795303146));
#11339=CARTESIAN_POINT('',(-0.000695837953770911,0.0216705142591398,-0.0180803637995842));
#11340=CARTESIAN_POINT('',(-0.000645837953770911,0.0198697257955943,-0.0170406828286956));
#11341=CARTESIAN_POINT('',(-0.000595837953770911,0.0180689373320487,-0.0160010018578069));
#11342=CARTESIAN_POINT('',(-0.000545837953770911,0.0175307530627791,-0.0139924866589654));
#11343=CARTESIAN_POINT('',(-0.00049583795377091,0.0169925687935096,-0.0119839714601238));
#11344=CARTESIAN_POINT('',(-0.00044583795377091,0.0180322497643982,-0.0101831829965783));
#11345=CARTESIAN_POINT('',(-0.00039583795377091,0.0190719307352868,-0.00838239453303277));
#11346=CARTESIAN_POINT('',(-0.000345837953770909,0.0210804459341284,-0.00784421026376318));
#11347=CARTESIAN_POINT('',(-0.000295837953770909,0.0230889611329699,-0.00730602599449359));
#11348=CARTESIAN_POINT('',(-0.000245837953770909,0.0248897495965154,-0.00834570696538223));
#11349=CARTESIAN_POINT('',(-0.00019583795377091,0.026690538060061,-0.00938538793627088));
#11350=CARTESIAN_POINT('',(-0.000145837953770909,0.0272287223293305,-0.0113939031351124));
#11351=CARTESIAN_POINT('',(-9.58379537709102E-5,0.0277669065986002,-0.013402418333954));
#11352=CARTESIAN_POINT('',(-4.58379537709104E-5,0.0267272256277115,-0.0152032067974995));
#11353=CARTESIAN_POINT('',(4.16204622908916E-6,0.0256875446568228,-0.0170039952610451));
#11354=CARTESIAN_POINT('',(5.41620462290884E-5,0.0236790294579813,-0.0175421795303146));
#11355=CARTESIAN_POINT('',(0.000104162046229088,0.0216705142591398,-0.0180803637995842));
#11356=CARTESIAN_POINT('',(0.000154162046229088,0.0198697257955943,-0.0170406828286956));
#11357=CARTESIAN_POINT('',(0.000204162046229088,0.0180689373320487,-0.0160010018578069));
#11358=CARTESIAN_POINT('',(0.00025416204622909,0.0175307530627791,-0.0139924866589654));
#11359=CARTESIAN_POINT('',(0.00030416204622909,0.0169925687935096,-0.0119839714601238));
#11360=CARTESIAN_POINT('',(0.00035416204622909,0.0180322497643982,-0.0101831829965783));
#11361=CARTESIAN_POINT('',(0.000404162046229091,0.0190719307352868,-0.00838239453303277));
#11362=CARTESIAN_POINT('',(0.00045416204622909,0.0210804459341284,-0.00784421026376318));
#11363=CARTESIAN_POINT('',(0.00050416204622909,0.0230889611329699,-0.00730602599449359));
#11364=CARTESIAN_POINT('',(0.000554162046229092,0.0248897495965154,-0.00834570696538223));
#11365=CARTESIAN_POINT('',(0.000604162046229091,0.026690538060061,-0.00938538793627088));
#11366=CARTESIAN_POINT('',(0.00065416204622909,0.0272287223293305,-0.0113939031351124));
#11367=CARTESIAN_POINT('',(0.00070416204622909,0.0277669065986002,-0.013402418333954));
#11368=CARTESIAN_POINT('',(0.000754162046229088,0.0267272256277115,-0.0152032067974995));
#11369=CARTESIAN_POINT('',(0.000804162046229089,0.0256875446568228,-0.0170039952610451));
#11370=CARTESIAN_POINT('',(0.000854162046229089,0.0236790294579813,-0.0175421795303146));
#11371=CARTESIAN_POINT('',(0.000904162046229089,0.0216705142591398,-0.0180803637995842));
#11372=CARTESIAN_POINT('',(0.000954162046229089,0.0198697257955943,-0.0170406828286956));
#11373=CARTESIAN_POINT('',(0.000981624152696376,0.0188806569053752,-0.0164696462384044));
#11374=CARTESIAN_POINT('',(0.0010113044753293,0.0182359732419079,-0.0155269251602966));
#11375=CARTESIAN_POINT('',(-0.00360880252914422,0.0189436186996089,-0.00903342751390951));
#11376=CARTESIAN_POINT('',(-0.00360880252914423,0.0193636601551645,-0.00858951769896676));
#11377=CARTESIAN_POINT('',(-0.00360880252921259,0.0204075513876404,-0.00793242162504509));
#11378=CARTESIAN_POINT('',(-0.00360880252900749,0.0215996903582634,-0.00766035392241448));
#11379=CARTESIAN_POINT('',(-0.00360880252900749,0.0222129263775289,-0.00767592621358544));
#11380=CARTESIAN_POINT('',(0.000891197470855771,0.0189499464015323,-0.0163588930205034));
#11381=CARTESIAN_POINT('',(0.000891197470855771,0.0193709782022306,-0.0168018650181191));
#11382=CARTESIAN_POINT('',(0.000891197470923903,0.0204157510969573,-0.0174573685862211));
#11383=CARTESIAN_POINT('',(0.000891197470719505,0.0216084389289423,-0.0177276839048455));
#11384=CARTESIAN_POINT('',(0.000891197470719505,0.0222215944051769,-0.0177107442747228));
#11385=CARTESIAN_POINT('',(-0.000712200422179631,0.0276607113424343,-0.00777472792589373));
#11386=CARTESIAN_POINT('',(-0.000617353202515524,0.0276607113424343,-0.00777472792589373));
#11387=CARTESIAN_POINT('',(-0.000506334300628314,0.0276794971690862,-0.00774218977153657));
#11388=CARTESIAN_POINT('',(-0.000348407225627345,0.0277576784651973,-0.00760677517797943));
#11389=CARTESIAN_POINT('',(-0.000308802529144226,0.0278132872116347,-0.00751045756530734));
#11390=CARTESIAN_POINT('',(-0.000308802529144226,0.0278607106595403,-0.0074283173701118));
#11391=CARTESIAN_POINT('',(-0.000712041714194499,0.0279034044025636,-0.00791484619158186));
#11392=CARTESIAN_POINT('',(-0.0006216249192075,0.0279011650546647,-0.00791355330935565));
#11393=CARTESIAN_POINT('',(-0.000517938909465622,0.0279152208701879,-0.00788317377426398));
#11394=CARTESIAN_POINT('',(-0.000363200189855305,0.0279808644134057,-0.00776094458152849));
#11395=CARTESIAN_POINT('',(-0.000317675359147192,0.0280300239686478,-0.00767369499612652));
#11396=CARTESIAN_POINT('',(-0.000308802529144226,0.0280752516067169,-0.00759540677092228));
#11397=CARTESIAN_POINT('',(-0.000701321690009123,0.0281453112737001,-0.00805451055290981));
#11398=CARTESIAN_POINT('',(-0.000616345504724612,0.0281399492132139,-0.00805141477993861));
#11399=CARTESIAN_POINT('',(-0.000520902247372119,0.0281482237342039,-0.00802296104647973));
#11400=CARTESIAN_POINT('',(-0.000371511203805889,0.0281988090213645,-0.00791399328449332));
#11401=CARTESIAN_POINT('',(-0.000321480396665161,0.0282396856507883,-0.00783665332487774));
#11402=CARTESIAN_POINT('',(-0.000303539972270316,0.0282808902349984,-0.00776381326199371));
#11403=CARTESIAN_POINT('',(-0.000625385233671678,0.0286245591519739,-0.00833120318475788));
#11404=CARTESIAN_POINT('',(-0.000555034640884411,0.028611579540243,-0.00832370943654742));
#11405=CARTESIAN_POINT('',(-0.000479088759153065,0.028607267537185,-0.00829856119778118));
#11406=CARTESIAN_POINT('',(-0.000349378865035544,0.0286243172505508,-0.00821426897494342));
#11407=CARTESIAN_POINT('',(-0.000297140945170168,0.0286454089449475,-0.00815638697729129));
#11408=CARTESIAN_POINT('',(-0.000265833734851425,0.0286727267101019,-0.00809711223783498));
#11409=CARTESIAN_POINT('',(-0.0005629075920505,0.0288664578763152,-0.00847086284255283));
#11410=CARTESIAN_POINT('',(-0.000501573106942998,0.0288488500845939,-0.00846069702554401));
#11411=CARTESIAN_POINT('',(-0.000436724064284376,0.0288375658364837,-0.00843692630342059));
#11412=CARTESIAN_POINT('',(-0.00032093366121641,0.0288356595462611,-0.00836416332245183));
#11413=CARTESIAN_POINT('',(-0.000270748372709748,0.0288449533291111,-0.0083159248367666));
#11414=CARTESIAN_POINT('',(-0.000234807119567682,0.0288619695170856,-0.00826491852491821));
#11415=CARTESIAN_POINT('',(-0.000430298859766569,0.0290805195821236,-0.00859445086337279));
#11416=CARTESIAN_POINT('',(-0.00038269752112275,0.0290584688077672,-0.00858171990082178));
#11417=CARTESIAN_POINT('',(-0.000333007795400275,0.0290408828829569,-0.00855902138776261));
#11418=CARTESIAN_POINT('',(-0.000241907509148118,0.0290212364420569,-0.00849559054315363));
#11419=CARTESIAN_POINT('',(-0.000200879193058608,0.0290191434340982,-0.00845532341682549));
#11420=CARTESIAN_POINT('',(-0.000168698037637847,0.0290241246431907,-0.00841226807697505));
#11421=CARTESIAN_POINT('',(-0.000708802529144226,0.0278607106595403,-0.0074283173701118));
#11422=CARTESIAN_POINT('',(-0.000708802529144237,0.0276607113424343,-0.00777472792589373));
#11423=CARTESIAN_POINT('',(-0.000308802529144226,0.0278607106595403,-0.0074283173701118));
#11424=CARTESIAN_POINT('',(-0.000168698037636142,0.0290241246431896,-0.0084122680769749));
#11425=CARTESIAN_POINT('',(-0.00019716928386515,0.0289542892112596,-0.00834880899098722));
#11426=CARTESIAN_POINT('',(-0.000233600443632011,0.0288284233312904,-0.00823579513179062));
#11427=CARTESIAN_POINT('',(-0.000268015216001196,0.0286323831592915,-0.00806363878131386));
#11428=CARTESIAN_POINT('',(-0.000288756960386765,0.0284441761987116,-0.00790225785099564));
#11429=CARTESIAN_POINT('',(-0.000297201509865646,0.0283219933138699,-0.00779988150497394));
#11430=CARTESIAN_POINT('',(-0.000306818502807249,0.0281237221422704,-0.00763626611936111));
#11431=CARTESIAN_POINT('',(-0.000308802529144226,0.0279697953185244,-0.00751327499857997));
#11432=CARTESIAN_POINT('',(-0.000308802529144226,0.0278607106595403,-0.00742831737011179));
#11433=CARTESIAN_POINT('',(-0.000168698037636141,0.0290241246431895,-0.00841226807697489));
#11434=CARTESIAN_POINT('',(-0.000428593546128884,0.0292797289322377,-0.00824758422201182));
#11435=CARTESIAN_POINT('',(-0.00042859354612889,0.0290797296151332,-0.00859399477779462));
#11436=CARTESIAN_POINT('',(-0.000708802529144226,0.0276607113424343,-0.00777472792589373));
#11437=CARTESIAN_POINT('',(-0.000708802529144226,0.0279030555777502,-0.00791464479839883));
#11438=CARTESIAN_POINT('',(-0.000698300344434347,0.0281445204919489,-0.00805405399693141));
#11439=CARTESIAN_POINT('',(-0.000641916396403364,0.0285033159608829,-0.00826120371442643));
#11440=CARTESIAN_POINT('',(-0.000616147193674337,0.0286228726418328,-0.0083302294821068));
#11441=CARTESIAN_POINT('',(-0.000542328293448174,0.028857679665819,-0.00846579476343299));
#11442=CARTESIAN_POINT('',(-0.000495238099035127,0.0289718294195985,-0.00853169885446797));
#11443=CARTESIAN_POINT('',(-0.000428593546128884,0.0290797296151338,-0.00859399477779499));
#11444=CARTESIAN_POINT('',(-0.00016869803763604,0.0294093082996173,-0.00907942270284489));
#11445=CARTESIAN_POINT('',(-0.000273529778608818,0.0292797304615378,-0.00902334833671096));
#11446=CARTESIAN_POINT('',(-0.000428593546127854,0.0292797302980271,-0.00894040454503954));
#11447=CARTESIAN_POINT('',(-0.000151003729121504,0.0293968539721887,-0.0090221168777724));
#11448=CARTESIAN_POINT('',(-0.000254596915122223,0.0292864621021719,-0.008980065500077));
#11449=CARTESIAN_POINT('',(-0.000393330974244314,0.0292797302330483,-0.00890744283276009));
#11450=CARTESIAN_POINT('',(-0.000133928736743868,0.0293796876256062,-0.0089641090977684));
#11451=CARTESIAN_POINT('',(-0.00023341518951287,0.0292868721654045,-0.0089334260508815));
#11452=CARTESIAN_POINT('',(-0.000359054931321893,0.0292758063732704,-0.00887446453950996));
#11453=CARTESIAN_POINT('',(-0.000106623976209551,0.0293324711790761,-0.00884158127894703));
#11454=CARTESIAN_POINT('',(-0.000198480618950779,0.0292700314288348,-0.00883635423658847));
#11455=CARTESIAN_POINT('',(-0.000304445436296493,0.0292583408348039,-0.00880669479867429));
#11456=CARTESIAN_POINT('',(-9.72887936695734E-5,0.0293021644541142,-0.00877756260392569));
#11457=CARTESIAN_POINT('',(-0.000185627147458449,0.0292522806524322,-0.00878555673283917));
#11458=CARTESIAN_POINT('',(-0.000285775057805305,0.0292444957425144,-0.00877213003584666));
#11459=CARTESIAN_POINT('',(-9.74033722903443E-5,0.0292312071530688,-0.00865480898888043));
#11460=CARTESIAN_POINT('',(-0.000185780776470713,0.0291994758090425,-0.00869434679840451));
#11461=CARTESIAN_POINT('',(-0.000286004215826076,0.0292074179543166,-0.00870804525689927));
#11462=CARTESIAN_POINT('',(-0.000106889582625545,0.02919080693511,-0.00859659112059892));
#11463=CARTESIAN_POINT('',(-0.000198823072046013,0.0291642079895897,-0.00865369280757222));
#11464=CARTESIAN_POINT('',(-0.000304976647780382,0.0291843095187123,-0.00867881755168962));
#11465=CARTESIAN_POINT('',(-0.000133946150353823,0.0291092013449262,-0.00849565939675047));
#11466=CARTESIAN_POINT('',(-0.000233428537339855,0.0290893575667626,-0.00859138568091069));
#11467=CARTESIAN_POINT('',(-0.0003590897598899,0.0291348778091942,-0.00863041111290327));
#11468=CARTESIAN_POINT('',(-0.000151372562784197,0.0290666212388258,-0.00845088448548416));
#11469=CARTESIAN_POINT('',(-0.000254979974812348,0.0290479215292466,-0.00856801459600254));
#11470=CARTESIAN_POINT('',(-0.000394011627796013,0.0291077243245545,-0.00861015745723195));
#11471=CARTESIAN_POINT('',(-0.000168698037636555,0.0290241246431885,-0.00841226807697397));
#11472=CARTESIAN_POINT('',(-0.00027352977860938,0.0290078981027033,-0.00855252302356319));
#11473=CARTESIAN_POINT('',(-0.000428593546128884,0.0290797296151328,-0.00859399477779437));
#11474=CARTESIAN_POINT('',(-0.000428593546128057,0.0296797302980264,-0.00894040375650256));
#11475=CARTESIAN_POINT('',(-0.000168698037636141,0.0294093082996174,-0.00907942270284522));
#11476=CARTESIAN_POINT('',(-0.000428593546128884,0.0292797302980271,-0.00894040454503927));
#11477=CARTESIAN_POINT('',(-0.000428593546128885,0.0290797296151339,-0.00859399477779499));
#11478=CARTESIAN_POINT('',(-0.000387964588709738,0.0291126195683143,-0.00861298371466753));
#11479=CARTESIAN_POINT('',(-0.000339914822373811,0.0291490165664836,-0.00864004400531875));
#11480=CARTESIAN_POINT('',(-0.000259144812622603,0.029232350980713,-0.0087347284054108));
#11481=CARTESIAN_POINT('',(-0.000338879805226537,0.0292746679060331,-0.00885699499463649));
#11482=CARTESIAN_POINT('',(-0.000387533166567245,0.0292797302223644,-0.00890202326886247));
#11483=CARTESIAN_POINT('',(-0.000428593546128885,0.0292797302980271,-0.00894040454503927));
#11484=CARTESIAN_POINT('',(-0.000168698037636141,0.0294093082996174,-0.00907942270284524));
#11485=CARTESIAN_POINT('',(-0.000124831915118182,0.0293784326031387,-0.00893735519132265));
#11486=CARTESIAN_POINT('',(-6.98618710535942E-5,0.0292789675533274,-0.00870984285912004));
#11487=CARTESIAN_POINT('',(-0.000124827542570086,0.0291317319796325,-0.00851005029192665));
#11488=CARTESIAN_POINT('',(-0.000168698037636142,0.0290241246431896,-0.0084122680769749));
#11489=CARTESIAN_POINT('',(-0.000708802529144226,0.0225797213066073,-0.00437935062645562));
#11490=CARTESIAN_POINT('',(-0.000708802529144226,0.0241987398069377,-0.00531408713792576));
#11491=CARTESIAN_POINT('',(-0.000708802529144246,0.0239987404898317,-0.00566049769370769));
#11492=CARTESIAN_POINT('',(-0.000308802529144226,0.0241987398069377,-0.00531408713792576));
#11493=CARTESIAN_POINT('',(-0.000308802529144226,0.0232706461607211,-0.00477825446090256));
#11494=CARTESIAN_POINT('',(-0.000708802529144226,0.0285888049886509,-0.00831056060291693));
#11495=CARTESIAN_POINT('',(-0.000308802529144227,0.0296797335281511,-0.0105789430550444));
#11496=CARTESIAN_POINT('',(-0.000308802529144227,0.029584885753195,-0.010578943242022));
#11497=CARTESIAN_POINT('',(-0.00034840776972354,0.0294736671341907,-0.0105789434612722));
#11498=CARTESIAN_POINT('',(-0.000506336530336625,0.0293173038650932,-0.010578943769518));
#11499=CARTESIAN_POINT('',(-0.000617355978976444,0.0292797335281519,-0.0105789438435821));
#11500=CARTESIAN_POINT('',(-0.000712203753932735,0.0292797335281519,-0.0105789438435821));
#11501=CARTESIAN_POINT('',(-0.000308802529144226,0.0296422992740006,-0.0103096005918216));
#11502=CARTESIAN_POINT('',(-0.000317675411093986,0.029551885333884,-0.010309625119356));
#11503=CARTESIAN_POINT('',(-0.000363200783494189,0.0294517445594047,-0.0103085741305141));
#11504=CARTESIAN_POINT('',(-0.000517941033630279,0.0293130690785674,-0.0103043090110041));
#11505=CARTESIAN_POINT('',(-0.000621627565976628,0.0292797329808047,-0.0103012920529318));
#11506=CARTESIAN_POINT('',(-0.000712044890317516,0.0292797329757072,-0.0102987062645117));
#11507=CARTESIAN_POINT('',(-0.000303539972270307,0.0295992732545781,-0.010047309239831));
#11508=CARTESIAN_POINT('',(-0.000321480501699095,0.0295155891247679,-0.0100465737506998));
#11509=CARTESIAN_POINT('',(-0.000371511832262999,0.0294281719043052,-0.0100433042773044));
#11510=CARTESIAN_POINT('',(-0.000520904242792112,0.0293085102929344,-0.0100326289084445));
#11511=CARTESIAN_POINT('',(-0.000616347992230952,0.0292797324372578,-0.0100255680647633));
#11512=CARTESIAN_POINT('',(-0.000701324675016729,0.029279732425052,-0.0100193764614308));
#11513=CARTESIAN_POINT('',(-0.000265833734851403,0.0295065441170365,-0.00954131977593915));
#11514=CARTESIAN_POINT('',(-0.000297141128461235,0.0294415514002087,-0.0095353405060478));
#11515=CARTESIAN_POINT('',(-0.000349379492899825,0.0293808779102998,-0.00952466559535326));
#11516=CARTESIAN_POINT('',(-0.000479090409488236,0.029299353708952,-0.0094972850678504));
#11517=CARTESIAN_POINT('',(-0.000555036700255941,0.0292797313636807,-0.00948097663457146));
#11518=CARTESIAN_POINT('',(-0.000625387704917513,0.0292797313341349,-0.00946598899922998));
#11519=CARTESIAN_POINT('',(-0.000234807119567206,0.0294558400360329,-0.00929352775397478));
#11520=CARTESIAN_POINT('',(-0.000270748583130778,0.0294031588293567,-0.00928276119378286));
#11521=CARTESIAN_POINT('',(-0.000320934256661239,0.0293567358918565,-0.00926669065770765));
#11522=CARTESIAN_POINT('',(-0.000436725502558071,0.0292946742812027,-0.00922865823084695));
#11523=CARTESIAN_POINT('',(-0.000501574902385625,0.0292797308235792,-0.00920700036465645));
#11524=CARTESIAN_POINT('',(-0.000562909746581763,0.0292797307834982,-0.00918666854218294));
#11525=CARTESIAN_POINT('',(-0.000168698037637733,0.0294093082996177,-0.00907942270284378));
#11526=CARTESIAN_POINT('',(-0.000200879381466161,0.0293695303762417,-0.00906220894258605));
#11527=CARTESIAN_POINT('',(-0.000241907993421961,0.0293357042802175,-0.00904026275646549));
#11528=CARTESIAN_POINT('',(-0.00033300891119318,0.0292905945774754,-0.00899153285730036));
#11529=CARTESIAN_POINT('',(-0.000382698914555655,0.0292797303464218,-0.0089649536374609));
#11530=CARTESIAN_POINT('',(-0.000430300531886072,0.0292797302962271,-0.00893949147634984));
#11531=CARTESIAN_POINT('',(-0.000708802529144227,0.0296797335281511,-0.0105789430550444));
#11532=CARTESIAN_POINT('',(-0.000308802529144226,0.0296797335281511,-0.0105789430550444));
#11533=CARTESIAN_POINT('',(-0.000708802529144227,0.0292797335281519,-0.0105789438435821));
#11534=CARTESIAN_POINT('',(-0.000428593546128884,0.0292797302980271,-0.00894040454503927));
#11535=CARTESIAN_POINT('',(-0.000495238099034901,0.0292797305436414,-0.00906499681710932));
#11536=CARTESIAN_POINT('',(-0.000542328293449377,0.0292797308034815,-0.00919680544923966));
#11537=CARTESIAN_POINT('',(-0.000616147193674971,0.029279731337975,-0.00946793693766126));
#11538=CARTESIAN_POINT('',(-0.000641916396403807,0.029279731610123,-0.00960598894439578));
#11539=CARTESIAN_POINT('',(-0.000698300344434399,0.0292797324268526,-0.0100202897940018));
#11540=CARTESIAN_POINT('',(-0.000708802529144227,0.0292797329765014,-0.0102991091430859));
#11541=CARTESIAN_POINT('',(-0.000708802529144227,0.0292797335281519,-0.0105789438435821));
#11542=CARTESIAN_POINT('',(-0.000308802529144227,0.0296797335281511,-0.0105789430550444));
#11543=CARTESIAN_POINT('',(-0.000308802529144227,0.0296607025585558,-0.0104420136952783));
#11544=CARTESIAN_POINT('',(-0.000306818976922733,0.0296311550061762,-0.01024722618922));
#11545=CARTESIAN_POINT('',(-0.000297202711192446,0.0295885948244578,-0.00999370660445638));
#11546=CARTESIAN_POINT('',(-0.000288756083956244,0.0295610170796822,-0.00983666638792547));
#11547=CARTESIAN_POINT('',(-0.00026801752039648,0.029515362333304,-0.00959301091713513));
#11548=CARTESIAN_POINT('',(-0.000233604427970569,0.0294642905143692,-0.00933715694351625));
#11549=CARTESIAN_POINT('',(-0.000197172302133577,0.0294293502522135,-0.00917164120011364));
#11550=CARTESIAN_POINT('',(-0.000168698037636141,0.0294093082996174,-0.00907942270284524));
#11551=CARTESIAN_POINT('',(-0.00360880252914422,0.0288797302980279,-0.00894040533357691));
#11552=CARTESIAN_POINT('',(-0.00267411079698559,0.0288797302980279,-0.00894040533357691));
#11553=CARTESIAN_POINT('',(-0.00267411079698559,0.0292797302980271,-0.00894040454503927));
#11554=CARTESIAN_POINT('',(-0.00267411079698559,0.0290797296151338,-0.00859399477779499));
#11555=CARTESIAN_POINT('',(-0.00360880252914422,0.0290797296151338,-0.00859399477779499));
#11556=CARTESIAN_POINT('',(-0.00360880252914422,0.0292797302980271,-0.00894040454503927));
#11557=CARTESIAN_POINT('',(-0.000308802529144226,0.0241987398069377,-0.00531408713792576));
#11558=CARTESIAN_POINT('',(-0.000308802529144226,0.024151316081387,-0.00539622781401898));
#11559=CARTESIAN_POINT('',(-0.000348407769723539,0.0240957069617611,-0.00549254607307566));
#11560=CARTESIAN_POINT('',(-0.000506336530336625,0.024017525594161,-0.00562796079045573));
#11561=CARTESIAN_POINT('',(-0.000617355978976444,0.0239987404898317,-0.00566049769370769));
#11562=CARTESIAN_POINT('',(-0.000712203753932736,0.0239987404898317,-0.00566049769370769));
#11563=CARTESIAN_POINT('',(-0.000308802529144226,0.0239467652643939,-0.00521183492137996));
#11564=CARTESIAN_POINT('',(-0.000317675411093956,0.0239015795358034,-0.00529014795414449));
#11565=CARTESIAN_POINT('',(-0.000363200783494137,0.0238505989655275,-0.00537634691437742));
#11566=CARTESIAN_POINT('',(-0.000517941033630231,0.0237775675232629,-0.00549431084390973));
#11567=CARTESIAN_POINT('',(-0.000621627565976603,0.0237582867120488,-0.00552167227239919));
#11568=CARTESIAN_POINT('',(-0.000712044890317518,0.0237560473510395,-0.00552037938260369));
#11569=CARTESIAN_POINT('',(-0.000303539972270289,0.0236981012806655,-0.00511795087122863));
#11570=CARTESIAN_POINT('',(-0.000321480501699091,0.0236556222634886,-0.00519005570897228));
#11571=CARTESIAN_POINT('',(-0.000371511832263008,0.0236090822062398,-0.00526412650592358));
#11572=CARTESIAN_POINT('',(-0.000520904242792138,0.0235400062599269,-0.00536241881679849));
#11573=CARTESIAN_POINT('',(-0.000616347992230982,0.0235195024620886,-0.00538381074904025));
#11574=CARTESIAN_POINT('',(-0.000701324675016761,0.0235141403702096,-0.00538071495794453));
#11575=CARTESIAN_POINT('',(-0.000265833734851421,0.0232135369821172,-0.00494526192806496));
#11576=CARTESIAN_POINT('',(-0.000297141128461239,0.0231758624240813,-0.00499855763695305));
#11577=CARTESIAN_POINT('',(-0.000349379492899816,0.0231362809352823,-0.00504576496520318));
#11578=CARTESIAN_POINT('',(-0.000479090409488214,0.0230718066022219,-0.00510267673084214));
#11579=CARTESIAN_POINT('',(-0.000555036700255917,0.0230478719120708,-0.00511151596368948));
#11580=CARTESIAN_POINT('',(-0.000625387704917489,0.0230348922243495,-0.00510402217160615));
#11581=CARTESIAN_POINT('',(-0.000234807119567512,0.022973590755739,-0.00486527693930758));
#11582=CARTESIAN_POINT('',(-0.000270748583131257,0.0229379260377632,-0.00490551692249509));
#11583=CARTESIAN_POINT('',(-0.000320934256661847,0.0229007970765195,-0.0049376850976509));
#11584=CARTESIAN_POINT('',(-0.000436725502558809,0.0228368292233636,-0.00497241581564636));
#11585=CARTESIAN_POINT('',(-0.00050157490238636,0.0228106012322391,-0.0049745282964734));
#11586=CARTESIAN_POINT('',(-0.000562909746582439,0.0227929933374313,-0.00496436241994781));
#11587=CARTESIAN_POINT('',(-0.000168698037637729,0.0227649044741734,-0.0047985220795596));
#11588=CARTESIAN_POINT('',(-0.000200879381466157,0.0227301079588076,-0.00482436389158413));
#11589=CARTESIAN_POINT('',(-0.000241907993421957,0.0226941889560989,-0.0048426850569917));
#11590=CARTESIAN_POINT('',(-0.000333008911193176,0.022629432774127,-0.00485738625594091));
#11591=CARTESIAN_POINT('',(-0.00038269891455565,0.0226009823790065,-0.00485350534610618));
#11592=CARTESIAN_POINT('',(-0.000430300531886068,0.0225789314755517,-0.00484077430902052));
#11593=CARTESIAN_POINT('',(-0.000428593546128053,0.0227797215342389,-0.00449482028602497));
#11594=CARTESIAN_POINT('',(-0.000428593546128686,0.0225797222171326,-0.00484123084180669));
#11595=CARTESIAN_POINT('',(-0.000168698037636139,0.0227649044741745,-0.00479852207956062));
#11596=CARTESIAN_POINT('',(-0.000308802529144226,0.0241987398069377,-0.00531408713792577));
#11597=CARTESIAN_POINT('',(-0.000308802529144226,0.0240706400180984,-0.00526210376118708));
#11598=CARTESIAN_POINT('',(-0.000306818976923768,0.0238871753133494,-0.00519029893914574));
#11599=CARTESIAN_POINT('',(-0.000297202711195067,0.0236463408217205,-0.00510039734531661));
#11600=CARTESIAN_POINT('',(-0.00028875608395433,0.0234965511323192,-0.00504576026457896));
#11601=CARTESIAN_POINT('',(-0.000268017520401506,0.0232627119317083,-0.00496347069937474));
#11602=CARTESIAN_POINT('',(-0.000233604427979258,0.0230155999814282,-0.00487977320517844));
#11603=CARTESIAN_POINT('',(-0.000197172302140159,0.0228547890118266,-0.00482727448811178));
#11604=CARTESIAN_POINT('',(-0.000168698037636139,0.0227649044741745,-0.00479852207956062));
#11605=CARTESIAN_POINT('',(-0.000428593546128881,0.0225797222171321,-0.00484123084180642));
#11606=CARTESIAN_POINT('',(-0.000495238099034899,0.0226876224126671,-0.00490352676513328));
#11607=CARTESIAN_POINT('',(-0.000542328293449374,0.0228017721664502,-0.00496943085617026));
#11608=CARTESIAN_POINT('',(-0.000616147193674969,0.0230365791904359,-0.00510499613749614));
#11609=CARTESIAN_POINT('',(-0.000641916396403805,0.0231561358713855,-0.00517402190517631));
#11610=CARTESIAN_POINT('',(-0.000698300344434398,0.0235149313403184,-0.00538117162267078));
#11611=CARTESIAN_POINT('',(-0.000708802529144226,0.0237563962545164,-0.00552058082120297));
#11612=CARTESIAN_POINT('',(-0.000708802529144226,0.0239987404898317,-0.00566049769370769));
#11613=CARTESIAN_POINT('',(-0.000708802529144226,0.0296797298427639,-0.00870946364882622));
#11614=CARTESIAN_POINT('',(-0.000708802529144228,0.0296797418639302,-0.0148074179574094));
#11615=CARTESIAN_POINT('',(-0.000308802529144228,0.0296797418639302,-0.0148074179574094));
#11616=CARTESIAN_POINT('',(-0.000708802529144228,0.029279741863931,-0.014807418745947));
#11617=CARTESIAN_POINT('',(-0.000708802529144228,0.0292797439765594,-0.0158790877591731));
#11618=CARTESIAN_POINT('',(-0.000308802529144226,0.0296797314155227,-0.00950727404181829));
#11619=CARTESIAN_POINT('',(-0.00267411079698559,0.0288797302980279,-0.00894040533357691));
#11620=CARTESIAN_POINT('',(-0.00267411079698559,0.0288797302980279,-0.00894040533357691));
#11621=CARTESIAN_POINT('',(-0.00304425826587646,0.0290110432798859,-0.00886459140300192));
#11622=CARTESIAN_POINT('',(-0.00267411079698559,0.0288797302980279,-0.00894040533357691));
#11623=CARTESIAN_POINT('',(-0.000168698037636038,0.0227649044741742,-0.00479852207956052));
#11624=CARTESIAN_POINT('',(-0.000273529778608816,0.0226515537295614,-0.00488270259603785));
#11625=CARTESIAN_POINT('',(-0.00042859354612785,0.0225797222171324,-0.00484123084180656));
#11626=CARTESIAN_POINT('',(-0.000151003729121376,0.0227090490101623,-0.00478065493096438));
#11627=CARTESIAN_POINT('',(-0.000254596915121962,0.0226174355138056,-0.00485523140592248));
#11628=CARTESIAN_POINT('',(-0.000393330974244125,0.0225511765044567,-0.00482475004194022));
#11629=CARTESIAN_POINT('',(-0.000133928736743791,0.0226502296257702,-0.00476651753319297));
#11630=CARTESIAN_POINT('',(-0.000233415189512813,0.0225772495975999,-0.00483155655614817));
#11631=CARTESIAN_POINT('',(-0.000359054931321745,0.0225206545348396,-0.00481165905756354));
#11632=CARTESIAN_POINT('',(-0.000106623976209455,0.0225205091987353,-0.00474614426595388));
#11633=CARTESIAN_POINT('',(-0.000198480618950618,0.0224847625721456,-0.00479760515468943));
#11634=CARTESIAN_POINT('',(-0.000304445436296297,0.0224532314484346,-0.00479289978714854));
#11635=CARTESIAN_POINT('',(-9.72887936695118E-5,0.0224499140373691,-0.00474038132216571));
#11636=CARTESIAN_POINT('',(-0.000185627147458304,0.0224318952552484,-0.00478757902611634));
#11637=CARTESIAN_POINT('',(-0.00028577505780517,0.0224163749396052,-0.00478760760737521));
#11638=CARTESIAN_POINT('',(-9.74033722904003E-5,0.0223081276378105,-0.00474045533993246));
#11639=CARTESIAN_POINT('',(-0.000185780776470851,0.0223265027132554,-0.0047877043947176));
#11640=CARTESIAN_POINT('',(-0.000286004215826202,0.0223423369989419,-0.004787675524397));
#11641=CARTESIAN_POINT('',(-0.0001068895826257,0.022237509375945,-0.00474633402086252));
#11642=CARTESIAN_POINT('',(-0.000198823072046251,0.022273661414703,-0.00479792022688368));
#11643=CARTESIAN_POINT('',(-0.000304976647780762,0.0223054708459338,-0.0047930741640672));
#11644=CARTESIAN_POINT('',(-0.000133946150354154,0.0221092971439525,-0.00476654067312843));
#11645=CARTESIAN_POINT('',(-0.000233428537340243,0.0221822766487638,-0.00483158903120547));
#11646=CARTESIAN_POINT('',(-0.000359089759890494,0.022238833785479,-0.00481168006086928));
#11647=CARTESIAN_POINT('',(-0.000151372562784592,0.0220492308802934,-0.00478102867107413));
#11648=CARTESIAN_POINT('',(-0.000254979974812943,0.0221413186767614,-0.00485578814987265));
#11649=CARTESIAN_POINT('',(-0.000394011627796845,0.0222077168628282,-0.00482506884053294));
#11650=CARTESIAN_POINT('',(-0.000168698037636975,0.021994539791702,-0.00479852359821535));
#11651=CARTESIAN_POINT('',(-0.000273529778609837,0.0221078908682126,-0.00488270366778591));
#11652=CARTESIAN_POINT('',(-0.000428593546129723,0.0221797222171312,-0.00484123163034507));
#11653=CARTESIAN_POINT('',(-0.00042859354612888,0.0219797215342376,-0.00449482186310102));
#11654=CARTESIAN_POINT('',(-0.00042859354612888,0.0221797222171308,-0.0048412316303453));
#11655=CARTESIAN_POINT('',(-0.00016869803763614,0.0219945397917047,-0.0047985235982145));
#11656=CARTESIAN_POINT('',(-0.000168698037636139,0.0227649044741745,-0.00479852207956062));
#11657=CARTESIAN_POINT('',(-0.000124831915115872,0.0226264325518969,-0.00475422746130703));
#11658=CARTESIAN_POINT('',(-6.9861871053594E-5,0.0223796685676442,-0.00472661055513332));
#11659=CARTESIAN_POINT('',(-0.000124827542572392,0.0221330253421053,-0.00475422401869959));
#11660=CARTESIAN_POINT('',(-0.00016869803763614,0.0219945397917046,-0.0047985235982145));
#11661=CARTESIAN_POINT('',(-0.00042859354612888,0.0221797222171308,-0.00484123163034531));
#11662=CARTESIAN_POINT('',(-0.00038796458870429,0.0222126120954505,-0.00482224256379374));
#11663=CARTESIAN_POINT('',(-0.000339914822377932,0.0222542454936644,-0.00480425198408834));
#11664=CARTESIAN_POINT('',(-0.000259144812621213,0.0223779117966039,-0.00477942446439947));
#11665=CARTESIAN_POINT('',(-0.000338879805228005,0.022504956231569,-0.0048039102266765));
#11666=CARTESIAN_POINT('',(-0.000387533166563626,0.0225464830190991,-0.00482204026924216));
#11667=CARTESIAN_POINT('',(-0.00042859354612888,0.0225797222171321,-0.00484123084180643));
#11668=CARTESIAN_POINT('',(-0.000712200422179653,0.029279741863931,-0.014807418745947));
#11669=CARTESIAN_POINT('',(-0.000617353202515543,0.029279741863931,-0.014807418745947));
#11670=CARTESIAN_POINT('',(-0.00050633430062833,0.0293173136455225,-0.0148074186718801));
#11671=CARTESIAN_POINT('',(-0.000348407225627351,0.0294736767716417,-0.0148074183636346));
#11672=CARTESIAN_POINT('',(-0.000308802529144228,0.0295848946442663,-0.0148074181443859));
#11673=CARTESIAN_POINT('',(-0.000308802529144228,0.0296797418639302,-0.0148074179574094));
#11674=CARTESIAN_POINT('',(-0.000712041714194525,0.0292797424163755,-0.0150876562341853));
#11675=CARTESIAN_POINT('',(-0.000621624919207363,0.0292797424112781,-0.0150850704609039));
#11676=CARTESIAN_POINT('',(-0.000517938909465363,0.0293130797681843,-0.015082053386672));
#11677=CARTESIAN_POINT('',(-0.000363200189855038,0.0294517551257865,-0.0150777877663254));
#11678=CARTESIAN_POINT('',(-0.00031767535914704,0.0295518952608354,-0.0150767363973028));
#11679=CARTESIAN_POINT('',(-0.000308802529144228,0.0296423086717141,-0.0150767605682217));
#11680=CARTESIAN_POINT('',(-0.000701321690009168,0.0292797429670304,-0.0153669859106034));
#11681=CARTESIAN_POINT('',(-0.000616345504724647,0.0292797429548247,-0.0153607943435201));
#11682=CARTESIAN_POINT('',(-0.000520902247372137,0.0293085218713276,-0.0153537334221722));
#11683=CARTESIAN_POINT('',(-0.000371511203805879,0.0294281833649817,-0.0153430576849178));
#11684=CARTESIAN_POINT('',(-0.000321480396665143,0.0295156000494484,-0.0153397879046121));
#11685=CARTESIAN_POINT('',(-0.0003035399722703,0.0295992836864243,-0.0153390520898483));
#11686=CARTESIAN_POINT('',(-0.00062538523367167,0.029279744057947,-0.0159203730638225));
#11687=CARTESIAN_POINT('',(-0.000555034640884407,0.0292797440284013,-0.0159053855162271));
#11688=CARTESIAN_POINT('',(-0.000479088759153073,0.0292993670405043,-0.0158890770926544));
#11689=CARTESIAN_POINT('',(-0.000349378865035566,0.0293808911035061,-0.0158616964661377));
#11690=CARTESIAN_POINT('',(-0.000297140945170192,0.029441564231093,-0.015851021410468));
#11691=CARTESIAN_POINT('',(-0.000265833734851445,0.029506556543842,-0.0158450419193382));
#11692=CARTESIAN_POINT('',(-0.000562907592050188,0.0292797446085833,-0.0161996933331424));
#11693=CARTESIAN_POINT('',(-0.00050157310694282,0.0292797445685022,-0.0161793616297028));
#11694=CARTESIAN_POINT('',(-0.000436724064284317,0.0292946884936721,-0.0161577038231151));
#11695=CARTESIAN_POINT('',(-0.000320933661216509,0.0293567499385348,-0.016119671436871));
#11696=CARTESIAN_POINT('',(-0.000270748372709885,0.0294031725840034,-0.0161036008460738));
#11697=CARTESIAN_POINT('',(-0.000234807119567816,0.029455853439805,-0.016092834141211));
#11698=CARTESIAN_POINT('',(-0.000430298859766582,0.029279745095854,-0.01644687021876));
#11699=CARTESIAN_POINT('',(-0.00038269752112276,0.0292797450456596,-0.0164214082067188));
#11700=CARTESIAN_POINT('',(-0.000333007795400284,0.0292906095721918,-0.0163948290925544));
#11701=CARTESIAN_POINT('',(-0.000241907509148123,0.0293357190745567,-0.0163460993533365));
#11702=CARTESIAN_POINT('',(-0.000200879193058611,0.0293695449249149,-0.0163241531921099));
#11703=CARTESIAN_POINT('',(-0.00016869803763785,0.0294093225475402,-0.0163069393758003));
#11704=CARTESIAN_POINT('',(-0.000428593546128886,0.029679745094055,-0.0164459572559497));
#11705=CARTESIAN_POINT('',(-0.000168698037636143,0.0294093225475398,-0.0163069393757993));
#11706=CARTESIAN_POINT('',(-0.000428593546128886,0.0292797450940558,-0.0164459580444898));
#11707=CARTESIAN_POINT('',(-0.000708802529144228,0.029279741863931,-0.014807418745947));
#11708=CARTESIAN_POINT('',(-0.000708802529144228,0.0292797424155815,-0.0150872534464439));
#11709=CARTESIAN_POINT('',(-0.000698300344434349,0.0292797429652303,-0.0153660727955288));
#11710=CARTESIAN_POINT('',(-0.000641916396403366,0.0292797437819599,-0.015780373645136));
#11711=CARTESIAN_POINT('',(-0.000616147193674338,0.0292797440541079,-0.0159184256518709));
#11712=CARTESIAN_POINT('',(-0.000542328293448174,0.0292797445886013,-0.0161895571402931));
#11713=CARTESIAN_POINT('',(-0.000495238099035127,0.0292797448484415,-0.0163213657724194));
#11714=CARTESIAN_POINT('',(-0.000428593546128886,0.0292797450940558,-0.0164459580444898));
#11715=CARTESIAN_POINT('',(-0.000168698037636144,0.0294093225475398,-0.0163069393757993));
#11716=CARTESIAN_POINT('',(-0.000197169283864712,0.0294293620121408,-0.0162147305746713));
#11717=CARTESIAN_POINT('',(-0.000233600443631432,0.0294643019452002,-0.0160492205955508));
#11718=CARTESIAN_POINT('',(-0.000268015216000861,0.0295153736321365,-0.0157933666511991));
#11719=CARTESIAN_POINT('',(-0.000288756960386894,0.0295610301371889,-0.0155496841770049));
#11720=CARTESIAN_POINT('',(-0.000297201509865472,0.0295885992111683,-0.015392682521819));
#11721=CARTESIAN_POINT('',(-0.000306818502807182,0.0296311587057593,-0.01513916695757));
#11722=CARTESIAN_POINT('',(-0.000308802529144228,0.0296607087289232,-0.0149443668574897));
#11723=CARTESIAN_POINT('',(-0.000308802529144228,0.0296797418639302,-0.0148074179574094));
#11724=CARTESIAN_POINT('',(0.0156481889131126,0.0288797376960422,-0.0126931820833022));
#11725=CARTESIAN_POINT('',(-0.00267411079698559,0.0288797450940565,-0.0164459588330274));
#11726=CARTESIAN_POINT('',(-0.00267411079698559,0.0292797450940558,-0.0164459580444898));
#11727=CARTESIAN_POINT('',(-0.00304425826587647,0.0290110583748243,-0.0165217722458757));
#11728=CARTESIAN_POINT('',(0.0156481889131126,0.0290110508273551,-0.0126931818244388));
#11729=CARTESIAN_POINT('',(0.0156481889131126,0.0292797376960415,-0.0126931812947645));
#11730=CARTESIAN_POINT('',(0.0156481889131126,0.0256297265990271,-0.00706402336558263));
#11731=CARTESIAN_POINT('',(-0.00267411079698559,0.0223797229000261,-0.00518764139758835));
#11732=CARTESIAN_POINT('',(-0.00304425826587647,0.0223797226011165,-0.0050360140541651));
#11733=CARTESIAN_POINT('',(-0.00267411079698559,0.0225797222171321,-0.00484123084180642));
#11734=CARTESIAN_POINT('',(0.0156481889131126,0.025829725916133,-0.00671761280980071));
#11735=CARTESIAN_POINT('',(0.0156481889131126,0.0256953829405012,-0.00695030272858352));
#11736=CARTESIAN_POINT('',(-0.00360880252914422,0.0223797229000261,-0.00518764139758835));
#11737=CARTESIAN_POINT('',(-0.00267411079698559,0.0223797229000261,-0.00518764139758835));
#11738=CARTESIAN_POINT('',(-0.00267411079698559,0.022179722217133,-0.00484123163034407));
#11739=CARTESIAN_POINT('',(-0.00360880252914422,0.022179722217133,-0.00484123163034407));
#11740=CARTESIAN_POINT('',(-0.00360880252914422,0.0225797222171321,-0.00484123084180642));
#11741=CARTESIAN_POINT('',(-0.000712200422179564,0.0207607071745581,-0.00566050407698559));
#11742=CARTESIAN_POINT('',(-0.000617353202515468,0.0207607071745581,-0.00566050407698559));
#11743=CARTESIAN_POINT('',(-0.000506334300628269,0.0207419212196185,-0.00562796599669531));
#11744=CARTESIAN_POINT('',(-0.000348407225627335,0.0206637393896105,-0.00549255171138371));
#11745=CARTESIAN_POINT('',(-0.000308802529144226,0.0206081302634233,-0.00539623431796033));
#11746=CARTESIAN_POINT('',(-0.000308802529144226,0.0205607064916649,-0.00531409430974131));
#11747=CARTESIAN_POINT('',(-0.000712041714194434,0.021003399682243,-0.00552038485443545));
#11748=CARTESIAN_POINT('',(-0.000621624919207437,0.0210011603394416,-0.0055216777454907));
#11749=CARTESIAN_POINT('',(-0.000517938909465567,0.0209818787980586,-0.00549431528463091));
#11750=CARTESIAN_POINT('',(-0.000363200189855284,0.0209088469836746,-0.00537635171224223));
#11751=CARTESIAN_POINT('',(-0.000317675359147186,0.0208578664038679,-0.005290153495863));
#11752=CARTESIAN_POINT('',(-0.000308802529144226,0.0208126806310584,-0.00521184109973996));
#11753=CARTESIAN_POINT('',(-0.000701321690009016,0.0212453060027245,-0.00538071953934527));
#11754=CARTESIAN_POINT('',(-0.000616345504724501,0.0212399439544439,-0.00538381533345741));
#11755=CARTESIAN_POINT('',(-0.000520902247372007,0.021219439558931,-0.00536242252134646));
#11756=CARTESIAN_POINT('',(-0.000371511203805816,0.0211503633524375,-0.00526413049661442));
#11757=CARTESIAN_POINT('',(-0.000321480396665122,0.0211038232973947,-0.00519006031730449));
#11758=CARTESIAN_POINT('',(-0.000303539972270313,0.0210613442446288,-0.0051179560691842));
#11759=CARTESIAN_POINT('',(-0.000625385233671677,0.0217245527900819,-0.00510402501797433));
#11760=CARTESIAN_POINT('',(-0.000555034640884432,0.0217115732078966,-0.00511151881735928));
#11761=CARTESIAN_POINT('',(-0.000479088759153105,0.0216876381927356,-0.00510267900216565));
#11762=CARTESIAN_POINT('',(-0.000349378865035593,0.0216231638430996,-0.00504576740584468));
#11763=CARTESIAN_POINT('',(-0.000297140945170202,0.0215835824099094,-0.0049985604638623));
#11764=CARTESIAN_POINT('',(-0.000265833734851429,0.0215459078623148,-0.00494526521553582));
#11765=CARTESIAN_POINT('',(-0.000562907592050737,0.0219664509637869,-0.00496436440644919));
#11766=CARTESIAN_POINT('',(-0.000501573106943164,0.0219488432121464,-0.00497453029288002));
#11767=CARTESIAN_POINT('',(-0.000436724064284473,0.021922615038866,-0.00497241737734436));
#11768=CARTESIAN_POINT('',(-0.000320933661216395,0.0218586473037805,-0.0049376867826198));
#11769=CARTESIAN_POINT('',(-0.000270748372709687,0.021821518441162,-0.00490551888773175));
#11770=CARTESIAN_POINT('',(-0.000234807119567586,0.0217858537733352,-0.00486527928074603));
#11771=CARTESIAN_POINT('',(-0.000430298859766534,0.0221805121823245,-0.00484077554165164));
#11772=CARTESIAN_POINT('',(-0.000382697521122721,0.0221584614581625,-0.00485350659114189));
#11773=CARTESIAN_POINT('',(-0.000333007795400251,0.02213001100682,-0.00485738719224706));
#11774=CARTESIAN_POINT('',(-0.000241907509148108,0.0220652550635551,-0.004842686086856));
#11775=CARTESIAN_POINT('',(-0.000200879193058604,0.0220293362052382,-0.00482436512175444));
#11776=CARTESIAN_POINT('',(-0.000168698037637847,0.0219945397917054,-0.00479852359821359));
#11777=CARTESIAN_POINT('',(-0.000708802529144226,0.0205607064916649,-0.00531409430974131));
#11778=CARTESIAN_POINT('',(-0.000708802529144226,0.0207607071745581,-0.00566050407698559));
#11779=CARTESIAN_POINT('',(-0.000308802529144226,0.0205607064916649,-0.00531409430974131));
#11780=CARTESIAN_POINT('',(-0.00016869803763614,0.0219945397917046,-0.0047985235982145));
#11781=CARTESIAN_POINT('',(-0.000197169283868878,0.0219046648951616,-0.00482727331336004));
#11782=CARTESIAN_POINT('',(-0.000233600443636933,0.0217438590821269,-0.00487976943328876));
#11783=CARTESIAN_POINT('',(-0.000268015216004042,0.0214967472231921,-0.0049634670271648));
#11784=CARTESIAN_POINT('',(-0.00028875696038568,0.0212628837575906,-0.00504576857102324));
#11785=CARTESIAN_POINT('',(-0.00029720150986713,0.0211131317987219,-0.00510039388020829));
#11786=CARTESIAN_POINT('',(-0.000306818502807835,0.0208723011325272,-0.00519029405884808));
#11787=CARTESIAN_POINT('',(-0.000308802529144226,0.0206888242856331,-0.00526210303814114));
#11788=CARTESIAN_POINT('',(-0.000308802529144226,0.0205607064916649,-0.00531409430974131));
#11789=CARTESIAN_POINT('',(-0.000708802529144226,0.0207607071745581,-0.00566050407698559));
#11790=CARTESIAN_POINT('',(-0.000708802529144226,0.0210030508582232,-0.005520586248994));
#11791=CARTESIAN_POINT('',(-0.000698300344434372,0.0212445152227727,-0.00538117609844183));
#11792=CARTESIAN_POINT('',(-0.000641916396403585,0.0216033098749767,-0.00517402496633003));
#11793=CARTESIAN_POINT('',(-0.000616147193674653,0.0217228662837783,-0.00510499872727557));
#11794=CARTESIAN_POINT('',(-0.000542328293448774,0.0219576727732709,-0.0049694325201797));
#11795=CARTESIAN_POINT('',(-0.00049523809903503,0.022071822267212,-0.00490352797908735));
#11796=CARTESIAN_POINT('',(-0.00042859354612888,0.0221797222171308,-0.0048412316303453));
#11797=CARTESIAN_POINT('',(-0.000168698037636042,0.0290241415214979,-0.0169740955203232));
#11798=CARTESIAN_POINT('',(-0.000273529778608819,0.0290079144280313,-0.016833840637712));
#11799=CARTESIAN_POINT('',(-0.000428593546127856,0.0290797457769496,-0.0167923686002719));
#11800=CARTESIAN_POINT('',(-0.000151003729121461,0.0290675426580812,-0.0169346568438469));
#11801=CARTESIAN_POINT('',(-0.000254596915122432,0.0290487642844214,-0.0168180289911934));
#11802=CARTESIAN_POINT('',(-0.000393330974244384,0.0291082914246465,-0.0167758876878587));
#11803=CARTESIAN_POINT('',(-0.000133928736743847,0.0291091956958906,-0.0168907864616143));
#11804=CARTESIAN_POINT('',(-0.000233415189513028,0.0290893602638593,-0.016795064391772));
#11805=CARTESIAN_POINT('',(-0.00035905493132194,0.0291348895344856,-0.0167560003789852));
#11806=CARTESIAN_POINT('',(-0.000106623976209576,0.0291916996763951,-0.016788631910032));
#11807=CARTESIAN_POINT('',(-0.000198480618950629,0.0291650065527437,-0.0167319439789379));
#11808=CARTESIAN_POINT('',(-0.000304445436296449,0.0291848470824238,-0.0167069899085646));
#11809=CARTESIAN_POINT('',(-9.72887936695742E-5,0.0292319881127993,-0.0167303761787988));
#11810=CARTESIAN_POINT('',(-0.000185627147458471,0.029200123093238,-0.0166911726037616));
#11811=CARTESIAN_POINT('',(-0.000285775057805308,0.0292078584989636,-0.0166777173255103));
#11812=CARTESIAN_POINT('',(-9.74033722903411E-5,0.0293028172113122,-0.0166075485459869));
#11813=CARTESIAN_POINT('',(-0.000185780776470687,0.0292527107918412,-0.016599837300726));
#11814=CARTESIAN_POINT('',(-0.000286004215826066,0.029244818651429,-0.0166135646295412));
#11815=CARTESIAN_POINT('',(-0.000106889582625516,0.0293330352552187,-0.0165434519967754));
#11816=CARTESIAN_POINT('',(-0.000198823072046032,0.0292702842709407,-0.0165489674777276));
#11817=CARTESIAN_POINT('',(-0.000304976647780356,0.0292585763688328,-0.0165789382846614));
#11818=CARTESIAN_POINT('',(-0.000133946150353854,0.0293796418970273,-0.0164223136206612));
#11819=CARTESIAN_POINT('',(-0.000233428537339839,0.0292868186140529,-0.0164529915467446));
#11820=CARTESIAN_POINT('',(-0.000359089759889928,0.0292757817197695,-0.0165119259490732));
#11821=CARTESIAN_POINT('',(-0.000151372562784143,0.029397128054586,-0.0163630507114493));
#11822=CARTESIAN_POINT('',(-0.000254979974812366,0.0292863405485391,-0.0164054213431696));
#11823=CARTESIAN_POINT('',(-0.000394011627796023,0.0292797451577805,-0.0164782835137382));
#11824=CARTESIAN_POINT('',(-0.000168698037636558,0.02940932254754,-0.0163069393757979));
#11825=CARTESIAN_POINT('',(-0.000273529778609381,0.0292797449305448,-0.0163630142528168));
#11826=CARTESIAN_POINT('',(-0.000428593546128886,0.0292797450940558,-0.0164459580444886));
#11827=CARTESIAN_POINT('',(-0.000428593546128058,0.0292797464598422,-0.0171387783675165));
#11828=CARTESIAN_POINT('',(-0.000168698037636143,0.0290241415214977,-0.0169740955203235));
#11829=CARTESIAN_POINT('',(-0.000428593546128888,0.0290797457769498,-0.0167923686002718));
#11830=CARTESIAN_POINT('',(-0.000428593546128885,0.0292797450940558,-0.0164459580444898));
#11831=CARTESIAN_POINT('',(-0.000387964588709182,0.0292797451689235,-0.0164839360479101));
#11832=CARTESIAN_POINT('',(-0.000339914822374041,0.0292745087688704,-0.0165289869182711));
#11833=CARTESIAN_POINT('',(-0.000259144812622603,0.0292341768801633,-0.0166484988380496));
#11834=CARTESIAN_POINT('',(-0.000338879805226306,0.0291494493705201,-0.0167462796649995));
#11835=CARTESIAN_POINT('',(-0.000387533166567785,0.0291129848993168,-0.0167731778966578));
#11836=CARTESIAN_POINT('',(-0.000428593546128885,0.0290797457769498,-0.0167923686002717));
#11837=CARTESIAN_POINT('',(-0.000168698037636142,0.0290241415214977,-0.0169740955203235));
#11838=CARTESIAN_POINT('',(-0.000124831915117935,0.02913173774729,-0.0168763226270516));
#11839=CARTESIAN_POINT('',(-6.98618710535959E-5,0.029279036681745,-0.0166764272010263));
#11840=CARTESIAN_POINT('',(-0.000124827542570336,0.0293784443335749,-0.0164490211702675));
#11841=CARTESIAN_POINT('',(-0.000168698037636144,0.0294093225475398,-0.0163069393757993));
#11842=CARTESIAN_POINT('',(-0.00267411079698559,0.0288797450940565,-0.0164459588330274));
#11843=CARTESIAN_POINT('',(-0.00267411079698559,0.0288797450940565,-0.0164459588330274));
#11844=CARTESIAN_POINT('',(-0.00267411079698559,0.0290797457769498,-0.0167923686002718));
#11845=CARTESIAN_POINT('',(-0.00267411079698559,0.0288797450940565,-0.0164459588330274));
#11846=CARTESIAN_POINT('',(-0.00267411079698559,0.0223797229000261,-0.00518764139758835));
#11847=CARTESIAN_POINT('',(-0.00267411079698559,0.0223797229000261,-0.00518764139758835));
#11848=CARTESIAN_POINT('',(-0.000708802529144227,0.0152797291598983,-0.0083630818746683));
#11849=CARTESIAN_POINT('',(-0.000708802529144226,0.0168987439748415,-0.00742833897992025));
#11850=CARTESIAN_POINT('',(-0.000708802529144227,0.0170987446577347,-0.00777474874716453));
#11851=CARTESIAN_POINT('',(-0.000308802529144226,0.0168987439748415,-0.00742833897992025));
#11852=CARTESIAN_POINT('',(-0.000308802529144226,0.0159706524412532,-0.00796417531612317));
#11853=CARTESIAN_POINT('',(-0.000708802529144226,0.0216887987081464,-0.00512466774078267));
#11854=CARTESIAN_POINT('',(-0.000308802529144228,0.0278607314172683,-0.0179580508141576));
#11855=CARTESIAN_POINT('',(-0.000308802529144228,0.0278133073678629,-0.0178759103250419));
#11856=CARTESIAN_POINT('',(-0.000348407769723538,0.0277576978684845,-0.0177795922852354));
#11857=CARTESIAN_POINT('',(-0.000506336530336613,0.027679515966987,-0.0176441778761012));
#11858=CARTESIAN_POINT('',(-0.000617355978976429,0.027660730734375,-0.0176116410469133));
#11859=CARTESIAN_POINT('',(-0.000712203753932717,0.027660730734375,-0.0176116410469133));
#11860=CARTESIAN_POINT('',(-0.000308802529144228,0.0280752717056619,-0.0177909605674803));
#11861=CARTESIAN_POINT('',(-0.000317675411094134,0.0280300434941358,-0.0177126720622504));
#11862=CARTESIAN_POINT('',(-0.000363200783494445,0.0279808832899323,-0.0176254221131758));
#11863=CARTESIAN_POINT('',(-0.000517941033630528,0.0279152392513595,-0.0175031930641336));
#11864=CARTESIAN_POINT('',(-0.000621627565976761,0.0279011839648108,-0.0174728146775717));
#11865=CARTESIAN_POINT('',(-0.000712044890317494,0.0279034233207226,-0.017471521778947));
#11866=CARTESIAN_POINT('',(-0.000303539972270295,0.0282809096699675,-0.0176225532656412));
#11867=CARTESIAN_POINT('',(-0.000321480501699078,0.0282397045573343,-0.0175497129387663));
#11868=CARTESIAN_POINT('',(-0.000371511832262972,0.0281988273941202,-0.0174723726684197));
#11869=CARTESIAN_POINT('',(-0.000520904242792064,0.0281482417290623,-0.0173634049886848));
#11870=CARTESIAN_POINT('',(-0.000616347992230896,0.0281399676712241,-0.0173349522127619));
#11871=CARTESIAN_POINT('',(-0.000701324675016673,0.0281453297508973,-0.0173318564005251));
#11872=CARTESIAN_POINT('',(-0.00026583373485142,0.0286727448309741,-0.0172892527449132));
#11873=CARTESIAN_POINT('',(-0.000297141128461255,0.0286454266721822,-0.0172299777661338));
#11874=CARTESIAN_POINT('',(-0.000349379492899848,0.0286243346710724,-0.0171720955271891));
#11875=CARTESIAN_POINT('',(-0.000479090409488268,0.028607284802785,-0.0170878032340473));
#11876=CARTESIAN_POINT('',(-0.000555036700255977,0.0286115971476648,-0.017062655567921));
#11877=CARTESIAN_POINT('',(-0.000625387704917545,0.0286245768058403,-0.0170551617246628));
#11878=CARTESIAN_POINT('',(-0.000234807119567543,0.0288619869763485,-0.017121445711706));
#11879=CARTESIAN_POINT('',(-0.000270748583131122,0.0288449704876479,-0.0170704391683264));
#11880=CARTESIAN_POINT('',(-0.000320934256661595,0.0288356765113914,-0.0170222004570952));
#11881=CARTESIAN_POINT('',(-0.00043672550255846,0.0288375827538935,-0.016949437312239));
#11882=CARTESIAN_POINT('',(-0.000501574902386034,0.0288488672873946,-0.0169256669652216));
#11883=CARTESIAN_POINT('',(-0.00056290974658219,0.0288664751421215,-0.0169155010192738));
#11884=CARTESIAN_POINT('',(-0.000168698037637733,0.0290241415214991,-0.0169740955203231));
#11885=CARTESIAN_POINT('',(-0.00020087938146616,0.0290191601134889,-0.0169310399480408));
#11886=CARTESIAN_POINT('',(-0.000241907993421958,0.0290212530201734,-0.0168907725965127));
#11887=CARTESIAN_POINT('',(-0.000333008911193174,0.0290408994994033,-0.0168273414983984));
#11888=CARTESIAN_POINT('',(-0.000382698914555647,0.0290584856634702,-0.0168046431883936));
#11889=CARTESIAN_POINT('',(-0.000430300531886063,0.0290805365167303,-0.0167919120643682));
#11890=CARTESIAN_POINT('',(-0.000708802529144228,0.0278607314172683,-0.0179580508141576));
#11891=CARTESIAN_POINT('',(-0.000308802529144228,0.0278607314172683,-0.0179580508141576));
#11892=CARTESIAN_POINT('',(-0.000708802529144228,0.027660730734375,-0.0176116410469133));
#11893=CARTESIAN_POINT('',(-0.000428593546128888,0.0290797457769498,-0.0167923686002718));
#11894=CARTESIAN_POINT('',(-0.000495238099034905,0.028971845827029,-0.0168546649490149));
#11895=CARTESIAN_POINT('',(-0.000542328293449379,0.0288576963330861,-0.0169205694901083));
#11896=CARTESIAN_POINT('',(-0.000616147193674973,0.0286228898435939,-0.017056135697204));
#11897=CARTESIAN_POINT('',(-0.000641916396403809,0.0285033334347924,-0.0171251619362584));
#11898=CARTESIAN_POINT('',(-0.000698300344434401,0.0281445387825889,-0.0173323130683699));
#11899=CARTESIAN_POINT('',(-0.000708802529144228,0.0279030744180398,-0.0174717232189219));
#11900=CARTESIAN_POINT('',(-0.000708802529144228,0.027660730734375,-0.0176116410469133));
#11901=CARTESIAN_POINT('',(-0.000308802529144228,0.0278607314172683,-0.0179580508141576));
#11902=CARTESIAN_POINT('',(-0.000308802529144228,0.0279698002365271,-0.0178731048311656));
#11903=CARTESIAN_POINT('',(-0.000306818976923494,0.028123717388909,-0.0177501221471706));
#11904=CARTESIAN_POINT('',(-0.000297202711194371,0.028321991698818,-0.017586504156228));
#11905=CARTESIAN_POINT('',(-0.000288756083954844,0.0284442036434089,-0.0174841010203657));
#11906=CARTESIAN_POINT('',(-0.00026801752040017,0.0286323880976603,-0.0173227351148289));
#11907=CARTESIAN_POINT('',(-0.000233604427976946,0.0288284282290071,-0.0171505786354054));
#11908=CARTESIAN_POINT('',(-0.000197172302138408,0.0289542989364506,-0.0170375616090582));
#11909=CARTESIAN_POINT('',(-0.000168698037636142,0.0290241415214977,-0.0169740955203235));
#11910=CARTESIAN_POINT('',(-0.00360880252914422,0.0288797450940565,-0.0164459588330274));
#11911=CARTESIAN_POINT('',(-0.00360880252914423,0.0290797457769498,-0.0167923686002718));
#11912=CARTESIAN_POINT('',(-0.00360880252914422,0.0292797450940558,-0.0164459580444898));
#11913=CARTESIAN_POINT('',(0.0156481889131126,0.0256297487930701,-0.0183223536147585));
#11914=CARTESIAN_POINT('',(-0.00267411079698559,0.0223797524920836,-0.0201987483964895));
#11915=CARTESIAN_POINT('',(-0.00267411079698559,0.0225797531749768,-0.0205451581637337));
#11916=CARTESIAN_POINT('',(-0.00304425826587647,0.0223797527909932,-0.0203503757399127));
#11917=CARTESIAN_POINT('',(0.0156481889131126,0.0256954055829088,-0.0184360739928942));
#11918=CARTESIAN_POINT('',(0.0156481889131126,0.0258297494759633,-0.0186687633820028));
#11919=CARTESIAN_POINT('',(0.0156481889131126,0.0191297265990397,-0.00706403617931935));
#11920=CARTESIAN_POINT('',(-0.00267411079698559,0.0158797302980531,-0.00894043096105033));
#11921=CARTESIAN_POINT('',(-0.00304425826587647,0.0157484170172855,-0.00886461754820208));
#11922=CARTESIAN_POINT('',(-0.00267411079698559,0.0156797296151599,-0.00859402119380606));
#11923=CARTESIAN_POINT('',(0.0156481889131126,0.0189297259161464,-0.00671762641207506));
#11924=CARTESIAN_POINT('',(0.0156481889131126,0.0190640698092009,-0.00695031580118359));
#11925=CARTESIAN_POINT('',(-0.000308802529144226,0.0168987439748415,-0.00742833897992025));
#11926=CARTESIAN_POINT('',(-0.000308802529144226,0.0169461680242469,-0.00751047946903586));
#11927=CARTESIAN_POINT('',(-0.000348407769723535,0.0170017775236252,-0.00760679750884237));
#11928=CARTESIAN_POINT('',(-0.000506336530336607,0.0170799594251227,-0.00774221191797662));
#11929=CARTESIAN_POINT('',(-0.000617355978976423,0.0170987446577347,-0.00777474874716453));
#11930=CARTESIAN_POINT('',(-0.00071220375393271,0.0170987446577347,-0.00777474874716453));
#11931=CARTESIAN_POINT('',(-0.000308802529144226,0.0166842036864477,-0.00759542922659748));
#11932=CARTESIAN_POINT('',(-0.00031767541109413,0.0167294318979738,-0.00767371773182739));
#11933=CARTESIAN_POINT('',(-0.00036320078349444,0.0167785921021773,-0.00776096768090199));
#11934=CARTESIAN_POINT('',(-0.000517941033630526,0.0168442361407502,-0.00788319672994423));
#11935=CARTESIAN_POINT('',(-0.00062162756597676,0.0168582914272989,-0.00791357511650607));
#11936=CARTESIAN_POINT('',(-0.000712044890317486,0.0168560520713871,-0.00791486801513084));
#11937=CARTESIAN_POINT('',(-0.000303539972270338,0.0164785657221423,-0.00776383652843667));
#11938=CARTESIAN_POINT('',(-0.000321480501699143,0.0165197708347756,-0.0078366768553115));
#11939=CARTESIAN_POINT('',(-0.000371511832263043,0.0165606479979895,-0.00791401712565814));
#11940=CARTESIAN_POINT('',(-0.000520904242792115,0.0166112336630474,-0.00802298480539299));
#11941=CARTESIAN_POINT('',(-0.000616347992230924,0.0166195077208856,-0.00805143758131592));
#11942=CARTESIAN_POINT('',(-0.000701324675016681,0.0166141456412124,-0.00805453339355268));
#11943=CARTESIAN_POINT('',(-0.000265833734851373,0.0160867305611354,-0.00809713704916456));
#11944=CARTESIAN_POINT('',(-0.000297141128461187,0.0161140487199273,-0.00815641202794403));
#11945=CARTESIAN_POINT('',(-0.000349379492899773,0.0161351407210372,-0.00821429426688873));
#11946=CARTESIAN_POINT('',(-0.000479090409488208,0.0161521905893247,-0.00829858656003056));
#11947=CARTESIAN_POINT('',(-0.000555036700255938,0.0161478782444449,-0.00832373422615684));
#11948=CARTESIAN_POINT('',(-0.000625387704917524,0.0161348985862694,-0.00833122806941496));
#11949=CARTESIAN_POINT('',(-0.000234807119567497,0.0158974884157612,-0.00826494408237173));
#11950=CARTESIAN_POINT('',(-0.0002707485831311,0.0159145049044617,-0.0083159506257513));
#11951=CARTESIAN_POINT('',(-0.00032093425666159,0.0159237988807182,-0.00836418933698243));
#11952=CARTESIAN_POINT('',(-0.000436725502558473,0.015921892638216,-0.00843695248183866));
#11953=CARTESIAN_POINT('',(-0.000501574902386049,0.0159106081047149,-0.0084607228288562));
#11954=CARTESIAN_POINT('',(-0.000562909746582207,0.015893000249988,-0.00847088877480407));
#11955=CARTESIAN_POINT('',(-0.000168698037637731,0.0157353338706106,-0.00841229427375471));
#11956=CARTESIAN_POINT('',(-0.000200879381466158,0.0157403152786207,-0.00845534984603697));
#11957=CARTESIAN_POINT('',(-0.000241907993421955,0.0157382223719363,-0.0084956171975651));
#11958=CARTESIAN_POINT('',(-0.000333008911193169,0.0157185758927064,-0.00855904829567945));
#11959=CARTESIAN_POINT('',(-0.000382698914555641,0.0157009897286395,-0.00858174660568419));
#11960=CARTESIAN_POINT('',(-0.000430300531886057,0.0156789388753794,-0.00859447772970959));
#11961=CARTESIAN_POINT('',(-0.000428593546128055,0.0154797289322675,-0.00824761142656131));
#11962=CARTESIAN_POINT('',(-0.000428593546128884,0.0156797296151599,-0.00859402119380606));
#11963=CARTESIAN_POINT('',(-0.000168698037636141,0.015735333870612,-0.0084122942737543));
#11964=CARTESIAN_POINT('',(-0.000308802529144227,0.0168987439748414,-0.00742833897992025));
#11965=CARTESIAN_POINT('',(-0.000308802529144227,0.0167896751555946,-0.00751328496290282));
#11966=CARTESIAN_POINT('',(-0.000306818976923861,0.0166357580032199,-0.00763626764689083));
#11967=CARTESIAN_POINT('',(-0.000297202711195302,0.0164374836933079,-0.00779988563783482));
#11968=CARTESIAN_POINT('',(-0.000288756083954161,0.0163152717486941,-0.00790228877371756));
#11969=CARTESIAN_POINT('',(-0.000268017520401956,0.0161270872944597,-0.00806365467924211));
#11970=CARTESIAN_POINT('',(-0.000233604427980036,0.0159310471631125,-0.00823581115866506));
#11971=CARTESIAN_POINT('',(-0.000197172302140748,0.0158051764556648,-0.00834882818501442));
#11972=CARTESIAN_POINT('',(-0.000168698037636141,0.0157353338706121,-0.00841229427375429));
#11973=CARTESIAN_POINT('',(-0.000428593546128884,0.0156797296151599,-0.00859402119380606));
#11974=CARTESIAN_POINT('',(-0.000495238099034902,0.0157876295650806,-0.00853172484506285));
#11975=CARTESIAN_POINT('',(-0.000542328293449376,0.0159017790590235,-0.00846582030396949));
#11976=CARTESIAN_POINT('',(-0.000616147193674971,0.0161365855485158,-0.00833025409687378));
#11977=CARTESIAN_POINT('',(-0.000641916396403806,0.0162561419573173,-0.00826122785781943));
#11978=CARTESIAN_POINT('',(-0.000698300344434399,0.0166149366095208,-0.0080540767257079));
#11979=CARTESIAN_POINT('',(-0.000708802529144227,0.0168564009740699,-0.00791466657515592));
#11980=CARTESIAN_POINT('',(-0.000708802529144227,0.0170987446577347,-0.00777474874716453));
#11981=CARTESIAN_POINT('',(-0.000708802529144228,0.0294797462322114,-0.0170233079194095));
#11982=CARTESIAN_POINT('',(-0.000708802529144229,0.0241987689004448,-0.0200722954843365));
#11983=CARTESIAN_POINT('',(-0.000308802529144229,0.0241987689004448,-0.0200722954843365));
#11984=CARTESIAN_POINT('',(-0.000708802529144229,0.0239987682175515,-0.0197258857170922));
#11985=CARTESIAN_POINT('',(-0.000708802529144229,0.0230706766839633,-0.0202617220532951));
#11986=CARTESIAN_POINT('',(-0.000308802529144228,0.0287888229508565,-0.0174222144779546));
#11987=CARTESIAN_POINT('',(-0.00267411079698559,0.0223797524920836,-0.0201987483964895));
#11988=CARTESIAN_POINT('',(-0.00267411079698559,0.0223797524920836,-0.0201987483964895));
#11989=CARTESIAN_POINT('',(-0.00267411079698559,0.0221797531749775,-0.0205451589522713));
#11990=CARTESIAN_POINT('',(-0.00267411079698559,0.0223797524920836,-0.0201987483964895));
#11991=CARTESIAN_POINT('',(-0.00267411079698559,0.0158797302980531,-0.00894043096105033));
#11992=CARTESIAN_POINT('',(-0.00267411079698559,0.0158797302980531,-0.00894043096105033));
#11993=CARTESIAN_POINT('',(-0.00267411079698559,0.0154797302980539,-0.00894043174958798));
#11994=CARTESIAN_POINT('',(-0.00267411079698559,0.0158797302980531,-0.00894043096105033));
#11995=CARTESIAN_POINT('',(-0.000168698037636039,0.0157353338706118,-0.00841229427375453));
#11996=CARTESIAN_POINT('',(-0.000273529778608817,0.0157515609640784,-0.00855254915636578));
#11997=CARTESIAN_POINT('',(-0.000428593546127852,0.0156797296151601,-0.00859402119380592));
#11998=CARTESIAN_POINT('',(-0.000151003729121436,0.0156919327340284,-0.00845173295023102));
#11999=CARTESIAN_POINT('',(-0.00025459691512214,0.0157107111076884,-0.00856836080288436));
#12000=CARTESIAN_POINT('',(-0.000393330974244306,0.0156511839674632,-0.00861050210621905));
#12001=CARTESIAN_POINT('',(-0.000133928736743783,0.0156502796962189,-0.00849560333246372));
#12002=CARTESIAN_POINT('',(-0.000233415189512834,0.0156701151282502,-0.00859132540230578));
#12003=CARTESIAN_POINT('',(-0.000359054931321744,0.0156245858576241,-0.00863038941509261));
#12004=CARTESIAN_POINT('',(-0.000106623976209469,0.0155677757157143,-0.00859775788404623));
#12005=CARTESIAN_POINT('',(-0.000198480618950603,0.0155944688393658,-0.00865444581514024));
#12006=CARTESIAN_POINT('',(-0.000304445436296305,0.0155746283096857,-0.00867939988551343));
#12007=CARTESIAN_POINT('',(-9.72887936695029E-5,0.01552748727931,-0.00865601361527958));
#12008=CARTESIAN_POINT('',(-0.000185627147458352,0.0155593522988714,-0.00869521719031667));
#12009=CARTESIAN_POINT('',(-0.000285775057805144,0.0155516168931459,-0.00870867246856777));
#12010=CARTESIAN_POINT('',(-9.74033722904074E-5,0.0154566581807971,-0.00877884124809176));
#12011=CARTESIAN_POINT('',(-0.000185780776470803,0.0155067646002682,-0.00878655249335251));
#12012=CARTESIAN_POINT('',(-0.000286004215826224,0.0155146567406805,-0.00877282516453708));
#12013=CARTESIAN_POINT('',(-0.000106889582625692,0.0154264401368905,-0.00884293779730342));
#12014=CARTESIAN_POINT('',(-0.000198823072046246,0.0154891911211688,-0.00883742231635103));
#12015=CARTESIAN_POINT('',(-0.000304976647780674,0.0155008990232767,-0.00880745150941696));
#12016=CARTESIAN_POINT('',(-0.000133946150354165,0.015379833495082,-0.00896407617341779));
#12017=CARTESIAN_POINT('',(-0.000233428537340252,0.0154726567780567,-0.00893339824733416));
#12018=CARTESIAN_POINT('',(-0.000359089759890585,0.0154836936723401,-0.00887446384500532));
#12019=CARTESIAN_POINT('',(-0.000151372562784561,0.0153623473375233,-0.00902333908262982));
#12020=CARTESIAN_POINT('',(-0.000254979974812797,0.0154731348435706,-0.00898096845090933));
#12021=CARTESIAN_POINT('',(-0.000394011627796717,0.0154797302343291,-0.00890810628034038));
#12022=CARTESIAN_POINT('',(-0.000168698037636976,0.0153501528445694,-0.00907945041828122));
#12023=CARTESIAN_POINT('',(-0.000273529778609838,0.0154797304615651,-0.00902337554126201));
#12024=CARTESIAN_POINT('',(-0.000428593546129725,0.0154797302980539,-0.00894043174959));
#12025=CARTESIAN_POINT('',(-0.000428593546128884,0.0150797302980547,-0.0089404325381281));
#12026=CARTESIAN_POINT('',(-0.000428593546128884,0.0154797302980539,-0.00894043174959046));
#12027=CARTESIAN_POINT('',(-0.000168698037636141,0.01535015284457,-0.00907945041827851));
#12028=CARTESIAN_POINT('',(-0.000168698037636141,0.0157353338706121,-0.00841229427375429));
#12029=CARTESIAN_POINT('',(-0.000124831915117958,0.0156277376448198,-0.00851006716702614));
#12030=CARTESIAN_POINT('',(-6.98618710535941E-5,0.0154804387103647,-0.00870996259305156));
#12031=CARTESIAN_POINT('',(-0.000124827542570309,0.0153810310585349,-0.00893736862381024));
#12032=CARTESIAN_POINT('',(-0.000168698037636141,0.0153501528445699,-0.00907945041827853));
#12033=CARTESIAN_POINT('',(-0.00042859354612888,0.0154797302980539,-0.00894043174959045));
#12034=CARTESIAN_POINT('',(-0.00038796458870392,0.015479730223186,-0.00890245374616205));
#12035=CARTESIAN_POINT('',(-0.000339914822378048,0.0154849666232392,-0.00885740287581074));
#12036=CARTESIAN_POINT('',(-0.00025914481262139,0.0155252985119457,-0.00873789095602832));
#12037=CARTESIAN_POINT('',(-0.000338879805227178,0.0156100260215903,-0.00864011012907817));
#12038=CARTESIAN_POINT('',(-0.000387533166565437,0.015646490492791,-0.00861321189742111));
#12039=CARTESIAN_POINT('',(-0.00042859354612888,0.0156797296151599,-0.00859402119380605));
#12040=CARTESIAN_POINT('',(-0.000712200422179639,0.0239987682175515,-0.0197258857170922));
#12041=CARTESIAN_POINT('',(-0.000617353202515531,0.0239987682175516,-0.0197258857170922));
#12042=CARTESIAN_POINT('',(-0.00050633430062832,0.0240175541724911,-0.0197584237973824));
#12043=CARTESIAN_POINT('',(-0.000348407225627349,0.0240957360024992,-0.0198938380826941));
#12044=CARTESIAN_POINT('',(-0.000308802529144229,0.0241513451286864,-0.0199901554761175));
#12045=CARTESIAN_POINT('',(-0.000308802529144229,0.0241987689004448,-0.0200722954843365));
#12046=CARTESIAN_POINT('',(-0.000712041714194507,0.0237560757098667,-0.0198660049396423));
#12047=CARTESIAN_POINT('',(-0.000621624919207459,0.0237583150526682,-0.0198647120485872));
#12048=CARTESIAN_POINT('',(-0.000517938909465545,0.0237775965940513,-0.0198920745094472));
#12049=CARTESIAN_POINT('',(-0.000363200189855227,0.0238506284084354,-0.0200100380818361));
#12050=CARTESIAN_POINT('',(-0.000317675359147149,0.0239016089882422,-0.0200962362982155));
#12051=CARTESIAN_POINT('',(-0.000308802529144229,0.0239467947610516,-0.0201745486943385));
#12052=CARTESIAN_POINT('',(-0.000701321690009148,0.0235141693893852,-0.0200056702547325));
#12053=CARTESIAN_POINT('',(-0.000616345504724632,0.0235195314376658,-0.0200025744606203));
#12054=CARTESIAN_POINT('',(-0.000520902247372132,0.0235400358331787,-0.0200239672727313));
#12055=CARTESIAN_POINT('',(-0.000371511203805896,0.0236091120396721,-0.0201222592974633));
#12056=CARTESIAN_POINT('',(-0.000321480396665171,0.0236556520947149,-0.0201963294767732));
#12057=CARTESIAN_POINT('',(-0.000303539972270333,0.0236981311474807,-0.0202684337248936));
#12058=CARTESIAN_POINT('',(-0.000625385233671669,0.0230349226020278,-0.0202823647761035));
#12059=CARTESIAN_POINT('',(-0.000555034640884405,0.0230479021842131,-0.0202748709767186));
#12060=CARTESIAN_POINT('',(-0.000479088759153065,0.0230718371993741,-0.0202837107919122));
#12061=CARTESIAN_POINT('',(-0.000349378865035546,0.0231363115490102,-0.0203406223882332));
#12062=CARTESIAN_POINT('',(-0.000297140945170166,0.0231758929822004,-0.0203878293302156));
#12063=CARTESIAN_POINT('',(-0.000265833734851416,0.023213567529795,-0.020441124578542));
#12064=CARTESIAN_POINT('',(-0.00056290759205174,0.0227930244283226,-0.0204220253876288));
#12065=CARTESIAN_POINT('',(-0.00050157310694419,0.0228106321799632,-0.020411859501198));
#12066=CARTESIAN_POINT('',(-0.000436724064285439,0.0228368603532435,-0.0204139724167337));
#12067=CARTESIAN_POINT('',(-0.000320933661217043,0.0229008280883291,-0.0204487030114582));
#12068=CARTESIAN_POINT('',(-0.000270748372710082,0.0229379569509477,-0.0204808709063461));
#12069=CARTESIAN_POINT('',(-0.000234807119567675,0.0229736216187746,-0.0205211105133317));
#12070=CARTESIAN_POINT('',(-0.000430298859766575,0.0225789632097852,-0.0205456142524262));
#12071=CARTESIAN_POINT('',(-0.000382697521122755,0.0226010139339472,-0.0205328832029359));
#12072=CARTESIAN_POINT('',(-0.00033300779540028,0.0226294643852897,-0.0205290026018308));
#12073=CARTESIAN_POINT('',(-0.000241907509148122,0.0226942203285546,-0.0205437037072218));
#12074=CARTESIAN_POINT('',(-0.000200879193058611,0.0227301391868715,-0.0205620246723234));
#12075=CARTESIAN_POINT('',(-0.00016869803763785,0.0227649356004044,-0.0205878661958642));
#12076=CARTESIAN_POINT('',(-0.000428593546128886,0.0227797538578722,-0.0208915679309768));
#12077=CARTESIAN_POINT('',(-0.000168698037636143,0.0227649356004051,-0.0205878661958633));
#12078=CARTESIAN_POINT('',(-0.000428593546128886,0.0225797531749789,-0.0205451581637325));
#12079=CARTESIAN_POINT('',(-0.000708802529144229,0.0239987682175515,-0.0197258857170922));
#12080=CARTESIAN_POINT('',(-0.000708802529144229,0.0237564245338865,-0.0198658035450838));
#12081=CARTESIAN_POINT('',(-0.000698300344434376,0.023514960169337,-0.0200052136956359));
#12082=CARTESIAN_POINT('',(-0.000641916396403588,0.023156165517133,-0.0202123648277477));
#12083=CARTESIAN_POINT('',(-0.000616147193674658,0.0230366091083314,-0.0202813910668022));
#12084=CARTESIAN_POINT('',(-0.000542328293448779,0.0228018026188388,-0.0204169572738981));
#12085=CARTESIAN_POINT('',(-0.000495238099035036,0.0226876531248977,-0.0204828618149904));
#12086=CARTESIAN_POINT('',(-0.000428593546128886,0.0225797531749789,-0.0205451581637325));
#12087=CARTESIAN_POINT('',(-0.000168698037636143,0.0227649356004051,-0.0205878661958633));
#12088=CARTESIAN_POINT('',(-0.0001971692838638,0.0228548104969321,-0.0205591164807229));
#12089=CARTESIAN_POINT('',(-0.000233600443630229,0.0230156163099584,-0.0205066203607996));
#12090=CARTESIAN_POINT('',(-0.000268015216000166,0.0232627281688937,-0.020422922766925));
#12091=CARTESIAN_POINT('',(-0.000288756960387161,0.0234965916345366,-0.020340621223048));
#12092=CARTESIAN_POINT('',(-0.000297201509865109,0.023646343593342,-0.0202859959138838));
#12093=CARTESIAN_POINT('',(-0.000306818502807039,0.0238871742595309,-0.020196095735248));
#12094=CARTESIAN_POINT('',(-0.000308802529144229,0.0240706511064459,-0.0201242867559491));
#12095=CARTESIAN_POINT('',(-0.000308802529144229,0.0241987689004448,-0.0200722954843365));
#12096=CARTESIAN_POINT('',(-0.00360880252914423,0.0223797524920836,-0.0201987483964895));
#12097=CARTESIAN_POINT('',(-0.000428593546128885,0.0225797531749789,-0.0205451581637325));
#12098=CARTESIAN_POINT('',(-0.000387964588703929,0.0225468632966589,-0.0205641472302842));
#12099=CARTESIAN_POINT('',(-0.000339914822376511,0.0225052298984441,-0.02058213780999));
#12100=CARTESIAN_POINT('',(-0.000259144812621778,0.0223815635955046,-0.0206069653296781));
#12101=CARTESIAN_POINT('',(-0.000338879805227137,0.0222545191605415,-0.0205824795674018));
#12102=CARTESIAN_POINT('',(-0.000387533166566435,0.0222129923730083,-0.0205643495248343));
#12103=CARTESIAN_POINT('',(-0.000428593546128885,0.0221797531749776,-0.0205451589522714));
#12104=CARTESIAN_POINT('',(-0.000428593546128676,0.0221797531749771,-0.0205451589522711));
#12105=CARTESIAN_POINT('',(-0.00360880252914423,0.0221797531749775,-0.0205451589522713));
#12106=CARTESIAN_POINT('',(-0.00360880252914423,0.0225797531749768,-0.0205451581637337));
#12107=CARTESIAN_POINT('',(0.0156481889131126,0.0191297487930827,-0.0183223664284951));
#12108=CARTESIAN_POINT('',(-0.00267411079698559,0.0158797450940818,-0.0164459844605009));
#12109=CARTESIAN_POINT('',(-0.00267411079698559,0.0156797457769759,-0.0167923950162828));
#12110=CARTESIAN_POINT('',(-0.00304425826587647,0.0157484321122237,-0.0165217983910758));
#12111=CARTESIAN_POINT('',(0.0156481889131126,0.0190640924516085,-0.0184360870654943));
#12112=CARTESIAN_POINT('',(0.0156481889131126,0.0189297494759767,-0.0186687769842771));
#12113=CARTESIAN_POINT('',(0.0156481889131126,0.0158797376960675,-0.0126932077107756));
#12114=CARTESIAN_POINT('',(-0.00267411079698559,0.0158797450940818,-0.0164459844605009));
#12115=CARTESIAN_POINT('',(-0.00267411079698559,0.0154797450940826,-0.0164459852490385));
#12116=CARTESIAN_POINT('',(0.0156481889131126,0.0154797376960683,-0.0126932084993133));
#12117=CARTESIAN_POINT('',(0.0156481889131126,0.0157484245647546,-0.012693207969639));
#12118=CARTESIAN_POINT('',(-0.00360880252914422,0.0158797302980531,-0.00894043096105033));
#12119=CARTESIAN_POINT('',(-0.00360880252914422,0.0154797302980539,-0.00894043174958798));
#12120=CARTESIAN_POINT('',(-0.00360880252914422,0.0156797296151599,-0.00859402119380606));
#12121=CARTESIAN_POINT('',(-0.000712200422179677,0.0154797335281787,-0.0105789710481308));
#12122=CARTESIAN_POINT('',(-0.000617353202515563,0.0154797335281787,-0.0105789710481308));
#12123=CARTESIAN_POINT('',(-0.000506334300628345,0.0154421617465872,-0.0105789711221977));
#12124=CARTESIAN_POINT('',(-0.000348407225627354,0.015285798620468,-0.0105789714304432));
#12125=CARTESIAN_POINT('',(-0.000308802529144227,0.0151745807478434,-0.0105789716496919));
#12126=CARTESIAN_POINT('',(-0.000308802529144228,0.0150797335281795,-0.0105789718366684));
#12127=CARTESIAN_POINT('',(-0.000712041714194543,0.0154797329757342,-0.0102987335598925));
#12128=CARTESIAN_POINT('',(-0.000621624919207543,0.0154797329808315,-0.0103013193331739));
#12129=CARTESIAN_POINT('',(-0.000517938909465669,0.0154463956239254,-0.0103043364074058));
#12130=CARTESIAN_POINT('',(-0.000363200189855336,0.0153077202663235,-0.0103086020277525));
#12131=CARTESIAN_POINT('',(-0.000317675359147207,0.0152075801312747,-0.0103096533967751));
#12132=CARTESIAN_POINT('',(-0.000308802529144228,0.0151171667203962,-0.0103096292258562));
#12133=CARTESIAN_POINT('',(-0.000701321690009214,0.0154797324250793,-0.0100194038834744));
#12134=CARTESIAN_POINT('',(-0.000616345504724684,0.015479732437285,-0.0100255954505578));
#12135=CARTESIAN_POINT('',(-0.000520902247372162,0.0154509535207821,-0.0100326563719057));
#12136=CARTESIAN_POINT('',(-0.000371511203805879,0.015331292027128,-0.01004333210916));
#12137=CARTESIAN_POINT('',(-0.000321480396665134,0.0152438753426613,-0.0100466018894657));
#12138=CARTESIAN_POINT('',(-0.000303539972270289,0.0151601917056854,-0.0100473377042294));
#12139=CARTESIAN_POINT('',(-0.000625385233671669,0.0154797313341627,-0.00946601673025529));
#12140=CARTESIAN_POINT('',(-0.000555034640884407,0.0154797313637084,-0.00948100427785072));
#12141=CARTESIAN_POINT('',(-0.000479088759153078,0.0154601083516054,-0.00949731270142335));
#12142=CARTESIAN_POINT('',(-0.000349378865035576,0.0153785842886036,-0.00952469332794015));
#12143=CARTESIAN_POINT('',(-0.000297140945170203,0.0153179111610167,-0.00953536838360989));
#12144=CARTESIAN_POINT('',(-0.000265833734851456,0.0152529188482677,-0.00954134787473971));
#12145=CARTESIAN_POINT('',(-0.000562907592050341,0.0154797307835264,-0.00918669646093538));
#12146=CARTESIAN_POINT('',(-0.000501573106942828,0.0154797308236071,-0.009207028164375));
#12147=CARTESIAN_POINT('',(-0.000436724064284168,0.015464786898437,-0.00922868597096276));
#12148=CARTESIAN_POINT('',(-0.000320933661216057,0.0154027254535741,-0.00926671835720698));
#12149=CARTESIAN_POINT('',(-0.00027074837270929,0.0153563028081054,-0.00928278894800419));
#12150=CARTESIAN_POINT('',(-0.000234807119567098,0.015303621952304,-0.0092935556528669));
#12151=CARTESIAN_POINT('',(-0.000430298859766592,0.0154797302962557,-0.00893951957531778));
#12152=CARTESIAN_POINT('',(-0.000382697521122769,0.0154797303464501,-0.00896498158735903));
#12153=CARTESIAN_POINT('',(-0.00033300779540029,0.0154688658199179,-0.00899156070152337));
#12154=CARTESIAN_POINT('',(-0.000241907509148125,0.015423756317553,-0.00904029044074127));
#12155=CARTESIAN_POINT('',(-0.000200879193058611,0.0153899304671948,-0.00906223660196786));
#12156=CARTESIAN_POINT('',(-0.000168698037637848,0.0153501528445695,-0.00907945041827745));
#12157=CARTESIAN_POINT('',(-0.000708802529144227,0.0150797335281795,-0.0105789718366684));
#12158=CARTESIAN_POINT('',(-0.000708802529144227,0.0154797335281787,-0.0105789710481308));
#12159=CARTESIAN_POINT('',(-0.000308802529144228,0.0150797335281795,-0.0105789718366684));
#12160=CARTESIAN_POINT('',(-0.000168698037636141,0.0153501528445699,-0.00907945041827853));
#12161=CARTESIAN_POINT('',(-0.000197169283864342,0.0153301133799692,-0.00917165921940537));
#12162=CARTESIAN_POINT('',(-0.000233600443630946,0.0152951734469098,-0.00933716919852512));
#12163=CARTESIAN_POINT('',(-0.000268015216000579,0.0152441017599733,-0.00959302314287677));
#12164=CARTESIAN_POINT('',(-0.000288756960387,0.0151984452549206,-0.00983670561707423));
#12165=CARTESIAN_POINT('',(-0.000297201509865323,0.0151708761809422,-0.00999370727225535));
#12166=CARTESIAN_POINT('',(-0.000306818502807122,0.0151283166863511,-0.0102472228365039));
#12167=CARTESIAN_POINT('',(-0.000308802529144227,0.0150987666631869,-0.0104420229365857));
#12168=CARTESIAN_POINT('',(-0.000308802529144227,0.0150797335281795,-0.0105789718366684));
#12169=CARTESIAN_POINT('',(-0.000708802529144227,0.0154797335281787,-0.0105789710481308));
#12170=CARTESIAN_POINT('',(-0.000708802529144227,0.0154797329765283,-0.0102991363476343));
#12171=CARTESIAN_POINT('',(-0.000698300344434375,0.0154797324268793,-0.0100203169985497));
#12172=CARTESIAN_POINT('',(-0.000641916396403586,0.0154797316101498,-0.00960601614894317));
#12173=CARTESIAN_POINT('',(-0.000616147193674655,0.0154797313380018,-0.00946796414220844));
#12174=CARTESIAN_POINT('',(-0.000542328293448776,0.0154797308035084,-0.00919683265378654));
#12175=CARTESIAN_POINT('',(-0.000495238099035035,0.0154797305436682,-0.0090650240216582));
#12176=CARTESIAN_POINT('',(-0.000428593546128884,0.0154797302980539,-0.00894043174959046));
#12177=CARTESIAN_POINT('',(-0.000168698037636042,0.0219945709179354,-0.0205878677145173));
#12178=CARTESIAN_POINT('',(-0.000273529778608819,0.0221079216625483,-0.02050368719804));
#12179=CARTESIAN_POINT('',(-0.000428593546127854,0.0221797531749773,-0.0205451589522712));
#12180=CARTESIAN_POINT('',(-0.000151003729121494,0.0220504263819474,-0.0206057348631133));
#12181=CARTESIAN_POINT('',(-0.000254596915122321,0.0221420398783041,-0.0205311583881553));
#12182=CARTESIAN_POINT('',(-0.000393330974244388,0.0222082988876531,-0.0205616397521377));
#12183=CARTESIAN_POINT('',(-0.000133928736743863,0.0221092457663391,-0.0206198722608848));
#12184=CARTESIAN_POINT('',(-0.000233415189512879,0.0221822257945096,-0.0205548332379295));
#12185=CARTESIAN_POINT('',(-0.000359054931321869,0.0222388208572699,-0.0205747307365142));
#12186=CARTESIAN_POINT('',(-0.000106623976209559,0.0222389661933739,-0.0206402455281238));
#12187=CARTESIAN_POINT('',(-0.000198480618950774,0.0222747128199637,-0.0205887846393882));
#12188=CARTESIAN_POINT('',(-0.000304445436296517,0.0223062439436748,-0.0205934900069292));
#12189=CARTESIAN_POINT('',(-9.72887936695623E-5,0.0223095613547399,-0.0206460084719121));
#12190=CARTESIAN_POINT('',(-0.000185627147458414,0.0223275801368607,-0.0205988107679613));
#12191=CARTESIAN_POINT('',(-0.000285775057805277,0.022343100452504,-0.0205987821867026));
#12192=CARTESIAN_POINT('',(-9.74033722903548E-5,0.0224513477542982,-0.0206459344541454));
#12193=CARTESIAN_POINT('',(-0.000185780776470746,0.0224329726788536,-0.0205986853993603));
#12194=CARTESIAN_POINT('',(-0.000286004215826098,0.0224171383931674,-0.0205987142696809));
#12195=CARTESIAN_POINT('',(-0.000106889582625533,0.0225219660161636,-0.0206400557732154));
#12196=CARTESIAN_POINT('',(-0.00019882307204603,0.0224858139774059,-0.0205884695671943));
#12197=CARTESIAN_POINT('',(-0.000304976647780359,0.0224540045461753,-0.0205933156300107));
#12198=CARTESIAN_POINT('',(-0.000133946150353838,0.022650178248156,-0.0206198491209496));
#12199=CARTESIAN_POINT('',(-0.000233428537339838,0.0225771987433451,-0.0205548007628728));
#12200=CARTESIAN_POINT('',(-0.000359089759889923,0.02252064160663,-0.0205747097332088));
#12201=CARTESIAN_POINT('',(-0.000151372562784201,0.022710244511815,-0.020605361123004));
#12202=CARTESIAN_POINT('',(-0.00025497997481229,0.0226181567153474,-0.0205306016442056));
#12203=CARTESIAN_POINT('',(-0.000394011627795887,0.0225517585292809,-0.0205613209535451));
#12204=CARTESIAN_POINT('',(-0.000168698037636558,0.0227649356004063,-0.0205878661958629));
#12205=CARTESIAN_POINT('',(-0.000273529778609382,0.0226515845238963,-0.0205036861262925));
#12206=CARTESIAN_POINT('',(-0.000428593546128886,0.0225797531749778,-0.0205451581637331));
#12207=CARTESIAN_POINT('',(-0.000168698037636143,0.0219945709179352,-0.0205878677145172));
#12208=CARTESIAN_POINT('',(-0.000124831915117191,0.0221330428402086,-0.0206321623327694));
#12209=CARTESIAN_POINT('',(-6.98618710535972E-5,0.0223798068244696,-0.0206597792389445));
#12210=CARTESIAN_POINT('',(-0.000124827542571081,0.0226264500500002,-0.0206321657753795));
#12211=CARTESIAN_POINT('',(-0.000168698037636143,0.0227649356004051,-0.0205878661958633));
#12212=CARTESIAN_POINT('',(-0.000168698037636143,0.0219945709179351,-0.0205878677145171));
#12213=CARTESIAN_POINT('',(-0.000428593546128057,0.0219797538578708,-0.0208915695080528));
#12214=CARTESIAN_POINT('',(-0.00267411079698559,0.0158797450940818,-0.0164459844605009));
#12215=CARTESIAN_POINT('',(-0.00267411079698559,0.0158797450940818,-0.0164459844605009));
#12216=CARTESIAN_POINT('',(-0.000708802529144229,0.0150797455493458,-0.0166769261452516));
#12217=CARTESIAN_POINT('',(-0.000708802529144228,0.0150797418639586,-0.0148074467390334));
#12218=CARTESIAN_POINT('',(-0.000708802529144228,0.0154797418639578,-0.0148074459504957));
#12219=CARTESIAN_POINT('',(-0.000308802529144228,0.0150797418639586,-0.0148074467390334));
#12220=CARTESIAN_POINT('',(-0.000308802529144228,0.0150797439765869,-0.0158791157522595));
#12221=CARTESIAN_POINT('',(-0.000708802529144227,0.0154797314155503,-0.00950730203490465));
#12222=CARTESIAN_POINT('',(-0.00030880252914423,0.020560735585172,-0.020072302656152));
#12223=CARTESIAN_POINT('',(-0.000308802529144229,0.0206081593107227,-0.0199901619800588));
#12224=CARTESIAN_POINT('',(-0.000348407769723539,0.0206637684303487,-0.0198938437210021));
#12225=CARTESIAN_POINT('',(-0.000506336530336611,0.0207419497979487,-0.0197584290036221));
#12226=CARTESIAN_POINT('',(-0.000617355978976427,0.020760734902278,-0.0197258921003701));
#12227=CARTESIAN_POINT('',(-0.000712203753932714,0.0207607349022779,-0.0197258921003701));
#12228=CARTESIAN_POINT('',(-0.00030880252914423,0.0208127101277159,-0.0201745548726978));
#12229=CARTESIAN_POINT('',(-0.000317675411093953,0.0208578958563064,-0.0200962418399333));
#12230=CARTESIAN_POINT('',(-0.000363200783494126,0.0209088764265822,-0.0200100428797004));
#12231=CARTESIAN_POINT('',(-0.00051794103363021,0.0209819078688468,-0.0198920789501681));
#12232=CARTESIAN_POINT('',(-0.000621627565976583,0.0210011886800609,-0.0198647175216786));
#12233=CARTESIAN_POINT('',(-0.000712044890317498,0.0210034280410703,-0.0198660104114741));
#12234=CARTESIAN_POINT('',(-0.00030353997227031,0.0210613741114442,-0.0202684389228491));
#12235=CARTESIAN_POINT('',(-0.000321480501699113,0.0211038531286212,-0.0201963340851055));
#12236=CARTESIAN_POINT('',(-0.000371511832263023,0.0211503931858699,-0.0201222632881542));
#12237=CARTESIAN_POINT('',(-0.000520904242792124,0.0212194691321828,-0.0200239709772793));
#12238=CARTESIAN_POINT('',(-0.000616347992230951,0.0212399729300211,-0.0200025790450376));
#12239=CARTESIAN_POINT('',(-0.000701324675016717,0.0212453350219001,-0.0200056748361333));
#12240=CARTESIAN_POINT('',(-0.000265833734851405,0.0215459384099925,-0.0204411278660129));
#12241=CARTESIAN_POINT('',(-0.000297141128461221,0.0215836129680284,-0.0203878321571248));
#12242=CARTESIAN_POINT('',(-0.000349379492899798,0.0216231944568275,-0.0203406248288747));
#12243=CARTESIAN_POINT('',(-0.000479090409488204,0.0216876687898878,-0.0202837130632357));
#12244=CARTESIAN_POINT('',(-0.000555036700255916,0.021711603480039,-0.0202748738303883));
#12245=CARTESIAN_POINT('',(-0.000625387704917494,0.0217245831677602,-0.0202823676224717));
#12246=CARTESIAN_POINT('',(-0.000234807119567492,0.0217858846363707,-0.0205211128547702));
#12247=CARTESIAN_POINT('',(-0.000270748583131256,0.0218215493543465,-0.0204808728715827));
#12248=CARTESIAN_POINT('',(-0.000320934256661873,0.0218586783155902,-0.0204487046964269));
#12249=CARTESIAN_POINT('',(-0.000436725502558899,0.0219226461687461,-0.0204139739784315));
#12250=CARTESIAN_POINT('',(-0.000501574902386488,0.0219488741598707,-0.0204118614976045));
#12251=CARTESIAN_POINT('',(-0.000562909746582605,0.0219664820546785,-0.0204220273741301));
#12252=CARTESIAN_POINT('',(-0.000168698037637734,0.0219945709179362,-0.0205878677145182));
#12253=CARTESIAN_POINT('',(-0.000200879381466161,0.0220293674333021,-0.0205620259024937));
#12254=CARTESIAN_POINT('',(-0.000241907993421958,0.0220652864360108,-0.0205437047370861));
#12255=CARTESIAN_POINT('',(-0.000333008911193173,0.0221300426179827,-0.0205290035381369));
#12256=CARTESIAN_POINT('',(-0.000382698914555645,0.0221584930131032,-0.0205328844479716));
#12257=CARTESIAN_POINT('',(-0.000430300531886061,0.022180543916558,-0.0205456154850573));
#12258=CARTESIAN_POINT('',(-0.000708802529144229,0.020560735585172,-0.020072302656152));
#12259=CARTESIAN_POINT('',(-0.000308802529144229,0.020560735585172,-0.020072302656152));
#12260=CARTESIAN_POINT('',(-0.000708802529144224,0.0207607349022779,-0.0197258921003701));
#12261=CARTESIAN_POINT('',(-0.000428593546128886,0.0221797531749775,-0.0205451589522713));
#12262=CARTESIAN_POINT('',(-0.000495238099034903,0.0220718529794426,-0.0204828630289445));
#12263=CARTESIAN_POINT('',(-0.000542328293449378,0.0219577032256595,-0.0204169589379075));
#12264=CARTESIAN_POINT('',(-0.000616147193674974,0.0217228962016738,-0.0202813936565816));
#12265=CARTESIAN_POINT('',(-0.000641916396403809,0.0216033395207242,-0.0202123678889015));
#12266=CARTESIAN_POINT('',(-0.000698300344434401,0.0212445440517913,-0.020005218171407));
#12267=CARTESIAN_POINT('',(-0.000708802529144229,0.0210030791375933,-0.0198658089728748));
#12268=CARTESIAN_POINT('',(-0.000708802529144229,0.0207607349022779,-0.0197258921003701));
#12269=CARTESIAN_POINT('',(-0.000308802529144229,0.020560735585172,-0.020072302656152));
#12270=CARTESIAN_POINT('',(-0.000308802529144229,0.0206888353740127,-0.0201242860328913));
#12271=CARTESIAN_POINT('',(-0.000306818976923735,0.0208723000787627,-0.0201960908549329));
#12272=CARTESIAN_POINT('',(-0.000297202711194978,0.0211131345703914,-0.0202859924487618));
#12273=CARTESIAN_POINT('',(-0.000288756083954404,0.0212629242597897,-0.0203406295294985));
#12274=CARTESIAN_POINT('',(-0.000268017520401329,0.0214967634604026,-0.0204229190947036));
#12275=CARTESIAN_POINT('',(-0.000233604427978949,0.0217438754106826,-0.0205066165888999));
#12276=CARTESIAN_POINT('',(-0.000197172302139925,0.0219046863802838,-0.0205591153059663));
#12277=CARTESIAN_POINT('',(-0.000168698037636143,0.0219945709179352,-0.0205878677145172));
#12278=CARTESIAN_POINT('',(-0.00360880252914423,0.0158797450940818,-0.0164459844605009));
#12279=CARTESIAN_POINT('',(-0.000428593546128885,0.0156797457769758,-0.0167923950162828));
#12280=CARTESIAN_POINT('',(-0.000387964588698086,0.0156468558237832,-0.0167734060794032));
#12281=CARTESIAN_POINT('',(-0.000339914822379156,0.0156104588256317,-0.0167463457887624));
#12282=CARTESIAN_POINT('',(-0.000259144812621284,0.0155271244113951,-0.016651661388666));
#12283=CARTESIAN_POINT('',(-0.000338879805226466,0.015484807486077,-0.016529394799442));
#12284=CARTESIAN_POINT('',(-0.00038753316656833,0.0154797451697453,-0.0164843665252143));
#12285=CARTESIAN_POINT('',(-0.00042859354612889,0.0154797450940826,-0.0164459852490385));
#12286=CARTESIAN_POINT('',(-0.000428593546129054,0.0156797457769771,-0.0167923950162835));
#12287=CARTESIAN_POINT('',(-0.000428593546128886,0.0154797450940826,-0.0164459852490385));
#12288=CARTESIAN_POINT('',(-0.00360880252914423,0.0154797450940826,-0.0164459852490385));
#12289=CARTESIAN_POINT('',(-0.00360880252914423,0.0156797457769759,-0.0167923950162828));
#12290=CARTESIAN_POINT('',(-0.000308802529144228,0.0150797418639586,-0.0148074467390334));
#12291=CARTESIAN_POINT('',(-0.000308802529144228,0.0151745896389147,-0.0148074465520558));
#12292=CARTESIAN_POINT('',(-0.000348407769723541,0.0152858082579191,-0.0148074463328056));
#12293=CARTESIAN_POINT('',(-0.000506336530336623,0.0154421715270165,-0.0148074460245598));
#12294=CARTESIAN_POINT('',(-0.000617355978976442,0.0154797418639578,-0.0148074459504957));
#12295=CARTESIAN_POINT('',(-0.000712203753932733,0.0154797418639578,-0.0148074459504957));
#12296=CARTESIAN_POINT('',(-0.000308802529144228,0.015117176118109,-0.0150767892022561));
#12297=CARTESIAN_POINT('',(-0.000317675411093983,0.0152075900582256,-0.0150767646747217));
#12298=CARTESIAN_POINT('',(-0.000363200783494182,0.0153077308327049,-0.0150778156635636));
#12299=CARTESIAN_POINT('',(-0.000517941033630275,0.0154464063135422,-0.0150820807830736));
#12300=CARTESIAN_POINT('',(-0.000621627565976628,0.015479742411305,-0.0150850977411459));
#12301=CARTESIAN_POINT('',(-0.000712044890317514,0.0154797424164025,-0.015087683529566));
#12302=CARTESIAN_POINT('',(-0.000303539972270305,0.0151602021375316,-0.0153390805542469));
#12303=CARTESIAN_POINT('',(-0.000321480501699117,0.0152438862673418,-0.0153398160433782));
#12304=CARTESIAN_POINT('',(-0.000371511832263035,0.0153313034878046,-0.0153430855167736));
#12305=CARTESIAN_POINT('',(-0.000520904242792149,0.0154509650991754,-0.0153537608856335));
#12306=CARTESIAN_POINT('',(-0.000616347992230978,0.0154797429548519,-0.0153608217293147));
#12307=CARTESIAN_POINT('',(-0.000701324675016744,0.0154797429670577,-0.0153670133326471));
#12308=CARTESIAN_POINT('',(-0.000265833734851408,0.0152529312750732,-0.0158450700181385));
#12309=CARTESIAN_POINT('',(-0.000297141128461216,0.0153179239919009,-0.0158510492880298));
#12310=CARTESIAN_POINT('',(-0.00034937949289979,0.0153785974818098,-0.0158617241987243));
#12311=CARTESIAN_POINT('',(-0.000479090409488199,0.0154601216831576,-0.0158891047262272));
#12312=CARTESIAN_POINT('',(-0.000555036700255914,0.015479744028429,-0.0159054131595062));
#12313=CARTESIAN_POINT('',(-0.000625387704917497,0.0154797440579748,-0.0159204007948477));
#12314=CARTESIAN_POINT('',(-0.000234807119567282,0.0153036353560769,-0.0160928620401031));
#12315=CARTESIAN_POINT('',(-0.00027074858313102,0.015356316562753,-0.016103628600295));
#12316=CARTESIAN_POINT('',(-0.000320934256661608,0.0154027395002532,-0.0161196991363703));
#12317=CARTESIAN_POINT('',(-0.000436725502558566,0.015464801110907,-0.016157731563231));
#12318=CARTESIAN_POINT('',(-0.000501574902386117,0.0154797445685305,-0.0161793894294215));
#12319=CARTESIAN_POINT('',(-0.000562909746582195,0.0154797446086115,-0.0161997212518951));
#12320=CARTESIAN_POINT('',(-0.000168698037637733,0.015350167092492,-0.016306967091234));
#12321=CARTESIAN_POINT('',(-0.000200879381466162,0.015389945015868,-0.0163241808514917));
#12322=CARTESIAN_POINT('',(-0.000241907993421961,0.0154237711118922,-0.0163461270376123));
#12323=CARTESIAN_POINT('',(-0.00033300891119318,0.0154688808146343,-0.0163948569367774));
#12324=CARTESIAN_POINT('',(-0.000382698914555654,0.0154797450456879,-0.0164214361566169));
#12325=CARTESIAN_POINT('',(-0.000430300531886071,0.0154797450958826,-0.016446898317728));
#12326=CARTESIAN_POINT('',(-0.000428593546128059,0.0150797450940834,-0.0164459860375753));
#12327=CARTESIAN_POINT('',(-0.000168698037636143,0.0153501670924924,-0.0163069670912326));
#12328=CARTESIAN_POINT('',(-0.000308802529144228,0.0150797418639586,-0.0148074467390334));
#12329=CARTESIAN_POINT('',(-0.000308802529144228,0.0150987728335516,-0.0149443760987829));
#12330=CARTESIAN_POINT('',(-0.000306818976923139,0.0151283203859284,-0.0151391636048307));
#12331=CARTESIAN_POINT('',(-0.000297202711193469,0.0151708805676466,-0.0153926831895979));
#12332=CARTESIAN_POINT('',(-0.0002887560839555,0.0151984583124291,-0.0155497234061616));
#12333=CARTESIAN_POINT('',(-0.000268017520398438,0.0152441130588049,-0.0157933788769292));
#12334=CARTESIAN_POINT('',(-0.000233604427973952,0.015295184877739,-0.0160492328505483));
#12335=CARTESIAN_POINT('',(-0.000197172302136141,0.0153301251398944,-0.0162147485939559));
#12336=CARTESIAN_POINT('',(-0.000168698037636143,0.0153501670924924,-0.0163069670912326));
#12337=CARTESIAN_POINT('',(-0.000428593546128886,0.0154797450940826,-0.0164459852490385));
#12338=CARTESIAN_POINT('',(-0.000495238099034904,0.0154797448484683,-0.0163213929769685));
#12339=CARTESIAN_POINT('',(-0.000542328293449378,0.0154797445886282,-0.0161895843448382));
#12340=CARTESIAN_POINT('',(-0.000616147193674973,0.0154797440541347,-0.0159184528564166));
#12341=CARTESIAN_POINT('',(-0.000641916396403808,0.0154797437819867,-0.015780400849682));
#12342=CARTESIAN_POINT('',(-0.000698300344434401,0.0154797429652572,-0.015366100000076));
#12343=CARTESIAN_POINT('',(-0.000708802529144228,0.0154797424156083,-0.0150872806509919));
#12344=CARTESIAN_POINT('',(-0.000708802529144228,0.0154797418639578,-0.0148074459504957));
#12345=CARTESIAN_POINT('',(-0.000708802529144229,0.0221797540855024,-0.0210070391676222));
#12346=CARTESIAN_POINT('',(-0.000708802529144229,0.0168987647325695,-0.017958072423966));
#12347=CARTESIAN_POINT('',(-0.000308802529144229,0.0168987647325695,-0.017958072423966));
#12348=CARTESIAN_POINT('',(-0.000708802529144218,0.0170987640496754,-0.017611661868184));
#12349=CARTESIAN_POINT('',(-0.000708802529144229,0.0161706704034588,-0.0170758291911608));
#12350=CARTESIAN_POINT('',(-0.00030880252914423,0.0214888292313886,-0.0206081353331753));
#12351=CARTESIAN_POINT('',(-0.000168698037636043,0.0153501670924924,-0.0163069670912329));
#12352=CARTESIAN_POINT('',(-0.000273529778608819,0.0154797449305719,-0.0163630414573668));
#12353=CARTESIAN_POINT('',(-0.000428593546127856,0.0154797450940826,-0.0164459852490382));
#12354=CARTESIAN_POINT('',(-0.000151003729121502,0.015362621419921,-0.0163642729163055));
#12355=CARTESIAN_POINT('',(-0.000254596915122281,0.0154730132899377,-0.0164063242940009));
#12356=CARTESIAN_POINT('',(-0.000393330974244216,0.0154797451590614,-0.0164789469613178));
#12357=CARTESIAN_POINT('',(-0.000133928736743817,0.0153797877665035,-0.0164222806963096));
#12358=CARTESIAN_POINT('',(-0.000233415189512926,0.0154726032267052,-0.0164529637431965));
#12359=CARTESIAN_POINT('',(-0.000359054931321844,0.0154836690188393,-0.016511925254568));
#12360=CARTESIAN_POINT('',(-0.000106623976209441,0.0154270042130338,-0.0165448085151313));
#12361=CARTESIAN_POINT('',(-0.000198480618950522,0.015489443963275,-0.0165500355574897));
#12362=CARTESIAN_POINT('',(-0.000304445436296216,0.0155011345573059,-0.0165796949954038));
#12363=CARTESIAN_POINT('',(-9.72887936694672E-5,0.0154573109379959,-0.0166088271901528));
#12364=CARTESIAN_POINT('',(-0.000185627147458248,0.0155071947396777,-0.0166008330612391));
#12365=CARTESIAN_POINT('',(-0.000285775057805044,0.0155149796495955,-0.0166142597582314));
#12366=CARTESIAN_POINT('',(-9.74033722904507E-5,0.0155282682390414,-0.0167315808051982));
#12367=CARTESIAN_POINT('',(-0.000185780776470914,0.0155599995830677,-0.0166920429956739));
#12368=CARTESIAN_POINT('',(-0.000286004215826335,0.0155520574377935,-0.0166783445371789));
#12369=CARTESIAN_POINT('',(-0.000106889582625693,0.0155686684570003,-0.0167897986734798));
#12370=CARTESIAN_POINT('',(-0.000198823072046256,0.0155952674025206,-0.0167326969865061));
#12371=CARTESIAN_POINT('',(-0.000304976647780709,0.0155751658733978,-0.0167075722423886));
#12372=CARTESIAN_POINT('',(-0.000133946150354168,0.0156502740471843,-0.0168907303973283));
#12373=CARTESIAN_POINT('',(-0.000233428537340244,0.0156701178253479,-0.0167950041131677));
#12374=CARTESIAN_POINT('',(-0.000359089759890554,0.015624597582916,-0.0167559786811749));
#12375=CARTESIAN_POINT('',(-0.000151372562784535,0.0156928541532848,-0.0169355053085946));
#12376=CARTESIAN_POINT('',(-0.000254979974812754,0.015711553862864,-0.0168183751980756));
#12377=CARTESIAN_POINT('',(-0.000394011627796713,0.0156517510675558,-0.0167762323368463));
#12378=CARTESIAN_POINT('',(-0.00016869803763698,0.0157353507489222,-0.0169741217171048));
#12379=CARTESIAN_POINT('',(-0.000273529778609841,0.0157515772894073,-0.016833866770515));
#12380=CARTESIAN_POINT('',(-0.00042859354612973,0.0156797457769776,-0.0167923950162838));
#12381=CARTESIAN_POINT('',(-0.000428593546128884,0.015479746459872,-0.017138805572066));
#12382=CARTESIAN_POINT('',(-0.000168698037636142,0.0157353507489202,-0.0169741217171029));
#12383=CARTESIAN_POINT('',(-0.000168698037636143,0.0153501670924924,-0.0163069670912326));
#12384=CARTESIAN_POINT('',(-0.000124831915118308,0.0153810427889709,-0.0164490346027548));
#12385=CARTESIAN_POINT('',(-6.98618710535958E-5,0.0154805078387825,-0.0166765469349581));
#12386=CARTESIAN_POINT('',(-0.000124827542569964,0.015627743412477,-0.0168763395021509));
#12387=CARTESIAN_POINT('',(-0.000168698037636143,0.0157353507489201,-0.0169741217171029));
#12388=CARTESIAN_POINT('',(-0.000712200422179696,0.0170987640496754,-0.017611661868184));
#12389=CARTESIAN_POINT('',(-0.000617353202515578,0.0170987640496754,-0.0176116618681841));
#12390=CARTESIAN_POINT('',(-0.000506334300628359,0.0170799782230235,-0.0176442000225412));
#12391=CARTESIAN_POINT('',(-0.000348407225627359,0.0170017969269123,-0.0177796146160983));
#12392=CARTESIAN_POINT('',(-0.000308802529144229,0.016946188180475,-0.0178759322287705));
#12393=CARTESIAN_POINT('',(-0.000308802529144229,0.0168987647325695,-0.017958072423966));
#12394=CARTESIAN_POINT('',(-0.000712041714194561,0.0168560709895461,-0.017471543602496));
#12395=CARTESIAN_POINT('',(-0.000621624919207524,0.016858310337445,-0.0174728364847222));
#12396=CARTESIAN_POINT('',(-0.000517938909465618,0.0168442545219218,-0.0175032160198138));
#12397=CARTESIAN_POINT('',(-0.000363200189855274,0.016778610978704,-0.0176254452125493));
#12398=CARTESIAN_POINT('',(-0.000317675359147171,0.0167294514234619,-0.0177126947979513));
#12399=CARTESIAN_POINT('',(-0.000308802529144229,0.0166842237853928,-0.0177909830231556));
#12400=CARTESIAN_POINT('',(-0.000701321690009232,0.0166141641184096,-0.017331879241168));
#12401=CARTESIAN_POINT('',(-0.000616345504724699,0.0166195261788959,-0.0173349750141392));
#12402=CARTESIAN_POINT('',(-0.000520902247372179,0.0166112516579059,-0.0173634287475981));
#12403=CARTESIAN_POINT('',(-0.0003715112038059,0.0165606663707452,-0.0174723965095845));
#12404=CARTESIAN_POINT('',(-0.000321480396665157,0.0165197897413214,-0.0175497364692001));
#12405=CARTESIAN_POINT('',(-0.000303539972270311,0.0164785851571114,-0.0176225765320841));
#12406=CARTESIAN_POINT('',(-0.000625385233671679,0.0161349162401358,-0.0170551866093199));
#12407=CARTESIAN_POINT('',(-0.000555034640884417,0.0161478958518667,-0.0170626803575304));
#12408=CARTESIAN_POINT('',(-0.00047908875915308,0.0161522078549248,-0.0170878285962966));
#12409=CARTESIAN_POINT('',(-0.000349378865035563,0.0161351581415589,-0.0171721208191344));
#12410=CARTESIAN_POINT('',(-0.000297140945170184,0.0161140664471623,-0.0172300028167865));
#12411=CARTESIAN_POINT('',(-0.000265833734851438,0.0160867486820078,-0.0172892775562428));
#12412=CARTESIAN_POINT('',(-0.000562907592050023,0.0158930175157947,-0.016915526951525));
#12413=CARTESIAN_POINT('',(-0.000501573106942523,0.015910625307516,-0.0169256927685339));
#12414=CARTESIAN_POINT('',(-0.000436724064283928,0.0159219095556261,-0.0169494634906573));
#12415=CARTESIAN_POINT('',(-0.000320933661216066,0.0159238158458487,-0.0170222264716261));
#12416=CARTESIAN_POINT('',(-0.000270748372709483,0.0159145220629985,-0.0170704649573113));
#12417=CARTESIAN_POINT('',(-0.000234807119567512,0.015897505875024,-0.0171214712691597));
#12418=CARTESIAN_POINT('',(-0.000430298859766603,0.0156789558099861,-0.016791938930705));
#12419=CARTESIAN_POINT('',(-0.000382697521122778,0.0157010065843424,-0.016804669893256));
#12420=CARTESIAN_POINT('',(-0.000333007795400298,0.0157185925091527,-0.0168273684063152));
#12421=CARTESIAN_POINT('',(-0.000241907509148129,0.0157382389500528,-0.0168907992509242));
#12422=CARTESIAN_POINT('',(-0.000200879193058613,0.0157403319580115,-0.0169310663772523));
#12423=CARTESIAN_POINT('',(-0.000168698037637849,0.015735350748919,-0.0169741217171028));
#12424=CARTESIAN_POINT('',(-0.000168698037636143,0.0157353507489201,-0.0169741217171029));
#12425=CARTESIAN_POINT('',(-0.000197169283862887,0.0158051861808445,-0.0170375808030855));
#12426=CARTESIAN_POINT('',(-0.000233600443629025,0.0159310520608098,-0.0171505946622801));
#12427=CARTESIAN_POINT('',(-0.000268015215999469,0.0161270922328083,-0.0173227510127574));
#12428=CARTESIAN_POINT('',(-0.000288756960387427,0.0163152991934046,-0.0174841319430874));
#12429=CARTESIAN_POINT('',(-0.000297201509864744,0.0164374820782241,-0.0175865082890893));
#12430=CARTESIAN_POINT('',(-0.000306818502806894,0.0166357532498208,-0.0177501236747008));
#12431=CARTESIAN_POINT('',(-0.000308802529144229,0.0167896800735737,-0.0178731147954888));
#12432=CARTESIAN_POINT('',(-0.000308802529144229,0.0168987647325695,-0.017958072423966));
#12433=CARTESIAN_POINT('',(-0.000708802529144229,0.0170987640496754,-0.017611661868184));
#12434=CARTESIAN_POINT('',(-0.000708802529144229,0.0168564198143598,-0.0174717449956792));
#12435=CARTESIAN_POINT('',(-0.000698300344434375,0.0166149549001615,-0.0173323357971467));
#12436=CARTESIAN_POINT('',(-0.000641916396403588,0.0162561594312279,-0.017125186079652));
#12437=CARTESIAN_POINT('',(-0.000616147193674656,0.0161366027502783,-0.0170561603119717));
#12438=CARTESIAN_POINT('',(-0.000542328293448777,0.0159017957262923,-0.0169205950306457));
#12439=CARTESIAN_POINT('',(-0.000495238099035036,0.015787645972511,-0.0168546909396097));
#12440=CARTESIAN_POINT('',(-0.000428593546128884,0.015679745776978,-0.016792395016284));
#12441=CARTESIAN_POINT('',(0.000891197470855772,0.0223797376960549,-0.0126931948970389));
#12442=CARTESIAN_POINT('',(0.000891197470855772,0.0223797376960549,-0.0126931948970389));
#12443=CARTESIAN_POINT('',(0.00089119747085577,0.0183797513539353,-0.0196214060126774));
#12444=CARTESIAN_POINT('',(0.000891197470855772,0.0223797376960549,-0.0126931948970389));
#12445=CARTESIAN_POINT('',(-0.000308802529144228,0.0223797376960549,-0.0126931948970389));
#12446=CARTESIAN_POINT('',(-0.000308802529144228,0.0223797376960549,-0.0126931948970389));
#12447=CARTESIAN_POINT('',(-0.00360880252914422,0.0223797376960549,-0.0126931948970389));
#12448=CARTESIAN_POINT('',(-0.00360880252914422,0.0223797376960549,-0.0126931948970389));
#12449=CARTESIAN_POINT('',(-0.00360880252914422,0.0254296568138412,-0.00741055597621477));
#12450=CARTESIAN_POINT('',(-0.00360880252914422,0.0223797376960549,-0.0126931948970389));
#12451=CARTESIAN_POINT('',(-0.00360880252914422,0.0223797219895014,-0.00472576118223754));
#12452=CARTESIAN_POINT('',(-0.00360880252914422,0.0154797298427915,-0.00870949164191258));
#12453=CARTESIAN_POINT('',(-0.00360880252914423,0.015479745549345,-0.0166769253567139));
#12454=CARTESIAN_POINT('',(-0.00360880252914423,0.0223797534026084,-0.0206606286118402));
#12455=CARTESIAN_POINT('',(-0.00360880252914422,0.0292797455493182,-0.0166768981521652));
#12456=CARTESIAN_POINT('',(-0.00360880252914422,0.0292797298427647,-0.00870946443736386));
#12457=CARTESIAN_POINT('',(-0.000308802529144228,0.0223797376960549,-0.0126931948970389));
#12458=CARTESIAN_POINT('',(-0.000308802529144228,0.0223797376960549,-0.0126931948970389));
#12459=CARTESIAN_POINT('',(-0.000308802529144228,0.0223797376960549,-0.0126931948970389));
#12460=CARTESIAN_POINT('',(-0.000308802529144228,0.0223797376960549,-0.0126931948970389));
#12461=CARTESIAN_POINT('',(-0.000308802529144228,0.0223797376960549,-0.0126931948970389));
#12462=CARTESIAN_POINT('',(-0.000308802529144228,0.0223797376960549,-0.0126931948970389));
#12463=CARTESIAN_POINT('',(-0.000308802529144228,0.0223797376960549,-0.0126931948970389));
#12464=CARTESIAN_POINT('',(-0.000308802529144228,0.0223797376960549,-0.0126931948970389));
#12465=CARTESIAN_POINT('',(-0.000308802529144228,0.0223797376960549,-0.0126931948970389));
#12466=CARTESIAN_POINT('',(-0.000308802529144228,0.0223797376960549,-0.0126931948970389));
#12467=CARTESIAN_POINT('',(0.000891197470855772,0.0223797376960549,-0.0126931948970389));
#12468=CARTESIAN_POINT('',(9.11974708557725E-5,0.0223797376960549,-0.0126931948970389));
#12469=CARTESIAN_POINT('',(9.11974708557708E-5,0.0183797513539353,-0.0196214060126774));
#12470=CARTESIAN_POINT('',(0.000892197470855772,0.0223797376960549,-0.0126931948970389));
#12471=CARTESIAN_POINT('',(0.0156481889131126,0.0223797376960549,-0.0126931948970389));
#12472=CARTESIAN_POINT('',(9.11974708557725E-5,0.0223797376960549,-0.0126931948970389));
#12473=CARTESIAN_POINT('',(0.,0.,0.));
#12474=CARTESIAN_POINT('',(0.0088900520392516,0.0275444883833048,-0.00074013693624868));
#12475=CARTESIAN_POINT('',(0.0088900520392516,0.0275444883833048,-0.0137211838106508));
#12476=CARTESIAN_POINT('',(0.00679005203925159,0.0275444883337277,-0.0137211838106508));
#12477=CARTESIAN_POINT('',(0.0109900520392516,0.0275444883337276,-0.0137211838106508));
#12478=CARTESIAN_POINT('',(0.0109900520392516,0.0275444882345733,-0.00074013693624868));
#12479=CARTESIAN_POINT('',(0.0109900520392516,0.0275444883089391,-0.0141411838106508));
#12480=CARTESIAN_POINT('',(0.0088900520392516,0.0275444883833048,-0.0141411838106508));
#12481=CARTESIAN_POINT('',(0.00679005203925159,0.0275444883089391,-0.0141411838106508));
#12482=CARTESIAN_POINT('',(0.00679005203925157,0.0275444882345734,-0.00074013693624868));
#12483=CARTESIAN_POINT('',(0.0095400520392516,0.0296454883833049,-0.00139093143964786));
#12484=CARTESIAN_POINT('',(0.00954005203925149,0.0144520415397698,-0.00139093143964786));
#12485=CARTESIAN_POINT('',(0.00954005203925149,0.0144520415397698,-0.00449093143964786));
#12486=CARTESIAN_POINT('',(0.00954005203925149,0.0144520415397698,-0.00139093143964786));
#12487=CARTESIAN_POINT('',(0.0095400520392516,0.0296454883833049,-0.00139093143964786));
#12488=CARTESIAN_POINT('',(0.00954005203925149,0.0140320415397698,-0.00139093143964786));
#12489=CARTESIAN_POINT('',(0.00954005203925149,0.0140320415397698,-0.00139093143964786));
#12490=CARTESIAN_POINT('',(0.00954005203925149,0.0140320415397698,-0.00449093143964786));
#12491=CARTESIAN_POINT('',(0.0095400520392516,0.0296454883833049,-0.00449093143964786));
#12492=CARTESIAN_POINT('',(0.0095400520392516,0.0296454883833049,-0.00449093143964786));
#12493=CARTESIAN_POINT('',(0.00954005203925149,0.0144520415397698,-0.00449093143964786));
#12494=CARTESIAN_POINT('',(0.0109900520392515,0.0144520415397698,-0.00472015698104632));
#12495=CARTESIAN_POINT('',(0.00954005203925149,0.0140320415397698,-0.00449093143964786));
#12496=CARTESIAN_POINT('',(0.0109900520392515,0.0140320415397698,-0.00472015698104633));
#12497=CARTESIAN_POINT('',(0.0109900520392516,0.0296454883833049,-0.00472015698104632));
#12498=CARTESIAN_POINT('',(0.0088900520392516,0.0296454883833049,-0.00139093143964786));
#12499=CARTESIAN_POINT('',(0.0088900520392515,0.0144520415397699,-0.00139093143964786));
#12500=CARTESIAN_POINT('',(0.00890639533610985,0.0144520415397699,-0.000741136936248679));
#12501=CARTESIAN_POINT('',(0.00890639533610986,0.0140320415397699,-0.00074093143964786));
#12502=CARTESIAN_POINT('',(0.00890639533610986,0.0141720415397699,-0.00074093143964786));
#12503=CARTESIAN_POINT('',(0.00890639533610987,0.0143120415397699,-0.00074093143964786));
#12504=CARTESIAN_POINT('',(0.00890639533610987,0.0144520415397699,-0.00074093143964786));
#12505=CARTESIAN_POINT('',(0.00890639533610985,0.0140320415397699,-0.000741136936248679));
#12506=CARTESIAN_POINT('',(0.00889005203925149,0.0140320415397699,-0.00139093143964786));
#12507=CARTESIAN_POINT('',(0.0088900520392516,0.0296454883833049,-0.00139093143964786));
#12508=CARTESIAN_POINT('',(0.0088900520392515,0.0144520415397699,-0.00139093143964786));
#12509=CARTESIAN_POINT('',(0.00887370874239314,0.0144520415397699,-0.000741136936248679));
#12510=CARTESIAN_POINT('',(0.00824005203925149,0.0144520415397699,-0.00139093143964786));
#12511=CARTESIAN_POINT('',(0.0082400520392516,0.0296454883833049,-0.00139093143964786));
#12512=CARTESIAN_POINT('',(0.00824005203925149,0.0140320415397699,-0.00139093143964786));
#12513=CARTESIAN_POINT('',(0.00889005203925149,0.0140320415397699,-0.00139093143964786));
#12514=CARTESIAN_POINT('',(0.00887370874239313,0.0140320415397699,-0.000741136936248679));
#12515=CARTESIAN_POINT('',(0.00887370874239314,0.0144520415397699,-0.00074093143964786));
#12516=CARTESIAN_POINT('',(0.00887370874239314,0.0143120415397699,-0.00074093143964786));
#12517=CARTESIAN_POINT('',(0.00887370874239314,0.0141720415397699,-0.00074093143964786));
#12518=CARTESIAN_POINT('',(0.00887370874239313,0.0140320415397699,-0.00074093143964786));
#12519=CARTESIAN_POINT('',(0.0082400520392516,0.0296454883833049,-0.00139093143964786));
#12520=CARTESIAN_POINT('',(0.00824005203925149,0.0144520415397699,-0.00139093143964786));
#12521=CARTESIAN_POINT('',(0.0082400520392515,0.0144520415397699,-0.00449093143964786));
#12522=CARTESIAN_POINT('',(0.00824005203925161,0.0296454883833049,-0.00449093143964786));
#12523=CARTESIAN_POINT('',(0.0082400520392515,0.0140320415397699,-0.00449093143964786));
#12524=CARTESIAN_POINT('',(0.00824005203925149,0.0140320415397699,-0.00139093143964786));
#12525=CARTESIAN_POINT('',(0.0067400520392516,0.0296454883833049,-0.00472806131006007));
#12526=CARTESIAN_POINT('',(0.00674005203925149,0.0144520415397699,-0.00472806131006007));
#12527=CARTESIAN_POINT('',(0.0067900520392515,0.0144520415397699,-0.00472015698104632));
#12528=CARTESIAN_POINT('',(0.00679005203925158,0.0296454883833049,-0.00472015698104633));
#12529=CARTESIAN_POINT('',(0.0067900520392515,0.0140320415397699,-0.00472015698104632));
#12530=CARTESIAN_POINT('',(0.00674005203925149,0.0140320415397699,-0.00472806131006007));
#12531=CARTESIAN_POINT('',(0.0088900520392516,0.0281444883833048,-0.0134211838106508));
#12532=CARTESIAN_POINT('',(0.0088900520392516,0.0281444883833048,-0.0134211838106508));
#12533=CARTESIAN_POINT('',(0.00889005203925161,0.0290444883833048,-0.0134211838106508));
#12534=CARTESIAN_POINT('',(0.0109900520392515,0.0140320415397698,-0.0126718111485782));
#12535=CARTESIAN_POINT('',(0.0109900520392515,0.0140320415397698,-0.00074093143964786));
#12536=CARTESIAN_POINT('',(0.0067900520392515,0.0140320415397699,-0.0126718111485782));
#12537=CARTESIAN_POINT('',(0.0067900520392515,0.0140319669563944,-0.0126718027350472));
#12538=CARTESIAN_POINT('',(0.0067900520392515,0.0140320415397699,-0.0126718111485782));
#12539=CARTESIAN_POINT('',(0.0081900520392515,0.0140320415397699,-0.0126718111485782));
#12540=CARTESIAN_POINT('',(0.0095900520392515,0.0140320415397698,-0.0126718111485782));
#12541=CARTESIAN_POINT('',(0.0109900520392515,0.0140320415397698,-0.0126718111485782));
#12542=CARTESIAN_POINT('',(0.0109900520392515,0.0140319669563944,-0.0126718027350472));
#12543=CARTESIAN_POINT('',(0.0109900520392515,0.0140320415397698,-0.0126718111485782));
#12544=CARTESIAN_POINT('',(0.0109900520392515,0.0140320415397698,-0.00074093143964786));
#12545=CARTESIAN_POINT('',(0.0109900520392515,0.0144520415397698,-0.00074093143964786));
#12546=CARTESIAN_POINT('',(0.0109900520392515,0.0144520415397698,-0.0126718111485782));
#12547=CARTESIAN_POINT('',(0.0109900520392515,0.0144520415397698,-0.0126718111485782));
#12548=CARTESIAN_POINT('',(0.0109900517892515,0.014452277254388,-0.0126718244765264));
#12549=CARTESIAN_POINT('',(0.0109900517892515,0.0144520415397698,-0.0126718111485782));
#12550=CARTESIAN_POINT('',(0.00959005187258483,0.0144520415397698,-0.0126718111485782));
#12551=CARTESIAN_POINT('',(0.00819005195591817,0.0144520415397699,-0.0126718111485782));
#12552=CARTESIAN_POINT('',(0.0067900520392515,0.0144520415397699,-0.0126718111485782));
#12553=CARTESIAN_POINT('',(0.0067900520392515,0.014452277254388,-0.0126718244765264));
#12554=CARTESIAN_POINT('',(0.0067900520392515,0.0144520415397699,-0.0126718111485782));
#12555=CARTESIAN_POINT('',(0.0101500520392514,0.00322203016349815,-0.0120368356373118));
#12556=CARTESIAN_POINT('',(0.00679005203925143,0.00322203016349817,-0.0120368356373118));
#12557=CARTESIAN_POINT('',(0.0067900520392515,0.0134976028492298,-0.0166136344411197));
#12558=CARTESIAN_POINT('',(0.0109900520392514,0.00322203016349815,-0.0120368356373118));
#12559=CARTESIAN_POINT('',(0.0109900520392515,0.0134976028492298,-0.0166136344411197));
#12560=CARTESIAN_POINT('',(0.0109900520392515,0.0134972979296038,-0.0166134986281755));
#12561=CARTESIAN_POINT('',(0.00959005203925149,0.0134972979296038,-0.0166134986281755));
#12562=CARTESIAN_POINT('',(0.0081900520392515,0.0134972979296038,-0.0166134986281755));
#12563=CARTESIAN_POINT('',(0.0067900520392515,0.0134972979296038,-0.0166134986281755));
#12564=CARTESIAN_POINT('',(0.00679005203925152,0.0147619112026868,-0.0170852273634554));
#12565=CARTESIAN_POINT('',(0.0109900520392515,0.0147619112026867,-0.0170852273634554));
#12566=CARTESIAN_POINT('',(0.00679005203925152,0.0149560749226297,-0.016502736201148));
#12567=CARTESIAN_POINT('',(0.0109900520392515,0.0149560749226296,-0.016502736201148));
#12568=CARTESIAN_POINT('',(0.00679005203925151,0.0152249718550708,-0.0155465978045082));
#12569=CARTESIAN_POINT('',(0.0109900520392515,0.0152249718550708,-0.0155465978045082));
#12570=CARTESIAN_POINT('',(0.00679005203925152,0.0163070187910876,-0.0153247097122834));
#12571=CARTESIAN_POINT('',(0.0109900520392515,0.0163070187910875,-0.0153247097122834));
#12572=CARTESIAN_POINT('',(0.00679005203925153,0.017338723465999,-0.0152919571829193));
#12573=CARTESIAN_POINT('',(0.0109900520392515,0.017338723465999,-0.0152919571829193));
#12574=CARTESIAN_POINT('',(0.00679005203925153,0.0173387234660274,-0.0152919571829184));
#12575=CARTESIAN_POINT('',(0.00679005203925152,0.0161208732030195,-0.0153306190960298));
#12576=CARTESIAN_POINT('',(0.00679005203925151,0.0152139801918268,-0.0155951610468657));
#12577=CARTESIAN_POINT('',(0.00679005203925151,0.0149210428778037,-0.0166078323381046));
#12578=CARTESIAN_POINT('',(0.00679005203925151,0.0147619111938464,-0.0170852273899765));
#12579=CARTESIAN_POINT('',(0.00679005203925153,0.0173387234660274,-0.0152919571829184));
#12580=CARTESIAN_POINT('',(0.00679005203925151,0.0147619111938464,-0.0170852273899765));
#12581=CARTESIAN_POINT('',(0.0109900520392515,0.0147619111938464,-0.0170852273899765));
#12582=CARTESIAN_POINT('',(0.0109900520392515,0.0147619111938464,-0.0170852273899765));
#12583=CARTESIAN_POINT('',(0.0109900520392515,0.0173387234660273,-0.0152919571829184));
#12584=CARTESIAN_POINT('',(0.0109900520392515,0.0161208732030195,-0.0153306190960298));
#12585=CARTESIAN_POINT('',(0.0109900520392515,0.0152139801918268,-0.0155951610468657));
#12586=CARTESIAN_POINT('',(0.0109900520392515,0.0149210428778037,-0.0166078323381046));
#12587=CARTESIAN_POINT('',(0.0109900520392515,0.0147619111938464,-0.0170852273899765));
#12588=CARTESIAN_POINT('',(0.0109900520392515,0.0173387234660273,-0.0152919571829184));
#12589=CARTESIAN_POINT('',(0.0109900520392515,0.0173387234660273,-0.0152919571829184));
#12590=CARTESIAN_POINT('',(0.0109900520392515,0.0173387234660273,-0.0152919571829184));
#12591=CARTESIAN_POINT('',(0.00679005203925153,0.0173387234660274,-0.0152919571829184));
#12592=CARTESIAN_POINT('',(0.00679005203925158,0.0256601732836199,-0.0152919571829184));
#12593=CARTESIAN_POINT('',(0.0109900520392515,0.0173387234660273,-0.0152919571829184));
#12594=CARTESIAN_POINT('',(0.0109900520392516,0.0256601732836199,-0.0152919571829184));
#12595=CARTESIAN_POINT('',(0.0109900520392516,0.0256601732836198,-0.0152919571829184));
#12596=CARTESIAN_POINT('',(0.00959005203925158,0.0256601732836198,-0.0152919571829184));
#12597=CARTESIAN_POINT('',(0.00819005203925158,0.0256601732836198,-0.0152919571829184));
#12598=CARTESIAN_POINT('',(0.00679005203925158,0.0256601732836198,-0.0152919571829184));
#12599=CARTESIAN_POINT('',(0.0109900520392516,0.0258534134275584,-0.0151601719480482));
#12600=CARTESIAN_POINT('',(0.00679005203925158,0.0258534134275584,-0.0151601719480482));
#12601=CARTESIAN_POINT('',(0.00679005203925159,0.0262300083356858,-0.0141218443229462));
#12602=CARTESIAN_POINT('',(0.00679005203925159,0.0258534363766591,-0.0151601086739979));
#12603=CARTESIAN_POINT('',(0.0109900520392516,0.0258534375845065,-0.0151601053437847));
#12604=CARTESIAN_POINT('',(0.0109900520392516,0.0258534347106452,-0.0151601132664025));
#12605=CARTESIAN_POINT('',(0.0109900520392516,0.0258534134275584,-0.0151601719480482));
#12606=CARTESIAN_POINT('',(0.0109900520392516,0.0262300083356858,-0.0141218443229462));
#12607=CARTESIAN_POINT('',(0.0109900520392516,0.0262300083356858,-0.0141218443229462));
#12608=CARTESIAN_POINT('',(0.0109900520392516,0.0268015247435925,-0.0143291297345307));
#12609=CARTESIAN_POINT('',(0.00679005203925159,0.0268015247435925,-0.0143291297345307));
#12610=CARTESIAN_POINT('',(0.00679005203925159,0.0268015247435925,-0.0137211838106508));
#12611=CARTESIAN_POINT('',(0.0109900520392516,0.0268015247435925,-0.0143291297345307));
#12612=CARTESIAN_POINT('',(0.0109900520392516,0.0268015247435925,-0.0137211838106508));
#12613=CARTESIAN_POINT('',(0.0109900520392516,0.0268015247435925,-0.0137211838106508));
#12614=CARTESIAN_POINT('',(0.0109900520392516,0.0296444883833048,-0.0141411838106508));
#12615=CARTESIAN_POINT('',(0.0109900520392516,0.0296444883833048,-0.0141411838106508));
#12616=CARTESIAN_POINT('',(0.0109900520392516,0.0268015247435925,-0.0141411838106508));
#12617=CARTESIAN_POINT('',(0.0109900520392516,0.0268015247435925,-0.0141411838106508));
#12618=CARTESIAN_POINT('',(0.00679005203925159,0.0268015247435925,-0.0141411838106508));
#12619=CARTESIAN_POINT('',(0.00679005203925161,0.0296444883833048,-0.0141411838106508));
#12620=CARTESIAN_POINT('',(0.0109900520392516,0.0268015247435925,-0.0143291297345307));
#12621=CARTESIAN_POINT('',(0.00679005203925159,0.0268015247435925,-0.0143291297345307));
#12622=CARTESIAN_POINT('',(0.00679005203925159,0.0266248409711098,-0.0142650476399614));
#12623=CARTESIAN_POINT('',(0.0109900520392516,0.0268015247435925,-0.0143291297345307));
#12624=CARTESIAN_POINT('',(0.0109900520392516,0.0266248409711098,-0.0142650476399614));
#12625=CARTESIAN_POINT('',(0.0109900520392516,0.0266248409711098,-0.0142650476399614));
#12626=CARTESIAN_POINT('',(0.0109900520392516,0.0262482460629824,-0.0153033752650635));
#12627=CARTESIAN_POINT('',(0.00679005203925159,0.0262482460629824,-0.0153033752650635));
#12628=CARTESIAN_POINT('',(0.00679005203925159,0.0262483209318057,-0.0153031688406913));
#12629=CARTESIAN_POINT('',(0.0109900520392516,0.0262482460629824,-0.0153033752650635));
#12630=CARTESIAN_POINT('',(0.0109900520392516,0.0262483209318057,-0.0153031688406913));
#12631=CARTESIAN_POINT('',(0.0109900520392516,0.0262483209318057,-0.0153031688406913));
#12632=CARTESIAN_POINT('',(0.0109900520392515,0.0172279204319146,-0.0157118173628098));
#12633=CARTESIAN_POINT('',(0.00679005203925153,0.0172279204319146,-0.0157118173628098));
#12634=CARTESIAN_POINT('',(0.00679005203925153,0.0172279204319146,-0.0157118173628098));
#12635=CARTESIAN_POINT('',(0.00679005203925158,0.0256493368016439,-0.0157118173628098));
#12636=CARTESIAN_POINT('',(0.00679005203925158,0.0256493368016439,-0.0157118173628098));
#12637=CARTESIAN_POINT('',(0.00819005203925158,0.0256493368016438,-0.0157118173628098));
#12638=CARTESIAN_POINT('',(0.00959005203925158,0.0256493368016438,-0.0157118173628098));
#12639=CARTESIAN_POINT('',(0.0109900520392516,0.0256493368016438,-0.0157118173628098));
#12640=CARTESIAN_POINT('',(0.0109900520392516,0.0256493368016438,-0.0157118173628098));
#12641=CARTESIAN_POINT('',(0.0109900520392515,0.0172279204319146,-0.0157118173628098));
#12642=CARTESIAN_POINT('',(0.0109900520392515,0.0172279204319146,-0.0157118173628098));
#12643=CARTESIAN_POINT('',(0.0109900520392515,0.0172279204319146,-0.0157118173628098));
#12644=CARTESIAN_POINT('',(0.0109900520392515,0.0151562569979423,-0.0172297659204481));
#12645=CARTESIAN_POINT('',(0.00679005203925152,0.0151562569979424,-0.0172297659204481));
#12646=CARTESIAN_POINT('',(0.0109900520392515,0.0153504207211139,-0.0166472747509252));
#12647=CARTESIAN_POINT('',(0.00679005203925153,0.0153504207211139,-0.0166472747509252));
#12648=CARTESIAN_POINT('',(0.0109900520392515,0.0154086865397259,-0.0160427575056444));
#12649=CARTESIAN_POINT('',(0.00679005203925152,0.015408686539726,-0.0160427575056444));
#12650=CARTESIAN_POINT('',(0.0109900520392515,0.0161962157491367,-0.0157445698924287));
#12651=CARTESIAN_POINT('',(0.00679005203925154,0.0161962157491367,-0.0157445698924287));
#12652=CARTESIAN_POINT('',(0.0109900520392515,0.0172279204318309,-0.0157118173628125));
#12653=CARTESIAN_POINT('',(0.00679005203925155,0.0172279204318309,-0.0157118173628125));
#12654=CARTESIAN_POINT('',(0.00679005203925152,0.0151562569979292,-0.0172297659204877));
#12655=CARTESIAN_POINT('',(0.00679005203925152,0.0153153886818864,-0.0167523708686159));
#12656=CARTESIAN_POINT('',(0.00679005203925152,0.0154442690262218,-0.0160716014584059));
#12657=CARTESIAN_POINT('',(0.00679005203925152,0.0160100701689068,-0.0157504792759211));
#12658=CARTESIAN_POINT('',(0.00679005203925153,0.0172279204319146,-0.0157118173628098));
#12659=CARTESIAN_POINT('',(0.00679005203925152,0.0151562569979292,-0.0172297659204877));
#12660=CARTESIAN_POINT('',(0.0109900520392515,0.0151562569979291,-0.0172297659204877));
#12661=CARTESIAN_POINT('',(0.0109900520392515,0.0153153886818864,-0.0167523708686159));
#12662=CARTESIAN_POINT('',(0.0109900520392515,0.0154442690262218,-0.0160716014584059));
#12663=CARTESIAN_POINT('',(0.0109900520392515,0.0160100701689068,-0.0157504792759211));
#12664=CARTESIAN_POINT('',(0.0109900520392515,0.0172279204319146,-0.0157118173628098));
#12665=CARTESIAN_POINT('',(0.0109900520392515,0.0151562569979291,-0.0172297659204877));
#12666=CARTESIAN_POINT('',(0.0109900520392515,0.0151562569979291,-0.0172297659204877));
#12667=CARTESIAN_POINT('',(0.0101500520392514,-0.00181023040108875,-0.0108846910977026));
#12668=CARTESIAN_POINT('',(0.00679005203925139,-0.00181023040108873,-0.0108846910977026));
#12669=CARTESIAN_POINT('',(0.0067900520392515,0.013162374767261,-0.0163610229034458));
#12670=CARTESIAN_POINT('',(0.00679005203925151,0.0131623004353933,-0.0163609957160615));
#12671=CARTESIAN_POINT('',(0.00819005195591818,0.0131623004353933,-0.0163609957160615));
#12672=CARTESIAN_POINT('',(0.00959005187258484,0.0131623004353933,-0.0163609957160615));
#12673=CARTESIAN_POINT('',(0.0109900517892515,0.0131623004353933,-0.0163609957160615));
#12674=CARTESIAN_POINT('',(0.0109900517892515,0.0131623747739251,-0.0163610228851924));
#12675=CARTESIAN_POINT('',(0.0109900520392514,-0.00181023040108876,-0.0108846910977026));
#12676=CARTESIAN_POINT('',(0.0109900520392516,0.0267938266140053,-0.0137211838106508));
#12677=CARTESIAN_POINT('',(0.0088900520392516,0.0281444883833048,-0.0137211838106508));
#12678=CARTESIAN_POINT('',(0.0098900520392516,0.0281444883833048,-0.0137211838106508));
#12679=CARTESIAN_POINT('',(0.0109900520392516,0.0267938266140053,-0.0137211838106508));
#12680=CARTESIAN_POINT('',(0.00679005203925159,0.0267938266140053,-0.0137211838106508));
#12681=CARTESIAN_POINT('',(0.0067900520392515,0.0137072390361101,-0.014541996523235));
#12682=CARTESIAN_POINT('',(0.00679005203925158,0.0256654101425206,-0.0150917507585462));
#12683=CARTESIAN_POINT('',(0.00679005203925151,0.0140949665585876,-0.0169431827875133));
#12684=CARTESIAN_POINT('',(0.00679005203925151,0.0140949665585876,-0.0169431827875133));
#12685=CARTESIAN_POINT('',(0.00679005203925158,0.0256653594306453,-0.0150918905786548));
#12686=CARTESIAN_POINT('',(0.0109900520392515,0.0137072390361101,-0.014541996523235));
#12687=CARTESIAN_POINT('',(0.0109900520392516,0.0256653594306453,-0.0150918905786548));
#12688=CARTESIAN_POINT('',(0.0109900520392515,0.0140949665585875,-0.0169431827875133));
#12689=CARTESIAN_POINT('',(0.0109900520392515,0.0140949665585875,-0.0169431827875133));
#12690=CARTESIAN_POINT('',(0.0109900520392516,0.0256654101425205,-0.0150917507585462));
#12691=CARTESIAN_POINT('',(0.0109900520392515,0.0140949665585875,-0.0169431827875133));
#12692=CARTESIAN_POINT('',(0.0109900520392516,0.0256654101425205,-0.0150917507585462));
#12693=CARTESIAN_POINT('',(0.0109900520392516,0.0256653594306453,-0.0150918905786548));
#12694=CARTESIAN_POINT('',(0.0109900520392515,0.0140949665585875,-0.0169431827875133));
#12695=CARTESIAN_POINT('',(0.0088900520392516,0.0281444883833048,-0.0134211838106508));
#12696=CARTESIAN_POINT('',(0.0088900520392516,0.0281444883833048,-0.0135211838106508));
#12697=CARTESIAN_POINT('',(0.00889005203925161,0.0291444883833048,-0.0135211838106508));
#12698=CARTESIAN_POINT('',(0.0088900520392516,0.0281444883833048,-0.0134211838106508));
#12699=CARTESIAN_POINT('',(0.,0.,0.));
#12700=CARTESIAN_POINT('',(0.00808533601267307,0.0140320415397699,-0.0109670965743805));
#12701=CARTESIAN_POINT('',(0.00861866934600641,0.0133653748731032,-0.0109670965743805));
#12702=CARTESIAN_POINT('',(0.00915200267933974,0.0133653748731032,-0.0109670965743805));
#12703=CARTESIAN_POINT('',(0.00968533601267307,0.0140320415397698,-0.0109670965743805));
#12704=CARTESIAN_POINT('',(0.00796300220678758,0.0140320415397699,-0.0102672164716912));
#12705=CARTESIAN_POINT('',(0.00860560255332583,0.0136098193175476,-0.0102672164716911));
#12706=CARTESIAN_POINT('',(0.00916506947202031,0.0136098193175476,-0.0102672164716911));
#12707=CARTESIAN_POINT('',(0.00980766981855856,0.0140320415397698,-0.0102672164716912));
#12708=CARTESIAN_POINT('',(0.00806969475482446,0.0140320415397699,-0.00915170027984137));
#12709=CARTESIAN_POINT('',(0.00864827612169122,0.0137875970953254,-0.00915170027984137));
#12710=CARTESIAN_POINT('',(0.00912239590365492,0.0137875970953254,-0.00915170027984137));
#12711=CARTESIAN_POINT('',(0.00970097727052168,0.0140320415397698,-0.00915170027984137));
#12712=CARTESIAN_POINT('',(0.00888533601267307,0.0140320415397699,-0.0088950918343227));
#12713=CARTESIAN_POINT('',(0.00888533601267307,0.0140320415397699,-0.0088950918343227));
#12714=CARTESIAN_POINT('',(0.00888533601267307,0.0140320415397699,-0.0088950918343227));
#12715=CARTESIAN_POINT('',(0.00888533601267307,0.0140320415397699,-0.0088950918343227));
#12716=CARTESIAN_POINT('',(0.00808533601267307,0.0140320415397699,-0.0109670965743805));
#12717=CARTESIAN_POINT('',(0.00796300220678758,0.0140320415397699,-0.0102672164716912));
#12718=CARTESIAN_POINT('',(0.00806969475482446,0.0140320415397699,-0.00915170027984137));
#12719=CARTESIAN_POINT('',(0.00888533601267307,0.0140320415397699,-0.0088950918343227));
#12720=CARTESIAN_POINT('',(0.00808533601267308,0.0140320415397699,-0.0109670965743805));
#12721=CARTESIAN_POINT('',(0.00888533601267307,0.0140320415397699,-0.00889509200904304));
#12722=CARTESIAN_POINT('',(0.00968533601267307,0.0140320415397698,-0.0109670965743805));
#12723=CARTESIAN_POINT('',(0.00980766981855856,0.0140320415397698,-0.0102672164716912));
#12724=CARTESIAN_POINT('',(0.00970097727052168,0.0140320415397698,-0.00915170027984137));
#12725=CARTESIAN_POINT('',(0.00888533601267307,0.0140320415397699,-0.0088950918343227));
#12726=CARTESIAN_POINT('',(0.00968533601267308,0.0140320415397698,-0.0109670965743805));
#12727=CARTESIAN_POINT('',(0.00808533601267307,0.0140320415397699,-0.0109670965743805));
#12728=CARTESIAN_POINT('',(0.00861866934600641,0.0133653748731032,-0.0109670965743805));
#12729=CARTESIAN_POINT('',(0.00915200267933974,0.0133653748731032,-0.0109670965743805));
#12730=CARTESIAN_POINT('',(0.00968533601267307,0.0140320415397698,-0.0109670965743805));
#12731=CARTESIAN_POINT('',(0.0096853360126731,0.0140320415397698,-0.0109670965743805));
#12732=CARTESIAN_POINT('',(0.00888533601267318,0.0140320415397699,-0.0109670965743805));
#12733=CARTESIAN_POINT('',(0.,0.,0.));
#12734=CARTESIAN_POINT('',(0.0110400520392513,0.0266222030584077,-0.00479912879255955));
#12735=CARTESIAN_POINT('',(0.0110400520392513,0.0303215475319934,-0.00479912879255955));
#12736=CARTESIAN_POINT('',(0.00954005203925135,0.0303215475319935,-0.00449912879255955));
#12737=CARTESIAN_POINT('',(0.0109900520392513,0.0303215475319934,-0.00478912879255955));
#12738=CARTESIAN_POINT('',(0.0109900520392513,0.0266222030584077,-0.00478912879255955));
#12739=CARTESIAN_POINT('',(0.0109900520392513,0.0307415475319935,-0.00478912879255955));
#12740=CARTESIAN_POINT('',(0.0110400520392513,0.0307415475319935,-0.00479912879255955));
#12741=CARTESIAN_POINT('',(0.00954005203925135,0.0307415475319935,-0.00449912879255955));
#12742=CARTESIAN_POINT('',(0.00954005203925132,0.0266222030584077,-0.00449912879255955));
#12743=CARTESIAN_POINT('',(0.00954005203925132,0.0266222030584077,-0.0014504524716116));
#12744=CARTESIAN_POINT('',(0.00954005203925135,0.0303215475319935,-0.0014504524716116));
#12745=CARTESIAN_POINT('',(0.00954005203925135,0.0303215475319935,-0.0014504524716116));
#12746=CARTESIAN_POINT('',(0.00954005203925135,0.0307415475319935,-0.0014504524716116));
#12747=CARTESIAN_POINT('',(0.00954005203925135,0.0307415475319935,-0.0014504524716116));
#12748=CARTESIAN_POINT('',(0.00954005203925132,0.0266222030584077,-0.0014504524716116));
#12749=CARTESIAN_POINT('',(0.00889005203925133,0.0266222030584077,-0.0014504524716116));
#12750=CARTESIAN_POINT('',(0.00889005203925135,0.0303215475319935,-0.0014504524716116));
#12751=CARTESIAN_POINT('',(0.00824005203925135,0.0303215475319935,-0.0014504524716116));
#12752=CARTESIAN_POINT('',(0.00889005203925136,0.0307415475319935,-0.0014504524716116));
#12753=CARTESIAN_POINT('',(0.00824005203925135,0.0307415475319935,-0.0014504524716116));
#12754=CARTESIAN_POINT('',(0.00824005203925133,0.0266222030584077,-0.0014504524716116));
#12755=CARTESIAN_POINT('',(0.00824005203925133,0.0266222030584077,-0.00449912879255955));
#12756=CARTESIAN_POINT('',(0.00824005203925135,0.0303215475319935,-0.00449912879255955));
#12757=CARTESIAN_POINT('',(0.00679005203925135,0.0303215475319935,-0.00478912879255955));
#12758=CARTESIAN_POINT('',(0.00824005203925135,0.0303215475319935,-0.00449912879255955));
#12759=CARTESIAN_POINT('',(0.00824005203925133,0.0266222030584077,-0.00449912879255955));
#12760=CARTESIAN_POINT('',(0.00824005203925135,0.0307415475319935,-0.00449912879255955));
#12761=CARTESIAN_POINT('',(0.00824005203925135,0.0307415475319935,-0.00449912879255955));
#12762=CARTESIAN_POINT('',(0.00679005203925135,0.0307415475319935,-0.00478912879255955));
#12763=CARTESIAN_POINT('',(0.00679005203925132,0.0266222030584077,-0.00478912879255955));
#12764=CARTESIAN_POINT('',(0.00824005203925133,0.0266222030584077,-0.0014504524716116));
#12765=CARTESIAN_POINT('',(0.00824005203925135,0.0303215475319935,-0.0014504524716116));
#12766=CARTESIAN_POINT('',(0.00824005203925135,0.0307415475319935,-0.0014504524716116));
#12767=CARTESIAN_POINT('',(0.010985336012673,0.0287232030584076,-0.0134640228174582));
#12768=CARTESIAN_POINT('',(0.010985336012673,0.0287232030584076,-0.0131630228174582));
#12769=CARTESIAN_POINT('',(0.010985336012673,0.0287232030584076,-0.0131630228174582));
#12770=CARTESIAN_POINT('',(0.0109900520392513,0.0287232030584076,-0.0131630228174582));
#12771=CARTESIAN_POINT('',(0.0109900520392513,0.0287232030584076,-0.0134640228174582));
#12772=CARTESIAN_POINT('',(0.0109900520392513,0.0287232030584076,-0.0127430228174582));
#12773=CARTESIAN_POINT('',(0.010985336012673,0.0287232030584076,-0.0127430228174582));
#12774=CARTESIAN_POINT('',(0.010985336012673,0.0287232030584076,-0.0127430228174582));
#12775=CARTESIAN_POINT('',(0.010985336012673,0.0287232030584076,-0.0134640228174582));
#12776=CARTESIAN_POINT('',(0.008885336012673,0.0287232030584076,-0.0134640228174582));
#12777=CARTESIAN_POINT('',(0.008885336012673,0.0287232030584076,-0.0131630228174582));
#12778=CARTESIAN_POINT('',(0.00679005203925134,0.0285825436444942,-0.0131630228174582));
#12779=CARTESIAN_POINT('',(0.008885336012673,0.0287232030584076,-0.0127430228174582));
#12780=CARTESIAN_POINT('',(0.00679005203925134,0.0285825436444942,-0.0127430228174582));
#12781=CARTESIAN_POINT('',(0.00679005203925134,0.0285825436444942,-0.0134640228174582));
#12782=CARTESIAN_POINT('',(0.00889005203925134,0.0281232030584076,-0.0134630228174582));
#12783=CARTESIAN_POINT('',(0.00889005203925134,0.0281232030584076,-0.0134630228174582));
#12784=CARTESIAN_POINT('',(0.00889005203925133,0.0272232030584076,-0.0134630228174582));
#12785=CARTESIAN_POINT('',(0.00679005203925135,0.0302232030584077,-0.0126446783438724));
#12786=CARTESIAN_POINT('',(0.00679005203925135,0.0307415475319935,-0.0126446783438724));
#12787=CARTESIAN_POINT('',(0.00679005203925135,0.0307415475319935,-0.0126446783438724));
#12788=CARTESIAN_POINT('',(0.00679005203925135,0.0302232030584077,-0.0126446783438724));
#12789=CARTESIAN_POINT('',(0.00679005203925135,0.0302232030584077,-0.0131630228174582));
#12790=CARTESIAN_POINT('',(0.00679005203925135,0.0302232030584077,-0.0131630228174582));
#12791=CARTESIAN_POINT('',(0.00679005203925135,0.0302232030584077,-0.0127430228174582));
#12792=CARTESIAN_POINT('',(0.00679005203925135,0.0302232030584077,-0.0127430228174582));
#12793=CARTESIAN_POINT('',(0.00679005203925135,0.0302232030584077,-0.0126446783438724));
#12794=CARTESIAN_POINT('',(0.00679005203925135,0.0303215475319935,-0.0126446783438724));
#12795=CARTESIAN_POINT('',(0.00679005203925135,0.0303215475319935,-0.000800452471611599));
#12796=CARTESIAN_POINT('',(0.0109900520392513,0.0302232030584077,-0.0126446783438724));
#12797=CARTESIAN_POINT('',(0.0109900520392513,0.0307415475319935,-0.0126446783438724));
#12798=CARTESIAN_POINT('',(0.0109900520392513,0.0307415475319935,-0.0126446783438724));
#12799=CARTESIAN_POINT('',(0.0109900520392513,0.0303215475319934,-0.000800452471611599));
#12800=CARTESIAN_POINT('',(0.0109900520392513,0.0303215475319934,-0.0126446783438724));
#12801=CARTESIAN_POINT('',(0.0109900520392513,0.0302232030584077,-0.0126446783438724));
#12802=CARTESIAN_POINT('',(0.0109900520392513,0.0302232030584077,-0.0127430228174582));
#12803=CARTESIAN_POINT('',(0.0109900520392513,0.0302232030584077,-0.0127430228174582));
#12804=CARTESIAN_POINT('',(0.0109900520392513,0.0302232030584077,-0.0131630228174582));
#12805=CARTESIAN_POINT('',(0.0109900520392513,0.0302232030584077,-0.0131630228174582));
#12806=CARTESIAN_POINT('',(0.0109900520392513,0.0302232030584077,-0.0126446783438724));
#12807=CARTESIAN_POINT('',(0.0109900520392513,0.0302232030584077,-0.0127430228174582));
#12808=CARTESIAN_POINT('',(0.0109900520392513,0.0302232030584077,-0.0127430228174582));
#12809=CARTESIAN_POINT('',(0.0109900520392513,0.0302232030584077,-0.0126446783438724));
#12810=CARTESIAN_POINT('',(0.0109900520392513,0.0303215475319934,-0.0126446783438724));
#12811=CARTESIAN_POINT('',(0.0109900520392513,0.0303215475319934,-0.000800452471611599));
#12812=CARTESIAN_POINT('',(0.0109900520392513,0.0307415475319935,-0.0126446783438724));
#12813=CARTESIAN_POINT('',(0.0109900520392513,0.0307415475319935,-0.0126446783438724));
#12814=CARTESIAN_POINT('',(0.0109900520392513,0.0302232030584077,-0.0126446783438724));
#12815=CARTESIAN_POINT('',(0.0109900520392513,0.0302232030584077,-0.0131630228174582));
#12816=CARTESIAN_POINT('',(0.0109900520392513,0.0302232030584077,-0.0131630228174582));
#12817=CARTESIAN_POINT('',(0.00889005203925134,0.0281232030584076,-0.0131630228174582));
#12818=CARTESIAN_POINT('',(0.00789005203925134,0.0281232030584077,-0.0131630228174582));
#12819=CARTESIAN_POINT('',(0.00889005203925134,0.0281232030584076,-0.0134630228174582));
#12820=CARTESIAN_POINT('',(0.00889005203925134,0.0281232030584076,-0.0133630228174582));
#12821=CARTESIAN_POINT('',(0.00889005203925133,0.0271232030584076,-0.0133630228174582));
#12822=CARTESIAN_POINT('',(0.00889005203925134,0.0281232030584076,-0.0134630228174582));
#12823=CARTESIAN_POINT('',(0.,0.,0.));
#12824=CARTESIAN_POINT('',(0.00809005203925135,0.0307415475319935,-0.011008935581188));
#12825=CARTESIAN_POINT('',(0.0086233853725847,0.0314082141986601,-0.011008935581188));
#12826=CARTESIAN_POINT('',(0.00915671870591803,0.0314082141986601,-0.011008935581188));
#12827=CARTESIAN_POINT('',(0.00969005203925135,0.0307415475319935,-0.011008935581188));
#12828=CARTESIAN_POINT('',(0.00796016793552684,0.0307415475319935,-0.0103090559242039));
#12829=CARTESIAN_POINT('',(0.00860830516714705,0.0311637697542156,-0.0103090559242039));
#12830=CARTESIAN_POINT('',(0.00917179891135568,0.0311637697542156,-0.0103090559242039));
#12831=CARTESIAN_POINT('',(0.00981993614297586,0.0307415475319935,-0.0103090559242039));
#12832=CARTESIAN_POINT('',(0.00806981924307448,0.0307415475319935,-0.00918773894697082));
#12833=CARTESIAN_POINT('',(0.00865176773804863,0.0309859919764379,-0.00918773894697082));
#12834=CARTESIAN_POINT('',(0.00912833634045408,0.0309859919764378,-0.00918773894697083));
#12835=CARTESIAN_POINT('',(0.00971028483542823,0.0307415475319935,-0.00918773894697083));
#12836=CARTESIAN_POINT('',(0.00889005203925136,0.0307415475319935,-0.00893693084113014));
#12837=CARTESIAN_POINT('',(0.00889005203925136,0.0307415475319935,-0.00893693084113014));
#12838=CARTESIAN_POINT('',(0.00889005203925136,0.0307415475319935,-0.00893693084113014));
#12839=CARTESIAN_POINT('',(0.00889005203925136,0.0307415475319935,-0.00893693084113014));
#12840=CARTESIAN_POINT('',(0.00809005203925135,0.0307415475319935,-0.011008935581188));
#12841=CARTESIAN_POINT('',(0.00796016793552684,0.0307415475319935,-0.0103090559242039));
#12842=CARTESIAN_POINT('',(0.00806981924307448,0.0307415475319935,-0.00918773894697082));
#12843=CARTESIAN_POINT('',(0.00889005203925136,0.0307415475319935,-0.00893693084113014));
#12844=CARTESIAN_POINT('',(0.00809005203925135,0.0307415475319935,-0.011008935581188));
#12845=CARTESIAN_POINT('',(0.00889005203925136,0.0307415475319935,-0.00893693101541435));
#12846=CARTESIAN_POINT('',(0.00969005203925135,0.0307415475319935,-0.011008935581188));
#12847=CARTESIAN_POINT('',(0.00981993614297586,0.0307415475319935,-0.0103090559242039));
#12848=CARTESIAN_POINT('',(0.00971028483542823,0.0307415475319935,-0.00918773894697083));
#12849=CARTESIAN_POINT('',(0.00889005203925136,0.0307415475319935,-0.00893693084113014));
#12850=CARTESIAN_POINT('',(0.00969005203925135,0.0307415475319935,-0.011008935581188));
#12851=CARTESIAN_POINT('',(0.00809005203925135,0.0307415475319935,-0.011008935581188));
#12852=CARTESIAN_POINT('',(0.0086233853725847,0.0314082141986601,-0.011008935581188));
#12853=CARTESIAN_POINT('',(0.00915671870591803,0.0314082141986601,-0.011008935581188));
#12854=CARTESIAN_POINT('',(0.00969005203925135,0.0307415475319935,-0.011008935581188));
#12855=CARTESIAN_POINT('',(0.00809005203925135,0.0307415475319935,-0.011008935581188));
#12856=CARTESIAN_POINT('',(0.00889005203925136,0.0307415475319935,-0.011008935581188));
#12857=CARTESIAN_POINT('',(0.,0.,0.));
#12858=CARTESIAN_POINT('',(0.0214900520392516,0.0275444883833048,-0.00074013693624868));
#12859=CARTESIAN_POINT('',(0.0214900520392516,0.0275444883833048,-0.0137211838106508));
#12860=CARTESIAN_POINT('',(0.0193900520392516,0.0275444883337277,-0.0137211838106508));
#12861=CARTESIAN_POINT('',(0.0235900520392516,0.0275444883337276,-0.0137211838106508));
#12862=CARTESIAN_POINT('',(0.0235900520392516,0.0275444882345733,-0.00074013693624868));
#12863=CARTESIAN_POINT('',(0.0235900520392516,0.0275444883089391,-0.0141411838106508));
#12864=CARTESIAN_POINT('',(0.0214900520392516,0.0275444883833048,-0.0141411838106508));
#12865=CARTESIAN_POINT('',(0.0193900520392516,0.0275444883089391,-0.0141411838106508));
#12866=CARTESIAN_POINT('',(0.0193900520392516,0.0275444882345734,-0.00074013693624868));
#12867=CARTESIAN_POINT('',(0.0221400520392516,0.0296454883833049,-0.00139093143964786));
#12868=CARTESIAN_POINT('',(0.0221400520392515,0.0144520415397698,-0.00139093143964786));
#12869=CARTESIAN_POINT('',(0.0221400520392515,0.0144520415397698,-0.00449093143964786));
#12870=CARTESIAN_POINT('',(0.0221400520392515,0.0144520415397698,-0.00139093143964786));
#12871=CARTESIAN_POINT('',(0.0221400520392516,0.0296454883833049,-0.00139093143964786));
#12872=CARTESIAN_POINT('',(0.0221400520392515,0.0140320415397698,-0.00139093143964786));
#12873=CARTESIAN_POINT('',(0.0221400520392515,0.0140320415397698,-0.00139093143964786));
#12874=CARTESIAN_POINT('',(0.0221400520392515,0.0140320415397698,-0.00449093143964786));
#12875=CARTESIAN_POINT('',(0.0221400520392516,0.0296454883833049,-0.00449093143964786));
#12876=CARTESIAN_POINT('',(0.0221400520392516,0.0296454883833049,-0.00449093143964786));
#12877=CARTESIAN_POINT('',(0.0221400520392515,0.0144520415397698,-0.00449093143964786));
#12878=CARTESIAN_POINT('',(0.0235900520392515,0.0144520415397698,-0.00472015698104632));
#12879=CARTESIAN_POINT('',(0.0221400520392515,0.0140320415397698,-0.00449093143964786));
#12880=CARTESIAN_POINT('',(0.0235900520392515,0.0140320415397698,-0.00472015698104633));
#12881=CARTESIAN_POINT('',(0.0235900520392516,0.0296454883833049,-0.00472015698104632));
#12882=CARTESIAN_POINT('',(0.0214900520392516,0.0296454883833049,-0.00139093143964786));
#12883=CARTESIAN_POINT('',(0.0214900520392515,0.0144520415397699,-0.00139093143964786));
#12884=CARTESIAN_POINT('',(0.0215063953361099,0.0144520415397699,-0.000741136936248679));
#12885=CARTESIAN_POINT('',(0.0215063953361099,0.0140320415397699,-0.00074093143964786));
#12886=CARTESIAN_POINT('',(0.0215063953361099,0.0141720415397699,-0.00074093143964786));
#12887=CARTESIAN_POINT('',(0.0215063953361099,0.0143120415397699,-0.00074093143964786));
#12888=CARTESIAN_POINT('',(0.0215063953361099,0.0144520415397699,-0.00074093143964786));
#12889=CARTESIAN_POINT('',(0.0215063953361099,0.0140320415397699,-0.000741136936248679));
#12890=CARTESIAN_POINT('',(0.0214900520392515,0.0140320415397699,-0.00139093143964786));
#12891=CARTESIAN_POINT('',(0.0214900520392516,0.0296454883833049,-0.00139093143964786));
#12892=CARTESIAN_POINT('',(0.0214900520392515,0.0144520415397699,-0.00139093143964786));
#12893=CARTESIAN_POINT('',(0.0214737087423932,0.0144520415397699,-0.000741136936248679));
#12894=CARTESIAN_POINT('',(0.0208400520392515,0.0144520415397699,-0.00139093143964786));
#12895=CARTESIAN_POINT('',(0.0208400520392516,0.0296454883833049,-0.00139093143964786));
#12896=CARTESIAN_POINT('',(0.0208400520392515,0.0140320415397699,-0.00139093143964786));
#12897=CARTESIAN_POINT('',(0.0214900520392515,0.0140320415397699,-0.00139093143964786));
#12898=CARTESIAN_POINT('',(0.0214737087423932,0.0140320415397699,-0.000741136936248679));
#12899=CARTESIAN_POINT('',(0.0214737087423931,0.0144520415397699,-0.00074093143964786));
#12900=CARTESIAN_POINT('',(0.0214737087423931,0.0143120415397699,-0.00074093143964786));
#12901=CARTESIAN_POINT('',(0.0214737087423931,0.0141720415397699,-0.00074093143964786));
#12902=CARTESIAN_POINT('',(0.0214737087423931,0.0140320415397699,-0.00074093143964786));
#12903=CARTESIAN_POINT('',(0.0208400520392516,0.0296454883833049,-0.00139093143964786));
#12904=CARTESIAN_POINT('',(0.0208400520392515,0.0144520415397699,-0.00139093143964786));
#12905=CARTESIAN_POINT('',(0.0208400520392515,0.0144520415397699,-0.00449093143964786));
#12906=CARTESIAN_POINT('',(0.0208400520392516,0.0296454883833049,-0.00449093143964786));
#12907=CARTESIAN_POINT('',(0.0208400520392515,0.0140320415397699,-0.00449093143964786));
#12908=CARTESIAN_POINT('',(0.0208400520392515,0.0140320415397699,-0.00139093143964786));
#12909=CARTESIAN_POINT('',(0.0193400520392516,0.0296454883833049,-0.00472806131006007));
#12910=CARTESIAN_POINT('',(0.0193400520392515,0.0144520415397699,-0.00472806131006007));
#12911=CARTESIAN_POINT('',(0.0193900520392515,0.0144520415397699,-0.00472015698104632));
#12912=CARTESIAN_POINT('',(0.0193900520392516,0.0296454883833049,-0.00472015698104633));
#12913=CARTESIAN_POINT('',(0.0193900520392515,0.0140320415397699,-0.00472015698104632));
#12914=CARTESIAN_POINT('',(0.0193400520392515,0.0140320415397699,-0.00472806131006007));
#12915=CARTESIAN_POINT('',(0.0214900520392516,0.0281444883833048,-0.0134211838106508));
#12916=CARTESIAN_POINT('',(0.0214900520392516,0.0281444883833048,-0.0134211838106508));
#12917=CARTESIAN_POINT('',(0.0214900520392516,0.0290444883833048,-0.0134211838106508));
#12918=CARTESIAN_POINT('',(0.0235900520392515,0.0140320415397698,-0.0126718111485782));
#12919=CARTESIAN_POINT('',(0.0235900520392515,0.0140320415397698,-0.00074093143964786));
#12920=CARTESIAN_POINT('',(0.0193900520392515,0.0140320415397699,-0.0126718111485782));
#12921=CARTESIAN_POINT('',(0.0193900520392515,0.0140319669563944,-0.0126718027350472));
#12922=CARTESIAN_POINT('',(0.0193900520392515,0.0140320415397699,-0.0126718111485782));
#12923=CARTESIAN_POINT('',(0.0207900520392515,0.0140320415397699,-0.0126718111485782));
#12924=CARTESIAN_POINT('',(0.0221900520392515,0.0140320415397698,-0.0126718111485782));
#12925=CARTESIAN_POINT('',(0.0235900520392515,0.0140320415397698,-0.0126718111485782));
#12926=CARTESIAN_POINT('',(0.0235900520392515,0.0140319669563944,-0.0126718027350472));
#12927=CARTESIAN_POINT('',(0.0235900520392515,0.0140320415397698,-0.0126718111485782));
#12928=CARTESIAN_POINT('',(0.0235900520392515,0.0140320415397698,-0.00074093143964786));
#12929=CARTESIAN_POINT('',(0.0235900520392515,0.0144520415397698,-0.00074093143964786));
#12930=CARTESIAN_POINT('',(0.0235900520392515,0.0144520415397698,-0.0126718111485782));
#12931=CARTESIAN_POINT('',(0.0235900520392515,0.0144520415397698,-0.0126718111485782));
#12932=CARTESIAN_POINT('',(0.0235900517892515,0.014452277254388,-0.0126718244765264));
#12933=CARTESIAN_POINT('',(0.0235900517892515,0.0144520415397698,-0.0126718111485782));
#12934=CARTESIAN_POINT('',(0.0221900518725848,0.0144520415397698,-0.0126718111485782));
#12935=CARTESIAN_POINT('',(0.0207900519559182,0.0144520415397699,-0.0126718111485782));
#12936=CARTESIAN_POINT('',(0.0193900520392515,0.0144520415397699,-0.0126718111485782));
#12937=CARTESIAN_POINT('',(0.0193900520392515,0.014452277254388,-0.0126718244765264));
#12938=CARTESIAN_POINT('',(0.0193900520392515,0.0144520415397699,-0.0126718111485782));
#12939=CARTESIAN_POINT('',(0.0227500520392514,0.00322203016349815,-0.0120368356373118));
#12940=CARTESIAN_POINT('',(0.0193900520392515,0.00322203016349817,-0.0120368356373118));
#12941=CARTESIAN_POINT('',(0.0193900520392515,0.0134976028492298,-0.0166136344411197));
#12942=CARTESIAN_POINT('',(0.0235900520392514,0.00322203016349815,-0.0120368356373118));
#12943=CARTESIAN_POINT('',(0.0235900520392515,0.0134976028492298,-0.0166136344411197));
#12944=CARTESIAN_POINT('',(0.0235900520392515,0.0134972979296038,-0.0166134986281755));
#12945=CARTESIAN_POINT('',(0.0221900520392515,0.0134972979296038,-0.0166134986281755));
#12946=CARTESIAN_POINT('',(0.0207900520392515,0.0134972979296038,-0.0166134986281755));
#12947=CARTESIAN_POINT('',(0.0193900520392515,0.0134972979296038,-0.0166134986281755));
#12948=CARTESIAN_POINT('',(0.0193900520392515,0.0147619112026868,-0.0170852273634554));
#12949=CARTESIAN_POINT('',(0.0235900520392515,0.0147619112026867,-0.0170852273634554));
#12950=CARTESIAN_POINT('',(0.0193900520392515,0.0149560749226297,-0.016502736201148));
#12951=CARTESIAN_POINT('',(0.0235900520392515,0.0149560749226296,-0.016502736201148));
#12952=CARTESIAN_POINT('',(0.0193900520392515,0.0152249718550708,-0.0155465978045082));
#12953=CARTESIAN_POINT('',(0.0235900520392515,0.0152249718550708,-0.0155465978045082));
#12954=CARTESIAN_POINT('',(0.0193900520392515,0.0163070187910876,-0.0153247097122834));
#12955=CARTESIAN_POINT('',(0.0235900520392515,0.0163070187910875,-0.0153247097122834));
#12956=CARTESIAN_POINT('',(0.0193900520392515,0.017338723465999,-0.0152919571829193));
#12957=CARTESIAN_POINT('',(0.0235900520392515,0.017338723465999,-0.0152919571829193));
#12958=CARTESIAN_POINT('',(0.0193900520392516,0.0173387234660274,-0.0152919571829184));
#12959=CARTESIAN_POINT('',(0.0193900520392516,0.0161208732030195,-0.0153306190960298));
#12960=CARTESIAN_POINT('',(0.0193900520392515,0.0152139801918268,-0.0155951610468657));
#12961=CARTESIAN_POINT('',(0.0193900520392515,0.0149210428778037,-0.0166078323381046));
#12962=CARTESIAN_POINT('',(0.0193900520392515,0.0147619111938464,-0.0170852273899765));
#12963=CARTESIAN_POINT('',(0.0193900520392516,0.0173387234660274,-0.0152919571829184));
#12964=CARTESIAN_POINT('',(0.0193900520392515,0.0147619111938464,-0.0170852273899765));
#12965=CARTESIAN_POINT('',(0.0235900520392515,0.0147619111938464,-0.0170852273899765));
#12966=CARTESIAN_POINT('',(0.0235900520392515,0.0147619111938464,-0.0170852273899765));
#12967=CARTESIAN_POINT('',(0.0235900520392516,0.0173387234660273,-0.0152919571829184));
#12968=CARTESIAN_POINT('',(0.0235900520392516,0.0161208732030195,-0.0153306190960298));
#12969=CARTESIAN_POINT('',(0.0235900520392515,0.0152139801918268,-0.0155951610468657));
#12970=CARTESIAN_POINT('',(0.0235900520392515,0.0149210428778037,-0.0166078323381046));
#12971=CARTESIAN_POINT('',(0.0235900520392515,0.0147619111938464,-0.0170852273899765));
#12972=CARTESIAN_POINT('',(0.0235900520392516,0.0173387234660273,-0.0152919571829184));
#12973=CARTESIAN_POINT('',(0.0235900520392516,0.0173387234660273,-0.0152919571829184));
#12974=CARTESIAN_POINT('',(0.0235900520392516,0.0173387234660273,-0.0152919571829184));
#12975=CARTESIAN_POINT('',(0.0193900520392516,0.0173387234660274,-0.0152919571829184));
#12976=CARTESIAN_POINT('',(0.0193900520392516,0.0256601732836199,-0.0152919571829184));
#12977=CARTESIAN_POINT('',(0.0235900520392516,0.0173387234660273,-0.0152919571829184));
#12978=CARTESIAN_POINT('',(0.0235900520392516,0.0256601732836199,-0.0152919571829184));
#12979=CARTESIAN_POINT('',(0.0235900520392516,0.0256601732836198,-0.0152919571829184));
#12980=CARTESIAN_POINT('',(0.0221900520392516,0.0256601732836198,-0.0152919571829184));
#12981=CARTESIAN_POINT('',(0.0207900520392516,0.0256601732836198,-0.0152919571829184));
#12982=CARTESIAN_POINT('',(0.0193900520392516,0.0256601732836198,-0.0152919571829184));
#12983=CARTESIAN_POINT('',(0.0235900520392516,0.0258534134275584,-0.0151601719480482));
#12984=CARTESIAN_POINT('',(0.0193900520392516,0.0258534134275584,-0.0151601719480482));
#12985=CARTESIAN_POINT('',(0.0193900520392516,0.0262300083356858,-0.0141218443229462));
#12986=CARTESIAN_POINT('',(0.0193900520392516,0.0258534363766591,-0.0151601086739979));
#12987=CARTESIAN_POINT('',(0.0235900520392516,0.0258534375845065,-0.0151601053437847));
#12988=CARTESIAN_POINT('',(0.0235900520392516,0.0258534347106452,-0.0151601132664025));
#12989=CARTESIAN_POINT('',(0.0235900520392516,0.0258534134275584,-0.0151601719480482));
#12990=CARTESIAN_POINT('',(0.0235900520392516,0.0262300083356858,-0.0141218443229462));
#12991=CARTESIAN_POINT('',(0.0235900520392516,0.0262300083356858,-0.0141218443229462));
#12992=CARTESIAN_POINT('',(0.0235900520392516,0.0268015247435925,-0.0143291297345307));
#12993=CARTESIAN_POINT('',(0.0193900520392516,0.0268015247435925,-0.0143291297345307));
#12994=CARTESIAN_POINT('',(0.0193900520392516,0.0268015247435925,-0.0137211838106508));
#12995=CARTESIAN_POINT('',(0.0235900520392516,0.0268015247435925,-0.0143291297345307));
#12996=CARTESIAN_POINT('',(0.0235900520392516,0.0268015247435925,-0.0137211838106508));
#12997=CARTESIAN_POINT('',(0.0235900520392516,0.0268015247435925,-0.0137211838106508));
#12998=CARTESIAN_POINT('',(0.0235900520392517,0.0296444883833048,-0.0141411838106508));
#12999=CARTESIAN_POINT('',(0.0235900520392517,0.0296444883833048,-0.0141411838106508));
#13000=CARTESIAN_POINT('',(0.0235900520392516,0.0268015247435925,-0.0141411838106508));
#13001=CARTESIAN_POINT('',(0.0235900520392516,0.0268015247435925,-0.0141411838106508));
#13002=CARTESIAN_POINT('',(0.0193900520392516,0.0268015247435925,-0.0141411838106508));
#13003=CARTESIAN_POINT('',(0.0193900520392516,0.0296444883833048,-0.0141411838106508));
#13004=CARTESIAN_POINT('',(0.0235900520392516,0.0268015247435925,-0.0143291297345307));
#13005=CARTESIAN_POINT('',(0.0193900520392516,0.0268015247435925,-0.0143291297345307));
#13006=CARTESIAN_POINT('',(0.0193900520392516,0.0266248409711098,-0.0142650476399614));
#13007=CARTESIAN_POINT('',(0.0235900520392516,0.0268015247435925,-0.0143291297345307));
#13008=CARTESIAN_POINT('',(0.0235900520392516,0.0266248409711098,-0.0142650476399614));
#13009=CARTESIAN_POINT('',(0.0235900520392516,0.0266248409711098,-0.0142650476399614));
#13010=CARTESIAN_POINT('',(0.0235900520392516,0.0262482460629824,-0.0153033752650635));
#13011=CARTESIAN_POINT('',(0.0193900520392516,0.0262482460629824,-0.0153033752650635));
#13012=CARTESIAN_POINT('',(0.0193900520392516,0.0262483209318057,-0.0153031688406913));
#13013=CARTESIAN_POINT('',(0.0235900520392516,0.0262482460629824,-0.0153033752650635));
#13014=CARTESIAN_POINT('',(0.0235900520392516,0.0262483209318057,-0.0153031688406913));
#13015=CARTESIAN_POINT('',(0.0235900520392516,0.0262483209318057,-0.0153031688406913));
#13016=CARTESIAN_POINT('',(0.0235900520392516,0.0172279204319146,-0.0157118173628098));
#13017=CARTESIAN_POINT('',(0.0193900520392516,0.0172279204319146,-0.0157118173628098));
#13018=CARTESIAN_POINT('',(0.0193900520392516,0.0172279204319146,-0.0157118173628098));
#13019=CARTESIAN_POINT('',(0.0193900520392516,0.0256493368016439,-0.0157118173628098));
#13020=CARTESIAN_POINT('',(0.0193900520392516,0.0256493368016439,-0.0157118173628098));
#13021=CARTESIAN_POINT('',(0.0207900520392516,0.0256493368016438,-0.0157118173628098));
#13022=CARTESIAN_POINT('',(0.0221900520392516,0.0256493368016438,-0.0157118173628098));
#13023=CARTESIAN_POINT('',(0.0235900520392516,0.0256493368016438,-0.0157118173628098));
#13024=CARTESIAN_POINT('',(0.0235900520392516,0.0256493368016438,-0.0157118173628098));
#13025=CARTESIAN_POINT('',(0.0235900520392516,0.0172279204319146,-0.0157118173628098));
#13026=CARTESIAN_POINT('',(0.0235900520392516,0.0172279204319146,-0.0157118173628098));
#13027=CARTESIAN_POINT('',(0.0235900520392516,0.0172279204319146,-0.0157118173628098));
#13028=CARTESIAN_POINT('',(0.0235900520392515,0.0151562569979423,-0.0172297659204481));
#13029=CARTESIAN_POINT('',(0.0193900520392515,0.0151562569979424,-0.0172297659204481));
#13030=CARTESIAN_POINT('',(0.0235900520392515,0.0153504207211139,-0.0166472747509252));
#13031=CARTESIAN_POINT('',(0.0193900520392515,0.0153504207211139,-0.0166472747509252));
#13032=CARTESIAN_POINT('',(0.0235900520392515,0.0154086865397259,-0.0160427575056444));
#13033=CARTESIAN_POINT('',(0.0193900520392515,0.015408686539726,-0.0160427575056444));
#13034=CARTESIAN_POINT('',(0.0235900520392516,0.0161962157491367,-0.0157445698924287));
#13035=CARTESIAN_POINT('',(0.0193900520392516,0.0161962157491367,-0.0157445698924287));
#13036=CARTESIAN_POINT('',(0.0235900520392516,0.0172279204318309,-0.0157118173628125));
#13037=CARTESIAN_POINT('',(0.0193900520392516,0.0172279204318309,-0.0157118173628125));
#13038=CARTESIAN_POINT('',(0.0193900520392515,0.0151562569979292,-0.0172297659204877));
#13039=CARTESIAN_POINT('',(0.0193900520392516,0.0153153886818864,-0.0167523708686159));
#13040=CARTESIAN_POINT('',(0.0193900520392516,0.0154442690262218,-0.0160716014584059));
#13041=CARTESIAN_POINT('',(0.0193900520392516,0.0160100701689068,-0.0157504792759211));
#13042=CARTESIAN_POINT('',(0.0193900520392516,0.0172279204319146,-0.0157118173628098));
#13043=CARTESIAN_POINT('',(0.0193900520392515,0.0151562569979292,-0.0172297659204877));
#13044=CARTESIAN_POINT('',(0.0235900520392515,0.0151562569979291,-0.0172297659204877));
#13045=CARTESIAN_POINT('',(0.0235900520392515,0.0153153886818864,-0.0167523708686159));
#13046=CARTESIAN_POINT('',(0.0235900520392515,0.0154442690262218,-0.0160716014584059));
#13047=CARTESIAN_POINT('',(0.0235900520392516,0.0160100701689068,-0.0157504792759211));
#13048=CARTESIAN_POINT('',(0.0235900520392516,0.0172279204319146,-0.0157118173628098));
#13049=CARTESIAN_POINT('',(0.0235900520392515,0.0151562569979291,-0.0172297659204877));
#13050=CARTESIAN_POINT('',(0.0235900520392515,0.0151562569979291,-0.0172297659204877));
#13051=CARTESIAN_POINT('',(0.0227500520392514,-0.00181023040108875,-0.0108846910977026));
#13052=CARTESIAN_POINT('',(0.0193900520392514,-0.00181023040108873,-0.0108846910977026));
#13053=CARTESIAN_POINT('',(0.0193900520392515,0.013162374767261,-0.0163610229034458));
#13054=CARTESIAN_POINT('',(0.0193900520392515,0.0131623004353933,-0.0163609957160615));
#13055=CARTESIAN_POINT('',(0.0207900519559182,0.0131623004353933,-0.0163609957160615));
#13056=CARTESIAN_POINT('',(0.0221900518725848,0.0131623004353933,-0.0163609957160615));
#13057=CARTESIAN_POINT('',(0.0235900517892515,0.0131623004353933,-0.0163609957160615));
#13058=CARTESIAN_POINT('',(0.0235900517892515,0.0131623747739251,-0.0163610228851924));
#13059=CARTESIAN_POINT('',(0.0235900520392514,-0.00181023040108876,-0.0108846910977026));
#13060=CARTESIAN_POINT('',(0.0235900520392516,0.0267938266140053,-0.0137211838106508));
#13061=CARTESIAN_POINT('',(0.0214900520392516,0.0281444883833048,-0.0137211838106508));
#13062=CARTESIAN_POINT('',(0.0224900520392516,0.0281444883833048,-0.0137211838106508));
#13063=CARTESIAN_POINT('',(0.0235900520392516,0.0267938266140053,-0.0137211838106508));
#13064=CARTESIAN_POINT('',(0.0193900520392516,0.0267938266140053,-0.0137211838106508));
#13065=CARTESIAN_POINT('',(0.0193900520392515,0.0137072390361101,-0.014541996523235));
#13066=CARTESIAN_POINT('',(0.0193900520392516,0.0256654101425206,-0.0150917507585462));
#13067=CARTESIAN_POINT('',(0.0193900520392515,0.0140949665585876,-0.0169431827875133));
#13068=CARTESIAN_POINT('',(0.0193900520392515,0.0140949665585876,-0.0169431827875133));
#13069=CARTESIAN_POINT('',(0.0193900520392516,0.0256653594306453,-0.0150918905786548));
#13070=CARTESIAN_POINT('',(0.0235900520392515,0.0137072390361101,-0.014541996523235));
#13071=CARTESIAN_POINT('',(0.0235900520392516,0.0256653594306453,-0.0150918905786548));
#13072=CARTESIAN_POINT('',(0.0235900520392515,0.0140949665585875,-0.0169431827875133));
#13073=CARTESIAN_POINT('',(0.0235900520392515,0.0140949665585875,-0.0169431827875133));
#13074=CARTESIAN_POINT('',(0.0235900520392516,0.0256654101425205,-0.0150917507585462));
#13075=CARTESIAN_POINT('',(0.0235900520392515,0.0140949665585875,-0.0169431827875133));
#13076=CARTESIAN_POINT('',(0.0235900520392516,0.0256654101425205,-0.0150917507585462));
#13077=CARTESIAN_POINT('',(0.0235900520392516,0.0256653594306453,-0.0150918905786548));
#13078=CARTESIAN_POINT('',(0.0235900520392515,0.0140949665585875,-0.0169431827875133));
#13079=CARTESIAN_POINT('',(0.0214900520392516,0.0281444883833048,-0.0134211838106508));
#13080=CARTESIAN_POINT('',(0.0214900520392516,0.0281444883833048,-0.0135211838106508));
#13081=CARTESIAN_POINT('',(0.0214900520392516,0.0291444883833048,-0.0135211838106508));
#13082=CARTESIAN_POINT('',(0.0214900520392516,0.0281444883833048,-0.0134211838106508));
#13083=CARTESIAN_POINT('',(0.,0.,0.));
#13084=CARTESIAN_POINT('',(0.0206853360126731,0.0140320415397699,-0.0109670965743805));
#13085=CARTESIAN_POINT('',(0.0212186693460064,0.0133653748731032,-0.0109670965743805));
#13086=CARTESIAN_POINT('',(0.0217520026793398,0.0133653748731032,-0.0109670965743805));
#13087=CARTESIAN_POINT('',(0.0222853360126731,0.0140320415397698,-0.0109670965743805));
#13088=CARTESIAN_POINT('',(0.0205630022067876,0.0140320415397699,-0.0102672164716912));
#13089=CARTESIAN_POINT('',(0.0212056025533259,0.0136098193175476,-0.0102672164716911));
#13090=CARTESIAN_POINT('',(0.0217650694720203,0.0136098193175476,-0.0102672164716911));
#13091=CARTESIAN_POINT('',(0.0224076698185585,0.0140320415397698,-0.0102672164716912));
#13092=CARTESIAN_POINT('',(0.0206696947548244,0.0140320415397699,-0.00915170027984137));
#13093=CARTESIAN_POINT('',(0.0212482761216913,0.0137875970953254,-0.00915170027984137));
#13094=CARTESIAN_POINT('',(0.021722395903655,0.0137875970953254,-0.00915170027984137));
#13095=CARTESIAN_POINT('',(0.0223009772705217,0.0140320415397698,-0.00915170027984137));
#13096=CARTESIAN_POINT('',(0.0214853360126731,0.0140320415397699,-0.0088950918343227));
#13097=CARTESIAN_POINT('',(0.0214853360126731,0.0140320415397699,-0.0088950918343227));
#13098=CARTESIAN_POINT('',(0.0214853360126731,0.0140320415397699,-0.0088950918343227));
#13099=CARTESIAN_POINT('',(0.0214853360126731,0.0140320415397699,-0.0088950918343227));
#13100=CARTESIAN_POINT('',(0.0206853360126731,0.0140320415397699,-0.0109670965743805));
#13101=CARTESIAN_POINT('',(0.0205630022067876,0.0140320415397699,-0.0102672164716912));
#13102=CARTESIAN_POINT('',(0.0206696947548244,0.0140320415397699,-0.00915170027984137));
#13103=CARTESIAN_POINT('',(0.0214853360126731,0.0140320415397699,-0.0088950918343227));
#13104=CARTESIAN_POINT('',(0.0206853360126731,0.0140320415397699,-0.0109670965743805));
#13105=CARTESIAN_POINT('',(0.0214853360126731,0.0140320415397699,-0.00889509200904304));
#13106=CARTESIAN_POINT('',(0.0222853360126731,0.0140320415397698,-0.0109670965743805));
#13107=CARTESIAN_POINT('',(0.0224076698185585,0.0140320415397698,-0.0102672164716912));
#13108=CARTESIAN_POINT('',(0.0223009772705217,0.0140320415397698,-0.00915170027984137));
#13109=CARTESIAN_POINT('',(0.0214853360126731,0.0140320415397699,-0.0088950918343227));
#13110=CARTESIAN_POINT('',(0.0222853360126731,0.0140320415397698,-0.0109670965743805));
#13111=CARTESIAN_POINT('',(0.0206853360126731,0.0140320415397699,-0.0109670965743805));
#13112=CARTESIAN_POINT('',(0.0212186693460064,0.0133653748731032,-0.0109670965743805));
#13113=CARTESIAN_POINT('',(0.0217520026793398,0.0133653748731032,-0.0109670965743805));
#13114=CARTESIAN_POINT('',(0.0222853360126731,0.0140320415397698,-0.0109670965743805));
#13115=CARTESIAN_POINT('',(0.0222853360126731,0.0140320415397698,-0.0109670965743805));
#13116=CARTESIAN_POINT('',(0.0214853360126732,0.0140320415397699,-0.0109670965743805));
#13117=CARTESIAN_POINT('',(0.,0.,0.));
#13118=CARTESIAN_POINT('',(0.0236400520392513,0.0266222030584077,-0.00479912879255955));
#13119=CARTESIAN_POINT('',(0.0236400520392514,0.0303215475319934,-0.00479912879255955));
#13120=CARTESIAN_POINT('',(0.0221400520392513,0.0303215475319935,-0.00449912879255955));
#13121=CARTESIAN_POINT('',(0.0235900520392513,0.0303215475319934,-0.00478912879255955));
#13122=CARTESIAN_POINT('',(0.0235900520392513,0.0266222030584077,-0.00478912879255955));
#13123=CARTESIAN_POINT('',(0.0235900520392513,0.0307415475319935,-0.00478912879255955));
#13124=CARTESIAN_POINT('',(0.0236400520392514,0.0307415475319935,-0.00479912879255955));
#13125=CARTESIAN_POINT('',(0.0221400520392513,0.0307415475319935,-0.00449912879255955));
#13126=CARTESIAN_POINT('',(0.0221400520392513,0.0266222030584077,-0.00449912879255955));
#13127=CARTESIAN_POINT('',(0.0221400520392513,0.0266222030584077,-0.0014504524716116));
#13128=CARTESIAN_POINT('',(0.0221400520392513,0.0303215475319935,-0.0014504524716116));
#13129=CARTESIAN_POINT('',(0.0221400520392513,0.0303215475319935,-0.0014504524716116));
#13130=CARTESIAN_POINT('',(0.0221400520392513,0.0307415475319935,-0.0014504524716116));
#13131=CARTESIAN_POINT('',(0.0221400520392513,0.0307415475319935,-0.0014504524716116));
#13132=CARTESIAN_POINT('',(0.0221400520392513,0.0266222030584077,-0.0014504524716116));
#13133=CARTESIAN_POINT('',(0.0214900520392513,0.0266222030584077,-0.0014504524716116));
#13134=CARTESIAN_POINT('',(0.0214900520392513,0.0303215475319935,-0.0014504524716116));
#13135=CARTESIAN_POINT('',(0.0208400520392513,0.0303215475319935,-0.0014504524716116));
#13136=CARTESIAN_POINT('',(0.0214900520392513,0.0307415475319935,-0.0014504524716116));
#13137=CARTESIAN_POINT('',(0.0208400520392513,0.0307415475319935,-0.0014504524716116));
#13138=CARTESIAN_POINT('',(0.0208400520392513,0.0266222030584077,-0.0014504524716116));
#13139=CARTESIAN_POINT('',(0.0208400520392513,0.0266222030584077,-0.00449912879255955));
#13140=CARTESIAN_POINT('',(0.0208400520392513,0.0303215475319935,-0.00449912879255955));
#13141=CARTESIAN_POINT('',(0.0193900520392514,0.0303215475319935,-0.00478912879255955));
#13142=CARTESIAN_POINT('',(0.0208400520392513,0.0303215475319935,-0.00449912879255955));
#13143=CARTESIAN_POINT('',(0.0208400520392513,0.0266222030584077,-0.00449912879255955));
#13144=CARTESIAN_POINT('',(0.0208400520392513,0.0307415475319935,-0.00449912879255955));
#13145=CARTESIAN_POINT('',(0.0208400520392513,0.0307415475319935,-0.00449912879255955));
#13146=CARTESIAN_POINT('',(0.0193900520392514,0.0307415475319935,-0.00478912879255955));
#13147=CARTESIAN_POINT('',(0.0193900520392513,0.0266222030584077,-0.00478912879255955));
#13148=CARTESIAN_POINT('',(0.0208400520392513,0.0266222030584077,-0.0014504524716116));
#13149=CARTESIAN_POINT('',(0.0208400520392513,0.0303215475319935,-0.0014504524716116));
#13150=CARTESIAN_POINT('',(0.0208400520392513,0.0307415475319935,-0.0014504524716116));
#13151=CARTESIAN_POINT('',(0.023585336012673,0.0287232030584076,-0.0134640228174582));
#13152=CARTESIAN_POINT('',(0.023585336012673,0.0287232030584076,-0.0131630228174582));
#13153=CARTESIAN_POINT('',(0.023585336012673,0.0287232030584076,-0.0131630228174582));
#13154=CARTESIAN_POINT('',(0.0235900520392513,0.0287232030584076,-0.0131630228174582));
#13155=CARTESIAN_POINT('',(0.0235900520392513,0.0287232030584076,-0.0134640228174582));
#13156=CARTESIAN_POINT('',(0.0235900520392513,0.0287232030584076,-0.0127430228174582));
#13157=CARTESIAN_POINT('',(0.023585336012673,0.0287232030584076,-0.0127430228174582));
#13158=CARTESIAN_POINT('',(0.023585336012673,0.0287232030584076,-0.0127430228174582));
#13159=CARTESIAN_POINT('',(0.023585336012673,0.0287232030584076,-0.0134640228174582));
#13160=CARTESIAN_POINT('',(0.021485336012673,0.0287232030584076,-0.0134640228174582));
#13161=CARTESIAN_POINT('',(0.021485336012673,0.0287232030584076,-0.0131630228174582));
#13162=CARTESIAN_POINT('',(0.0193900520392514,0.0285825436444942,-0.0131630228174582));
#13163=CARTESIAN_POINT('',(0.021485336012673,0.0287232030584076,-0.0127430228174582));
#13164=CARTESIAN_POINT('',(0.0193900520392514,0.0285825436444942,-0.0127430228174582));
#13165=CARTESIAN_POINT('',(0.0193900520392514,0.0285825436444942,-0.0134640228174582));
#13166=CARTESIAN_POINT('',(0.0214900520392513,0.0281232030584076,-0.0134630228174582));
#13167=CARTESIAN_POINT('',(0.0214900520392513,0.0281232030584076,-0.0134630228174582));
#13168=CARTESIAN_POINT('',(0.0214900520392513,0.0272232030584076,-0.0134630228174582));
#13169=CARTESIAN_POINT('',(0.0193900520392514,0.0302232030584077,-0.0126446783438724));
#13170=CARTESIAN_POINT('',(0.0193900520392514,0.0307415475319935,-0.0126446783438724));
#13171=CARTESIAN_POINT('',(0.0193900520392514,0.0307415475319935,-0.0126446783438724));
#13172=CARTESIAN_POINT('',(0.0193900520392514,0.0302232030584077,-0.0126446783438724));
#13173=CARTESIAN_POINT('',(0.0193900520392514,0.0302232030584077,-0.0131630228174582));
#13174=CARTESIAN_POINT('',(0.0193900520392514,0.0302232030584077,-0.0131630228174582));
#13175=CARTESIAN_POINT('',(0.0193900520392514,0.0302232030584077,-0.0127430228174582));
#13176=CARTESIAN_POINT('',(0.0193900520392514,0.0302232030584077,-0.0127430228174582));
#13177=CARTESIAN_POINT('',(0.0193900520392514,0.0302232030584077,-0.0126446783438724));
#13178=CARTESIAN_POINT('',(0.0193900520392514,0.0303215475319935,-0.0126446783438724));
#13179=CARTESIAN_POINT('',(0.0193900520392514,0.0303215475319935,-0.000800452471611599));
#13180=CARTESIAN_POINT('',(0.0235900520392513,0.0302232030584077,-0.0126446783438724));
#13181=CARTESIAN_POINT('',(0.0235900520392513,0.0307415475319935,-0.0126446783438724));
#13182=CARTESIAN_POINT('',(0.0235900520392513,0.0307415475319935,-0.0126446783438724));
#13183=CARTESIAN_POINT('',(0.0235900520392513,0.0303215475319934,-0.000800452471611599));
#13184=CARTESIAN_POINT('',(0.0235900520392513,0.0303215475319934,-0.0126446783438724));
#13185=CARTESIAN_POINT('',(0.0235900520392513,0.0302232030584077,-0.0126446783438724));
#13186=CARTESIAN_POINT('',(0.0235900520392513,0.0302232030584077,-0.0127430228174582));
#13187=CARTESIAN_POINT('',(0.0235900520392513,0.0302232030584077,-0.0127430228174582));
#13188=CARTESIAN_POINT('',(0.0235900520392513,0.0302232030584077,-0.0131630228174582));
#13189=CARTESIAN_POINT('',(0.0235900520392513,0.0302232030584077,-0.0131630228174582));
#13190=CARTESIAN_POINT('',(0.0235900520392513,0.0302232030584077,-0.0126446783438724));
#13191=CARTESIAN_POINT('',(0.0235900520392513,0.0302232030584077,-0.0127430228174582));
#13192=CARTESIAN_POINT('',(0.0235900520392513,0.0302232030584077,-0.0127430228174582));
#13193=CARTESIAN_POINT('',(0.0235900520392513,0.0302232030584077,-0.0126446783438724));
#13194=CARTESIAN_POINT('',(0.0235900520392513,0.0303215475319934,-0.0126446783438724));
#13195=CARTESIAN_POINT('',(0.0235900520392513,0.0303215475319934,-0.000800452471611599));
#13196=CARTESIAN_POINT('',(0.0235900520392513,0.0307415475319935,-0.0126446783438724));
#13197=CARTESIAN_POINT('',(0.0235900520392513,0.0307415475319935,-0.0126446783438724));
#13198=CARTESIAN_POINT('',(0.0235900520392513,0.0302232030584077,-0.0126446783438724));
#13199=CARTESIAN_POINT('',(0.0235900520392513,0.0302232030584077,-0.0131630228174582));
#13200=CARTESIAN_POINT('',(0.0235900520392513,0.0302232030584077,-0.0131630228174582));
#13201=CARTESIAN_POINT('',(0.0214900520392513,0.0281232030584076,-0.0131630228174582));
#13202=CARTESIAN_POINT('',(0.0204900520392513,0.0281232030584077,-0.0131630228174582));
#13203=CARTESIAN_POINT('',(0.0214900520392513,0.0281232030584076,-0.0134630228174582));
#13204=CARTESIAN_POINT('',(0.0214900520392513,0.0281232030584076,-0.0133630228174582));
#13205=CARTESIAN_POINT('',(0.0214900520392513,0.0271232030584076,-0.0133630228174582));
#13206=CARTESIAN_POINT('',(0.0214900520392513,0.0281232030584076,-0.0134630228174582));
#13207=CARTESIAN_POINT('',(0.,0.,0.));
#13208=CARTESIAN_POINT('',(0.0206900520392513,0.0307415475319935,-0.011008935581188));
#13209=CARTESIAN_POINT('',(0.0212233853725847,0.0314082141986601,-0.011008935581188));
#13210=CARTESIAN_POINT('',(0.021756718705918,0.0314082141986601,-0.011008935581188));
#13211=CARTESIAN_POINT('',(0.0222900520392513,0.0307415475319935,-0.011008935581188));
#13212=CARTESIAN_POINT('',(0.0205601679355269,0.0307415475319935,-0.0103090559242039));
#13213=CARTESIAN_POINT('',(0.021208305167147,0.0311637697542156,-0.0103090559242039));
#13214=CARTESIAN_POINT('',(0.0217717989113556,0.0311637697542156,-0.0103090559242039));
#13215=CARTESIAN_POINT('',(0.0224199361429758,0.0307415475319935,-0.0103090559242039));
#13216=CARTESIAN_POINT('',(0.0206698192430745,0.0307415475319935,-0.00918773894697082));
#13217=CARTESIAN_POINT('',(0.0212517677380486,0.0309859919764379,-0.00918773894697082));
#13218=CARTESIAN_POINT('',(0.0217283363404541,0.0309859919764378,-0.00918773894697083));
#13219=CARTESIAN_POINT('',(0.0223102848354283,0.0307415475319935,-0.00918773894697083));
#13220=CARTESIAN_POINT('',(0.0214900520392513,0.0307415475319935,-0.00893693084113014));
#13221=CARTESIAN_POINT('',(0.0214900520392513,0.0307415475319935,-0.00893693084113014));
#13222=CARTESIAN_POINT('',(0.0214900520392513,0.0307415475319935,-0.00893693084113014));
#13223=CARTESIAN_POINT('',(0.0214900520392513,0.0307415475319935,-0.00893693084113014));
#13224=CARTESIAN_POINT('',(0.0206900520392513,0.0307415475319935,-0.011008935581188));
#13225=CARTESIAN_POINT('',(0.0205601679355269,0.0307415475319935,-0.0103090559242039));
#13226=CARTESIAN_POINT('',(0.0206698192430745,0.0307415475319935,-0.00918773894697082));
#13227=CARTESIAN_POINT('',(0.0214900520392513,0.0307415475319935,-0.00893693084113014));
#13228=CARTESIAN_POINT('',(0.0206900520392513,0.0307415475319935,-0.011008935581188));
#13229=CARTESIAN_POINT('',(0.0214900520392513,0.0307415475319935,-0.00893693101541435));
#13230=CARTESIAN_POINT('',(0.0222900520392513,0.0307415475319935,-0.011008935581188));
#13231=CARTESIAN_POINT('',(0.0224199361429758,0.0307415475319935,-0.0103090559242039));
#13232=CARTESIAN_POINT('',(0.0223102848354283,0.0307415475319935,-0.00918773894697083));
#13233=CARTESIAN_POINT('',(0.0214900520392513,0.0307415475319935,-0.00893693084113014));
#13234=CARTESIAN_POINT('',(0.0222900520392513,0.0307415475319935,-0.011008935581188));
#13235=CARTESIAN_POINT('',(0.0206900520392513,0.0307415475319935,-0.011008935581188));
#13236=CARTESIAN_POINT('',(0.0212233853725847,0.0314082141986601,-0.011008935581188));
#13237=CARTESIAN_POINT('',(0.021756718705918,0.0314082141986601,-0.011008935581188));
#13238=CARTESIAN_POINT('',(0.0222900520392513,0.0307415475319935,-0.011008935581188));
#13239=CARTESIAN_POINT('',(0.0206900520392513,0.0307415475319935,-0.011008935581188));
#13240=CARTESIAN_POINT('',(0.0214900520392513,0.0307415475319935,-0.011008935581188));
#13241=MECHANICAL_DESIGN_GEOMETRIC_PRESENTATION_REPRESENTATION('',(#5488),
#13251);
#13242=MECHANICAL_DESIGN_GEOMETRIC_PRESENTATION_REPRESENTATION('',(#5489),
#13252);
#13243=MECHANICAL_DESIGN_GEOMETRIC_PRESENTATION_REPRESENTATION('',(#5490),
#13253);
#13244=MECHANICAL_DESIGN_GEOMETRIC_PRESENTATION_REPRESENTATION('',(#5491),
#13254);
#13245=MECHANICAL_DESIGN_GEOMETRIC_PRESENTATION_REPRESENTATION('',(#5492),
#13255);
#13246=MECHANICAL_DESIGN_GEOMETRIC_PRESENTATION_REPRESENTATION('',(#5493),
#13256);
#13247=MECHANICAL_DESIGN_GEOMETRIC_PRESENTATION_REPRESENTATION('',(#5494),
#13257);
#13248=MECHANICAL_DESIGN_GEOMETRIC_PRESENTATION_REPRESENTATION('',(#5495),
#13258);
#13249=MECHANICAL_DESIGN_GEOMETRIC_PRESENTATION_REPRESENTATION('',(#5496),
#13259);
#13250=MECHANICAL_DESIGN_GEOMETRIC_PRESENTATION_REPRESENTATION('',(#5497),
#13260);
#13251=(
GEOMETRIC_REPRESENTATION_CONTEXT(3)
GLOBAL_UNCERTAINTY_ASSIGNED_CONTEXT((#13261))
GLOBAL_UNIT_ASSIGNED_CONTEXT((#13291,#13281,#13271))
REPRESENTATION_CONTEXT('6_3 Jack body','TOP_LEVEL_ASSEMBLY_PART')
);
#13252=(
GEOMETRIC_REPRESENTATION_CONTEXT(3)
GLOBAL_UNCERTAINTY_ASSIGNED_CONTEXT((#13262))
GLOBAL_UNIT_ASSIGNED_CONTEXT((#13292,#13282,#13272))
REPRESENTATION_CONTEXT('Nut','TOP_LEVEL_ASSEMBLY_PART')
);
#13253=(
GEOMETRIC_REPRESENTATION_CONTEXT(3)
GLOBAL_UNCERTAINTY_ASSIGNED_CONTEXT((#13263))
GLOBAL_UNIT_ASSIGNED_CONTEXT((#13293,#13283,#13273))
REPRESENTATION_CONTEXT('6_3 Jack contact_01','TOP_LEVEL_ASSEMBLY_PART')
);
#13254=(
GEOMETRIC_REPRESENTATION_CONTEXT(3)
GLOBAL_UNCERTAINTY_ASSIGNED_CONTEXT((#13264))
GLOBAL_UNIT_ASSIGNED_CONTEXT((#13294,#13284,#13274))
REPRESENTATION_CONTEXT('6_3 Jack contact_01','TOP_LEVEL_ASSEMBLY_PART')
);
#13255=(
GEOMETRIC_REPRESENTATION_CONTEXT(3)
GLOBAL_UNCERTAINTY_ASSIGNED_CONTEXT((#13265))
GLOBAL_UNIT_ASSIGNED_CONTEXT((#13295,#13285,#13275))
REPRESENTATION_CONTEXT('6_3 Jack contact_02','TOP_LEVEL_ASSEMBLY_PART')
);
#13256=(
GEOMETRIC_REPRESENTATION_CONTEXT(3)
GLOBAL_UNCERTAINTY_ASSIGNED_CONTEXT((#13266))
GLOBAL_UNIT_ASSIGNED_CONTEXT((#13296,#13286,#13276))
REPRESENTATION_CONTEXT('6_3 Jack contact_02','TOP_LEVEL_ASSEMBLY_PART')
);
#13257=(
GEOMETRIC_REPRESENTATION_CONTEXT(3)
GLOBAL_UNCERTAINTY_ASSIGNED_CONTEXT((#13267))
GLOBAL_UNIT_ASSIGNED_CONTEXT((#13297,#13287,#13277))
REPRESENTATION_CONTEXT('6_3 Jack contact_01_1',
'TOP_LEVEL_ASSEMBLY_PART')
);
#13258=(
GEOMETRIC_REPRESENTATION_CONTEXT(3)
GLOBAL_UNCERTAINTY_ASSIGNED_CONTEXT((#13268))
GLOBAL_UNIT_ASSIGNED_CONTEXT((#13298,#13288,#13278))
REPRESENTATION_CONTEXT('6_3 Jack contact_01_1',
'TOP_LEVEL_ASSEMBLY_PART')
);
#13259=(
GEOMETRIC_REPRESENTATION_CONTEXT(3)
GLOBAL_UNCERTAINTY_ASSIGNED_CONTEXT((#13269))
GLOBAL_UNIT_ASSIGNED_CONTEXT((#13299,#13289,#13279))
REPRESENTATION_CONTEXT('6_3 Jack contact_02_1',
'TOP_LEVEL_ASSEMBLY_PART')
);
#13260=(
GEOMETRIC_REPRESENTATION_CONTEXT(3)
GLOBAL_UNCERTAINTY_ASSIGNED_CONTEXT((#13270))
GLOBAL_UNIT_ASSIGNED_CONTEXT((#13300,#13290,#13280))
REPRESENTATION_CONTEXT('6_3 Jack contact_02_1',
'TOP_LEVEL_ASSEMBLY_PART')
);
#13261=UNCERTAINTY_MEASURE_WITH_UNIT(LENGTH_MEASURE(2.E-5),#13291,
'DISTANCE_ACCURACY_VALUE','Maximum Tolerance applied to model');
#13262=UNCERTAINTY_MEASURE_WITH_UNIT(LENGTH_MEASURE(2.E-5),#13292,
'DISTANCE_ACCURACY_VALUE','Maximum Tolerance applied to model');
#13263=UNCERTAINTY_MEASURE_WITH_UNIT(LENGTH_MEASURE(2.E-5),#13293,
'DISTANCE_ACCURACY_VALUE','Maximum Tolerance applied to model');
#13264=UNCERTAINTY_MEASURE_WITH_UNIT(LENGTH_MEASURE(2.2E-7),#13294,
'DISTANCE_ACCURACY_VALUE','Maximum Tolerance applied to model');
#13265=UNCERTAINTY_MEASURE_WITH_UNIT(LENGTH_MEASURE(1.E-8),#13295,
'DISTANCE_ACCURACY_VALUE','Maximum Tolerance applied to model');
#13266=UNCERTAINTY_MEASURE_WITH_UNIT(LENGTH_MEASURE(2.2E-7),#13296,
'DISTANCE_ACCURACY_VALUE','Maximum Tolerance applied to model');
#13267=UNCERTAINTY_MEASURE_WITH_UNIT(LENGTH_MEASURE(2.E-5),#13297,
'DISTANCE_ACCURACY_VALUE','Maximum Tolerance applied to model');
#13268=UNCERTAINTY_MEASURE_WITH_UNIT(LENGTH_MEASURE(2.2E-7),#13298,
'DISTANCE_ACCURACY_VALUE','Maximum Tolerance applied to model');
#13269=UNCERTAINTY_MEASURE_WITH_UNIT(LENGTH_MEASURE(1.E-8),#13299,
'DISTANCE_ACCURACY_VALUE','Maximum Tolerance applied to model');
#13270=UNCERTAINTY_MEASURE_WITH_UNIT(LENGTH_MEASURE(2.2E-7),#13300,
'DISTANCE_ACCURACY_VALUE','Maximum Tolerance applied to model');
#13271=(
NAMED_UNIT(*)
SI_UNIT($,.STERADIAN.)
SOLID_ANGLE_UNIT()
);
#13272=(
NAMED_UNIT(*)
SI_UNIT($,.STERADIAN.)
SOLID_ANGLE_UNIT()
);
#13273=(
NAMED_UNIT(*)
SI_UNIT($,.STERADIAN.)
SOLID_ANGLE_UNIT()
);
#13274=(
NAMED_UNIT(*)
SI_UNIT($,.STERADIAN.)
SOLID_ANGLE_UNIT()
);
#13275=(
NAMED_UNIT(*)
SI_UNIT($,.STERADIAN.)
SOLID_ANGLE_UNIT()
);
#13276=(
NAMED_UNIT(*)
SI_UNIT($,.STERADIAN.)
SOLID_ANGLE_UNIT()
);
#13277=(
NAMED_UNIT(*)
SI_UNIT($,.STERADIAN.)
SOLID_ANGLE_UNIT()
);
#13278=(
NAMED_UNIT(*)
SI_UNIT($,.STERADIAN.)
SOLID_ANGLE_UNIT()
);
#13279=(
NAMED_UNIT(*)
SI_UNIT($,.STERADIAN.)
SOLID_ANGLE_UNIT()
);
#13280=(
NAMED_UNIT(*)
SI_UNIT($,.STERADIAN.)
SOLID_ANGLE_UNIT()
);
#13281=(
NAMED_UNIT(*)
PLANE_ANGLE_UNIT()
SI_UNIT($,.RADIAN.)
);
#13282=(
NAMED_UNIT(*)
PLANE_ANGLE_UNIT()
SI_UNIT($,.RADIAN.)
);
#13283=(
NAMED_UNIT(*)
PLANE_ANGLE_UNIT()
SI_UNIT($,.RADIAN.)
);
#13284=(
NAMED_UNIT(*)
PLANE_ANGLE_UNIT()
SI_UNIT($,.RADIAN.)
);
#13285=(
NAMED_UNIT(*)
PLANE_ANGLE_UNIT()
SI_UNIT($,.RADIAN.)
);
#13286=(
NAMED_UNIT(*)
PLANE_ANGLE_UNIT()
SI_UNIT($,.RADIAN.)
);
#13287=(
NAMED_UNIT(*)
PLANE_ANGLE_UNIT()
SI_UNIT($,.RADIAN.)
);
#13288=(
NAMED_UNIT(*)
PLANE_ANGLE_UNIT()
SI_UNIT($,.RADIAN.)
);
#13289=(
NAMED_UNIT(*)
PLANE_ANGLE_UNIT()
SI_UNIT($,.RADIAN.)
);
#13290=(
NAMED_UNIT(*)
PLANE_ANGLE_UNIT()
SI_UNIT($,.RADIAN.)
);
#13291=(
LENGTH_UNIT()
NAMED_UNIT(*)
SI_UNIT($,.METRE.)
);
#13292=(
LENGTH_UNIT()
NAMED_UNIT(*)
SI_UNIT($,.METRE.)
);
#13293=(
LENGTH_UNIT()
NAMED_UNIT(*)
SI_UNIT($,.METRE.)
);
#13294=(
LENGTH_UNIT()
NAMED_UNIT(*)
SI_UNIT($,.METRE.)
);
#13295=(
LENGTH_UNIT()
NAMED_UNIT(*)
SI_UNIT($,.METRE.)
);
#13296=(
LENGTH_UNIT()
NAMED_UNIT(*)
SI_UNIT($,.METRE.)
);
#13297=(
LENGTH_UNIT()
NAMED_UNIT(*)
SI_UNIT($,.METRE.)
);
#13298=(
LENGTH_UNIT()
NAMED_UNIT(*)
SI_UNIT($,.METRE.)
);
#13299=(
LENGTH_UNIT()
NAMED_UNIT(*)
SI_UNIT($,.METRE.)
);
#13300=(
LENGTH_UNIT()
NAMED_UNIT(*)
SI_UNIT($,.METRE.)
);
#13301=PRODUCT_DEFINITION_SHAPE('','',#13311);
#13302=PRODUCT_DEFINITION_SHAPE('','',#13312);
#13303=PRODUCT_DEFINITION_SHAPE('','',#13313);
#13304=PRODUCT_DEFINITION_SHAPE('','',#13314);
#13305=PRODUCT_DEFINITION_SHAPE('','',#13315);
#13306=PRODUCT_DEFINITION_SHAPE('','',#13316);
#13307=PRODUCT_DEFINITION_SHAPE('','',#13317);
#13308=PRODUCT_DEFINITION_SHAPE('','',#13318);
#13309=PRODUCT_DEFINITION_SHAPE('','',#13319);
#13310=PRODUCT_DEFINITION_SHAPE('','',#13320);
#13311=PRODUCT_DEFINITION('','',#13331,#13321);
#13312=PRODUCT_DEFINITION('','',#13332,#13322);
#13313=PRODUCT_DEFINITION('','',#13333,#13323);
#13314=PRODUCT_DEFINITION('','',#13334,#13324);
#13315=PRODUCT_DEFINITION('','',#13335,#13325);
#13316=PRODUCT_DEFINITION('','',#13336,#13326);
#13317=PRODUCT_DEFINITION('','',#13337,#13327);
#13318=PRODUCT_DEFINITION('','',#13338,#13328);
#13319=PRODUCT_DEFINITION('','',#13339,#13329);
#13320=PRODUCT_DEFINITION('','',#13340,#13330);
#13321=PRODUCT_DEFINITION_CONTEXT('',#13391,'design');
#13322=PRODUCT_DEFINITION_CONTEXT('',#13392,'design');
#13323=PRODUCT_DEFINITION_CONTEXT('',#13393,'design');
#13324=PRODUCT_DEFINITION_CONTEXT('',#13394,'design');
#13325=PRODUCT_DEFINITION_CONTEXT('',#13395,'design');
#13326=PRODUCT_DEFINITION_CONTEXT('',#13396,'design');
#13327=PRODUCT_DEFINITION_CONTEXT('',#13397,'design');
#13328=PRODUCT_DEFINITION_CONTEXT('',#13398,'design');
#13329=PRODUCT_DEFINITION_CONTEXT('',#13399,'design');
#13330=PRODUCT_DEFINITION_CONTEXT('',#13400,'design');
#13331=PRODUCT_DEFINITION_FORMATION_WITH_SPECIFIED_SOURCE('','',#13351,
 .NOT_KNOWN.);
#13332=PRODUCT_DEFINITION_FORMATION_WITH_SPECIFIED_SOURCE('','',#13352,
 .NOT_KNOWN.);
#13333=PRODUCT_DEFINITION_FORMATION_WITH_SPECIFIED_SOURCE('','',#13353,
 .NOT_KNOWN.);
#13334=PRODUCT_DEFINITION_FORMATION_WITH_SPECIFIED_SOURCE('','',#13354,
 .NOT_KNOWN.);
#13335=PRODUCT_DEFINITION_FORMATION_WITH_SPECIFIED_SOURCE('','',#13355,
 .NOT_KNOWN.);
#13336=PRODUCT_DEFINITION_FORMATION_WITH_SPECIFIED_SOURCE('','',#13356,
 .NOT_KNOWN.);
#13337=PRODUCT_DEFINITION_FORMATION_WITH_SPECIFIED_SOURCE('','',#13357,
 .NOT_KNOWN.);
#13338=PRODUCT_DEFINITION_FORMATION_WITH_SPECIFIED_SOURCE('','',#13358,
 .NOT_KNOWN.);
#13339=PRODUCT_DEFINITION_FORMATION_WITH_SPECIFIED_SOURCE('','',#13359,
 .NOT_KNOWN.);
#13340=PRODUCT_DEFINITION_FORMATION_WITH_SPECIFIED_SOURCE('','',#13360,
 .NOT_KNOWN.);
#13341=PRODUCT_RELATED_PRODUCT_CATEGORY('','',(#13351));
#13342=PRODUCT_RELATED_PRODUCT_CATEGORY('','',(#13352));
#13343=PRODUCT_RELATED_PRODUCT_CATEGORY('','',(#13353));
#13344=PRODUCT_RELATED_PRODUCT_CATEGORY('','',(#13354));
#13345=PRODUCT_RELATED_PRODUCT_CATEGORY('','',(#13355));
#13346=PRODUCT_RELATED_PRODUCT_CATEGORY('','',(#13356));
#13347=PRODUCT_RELATED_PRODUCT_CATEGORY('','',(#13357));
#13348=PRODUCT_RELATED_PRODUCT_CATEGORY('','',(#13358));
#13349=PRODUCT_RELATED_PRODUCT_CATEGORY('','',(#13359));
#13350=PRODUCT_RELATED_PRODUCT_CATEGORY('','',(#13360));
#13351=PRODUCT('6_3 Jack body','6_3 Jack body','6_3 Jack body',(#13371));
#13352=PRODUCT('Nut','Nut','Nut',(#13372));
#13353=PRODUCT('6_3 Jack contact_01','6_3 Jack contact_01',
'6_3 Jack contact_01',(#13373));
#13354=PRODUCT('6_3 Jack contact_01','6_3 Jack contact_01',
'6_3 Jack contact_01',(#13374));
#13355=PRODUCT('6_3 Jack contact_02','6_3 Jack contact_02',
'6_3 Jack contact_02',(#13375));
#13356=PRODUCT('6_3 Jack contact_02','6_3 Jack contact_02',
'6_3 Jack contact_02',(#13376));
#13357=PRODUCT('6_3 Jack contact_01_1','6_3 Jack contact_01_1',
'6_3 Jack contact_01_1',(#13377));
#13358=PRODUCT('6_3 Jack contact_01_1','6_3 Jack contact_01_1',
'6_3 Jack contact_01_1',(#13378));
#13359=PRODUCT('6_3 Jack contact_02_1','6_3 Jack contact_02_1',
'6_3 Jack contact_02_1',(#13379));
#13360=PRODUCT('6_3 Jack contact_02_1','6_3 Jack contact_02_1',
'6_3 Jack contact_02_1',(#13380));
#13361=PRODUCT_CATEGORY('','');
#13362=PRODUCT_CATEGORY('','');
#13363=PRODUCT_CATEGORY('','');
#13364=PRODUCT_CATEGORY('','');
#13365=PRODUCT_CATEGORY('','');
#13366=PRODUCT_CATEGORY('','');
#13367=PRODUCT_CATEGORY('','');
#13368=PRODUCT_CATEGORY('','');
#13369=PRODUCT_CATEGORY('','');
#13370=PRODUCT_CATEGORY('','');
#13371=PRODUCT_CONTEXT('',#13391,'mechanical');
#13372=PRODUCT_CONTEXT('',#13392,'mechanical');
#13373=PRODUCT_CONTEXT('',#13393,'mechanical');
#13374=PRODUCT_CONTEXT('',#13394,'mechanical');
#13375=PRODUCT_CONTEXT('',#13395,'mechanical');
#13376=PRODUCT_CONTEXT('',#13396,'mechanical');
#13377=PRODUCT_CONTEXT('',#13397,'mechanical');
#13378=PRODUCT_CONTEXT('',#13398,'mechanical');
#13379=PRODUCT_CONTEXT('',#13399,'mechanical');
#13380=PRODUCT_CONTEXT('',#13400,'mechanical');
#13381=APPLICATION_PROTOCOL_DEFINITION('international standard',
'ap242_managed_model_based_3d_engineering',2020,#13391);
#13382=APPLICATION_PROTOCOL_DEFINITION('international standard',
'ap242_managed_model_based_3d_engineering',2020,#13392);
#13383=APPLICATION_PROTOCOL_DEFINITION('international standard',
'ap242_managed_model_based_3d_engineering',2020,#13393);
#13384=APPLICATION_PROTOCOL_DEFINITION('international standard',
'ap242_managed_model_based_3d_engineering',2020,#13394);
#13385=APPLICATION_PROTOCOL_DEFINITION('international standard',
'ap242_managed_model_based_3d_engineering',2020,#13395);
#13386=APPLICATION_PROTOCOL_DEFINITION('international standard',
'ap242_managed_model_based_3d_engineering',2020,#13396);
#13387=APPLICATION_PROTOCOL_DEFINITION('international standard',
'ap242_managed_model_based_3d_engineering',2020,#13397);
#13388=APPLICATION_PROTOCOL_DEFINITION('international standard',
'ap242_managed_model_based_3d_engineering',2020,#13398);
#13389=APPLICATION_PROTOCOL_DEFINITION('international standard',
'ap242_managed_model_based_3d_engineering',2020,#13399);
#13390=APPLICATION_PROTOCOL_DEFINITION('international standard',
'ap242_managed_model_based_3d_engineering',2020,#13400);
#13391=APPLICATION_CONTEXT('managed model based 3d engineering');
#13392=APPLICATION_CONTEXT('managed model based 3d engineering');
#13393=APPLICATION_CONTEXT('managed model based 3d engineering');
#13394=APPLICATION_CONTEXT('managed model based 3d engineering');
#13395=APPLICATION_CONTEXT('managed model based 3d engineering');
#13396=APPLICATION_CONTEXT('managed model based 3d engineering');
#13397=APPLICATION_CONTEXT('managed model based 3d engineering');
#13398=APPLICATION_CONTEXT('managed model based 3d engineering');
#13399=APPLICATION_CONTEXT('managed model based 3d engineering');
#13400=APPLICATION_CONTEXT('managed model based 3d engineering');
ENDSEC;
END-ISO-10303-21;
