ISO-10303-21;
HEADER;
/* Generated by software containing ST-Developer
 * from STEP Tools, Inc. (www.steptools.com) 
 */
/* OPTION: using custom renumber hook */

FILE_DESCRIPTION(
/* description */ ('STEP AP242 Edition 2',
'CAx-IF Rec.Pracs.---Representation and Presentation of Product Manufa
cturing Information (PMI)---4.0---2014-10-13',
'CAx-IF Rec.Pracs.---3D Tessellated Geometry---0.4---2014-09-14','2;1',
'CAx-IF Rec.Pracs.---User Defined Attributes---1.5---2016-08-15'),
/* implementation_level */ '2;1');

FILE_NAME(
/* name */ 'NCJ6FI-V - NeutrikComboJack',
/* time_stamp */ '2026-06-20T20:01:54Z',
/* author */ (''),
/* organization */ (''),
/* preprocessor_version */ 'ST-DEVELOPER v20',
/* originating_system */ 'ONSHAPE BY PTC INC, 1.216',
/* authorisation */ '  ');

FILE_SCHEMA (('AP242_MANAGED_MODEL_BASED_3D_ENGINEERING_MIM_LF { 1 0 10303 442 3 1 4 }'));
ENDSEC;

DATA;
#10=MANIFOLD_SURFACE_SHAPE_REPRESENTATION('',(#12),#13867);
#11=OPEN_SHELL('',(#8309));
#12=SHELL_BASED_SURFACE_MODEL('Surface 1',(#11));
#13=GEOMETRICALLY_BOUNDED_WIREFRAME_SHAPE_REPRESENTATION('',(#50),#13861);
#14=GEOMETRICALLY_BOUNDED_WIREFRAME_SHAPE_REPRESENTATION('',(#51),#13862);
#15=GEOMETRICALLY_BOUNDED_WIREFRAME_SHAPE_REPRESENTATION('',(#52),#13863);
#16=GEOMETRICALLY_BOUNDED_WIREFRAME_SHAPE_REPRESENTATION('',(#53),#13864);
#17=GEOMETRICALLY_BOUNDED_WIREFRAME_SHAPE_REPRESENTATION('',(#54),#13865);
#18=GEOMETRICALLY_BOUNDED_WIREFRAME_SHAPE_REPRESENTATION('',(#55),#13866);
#19=DRAUGHTING_PRE_DEFINED_COLOUR('black');
#20=CURVE_STYLE('',#32,POSITIVE_LENGTH_MEASURE(0.352777777777778),#8529);
#21=CURVE_STYLE('',#33,POSITIVE_LENGTH_MEASURE(0.352777777777778),#19);
#22=CURVE_STYLE('',#34,POSITIVE_LENGTH_MEASURE(0.352777777777778),#8529);
#23=CURVE_STYLE('',#35,POSITIVE_LENGTH_MEASURE(0.352777777777778),#19);
#24=CURVE_STYLE('',#36,POSITIVE_LENGTH_MEASURE(0.352777777777778),#8530);
#25=CURVE_STYLE('',#37,POSITIVE_LENGTH_MEASURE(0.352777777777778),#19);
#26=CURVE_STYLE('',#38,POSITIVE_LENGTH_MEASURE(0.352777777777778),#8530);
#27=CURVE_STYLE('',#39,POSITIVE_LENGTH_MEASURE(0.352777777777778),#19);
#28=CURVE_STYLE('',#40,POSITIVE_LENGTH_MEASURE(0.352777777777778),#8530);
#29=CURVE_STYLE('',#41,POSITIVE_LENGTH_MEASURE(0.352777777777778),#19);
#30=CURVE_STYLE('',#42,POSITIVE_LENGTH_MEASURE(0.352777777777778),#8530);
#31=CURVE_STYLE('',#43,POSITIVE_LENGTH_MEASURE(0.352777777777778),#19);
#32=DRAUGHTING_PRE_DEFINED_CURVE_FONT('continuous');
#33=DRAUGHTING_PRE_DEFINED_CURVE_FONT('continuous');
#34=DRAUGHTING_PRE_DEFINED_CURVE_FONT('continuous');
#35=DRAUGHTING_PRE_DEFINED_CURVE_FONT('continuous');
#36=DRAUGHTING_PRE_DEFINED_CURVE_FONT('continuous');
#37=DRAUGHTING_PRE_DEFINED_CURVE_FONT('continuous');
#38=DRAUGHTING_PRE_DEFINED_CURVE_FONT('continuous');
#39=DRAUGHTING_PRE_DEFINED_CURVE_FONT('continuous');
#40=DRAUGHTING_PRE_DEFINED_CURVE_FONT('continuous');
#41=DRAUGHTING_PRE_DEFINED_CURVE_FONT('continuous');
#42=DRAUGHTING_PRE_DEFINED_CURVE_FONT('continuous');
#43=DRAUGHTING_PRE_DEFINED_CURVE_FONT('continuous');
#44=TRIMMED_CURVE('',#1133,(PARAMETER_VALUE(0.)),(PARAMETER_VALUE(0.000104518867554882)),
 .T.,.PARAMETER.);
#45=TRIMMED_CURVE('',#1134,(PARAMETER_VALUE(0.)),(PARAMETER_VALUE(0.000200000202014177)),
 .T.,.PARAMETER.);
#46=TRIMMED_CURVE('',#6854,(PARAMETER_VALUE(0.)),(PARAMETER_VALUE(0.449617445105498)),
 .T.,.PARAMETER.);
#47=TRIMMED_CURVE('',#6855,(PARAMETER_VALUE(0.)),(PARAMETER_VALUE(0.449617445105499)),
 .T.,.PARAMETER.);
#48=TRIMMED_CURVE('',#6856,(PARAMETER_VALUE(0.)),(PARAMETER_VALUE(0.449617445105498)),
 .T.,.PARAMETER.);
#49=TRIMMED_CURVE('',#6857,(PARAMETER_VALUE(0.)),(PARAMETER_VALUE(6.09506284090273)),
 .T.,.PARAMETER.);
#50=GEOMETRIC_CURVE_SET('',(#44));
#51=GEOMETRIC_CURVE_SET('',(#45));
#52=GEOMETRIC_CURVE_SET('',(#46));
#53=GEOMETRIC_CURVE_SET('',(#47));
#54=GEOMETRIC_CURVE_SET('',(#48));
#55=GEOMETRIC_CURVE_SET('',(#49));
#56=CONICAL_SURFACE('',#8696,0.010558182870047,0.805215352392071);
#57=SHAPE_REPRESENTATION_RELATIONSHIP('','',#8584,#87);
#58=SHAPE_REPRESENTATION_RELATIONSHIP('','',#8585,#88);
#59=SHAPE_REPRESENTATION_RELATIONSHIP('','',#8586,#89);
#60=SHAPE_REPRESENTATION_RELATIONSHIP('','',#8587,#90);
#61=SHAPE_REPRESENTATION_RELATIONSHIP('','',#8588,#91);
#62=SHAPE_REPRESENTATION_RELATIONSHIP('','',#8589,#92);
#63=SHAPE_REPRESENTATION_RELATIONSHIP('','',#8590,#93);
#64=SHAPE_REPRESENTATION_RELATIONSHIP('','',#8591,#94);
#65=SHAPE_REPRESENTATION_RELATIONSHIP('','',#8592,#95);
#66=SHAPE_REPRESENTATION_RELATIONSHIP('','',#8593,#96);
#67=SHAPE_REPRESENTATION_RELATIONSHIP('','',#8594,#97);
#68=SHAPE_REPRESENTATION_RELATIONSHIP('','',#8595,#98);
#69=SHAPE_REPRESENTATION_RELATIONSHIP('','',#8596,#99);
#70=SHAPE_REPRESENTATION_RELATIONSHIP('','',#8597,#100);
#71=SHAPE_REPRESENTATION_RELATIONSHIP('','',#8598,#101);
#72=SHAPE_REPRESENTATION_RELATIONSHIP('','',#8599,#102);
#73=SHAPE_REPRESENTATION_RELATIONSHIP('','',#8600,#103);
#74=SHAPE_REPRESENTATION_RELATIONSHIP('','',#8601,#104);
#75=SHAPE_REPRESENTATION_RELATIONSHIP('','',#8602,#105);
#76=SHAPE_REPRESENTATION_RELATIONSHIP('','',#8603,#106);
#77=SHAPE_REPRESENTATION_RELATIONSHIP('','',#8604,#107);
#78=SHAPE_REPRESENTATION_RELATIONSHIP('','',#8605,#108);
#79=SHAPE_REPRESENTATION_RELATIONSHIP('','',#8606,#109);
#80=SHAPE_REPRESENTATION_RELATIONSHIP('','',#8607,#13);
#81=SHAPE_REPRESENTATION_RELATIONSHIP('','',#8608,#14);
#82=SHAPE_REPRESENTATION_RELATIONSHIP('','',#8609,#15);
#83=SHAPE_REPRESENTATION_RELATIONSHIP('','',#8610,#16);
#84=SHAPE_REPRESENTATION_RELATIONSHIP('','',#8611,#17);
#85=SHAPE_REPRESENTATION_RELATIONSHIP('','',#8612,#18);
#86=SHAPE_REPRESENTATION_RELATIONSHIP('','',#8613,#10);
#87=ADVANCED_BREP_SHAPE_REPRESENTATION('',(#8531),#13838);
#88=ADVANCED_BREP_SHAPE_REPRESENTATION('',(#8532),#13839);
#89=ADVANCED_BREP_SHAPE_REPRESENTATION('',(#8533),#13840);
#90=ADVANCED_BREP_SHAPE_REPRESENTATION('',(#8534),#13841);
#91=ADVANCED_BREP_SHAPE_REPRESENTATION('',(#8535),#13842);
#92=ADVANCED_BREP_SHAPE_REPRESENTATION('',(#8536),#13843);
#93=ADVANCED_BREP_SHAPE_REPRESENTATION('',(#8537),#13844);
#94=ADVANCED_BREP_SHAPE_REPRESENTATION('',(#8538),#13845);
#95=ADVANCED_BREP_SHAPE_REPRESENTATION('',(#8539),#13846);
#96=ADVANCED_BREP_SHAPE_REPRESENTATION('',(#8540),#13847);
#97=ADVANCED_BREP_SHAPE_REPRESENTATION('',(#8541),#13848);
#98=ADVANCED_BREP_SHAPE_REPRESENTATION('',(#8542),#13849);
#99=ADVANCED_BREP_SHAPE_REPRESENTATION('',(#8543),#13850);
#100=ADVANCED_BREP_SHAPE_REPRESENTATION('',(#8544),#13851);
#101=ADVANCED_BREP_SHAPE_REPRESENTATION('',(#8545),#13852);
#102=ADVANCED_BREP_SHAPE_REPRESENTATION('',(#8546),#13853);
#103=ADVANCED_BREP_SHAPE_REPRESENTATION('',(#8547),#13854);
#104=ADVANCED_BREP_SHAPE_REPRESENTATION('',(#8548),#13855);
#105=ADVANCED_BREP_SHAPE_REPRESENTATION('',(#8549),#13856);
#106=ADVANCED_BREP_SHAPE_REPRESENTATION('',(#8550),#13857);
#107=ADVANCED_BREP_SHAPE_REPRESENTATION('',(#8551),#13858);
#108=ADVANCED_BREP_SHAPE_REPRESENTATION('',(#8552),#13859);
#109=ADVANCED_BREP_SHAPE_REPRESENTATION('',(#8553),#13860);
#110=LINE('',#11429,#1137);
#111=LINE('',#11432,#1138);
#112=LINE('',#11434,#1139);
#113=LINE('',#11436,#1140);
#114=LINE('',#11442,#1141);
#115=LINE('',#11444,#1142);
#116=LINE('',#11446,#1143);
#117=LINE('',#11448,#1144);
#118=LINE('',#11454,#1145);
#119=LINE('',#11456,#1146);
#120=LINE('',#11458,#1147);
#121=LINE('',#11460,#1148);
#122=LINE('',#11466,#1149);
#123=LINE('',#11472,#1150);
#124=LINE('',#11474,#1151);
#125=LINE('',#11476,#1152);
#126=LINE('',#11478,#1153);
#127=LINE('',#11484,#1154);
#128=LINE('',#11486,#1155);
#129=LINE('',#11488,#1156);
#130=LINE('',#11490,#1157);
#131=LINE('',#11496,#1158);
#132=LINE('',#11498,#1159);
#133=LINE('',#11500,#1160);
#134=LINE('',#11502,#1161);
#135=LINE('',#11508,#1162);
#136=LINE('',#11514,#1163);
#137=LINE('',#11516,#1164);
#138=LINE('',#11517,#1165);
#139=LINE('',#11525,#1166);
#140=LINE('',#11529,#1167);
#141=LINE('',#11535,#1168);
#142=LINE('',#11541,#1169);
#143=LINE('',#11547,#1170);
#144=LINE('',#11551,#1171);
#145=LINE('',#11561,#1172);
#146=LINE('',#11565,#1173);
#147=LINE('',#11600,#1174);
#148=LINE('',#11604,#1175);
#149=LINE('',#11610,#1176);
#150=LINE('',#11616,#1177);
#151=LINE('',#11622,#1178);
#152=LINE('',#11624,#1179);
#153=LINE('',#11626,#1180);
#154=LINE('',#11628,#1181);
#155=LINE('',#11634,#1182);
#156=LINE('',#11636,#1183);
#157=LINE('',#11638,#1184);
#158=LINE('',#11640,#1185);
#159=LINE('',#11657,#1186);
#160=LINE('',#11660,#1187);
#161=LINE('',#11662,#1188);
#162=LINE('',#11664,#1189);
#163=LINE('',#11666,#1190);
#164=LINE('',#11668,#1191);
#165=LINE('',#11670,#1192);
#166=LINE('',#11672,#1193);
#167=LINE('',#11674,#1194);
#168=LINE('',#11676,#1195);
#169=LINE('',#11678,#1196);
#170=LINE('',#11680,#1197);
#171=LINE('',#11682,#1198);
#172=LINE('',#11684,#1199);
#173=LINE('',#11686,#1200);
#174=LINE('',#11688,#1201);
#175=LINE('',#11690,#1202);
#176=LINE('',#11692,#1203);
#177=LINE('',#11694,#1204);
#178=LINE('',#11696,#1205);
#179=LINE('',#11698,#1206);
#180=LINE('',#11700,#1207);
#181=LINE('',#11702,#1208);
#182=LINE('',#11704,#1209);
#183=LINE('',#11706,#1210);
#184=LINE('',#11708,#1211);
#185=LINE('',#11710,#1212);
#186=LINE('',#11712,#1213);
#187=LINE('',#11714,#1214);
#188=LINE('',#11716,#1215);
#189=LINE('',#11718,#1216);
#190=LINE('',#11720,#1217);
#191=LINE('',#11722,#1218);
#192=LINE('',#11724,#1219);
#193=LINE('',#11726,#1220);
#194=LINE('',#11728,#1221);
#195=LINE('',#11730,#1222);
#196=LINE('',#11732,#1223);
#197=LINE('',#11734,#1224);
#198=LINE('',#11736,#1225);
#199=LINE('',#11738,#1226);
#200=LINE('',#11740,#1227);
#201=LINE('',#11742,#1228);
#202=LINE('',#11744,#1229);
#203=LINE('',#11746,#1230);
#204=LINE('',#11748,#1231);
#205=LINE('',#11750,#1232);
#206=LINE('',#11752,#1233);
#207=LINE('',#11754,#1234);
#208=LINE('',#11756,#1235);
#209=LINE('',#11758,#1236);
#210=LINE('',#11760,#1237);
#211=LINE('',#11762,#1238);
#212=LINE('',#11764,#1239);
#213=LINE('',#11766,#1240);
#214=LINE('',#11768,#1241);
#215=LINE('',#11770,#1242);
#216=LINE('',#11772,#1243);
#217=LINE('',#11774,#1244);
#218=LINE('',#11776,#1245);
#219=LINE('',#11778,#1246);
#220=LINE('',#11780,#1247);
#221=LINE('',#11782,#1248);
#222=LINE('',#11784,#1249);
#223=LINE('',#11786,#1250);
#224=LINE('',#11788,#1251);
#225=LINE('',#11790,#1252);
#226=LINE('',#11792,#1253);
#227=LINE('',#11794,#1254);
#228=LINE('',#11796,#1255);
#229=LINE('',#11798,#1256);
#230=LINE('',#11800,#1257);
#231=LINE('',#11802,#1258);
#232=LINE('',#11804,#1259);
#233=LINE('',#11806,#1260);
#234=LINE('',#11808,#1261);
#235=LINE('',#11810,#1262);
#236=LINE('',#11812,#1263);
#237=LINE('',#11814,#1264);
#238=LINE('',#11816,#1265);
#239=LINE('',#11818,#1266);
#240=LINE('',#11820,#1267);
#241=LINE('',#11822,#1268);
#242=LINE('',#11824,#1269);
#243=LINE('',#11826,#1270);
#244=LINE('',#11828,#1271);
#245=LINE('',#11830,#1272);
#246=LINE('',#11832,#1273);
#247=LINE('',#11834,#1274);
#248=LINE('',#11836,#1275);
#249=LINE('',#11838,#1276);
#250=LINE('',#11840,#1277);
#251=LINE('',#11842,#1278);
#252=LINE('',#11844,#1279);
#253=LINE('',#11846,#1280);
#254=LINE('',#11848,#1281);
#255=LINE('',#11850,#1282);
#256=LINE('',#11852,#1283);
#257=LINE('',#11854,#1284);
#258=LINE('',#11856,#1285);
#259=LINE('',#11858,#1286);
#260=LINE('',#11860,#1287);
#261=LINE('',#11862,#1288);
#262=LINE('',#11864,#1289);
#263=LINE('',#11866,#1290);
#264=LINE('',#11868,#1291);
#265=LINE('',#11870,#1292);
#266=LINE('',#11872,#1293);
#267=LINE('',#11874,#1294);
#268=LINE('',#11876,#1295);
#269=LINE('',#11878,#1296);
#270=LINE('',#11880,#1297);
#271=LINE('',#11882,#1298);
#272=LINE('',#11884,#1299);
#273=LINE('',#11886,#1300);
#274=LINE('',#11888,#1301);
#275=LINE('',#11890,#1302);
#276=LINE('',#11892,#1303);
#277=LINE('',#11894,#1304);
#278=LINE('',#11896,#1305);
#279=LINE('',#11898,#1306);
#280=LINE('',#11900,#1307);
#281=LINE('',#11902,#1308);
#282=LINE('',#11904,#1309);
#283=LINE('',#11906,#1310);
#284=LINE('',#11908,#1311);
#285=LINE('',#11910,#1312);
#286=LINE('',#11912,#1313);
#287=LINE('',#11914,#1314);
#288=LINE('',#11916,#1315);
#289=LINE('',#11918,#1316);
#290=LINE('',#11920,#1317);
#291=LINE('',#11922,#1318);
#292=LINE('',#11924,#1319);
#293=LINE('',#11926,#1320);
#294=LINE('',#11928,#1321);
#295=LINE('',#11930,#1322);
#296=LINE('',#11932,#1323);
#297=LINE('',#11934,#1324);
#298=LINE('',#11936,#1325);
#299=LINE('',#11938,#1326);
#300=LINE('',#11940,#1327);
#301=LINE('',#11942,#1328);
#302=LINE('',#11944,#1329);
#303=LINE('',#11946,#1330);
#304=LINE('',#11948,#1331);
#305=LINE('',#11950,#1332);
#306=LINE('',#11952,#1333);
#307=LINE('',#11954,#1334);
#308=LINE('',#11956,#1335);
#309=LINE('',#11958,#1336);
#310=LINE('',#11960,#1337);
#311=LINE('',#11962,#1338);
#312=LINE('',#11964,#1339);
#313=LINE('',#11966,#1340);
#314=LINE('',#11968,#1341);
#315=LINE('',#11970,#1342);
#316=LINE('',#11972,#1343);
#317=LINE('',#11974,#1344);
#318=LINE('',#11976,#1345);
#319=LINE('',#11978,#1346);
#320=LINE('',#11979,#1347);
#321=LINE('',#11982,#1348);
#322=LINE('',#11985,#1349);
#323=LINE('',#11987,#1350);
#324=LINE('',#11989,#1351);
#325=LINE('',#11991,#1352);
#326=LINE('',#11993,#1353);
#327=LINE('',#11995,#1354);
#328=LINE('',#11997,#1355);
#329=LINE('',#11999,#1356);
#330=LINE('',#12001,#1357);
#331=LINE('',#12003,#1358);
#332=LINE('',#12005,#1359);
#333=LINE('',#12007,#1360);
#334=LINE('',#12009,#1361);
#335=LINE('',#12011,#1362);
#336=LINE('',#12013,#1363);
#337=LINE('',#12015,#1364);
#338=LINE('',#12018,#1365);
#339=LINE('',#12020,#1366);
#340=LINE('',#12022,#1367);
#341=LINE('',#12024,#1368);
#342=LINE('',#12026,#1369);
#343=LINE('',#12028,#1370);
#344=LINE('',#12030,#1371);
#345=LINE('',#12032,#1372);
#346=LINE('',#12034,#1373);
#347=LINE('',#12036,#1374);
#348=LINE('',#12038,#1375);
#349=LINE('',#12040,#1376);
#350=LINE('',#12042,#1377);
#351=LINE('',#12044,#1378);
#352=LINE('',#12046,#1379);
#353=LINE('',#12048,#1380);
#354=LINE('',#12050,#1381);
#355=LINE('',#12052,#1382);
#356=LINE('',#12054,#1383);
#357=LINE('',#12056,#1384);
#358=LINE('',#12058,#1385);
#359=LINE('',#12060,#1386);
#360=LINE('',#12062,#1387);
#361=LINE('',#12064,#1388);
#362=LINE('',#12066,#1389);
#363=LINE('',#12068,#1390);
#364=LINE('',#12070,#1391);
#365=LINE('',#12072,#1392);
#366=LINE('',#12074,#1393);
#367=LINE('',#12076,#1394);
#368=LINE('',#12078,#1395);
#369=LINE('',#12080,#1396);
#370=LINE('',#12082,#1397);
#371=LINE('',#12084,#1398);
#372=LINE('',#12085,#1399);
#373=LINE('',#12087,#1400);
#374=LINE('',#12089,#1401);
#375=LINE('',#12091,#1402);
#376=LINE('',#12093,#1403);
#377=LINE('',#12095,#1404);
#378=LINE('',#12097,#1405);
#379=LINE('',#12099,#1406);
#380=LINE('',#12101,#1407);
#381=LINE('',#12103,#1408);
#382=LINE('',#12105,#1409);
#383=LINE('',#12107,#1410);
#384=LINE('',#12109,#1411);
#385=LINE('',#12111,#1412);
#386=LINE('',#12113,#1413);
#387=LINE('',#12115,#1414);
#388=LINE('',#12117,#1415);
#389=LINE('',#12119,#1416);
#390=LINE('',#12121,#1417);
#391=LINE('',#12123,#1418);
#392=LINE('',#12124,#1419);
#393=LINE('',#12127,#1420);
#394=LINE('',#12130,#1421);
#395=LINE('',#12132,#1422);
#396=LINE('',#12134,#1423);
#397=LINE('',#12136,#1424);
#398=LINE('',#12138,#1425);
#399=LINE('',#12140,#1426);
#400=LINE('',#12142,#1427);
#401=LINE('',#12144,#1428);
#402=LINE('',#12146,#1429);
#403=LINE('',#12148,#1430);
#404=LINE('',#12150,#1431);
#405=LINE('',#12152,#1432);
#406=LINE('',#12154,#1433);
#407=LINE('',#12156,#1434);
#408=LINE('',#12158,#1435);
#409=LINE('',#12160,#1436);
#410=LINE('',#12162,#1437);
#411=LINE('',#12164,#1438);
#412=LINE('',#12166,#1439);
#413=LINE('',#12168,#1440);
#414=LINE('',#12170,#1441);
#415=LINE('',#12172,#1442);
#416=LINE('',#12174,#1443);
#417=LINE('',#12176,#1444);
#418=LINE('',#12178,#1445);
#419=LINE('',#12180,#1446);
#420=LINE('',#12182,#1447);
#421=LINE('',#12184,#1448);
#422=LINE('',#12186,#1449);
#423=LINE('',#12188,#1450);
#424=LINE('',#12190,#1451);
#425=LINE('',#12192,#1452);
#426=LINE('',#12194,#1453);
#427=LINE('',#12196,#1454);
#428=LINE('',#12198,#1455);
#429=LINE('',#12200,#1456);
#430=LINE('',#12202,#1457);
#431=LINE('',#12204,#1458);
#432=LINE('',#12206,#1459);
#433=LINE('',#12208,#1460);
#434=LINE('',#12210,#1461);
#435=LINE('',#12212,#1462);
#436=LINE('',#12214,#1463);
#437=LINE('',#12216,#1464);
#438=LINE('',#12218,#1465);
#439=LINE('',#12220,#1466);
#440=LINE('',#12222,#1467);
#441=LINE('',#12224,#1468);
#442=LINE('',#12226,#1469);
#443=LINE('',#12228,#1470);
#444=LINE('',#12230,#1471);
#445=LINE('',#12232,#1472);
#446=LINE('',#12234,#1473);
#447=LINE('',#12236,#1474);
#448=LINE('',#12238,#1475);
#449=LINE('',#12240,#1476);
#450=LINE('',#12242,#1477);
#451=LINE('',#12244,#1478);
#452=LINE('',#12246,#1479);
#453=LINE('',#12248,#1480);
#454=LINE('',#12250,#1481);
#455=LINE('',#12252,#1482);
#456=LINE('',#12254,#1483);
#457=LINE('',#12256,#1484);
#458=LINE('',#12258,#1485);
#459=LINE('',#12260,#1486);
#460=LINE('',#12262,#1487);
#461=LINE('',#12264,#1488);
#462=LINE('',#12266,#1489);
#463=LINE('',#12268,#1490);
#464=LINE('',#12270,#1491);
#465=LINE('',#12272,#1492);
#466=LINE('',#12274,#1493);
#467=LINE('',#12276,#1494);
#468=LINE('',#12278,#1495);
#469=LINE('',#12280,#1496);
#470=LINE('',#12281,#1497);
#471=LINE('',#12284,#1498);
#472=LINE('',#12287,#1499);
#473=LINE('',#12289,#1500);
#474=LINE('',#12291,#1501);
#475=LINE('',#12293,#1502);
#476=LINE('',#12295,#1503);
#477=LINE('',#12297,#1504);
#478=LINE('',#12299,#1505);
#479=LINE('',#12301,#1506);
#480=LINE('',#12303,#1507);
#481=LINE('',#12305,#1508);
#482=LINE('',#12307,#1509);
#483=LINE('',#12309,#1510);
#484=LINE('',#12311,#1511);
#485=LINE('',#12313,#1512);
#486=LINE('',#12315,#1513);
#487=LINE('',#12317,#1514);
#488=LINE('',#12319,#1515);
#489=LINE('',#12321,#1516);
#490=LINE('',#12323,#1517);
#491=LINE('',#12325,#1518);
#492=LINE('',#12327,#1519);
#493=LINE('',#12329,#1520);
#494=LINE('',#12331,#1521);
#495=LINE('',#12333,#1522);
#496=LINE('',#12335,#1523);
#497=LINE('',#12337,#1524);
#498=LINE('',#12339,#1525);
#499=LINE('',#12341,#1526);
#500=LINE('',#12343,#1527);
#501=LINE('',#12345,#1528);
#502=LINE('',#12347,#1529);
#503=LINE('',#12349,#1530);
#504=LINE('',#12351,#1531);
#505=LINE('',#12353,#1532);
#506=LINE('',#12354,#1533);
#507=LINE('',#12357,#1534);
#508=LINE('',#12360,#1535);
#509=LINE('',#12362,#1536);
#510=LINE('',#12364,#1537);
#511=LINE('',#12370,#1538);
#512=LINE('',#12372,#1539);
#513=LINE('',#12374,#1540);
#514=LINE('',#12376,#1541);
#515=LINE('',#12382,#1542);
#516=LINE('',#12388,#1543);
#517=LINE('',#12394,#1544);
#518=LINE('',#12400,#1545);
#519=LINE('',#12403,#1546);
#520=LINE('',#12405,#1547);
#521=LINE('',#12407,#1548);
#522=LINE('',#12413,#1549);
#523=LINE('',#12415,#1550);
#524=LINE('',#12417,#1551);
#525=LINE('',#12419,#1552);
#526=LINE('',#12425,#1553);
#527=LINE('',#12431,#1554);
#528=LINE('',#12437,#1555);
#529=LINE('',#12443,#1556);
#530=LINE('',#12452,#1557);
#531=LINE('',#12456,#1558);
#532=LINE('',#12461,#1559);
#533=LINE('',#12465,#1560);
#534=LINE('',#12469,#1561);
#535=LINE('',#12473,#1562);
#536=LINE('',#12475,#1563);
#537=LINE('',#12477,#1564);
#538=LINE('',#12481,#1565);
#539=LINE('',#12483,#1566);
#540=LINE('',#12485,#1567);
#541=LINE('',#12489,#1568);
#542=LINE('',#12491,#1569);
#543=LINE('',#12496,#1570);
#544=LINE('',#12499,#1571);
#545=LINE('',#12501,#1572);
#546=LINE('',#12503,#1573);
#547=LINE('',#12509,#1574);
#548=LINE('',#12511,#1575);
#549=LINE('',#12513,#1576);
#550=LINE('',#12515,#1577);
#551=LINE('',#12521,#1578);
#552=LINE('',#12523,#1579);
#553=LINE('',#12525,#1580);
#554=LINE('',#12527,#1581);
#555=LINE('',#12538,#1582);
#556=LINE('',#12542,#1583);
#557=LINE('',#12544,#1584);
#558=LINE('',#12546,#1585);
#559=LINE('',#12548,#1586);
#560=LINE('',#12554,#1587);
#561=LINE('',#12556,#1588);
#562=LINE('',#12557,#1589);
#563=LINE('',#12562,#1590);
#564=LINE('',#12565,#1591);
#565=LINE('',#12567,#1592);
#566=LINE('',#12569,#1593);
#567=LINE('',#12571,#1594);
#568=LINE('',#12573,#1595);
#569=LINE('',#12575,#1596);
#570=LINE('',#12577,#1597);
#571=LINE('',#12579,#1598);
#572=LINE('',#12581,#1599);
#573=LINE('',#12583,#1600);
#574=LINE('',#12585,#1601);
#575=LINE('',#12587,#1602);
#576=LINE('',#12589,#1603);
#577=LINE('',#12591,#1604);
#578=LINE('',#12593,#1605);
#579=LINE('',#12595,#1606);
#580=LINE('',#12597,#1607);
#581=LINE('',#12599,#1608);
#582=LINE('',#12601,#1609);
#583=LINE('',#12603,#1610);
#584=LINE('',#12605,#1611);
#585=LINE('',#12607,#1612);
#586=LINE('',#12609,#1613);
#587=LINE('',#12611,#1614);
#588=LINE('',#12613,#1615);
#589=LINE('',#12615,#1616);
#590=LINE('',#12617,#1617);
#591=LINE('',#12619,#1618);
#592=LINE('',#12621,#1619);
#593=LINE('',#12623,#1620);
#594=LINE('',#12625,#1621);
#595=LINE('',#12627,#1622);
#596=LINE('',#12629,#1623);
#597=LINE('',#12631,#1624);
#598=LINE('',#12633,#1625);
#599=LINE('',#12635,#1626);
#600=LINE('',#12637,#1627);
#601=LINE('',#12639,#1628);
#602=LINE('',#12641,#1629);
#603=LINE('',#12643,#1630);
#604=LINE('',#12645,#1631);
#605=LINE('',#12647,#1632);
#606=LINE('',#12649,#1633);
#607=LINE('',#12651,#1634);
#608=LINE('',#12653,#1635);
#609=LINE('',#12655,#1636);
#610=LINE('',#12657,#1637);
#611=LINE('',#12659,#1638);
#612=LINE('',#12661,#1639);
#613=LINE('',#12663,#1640);
#614=LINE('',#12665,#1641);
#615=LINE('',#12667,#1642);
#616=LINE('',#12669,#1643);
#617=LINE('',#12671,#1644);
#618=LINE('',#12673,#1645);
#619=LINE('',#12675,#1646);
#620=LINE('',#12677,#1647);
#621=LINE('',#12679,#1648);
#622=LINE('',#12681,#1649);
#623=LINE('',#12683,#1650);
#624=LINE('',#12685,#1651);
#625=LINE('',#12687,#1652);
#626=LINE('',#12689,#1653);
#627=LINE('',#12691,#1654);
#628=LINE('',#12693,#1655);
#629=LINE('',#12695,#1656);
#630=LINE('',#12697,#1657);
#631=LINE('',#12699,#1658);
#632=LINE('',#12701,#1659);
#633=LINE('',#12703,#1660);
#634=LINE('',#12705,#1661);
#635=LINE('',#12707,#1662);
#636=LINE('',#12709,#1663);
#637=LINE('',#12711,#1664);
#638=LINE('',#12713,#1665);
#639=LINE('',#12715,#1666);
#640=LINE('',#12717,#1667);
#641=LINE('',#12719,#1668);
#642=LINE('',#12721,#1669);
#643=LINE('',#12723,#1670);
#644=LINE('',#12725,#1671);
#645=LINE('',#12727,#1672);
#646=LINE('',#12729,#1673);
#647=LINE('',#12731,#1674);
#648=LINE('',#12733,#1675);
#649=LINE('',#12735,#1676);
#650=LINE('',#12737,#1677);
#651=LINE('',#12739,#1678);
#652=LINE('',#12741,#1679);
#653=LINE('',#12743,#1680);
#654=LINE('',#12745,#1681);
#655=LINE('',#12747,#1682);
#656=LINE('',#12749,#1683);
#657=LINE('',#12751,#1684);
#658=LINE('',#12753,#1685);
#659=LINE('',#12755,#1686);
#660=LINE('',#12757,#1687);
#661=LINE('',#12759,#1688);
#662=LINE('',#12761,#1689);
#663=LINE('',#12763,#1690);
#664=LINE('',#12765,#1691);
#665=LINE('',#12767,#1692);
#666=LINE('',#12769,#1693);
#667=LINE('',#12771,#1694);
#668=LINE('',#12773,#1695);
#669=LINE('',#12775,#1696);
#670=LINE('',#12777,#1697);
#671=LINE('',#12779,#1698);
#672=LINE('',#12781,#1699);
#673=LINE('',#12783,#1700);
#674=LINE('',#12785,#1701);
#675=LINE('',#12787,#1702);
#676=LINE('',#12789,#1703);
#677=LINE('',#12791,#1704);
#678=LINE('',#12793,#1705);
#679=LINE('',#12795,#1706);
#680=LINE('',#12797,#1707);
#681=LINE('',#12799,#1708);
#682=LINE('',#12801,#1709);
#683=LINE('',#12803,#1710);
#684=LINE('',#12805,#1711);
#685=LINE('',#12807,#1712);
#686=LINE('',#12809,#1713);
#687=LINE('',#12811,#1714);
#688=LINE('',#12813,#1715);
#689=LINE('',#12815,#1716);
#690=LINE('',#12817,#1717);
#691=LINE('',#12819,#1718);
#692=LINE('',#12821,#1719);
#693=LINE('',#12823,#1720);
#694=LINE('',#12825,#1721);
#695=LINE('',#12827,#1722);
#696=LINE('',#12829,#1723);
#697=LINE('',#12831,#1724);
#698=LINE('',#12833,#1725);
#699=LINE('',#12835,#1726);
#700=LINE('',#12837,#1727);
#701=LINE('',#12839,#1728);
#702=LINE('',#12841,#1729);
#703=LINE('',#12843,#1730);
#704=LINE('',#12845,#1731);
#705=LINE('',#12847,#1732);
#706=LINE('',#12849,#1733);
#707=LINE('',#12851,#1734);
#708=LINE('',#12853,#1735);
#709=LINE('',#12855,#1736);
#710=LINE('',#12857,#1737);
#711=LINE('',#12859,#1738);
#712=LINE('',#12861,#1739);
#713=LINE('',#12863,#1740);
#714=LINE('',#12865,#1741);
#715=LINE('',#12867,#1742);
#716=LINE('',#12869,#1743);
#717=LINE('',#12871,#1744);
#718=LINE('',#12873,#1745);
#719=LINE('',#12875,#1746);
#720=LINE('',#12877,#1747);
#721=LINE('',#12879,#1748);
#722=LINE('',#12881,#1749);
#723=LINE('',#12883,#1750);
#724=LINE('',#12885,#1751);
#725=LINE('',#12887,#1752);
#726=LINE('',#12889,#1753);
#727=LINE('',#12891,#1754);
#728=LINE('',#12893,#1755);
#729=LINE('',#12895,#1756);
#730=LINE('',#12897,#1757);
#731=LINE('',#12899,#1758);
#732=LINE('',#12901,#1759);
#733=LINE('',#12902,#1760);
#734=LINE('',#12907,#1761);
#735=LINE('',#12910,#1762);
#736=LINE('',#12912,#1763);
#737=LINE('',#12914,#1764);
#738=LINE('',#12916,#1765);
#739=LINE('',#12918,#1766);
#740=LINE('',#12920,#1767);
#741=LINE('',#12922,#1768);
#742=LINE('',#12924,#1769);
#743=LINE('',#12926,#1770);
#744=LINE('',#12928,#1771);
#745=LINE('',#12930,#1772);
#746=LINE('',#12932,#1773);
#747=LINE('',#12934,#1774);
#748=LINE('',#12936,#1775);
#749=LINE('',#12938,#1776);
#750=LINE('',#12940,#1777);
#751=LINE('',#12942,#1778);
#752=LINE('',#12944,#1779);
#753=LINE('',#12946,#1780);
#754=LINE('',#12948,#1781);
#755=LINE('',#12950,#1782);
#756=LINE('',#12952,#1783);
#757=LINE('',#12954,#1784);
#758=LINE('',#12956,#1785);
#759=LINE('',#12958,#1786);
#760=LINE('',#12960,#1787);
#761=LINE('',#12962,#1788);
#762=LINE('',#12964,#1789);
#763=LINE('',#12966,#1790);
#764=LINE('',#12968,#1791);
#765=LINE('',#12970,#1792);
#766=LINE('',#12972,#1793);
#767=LINE('',#12974,#1794);
#768=LINE('',#12976,#1795);
#769=LINE('',#12978,#1796);
#770=LINE('',#12980,#1797);
#771=LINE('',#12982,#1798);
#772=LINE('',#12984,#1799);
#773=LINE('',#12986,#1800);
#774=LINE('',#12988,#1801);
#775=LINE('',#12990,#1802);
#776=LINE('',#12992,#1803);
#777=LINE('',#12994,#1804);
#778=LINE('',#12996,#1805);
#779=LINE('',#12998,#1806);
#780=LINE('',#13000,#1807);
#781=LINE('',#13002,#1808);
#782=LINE('',#13004,#1809);
#783=LINE('',#13006,#1810);
#784=LINE('',#13008,#1811);
#785=LINE('',#13010,#1812);
#786=LINE('',#13012,#1813);
#787=LINE('',#13014,#1814);
#788=LINE('',#13016,#1815);
#789=LINE('',#13018,#1816);
#790=LINE('',#13020,#1817);
#791=LINE('',#13022,#1818);
#792=LINE('',#13024,#1819);
#793=LINE('',#13026,#1820);
#794=LINE('',#13028,#1821);
#795=LINE('',#13030,#1822);
#796=LINE('',#13032,#1823);
#797=LINE('',#13034,#1824);
#798=LINE('',#13036,#1825);
#799=LINE('',#13038,#1826);
#800=LINE('',#13040,#1827);
#801=LINE('',#13042,#1828);
#802=LINE('',#13044,#1829);
#803=LINE('',#13046,#1830);
#804=LINE('',#13048,#1831);
#805=LINE('',#13050,#1832);
#806=LINE('',#13052,#1833);
#807=LINE('',#13054,#1834);
#808=LINE('',#13056,#1835);
#809=LINE('',#13058,#1836);
#810=LINE('',#13060,#1837);
#811=LINE('',#13062,#1838);
#812=LINE('',#13064,#1839);
#813=LINE('',#13066,#1840);
#814=LINE('',#13068,#1841);
#815=LINE('',#13070,#1842);
#816=LINE('',#13072,#1843);
#817=LINE('',#13073,#1844);
#818=LINE('',#13078,#1845);
#819=LINE('',#13081,#1846);
#820=LINE('',#13083,#1847);
#821=LINE('',#13085,#1848);
#822=LINE('',#13087,#1849);
#823=LINE('',#13089,#1850);
#824=LINE('',#13091,#1851);
#825=LINE('',#13093,#1852);
#826=LINE('',#13095,#1853);
#827=LINE('',#13097,#1854);
#828=LINE('',#13099,#1855);
#829=LINE('',#13101,#1856);
#830=LINE('',#13103,#1857);
#831=LINE('',#13105,#1858);
#832=LINE('',#13107,#1859);
#833=LINE('',#13109,#1860);
#834=LINE('',#13111,#1861);
#835=LINE('',#13113,#1862);
#836=LINE('',#13115,#1863);
#837=LINE('',#13117,#1864);
#838=LINE('',#13118,#1865);
#839=LINE('',#13123,#1866);
#840=LINE('',#13126,#1867);
#841=LINE('',#13128,#1868);
#842=LINE('',#13130,#1869);
#843=LINE('',#13132,#1870);
#844=LINE('',#13134,#1871);
#845=LINE('',#13136,#1872);
#846=LINE('',#13138,#1873);
#847=LINE('',#13140,#1874);
#848=LINE('',#13142,#1875);
#849=LINE('',#13144,#1876);
#850=LINE('',#13146,#1877);
#851=LINE('',#13148,#1878);
#852=LINE('',#13150,#1879);
#853=LINE('',#13152,#1880);
#854=LINE('',#13154,#1881);
#855=LINE('',#13156,#1882);
#856=LINE('',#13158,#1883);
#857=LINE('',#13160,#1884);
#858=LINE('',#13162,#1885);
#859=LINE('',#13164,#1886);
#860=LINE('',#13166,#1887);
#861=LINE('',#13168,#1888);
#862=LINE('',#13170,#1889);
#863=LINE('',#13172,#1890);
#864=LINE('',#13174,#1891);
#865=LINE('',#13176,#1892);
#866=LINE('',#13178,#1893);
#867=LINE('',#13180,#1894);
#868=LINE('',#13181,#1895);
#869=LINE('',#13186,#1896);
#870=LINE('',#13189,#1897);
#871=LINE('',#13191,#1898);
#872=LINE('',#13193,#1899);
#873=LINE('',#13195,#1900);
#874=LINE('',#13197,#1901);
#875=LINE('',#13199,#1902);
#876=LINE('',#13201,#1903);
#877=LINE('',#13203,#1904);
#878=LINE('',#13205,#1905);
#879=LINE('',#13207,#1906);
#880=LINE('',#13209,#1907);
#881=LINE('',#13211,#1908);
#882=LINE('',#13213,#1909);
#883=LINE('',#13215,#1910);
#884=LINE('',#13217,#1911);
#885=LINE('',#13219,#1912);
#886=LINE('',#13221,#1913);
#887=LINE('',#13223,#1914);
#888=LINE('',#13225,#1915);
#889=LINE('',#13227,#1916);
#890=LINE('',#13229,#1917);
#891=LINE('',#13231,#1918);
#892=LINE('',#13233,#1919);
#893=LINE('',#13235,#1920);
#894=LINE('',#13237,#1921);
#895=LINE('',#13239,#1922);
#896=LINE('',#13241,#1923);
#897=LINE('',#13243,#1924);
#898=LINE('',#13245,#1925);
#899=LINE('',#13247,#1926);
#900=LINE('',#13249,#1927);
#901=LINE('',#13251,#1928);
#902=LINE('',#13253,#1929);
#903=LINE('',#13255,#1930);
#904=LINE('',#13256,#1931);
#905=LINE('',#13261,#1932);
#906=LINE('',#13264,#1933);
#907=LINE('',#13266,#1934);
#908=LINE('',#13268,#1935);
#909=LINE('',#13270,#1936);
#910=LINE('',#13272,#1937);
#911=LINE('',#13274,#1938);
#912=LINE('',#13276,#1939);
#913=LINE('',#13278,#1940);
#914=LINE('',#13280,#1941);
#915=LINE('',#13282,#1942);
#916=LINE('',#13284,#1943);
#917=LINE('',#13286,#1944);
#918=LINE('',#13288,#1945);
#919=LINE('',#13290,#1946);
#920=LINE('',#13292,#1947);
#921=LINE('',#13294,#1948);
#922=LINE('',#13296,#1949);
#923=LINE('',#13298,#1950);
#924=LINE('',#13300,#1951);
#925=LINE('',#13302,#1952);
#926=LINE('',#13304,#1953);
#927=LINE('',#13306,#1954);
#928=LINE('',#13308,#1955);
#929=LINE('',#13310,#1956);
#930=LINE('',#13312,#1957);
#931=LINE('',#13314,#1958);
#932=LINE('',#13316,#1959);
#933=LINE('',#13318,#1960);
#934=LINE('',#13320,#1961);
#935=LINE('',#13322,#1962);
#936=LINE('',#13324,#1963);
#937=LINE('',#13326,#1964);
#938=LINE('',#13328,#1965);
#939=LINE('',#13330,#1966);
#940=LINE('',#13332,#1967);
#941=LINE('',#13334,#1968);
#942=LINE('',#13336,#1969);
#943=LINE('',#13338,#1970);
#944=LINE('',#13340,#1971);
#945=LINE('',#13342,#1972);
#946=LINE('',#13344,#1973);
#947=LINE('',#13346,#1974);
#948=LINE('',#13348,#1975);
#949=LINE('',#13350,#1976);
#950=LINE('',#13352,#1977);
#951=LINE('',#13354,#1978);
#952=LINE('',#13356,#1979);
#953=LINE('',#13358,#1980);
#954=LINE('',#13360,#1981);
#955=LINE('',#13362,#1982);
#956=LINE('',#13364,#1983);
#957=LINE('',#13366,#1984);
#958=LINE('',#13368,#1985);
#959=LINE('',#13370,#1986);
#960=LINE('',#13372,#1987);
#961=LINE('',#13374,#1988);
#962=LINE('',#13376,#1989);
#963=LINE('',#13378,#1990);
#964=LINE('',#13380,#1991);
#965=LINE('',#13382,#1992);
#966=LINE('',#13384,#1993);
#967=LINE('',#13386,#1994);
#968=LINE('',#13388,#1995);
#969=LINE('',#13390,#1996);
#970=LINE('',#13392,#1997);
#971=LINE('',#13394,#1998);
#972=LINE('',#13396,#1999);
#973=LINE('',#13398,#2000);
#974=LINE('',#13400,#2001);
#975=LINE('',#13402,#2002);
#976=LINE('',#13404,#2003);
#977=LINE('',#13406,#2004);
#978=LINE('',#13408,#2005);
#979=LINE('',#13410,#2006);
#980=LINE('',#13412,#2007);
#981=LINE('',#13414,#2008);
#982=LINE('',#13415,#2009);
#983=LINE('',#13420,#2010);
#984=LINE('',#13423,#2011);
#985=LINE('',#13425,#2012);
#986=LINE('',#13427,#2013);
#987=LINE('',#13429,#2014);
#988=LINE('',#13431,#2015);
#989=LINE('',#13433,#2016);
#990=LINE('',#13435,#2017);
#991=LINE('',#13437,#2018);
#992=LINE('',#13439,#2019);
#993=LINE('',#13441,#2020);
#994=LINE('',#13443,#2021);
#995=LINE('',#13445,#2022);
#996=LINE('',#13447,#2023);
#997=LINE('',#13449,#2024);
#998=LINE('',#13451,#2025);
#999=LINE('',#13453,#2026);
#1000=LINE('',#13455,#2027);
#1001=LINE('',#13457,#2028);
#1002=LINE('',#13459,#2029);
#1003=LINE('',#13461,#2030);
#1004=LINE('',#13463,#2031);
#1005=LINE('',#13465,#2032);
#1006=LINE('',#13466,#2033);
#1007=LINE('',#13471,#2034);
#1008=LINE('',#13474,#2035);
#1009=LINE('',#13476,#2036);
#1010=LINE('',#13478,#2037);
#1011=LINE('',#13480,#2038);
#1012=LINE('',#13482,#2039);
#1013=LINE('',#13484,#2040);
#1014=LINE('',#13486,#2041);
#1015=LINE('',#13488,#2042);
#1016=LINE('',#13490,#2043);
#1017=LINE('',#13492,#2044);
#1018=LINE('',#13494,#2045);
#1019=LINE('',#13496,#2046);
#1020=LINE('',#13498,#2047);
#1021=LINE('',#13500,#2048);
#1022=LINE('',#13502,#2049);
#1023=LINE('',#13504,#2050);
#1024=LINE('',#13506,#2051);
#1025=LINE('',#13508,#2052);
#1026=LINE('',#13510,#2053);
#1027=LINE('',#13512,#2054);
#1028=LINE('',#13514,#2055);
#1029=LINE('',#13516,#2056);
#1030=LINE('',#13518,#2057);
#1031=LINE('',#13520,#2058);
#1032=LINE('',#13522,#2059);
#1033=LINE('',#13524,#2060);
#1034=LINE('',#13526,#2061);
#1035=LINE('',#13528,#2062);
#1036=LINE('',#13529,#2063);
#1037=LINE('',#13531,#2064);
#1038=LINE('',#13534,#2065);
#1039=LINE('',#13536,#2066);
#1040=LINE('',#13538,#2067);
#1041=LINE('',#13540,#2068);
#1042=LINE('',#13542,#2069);
#1043=LINE('',#13544,#2070);
#1044=LINE('',#13546,#2071);
#1045=LINE('',#13548,#2072);
#1046=LINE('',#13550,#2073);
#1047=LINE('',#13552,#2074);
#1048=LINE('',#13554,#2075);
#1049=LINE('',#13556,#2076);
#1050=LINE('',#13558,#2077);
#1051=LINE('',#13560,#2078);
#1052=LINE('',#13562,#2079);
#1053=LINE('',#13564,#2080);
#1054=LINE('',#13566,#2081);
#1055=LINE('',#13568,#2082);
#1056=LINE('',#13570,#2083);
#1057=LINE('',#13572,#2084);
#1058=LINE('',#13574,#2085);
#1059=LINE('',#13576,#2086);
#1060=LINE('',#13578,#2087);
#1061=LINE('',#13580,#2088);
#1062=LINE('',#13582,#2089);
#1063=LINE('',#13584,#2090);
#1064=LINE('',#13586,#2091);
#1065=LINE('',#13588,#2092);
#1066=LINE('',#13590,#2093);
#1067=LINE('',#13592,#2094);
#1068=LINE('',#13594,#2095);
#1069=LINE('',#13596,#2096);
#1070=LINE('',#13598,#2097);
#1071=LINE('',#13600,#2098);
#1072=LINE('',#13602,#2099);
#1073=LINE('',#13604,#2100);
#1074=LINE('',#13606,#2101);
#1075=LINE('',#13608,#2102);
#1076=LINE('',#13610,#2103);
#1077=LINE('',#13612,#2104);
#1078=LINE('',#13614,#2105);
#1079=LINE('',#13616,#2106);
#1080=LINE('',#13618,#2107);
#1081=LINE('',#13620,#2108);
#1082=LINE('',#13622,#2109);
#1083=LINE('',#13624,#2110);
#1084=LINE('',#13625,#2111);
#1085=LINE('',#13630,#2112);
#1086=LINE('',#13633,#2113);
#1087=LINE('',#13635,#2114);
#1088=LINE('',#13637,#2115);
#1089=LINE('',#13639,#2116);
#1090=LINE('',#13641,#2117);
#1091=LINE('',#13643,#2118);
#1092=LINE('',#13645,#2119);
#1093=LINE('',#13647,#2120);
#1094=LINE('',#13649,#2121);
#1095=LINE('',#13651,#2122);
#1096=LINE('',#13652,#2123);
#1097=LINE('',#13657,#2124);
#1098=LINE('',#13660,#2125);
#1099=LINE('',#13662,#2126);
#1100=LINE('',#13664,#2127);
#1101=LINE('',#13666,#2128);
#1102=LINE('',#13668,#2129);
#1103=LINE('',#13670,#2130);
#1104=LINE('',#13672,#2131);
#1105=LINE('',#13674,#2132);
#1106=LINE('',#13676,#2133);
#1107=LINE('',#13678,#2134);
#1108=LINE('',#13680,#2135);
#1109=LINE('',#13682,#2136);
#1110=LINE('',#13684,#2137);
#1111=LINE('',#13686,#2138);
#1112=LINE('',#13688,#2139);
#1113=LINE('',#13690,#2140);
#1114=LINE('',#13692,#2141);
#1115=LINE('',#13694,#2142);
#1116=LINE('',#13696,#2143);
#1117=LINE('',#13698,#2144);
#1118=LINE('',#13700,#2145);
#1119=LINE('',#13702,#2146);
#1120=LINE('',#13704,#2147);
#1121=LINE('',#13706,#2148);
#1122=LINE('',#13708,#2149);
#1123=LINE('',#13710,#2150);
#1124=LINE('',#13712,#2151);
#1125=LINE('',#13714,#2152);
#1126=LINE('',#13716,#2153);
#1127=LINE('',#13718,#2154);
#1128=LINE('',#13720,#2155);
#1129=LINE('',#13722,#2156);
#1130=LINE('',#13724,#2157);
#1131=LINE('',#13726,#2158);
#1132=LINE('',#13727,#2159);
#1133=LINE('',#13787,#2160);
#1134=LINE('',#13789,#2161);
#1135=LINE('',#13803,#2162);
#1136=LINE('',#13807,#2163);
#1137=VECTOR('',#9222,1.);
#1138=VECTOR('',#9223,1.);
#1139=VECTOR('',#9224,1.);
#1140=VECTOR('',#9225,1.);
#1141=VECTOR('',#9232,1.);
#1142=VECTOR('',#9235,1.);
#1143=VECTOR('',#9236,1.);
#1144=VECTOR('',#9237,1.);
#1145=VECTOR('',#9244,1.);
#1146=VECTOR('',#9247,1.);
#1147=VECTOR('',#9248,1.);
#1148=VECTOR('',#9249,1.);
#1149=VECTOR('',#9256,1.);
#1150=VECTOR('',#9263,1.);
#1151=VECTOR('',#9266,1.);
#1152=VECTOR('',#9267,1.);
#1153=VECTOR('',#9268,1.);
#1154=VECTOR('',#9275,1.);
#1155=VECTOR('',#9278,1.);
#1156=VECTOR('',#9279,1.);
#1157=VECTOR('',#9280,1.);
#1158=VECTOR('',#9287,1.);
#1159=VECTOR('',#9290,1.);
#1160=VECTOR('',#9291,1.);
#1161=VECTOR('',#9292,1.);
#1162=VECTOR('',#9299,1.);
#1163=VECTOR('',#9306,1.);
#1164=VECTOR('',#9309,1.);
#1165=VECTOR('',#9310,1.);
#1166=VECTOR('',#9321,1.);
#1167=VECTOR('',#9324,1.);
#1168=VECTOR('',#9331,1.);
#1169=VECTOR('',#9338,1.);
#1170=VECTOR('',#9345,1.);
#1171=VECTOR('',#9350,1.);
#1172=VECTOR('',#9363,1.);
#1173=VECTOR('',#9366,1.);
#1174=VECTOR('',#9415,1.);
#1175=VECTOR('',#9418,1.);
#1176=VECTOR('',#9425,1.);
#1177=VECTOR('',#9432,1.);
#1178=VECTOR('',#9439,1.);
#1179=VECTOR('',#9442,1.);
#1180=VECTOR('',#9443,1.);
#1181=VECTOR('',#9444,1.);
#1182=VECTOR('',#9451,1.);
#1183=VECTOR('',#9454,1.);
#1184=VECTOR('',#9455,1.);
#1185=VECTOR('',#9456,1.);
#1186=VECTOR('',#9481,1.);
#1187=VECTOR('',#9482,1.);
#1188=VECTOR('',#9483,1.);
#1189=VECTOR('',#9484,1.);
#1190=VECTOR('',#9487,1.);
#1191=VECTOR('',#9488,1.);
#1192=VECTOR('',#9489,1.);
#1193=VECTOR('',#9492,1.);
#1194=VECTOR('',#9493,1.);
#1195=VECTOR('',#9494,1.);
#1196=VECTOR('',#9497,1.);
#1197=VECTOR('',#9498,1.);
#1198=VECTOR('',#9499,1.);
#1199=VECTOR('',#9502,1.);
#1200=VECTOR('',#9503,1.);
#1201=VECTOR('',#9504,1.);
#1202=VECTOR('',#9507,1.);
#1203=VECTOR('',#9508,1.);
#1204=VECTOR('',#9509,1.);
#1205=VECTOR('',#9512,1.);
#1206=VECTOR('',#9513,1.);
#1207=VECTOR('',#9514,1.);
#1208=VECTOR('',#9517,1.);
#1209=VECTOR('',#9518,1.);
#1210=VECTOR('',#9519,1.);
#1211=VECTOR('',#9522,1.);
#1212=VECTOR('',#9523,1.);
#1213=VECTOR('',#9524,1.);
#1214=VECTOR('',#9527,1.);
#1215=VECTOR('',#9528,1.);
#1216=VECTOR('',#9529,1.);
#1217=VECTOR('',#9532,1.);
#1218=VECTOR('',#9533,1.);
#1219=VECTOR('',#9534,1.);
#1220=VECTOR('',#9537,1.);
#1221=VECTOR('',#9538,1.);
#1222=VECTOR('',#9539,1.);
#1223=VECTOR('',#9542,1.);
#1224=VECTOR('',#9543,1.);
#1225=VECTOR('',#9544,1.);
#1226=VECTOR('',#9547,1.);
#1227=VECTOR('',#9548,1.);
#1228=VECTOR('',#9549,1.);
#1229=VECTOR('',#9552,1.);
#1230=VECTOR('',#9553,1.);
#1231=VECTOR('',#9554,1.);
#1232=VECTOR('',#9557,1.);
#1233=VECTOR('',#9558,1.);
#1234=VECTOR('',#9559,1.);
#1235=VECTOR('',#9562,1.);
#1236=VECTOR('',#9563,1.);
#1237=VECTOR('',#9564,1.);
#1238=VECTOR('',#9567,1.);
#1239=VECTOR('',#9568,1.);
#1240=VECTOR('',#9569,1.);
#1241=VECTOR('',#9572,1.);
#1242=VECTOR('',#9573,1.);
#1243=VECTOR('',#9574,1.);
#1244=VECTOR('',#9577,1.);
#1245=VECTOR('',#9578,1.);
#1246=VECTOR('',#9579,1.);
#1247=VECTOR('',#9582,1.);
#1248=VECTOR('',#9583,1.);
#1249=VECTOR('',#9584,1.);
#1250=VECTOR('',#9587,1.);
#1251=VECTOR('',#9588,1.);
#1252=VECTOR('',#9589,1.);
#1253=VECTOR('',#9592,1.);
#1254=VECTOR('',#9593,1.);
#1255=VECTOR('',#9594,1.);
#1256=VECTOR('',#9597,1.);
#1257=VECTOR('',#9598,1.);
#1258=VECTOR('',#9599,1.);
#1259=VECTOR('',#9602,1.);
#1260=VECTOR('',#9603,1.);
#1261=VECTOR('',#9604,1.);
#1262=VECTOR('',#9607,1.);
#1263=VECTOR('',#9608,1.);
#1264=VECTOR('',#9609,1.);
#1265=VECTOR('',#9612,1.);
#1266=VECTOR('',#9613,1.);
#1267=VECTOR('',#9614,1.);
#1268=VECTOR('',#9617,1.);
#1269=VECTOR('',#9618,1.);
#1270=VECTOR('',#9619,1.);
#1271=VECTOR('',#9622,1.);
#1272=VECTOR('',#9623,1.);
#1273=VECTOR('',#9624,1.);
#1274=VECTOR('',#9627,1.);
#1275=VECTOR('',#9628,1.);
#1276=VECTOR('',#9629,1.);
#1277=VECTOR('',#9632,1.);
#1278=VECTOR('',#9633,1.);
#1279=VECTOR('',#9634,1.);
#1280=VECTOR('',#9637,1.);
#1281=VECTOR('',#9638,1.);
#1282=VECTOR('',#9639,1.);
#1283=VECTOR('',#9642,1.);
#1284=VECTOR('',#9643,1.);
#1285=VECTOR('',#9644,1.);
#1286=VECTOR('',#9647,1.);
#1287=VECTOR('',#9648,1.);
#1288=VECTOR('',#9649,1.);
#1289=VECTOR('',#9652,1.);
#1290=VECTOR('',#9653,1.);
#1291=VECTOR('',#9654,1.);
#1292=VECTOR('',#9657,1.);
#1293=VECTOR('',#9658,1.);
#1294=VECTOR('',#9659,1.);
#1295=VECTOR('',#9662,1.);
#1296=VECTOR('',#9663,1.);
#1297=VECTOR('',#9664,1.);
#1298=VECTOR('',#9667,1.);
#1299=VECTOR('',#9668,1.);
#1300=VECTOR('',#9669,1.);
#1301=VECTOR('',#9672,1.);
#1302=VECTOR('',#9673,1.);
#1303=VECTOR('',#9674,1.);
#1304=VECTOR('',#9677,1.);
#1305=VECTOR('',#9678,1.);
#1306=VECTOR('',#9679,1.);
#1307=VECTOR('',#9682,1.);
#1308=VECTOR('',#9683,1.);
#1309=VECTOR('',#9684,1.);
#1310=VECTOR('',#9687,1.);
#1311=VECTOR('',#9688,1.);
#1312=VECTOR('',#9689,1.);
#1313=VECTOR('',#9692,1.);
#1314=VECTOR('',#9693,1.);
#1315=VECTOR('',#9694,1.);
#1316=VECTOR('',#9697,1.);
#1317=VECTOR('',#9698,1.);
#1318=VECTOR('',#9699,1.);
#1319=VECTOR('',#9702,1.);
#1320=VECTOR('',#9703,1.);
#1321=VECTOR('',#9704,1.);
#1322=VECTOR('',#9707,1.);
#1323=VECTOR('',#9708,1.);
#1324=VECTOR('',#9709,1.);
#1325=VECTOR('',#9712,1.);
#1326=VECTOR('',#9713,1.);
#1327=VECTOR('',#9714,1.);
#1328=VECTOR('',#9717,1.);
#1329=VECTOR('',#9718,1.);
#1330=VECTOR('',#9719,1.);
#1331=VECTOR('',#9722,1.);
#1332=VECTOR('',#9723,1.);
#1333=VECTOR('',#9724,1.);
#1334=VECTOR('',#9727,1.);
#1335=VECTOR('',#9728,1.);
#1336=VECTOR('',#9729,1.);
#1337=VECTOR('',#9732,1.);
#1338=VECTOR('',#9733,1.);
#1339=VECTOR('',#9734,1.);
#1340=VECTOR('',#9737,1.);
#1341=VECTOR('',#9738,1.);
#1342=VECTOR('',#9739,1.);
#1343=VECTOR('',#9742,1.);
#1344=VECTOR('',#9743,1.);
#1345=VECTOR('',#9744,1.);
#1346=VECTOR('',#9747,1.);
#1347=VECTOR('',#9748,1.);
#1348=VECTOR('',#9753,1.);
#1349=VECTOR('',#9754,1.);
#1350=VECTOR('',#9755,1.);
#1351=VECTOR('',#9756,1.);
#1352=VECTOR('',#9759,1.);
#1353=VECTOR('',#9760,1.);
#1354=VECTOR('',#9761,1.);
#1355=VECTOR('',#9764,1.);
#1356=VECTOR('',#9765,1.);
#1357=VECTOR('',#9766,1.);
#1358=VECTOR('',#9769,1.);
#1359=VECTOR('',#9770,1.);
#1360=VECTOR('',#9771,1.);
#1361=VECTOR('',#9774,1.);
#1362=VECTOR('',#9775,1.);
#1363=VECTOR('',#9776,1.);
#1364=VECTOR('',#9779,1.);
#1365=VECTOR('',#9780,1.);
#1366=VECTOR('',#9781,1.);
#1367=VECTOR('',#9782,1.);
#1368=VECTOR('',#9785,1.);
#1369=VECTOR('',#9786,1.);
#1370=VECTOR('',#9787,1.);
#1371=VECTOR('',#9790,1.);
#1372=VECTOR('',#9791,1.);
#1373=VECTOR('',#9792,1.);
#1374=VECTOR('',#9795,1.);
#1375=VECTOR('',#9796,1.);
#1376=VECTOR('',#9797,1.);
#1377=VECTOR('',#9800,1.);
#1378=VECTOR('',#9801,1.);
#1379=VECTOR('',#9802,1.);
#1380=VECTOR('',#9805,1.);
#1381=VECTOR('',#9806,1.);
#1382=VECTOR('',#9807,1.);
#1383=VECTOR('',#9810,1.);
#1384=VECTOR('',#9811,1.);
#1385=VECTOR('',#9812,1.);
#1386=VECTOR('',#9815,1.);
#1387=VECTOR('',#9816,1.);
#1388=VECTOR('',#9817,1.);
#1389=VECTOR('',#9820,1.);
#1390=VECTOR('',#9821,1.);
#1391=VECTOR('',#9822,1.);
#1392=VECTOR('',#9825,1.);
#1393=VECTOR('',#9826,1.);
#1394=VECTOR('',#9827,1.);
#1395=VECTOR('',#9830,1.);
#1396=VECTOR('',#9831,1.);
#1397=VECTOR('',#9832,1.);
#1398=VECTOR('',#9835,1.);
#1399=VECTOR('',#9836,1.);
#1400=VECTOR('',#9839,1.);
#1401=VECTOR('',#9840,1.);
#1402=VECTOR('',#9841,1.);
#1403=VECTOR('',#9844,1.);
#1404=VECTOR('',#9845,1.);
#1405=VECTOR('',#9846,1.);
#1406=VECTOR('',#9849,1.);
#1407=VECTOR('',#9850,1.);
#1408=VECTOR('',#9851,1.);
#1409=VECTOR('',#9854,1.);
#1410=VECTOR('',#9855,1.);
#1411=VECTOR('',#9856,1.);
#1412=VECTOR('',#9859,1.);
#1413=VECTOR('',#9860,1.);
#1414=VECTOR('',#9861,1.);
#1415=VECTOR('',#9864,1.);
#1416=VECTOR('',#9865,1.);
#1417=VECTOR('',#9866,1.);
#1418=VECTOR('',#9869,1.);
#1419=VECTOR('',#9870,1.);
#1420=VECTOR('',#9875,1.);
#1421=VECTOR('',#9876,1.);
#1422=VECTOR('',#9877,1.);
#1423=VECTOR('',#9878,1.);
#1424=VECTOR('',#9881,1.);
#1425=VECTOR('',#9882,1.);
#1426=VECTOR('',#9883,1.);
#1427=VECTOR('',#9886,1.);
#1428=VECTOR('',#9887,1.);
#1429=VECTOR('',#9888,1.);
#1430=VECTOR('',#9891,1.);
#1431=VECTOR('',#9892,1.);
#1432=VECTOR('',#9893,1.);
#1433=VECTOR('',#9896,1.);
#1434=VECTOR('',#9897,1.);
#1435=VECTOR('',#9898,1.);
#1436=VECTOR('',#9901,1.);
#1437=VECTOR('',#9902,1.);
#1438=VECTOR('',#9903,1.);
#1439=VECTOR('',#9906,1.);
#1440=VECTOR('',#9907,1.);
#1441=VECTOR('',#9908,1.);
#1442=VECTOR('',#9911,1.);
#1443=VECTOR('',#9912,1.);
#1444=VECTOR('',#9913,1.);
#1445=VECTOR('',#9916,1.);
#1446=VECTOR('',#9917,1.);
#1447=VECTOR('',#9918,1.);
#1448=VECTOR('',#9921,1.);
#1449=VECTOR('',#9922,1.);
#1450=VECTOR('',#9923,1.);
#1451=VECTOR('',#9926,1.);
#1452=VECTOR('',#9927,1.);
#1453=VECTOR('',#9928,1.);
#1454=VECTOR('',#9931,1.);
#1455=VECTOR('',#9932,1.);
#1456=VECTOR('',#9933,1.);
#1457=VECTOR('',#9936,1.);
#1458=VECTOR('',#9937,1.);
#1459=VECTOR('',#9938,1.);
#1460=VECTOR('',#9941,1.);
#1461=VECTOR('',#9942,1.);
#1462=VECTOR('',#9943,1.);
#1463=VECTOR('',#9946,1.);
#1464=VECTOR('',#9947,1.);
#1465=VECTOR('',#9948,1.);
#1466=VECTOR('',#9951,1.);
#1467=VECTOR('',#9952,1.);
#1468=VECTOR('',#9953,1.);
#1469=VECTOR('',#9956,1.);
#1470=VECTOR('',#9957,1.);
#1471=VECTOR('',#9958,1.);
#1472=VECTOR('',#9961,1.);
#1473=VECTOR('',#9962,1.);
#1474=VECTOR('',#9963,1.);
#1475=VECTOR('',#9966,1.);
#1476=VECTOR('',#9967,1.);
#1477=VECTOR('',#9968,1.);
#1478=VECTOR('',#9971,1.);
#1479=VECTOR('',#9972,1.);
#1480=VECTOR('',#9973,1.);
#1481=VECTOR('',#9976,1.);
#1482=VECTOR('',#9977,1.);
#1483=VECTOR('',#9978,1.);
#1484=VECTOR('',#9981,1.);
#1485=VECTOR('',#9982,1.);
#1486=VECTOR('',#9983,1.);
#1487=VECTOR('',#9986,1.);
#1488=VECTOR('',#9987,1.);
#1489=VECTOR('',#9988,1.);
#1490=VECTOR('',#9991,1.);
#1491=VECTOR('',#9992,1.);
#1492=VECTOR('',#9993,1.);
#1493=VECTOR('',#9996,1.);
#1494=VECTOR('',#9997,1.);
#1495=VECTOR('',#9998,1.);
#1496=VECTOR('',#10001,1.);
#1497=VECTOR('',#10002,1.);
#1498=VECTOR('',#10007,1.);
#1499=VECTOR('',#10008,1.);
#1500=VECTOR('',#10009,1.);
#1501=VECTOR('',#10010,1.);
#1502=VECTOR('',#10013,1.);
#1503=VECTOR('',#10014,1.);
#1504=VECTOR('',#10015,1.);
#1505=VECTOR('',#10018,1.);
#1506=VECTOR('',#10019,1.);
#1507=VECTOR('',#10020,1.);
#1508=VECTOR('',#10023,1.);
#1509=VECTOR('',#10024,1.);
#1510=VECTOR('',#10025,1.);
#1511=VECTOR('',#10028,1.);
#1512=VECTOR('',#10029,1.);
#1513=VECTOR('',#10030,1.);
#1514=VECTOR('',#10033,1.);
#1515=VECTOR('',#10034,1.);
#1516=VECTOR('',#10035,1.);
#1517=VECTOR('',#10038,1.);
#1518=VECTOR('',#10039,1.);
#1519=VECTOR('',#10040,1.);
#1520=VECTOR('',#10043,1.);
#1521=VECTOR('',#10044,1.);
#1522=VECTOR('',#10045,1.);
#1523=VECTOR('',#10048,1.);
#1524=VECTOR('',#10049,1.);
#1525=VECTOR('',#10050,1.);
#1526=VECTOR('',#10053,1.);
#1527=VECTOR('',#10054,1.);
#1528=VECTOR('',#10055,1.);
#1529=VECTOR('',#10058,1.);
#1530=VECTOR('',#10059,1.);
#1531=VECTOR('',#10060,1.);
#1532=VECTOR('',#10063,1.);
#1533=VECTOR('',#10064,1.);
#1534=VECTOR('',#10069,1.);
#1535=VECTOR('',#10070,1.);
#1536=VECTOR('',#10071,1.);
#1537=VECTOR('',#10072,1.);
#1538=VECTOR('',#10079,1.);
#1539=VECTOR('',#10082,1.);
#1540=VECTOR('',#10083,1.);
#1541=VECTOR('',#10084,1.);
#1542=VECTOR('',#10091,1.);
#1543=VECTOR('',#10098,1.);
#1544=VECTOR('',#10105,1.);
#1545=VECTOR('',#10116,1.);
#1546=VECTOR('',#10117,1.);
#1547=VECTOR('',#10118,1.);
#1548=VECTOR('',#10119,1.);
#1549=VECTOR('',#10126,1.);
#1550=VECTOR('',#10129,1.);
#1551=VECTOR('',#10130,1.);
#1552=VECTOR('',#10131,1.);
#1553=VECTOR('',#10138,1.);
#1554=VECTOR('',#10145,1.);
#1555=VECTOR('',#10152,1.);
#1556=VECTOR('',#10163,1.);
#1557=VECTOR('',#10170,1.);
#1558=VECTOR('',#10173,1.);
#1559=VECTOR('',#10180,1.);
#1560=VECTOR('',#10183,1.);
#1561=VECTOR('',#10188,1.);
#1562=VECTOR('',#10193,1.);
#1563=VECTOR('',#10196,1.);
#1564=VECTOR('',#10197,1.);
#1565=VECTOR('',#10202,1.);
#1566=VECTOR('',#10205,1.);
#1567=VECTOR('',#10206,1.);
#1568=VECTOR('',#10211,1.);
#1569=VECTOR('',#10214,1.);
#1570=VECTOR('',#10223,1.);
#1571=VECTOR('',#10224,1.);
#1572=VECTOR('',#10225,1.);
#1573=VECTOR('',#10226,1.);
#1574=VECTOR('',#10233,1.);
#1575=VECTOR('',#10236,1.);
#1576=VECTOR('',#10237,1.);
#1577=VECTOR('',#10238,1.);
#1578=VECTOR('',#10245,1.);
#1579=VECTOR('',#10248,1.);
#1580=VECTOR('',#10249,1.);
#1581=VECTOR('',#10250,1.);
#1582=VECTOR('',#10267,1.);
#1583=VECTOR('',#10270,1.);
#1584=VECTOR('',#10273,1.);
#1585=VECTOR('',#10274,1.);
#1586=VECTOR('',#10275,1.);
#1587=VECTOR('',#10282,1.);
#1588=VECTOR('',#10285,1.);
#1589=VECTOR('',#10286,1.);
#1590=VECTOR('',#10295,1.);
#1591=VECTOR('',#10296,1.);
#1592=VECTOR('',#10297,1.);
#1593=VECTOR('',#10298,1.);
#1594=VECTOR('',#10301,1.);
#1595=VECTOR('',#10302,1.);
#1596=VECTOR('',#10303,1.);
#1597=VECTOR('',#10306,1.);
#1598=VECTOR('',#10307,1.);
#1599=VECTOR('',#10308,1.);
#1600=VECTOR('',#10311,1.);
#1601=VECTOR('',#10312,1.);
#1602=VECTOR('',#10313,1.);
#1603=VECTOR('',#10316,1.);
#1604=VECTOR('',#10317,1.);
#1605=VECTOR('',#10318,1.);
#1606=VECTOR('',#10321,1.);
#1607=VECTOR('',#10322,1.);
#1608=VECTOR('',#10323,1.);
#1609=VECTOR('',#10326,1.);
#1610=VECTOR('',#10327,1.);
#1611=VECTOR('',#10328,1.);
#1612=VECTOR('',#10331,1.);
#1613=VECTOR('',#10332,1.);
#1614=VECTOR('',#10333,1.);
#1615=VECTOR('',#10336,1.);
#1616=VECTOR('',#10337,1.);
#1617=VECTOR('',#10338,1.);
#1618=VECTOR('',#10341,1.);
#1619=VECTOR('',#10342,1.);
#1620=VECTOR('',#10343,1.);
#1621=VECTOR('',#10346,1.);
#1622=VECTOR('',#10347,1.);
#1623=VECTOR('',#10348,1.);
#1624=VECTOR('',#10351,1.);
#1625=VECTOR('',#10352,1.);
#1626=VECTOR('',#10353,1.);
#1627=VECTOR('',#10356,1.);
#1628=VECTOR('',#10357,1.);
#1629=VECTOR('',#10358,1.);
#1630=VECTOR('',#10361,1.);
#1631=VECTOR('',#10362,1.);
#1632=VECTOR('',#10363,1.);
#1633=VECTOR('',#10366,1.);
#1634=VECTOR('',#10367,1.);
#1635=VECTOR('',#10368,1.);
#1636=VECTOR('',#10371,1.);
#1637=VECTOR('',#10372,1.);
#1638=VECTOR('',#10373,1.);
#1639=VECTOR('',#10376,1.);
#1640=VECTOR('',#10377,1.);
#1641=VECTOR('',#10378,1.);
#1642=VECTOR('',#10381,1.);
#1643=VECTOR('',#10382,1.);
#1644=VECTOR('',#10383,1.);
#1645=VECTOR('',#10386,1.);
#1646=VECTOR('',#10387,1.);
#1647=VECTOR('',#10388,1.);
#1648=VECTOR('',#10391,1.);
#1649=VECTOR('',#10392,1.);
#1650=VECTOR('',#10393,1.);
#1651=VECTOR('',#10396,1.);
#1652=VECTOR('',#10397,1.);
#1653=VECTOR('',#10398,1.);
#1654=VECTOR('',#10401,1.);
#1655=VECTOR('',#10402,1.);
#1656=VECTOR('',#10403,1.);
#1657=VECTOR('',#10406,1.);
#1658=VECTOR('',#10407,1.);
#1659=VECTOR('',#10408,1.);
#1660=VECTOR('',#10411,1.);
#1661=VECTOR('',#10412,1.);
#1662=VECTOR('',#10413,1.);
#1663=VECTOR('',#10416,1.);
#1664=VECTOR('',#10417,1.);
#1665=VECTOR('',#10418,1.);
#1666=VECTOR('',#10421,1.);
#1667=VECTOR('',#10422,1.);
#1668=VECTOR('',#10423,1.);
#1669=VECTOR('',#10426,1.);
#1670=VECTOR('',#10427,1.);
#1671=VECTOR('',#10428,1.);
#1672=VECTOR('',#10431,1.);
#1673=VECTOR('',#10432,1.);
#1674=VECTOR('',#10433,1.);
#1675=VECTOR('',#10436,1.);
#1676=VECTOR('',#10437,1.);
#1677=VECTOR('',#10438,1.);
#1678=VECTOR('',#10441,1.);
#1679=VECTOR('',#10442,1.);
#1680=VECTOR('',#10443,1.);
#1681=VECTOR('',#10446,1.);
#1682=VECTOR('',#10447,1.);
#1683=VECTOR('',#10448,1.);
#1684=VECTOR('',#10451,1.);
#1685=VECTOR('',#10452,1.);
#1686=VECTOR('',#10453,1.);
#1687=VECTOR('',#10456,1.);
#1688=VECTOR('',#10457,1.);
#1689=VECTOR('',#10458,1.);
#1690=VECTOR('',#10461,1.);
#1691=VECTOR('',#10462,1.);
#1692=VECTOR('',#10463,1.);
#1693=VECTOR('',#10466,1.);
#1694=VECTOR('',#10467,1.);
#1695=VECTOR('',#10468,1.);
#1696=VECTOR('',#10471,1.);
#1697=VECTOR('',#10472,1.);
#1698=VECTOR('',#10473,1.);
#1699=VECTOR('',#10476,1.);
#1700=VECTOR('',#10477,1.);
#1701=VECTOR('',#10478,1.);
#1702=VECTOR('',#10481,1.);
#1703=VECTOR('',#10482,1.);
#1704=VECTOR('',#10483,1.);
#1705=VECTOR('',#10486,1.);
#1706=VECTOR('',#10487,1.);
#1707=VECTOR('',#10488,1.);
#1708=VECTOR('',#10491,1.);
#1709=VECTOR('',#10492,1.);
#1710=VECTOR('',#10493,1.);
#1711=VECTOR('',#10496,1.);
#1712=VECTOR('',#10497,1.);
#1713=VECTOR('',#10498,1.);
#1714=VECTOR('',#10501,1.);
#1715=VECTOR('',#10502,1.);
#1716=VECTOR('',#10503,1.);
#1717=VECTOR('',#10506,1.);
#1718=VECTOR('',#10507,1.);
#1719=VECTOR('',#10508,1.);
#1720=VECTOR('',#10511,1.);
#1721=VECTOR('',#10512,1.);
#1722=VECTOR('',#10513,1.);
#1723=VECTOR('',#10516,1.);
#1724=VECTOR('',#10517,1.);
#1725=VECTOR('',#10518,1.);
#1726=VECTOR('',#10521,1.);
#1727=VECTOR('',#10522,1.);
#1728=VECTOR('',#10523,1.);
#1729=VECTOR('',#10526,1.);
#1730=VECTOR('',#10527,1.);
#1731=VECTOR('',#10528,1.);
#1732=VECTOR('',#10531,1.);
#1733=VECTOR('',#10532,1.);
#1734=VECTOR('',#10533,1.);
#1735=VECTOR('',#10536,1.);
#1736=VECTOR('',#10537,1.);
#1737=VECTOR('',#10538,1.);
#1738=VECTOR('',#10541,1.);
#1739=VECTOR('',#10542,1.);
#1740=VECTOR('',#10543,1.);
#1741=VECTOR('',#10546,1.);
#1742=VECTOR('',#10547,1.);
#1743=VECTOR('',#10548,1.);
#1744=VECTOR('',#10551,1.);
#1745=VECTOR('',#10552,1.);
#1746=VECTOR('',#10553,1.);
#1747=VECTOR('',#10556,1.);
#1748=VECTOR('',#10557,1.);
#1749=VECTOR('',#10558,1.);
#1750=VECTOR('',#10561,1.);
#1751=VECTOR('',#10562,1.);
#1752=VECTOR('',#10563,1.);
#1753=VECTOR('',#10566,1.);
#1754=VECTOR('',#10567,1.);
#1755=VECTOR('',#10568,1.);
#1756=VECTOR('',#10571,1.);
#1757=VECTOR('',#10572,1.);
#1758=VECTOR('',#10573,1.);
#1759=VECTOR('',#10576,1.);
#1760=VECTOR('',#10577,1.);
#1761=VECTOR('',#10586,1.);
#1762=VECTOR('',#10587,1.);
#1763=VECTOR('',#10588,1.);
#1764=VECTOR('',#10589,1.);
#1765=VECTOR('',#10592,1.);
#1766=VECTOR('',#10593,1.);
#1767=VECTOR('',#10594,1.);
#1768=VECTOR('',#10597,1.);
#1769=VECTOR('',#10598,1.);
#1770=VECTOR('',#10599,1.);
#1771=VECTOR('',#10602,1.);
#1772=VECTOR('',#10603,1.);
#1773=VECTOR('',#10604,1.);
#1774=VECTOR('',#10607,1.);
#1775=VECTOR('',#10608,1.);
#1776=VECTOR('',#10609,1.);
#1777=VECTOR('',#10612,1.);
#1778=VECTOR('',#10613,1.);
#1779=VECTOR('',#10614,1.);
#1780=VECTOR('',#10617,1.);
#1781=VECTOR('',#10618,1.);
#1782=VECTOR('',#10619,1.);
#1783=VECTOR('',#10622,1.);
#1784=VECTOR('',#10623,1.);
#1785=VECTOR('',#10624,1.);
#1786=VECTOR('',#10627,1.);
#1787=VECTOR('',#10628,1.);
#1788=VECTOR('',#10629,1.);
#1789=VECTOR('',#10632,1.);
#1790=VECTOR('',#10633,1.);
#1791=VECTOR('',#10634,1.);
#1792=VECTOR('',#10637,1.);
#1793=VECTOR('',#10638,1.);
#1794=VECTOR('',#10639,1.);
#1795=VECTOR('',#10642,1.);
#1796=VECTOR('',#10643,1.);
#1797=VECTOR('',#10644,1.);
#1798=VECTOR('',#10647,1.);
#1799=VECTOR('',#10648,1.);
#1800=VECTOR('',#10649,1.);
#1801=VECTOR('',#10652,1.);
#1802=VECTOR('',#10653,1.);
#1803=VECTOR('',#10654,1.);
#1804=VECTOR('',#10657,1.);
#1805=VECTOR('',#10658,1.);
#1806=VECTOR('',#10659,1.);
#1807=VECTOR('',#10662,1.);
#1808=VECTOR('',#10663,1.);
#1809=VECTOR('',#10664,1.);
#1810=VECTOR('',#10667,1.);
#1811=VECTOR('',#10668,1.);
#1812=VECTOR('',#10669,1.);
#1813=VECTOR('',#10672,1.);
#1814=VECTOR('',#10673,1.);
#1815=VECTOR('',#10674,1.);
#1816=VECTOR('',#10677,1.);
#1817=VECTOR('',#10678,1.);
#1818=VECTOR('',#10679,1.);
#1819=VECTOR('',#10682,1.);
#1820=VECTOR('',#10683,1.);
#1821=VECTOR('',#10684,1.);
#1822=VECTOR('',#10687,1.);
#1823=VECTOR('',#10688,1.);
#1824=VECTOR('',#10689,1.);
#1825=VECTOR('',#10692,1.);
#1826=VECTOR('',#10693,1.);
#1827=VECTOR('',#10694,1.);
#1828=VECTOR('',#10697,1.);
#1829=VECTOR('',#10698,1.);
#1830=VECTOR('',#10699,1.);
#1831=VECTOR('',#10702,1.);
#1832=VECTOR('',#10703,1.);
#1833=VECTOR('',#10704,1.);
#1834=VECTOR('',#10707,1.);
#1835=VECTOR('',#10708,1.);
#1836=VECTOR('',#10709,1.);
#1837=VECTOR('',#10712,1.);
#1838=VECTOR('',#10713,1.);
#1839=VECTOR('',#10714,1.);
#1840=VECTOR('',#10717,1.);
#1841=VECTOR('',#10718,1.);
#1842=VECTOR('',#10719,1.);
#1843=VECTOR('',#10722,1.);
#1844=VECTOR('',#10723,1.);
#1845=VECTOR('',#10732,1.);
#1846=VECTOR('',#10733,1.);
#1847=VECTOR('',#10734,1.);
#1848=VECTOR('',#10735,1.);
#1849=VECTOR('',#10738,1.);
#1850=VECTOR('',#10739,1.);
#1851=VECTOR('',#10740,1.);
#1852=VECTOR('',#10743,1.);
#1853=VECTOR('',#10744,1.);
#1854=VECTOR('',#10745,1.);
#1855=VECTOR('',#10748,1.);
#1856=VECTOR('',#10749,1.);
#1857=VECTOR('',#10750,1.);
#1858=VECTOR('',#10753,1.);
#1859=VECTOR('',#10754,1.);
#1860=VECTOR('',#10755,1.);
#1861=VECTOR('',#10758,1.);
#1862=VECTOR('',#10759,1.);
#1863=VECTOR('',#10760,1.);
#1864=VECTOR('',#10763,1.);
#1865=VECTOR('',#10764,1.);
#1866=VECTOR('',#10773,1.);
#1867=VECTOR('',#10774,1.);
#1868=VECTOR('',#10775,1.);
#1869=VECTOR('',#10776,1.);
#1870=VECTOR('',#10779,1.);
#1871=VECTOR('',#10780,1.);
#1872=VECTOR('',#10781,1.);
#1873=VECTOR('',#10784,1.);
#1874=VECTOR('',#10785,1.);
#1875=VECTOR('',#10786,1.);
#1876=VECTOR('',#10789,1.);
#1877=VECTOR('',#10790,1.);
#1878=VECTOR('',#10791,1.);
#1879=VECTOR('',#10794,1.);
#1880=VECTOR('',#10795,1.);
#1881=VECTOR('',#10796,1.);
#1882=VECTOR('',#10799,1.);
#1883=VECTOR('',#10800,1.);
#1884=VECTOR('',#10801,1.);
#1885=VECTOR('',#10804,1.);
#1886=VECTOR('',#10805,1.);
#1887=VECTOR('',#10806,1.);
#1888=VECTOR('',#10809,1.);
#1889=VECTOR('',#10810,1.);
#1890=VECTOR('',#10811,1.);
#1891=VECTOR('',#10814,1.);
#1892=VECTOR('',#10815,1.);
#1893=VECTOR('',#10816,1.);
#1894=VECTOR('',#10819,1.);
#1895=VECTOR('',#10820,1.);
#1896=VECTOR('',#10829,1.);
#1897=VECTOR('',#10830,1.);
#1898=VECTOR('',#10831,1.);
#1899=VECTOR('',#10832,1.);
#1900=VECTOR('',#10835,1.);
#1901=VECTOR('',#10836,1.);
#1902=VECTOR('',#10837,1.);
#1903=VECTOR('',#10840,1.);
#1904=VECTOR('',#10841,1.);
#1905=VECTOR('',#10842,1.);
#1906=VECTOR('',#10845,1.);
#1907=VECTOR('',#10846,1.);
#1908=VECTOR('',#10847,1.);
#1909=VECTOR('',#10850,1.);
#1910=VECTOR('',#10851,1.);
#1911=VECTOR('',#10852,1.);
#1912=VECTOR('',#10855,1.);
#1913=VECTOR('',#10856,1.);
#1914=VECTOR('',#10857,1.);
#1915=VECTOR('',#10860,1.);
#1916=VECTOR('',#10861,1.);
#1917=VECTOR('',#10862,1.);
#1918=VECTOR('',#10865,1.);
#1919=VECTOR('',#10866,1.);
#1920=VECTOR('',#10867,1.);
#1921=VECTOR('',#10870,1.);
#1922=VECTOR('',#10871,1.);
#1923=VECTOR('',#10872,1.);
#1924=VECTOR('',#10875,1.);
#1925=VECTOR('',#10876,1.);
#1926=VECTOR('',#10877,1.);
#1927=VECTOR('',#10880,1.);
#1928=VECTOR('',#10881,1.);
#1929=VECTOR('',#10882,1.);
#1930=VECTOR('',#10885,1.);
#1931=VECTOR('',#10886,1.);
#1932=VECTOR('',#10895,1.);
#1933=VECTOR('',#10896,1.);
#1934=VECTOR('',#10897,1.);
#1935=VECTOR('',#10898,1.);
#1936=VECTOR('',#10901,1.);
#1937=VECTOR('',#10902,1.);
#1938=VECTOR('',#10903,1.);
#1939=VECTOR('',#10906,1.);
#1940=VECTOR('',#10907,1.);
#1941=VECTOR('',#10908,1.);
#1942=VECTOR('',#10911,1.);
#1943=VECTOR('',#10912,1.);
#1944=VECTOR('',#10913,1.);
#1945=VECTOR('',#10916,1.);
#1946=VECTOR('',#10917,1.);
#1947=VECTOR('',#10918,1.);
#1948=VECTOR('',#10921,1.);
#1949=VECTOR('',#10922,1.);
#1950=VECTOR('',#10923,1.);
#1951=VECTOR('',#10926,1.);
#1952=VECTOR('',#10927,1.);
#1953=VECTOR('',#10928,1.);
#1954=VECTOR('',#10931,1.);
#1955=VECTOR('',#10932,1.);
#1956=VECTOR('',#10933,1.);
#1957=VECTOR('',#10936,1.);
#1958=VECTOR('',#10937,1.);
#1959=VECTOR('',#10938,1.);
#1960=VECTOR('',#10941,1.);
#1961=VECTOR('',#10942,1.);
#1962=VECTOR('',#10943,1.);
#1963=VECTOR('',#10946,1.);
#1964=VECTOR('',#10947,1.);
#1965=VECTOR('',#10948,1.);
#1966=VECTOR('',#10951,1.);
#1967=VECTOR('',#10952,1.);
#1968=VECTOR('',#10953,1.);
#1969=VECTOR('',#10956,1.);
#1970=VECTOR('',#10957,1.);
#1971=VECTOR('',#10958,1.);
#1972=VECTOR('',#10961,1.);
#1973=VECTOR('',#10962,1.);
#1974=VECTOR('',#10963,1.);
#1975=VECTOR('',#10966,1.);
#1976=VECTOR('',#10967,1.);
#1977=VECTOR('',#10968,1.);
#1978=VECTOR('',#10971,1.);
#1979=VECTOR('',#10972,1.);
#1980=VECTOR('',#10973,1.);
#1981=VECTOR('',#10976,1.);
#1982=VECTOR('',#10977,1.);
#1983=VECTOR('',#10978,1.);
#1984=VECTOR('',#10981,1.);
#1985=VECTOR('',#10982,1.);
#1986=VECTOR('',#10983,1.);
#1987=VECTOR('',#10986,1.);
#1988=VECTOR('',#10987,1.);
#1989=VECTOR('',#10988,1.);
#1990=VECTOR('',#10991,1.);
#1991=VECTOR('',#10992,1.);
#1992=VECTOR('',#10993,1.);
#1993=VECTOR('',#10996,1.);
#1994=VECTOR('',#10997,1.);
#1995=VECTOR('',#10998,1.);
#1996=VECTOR('',#11001,1.);
#1997=VECTOR('',#11002,1.);
#1998=VECTOR('',#11003,1.);
#1999=VECTOR('',#11006,1.);
#2000=VECTOR('',#11007,1.);
#2001=VECTOR('',#11008,1.);
#2002=VECTOR('',#11011,1.);
#2003=VECTOR('',#11012,1.);
#2004=VECTOR('',#11013,1.);
#2005=VECTOR('',#11016,1.);
#2006=VECTOR('',#11017,1.);
#2007=VECTOR('',#11018,1.);
#2008=VECTOR('',#11021,1.);
#2009=VECTOR('',#11022,1.);
#2010=VECTOR('',#11031,1.);
#2011=VECTOR('',#11032,1.);
#2012=VECTOR('',#11033,1.);
#2013=VECTOR('',#11034,1.);
#2014=VECTOR('',#11037,1.);
#2015=VECTOR('',#11038,1.);
#2016=VECTOR('',#11039,1.);
#2017=VECTOR('',#11042,1.);
#2018=VECTOR('',#11043,1.);
#2019=VECTOR('',#11044,1.);
#2020=VECTOR('',#11047,1.);
#2021=VECTOR('',#11048,1.);
#2022=VECTOR('',#11049,1.);
#2023=VECTOR('',#11052,1.);
#2024=VECTOR('',#11053,1.);
#2025=VECTOR('',#11054,1.);
#2026=VECTOR('',#11057,1.);
#2027=VECTOR('',#11058,1.);
#2028=VECTOR('',#11059,1.);
#2029=VECTOR('',#11062,1.);
#2030=VECTOR('',#11063,1.);
#2031=VECTOR('',#11064,1.);
#2032=VECTOR('',#11067,1.);
#2033=VECTOR('',#11068,1.);
#2034=VECTOR('',#11077,1.);
#2035=VECTOR('',#11078,1.);
#2036=VECTOR('',#11079,1.);
#2037=VECTOR('',#11080,1.);
#2038=VECTOR('',#11083,1.);
#2039=VECTOR('',#11084,1.);
#2040=VECTOR('',#11085,1.);
#2041=VECTOR('',#11088,1.);
#2042=VECTOR('',#11089,1.);
#2043=VECTOR('',#11090,1.);
#2044=VECTOR('',#11093,1.);
#2045=VECTOR('',#11094,1.);
#2046=VECTOR('',#11095,1.);
#2047=VECTOR('',#11098,1.);
#2048=VECTOR('',#11099,1.);
#2049=VECTOR('',#11100,1.);
#2050=VECTOR('',#11103,1.);
#2051=VECTOR('',#11104,1.);
#2052=VECTOR('',#11105,1.);
#2053=VECTOR('',#11108,1.);
#2054=VECTOR('',#11109,1.);
#2055=VECTOR('',#11110,1.);
#2056=VECTOR('',#11113,1.);
#2057=VECTOR('',#11114,1.);
#2058=VECTOR('',#11115,1.);
#2059=VECTOR('',#11118,1.);
#2060=VECTOR('',#11119,1.);
#2061=VECTOR('',#11120,1.);
#2062=VECTOR('',#11123,1.);
#2063=VECTOR('',#11124,1.);
#2064=VECTOR('',#11127,1.);
#2065=VECTOR('',#11128,1.);
#2066=VECTOR('',#11129,1.);
#2067=VECTOR('',#11130,1.);
#2068=VECTOR('',#11133,1.);
#2069=VECTOR('',#11134,1.);
#2070=VECTOR('',#11135,1.);
#2071=VECTOR('',#11138,1.);
#2072=VECTOR('',#11139,1.);
#2073=VECTOR('',#11140,1.);
#2074=VECTOR('',#11143,1.);
#2075=VECTOR('',#11144,1.);
#2076=VECTOR('',#11145,1.);
#2077=VECTOR('',#11148,1.);
#2078=VECTOR('',#11149,1.);
#2079=VECTOR('',#11150,1.);
#2080=VECTOR('',#11153,1.);
#2081=VECTOR('',#11154,1.);
#2082=VECTOR('',#11155,1.);
#2083=VECTOR('',#11158,1.);
#2084=VECTOR('',#11159,1.);
#2085=VECTOR('',#11160,1.);
#2086=VECTOR('',#11163,1.);
#2087=VECTOR('',#11164,1.);
#2088=VECTOR('',#11165,1.);
#2089=VECTOR('',#11168,1.);
#2090=VECTOR('',#11169,1.);
#2091=VECTOR('',#11170,1.);
#2092=VECTOR('',#11173,1.);
#2093=VECTOR('',#11174,1.);
#2094=VECTOR('',#11175,1.);
#2095=VECTOR('',#11178,1.);
#2096=VECTOR('',#11179,1.);
#2097=VECTOR('',#11180,1.);
#2098=VECTOR('',#11183,1.);
#2099=VECTOR('',#11184,1.);
#2100=VECTOR('',#11185,1.);
#2101=VECTOR('',#11188,1.);
#2102=VECTOR('',#11189,1.);
#2103=VECTOR('',#11190,1.);
#2104=VECTOR('',#11193,1.);
#2105=VECTOR('',#11194,1.);
#2106=VECTOR('',#11195,1.);
#2107=VECTOR('',#11198,1.);
#2108=VECTOR('',#11199,1.);
#2109=VECTOR('',#11200,1.);
#2110=VECTOR('',#11203,1.);
#2111=VECTOR('',#11204,1.);
#2112=VECTOR('',#11213,1.);
#2113=VECTOR('',#11214,1.);
#2114=VECTOR('',#11215,1.);
#2115=VECTOR('',#11216,1.);
#2116=VECTOR('',#11219,1.);
#2117=VECTOR('',#11220,1.);
#2118=VECTOR('',#11221,1.);
#2119=VECTOR('',#11224,1.);
#2120=VECTOR('',#11225,1.);
#2121=VECTOR('',#11226,1.);
#2122=VECTOR('',#11229,1.);
#2123=VECTOR('',#11230,1.);
#2124=VECTOR('',#11239,1.);
#2125=VECTOR('',#11240,1.);
#2126=VECTOR('',#11241,1.);
#2127=VECTOR('',#11242,1.);
#2128=VECTOR('',#11245,1.);
#2129=VECTOR('',#11246,1.);
#2130=VECTOR('',#11247,1.);
#2131=VECTOR('',#11250,1.);
#2132=VECTOR('',#11251,1.);
#2133=VECTOR('',#11252,1.);
#2134=VECTOR('',#11255,1.);
#2135=VECTOR('',#11256,1.);
#2136=VECTOR('',#11257,1.);
#2137=VECTOR('',#11260,1.);
#2138=VECTOR('',#11261,1.);
#2139=VECTOR('',#11262,1.);
#2140=VECTOR('',#11265,1.);
#2141=VECTOR('',#11266,1.);
#2142=VECTOR('',#11267,1.);
#2143=VECTOR('',#11270,1.);
#2144=VECTOR('',#11271,1.);
#2145=VECTOR('',#11272,1.);
#2146=VECTOR('',#11275,1.);
#2147=VECTOR('',#11276,1.);
#2148=VECTOR('',#11277,1.);
#2149=VECTOR('',#11280,1.);
#2150=VECTOR('',#11281,1.);
#2151=VECTOR('',#11282,1.);
#2152=VECTOR('',#11285,1.);
#2153=VECTOR('',#11286,1.);
#2154=VECTOR('',#11287,1.);
#2155=VECTOR('',#11290,1.);
#2156=VECTOR('',#11291,1.);
#2157=VECTOR('',#11292,1.);
#2158=VECTOR('',#11295,1.);
#2159=VECTOR('',#11296,1.);
#2160=VECTOR('',#11387,1.);
#2161=VECTOR('',#11390,1.);
#2162=VECTOR('',#11413,1.);
#2163=VECTOR('',#11416,1.);
#2164=PLANE('',#8621);
#2165=PLANE('',#8625);
#2166=PLANE('',#8629);
#2167=PLANE('',#8636);
#2168=PLANE('',#8640);
#2169=PLANE('',#8644);
#2170=PLANE('',#8651);
#2171=PLANE('',#8652);
#2172=PLANE('',#8653);
#2173=PLANE('',#8679);
#2174=PLANE('',#8680);
#2175=PLANE('',#8685);
#2176=PLANE('',#8689);
#2177=PLANE('',#8690);
#2178=PLANE('',#8693);
#2179=PLANE('',#8710);
#2180=PLANE('',#8714);
#2181=PLANE('',#8718);
#2182=PLANE('',#8725);
#2183=PLANE('',#8726);
#2184=PLANE('',#8727);
#2185=PLANE('',#8728);
#2186=PLANE('',#8729);
#2187=PLANE('',#8730);
#2188=PLANE('',#8731);
#2189=PLANE('',#8732);
#2190=PLANE('',#8733);
#2191=PLANE('',#8734);
#2192=PLANE('',#8735);
#2193=PLANE('',#8736);
#2194=PLANE('',#8737);
#2195=PLANE('',#8738);
#2196=PLANE('',#8739);
#2197=PLANE('',#8740);
#2198=PLANE('',#8741);
#2199=PLANE('',#8742);
#2200=PLANE('',#8743);
#2201=PLANE('',#8744);
#2202=PLANE('',#8745);
#2203=PLANE('',#8746);
#2204=PLANE('',#8747);
#2205=PLANE('',#8748);
#2206=PLANE('',#8749);
#2207=PLANE('',#8750);
#2208=PLANE('',#8751);
#2209=PLANE('',#8752);
#2210=PLANE('',#8753);
#2211=PLANE('',#8754);
#2212=PLANE('',#8755);
#2213=PLANE('',#8756);
#2214=PLANE('',#8757);
#2215=PLANE('',#8758);
#2216=PLANE('',#8759);
#2217=PLANE('',#8760);
#2218=PLANE('',#8761);
#2219=PLANE('',#8762);
#2220=PLANE('',#8763);
#2221=PLANE('',#8764);
#2222=PLANE('',#8765);
#2223=PLANE('',#8766);
#2224=PLANE('',#8767);
#2225=PLANE('',#8768);
#2226=PLANE('',#8769);
#2227=PLANE('',#8770);
#2228=PLANE('',#8771);
#2229=PLANE('',#8772);
#2230=PLANE('',#8773);
#2231=PLANE('',#8774);
#2232=PLANE('',#8775);
#2233=PLANE('',#8776);
#2234=PLANE('',#8777);
#2235=PLANE('',#8778);
#2236=PLANE('',#8779);
#2237=PLANE('',#8780);
#2238=PLANE('',#8781);
#2239=PLANE('',#8782);
#2240=PLANE('',#8783);
#2241=PLANE('',#8784);
#2242=PLANE('',#8785);
#2243=PLANE('',#8786);
#2244=PLANE('',#8787);
#2245=PLANE('',#8788);
#2246=PLANE('',#8789);
#2247=PLANE('',#8790);
#2248=PLANE('',#8791);
#2249=PLANE('',#8792);
#2250=PLANE('',#8793);
#2251=PLANE('',#8794);
#2252=PLANE('',#8795);
#2253=PLANE('',#8796);
#2254=PLANE('',#8797);
#2255=PLANE('',#8798);
#2256=PLANE('',#8799);
#2257=PLANE('',#8800);
#2258=PLANE('',#8801);
#2259=PLANE('',#8802);
#2260=PLANE('',#8803);
#2261=PLANE('',#8804);
#2262=PLANE('',#8805);
#2263=PLANE('',#8806);
#2264=PLANE('',#8807);
#2265=PLANE('',#8808);
#2266=PLANE('',#8809);
#2267=PLANE('',#8810);
#2268=PLANE('',#8811);
#2269=PLANE('',#8812);
#2270=PLANE('',#8813);
#2271=PLANE('',#8814);
#2272=PLANE('',#8815);
#2273=PLANE('',#8816);
#2274=PLANE('',#8817);
#2275=PLANE('',#8818);
#2276=PLANE('',#8819);
#2277=PLANE('',#8820);
#2278=PLANE('',#8821);
#2279=PLANE('',#8822);
#2280=PLANE('',#8823);
#2281=PLANE('',#8824);
#2282=PLANE('',#8825);
#2283=PLANE('',#8826);
#2284=PLANE('',#8827);
#2285=PLANE('',#8828);
#2286=PLANE('',#8829);
#2287=PLANE('',#8830);
#2288=PLANE('',#8831);
#2289=PLANE('',#8832);
#2290=PLANE('',#8833);
#2291=PLANE('',#8834);
#2292=PLANE('',#8835);
#2293=PLANE('',#8836);
#2294=PLANE('',#8837);
#2295=PLANE('',#8838);
#2296=PLANE('',#8839);
#2297=PLANE('',#8840);
#2298=PLANE('',#8841);
#2299=PLANE('',#8842);
#2300=PLANE('',#8843);
#2301=PLANE('',#8844);
#2302=PLANE('',#8845);
#2303=PLANE('',#8846);
#2304=PLANE('',#8850);
#2305=PLANE('',#8863);
#2306=PLANE('',#8864);
#2307=PLANE('',#8868);
#2308=PLANE('',#8881);
#2309=PLANE('',#8882);
#2310=PLANE('',#8888);
#2311=PLANE('',#8895);
#2312=PLANE('',#8898);
#2313=PLANE('',#8901);
#2314=PLANE('',#8902);
#2315=PLANE('',#8903);
#2316=PLANE('',#8905);
#2317=PLANE('',#8909);
#2318=PLANE('',#8913);
#2319=PLANE('',#8917);
#2320=PLANE('',#8918);
#2321=PLANE('',#8923);
#2322=PLANE('',#8927);
#2323=PLANE('',#8928);
#2324=PLANE('',#8929);
#2325=PLANE('',#8931);
#2326=PLANE('',#8932);
#2327=PLANE('',#8933);
#2328=PLANE('',#8934);
#2329=PLANE('',#8935);
#2330=PLANE('',#8936);
#2331=PLANE('',#8937);
#2332=PLANE('',#8938);
#2333=PLANE('',#8939);
#2334=PLANE('',#8940);
#2335=PLANE('',#8941);
#2336=PLANE('',#8942);
#2337=PLANE('',#8943);
#2338=PLANE('',#8944);
#2339=PLANE('',#8945);
#2340=PLANE('',#8946);
#2341=PLANE('',#8947);
#2342=PLANE('',#8948);
#2343=PLANE('',#8949);
#2344=PLANE('',#8950);
#2345=PLANE('',#8951);
#2346=PLANE('',#8952);
#2347=PLANE('',#8953);
#2348=PLANE('',#8954);
#2349=PLANE('',#8955);
#2350=PLANE('',#8956);
#2351=PLANE('',#8957);
#2352=PLANE('',#8958);
#2353=PLANE('',#8959);
#2354=PLANE('',#8960);
#2355=PLANE('',#8961);
#2356=PLANE('',#8962);
#2357=PLANE('',#8963);
#2358=PLANE('',#8964);
#2359=PLANE('',#8965);
#2360=PLANE('',#8966);
#2361=PLANE('',#8967);
#2362=PLANE('',#8968);
#2363=PLANE('',#8969);
#2364=PLANE('',#8970);
#2365=PLANE('',#8971);
#2366=PLANE('',#8972);
#2367=PLANE('',#8973);
#2368=PLANE('',#8974);
#2369=PLANE('',#8975);
#2370=PLANE('',#8976);
#2371=PLANE('',#8977);
#2372=PLANE('',#8978);
#2373=PLANE('',#8979);
#2374=PLANE('',#8980);
#2375=PLANE('',#8981);
#2376=PLANE('',#8982);
#2377=PLANE('',#8983);
#2378=PLANE('',#8984);
#2379=PLANE('',#8985);
#2380=PLANE('',#8986);
#2381=PLANE('',#8987);
#2382=PLANE('',#8988);
#2383=PLANE('',#8989);
#2384=PLANE('',#8991);
#2385=PLANE('',#8992);
#2386=PLANE('',#8993);
#2387=PLANE('',#8994);
#2388=PLANE('',#8995);
#2389=PLANE('',#8996);
#2390=PLANE('',#8997);
#2391=PLANE('',#8998);
#2392=PLANE('',#8999);
#2393=PLANE('',#9000);
#2394=PLANE('',#9001);
#2395=PLANE('',#9002);
#2396=PLANE('',#9003);
#2397=PLANE('',#9004);
#2398=PLANE('',#9005);
#2399=PLANE('',#9006);
#2400=PLANE('',#9007);
#2401=PLANE('',#9008);
#2402=PLANE('',#9009);
#2403=PLANE('',#9010);
#2404=PLANE('',#9011);
#2405=PLANE('',#9012);
#2406=PLANE('',#9013);
#2407=PLANE('',#9014);
#2408=PLANE('',#9015);
#2409=PLANE('',#9016);
#2410=PLANE('',#9017);
#2411=PLANE('',#9018);
#2412=PLANE('',#9019);
#2413=PLANE('',#9020);
#2414=PLANE('',#9022);
#2415=PLANE('',#9023);
#2416=PLANE('',#9024);
#2417=PLANE('',#9025);
#2418=PLANE('',#9026);
#2419=PLANE('',#9027);
#2420=PLANE('',#9028);
#2421=PLANE('',#9029);
#2422=PLANE('',#9030);
#2423=PLANE('',#9032);
#2424=PLANE('',#9033);
#2425=PLANE('',#9034);
#2426=PLANE('',#9035);
#2427=PLANE('',#9036);
#2428=PLANE('',#9037);
#2429=PLANE('',#9038);
#2430=PLANE('',#9039);
#2431=PLANE('',#9040);
#2432=PLANE('',#9041);
#2433=PLANE('',#9042);
#2434=PLANE('',#9043);
#2435=PLANE('',#9045);
#2436=PLANE('',#9046);
#2437=PLANE('',#9047);
#2438=PLANE('',#9048);
#2439=PLANE('',#9049);
#2440=PLANE('',#9050);
#2441=PLANE('',#9051);
#2442=PLANE('',#9052);
#2443=PLANE('',#9053);
#2444=PLANE('',#9054);
#2445=PLANE('',#9055);
#2446=PLANE('',#9056);
#2447=PLANE('',#9057);
#2448=PLANE('',#9058);
#2449=PLANE('',#9060);
#2450=PLANE('',#9061);
#2451=PLANE('',#9062);
#2452=PLANE('',#9063);
#2453=PLANE('',#9064);
#2454=PLANE('',#9065);
#2455=PLANE('',#9066);
#2456=PLANE('',#9067);
#2457=PLANE('',#9068);
#2458=PLANE('',#9069);
#2459=PLANE('',#9070);
#2460=PLANE('',#9071);
#2461=PLANE('',#9072);
#2462=PLANE('',#9073);
#2463=PLANE('',#9074);
#2464=PLANE('',#9075);
#2465=PLANE('',#9076);
#2466=PLANE('',#9077);
#2467=PLANE('',#9078);
#2468=PLANE('',#9079);
#2469=PLANE('',#9080);
#2470=PLANE('',#9081);
#2471=PLANE('',#9082);
#2472=PLANE('',#9083);
#2473=PLANE('',#9084);
#2474=PLANE('',#9085);
#2475=PLANE('',#9086);
#2476=PLANE('',#9087);
#2477=PLANE('',#9089);
#2478=PLANE('',#9090);
#2479=PLANE('',#9091);
#2480=PLANE('',#9092);
#2481=PLANE('',#9093);
#2482=PLANE('',#9094);
#2483=PLANE('',#9095);
#2484=PLANE('',#9096);
#2485=PLANE('',#9097);
#2486=PLANE('',#9098);
#2487=PLANE('',#9100);
#2488=PLANE('',#9101);
#2489=PLANE('',#9102);
#2490=PLANE('',#9103);
#2491=PLANE('',#9104);
#2492=PLANE('',#9105);
#2493=PLANE('',#9106);
#2494=PLANE('',#9107);
#2495=PLANE('',#9108);
#2496=PLANE('',#9109);
#2497=PLANE('',#9110);
#2498=PLANE('',#9111);
#2499=PLANE('',#9112);
#2500=PLANE('',#9113);
#2501=PLANE('',#9114);
#2502=PLANE('',#9115);
#2503=PLANE('',#9116);
#2504=PLANE('',#9117);
#2505=PLANE('',#9118);
#2506=PLANE('',#9119);
#2507=PLANE('',#9120);
#2508=PLANE('',#9121);
#2509=PLANE('',#9122);
#2510=PLANE('',#9123);
#2511=PLANE('',#9124);
#2512=PLANE('',#9125);
#2513=PLANE('',#9126);
#2514=PLANE('',#9127);
#2515=PLANE('',#9129);
#2516=PLANE('',#9130);
#2517=PLANE('',#9131);
#2518=PLANE('',#9132);
#2519=PLANE('',#9133);
#2520=PLANE('',#9134);
#2521=PLANE('',#9136);
#2522=PLANE('',#9137);
#2523=PLANE('',#9138);
#2524=PLANE('',#9139);
#2525=PLANE('',#9140);
#2526=PLANE('',#9141);
#2527=PLANE('',#9142);
#2528=PLANE('',#9143);
#2529=PLANE('',#9144);
#2530=PLANE('',#9145);
#2531=PLANE('',#9146);
#2532=PLANE('',#9147);
#2533=PLANE('',#9148);
#2534=PLANE('',#9149);
#2535=PLANE('',#9154);
#2536=PLANE('',#9155);
#2537=PLANE('',#9160);
#2538=PLANE('',#9161);
#2539=PLANE('',#9166);
#2540=PLANE('',#9167);
#2541=PLANE('',#9172);
#2542=PLANE('',#9173);
#2543=PLANE('',#9178);
#2544=PLANE('',#9179);
#2545=PLANE('',#9184);
#2546=PLANE('',#9185);
#2547=PLANE('',#9190);
#2548=PLANE('',#9191);
#2549=ORIENTED_EDGE('',*,*,#4827,.F.);
#2550=ORIENTED_EDGE('',*,*,#4828,.F.);
#2551=ORIENTED_EDGE('',*,*,#4829,.F.);
#2552=ORIENTED_EDGE('',*,*,#4830,.F.);
#2553=ORIENTED_EDGE('',*,*,#4831,.F.);
#2554=ORIENTED_EDGE('',*,*,#4832,.T.);
#2555=ORIENTED_EDGE('',*,*,#4833,.F.);
#2556=ORIENTED_EDGE('',*,*,#4834,.F.);
#2557=ORIENTED_EDGE('',*,*,#4835,.F.);
#2558=ORIENTED_EDGE('',*,*,#4834,.T.);
#2559=ORIENTED_EDGE('',*,*,#4836,.F.);
#2560=ORIENTED_EDGE('',*,*,#4837,.F.);
#2561=ORIENTED_EDGE('',*,*,#4838,.F.);
#2562=ORIENTED_EDGE('',*,*,#4837,.T.);
#2563=ORIENTED_EDGE('',*,*,#4839,.F.);
#2564=ORIENTED_EDGE('',*,*,#4840,.F.);
#2565=ORIENTED_EDGE('',*,*,#4841,.F.);
#2566=ORIENTED_EDGE('',*,*,#4840,.T.);
#2567=ORIENTED_EDGE('',*,*,#4842,.F.);
#2568=ORIENTED_EDGE('',*,*,#4843,.F.);
#2569=ORIENTED_EDGE('',*,*,#4844,.F.);
#2570=ORIENTED_EDGE('',*,*,#4843,.T.);
#2571=ORIENTED_EDGE('',*,*,#4845,.F.);
#2572=ORIENTED_EDGE('',*,*,#4846,.F.);
#2573=ORIENTED_EDGE('',*,*,#4847,.F.);
#2574=ORIENTED_EDGE('',*,*,#4846,.T.);
#2575=ORIENTED_EDGE('',*,*,#4848,.F.);
#2576=ORIENTED_EDGE('',*,*,#4849,.F.);
#2577=ORIENTED_EDGE('',*,*,#4850,.F.);
#2578=ORIENTED_EDGE('',*,*,#4849,.T.);
#2579=ORIENTED_EDGE('',*,*,#4851,.F.);
#2580=ORIENTED_EDGE('',*,*,#4852,.F.);
#2581=ORIENTED_EDGE('',*,*,#4853,.F.);
#2582=ORIENTED_EDGE('',*,*,#4852,.T.);
#2583=ORIENTED_EDGE('',*,*,#4854,.F.);
#2584=ORIENTED_EDGE('',*,*,#4855,.F.);
#2585=ORIENTED_EDGE('',*,*,#4856,.F.);
#2586=ORIENTED_EDGE('',*,*,#4855,.T.);
#2587=ORIENTED_EDGE('',*,*,#4857,.F.);
#2588=ORIENTED_EDGE('',*,*,#4858,.F.);
#2589=ORIENTED_EDGE('',*,*,#4859,.F.);
#2590=ORIENTED_EDGE('',*,*,#4858,.T.);
#2591=ORIENTED_EDGE('',*,*,#4860,.F.);
#2592=ORIENTED_EDGE('',*,*,#4861,.F.);
#2593=ORIENTED_EDGE('',*,*,#4862,.F.);
#2594=ORIENTED_EDGE('',*,*,#4861,.T.);
#2595=ORIENTED_EDGE('',*,*,#4863,.F.);
#2596=ORIENTED_EDGE('',*,*,#4864,.F.);
#2597=ORIENTED_EDGE('',*,*,#4865,.F.);
#2598=ORIENTED_EDGE('',*,*,#4864,.T.);
#2599=ORIENTED_EDGE('',*,*,#4866,.F.);
#2600=ORIENTED_EDGE('',*,*,#4867,.F.);
#2601=ORIENTED_EDGE('',*,*,#4868,.F.);
#2602=ORIENTED_EDGE('',*,*,#4867,.T.);
#2603=ORIENTED_EDGE('',*,*,#4869,.F.);
#2604=ORIENTED_EDGE('',*,*,#4870,.F.);
#2605=ORIENTED_EDGE('',*,*,#4871,.F.);
#2606=ORIENTED_EDGE('',*,*,#4870,.T.);
#2607=ORIENTED_EDGE('',*,*,#4872,.F.);
#2608=ORIENTED_EDGE('',*,*,#4873,.F.);
#2609=ORIENTED_EDGE('',*,*,#4874,.F.);
#2610=ORIENTED_EDGE('',*,*,#4873,.T.);
#2611=ORIENTED_EDGE('',*,*,#4875,.F.);
#2612=ORIENTED_EDGE('',*,*,#4832,.F.);
#2613=ORIENTED_EDGE('',*,*,#4874,.T.);
#2614=ORIENTED_EDGE('',*,*,#4831,.T.);
#2615=ORIENTED_EDGE('',*,*,#4835,.T.);
#2616=ORIENTED_EDGE('',*,*,#4838,.T.);
#2617=ORIENTED_EDGE('',*,*,#4841,.T.);
#2618=ORIENTED_EDGE('',*,*,#4844,.T.);
#2619=ORIENTED_EDGE('',*,*,#4847,.T.);
#2620=ORIENTED_EDGE('',*,*,#4850,.T.);
#2621=ORIENTED_EDGE('',*,*,#4853,.T.);
#2622=ORIENTED_EDGE('',*,*,#4856,.T.);
#2623=ORIENTED_EDGE('',*,*,#4859,.T.);
#2624=ORIENTED_EDGE('',*,*,#4862,.T.);
#2625=ORIENTED_EDGE('',*,*,#4865,.T.);
#2626=ORIENTED_EDGE('',*,*,#4868,.T.);
#2627=ORIENTED_EDGE('',*,*,#4871,.T.);
#2628=ORIENTED_EDGE('',*,*,#4829,.T.);
#2629=ORIENTED_EDGE('',*,*,#4827,.T.);
#2630=ORIENTED_EDGE('',*,*,#4875,.T.);
#2631=ORIENTED_EDGE('',*,*,#4872,.T.);
#2632=ORIENTED_EDGE('',*,*,#4869,.T.);
#2633=ORIENTED_EDGE('',*,*,#4866,.T.);
#2634=ORIENTED_EDGE('',*,*,#4863,.T.);
#2635=ORIENTED_EDGE('',*,*,#4860,.T.);
#2636=ORIENTED_EDGE('',*,*,#4857,.T.);
#2637=ORIENTED_EDGE('',*,*,#4854,.T.);
#2638=ORIENTED_EDGE('',*,*,#4851,.T.);
#2639=ORIENTED_EDGE('',*,*,#4848,.T.);
#2640=ORIENTED_EDGE('',*,*,#4845,.T.);
#2641=ORIENTED_EDGE('',*,*,#4842,.T.);
#2642=ORIENTED_EDGE('',*,*,#4839,.T.);
#2643=ORIENTED_EDGE('',*,*,#4836,.T.);
#2644=ORIENTED_EDGE('',*,*,#4833,.T.);
#2645=ORIENTED_EDGE('',*,*,#4830,.T.);
#2646=ORIENTED_EDGE('',*,*,#4828,.T.);
#2647=ORIENTED_EDGE('',*,*,#4876,.F.);
#2648=ORIENTED_EDGE('',*,*,#4877,.T.);
#2649=ORIENTED_EDGE('',*,*,#4878,.F.);
#2650=ORIENTED_EDGE('',*,*,#4879,.F.);
#2651=ORIENTED_EDGE('',*,*,#4880,.F.);
#2652=ORIENTED_EDGE('',*,*,#4879,.T.);
#2653=ORIENTED_EDGE('',*,*,#4881,.F.);
#2654=ORIENTED_EDGE('',*,*,#4882,.F.);
#2655=ORIENTED_EDGE('',*,*,#4883,.F.);
#2656=ORIENTED_EDGE('',*,*,#4882,.T.);
#2657=ORIENTED_EDGE('',*,*,#4884,.F.);
#2658=ORIENTED_EDGE('',*,*,#4885,.F.);
#2659=ORIENTED_EDGE('',*,*,#4886,.F.);
#2660=ORIENTED_EDGE('',*,*,#4885,.T.);
#2661=ORIENTED_EDGE('',*,*,#4887,.F.);
#2662=ORIENTED_EDGE('',*,*,#4888,.F.);
#2663=ORIENTED_EDGE('',*,*,#4889,.F.);
#2664=ORIENTED_EDGE('',*,*,#4890,.T.);
#2665=ORIENTED_EDGE('',*,*,#4891,.F.);
#2666=ORIENTED_EDGE('',*,*,#4877,.F.);
#2667=ORIENTED_EDGE('',*,*,#4892,.F.);
#2668=ORIENTED_EDGE('',*,*,#4888,.T.);
#2669=ORIENTED_EDGE('',*,*,#4893,.F.);
#2670=ORIENTED_EDGE('',*,*,#4890,.F.);
#2671=ORIENTED_EDGE('',*,*,#4894,.F.);
#2672=ORIENTED_EDGE('',*,*,#4895,.T.);
#2673=ORIENTED_EDGE('',*,*,#4896,.F.);
#2674=ORIENTED_EDGE('',*,*,#4897,.F.);
#2675=ORIENTED_EDGE('',*,*,#4898,.F.);
#2676=ORIENTED_EDGE('',*,*,#4897,.T.);
#2677=ORIENTED_EDGE('',*,*,#4899,.F.);
#2678=ORIENTED_EDGE('',*,*,#4895,.F.);
#2679=ORIENTED_EDGE('',*,*,#4898,.T.);
#2680=ORIENTED_EDGE('',*,*,#4894,.T.);
#2681=ORIENTED_EDGE('',*,*,#4886,.T.);
#2682=ORIENTED_EDGE('',*,*,#4892,.T.);
#2683=ORIENTED_EDGE('',*,*,#4889,.T.);
#2684=ORIENTED_EDGE('',*,*,#4876,.T.);
#2685=ORIENTED_EDGE('',*,*,#4880,.T.);
#2686=ORIENTED_EDGE('',*,*,#4883,.T.);
#2687=ORIENTED_EDGE('',*,*,#4899,.T.);
#2688=ORIENTED_EDGE('',*,*,#4896,.T.);
#2689=ORIENTED_EDGE('',*,*,#4887,.T.);
#2690=ORIENTED_EDGE('',*,*,#4884,.T.);
#2691=ORIENTED_EDGE('',*,*,#4881,.T.);
#2692=ORIENTED_EDGE('',*,*,#4878,.T.);
#2693=ORIENTED_EDGE('',*,*,#4891,.T.);
#2694=ORIENTED_EDGE('',*,*,#4893,.T.);
#2695=ORIENTED_EDGE('',*,*,#4900,.T.);
#2696=ORIENTED_EDGE('',*,*,#4901,.F.);
#2697=ORIENTED_EDGE('',*,*,#4900,.F.);
#2698=ORIENTED_EDGE('',*,*,#4902,.T.);
#2699=ORIENTED_EDGE('',*,*,#4903,.F.);
#2700=ORIENTED_EDGE('',*,*,#4902,.F.);
#2701=ORIENTED_EDGE('',*,*,#4904,.F.);
#2702=ORIENTED_EDGE('',*,*,#4905,.F.);
#2703=ORIENTED_EDGE('',*,*,#4903,.T.);
#2704=ORIENTED_EDGE('',*,*,#4906,.F.);
#2705=ORIENTED_EDGE('',*,*,#4907,.F.);
#2706=ORIENTED_EDGE('',*,*,#4901,.T.);
#2707=ORIENTED_EDGE('',*,*,#4904,.T.);
#2708=ORIENTED_EDGE('',*,*,#4905,.T.);
#2709=ORIENTED_EDGE('',*,*,#4906,.T.);
#2710=ORIENTED_EDGE('',*,*,#4907,.T.);
#2711=ORIENTED_EDGE('',*,*,#4908,.F.);
#2712=ORIENTED_EDGE('',*,*,#4909,.F.);
#2713=ORIENTED_EDGE('',*,*,#4910,.F.);
#2714=ORIENTED_EDGE('',*,*,#4911,.T.);
#2715=ORIENTED_EDGE('',*,*,#4912,.F.);
#2716=ORIENTED_EDGE('',*,*,#4911,.F.);
#2717=ORIENTED_EDGE('',*,*,#4913,.F.);
#2718=ORIENTED_EDGE('',*,*,#4914,.T.);
#2719=ORIENTED_EDGE('',*,*,#4915,.F.);
#2720=ORIENTED_EDGE('',*,*,#4914,.F.);
#2721=ORIENTED_EDGE('',*,*,#4916,.F.);
#2722=ORIENTED_EDGE('',*,*,#4917,.T.);
#2723=ORIENTED_EDGE('',*,*,#4918,.F.);
#2724=ORIENTED_EDGE('',*,*,#4917,.F.);
#2725=ORIENTED_EDGE('',*,*,#4919,.F.);
#2726=ORIENTED_EDGE('',*,*,#4920,.T.);
#2727=ORIENTED_EDGE('',*,*,#4921,.F.);
#2728=ORIENTED_EDGE('',*,*,#4920,.F.);
#2729=ORIENTED_EDGE('',*,*,#4922,.F.);
#2730=ORIENTED_EDGE('',*,*,#4923,.T.);
#2731=ORIENTED_EDGE('',*,*,#4924,.F.);
#2732=ORIENTED_EDGE('',*,*,#4923,.F.);
#2733=ORIENTED_EDGE('',*,*,#4925,.F.);
#2734=ORIENTED_EDGE('',*,*,#4926,.T.);
#2735=ORIENTED_EDGE('',*,*,#4927,.F.);
#2736=ORIENTED_EDGE('',*,*,#4926,.F.);
#2737=ORIENTED_EDGE('',*,*,#4928,.F.);
#2738=ORIENTED_EDGE('',*,*,#4929,.T.);
#2739=ORIENTED_EDGE('',*,*,#4930,.F.);
#2740=ORIENTED_EDGE('',*,*,#4929,.F.);
#2741=ORIENTED_EDGE('',*,*,#4931,.F.);
#2742=ORIENTED_EDGE('',*,*,#4909,.T.);
#2743=ORIENTED_EDGE('',*,*,#4919,.T.);
#2744=ORIENTED_EDGE('',*,*,#4916,.T.);
#2745=ORIENTED_EDGE('',*,*,#4913,.T.);
#2746=ORIENTED_EDGE('',*,*,#4910,.T.);
#2747=ORIENTED_EDGE('',*,*,#4931,.T.);
#2748=ORIENTED_EDGE('',*,*,#4928,.T.);
#2749=ORIENTED_EDGE('',*,*,#4925,.T.);
#2750=ORIENTED_EDGE('',*,*,#4922,.T.);
#2751=ORIENTED_EDGE('',*,*,#4932,.F.);
#2752=ORIENTED_EDGE('',*,*,#4933,.F.);
#2753=ORIENTED_EDGE('',*,*,#4934,.F.);
#2754=ORIENTED_EDGE('',*,*,#4935,.F.);
#2755=ORIENTED_EDGE('',*,*,#4935,.T.);
#2756=ORIENTED_EDGE('',*,*,#4933,.T.);
#2757=ORIENTED_EDGE('',*,*,#4936,.F.);
#2758=ORIENTED_EDGE('',*,*,#4937,.F.);
#2759=ORIENTED_EDGE('',*,*,#4938,.F.);
#2760=ORIENTED_EDGE('',*,*,#4939,.T.);
#2761=ORIENTED_EDGE('',*,*,#4940,.F.);
#2762=ORIENTED_EDGE('',*,*,#4939,.F.);
#2763=ORIENTED_EDGE('',*,*,#4941,.F.);
#2764=ORIENTED_EDGE('',*,*,#4942,.T.);
#2765=ORIENTED_EDGE('',*,*,#4943,.F.);
#2766=ORIENTED_EDGE('',*,*,#4942,.F.);
#2767=ORIENTED_EDGE('',*,*,#4944,.F.);
#2768=ORIENTED_EDGE('',*,*,#4945,.T.);
#2769=ORIENTED_EDGE('',*,*,#4946,.F.);
#2770=ORIENTED_EDGE('',*,*,#4945,.F.);
#2771=ORIENTED_EDGE('',*,*,#4947,.F.);
#2772=ORIENTED_EDGE('',*,*,#4948,.T.);
#2773=ORIENTED_EDGE('',*,*,#4949,.F.);
#2774=ORIENTED_EDGE('',*,*,#4948,.F.);
#2775=ORIENTED_EDGE('',*,*,#4950,.F.);
#2776=ORIENTED_EDGE('',*,*,#4951,.T.);
#2777=ORIENTED_EDGE('',*,*,#4952,.F.);
#2778=ORIENTED_EDGE('',*,*,#4951,.F.);
#2779=ORIENTED_EDGE('',*,*,#4953,.F.);
#2780=ORIENTED_EDGE('',*,*,#4954,.T.);
#2781=ORIENTED_EDGE('',*,*,#4955,.F.);
#2782=ORIENTED_EDGE('',*,*,#4954,.F.);
#2783=ORIENTED_EDGE('',*,*,#4956,.F.);
#2784=ORIENTED_EDGE('',*,*,#4957,.T.);
#2785=ORIENTED_EDGE('',*,*,#4958,.F.);
#2786=ORIENTED_EDGE('',*,*,#4957,.F.);
#2787=ORIENTED_EDGE('',*,*,#4959,.F.);
#2788=ORIENTED_EDGE('',*,*,#4960,.T.);
#2789=ORIENTED_EDGE('',*,*,#4961,.F.);
#2790=ORIENTED_EDGE('',*,*,#4960,.F.);
#2791=ORIENTED_EDGE('',*,*,#4962,.F.);
#2792=ORIENTED_EDGE('',*,*,#4963,.T.);
#2793=ORIENTED_EDGE('',*,*,#4964,.F.);
#2794=ORIENTED_EDGE('',*,*,#4963,.F.);
#2795=ORIENTED_EDGE('',*,*,#4965,.F.);
#2796=ORIENTED_EDGE('',*,*,#4966,.T.);
#2797=ORIENTED_EDGE('',*,*,#4967,.F.);
#2798=ORIENTED_EDGE('',*,*,#4966,.F.);
#2799=ORIENTED_EDGE('',*,*,#4968,.F.);
#2800=ORIENTED_EDGE('',*,*,#4969,.T.);
#2801=ORIENTED_EDGE('',*,*,#4970,.F.);
#2802=ORIENTED_EDGE('',*,*,#4969,.F.);
#2803=ORIENTED_EDGE('',*,*,#4971,.F.);
#2804=ORIENTED_EDGE('',*,*,#4972,.T.);
#2805=ORIENTED_EDGE('',*,*,#4973,.F.);
#2806=ORIENTED_EDGE('',*,*,#4972,.F.);
#2807=ORIENTED_EDGE('',*,*,#4974,.F.);
#2808=ORIENTED_EDGE('',*,*,#4975,.T.);
#2809=ORIENTED_EDGE('',*,*,#4976,.F.);
#2810=ORIENTED_EDGE('',*,*,#4975,.F.);
#2811=ORIENTED_EDGE('',*,*,#4977,.F.);
#2812=ORIENTED_EDGE('',*,*,#4978,.T.);
#2813=ORIENTED_EDGE('',*,*,#4979,.F.);
#2814=ORIENTED_EDGE('',*,*,#4978,.F.);
#2815=ORIENTED_EDGE('',*,*,#4980,.F.);
#2816=ORIENTED_EDGE('',*,*,#4981,.T.);
#2817=ORIENTED_EDGE('',*,*,#4982,.F.);
#2818=ORIENTED_EDGE('',*,*,#4981,.F.);
#2819=ORIENTED_EDGE('',*,*,#4983,.F.);
#2820=ORIENTED_EDGE('',*,*,#4984,.T.);
#2821=ORIENTED_EDGE('',*,*,#4985,.F.);
#2822=ORIENTED_EDGE('',*,*,#4984,.F.);
#2823=ORIENTED_EDGE('',*,*,#4986,.F.);
#2824=ORIENTED_EDGE('',*,*,#4987,.T.);
#2825=ORIENTED_EDGE('',*,*,#4988,.F.);
#2826=ORIENTED_EDGE('',*,*,#4987,.F.);
#2827=ORIENTED_EDGE('',*,*,#4989,.F.);
#2828=ORIENTED_EDGE('',*,*,#4990,.T.);
#2829=ORIENTED_EDGE('',*,*,#4991,.F.);
#2830=ORIENTED_EDGE('',*,*,#4990,.F.);
#2831=ORIENTED_EDGE('',*,*,#4992,.F.);
#2832=ORIENTED_EDGE('',*,*,#4993,.T.);
#2833=ORIENTED_EDGE('',*,*,#4994,.F.);
#2834=ORIENTED_EDGE('',*,*,#4993,.F.);
#2835=ORIENTED_EDGE('',*,*,#4995,.F.);
#2836=ORIENTED_EDGE('',*,*,#4996,.T.);
#2837=ORIENTED_EDGE('',*,*,#4997,.F.);
#2838=ORIENTED_EDGE('',*,*,#4996,.F.);
#2839=ORIENTED_EDGE('',*,*,#4998,.F.);
#2840=ORIENTED_EDGE('',*,*,#4999,.T.);
#2841=ORIENTED_EDGE('',*,*,#5000,.F.);
#2842=ORIENTED_EDGE('',*,*,#4999,.F.);
#2843=ORIENTED_EDGE('',*,*,#5001,.F.);
#2844=ORIENTED_EDGE('',*,*,#5002,.T.);
#2845=ORIENTED_EDGE('',*,*,#5003,.F.);
#2846=ORIENTED_EDGE('',*,*,#5002,.F.);
#2847=ORIENTED_EDGE('',*,*,#5004,.F.);
#2848=ORIENTED_EDGE('',*,*,#5005,.T.);
#2849=ORIENTED_EDGE('',*,*,#5006,.F.);
#2850=ORIENTED_EDGE('',*,*,#5005,.F.);
#2851=ORIENTED_EDGE('',*,*,#5007,.F.);
#2852=ORIENTED_EDGE('',*,*,#5008,.T.);
#2853=ORIENTED_EDGE('',*,*,#5009,.F.);
#2854=ORIENTED_EDGE('',*,*,#5008,.F.);
#2855=ORIENTED_EDGE('',*,*,#5010,.F.);
#2856=ORIENTED_EDGE('',*,*,#5011,.T.);
#2857=ORIENTED_EDGE('',*,*,#5012,.F.);
#2858=ORIENTED_EDGE('',*,*,#5011,.F.);
#2859=ORIENTED_EDGE('',*,*,#5013,.F.);
#2860=ORIENTED_EDGE('',*,*,#5014,.T.);
#2861=ORIENTED_EDGE('',*,*,#5015,.F.);
#2862=ORIENTED_EDGE('',*,*,#5014,.F.);
#2863=ORIENTED_EDGE('',*,*,#5016,.F.);
#2864=ORIENTED_EDGE('',*,*,#5017,.T.);
#2865=ORIENTED_EDGE('',*,*,#5018,.F.);
#2866=ORIENTED_EDGE('',*,*,#5017,.F.);
#2867=ORIENTED_EDGE('',*,*,#5019,.F.);
#2868=ORIENTED_EDGE('',*,*,#5020,.T.);
#2869=ORIENTED_EDGE('',*,*,#5021,.F.);
#2870=ORIENTED_EDGE('',*,*,#5020,.F.);
#2871=ORIENTED_EDGE('',*,*,#5022,.F.);
#2872=ORIENTED_EDGE('',*,*,#5023,.T.);
#2873=ORIENTED_EDGE('',*,*,#5024,.F.);
#2874=ORIENTED_EDGE('',*,*,#5023,.F.);
#2875=ORIENTED_EDGE('',*,*,#5025,.F.);
#2876=ORIENTED_EDGE('',*,*,#5026,.T.);
#2877=ORIENTED_EDGE('',*,*,#5027,.F.);
#2878=ORIENTED_EDGE('',*,*,#5026,.F.);
#2879=ORIENTED_EDGE('',*,*,#5028,.F.);
#2880=ORIENTED_EDGE('',*,*,#5029,.T.);
#2881=ORIENTED_EDGE('',*,*,#5030,.F.);
#2882=ORIENTED_EDGE('',*,*,#5029,.F.);
#2883=ORIENTED_EDGE('',*,*,#5031,.F.);
#2884=ORIENTED_EDGE('',*,*,#5032,.T.);
#2885=ORIENTED_EDGE('',*,*,#5033,.F.);
#2886=ORIENTED_EDGE('',*,*,#5032,.F.);
#2887=ORIENTED_EDGE('',*,*,#5034,.F.);
#2888=ORIENTED_EDGE('',*,*,#5035,.T.);
#2889=ORIENTED_EDGE('',*,*,#5036,.F.);
#2890=ORIENTED_EDGE('',*,*,#5035,.F.);
#2891=ORIENTED_EDGE('',*,*,#5037,.F.);
#2892=ORIENTED_EDGE('',*,*,#5038,.T.);
#2893=ORIENTED_EDGE('',*,*,#5039,.F.);
#2894=ORIENTED_EDGE('',*,*,#5038,.F.);
#2895=ORIENTED_EDGE('',*,*,#5040,.F.);
#2896=ORIENTED_EDGE('',*,*,#5041,.T.);
#2897=ORIENTED_EDGE('',*,*,#5042,.F.);
#2898=ORIENTED_EDGE('',*,*,#5041,.F.);
#2899=ORIENTED_EDGE('',*,*,#5043,.F.);
#2900=ORIENTED_EDGE('',*,*,#5044,.T.);
#2901=ORIENTED_EDGE('',*,*,#5045,.F.);
#2902=ORIENTED_EDGE('',*,*,#5044,.F.);
#2903=ORIENTED_EDGE('',*,*,#5046,.F.);
#2904=ORIENTED_EDGE('',*,*,#5047,.T.);
#2905=ORIENTED_EDGE('',*,*,#5048,.F.);
#2906=ORIENTED_EDGE('',*,*,#5047,.F.);
#2907=ORIENTED_EDGE('',*,*,#5049,.F.);
#2908=ORIENTED_EDGE('',*,*,#5050,.T.);
#2909=ORIENTED_EDGE('',*,*,#5051,.F.);
#2910=ORIENTED_EDGE('',*,*,#5050,.F.);
#2911=ORIENTED_EDGE('',*,*,#5052,.F.);
#2912=ORIENTED_EDGE('',*,*,#5053,.T.);
#2913=ORIENTED_EDGE('',*,*,#5054,.F.);
#2914=ORIENTED_EDGE('',*,*,#5053,.F.);
#2915=ORIENTED_EDGE('',*,*,#5055,.F.);
#2916=ORIENTED_EDGE('',*,*,#5056,.T.);
#2917=ORIENTED_EDGE('',*,*,#5057,.F.);
#2918=ORIENTED_EDGE('',*,*,#5056,.F.);
#2919=ORIENTED_EDGE('',*,*,#5058,.F.);
#2920=ORIENTED_EDGE('',*,*,#5059,.T.);
#2921=ORIENTED_EDGE('',*,*,#5060,.F.);
#2922=ORIENTED_EDGE('',*,*,#5059,.F.);
#2923=ORIENTED_EDGE('',*,*,#5061,.F.);
#2924=ORIENTED_EDGE('',*,*,#5062,.T.);
#2925=ORIENTED_EDGE('',*,*,#5063,.F.);
#2926=ORIENTED_EDGE('',*,*,#5062,.F.);
#2927=ORIENTED_EDGE('',*,*,#5064,.F.);
#2928=ORIENTED_EDGE('',*,*,#5065,.T.);
#2929=ORIENTED_EDGE('',*,*,#5066,.F.);
#2930=ORIENTED_EDGE('',*,*,#5065,.F.);
#2931=ORIENTED_EDGE('',*,*,#5067,.F.);
#2932=ORIENTED_EDGE('',*,*,#5068,.T.);
#2933=ORIENTED_EDGE('',*,*,#5069,.F.);
#2934=ORIENTED_EDGE('',*,*,#5068,.F.);
#2935=ORIENTED_EDGE('',*,*,#5070,.F.);
#2936=ORIENTED_EDGE('',*,*,#5071,.T.);
#2937=ORIENTED_EDGE('',*,*,#5072,.F.);
#2938=ORIENTED_EDGE('',*,*,#5071,.F.);
#2939=ORIENTED_EDGE('',*,*,#5073,.F.);
#2940=ORIENTED_EDGE('',*,*,#5074,.T.);
#2941=ORIENTED_EDGE('',*,*,#5075,.F.);
#2942=ORIENTED_EDGE('',*,*,#5074,.F.);
#2943=ORIENTED_EDGE('',*,*,#5076,.F.);
#2944=ORIENTED_EDGE('',*,*,#5077,.T.);
#2945=ORIENTED_EDGE('',*,*,#5078,.F.);
#2946=ORIENTED_EDGE('',*,*,#5077,.F.);
#2947=ORIENTED_EDGE('',*,*,#5079,.F.);
#2948=ORIENTED_EDGE('',*,*,#5080,.T.);
#2949=ORIENTED_EDGE('',*,*,#5081,.F.);
#2950=ORIENTED_EDGE('',*,*,#5080,.F.);
#2951=ORIENTED_EDGE('',*,*,#5082,.F.);
#2952=ORIENTED_EDGE('',*,*,#5083,.T.);
#2953=ORIENTED_EDGE('',*,*,#5084,.F.);
#2954=ORIENTED_EDGE('',*,*,#5083,.F.);
#2955=ORIENTED_EDGE('',*,*,#5085,.F.);
#2956=ORIENTED_EDGE('',*,*,#5086,.T.);
#2957=ORIENTED_EDGE('',*,*,#5087,.F.);
#2958=ORIENTED_EDGE('',*,*,#5086,.F.);
#2959=ORIENTED_EDGE('',*,*,#5088,.F.);
#2960=ORIENTED_EDGE('',*,*,#5089,.T.);
#2961=ORIENTED_EDGE('',*,*,#5090,.F.);
#2962=ORIENTED_EDGE('',*,*,#5089,.F.);
#2963=ORIENTED_EDGE('',*,*,#5091,.F.);
#2964=ORIENTED_EDGE('',*,*,#5092,.T.);
#2965=ORIENTED_EDGE('',*,*,#5093,.F.);
#2966=ORIENTED_EDGE('',*,*,#5092,.F.);
#2967=ORIENTED_EDGE('',*,*,#5094,.F.);
#2968=ORIENTED_EDGE('',*,*,#5095,.T.);
#2969=ORIENTED_EDGE('',*,*,#5096,.F.);
#2970=ORIENTED_EDGE('',*,*,#5095,.F.);
#2971=ORIENTED_EDGE('',*,*,#5097,.F.);
#2972=ORIENTED_EDGE('',*,*,#4937,.T.);
#2973=ORIENTED_EDGE('',*,*,#5016,.T.);
#2974=ORIENTED_EDGE('',*,*,#5013,.T.);
#2975=ORIENTED_EDGE('',*,*,#5010,.T.);
#2976=ORIENTED_EDGE('',*,*,#5007,.T.);
#2977=ORIENTED_EDGE('',*,*,#5004,.T.);
#2978=ORIENTED_EDGE('',*,*,#5001,.T.);
#2979=ORIENTED_EDGE('',*,*,#4998,.T.);
#2980=ORIENTED_EDGE('',*,*,#4995,.T.);
#2981=ORIENTED_EDGE('',*,*,#4992,.T.);
#2982=ORIENTED_EDGE('',*,*,#4989,.T.);
#2983=ORIENTED_EDGE('',*,*,#4986,.T.);
#2984=ORIENTED_EDGE('',*,*,#4983,.T.);
#2985=ORIENTED_EDGE('',*,*,#4980,.T.);
#2986=ORIENTED_EDGE('',*,*,#4977,.T.);
#2987=ORIENTED_EDGE('',*,*,#4974,.T.);
#2988=ORIENTED_EDGE('',*,*,#4971,.T.);
#2989=ORIENTED_EDGE('',*,*,#4968,.T.);
#2990=ORIENTED_EDGE('',*,*,#4965,.T.);
#2991=ORIENTED_EDGE('',*,*,#4962,.T.);
#2992=ORIENTED_EDGE('',*,*,#4959,.T.);
#2993=ORIENTED_EDGE('',*,*,#4956,.T.);
#2994=ORIENTED_EDGE('',*,*,#4953,.T.);
#2995=ORIENTED_EDGE('',*,*,#4950,.T.);
#2996=ORIENTED_EDGE('',*,*,#4947,.T.);
#2997=ORIENTED_EDGE('',*,*,#4944,.T.);
#2998=ORIENTED_EDGE('',*,*,#4941,.T.);
#2999=ORIENTED_EDGE('',*,*,#4938,.T.);
#3000=ORIENTED_EDGE('',*,*,#5097,.T.);
#3001=ORIENTED_EDGE('',*,*,#5094,.T.);
#3002=ORIENTED_EDGE('',*,*,#5091,.T.);
#3003=ORIENTED_EDGE('',*,*,#5088,.T.);
#3004=ORIENTED_EDGE('',*,*,#5085,.T.);
#3005=ORIENTED_EDGE('',*,*,#5082,.T.);
#3006=ORIENTED_EDGE('',*,*,#5079,.T.);
#3007=ORIENTED_EDGE('',*,*,#5076,.T.);
#3008=ORIENTED_EDGE('',*,*,#5073,.T.);
#3009=ORIENTED_EDGE('',*,*,#5070,.T.);
#3010=ORIENTED_EDGE('',*,*,#5067,.T.);
#3011=ORIENTED_EDGE('',*,*,#5064,.T.);
#3012=ORIENTED_EDGE('',*,*,#5061,.T.);
#3013=ORIENTED_EDGE('',*,*,#5058,.T.);
#3014=ORIENTED_EDGE('',*,*,#5055,.T.);
#3015=ORIENTED_EDGE('',*,*,#5052,.T.);
#3016=ORIENTED_EDGE('',*,*,#5049,.T.);
#3017=ORIENTED_EDGE('',*,*,#5046,.T.);
#3018=ORIENTED_EDGE('',*,*,#5043,.T.);
#3019=ORIENTED_EDGE('',*,*,#5040,.T.);
#3020=ORIENTED_EDGE('',*,*,#5037,.T.);
#3021=ORIENTED_EDGE('',*,*,#5034,.T.);
#3022=ORIENTED_EDGE('',*,*,#5031,.T.);
#3023=ORIENTED_EDGE('',*,*,#5028,.T.);
#3024=ORIENTED_EDGE('',*,*,#5025,.T.);
#3025=ORIENTED_EDGE('',*,*,#5022,.T.);
#3026=ORIENTED_EDGE('',*,*,#5019,.T.);
#3027=ORIENTED_EDGE('',*,*,#5098,.F.);
#3028=ORIENTED_EDGE('',*,*,#5099,.F.);
#3029=ORIENTED_EDGE('',*,*,#5100,.F.);
#3030=ORIENTED_EDGE('',*,*,#5101,.T.);
#3031=ORIENTED_EDGE('',*,*,#5102,.F.);
#3032=ORIENTED_EDGE('',*,*,#5101,.F.);
#3033=ORIENTED_EDGE('',*,*,#5103,.F.);
#3034=ORIENTED_EDGE('',*,*,#5104,.T.);
#3035=ORIENTED_EDGE('',*,*,#5105,.F.);
#3036=ORIENTED_EDGE('',*,*,#5104,.F.);
#3037=ORIENTED_EDGE('',*,*,#5106,.F.);
#3038=ORIENTED_EDGE('',*,*,#5107,.T.);
#3039=ORIENTED_EDGE('',*,*,#5108,.F.);
#3040=ORIENTED_EDGE('',*,*,#5107,.F.);
#3041=ORIENTED_EDGE('',*,*,#5109,.F.);
#3042=ORIENTED_EDGE('',*,*,#5110,.T.);
#3043=ORIENTED_EDGE('',*,*,#5111,.F.);
#3044=ORIENTED_EDGE('',*,*,#5110,.F.);
#3045=ORIENTED_EDGE('',*,*,#5112,.F.);
#3046=ORIENTED_EDGE('',*,*,#5113,.T.);
#3047=ORIENTED_EDGE('',*,*,#5114,.F.);
#3048=ORIENTED_EDGE('',*,*,#5115,.F.);
#3049=ORIENTED_EDGE('',*,*,#5116,.F.);
#3050=ORIENTED_EDGE('',*,*,#5117,.T.);
#3051=ORIENTED_EDGE('',*,*,#5118,.F.);
#3052=ORIENTED_EDGE('',*,*,#5117,.F.);
#3053=ORIENTED_EDGE('',*,*,#5119,.F.);
#3054=ORIENTED_EDGE('',*,*,#5120,.T.);
#3055=ORIENTED_EDGE('',*,*,#5121,.F.);
#3056=ORIENTED_EDGE('',*,*,#5120,.F.);
#3057=ORIENTED_EDGE('',*,*,#5122,.F.);
#3058=ORIENTED_EDGE('',*,*,#5123,.T.);
#3059=ORIENTED_EDGE('',*,*,#5124,.F.);
#3060=ORIENTED_EDGE('',*,*,#5123,.F.);
#3061=ORIENTED_EDGE('',*,*,#5125,.F.);
#3062=ORIENTED_EDGE('',*,*,#5126,.T.);
#3063=ORIENTED_EDGE('',*,*,#5127,.F.);
#3064=ORIENTED_EDGE('',*,*,#5126,.F.);
#3065=ORIENTED_EDGE('',*,*,#5128,.F.);
#3066=ORIENTED_EDGE('',*,*,#5129,.T.);
#3067=ORIENTED_EDGE('',*,*,#5130,.F.);
#3068=ORIENTED_EDGE('',*,*,#5129,.F.);
#3069=ORIENTED_EDGE('',*,*,#5131,.F.);
#3070=ORIENTED_EDGE('',*,*,#5132,.T.);
#3071=ORIENTED_EDGE('',*,*,#5133,.F.);
#3072=ORIENTED_EDGE('',*,*,#5132,.F.);
#3073=ORIENTED_EDGE('',*,*,#5134,.F.);
#3074=ORIENTED_EDGE('',*,*,#5135,.T.);
#3075=ORIENTED_EDGE('',*,*,#5136,.F.);
#3076=ORIENTED_EDGE('',*,*,#5113,.F.);
#3077=ORIENTED_EDGE('',*,*,#5137,.F.);
#3078=ORIENTED_EDGE('',*,*,#5138,.T.);
#3079=ORIENTED_EDGE('',*,*,#5139,.F.);
#3080=ORIENTED_EDGE('',*,*,#5138,.F.);
#3081=ORIENTED_EDGE('',*,*,#5140,.F.);
#3082=ORIENTED_EDGE('',*,*,#5141,.T.);
#3083=ORIENTED_EDGE('',*,*,#5142,.F.);
#3084=ORIENTED_EDGE('',*,*,#5141,.F.);
#3085=ORIENTED_EDGE('',*,*,#5143,.F.);
#3086=ORIENTED_EDGE('',*,*,#5144,.T.);
#3087=ORIENTED_EDGE('',*,*,#5145,.F.);
#3088=ORIENTED_EDGE('',*,*,#5144,.F.);
#3089=ORIENTED_EDGE('',*,*,#5146,.F.);
#3090=ORIENTED_EDGE('',*,*,#5147,.T.);
#3091=ORIENTED_EDGE('',*,*,#5148,.F.);
#3092=ORIENTED_EDGE('',*,*,#5147,.F.);
#3093=ORIENTED_EDGE('',*,*,#5149,.F.);
#3094=ORIENTED_EDGE('',*,*,#5099,.T.);
#3095=ORIENTED_EDGE('',*,*,#5150,.F.);
#3096=ORIENTED_EDGE('',*,*,#5135,.F.);
#3097=ORIENTED_EDGE('',*,*,#5151,.F.);
#3098=ORIENTED_EDGE('',*,*,#5152,.T.);
#3099=ORIENTED_EDGE('',*,*,#5153,.F.);
#3100=ORIENTED_EDGE('',*,*,#5152,.F.);
#3101=ORIENTED_EDGE('',*,*,#5154,.F.);
#3102=ORIENTED_EDGE('',*,*,#5155,.T.);
#3103=ORIENTED_EDGE('',*,*,#5156,.F.);
#3104=ORIENTED_EDGE('',*,*,#5155,.F.);
#3105=ORIENTED_EDGE('',*,*,#5157,.F.);
#3106=ORIENTED_EDGE('',*,*,#5158,.T.);
#3107=ORIENTED_EDGE('',*,*,#5159,.F.);
#3108=ORIENTED_EDGE('',*,*,#5158,.F.);
#3109=ORIENTED_EDGE('',*,*,#5160,.F.);
#3110=ORIENTED_EDGE('',*,*,#5161,.T.);
#3111=ORIENTED_EDGE('',*,*,#5162,.F.);
#3112=ORIENTED_EDGE('',*,*,#5161,.F.);
#3113=ORIENTED_EDGE('',*,*,#5163,.F.);
#3114=ORIENTED_EDGE('',*,*,#5164,.T.);
#3115=ORIENTED_EDGE('',*,*,#5165,.F.);
#3116=ORIENTED_EDGE('',*,*,#5164,.F.);
#3117=ORIENTED_EDGE('',*,*,#5166,.F.);
#3118=ORIENTED_EDGE('',*,*,#5167,.T.);
#3119=ORIENTED_EDGE('',*,*,#5168,.F.);
#3120=ORIENTED_EDGE('',*,*,#5167,.F.);
#3121=ORIENTED_EDGE('',*,*,#5169,.F.);
#3122=ORIENTED_EDGE('',*,*,#5115,.T.);
#3123=ORIENTED_EDGE('',*,*,#5134,.T.);
#3124=ORIENTED_EDGE('',*,*,#5131,.T.);
#3125=ORIENTED_EDGE('',*,*,#5128,.T.);
#3126=ORIENTED_EDGE('',*,*,#5125,.T.);
#3127=ORIENTED_EDGE('',*,*,#5122,.T.);
#3128=ORIENTED_EDGE('',*,*,#5119,.T.);
#3129=ORIENTED_EDGE('',*,*,#5116,.T.);
#3130=ORIENTED_EDGE('',*,*,#5169,.T.);
#3131=ORIENTED_EDGE('',*,*,#5166,.T.);
#3132=ORIENTED_EDGE('',*,*,#5163,.T.);
#3133=ORIENTED_EDGE('',*,*,#5160,.T.);
#3134=ORIENTED_EDGE('',*,*,#5157,.T.);
#3135=ORIENTED_EDGE('',*,*,#5154,.T.);
#3136=ORIENTED_EDGE('',*,*,#5151,.T.);
#3137=ORIENTED_EDGE('',*,*,#5112,.T.);
#3138=ORIENTED_EDGE('',*,*,#5109,.T.);
#3139=ORIENTED_EDGE('',*,*,#5106,.T.);
#3140=ORIENTED_EDGE('',*,*,#5103,.T.);
#3141=ORIENTED_EDGE('',*,*,#5100,.T.);
#3142=ORIENTED_EDGE('',*,*,#5149,.T.);
#3143=ORIENTED_EDGE('',*,*,#5146,.T.);
#3144=ORIENTED_EDGE('',*,*,#5143,.T.);
#3145=ORIENTED_EDGE('',*,*,#5140,.T.);
#3146=ORIENTED_EDGE('',*,*,#5137,.T.);
#3147=ORIENTED_EDGE('',*,*,#5170,.F.);
#3148=ORIENTED_EDGE('',*,*,#5171,.F.);
#3149=ORIENTED_EDGE('',*,*,#5172,.F.);
#3150=ORIENTED_EDGE('',*,*,#5173,.T.);
#3151=ORIENTED_EDGE('',*,*,#5174,.F.);
#3152=ORIENTED_EDGE('',*,*,#5173,.F.);
#3153=ORIENTED_EDGE('',*,*,#5175,.F.);
#3154=ORIENTED_EDGE('',*,*,#5176,.T.);
#3155=ORIENTED_EDGE('',*,*,#5177,.F.);
#3156=ORIENTED_EDGE('',*,*,#5176,.F.);
#3157=ORIENTED_EDGE('',*,*,#5178,.F.);
#3158=ORIENTED_EDGE('',*,*,#5179,.T.);
#3159=ORIENTED_EDGE('',*,*,#5180,.F.);
#3160=ORIENTED_EDGE('',*,*,#5179,.F.);
#3161=ORIENTED_EDGE('',*,*,#5181,.F.);
#3162=ORIENTED_EDGE('',*,*,#5182,.T.);
#3163=ORIENTED_EDGE('',*,*,#5183,.F.);
#3164=ORIENTED_EDGE('',*,*,#5182,.F.);
#3165=ORIENTED_EDGE('',*,*,#5184,.F.);
#3166=ORIENTED_EDGE('',*,*,#5185,.T.);
#3167=ORIENTED_EDGE('',*,*,#5186,.F.);
#3168=ORIENTED_EDGE('',*,*,#5185,.F.);
#3169=ORIENTED_EDGE('',*,*,#5187,.F.);
#3170=ORIENTED_EDGE('',*,*,#5188,.T.);
#3171=ORIENTED_EDGE('',*,*,#5189,.F.);
#3172=ORIENTED_EDGE('',*,*,#5188,.F.);
#3173=ORIENTED_EDGE('',*,*,#5190,.F.);
#3174=ORIENTED_EDGE('',*,*,#5191,.T.);
#3175=ORIENTED_EDGE('',*,*,#5192,.F.);
#3176=ORIENTED_EDGE('',*,*,#5191,.F.);
#3177=ORIENTED_EDGE('',*,*,#5193,.F.);
#3178=ORIENTED_EDGE('',*,*,#5194,.T.);
#3179=ORIENTED_EDGE('',*,*,#5195,.F.);
#3180=ORIENTED_EDGE('',*,*,#5194,.F.);
#3181=ORIENTED_EDGE('',*,*,#5196,.F.);
#3182=ORIENTED_EDGE('',*,*,#5197,.T.);
#3183=ORIENTED_EDGE('',*,*,#5198,.F.);
#3184=ORIENTED_EDGE('',*,*,#5197,.F.);
#3185=ORIENTED_EDGE('',*,*,#5199,.F.);
#3186=ORIENTED_EDGE('',*,*,#5200,.T.);
#3187=ORIENTED_EDGE('',*,*,#5201,.F.);
#3188=ORIENTED_EDGE('',*,*,#5200,.F.);
#3189=ORIENTED_EDGE('',*,*,#5202,.F.);
#3190=ORIENTED_EDGE('',*,*,#5203,.T.);
#3191=ORIENTED_EDGE('',*,*,#5204,.F.);
#3192=ORIENTED_EDGE('',*,*,#5203,.F.);
#3193=ORIENTED_EDGE('',*,*,#5205,.F.);
#3194=ORIENTED_EDGE('',*,*,#5206,.T.);
#3195=ORIENTED_EDGE('',*,*,#5207,.F.);
#3196=ORIENTED_EDGE('',*,*,#5206,.F.);
#3197=ORIENTED_EDGE('',*,*,#5208,.F.);
#3198=ORIENTED_EDGE('',*,*,#5209,.T.);
#3199=ORIENTED_EDGE('',*,*,#5210,.F.);
#3200=ORIENTED_EDGE('',*,*,#5209,.F.);
#3201=ORIENTED_EDGE('',*,*,#5211,.F.);
#3202=ORIENTED_EDGE('',*,*,#5212,.T.);
#3203=ORIENTED_EDGE('',*,*,#5213,.F.);
#3204=ORIENTED_EDGE('',*,*,#5212,.F.);
#3205=ORIENTED_EDGE('',*,*,#5214,.F.);
#3206=ORIENTED_EDGE('',*,*,#5215,.T.);
#3207=ORIENTED_EDGE('',*,*,#5216,.F.);
#3208=ORIENTED_EDGE('',*,*,#5215,.F.);
#3209=ORIENTED_EDGE('',*,*,#5217,.F.);
#3210=ORIENTED_EDGE('',*,*,#5218,.T.);
#3211=ORIENTED_EDGE('',*,*,#5219,.F.);
#3212=ORIENTED_EDGE('',*,*,#5218,.F.);
#3213=ORIENTED_EDGE('',*,*,#5220,.F.);
#3214=ORIENTED_EDGE('',*,*,#5221,.T.);
#3215=ORIENTED_EDGE('',*,*,#5222,.F.);
#3216=ORIENTED_EDGE('',*,*,#5221,.F.);
#3217=ORIENTED_EDGE('',*,*,#5223,.F.);
#3218=ORIENTED_EDGE('',*,*,#5224,.T.);
#3219=ORIENTED_EDGE('',*,*,#5225,.F.);
#3220=ORIENTED_EDGE('',*,*,#5224,.F.);
#3221=ORIENTED_EDGE('',*,*,#5226,.F.);
#3222=ORIENTED_EDGE('',*,*,#5227,.T.);
#3223=ORIENTED_EDGE('',*,*,#5228,.F.);
#3224=ORIENTED_EDGE('',*,*,#5227,.F.);
#3225=ORIENTED_EDGE('',*,*,#5229,.F.);
#3226=ORIENTED_EDGE('',*,*,#5230,.T.);
#3227=ORIENTED_EDGE('',*,*,#5231,.F.);
#3228=ORIENTED_EDGE('',*,*,#5230,.F.);
#3229=ORIENTED_EDGE('',*,*,#5232,.F.);
#3230=ORIENTED_EDGE('',*,*,#5233,.T.);
#3231=ORIENTED_EDGE('',*,*,#5234,.F.);
#3232=ORIENTED_EDGE('',*,*,#5233,.F.);
#3233=ORIENTED_EDGE('',*,*,#5235,.F.);
#3234=ORIENTED_EDGE('',*,*,#5236,.T.);
#3235=ORIENTED_EDGE('',*,*,#5237,.F.);
#3236=ORIENTED_EDGE('',*,*,#5236,.F.);
#3237=ORIENTED_EDGE('',*,*,#5238,.F.);
#3238=ORIENTED_EDGE('',*,*,#5239,.T.);
#3239=ORIENTED_EDGE('',*,*,#5240,.F.);
#3240=ORIENTED_EDGE('',*,*,#5239,.F.);
#3241=ORIENTED_EDGE('',*,*,#5241,.F.);
#3242=ORIENTED_EDGE('',*,*,#5242,.T.);
#3243=ORIENTED_EDGE('',*,*,#5243,.F.);
#3244=ORIENTED_EDGE('',*,*,#5242,.F.);
#3245=ORIENTED_EDGE('',*,*,#5244,.F.);
#3246=ORIENTED_EDGE('',*,*,#5245,.T.);
#3247=ORIENTED_EDGE('',*,*,#5246,.F.);
#3248=ORIENTED_EDGE('',*,*,#5245,.F.);
#3249=ORIENTED_EDGE('',*,*,#5247,.F.);
#3250=ORIENTED_EDGE('',*,*,#5171,.T.);
#3251=ORIENTED_EDGE('',*,*,#5208,.T.);
#3252=ORIENTED_EDGE('',*,*,#5205,.T.);
#3253=ORIENTED_EDGE('',*,*,#5202,.T.);
#3254=ORIENTED_EDGE('',*,*,#5199,.T.);
#3255=ORIENTED_EDGE('',*,*,#5196,.T.);
#3256=ORIENTED_EDGE('',*,*,#5193,.T.);
#3257=ORIENTED_EDGE('',*,*,#5190,.T.);
#3258=ORIENTED_EDGE('',*,*,#5187,.T.);
#3259=ORIENTED_EDGE('',*,*,#5184,.T.);
#3260=ORIENTED_EDGE('',*,*,#5181,.T.);
#3261=ORIENTED_EDGE('',*,*,#5178,.T.);
#3262=ORIENTED_EDGE('',*,*,#5175,.T.);
#3263=ORIENTED_EDGE('',*,*,#5172,.T.);
#3264=ORIENTED_EDGE('',*,*,#5247,.T.);
#3265=ORIENTED_EDGE('',*,*,#5244,.T.);
#3266=ORIENTED_EDGE('',*,*,#5241,.T.);
#3267=ORIENTED_EDGE('',*,*,#5238,.T.);
#3268=ORIENTED_EDGE('',*,*,#5235,.T.);
#3269=ORIENTED_EDGE('',*,*,#5232,.T.);
#3270=ORIENTED_EDGE('',*,*,#5229,.T.);
#3271=ORIENTED_EDGE('',*,*,#5226,.T.);
#3272=ORIENTED_EDGE('',*,*,#5223,.T.);
#3273=ORIENTED_EDGE('',*,*,#5220,.T.);
#3274=ORIENTED_EDGE('',*,*,#5217,.T.);
#3275=ORIENTED_EDGE('',*,*,#5214,.T.);
#3276=ORIENTED_EDGE('',*,*,#5211,.T.);
#3277=ORIENTED_EDGE('',*,*,#5248,.F.);
#3278=ORIENTED_EDGE('',*,*,#5249,.F.);
#3279=ORIENTED_EDGE('',*,*,#5250,.F.);
#3280=ORIENTED_EDGE('',*,*,#5251,.T.);
#3281=ORIENTED_EDGE('',*,*,#5252,.F.);
#3282=ORIENTED_EDGE('',*,*,#5251,.F.);
#3283=ORIENTED_EDGE('',*,*,#5253,.F.);
#3284=ORIENTED_EDGE('',*,*,#5254,.T.);
#3285=ORIENTED_EDGE('',*,*,#5255,.F.);
#3286=ORIENTED_EDGE('',*,*,#5254,.F.);
#3287=ORIENTED_EDGE('',*,*,#5256,.F.);
#3288=ORIENTED_EDGE('',*,*,#5257,.T.);
#3289=ORIENTED_EDGE('',*,*,#5258,.F.);
#3290=ORIENTED_EDGE('',*,*,#5257,.F.);
#3291=ORIENTED_EDGE('',*,*,#5259,.F.);
#3292=ORIENTED_EDGE('',*,*,#5260,.T.);
#3293=ORIENTED_EDGE('',*,*,#5261,.F.);
#3294=ORIENTED_EDGE('',*,*,#5260,.F.);
#3295=ORIENTED_EDGE('',*,*,#5262,.F.);
#3296=ORIENTED_EDGE('',*,*,#5263,.T.);
#3297=ORIENTED_EDGE('',*,*,#5264,.F.);
#3298=ORIENTED_EDGE('',*,*,#5263,.F.);
#3299=ORIENTED_EDGE('',*,*,#5265,.F.);
#3300=ORIENTED_EDGE('',*,*,#5266,.T.);
#3301=ORIENTED_EDGE('',*,*,#5267,.F.);
#3302=ORIENTED_EDGE('',*,*,#5266,.F.);
#3303=ORIENTED_EDGE('',*,*,#5268,.F.);
#3304=ORIENTED_EDGE('',*,*,#5269,.T.);
#3305=ORIENTED_EDGE('',*,*,#5270,.F.);
#3306=ORIENTED_EDGE('',*,*,#5269,.F.);
#3307=ORIENTED_EDGE('',*,*,#5271,.F.);
#3308=ORIENTED_EDGE('',*,*,#5272,.T.);
#3309=ORIENTED_EDGE('',*,*,#5273,.F.);
#3310=ORIENTED_EDGE('',*,*,#5272,.F.);
#3311=ORIENTED_EDGE('',*,*,#5274,.F.);
#3312=ORIENTED_EDGE('',*,*,#5275,.T.);
#3313=ORIENTED_EDGE('',*,*,#5276,.F.);
#3314=ORIENTED_EDGE('',*,*,#5275,.F.);
#3315=ORIENTED_EDGE('',*,*,#5277,.F.);
#3316=ORIENTED_EDGE('',*,*,#5278,.T.);
#3317=ORIENTED_EDGE('',*,*,#5279,.F.);
#3318=ORIENTED_EDGE('',*,*,#5278,.F.);
#3319=ORIENTED_EDGE('',*,*,#5280,.F.);
#3320=ORIENTED_EDGE('',*,*,#5281,.T.);
#3321=ORIENTED_EDGE('',*,*,#5282,.F.);
#3322=ORIENTED_EDGE('',*,*,#5281,.F.);
#3323=ORIENTED_EDGE('',*,*,#5283,.F.);
#3324=ORIENTED_EDGE('',*,*,#5249,.T.);
#3325=ORIENTED_EDGE('',*,*,#5265,.T.);
#3326=ORIENTED_EDGE('',*,*,#5262,.T.);
#3327=ORIENTED_EDGE('',*,*,#5259,.T.);
#3328=ORIENTED_EDGE('',*,*,#5256,.T.);
#3329=ORIENTED_EDGE('',*,*,#5253,.T.);
#3330=ORIENTED_EDGE('',*,*,#5250,.T.);
#3331=ORIENTED_EDGE('',*,*,#5283,.T.);
#3332=ORIENTED_EDGE('',*,*,#5280,.T.);
#3333=ORIENTED_EDGE('',*,*,#5277,.T.);
#3334=ORIENTED_EDGE('',*,*,#5274,.T.);
#3335=ORIENTED_EDGE('',*,*,#5271,.T.);
#3336=ORIENTED_EDGE('',*,*,#5268,.T.);
#3337=ORIENTED_EDGE('',*,*,#5284,.F.);
#3338=ORIENTED_EDGE('',*,*,#5285,.F.);
#3339=ORIENTED_EDGE('',*,*,#5286,.F.);
#3340=ORIENTED_EDGE('',*,*,#5287,.T.);
#3341=ORIENTED_EDGE('',*,*,#5288,.F.);
#3342=ORIENTED_EDGE('',*,*,#5287,.F.);
#3343=ORIENTED_EDGE('',*,*,#5289,.F.);
#3344=ORIENTED_EDGE('',*,*,#5290,.T.);
#3345=ORIENTED_EDGE('',*,*,#5291,.F.);
#3346=ORIENTED_EDGE('',*,*,#5290,.F.);
#3347=ORIENTED_EDGE('',*,*,#5292,.F.);
#3348=ORIENTED_EDGE('',*,*,#5293,.T.);
#3349=ORIENTED_EDGE('',*,*,#5294,.F.);
#3350=ORIENTED_EDGE('',*,*,#5293,.F.);
#3351=ORIENTED_EDGE('',*,*,#5295,.F.);
#3352=ORIENTED_EDGE('',*,*,#5296,.T.);
#3353=ORIENTED_EDGE('',*,*,#5297,.F.);
#3354=ORIENTED_EDGE('',*,*,#5296,.F.);
#3355=ORIENTED_EDGE('',*,*,#5298,.F.);
#3356=ORIENTED_EDGE('',*,*,#5299,.T.);
#3357=ORIENTED_EDGE('',*,*,#5300,.F.);
#3358=ORIENTED_EDGE('',*,*,#5299,.F.);
#3359=ORIENTED_EDGE('',*,*,#5301,.F.);
#3360=ORIENTED_EDGE('',*,*,#5302,.T.);
#3361=ORIENTED_EDGE('',*,*,#5303,.F.);
#3362=ORIENTED_EDGE('',*,*,#5302,.F.);
#3363=ORIENTED_EDGE('',*,*,#5304,.F.);
#3364=ORIENTED_EDGE('',*,*,#5285,.T.);
#3365=ORIENTED_EDGE('',*,*,#5292,.T.);
#3366=ORIENTED_EDGE('',*,*,#5289,.T.);
#3367=ORIENTED_EDGE('',*,*,#5286,.T.);
#3368=ORIENTED_EDGE('',*,*,#5304,.T.);
#3369=ORIENTED_EDGE('',*,*,#5301,.T.);
#3370=ORIENTED_EDGE('',*,*,#5298,.T.);
#3371=ORIENTED_EDGE('',*,*,#5295,.T.);
#3372=ORIENTED_EDGE('',*,*,#5305,.F.);
#3373=ORIENTED_EDGE('',*,*,#5306,.F.);
#3374=ORIENTED_EDGE('',*,*,#5307,.F.);
#3375=ORIENTED_EDGE('',*,*,#5308,.T.);
#3376=ORIENTED_EDGE('',*,*,#5309,.F.);
#3377=ORIENTED_EDGE('',*,*,#5308,.F.);
#3378=ORIENTED_EDGE('',*,*,#5310,.F.);
#3379=ORIENTED_EDGE('',*,*,#5311,.T.);
#3380=ORIENTED_EDGE('',*,*,#5312,.F.);
#3381=ORIENTED_EDGE('',*,*,#5311,.F.);
#3382=ORIENTED_EDGE('',*,*,#5313,.F.);
#3383=ORIENTED_EDGE('',*,*,#5314,.T.);
#3384=ORIENTED_EDGE('',*,*,#5315,.F.);
#3385=ORIENTED_EDGE('',*,*,#5314,.F.);
#3386=ORIENTED_EDGE('',*,*,#5316,.F.);
#3387=ORIENTED_EDGE('',*,*,#5317,.T.);
#3388=ORIENTED_EDGE('',*,*,#5318,.F.);
#3389=ORIENTED_EDGE('',*,*,#5317,.F.);
#3390=ORIENTED_EDGE('',*,*,#5319,.F.);
#3391=ORIENTED_EDGE('',*,*,#5320,.T.);
#3392=ORIENTED_EDGE('',*,*,#5321,.F.);
#3393=ORIENTED_EDGE('',*,*,#5320,.F.);
#3394=ORIENTED_EDGE('',*,*,#5322,.F.);
#3395=ORIENTED_EDGE('',*,*,#5323,.T.);
#3396=ORIENTED_EDGE('',*,*,#5324,.F.);
#3397=ORIENTED_EDGE('',*,*,#5323,.F.);
#3398=ORIENTED_EDGE('',*,*,#5325,.F.);
#3399=ORIENTED_EDGE('',*,*,#5306,.T.);
#3400=ORIENTED_EDGE('',*,*,#5313,.T.);
#3401=ORIENTED_EDGE('',*,*,#5310,.T.);
#3402=ORIENTED_EDGE('',*,*,#5307,.T.);
#3403=ORIENTED_EDGE('',*,*,#5325,.T.);
#3404=ORIENTED_EDGE('',*,*,#5322,.T.);
#3405=ORIENTED_EDGE('',*,*,#5319,.T.);
#3406=ORIENTED_EDGE('',*,*,#5316,.T.);
#3407=ORIENTED_EDGE('',*,*,#5326,.T.);
#3408=ORIENTED_EDGE('',*,*,#5327,.T.);
#3409=ORIENTED_EDGE('',*,*,#5328,.T.);
#3410=ORIENTED_EDGE('',*,*,#5329,.T.);
#3411=ORIENTED_EDGE('',*,*,#5330,.T.);
#3412=ORIENTED_EDGE('',*,*,#5331,.T.);
#3413=ORIENTED_EDGE('',*,*,#5332,.T.);
#3414=ORIENTED_EDGE('',*,*,#5333,.T.);
#3415=ORIENTED_EDGE('',*,*,#4934,.T.);
#3416=ORIENTED_EDGE('',*,*,#5018,.T.);
#3417=ORIENTED_EDGE('',*,*,#5021,.T.);
#3418=ORIENTED_EDGE('',*,*,#5024,.T.);
#3419=ORIENTED_EDGE('',*,*,#5027,.T.);
#3420=ORIENTED_EDGE('',*,*,#5030,.T.);
#3421=ORIENTED_EDGE('',*,*,#5033,.T.);
#3422=ORIENTED_EDGE('',*,*,#5036,.T.);
#3423=ORIENTED_EDGE('',*,*,#5039,.T.);
#3424=ORIENTED_EDGE('',*,*,#5042,.T.);
#3425=ORIENTED_EDGE('',*,*,#5045,.T.);
#3426=ORIENTED_EDGE('',*,*,#5048,.T.);
#3427=ORIENTED_EDGE('',*,*,#5051,.T.);
#3428=ORIENTED_EDGE('',*,*,#5054,.T.);
#3429=ORIENTED_EDGE('',*,*,#5057,.T.);
#3430=ORIENTED_EDGE('',*,*,#5060,.T.);
#3431=ORIENTED_EDGE('',*,*,#5063,.T.);
#3432=ORIENTED_EDGE('',*,*,#5066,.T.);
#3433=ORIENTED_EDGE('',*,*,#5069,.T.);
#3434=ORIENTED_EDGE('',*,*,#5072,.T.);
#3435=ORIENTED_EDGE('',*,*,#5075,.T.);
#3436=ORIENTED_EDGE('',*,*,#5078,.T.);
#3437=ORIENTED_EDGE('',*,*,#5081,.T.);
#3438=ORIENTED_EDGE('',*,*,#5084,.T.);
#3439=ORIENTED_EDGE('',*,*,#5087,.T.);
#3440=ORIENTED_EDGE('',*,*,#5090,.T.);
#3441=ORIENTED_EDGE('',*,*,#5093,.T.);
#3442=ORIENTED_EDGE('',*,*,#5096,.T.);
#3443=ORIENTED_EDGE('',*,*,#4936,.T.);
#3444=ORIENTED_EDGE('',*,*,#4940,.T.);
#3445=ORIENTED_EDGE('',*,*,#4943,.T.);
#3446=ORIENTED_EDGE('',*,*,#4946,.T.);
#3447=ORIENTED_EDGE('',*,*,#4949,.T.);
#3448=ORIENTED_EDGE('',*,*,#4952,.T.);
#3449=ORIENTED_EDGE('',*,*,#4955,.T.);
#3450=ORIENTED_EDGE('',*,*,#4958,.T.);
#3451=ORIENTED_EDGE('',*,*,#4961,.T.);
#3452=ORIENTED_EDGE('',*,*,#4964,.T.);
#3453=ORIENTED_EDGE('',*,*,#4967,.T.);
#3454=ORIENTED_EDGE('',*,*,#4970,.T.);
#3455=ORIENTED_EDGE('',*,*,#4973,.T.);
#3456=ORIENTED_EDGE('',*,*,#4976,.T.);
#3457=ORIENTED_EDGE('',*,*,#4979,.T.);
#3458=ORIENTED_EDGE('',*,*,#4982,.T.);
#3459=ORIENTED_EDGE('',*,*,#4985,.T.);
#3460=ORIENTED_EDGE('',*,*,#4988,.T.);
#3461=ORIENTED_EDGE('',*,*,#4991,.T.);
#3462=ORIENTED_EDGE('',*,*,#4994,.T.);
#3463=ORIENTED_EDGE('',*,*,#4997,.T.);
#3464=ORIENTED_EDGE('',*,*,#5000,.T.);
#3465=ORIENTED_EDGE('',*,*,#5003,.T.);
#3466=ORIENTED_EDGE('',*,*,#5006,.T.);
#3467=ORIENTED_EDGE('',*,*,#5009,.T.);
#3468=ORIENTED_EDGE('',*,*,#5012,.T.);
#3469=ORIENTED_EDGE('',*,*,#5015,.T.);
#3470=ORIENTED_EDGE('',*,*,#5150,.T.);
#3471=ORIENTED_EDGE('',*,*,#5153,.T.);
#3472=ORIENTED_EDGE('',*,*,#5156,.T.);
#3473=ORIENTED_EDGE('',*,*,#5159,.T.);
#3474=ORIENTED_EDGE('',*,*,#5162,.T.);
#3475=ORIENTED_EDGE('',*,*,#5165,.T.);
#3476=ORIENTED_EDGE('',*,*,#5168,.T.);
#3477=ORIENTED_EDGE('',*,*,#5114,.T.);
#3478=ORIENTED_EDGE('',*,*,#5118,.T.);
#3479=ORIENTED_EDGE('',*,*,#5121,.T.);
#3480=ORIENTED_EDGE('',*,*,#5124,.T.);
#3481=ORIENTED_EDGE('',*,*,#5127,.T.);
#3482=ORIENTED_EDGE('',*,*,#5130,.T.);
#3483=ORIENTED_EDGE('',*,*,#5133,.T.);
#3484=ORIENTED_EDGE('',*,*,#5210,.T.);
#3485=ORIENTED_EDGE('',*,*,#5213,.T.);
#3486=ORIENTED_EDGE('',*,*,#5216,.T.);
#3487=ORIENTED_EDGE('',*,*,#5219,.T.);
#3488=ORIENTED_EDGE('',*,*,#5222,.T.);
#3489=ORIENTED_EDGE('',*,*,#5225,.T.);
#3490=ORIENTED_EDGE('',*,*,#5228,.T.);
#3491=ORIENTED_EDGE('',*,*,#5231,.T.);
#3492=ORIENTED_EDGE('',*,*,#5234,.T.);
#3493=ORIENTED_EDGE('',*,*,#5237,.T.);
#3494=ORIENTED_EDGE('',*,*,#5240,.T.);
#3495=ORIENTED_EDGE('',*,*,#5243,.T.);
#3496=ORIENTED_EDGE('',*,*,#5246,.T.);
#3497=ORIENTED_EDGE('',*,*,#5170,.T.);
#3498=ORIENTED_EDGE('',*,*,#5174,.T.);
#3499=ORIENTED_EDGE('',*,*,#5177,.T.);
#3500=ORIENTED_EDGE('',*,*,#5180,.T.);
#3501=ORIENTED_EDGE('',*,*,#5183,.T.);
#3502=ORIENTED_EDGE('',*,*,#5186,.T.);
#3503=ORIENTED_EDGE('',*,*,#5189,.T.);
#3504=ORIENTED_EDGE('',*,*,#5192,.T.);
#3505=ORIENTED_EDGE('',*,*,#5195,.T.);
#3506=ORIENTED_EDGE('',*,*,#5198,.T.);
#3507=ORIENTED_EDGE('',*,*,#5201,.T.);
#3508=ORIENTED_EDGE('',*,*,#5204,.T.);
#3509=ORIENTED_EDGE('',*,*,#5207,.T.);
#3510=ORIENTED_EDGE('',*,*,#5267,.T.);
#3511=ORIENTED_EDGE('',*,*,#5270,.T.);
#3512=ORIENTED_EDGE('',*,*,#5273,.T.);
#3513=ORIENTED_EDGE('',*,*,#5276,.T.);
#3514=ORIENTED_EDGE('',*,*,#5279,.T.);
#3515=ORIENTED_EDGE('',*,*,#5282,.T.);
#3516=ORIENTED_EDGE('',*,*,#5248,.T.);
#3517=ORIENTED_EDGE('',*,*,#5252,.T.);
#3518=ORIENTED_EDGE('',*,*,#5255,.T.);
#3519=ORIENTED_EDGE('',*,*,#5258,.T.);
#3520=ORIENTED_EDGE('',*,*,#5261,.T.);
#3521=ORIENTED_EDGE('',*,*,#5264,.T.);
#3522=ORIENTED_EDGE('',*,*,#5136,.T.);
#3523=ORIENTED_EDGE('',*,*,#5139,.T.);
#3524=ORIENTED_EDGE('',*,*,#5142,.T.);
#3525=ORIENTED_EDGE('',*,*,#5145,.T.);
#3526=ORIENTED_EDGE('',*,*,#5148,.T.);
#3527=ORIENTED_EDGE('',*,*,#5098,.T.);
#3528=ORIENTED_EDGE('',*,*,#5102,.T.);
#3529=ORIENTED_EDGE('',*,*,#5105,.T.);
#3530=ORIENTED_EDGE('',*,*,#5108,.T.);
#3531=ORIENTED_EDGE('',*,*,#5111,.T.);
#3532=ORIENTED_EDGE('',*,*,#5327,.F.);
#3533=ORIENTED_EDGE('',*,*,#5334,.T.);
#3534=ORIENTED_EDGE('',*,*,#5335,.F.);
#3535=ORIENTED_EDGE('',*,*,#5336,.F.);
#3536=ORIENTED_EDGE('',*,*,#5328,.F.);
#3537=ORIENTED_EDGE('',*,*,#5336,.T.);
#3538=ORIENTED_EDGE('',*,*,#5337,.F.);
#3539=ORIENTED_EDGE('',*,*,#5338,.F.);
#3540=ORIENTED_EDGE('',*,*,#5329,.F.);
#3541=ORIENTED_EDGE('',*,*,#5338,.T.);
#3542=ORIENTED_EDGE('',*,*,#5339,.F.);
#3543=ORIENTED_EDGE('',*,*,#5340,.F.);
#3544=ORIENTED_EDGE('',*,*,#5330,.F.);
#3545=ORIENTED_EDGE('',*,*,#5340,.T.);
#3546=ORIENTED_EDGE('',*,*,#5341,.F.);
#3547=ORIENTED_EDGE('',*,*,#5342,.F.);
#3548=ORIENTED_EDGE('',*,*,#5331,.F.);
#3549=ORIENTED_EDGE('',*,*,#5342,.T.);
#3550=ORIENTED_EDGE('',*,*,#5343,.F.);
#3551=ORIENTED_EDGE('',*,*,#5344,.F.);
#3552=ORIENTED_EDGE('',*,*,#5332,.F.);
#3553=ORIENTED_EDGE('',*,*,#5344,.T.);
#3554=ORIENTED_EDGE('',*,*,#5345,.F.);
#3555=ORIENTED_EDGE('',*,*,#5346,.F.);
#3556=ORIENTED_EDGE('',*,*,#5333,.F.);
#3557=ORIENTED_EDGE('',*,*,#5346,.T.);
#3558=ORIENTED_EDGE('',*,*,#5347,.F.);
#3559=ORIENTED_EDGE('',*,*,#5348,.F.);
#3560=ORIENTED_EDGE('',*,*,#5326,.F.);
#3561=ORIENTED_EDGE('',*,*,#5348,.T.);
#3562=ORIENTED_EDGE('',*,*,#5349,.F.);
#3563=ORIENTED_EDGE('',*,*,#5334,.F.);
#3564=ORIENTED_EDGE('',*,*,#4932,.T.);
#3565=ORIENTED_EDGE('',*,*,#4921,.T.);
#3566=ORIENTED_EDGE('',*,*,#4924,.T.);
#3567=ORIENTED_EDGE('',*,*,#4927,.T.);
#3568=ORIENTED_EDGE('',*,*,#4930,.T.);
#3569=ORIENTED_EDGE('',*,*,#4908,.T.);
#3570=ORIENTED_EDGE('',*,*,#4912,.T.);
#3571=ORIENTED_EDGE('',*,*,#4915,.T.);
#3572=ORIENTED_EDGE('',*,*,#4918,.T.);
#3573=ORIENTED_EDGE('',*,*,#5294,.T.);
#3574=ORIENTED_EDGE('',*,*,#5297,.T.);
#3575=ORIENTED_EDGE('',*,*,#5300,.T.);
#3576=ORIENTED_EDGE('',*,*,#5303,.T.);
#3577=ORIENTED_EDGE('',*,*,#5284,.T.);
#3578=ORIENTED_EDGE('',*,*,#5288,.T.);
#3579=ORIENTED_EDGE('',*,*,#5291,.T.);
#3580=ORIENTED_EDGE('',*,*,#5315,.T.);
#3581=ORIENTED_EDGE('',*,*,#5318,.T.);
#3582=ORIENTED_EDGE('',*,*,#5321,.T.);
#3583=ORIENTED_EDGE('',*,*,#5324,.T.);
#3584=ORIENTED_EDGE('',*,*,#5305,.T.);
#3585=ORIENTED_EDGE('',*,*,#5309,.T.);
#3586=ORIENTED_EDGE('',*,*,#5312,.T.);
#3587=ORIENTED_EDGE('',*,*,#5349,.T.);
#3588=ORIENTED_EDGE('',*,*,#5347,.T.);
#3589=ORIENTED_EDGE('',*,*,#5345,.T.);
#3590=ORIENTED_EDGE('',*,*,#5343,.T.);
#3591=ORIENTED_EDGE('',*,*,#5341,.T.);
#3592=ORIENTED_EDGE('',*,*,#5339,.T.);
#3593=ORIENTED_EDGE('',*,*,#5337,.T.);
#3594=ORIENTED_EDGE('',*,*,#5335,.T.);
#3595=ORIENTED_EDGE('',*,*,#5350,.T.);
#3596=ORIENTED_EDGE('',*,*,#5351,.T.);
#3597=ORIENTED_EDGE('',*,*,#5352,.F.);
#3598=ORIENTED_EDGE('',*,*,#5353,.F.);
#3599=ORIENTED_EDGE('',*,*,#5354,.T.);
#3600=ORIENTED_EDGE('',*,*,#5353,.T.);
#3601=ORIENTED_EDGE('',*,*,#5355,.F.);
#3602=ORIENTED_EDGE('',*,*,#5356,.F.);
#3603=ORIENTED_EDGE('',*,*,#5357,.T.);
#3604=ORIENTED_EDGE('',*,*,#5356,.T.);
#3605=ORIENTED_EDGE('',*,*,#5358,.F.);
#3606=ORIENTED_EDGE('',*,*,#5359,.F.);
#3607=ORIENTED_EDGE('',*,*,#5360,.T.);
#3608=ORIENTED_EDGE('',*,*,#5359,.T.);
#3609=ORIENTED_EDGE('',*,*,#5361,.F.);
#3610=ORIENTED_EDGE('',*,*,#5362,.F.);
#3611=ORIENTED_EDGE('',*,*,#5363,.T.);
#3612=ORIENTED_EDGE('',*,*,#5362,.T.);
#3613=ORIENTED_EDGE('',*,*,#5364,.F.);
#3614=ORIENTED_EDGE('',*,*,#5365,.F.);
#3615=ORIENTED_EDGE('',*,*,#5366,.T.);
#3616=ORIENTED_EDGE('',*,*,#5365,.T.);
#3617=ORIENTED_EDGE('',*,*,#5367,.F.);
#3618=ORIENTED_EDGE('',*,*,#5351,.F.);
#3619=ORIENTED_EDGE('',*,*,#5367,.T.);
#3620=ORIENTED_EDGE('',*,*,#5364,.T.);
#3621=ORIENTED_EDGE('',*,*,#5361,.T.);
#3622=ORIENTED_EDGE('',*,*,#5358,.T.);
#3623=ORIENTED_EDGE('',*,*,#5355,.T.);
#3624=ORIENTED_EDGE('',*,*,#5352,.T.);
#3625=ORIENTED_EDGE('',*,*,#5366,.F.);
#3626=ORIENTED_EDGE('',*,*,#5350,.F.);
#3627=ORIENTED_EDGE('',*,*,#5354,.F.);
#3628=ORIENTED_EDGE('',*,*,#5357,.F.);
#3629=ORIENTED_EDGE('',*,*,#5360,.F.);
#3630=ORIENTED_EDGE('',*,*,#5363,.F.);
#3631=ORIENTED_EDGE('',*,*,#5368,.F.);
#3632=ORIENTED_EDGE('',*,*,#5369,.T.);
#3633=ORIENTED_EDGE('',*,*,#5370,.F.);
#3634=ORIENTED_EDGE('',*,*,#5371,.F.);
#3635=ORIENTED_EDGE('',*,*,#5372,.F.);
#3636=ORIENTED_EDGE('',*,*,#5371,.T.);
#3637=ORIENTED_EDGE('',*,*,#5373,.F.);
#3638=ORIENTED_EDGE('',*,*,#5374,.F.);
#3639=ORIENTED_EDGE('',*,*,#5375,.F.);
#3640=ORIENTED_EDGE('',*,*,#5374,.T.);
#3641=ORIENTED_EDGE('',*,*,#5376,.F.);
#3642=ORIENTED_EDGE('',*,*,#5377,.F.);
#3643=ORIENTED_EDGE('',*,*,#5378,.F.);
#3644=ORIENTED_EDGE('',*,*,#5377,.T.);
#3645=ORIENTED_EDGE('',*,*,#5379,.F.);
#3646=ORIENTED_EDGE('',*,*,#5369,.F.);
#3647=ORIENTED_EDGE('',*,*,#5378,.T.);
#3648=ORIENTED_EDGE('',*,*,#5368,.T.);
#3649=ORIENTED_EDGE('',*,*,#5372,.T.);
#3650=ORIENTED_EDGE('',*,*,#5375,.T.);
#3651=ORIENTED_EDGE('',*,*,#5379,.T.);
#3652=ORIENTED_EDGE('',*,*,#5376,.T.);
#3653=ORIENTED_EDGE('',*,*,#5373,.T.);
#3654=ORIENTED_EDGE('',*,*,#5370,.T.);
#3655=ORIENTED_EDGE('',*,*,#5380,.T.);
#3656=ORIENTED_EDGE('',*,*,#5381,.T.);
#3657=ORIENTED_EDGE('',*,*,#5382,.F.);
#3658=ORIENTED_EDGE('',*,*,#5383,.F.);
#3659=ORIENTED_EDGE('',*,*,#5384,.T.);
#3660=ORIENTED_EDGE('',*,*,#5383,.T.);
#3661=ORIENTED_EDGE('',*,*,#5385,.F.);
#3662=ORIENTED_EDGE('',*,*,#5386,.F.);
#3663=ORIENTED_EDGE('',*,*,#5387,.T.);
#3664=ORIENTED_EDGE('',*,*,#5386,.T.);
#3665=ORIENTED_EDGE('',*,*,#5388,.F.);
#3666=ORIENTED_EDGE('',*,*,#5389,.F.);
#3667=ORIENTED_EDGE('',*,*,#5390,.T.);
#3668=ORIENTED_EDGE('',*,*,#5389,.T.);
#3669=ORIENTED_EDGE('',*,*,#5391,.F.);
#3670=ORIENTED_EDGE('',*,*,#5392,.F.);
#3671=ORIENTED_EDGE('',*,*,#5393,.T.);
#3672=ORIENTED_EDGE('',*,*,#5392,.T.);
#3673=ORIENTED_EDGE('',*,*,#5394,.F.);
#3674=ORIENTED_EDGE('',*,*,#5395,.F.);
#3675=ORIENTED_EDGE('',*,*,#5396,.T.);
#3676=ORIENTED_EDGE('',*,*,#5395,.T.);
#3677=ORIENTED_EDGE('',*,*,#5397,.F.);
#3678=ORIENTED_EDGE('',*,*,#5398,.F.);
#3679=ORIENTED_EDGE('',*,*,#5399,.T.);
#3680=ORIENTED_EDGE('',*,*,#5398,.T.);
#3681=ORIENTED_EDGE('',*,*,#5400,.F.);
#3682=ORIENTED_EDGE('',*,*,#5401,.F.);
#3683=ORIENTED_EDGE('',*,*,#5402,.T.);
#3684=ORIENTED_EDGE('',*,*,#5401,.T.);
#3685=ORIENTED_EDGE('',*,*,#5403,.F.);
#3686=ORIENTED_EDGE('',*,*,#5404,.F.);
#3687=ORIENTED_EDGE('',*,*,#5405,.T.);
#3688=ORIENTED_EDGE('',*,*,#5404,.T.);
#3689=ORIENTED_EDGE('',*,*,#5406,.F.);
#3690=ORIENTED_EDGE('',*,*,#5407,.F.);
#3691=ORIENTED_EDGE('',*,*,#5408,.T.);
#3692=ORIENTED_EDGE('',*,*,#5407,.T.);
#3693=ORIENTED_EDGE('',*,*,#5409,.F.);
#3694=ORIENTED_EDGE('',*,*,#5410,.F.);
#3695=ORIENTED_EDGE('',*,*,#5411,.T.);
#3696=ORIENTED_EDGE('',*,*,#5410,.T.);
#3697=ORIENTED_EDGE('',*,*,#5412,.F.);
#3698=ORIENTED_EDGE('',*,*,#5413,.F.);
#3699=ORIENTED_EDGE('',*,*,#5414,.T.);
#3700=ORIENTED_EDGE('',*,*,#5413,.T.);
#3701=ORIENTED_EDGE('',*,*,#5415,.F.);
#3702=ORIENTED_EDGE('',*,*,#5416,.F.);
#3703=ORIENTED_EDGE('',*,*,#5417,.T.);
#3704=ORIENTED_EDGE('',*,*,#5416,.T.);
#3705=ORIENTED_EDGE('',*,*,#5418,.F.);
#3706=ORIENTED_EDGE('',*,*,#5419,.F.);
#3707=ORIENTED_EDGE('',*,*,#5420,.T.);
#3708=ORIENTED_EDGE('',*,*,#5419,.T.);
#3709=ORIENTED_EDGE('',*,*,#5421,.F.);
#3710=ORIENTED_EDGE('',*,*,#5422,.F.);
#3711=ORIENTED_EDGE('',*,*,#5423,.T.);
#3712=ORIENTED_EDGE('',*,*,#5422,.T.);
#3713=ORIENTED_EDGE('',*,*,#5424,.F.);
#3714=ORIENTED_EDGE('',*,*,#5425,.F.);
#3715=ORIENTED_EDGE('',*,*,#5426,.T.);
#3716=ORIENTED_EDGE('',*,*,#5425,.T.);
#3717=ORIENTED_EDGE('',*,*,#5427,.F.);
#3718=ORIENTED_EDGE('',*,*,#5428,.F.);
#3719=ORIENTED_EDGE('',*,*,#5429,.T.);
#3720=ORIENTED_EDGE('',*,*,#5428,.T.);
#3721=ORIENTED_EDGE('',*,*,#5430,.F.);
#3722=ORIENTED_EDGE('',*,*,#5431,.F.);
#3723=ORIENTED_EDGE('',*,*,#5432,.T.);
#3724=ORIENTED_EDGE('',*,*,#5431,.T.);
#3725=ORIENTED_EDGE('',*,*,#5433,.F.);
#3726=ORIENTED_EDGE('',*,*,#5434,.F.);
#3727=ORIENTED_EDGE('',*,*,#5435,.T.);
#3728=ORIENTED_EDGE('',*,*,#5434,.T.);
#3729=ORIENTED_EDGE('',*,*,#5436,.F.);
#3730=ORIENTED_EDGE('',*,*,#5437,.F.);
#3731=ORIENTED_EDGE('',*,*,#5438,.T.);
#3732=ORIENTED_EDGE('',*,*,#5437,.T.);
#3733=ORIENTED_EDGE('',*,*,#5439,.F.);
#3734=ORIENTED_EDGE('',*,*,#5440,.F.);
#3735=ORIENTED_EDGE('',*,*,#5441,.T.);
#3736=ORIENTED_EDGE('',*,*,#5440,.T.);
#3737=ORIENTED_EDGE('',*,*,#5442,.F.);
#3738=ORIENTED_EDGE('',*,*,#5443,.F.);
#3739=ORIENTED_EDGE('',*,*,#5444,.T.);
#3740=ORIENTED_EDGE('',*,*,#5443,.T.);
#3741=ORIENTED_EDGE('',*,*,#5445,.F.);
#3742=ORIENTED_EDGE('',*,*,#5446,.F.);
#3743=ORIENTED_EDGE('',*,*,#5447,.T.);
#3744=ORIENTED_EDGE('',*,*,#5446,.T.);
#3745=ORIENTED_EDGE('',*,*,#5448,.F.);
#3746=ORIENTED_EDGE('',*,*,#5449,.F.);
#3747=ORIENTED_EDGE('',*,*,#5450,.T.);
#3748=ORIENTED_EDGE('',*,*,#5449,.T.);
#3749=ORIENTED_EDGE('',*,*,#5451,.F.);
#3750=ORIENTED_EDGE('',*,*,#5452,.F.);
#3751=ORIENTED_EDGE('',*,*,#5453,.T.);
#3752=ORIENTED_EDGE('',*,*,#5452,.T.);
#3753=ORIENTED_EDGE('',*,*,#5454,.F.);
#3754=ORIENTED_EDGE('',*,*,#5455,.F.);
#3755=ORIENTED_EDGE('',*,*,#5456,.T.);
#3756=ORIENTED_EDGE('',*,*,#5455,.T.);
#3757=ORIENTED_EDGE('',*,*,#5457,.F.);
#3758=ORIENTED_EDGE('',*,*,#5458,.F.);
#3759=ORIENTED_EDGE('',*,*,#5459,.T.);
#3760=ORIENTED_EDGE('',*,*,#5458,.T.);
#3761=ORIENTED_EDGE('',*,*,#5460,.F.);
#3762=ORIENTED_EDGE('',*,*,#5461,.F.);
#3763=ORIENTED_EDGE('',*,*,#5462,.T.);
#3764=ORIENTED_EDGE('',*,*,#5461,.T.);
#3765=ORIENTED_EDGE('',*,*,#5463,.F.);
#3766=ORIENTED_EDGE('',*,*,#5464,.F.);
#3767=ORIENTED_EDGE('',*,*,#5465,.T.);
#3768=ORIENTED_EDGE('',*,*,#5464,.T.);
#3769=ORIENTED_EDGE('',*,*,#5466,.F.);
#3770=ORIENTED_EDGE('',*,*,#5467,.F.);
#3771=ORIENTED_EDGE('',*,*,#5468,.T.);
#3772=ORIENTED_EDGE('',*,*,#5467,.T.);
#3773=ORIENTED_EDGE('',*,*,#5469,.F.);
#3774=ORIENTED_EDGE('',*,*,#5470,.F.);
#3775=ORIENTED_EDGE('',*,*,#5471,.T.);
#3776=ORIENTED_EDGE('',*,*,#5470,.T.);
#3777=ORIENTED_EDGE('',*,*,#5472,.F.);
#3778=ORIENTED_EDGE('',*,*,#5473,.F.);
#3779=ORIENTED_EDGE('',*,*,#5474,.T.);
#3780=ORIENTED_EDGE('',*,*,#5473,.T.);
#3781=ORIENTED_EDGE('',*,*,#5475,.F.);
#3782=ORIENTED_EDGE('',*,*,#5476,.F.);
#3783=ORIENTED_EDGE('',*,*,#5477,.T.);
#3784=ORIENTED_EDGE('',*,*,#5476,.T.);
#3785=ORIENTED_EDGE('',*,*,#5478,.F.);
#3786=ORIENTED_EDGE('',*,*,#5479,.F.);
#3787=ORIENTED_EDGE('',*,*,#5480,.T.);
#3788=ORIENTED_EDGE('',*,*,#5479,.T.);
#3789=ORIENTED_EDGE('',*,*,#5481,.F.);
#3790=ORIENTED_EDGE('',*,*,#5482,.F.);
#3791=ORIENTED_EDGE('',*,*,#5483,.T.);
#3792=ORIENTED_EDGE('',*,*,#5482,.T.);
#3793=ORIENTED_EDGE('',*,*,#5484,.F.);
#3794=ORIENTED_EDGE('',*,*,#5485,.F.);
#3795=ORIENTED_EDGE('',*,*,#5486,.T.);
#3796=ORIENTED_EDGE('',*,*,#5485,.T.);
#3797=ORIENTED_EDGE('',*,*,#5487,.F.);
#3798=ORIENTED_EDGE('',*,*,#5488,.F.);
#3799=ORIENTED_EDGE('',*,*,#5489,.T.);
#3800=ORIENTED_EDGE('',*,*,#5488,.T.);
#3801=ORIENTED_EDGE('',*,*,#5490,.F.);
#3802=ORIENTED_EDGE('',*,*,#5491,.F.);
#3803=ORIENTED_EDGE('',*,*,#5492,.T.);
#3804=ORIENTED_EDGE('',*,*,#5491,.T.);
#3805=ORIENTED_EDGE('',*,*,#5493,.F.);
#3806=ORIENTED_EDGE('',*,*,#5494,.F.);
#3807=ORIENTED_EDGE('',*,*,#5495,.T.);
#3808=ORIENTED_EDGE('',*,*,#5494,.T.);
#3809=ORIENTED_EDGE('',*,*,#5496,.F.);
#3810=ORIENTED_EDGE('',*,*,#5497,.F.);
#3811=ORIENTED_EDGE('',*,*,#5498,.T.);
#3812=ORIENTED_EDGE('',*,*,#5497,.T.);
#3813=ORIENTED_EDGE('',*,*,#5499,.F.);
#3814=ORIENTED_EDGE('',*,*,#5500,.F.);
#3815=ORIENTED_EDGE('',*,*,#5501,.T.);
#3816=ORIENTED_EDGE('',*,*,#5500,.T.);
#3817=ORIENTED_EDGE('',*,*,#5502,.F.);
#3818=ORIENTED_EDGE('',*,*,#5503,.F.);
#3819=ORIENTED_EDGE('',*,*,#5504,.T.);
#3820=ORIENTED_EDGE('',*,*,#5503,.T.);
#3821=ORIENTED_EDGE('',*,*,#5505,.F.);
#3822=ORIENTED_EDGE('',*,*,#5506,.F.);
#3823=ORIENTED_EDGE('',*,*,#5507,.T.);
#3824=ORIENTED_EDGE('',*,*,#5506,.T.);
#3825=ORIENTED_EDGE('',*,*,#5508,.F.);
#3826=ORIENTED_EDGE('',*,*,#5509,.F.);
#3827=ORIENTED_EDGE('',*,*,#5510,.T.);
#3828=ORIENTED_EDGE('',*,*,#5509,.T.);
#3829=ORIENTED_EDGE('',*,*,#5511,.F.);
#3830=ORIENTED_EDGE('',*,*,#5512,.F.);
#3831=ORIENTED_EDGE('',*,*,#5513,.T.);
#3832=ORIENTED_EDGE('',*,*,#5512,.T.);
#3833=ORIENTED_EDGE('',*,*,#5514,.F.);
#3834=ORIENTED_EDGE('',*,*,#5515,.F.);
#3835=ORIENTED_EDGE('',*,*,#5516,.T.);
#3836=ORIENTED_EDGE('',*,*,#5515,.T.);
#3837=ORIENTED_EDGE('',*,*,#5517,.F.);
#3838=ORIENTED_EDGE('',*,*,#5518,.F.);
#3839=ORIENTED_EDGE('',*,*,#5519,.T.);
#3840=ORIENTED_EDGE('',*,*,#5518,.T.);
#3841=ORIENTED_EDGE('',*,*,#5520,.F.);
#3842=ORIENTED_EDGE('',*,*,#5521,.F.);
#3843=ORIENTED_EDGE('',*,*,#5522,.T.);
#3844=ORIENTED_EDGE('',*,*,#5521,.T.);
#3845=ORIENTED_EDGE('',*,*,#5523,.F.);
#3846=ORIENTED_EDGE('',*,*,#5524,.F.);
#3847=ORIENTED_EDGE('',*,*,#5525,.T.);
#3848=ORIENTED_EDGE('',*,*,#5524,.T.);
#3849=ORIENTED_EDGE('',*,*,#5526,.F.);
#3850=ORIENTED_EDGE('',*,*,#5527,.F.);
#3851=ORIENTED_EDGE('',*,*,#5528,.T.);
#3852=ORIENTED_EDGE('',*,*,#5527,.T.);
#3853=ORIENTED_EDGE('',*,*,#5529,.F.);
#3854=ORIENTED_EDGE('',*,*,#5530,.F.);
#3855=ORIENTED_EDGE('',*,*,#5531,.T.);
#3856=ORIENTED_EDGE('',*,*,#5530,.T.);
#3857=ORIENTED_EDGE('',*,*,#5532,.F.);
#3858=ORIENTED_EDGE('',*,*,#5533,.F.);
#3859=ORIENTED_EDGE('',*,*,#5534,.T.);
#3860=ORIENTED_EDGE('',*,*,#5533,.T.);
#3861=ORIENTED_EDGE('',*,*,#5535,.F.);
#3862=ORIENTED_EDGE('',*,*,#5536,.F.);
#3863=ORIENTED_EDGE('',*,*,#5537,.T.);
#3864=ORIENTED_EDGE('',*,*,#5536,.T.);
#3865=ORIENTED_EDGE('',*,*,#5538,.F.);
#3866=ORIENTED_EDGE('',*,*,#5539,.F.);
#3867=ORIENTED_EDGE('',*,*,#5540,.T.);
#3868=ORIENTED_EDGE('',*,*,#5539,.T.);
#3869=ORIENTED_EDGE('',*,*,#5541,.F.);
#3870=ORIENTED_EDGE('',*,*,#5542,.F.);
#3871=ORIENTED_EDGE('',*,*,#5543,.T.);
#3872=ORIENTED_EDGE('',*,*,#5542,.T.);
#3873=ORIENTED_EDGE('',*,*,#5544,.F.);
#3874=ORIENTED_EDGE('',*,*,#5545,.F.);
#3875=ORIENTED_EDGE('',*,*,#5546,.T.);
#3876=ORIENTED_EDGE('',*,*,#5545,.T.);
#3877=ORIENTED_EDGE('',*,*,#5547,.F.);
#3878=ORIENTED_EDGE('',*,*,#5548,.F.);
#3879=ORIENTED_EDGE('',*,*,#5549,.T.);
#3880=ORIENTED_EDGE('',*,*,#5548,.T.);
#3881=ORIENTED_EDGE('',*,*,#5550,.F.);
#3882=ORIENTED_EDGE('',*,*,#5381,.F.);
#3883=ORIENTED_EDGE('',*,*,#5550,.T.);
#3884=ORIENTED_EDGE('',*,*,#5547,.T.);
#3885=ORIENTED_EDGE('',*,*,#5544,.T.);
#3886=ORIENTED_EDGE('',*,*,#5541,.T.);
#3887=ORIENTED_EDGE('',*,*,#5538,.T.);
#3888=ORIENTED_EDGE('',*,*,#5535,.T.);
#3889=ORIENTED_EDGE('',*,*,#5532,.T.);
#3890=ORIENTED_EDGE('',*,*,#5529,.T.);
#3891=ORIENTED_EDGE('',*,*,#5526,.T.);
#3892=ORIENTED_EDGE('',*,*,#5523,.T.);
#3893=ORIENTED_EDGE('',*,*,#5520,.T.);
#3894=ORIENTED_EDGE('',*,*,#5517,.T.);
#3895=ORIENTED_EDGE('',*,*,#5514,.T.);
#3896=ORIENTED_EDGE('',*,*,#5511,.T.);
#3897=ORIENTED_EDGE('',*,*,#5508,.T.);
#3898=ORIENTED_EDGE('',*,*,#5505,.T.);
#3899=ORIENTED_EDGE('',*,*,#5502,.T.);
#3900=ORIENTED_EDGE('',*,*,#5499,.T.);
#3901=ORIENTED_EDGE('',*,*,#5496,.T.);
#3902=ORIENTED_EDGE('',*,*,#5493,.T.);
#3903=ORIENTED_EDGE('',*,*,#5490,.T.);
#3904=ORIENTED_EDGE('',*,*,#5487,.T.);
#3905=ORIENTED_EDGE('',*,*,#5484,.T.);
#3906=ORIENTED_EDGE('',*,*,#5481,.T.);
#3907=ORIENTED_EDGE('',*,*,#5478,.T.);
#3908=ORIENTED_EDGE('',*,*,#5475,.T.);
#3909=ORIENTED_EDGE('',*,*,#5472,.T.);
#3910=ORIENTED_EDGE('',*,*,#5469,.T.);
#3911=ORIENTED_EDGE('',*,*,#5466,.T.);
#3912=ORIENTED_EDGE('',*,*,#5463,.T.);
#3913=ORIENTED_EDGE('',*,*,#5460,.T.);
#3914=ORIENTED_EDGE('',*,*,#5457,.T.);
#3915=ORIENTED_EDGE('',*,*,#5454,.T.);
#3916=ORIENTED_EDGE('',*,*,#5451,.T.);
#3917=ORIENTED_EDGE('',*,*,#5448,.T.);
#3918=ORIENTED_EDGE('',*,*,#5445,.T.);
#3919=ORIENTED_EDGE('',*,*,#5442,.T.);
#3920=ORIENTED_EDGE('',*,*,#5439,.T.);
#3921=ORIENTED_EDGE('',*,*,#5436,.T.);
#3922=ORIENTED_EDGE('',*,*,#5433,.T.);
#3923=ORIENTED_EDGE('',*,*,#5430,.T.);
#3924=ORIENTED_EDGE('',*,*,#5427,.T.);
#3925=ORIENTED_EDGE('',*,*,#5424,.T.);
#3926=ORIENTED_EDGE('',*,*,#5421,.T.);
#3927=ORIENTED_EDGE('',*,*,#5418,.T.);
#3928=ORIENTED_EDGE('',*,*,#5415,.T.);
#3929=ORIENTED_EDGE('',*,*,#5412,.T.);
#3930=ORIENTED_EDGE('',*,*,#5409,.T.);
#3931=ORIENTED_EDGE('',*,*,#5406,.T.);
#3932=ORIENTED_EDGE('',*,*,#5403,.T.);
#3933=ORIENTED_EDGE('',*,*,#5400,.T.);
#3934=ORIENTED_EDGE('',*,*,#5397,.T.);
#3935=ORIENTED_EDGE('',*,*,#5394,.T.);
#3936=ORIENTED_EDGE('',*,*,#5391,.T.);
#3937=ORIENTED_EDGE('',*,*,#5388,.T.);
#3938=ORIENTED_EDGE('',*,*,#5385,.T.);
#3939=ORIENTED_EDGE('',*,*,#5382,.T.);
#3940=ORIENTED_EDGE('',*,*,#5549,.F.);
#3941=ORIENTED_EDGE('',*,*,#5380,.F.);
#3942=ORIENTED_EDGE('',*,*,#5384,.F.);
#3943=ORIENTED_EDGE('',*,*,#5387,.F.);
#3944=ORIENTED_EDGE('',*,*,#5390,.F.);
#3945=ORIENTED_EDGE('',*,*,#5393,.F.);
#3946=ORIENTED_EDGE('',*,*,#5396,.F.);
#3947=ORIENTED_EDGE('',*,*,#5399,.F.);
#3948=ORIENTED_EDGE('',*,*,#5402,.F.);
#3949=ORIENTED_EDGE('',*,*,#5405,.F.);
#3950=ORIENTED_EDGE('',*,*,#5408,.F.);
#3951=ORIENTED_EDGE('',*,*,#5411,.F.);
#3952=ORIENTED_EDGE('',*,*,#5414,.F.);
#3953=ORIENTED_EDGE('',*,*,#5417,.F.);
#3954=ORIENTED_EDGE('',*,*,#5420,.F.);
#3955=ORIENTED_EDGE('',*,*,#5423,.F.);
#3956=ORIENTED_EDGE('',*,*,#5426,.F.);
#3957=ORIENTED_EDGE('',*,*,#5429,.F.);
#3958=ORIENTED_EDGE('',*,*,#5432,.F.);
#3959=ORIENTED_EDGE('',*,*,#5435,.F.);
#3960=ORIENTED_EDGE('',*,*,#5438,.F.);
#3961=ORIENTED_EDGE('',*,*,#5441,.F.);
#3962=ORIENTED_EDGE('',*,*,#5444,.F.);
#3963=ORIENTED_EDGE('',*,*,#5447,.F.);
#3964=ORIENTED_EDGE('',*,*,#5450,.F.);
#3965=ORIENTED_EDGE('',*,*,#5453,.F.);
#3966=ORIENTED_EDGE('',*,*,#5456,.F.);
#3967=ORIENTED_EDGE('',*,*,#5459,.F.);
#3968=ORIENTED_EDGE('',*,*,#5462,.F.);
#3969=ORIENTED_EDGE('',*,*,#5465,.F.);
#3970=ORIENTED_EDGE('',*,*,#5468,.F.);
#3971=ORIENTED_EDGE('',*,*,#5471,.F.);
#3972=ORIENTED_EDGE('',*,*,#5474,.F.);
#3973=ORIENTED_EDGE('',*,*,#5477,.F.);
#3974=ORIENTED_EDGE('',*,*,#5480,.F.);
#3975=ORIENTED_EDGE('',*,*,#5483,.F.);
#3976=ORIENTED_EDGE('',*,*,#5486,.F.);
#3977=ORIENTED_EDGE('',*,*,#5489,.F.);
#3978=ORIENTED_EDGE('',*,*,#5492,.F.);
#3979=ORIENTED_EDGE('',*,*,#5495,.F.);
#3980=ORIENTED_EDGE('',*,*,#5498,.F.);
#3981=ORIENTED_EDGE('',*,*,#5501,.F.);
#3982=ORIENTED_EDGE('',*,*,#5504,.F.);
#3983=ORIENTED_EDGE('',*,*,#5507,.F.);
#3984=ORIENTED_EDGE('',*,*,#5510,.F.);
#3985=ORIENTED_EDGE('',*,*,#5513,.F.);
#3986=ORIENTED_EDGE('',*,*,#5516,.F.);
#3987=ORIENTED_EDGE('',*,*,#5519,.F.);
#3988=ORIENTED_EDGE('',*,*,#5522,.F.);
#3989=ORIENTED_EDGE('',*,*,#5525,.F.);
#3990=ORIENTED_EDGE('',*,*,#5528,.F.);
#3991=ORIENTED_EDGE('',*,*,#5531,.F.);
#3992=ORIENTED_EDGE('',*,*,#5534,.F.);
#3993=ORIENTED_EDGE('',*,*,#5537,.F.);
#3994=ORIENTED_EDGE('',*,*,#5540,.F.);
#3995=ORIENTED_EDGE('',*,*,#5543,.F.);
#3996=ORIENTED_EDGE('',*,*,#5546,.F.);
#3997=ORIENTED_EDGE('',*,*,#5551,.T.);
#3998=ORIENTED_EDGE('',*,*,#5552,.T.);
#3999=ORIENTED_EDGE('',*,*,#5553,.F.);
#4000=ORIENTED_EDGE('',*,*,#5554,.F.);
#4001=ORIENTED_EDGE('',*,*,#5555,.T.);
#4002=ORIENTED_EDGE('',*,*,#5554,.T.);
#4003=ORIENTED_EDGE('',*,*,#5556,.F.);
#4004=ORIENTED_EDGE('',*,*,#5557,.F.);
#4005=ORIENTED_EDGE('',*,*,#5558,.T.);
#4006=ORIENTED_EDGE('',*,*,#5557,.T.);
#4007=ORIENTED_EDGE('',*,*,#5559,.F.);
#4008=ORIENTED_EDGE('',*,*,#5560,.F.);
#4009=ORIENTED_EDGE('',*,*,#5561,.T.);
#4010=ORIENTED_EDGE('',*,*,#5560,.T.);
#4011=ORIENTED_EDGE('',*,*,#5562,.F.);
#4012=ORIENTED_EDGE('',*,*,#5563,.F.);
#4013=ORIENTED_EDGE('',*,*,#5564,.T.);
#4014=ORIENTED_EDGE('',*,*,#5563,.T.);
#4015=ORIENTED_EDGE('',*,*,#5565,.F.);
#4016=ORIENTED_EDGE('',*,*,#5566,.F.);
#4017=ORIENTED_EDGE('',*,*,#5567,.T.);
#4018=ORIENTED_EDGE('',*,*,#5566,.T.);
#4019=ORIENTED_EDGE('',*,*,#5568,.F.);
#4020=ORIENTED_EDGE('',*,*,#5569,.F.);
#4021=ORIENTED_EDGE('',*,*,#5570,.T.);
#4022=ORIENTED_EDGE('',*,*,#5569,.T.);
#4023=ORIENTED_EDGE('',*,*,#5571,.F.);
#4024=ORIENTED_EDGE('',*,*,#5572,.F.);
#4025=ORIENTED_EDGE('',*,*,#5573,.T.);
#4026=ORIENTED_EDGE('',*,*,#5572,.T.);
#4027=ORIENTED_EDGE('',*,*,#5574,.F.);
#4028=ORIENTED_EDGE('',*,*,#5575,.F.);
#4029=ORIENTED_EDGE('',*,*,#5576,.T.);
#4030=ORIENTED_EDGE('',*,*,#5575,.T.);
#4031=ORIENTED_EDGE('',*,*,#5577,.F.);
#4032=ORIENTED_EDGE('',*,*,#5578,.F.);
#4033=ORIENTED_EDGE('',*,*,#5579,.T.);
#4034=ORIENTED_EDGE('',*,*,#5578,.T.);
#4035=ORIENTED_EDGE('',*,*,#5580,.F.);
#4036=ORIENTED_EDGE('',*,*,#5581,.F.);
#4037=ORIENTED_EDGE('',*,*,#5582,.T.);
#4038=ORIENTED_EDGE('',*,*,#5581,.T.);
#4039=ORIENTED_EDGE('',*,*,#5583,.F.);
#4040=ORIENTED_EDGE('',*,*,#5584,.F.);
#4041=ORIENTED_EDGE('',*,*,#5585,.T.);
#4042=ORIENTED_EDGE('',*,*,#5584,.T.);
#4043=ORIENTED_EDGE('',*,*,#5586,.F.);
#4044=ORIENTED_EDGE('',*,*,#5587,.F.);
#4045=ORIENTED_EDGE('',*,*,#5588,.T.);
#4046=ORIENTED_EDGE('',*,*,#5587,.T.);
#4047=ORIENTED_EDGE('',*,*,#5589,.F.);
#4048=ORIENTED_EDGE('',*,*,#5590,.F.);
#4049=ORIENTED_EDGE('',*,*,#5591,.T.);
#4050=ORIENTED_EDGE('',*,*,#5590,.T.);
#4051=ORIENTED_EDGE('',*,*,#5592,.F.);
#4052=ORIENTED_EDGE('',*,*,#5593,.F.);
#4053=ORIENTED_EDGE('',*,*,#5594,.T.);
#4054=ORIENTED_EDGE('',*,*,#5593,.T.);
#4055=ORIENTED_EDGE('',*,*,#5595,.F.);
#4056=ORIENTED_EDGE('',*,*,#5596,.F.);
#4057=ORIENTED_EDGE('',*,*,#5597,.T.);
#4058=ORIENTED_EDGE('',*,*,#5596,.T.);
#4059=ORIENTED_EDGE('',*,*,#5598,.F.);
#4060=ORIENTED_EDGE('',*,*,#5599,.F.);
#4061=ORIENTED_EDGE('',*,*,#5600,.T.);
#4062=ORIENTED_EDGE('',*,*,#5599,.T.);
#4063=ORIENTED_EDGE('',*,*,#5601,.F.);
#4064=ORIENTED_EDGE('',*,*,#5602,.F.);
#4065=ORIENTED_EDGE('',*,*,#5603,.T.);
#4066=ORIENTED_EDGE('',*,*,#5602,.T.);
#4067=ORIENTED_EDGE('',*,*,#5604,.F.);
#4068=ORIENTED_EDGE('',*,*,#5605,.F.);
#4069=ORIENTED_EDGE('',*,*,#5606,.T.);
#4070=ORIENTED_EDGE('',*,*,#5605,.T.);
#4071=ORIENTED_EDGE('',*,*,#5607,.F.);
#4072=ORIENTED_EDGE('',*,*,#5608,.F.);
#4073=ORIENTED_EDGE('',*,*,#5609,.T.);
#4074=ORIENTED_EDGE('',*,*,#5608,.T.);
#4075=ORIENTED_EDGE('',*,*,#5610,.F.);
#4076=ORIENTED_EDGE('',*,*,#5611,.F.);
#4077=ORIENTED_EDGE('',*,*,#5612,.T.);
#4078=ORIENTED_EDGE('',*,*,#5611,.T.);
#4079=ORIENTED_EDGE('',*,*,#5613,.F.);
#4080=ORIENTED_EDGE('',*,*,#5614,.F.);
#4081=ORIENTED_EDGE('',*,*,#5615,.T.);
#4082=ORIENTED_EDGE('',*,*,#5614,.T.);
#4083=ORIENTED_EDGE('',*,*,#5616,.F.);
#4084=ORIENTED_EDGE('',*,*,#5617,.F.);
#4085=ORIENTED_EDGE('',*,*,#5618,.T.);
#4086=ORIENTED_EDGE('',*,*,#5617,.T.);
#4087=ORIENTED_EDGE('',*,*,#5619,.F.);
#4088=ORIENTED_EDGE('',*,*,#5620,.F.);
#4089=ORIENTED_EDGE('',*,*,#5621,.T.);
#4090=ORIENTED_EDGE('',*,*,#5620,.T.);
#4091=ORIENTED_EDGE('',*,*,#5622,.F.);
#4092=ORIENTED_EDGE('',*,*,#5623,.F.);
#4093=ORIENTED_EDGE('',*,*,#5624,.T.);
#4094=ORIENTED_EDGE('',*,*,#5623,.T.);
#4095=ORIENTED_EDGE('',*,*,#5625,.F.);
#4096=ORIENTED_EDGE('',*,*,#5626,.F.);
#4097=ORIENTED_EDGE('',*,*,#5627,.T.);
#4098=ORIENTED_EDGE('',*,*,#5626,.T.);
#4099=ORIENTED_EDGE('',*,*,#5628,.F.);
#4100=ORIENTED_EDGE('',*,*,#5629,.F.);
#4101=ORIENTED_EDGE('',*,*,#5630,.T.);
#4102=ORIENTED_EDGE('',*,*,#5629,.T.);
#4103=ORIENTED_EDGE('',*,*,#5631,.F.);
#4104=ORIENTED_EDGE('',*,*,#5632,.F.);
#4105=ORIENTED_EDGE('',*,*,#5633,.T.);
#4106=ORIENTED_EDGE('',*,*,#5632,.T.);
#4107=ORIENTED_EDGE('',*,*,#5634,.F.);
#4108=ORIENTED_EDGE('',*,*,#5552,.F.);
#4109=ORIENTED_EDGE('',*,*,#5634,.T.);
#4110=ORIENTED_EDGE('',*,*,#5631,.T.);
#4111=ORIENTED_EDGE('',*,*,#5628,.T.);
#4112=ORIENTED_EDGE('',*,*,#5625,.T.);
#4113=ORIENTED_EDGE('',*,*,#5622,.T.);
#4114=ORIENTED_EDGE('',*,*,#5619,.T.);
#4115=ORIENTED_EDGE('',*,*,#5616,.T.);
#4116=ORIENTED_EDGE('',*,*,#5613,.T.);
#4117=ORIENTED_EDGE('',*,*,#5610,.T.);
#4118=ORIENTED_EDGE('',*,*,#5607,.T.);
#4119=ORIENTED_EDGE('',*,*,#5604,.T.);
#4120=ORIENTED_EDGE('',*,*,#5601,.T.);
#4121=ORIENTED_EDGE('',*,*,#5598,.T.);
#4122=ORIENTED_EDGE('',*,*,#5595,.T.);
#4123=ORIENTED_EDGE('',*,*,#5592,.T.);
#4124=ORIENTED_EDGE('',*,*,#5589,.T.);
#4125=ORIENTED_EDGE('',*,*,#5586,.T.);
#4126=ORIENTED_EDGE('',*,*,#5583,.T.);
#4127=ORIENTED_EDGE('',*,*,#5580,.T.);
#4128=ORIENTED_EDGE('',*,*,#5577,.T.);
#4129=ORIENTED_EDGE('',*,*,#5574,.T.);
#4130=ORIENTED_EDGE('',*,*,#5571,.T.);
#4131=ORIENTED_EDGE('',*,*,#5568,.T.);
#4132=ORIENTED_EDGE('',*,*,#5565,.T.);
#4133=ORIENTED_EDGE('',*,*,#5562,.T.);
#4134=ORIENTED_EDGE('',*,*,#5559,.T.);
#4135=ORIENTED_EDGE('',*,*,#5556,.T.);
#4136=ORIENTED_EDGE('',*,*,#5553,.T.);
#4137=ORIENTED_EDGE('',*,*,#5633,.F.);
#4138=ORIENTED_EDGE('',*,*,#5551,.F.);
#4139=ORIENTED_EDGE('',*,*,#5555,.F.);
#4140=ORIENTED_EDGE('',*,*,#5558,.F.);
#4141=ORIENTED_EDGE('',*,*,#5561,.F.);
#4142=ORIENTED_EDGE('',*,*,#5564,.F.);
#4143=ORIENTED_EDGE('',*,*,#5567,.F.);
#4144=ORIENTED_EDGE('',*,*,#5570,.F.);
#4145=ORIENTED_EDGE('',*,*,#5573,.F.);
#4146=ORIENTED_EDGE('',*,*,#5576,.F.);
#4147=ORIENTED_EDGE('',*,*,#5579,.F.);
#4148=ORIENTED_EDGE('',*,*,#5582,.F.);
#4149=ORIENTED_EDGE('',*,*,#5585,.F.);
#4150=ORIENTED_EDGE('',*,*,#5588,.F.);
#4151=ORIENTED_EDGE('',*,*,#5591,.F.);
#4152=ORIENTED_EDGE('',*,*,#5594,.F.);
#4153=ORIENTED_EDGE('',*,*,#5597,.F.);
#4154=ORIENTED_EDGE('',*,*,#5600,.F.);
#4155=ORIENTED_EDGE('',*,*,#5603,.F.);
#4156=ORIENTED_EDGE('',*,*,#5606,.F.);
#4157=ORIENTED_EDGE('',*,*,#5609,.F.);
#4158=ORIENTED_EDGE('',*,*,#5612,.F.);
#4159=ORIENTED_EDGE('',*,*,#5615,.F.);
#4160=ORIENTED_EDGE('',*,*,#5618,.F.);
#4161=ORIENTED_EDGE('',*,*,#5621,.F.);
#4162=ORIENTED_EDGE('',*,*,#5624,.F.);
#4163=ORIENTED_EDGE('',*,*,#5627,.F.);
#4164=ORIENTED_EDGE('',*,*,#5630,.F.);
#4165=ORIENTED_EDGE('',*,*,#5635,.T.);
#4166=ORIENTED_EDGE('',*,*,#5636,.T.);
#4167=ORIENTED_EDGE('',*,*,#5637,.F.);
#4168=ORIENTED_EDGE('',*,*,#5638,.F.);
#4169=ORIENTED_EDGE('',*,*,#5639,.T.);
#4170=ORIENTED_EDGE('',*,*,#5638,.T.);
#4171=ORIENTED_EDGE('',*,*,#5640,.F.);
#4172=ORIENTED_EDGE('',*,*,#5641,.F.);
#4173=ORIENTED_EDGE('',*,*,#5642,.T.);
#4174=ORIENTED_EDGE('',*,*,#5641,.T.);
#4175=ORIENTED_EDGE('',*,*,#5643,.F.);
#4176=ORIENTED_EDGE('',*,*,#5644,.F.);
#4177=ORIENTED_EDGE('',*,*,#5645,.T.);
#4178=ORIENTED_EDGE('',*,*,#5644,.T.);
#4179=ORIENTED_EDGE('',*,*,#5646,.F.);
#4180=ORIENTED_EDGE('',*,*,#5647,.F.);
#4181=ORIENTED_EDGE('',*,*,#5648,.T.);
#4182=ORIENTED_EDGE('',*,*,#5647,.T.);
#4183=ORIENTED_EDGE('',*,*,#5649,.F.);
#4184=ORIENTED_EDGE('',*,*,#5650,.F.);
#4185=ORIENTED_EDGE('',*,*,#5651,.T.);
#4186=ORIENTED_EDGE('',*,*,#5650,.T.);
#4187=ORIENTED_EDGE('',*,*,#5652,.F.);
#4188=ORIENTED_EDGE('',*,*,#5653,.F.);
#4189=ORIENTED_EDGE('',*,*,#5654,.T.);
#4190=ORIENTED_EDGE('',*,*,#5653,.T.);
#4191=ORIENTED_EDGE('',*,*,#5655,.F.);
#4192=ORIENTED_EDGE('',*,*,#5636,.F.);
#4193=ORIENTED_EDGE('',*,*,#5655,.T.);
#4194=ORIENTED_EDGE('',*,*,#5652,.T.);
#4195=ORIENTED_EDGE('',*,*,#5649,.T.);
#4196=ORIENTED_EDGE('',*,*,#5646,.T.);
#4197=ORIENTED_EDGE('',*,*,#5643,.T.);
#4198=ORIENTED_EDGE('',*,*,#5640,.T.);
#4199=ORIENTED_EDGE('',*,*,#5637,.T.);
#4200=ORIENTED_EDGE('',*,*,#5654,.F.);
#4201=ORIENTED_EDGE('',*,*,#5635,.F.);
#4202=ORIENTED_EDGE('',*,*,#5639,.F.);
#4203=ORIENTED_EDGE('',*,*,#5642,.F.);
#4204=ORIENTED_EDGE('',*,*,#5645,.F.);
#4205=ORIENTED_EDGE('',*,*,#5648,.F.);
#4206=ORIENTED_EDGE('',*,*,#5651,.F.);
#4207=ORIENTED_EDGE('',*,*,#5656,.T.);
#4208=ORIENTED_EDGE('',*,*,#5657,.T.);
#4209=ORIENTED_EDGE('',*,*,#5658,.F.);
#4210=ORIENTED_EDGE('',*,*,#5659,.F.);
#4211=ORIENTED_EDGE('',*,*,#5660,.T.);
#4212=ORIENTED_EDGE('',*,*,#5659,.T.);
#4213=ORIENTED_EDGE('',*,*,#5661,.F.);
#4214=ORIENTED_EDGE('',*,*,#5662,.F.);
#4215=ORIENTED_EDGE('',*,*,#5663,.T.);
#4216=ORIENTED_EDGE('',*,*,#5662,.T.);
#4217=ORIENTED_EDGE('',*,*,#5664,.F.);
#4218=ORIENTED_EDGE('',*,*,#5665,.F.);
#4219=ORIENTED_EDGE('',*,*,#5666,.T.);
#4220=ORIENTED_EDGE('',*,*,#5665,.T.);
#4221=ORIENTED_EDGE('',*,*,#5667,.F.);
#4222=ORIENTED_EDGE('',*,*,#5668,.F.);
#4223=ORIENTED_EDGE('',*,*,#5669,.T.);
#4224=ORIENTED_EDGE('',*,*,#5668,.T.);
#4225=ORIENTED_EDGE('',*,*,#5670,.F.);
#4226=ORIENTED_EDGE('',*,*,#5671,.F.);
#4227=ORIENTED_EDGE('',*,*,#5672,.T.);
#4228=ORIENTED_EDGE('',*,*,#5671,.T.);
#4229=ORIENTED_EDGE('',*,*,#5673,.F.);
#4230=ORIENTED_EDGE('',*,*,#5674,.F.);
#4231=ORIENTED_EDGE('',*,*,#5675,.T.);
#4232=ORIENTED_EDGE('',*,*,#5674,.T.);
#4233=ORIENTED_EDGE('',*,*,#5676,.F.);
#4234=ORIENTED_EDGE('',*,*,#5677,.F.);
#4235=ORIENTED_EDGE('',*,*,#5678,.T.);
#4236=ORIENTED_EDGE('',*,*,#5677,.T.);
#4237=ORIENTED_EDGE('',*,*,#5679,.F.);
#4238=ORIENTED_EDGE('',*,*,#5680,.F.);
#4239=ORIENTED_EDGE('',*,*,#5681,.T.);
#4240=ORIENTED_EDGE('',*,*,#5680,.T.);
#4241=ORIENTED_EDGE('',*,*,#5682,.F.);
#4242=ORIENTED_EDGE('',*,*,#5683,.F.);
#4243=ORIENTED_EDGE('',*,*,#5684,.T.);
#4244=ORIENTED_EDGE('',*,*,#5683,.T.);
#4245=ORIENTED_EDGE('',*,*,#5685,.F.);
#4246=ORIENTED_EDGE('',*,*,#5657,.F.);
#4247=ORIENTED_EDGE('',*,*,#5685,.T.);
#4248=ORIENTED_EDGE('',*,*,#5682,.T.);
#4249=ORIENTED_EDGE('',*,*,#5679,.T.);
#4250=ORIENTED_EDGE('',*,*,#5676,.T.);
#4251=ORIENTED_EDGE('',*,*,#5673,.T.);
#4252=ORIENTED_EDGE('',*,*,#5670,.T.);
#4253=ORIENTED_EDGE('',*,*,#5667,.T.);
#4254=ORIENTED_EDGE('',*,*,#5664,.T.);
#4255=ORIENTED_EDGE('',*,*,#5661,.T.);
#4256=ORIENTED_EDGE('',*,*,#5658,.T.);
#4257=ORIENTED_EDGE('',*,*,#5684,.F.);
#4258=ORIENTED_EDGE('',*,*,#5656,.F.);
#4259=ORIENTED_EDGE('',*,*,#5660,.F.);
#4260=ORIENTED_EDGE('',*,*,#5663,.F.);
#4261=ORIENTED_EDGE('',*,*,#5666,.F.);
#4262=ORIENTED_EDGE('',*,*,#5669,.F.);
#4263=ORIENTED_EDGE('',*,*,#5672,.F.);
#4264=ORIENTED_EDGE('',*,*,#5675,.F.);
#4265=ORIENTED_EDGE('',*,*,#5678,.F.);
#4266=ORIENTED_EDGE('',*,*,#5681,.F.);
#4267=ORIENTED_EDGE('',*,*,#5686,.T.);
#4268=ORIENTED_EDGE('',*,*,#5687,.T.);
#4269=ORIENTED_EDGE('',*,*,#5688,.F.);
#4270=ORIENTED_EDGE('',*,*,#5689,.F.);
#4271=ORIENTED_EDGE('',*,*,#5690,.T.);
#4272=ORIENTED_EDGE('',*,*,#5689,.T.);
#4273=ORIENTED_EDGE('',*,*,#5691,.F.);
#4274=ORIENTED_EDGE('',*,*,#5692,.F.);
#4275=ORIENTED_EDGE('',*,*,#5693,.T.);
#4276=ORIENTED_EDGE('',*,*,#5692,.T.);
#4277=ORIENTED_EDGE('',*,*,#5694,.F.);
#4278=ORIENTED_EDGE('',*,*,#5695,.F.);
#4279=ORIENTED_EDGE('',*,*,#5696,.T.);
#4280=ORIENTED_EDGE('',*,*,#5695,.T.);
#4281=ORIENTED_EDGE('',*,*,#5697,.F.);
#4282=ORIENTED_EDGE('',*,*,#5698,.F.);
#4283=ORIENTED_EDGE('',*,*,#5699,.T.);
#4284=ORIENTED_EDGE('',*,*,#5698,.T.);
#4285=ORIENTED_EDGE('',*,*,#5700,.F.);
#4286=ORIENTED_EDGE('',*,*,#5701,.F.);
#4287=ORIENTED_EDGE('',*,*,#5702,.T.);
#4288=ORIENTED_EDGE('',*,*,#5701,.T.);
#4289=ORIENTED_EDGE('',*,*,#5703,.F.);
#4290=ORIENTED_EDGE('',*,*,#5704,.F.);
#4291=ORIENTED_EDGE('',*,*,#5705,.T.);
#4292=ORIENTED_EDGE('',*,*,#5704,.T.);
#4293=ORIENTED_EDGE('',*,*,#5706,.F.);
#4294=ORIENTED_EDGE('',*,*,#5707,.F.);
#4295=ORIENTED_EDGE('',*,*,#5708,.T.);
#4296=ORIENTED_EDGE('',*,*,#5707,.T.);
#4297=ORIENTED_EDGE('',*,*,#5709,.F.);
#4298=ORIENTED_EDGE('',*,*,#5710,.F.);
#4299=ORIENTED_EDGE('',*,*,#5711,.T.);
#4300=ORIENTED_EDGE('',*,*,#5710,.T.);
#4301=ORIENTED_EDGE('',*,*,#5712,.F.);
#4302=ORIENTED_EDGE('',*,*,#5713,.F.);
#4303=ORIENTED_EDGE('',*,*,#5714,.T.);
#4304=ORIENTED_EDGE('',*,*,#5713,.T.);
#4305=ORIENTED_EDGE('',*,*,#5715,.F.);
#4306=ORIENTED_EDGE('',*,*,#5716,.F.);
#4307=ORIENTED_EDGE('',*,*,#5717,.T.);
#4308=ORIENTED_EDGE('',*,*,#5716,.T.);
#4309=ORIENTED_EDGE('',*,*,#5718,.F.);
#4310=ORIENTED_EDGE('',*,*,#5719,.F.);
#4311=ORIENTED_EDGE('',*,*,#5720,.T.);
#4312=ORIENTED_EDGE('',*,*,#5719,.T.);
#4313=ORIENTED_EDGE('',*,*,#5721,.F.);
#4314=ORIENTED_EDGE('',*,*,#5687,.F.);
#4315=ORIENTED_EDGE('',*,*,#5721,.T.);
#4316=ORIENTED_EDGE('',*,*,#5718,.T.);
#4317=ORIENTED_EDGE('',*,*,#5715,.T.);
#4318=ORIENTED_EDGE('',*,*,#5712,.T.);
#4319=ORIENTED_EDGE('',*,*,#5709,.T.);
#4320=ORIENTED_EDGE('',*,*,#5706,.T.);
#4321=ORIENTED_EDGE('',*,*,#5703,.T.);
#4322=ORIENTED_EDGE('',*,*,#5700,.T.);
#4323=ORIENTED_EDGE('',*,*,#5697,.T.);
#4324=ORIENTED_EDGE('',*,*,#5694,.T.);
#4325=ORIENTED_EDGE('',*,*,#5691,.T.);
#4326=ORIENTED_EDGE('',*,*,#5688,.T.);
#4327=ORIENTED_EDGE('',*,*,#5720,.F.);
#4328=ORIENTED_EDGE('',*,*,#5686,.F.);
#4329=ORIENTED_EDGE('',*,*,#5690,.F.);
#4330=ORIENTED_EDGE('',*,*,#5693,.F.);
#4331=ORIENTED_EDGE('',*,*,#5696,.F.);
#4332=ORIENTED_EDGE('',*,*,#5699,.F.);
#4333=ORIENTED_EDGE('',*,*,#5702,.F.);
#4334=ORIENTED_EDGE('',*,*,#5705,.F.);
#4335=ORIENTED_EDGE('',*,*,#5708,.F.);
#4336=ORIENTED_EDGE('',*,*,#5711,.F.);
#4337=ORIENTED_EDGE('',*,*,#5714,.F.);
#4338=ORIENTED_EDGE('',*,*,#5717,.F.);
#4339=ORIENTED_EDGE('',*,*,#5722,.T.);
#4340=ORIENTED_EDGE('',*,*,#5723,.T.);
#4341=ORIENTED_EDGE('',*,*,#5724,.F.);
#4342=ORIENTED_EDGE('',*,*,#5725,.F.);
#4343=ORIENTED_EDGE('',*,*,#5726,.T.);
#4344=ORIENTED_EDGE('',*,*,#5725,.T.);
#4345=ORIENTED_EDGE('',*,*,#5727,.F.);
#4346=ORIENTED_EDGE('',*,*,#5728,.F.);
#4347=ORIENTED_EDGE('',*,*,#5729,.T.);
#4348=ORIENTED_EDGE('',*,*,#5728,.T.);
#4349=ORIENTED_EDGE('',*,*,#5730,.F.);
#4350=ORIENTED_EDGE('',*,*,#5731,.F.);
#4351=ORIENTED_EDGE('',*,*,#5732,.T.);
#4352=ORIENTED_EDGE('',*,*,#5731,.T.);
#4353=ORIENTED_EDGE('',*,*,#5733,.F.);
#4354=ORIENTED_EDGE('',*,*,#5734,.F.);
#4355=ORIENTED_EDGE('',*,*,#5735,.T.);
#4356=ORIENTED_EDGE('',*,*,#5734,.T.);
#4357=ORIENTED_EDGE('',*,*,#5736,.F.);
#4358=ORIENTED_EDGE('',*,*,#5737,.F.);
#4359=ORIENTED_EDGE('',*,*,#5738,.T.);
#4360=ORIENTED_EDGE('',*,*,#5737,.T.);
#4361=ORIENTED_EDGE('',*,*,#5739,.F.);
#4362=ORIENTED_EDGE('',*,*,#5740,.F.);
#4363=ORIENTED_EDGE('',*,*,#5741,.T.);
#4364=ORIENTED_EDGE('',*,*,#5740,.T.);
#4365=ORIENTED_EDGE('',*,*,#5742,.F.);
#4366=ORIENTED_EDGE('',*,*,#5743,.F.);
#4367=ORIENTED_EDGE('',*,*,#5744,.T.);
#4368=ORIENTED_EDGE('',*,*,#5743,.T.);
#4369=ORIENTED_EDGE('',*,*,#5745,.F.);
#4370=ORIENTED_EDGE('',*,*,#5746,.F.);
#4371=ORIENTED_EDGE('',*,*,#5747,.T.);
#4372=ORIENTED_EDGE('',*,*,#5746,.T.);
#4373=ORIENTED_EDGE('',*,*,#5748,.F.);
#4374=ORIENTED_EDGE('',*,*,#5749,.F.);
#4375=ORIENTED_EDGE('',*,*,#5750,.T.);
#4376=ORIENTED_EDGE('',*,*,#5749,.T.);
#4377=ORIENTED_EDGE('',*,*,#5751,.F.);
#4378=ORIENTED_EDGE('',*,*,#5752,.F.);
#4379=ORIENTED_EDGE('',*,*,#5753,.T.);
#4380=ORIENTED_EDGE('',*,*,#5752,.T.);
#4381=ORIENTED_EDGE('',*,*,#5754,.F.);
#4382=ORIENTED_EDGE('',*,*,#5755,.F.);
#4383=ORIENTED_EDGE('',*,*,#5756,.T.);
#4384=ORIENTED_EDGE('',*,*,#5755,.T.);
#4385=ORIENTED_EDGE('',*,*,#5757,.F.);
#4386=ORIENTED_EDGE('',*,*,#5758,.F.);
#4387=ORIENTED_EDGE('',*,*,#5759,.T.);
#4388=ORIENTED_EDGE('',*,*,#5758,.T.);
#4389=ORIENTED_EDGE('',*,*,#5760,.F.);
#4390=ORIENTED_EDGE('',*,*,#5761,.F.);
#4391=ORIENTED_EDGE('',*,*,#5762,.T.);
#4392=ORIENTED_EDGE('',*,*,#5761,.T.);
#4393=ORIENTED_EDGE('',*,*,#5763,.F.);
#4394=ORIENTED_EDGE('',*,*,#5764,.F.);
#4395=ORIENTED_EDGE('',*,*,#5765,.T.);
#4396=ORIENTED_EDGE('',*,*,#5764,.T.);
#4397=ORIENTED_EDGE('',*,*,#5766,.F.);
#4398=ORIENTED_EDGE('',*,*,#5767,.F.);
#4399=ORIENTED_EDGE('',*,*,#5768,.T.);
#4400=ORIENTED_EDGE('',*,*,#5767,.T.);
#4401=ORIENTED_EDGE('',*,*,#5769,.F.);
#4402=ORIENTED_EDGE('',*,*,#5770,.F.);
#4403=ORIENTED_EDGE('',*,*,#5771,.T.);
#4404=ORIENTED_EDGE('',*,*,#5770,.T.);
#4405=ORIENTED_EDGE('',*,*,#5772,.F.);
#4406=ORIENTED_EDGE('',*,*,#5773,.F.);
#4407=ORIENTED_EDGE('',*,*,#5774,.T.);
#4408=ORIENTED_EDGE('',*,*,#5773,.T.);
#4409=ORIENTED_EDGE('',*,*,#5775,.F.);
#4410=ORIENTED_EDGE('',*,*,#5776,.F.);
#4411=ORIENTED_EDGE('',*,*,#5777,.T.);
#4412=ORIENTED_EDGE('',*,*,#5776,.T.);
#4413=ORIENTED_EDGE('',*,*,#5778,.F.);
#4414=ORIENTED_EDGE('',*,*,#5779,.F.);
#4415=ORIENTED_EDGE('',*,*,#5780,.T.);
#4416=ORIENTED_EDGE('',*,*,#5779,.T.);
#4417=ORIENTED_EDGE('',*,*,#5781,.F.);
#4418=ORIENTED_EDGE('',*,*,#5782,.F.);
#4419=ORIENTED_EDGE('',*,*,#5783,.T.);
#4420=ORIENTED_EDGE('',*,*,#5782,.T.);
#4421=ORIENTED_EDGE('',*,*,#5784,.F.);
#4422=ORIENTED_EDGE('',*,*,#5785,.F.);
#4423=ORIENTED_EDGE('',*,*,#5786,.T.);
#4424=ORIENTED_EDGE('',*,*,#5785,.T.);
#4425=ORIENTED_EDGE('',*,*,#5787,.F.);
#4426=ORIENTED_EDGE('',*,*,#5788,.F.);
#4427=ORIENTED_EDGE('',*,*,#5789,.T.);
#4428=ORIENTED_EDGE('',*,*,#5788,.T.);
#4429=ORIENTED_EDGE('',*,*,#5790,.F.);
#4430=ORIENTED_EDGE('',*,*,#5791,.F.);
#4431=ORIENTED_EDGE('',*,*,#5792,.T.);
#4432=ORIENTED_EDGE('',*,*,#5791,.T.);
#4433=ORIENTED_EDGE('',*,*,#5793,.F.);
#4434=ORIENTED_EDGE('',*,*,#5794,.F.);
#4435=ORIENTED_EDGE('',*,*,#5795,.T.);
#4436=ORIENTED_EDGE('',*,*,#5794,.T.);
#4437=ORIENTED_EDGE('',*,*,#5796,.F.);
#4438=ORIENTED_EDGE('',*,*,#5797,.F.);
#4439=ORIENTED_EDGE('',*,*,#5798,.T.);
#4440=ORIENTED_EDGE('',*,*,#5797,.T.);
#4441=ORIENTED_EDGE('',*,*,#5799,.F.);
#4442=ORIENTED_EDGE('',*,*,#5723,.F.);
#4443=ORIENTED_EDGE('',*,*,#5799,.T.);
#4444=ORIENTED_EDGE('',*,*,#5796,.T.);
#4445=ORIENTED_EDGE('',*,*,#5793,.T.);
#4446=ORIENTED_EDGE('',*,*,#5790,.T.);
#4447=ORIENTED_EDGE('',*,*,#5787,.T.);
#4448=ORIENTED_EDGE('',*,*,#5784,.T.);
#4449=ORIENTED_EDGE('',*,*,#5781,.T.);
#4450=ORIENTED_EDGE('',*,*,#5778,.T.);
#4451=ORIENTED_EDGE('',*,*,#5775,.T.);
#4452=ORIENTED_EDGE('',*,*,#5772,.T.);
#4453=ORIENTED_EDGE('',*,*,#5769,.T.);
#4454=ORIENTED_EDGE('',*,*,#5766,.T.);
#4455=ORIENTED_EDGE('',*,*,#5763,.T.);
#4456=ORIENTED_EDGE('',*,*,#5760,.T.);
#4457=ORIENTED_EDGE('',*,*,#5757,.T.);
#4458=ORIENTED_EDGE('',*,*,#5754,.T.);
#4459=ORIENTED_EDGE('',*,*,#5751,.T.);
#4460=ORIENTED_EDGE('',*,*,#5748,.T.);
#4461=ORIENTED_EDGE('',*,*,#5745,.T.);
#4462=ORIENTED_EDGE('',*,*,#5742,.T.);
#4463=ORIENTED_EDGE('',*,*,#5739,.T.);
#4464=ORIENTED_EDGE('',*,*,#5736,.T.);
#4465=ORIENTED_EDGE('',*,*,#5733,.T.);
#4466=ORIENTED_EDGE('',*,*,#5730,.T.);
#4467=ORIENTED_EDGE('',*,*,#5727,.T.);
#4468=ORIENTED_EDGE('',*,*,#5724,.T.);
#4469=ORIENTED_EDGE('',*,*,#5798,.F.);
#4470=ORIENTED_EDGE('',*,*,#5722,.F.);
#4471=ORIENTED_EDGE('',*,*,#5726,.F.);
#4472=ORIENTED_EDGE('',*,*,#5729,.F.);
#4473=ORIENTED_EDGE('',*,*,#5732,.F.);
#4474=ORIENTED_EDGE('',*,*,#5735,.F.);
#4475=ORIENTED_EDGE('',*,*,#5738,.F.);
#4476=ORIENTED_EDGE('',*,*,#5741,.F.);
#4477=ORIENTED_EDGE('',*,*,#5744,.F.);
#4478=ORIENTED_EDGE('',*,*,#5747,.F.);
#4479=ORIENTED_EDGE('',*,*,#5750,.F.);
#4480=ORIENTED_EDGE('',*,*,#5753,.F.);
#4481=ORIENTED_EDGE('',*,*,#5756,.F.);
#4482=ORIENTED_EDGE('',*,*,#5759,.F.);
#4483=ORIENTED_EDGE('',*,*,#5762,.F.);
#4484=ORIENTED_EDGE('',*,*,#5765,.F.);
#4485=ORIENTED_EDGE('',*,*,#5768,.F.);
#4486=ORIENTED_EDGE('',*,*,#5771,.F.);
#4487=ORIENTED_EDGE('',*,*,#5774,.F.);
#4488=ORIENTED_EDGE('',*,*,#5777,.F.);
#4489=ORIENTED_EDGE('',*,*,#5780,.F.);
#4490=ORIENTED_EDGE('',*,*,#5783,.F.);
#4491=ORIENTED_EDGE('',*,*,#5786,.F.);
#4492=ORIENTED_EDGE('',*,*,#5789,.F.);
#4493=ORIENTED_EDGE('',*,*,#5792,.F.);
#4494=ORIENTED_EDGE('',*,*,#5795,.F.);
#4495=ORIENTED_EDGE('',*,*,#5800,.T.);
#4496=ORIENTED_EDGE('',*,*,#5801,.T.);
#4497=ORIENTED_EDGE('',*,*,#5802,.F.);
#4498=ORIENTED_EDGE('',*,*,#5803,.F.);
#4499=ORIENTED_EDGE('',*,*,#5804,.T.);
#4500=ORIENTED_EDGE('',*,*,#5803,.T.);
#4501=ORIENTED_EDGE('',*,*,#5805,.F.);
#4502=ORIENTED_EDGE('',*,*,#5806,.F.);
#4503=ORIENTED_EDGE('',*,*,#5807,.T.);
#4504=ORIENTED_EDGE('',*,*,#5806,.T.);
#4505=ORIENTED_EDGE('',*,*,#5808,.F.);
#4506=ORIENTED_EDGE('',*,*,#5809,.F.);
#4507=ORIENTED_EDGE('',*,*,#5810,.T.);
#4508=ORIENTED_EDGE('',*,*,#5809,.T.);
#4509=ORIENTED_EDGE('',*,*,#5811,.F.);
#4510=ORIENTED_EDGE('',*,*,#5812,.F.);
#4511=ORIENTED_EDGE('',*,*,#5813,.T.);
#4512=ORIENTED_EDGE('',*,*,#5812,.T.);
#4513=ORIENTED_EDGE('',*,*,#5814,.F.);
#4514=ORIENTED_EDGE('',*,*,#5815,.F.);
#4515=ORIENTED_EDGE('',*,*,#5816,.T.);
#4516=ORIENTED_EDGE('',*,*,#5815,.T.);
#4517=ORIENTED_EDGE('',*,*,#5817,.F.);
#4518=ORIENTED_EDGE('',*,*,#5818,.F.);
#4519=ORIENTED_EDGE('',*,*,#5819,.T.);
#4520=ORIENTED_EDGE('',*,*,#5818,.T.);
#4521=ORIENTED_EDGE('',*,*,#5820,.F.);
#4522=ORIENTED_EDGE('',*,*,#5821,.F.);
#4523=ORIENTED_EDGE('',*,*,#5822,.T.);
#4524=ORIENTED_EDGE('',*,*,#5821,.T.);
#4525=ORIENTED_EDGE('',*,*,#5823,.F.);
#4526=ORIENTED_EDGE('',*,*,#5801,.F.);
#4527=ORIENTED_EDGE('',*,*,#5823,.T.);
#4528=ORIENTED_EDGE('',*,*,#5820,.T.);
#4529=ORIENTED_EDGE('',*,*,#5817,.T.);
#4530=ORIENTED_EDGE('',*,*,#5814,.T.);
#4531=ORIENTED_EDGE('',*,*,#5811,.T.);
#4532=ORIENTED_EDGE('',*,*,#5808,.T.);
#4533=ORIENTED_EDGE('',*,*,#5805,.T.);
#4534=ORIENTED_EDGE('',*,*,#5802,.T.);
#4535=ORIENTED_EDGE('',*,*,#5822,.F.);
#4536=ORIENTED_EDGE('',*,*,#5800,.F.);
#4537=ORIENTED_EDGE('',*,*,#5804,.F.);
#4538=ORIENTED_EDGE('',*,*,#5807,.F.);
#4539=ORIENTED_EDGE('',*,*,#5810,.F.);
#4540=ORIENTED_EDGE('',*,*,#5813,.F.);
#4541=ORIENTED_EDGE('',*,*,#5816,.F.);
#4542=ORIENTED_EDGE('',*,*,#5819,.F.);
#4543=ORIENTED_EDGE('',*,*,#5824,.T.);
#4544=ORIENTED_EDGE('',*,*,#5825,.T.);
#4545=ORIENTED_EDGE('',*,*,#5826,.F.);
#4546=ORIENTED_EDGE('',*,*,#5827,.F.);
#4547=ORIENTED_EDGE('',*,*,#5828,.T.);
#4548=ORIENTED_EDGE('',*,*,#5827,.T.);
#4549=ORIENTED_EDGE('',*,*,#5829,.F.);
#4550=ORIENTED_EDGE('',*,*,#5830,.F.);
#4551=ORIENTED_EDGE('',*,*,#5831,.T.);
#4552=ORIENTED_EDGE('',*,*,#5830,.T.);
#4553=ORIENTED_EDGE('',*,*,#5832,.F.);
#4554=ORIENTED_EDGE('',*,*,#5833,.F.);
#4555=ORIENTED_EDGE('',*,*,#5834,.T.);
#4556=ORIENTED_EDGE('',*,*,#5833,.T.);
#4557=ORIENTED_EDGE('',*,*,#5835,.F.);
#4558=ORIENTED_EDGE('',*,*,#5836,.F.);
#4559=ORIENTED_EDGE('',*,*,#5837,.T.);
#4560=ORIENTED_EDGE('',*,*,#5836,.T.);
#4561=ORIENTED_EDGE('',*,*,#5838,.F.);
#4562=ORIENTED_EDGE('',*,*,#5839,.F.);
#4563=ORIENTED_EDGE('',*,*,#5840,.T.);
#4564=ORIENTED_EDGE('',*,*,#5839,.T.);
#4565=ORIENTED_EDGE('',*,*,#5841,.F.);
#4566=ORIENTED_EDGE('',*,*,#5842,.F.);
#4567=ORIENTED_EDGE('',*,*,#5843,.T.);
#4568=ORIENTED_EDGE('',*,*,#5842,.T.);
#4569=ORIENTED_EDGE('',*,*,#5844,.F.);
#4570=ORIENTED_EDGE('',*,*,#5845,.F.);
#4571=ORIENTED_EDGE('',*,*,#5846,.T.);
#4572=ORIENTED_EDGE('',*,*,#5845,.T.);
#4573=ORIENTED_EDGE('',*,*,#5847,.F.);
#4574=ORIENTED_EDGE('',*,*,#5848,.F.);
#4575=ORIENTED_EDGE('',*,*,#5849,.T.);
#4576=ORIENTED_EDGE('',*,*,#5848,.T.);
#4577=ORIENTED_EDGE('',*,*,#5850,.F.);
#4578=ORIENTED_EDGE('',*,*,#5851,.F.);
#4579=ORIENTED_EDGE('',*,*,#5852,.T.);
#4580=ORIENTED_EDGE('',*,*,#5851,.T.);
#4581=ORIENTED_EDGE('',*,*,#5853,.F.);
#4582=ORIENTED_EDGE('',*,*,#5825,.F.);
#4583=ORIENTED_EDGE('',*,*,#5854,.T.);
#4584=ORIENTED_EDGE('',*,*,#5855,.T.);
#4585=ORIENTED_EDGE('',*,*,#5856,.F.);
#4586=ORIENTED_EDGE('',*,*,#5857,.F.);
#4587=ORIENTED_EDGE('',*,*,#5858,.T.);
#4588=ORIENTED_EDGE('',*,*,#5857,.T.);
#4589=ORIENTED_EDGE('',*,*,#5859,.F.);
#4590=ORIENTED_EDGE('',*,*,#5860,.F.);
#4591=ORIENTED_EDGE('',*,*,#5861,.T.);
#4592=ORIENTED_EDGE('',*,*,#5860,.T.);
#4593=ORIENTED_EDGE('',*,*,#5862,.F.);
#4594=ORIENTED_EDGE('',*,*,#5863,.F.);
#4595=ORIENTED_EDGE('',*,*,#5864,.T.);
#4596=ORIENTED_EDGE('',*,*,#5863,.T.);
#4597=ORIENTED_EDGE('',*,*,#5865,.F.);
#4598=ORIENTED_EDGE('',*,*,#5866,.F.);
#4599=ORIENTED_EDGE('',*,*,#5867,.T.);
#4600=ORIENTED_EDGE('',*,*,#5866,.T.);
#4601=ORIENTED_EDGE('',*,*,#5868,.F.);
#4602=ORIENTED_EDGE('',*,*,#5869,.F.);
#4603=ORIENTED_EDGE('',*,*,#5870,.T.);
#4604=ORIENTED_EDGE('',*,*,#5869,.T.);
#4605=ORIENTED_EDGE('',*,*,#5871,.F.);
#4606=ORIENTED_EDGE('',*,*,#5872,.F.);
#4607=ORIENTED_EDGE('',*,*,#5873,.T.);
#4608=ORIENTED_EDGE('',*,*,#5872,.T.);
#4609=ORIENTED_EDGE('',*,*,#5874,.F.);
#4610=ORIENTED_EDGE('',*,*,#5875,.F.);
#4611=ORIENTED_EDGE('',*,*,#5876,.T.);
#4612=ORIENTED_EDGE('',*,*,#5875,.T.);
#4613=ORIENTED_EDGE('',*,*,#5877,.F.);
#4614=ORIENTED_EDGE('',*,*,#5878,.F.);
#4615=ORIENTED_EDGE('',*,*,#5879,.T.);
#4616=ORIENTED_EDGE('',*,*,#5878,.T.);
#4617=ORIENTED_EDGE('',*,*,#5880,.F.);
#4618=ORIENTED_EDGE('',*,*,#5881,.F.);
#4619=ORIENTED_EDGE('',*,*,#5882,.T.);
#4620=ORIENTED_EDGE('',*,*,#5881,.T.);
#4621=ORIENTED_EDGE('',*,*,#5883,.F.);
#4622=ORIENTED_EDGE('',*,*,#5884,.F.);
#4623=ORIENTED_EDGE('',*,*,#5885,.T.);
#4624=ORIENTED_EDGE('',*,*,#5884,.T.);
#4625=ORIENTED_EDGE('',*,*,#5886,.F.);
#4626=ORIENTED_EDGE('',*,*,#5887,.F.);
#4627=ORIENTED_EDGE('',*,*,#5888,.T.);
#4628=ORIENTED_EDGE('',*,*,#5887,.T.);
#4629=ORIENTED_EDGE('',*,*,#5889,.F.);
#4630=ORIENTED_EDGE('',*,*,#5890,.F.);
#4631=ORIENTED_EDGE('',*,*,#5891,.T.);
#4632=ORIENTED_EDGE('',*,*,#5890,.T.);
#4633=ORIENTED_EDGE('',*,*,#5892,.F.);
#4634=ORIENTED_EDGE('',*,*,#5893,.F.);
#4635=ORIENTED_EDGE('',*,*,#5894,.T.);
#4636=ORIENTED_EDGE('',*,*,#5893,.T.);
#4637=ORIENTED_EDGE('',*,*,#5895,.F.);
#4638=ORIENTED_EDGE('',*,*,#5896,.F.);
#4639=ORIENTED_EDGE('',*,*,#5897,.T.);
#4640=ORIENTED_EDGE('',*,*,#5896,.T.);
#4641=ORIENTED_EDGE('',*,*,#5898,.F.);
#4642=ORIENTED_EDGE('',*,*,#5899,.F.);
#4643=ORIENTED_EDGE('',*,*,#5900,.T.);
#4644=ORIENTED_EDGE('',*,*,#5899,.T.);
#4645=ORIENTED_EDGE('',*,*,#5901,.F.);
#4646=ORIENTED_EDGE('',*,*,#5855,.F.);
#4647=ORIENTED_EDGE('',*,*,#5901,.T.);
#4648=ORIENTED_EDGE('',*,*,#5898,.T.);
#4649=ORIENTED_EDGE('',*,*,#5895,.T.);
#4650=ORIENTED_EDGE('',*,*,#5892,.T.);
#4651=ORIENTED_EDGE('',*,*,#5889,.T.);
#4652=ORIENTED_EDGE('',*,*,#5886,.T.);
#4653=ORIENTED_EDGE('',*,*,#5883,.T.);
#4654=ORIENTED_EDGE('',*,*,#5880,.T.);
#4655=ORIENTED_EDGE('',*,*,#5877,.T.);
#4656=ORIENTED_EDGE('',*,*,#5874,.T.);
#4657=ORIENTED_EDGE('',*,*,#5871,.T.);
#4658=ORIENTED_EDGE('',*,*,#5868,.T.);
#4659=ORIENTED_EDGE('',*,*,#5865,.T.);
#4660=ORIENTED_EDGE('',*,*,#5862,.T.);
#4661=ORIENTED_EDGE('',*,*,#5859,.T.);
#4662=ORIENTED_EDGE('',*,*,#5856,.T.);
#4663=ORIENTED_EDGE('',*,*,#5853,.T.);
#4664=ORIENTED_EDGE('',*,*,#5850,.T.);
#4665=ORIENTED_EDGE('',*,*,#5847,.T.);
#4666=ORIENTED_EDGE('',*,*,#5844,.T.);
#4667=ORIENTED_EDGE('',*,*,#5841,.T.);
#4668=ORIENTED_EDGE('',*,*,#5838,.T.);
#4669=ORIENTED_EDGE('',*,*,#5835,.T.);
#4670=ORIENTED_EDGE('',*,*,#5832,.T.);
#4671=ORIENTED_EDGE('',*,*,#5829,.T.);
#4672=ORIENTED_EDGE('',*,*,#5826,.T.);
#4673=ORIENTED_EDGE('',*,*,#5900,.F.);
#4674=ORIENTED_EDGE('',*,*,#5854,.F.);
#4675=ORIENTED_EDGE('',*,*,#5858,.F.);
#4676=ORIENTED_EDGE('',*,*,#5861,.F.);
#4677=ORIENTED_EDGE('',*,*,#5864,.F.);
#4678=ORIENTED_EDGE('',*,*,#5867,.F.);
#4679=ORIENTED_EDGE('',*,*,#5870,.F.);
#4680=ORIENTED_EDGE('',*,*,#5873,.F.);
#4681=ORIENTED_EDGE('',*,*,#5876,.F.);
#4682=ORIENTED_EDGE('',*,*,#5879,.F.);
#4683=ORIENTED_EDGE('',*,*,#5882,.F.);
#4684=ORIENTED_EDGE('',*,*,#5885,.F.);
#4685=ORIENTED_EDGE('',*,*,#5888,.F.);
#4686=ORIENTED_EDGE('',*,*,#5891,.F.);
#4687=ORIENTED_EDGE('',*,*,#5894,.F.);
#4688=ORIENTED_EDGE('',*,*,#5897,.F.);
#4689=ORIENTED_EDGE('',*,*,#5852,.F.);
#4690=ORIENTED_EDGE('',*,*,#5824,.F.);
#4691=ORIENTED_EDGE('',*,*,#5828,.F.);
#4692=ORIENTED_EDGE('',*,*,#5831,.F.);
#4693=ORIENTED_EDGE('',*,*,#5834,.F.);
#4694=ORIENTED_EDGE('',*,*,#5837,.F.);
#4695=ORIENTED_EDGE('',*,*,#5840,.F.);
#4696=ORIENTED_EDGE('',*,*,#5843,.F.);
#4697=ORIENTED_EDGE('',*,*,#5846,.F.);
#4698=ORIENTED_EDGE('',*,*,#5849,.F.);
#4699=ORIENTED_EDGE('',*,*,#5902,.T.);
#4700=ORIENTED_EDGE('',*,*,#5903,.T.);
#4701=ORIENTED_EDGE('',*,*,#5904,.F.);
#4702=ORIENTED_EDGE('',*,*,#5905,.F.);
#4703=ORIENTED_EDGE('',*,*,#5906,.T.);
#4704=ORIENTED_EDGE('',*,*,#5905,.T.);
#4705=ORIENTED_EDGE('',*,*,#5907,.F.);
#4706=ORIENTED_EDGE('',*,*,#5908,.F.);
#4707=ORIENTED_EDGE('',*,*,#5909,.T.);
#4708=ORIENTED_EDGE('',*,*,#5908,.T.);
#4709=ORIENTED_EDGE('',*,*,#5910,.F.);
#4710=ORIENTED_EDGE('',*,*,#5911,.F.);
#4711=ORIENTED_EDGE('',*,*,#5912,.T.);
#4712=ORIENTED_EDGE('',*,*,#5911,.T.);
#4713=ORIENTED_EDGE('',*,*,#5913,.F.);
#4714=ORIENTED_EDGE('',*,*,#5903,.F.);
#4715=ORIENTED_EDGE('',*,*,#5913,.T.);
#4716=ORIENTED_EDGE('',*,*,#5910,.T.);
#4717=ORIENTED_EDGE('',*,*,#5907,.T.);
#4718=ORIENTED_EDGE('',*,*,#5904,.T.);
#4719=ORIENTED_EDGE('',*,*,#5912,.F.);
#4720=ORIENTED_EDGE('',*,*,#5902,.F.);
#4721=ORIENTED_EDGE('',*,*,#5906,.F.);
#4722=ORIENTED_EDGE('',*,*,#5909,.F.);
#4723=ORIENTED_EDGE('',*,*,#5914,.T.);
#4724=ORIENTED_EDGE('',*,*,#5915,.T.);
#4725=ORIENTED_EDGE('',*,*,#5916,.F.);
#4726=ORIENTED_EDGE('',*,*,#5917,.F.);
#4727=ORIENTED_EDGE('',*,*,#5918,.T.);
#4728=ORIENTED_EDGE('',*,*,#5917,.T.);
#4729=ORIENTED_EDGE('',*,*,#5919,.F.);
#4730=ORIENTED_EDGE('',*,*,#5920,.F.);
#4731=ORIENTED_EDGE('',*,*,#5921,.T.);
#4732=ORIENTED_EDGE('',*,*,#5920,.T.);
#4733=ORIENTED_EDGE('',*,*,#5922,.F.);
#4734=ORIENTED_EDGE('',*,*,#5923,.F.);
#4735=ORIENTED_EDGE('',*,*,#5924,.T.);
#4736=ORIENTED_EDGE('',*,*,#5923,.T.);
#4737=ORIENTED_EDGE('',*,*,#5925,.F.);
#4738=ORIENTED_EDGE('',*,*,#5926,.F.);
#4739=ORIENTED_EDGE('',*,*,#5927,.T.);
#4740=ORIENTED_EDGE('',*,*,#5926,.T.);
#4741=ORIENTED_EDGE('',*,*,#5928,.F.);
#4742=ORIENTED_EDGE('',*,*,#5929,.F.);
#4743=ORIENTED_EDGE('',*,*,#5930,.T.);
#4744=ORIENTED_EDGE('',*,*,#5929,.T.);
#4745=ORIENTED_EDGE('',*,*,#5931,.F.);
#4746=ORIENTED_EDGE('',*,*,#5932,.F.);
#4747=ORIENTED_EDGE('',*,*,#5933,.T.);
#4748=ORIENTED_EDGE('',*,*,#5932,.T.);
#4749=ORIENTED_EDGE('',*,*,#5934,.F.);
#4750=ORIENTED_EDGE('',*,*,#5935,.F.);
#4751=ORIENTED_EDGE('',*,*,#5936,.T.);
#4752=ORIENTED_EDGE('',*,*,#5935,.T.);
#4753=ORIENTED_EDGE('',*,*,#5937,.F.);
#4754=ORIENTED_EDGE('',*,*,#5938,.F.);
#4755=ORIENTED_EDGE('',*,*,#5939,.T.);
#4756=ORIENTED_EDGE('',*,*,#5938,.T.);
#4757=ORIENTED_EDGE('',*,*,#5940,.F.);
#4758=ORIENTED_EDGE('',*,*,#5941,.F.);
#4759=ORIENTED_EDGE('',*,*,#5942,.T.);
#4760=ORIENTED_EDGE('',*,*,#5941,.T.);
#4761=ORIENTED_EDGE('',*,*,#5943,.F.);
#4762=ORIENTED_EDGE('',*,*,#5944,.F.);
#4763=ORIENTED_EDGE('',*,*,#5945,.T.);
#4764=ORIENTED_EDGE('',*,*,#5944,.T.);
#4765=ORIENTED_EDGE('',*,*,#5946,.F.);
#4766=ORIENTED_EDGE('',*,*,#5947,.F.);
#4767=ORIENTED_EDGE('',*,*,#5948,.T.);
#4768=ORIENTED_EDGE('',*,*,#5947,.T.);
#4769=ORIENTED_EDGE('',*,*,#5949,.F.);
#4770=ORIENTED_EDGE('',*,*,#5915,.F.);
#4771=ORIENTED_EDGE('',*,*,#5949,.T.);
#4772=ORIENTED_EDGE('',*,*,#5946,.T.);
#4773=ORIENTED_EDGE('',*,*,#5943,.T.);
#4774=ORIENTED_EDGE('',*,*,#5940,.T.);
#4775=ORIENTED_EDGE('',*,*,#5937,.T.);
#4776=ORIENTED_EDGE('',*,*,#5934,.T.);
#4777=ORIENTED_EDGE('',*,*,#5931,.T.);
#4778=ORIENTED_EDGE('',*,*,#5928,.T.);
#4779=ORIENTED_EDGE('',*,*,#5925,.T.);
#4780=ORIENTED_EDGE('',*,*,#5922,.T.);
#4781=ORIENTED_EDGE('',*,*,#5919,.T.);
#4782=ORIENTED_EDGE('',*,*,#5916,.T.);
#4783=ORIENTED_EDGE('',*,*,#5948,.F.);
#4784=ORIENTED_EDGE('',*,*,#5914,.F.);
#4785=ORIENTED_EDGE('',*,*,#5918,.F.);
#4786=ORIENTED_EDGE('',*,*,#5921,.F.);
#4787=ORIENTED_EDGE('',*,*,#5924,.F.);
#4788=ORIENTED_EDGE('',*,*,#5927,.F.);
#4789=ORIENTED_EDGE('',*,*,#5930,.F.);
#4790=ORIENTED_EDGE('',*,*,#5933,.F.);
#4791=ORIENTED_EDGE('',*,*,#5936,.F.);
#4792=ORIENTED_EDGE('',*,*,#5939,.F.);
#4793=ORIENTED_EDGE('',*,*,#5942,.F.);
#4794=ORIENTED_EDGE('',*,*,#5945,.F.);
#4795=ORIENTED_EDGE('',*,*,#5950,.F.);
#4796=ORIENTED_EDGE('',*,*,#5951,.F.);
#4797=ORIENTED_EDGE('',*,*,#5950,.T.);
#4798=ORIENTED_EDGE('',*,*,#5951,.T.);
#4799=ORIENTED_EDGE('',*,*,#5952,.F.);
#4800=ORIENTED_EDGE('',*,*,#5953,.F.);
#4801=ORIENTED_EDGE('',*,*,#5952,.T.);
#4802=ORIENTED_EDGE('',*,*,#5953,.T.);
#4803=ORIENTED_EDGE('',*,*,#5954,.F.);
#4804=ORIENTED_EDGE('',*,*,#5955,.F.);
#4805=ORIENTED_EDGE('',*,*,#5954,.T.);
#4806=ORIENTED_EDGE('',*,*,#5955,.T.);
#4807=ORIENTED_EDGE('',*,*,#5956,.F.);
#4808=ORIENTED_EDGE('',*,*,#5957,.F.);
#4809=ORIENTED_EDGE('',*,*,#5956,.T.);
#4810=ORIENTED_EDGE('',*,*,#5957,.T.);
#4811=ORIENTED_EDGE('',*,*,#5958,.F.);
#4812=ORIENTED_EDGE('',*,*,#5959,.F.);
#4813=ORIENTED_EDGE('',*,*,#5958,.T.);
#4814=ORIENTED_EDGE('',*,*,#5959,.T.);
#4815=ORIENTED_EDGE('',*,*,#5960,.F.);
#4816=ORIENTED_EDGE('',*,*,#5961,.F.);
#4817=ORIENTED_EDGE('',*,*,#5960,.T.);
#4818=ORIENTED_EDGE('',*,*,#5961,.T.);
#4819=ORIENTED_EDGE('',*,*,#5962,.F.);
#4820=ORIENTED_EDGE('',*,*,#5963,.F.);
#4821=ORIENTED_EDGE('',*,*,#5962,.T.);
#4822=ORIENTED_EDGE('',*,*,#5963,.T.);
#4823=ORIENTED_EDGE('',*,*,#5964,.T.);
#4824=ORIENTED_EDGE('',*,*,#5965,.T.);
#4825=ORIENTED_EDGE('',*,*,#5966,.T.);
#4826=ORIENTED_EDGE('',*,*,#5967,.T.);
#4827=EDGE_CURVE('',#5968,#5968,#6740,.T.);
#4828=EDGE_CURVE('',#5969,#5969,#6741,.T.);
#4829=EDGE_CURVE('',#5970,#5970,#6742,.T.);
#4830=EDGE_CURVE('',#5971,#5971,#6743,.T.);
#4831=EDGE_CURVE('',#5972,#5973,#110,.T.);
#4832=EDGE_CURVE('',#5972,#5974,#111,.T.);
#4833=EDGE_CURVE('',#5975,#5974,#112,.T.);
#4834=EDGE_CURVE('',#5973,#5975,#113,.T.);
#4835=EDGE_CURVE('',#5973,#5976,#6744,.T.);
#4836=EDGE_CURVE('',#5977,#5975,#6745,.T.);
#4837=EDGE_CURVE('',#5976,#5977,#114,.T.);
#4838=EDGE_CURVE('',#5976,#5978,#115,.T.);
#4839=EDGE_CURVE('',#5979,#5977,#116,.T.);
#4840=EDGE_CURVE('',#5978,#5979,#117,.T.);
#4841=EDGE_CURVE('',#5978,#5980,#6746,.T.);
#4842=EDGE_CURVE('',#5981,#5979,#6747,.T.);
#4843=EDGE_CURVE('',#5980,#5981,#118,.T.);
#4844=EDGE_CURVE('',#5980,#5982,#119,.T.);
#4845=EDGE_CURVE('',#5983,#5981,#120,.T.);
#4846=EDGE_CURVE('',#5982,#5983,#121,.T.);
#4847=EDGE_CURVE('',#5982,#5984,#6748,.T.);
#4848=EDGE_CURVE('',#5985,#5983,#6749,.T.);
#4849=EDGE_CURVE('',#5984,#5985,#122,.T.);
#4850=EDGE_CURVE('',#5984,#5986,#6750,.T.);
#4851=EDGE_CURVE('',#5987,#5985,#6751,.T.);
#4852=EDGE_CURVE('',#5986,#5987,#123,.T.);
#4853=EDGE_CURVE('',#5986,#5988,#124,.T.);
#4854=EDGE_CURVE('',#5989,#5987,#125,.T.);
#4855=EDGE_CURVE('',#5988,#5989,#126,.T.);
#4856=EDGE_CURVE('',#5988,#5990,#6752,.T.);
#4857=EDGE_CURVE('',#5991,#5989,#6753,.T.);
#4858=EDGE_CURVE('',#5990,#5991,#127,.T.);
#4859=EDGE_CURVE('',#5990,#5992,#128,.T.);
#4860=EDGE_CURVE('',#5993,#5991,#129,.T.);
#4861=EDGE_CURVE('',#5992,#5993,#130,.T.);
#4862=EDGE_CURVE('',#5992,#5994,#6754,.T.);
#4863=EDGE_CURVE('',#5995,#5993,#6755,.T.);
#4864=EDGE_CURVE('',#5994,#5995,#131,.T.);
#4865=EDGE_CURVE('',#5994,#5996,#132,.T.);
#4866=EDGE_CURVE('',#5997,#5995,#133,.T.);
#4867=EDGE_CURVE('',#5996,#5997,#134,.T.);
#4868=EDGE_CURVE('',#5996,#5998,#6756,.T.);
#4869=EDGE_CURVE('',#5999,#5997,#6757,.T.);
#4870=EDGE_CURVE('',#5998,#5999,#135,.T.);
#4871=EDGE_CURVE('',#5998,#6000,#6758,.T.);
#4872=EDGE_CURVE('',#6001,#5999,#6759,.T.);
#4873=EDGE_CURVE('',#6000,#6001,#136,.T.);
#4874=EDGE_CURVE('',#6000,#5972,#137,.T.);
#4875=EDGE_CURVE('',#5974,#6001,#138,.T.);
#4876=EDGE_CURVE('',#6002,#6003,#6760,.T.);
#4877=EDGE_CURVE('',#6002,#6004,#139,.T.);
#4878=EDGE_CURVE('',#6005,#6004,#6761,.T.);
#4879=EDGE_CURVE('',#6003,#6005,#140,.T.);
#4880=EDGE_CURVE('',#6003,#6006,#6762,.T.);
#4881=EDGE_CURVE('',#6007,#6005,#6763,.T.);
#4882=EDGE_CURVE('',#6006,#6007,#141,.T.);
#4883=EDGE_CURVE('',#6006,#6008,#6764,.T.);
#4884=EDGE_CURVE('',#6009,#6007,#6765,.T.);
#4885=EDGE_CURVE('',#6008,#6009,#142,.T.);
#4886=EDGE_CURVE('',#6008,#6010,#6766,.T.);
#4887=EDGE_CURVE('',#6011,#6009,#6767,.T.);
#4888=EDGE_CURVE('',#6010,#6011,#143,.T.);
#4889=EDGE_CURVE('',#6012,#6002,#6768,.T.);
#4890=EDGE_CURVE('',#6012,#6013,#144,.T.);
#4891=EDGE_CURVE('',#6004,#6013,#6769,.T.);
#4892=EDGE_CURVE('',#6010,#6012,#6770,.T.);
#4893=EDGE_CURVE('',#6013,#6011,#6771,.T.);
#4894=EDGE_CURVE('',#6014,#6015,#6772,.T.);
#4895=EDGE_CURVE('',#6014,#6016,#145,.T.);
#4896=EDGE_CURVE('',#6017,#6016,#6773,.T.);
#4897=EDGE_CURVE('',#6015,#6017,#146,.T.);
#4898=EDGE_CURVE('',#6015,#6014,#6774,.T.);
#4899=EDGE_CURVE('',#6016,#6017,#6775,.T.);
#4900=EDGE_CURVE('',#6018,#6018,#6776,.T.);
#4901=EDGE_CURVE('',#6019,#6019,#6777,.T.);
#4902=EDGE_CURVE('',#6020,#6020,#6778,.T.);
#4903=EDGE_CURVE('',#6021,#6021,#6779,.T.);
#4904=EDGE_CURVE('',#6022,#6023,#6780,.T.);
#4905=EDGE_CURVE('',#6023,#6022,#6781,.T.);
#4906=EDGE_CURVE('',#6024,#6025,#6782,.T.);
#4907=EDGE_CURVE('',#6025,#6024,#6783,.T.);
#4908=EDGE_CURVE('',#6026,#6027,#6784,.T.);
#4909=EDGE_CURVE('',#6028,#6026,#147,.T.);
#4910=EDGE_CURVE('',#6029,#6028,#6785,.T.);
#4911=EDGE_CURVE('',#6029,#6027,#148,.T.);
#4912=EDGE_CURVE('',#6027,#6030,#6786,.T.);
#4913=EDGE_CURVE('',#6031,#6029,#6787,.T.);
#4914=EDGE_CURVE('',#6031,#6030,#149,.T.);
#4915=EDGE_CURVE('',#6030,#6032,#6788,.T.);
#4916=EDGE_CURVE('',#6033,#6031,#6789,.T.);
#4917=EDGE_CURVE('',#6033,#6032,#150,.T.);
#4918=EDGE_CURVE('',#6032,#6034,#6790,.T.);
#4919=EDGE_CURVE('',#6035,#6033,#6791,.T.);
#4920=EDGE_CURVE('',#6035,#6034,#151,.T.);
#4921=EDGE_CURVE('',#6034,#6036,#152,.T.);
#4922=EDGE_CURVE('',#6037,#6035,#153,.T.);
#4923=EDGE_CURVE('',#6037,#6036,#154,.T.);
#4924=EDGE_CURVE('',#6036,#6038,#6792,.T.);
#4925=EDGE_CURVE('',#6039,#6037,#6793,.T.);
#4926=EDGE_CURVE('',#6039,#6038,#155,.T.);
#4927=EDGE_CURVE('',#6038,#6040,#156,.T.);
#4928=EDGE_CURVE('',#6041,#6039,#157,.T.);
#4929=EDGE_CURVE('',#6041,#6040,#158,.T.);
#4930=EDGE_CURVE('',#6040,#6026,#6794,.T.);
#4931=EDGE_CURVE('',#6028,#6041,#6795,.T.);
#4932=EDGE_CURVE('',#6042,#6042,#6796,.T.);
#4933=EDGE_CURVE('',#6043,#6043,#6797,.T.);
#4934=EDGE_CURVE('',#6044,#6044,#6798,.T.);
#4935=EDGE_CURVE('',#6045,#6045,#6799,.T.);
#4936=EDGE_CURVE('',#6046,#6047,#159,.T.);
#4937=EDGE_CURVE('',#6048,#6046,#160,.T.);
#4938=EDGE_CURVE('',#6049,#6048,#161,.T.);
#4939=EDGE_CURVE('',#6049,#6047,#162,.T.);
#4940=EDGE_CURVE('',#6047,#6050,#163,.T.);
#4941=EDGE_CURVE('',#6051,#6049,#164,.T.);
#4942=EDGE_CURVE('',#6051,#6050,#165,.T.);
#4943=EDGE_CURVE('',#6050,#6052,#166,.T.);
#4944=EDGE_CURVE('',#6053,#6051,#167,.T.);
#4945=EDGE_CURVE('',#6053,#6052,#168,.T.);
#4946=EDGE_CURVE('',#6052,#6054,#169,.T.);
#4947=EDGE_CURVE('',#6055,#6053,#170,.T.);
#4948=EDGE_CURVE('',#6055,#6054,#171,.T.);
#4949=EDGE_CURVE('',#6054,#6056,#172,.T.);
#4950=EDGE_CURVE('',#6057,#6055,#173,.T.);
#4951=EDGE_CURVE('',#6057,#6056,#174,.T.);
#4952=EDGE_CURVE('',#6056,#6058,#175,.T.);
#4953=EDGE_CURVE('',#6059,#6057,#176,.T.);
#4954=EDGE_CURVE('',#6059,#6058,#177,.T.);
#4955=EDGE_CURVE('',#6058,#6060,#178,.T.);
#4956=EDGE_CURVE('',#6061,#6059,#179,.T.);
#4957=EDGE_CURVE('',#6061,#6060,#180,.T.);
#4958=EDGE_CURVE('',#6060,#6062,#181,.T.);
#4959=EDGE_CURVE('',#6063,#6061,#182,.T.);
#4960=EDGE_CURVE('',#6063,#6062,#183,.T.);
#4961=EDGE_CURVE('',#6062,#6064,#184,.T.);
#4962=EDGE_CURVE('',#6065,#6063,#185,.T.);
#4963=EDGE_CURVE('',#6065,#6064,#186,.T.);
#4964=EDGE_CURVE('',#6064,#6066,#187,.T.);
#4965=EDGE_CURVE('',#6067,#6065,#188,.T.);
#4966=EDGE_CURVE('',#6067,#6066,#189,.T.);
#4967=EDGE_CURVE('',#6066,#6068,#190,.T.);
#4968=EDGE_CURVE('',#6069,#6067,#191,.T.);
#4969=EDGE_CURVE('',#6069,#6068,#192,.T.);
#4970=EDGE_CURVE('',#6068,#6070,#193,.T.);
#4971=EDGE_CURVE('',#6071,#6069,#194,.T.);
#4972=EDGE_CURVE('',#6071,#6070,#195,.T.);
#4973=EDGE_CURVE('',#6070,#6072,#196,.T.);
#4974=EDGE_CURVE('',#6073,#6071,#197,.T.);
#4975=EDGE_CURVE('',#6073,#6072,#198,.T.);
#4976=EDGE_CURVE('',#6072,#6074,#199,.T.);
#4977=EDGE_CURVE('',#6075,#6073,#200,.T.);
#4978=EDGE_CURVE('',#6075,#6074,#201,.T.);
#4979=EDGE_CURVE('',#6074,#6076,#202,.T.);
#4980=EDGE_CURVE('',#6077,#6075,#203,.T.);
#4981=EDGE_CURVE('',#6077,#6076,#204,.T.);
#4982=EDGE_CURVE('',#6076,#6078,#205,.T.);
#4983=EDGE_CURVE('',#6079,#6077,#206,.T.);
#4984=EDGE_CURVE('',#6079,#6078,#207,.T.);
#4985=EDGE_CURVE('',#6078,#6080,#208,.T.);
#4986=EDGE_CURVE('',#6081,#6079,#209,.T.);
#4987=EDGE_CURVE('',#6081,#6080,#210,.T.);
#4988=EDGE_CURVE('',#6080,#6082,#211,.T.);
#4989=EDGE_CURVE('',#6083,#6081,#212,.T.);
#4990=EDGE_CURVE('',#6083,#6082,#213,.T.);
#4991=EDGE_CURVE('',#6082,#6084,#214,.T.);
#4992=EDGE_CURVE('',#6085,#6083,#215,.T.);
#4993=EDGE_CURVE('',#6085,#6084,#216,.T.);
#4994=EDGE_CURVE('',#6084,#6086,#217,.T.);
#4995=EDGE_CURVE('',#6087,#6085,#218,.T.);
#4996=EDGE_CURVE('',#6087,#6086,#219,.T.);
#4997=EDGE_CURVE('',#6086,#6088,#220,.T.);
#4998=EDGE_CURVE('',#6089,#6087,#221,.T.);
#4999=EDGE_CURVE('',#6089,#6088,#222,.T.);
#5000=EDGE_CURVE('',#6088,#6090,#223,.T.);
#5001=EDGE_CURVE('',#6091,#6089,#224,.T.);
#5002=EDGE_CURVE('',#6091,#6090,#225,.T.);
#5003=EDGE_CURVE('',#6090,#6092,#226,.T.);
#5004=EDGE_CURVE('',#6093,#6091,#227,.T.);
#5005=EDGE_CURVE('',#6093,#6092,#228,.T.);
#5006=EDGE_CURVE('',#6092,#6094,#229,.T.);
#5007=EDGE_CURVE('',#6095,#6093,#230,.T.);
#5008=EDGE_CURVE('',#6095,#6094,#231,.T.);
#5009=EDGE_CURVE('',#6094,#6096,#232,.T.);
#5010=EDGE_CURVE('',#6097,#6095,#233,.T.);
#5011=EDGE_CURVE('',#6097,#6096,#234,.T.);
#5012=EDGE_CURVE('',#6096,#6098,#235,.T.);
#5013=EDGE_CURVE('',#6099,#6097,#236,.T.);
#5014=EDGE_CURVE('',#6099,#6098,#237,.T.);
#5015=EDGE_CURVE('',#6098,#6100,#238,.T.);
#5016=EDGE_CURVE('',#6101,#6099,#239,.T.);
#5017=EDGE_CURVE('',#6101,#6100,#240,.T.);
#5018=EDGE_CURVE('',#6100,#6102,#241,.T.);
#5019=EDGE_CURVE('',#6103,#6101,#242,.T.);
#5020=EDGE_CURVE('',#6103,#6102,#243,.T.);
#5021=EDGE_CURVE('',#6102,#6104,#244,.T.);
#5022=EDGE_CURVE('',#6105,#6103,#245,.T.);
#5023=EDGE_CURVE('',#6105,#6104,#246,.T.);
#5024=EDGE_CURVE('',#6104,#6106,#247,.T.);
#5025=EDGE_CURVE('',#6107,#6105,#248,.T.);
#5026=EDGE_CURVE('',#6107,#6106,#249,.T.);
#5027=EDGE_CURVE('',#6106,#6108,#250,.T.);
#5028=EDGE_CURVE('',#6109,#6107,#251,.T.);
#5029=EDGE_CURVE('',#6109,#6108,#252,.T.);
#5030=EDGE_CURVE('',#6108,#6110,#253,.T.);
#5031=EDGE_CURVE('',#6111,#6109,#254,.T.);
#5032=EDGE_CURVE('',#6111,#6110,#255,.T.);
#5033=EDGE_CURVE('',#6110,#6112,#256,.T.);
#5034=EDGE_CURVE('',#6113,#6111,#257,.T.);
#5035=EDGE_CURVE('',#6113,#6112,#258,.T.);
#5036=EDGE_CURVE('',#6112,#6114,#259,.T.);
#5037=EDGE_CURVE('',#6115,#6113,#260,.T.);
#5038=EDGE_CURVE('',#6115,#6114,#261,.T.);
#5039=EDGE_CURVE('',#6114,#6116,#262,.T.);
#5040=EDGE_CURVE('',#6117,#6115,#263,.T.);
#5041=EDGE_CURVE('',#6117,#6116,#264,.T.);
#5042=EDGE_CURVE('',#6116,#6118,#265,.T.);
#5043=EDGE_CURVE('',#6119,#6117,#266,.T.);
#5044=EDGE_CURVE('',#6119,#6118,#267,.T.);
#5045=EDGE_CURVE('',#6118,#6120,#268,.T.);
#5046=EDGE_CURVE('',#6121,#6119,#269,.T.);
#5047=EDGE_CURVE('',#6121,#6120,#270,.T.);
#5048=EDGE_CURVE('',#6120,#6122,#271,.T.);
#5049=EDGE_CURVE('',#6123,#6121,#272,.T.);
#5050=EDGE_CURVE('',#6123,#6122,#273,.T.);
#5051=EDGE_CURVE('',#6122,#6124,#274,.T.);
#5052=EDGE_CURVE('',#6125,#6123,#275,.T.);
#5053=EDGE_CURVE('',#6125,#6124,#276,.T.);
#5054=EDGE_CURVE('',#6124,#6126,#277,.T.);
#5055=EDGE_CURVE('',#6127,#6125,#278,.T.);
#5056=EDGE_CURVE('',#6127,#6126,#279,.T.);
#5057=EDGE_CURVE('',#6126,#6128,#280,.T.);
#5058=EDGE_CURVE('',#6129,#6127,#281,.T.);
#5059=EDGE_CURVE('',#6129,#6128,#282,.T.);
#5060=EDGE_CURVE('',#6128,#6130,#283,.T.);
#5061=EDGE_CURVE('',#6131,#6129,#284,.T.);
#5062=EDGE_CURVE('',#6131,#6130,#285,.T.);
#5063=EDGE_CURVE('',#6130,#6132,#286,.T.);
#5064=EDGE_CURVE('',#6133,#6131,#287,.T.);
#5065=EDGE_CURVE('',#6133,#6132,#288,.T.);
#5066=EDGE_CURVE('',#6132,#6134,#289,.T.);
#5067=EDGE_CURVE('',#6135,#6133,#290,.T.);
#5068=EDGE_CURVE('',#6135,#6134,#291,.T.);
#5069=EDGE_CURVE('',#6134,#6136,#292,.T.);
#5070=EDGE_CURVE('',#6137,#6135,#293,.T.);
#5071=EDGE_CURVE('',#6137,#6136,#294,.T.);
#5072=EDGE_CURVE('',#6136,#6138,#295,.T.);
#5073=EDGE_CURVE('',#6139,#6137,#296,.T.);
#5074=EDGE_CURVE('',#6139,#6138,#297,.T.);
#5075=EDGE_CURVE('',#6138,#6140,#298,.T.);
#5076=EDGE_CURVE('',#6141,#6139,#299,.T.);
#5077=EDGE_CURVE('',#6141,#6140,#300,.T.);
#5078=EDGE_CURVE('',#6140,#6142,#301,.T.);
#5079=EDGE_CURVE('',#6143,#6141,#302,.T.);
#5080=EDGE_CURVE('',#6143,#6142,#303,.T.);
#5081=EDGE_CURVE('',#6142,#6144,#304,.T.);
#5082=EDGE_CURVE('',#6145,#6143,#305,.T.);
#5083=EDGE_CURVE('',#6145,#6144,#306,.T.);
#5084=EDGE_CURVE('',#6144,#6146,#307,.T.);
#5085=EDGE_CURVE('',#6147,#6145,#308,.T.);
#5086=EDGE_CURVE('',#6147,#6146,#309,.T.);
#5087=EDGE_CURVE('',#6146,#6148,#310,.T.);
#5088=EDGE_CURVE('',#6149,#6147,#311,.T.);
#5089=EDGE_CURVE('',#6149,#6148,#312,.T.);
#5090=EDGE_CURVE('',#6148,#6150,#313,.T.);
#5091=EDGE_CURVE('',#6151,#6149,#314,.T.);
#5092=EDGE_CURVE('',#6151,#6150,#315,.T.);
#5093=EDGE_CURVE('',#6150,#6152,#316,.T.);
#5094=EDGE_CURVE('',#6153,#6151,#317,.T.);
#5095=EDGE_CURVE('',#6153,#6152,#318,.T.);
#5096=EDGE_CURVE('',#6152,#6046,#319,.T.);
#5097=EDGE_CURVE('',#6048,#6153,#320,.T.);
#5098=EDGE_CURVE('',#6154,#6155,#321,.T.);
#5099=EDGE_CURVE('',#6156,#6154,#322,.T.);
#5100=EDGE_CURVE('',#6157,#6156,#323,.T.);
#5101=EDGE_CURVE('',#6157,#6155,#324,.T.);
#5102=EDGE_CURVE('',#6155,#6158,#325,.T.);
#5103=EDGE_CURVE('',#6159,#6157,#326,.T.);
#5104=EDGE_CURVE('',#6159,#6158,#327,.T.);
#5105=EDGE_CURVE('',#6158,#6160,#328,.T.);
#5106=EDGE_CURVE('',#6161,#6159,#329,.T.);
#5107=EDGE_CURVE('',#6161,#6160,#330,.T.);
#5108=EDGE_CURVE('',#6160,#6162,#331,.T.);
#5109=EDGE_CURVE('',#6163,#6161,#332,.T.);
#5110=EDGE_CURVE('',#6163,#6162,#333,.T.);
#5111=EDGE_CURVE('',#6162,#6164,#334,.T.);
#5112=EDGE_CURVE('',#6165,#6163,#335,.T.);
#5113=EDGE_CURVE('',#6165,#6164,#336,.T.);
#5114=EDGE_CURVE('',#6166,#6167,#337,.T.);
#5115=EDGE_CURVE('',#6168,#6166,#338,.T.);
#5116=EDGE_CURVE('',#6169,#6168,#339,.T.);
#5117=EDGE_CURVE('',#6169,#6167,#340,.T.);
#5118=EDGE_CURVE('',#6167,#6170,#341,.T.);
#5119=EDGE_CURVE('',#6171,#6169,#342,.T.);
#5120=EDGE_CURVE('',#6171,#6170,#343,.T.);
#5121=EDGE_CURVE('',#6170,#6172,#344,.T.);
#5122=EDGE_CURVE('',#6173,#6171,#345,.T.);
#5123=EDGE_CURVE('',#6173,#6172,#346,.T.);
#5124=EDGE_CURVE('',#6172,#6174,#347,.T.);
#5125=EDGE_CURVE('',#6175,#6173,#348,.T.);
#5126=EDGE_CURVE('',#6175,#6174,#349,.T.);
#5127=EDGE_CURVE('',#6174,#6176,#350,.T.);
#5128=EDGE_CURVE('',#6177,#6175,#351,.T.);
#5129=EDGE_CURVE('',#6177,#6176,#352,.T.);
#5130=EDGE_CURVE('',#6176,#6178,#353,.T.);
#5131=EDGE_CURVE('',#6179,#6177,#354,.T.);
#5132=EDGE_CURVE('',#6179,#6178,#355,.T.);
#5133=EDGE_CURVE('',#6178,#6180,#356,.T.);
#5134=EDGE_CURVE('',#6181,#6179,#357,.T.);
#5135=EDGE_CURVE('',#6181,#6180,#358,.T.);
#5136=EDGE_CURVE('',#6164,#6182,#359,.T.);
#5137=EDGE_CURVE('',#6183,#6165,#360,.T.);
#5138=EDGE_CURVE('',#6183,#6182,#361,.T.);
#5139=EDGE_CURVE('',#6182,#6184,#362,.T.);
#5140=EDGE_CURVE('',#6185,#6183,#363,.T.);
#5141=EDGE_CURVE('',#6185,#6184,#364,.T.);
#5142=EDGE_CURVE('',#6184,#6186,#365,.T.);
#5143=EDGE_CURVE('',#6187,#6185,#366,.T.);
#5144=EDGE_CURVE('',#6187,#6186,#367,.T.);
#5145=EDGE_CURVE('',#6186,#6188,#368,.T.);
#5146=EDGE_CURVE('',#6189,#6187,#369,.T.);
#5147=EDGE_CURVE('',#6189,#6188,#370,.T.);
#5148=EDGE_CURVE('',#6188,#6154,#371,.T.);
#5149=EDGE_CURVE('',#6156,#6189,#372,.T.);
#5150=EDGE_CURVE('',#6180,#6190,#373,.T.);
#5151=EDGE_CURVE('',#6191,#6181,#374,.T.);
#5152=EDGE_CURVE('',#6191,#6190,#375,.T.);
#5153=EDGE_CURVE('',#6190,#6192,#376,.T.);
#5154=EDGE_CURVE('',#6193,#6191,#377,.T.);
#5155=EDGE_CURVE('',#6193,#6192,#378,.T.);
#5156=EDGE_CURVE('',#6192,#6194,#379,.T.);
#5157=EDGE_CURVE('',#6195,#6193,#380,.T.);
#5158=EDGE_CURVE('',#6195,#6194,#381,.T.);
#5159=EDGE_CURVE('',#6194,#6196,#382,.T.);
#5160=EDGE_CURVE('',#6197,#6195,#383,.T.);
#5161=EDGE_CURVE('',#6197,#6196,#384,.T.);
#5162=EDGE_CURVE('',#6196,#6198,#385,.T.);
#5163=EDGE_CURVE('',#6199,#6197,#386,.T.);
#5164=EDGE_CURVE('',#6199,#6198,#387,.T.);
#5165=EDGE_CURVE('',#6198,#6200,#388,.T.);
#5166=EDGE_CURVE('',#6201,#6199,#389,.T.);
#5167=EDGE_CURVE('',#6201,#6200,#390,.T.);
#5168=EDGE_CURVE('',#6200,#6166,#391,.T.);
#5169=EDGE_CURVE('',#6168,#6201,#392,.T.);
#5170=EDGE_CURVE('',#6202,#6203,#393,.T.);
#5171=EDGE_CURVE('',#6204,#6202,#394,.T.);
#5172=EDGE_CURVE('',#6205,#6204,#395,.T.);
#5173=EDGE_CURVE('',#6205,#6203,#396,.T.);
#5174=EDGE_CURVE('',#6203,#6206,#397,.T.);
#5175=EDGE_CURVE('',#6207,#6205,#398,.T.);
#5176=EDGE_CURVE('',#6207,#6206,#399,.T.);
#5177=EDGE_CURVE('',#6206,#6208,#400,.T.);
#5178=EDGE_CURVE('',#6209,#6207,#401,.T.);
#5179=EDGE_CURVE('',#6209,#6208,#402,.T.);
#5180=EDGE_CURVE('',#6208,#6210,#403,.T.);
#5181=EDGE_CURVE('',#6211,#6209,#404,.T.);
#5182=EDGE_CURVE('',#6211,#6210,#405,.T.);
#5183=EDGE_CURVE('',#6210,#6212,#406,.T.);
#5184=EDGE_CURVE('',#6213,#6211,#407,.T.);
#5185=EDGE_CURVE('',#6213,#6212,#408,.T.);
#5186=EDGE_CURVE('',#6212,#6214,#409,.T.);
#5187=EDGE_CURVE('',#6215,#6213,#410,.T.);
#5188=EDGE_CURVE('',#6215,#6214,#411,.T.);
#5189=EDGE_CURVE('',#6214,#6216,#412,.T.);
#5190=EDGE_CURVE('',#6217,#6215,#413,.T.);
#5191=EDGE_CURVE('',#6217,#6216,#414,.T.);
#5192=EDGE_CURVE('',#6216,#6218,#415,.T.);
#5193=EDGE_CURVE('',#6219,#6217,#416,.T.);
#5194=EDGE_CURVE('',#6219,#6218,#417,.T.);
#5195=EDGE_CURVE('',#6218,#6220,#418,.T.);
#5196=EDGE_CURVE('',#6221,#6219,#419,.T.);
#5197=EDGE_CURVE('',#6221,#6220,#420,.T.);
#5198=EDGE_CURVE('',#6220,#6222,#421,.T.);
#5199=EDGE_CURVE('',#6223,#6221,#422,.T.);
#5200=EDGE_CURVE('',#6223,#6222,#423,.T.);
#5201=EDGE_CURVE('',#6222,#6224,#424,.T.);
#5202=EDGE_CURVE('',#6225,#6223,#425,.T.);
#5203=EDGE_CURVE('',#6225,#6224,#426,.T.);
#5204=EDGE_CURVE('',#6224,#6226,#427,.T.);
#5205=EDGE_CURVE('',#6227,#6225,#428,.T.);
#5206=EDGE_CURVE('',#6227,#6226,#429,.T.);
#5207=EDGE_CURVE('',#6226,#6228,#430,.T.);
#5208=EDGE_CURVE('',#6229,#6227,#431,.T.);
#5209=EDGE_CURVE('',#6229,#6228,#432,.T.);
#5210=EDGE_CURVE('',#6228,#6230,#433,.T.);
#5211=EDGE_CURVE('',#6231,#6229,#434,.T.);
#5212=EDGE_CURVE('',#6231,#6230,#435,.T.);
#5213=EDGE_CURVE('',#6230,#6232,#436,.T.);
#5214=EDGE_CURVE('',#6233,#6231,#437,.T.);
#5215=EDGE_CURVE('',#6233,#6232,#438,.T.);
#5216=EDGE_CURVE('',#6232,#6234,#439,.T.);
#5217=EDGE_CURVE('',#6235,#6233,#440,.T.);
#5218=EDGE_CURVE('',#6235,#6234,#441,.T.);
#5219=EDGE_CURVE('',#6234,#6236,#442,.T.);
#5220=EDGE_CURVE('',#6237,#6235,#443,.T.);
#5221=EDGE_CURVE('',#6237,#6236,#444,.T.);
#5222=EDGE_CURVE('',#6236,#6238,#445,.T.);
#5223=EDGE_CURVE('',#6239,#6237,#446,.T.);
#5224=EDGE_CURVE('',#6239,#6238,#447,.T.);
#5225=EDGE_CURVE('',#6238,#6240,#448,.T.);
#5226=EDGE_CURVE('',#6241,#6239,#449,.T.);
#5227=EDGE_CURVE('',#6241,#6240,#450,.T.);
#5228=EDGE_CURVE('',#6240,#6242,#451,.T.);
#5229=EDGE_CURVE('',#6243,#6241,#452,.T.);
#5230=EDGE_CURVE('',#6243,#6242,#453,.T.);
#5231=EDGE_CURVE('',#6242,#6244,#454,.T.);
#5232=EDGE_CURVE('',#6245,#6243,#455,.T.);
#5233=EDGE_CURVE('',#6245,#6244,#456,.T.);
#5234=EDGE_CURVE('',#6244,#6246,#457,.T.);
#5235=EDGE_CURVE('',#6247,#6245,#458,.T.);
#5236=EDGE_CURVE('',#6247,#6246,#459,.T.);
#5237=EDGE_CURVE('',#6246,#6248,#460,.T.);
#5238=EDGE_CURVE('',#6249,#6247,#461,.T.);
#5239=EDGE_CURVE('',#6249,#6248,#462,.T.);
#5240=EDGE_CURVE('',#6248,#6250,#463,.T.);
#5241=EDGE_CURVE('',#6251,#6249,#464,.T.);
#5242=EDGE_CURVE('',#6251,#6250,#465,.T.);
#5243=EDGE_CURVE('',#6250,#6252,#466,.T.);
#5244=EDGE_CURVE('',#6253,#6251,#467,.T.);
#5245=EDGE_CURVE('',#6253,#6252,#468,.T.);
#5246=EDGE_CURVE('',#6252,#6202,#469,.T.);
#5247=EDGE_CURVE('',#6204,#6253,#470,.T.);
#5248=EDGE_CURVE('',#6254,#6255,#471,.T.);
#5249=EDGE_CURVE('',#6256,#6254,#472,.T.);
#5250=EDGE_CURVE('',#6257,#6256,#473,.T.);
#5251=EDGE_CURVE('',#6257,#6255,#474,.T.);
#5252=EDGE_CURVE('',#6255,#6258,#475,.T.);
#5253=EDGE_CURVE('',#6259,#6257,#476,.T.);
#5254=EDGE_CURVE('',#6259,#6258,#477,.T.);
#5255=EDGE_CURVE('',#6258,#6260,#478,.T.);
#5256=EDGE_CURVE('',#6261,#6259,#479,.T.);
#5257=EDGE_CURVE('',#6261,#6260,#480,.T.);
#5258=EDGE_CURVE('',#6260,#6262,#481,.T.);
#5259=EDGE_CURVE('',#6263,#6261,#482,.T.);
#5260=EDGE_CURVE('',#6263,#6262,#483,.T.);
#5261=EDGE_CURVE('',#6262,#6264,#484,.T.);
#5262=EDGE_CURVE('',#6265,#6263,#485,.T.);
#5263=EDGE_CURVE('',#6265,#6264,#486,.T.);
#5264=EDGE_CURVE('',#6264,#6266,#487,.T.);
#5265=EDGE_CURVE('',#6267,#6265,#488,.T.);
#5266=EDGE_CURVE('',#6267,#6266,#489,.T.);
#5267=EDGE_CURVE('',#6266,#6268,#490,.T.);
#5268=EDGE_CURVE('',#6269,#6267,#491,.T.);
#5269=EDGE_CURVE('',#6269,#6268,#492,.T.);
#5270=EDGE_CURVE('',#6268,#6270,#493,.T.);
#5271=EDGE_CURVE('',#6271,#6269,#494,.T.);
#5272=EDGE_CURVE('',#6271,#6270,#495,.T.);
#5273=EDGE_CURVE('',#6270,#6272,#496,.T.);
#5274=EDGE_CURVE('',#6273,#6271,#497,.T.);
#5275=EDGE_CURVE('',#6273,#6272,#498,.T.);
#5276=EDGE_CURVE('',#6272,#6274,#499,.T.);
#5277=EDGE_CURVE('',#6275,#6273,#500,.T.);
#5278=EDGE_CURVE('',#6275,#6274,#501,.T.);
#5279=EDGE_CURVE('',#6274,#6276,#502,.T.);
#5280=EDGE_CURVE('',#6277,#6275,#503,.T.);
#5281=EDGE_CURVE('',#6277,#6276,#504,.T.);
#5282=EDGE_CURVE('',#6276,#6254,#505,.T.);
#5283=EDGE_CURVE('',#6256,#6277,#506,.T.);
#5284=EDGE_CURVE('',#6278,#6279,#507,.T.);
#5285=EDGE_CURVE('',#6280,#6278,#508,.T.);
#5286=EDGE_CURVE('',#6281,#6280,#509,.T.);
#5287=EDGE_CURVE('',#6281,#6279,#510,.T.);
#5288=EDGE_CURVE('',#6279,#6282,#6800,.T.);
#5289=EDGE_CURVE('',#6283,#6281,#6801,.T.);
#5290=EDGE_CURVE('',#6283,#6282,#511,.T.);
#5291=EDGE_CURVE('',#6282,#6284,#512,.T.);
#5292=EDGE_CURVE('',#6285,#6283,#513,.T.);
#5293=EDGE_CURVE('',#6285,#6284,#514,.T.);
#5294=EDGE_CURVE('',#6284,#6286,#6802,.T.);
#5295=EDGE_CURVE('',#6287,#6285,#6803,.T.);
#5296=EDGE_CURVE('',#6287,#6286,#515,.T.);
#5297=EDGE_CURVE('',#6286,#6288,#6804,.T.);
#5298=EDGE_CURVE('',#6289,#6287,#6805,.T.);
#5299=EDGE_CURVE('',#6289,#6288,#516,.T.);
#5300=EDGE_CURVE('',#6288,#6290,#6806,.T.);
#5301=EDGE_CURVE('',#6291,#6289,#6807,.T.);
#5302=EDGE_CURVE('',#6291,#6290,#517,.T.);
#5303=EDGE_CURVE('',#6290,#6278,#6808,.T.);
#5304=EDGE_CURVE('',#6280,#6291,#6809,.T.);
#5305=EDGE_CURVE('',#6292,#6293,#518,.T.);
#5306=EDGE_CURVE('',#6294,#6292,#519,.T.);
#5307=EDGE_CURVE('',#6295,#6294,#520,.T.);
#5308=EDGE_CURVE('',#6295,#6293,#521,.T.);
#5309=EDGE_CURVE('',#6293,#6296,#6810,.T.);
#5310=EDGE_CURVE('',#6297,#6295,#6811,.T.);
#5311=EDGE_CURVE('',#6297,#6296,#522,.T.);
#5312=EDGE_CURVE('',#6296,#6298,#523,.T.);
#5313=EDGE_CURVE('',#6299,#6297,#524,.T.);
#5314=EDGE_CURVE('',#6299,#6298,#525,.T.);
#5315=EDGE_CURVE('',#6298,#6300,#6812,.T.);
#5316=EDGE_CURVE('',#6301,#6299,#6813,.T.);
#5317=EDGE_CURVE('',#6301,#6300,#526,.T.);
#5318=EDGE_CURVE('',#6300,#6302,#6814,.T.);
#5319=EDGE_CURVE('',#6303,#6301,#6815,.T.);
#5320=EDGE_CURVE('',#6303,#6302,#527,.T.);
#5321=EDGE_CURVE('',#6302,#6304,#6816,.T.);
#5322=EDGE_CURVE('',#6305,#6303,#6817,.T.);
#5323=EDGE_CURVE('',#6305,#6304,#528,.T.);
#5324=EDGE_CURVE('',#6304,#6292,#6818,.T.);
#5325=EDGE_CURVE('',#6294,#6305,#6819,.T.);
#5326=EDGE_CURVE('',#6306,#6307,#529,.T.);
#5327=EDGE_CURVE('',#6307,#6308,#6820,.T.);
#5328=EDGE_CURVE('',#6308,#6309,#6821,.T.);
#5329=EDGE_CURVE('',#6309,#6310,#6822,.T.);
#5330=EDGE_CURVE('',#6310,#6311,#530,.T.);
#5331=EDGE_CURVE('',#6311,#6312,#6823,.T.);
#5332=EDGE_CURVE('',#6312,#6313,#531,.T.);
#5333=EDGE_CURVE('',#6313,#6306,#6824,.T.);
#5334=EDGE_CURVE('',#6307,#6314,#532,.T.);
#5335=EDGE_CURVE('',#6315,#6314,#6825,.T.);
#5336=EDGE_CURVE('',#6308,#6315,#533,.T.);
#5337=EDGE_CURVE('',#6316,#6315,#6826,.T.);
#5338=EDGE_CURVE('',#6309,#6316,#534,.T.);
#5339=EDGE_CURVE('',#6317,#6316,#6827,.T.);
#5340=EDGE_CURVE('',#6310,#6317,#535,.T.);
#5341=EDGE_CURVE('',#6318,#6317,#536,.T.);
#5342=EDGE_CURVE('',#6311,#6318,#537,.T.);
#5343=EDGE_CURVE('',#6319,#6318,#6828,.T.);
#5344=EDGE_CURVE('',#6312,#6319,#538,.T.);
#5345=EDGE_CURVE('',#6320,#6319,#539,.T.);
#5346=EDGE_CURVE('',#6313,#6320,#540,.T.);
#5347=EDGE_CURVE('',#6321,#6320,#6829,.T.);
#5348=EDGE_CURVE('',#6306,#6321,#541,.T.);
#5349=EDGE_CURVE('',#6314,#6321,#542,.T.);
#5350=EDGE_CURVE('',#6322,#6323,#543,.T.);
#5351=EDGE_CURVE('',#6323,#6324,#544,.T.);
#5352=EDGE_CURVE('',#6325,#6324,#545,.T.);
#5353=EDGE_CURVE('',#6322,#6325,#546,.T.);
#5354=EDGE_CURVE('',#6326,#6322,#6830,.T.);
#5355=EDGE_CURVE('',#6327,#6325,#6831,.T.);
#5356=EDGE_CURVE('',#6326,#6327,#547,.T.);
#5357=EDGE_CURVE('',#6328,#6326,#548,.T.);
#5358=EDGE_CURVE('',#6329,#6327,#549,.T.);
#5359=EDGE_CURVE('',#6328,#6329,#550,.T.);
#5360=EDGE_CURVE('',#6330,#6328,#6832,.T.);
#5361=EDGE_CURVE('',#6331,#6329,#6833,.T.);
#5362=EDGE_CURVE('',#6330,#6331,#551,.T.);
#5363=EDGE_CURVE('',#6332,#6330,#552,.T.);
#5364=EDGE_CURVE('',#6333,#6331,#553,.T.);
#5365=EDGE_CURVE('',#6332,#6333,#554,.T.);
#5366=EDGE_CURVE('',#6323,#6332,#6834,.T.);
#5367=EDGE_CURVE('',#6324,#6333,#6835,.T.);
#5368=EDGE_CURVE('',#6334,#6335,#6836,.T.);
#5369=EDGE_CURVE('',#6334,#6336,#555,.T.);
#5370=EDGE_CURVE('',#6337,#6336,#6837,.T.);
#5371=EDGE_CURVE('',#6335,#6337,#556,.T.);
#5372=EDGE_CURVE('',#6335,#6338,#557,.T.);
#5373=EDGE_CURVE('',#6339,#6337,#558,.T.);
#5374=EDGE_CURVE('',#6338,#6339,#559,.T.);
#5375=EDGE_CURVE('',#6338,#6340,#6838,.T.);
#5376=EDGE_CURVE('',#6341,#6339,#6839,.T.);
#5377=EDGE_CURVE('',#6340,#6341,#560,.T.);
#5378=EDGE_CURVE('',#6340,#6334,#561,.T.);
#5379=EDGE_CURVE('',#6336,#6341,#562,.T.);
#5380=EDGE_CURVE('',#6342,#6343,#563,.T.);
#5381=EDGE_CURVE('',#6343,#6344,#564,.T.);
#5382=EDGE_CURVE('',#6345,#6344,#565,.T.);
#5383=EDGE_CURVE('',#6342,#6345,#566,.T.);
#5384=EDGE_CURVE('',#6346,#6342,#567,.T.);
#5385=EDGE_CURVE('',#6347,#6345,#568,.T.);
#5386=EDGE_CURVE('',#6346,#6347,#569,.T.);
#5387=EDGE_CURVE('',#6348,#6346,#570,.T.);
#5388=EDGE_CURVE('',#6349,#6347,#571,.T.);
#5389=EDGE_CURVE('',#6348,#6349,#572,.T.);
#5390=EDGE_CURVE('',#6350,#6348,#573,.T.);
#5391=EDGE_CURVE('',#6351,#6349,#574,.T.);
#5392=EDGE_CURVE('',#6350,#6351,#575,.T.);
#5393=EDGE_CURVE('',#6352,#6350,#576,.T.);
#5394=EDGE_CURVE('',#6353,#6351,#577,.T.);
#5395=EDGE_CURVE('',#6352,#6353,#578,.T.);
#5396=EDGE_CURVE('',#6354,#6352,#579,.T.);
#5397=EDGE_CURVE('',#6355,#6353,#580,.T.);
#5398=EDGE_CURVE('',#6354,#6355,#581,.T.);
#5399=EDGE_CURVE('',#6356,#6354,#582,.T.);
#5400=EDGE_CURVE('',#6357,#6355,#583,.T.);
#5401=EDGE_CURVE('',#6356,#6357,#584,.T.);
#5402=EDGE_CURVE('',#6358,#6356,#585,.T.);
#5403=EDGE_CURVE('',#6359,#6357,#586,.T.);
#5404=EDGE_CURVE('',#6358,#6359,#587,.T.);
#5405=EDGE_CURVE('',#6360,#6358,#588,.T.);
#5406=EDGE_CURVE('',#6361,#6359,#589,.T.);
#5407=EDGE_CURVE('',#6360,#6361,#590,.T.);
#5408=EDGE_CURVE('',#6362,#6360,#591,.T.);
#5409=EDGE_CURVE('',#6363,#6361,#592,.T.);
#5410=EDGE_CURVE('',#6362,#6363,#593,.T.);
#5411=EDGE_CURVE('',#6364,#6362,#594,.T.);
#5412=EDGE_CURVE('',#6365,#6363,#595,.T.);
#5413=EDGE_CURVE('',#6364,#6365,#596,.T.);
#5414=EDGE_CURVE('',#6366,#6364,#597,.T.);
#5415=EDGE_CURVE('',#6367,#6365,#598,.T.);
#5416=EDGE_CURVE('',#6366,#6367,#599,.T.);
#5417=EDGE_CURVE('',#6368,#6366,#600,.T.);
#5418=EDGE_CURVE('',#6369,#6367,#601,.T.);
#5419=EDGE_CURVE('',#6368,#6369,#602,.T.);
#5420=EDGE_CURVE('',#6370,#6368,#603,.T.);
#5421=EDGE_CURVE('',#6371,#6369,#604,.T.);
#5422=EDGE_CURVE('',#6370,#6371,#605,.T.);
#5423=EDGE_CURVE('',#6372,#6370,#606,.T.);
#5424=EDGE_CURVE('',#6373,#6371,#607,.T.);
#5425=EDGE_CURVE('',#6372,#6373,#608,.T.);
#5426=EDGE_CURVE('',#6374,#6372,#609,.T.);
#5427=EDGE_CURVE('',#6375,#6373,#610,.T.);
#5428=EDGE_CURVE('',#6374,#6375,#611,.T.);
#5429=EDGE_CURVE('',#6376,#6374,#612,.T.);
#5430=EDGE_CURVE('',#6377,#6375,#613,.T.);
#5431=EDGE_CURVE('',#6376,#6377,#614,.T.);
#5432=EDGE_CURVE('',#6378,#6376,#615,.T.);
#5433=EDGE_CURVE('',#6379,#6377,#616,.T.);
#5434=EDGE_CURVE('',#6378,#6379,#617,.T.);
#5435=EDGE_CURVE('',#6380,#6378,#618,.T.);
#5436=EDGE_CURVE('',#6381,#6379,#619,.T.);
#5437=EDGE_CURVE('',#6380,#6381,#620,.T.);
#5438=EDGE_CURVE('',#6382,#6380,#621,.T.);
#5439=EDGE_CURVE('',#6383,#6381,#622,.T.);
#5440=EDGE_CURVE('',#6382,#6383,#623,.T.);
#5441=EDGE_CURVE('',#6384,#6382,#624,.T.);
#5442=EDGE_CURVE('',#6385,#6383,#625,.T.);
#5443=EDGE_CURVE('',#6384,#6385,#626,.T.);
#5444=EDGE_CURVE('',#6386,#6384,#627,.T.);
#5445=EDGE_CURVE('',#6387,#6385,#628,.T.);
#5446=EDGE_CURVE('',#6386,#6387,#629,.T.);
#5447=EDGE_CURVE('',#6388,#6386,#630,.T.);
#5448=EDGE_CURVE('',#6389,#6387,#631,.T.);
#5449=EDGE_CURVE('',#6388,#6389,#632,.T.);
#5450=EDGE_CURVE('',#6390,#6388,#633,.T.);
#5451=EDGE_CURVE('',#6391,#6389,#634,.T.);
#5452=EDGE_CURVE('',#6390,#6391,#635,.T.);
#5453=EDGE_CURVE('',#6392,#6390,#636,.T.);
#5454=EDGE_CURVE('',#6393,#6391,#637,.T.);
#5455=EDGE_CURVE('',#6392,#6393,#638,.T.);
#5456=EDGE_CURVE('',#6394,#6392,#639,.T.);
#5457=EDGE_CURVE('',#6395,#6393,#640,.T.);
#5458=EDGE_CURVE('',#6394,#6395,#641,.T.);
#5459=EDGE_CURVE('',#6396,#6394,#642,.T.);
#5460=EDGE_CURVE('',#6397,#6395,#643,.T.);
#5461=EDGE_CURVE('',#6396,#6397,#644,.T.);
#5462=EDGE_CURVE('',#6398,#6396,#645,.T.);
#5463=EDGE_CURVE('',#6399,#6397,#646,.T.);
#5464=EDGE_CURVE('',#6398,#6399,#647,.T.);
#5465=EDGE_CURVE('',#6400,#6398,#648,.T.);
#5466=EDGE_CURVE('',#6401,#6399,#649,.T.);
#5467=EDGE_CURVE('',#6400,#6401,#650,.T.);
#5468=EDGE_CURVE('',#6402,#6400,#651,.T.);
#5469=EDGE_CURVE('',#6403,#6401,#652,.T.);
#5470=EDGE_CURVE('',#6402,#6403,#653,.T.);
#5471=EDGE_CURVE('',#6404,#6402,#654,.T.);
#5472=EDGE_CURVE('',#6405,#6403,#655,.T.);
#5473=EDGE_CURVE('',#6404,#6405,#656,.T.);
#5474=EDGE_CURVE('',#6406,#6404,#657,.T.);
#5475=EDGE_CURVE('',#6407,#6405,#658,.T.);
#5476=EDGE_CURVE('',#6406,#6407,#659,.T.);
#5477=EDGE_CURVE('',#6408,#6406,#660,.T.);
#5478=EDGE_CURVE('',#6409,#6407,#661,.T.);
#5479=EDGE_CURVE('',#6408,#6409,#662,.T.);
#5480=EDGE_CURVE('',#6410,#6408,#663,.T.);
#5481=EDGE_CURVE('',#6411,#6409,#664,.T.);
#5482=EDGE_CURVE('',#6410,#6411,#665,.T.);
#5483=EDGE_CURVE('',#6412,#6410,#666,.T.);
#5484=EDGE_CURVE('',#6413,#6411,#667,.T.);
#5485=EDGE_CURVE('',#6412,#6413,#668,.T.);
#5486=EDGE_CURVE('',#6414,#6412,#669,.T.);
#5487=EDGE_CURVE('',#6415,#6413,#670,.T.);
#5488=EDGE_CURVE('',#6414,#6415,#671,.T.);
#5489=EDGE_CURVE('',#6416,#6414,#672,.T.);
#5490=EDGE_CURVE('',#6417,#6415,#673,.T.);
#5491=EDGE_CURVE('',#6416,#6417,#674,.T.);
#5492=EDGE_CURVE('',#6418,#6416,#675,.T.);
#5493=EDGE_CURVE('',#6419,#6417,#676,.T.);
#5494=EDGE_CURVE('',#6418,#6419,#677,.T.);
#5495=EDGE_CURVE('',#6420,#6418,#678,.T.);
#5496=EDGE_CURVE('',#6421,#6419,#679,.T.);
#5497=EDGE_CURVE('',#6420,#6421,#680,.T.);
#5498=EDGE_CURVE('',#6422,#6420,#681,.T.);
#5499=EDGE_CURVE('',#6423,#6421,#682,.T.);
#5500=EDGE_CURVE('',#6422,#6423,#683,.T.);
#5501=EDGE_CURVE('',#6424,#6422,#684,.T.);
#5502=EDGE_CURVE('',#6425,#6423,#685,.T.);
#5503=EDGE_CURVE('',#6424,#6425,#686,.T.);
#5504=EDGE_CURVE('',#6426,#6424,#687,.T.);
#5505=EDGE_CURVE('',#6427,#6425,#688,.T.);
#5506=EDGE_CURVE('',#6426,#6427,#689,.T.);
#5507=EDGE_CURVE('',#6428,#6426,#690,.T.);
#5508=EDGE_CURVE('',#6429,#6427,#691,.T.);
#5509=EDGE_CURVE('',#6428,#6429,#692,.T.);
#5510=EDGE_CURVE('',#6430,#6428,#693,.T.);
#5511=EDGE_CURVE('',#6431,#6429,#694,.T.);
#5512=EDGE_CURVE('',#6430,#6431,#695,.T.);
#5513=EDGE_CURVE('',#6432,#6430,#696,.T.);
#5514=EDGE_CURVE('',#6433,#6431,#697,.T.);
#5515=EDGE_CURVE('',#6432,#6433,#698,.T.);
#5516=EDGE_CURVE('',#6434,#6432,#699,.T.);
#5517=EDGE_CURVE('',#6435,#6433,#700,.T.);
#5518=EDGE_CURVE('',#6434,#6435,#701,.T.);
#5519=EDGE_CURVE('',#6436,#6434,#702,.T.);
#5520=EDGE_CURVE('',#6437,#6435,#703,.T.);
#5521=EDGE_CURVE('',#6436,#6437,#704,.T.);
#5522=EDGE_CURVE('',#6438,#6436,#705,.T.);
#5523=EDGE_CURVE('',#6439,#6437,#706,.T.);
#5524=EDGE_CURVE('',#6438,#6439,#707,.T.);
#5525=EDGE_CURVE('',#6440,#6438,#708,.T.);
#5526=EDGE_CURVE('',#6441,#6439,#709,.T.);
#5527=EDGE_CURVE('',#6440,#6441,#710,.T.);
#5528=EDGE_CURVE('',#6442,#6440,#711,.T.);
#5529=EDGE_CURVE('',#6443,#6441,#712,.T.);
#5530=EDGE_CURVE('',#6442,#6443,#713,.T.);
#5531=EDGE_CURVE('',#6444,#6442,#714,.T.);
#5532=EDGE_CURVE('',#6445,#6443,#715,.T.);
#5533=EDGE_CURVE('',#6444,#6445,#716,.T.);
#5534=EDGE_CURVE('',#6446,#6444,#717,.T.);
#5535=EDGE_CURVE('',#6447,#6445,#718,.T.);
#5536=EDGE_CURVE('',#6446,#6447,#719,.T.);
#5537=EDGE_CURVE('',#6448,#6446,#720,.T.);
#5538=EDGE_CURVE('',#6449,#6447,#721,.T.);
#5539=EDGE_CURVE('',#6448,#6449,#722,.T.);
#5540=EDGE_CURVE('',#6450,#6448,#723,.T.);
#5541=EDGE_CURVE('',#6451,#6449,#724,.T.);
#5542=EDGE_CURVE('',#6450,#6451,#725,.T.);
#5543=EDGE_CURVE('',#6452,#6450,#726,.T.);
#5544=EDGE_CURVE('',#6453,#6451,#727,.T.);
#5545=EDGE_CURVE('',#6452,#6453,#728,.T.);
#5546=EDGE_CURVE('',#6454,#6452,#729,.T.);
#5547=EDGE_CURVE('',#6455,#6453,#730,.T.);
#5548=EDGE_CURVE('',#6454,#6455,#731,.T.);
#5549=EDGE_CURVE('',#6343,#6454,#732,.T.);
#5550=EDGE_CURVE('',#6344,#6455,#733,.T.);
#5551=EDGE_CURVE('',#6456,#6457,#734,.T.);
#5552=EDGE_CURVE('',#6457,#6458,#735,.T.);
#5553=EDGE_CURVE('',#6459,#6458,#736,.T.);
#5554=EDGE_CURVE('',#6456,#6459,#737,.T.);
#5555=EDGE_CURVE('',#6460,#6456,#738,.T.);
#5556=EDGE_CURVE('',#6461,#6459,#739,.T.);
#5557=EDGE_CURVE('',#6460,#6461,#740,.T.);
#5558=EDGE_CURVE('',#6462,#6460,#741,.T.);
#5559=EDGE_CURVE('',#6463,#6461,#742,.T.);
#5560=EDGE_CURVE('',#6462,#6463,#743,.T.);
#5561=EDGE_CURVE('',#6464,#6462,#744,.T.);
#5562=EDGE_CURVE('',#6465,#6463,#745,.T.);
#5563=EDGE_CURVE('',#6464,#6465,#746,.T.);
#5564=EDGE_CURVE('',#6466,#6464,#747,.T.);
#5565=EDGE_CURVE('',#6467,#6465,#748,.T.);
#5566=EDGE_CURVE('',#6466,#6467,#749,.T.);
#5567=EDGE_CURVE('',#6468,#6466,#750,.T.);
#5568=EDGE_CURVE('',#6469,#6467,#751,.T.);
#5569=EDGE_CURVE('',#6468,#6469,#752,.T.);
#5570=EDGE_CURVE('',#6470,#6468,#753,.T.);
#5571=EDGE_CURVE('',#6471,#6469,#754,.T.);
#5572=EDGE_CURVE('',#6470,#6471,#755,.T.);
#5573=EDGE_CURVE('',#6472,#6470,#756,.T.);
#5574=EDGE_CURVE('',#6473,#6471,#757,.T.);
#5575=EDGE_CURVE('',#6472,#6473,#758,.T.);
#5576=EDGE_CURVE('',#6474,#6472,#759,.T.);
#5577=EDGE_CURVE('',#6475,#6473,#760,.T.);
#5578=EDGE_CURVE('',#6474,#6475,#761,.T.);
#5579=EDGE_CURVE('',#6476,#6474,#762,.T.);
#5580=EDGE_CURVE('',#6477,#6475,#763,.T.);
#5581=EDGE_CURVE('',#6476,#6477,#764,.T.);
#5582=EDGE_CURVE('',#6478,#6476,#765,.T.);
#5583=EDGE_CURVE('',#6479,#6477,#766,.T.);
#5584=EDGE_CURVE('',#6478,#6479,#767,.T.);
#5585=EDGE_CURVE('',#6480,#6478,#768,.T.);
#5586=EDGE_CURVE('',#6481,#6479,#769,.T.);
#5587=EDGE_CURVE('',#6480,#6481,#770,.T.);
#5588=EDGE_CURVE('',#6482,#6480,#771,.T.);
#5589=EDGE_CURVE('',#6483,#6481,#772,.T.);
#5590=EDGE_CURVE('',#6482,#6483,#773,.T.);
#5591=EDGE_CURVE('',#6484,#6482,#774,.T.);
#5592=EDGE_CURVE('',#6485,#6483,#775,.T.);
#5593=EDGE_CURVE('',#6484,#6485,#776,.T.);
#5594=EDGE_CURVE('',#6486,#6484,#777,.T.);
#5595=EDGE_CURVE('',#6487,#6485,#778,.T.);
#5596=EDGE_CURVE('',#6486,#6487,#779,.T.);
#5597=EDGE_CURVE('',#6488,#6486,#780,.T.);
#5598=EDGE_CURVE('',#6489,#6487,#781,.T.);
#5599=EDGE_CURVE('',#6488,#6489,#782,.T.);
#5600=EDGE_CURVE('',#6490,#6488,#783,.T.);
#5601=EDGE_CURVE('',#6491,#6489,#784,.T.);
#5602=EDGE_CURVE('',#6490,#6491,#785,.T.);
#5603=EDGE_CURVE('',#6492,#6490,#786,.T.);
#5604=EDGE_CURVE('',#6493,#6491,#787,.T.);
#5605=EDGE_CURVE('',#6492,#6493,#788,.T.);
#5606=EDGE_CURVE('',#6494,#6492,#789,.T.);
#5607=EDGE_CURVE('',#6495,#6493,#790,.T.);
#5608=EDGE_CURVE('',#6494,#6495,#791,.T.);
#5609=EDGE_CURVE('',#6496,#6494,#792,.T.);
#5610=EDGE_CURVE('',#6497,#6495,#793,.T.);
#5611=EDGE_CURVE('',#6496,#6497,#794,.T.);
#5612=EDGE_CURVE('',#6498,#6496,#795,.T.);
#5613=EDGE_CURVE('',#6499,#6497,#796,.T.);
#5614=EDGE_CURVE('',#6498,#6499,#797,.T.);
#5615=EDGE_CURVE('',#6500,#6498,#798,.T.);
#5616=EDGE_CURVE('',#6501,#6499,#799,.T.);
#5617=EDGE_CURVE('',#6500,#6501,#800,.T.);
#5618=EDGE_CURVE('',#6502,#6500,#801,.T.);
#5619=EDGE_CURVE('',#6503,#6501,#802,.T.);
#5620=EDGE_CURVE('',#6502,#6503,#803,.T.);
#5621=EDGE_CURVE('',#6504,#6502,#804,.T.);
#5622=EDGE_CURVE('',#6505,#6503,#805,.T.);
#5623=EDGE_CURVE('',#6504,#6505,#806,.T.);
#5624=EDGE_CURVE('',#6506,#6504,#807,.T.);
#5625=EDGE_CURVE('',#6507,#6505,#808,.T.);
#5626=EDGE_CURVE('',#6506,#6507,#809,.T.);
#5627=EDGE_CURVE('',#6508,#6506,#810,.T.);
#5628=EDGE_CURVE('',#6509,#6507,#811,.T.);
#5629=EDGE_CURVE('',#6508,#6509,#812,.T.);
#5630=EDGE_CURVE('',#6510,#6508,#813,.T.);
#5631=EDGE_CURVE('',#6511,#6509,#814,.T.);
#5632=EDGE_CURVE('',#6510,#6511,#815,.T.);
#5633=EDGE_CURVE('',#6457,#6510,#816,.T.);
#5634=EDGE_CURVE('',#6458,#6511,#817,.T.);
#5635=EDGE_CURVE('',#6512,#6513,#818,.T.);
#5636=EDGE_CURVE('',#6513,#6514,#819,.T.);
#5637=EDGE_CURVE('',#6515,#6514,#820,.T.);
#5638=EDGE_CURVE('',#6512,#6515,#821,.T.);
#5639=EDGE_CURVE('',#6516,#6512,#822,.T.);
#5640=EDGE_CURVE('',#6517,#6515,#823,.T.);
#5641=EDGE_CURVE('',#6516,#6517,#824,.T.);
#5642=EDGE_CURVE('',#6518,#6516,#825,.T.);
#5643=EDGE_CURVE('',#6519,#6517,#826,.T.);
#5644=EDGE_CURVE('',#6518,#6519,#827,.T.);
#5645=EDGE_CURVE('',#6520,#6518,#828,.T.);
#5646=EDGE_CURVE('',#6521,#6519,#829,.T.);
#5647=EDGE_CURVE('',#6520,#6521,#830,.T.);
#5648=EDGE_CURVE('',#6522,#6520,#831,.T.);
#5649=EDGE_CURVE('',#6523,#6521,#832,.T.);
#5650=EDGE_CURVE('',#6522,#6523,#833,.T.);
#5651=EDGE_CURVE('',#6524,#6522,#834,.T.);
#5652=EDGE_CURVE('',#6525,#6523,#835,.T.);
#5653=EDGE_CURVE('',#6524,#6525,#836,.T.);
#5654=EDGE_CURVE('',#6513,#6524,#837,.T.);
#5655=EDGE_CURVE('',#6514,#6525,#838,.T.);
#5656=EDGE_CURVE('',#6526,#6527,#839,.T.);
#5657=EDGE_CURVE('',#6527,#6528,#840,.T.);
#5658=EDGE_CURVE('',#6529,#6528,#841,.T.);
#5659=EDGE_CURVE('',#6526,#6529,#842,.T.);
#5660=EDGE_CURVE('',#6530,#6526,#843,.T.);
#5661=EDGE_CURVE('',#6531,#6529,#844,.T.);
#5662=EDGE_CURVE('',#6530,#6531,#845,.T.);
#5663=EDGE_CURVE('',#6532,#6530,#846,.T.);
#5664=EDGE_CURVE('',#6533,#6531,#847,.T.);
#5665=EDGE_CURVE('',#6532,#6533,#848,.T.);
#5666=EDGE_CURVE('',#6534,#6532,#849,.T.);
#5667=EDGE_CURVE('',#6535,#6533,#850,.T.);
#5668=EDGE_CURVE('',#6534,#6535,#851,.T.);
#5669=EDGE_CURVE('',#6536,#6534,#852,.T.);
#5670=EDGE_CURVE('',#6537,#6535,#853,.T.);
#5671=EDGE_CURVE('',#6536,#6537,#854,.T.);
#5672=EDGE_CURVE('',#6538,#6536,#855,.T.);
#5673=EDGE_CURVE('',#6539,#6537,#856,.T.);
#5674=EDGE_CURVE('',#6538,#6539,#857,.T.);
#5675=EDGE_CURVE('',#6540,#6538,#858,.T.);
#5676=EDGE_CURVE('',#6541,#6539,#859,.T.);
#5677=EDGE_CURVE('',#6540,#6541,#860,.T.);
#5678=EDGE_CURVE('',#6542,#6540,#861,.T.);
#5679=EDGE_CURVE('',#6543,#6541,#862,.T.);
#5680=EDGE_CURVE('',#6542,#6543,#863,.T.);
#5681=EDGE_CURVE('',#6544,#6542,#864,.T.);
#5682=EDGE_CURVE('',#6545,#6543,#865,.T.);
#5683=EDGE_CURVE('',#6544,#6545,#866,.T.);
#5684=EDGE_CURVE('',#6527,#6544,#867,.T.);
#5685=EDGE_CURVE('',#6528,#6545,#868,.T.);
#5686=EDGE_CURVE('',#6546,#6547,#869,.T.);
#5687=EDGE_CURVE('',#6547,#6548,#870,.T.);
#5688=EDGE_CURVE('',#6549,#6548,#871,.T.);
#5689=EDGE_CURVE('',#6546,#6549,#872,.T.);
#5690=EDGE_CURVE('',#6550,#6546,#873,.T.);
#5691=EDGE_CURVE('',#6551,#6549,#874,.T.);
#5692=EDGE_CURVE('',#6550,#6551,#875,.T.);
#5693=EDGE_CURVE('',#6552,#6550,#876,.T.);
#5694=EDGE_CURVE('',#6553,#6551,#877,.T.);
#5695=EDGE_CURVE('',#6552,#6553,#878,.T.);
#5696=EDGE_CURVE('',#6554,#6552,#879,.T.);
#5697=EDGE_CURVE('',#6555,#6553,#880,.T.);
#5698=EDGE_CURVE('',#6554,#6555,#881,.T.);
#5699=EDGE_CURVE('',#6556,#6554,#882,.T.);
#5700=EDGE_CURVE('',#6557,#6555,#883,.T.);
#5701=EDGE_CURVE('',#6556,#6557,#884,.T.);
#5702=EDGE_CURVE('',#6558,#6556,#885,.T.);
#5703=EDGE_CURVE('',#6559,#6557,#886,.T.);
#5704=EDGE_CURVE('',#6558,#6559,#887,.T.);
#5705=EDGE_CURVE('',#6560,#6558,#888,.T.);
#5706=EDGE_CURVE('',#6561,#6559,#889,.T.);
#5707=EDGE_CURVE('',#6560,#6561,#890,.T.);
#5708=EDGE_CURVE('',#6562,#6560,#891,.T.);
#5709=EDGE_CURVE('',#6563,#6561,#892,.T.);
#5710=EDGE_CURVE('',#6562,#6563,#893,.T.);
#5711=EDGE_CURVE('',#6564,#6562,#894,.T.);
#5712=EDGE_CURVE('',#6565,#6563,#895,.T.);
#5713=EDGE_CURVE('',#6564,#6565,#896,.T.);
#5714=EDGE_CURVE('',#6566,#6564,#897,.T.);
#5715=EDGE_CURVE('',#6567,#6565,#898,.T.);
#5716=EDGE_CURVE('',#6566,#6567,#899,.T.);
#5717=EDGE_CURVE('',#6568,#6566,#900,.T.);
#5718=EDGE_CURVE('',#6569,#6567,#901,.T.);
#5719=EDGE_CURVE('',#6568,#6569,#902,.T.);
#5720=EDGE_CURVE('',#6547,#6568,#903,.T.);
#5721=EDGE_CURVE('',#6548,#6569,#904,.T.);
#5722=EDGE_CURVE('',#6570,#6571,#905,.T.);
#5723=EDGE_CURVE('',#6571,#6572,#906,.T.);
#5724=EDGE_CURVE('',#6573,#6572,#907,.T.);
#5725=EDGE_CURVE('',#6570,#6573,#908,.T.);
#5726=EDGE_CURVE('',#6574,#6570,#909,.T.);
#5727=EDGE_CURVE('',#6575,#6573,#910,.T.);
#5728=EDGE_CURVE('',#6574,#6575,#911,.T.);
#5729=EDGE_CURVE('',#6576,#6574,#912,.T.);
#5730=EDGE_CURVE('',#6577,#6575,#913,.T.);
#5731=EDGE_CURVE('',#6576,#6577,#914,.T.);
#5732=EDGE_CURVE('',#6578,#6576,#915,.T.);
#5733=EDGE_CURVE('',#6579,#6577,#916,.T.);
#5734=EDGE_CURVE('',#6578,#6579,#917,.T.);
#5735=EDGE_CURVE('',#6580,#6578,#918,.T.);
#5736=EDGE_CURVE('',#6581,#6579,#919,.T.);
#5737=EDGE_CURVE('',#6580,#6581,#920,.T.);
#5738=EDGE_CURVE('',#6582,#6580,#921,.T.);
#5739=EDGE_CURVE('',#6583,#6581,#922,.T.);
#5740=EDGE_CURVE('',#6582,#6583,#923,.T.);
#5741=EDGE_CURVE('',#6584,#6582,#924,.T.);
#5742=EDGE_CURVE('',#6585,#6583,#925,.T.);
#5743=EDGE_CURVE('',#6584,#6585,#926,.T.);
#5744=EDGE_CURVE('',#6586,#6584,#927,.T.);
#5745=EDGE_CURVE('',#6587,#6585,#928,.T.);
#5746=EDGE_CURVE('',#6586,#6587,#929,.T.);
#5747=EDGE_CURVE('',#6588,#6586,#930,.T.);
#5748=EDGE_CURVE('',#6589,#6587,#931,.T.);
#5749=EDGE_CURVE('',#6588,#6589,#932,.T.);
#5750=EDGE_CURVE('',#6590,#6588,#933,.T.);
#5751=EDGE_CURVE('',#6591,#6589,#934,.T.);
#5752=EDGE_CURVE('',#6590,#6591,#935,.T.);
#5753=EDGE_CURVE('',#6592,#6590,#936,.T.);
#5754=EDGE_CURVE('',#6593,#6591,#937,.T.);
#5755=EDGE_CURVE('',#6592,#6593,#938,.T.);
#5756=EDGE_CURVE('',#6594,#6592,#939,.T.);
#5757=EDGE_CURVE('',#6595,#6593,#940,.T.);
#5758=EDGE_CURVE('',#6594,#6595,#941,.T.);
#5759=EDGE_CURVE('',#6596,#6594,#942,.T.);
#5760=EDGE_CURVE('',#6597,#6595,#943,.T.);
#5761=EDGE_CURVE('',#6596,#6597,#944,.T.);
#5762=EDGE_CURVE('',#6598,#6596,#945,.T.);
#5763=EDGE_CURVE('',#6599,#6597,#946,.T.);
#5764=EDGE_CURVE('',#6598,#6599,#947,.T.);
#5765=EDGE_CURVE('',#6600,#6598,#948,.T.);
#5766=EDGE_CURVE('',#6601,#6599,#949,.T.);
#5767=EDGE_CURVE('',#6600,#6601,#950,.T.);
#5768=EDGE_CURVE('',#6602,#6600,#951,.T.);
#5769=EDGE_CURVE('',#6603,#6601,#952,.T.);
#5770=EDGE_CURVE('',#6602,#6603,#953,.T.);
#5771=EDGE_CURVE('',#6604,#6602,#954,.T.);
#5772=EDGE_CURVE('',#6605,#6603,#955,.T.);
#5773=EDGE_CURVE('',#6604,#6605,#956,.T.);
#5774=EDGE_CURVE('',#6606,#6604,#957,.T.);
#5775=EDGE_CURVE('',#6607,#6605,#958,.T.);
#5776=EDGE_CURVE('',#6606,#6607,#959,.T.);
#5777=EDGE_CURVE('',#6608,#6606,#960,.T.);
#5778=EDGE_CURVE('',#6609,#6607,#961,.T.);
#5779=EDGE_CURVE('',#6608,#6609,#962,.T.);
#5780=EDGE_CURVE('',#6610,#6608,#963,.T.);
#5781=EDGE_CURVE('',#6611,#6609,#964,.T.);
#5782=EDGE_CURVE('',#6610,#6611,#965,.T.);
#5783=EDGE_CURVE('',#6612,#6610,#966,.T.);
#5784=EDGE_CURVE('',#6613,#6611,#967,.T.);
#5785=EDGE_CURVE('',#6612,#6613,#968,.T.);
#5786=EDGE_CURVE('',#6614,#6612,#969,.T.);
#5787=EDGE_CURVE('',#6615,#6613,#970,.T.);
#5788=EDGE_CURVE('',#6614,#6615,#971,.T.);
#5789=EDGE_CURVE('',#6616,#6614,#972,.T.);
#5790=EDGE_CURVE('',#6617,#6615,#973,.T.);
#5791=EDGE_CURVE('',#6616,#6617,#974,.T.);
#5792=EDGE_CURVE('',#6618,#6616,#975,.T.);
#5793=EDGE_CURVE('',#6619,#6617,#976,.T.);
#5794=EDGE_CURVE('',#6618,#6619,#977,.T.);
#5795=EDGE_CURVE('',#6620,#6618,#978,.T.);
#5796=EDGE_CURVE('',#6621,#6619,#979,.T.);
#5797=EDGE_CURVE('',#6620,#6621,#980,.T.);
#5798=EDGE_CURVE('',#6571,#6620,#981,.T.);
#5799=EDGE_CURVE('',#6572,#6621,#982,.T.);
#5800=EDGE_CURVE('',#6622,#6623,#983,.T.);
#5801=EDGE_CURVE('',#6623,#6624,#984,.T.);
#5802=EDGE_CURVE('',#6625,#6624,#985,.T.);
#5803=EDGE_CURVE('',#6622,#6625,#986,.T.);
#5804=EDGE_CURVE('',#6626,#6622,#987,.T.);
#5805=EDGE_CURVE('',#6627,#6625,#988,.T.);
#5806=EDGE_CURVE('',#6626,#6627,#989,.T.);
#5807=EDGE_CURVE('',#6628,#6626,#990,.T.);
#5808=EDGE_CURVE('',#6629,#6627,#991,.T.);
#5809=EDGE_CURVE('',#6628,#6629,#992,.T.);
#5810=EDGE_CURVE('',#6630,#6628,#993,.T.);
#5811=EDGE_CURVE('',#6631,#6629,#994,.T.);
#5812=EDGE_CURVE('',#6630,#6631,#995,.T.);
#5813=EDGE_CURVE('',#6632,#6630,#996,.T.);
#5814=EDGE_CURVE('',#6633,#6631,#997,.T.);
#5815=EDGE_CURVE('',#6632,#6633,#998,.T.);
#5816=EDGE_CURVE('',#6634,#6632,#999,.T.);
#5817=EDGE_CURVE('',#6635,#6633,#1000,.T.);
#5818=EDGE_CURVE('',#6634,#6635,#1001,.T.);
#5819=EDGE_CURVE('',#6636,#6634,#1002,.T.);
#5820=EDGE_CURVE('',#6637,#6635,#1003,.T.);
#5821=EDGE_CURVE('',#6636,#6637,#1004,.T.);
#5822=EDGE_CURVE('',#6623,#6636,#1005,.T.);
#5823=EDGE_CURVE('',#6624,#6637,#1006,.T.);
#5824=EDGE_CURVE('',#6638,#6639,#1007,.T.);
#5825=EDGE_CURVE('',#6639,#6640,#1008,.T.);
#5826=EDGE_CURVE('',#6641,#6640,#1009,.T.);
#5827=EDGE_CURVE('',#6638,#6641,#1010,.T.);
#5828=EDGE_CURVE('',#6642,#6638,#1011,.T.);
#5829=EDGE_CURVE('',#6643,#6641,#1012,.T.);
#5830=EDGE_CURVE('',#6642,#6643,#1013,.T.);
#5831=EDGE_CURVE('',#6644,#6642,#1014,.T.);
#5832=EDGE_CURVE('',#6645,#6643,#1015,.T.);
#5833=EDGE_CURVE('',#6644,#6645,#1016,.T.);
#5834=EDGE_CURVE('',#6646,#6644,#1017,.T.);
#5835=EDGE_CURVE('',#6647,#6645,#1018,.T.);
#5836=EDGE_CURVE('',#6646,#6647,#1019,.T.);
#5837=EDGE_CURVE('',#6648,#6646,#1020,.T.);
#5838=EDGE_CURVE('',#6649,#6647,#1021,.T.);
#5839=EDGE_CURVE('',#6648,#6649,#1022,.T.);
#5840=EDGE_CURVE('',#6650,#6648,#1023,.T.);
#5841=EDGE_CURVE('',#6651,#6649,#1024,.T.);
#5842=EDGE_CURVE('',#6650,#6651,#1025,.T.);
#5843=EDGE_CURVE('',#6652,#6650,#1026,.T.);
#5844=EDGE_CURVE('',#6653,#6651,#1027,.T.);
#5845=EDGE_CURVE('',#6652,#6653,#1028,.T.);
#5846=EDGE_CURVE('',#6654,#6652,#1029,.T.);
#5847=EDGE_CURVE('',#6655,#6653,#1030,.T.);
#5848=EDGE_CURVE('',#6654,#6655,#1031,.T.);
#5849=EDGE_CURVE('',#6656,#6654,#1032,.T.);
#5850=EDGE_CURVE('',#6657,#6655,#1033,.T.);
#5851=EDGE_CURVE('',#6656,#6657,#1034,.T.);
#5852=EDGE_CURVE('',#6639,#6656,#1035,.T.);
#5853=EDGE_CURVE('',#6640,#6657,#1036,.T.);
#5854=EDGE_CURVE('',#6658,#6659,#1037,.T.);
#5855=EDGE_CURVE('',#6659,#6660,#1038,.T.);
#5856=EDGE_CURVE('',#6661,#6660,#1039,.T.);
#5857=EDGE_CURVE('',#6658,#6661,#1040,.T.);
#5858=EDGE_CURVE('',#6662,#6658,#1041,.T.);
#5859=EDGE_CURVE('',#6663,#6661,#1042,.T.);
#5860=EDGE_CURVE('',#6662,#6663,#1043,.T.);
#5861=EDGE_CURVE('',#6664,#6662,#1044,.T.);
#5862=EDGE_CURVE('',#6665,#6663,#1045,.T.);
#5863=EDGE_CURVE('',#6664,#6665,#1046,.T.);
#5864=EDGE_CURVE('',#6666,#6664,#1047,.T.);
#5865=EDGE_CURVE('',#6667,#6665,#1048,.T.);
#5866=EDGE_CURVE('',#6666,#6667,#1049,.T.);
#5867=EDGE_CURVE('',#6668,#6666,#1050,.T.);
#5868=EDGE_CURVE('',#6669,#6667,#1051,.T.);
#5869=EDGE_CURVE('',#6668,#6669,#1052,.T.);
#5870=EDGE_CURVE('',#6670,#6668,#1053,.T.);
#5871=EDGE_CURVE('',#6671,#6669,#1054,.T.);
#5872=EDGE_CURVE('',#6670,#6671,#1055,.T.);
#5873=EDGE_CURVE('',#6672,#6670,#1056,.T.);
#5874=EDGE_CURVE('',#6673,#6671,#1057,.T.);
#5875=EDGE_CURVE('',#6672,#6673,#1058,.T.);
#5876=EDGE_CURVE('',#6674,#6672,#1059,.T.);
#5877=EDGE_CURVE('',#6675,#6673,#1060,.T.);
#5878=EDGE_CURVE('',#6674,#6675,#1061,.T.);
#5879=EDGE_CURVE('',#6676,#6674,#1062,.T.);
#5880=EDGE_CURVE('',#6677,#6675,#1063,.T.);
#5881=EDGE_CURVE('',#6676,#6677,#1064,.T.);
#5882=EDGE_CURVE('',#6678,#6676,#1065,.T.);
#5883=EDGE_CURVE('',#6679,#6677,#1066,.T.);
#5884=EDGE_CURVE('',#6678,#6679,#1067,.T.);
#5885=EDGE_CURVE('',#6680,#6678,#1068,.T.);
#5886=EDGE_CURVE('',#6681,#6679,#1069,.T.);
#5887=EDGE_CURVE('',#6680,#6681,#1070,.T.);
#5888=EDGE_CURVE('',#6682,#6680,#1071,.T.);
#5889=EDGE_CURVE('',#6683,#6681,#1072,.T.);
#5890=EDGE_CURVE('',#6682,#6683,#1073,.T.);
#5891=EDGE_CURVE('',#6684,#6682,#1074,.T.);
#5892=EDGE_CURVE('',#6685,#6683,#1075,.T.);
#5893=EDGE_CURVE('',#6684,#6685,#1076,.T.);
#5894=EDGE_CURVE('',#6686,#6684,#1077,.T.);
#5895=EDGE_CURVE('',#6687,#6685,#1078,.T.);
#5896=EDGE_CURVE('',#6686,#6687,#1079,.T.);
#5897=EDGE_CURVE('',#6688,#6686,#1080,.T.);
#5898=EDGE_CURVE('',#6689,#6687,#1081,.T.);
#5899=EDGE_CURVE('',#6688,#6689,#1082,.T.);
#5900=EDGE_CURVE('',#6659,#6688,#1083,.T.);
#5901=EDGE_CURVE('',#6660,#6689,#1084,.T.);
#5902=EDGE_CURVE('',#6690,#6691,#1085,.T.);
#5903=EDGE_CURVE('',#6691,#6692,#1086,.T.);
#5904=EDGE_CURVE('',#6693,#6692,#1087,.T.);
#5905=EDGE_CURVE('',#6690,#6693,#1088,.T.);
#5906=EDGE_CURVE('',#6694,#6690,#1089,.T.);
#5907=EDGE_CURVE('',#6695,#6693,#1090,.T.);
#5908=EDGE_CURVE('',#6694,#6695,#1091,.T.);
#5909=EDGE_CURVE('',#6696,#6694,#1092,.T.);
#5910=EDGE_CURVE('',#6697,#6695,#1093,.T.);
#5911=EDGE_CURVE('',#6696,#6697,#1094,.T.);
#5912=EDGE_CURVE('',#6691,#6696,#1095,.T.);
#5913=EDGE_CURVE('',#6692,#6697,#1096,.T.);
#5914=EDGE_CURVE('',#6698,#6699,#1097,.T.);
#5915=EDGE_CURVE('',#6699,#6700,#1098,.T.);
#5916=EDGE_CURVE('',#6701,#6700,#1099,.T.);
#5917=EDGE_CURVE('',#6698,#6701,#1100,.T.);
#5918=EDGE_CURVE('',#6702,#6698,#1101,.T.);
#5919=EDGE_CURVE('',#6703,#6701,#1102,.T.);
#5920=EDGE_CURVE('',#6702,#6703,#1103,.T.);
#5921=EDGE_CURVE('',#6704,#6702,#1104,.T.);
#5922=EDGE_CURVE('',#6705,#6703,#1105,.T.);
#5923=EDGE_CURVE('',#6704,#6705,#1106,.T.);
#5924=EDGE_CURVE('',#6706,#6704,#1107,.T.);
#5925=EDGE_CURVE('',#6707,#6705,#1108,.T.);
#5926=EDGE_CURVE('',#6706,#6707,#1109,.T.);
#5927=EDGE_CURVE('',#6708,#6706,#1110,.T.);
#5928=EDGE_CURVE('',#6709,#6707,#1111,.T.);
#5929=EDGE_CURVE('',#6708,#6709,#1112,.T.);
#5930=EDGE_CURVE('',#6710,#6708,#1113,.T.);
#5931=EDGE_CURVE('',#6711,#6709,#1114,.T.);
#5932=EDGE_CURVE('',#6710,#6711,#1115,.T.);
#5933=EDGE_CURVE('',#6712,#6710,#1116,.T.);
#5934=EDGE_CURVE('',#6713,#6711,#1117,.T.);
#5935=EDGE_CURVE('',#6712,#6713,#1118,.T.);
#5936=EDGE_CURVE('',#6714,#6712,#1119,.T.);
#5937=EDGE_CURVE('',#6715,#6713,#1120,.T.);
#5938=EDGE_CURVE('',#6714,#6715,#1121,.T.);
#5939=EDGE_CURVE('',#6716,#6714,#1122,.T.);
#5940=EDGE_CURVE('',#6717,#6715,#1123,.T.);
#5941=EDGE_CURVE('',#6716,#6717,#1124,.T.);
#5942=EDGE_CURVE('',#6718,#6716,#1125,.T.);
#5943=EDGE_CURVE('',#6719,#6717,#1126,.T.);
#5944=EDGE_CURVE('',#6718,#6719,#1127,.T.);
#5945=EDGE_CURVE('',#6720,#6718,#1128,.T.);
#5946=EDGE_CURVE('',#6721,#6719,#1129,.T.);
#5947=EDGE_CURVE('',#6720,#6721,#1130,.T.);
#5948=EDGE_CURVE('',#6699,#6720,#1131,.T.);
#5949=EDGE_CURVE('',#6700,#6721,#1132,.T.);
#5950=EDGE_CURVE('',#6722,#6722,#6840,.T.);
#5951=EDGE_CURVE('',#6723,#6723,#6841,.T.);
#5952=EDGE_CURVE('',#6724,#6724,#6842,.T.);
#5953=EDGE_CURVE('',#6725,#6725,#6843,.T.);
#5954=EDGE_CURVE('',#6726,#6726,#6844,.T.);
#5955=EDGE_CURVE('',#6727,#6727,#6845,.T.);
#5956=EDGE_CURVE('',#6728,#6728,#6846,.T.);
#5957=EDGE_CURVE('',#6729,#6729,#6847,.T.);
#5958=EDGE_CURVE('',#6730,#6730,#6848,.T.);
#5959=EDGE_CURVE('',#6731,#6731,#6849,.T.);
#5960=EDGE_CURVE('',#6732,#6732,#6850,.T.);
#5961=EDGE_CURVE('',#6733,#6733,#6851,.T.);
#5962=EDGE_CURVE('',#6734,#6734,#6852,.T.);
#5963=EDGE_CURVE('',#6735,#6735,#6853,.T.);
#5964=EDGE_CURVE('',#6736,#6737,#6858,.F.);
#5965=EDGE_CURVE('',#6737,#6738,#1135,.F.);
#5966=EDGE_CURVE('',#6738,#6739,#6859,.T.);
#5967=EDGE_CURVE('',#6739,#6736,#1136,.T.);
#5968=VERTEX_POINT('',#11420);
#5969=VERTEX_POINT('',#11422);
#5970=VERTEX_POINT('',#11425);
#5971=VERTEX_POINT('',#11427);
#5972=VERTEX_POINT('',#11430);
#5973=VERTEX_POINT('',#11431);
#5974=VERTEX_POINT('',#11433);
#5975=VERTEX_POINT('',#11435);
#5976=VERTEX_POINT('',#11439);
#5977=VERTEX_POINT('',#11441);
#5978=VERTEX_POINT('',#11445);
#5979=VERTEX_POINT('',#11447);
#5980=VERTEX_POINT('',#11451);
#5981=VERTEX_POINT('',#11453);
#5982=VERTEX_POINT('',#11457);
#5983=VERTEX_POINT('',#11459);
#5984=VERTEX_POINT('',#11463);
#5985=VERTEX_POINT('',#11465);
#5986=VERTEX_POINT('',#11469);
#5987=VERTEX_POINT('',#11471);
#5988=VERTEX_POINT('',#11475);
#5989=VERTEX_POINT('',#11477);
#5990=VERTEX_POINT('',#11481);
#5991=VERTEX_POINT('',#11483);
#5992=VERTEX_POINT('',#11487);
#5993=VERTEX_POINT('',#11489);
#5994=VERTEX_POINT('',#11493);
#5995=VERTEX_POINT('',#11495);
#5996=VERTEX_POINT('',#11499);
#5997=VERTEX_POINT('',#11501);
#5998=VERTEX_POINT('',#11505);
#5999=VERTEX_POINT('',#11507);
#6000=VERTEX_POINT('',#11511);
#6001=VERTEX_POINT('',#11513);
#6002=VERTEX_POINT('',#11523);
#6003=VERTEX_POINT('',#11524);
#6004=VERTEX_POINT('',#11526);
#6005=VERTEX_POINT('',#11528);
#6006=VERTEX_POINT('',#11532);
#6007=VERTEX_POINT('',#11534);
#6008=VERTEX_POINT('',#11538);
#6009=VERTEX_POINT('',#11540);
#6010=VERTEX_POINT('',#11544);
#6011=VERTEX_POINT('',#11546);
#6012=VERTEX_POINT('',#11550);
#6013=VERTEX_POINT('',#11552);
#6014=VERTEX_POINT('',#11559);
#6015=VERTEX_POINT('',#11560);
#6016=VERTEX_POINT('',#11562);
#6017=VERTEX_POINT('',#11564);
#6018=VERTEX_POINT('',#11574);
#6019=VERTEX_POINT('',#11576);
#6020=VERTEX_POINT('',#11580);
#6021=VERTEX_POINT('',#11582);
#6022=VERTEX_POINT('',#11586);
#6023=VERTEX_POINT('',#11587);
#6024=VERTEX_POINT('',#11591);
#6025=VERTEX_POINT('',#11592);
#6026=VERTEX_POINT('',#11598);
#6027=VERTEX_POINT('',#11599);
#6028=VERTEX_POINT('',#11601);
#6029=VERTEX_POINT('',#11603);
#6030=VERTEX_POINT('',#11607);
#6031=VERTEX_POINT('',#11609);
#6032=VERTEX_POINT('',#11613);
#6033=VERTEX_POINT('',#11615);
#6034=VERTEX_POINT('',#11619);
#6035=VERTEX_POINT('',#11621);
#6036=VERTEX_POINT('',#11625);
#6037=VERTEX_POINT('',#11627);
#6038=VERTEX_POINT('',#11631);
#6039=VERTEX_POINT('',#11633);
#6040=VERTEX_POINT('',#11637);
#6041=VERTEX_POINT('',#11639);
#6042=VERTEX_POINT('',#11647);
#6043=VERTEX_POINT('',#11649);
#6044=VERTEX_POINT('',#11652);
#6045=VERTEX_POINT('',#11654);
#6046=VERTEX_POINT('',#11658);
#6047=VERTEX_POINT('',#11659);
#6048=VERTEX_POINT('',#11661);
#6049=VERTEX_POINT('',#11663);
#6050=VERTEX_POINT('',#11667);
#6051=VERTEX_POINT('',#11669);
#6052=VERTEX_POINT('',#11673);
#6053=VERTEX_POINT('',#11675);
#6054=VERTEX_POINT('',#11679);
#6055=VERTEX_POINT('',#11681);
#6056=VERTEX_POINT('',#11685);
#6057=VERTEX_POINT('',#11687);
#6058=VERTEX_POINT('',#11691);
#6059=VERTEX_POINT('',#11693);
#6060=VERTEX_POINT('',#11697);
#6061=VERTEX_POINT('',#11699);
#6062=VERTEX_POINT('',#11703);
#6063=VERTEX_POINT('',#11705);
#6064=VERTEX_POINT('',#11709);
#6065=VERTEX_POINT('',#11711);
#6066=VERTEX_POINT('',#11715);
#6067=VERTEX_POINT('',#11717);
#6068=VERTEX_POINT('',#11721);
#6069=VERTEX_POINT('',#11723);
#6070=VERTEX_POINT('',#11727);
#6071=VERTEX_POINT('',#11729);
#6072=VERTEX_POINT('',#11733);
#6073=VERTEX_POINT('',#11735);
#6074=VERTEX_POINT('',#11739);
#6075=VERTEX_POINT('',#11741);
#6076=VERTEX_POINT('',#11745);
#6077=VERTEX_POINT('',#11747);
#6078=VERTEX_POINT('',#11751);
#6079=VERTEX_POINT('',#11753);
#6080=VERTEX_POINT('',#11757);
#6081=VERTEX_POINT('',#11759);
#6082=VERTEX_POINT('',#11763);
#6083=VERTEX_POINT('',#11765);
#6084=VERTEX_POINT('',#11769);
#6085=VERTEX_POINT('',#11771);
#6086=VERTEX_POINT('',#11775);
#6087=VERTEX_POINT('',#11777);
#6088=VERTEX_POINT('',#11781);
#6089=VERTEX_POINT('',#11783);
#6090=VERTEX_POINT('',#11787);
#6091=VERTEX_POINT('',#11789);
#6092=VERTEX_POINT('',#11793);
#6093=VERTEX_POINT('',#11795);
#6094=VERTEX_POINT('',#11799);
#6095=VERTEX_POINT('',#11801);
#6096=VERTEX_POINT('',#11805);
#6097=VERTEX_POINT('',#11807);
#6098=VERTEX_POINT('',#11811);
#6099=VERTEX_POINT('',#11813);
#6100=VERTEX_POINT('',#11817);
#6101=VERTEX_POINT('',#11819);
#6102=VERTEX_POINT('',#11823);
#6103=VERTEX_POINT('',#11825);
#6104=VERTEX_POINT('',#11829);
#6105=VERTEX_POINT('',#11831);
#6106=VERTEX_POINT('',#11835);
#6107=VERTEX_POINT('',#11837);
#6108=VERTEX_POINT('',#11841);
#6109=VERTEX_POINT('',#11843);
#6110=VERTEX_POINT('',#11847);
#6111=VERTEX_POINT('',#11849);
#6112=VERTEX_POINT('',#11853);
#6113=VERTEX_POINT('',#11855);
#6114=VERTEX_POINT('',#11859);
#6115=VERTEX_POINT('',#11861);
#6116=VERTEX_POINT('',#11865);
#6117=VERTEX_POINT('',#11867);
#6118=VERTEX_POINT('',#11871);
#6119=VERTEX_POINT('',#11873);
#6120=VERTEX_POINT('',#11877);
#6121=VERTEX_POINT('',#11879);
#6122=VERTEX_POINT('',#11883);
#6123=VERTEX_POINT('',#11885);
#6124=VERTEX_POINT('',#11889);
#6125=VERTEX_POINT('',#11891);
#6126=VERTEX_POINT('',#11895);
#6127=VERTEX_POINT('',#11897);
#6128=VERTEX_POINT('',#11901);
#6129=VERTEX_POINT('',#11903);
#6130=VERTEX_POINT('',#11907);
#6131=VERTEX_POINT('',#11909);
#6132=VERTEX_POINT('',#11913);
#6133=VERTEX_POINT('',#11915);
#6134=VERTEX_POINT('',#11919);
#6135=VERTEX_POINT('',#11921);
#6136=VERTEX_POINT('',#11925);
#6137=VERTEX_POINT('',#11927);
#6138=VERTEX_POINT('',#11931);
#6139=VERTEX_POINT('',#11933);
#6140=VERTEX_POINT('',#11937);
#6141=VERTEX_POINT('',#11939);
#6142=VERTEX_POINT('',#11943);
#6143=VERTEX_POINT('',#11945);
#6144=VERTEX_POINT('',#11949);
#6145=VERTEX_POINT('',#11951);
#6146=VERTEX_POINT('',#11955);
#6147=VERTEX_POINT('',#11957);
#6148=VERTEX_POINT('',#11961);
#6149=VERTEX_POINT('',#11963);
#6150=VERTEX_POINT('',#11967);
#6151=VERTEX_POINT('',#11969);
#6152=VERTEX_POINT('',#11973);
#6153=VERTEX_POINT('',#11975);
#6154=VERTEX_POINT('',#11983);
#6155=VERTEX_POINT('',#11984);
#6156=VERTEX_POINT('',#11986);
#6157=VERTEX_POINT('',#11988);
#6158=VERTEX_POINT('',#11992);
#6159=VERTEX_POINT('',#11994);
#6160=VERTEX_POINT('',#11998);
#6161=VERTEX_POINT('',#12000);
#6162=VERTEX_POINT('',#12004);
#6163=VERTEX_POINT('',#12006);
#6164=VERTEX_POINT('',#12010);
#6165=VERTEX_POINT('',#12012);
#6166=VERTEX_POINT('',#12016);
#6167=VERTEX_POINT('',#12017);
#6168=VERTEX_POINT('',#12019);
#6169=VERTEX_POINT('',#12021);
#6170=VERTEX_POINT('',#12025);
#6171=VERTEX_POINT('',#12027);
#6172=VERTEX_POINT('',#12031);
#6173=VERTEX_POINT('',#12033);
#6174=VERTEX_POINT('',#12037);
#6175=VERTEX_POINT('',#12039);
#6176=VERTEX_POINT('',#12043);
#6177=VERTEX_POINT('',#12045);
#6178=VERTEX_POINT('',#12049);
#6179=VERTEX_POINT('',#12051);
#6180=VERTEX_POINT('',#12055);
#6181=VERTEX_POINT('',#12057);
#6182=VERTEX_POINT('',#12061);
#6183=VERTEX_POINT('',#12063);
#6184=VERTEX_POINT('',#12067);
#6185=VERTEX_POINT('',#12069);
#6186=VERTEX_POINT('',#12073);
#6187=VERTEX_POINT('',#12075);
#6188=VERTEX_POINT('',#12079);
#6189=VERTEX_POINT('',#12081);
#6190=VERTEX_POINT('',#12088);
#6191=VERTEX_POINT('',#12090);
#6192=VERTEX_POINT('',#12094);
#6193=VERTEX_POINT('',#12096);
#6194=VERTEX_POINT('',#12100);
#6195=VERTEX_POINT('',#12102);
#6196=VERTEX_POINT('',#12106);
#6197=VERTEX_POINT('',#12108);
#6198=VERTEX_POINT('',#12112);
#6199=VERTEX_POINT('',#12114);
#6200=VERTEX_POINT('',#12118);
#6201=VERTEX_POINT('',#12120);
#6202=VERTEX_POINT('',#12128);
#6203=VERTEX_POINT('',#12129);
#6204=VERTEX_POINT('',#12131);
#6205=VERTEX_POINT('',#12133);
#6206=VERTEX_POINT('',#12137);
#6207=VERTEX_POINT('',#12139);
#6208=VERTEX_POINT('',#12143);
#6209=VERTEX_POINT('',#12145);
#6210=VERTEX_POINT('',#12149);
#6211=VERTEX_POINT('',#12151);
#6212=VERTEX_POINT('',#12155);
#6213=VERTEX_POINT('',#12157);
#6214=VERTEX_POINT('',#12161);
#6215=VERTEX_POINT('',#12163);
#6216=VERTEX_POINT('',#12167);
#6217=VERTEX_POINT('',#12169);
#6218=VERTEX_POINT('',#12173);
#6219=VERTEX_POINT('',#12175);
#6220=VERTEX_POINT('',#12179);
#6221=VERTEX_POINT('',#12181);
#6222=VERTEX_POINT('',#12185);
#6223=VERTEX_POINT('',#12187);
#6224=VERTEX_POINT('',#12191);
#6225=VERTEX_POINT('',#12193);
#6226=VERTEX_POINT('',#12197);
#6227=VERTEX_POINT('',#12199);
#6228=VERTEX_POINT('',#12203);
#6229=VERTEX_POINT('',#12205);
#6230=VERTEX_POINT('',#12209);
#6231=VERTEX_POINT('',#12211);
#6232=VERTEX_POINT('',#12215);
#6233=VERTEX_POINT('',#12217);
#6234=VERTEX_POINT('',#12221);
#6235=VERTEX_POINT('',#12223);
#6236=VERTEX_POINT('',#12227);
#6237=VERTEX_POINT('',#12229);
#6238=VERTEX_POINT('',#12233);
#6239=VERTEX_POINT('',#12235);
#6240=VERTEX_POINT('',#12239);
#6241=VERTEX_POINT('',#12241);
#6242=VERTEX_POINT('',#12245);
#6243=VERTEX_POINT('',#12247);
#6244=VERTEX_POINT('',#12251);
#6245=VERTEX_POINT('',#12253);
#6246=VERTEX_POINT('',#12257);
#6247=VERTEX_POINT('',#12259);
#6248=VERTEX_POINT('',#12263);
#6249=VERTEX_POINT('',#12265);
#6250=VERTEX_POINT('',#12269);
#6251=VERTEX_POINT('',#12271);
#6252=VERTEX_POINT('',#12275);
#6253=VERTEX_POINT('',#12277);
#6254=VERTEX_POINT('',#12285);
#6255=VERTEX_POINT('',#12286);
#6256=VERTEX_POINT('',#12288);
#6257=VERTEX_POINT('',#12290);
#6258=VERTEX_POINT('',#12294);
#6259=VERTEX_POINT('',#12296);
#6260=VERTEX_POINT('',#12300);
#6261=VERTEX_POINT('',#12302);
#6262=VERTEX_POINT('',#12306);
#6263=VERTEX_POINT('',#12308);
#6264=VERTEX_POINT('',#12312);
#6265=VERTEX_POINT('',#12314);
#6266=VERTEX_POINT('',#12318);
#6267=VERTEX_POINT('',#12320);
#6268=VERTEX_POINT('',#12324);
#6269=VERTEX_POINT('',#12326);
#6270=VERTEX_POINT('',#12330);
#6271=VERTEX_POINT('',#12332);
#6272=VERTEX_POINT('',#12336);
#6273=VERTEX_POINT('',#12338);
#6274=VERTEX_POINT('',#12342);
#6275=VERTEX_POINT('',#12344);
#6276=VERTEX_POINT('',#12348);
#6277=VERTEX_POINT('',#12350);
#6278=VERTEX_POINT('',#12358);
#6279=VERTEX_POINT('',#12359);
#6280=VERTEX_POINT('',#12361);
#6281=VERTEX_POINT('',#12363);
#6282=VERTEX_POINT('',#12367);
#6283=VERTEX_POINT('',#12369);
#6284=VERTEX_POINT('',#12373);
#6285=VERTEX_POINT('',#12375);
#6286=VERTEX_POINT('',#12379);
#6287=VERTEX_POINT('',#12381);
#6288=VERTEX_POINT('',#12385);
#6289=VERTEX_POINT('',#12387);
#6290=VERTEX_POINT('',#12391);
#6291=VERTEX_POINT('',#12393);
#6292=VERTEX_POINT('',#12401);
#6293=VERTEX_POINT('',#12402);
#6294=VERTEX_POINT('',#12404);
#6295=VERTEX_POINT('',#12406);
#6296=VERTEX_POINT('',#12410);
#6297=VERTEX_POINT('',#12412);
#6298=VERTEX_POINT('',#12416);
#6299=VERTEX_POINT('',#12418);
#6300=VERTEX_POINT('',#12422);
#6301=VERTEX_POINT('',#12424);
#6302=VERTEX_POINT('',#12428);
#6303=VERTEX_POINT('',#12430);
#6304=VERTEX_POINT('',#12434);
#6305=VERTEX_POINT('',#12436);
#6306=VERTEX_POINT('',#12444);
#6307=VERTEX_POINT('',#12445);
#6308=VERTEX_POINT('',#12447);
#6309=VERTEX_POINT('',#12449);
#6310=VERTEX_POINT('',#12451);
#6311=VERTEX_POINT('',#12453);
#6312=VERTEX_POINT('',#12455);
#6313=VERTEX_POINT('',#12457);
#6314=VERTEX_POINT('',#12462);
#6315=VERTEX_POINT('',#12464);
#6316=VERTEX_POINT('',#12468);
#6317=VERTEX_POINT('',#12472);
#6318=VERTEX_POINT('',#12476);
#6319=VERTEX_POINT('',#12480);
#6320=VERTEX_POINT('',#12484);
#6321=VERTEX_POINT('',#12488);
#6322=VERTEX_POINT('',#12497);
#6323=VERTEX_POINT('',#12498);
#6324=VERTEX_POINT('',#12500);
#6325=VERTEX_POINT('',#12502);
#6326=VERTEX_POINT('',#12506);
#6327=VERTEX_POINT('',#12508);
#6328=VERTEX_POINT('',#12512);
#6329=VERTEX_POINT('',#12514);
#6330=VERTEX_POINT('',#12518);
#6331=VERTEX_POINT('',#12520);
#6332=VERTEX_POINT('',#12524);
#6333=VERTEX_POINT('',#12526);
#6334=VERTEX_POINT('',#12536);
#6335=VERTEX_POINT('',#12537);
#6336=VERTEX_POINT('',#12539);
#6337=VERTEX_POINT('',#12541);
#6338=VERTEX_POINT('',#12545);
#6339=VERTEX_POINT('',#12547);
#6340=VERTEX_POINT('',#12551);
#6341=VERTEX_POINT('',#12553);
#6342=VERTEX_POINT('',#12563);
#6343=VERTEX_POINT('',#12564);
#6344=VERTEX_POINT('',#12566);
#6345=VERTEX_POINT('',#12568);
#6346=VERTEX_POINT('',#12572);
#6347=VERTEX_POINT('',#12574);
#6348=VERTEX_POINT('',#12578);
#6349=VERTEX_POINT('',#12580);
#6350=VERTEX_POINT('',#12584);
#6351=VERTEX_POINT('',#12586);
#6352=VERTEX_POINT('',#12590);
#6353=VERTEX_POINT('',#12592);
#6354=VERTEX_POINT('',#12596);
#6355=VERTEX_POINT('',#12598);
#6356=VERTEX_POINT('',#12602);
#6357=VERTEX_POINT('',#12604);
#6358=VERTEX_POINT('',#12608);
#6359=VERTEX_POINT('',#12610);
#6360=VERTEX_POINT('',#12614);
#6361=VERTEX_POINT('',#12616);
#6362=VERTEX_POINT('',#12620);
#6363=VERTEX_POINT('',#12622);
#6364=VERTEX_POINT('',#12626);
#6365=VERTEX_POINT('',#12628);
#6366=VERTEX_POINT('',#12632);
#6367=VERTEX_POINT('',#12634);
#6368=VERTEX_POINT('',#12638);
#6369=VERTEX_POINT('',#12640);
#6370=VERTEX_POINT('',#12644);
#6371=VERTEX_POINT('',#12646);
#6372=VERTEX_POINT('',#12650);
#6373=VERTEX_POINT('',#12652);
#6374=VERTEX_POINT('',#12656);
#6375=VERTEX_POINT('',#12658);
#6376=VERTEX_POINT('',#12662);
#6377=VERTEX_POINT('',#12664);
#6378=VERTEX_POINT('',#12668);
#6379=VERTEX_POINT('',#12670);
#6380=VERTEX_POINT('',#12674);
#6381=VERTEX_POINT('',#12676);
#6382=VERTEX_POINT('',#12680);
#6383=VERTEX_POINT('',#12682);
#6384=VERTEX_POINT('',#12686);
#6385=VERTEX_POINT('',#12688);
#6386=VERTEX_POINT('',#12692);
#6387=VERTEX_POINT('',#12694);
#6388=VERTEX_POINT('',#12698);
#6389=VERTEX_POINT('',#12700);
#6390=VERTEX_POINT('',#12704);
#6391=VERTEX_POINT('',#12706);
#6392=VERTEX_POINT('',#12710);
#6393=VERTEX_POINT('',#12712);
#6394=VERTEX_POINT('',#12716);
#6395=VERTEX_POINT('',#12718);
#6396=VERTEX_POINT('',#12722);
#6397=VERTEX_POINT('',#12724);
#6398=VERTEX_POINT('',#12728);
#6399=VERTEX_POINT('',#12730);
#6400=VERTEX_POINT('',#12734);
#6401=VERTEX_POINT('',#12736);
#6402=VERTEX_POINT('',#12740);
#6403=VERTEX_POINT('',#12742);
#6404=VERTEX_POINT('',#12746);
#6405=VERTEX_POINT('',#12748);
#6406=VERTEX_POINT('',#12752);
#6407=VERTEX_POINT('',#12754);
#6408=VERTEX_POINT('',#12758);
#6409=VERTEX_POINT('',#12760);
#6410=VERTEX_POINT('',#12764);
#6411=VERTEX_POINT('',#12766);
#6412=VERTEX_POINT('',#12770);
#6413=VERTEX_POINT('',#12772);
#6414=VERTEX_POINT('',#12776);
#6415=VERTEX_POINT('',#12778);
#6416=VERTEX_POINT('',#12782);
#6417=VERTEX_POINT('',#12784);
#6418=VERTEX_POINT('',#12788);
#6419=VERTEX_POINT('',#12790);
#6420=VERTEX_POINT('',#12794);
#6421=VERTEX_POINT('',#12796);
#6422=VERTEX_POINT('',#12800);
#6423=VERTEX_POINT('',#12802);
#6424=VERTEX_POINT('',#12806);
#6425=VERTEX_POINT('',#12808);
#6426=VERTEX_POINT('',#12812);
#6427=VERTEX_POINT('',#12814);
#6428=VERTEX_POINT('',#12818);
#6429=VERTEX_POINT('',#12820);
#6430=VERTEX_POINT('',#12824);
#6431=VERTEX_POINT('',#12826);
#6432=VERTEX_POINT('',#12830);
#6433=VERTEX_POINT('',#12832);
#6434=VERTEX_POINT('',#12836);
#6435=VERTEX_POINT('',#12838);
#6436=VERTEX_POINT('',#12842);
#6437=VERTEX_POINT('',#12844);
#6438=VERTEX_POINT('',#12848);
#6439=VERTEX_POINT('',#12850);
#6440=VERTEX_POINT('',#12854);
#6441=VERTEX_POINT('',#12856);
#6442=VERTEX_POINT('',#12860);
#6443=VERTEX_POINT('',#12862);
#6444=VERTEX_POINT('',#12866);
#6445=VERTEX_POINT('',#12868);
#6446=VERTEX_POINT('',#12872);
#6447=VERTEX_POINT('',#12874);
#6448=VERTEX_POINT('',#12878);
#6449=VERTEX_POINT('',#12880);
#6450=VERTEX_POINT('',#12884);
#6451=VERTEX_POINT('',#12886);
#6452=VERTEX_POINT('',#12890);
#6453=VERTEX_POINT('',#12892);
#6454=VERTEX_POINT('',#12896);
#6455=VERTEX_POINT('',#12898);
#6456=VERTEX_POINT('',#12908);
#6457=VERTEX_POINT('',#12909);
#6458=VERTEX_POINT('',#12911);
#6459=VERTEX_POINT('',#12913);
#6460=VERTEX_POINT('',#12917);
#6461=VERTEX_POINT('',#12919);
#6462=VERTEX_POINT('',#12923);
#6463=VERTEX_POINT('',#12925);
#6464=VERTEX_POINT('',#12929);
#6465=VERTEX_POINT('',#12931);
#6466=VERTEX_POINT('',#12935);
#6467=VERTEX_POINT('',#12937);
#6468=VERTEX_POINT('',#12941);
#6469=VERTEX_POINT('',#12943);
#6470=VERTEX_POINT('',#12947);
#6471=VERTEX_POINT('',#12949);
#6472=VERTEX_POINT('',#12953);
#6473=VERTEX_POINT('',#12955);
#6474=VERTEX_POINT('',#12959);
#6475=VERTEX_POINT('',#12961);
#6476=VERTEX_POINT('',#12965);
#6477=VERTEX_POINT('',#12967);
#6478=VERTEX_POINT('',#12971);
#6479=VERTEX_POINT('',#12973);
#6480=VERTEX_POINT('',#12977);
#6481=VERTEX_POINT('',#12979);
#6482=VERTEX_POINT('',#12983);
#6483=VERTEX_POINT('',#12985);
#6484=VERTEX_POINT('',#12989);
#6485=VERTEX_POINT('',#12991);
#6486=VERTEX_POINT('',#12995);
#6487=VERTEX_POINT('',#12997);
#6488=VERTEX_POINT('',#13001);
#6489=VERTEX_POINT('',#13003);
#6490=VERTEX_POINT('',#13007);
#6491=VERTEX_POINT('',#13009);
#6492=VERTEX_POINT('',#13013);
#6493=VERTEX_POINT('',#13015);
#6494=VERTEX_POINT('',#13019);
#6495=VERTEX_POINT('',#13021);
#6496=VERTEX_POINT('',#13025);
#6497=VERTEX_POINT('',#13027);
#6498=VERTEX_POINT('',#13031);
#6499=VERTEX_POINT('',#13033);
#6500=VERTEX_POINT('',#13037);
#6501=VERTEX_POINT('',#13039);
#6502=VERTEX_POINT('',#13043);
#6503=VERTEX_POINT('',#13045);
#6504=VERTEX_POINT('',#13049);
#6505=VERTEX_POINT('',#13051);
#6506=VERTEX_POINT('',#13055);
#6507=VERTEX_POINT('',#13057);
#6508=VERTEX_POINT('',#13061);
#6509=VERTEX_POINT('',#13063);
#6510=VERTEX_POINT('',#13067);
#6511=VERTEX_POINT('',#13069);
#6512=VERTEX_POINT('',#13079);
#6513=VERTEX_POINT('',#13080);
#6514=VERTEX_POINT('',#13082);
#6515=VERTEX_POINT('',#13084);
#6516=VERTEX_POINT('',#13088);
#6517=VERTEX_POINT('',#13090);
#6518=VERTEX_POINT('',#13094);
#6519=VERTEX_POINT('',#13096);
#6520=VERTEX_POINT('',#13100);
#6521=VERTEX_POINT('',#13102);
#6522=VERTEX_POINT('',#13106);
#6523=VERTEX_POINT('',#13108);
#6524=VERTEX_POINT('',#13112);
#6525=VERTEX_POINT('',#13114);
#6526=VERTEX_POINT('',#13124);
#6527=VERTEX_POINT('',#13125);
#6528=VERTEX_POINT('',#13127);
#6529=VERTEX_POINT('',#13129);
#6530=VERTEX_POINT('',#13133);
#6531=VERTEX_POINT('',#13135);
#6532=VERTEX_POINT('',#13139);
#6533=VERTEX_POINT('',#13141);
#6534=VERTEX_POINT('',#13145);
#6535=VERTEX_POINT('',#13147);
#6536=VERTEX_POINT('',#13151);
#6537=VERTEX_POINT('',#13153);
#6538=VERTEX_POINT('',#13157);
#6539=VERTEX_POINT('',#13159);
#6540=VERTEX_POINT('',#13163);
#6541=VERTEX_POINT('',#13165);
#6542=VERTEX_POINT('',#13169);
#6543=VERTEX_POINT('',#13171);
#6544=VERTEX_POINT('',#13175);
#6545=VERTEX_POINT('',#13177);
#6546=VERTEX_POINT('',#13187);
#6547=VERTEX_POINT('',#13188);
#6548=VERTEX_POINT('',#13190);
#6549=VERTEX_POINT('',#13192);
#6550=VERTEX_POINT('',#13196);
#6551=VERTEX_POINT('',#13198);
#6552=VERTEX_POINT('',#13202);
#6553=VERTEX_POINT('',#13204);
#6554=VERTEX_POINT('',#13208);
#6555=VERTEX_POINT('',#13210);
#6556=VERTEX_POINT('',#13214);
#6557=VERTEX_POINT('',#13216);
#6558=VERTEX_POINT('',#13220);
#6559=VERTEX_POINT('',#13222);
#6560=VERTEX_POINT('',#13226);
#6561=VERTEX_POINT('',#13228);
#6562=VERTEX_POINT('',#13232);
#6563=VERTEX_POINT('',#13234);
#6564=VERTEX_POINT('',#13238);
#6565=VERTEX_POINT('',#13240);
#6566=VERTEX_POINT('',#13244);
#6567=VERTEX_POINT('',#13246);
#6568=VERTEX_POINT('',#13250);
#6569=VERTEX_POINT('',#13252);
#6570=VERTEX_POINT('',#13262);
#6571=VERTEX_POINT('',#13263);
#6572=VERTEX_POINT('',#13265);
#6573=VERTEX_POINT('',#13267);
#6574=VERTEX_POINT('',#13271);
#6575=VERTEX_POINT('',#13273);
#6576=VERTEX_POINT('',#13277);
#6577=VERTEX_POINT('',#13279);
#6578=VERTEX_POINT('',#13283);
#6579=VERTEX_POINT('',#13285);
#6580=VERTEX_POINT('',#13289);
#6581=VERTEX_POINT('',#13291);
#6582=VERTEX_POINT('',#13295);
#6583=VERTEX_POINT('',#13297);
#6584=VERTEX_POINT('',#13301);
#6585=VERTEX_POINT('',#13303);
#6586=VERTEX_POINT('',#13307);
#6587=VERTEX_POINT('',#13309);
#6588=VERTEX_POINT('',#13313);
#6589=VERTEX_POINT('',#13315);
#6590=VERTEX_POINT('',#13319);
#6591=VERTEX_POINT('',#13321);
#6592=VERTEX_POINT('',#13325);
#6593=VERTEX_POINT('',#13327);
#6594=VERTEX_POINT('',#13331);
#6595=VERTEX_POINT('',#13333);
#6596=VERTEX_POINT('',#13337);
#6597=VERTEX_POINT('',#13339);
#6598=VERTEX_POINT('',#13343);
#6599=VERTEX_POINT('',#13345);
#6600=VERTEX_POINT('',#13349);
#6601=VERTEX_POINT('',#13351);
#6602=VERTEX_POINT('',#13355);
#6603=VERTEX_POINT('',#13357);
#6604=VERTEX_POINT('',#13361);
#6605=VERTEX_POINT('',#13363);
#6606=VERTEX_POINT('',#13367);
#6607=VERTEX_POINT('',#13369);
#6608=VERTEX_POINT('',#13373);
#6609=VERTEX_POINT('',#13375);
#6610=VERTEX_POINT('',#13379);
#6611=VERTEX_POINT('',#13381);
#6612=VERTEX_POINT('',#13385);
#6613=VERTEX_POINT('',#13387);
#6614=VERTEX_POINT('',#13391);
#6615=VERTEX_POINT('',#13393);
#6616=VERTEX_POINT('',#13397);
#6617=VERTEX_POINT('',#13399);
#6618=VERTEX_POINT('',#13403);
#6619=VERTEX_POINT('',#13405);
#6620=VERTEX_POINT('',#13409);
#6621=VERTEX_POINT('',#13411);
#6622=VERTEX_POINT('',#13421);
#6623=VERTEX_POINT('',#13422);
#6624=VERTEX_POINT('',#13424);
#6625=VERTEX_POINT('',#13426);
#6626=VERTEX_POINT('',#13430);
#6627=VERTEX_POINT('',#13432);
#6628=VERTEX_POINT('',#13436);
#6629=VERTEX_POINT('',#13438);
#6630=VERTEX_POINT('',#13442);
#6631=VERTEX_POINT('',#13444);
#6632=VERTEX_POINT('',#13448);
#6633=VERTEX_POINT('',#13450);
#6634=VERTEX_POINT('',#13454);
#6635=VERTEX_POINT('',#13456);
#6636=VERTEX_POINT('',#13460);
#6637=VERTEX_POINT('',#13462);
#6638=VERTEX_POINT('',#13472);
#6639=VERTEX_POINT('',#13473);
#6640=VERTEX_POINT('',#13475);
#6641=VERTEX_POINT('',#13477);
#6642=VERTEX_POINT('',#13481);
#6643=VERTEX_POINT('',#13483);
#6644=VERTEX_POINT('',#13487);
#6645=VERTEX_POINT('',#13489);
#6646=VERTEX_POINT('',#13493);
#6647=VERTEX_POINT('',#13495);
#6648=VERTEX_POINT('',#13499);
#6649=VERTEX_POINT('',#13501);
#6650=VERTEX_POINT('',#13505);
#6651=VERTEX_POINT('',#13507);
#6652=VERTEX_POINT('',#13511);
#6653=VERTEX_POINT('',#13513);
#6654=VERTEX_POINT('',#13517);
#6655=VERTEX_POINT('',#13519);
#6656=VERTEX_POINT('',#13523);
#6657=VERTEX_POINT('',#13525);
#6658=VERTEX_POINT('',#13532);
#6659=VERTEX_POINT('',#13533);
#6660=VERTEX_POINT('',#13535);
#6661=VERTEX_POINT('',#13537);
#6662=VERTEX_POINT('',#13541);
#6663=VERTEX_POINT('',#13543);
#6664=VERTEX_POINT('',#13547);
#6665=VERTEX_POINT('',#13549);
#6666=VERTEX_POINT('',#13553);
#6667=VERTEX_POINT('',#13555);
#6668=VERTEX_POINT('',#13559);
#6669=VERTEX_POINT('',#13561);
#6670=VERTEX_POINT('',#13565);
#6671=VERTEX_POINT('',#13567);
#6672=VERTEX_POINT('',#13571);
#6673=VERTEX_POINT('',#13573);
#6674=VERTEX_POINT('',#13577);
#6675=VERTEX_POINT('',#13579);
#6676=VERTEX_POINT('',#13583);
#6677=VERTEX_POINT('',#13585);
#6678=VERTEX_POINT('',#13589);
#6679=VERTEX_POINT('',#13591);
#6680=VERTEX_POINT('',#13595);
#6681=VERTEX_POINT('',#13597);
#6682=VERTEX_POINT('',#13601);
#6683=VERTEX_POINT('',#13603);
#6684=VERTEX_POINT('',#13607);
#6685=VERTEX_POINT('',#13609);
#6686=VERTEX_POINT('',#13613);
#6687=VERTEX_POINT('',#13615);
#6688=VERTEX_POINT('',#13619);
#6689=VERTEX_POINT('',#13621);
#6690=VERTEX_POINT('',#13631);
#6691=VERTEX_POINT('',#13632);
#6692=VERTEX_POINT('',#13634);
#6693=VERTEX_POINT('',#13636);
#6694=VERTEX_POINT('',#13640);
#6695=VERTEX_POINT('',#13642);
#6696=VERTEX_POINT('',#13646);
#6697=VERTEX_POINT('',#13648);
#6698=VERTEX_POINT('',#13658);
#6699=VERTEX_POINT('',#13659);
#6700=VERTEX_POINT('',#13661);
#6701=VERTEX_POINT('',#13663);
#6702=VERTEX_POINT('',#13667);
#6703=VERTEX_POINT('',#13669);
#6704=VERTEX_POINT('',#13673);
#6705=VERTEX_POINT('',#13675);
#6706=VERTEX_POINT('',#13679);
#6707=VERTEX_POINT('',#13681);
#6708=VERTEX_POINT('',#13685);
#6709=VERTEX_POINT('',#13687);
#6710=VERTEX_POINT('',#13691);
#6711=VERTEX_POINT('',#13693);
#6712=VERTEX_POINT('',#13697);
#6713=VERTEX_POINT('',#13699);
#6714=VERTEX_POINT('',#13703);
#6715=VERTEX_POINT('',#13705);
#6716=VERTEX_POINT('',#13709);
#6717=VERTEX_POINT('',#13711);
#6718=VERTEX_POINT('',#13715);
#6719=VERTEX_POINT('',#13717);
#6720=VERTEX_POINT('',#13721);
#6721=VERTEX_POINT('',#13723);
#6722=VERTEX_POINT('',#13733);
#6723=VERTEX_POINT('',#13735);
#6724=VERTEX_POINT('',#13741);
#6725=VERTEX_POINT('',#13743);
#6726=VERTEX_POINT('',#13749);
#6727=VERTEX_POINT('',#13751);
#6728=VERTEX_POINT('',#13757);
#6729=VERTEX_POINT('',#13759);
#6730=VERTEX_POINT('',#13765);
#6731=VERTEX_POINT('',#13767);
#6732=VERTEX_POINT('',#13773);
#6733=VERTEX_POINT('',#13775);
#6734=VERTEX_POINT('',#13781);
#6735=VERTEX_POINT('',#13783);
#6736=VERTEX_POINT('',#13801);
#6737=VERTEX_POINT('',#13802);
#6738=VERTEX_POINT('',#13804);
#6739=VERTEX_POINT('',#13806);
#6740=CIRCLE('',#8616,0.0016);
#6741=CIRCLE('',#8617,0.0016);
#6742=CIRCLE('',#8619,0.0016);
#6743=CIRCLE('',#8620,0.00159999999999994);
#6744=CIRCLE('',#8623,0.000799999999999969);
#6745=CIRCLE('',#8624,0.000799999999999969);
#6746=CIRCLE('',#8627,0.0035);
#6747=CIRCLE('',#8628,0.00350000000000005);
#6748=CIRCLE('',#8631,0.000828726516107134);
#6749=CIRCLE('',#8632,0.000828726516107134);
#6750=CIRCLE('',#8634,0.0130000000000271);
#6751=CIRCLE('',#8635,0.0130000000000316);
#6752=CIRCLE('',#8638,0.000800000000000076);
#6753=CIRCLE('',#8639,0.000800000000000076);
#6754=CIRCLE('',#8642,0.0035);
#6755=CIRCLE('',#8643,0.0035);
#6756=CIRCLE('',#8646,0.000800000000000084);
#6757=CIRCLE('',#8647,0.000800000000000084);
#6758=CIRCLE('',#8649,0.0130000000994069);
#6759=CIRCLE('',#8650,0.0130000000994123);
#6760=CIRCLE('',#8656,0.00375);
#6761=CIRCLE('',#8657,0.00375);
#6762=CIRCLE('',#8659,0.001499987);
#6763=CIRCLE('',#8660,0.001499987);
#6764=CIRCLE('',#8662,0.00375);
#6765=CIRCLE('',#8663,0.00375);
#6766=CIRCLE('',#8665,0.00149998499999998);
#6767=CIRCLE('',#8666,0.00149998499999998);
#6768=CIRCLE('',#8668,0.001499985);
#6769=CIRCLE('',#8669,0.001499985);
#6770=CIRCLE('',#8671,0.00375);
#6771=CIRCLE('',#8672,0.00375);
#6772=CIRCLE('',#8674,0.00798529911865269);
#6773=CIRCLE('',#8675,0.00798529911865265);
#6774=CIRCLE('',#8677,0.000749999999999981);
#6775=CIRCLE('',#8678,0.000749999999999983);
#6776=CIRCLE('',#8683,0.00975000000002);
#6777=CIRCLE('',#8684,0.00975000000002);
#6778=CIRCLE('',#8687,0.0116232730000101);
#6779=CIRCLE('',#8688,0.0116232730000101);
#6780=CIRCLE('',#8691,0.01170000000001);
#6781=CIRCLE('',#8692,0.0117000000000099);
#6782=CIRCLE('',#8694,0.0105581830000001);
#6783=CIRCLE('',#8695,0.01055818300002);
#6784=CIRCLE('',#8699,0.000104166750000172);
#6785=CIRCLE('',#8700,0.00010416675000018);
#6786=CIRCLE('',#8702,0.000833333500000021);
#6787=CIRCLE('',#8703,0.000833333500000021);
#6788=CIRCLE('',#8705,0.000104166686952998);
#6789=CIRCLE('',#8706,0.000104166686952931);
#6790=CIRCLE('',#8708,0.000624999999998019);
#6791=CIRCLE('',#8709,0.000624999999998019);
#6792=CIRCLE('',#8712,0.000104166499999995);
#6793=CIRCLE('',#8713,0.000104166499999996);
#6794=CIRCLE('',#8716,0.000624999999998773);
#6795=CIRCLE('',#8717,0.000624999999998773);
#6796=CIRCLE('',#8720,0.00104166649999999);
#6797=CIRCLE('',#8721,0.00104166649999999);
#6798=CIRCLE('',#8723,0.00125);
#6799=CIRCLE('',#8724,0.00125);
#6800=CIRCLE('',#8848,0.000104166500000013);
#6801=CIRCLE('',#8849,0.000104166499999977);
#6802=CIRCLE('',#8852,0.000625000000000349);
#6803=CIRCLE('',#8853,0.000625000000000348);
#6804=CIRCLE('',#8855,0.000104166690515272);
#6805=CIRCLE('',#8856,0.000104166690515271);
#6806=CIRCLE('',#8858,0.000833333499999878);
#6807=CIRCLE('',#8859,0.000833333499999944);
#6808=CIRCLE('',#8861,0.000104166499999965);
#6809=CIRCLE('',#8862,0.000104166500000181);
#6810=CIRCLE('',#8866,0.000104166500000007);
#6811=CIRCLE('',#8867,0.0001041665);
#6812=CIRCLE('',#8870,0.000625000000000055);
#6813=CIRCLE('',#8871,0.000625000000000017);
#6814=CIRCLE('',#8873,0.000104166690515252);
#6815=CIRCLE('',#8874,0.000104166690515222);
#6816=CIRCLE('',#8876,0.000833333500000081);
#6817=CIRCLE('',#8877,0.000833333500000077);
#6818=CIRCLE('',#8879,0.000104166499999986);
#6819=CIRCLE('',#8880,0.000104166500000225);
#6820=CIRCLE('',#8883,0.00200000000000016);
#6821=CIRCLE('',#8884,0.00999999999999975);
#6822=CIRCLE('',#8885,0.00199999999999995);
#6823=CIRCLE('',#8886,0.00200000000000008);
#6824=CIRCLE('',#8887,0.002);
#6825=CIRCLE('',#8890,0.00200000000000016);
#6826=CIRCLE('',#8892,0.00999999999999975);
#6827=CIRCLE('',#8894,0.00199999999999995);
#6828=CIRCLE('',#8897,0.00200000000000008);
#6829=CIRCLE('',#8900,0.002);
#6830=CIRCLE('',#8907,0.0102905979216993);
#6831=CIRCLE('',#8908,0.0102905979216993);
#6832=CIRCLE('',#8911,0.000198380540272488);
#6833=CIRCLE('',#8912,0.000198380540272488);
#6834=CIRCLE('',#8915,0.000196867151234142);
#6835=CIRCLE('',#8916,0.000196867151234142);
#6836=CIRCLE('',#8921,0.0102905979216994);
#6837=CIRCLE('',#8922,0.0102905979216994);
#6838=CIRCLE('',#8925,0.010265170468805);
#6839=CIRCLE('',#8926,0.010265170468805);
#6840=CIRCLE('',#9152,0.0006);
#6841=CIRCLE('',#9153,0.000599999999999993);
#6842=CIRCLE('',#9158,0.0006);
#6843=CIRCLE('',#9159,0.0006);
#6844=CIRCLE('',#9164,0.0006);
#6845=CIRCLE('',#9165,0.0006);
#6846=CIRCLE('',#9170,0.000600000000009994);
#6847=CIRCLE('',#9171,0.0006);
#6848=CIRCLE('',#9176,0.000600000000014996);
#6849=CIRCLE('',#9177,0.000600000000014996);
#6850=CIRCLE('',#9182,0.000600000000004997);
#6851=CIRCLE('',#9183,0.000600000000004997);
#6852=CIRCLE('',#9188,0.0006);
#6853=CIRCLE('',#9189,0.000599999999999992);
#6854=CIRCLE('',#9195,0.0116232730000119);
#6855=CIRCLE('',#9197,0.0116232730000119);
#6856=CIRCLE('',#9199,0.0116232730000119);
#6857=CIRCLE('',#9201,0.00798529911864464);
#6858=CIRCLE('',#9204,0.00798529911864465);
#6859=CIRCLE('',#9205,0.00798529911864465);
#6860=EDGE_LOOP('',(#2549));
#6861=EDGE_LOOP('',(#2550));
#6862=EDGE_LOOP('',(#2551));
#6863=EDGE_LOOP('',(#2552));
#6864=EDGE_LOOP('',(#2553,#2554,#2555,#2556));
#6865=EDGE_LOOP('',(#2557,#2558,#2559,#2560));
#6866=EDGE_LOOP('',(#2561,#2562,#2563,#2564));
#6867=EDGE_LOOP('',(#2565,#2566,#2567,#2568));
#6868=EDGE_LOOP('',(#2569,#2570,#2571,#2572));
#6869=EDGE_LOOP('',(#2573,#2574,#2575,#2576));
#6870=EDGE_LOOP('',(#2577,#2578,#2579,#2580));
#6871=EDGE_LOOP('',(#2581,#2582,#2583,#2584));
#6872=EDGE_LOOP('',(#2585,#2586,#2587,#2588));
#6873=EDGE_LOOP('',(#2589,#2590,#2591,#2592));
#6874=EDGE_LOOP('',(#2593,#2594,#2595,#2596));
#6875=EDGE_LOOP('',(#2597,#2598,#2599,#2600));
#6876=EDGE_LOOP('',(#2601,#2602,#2603,#2604));
#6877=EDGE_LOOP('',(#2605,#2606,#2607,#2608));
#6878=EDGE_LOOP('',(#2609,#2610,#2611,#2612));
#6879=EDGE_LOOP('',(#2613,#2614,#2615,#2616,#2617,#2618,#2619,#2620,#2621,
#2622,#2623,#2624,#2625,#2626,#2627));
#6880=EDGE_LOOP('',(#2628));
#6881=EDGE_LOOP('',(#2629));
#6882=EDGE_LOOP('',(#2630,#2631,#2632,#2633,#2634,#2635,#2636,#2637,#2638,
#2639,#2640,#2641,#2642,#2643,#2644));
#6883=EDGE_LOOP('',(#2645));
#6884=EDGE_LOOP('',(#2646));
#6885=EDGE_LOOP('',(#2647,#2648,#2649,#2650));
#6886=EDGE_LOOP('',(#2651,#2652,#2653,#2654));
#6887=EDGE_LOOP('',(#2655,#2656,#2657,#2658));
#6888=EDGE_LOOP('',(#2659,#2660,#2661,#2662));
#6889=EDGE_LOOP('',(#2663,#2664,#2665,#2666));
#6890=EDGE_LOOP('',(#2667,#2668,#2669,#2670));
#6891=EDGE_LOOP('',(#2671,#2672,#2673,#2674));
#6892=EDGE_LOOP('',(#2675,#2676,#2677,#2678));
#6893=EDGE_LOOP('',(#2679,#2680));
#6894=EDGE_LOOP('',(#2681,#2682,#2683,#2684,#2685,#2686));
#6895=EDGE_LOOP('',(#2687,#2688));
#6896=EDGE_LOOP('',(#2689,#2690,#2691,#2692,#2693,#2694));
#6897=EDGE_LOOP('',(#2695));
#6898=EDGE_LOOP('',(#2696));
#6899=EDGE_LOOP('',(#2697));
#6900=EDGE_LOOP('',(#2698));
#6901=EDGE_LOOP('',(#2699));
#6902=EDGE_LOOP('',(#2700));
#6903=EDGE_LOOP('',(#2701,#2702));
#6904=EDGE_LOOP('',(#2703));
#6905=EDGE_LOOP('',(#2704,#2705));
#6906=EDGE_LOOP('',(#2706));
#6907=EDGE_LOOP('',(#2707,#2708));
#6908=EDGE_LOOP('',(#2709,#2710));
#6909=EDGE_LOOP('',(#2711,#2712,#2713,#2714));
#6910=EDGE_LOOP('',(#2715,#2716,#2717,#2718));
#6911=EDGE_LOOP('',(#2719,#2720,#2721,#2722));
#6912=EDGE_LOOP('',(#2723,#2724,#2725,#2726));
#6913=EDGE_LOOP('',(#2727,#2728,#2729,#2730));
#6914=EDGE_LOOP('',(#2731,#2732,#2733,#2734));
#6915=EDGE_LOOP('',(#2735,#2736,#2737,#2738));
#6916=EDGE_LOOP('',(#2739,#2740,#2741,#2742));
#6917=EDGE_LOOP('',(#2743,#2744,#2745,#2746,#2747,#2748,#2749,#2750));
#6918=EDGE_LOOP('',(#2751));
#6919=EDGE_LOOP('',(#2752));
#6920=EDGE_LOOP('',(#2753));
#6921=EDGE_LOOP('',(#2754));
#6922=EDGE_LOOP('',(#2755));
#6923=EDGE_LOOP('',(#2756));
#6924=EDGE_LOOP('',(#2757,#2758,#2759,#2760));
#6925=EDGE_LOOP('',(#2761,#2762,#2763,#2764));
#6926=EDGE_LOOP('',(#2765,#2766,#2767,#2768));
#6927=EDGE_LOOP('',(#2769,#2770,#2771,#2772));
#6928=EDGE_LOOP('',(#2773,#2774,#2775,#2776));
#6929=EDGE_LOOP('',(#2777,#2778,#2779,#2780));
#6930=EDGE_LOOP('',(#2781,#2782,#2783,#2784));
#6931=EDGE_LOOP('',(#2785,#2786,#2787,#2788));
#6932=EDGE_LOOP('',(#2789,#2790,#2791,#2792));
#6933=EDGE_LOOP('',(#2793,#2794,#2795,#2796));
#6934=EDGE_LOOP('',(#2797,#2798,#2799,#2800));
#6935=EDGE_LOOP('',(#2801,#2802,#2803,#2804));
#6936=EDGE_LOOP('',(#2805,#2806,#2807,#2808));
#6937=EDGE_LOOP('',(#2809,#2810,#2811,#2812));
#6938=EDGE_LOOP('',(#2813,#2814,#2815,#2816));
#6939=EDGE_LOOP('',(#2817,#2818,#2819,#2820));
#6940=EDGE_LOOP('',(#2821,#2822,#2823,#2824));
#6941=EDGE_LOOP('',(#2825,#2826,#2827,#2828));
#6942=EDGE_LOOP('',(#2829,#2830,#2831,#2832));
#6943=EDGE_LOOP('',(#2833,#2834,#2835,#2836));
#6944=EDGE_LOOP('',(#2837,#2838,#2839,#2840));
#6945=EDGE_LOOP('',(#2841,#2842,#2843,#2844));
#6946=EDGE_LOOP('',(#2845,#2846,#2847,#2848));
#6947=EDGE_LOOP('',(#2849,#2850,#2851,#2852));
#6948=EDGE_LOOP('',(#2853,#2854,#2855,#2856));
#6949=EDGE_LOOP('',(#2857,#2858,#2859,#2860));
#6950=EDGE_LOOP('',(#2861,#2862,#2863,#2864));
#6951=EDGE_LOOP('',(#2865,#2866,#2867,#2868));
#6952=EDGE_LOOP('',(#2869,#2870,#2871,#2872));
#6953=EDGE_LOOP('',(#2873,#2874,#2875,#2876));
#6954=EDGE_LOOP('',(#2877,#2878,#2879,#2880));
#6955=EDGE_LOOP('',(#2881,#2882,#2883,#2884));
#6956=EDGE_LOOP('',(#2885,#2886,#2887,#2888));
#6957=EDGE_LOOP('',(#2889,#2890,#2891,#2892));
#6958=EDGE_LOOP('',(#2893,#2894,#2895,#2896));
#6959=EDGE_LOOP('',(#2897,#2898,#2899,#2900));
#6960=EDGE_LOOP('',(#2901,#2902,#2903,#2904));
#6961=EDGE_LOOP('',(#2905,#2906,#2907,#2908));
#6962=EDGE_LOOP('',(#2909,#2910,#2911,#2912));
#6963=EDGE_LOOP('',(#2913,#2914,#2915,#2916));
#6964=EDGE_LOOP('',(#2917,#2918,#2919,#2920));
#6965=EDGE_LOOP('',(#2921,#2922,#2923,#2924));
#6966=EDGE_LOOP('',(#2925,#2926,#2927,#2928));
#6967=EDGE_LOOP('',(#2929,#2930,#2931,#2932));
#6968=EDGE_LOOP('',(#2933,#2934,#2935,#2936));
#6969=EDGE_LOOP('',(#2937,#2938,#2939,#2940));
#6970=EDGE_LOOP('',(#2941,#2942,#2943,#2944));
#6971=EDGE_LOOP('',(#2945,#2946,#2947,#2948));
#6972=EDGE_LOOP('',(#2949,#2950,#2951,#2952));
#6973=EDGE_LOOP('',(#2953,#2954,#2955,#2956));
#6974=EDGE_LOOP('',(#2957,#2958,#2959,#2960));
#6975=EDGE_LOOP('',(#2961,#2962,#2963,#2964));
#6976=EDGE_LOOP('',(#2965,#2966,#2967,#2968));
#6977=EDGE_LOOP('',(#2969,#2970,#2971,#2972));
#6978=EDGE_LOOP('',(#2973,#2974,#2975,#2976,#2977,#2978,#2979,#2980,#2981,
#2982,#2983,#2984,#2985,#2986,#2987,#2988,#2989,#2990,#2991,#2992,#2993,
#2994,#2995,#2996,#2997,#2998,#2999,#3000,#3001,#3002,#3003,#3004,#3005,
#3006,#3007,#3008,#3009,#3010,#3011,#3012,#3013,#3014,#3015,#3016,#3017,
#3018,#3019,#3020,#3021,#3022,#3023,#3024,#3025,#3026));
#6979=EDGE_LOOP('',(#3027,#3028,#3029,#3030));
#6980=EDGE_LOOP('',(#3031,#3032,#3033,#3034));
#6981=EDGE_LOOP('',(#3035,#3036,#3037,#3038));
#6982=EDGE_LOOP('',(#3039,#3040,#3041,#3042));
#6983=EDGE_LOOP('',(#3043,#3044,#3045,#3046));
#6984=EDGE_LOOP('',(#3047,#3048,#3049,#3050));
#6985=EDGE_LOOP('',(#3051,#3052,#3053,#3054));
#6986=EDGE_LOOP('',(#3055,#3056,#3057,#3058));
#6987=EDGE_LOOP('',(#3059,#3060,#3061,#3062));
#6988=EDGE_LOOP('',(#3063,#3064,#3065,#3066));
#6989=EDGE_LOOP('',(#3067,#3068,#3069,#3070));
#6990=EDGE_LOOP('',(#3071,#3072,#3073,#3074));
#6991=EDGE_LOOP('',(#3075,#3076,#3077,#3078));
#6992=EDGE_LOOP('',(#3079,#3080,#3081,#3082));
#6993=EDGE_LOOP('',(#3083,#3084,#3085,#3086));
#6994=EDGE_LOOP('',(#3087,#3088,#3089,#3090));
#6995=EDGE_LOOP('',(#3091,#3092,#3093,#3094));
#6996=EDGE_LOOP('',(#3095,#3096,#3097,#3098));
#6997=EDGE_LOOP('',(#3099,#3100,#3101,#3102));
#6998=EDGE_LOOP('',(#3103,#3104,#3105,#3106));
#6999=EDGE_LOOP('',(#3107,#3108,#3109,#3110));
#7000=EDGE_LOOP('',(#3111,#3112,#3113,#3114));
#7001=EDGE_LOOP('',(#3115,#3116,#3117,#3118));
#7002=EDGE_LOOP('',(#3119,#3120,#3121,#3122));
#7003=EDGE_LOOP('',(#3123,#3124,#3125,#3126,#3127,#3128,#3129,#3130,#3131,
#3132,#3133,#3134,#3135,#3136));
#7004=EDGE_LOOP('',(#3137,#3138,#3139,#3140,#3141,#3142,#3143,#3144,#3145,
#3146));
#7005=EDGE_LOOP('',(#3147,#3148,#3149,#3150));
#7006=EDGE_LOOP('',(#3151,#3152,#3153,#3154));
#7007=EDGE_LOOP('',(#3155,#3156,#3157,#3158));
#7008=EDGE_LOOP('',(#3159,#3160,#3161,#3162));
#7009=EDGE_LOOP('',(#3163,#3164,#3165,#3166));
#7010=EDGE_LOOP('',(#3167,#3168,#3169,#3170));
#7011=EDGE_LOOP('',(#3171,#3172,#3173,#3174));
#7012=EDGE_LOOP('',(#3175,#3176,#3177,#3178));
#7013=EDGE_LOOP('',(#3179,#3180,#3181,#3182));
#7014=EDGE_LOOP('',(#3183,#3184,#3185,#3186));
#7015=EDGE_LOOP('',(#3187,#3188,#3189,#3190));
#7016=EDGE_LOOP('',(#3191,#3192,#3193,#3194));
#7017=EDGE_LOOP('',(#3195,#3196,#3197,#3198));
#7018=EDGE_LOOP('',(#3199,#3200,#3201,#3202));
#7019=EDGE_LOOP('',(#3203,#3204,#3205,#3206));
#7020=EDGE_LOOP('',(#3207,#3208,#3209,#3210));
#7021=EDGE_LOOP('',(#3211,#3212,#3213,#3214));
#7022=EDGE_LOOP('',(#3215,#3216,#3217,#3218));
#7023=EDGE_LOOP('',(#3219,#3220,#3221,#3222));
#7024=EDGE_LOOP('',(#3223,#3224,#3225,#3226));
#7025=EDGE_LOOP('',(#3227,#3228,#3229,#3230));
#7026=EDGE_LOOP('',(#3231,#3232,#3233,#3234));
#7027=EDGE_LOOP('',(#3235,#3236,#3237,#3238));
#7028=EDGE_LOOP('',(#3239,#3240,#3241,#3242));
#7029=EDGE_LOOP('',(#3243,#3244,#3245,#3246));
#7030=EDGE_LOOP('',(#3247,#3248,#3249,#3250));
#7031=EDGE_LOOP('',(#3251,#3252,#3253,#3254,#3255,#3256,#3257,#3258,#3259,
#3260,#3261,#3262,#3263,#3264,#3265,#3266,#3267,#3268,#3269,#3270,#3271,
#3272,#3273,#3274,#3275,#3276));
#7032=EDGE_LOOP('',(#3277,#3278,#3279,#3280));
#7033=EDGE_LOOP('',(#3281,#3282,#3283,#3284));
#7034=EDGE_LOOP('',(#3285,#3286,#3287,#3288));
#7035=EDGE_LOOP('',(#3289,#3290,#3291,#3292));
#7036=EDGE_LOOP('',(#3293,#3294,#3295,#3296));
#7037=EDGE_LOOP('',(#3297,#3298,#3299,#3300));
#7038=EDGE_LOOP('',(#3301,#3302,#3303,#3304));
#7039=EDGE_LOOP('',(#3305,#3306,#3307,#3308));
#7040=EDGE_LOOP('',(#3309,#3310,#3311,#3312));
#7041=EDGE_LOOP('',(#3313,#3314,#3315,#3316));
#7042=EDGE_LOOP('',(#3317,#3318,#3319,#3320));
#7043=EDGE_LOOP('',(#3321,#3322,#3323,#3324));
#7044=EDGE_LOOP('',(#3325,#3326,#3327,#3328,#3329,#3330,#3331,#3332,#3333,
#3334,#3335,#3336));
#7045=EDGE_LOOP('',(#3337,#3338,#3339,#3340));
#7046=EDGE_LOOP('',(#3341,#3342,#3343,#3344));
#7047=EDGE_LOOP('',(#3345,#3346,#3347,#3348));
#7048=EDGE_LOOP('',(#3349,#3350,#3351,#3352));
#7049=EDGE_LOOP('',(#3353,#3354,#3355,#3356));
#7050=EDGE_LOOP('',(#3357,#3358,#3359,#3360));
#7051=EDGE_LOOP('',(#3361,#3362,#3363,#3364));
#7052=EDGE_LOOP('',(#3365,#3366,#3367,#3368,#3369,#3370,#3371));
#7053=EDGE_LOOP('',(#3372,#3373,#3374,#3375));
#7054=EDGE_LOOP('',(#3376,#3377,#3378,#3379));
#7055=EDGE_LOOP('',(#3380,#3381,#3382,#3383));
#7056=EDGE_LOOP('',(#3384,#3385,#3386,#3387));
#7057=EDGE_LOOP('',(#3388,#3389,#3390,#3391));
#7058=EDGE_LOOP('',(#3392,#3393,#3394,#3395));
#7059=EDGE_LOOP('',(#3396,#3397,#3398,#3399));
#7060=EDGE_LOOP('',(#3400,#3401,#3402,#3403,#3404,#3405,#3406));
#7061=EDGE_LOOP('',(#3407,#3408,#3409,#3410,#3411,#3412,#3413,#3414));
#7062=EDGE_LOOP('',(#3415));
#7063=EDGE_LOOP('',(#3416,#3417,#3418,#3419,#3420,#3421,#3422,#3423,#3424,
#3425,#3426,#3427,#3428,#3429,#3430,#3431,#3432,#3433,#3434,#3435,#3436,
#3437,#3438,#3439,#3440,#3441,#3442,#3443,#3444,#3445,#3446,#3447,#3448,
#3449,#3450,#3451,#3452,#3453,#3454,#3455,#3456,#3457,#3458,#3459,#3460,
#3461,#3462,#3463,#3464,#3465,#3466,#3467,#3468,#3469));
#7064=EDGE_LOOP('',(#3470,#3471,#3472,#3473,#3474,#3475,#3476,#3477,#3478,
#3479,#3480,#3481,#3482,#3483));
#7065=EDGE_LOOP('',(#3484,#3485,#3486,#3487,#3488,#3489,#3490,#3491,#3492,
#3493,#3494,#3495,#3496,#3497,#3498,#3499,#3500,#3501,#3502,#3503,#3504,
#3505,#3506,#3507,#3508,#3509));
#7066=EDGE_LOOP('',(#3510,#3511,#3512,#3513,#3514,#3515,#3516,#3517,#3518,
#3519,#3520,#3521));
#7067=EDGE_LOOP('',(#3522,#3523,#3524,#3525,#3526,#3527,#3528,#3529,#3530,
#3531));
#7068=EDGE_LOOP('',(#3532,#3533,#3534,#3535));
#7069=EDGE_LOOP('',(#3536,#3537,#3538,#3539));
#7070=EDGE_LOOP('',(#3540,#3541,#3542,#3543));
#7071=EDGE_LOOP('',(#3544,#3545,#3546,#3547));
#7072=EDGE_LOOP('',(#3548,#3549,#3550,#3551));
#7073=EDGE_LOOP('',(#3552,#3553,#3554,#3555));
#7074=EDGE_LOOP('',(#3556,#3557,#3558,#3559));
#7075=EDGE_LOOP('',(#3560,#3561,#3562,#3563));
#7076=EDGE_LOOP('',(#3564));
#7077=EDGE_LOOP('',(#3565,#3566,#3567,#3568,#3569,#3570,#3571,#3572));
#7078=EDGE_LOOP('',(#3573,#3574,#3575,#3576,#3577,#3578,#3579));
#7079=EDGE_LOOP('',(#3580,#3581,#3582,#3583,#3584,#3585,#3586));
#7080=EDGE_LOOP('',(#3587,#3588,#3589,#3590,#3591,#3592,#3593,#3594));
#7081=EDGE_LOOP('',(#3595,#3596,#3597,#3598));
#7082=EDGE_LOOP('',(#3599,#3600,#3601,#3602));
#7083=EDGE_LOOP('',(#3603,#3604,#3605,#3606));
#7084=EDGE_LOOP('',(#3607,#3608,#3609,#3610));
#7085=EDGE_LOOP('',(#3611,#3612,#3613,#3614));
#7086=EDGE_LOOP('',(#3615,#3616,#3617,#3618));
#7087=EDGE_LOOP('',(#3619,#3620,#3621,#3622,#3623,#3624));
#7088=EDGE_LOOP('',(#3625,#3626,#3627,#3628,#3629,#3630));
#7089=EDGE_LOOP('',(#3631,#3632,#3633,#3634));
#7090=EDGE_LOOP('',(#3635,#3636,#3637,#3638));
#7091=EDGE_LOOP('',(#3639,#3640,#3641,#3642));
#7092=EDGE_LOOP('',(#3643,#3644,#3645,#3646));
#7093=EDGE_LOOP('',(#3647,#3648,#3649,#3650));
#7094=EDGE_LOOP('',(#3651,#3652,#3653,#3654));
#7095=EDGE_LOOP('',(#3655,#3656,#3657,#3658));
#7096=EDGE_LOOP('',(#3659,#3660,#3661,#3662));
#7097=EDGE_LOOP('',(#3663,#3664,#3665,#3666));
#7098=EDGE_LOOP('',(#3667,#3668,#3669,#3670));
#7099=EDGE_LOOP('',(#3671,#3672,#3673,#3674));
#7100=EDGE_LOOP('',(#3675,#3676,#3677,#3678));
#7101=EDGE_LOOP('',(#3679,#3680,#3681,#3682));
#7102=EDGE_LOOP('',(#3683,#3684,#3685,#3686));
#7103=EDGE_LOOP('',(#3687,#3688,#3689,#3690));
#7104=EDGE_LOOP('',(#3691,#3692,#3693,#3694));
#7105=EDGE_LOOP('',(#3695,#3696,#3697,#3698));
#7106=EDGE_LOOP('',(#3699,#3700,#3701,#3702));
#7107=EDGE_LOOP('',(#3703,#3704,#3705,#3706));
#7108=EDGE_LOOP('',(#3707,#3708,#3709,#3710));
#7109=EDGE_LOOP('',(#3711,#3712,#3713,#3714));
#7110=EDGE_LOOP('',(#3715,#3716,#3717,#3718));
#7111=EDGE_LOOP('',(#3719,#3720,#3721,#3722));
#7112=EDGE_LOOP('',(#3723,#3724,#3725,#3726));
#7113=EDGE_LOOP('',(#3727,#3728,#3729,#3730));
#7114=EDGE_LOOP('',(#3731,#3732,#3733,#3734));
#7115=EDGE_LOOP('',(#3735,#3736,#3737,#3738));
#7116=EDGE_LOOP('',(#3739,#3740,#3741,#3742));
#7117=EDGE_LOOP('',(#3743,#3744,#3745,#3746));
#7118=EDGE_LOOP('',(#3747,#3748,#3749,#3750));
#7119=EDGE_LOOP('',(#3751,#3752,#3753,#3754));
#7120=EDGE_LOOP('',(#3755,#3756,#3757,#3758));
#7121=EDGE_LOOP('',(#3759,#3760,#3761,#3762));
#7122=EDGE_LOOP('',(#3763,#3764,#3765,#3766));
#7123=EDGE_LOOP('',(#3767,#3768,#3769,#3770));
#7124=EDGE_LOOP('',(#3771,#3772,#3773,#3774));
#7125=EDGE_LOOP('',(#3775,#3776,#3777,#3778));
#7126=EDGE_LOOP('',(#3779,#3780,#3781,#3782));
#7127=EDGE_LOOP('',(#3783,#3784,#3785,#3786));
#7128=EDGE_LOOP('',(#3787,#3788,#3789,#3790));
#7129=EDGE_LOOP('',(#3791,#3792,#3793,#3794));
#7130=EDGE_LOOP('',(#3795,#3796,#3797,#3798));
#7131=EDGE_LOOP('',(#3799,#3800,#3801,#3802));
#7132=EDGE_LOOP('',(#3803,#3804,#3805,#3806));
#7133=EDGE_LOOP('',(#3807,#3808,#3809,#3810));
#7134=EDGE_LOOP('',(#3811,#3812,#3813,#3814));
#7135=EDGE_LOOP('',(#3815,#3816,#3817,#3818));
#7136=EDGE_LOOP('',(#3819,#3820,#3821,#3822));
#7137=EDGE_LOOP('',(#3823,#3824,#3825,#3826));
#7138=EDGE_LOOP('',(#3827,#3828,#3829,#3830));
#7139=EDGE_LOOP('',(#3831,#3832,#3833,#3834));
#7140=EDGE_LOOP('',(#3835,#3836,#3837,#3838));
#7141=EDGE_LOOP('',(#3839,#3840,#3841,#3842));
#7142=EDGE_LOOP('',(#3843,#3844,#3845,#3846));
#7143=EDGE_LOOP('',(#3847,#3848,#3849,#3850));
#7144=EDGE_LOOP('',(#3851,#3852,#3853,#3854));
#7145=EDGE_LOOP('',(#3855,#3856,#3857,#3858));
#7146=EDGE_LOOP('',(#3859,#3860,#3861,#3862));
#7147=EDGE_LOOP('',(#3863,#3864,#3865,#3866));
#7148=EDGE_LOOP('',(#3867,#3868,#3869,#3870));
#7149=EDGE_LOOP('',(#3871,#3872,#3873,#3874));
#7150=EDGE_LOOP('',(#3875,#3876,#3877,#3878));
#7151=EDGE_LOOP('',(#3879,#3880,#3881,#3882));
#7152=EDGE_LOOP('',(#3883,#3884,#3885,#3886,#3887,#3888,#3889,#3890,#3891,
#3892,#3893,#3894,#3895,#3896,#3897,#3898,#3899,#3900,#3901,#3902,#3903,
#3904,#3905,#3906,#3907,#3908,#3909,#3910,#3911,#3912,#3913,#3914,#3915,
#3916,#3917,#3918,#3919,#3920,#3921,#3922,#3923,#3924,#3925,#3926,#3927,
#3928,#3929,#3930,#3931,#3932,#3933,#3934,#3935,#3936,#3937,#3938,#3939));
#7153=EDGE_LOOP('',(#3940,#3941,#3942,#3943,#3944,#3945,#3946,#3947,#3948,
#3949,#3950,#3951,#3952,#3953,#3954,#3955,#3956,#3957,#3958,#3959,#3960,
#3961,#3962,#3963,#3964,#3965,#3966,#3967,#3968,#3969,#3970,#3971,#3972,
#3973,#3974,#3975,#3976,#3977,#3978,#3979,#3980,#3981,#3982,#3983,#3984,
#3985,#3986,#3987,#3988,#3989,#3990,#3991,#3992,#3993,#3994,#3995,#3996));
#7154=EDGE_LOOP('',(#3997,#3998,#3999,#4000));
#7155=EDGE_LOOP('',(#4001,#4002,#4003,#4004));
#7156=EDGE_LOOP('',(#4005,#4006,#4007,#4008));
#7157=EDGE_LOOP('',(#4009,#4010,#4011,#4012));
#7158=EDGE_LOOP('',(#4013,#4014,#4015,#4016));
#7159=EDGE_LOOP('',(#4017,#4018,#4019,#4020));
#7160=EDGE_LOOP('',(#4021,#4022,#4023,#4024));
#7161=EDGE_LOOP('',(#4025,#4026,#4027,#4028));
#7162=EDGE_LOOP('',(#4029,#4030,#4031,#4032));
#7163=EDGE_LOOP('',(#4033,#4034,#4035,#4036));
#7164=EDGE_LOOP('',(#4037,#4038,#4039,#4040));
#7165=EDGE_LOOP('',(#4041,#4042,#4043,#4044));
#7166=EDGE_LOOP('',(#4045,#4046,#4047,#4048));
#7167=EDGE_LOOP('',(#4049,#4050,#4051,#4052));
#7168=EDGE_LOOP('',(#4053,#4054,#4055,#4056));
#7169=EDGE_LOOP('',(#4057,#4058,#4059,#4060));
#7170=EDGE_LOOP('',(#4061,#4062,#4063,#4064));
#7171=EDGE_LOOP('',(#4065,#4066,#4067,#4068));
#7172=EDGE_LOOP('',(#4069,#4070,#4071,#4072));
#7173=EDGE_LOOP('',(#4073,#4074,#4075,#4076));
#7174=EDGE_LOOP('',(#4077,#4078,#4079,#4080));
#7175=EDGE_LOOP('',(#4081,#4082,#4083,#4084));
#7176=EDGE_LOOP('',(#4085,#4086,#4087,#4088));
#7177=EDGE_LOOP('',(#4089,#4090,#4091,#4092));
#7178=EDGE_LOOP('',(#4093,#4094,#4095,#4096));
#7179=EDGE_LOOP('',(#4097,#4098,#4099,#4100));
#7180=EDGE_LOOP('',(#4101,#4102,#4103,#4104));
#7181=EDGE_LOOP('',(#4105,#4106,#4107,#4108));
#7182=EDGE_LOOP('',(#4109,#4110,#4111,#4112,#4113,#4114,#4115,#4116,#4117,
#4118,#4119,#4120,#4121,#4122,#4123,#4124,#4125,#4126,#4127,#4128,#4129,
#4130,#4131,#4132,#4133,#4134,#4135,#4136));
#7183=EDGE_LOOP('',(#4137,#4138,#4139,#4140,#4141,#4142,#4143,#4144,#4145,
#4146,#4147,#4148,#4149,#4150,#4151,#4152,#4153,#4154,#4155,#4156,#4157,
#4158,#4159,#4160,#4161,#4162,#4163,#4164));
#7184=EDGE_LOOP('',(#4165,#4166,#4167,#4168));
#7185=EDGE_LOOP('',(#4169,#4170,#4171,#4172));
#7186=EDGE_LOOP('',(#4173,#4174,#4175,#4176));
#7187=EDGE_LOOP('',(#4177,#4178,#4179,#4180));
#7188=EDGE_LOOP('',(#4181,#4182,#4183,#4184));
#7189=EDGE_LOOP('',(#4185,#4186,#4187,#4188));
#7190=EDGE_LOOP('',(#4189,#4190,#4191,#4192));
#7191=EDGE_LOOP('',(#4193,#4194,#4195,#4196,#4197,#4198,#4199));
#7192=EDGE_LOOP('',(#4200,#4201,#4202,#4203,#4204,#4205,#4206));
#7193=EDGE_LOOP('',(#4207,#4208,#4209,#4210));
#7194=EDGE_LOOP('',(#4211,#4212,#4213,#4214));
#7195=EDGE_LOOP('',(#4215,#4216,#4217,#4218));
#7196=EDGE_LOOP('',(#4219,#4220,#4221,#4222));
#7197=EDGE_LOOP('',(#4223,#4224,#4225,#4226));
#7198=EDGE_LOOP('',(#4227,#4228,#4229,#4230));
#7199=EDGE_LOOP('',(#4231,#4232,#4233,#4234));
#7200=EDGE_LOOP('',(#4235,#4236,#4237,#4238));
#7201=EDGE_LOOP('',(#4239,#4240,#4241,#4242));
#7202=EDGE_LOOP('',(#4243,#4244,#4245,#4246));
#7203=EDGE_LOOP('',(#4247,#4248,#4249,#4250,#4251,#4252,#4253,#4254,#4255,
#4256));
#7204=EDGE_LOOP('',(#4257,#4258,#4259,#4260,#4261,#4262,#4263,#4264,#4265,
#4266));
#7205=EDGE_LOOP('',(#4267,#4268,#4269,#4270));
#7206=EDGE_LOOP('',(#4271,#4272,#4273,#4274));
#7207=EDGE_LOOP('',(#4275,#4276,#4277,#4278));
#7208=EDGE_LOOP('',(#4279,#4280,#4281,#4282));
#7209=EDGE_LOOP('',(#4283,#4284,#4285,#4286));
#7210=EDGE_LOOP('',(#4287,#4288,#4289,#4290));
#7211=EDGE_LOOP('',(#4291,#4292,#4293,#4294));
#7212=EDGE_LOOP('',(#4295,#4296,#4297,#4298));
#7213=EDGE_LOOP('',(#4299,#4300,#4301,#4302));
#7214=EDGE_LOOP('',(#4303,#4304,#4305,#4306));
#7215=EDGE_LOOP('',(#4307,#4308,#4309,#4310));
#7216=EDGE_LOOP('',(#4311,#4312,#4313,#4314));
#7217=EDGE_LOOP('',(#4315,#4316,#4317,#4318,#4319,#4320,#4321,#4322,#4323,
#4324,#4325,#4326));
#7218=EDGE_LOOP('',(#4327,#4328,#4329,#4330,#4331,#4332,#4333,#4334,#4335,
#4336,#4337,#4338));
#7219=EDGE_LOOP('',(#4339,#4340,#4341,#4342));
#7220=EDGE_LOOP('',(#4343,#4344,#4345,#4346));
#7221=EDGE_LOOP('',(#4347,#4348,#4349,#4350));
#7222=EDGE_LOOP('',(#4351,#4352,#4353,#4354));
#7223=EDGE_LOOP('',(#4355,#4356,#4357,#4358));
#7224=EDGE_LOOP('',(#4359,#4360,#4361,#4362));
#7225=EDGE_LOOP('',(#4363,#4364,#4365,#4366));
#7226=EDGE_LOOP('',(#4367,#4368,#4369,#4370));
#7227=EDGE_LOOP('',(#4371,#4372,#4373,#4374));
#7228=EDGE_LOOP('',(#4375,#4376,#4377,#4378));
#7229=EDGE_LOOP('',(#4379,#4380,#4381,#4382));
#7230=EDGE_LOOP('',(#4383,#4384,#4385,#4386));
#7231=EDGE_LOOP('',(#4387,#4388,#4389,#4390));
#7232=EDGE_LOOP('',(#4391,#4392,#4393,#4394));
#7233=EDGE_LOOP('',(#4395,#4396,#4397,#4398));
#7234=EDGE_LOOP('',(#4399,#4400,#4401,#4402));
#7235=EDGE_LOOP('',(#4403,#4404,#4405,#4406));
#7236=EDGE_LOOP('',(#4407,#4408,#4409,#4410));
#7237=EDGE_LOOP('',(#4411,#4412,#4413,#4414));
#7238=EDGE_LOOP('',(#4415,#4416,#4417,#4418));
#7239=EDGE_LOOP('',(#4419,#4420,#4421,#4422));
#7240=EDGE_LOOP('',(#4423,#4424,#4425,#4426));
#7241=EDGE_LOOP('',(#4427,#4428,#4429,#4430));
#7242=EDGE_LOOP('',(#4431,#4432,#4433,#4434));
#7243=EDGE_LOOP('',(#4435,#4436,#4437,#4438));
#7244=EDGE_LOOP('',(#4439,#4440,#4441,#4442));
#7245=EDGE_LOOP('',(#4443,#4444,#4445,#4446,#4447,#4448,#4449,#4450,#4451,
#4452,#4453,#4454,#4455,#4456,#4457,#4458,#4459,#4460,#4461,#4462,#4463,
#4464,#4465,#4466,#4467,#4468));
#7246=EDGE_LOOP('',(#4469,#4470,#4471,#4472,#4473,#4474,#4475,#4476,#4477,
#4478,#4479,#4480,#4481,#4482,#4483,#4484,#4485,#4486,#4487,#4488,#4489,
#4490,#4491,#4492,#4493,#4494));
#7247=EDGE_LOOP('',(#4495,#4496,#4497,#4498));
#7248=EDGE_LOOP('',(#4499,#4500,#4501,#4502));
#7249=EDGE_LOOP('',(#4503,#4504,#4505,#4506));
#7250=EDGE_LOOP('',(#4507,#4508,#4509,#4510));
#7251=EDGE_LOOP('',(#4511,#4512,#4513,#4514));
#7252=EDGE_LOOP('',(#4515,#4516,#4517,#4518));
#7253=EDGE_LOOP('',(#4519,#4520,#4521,#4522));
#7254=EDGE_LOOP('',(#4523,#4524,#4525,#4526));
#7255=EDGE_LOOP('',(#4527,#4528,#4529,#4530,#4531,#4532,#4533,#4534));
#7256=EDGE_LOOP('',(#4535,#4536,#4537,#4538,#4539,#4540,#4541,#4542));
#7257=EDGE_LOOP('',(#4543,#4544,#4545,#4546));
#7258=EDGE_LOOP('',(#4547,#4548,#4549,#4550));
#7259=EDGE_LOOP('',(#4551,#4552,#4553,#4554));
#7260=EDGE_LOOP('',(#4555,#4556,#4557,#4558));
#7261=EDGE_LOOP('',(#4559,#4560,#4561,#4562));
#7262=EDGE_LOOP('',(#4563,#4564,#4565,#4566));
#7263=EDGE_LOOP('',(#4567,#4568,#4569,#4570));
#7264=EDGE_LOOP('',(#4571,#4572,#4573,#4574));
#7265=EDGE_LOOP('',(#4575,#4576,#4577,#4578));
#7266=EDGE_LOOP('',(#4579,#4580,#4581,#4582));
#7267=EDGE_LOOP('',(#4583,#4584,#4585,#4586));
#7268=EDGE_LOOP('',(#4587,#4588,#4589,#4590));
#7269=EDGE_LOOP('',(#4591,#4592,#4593,#4594));
#7270=EDGE_LOOP('',(#4595,#4596,#4597,#4598));
#7271=EDGE_LOOP('',(#4599,#4600,#4601,#4602));
#7272=EDGE_LOOP('',(#4603,#4604,#4605,#4606));
#7273=EDGE_LOOP('',(#4607,#4608,#4609,#4610));
#7274=EDGE_LOOP('',(#4611,#4612,#4613,#4614));
#7275=EDGE_LOOP('',(#4615,#4616,#4617,#4618));
#7276=EDGE_LOOP('',(#4619,#4620,#4621,#4622));
#7277=EDGE_LOOP('',(#4623,#4624,#4625,#4626));
#7278=EDGE_LOOP('',(#4627,#4628,#4629,#4630));
#7279=EDGE_LOOP('',(#4631,#4632,#4633,#4634));
#7280=EDGE_LOOP('',(#4635,#4636,#4637,#4638));
#7281=EDGE_LOOP('',(#4639,#4640,#4641,#4642));
#7282=EDGE_LOOP('',(#4643,#4644,#4645,#4646));
#7283=EDGE_LOOP('',(#4647,#4648,#4649,#4650,#4651,#4652,#4653,#4654,#4655,
#4656,#4657,#4658,#4659,#4660,#4661,#4662));
#7284=EDGE_LOOP('',(#4663,#4664,#4665,#4666,#4667,#4668,#4669,#4670,#4671,
#4672));
#7285=EDGE_LOOP('',(#4673,#4674,#4675,#4676,#4677,#4678,#4679,#4680,#4681,
#4682,#4683,#4684,#4685,#4686,#4687,#4688));
#7286=EDGE_LOOP('',(#4689,#4690,#4691,#4692,#4693,#4694,#4695,#4696,#4697,
#4698));
#7287=EDGE_LOOP('',(#4699,#4700,#4701,#4702));
#7288=EDGE_LOOP('',(#4703,#4704,#4705,#4706));
#7289=EDGE_LOOP('',(#4707,#4708,#4709,#4710));
#7290=EDGE_LOOP('',(#4711,#4712,#4713,#4714));
#7291=EDGE_LOOP('',(#4715,#4716,#4717,#4718));
#7292=EDGE_LOOP('',(#4719,#4720,#4721,#4722));
#7293=EDGE_LOOP('',(#4723,#4724,#4725,#4726));
#7294=EDGE_LOOP('',(#4727,#4728,#4729,#4730));
#7295=EDGE_LOOP('',(#4731,#4732,#4733,#4734));
#7296=EDGE_LOOP('',(#4735,#4736,#4737,#4738));
#7297=EDGE_LOOP('',(#4739,#4740,#4741,#4742));
#7298=EDGE_LOOP('',(#4743,#4744,#4745,#4746));
#7299=EDGE_LOOP('',(#4747,#4748,#4749,#4750));
#7300=EDGE_LOOP('',(#4751,#4752,#4753,#4754));
#7301=EDGE_LOOP('',(#4755,#4756,#4757,#4758));
#7302=EDGE_LOOP('',(#4759,#4760,#4761,#4762));
#7303=EDGE_LOOP('',(#4763,#4764,#4765,#4766));
#7304=EDGE_LOOP('',(#4767,#4768,#4769,#4770));
#7305=EDGE_LOOP('',(#4771,#4772,#4773,#4774,#4775,#4776,#4777,#4778,#4779,
#4780,#4781,#4782));
#7306=EDGE_LOOP('',(#4783,#4784,#4785,#4786,#4787,#4788,#4789,#4790,#4791,
#4792,#4793,#4794));
#7307=EDGE_LOOP('',(#4795));
#7308=EDGE_LOOP('',(#4796));
#7309=EDGE_LOOP('',(#4797));
#7310=EDGE_LOOP('',(#4798));
#7311=EDGE_LOOP('',(#4799));
#7312=EDGE_LOOP('',(#4800));
#7313=EDGE_LOOP('',(#4801));
#7314=EDGE_LOOP('',(#4802));
#7315=EDGE_LOOP('',(#4803));
#7316=EDGE_LOOP('',(#4804));
#7317=EDGE_LOOP('',(#4805));
#7318=EDGE_LOOP('',(#4806));
#7319=EDGE_LOOP('',(#4807));
#7320=EDGE_LOOP('',(#4808));
#7321=EDGE_LOOP('',(#4809));
#7322=EDGE_LOOP('',(#4810));
#7323=EDGE_LOOP('',(#4811));
#7324=EDGE_LOOP('',(#4812));
#7325=EDGE_LOOP('',(#4813));
#7326=EDGE_LOOP('',(#4814));
#7327=EDGE_LOOP('',(#4815));
#7328=EDGE_LOOP('',(#4816));
#7329=EDGE_LOOP('',(#4817));
#7330=EDGE_LOOP('',(#4818));
#7331=EDGE_LOOP('',(#4819));
#7332=EDGE_LOOP('',(#4820));
#7333=EDGE_LOOP('',(#4821));
#7334=EDGE_LOOP('',(#4822));
#7335=EDGE_LOOP('',(#4823,#4824,#4825,#4826));
#7336=FACE_BOUND('',#6860,.T.);
#7337=FACE_BOUND('',#6861,.T.);
#7338=FACE_BOUND('',#6862,.T.);
#7339=FACE_BOUND('',#6863,.T.);
#7340=FACE_BOUND('',#6864,.T.);
#7341=FACE_BOUND('',#6865,.T.);
#7342=FACE_BOUND('',#6866,.T.);
#7343=FACE_BOUND('',#6867,.T.);
#7344=FACE_BOUND('',#6868,.T.);
#7345=FACE_BOUND('',#6869,.T.);
#7346=FACE_BOUND('',#6870,.T.);
#7347=FACE_BOUND('',#6871,.T.);
#7348=FACE_BOUND('',#6872,.T.);
#7349=FACE_BOUND('',#6873,.T.);
#7350=FACE_BOUND('',#6874,.T.);
#7351=FACE_BOUND('',#6875,.T.);
#7352=FACE_BOUND('',#6876,.T.);
#7353=FACE_BOUND('',#6877,.T.);
#7354=FACE_BOUND('',#6878,.T.);
#7355=FACE_BOUND('',#6879,.T.);
#7356=FACE_BOUND('',#6880,.T.);
#7357=FACE_BOUND('',#6881,.T.);
#7358=FACE_BOUND('',#6882,.T.);
#7359=FACE_BOUND('',#6883,.T.);
#7360=FACE_BOUND('',#6884,.T.);
#7361=FACE_BOUND('',#6885,.T.);
#7362=FACE_BOUND('',#6886,.T.);
#7363=FACE_BOUND('',#6887,.T.);
#7364=FACE_BOUND('',#6888,.T.);
#7365=FACE_BOUND('',#6889,.T.);
#7366=FACE_BOUND('',#6890,.T.);
#7367=FACE_BOUND('',#6891,.T.);
#7368=FACE_BOUND('',#6892,.T.);
#7369=FACE_BOUND('',#6893,.T.);
#7370=FACE_BOUND('',#6894,.T.);
#7371=FACE_BOUND('',#6895,.T.);
#7372=FACE_BOUND('',#6896,.T.);
#7373=FACE_BOUND('',#6897,.T.);
#7374=FACE_BOUND('',#6898,.T.);
#7375=FACE_BOUND('',#6899,.T.);
#7376=FACE_BOUND('',#6900,.T.);
#7377=FACE_BOUND('',#6901,.T.);
#7378=FACE_BOUND('',#6902,.T.);
#7379=FACE_BOUND('',#6903,.T.);
#7380=FACE_BOUND('',#6904,.T.);
#7381=FACE_BOUND('',#6905,.T.);
#7382=FACE_BOUND('',#6906,.T.);
#7383=FACE_BOUND('',#6907,.T.);
#7384=FACE_BOUND('',#6908,.T.);
#7385=FACE_BOUND('',#6909,.T.);
#7386=FACE_BOUND('',#6910,.T.);
#7387=FACE_BOUND('',#6911,.T.);
#7388=FACE_BOUND('',#6912,.T.);
#7389=FACE_BOUND('',#6913,.T.);
#7390=FACE_BOUND('',#6914,.T.);
#7391=FACE_BOUND('',#6915,.T.);
#7392=FACE_BOUND('',#6916,.T.);
#7393=FACE_BOUND('',#6917,.T.);
#7394=FACE_BOUND('',#6918,.T.);
#7395=FACE_BOUND('',#6919,.T.);
#7396=FACE_BOUND('',#6920,.T.);
#7397=FACE_BOUND('',#6921,.T.);
#7398=FACE_BOUND('',#6922,.T.);
#7399=FACE_BOUND('',#6923,.T.);
#7400=FACE_BOUND('',#6924,.T.);
#7401=FACE_BOUND('',#6925,.T.);
#7402=FACE_BOUND('',#6926,.T.);
#7403=FACE_BOUND('',#6927,.T.);
#7404=FACE_BOUND('',#6928,.T.);
#7405=FACE_BOUND('',#6929,.T.);
#7406=FACE_BOUND('',#6930,.T.);
#7407=FACE_BOUND('',#6931,.T.);
#7408=FACE_BOUND('',#6932,.T.);
#7409=FACE_BOUND('',#6933,.T.);
#7410=FACE_BOUND('',#6934,.T.);
#7411=FACE_BOUND('',#6935,.T.);
#7412=FACE_BOUND('',#6936,.T.);
#7413=FACE_BOUND('',#6937,.T.);
#7414=FACE_BOUND('',#6938,.T.);
#7415=FACE_BOUND('',#6939,.T.);
#7416=FACE_BOUND('',#6940,.T.);
#7417=FACE_BOUND('',#6941,.T.);
#7418=FACE_BOUND('',#6942,.T.);
#7419=FACE_BOUND('',#6943,.T.);
#7420=FACE_BOUND('',#6944,.T.);
#7421=FACE_BOUND('',#6945,.T.);
#7422=FACE_BOUND('',#6946,.T.);
#7423=FACE_BOUND('',#6947,.T.);
#7424=FACE_BOUND('',#6948,.T.);
#7425=FACE_BOUND('',#6949,.T.);
#7426=FACE_BOUND('',#6950,.T.);
#7427=FACE_BOUND('',#6951,.T.);
#7428=FACE_BOUND('',#6952,.T.);
#7429=FACE_BOUND('',#6953,.T.);
#7430=FACE_BOUND('',#6954,.T.);
#7431=FACE_BOUND('',#6955,.T.);
#7432=FACE_BOUND('',#6956,.T.);
#7433=FACE_BOUND('',#6957,.T.);
#7434=FACE_BOUND('',#6958,.T.);
#7435=FACE_BOUND('',#6959,.T.);
#7436=FACE_BOUND('',#6960,.T.);
#7437=FACE_BOUND('',#6961,.T.);
#7438=FACE_BOUND('',#6962,.T.);
#7439=FACE_BOUND('',#6963,.T.);
#7440=FACE_BOUND('',#6964,.T.);
#7441=FACE_BOUND('',#6965,.T.);
#7442=FACE_BOUND('',#6966,.T.);
#7443=FACE_BOUND('',#6967,.T.);
#7444=FACE_BOUND('',#6968,.T.);
#7445=FACE_BOUND('',#6969,.T.);
#7446=FACE_BOUND('',#6970,.T.);
#7447=FACE_BOUND('',#6971,.T.);
#7448=FACE_BOUND('',#6972,.T.);
#7449=FACE_BOUND('',#6973,.T.);
#7450=FACE_BOUND('',#6974,.T.);
#7451=FACE_BOUND('',#6975,.T.);
#7452=FACE_BOUND('',#6976,.T.);
#7453=FACE_BOUND('',#6977,.T.);
#7454=FACE_BOUND('',#6978,.T.);
#7455=FACE_BOUND('',#6979,.T.);
#7456=FACE_BOUND('',#6980,.T.);
#7457=FACE_BOUND('',#6981,.T.);
#7458=FACE_BOUND('',#6982,.T.);
#7459=FACE_BOUND('',#6983,.T.);
#7460=FACE_BOUND('',#6984,.T.);
#7461=FACE_BOUND('',#6985,.T.);
#7462=FACE_BOUND('',#6986,.T.);
#7463=FACE_BOUND('',#6987,.T.);
#7464=FACE_BOUND('',#6988,.T.);
#7465=FACE_BOUND('',#6989,.T.);
#7466=FACE_BOUND('',#6990,.T.);
#7467=FACE_BOUND('',#6991,.T.);
#7468=FACE_BOUND('',#6992,.T.);
#7469=FACE_BOUND('',#6993,.T.);
#7470=FACE_BOUND('',#6994,.T.);
#7471=FACE_BOUND('',#6995,.T.);
#7472=FACE_BOUND('',#6996,.T.);
#7473=FACE_BOUND('',#6997,.T.);
#7474=FACE_BOUND('',#6998,.T.);
#7475=FACE_BOUND('',#6999,.T.);
#7476=FACE_BOUND('',#7000,.T.);
#7477=FACE_BOUND('',#7001,.T.);
#7478=FACE_BOUND('',#7002,.T.);
#7479=FACE_BOUND('',#7003,.T.);
#7480=FACE_BOUND('',#7004,.T.);
#7481=FACE_BOUND('',#7005,.T.);
#7482=FACE_BOUND('',#7006,.T.);
#7483=FACE_BOUND('',#7007,.T.);
#7484=FACE_BOUND('',#7008,.T.);
#7485=FACE_BOUND('',#7009,.T.);
#7486=FACE_BOUND('',#7010,.T.);
#7487=FACE_BOUND('',#7011,.T.);
#7488=FACE_BOUND('',#7012,.T.);
#7489=FACE_BOUND('',#7013,.T.);
#7490=FACE_BOUND('',#7014,.T.);
#7491=FACE_BOUND('',#7015,.T.);
#7492=FACE_BOUND('',#7016,.T.);
#7493=FACE_BOUND('',#7017,.T.);
#7494=FACE_BOUND('',#7018,.T.);
#7495=FACE_BOUND('',#7019,.T.);
#7496=FACE_BOUND('',#7020,.T.);
#7497=FACE_BOUND('',#7021,.T.);
#7498=FACE_BOUND('',#7022,.T.);
#7499=FACE_BOUND('',#7023,.T.);
#7500=FACE_BOUND('',#7024,.T.);
#7501=FACE_BOUND('',#7025,.T.);
#7502=FACE_BOUND('',#7026,.T.);
#7503=FACE_BOUND('',#7027,.T.);
#7504=FACE_BOUND('',#7028,.T.);
#7505=FACE_BOUND('',#7029,.T.);
#7506=FACE_BOUND('',#7030,.T.);
#7507=FACE_BOUND('',#7031,.T.);
#7508=FACE_BOUND('',#7032,.T.);
#7509=FACE_BOUND('',#7033,.T.);
#7510=FACE_BOUND('',#7034,.T.);
#7511=FACE_BOUND('',#7035,.T.);
#7512=FACE_BOUND('',#7036,.T.);
#7513=FACE_BOUND('',#7037,.T.);
#7514=FACE_BOUND('',#7038,.T.);
#7515=FACE_BOUND('',#7039,.T.);
#7516=FACE_BOUND('',#7040,.T.);
#7517=FACE_BOUND('',#7041,.T.);
#7518=FACE_BOUND('',#7042,.T.);
#7519=FACE_BOUND('',#7043,.T.);
#7520=FACE_BOUND('',#7044,.T.);
#7521=FACE_BOUND('',#7045,.T.);
#7522=FACE_BOUND('',#7046,.T.);
#7523=FACE_BOUND('',#7047,.T.);
#7524=FACE_BOUND('',#7048,.T.);
#7525=FACE_BOUND('',#7049,.T.);
#7526=FACE_BOUND('',#7050,.T.);
#7527=FACE_BOUND('',#7051,.T.);
#7528=FACE_BOUND('',#7052,.T.);
#7529=FACE_BOUND('',#7053,.T.);
#7530=FACE_BOUND('',#7054,.T.);
#7531=FACE_BOUND('',#7055,.T.);
#7532=FACE_BOUND('',#7056,.T.);
#7533=FACE_BOUND('',#7057,.T.);
#7534=FACE_BOUND('',#7058,.T.);
#7535=FACE_BOUND('',#7059,.T.);
#7536=FACE_BOUND('',#7060,.T.);
#7537=FACE_BOUND('',#7061,.T.);
#7538=FACE_BOUND('',#7062,.T.);
#7539=FACE_BOUND('',#7063,.T.);
#7540=FACE_BOUND('',#7064,.T.);
#7541=FACE_BOUND('',#7065,.T.);
#7542=FACE_BOUND('',#7066,.T.);
#7543=FACE_BOUND('',#7067,.T.);
#7544=FACE_BOUND('',#7068,.T.);
#7545=FACE_BOUND('',#7069,.T.);
#7546=FACE_BOUND('',#7070,.T.);
#7547=FACE_BOUND('',#7071,.T.);
#7548=FACE_BOUND('',#7072,.T.);
#7549=FACE_BOUND('',#7073,.T.);
#7550=FACE_BOUND('',#7074,.T.);
#7551=FACE_BOUND('',#7075,.T.);
#7552=FACE_BOUND('',#7076,.T.);
#7553=FACE_BOUND('',#7077,.T.);
#7554=FACE_BOUND('',#7078,.T.);
#7555=FACE_BOUND('',#7079,.T.);
#7556=FACE_BOUND('',#7080,.T.);
#7557=FACE_BOUND('',#7081,.T.);
#7558=FACE_BOUND('',#7082,.T.);
#7559=FACE_BOUND('',#7083,.T.);
#7560=FACE_BOUND('',#7084,.T.);
#7561=FACE_BOUND('',#7085,.T.);
#7562=FACE_BOUND('',#7086,.T.);
#7563=FACE_BOUND('',#7087,.T.);
#7564=FACE_BOUND('',#7088,.T.);
#7565=FACE_BOUND('',#7089,.T.);
#7566=FACE_BOUND('',#7090,.T.);
#7567=FACE_BOUND('',#7091,.T.);
#7568=FACE_BOUND('',#7092,.T.);
#7569=FACE_BOUND('',#7093,.T.);
#7570=FACE_BOUND('',#7094,.T.);
#7571=FACE_BOUND('',#7095,.T.);
#7572=FACE_BOUND('',#7096,.T.);
#7573=FACE_BOUND('',#7097,.T.);
#7574=FACE_BOUND('',#7098,.T.);
#7575=FACE_BOUND('',#7099,.T.);
#7576=FACE_BOUND('',#7100,.T.);
#7577=FACE_BOUND('',#7101,.T.);
#7578=FACE_BOUND('',#7102,.T.);
#7579=FACE_BOUND('',#7103,.T.);
#7580=FACE_BOUND('',#7104,.T.);
#7581=FACE_BOUND('',#7105,.T.);
#7582=FACE_BOUND('',#7106,.T.);
#7583=FACE_BOUND('',#7107,.T.);
#7584=FACE_BOUND('',#7108,.T.);
#7585=FACE_BOUND('',#7109,.T.);
#7586=FACE_BOUND('',#7110,.T.);
#7587=FACE_BOUND('',#7111,.T.);
#7588=FACE_BOUND('',#7112,.T.);
#7589=FACE_BOUND('',#7113,.T.);
#7590=FACE_BOUND('',#7114,.T.);
#7591=FACE_BOUND('',#7115,.T.);
#7592=FACE_BOUND('',#7116,.T.);
#7593=FACE_BOUND('',#7117,.T.);
#7594=FACE_BOUND('',#7118,.T.);
#7595=FACE_BOUND('',#7119,.T.);
#7596=FACE_BOUND('',#7120,.T.);
#7597=FACE_BOUND('',#7121,.T.);
#7598=FACE_BOUND('',#7122,.T.);
#7599=FACE_BOUND('',#7123,.T.);
#7600=FACE_BOUND('',#7124,.T.);
#7601=FACE_BOUND('',#7125,.T.);
#7602=FACE_BOUND('',#7126,.T.);
#7603=FACE_BOUND('',#7127,.T.);
#7604=FACE_BOUND('',#7128,.T.);
#7605=FACE_BOUND('',#7129,.T.);
#7606=FACE_BOUND('',#7130,.T.);
#7607=FACE_BOUND('',#7131,.T.);
#7608=FACE_BOUND('',#7132,.T.);
#7609=FACE_BOUND('',#7133,.T.);
#7610=FACE_BOUND('',#7134,.T.);
#7611=FACE_BOUND('',#7135,.T.);
#7612=FACE_BOUND('',#7136,.T.);
#7613=FACE_BOUND('',#7137,.T.);
#7614=FACE_BOUND('',#7138,.T.);
#7615=FACE_BOUND('',#7139,.T.);
#7616=FACE_BOUND('',#7140,.T.);
#7617=FACE_BOUND('',#7141,.T.);
#7618=FACE_BOUND('',#7142,.T.);
#7619=FACE_BOUND('',#7143,.T.);
#7620=FACE_BOUND('',#7144,.T.);
#7621=FACE_BOUND('',#7145,.T.);
#7622=FACE_BOUND('',#7146,.T.);
#7623=FACE_BOUND('',#7147,.T.);
#7624=FACE_BOUND('',#7148,.T.);
#7625=FACE_BOUND('',#7149,.T.);
#7626=FACE_BOUND('',#7150,.T.);
#7627=FACE_BOUND('',#7151,.T.);
#7628=FACE_BOUND('',#7152,.T.);
#7629=FACE_BOUND('',#7153,.T.);
#7630=FACE_BOUND('',#7154,.T.);
#7631=FACE_BOUND('',#7155,.T.);
#7632=FACE_BOUND('',#7156,.T.);
#7633=FACE_BOUND('',#7157,.T.);
#7634=FACE_BOUND('',#7158,.T.);
#7635=FACE_BOUND('',#7159,.T.);
#7636=FACE_BOUND('',#7160,.T.);
#7637=FACE_BOUND('',#7161,.T.);
#7638=FACE_BOUND('',#7162,.T.);
#7639=FACE_BOUND('',#7163,.T.);
#7640=FACE_BOUND('',#7164,.T.);
#7641=FACE_BOUND('',#7165,.T.);
#7642=FACE_BOUND('',#7166,.T.);
#7643=FACE_BOUND('',#7167,.T.);
#7644=FACE_BOUND('',#7168,.T.);
#7645=FACE_BOUND('',#7169,.T.);
#7646=FACE_BOUND('',#7170,.T.);
#7647=FACE_BOUND('',#7171,.T.);
#7648=FACE_BOUND('',#7172,.T.);
#7649=FACE_BOUND('',#7173,.T.);
#7650=FACE_BOUND('',#7174,.T.);
#7651=FACE_BOUND('',#7175,.T.);
#7652=FACE_BOUND('',#7176,.T.);
#7653=FACE_BOUND('',#7177,.T.);
#7654=FACE_BOUND('',#7178,.T.);
#7655=FACE_BOUND('',#7179,.T.);
#7656=FACE_BOUND('',#7180,.T.);
#7657=FACE_BOUND('',#7181,.T.);
#7658=FACE_BOUND('',#7182,.T.);
#7659=FACE_BOUND('',#7183,.T.);
#7660=FACE_BOUND('',#7184,.T.);
#7661=FACE_BOUND('',#7185,.T.);
#7662=FACE_BOUND('',#7186,.T.);
#7663=FACE_BOUND('',#7187,.T.);
#7664=FACE_BOUND('',#7188,.T.);
#7665=FACE_BOUND('',#7189,.T.);
#7666=FACE_BOUND('',#7190,.T.);
#7667=FACE_BOUND('',#7191,.T.);
#7668=FACE_BOUND('',#7192,.T.);
#7669=FACE_BOUND('',#7193,.T.);
#7670=FACE_BOUND('',#7194,.T.);
#7671=FACE_BOUND('',#7195,.T.);
#7672=FACE_BOUND('',#7196,.T.);
#7673=FACE_BOUND('',#7197,.T.);
#7674=FACE_BOUND('',#7198,.T.);
#7675=FACE_BOUND('',#7199,.T.);
#7676=FACE_BOUND('',#7200,.T.);
#7677=FACE_BOUND('',#7201,.T.);
#7678=FACE_BOUND('',#7202,.T.);
#7679=FACE_BOUND('',#7203,.T.);
#7680=FACE_BOUND('',#7204,.T.);
#7681=FACE_BOUND('',#7205,.T.);
#7682=FACE_BOUND('',#7206,.T.);
#7683=FACE_BOUND('',#7207,.T.);
#7684=FACE_BOUND('',#7208,.T.);
#7685=FACE_BOUND('',#7209,.T.);
#7686=FACE_BOUND('',#7210,.T.);
#7687=FACE_BOUND('',#7211,.T.);
#7688=FACE_BOUND('',#7212,.T.);
#7689=FACE_BOUND('',#7213,.T.);
#7690=FACE_BOUND('',#7214,.T.);
#7691=FACE_BOUND('',#7215,.T.);
#7692=FACE_BOUND('',#7216,.T.);
#7693=FACE_BOUND('',#7217,.T.);
#7694=FACE_BOUND('',#7218,.T.);
#7695=FACE_BOUND('',#7219,.T.);
#7696=FACE_BOUND('',#7220,.T.);
#7697=FACE_BOUND('',#7221,.T.);
#7698=FACE_BOUND('',#7222,.T.);
#7699=FACE_BOUND('',#7223,.T.);
#7700=FACE_BOUND('',#7224,.T.);
#7701=FACE_BOUND('',#7225,.T.);
#7702=FACE_BOUND('',#7226,.T.);
#7703=FACE_BOUND('',#7227,.T.);
#7704=FACE_BOUND('',#7228,.T.);
#7705=FACE_BOUND('',#7229,.T.);
#7706=FACE_BOUND('',#7230,.T.);
#7707=FACE_BOUND('',#7231,.T.);
#7708=FACE_BOUND('',#7232,.T.);
#7709=FACE_BOUND('',#7233,.T.);
#7710=FACE_BOUND('',#7234,.T.);
#7711=FACE_BOUND('',#7235,.T.);
#7712=FACE_BOUND('',#7236,.T.);
#7713=FACE_BOUND('',#7237,.T.);
#7714=FACE_BOUND('',#7238,.T.);
#7715=FACE_BOUND('',#7239,.T.);
#7716=FACE_BOUND('',#7240,.T.);
#7717=FACE_BOUND('',#7241,.T.);
#7718=FACE_BOUND('',#7242,.T.);
#7719=FACE_BOUND('',#7243,.T.);
#7720=FACE_BOUND('',#7244,.T.);
#7721=FACE_BOUND('',#7245,.T.);
#7722=FACE_BOUND('',#7246,.T.);
#7723=FACE_BOUND('',#7247,.T.);
#7724=FACE_BOUND('',#7248,.T.);
#7725=FACE_BOUND('',#7249,.T.);
#7726=FACE_BOUND('',#7250,.T.);
#7727=FACE_BOUND('',#7251,.T.);
#7728=FACE_BOUND('',#7252,.T.);
#7729=FACE_BOUND('',#7253,.T.);
#7730=FACE_BOUND('',#7254,.T.);
#7731=FACE_BOUND('',#7255,.T.);
#7732=FACE_BOUND('',#7256,.T.);
#7733=FACE_BOUND('',#7257,.T.);
#7734=FACE_BOUND('',#7258,.T.);
#7735=FACE_BOUND('',#7259,.T.);
#7736=FACE_BOUND('',#7260,.T.);
#7737=FACE_BOUND('',#7261,.T.);
#7738=FACE_BOUND('',#7262,.T.);
#7739=FACE_BOUND('',#7263,.T.);
#7740=FACE_BOUND('',#7264,.T.);
#7741=FACE_BOUND('',#7265,.T.);
#7742=FACE_BOUND('',#7266,.T.);
#7743=FACE_BOUND('',#7267,.T.);
#7744=FACE_BOUND('',#7268,.T.);
#7745=FACE_BOUND('',#7269,.T.);
#7746=FACE_BOUND('',#7270,.T.);
#7747=FACE_BOUND('',#7271,.T.);
#7748=FACE_BOUND('',#7272,.T.);
#7749=FACE_BOUND('',#7273,.T.);
#7750=FACE_BOUND('',#7274,.T.);
#7751=FACE_BOUND('',#7275,.T.);
#7752=FACE_BOUND('',#7276,.T.);
#7753=FACE_BOUND('',#7277,.T.);
#7754=FACE_BOUND('',#7278,.T.);
#7755=FACE_BOUND('',#7279,.T.);
#7756=FACE_BOUND('',#7280,.T.);
#7757=FACE_BOUND('',#7281,.T.);
#7758=FACE_BOUND('',#7282,.T.);
#7759=FACE_BOUND('',#7283,.T.);
#7760=FACE_BOUND('',#7284,.T.);
#7761=FACE_BOUND('',#7285,.T.);
#7762=FACE_BOUND('',#7286,.T.);
#7763=FACE_BOUND('',#7287,.T.);
#7764=FACE_BOUND('',#7288,.T.);
#7765=FACE_BOUND('',#7289,.T.);
#7766=FACE_BOUND('',#7290,.T.);
#7767=FACE_BOUND('',#7291,.T.);
#7768=FACE_BOUND('',#7292,.T.);
#7769=FACE_BOUND('',#7293,.T.);
#7770=FACE_BOUND('',#7294,.T.);
#7771=FACE_BOUND('',#7295,.T.);
#7772=FACE_BOUND('',#7296,.T.);
#7773=FACE_BOUND('',#7297,.T.);
#7774=FACE_BOUND('',#7298,.T.);
#7775=FACE_BOUND('',#7299,.T.);
#7776=FACE_BOUND('',#7300,.T.);
#7777=FACE_BOUND('',#7301,.T.);
#7778=FACE_BOUND('',#7302,.T.);
#7779=FACE_BOUND('',#7303,.T.);
#7780=FACE_BOUND('',#7304,.T.);
#7781=FACE_BOUND('',#7305,.T.);
#7782=FACE_BOUND('',#7306,.T.);
#7783=FACE_BOUND('',#7307,.T.);
#7784=FACE_BOUND('',#7308,.T.);
#7785=FACE_BOUND('',#7309,.T.);
#7786=FACE_BOUND('',#7310,.T.);
#7787=FACE_BOUND('',#7311,.T.);
#7788=FACE_BOUND('',#7312,.T.);
#7789=FACE_BOUND('',#7313,.T.);
#7790=FACE_BOUND('',#7314,.T.);
#7791=FACE_BOUND('',#7315,.T.);
#7792=FACE_BOUND('',#7316,.T.);
#7793=FACE_BOUND('',#7317,.T.);
#7794=FACE_BOUND('',#7318,.T.);
#7795=FACE_BOUND('',#7319,.T.);
#7796=FACE_BOUND('',#7320,.T.);
#7797=FACE_BOUND('',#7321,.T.);
#7798=FACE_BOUND('',#7322,.T.);
#7799=FACE_BOUND('',#7323,.T.);
#7800=FACE_BOUND('',#7324,.T.);
#7801=FACE_BOUND('',#7325,.T.);
#7802=FACE_BOUND('',#7326,.T.);
#7803=FACE_BOUND('',#7327,.T.);
#7804=FACE_BOUND('',#7328,.T.);
#7805=FACE_BOUND('',#7329,.T.);
#7806=FACE_BOUND('',#7330,.T.);
#7807=FACE_BOUND('',#7331,.T.);
#7808=FACE_BOUND('',#7332,.T.);
#7809=FACE_BOUND('',#7333,.T.);
#7810=FACE_BOUND('',#7334,.T.);
#7811=FACE_BOUND('',#7335,.T.);
#7812=CYLINDRICAL_SURFACE('',#8615,0.0016);
#7813=CYLINDRICAL_SURFACE('',#8618,0.0016);
#7814=CYLINDRICAL_SURFACE('',#8622,0.000799999999999968);
#7815=CYLINDRICAL_SURFACE('',#8626,0.0035);
#7816=CYLINDRICAL_SURFACE('',#8630,0.000828726516107153);
#7817=CYLINDRICAL_SURFACE('',#8633,0.013);
#7818=CYLINDRICAL_SURFACE('',#8637,0.000800000000000105);
#7819=CYLINDRICAL_SURFACE('',#8641,0.00350000000000013);
#7820=CYLINDRICAL_SURFACE('',#8645,0.00080000000000007);
#7821=CYLINDRICAL_SURFACE('',#8648,0.0130000000994074);
#7822=CYLINDRICAL_SURFACE('',#8655,0.00375);
#7823=CYLINDRICAL_SURFACE('',#8658,0.001499987);
#7824=CYLINDRICAL_SURFACE('',#8661,0.00375);
#7825=CYLINDRICAL_SURFACE('',#8664,0.00149998499999998);
#7826=CYLINDRICAL_SURFACE('',#8667,0.001499985);
#7827=CYLINDRICAL_SURFACE('',#8670,0.00375);
#7828=CYLINDRICAL_SURFACE('',#8673,0.00798529911863047);
#7829=CYLINDRICAL_SURFACE('',#8676,0.000749999999999983);
#7830=CYLINDRICAL_SURFACE('',#8682,0.00975);
#7831=CYLINDRICAL_SURFACE('',#8686,0.0116232730000001);
#7832=CYLINDRICAL_SURFACE('',#8698,0.000104166750000151);
#7833=CYLINDRICAL_SURFACE('',#8701,0.000833333500000016);
#7834=CYLINDRICAL_SURFACE('',#8704,0.000104166686952931);
#7835=CYLINDRICAL_SURFACE('',#8707,0.000624999999997998);
#7836=CYLINDRICAL_SURFACE('',#8711,0.000104166499999995);
#7837=CYLINDRICAL_SURFACE('',#8715,0.000624999999998705);
#7838=CYLINDRICAL_SURFACE('',#8719,0.00104166649999999);
#7839=CYLINDRICAL_SURFACE('',#8722,0.00125);
#7840=CYLINDRICAL_SURFACE('',#8847,0.000104166499999978);
#7841=CYLINDRICAL_SURFACE('',#8851,0.00062500000000026);
#7842=CYLINDRICAL_SURFACE('',#8854,0.000104166690515271);
#7843=CYLINDRICAL_SURFACE('',#8857,0.000833333499999942);
#7844=CYLINDRICAL_SURFACE('',#8860,0.000104166500000208);
#7845=CYLINDRICAL_SURFACE('',#8865,0.000104166500000002);
#7846=CYLINDRICAL_SURFACE('',#8869,0.00062500000000002);
#7847=CYLINDRICAL_SURFACE('',#8872,0.000104166690515231);
#7848=CYLINDRICAL_SURFACE('',#8875,0.000833333500000084);
#7849=CYLINDRICAL_SURFACE('',#8878,0.000104166499999955);
#7850=CYLINDRICAL_SURFACE('',#8889,0.002);
#7851=CYLINDRICAL_SURFACE('',#8891,0.00999999999999978);
#7852=CYLINDRICAL_SURFACE('',#8893,0.00200000000000004);
#7853=CYLINDRICAL_SURFACE('',#8896,0.0020000000000001);
#7854=CYLINDRICAL_SURFACE('',#8899,0.0020000000000001);
#7855=CYLINDRICAL_SURFACE('',#8906,0.0102905979216995);
#7856=CYLINDRICAL_SURFACE('',#8910,0.000198380540272463);
#7857=CYLINDRICAL_SURFACE('',#8914,0.000196867151234144);
#7858=CYLINDRICAL_SURFACE('',#8920,0.0102905979216995);
#7859=CYLINDRICAL_SURFACE('',#8924,0.0102651704688059);
#7860=CYLINDRICAL_SURFACE('',#9151,0.000599999999999992);
#7861=CYLINDRICAL_SURFACE('',#9157,0.0006);
#7862=CYLINDRICAL_SURFACE('',#9163,0.0006);
#7863=CYLINDRICAL_SURFACE('',#9169,0.000599999999999992);
#7864=CYLINDRICAL_SURFACE('',#9175,0.0006);
#7865=CYLINDRICAL_SURFACE('',#9181,0.0006);
#7866=CYLINDRICAL_SURFACE('',#9187,0.000599999999999991);
#7867=CYLINDRICAL_SURFACE('',#9203,0.00798529911864465);
#7868=ADVANCED_FACE('',(#7336,#7337),#7812,.F.);
#7869=ADVANCED_FACE('',(#7338,#7339),#7813,.F.);
#7870=ADVANCED_FACE('',(#7340),#2164,.T.);
#7871=ADVANCED_FACE('',(#7341),#7814,.F.);
#7872=ADVANCED_FACE('',(#7342),#2165,.T.);
#7873=ADVANCED_FACE('',(#7343),#7815,.T.);
#7874=ADVANCED_FACE('',(#7344),#2166,.T.);
#7875=ADVANCED_FACE('',(#7345),#7816,.F.);
#7876=ADVANCED_FACE('',(#7346),#7817,.T.);
#7877=ADVANCED_FACE('',(#7347),#2167,.T.);
#7878=ADVANCED_FACE('',(#7348),#7818,.F.);
#7879=ADVANCED_FACE('',(#7349),#2168,.T.);
#7880=ADVANCED_FACE('',(#7350),#7819,.T.);
#7881=ADVANCED_FACE('',(#7351),#2169,.T.);
#7882=ADVANCED_FACE('',(#7352),#7820,.F.);
#7883=ADVANCED_FACE('',(#7353),#7821,.T.);
#7884=ADVANCED_FACE('',(#7354),#2170,.T.);
#7885=ADVANCED_FACE('',(#7355,#7356,#7357),#2171,.T.);
#7886=ADVANCED_FACE('',(#7358,#7359,#7360),#2172,.T.);
#7887=ADVANCED_FACE('',(#7361),#7822,.F.);
#7888=ADVANCED_FACE('',(#7362),#7823,.F.);
#7889=ADVANCED_FACE('',(#7363),#7824,.F.);
#7890=ADVANCED_FACE('',(#7364),#7825,.F.);
#7891=ADVANCED_FACE('',(#7365),#7826,.F.);
#7892=ADVANCED_FACE('',(#7366),#7827,.F.);
#7893=ADVANCED_FACE('',(#7367),#7828,.T.);
#7894=ADVANCED_FACE('',(#7368),#7829,.T.);
#7895=ADVANCED_FACE('',(#7369,#7370),#2173,.T.);
#7896=ADVANCED_FACE('',(#7371,#7372),#2174,.T.);
#7897=ADVANCED_FACE('',(#7373,#7374),#7830,.F.);
#7898=ADVANCED_FACE('',(#7375),#2175,.T.);
#7899=ADVANCED_FACE('',(#7376,#7377),#7831,.T.);
#7900=ADVANCED_FACE('',(#7378),#2176,.T.);
#7901=ADVANCED_FACE('',(#7379,#7380),#2177,.T.);
#7902=ADVANCED_FACE('',(#7381,#7382),#2178,.T.);
#7903=ADVANCED_FACE('',(#7383,#7384),#56,.T.);
#7904=ADVANCED_FACE('',(#7385),#7832,.F.);
#7905=ADVANCED_FACE('',(#7386),#7833,.F.);
#7906=ADVANCED_FACE('',(#7387),#7834,.F.);
#7907=ADVANCED_FACE('',(#7388),#7835,.T.);
#7908=ADVANCED_FACE('',(#7389),#2179,.T.);
#7909=ADVANCED_FACE('',(#7390),#7836,.F.);
#7910=ADVANCED_FACE('',(#7391),#2180,.T.);
#7911=ADVANCED_FACE('',(#7392),#7837,.T.);
#7912=ADVANCED_FACE('',(#7393),#2181,.T.);
#7913=ADVANCED_FACE('',(#7394,#7395),#7838,.T.);
#7914=ADVANCED_FACE('',(#7396,#7397),#7839,.F.);
#7915=ADVANCED_FACE('',(#7398,#7399),#2182,.T.);
#7916=ADVANCED_FACE('',(#7400),#2183,.T.);
#7917=ADVANCED_FACE('',(#7401),#2184,.T.);
#7918=ADVANCED_FACE('',(#7402),#2185,.T.);
#7919=ADVANCED_FACE('',(#7403),#2186,.T.);
#7920=ADVANCED_FACE('',(#7404),#2187,.T.);
#7921=ADVANCED_FACE('',(#7405),#2188,.T.);
#7922=ADVANCED_FACE('',(#7406),#2189,.T.);
#7923=ADVANCED_FACE('',(#7407),#2190,.T.);
#7924=ADVANCED_FACE('',(#7408),#2191,.T.);
#7925=ADVANCED_FACE('',(#7409),#2192,.T.);
#7926=ADVANCED_FACE('',(#7410),#2193,.T.);
#7927=ADVANCED_FACE('',(#7411),#2194,.T.);
#7928=ADVANCED_FACE('',(#7412),#2195,.T.);
#7929=ADVANCED_FACE('',(#7413),#2196,.T.);
#7930=ADVANCED_FACE('',(#7414),#2197,.T.);
#7931=ADVANCED_FACE('',(#7415),#2198,.T.);
#7932=ADVANCED_FACE('',(#7416),#2199,.T.);
#7933=ADVANCED_FACE('',(#7417),#2200,.T.);
#7934=ADVANCED_FACE('',(#7418),#2201,.T.);
#7935=ADVANCED_FACE('',(#7419),#2202,.T.);
#7936=ADVANCED_FACE('',(#7420),#2203,.T.);
#7937=ADVANCED_FACE('',(#7421),#2204,.T.);
#7938=ADVANCED_FACE('',(#7422),#2205,.T.);
#7939=ADVANCED_FACE('',(#7423),#2206,.T.);
#7940=ADVANCED_FACE('',(#7424),#2207,.T.);
#7941=ADVANCED_FACE('',(#7425),#2208,.T.);
#7942=ADVANCED_FACE('',(#7426),#2209,.T.);
#7943=ADVANCED_FACE('',(#7427),#2210,.T.);
#7944=ADVANCED_FACE('',(#7428),#2211,.T.);
#7945=ADVANCED_FACE('',(#7429),#2212,.T.);
#7946=ADVANCED_FACE('',(#7430),#2213,.T.);
#7947=ADVANCED_FACE('',(#7431),#2214,.T.);
#7948=ADVANCED_FACE('',(#7432),#2215,.T.);
#7949=ADVANCED_FACE('',(#7433),#2216,.T.);
#7950=ADVANCED_FACE('',(#7434),#2217,.T.);
#7951=ADVANCED_FACE('',(#7435),#2218,.T.);
#7952=ADVANCED_FACE('',(#7436),#2219,.T.);
#7953=ADVANCED_FACE('',(#7437),#2220,.T.);
#7954=ADVANCED_FACE('',(#7438),#2221,.T.);
#7955=ADVANCED_FACE('',(#7439),#2222,.T.);
#7956=ADVANCED_FACE('',(#7440),#2223,.T.);
#7957=ADVANCED_FACE('',(#7441),#2224,.T.);
#7958=ADVANCED_FACE('',(#7442),#2225,.T.);
#7959=ADVANCED_FACE('',(#7443),#2226,.T.);
#7960=ADVANCED_FACE('',(#7444),#2227,.T.);
#7961=ADVANCED_FACE('',(#7445),#2228,.T.);
#7962=ADVANCED_FACE('',(#7446),#2229,.T.);
#7963=ADVANCED_FACE('',(#7447),#2230,.T.);
#7964=ADVANCED_FACE('',(#7448),#2231,.T.);
#7965=ADVANCED_FACE('',(#7449),#2232,.T.);
#7966=ADVANCED_FACE('',(#7450),#2233,.T.);
#7967=ADVANCED_FACE('',(#7451),#2234,.T.);
#7968=ADVANCED_FACE('',(#7452),#2235,.T.);
#7969=ADVANCED_FACE('',(#7453),#2236,.T.);
#7970=ADVANCED_FACE('',(#7454),#2237,.T.);
#7971=ADVANCED_FACE('',(#7455),#2238,.T.);
#7972=ADVANCED_FACE('',(#7456),#2239,.T.);
#7973=ADVANCED_FACE('',(#7457),#2240,.T.);
#7974=ADVANCED_FACE('',(#7458),#2241,.T.);
#7975=ADVANCED_FACE('',(#7459),#2242,.T.);
#7976=ADVANCED_FACE('',(#7460),#2243,.T.);
#7977=ADVANCED_FACE('',(#7461),#2244,.T.);
#7978=ADVANCED_FACE('',(#7462),#2245,.T.);
#7979=ADVANCED_FACE('',(#7463),#2246,.T.);
#7980=ADVANCED_FACE('',(#7464),#2247,.T.);
#7981=ADVANCED_FACE('',(#7465),#2248,.T.);
#7982=ADVANCED_FACE('',(#7466),#2249,.T.);
#7983=ADVANCED_FACE('',(#7467),#2250,.T.);
#7984=ADVANCED_FACE('',(#7468),#2251,.T.);
#7985=ADVANCED_FACE('',(#7469),#2252,.T.);
#7986=ADVANCED_FACE('',(#7470),#2253,.T.);
#7987=ADVANCED_FACE('',(#7471),#2254,.T.);
#7988=ADVANCED_FACE('',(#7472),#2255,.T.);
#7989=ADVANCED_FACE('',(#7473),#2256,.T.);
#7990=ADVANCED_FACE('',(#7474),#2257,.T.);
#7991=ADVANCED_FACE('',(#7475),#2258,.T.);
#7992=ADVANCED_FACE('',(#7476),#2259,.T.);
#7993=ADVANCED_FACE('',(#7477),#2260,.T.);
#7994=ADVANCED_FACE('',(#7478),#2261,.T.);
#7995=ADVANCED_FACE('',(#7479,#7480),#2262,.T.);
#7996=ADVANCED_FACE('',(#7481),#2263,.T.);
#7997=ADVANCED_FACE('',(#7482),#2264,.T.);
#7998=ADVANCED_FACE('',(#7483),#2265,.T.);
#7999=ADVANCED_FACE('',(#7484),#2266,.T.);
#8000=ADVANCED_FACE('',(#7485),#2267,.T.);
#8001=ADVANCED_FACE('',(#7486),#2268,.T.);
#8002=ADVANCED_FACE('',(#7487),#2269,.T.);
#8003=ADVANCED_FACE('',(#7488),#2270,.T.);
#8004=ADVANCED_FACE('',(#7489),#2271,.T.);
#8005=ADVANCED_FACE('',(#7490),#2272,.T.);
#8006=ADVANCED_FACE('',(#7491),#2273,.T.);
#8007=ADVANCED_FACE('',(#7492),#2274,.T.);
#8008=ADVANCED_FACE('',(#7493),#2275,.T.);
#8009=ADVANCED_FACE('',(#7494),#2276,.T.);
#8010=ADVANCED_FACE('',(#7495),#2277,.T.);
#8011=ADVANCED_FACE('',(#7496),#2278,.T.);
#8012=ADVANCED_FACE('',(#7497),#2279,.T.);
#8013=ADVANCED_FACE('',(#7498),#2280,.T.);
#8014=ADVANCED_FACE('',(#7499),#2281,.T.);
#8015=ADVANCED_FACE('',(#7500),#2282,.T.);
#8016=ADVANCED_FACE('',(#7501),#2283,.T.);
#8017=ADVANCED_FACE('',(#7502),#2284,.T.);
#8018=ADVANCED_FACE('',(#7503),#2285,.T.);
#8019=ADVANCED_FACE('',(#7504),#2286,.T.);
#8020=ADVANCED_FACE('',(#7505),#2287,.T.);
#8021=ADVANCED_FACE('',(#7506),#2288,.T.);
#8022=ADVANCED_FACE('',(#7507),#2289,.T.);
#8023=ADVANCED_FACE('',(#7508),#2290,.T.);
#8024=ADVANCED_FACE('',(#7509),#2291,.T.);
#8025=ADVANCED_FACE('',(#7510),#2292,.T.);
#8026=ADVANCED_FACE('',(#7511),#2293,.T.);
#8027=ADVANCED_FACE('',(#7512),#2294,.T.);
#8028=ADVANCED_FACE('',(#7513),#2295,.T.);
#8029=ADVANCED_FACE('',(#7514),#2296,.T.);
#8030=ADVANCED_FACE('',(#7515),#2297,.T.);
#8031=ADVANCED_FACE('',(#7516),#2298,.T.);
#8032=ADVANCED_FACE('',(#7517),#2299,.T.);
#8033=ADVANCED_FACE('',(#7518),#2300,.T.);
#8034=ADVANCED_FACE('',(#7519),#2301,.T.);
#8035=ADVANCED_FACE('',(#7520),#2302,.T.);
#8036=ADVANCED_FACE('',(#7521),#2303,.T.);
#8037=ADVANCED_FACE('',(#7522),#7840,.F.);
#8038=ADVANCED_FACE('',(#7523),#2304,.T.);
#8039=ADVANCED_FACE('',(#7524),#7841,.T.);
#8040=ADVANCED_FACE('',(#7525),#7842,.F.);
#8041=ADVANCED_FACE('',(#7526),#7843,.F.);
#8042=ADVANCED_FACE('',(#7527),#7844,.F.);
#8043=ADVANCED_FACE('',(#7528),#2305,.T.);
#8044=ADVANCED_FACE('',(#7529),#2306,.T.);
#8045=ADVANCED_FACE('',(#7530),#7845,.F.);
#8046=ADVANCED_FACE('',(#7531),#2307,.T.);
#8047=ADVANCED_FACE('',(#7532),#7846,.T.);
#8048=ADVANCED_FACE('',(#7533),#7847,.F.);
#8049=ADVANCED_FACE('',(#7534),#7848,.F.);
#8050=ADVANCED_FACE('',(#7535),#7849,.F.);
#8051=ADVANCED_FACE('',(#7536),#2308,.T.);
#8052=ADVANCED_FACE('',(#7537,#7538,#7539,#7540,#7541,#7542),#2309,.T.);
#8053=ADVANCED_FACE('',(#7543),#2310,.T.);
#8054=ADVANCED_FACE('',(#7544),#7850,.T.);
#8055=ADVANCED_FACE('',(#7545),#7851,.T.);
#8056=ADVANCED_FACE('',(#7546),#7852,.T.);
#8057=ADVANCED_FACE('',(#7547),#2311,.T.);
#8058=ADVANCED_FACE('',(#7548),#7853,.T.);
#8059=ADVANCED_FACE('',(#7549),#2312,.T.);
#8060=ADVANCED_FACE('',(#7550),#7854,.T.);
#8061=ADVANCED_FACE('',(#7551),#2313,.T.);
#8062=ADVANCED_FACE('',(#7552,#7553,#7554,#7555),#2314,.T.);
#8063=ADVANCED_FACE('',(#7556),#2315,.T.);
#8064=ADVANCED_FACE('',(#7557),#2316,.T.);
#8065=ADVANCED_FACE('',(#7558),#7855,.F.);
#8066=ADVANCED_FACE('',(#7559),#2317,.T.);
#8067=ADVANCED_FACE('',(#7560),#7856,.F.);
#8068=ADVANCED_FACE('',(#7561),#2318,.T.);
#8069=ADVANCED_FACE('',(#7562),#7857,.F.);
#8070=ADVANCED_FACE('',(#7563),#2319,.T.);
#8071=ADVANCED_FACE('',(#7564),#2320,.T.);
#8072=ADVANCED_FACE('',(#7565),#7858,.F.);
#8073=ADVANCED_FACE('',(#7566),#2321,.T.);
#8074=ADVANCED_FACE('',(#7567),#7859,.T.);
#8075=ADVANCED_FACE('',(#7568),#2322,.T.);
#8076=ADVANCED_FACE('',(#7569),#2323,.T.);
#8077=ADVANCED_FACE('',(#7570),#2324,.T.);
#8078=ADVANCED_FACE('',(#7571),#2325,.T.);
#8079=ADVANCED_FACE('',(#7572),#2326,.T.);
#8080=ADVANCED_FACE('',(#7573),#2327,.T.);
#8081=ADVANCED_FACE('',(#7574),#2328,.T.);
#8082=ADVANCED_FACE('',(#7575),#2329,.T.);
#8083=ADVANCED_FACE('',(#7576),#2330,.T.);
#8084=ADVANCED_FACE('',(#7577),#2331,.T.);
#8085=ADVANCED_FACE('',(#7578),#2332,.T.);
#8086=ADVANCED_FACE('',(#7579),#2333,.T.);
#8087=ADVANCED_FACE('',(#7580),#2334,.T.);
#8088=ADVANCED_FACE('',(#7581),#2335,.T.);
#8089=ADVANCED_FACE('',(#7582),#2336,.T.);
#8090=ADVANCED_FACE('',(#7583),#2337,.T.);
#8091=ADVANCED_FACE('',(#7584),#2338,.T.);
#8092=ADVANCED_FACE('',(#7585),#2339,.T.);
#8093=ADVANCED_FACE('',(#7586),#2340,.T.);
#8094=ADVANCED_FACE('',(#7587),#2341,.T.);
#8095=ADVANCED_FACE('',(#7588),#2342,.T.);
#8096=ADVANCED_FACE('',(#7589),#2343,.T.);
#8097=ADVANCED_FACE('',(#7590),#2344,.T.);
#8098=ADVANCED_FACE('',(#7591),#2345,.T.);
#8099=ADVANCED_FACE('',(#7592),#2346,.T.);
#8100=ADVANCED_FACE('',(#7593),#2347,.T.);
#8101=ADVANCED_FACE('',(#7594),#2348,.T.);
#8102=ADVANCED_FACE('',(#7595),#2349,.T.);
#8103=ADVANCED_FACE('',(#7596),#2350,.T.);
#8104=ADVANCED_FACE('',(#7597),#2351,.T.);
#8105=ADVANCED_FACE('',(#7598),#2352,.T.);
#8106=ADVANCED_FACE('',(#7599),#2353,.T.);
#8107=ADVANCED_FACE('',(#7600),#2354,.T.);
#8108=ADVANCED_FACE('',(#7601),#2355,.T.);
#8109=ADVANCED_FACE('',(#7602),#2356,.T.);
#8110=ADVANCED_FACE('',(#7603),#2357,.T.);
#8111=ADVANCED_FACE('',(#7604),#2358,.T.);
#8112=ADVANCED_FACE('',(#7605),#2359,.T.);
#8113=ADVANCED_FACE('',(#7606),#2360,.T.);
#8114=ADVANCED_FACE('',(#7607),#2361,.T.);
#8115=ADVANCED_FACE('',(#7608),#2362,.T.);
#8116=ADVANCED_FACE('',(#7609),#2363,.T.);
#8117=ADVANCED_FACE('',(#7610),#2364,.T.);
#8118=ADVANCED_FACE('',(#7611),#2365,.T.);
#8119=ADVANCED_FACE('',(#7612),#2366,.T.);
#8120=ADVANCED_FACE('',(#7613),#2367,.T.);
#8121=ADVANCED_FACE('',(#7614),#2368,.T.);
#8122=ADVANCED_FACE('',(#7615),#2369,.T.);
#8123=ADVANCED_FACE('',(#7616),#2370,.T.);
#8124=ADVANCED_FACE('',(#7617),#2371,.T.);
#8125=ADVANCED_FACE('',(#7618),#2372,.T.);
#8126=ADVANCED_FACE('',(#7619),#2373,.T.);
#8127=ADVANCED_FACE('',(#7620),#2374,.T.);
#8128=ADVANCED_FACE('',(#7621),#2375,.T.);
#8129=ADVANCED_FACE('',(#7622),#2376,.T.);
#8130=ADVANCED_FACE('',(#7623),#2377,.T.);
#8131=ADVANCED_FACE('',(#7624),#2378,.T.);
#8132=ADVANCED_FACE('',(#7625),#2379,.T.);
#8133=ADVANCED_FACE('',(#7626),#2380,.T.);
#8134=ADVANCED_FACE('',(#7627),#2381,.T.);
#8135=ADVANCED_FACE('',(#7628),#2382,.T.);
#8136=ADVANCED_FACE('',(#7629),#2383,.T.);
#8137=ADVANCED_FACE('',(#7630),#2384,.T.);
#8138=ADVANCED_FACE('',(#7631),#2385,.T.);
#8139=ADVANCED_FACE('',(#7632),#2386,.T.);
#8140=ADVANCED_FACE('',(#7633),#2387,.T.);
#8141=ADVANCED_FACE('',(#7634),#2388,.T.);
#8142=ADVANCED_FACE('',(#7635),#2389,.T.);
#8143=ADVANCED_FACE('',(#7636),#2390,.T.);
#8144=ADVANCED_FACE('',(#7637),#2391,.T.);
#8145=ADVANCED_FACE('',(#7638),#2392,.T.);
#8146=ADVANCED_FACE('',(#7639),#2393,.T.);
#8147=ADVANCED_FACE('',(#7640),#2394,.T.);
#8148=ADVANCED_FACE('',(#7641),#2395,.T.);
#8149=ADVANCED_FACE('',(#7642),#2396,.T.);
#8150=ADVANCED_FACE('',(#7643),#2397,.T.);
#8151=ADVANCED_FACE('',(#7644),#2398,.T.);
#8152=ADVANCED_FACE('',(#7645),#2399,.T.);
#8153=ADVANCED_FACE('',(#7646),#2400,.T.);
#8154=ADVANCED_FACE('',(#7647),#2401,.T.);
#8155=ADVANCED_FACE('',(#7648),#2402,.T.);
#8156=ADVANCED_FACE('',(#7649),#2403,.T.);
#8157=ADVANCED_FACE('',(#7650),#2404,.T.);
#8158=ADVANCED_FACE('',(#7651),#2405,.T.);
#8159=ADVANCED_FACE('',(#7652),#2406,.T.);
#8160=ADVANCED_FACE('',(#7653),#2407,.T.);
#8161=ADVANCED_FACE('',(#7654),#2408,.T.);
#8162=ADVANCED_FACE('',(#7655),#2409,.T.);
#8163=ADVANCED_FACE('',(#7656),#2410,.T.);
#8164=ADVANCED_FACE('',(#7657),#2411,.T.);
#8165=ADVANCED_FACE('',(#7658),#2412,.T.);
#8166=ADVANCED_FACE('',(#7659),#2413,.T.);
#8167=ADVANCED_FACE('',(#7660),#2414,.T.);
#8168=ADVANCED_FACE('',(#7661),#2415,.T.);
#8169=ADVANCED_FACE('',(#7662),#2416,.T.);
#8170=ADVANCED_FACE('',(#7663),#2417,.T.);
#8171=ADVANCED_FACE('',(#7664),#2418,.T.);
#8172=ADVANCED_FACE('',(#7665),#2419,.T.);
#8173=ADVANCED_FACE('',(#7666),#2420,.T.);
#8174=ADVANCED_FACE('',(#7667),#2421,.T.);
#8175=ADVANCED_FACE('',(#7668),#2422,.T.);
#8176=ADVANCED_FACE('',(#7669),#2423,.T.);
#8177=ADVANCED_FACE('',(#7670),#2424,.T.);
#8178=ADVANCED_FACE('',(#7671),#2425,.T.);
#8179=ADVANCED_FACE('',(#7672),#2426,.T.);
#8180=ADVANCED_FACE('',(#7673),#2427,.T.);
#8181=ADVANCED_FACE('',(#7674),#2428,.T.);
#8182=ADVANCED_FACE('',(#7675),#2429,.T.);
#8183=ADVANCED_FACE('',(#7676),#2430,.T.);
#8184=ADVANCED_FACE('',(#7677),#2431,.T.);
#8185=ADVANCED_FACE('',(#7678),#2432,.T.);
#8186=ADVANCED_FACE('',(#7679),#2433,.T.);
#8187=ADVANCED_FACE('',(#7680),#2434,.T.);
#8188=ADVANCED_FACE('',(#7681),#2435,.T.);
#8189=ADVANCED_FACE('',(#7682),#2436,.T.);
#8190=ADVANCED_FACE('',(#7683),#2437,.T.);
#8191=ADVANCED_FACE('',(#7684),#2438,.T.);
#8192=ADVANCED_FACE('',(#7685),#2439,.T.);
#8193=ADVANCED_FACE('',(#7686),#2440,.T.);
#8194=ADVANCED_FACE('',(#7687),#2441,.T.);
#8195=ADVANCED_FACE('',(#7688),#2442,.T.);
#8196=ADVANCED_FACE('',(#7689),#2443,.T.);
#8197=ADVANCED_FACE('',(#7690),#2444,.T.);
#8198=ADVANCED_FACE('',(#7691),#2445,.T.);
#8199=ADVANCED_FACE('',(#7692),#2446,.T.);
#8200=ADVANCED_FACE('',(#7693),#2447,.T.);
#8201=ADVANCED_FACE('',(#7694),#2448,.T.);
#8202=ADVANCED_FACE('',(#7695),#2449,.T.);
#8203=ADVANCED_FACE('',(#7696),#2450,.T.);
#8204=ADVANCED_FACE('',(#7697),#2451,.T.);
#8205=ADVANCED_FACE('',(#7698),#2452,.T.);
#8206=ADVANCED_FACE('',(#7699),#2453,.T.);
#8207=ADVANCED_FACE('',(#7700),#2454,.T.);
#8208=ADVANCED_FACE('',(#7701),#2455,.T.);
#8209=ADVANCED_FACE('',(#7702),#2456,.T.);
#8210=ADVANCED_FACE('',(#7703),#2457,.T.);
#8211=ADVANCED_FACE('',(#7704),#2458,.T.);
#8212=ADVANCED_FACE('',(#7705),#2459,.T.);
#8213=ADVANCED_FACE('',(#7706),#2460,.T.);
#8214=ADVANCED_FACE('',(#7707),#2461,.T.);
#8215=ADVANCED_FACE('',(#7708),#2462,.T.);
#8216=ADVANCED_FACE('',(#7709),#2463,.T.);
#8217=ADVANCED_FACE('',(#7710),#2464,.T.);
#8218=ADVANCED_FACE('',(#7711),#2465,.T.);
#8219=ADVANCED_FACE('',(#7712),#2466,.T.);
#8220=ADVANCED_FACE('',(#7713),#2467,.T.);
#8221=ADVANCED_FACE('',(#7714),#2468,.T.);
#8222=ADVANCED_FACE('',(#7715),#2469,.T.);
#8223=ADVANCED_FACE('',(#7716),#2470,.T.);
#8224=ADVANCED_FACE('',(#7717),#2471,.T.);
#8225=ADVANCED_FACE('',(#7718),#2472,.T.);
#8226=ADVANCED_FACE('',(#7719),#2473,.T.);
#8227=ADVANCED_FACE('',(#7720),#2474,.T.);
#8228=ADVANCED_FACE('',(#7721),#2475,.T.);
#8229=ADVANCED_FACE('',(#7722),#2476,.T.);
#8230=ADVANCED_FACE('',(#7723),#2477,.T.);
#8231=ADVANCED_FACE('',(#7724),#2478,.T.);
#8232=ADVANCED_FACE('',(#7725),#2479,.T.);
#8233=ADVANCED_FACE('',(#7726),#2480,.T.);
#8234=ADVANCED_FACE('',(#7727),#2481,.T.);
#8235=ADVANCED_FACE('',(#7728),#2482,.T.);
#8236=ADVANCED_FACE('',(#7729),#2483,.T.);
#8237=ADVANCED_FACE('',(#7730),#2484,.T.);
#8238=ADVANCED_FACE('',(#7731),#2485,.T.);
#8239=ADVANCED_FACE('',(#7732),#2486,.T.);
#8240=ADVANCED_FACE('',(#7733),#2487,.T.);
#8241=ADVANCED_FACE('',(#7734),#2488,.T.);
#8242=ADVANCED_FACE('',(#7735),#2489,.T.);
#8243=ADVANCED_FACE('',(#7736),#2490,.T.);
#8244=ADVANCED_FACE('',(#7737),#2491,.T.);
#8245=ADVANCED_FACE('',(#7738),#2492,.T.);
#8246=ADVANCED_FACE('',(#7739),#2493,.T.);
#8247=ADVANCED_FACE('',(#7740),#2494,.T.);
#8248=ADVANCED_FACE('',(#7741),#2495,.T.);
#8249=ADVANCED_FACE('',(#7742),#2496,.T.);
#8250=ADVANCED_FACE('',(#7743),#2497,.T.);
#8251=ADVANCED_FACE('',(#7744),#2498,.T.);
#8252=ADVANCED_FACE('',(#7745),#2499,.T.);
#8253=ADVANCED_FACE('',(#7746),#2500,.T.);
#8254=ADVANCED_FACE('',(#7747),#2501,.T.);
#8255=ADVANCED_FACE('',(#7748),#2502,.T.);
#8256=ADVANCED_FACE('',(#7749),#2503,.T.);
#8257=ADVANCED_FACE('',(#7750),#2504,.T.);
#8258=ADVANCED_FACE('',(#7751),#2505,.T.);
#8259=ADVANCED_FACE('',(#7752),#2506,.T.);
#8260=ADVANCED_FACE('',(#7753),#2507,.T.);
#8261=ADVANCED_FACE('',(#7754),#2508,.T.);
#8262=ADVANCED_FACE('',(#7755),#2509,.T.);
#8263=ADVANCED_FACE('',(#7756),#2510,.T.);
#8264=ADVANCED_FACE('',(#7757),#2511,.T.);
#8265=ADVANCED_FACE('',(#7758),#2512,.T.);
#8266=ADVANCED_FACE('',(#7759,#7760),#2513,.T.);
#8267=ADVANCED_FACE('',(#7761,#7762),#2514,.T.);
#8268=ADVANCED_FACE('',(#7763),#2515,.T.);
#8269=ADVANCED_FACE('',(#7764),#2516,.T.);
#8270=ADVANCED_FACE('',(#7765),#2517,.T.);
#8271=ADVANCED_FACE('',(#7766),#2518,.T.);
#8272=ADVANCED_FACE('',(#7767),#2519,.T.);
#8273=ADVANCED_FACE('',(#7768),#2520,.T.);
#8274=ADVANCED_FACE('',(#7769),#2521,.T.);
#8275=ADVANCED_FACE('',(#7770),#2522,.T.);
#8276=ADVANCED_FACE('',(#7771),#2523,.T.);
#8277=ADVANCED_FACE('',(#7772),#2524,.T.);
#8278=ADVANCED_FACE('',(#7773),#2525,.T.);
#8279=ADVANCED_FACE('',(#7774),#2526,.T.);
#8280=ADVANCED_FACE('',(#7775),#2527,.T.);
#8281=ADVANCED_FACE('',(#7776),#2528,.T.);
#8282=ADVANCED_FACE('',(#7777),#2529,.T.);
#8283=ADVANCED_FACE('',(#7778),#2530,.T.);
#8284=ADVANCED_FACE('',(#7779),#2531,.T.);
#8285=ADVANCED_FACE('',(#7780),#2532,.T.);
#8286=ADVANCED_FACE('',(#7781),#2533,.T.);
#8287=ADVANCED_FACE('',(#7782),#2534,.T.);
#8288=ADVANCED_FACE('',(#7783,#7784),#7860,.T.);
#8289=ADVANCED_FACE('',(#7785),#2535,.T.);
#8290=ADVANCED_FACE('',(#7786),#2536,.T.);
#8291=ADVANCED_FACE('',(#7787,#7788),#7861,.T.);
#8292=ADVANCED_FACE('',(#7789),#2537,.T.);
#8293=ADVANCED_FACE('',(#7790),#2538,.T.);
#8294=ADVANCED_FACE('',(#7791,#7792),#7862,.T.);
#8295=ADVANCED_FACE('',(#7793),#2539,.T.);
#8296=ADVANCED_FACE('',(#7794),#2540,.T.);
#8297=ADVANCED_FACE('',(#7795,#7796),#7863,.T.);
#8298=ADVANCED_FACE('',(#7797),#2541,.T.);
#8299=ADVANCED_FACE('',(#7798),#2542,.T.);
#8300=ADVANCED_FACE('',(#7799,#7800),#7864,.T.);
#8301=ADVANCED_FACE('',(#7801),#2543,.T.);
#8302=ADVANCED_FACE('',(#7802),#2544,.T.);
#8303=ADVANCED_FACE('',(#7803,#7804),#7865,.T.);
#8304=ADVANCED_FACE('',(#7805),#2545,.T.);
#8305=ADVANCED_FACE('',(#7806),#2546,.T.);
#8306=ADVANCED_FACE('',(#7807,#7808),#7866,.T.);
#8307=ADVANCED_FACE('',(#7809),#2547,.T.);
#8308=ADVANCED_FACE('',(#7810),#2548,.T.);
#8309=ADVANCED_FACE('',(#7811),#7867,.T.);
#8310=CLOSED_SHELL('',(#7868,#7869,#7870,#7871,#7872,#7873,#7874,#7875,
#7876,#7877,#7878,#7879,#7880,#7881,#7882,#7883,#7884,#7885,#7886));
#8311=CLOSED_SHELL('',(#7887,#7888,#7889,#7890,#7891,#7892,#7893,#7894,
#7895,#7896));
#8312=CLOSED_SHELL('',(#7897,#7898,#7899,#7900,#7901,#7902,#7903));
#8313=CLOSED_SHELL('',(#7904,#7905,#7906,#7907,#7908,#7909,#7910,#7911,
#7912,#7913,#7914,#7915,#7916,#7917,#7918,#7919,#7920,#7921,#7922,#7923,
#7924,#7925,#7926,#7927,#7928,#7929,#7930,#7931,#7932,#7933,#7934,#7935,
#7936,#7937,#7938,#7939,#7940,#7941,#7942,#7943,#7944,#7945,#7946,#7947,
#7948,#7949,#7950,#7951,#7952,#7953,#7954,#7955,#7956,#7957,#7958,#7959,
#7960,#7961,#7962,#7963,#7964,#7965,#7966,#7967,#7968,#7969,#7970,#7971,
#7972,#7973,#7974,#7975,#7976,#7977,#7978,#7979,#7980,#7981,#7982,#7983,
#7984,#7985,#7986,#7987,#7988,#7989,#7990,#7991,#7992,#7993,#7994,#7995,
#7996,#7997,#7998,#7999,#8000,#8001,#8002,#8003,#8004,#8005,#8006,#8007,
#8008,#8009,#8010,#8011,#8012,#8013,#8014,#8015,#8016,#8017,#8018,#8019,
#8020,#8021,#8022,#8023,#8024,#8025,#8026,#8027,#8028,#8029,#8030,#8031,
#8032,#8033,#8034,#8035,#8036,#8037,#8038,#8039,#8040,#8041,#8042,#8043,
#8044,#8045,#8046,#8047,#8048,#8049,#8050,#8051,#8052,#8053,#8054,#8055,
#8056,#8057,#8058,#8059,#8060,#8061,#8062,#8063));
#8314=CLOSED_SHELL('',(#8064,#8065,#8066,#8067,#8068,#8069,#8070,#8071));
#8315=CLOSED_SHELL('',(#8072,#8073,#8074,#8075,#8076,#8077));
#8316=CLOSED_SHELL('',(#8078,#8079,#8080,#8081,#8082,#8083,#8084,#8085,
#8086,#8087,#8088,#8089,#8090,#8091,#8092,#8093,#8094,#8095,#8096,#8097,
#8098,#8099,#8100,#8101,#8102,#8103,#8104,#8105,#8106,#8107,#8108,#8109,
#8110,#8111,#8112,#8113,#8114,#8115,#8116,#8117,#8118,#8119,#8120,#8121,
#8122,#8123,#8124,#8125,#8126,#8127,#8128,#8129,#8130,#8131,#8132,#8133,
#8134,#8135,#8136));
#8317=CLOSED_SHELL('',(#8137,#8138,#8139,#8140,#8141,#8142,#8143,#8144,
#8145,#8146,#8147,#8148,#8149,#8150,#8151,#8152,#8153,#8154,#8155,#8156,
#8157,#8158,#8159,#8160,#8161,#8162,#8163,#8164,#8165,#8166));
#8318=CLOSED_SHELL('',(#8167,#8168,#8169,#8170,#8171,#8172,#8173,#8174,
#8175));
#8319=CLOSED_SHELL('',(#8176,#8177,#8178,#8179,#8180,#8181,#8182,#8183,
#8184,#8185,#8186,#8187));
#8320=CLOSED_SHELL('',(#8188,#8189,#8190,#8191,#8192,#8193,#8194,#8195,
#8196,#8197,#8198,#8199,#8200,#8201));
#8321=CLOSED_SHELL('',(#8202,#8203,#8204,#8205,#8206,#8207,#8208,#8209,
#8210,#8211,#8212,#8213,#8214,#8215,#8216,#8217,#8218,#8219,#8220,#8221,
#8222,#8223,#8224,#8225,#8226,#8227,#8228,#8229));
#8322=CLOSED_SHELL('',(#8230,#8231,#8232,#8233,#8234,#8235,#8236,#8237,
#8238,#8239));
#8323=CLOSED_SHELL('',(#8240,#8241,#8242,#8243,#8244,#8245,#8246,#8247,
#8248,#8249,#8250,#8251,#8252,#8253,#8254,#8255,#8256,#8257,#8258,#8259,
#8260,#8261,#8262,#8263,#8264,#8265,#8266,#8267));
#8324=CLOSED_SHELL('',(#8268,#8269,#8270,#8271,#8272,#8273));
#8325=CLOSED_SHELL('',(#8274,#8275,#8276,#8277,#8278,#8279,#8280,#8281,
#8282,#8283,#8284,#8285,#8286,#8287));
#8326=CLOSED_SHELL('',(#8288,#8289,#8290));
#8327=CLOSED_SHELL('',(#8291,#8292,#8293));
#8328=CLOSED_SHELL('',(#8294,#8295,#8296));
#8329=CLOSED_SHELL('',(#8297,#8298,#8299));
#8330=CLOSED_SHELL('',(#8300,#8301,#8302));
#8331=CLOSED_SHELL('',(#8303,#8304,#8305));
#8332=CLOSED_SHELL('',(#8306,#8307,#8308));
#8333=STYLED_ITEM('',(#8369),#8531);
#8334=STYLED_ITEM('',(#8370),#8532);
#8335=STYLED_ITEM('',(#8371),#8533);
#8336=STYLED_ITEM('',(#8372),#8534);
#8337=STYLED_ITEM('',(#8373),#8535);
#8338=STYLED_ITEM('',(#8374),#8536);
#8339=STYLED_ITEM('',(#8375),#8537);
#8340=STYLED_ITEM('',(#8376),#8538);
#8341=STYLED_ITEM('',(#8377),#8539);
#8342=STYLED_ITEM('',(#8378),#8540);
#8343=STYLED_ITEM('',(#8379),#8541);
#8344=STYLED_ITEM('',(#8380),#8542);
#8345=STYLED_ITEM('',(#8381),#8543);
#8346=STYLED_ITEM('',(#8382),#8544);
#8347=STYLED_ITEM('',(#8383),#8545);
#8348=STYLED_ITEM('',(#8384),#8546);
#8349=STYLED_ITEM('',(#8385),#8547);
#8350=STYLED_ITEM('',(#8386),#8548);
#8351=STYLED_ITEM('',(#8387),#8549);
#8352=STYLED_ITEM('',(#8388),#8550);
#8353=STYLED_ITEM('',(#8389),#8551);
#8354=STYLED_ITEM('',(#8390),#8552);
#8355=STYLED_ITEM('',(#8391),#8553);
#8356=STYLED_ITEM('',(#8392),#44);
#8357=STYLED_ITEM('',(#8393),#44);
#8358=STYLED_ITEM('',(#8394),#45);
#8359=STYLED_ITEM('',(#8395),#45);
#8360=STYLED_ITEM('',(#8396),#46);
#8361=STYLED_ITEM('',(#8397),#46);
#8362=STYLED_ITEM('',(#8398),#47);
#8363=STYLED_ITEM('',(#8399),#47);
#8364=STYLED_ITEM('',(#8400),#48);
#8365=STYLED_ITEM('',(#8401),#48);
#8366=STYLED_ITEM('',(#8402),#49);
#8367=STYLED_ITEM('',(#8403),#49);
#8368=STYLED_ITEM('',(#8404),#12);
#8369=PRESENTATION_STYLE_ASSIGNMENT((#8405));
#8370=PRESENTATION_STYLE_ASSIGNMENT((#8406));
#8371=PRESENTATION_STYLE_ASSIGNMENT((#8407));
#8372=PRESENTATION_STYLE_ASSIGNMENT((#8408));
#8373=PRESENTATION_STYLE_ASSIGNMENT((#8409));
#8374=PRESENTATION_STYLE_ASSIGNMENT((#8410));
#8375=PRESENTATION_STYLE_ASSIGNMENT((#8411));
#8376=PRESENTATION_STYLE_ASSIGNMENT((#8412));
#8377=PRESENTATION_STYLE_ASSIGNMENT((#8413));
#8378=PRESENTATION_STYLE_ASSIGNMENT((#8414));
#8379=PRESENTATION_STYLE_ASSIGNMENT((#8415));
#8380=PRESENTATION_STYLE_ASSIGNMENT((#8416));
#8381=PRESENTATION_STYLE_ASSIGNMENT((#8417));
#8382=PRESENTATION_STYLE_ASSIGNMENT((#8418));
#8383=PRESENTATION_STYLE_ASSIGNMENT((#8419));
#8384=PRESENTATION_STYLE_ASSIGNMENT((#8420));
#8385=PRESENTATION_STYLE_ASSIGNMENT((#8421));
#8386=PRESENTATION_STYLE_ASSIGNMENT((#8422));
#8387=PRESENTATION_STYLE_ASSIGNMENT((#8423));
#8388=PRESENTATION_STYLE_ASSIGNMENT((#8424));
#8389=PRESENTATION_STYLE_ASSIGNMENT((#8425));
#8390=PRESENTATION_STYLE_ASSIGNMENT((#8426));
#8391=PRESENTATION_STYLE_ASSIGNMENT((#8427));
#8392=PRESENTATION_STYLE_ASSIGNMENT((#20));
#8393=PRESENTATION_STYLE_ASSIGNMENT((#21));
#8394=PRESENTATION_STYLE_ASSIGNMENT((#22));
#8395=PRESENTATION_STYLE_ASSIGNMENT((#23));
#8396=PRESENTATION_STYLE_ASSIGNMENT((#24));
#8397=PRESENTATION_STYLE_ASSIGNMENT((#25));
#8398=PRESENTATION_STYLE_ASSIGNMENT((#26));
#8399=PRESENTATION_STYLE_ASSIGNMENT((#27));
#8400=PRESENTATION_STYLE_ASSIGNMENT((#28));
#8401=PRESENTATION_STYLE_ASSIGNMENT((#29));
#8402=PRESENTATION_STYLE_ASSIGNMENT((#30));
#8403=PRESENTATION_STYLE_ASSIGNMENT((#31));
#8404=PRESENTATION_STYLE_ASSIGNMENT((#8428));
#8405=SURFACE_STYLE_USAGE(.BOTH.,#8429);
#8406=SURFACE_STYLE_USAGE(.BOTH.,#8430);
#8407=SURFACE_STYLE_USAGE(.BOTH.,#8431);
#8408=SURFACE_STYLE_USAGE(.BOTH.,#8432);
#8409=SURFACE_STYLE_USAGE(.BOTH.,#8433);
#8410=SURFACE_STYLE_USAGE(.BOTH.,#8434);
#8411=SURFACE_STYLE_USAGE(.BOTH.,#8435);
#8412=SURFACE_STYLE_USAGE(.BOTH.,#8436);
#8413=SURFACE_STYLE_USAGE(.BOTH.,#8437);
#8414=SURFACE_STYLE_USAGE(.BOTH.,#8438);
#8415=SURFACE_STYLE_USAGE(.BOTH.,#8439);
#8416=SURFACE_STYLE_USAGE(.BOTH.,#8440);
#8417=SURFACE_STYLE_USAGE(.BOTH.,#8441);
#8418=SURFACE_STYLE_USAGE(.BOTH.,#8442);
#8419=SURFACE_STYLE_USAGE(.BOTH.,#8443);
#8420=SURFACE_STYLE_USAGE(.BOTH.,#8444);
#8421=SURFACE_STYLE_USAGE(.BOTH.,#8445);
#8422=SURFACE_STYLE_USAGE(.BOTH.,#8446);
#8423=SURFACE_STYLE_USAGE(.BOTH.,#8447);
#8424=SURFACE_STYLE_USAGE(.BOTH.,#8448);
#8425=SURFACE_STYLE_USAGE(.BOTH.,#8449);
#8426=SURFACE_STYLE_USAGE(.BOTH.,#8450);
#8427=SURFACE_STYLE_USAGE(.BOTH.,#8451);
#8428=SURFACE_STYLE_USAGE(.BOTH.,#8452);
#8429=SURFACE_SIDE_STYLE('',(#8453));
#8430=SURFACE_SIDE_STYLE('',(#8454));
#8431=SURFACE_SIDE_STYLE('',(#8455));
#8432=SURFACE_SIDE_STYLE('',(#8456));
#8433=SURFACE_SIDE_STYLE('',(#8457));
#8434=SURFACE_SIDE_STYLE('',(#8458));
#8435=SURFACE_SIDE_STYLE('',(#8459));
#8436=SURFACE_SIDE_STYLE('',(#8460));
#8437=SURFACE_SIDE_STYLE('',(#8461));
#8438=SURFACE_SIDE_STYLE('',(#8462));
#8439=SURFACE_SIDE_STYLE('',(#8463));
#8440=SURFACE_SIDE_STYLE('',(#8464));
#8441=SURFACE_SIDE_STYLE('',(#8465));
#8442=SURFACE_SIDE_STYLE('',(#8466));
#8443=SURFACE_SIDE_STYLE('',(#8467));
#8444=SURFACE_SIDE_STYLE('',(#8468));
#8445=SURFACE_SIDE_STYLE('',(#8469));
#8446=SURFACE_SIDE_STYLE('',(#8470));
#8447=SURFACE_SIDE_STYLE('',(#8471));
#8448=SURFACE_SIDE_STYLE('',(#8472));
#8449=SURFACE_SIDE_STYLE('',(#8473));
#8450=SURFACE_SIDE_STYLE('',(#8474));
#8451=SURFACE_SIDE_STYLE('',(#8475));
#8452=SURFACE_SIDE_STYLE('',(#8476));
#8453=SURFACE_STYLE_FILL_AREA(#8477);
#8454=SURFACE_STYLE_FILL_AREA(#8478);
#8455=SURFACE_STYLE_FILL_AREA(#8479);
#8456=SURFACE_STYLE_FILL_AREA(#8480);
#8457=SURFACE_STYLE_FILL_AREA(#8481);
#8458=SURFACE_STYLE_FILL_AREA(#8482);
#8459=SURFACE_STYLE_FILL_AREA(#8483);
#8460=SURFACE_STYLE_FILL_AREA(#8484);
#8461=SURFACE_STYLE_FILL_AREA(#8485);
#8462=SURFACE_STYLE_FILL_AREA(#8486);
#8463=SURFACE_STYLE_FILL_AREA(#8487);
#8464=SURFACE_STYLE_FILL_AREA(#8488);
#8465=SURFACE_STYLE_FILL_AREA(#8489);
#8466=SURFACE_STYLE_FILL_AREA(#8490);
#8467=SURFACE_STYLE_FILL_AREA(#8491);
#8468=SURFACE_STYLE_FILL_AREA(#8492);
#8469=SURFACE_STYLE_FILL_AREA(#8493);
#8470=SURFACE_STYLE_FILL_AREA(#8494);
#8471=SURFACE_STYLE_FILL_AREA(#8495);
#8472=SURFACE_STYLE_FILL_AREA(#8496);
#8473=SURFACE_STYLE_FILL_AREA(#8497);
#8474=SURFACE_STYLE_FILL_AREA(#8498);
#8475=SURFACE_STYLE_FILL_AREA(#8499);
#8476=SURFACE_STYLE_FILL_AREA(#8500);
#8477=FILL_AREA_STYLE('',(#8501));
#8478=FILL_AREA_STYLE('',(#8502));
#8479=FILL_AREA_STYLE('',(#8503));
#8480=FILL_AREA_STYLE('',(#8504));
#8481=FILL_AREA_STYLE('',(#8505));
#8482=FILL_AREA_STYLE('',(#8506));
#8483=FILL_AREA_STYLE('',(#8507));
#8484=FILL_AREA_STYLE('',(#8508));
#8485=FILL_AREA_STYLE('',(#8509));
#8486=FILL_AREA_STYLE('',(#8510));
#8487=FILL_AREA_STYLE('',(#8511));
#8488=FILL_AREA_STYLE('',(#8512));
#8489=FILL_AREA_STYLE('',(#8513));
#8490=FILL_AREA_STYLE('',(#8514));
#8491=FILL_AREA_STYLE('',(#8515));
#8492=FILL_AREA_STYLE('',(#8516));
#8493=FILL_AREA_STYLE('',(#8517));
#8494=FILL_AREA_STYLE('',(#8518));
#8495=FILL_AREA_STYLE('',(#8519));
#8496=FILL_AREA_STYLE('',(#8520));
#8497=FILL_AREA_STYLE('',(#8521));
#8498=FILL_AREA_STYLE('',(#8522));
#8499=FILL_AREA_STYLE('',(#8523));
#8500=FILL_AREA_STYLE('',(#8524));
#8501=FILL_AREA_STYLE_COLOUR('',#8525);
#8502=FILL_AREA_STYLE_COLOUR('',#8525);
#8503=FILL_AREA_STYLE_COLOUR('',#8525);
#8504=FILL_AREA_STYLE_COLOUR('',#8526);
#8505=FILL_AREA_STYLE_COLOUR('',#8526);
#8506=FILL_AREA_STYLE_COLOUR('',#8526);
#8507=FILL_AREA_STYLE_COLOUR('',#8527);
#8508=FILL_AREA_STYLE_COLOUR('',#8527);
#8509=FILL_AREA_STYLE_COLOUR('',#8527);
#8510=FILL_AREA_STYLE_COLOUR('',#8527);
#8511=FILL_AREA_STYLE_COLOUR('',#8527);
#8512=FILL_AREA_STYLE_COLOUR('',#8527);
#8513=FILL_AREA_STYLE_COLOUR('',#8527);
#8514=FILL_AREA_STYLE_COLOUR('',#8527);
#8515=FILL_AREA_STYLE_COLOUR('',#8527);
#8516=FILL_AREA_STYLE_COLOUR('',#8527);
#8517=FILL_AREA_STYLE_COLOUR('',#8528);
#8518=FILL_AREA_STYLE_COLOUR('',#8528);
#8519=FILL_AREA_STYLE_COLOUR('',#8528);
#8520=FILL_AREA_STYLE_COLOUR('',#8528);
#8521=FILL_AREA_STYLE_COLOUR('',#8528);
#8522=FILL_AREA_STYLE_COLOUR('',#8528);
#8523=FILL_AREA_STYLE_COLOUR('',#8528);
#8524=FILL_AREA_STYLE_COLOUR('',#8525);
#8525=COLOUR_RGB('',0.329411764705883,0.329411764705883,0.329411764705883);
#8526=COLOUR_RGB('',0.76078431372549,0.807843137254902,0.83921568627451);
#8527=COLOUR_RGB('',0.596078431372549,0.596078431372549,0.596078431372549);
#8528=COLOUR_RGB('',0.650980392156863,0.650980392156863,0.325490196078431);
#8529=COLOUR_RGB('',0.596078455448151,0.596078455448151,0.596078455448151);
#8530=COLOUR_RGB('',0.329411774873733,0.329411774873733,0.329411774873733);
#8531=MANIFOLD_SOLID_BREP('Part 1',#8310);
#8532=MANIFOLD_SOLID_BREP('Part 2',#8311);
#8533=MANIFOLD_SOLID_BREP('Part 3',#8312);
#8534=MANIFOLD_SOLID_BREP('Part 4',#8313);
#8535=MANIFOLD_SOLID_BREP('Part 5',#8314);
#8536=MANIFOLD_SOLID_BREP('Part 6',#8315);
#8537=MANIFOLD_SOLID_BREP('Part 7',#8316);
#8538=MANIFOLD_SOLID_BREP('Part 8',#8317);
#8539=MANIFOLD_SOLID_BREP('Part 9',#8318);
#8540=MANIFOLD_SOLID_BREP('Part 10',#8319);
#8541=MANIFOLD_SOLID_BREP('Part 11',#8320);
#8542=MANIFOLD_SOLID_BREP('Part 12',#8321);
#8543=MANIFOLD_SOLID_BREP('Part 13',#8322);
#8544=MANIFOLD_SOLID_BREP('Part 14',#8323);
#8545=MANIFOLD_SOLID_BREP('Part 15',#8324);
#8546=MANIFOLD_SOLID_BREP('Part 16',#8325);
#8547=MANIFOLD_SOLID_BREP('Part 17',#8326);
#8548=MANIFOLD_SOLID_BREP('Part 18',#8327);
#8549=MANIFOLD_SOLID_BREP('Part 19',#8328);
#8550=MANIFOLD_SOLID_BREP('Part 20',#8329);
#8551=MANIFOLD_SOLID_BREP('Part 21',#8330);
#8552=MANIFOLD_SOLID_BREP('Part 22',#8331);
#8553=MANIFOLD_SOLID_BREP('Part 23',#8332);
#8554=SHAPE_DEFINITION_REPRESENTATION(#13988,#8584);
#8555=SHAPE_DEFINITION_REPRESENTATION(#13989,#8585);
#8556=SHAPE_DEFINITION_REPRESENTATION(#13990,#8586);
#8557=SHAPE_DEFINITION_REPRESENTATION(#13991,#8587);
#8558=SHAPE_DEFINITION_REPRESENTATION(#13992,#8588);
#8559=SHAPE_DEFINITION_REPRESENTATION(#13993,#8589);
#8560=SHAPE_DEFINITION_REPRESENTATION(#13994,#8590);
#8561=SHAPE_DEFINITION_REPRESENTATION(#13995,#8591);
#8562=SHAPE_DEFINITION_REPRESENTATION(#13996,#8592);
#8563=SHAPE_DEFINITION_REPRESENTATION(#13997,#8593);
#8564=SHAPE_DEFINITION_REPRESENTATION(#13998,#8594);
#8565=SHAPE_DEFINITION_REPRESENTATION(#13999,#8595);
#8566=SHAPE_DEFINITION_REPRESENTATION(#14000,#8596);
#8567=SHAPE_DEFINITION_REPRESENTATION(#14001,#8597);
#8568=SHAPE_DEFINITION_REPRESENTATION(#14002,#8598);
#8569=SHAPE_DEFINITION_REPRESENTATION(#14003,#8599);
#8570=SHAPE_DEFINITION_REPRESENTATION(#14004,#8600);
#8571=SHAPE_DEFINITION_REPRESENTATION(#14005,#8601);
#8572=SHAPE_DEFINITION_REPRESENTATION(#14006,#8602);
#8573=SHAPE_DEFINITION_REPRESENTATION(#14007,#8603);
#8574=SHAPE_DEFINITION_REPRESENTATION(#14008,#8604);
#8575=SHAPE_DEFINITION_REPRESENTATION(#14009,#8605);
#8576=SHAPE_DEFINITION_REPRESENTATION(#14010,#8606);
#8577=SHAPE_DEFINITION_REPRESENTATION(#14011,#8607);
#8578=SHAPE_DEFINITION_REPRESENTATION(#14012,#8608);
#8579=SHAPE_DEFINITION_REPRESENTATION(#14013,#8609);
#8580=SHAPE_DEFINITION_REPRESENTATION(#14014,#8610);
#8581=SHAPE_DEFINITION_REPRESENTATION(#14015,#8611);
#8582=SHAPE_DEFINITION_REPRESENTATION(#14016,#8612);
#8583=SHAPE_DEFINITION_REPRESENTATION(#14017,#8613);
#8584=SHAPE_REPRESENTATION('Part 1',(#8614),#13838);
#8585=SHAPE_REPRESENTATION('Part 2',(#8654),#13839);
#8586=SHAPE_REPRESENTATION('Part 3',(#8681),#13840);
#8587=SHAPE_REPRESENTATION('Part 4',(#8697),#13841);
#8588=SHAPE_REPRESENTATION('Part 5',(#8904),#13842);
#8589=SHAPE_REPRESENTATION('Part 6',(#8919),#13843);
#8590=SHAPE_REPRESENTATION('Part 7',(#8930),#13844);
#8591=SHAPE_REPRESENTATION('Part 8',(#8990),#13845);
#8592=SHAPE_REPRESENTATION('Part 9',(#9021),#13846);
#8593=SHAPE_REPRESENTATION('Part 10',(#9031),#13847);
#8594=SHAPE_REPRESENTATION('Part 11',(#9044),#13848);
#8595=SHAPE_REPRESENTATION('Part 12',(#9059),#13849);
#8596=SHAPE_REPRESENTATION('Part 13',(#9088),#13850);
#8597=SHAPE_REPRESENTATION('Part 14',(#9099),#13851);
#8598=SHAPE_REPRESENTATION('Part 15',(#9128),#13852);
#8599=SHAPE_REPRESENTATION('Part 16',(#9135),#13853);
#8600=SHAPE_REPRESENTATION('Part 17',(#9150),#13854);
#8601=SHAPE_REPRESENTATION('Part 18',(#9156),#13855);
#8602=SHAPE_REPRESENTATION('Part 19',(#9162),#13856);
#8603=SHAPE_REPRESENTATION('Part 20',(#9168),#13857);
#8604=SHAPE_REPRESENTATION('Part 21',(#9174),#13858);
#8605=SHAPE_REPRESENTATION('Part 22',(#9180),#13859);
#8606=SHAPE_REPRESENTATION('Part 23',(#9186),#13860);
#8607=SHAPE_REPRESENTATION('Curve 1',(#9192),#13861);
#8608=SHAPE_REPRESENTATION('Curve 2',(#9193),#13862);
#8609=SHAPE_REPRESENTATION('Curve 3',(#9194),#13863);
#8610=SHAPE_REPRESENTATION('Curve 4',(#9196),#13864);
#8611=SHAPE_REPRESENTATION('Curve 5',(#9198),#13865);
#8612=SHAPE_REPRESENTATION('Curve 6',(#9200),#13866);
#8613=SHAPE_REPRESENTATION('Surface 1',(#9202),#13867);
#8614=AXIS2_PLACEMENT_3D('',#11417,#9206,#9207);
#8615=AXIS2_PLACEMENT_3D('',#11418,#9208,#9209);
#8616=AXIS2_PLACEMENT_3D('',#11419,#9210,#9211);
#8617=AXIS2_PLACEMENT_3D('',#11421,#9212,#9213);
#8618=AXIS2_PLACEMENT_3D('',#11423,#9214,#9215);
#8619=AXIS2_PLACEMENT_3D('',#11424,#9216,#9217);
#8620=AXIS2_PLACEMENT_3D('',#11426,#9218,#9219);
#8621=AXIS2_PLACEMENT_3D('',#11428,#9220,#9221);
#8622=AXIS2_PLACEMENT_3D('',#11437,#9226,#9227);
#8623=AXIS2_PLACEMENT_3D('',#11438,#9228,#9229);
#8624=AXIS2_PLACEMENT_3D('',#11440,#9230,#9231);
#8625=AXIS2_PLACEMENT_3D('',#11443,#9233,#9234);
#8626=AXIS2_PLACEMENT_3D('',#11449,#9238,#9239);
#8627=AXIS2_PLACEMENT_3D('',#11450,#9240,#9241);
#8628=AXIS2_PLACEMENT_3D('',#11452,#9242,#9243);
#8629=AXIS2_PLACEMENT_3D('',#11455,#9245,#9246);
#8630=AXIS2_PLACEMENT_3D('',#11461,#9250,#9251);
#8631=AXIS2_PLACEMENT_3D('',#11462,#9252,#9253);
#8632=AXIS2_PLACEMENT_3D('',#11464,#9254,#9255);
#8633=AXIS2_PLACEMENT_3D('',#11467,#9257,#9258);
#8634=AXIS2_PLACEMENT_3D('',#11468,#9259,#9260);
#8635=AXIS2_PLACEMENT_3D('',#11470,#9261,#9262);
#8636=AXIS2_PLACEMENT_3D('',#11473,#9264,#9265);
#8637=AXIS2_PLACEMENT_3D('',#11479,#9269,#9270);
#8638=AXIS2_PLACEMENT_3D('',#11480,#9271,#9272);
#8639=AXIS2_PLACEMENT_3D('',#11482,#9273,#9274);
#8640=AXIS2_PLACEMENT_3D('',#11485,#9276,#9277);
#8641=AXIS2_PLACEMENT_3D('',#11491,#9281,#9282);
#8642=AXIS2_PLACEMENT_3D('',#11492,#9283,#9284);
#8643=AXIS2_PLACEMENT_3D('',#11494,#9285,#9286);
#8644=AXIS2_PLACEMENT_3D('',#11497,#9288,#9289);
#8645=AXIS2_PLACEMENT_3D('',#11503,#9293,#9294);
#8646=AXIS2_PLACEMENT_3D('',#11504,#9295,#9296);
#8647=AXIS2_PLACEMENT_3D('',#11506,#9297,#9298);
#8648=AXIS2_PLACEMENT_3D('',#11509,#9300,#9301);
#8649=AXIS2_PLACEMENT_3D('',#11510,#9302,#9303);
#8650=AXIS2_PLACEMENT_3D('',#11512,#9304,#9305);
#8651=AXIS2_PLACEMENT_3D('',#11515,#9307,#9308);
#8652=AXIS2_PLACEMENT_3D('',#11518,#9311,#9312);
#8653=AXIS2_PLACEMENT_3D('',#11519,#9313,#9314);
#8654=AXIS2_PLACEMENT_3D('',#11520,#9315,#9316);
#8655=AXIS2_PLACEMENT_3D('',#11521,#9317,#9318);
#8656=AXIS2_PLACEMENT_3D('',#11522,#9319,#9320);
#8657=AXIS2_PLACEMENT_3D('',#11527,#9322,#9323);
#8658=AXIS2_PLACEMENT_3D('',#11530,#9325,#9326);
#8659=AXIS2_PLACEMENT_3D('',#11531,#9327,#9328);
#8660=AXIS2_PLACEMENT_3D('',#11533,#9329,#9330);
#8661=AXIS2_PLACEMENT_3D('',#11536,#9332,#9333);
#8662=AXIS2_PLACEMENT_3D('',#11537,#9334,#9335);
#8663=AXIS2_PLACEMENT_3D('',#11539,#9336,#9337);
#8664=AXIS2_PLACEMENT_3D('',#11542,#9339,#9340);
#8665=AXIS2_PLACEMENT_3D('',#11543,#9341,#9342);
#8666=AXIS2_PLACEMENT_3D('',#11545,#9343,#9344);
#8667=AXIS2_PLACEMENT_3D('',#11548,#9346,#9347);
#8668=AXIS2_PLACEMENT_3D('',#11549,#9348,#9349);
#8669=AXIS2_PLACEMENT_3D('',#11553,#9351,#9352);
#8670=AXIS2_PLACEMENT_3D('',#11554,#9353,#9354);
#8671=AXIS2_PLACEMENT_3D('',#11555,#9355,#9356);
#8672=AXIS2_PLACEMENT_3D('',#11556,#9357,#9358);
#8673=AXIS2_PLACEMENT_3D('',#11557,#9359,#9360);
#8674=AXIS2_PLACEMENT_3D('',#11558,#9361,#9362);
#8675=AXIS2_PLACEMENT_3D('',#11563,#9364,#9365);
#8676=AXIS2_PLACEMENT_3D('',#11566,#9367,#9368);
#8677=AXIS2_PLACEMENT_3D('',#11567,#9369,#9370);
#8678=AXIS2_PLACEMENT_3D('',#11568,#9371,#9372);
#8679=AXIS2_PLACEMENT_3D('',#11569,#9373,#9374);
#8680=AXIS2_PLACEMENT_3D('',#11570,#9375,#9376);
#8681=AXIS2_PLACEMENT_3D('',#11571,#9377,#9378);
#8682=AXIS2_PLACEMENT_3D('',#11572,#9379,#9380);
#8683=AXIS2_PLACEMENT_3D('',#11573,#9381,#9382);
#8684=AXIS2_PLACEMENT_3D('',#11575,#9383,#9384);
#8685=AXIS2_PLACEMENT_3D('',#11577,#9385,#9386);
#8686=AXIS2_PLACEMENT_3D('',#11578,#9387,#9388);
#8687=AXIS2_PLACEMENT_3D('',#11579,#9389,#9390);
#8688=AXIS2_PLACEMENT_3D('',#11581,#9391,#9392);
#8689=AXIS2_PLACEMENT_3D('',#11583,#9393,#9394);
#8690=AXIS2_PLACEMENT_3D('',#11584,#9395,#9396);
#8691=AXIS2_PLACEMENT_3D('',#11585,#9397,#9398);
#8692=AXIS2_PLACEMENT_3D('',#11588,#9399,#9400);
#8693=AXIS2_PLACEMENT_3D('',#11589,#9401,#9402);
#8694=AXIS2_PLACEMENT_3D('',#11590,#9403,#9404);
#8695=AXIS2_PLACEMENT_3D('',#11593,#9405,#9406);
#8696=AXIS2_PLACEMENT_3D('',#11594,#9407,#9408);
#8697=AXIS2_PLACEMENT_3D('',#11595,#9409,#9410);
#8698=AXIS2_PLACEMENT_3D('',#11596,#9411,#9412);
#8699=AXIS2_PLACEMENT_3D('',#11597,#9413,#9414);
#8700=AXIS2_PLACEMENT_3D('',#11602,#9416,#9417);
#8701=AXIS2_PLACEMENT_3D('',#11605,#9419,#9420);
#8702=AXIS2_PLACEMENT_3D('',#11606,#9421,#9422);
#8703=AXIS2_PLACEMENT_3D('',#11608,#9423,#9424);
#8704=AXIS2_PLACEMENT_3D('',#11611,#9426,#9427);
#8705=AXIS2_PLACEMENT_3D('',#11612,#9428,#9429);
#8706=AXIS2_PLACEMENT_3D('',#11614,#9430,#9431);
#8707=AXIS2_PLACEMENT_3D('',#11617,#9433,#9434);
#8708=AXIS2_PLACEMENT_3D('',#11618,#9435,#9436);
#8709=AXIS2_PLACEMENT_3D('',#11620,#9437,#9438);
#8710=AXIS2_PLACEMENT_3D('',#11623,#9440,#9441);
#8711=AXIS2_PLACEMENT_3D('',#11629,#9445,#9446);
#8712=AXIS2_PLACEMENT_3D('',#11630,#9447,#9448);
#8713=AXIS2_PLACEMENT_3D('',#11632,#9449,#9450);
#8714=AXIS2_PLACEMENT_3D('',#11635,#9452,#9453);
#8715=AXIS2_PLACEMENT_3D('',#11641,#9457,#9458);
#8716=AXIS2_PLACEMENT_3D('',#11642,#9459,#9460);
#8717=AXIS2_PLACEMENT_3D('',#11643,#9461,#9462);
#8718=AXIS2_PLACEMENT_3D('',#11644,#9463,#9464);
#8719=AXIS2_PLACEMENT_3D('',#11645,#9465,#9466);
#8720=AXIS2_PLACEMENT_3D('',#11646,#9467,#9468);
#8721=AXIS2_PLACEMENT_3D('',#11648,#9469,#9470);
#8722=AXIS2_PLACEMENT_3D('',#11650,#9471,#9472);
#8723=AXIS2_PLACEMENT_3D('',#11651,#9473,#9474);
#8724=AXIS2_PLACEMENT_3D('',#11653,#9475,#9476);
#8725=AXIS2_PLACEMENT_3D('',#11655,#9477,#9478);
#8726=AXIS2_PLACEMENT_3D('',#11656,#9479,#9480);
#8727=AXIS2_PLACEMENT_3D('',#11665,#9485,#9486);
#8728=AXIS2_PLACEMENT_3D('',#11671,#9490,#9491);
#8729=AXIS2_PLACEMENT_3D('',#11677,#9495,#9496);
#8730=AXIS2_PLACEMENT_3D('',#11683,#9500,#9501);
#8731=AXIS2_PLACEMENT_3D('',#11689,#9505,#9506);
#8732=AXIS2_PLACEMENT_3D('',#11695,#9510,#9511);
#8733=AXIS2_PLACEMENT_3D('',#11701,#9515,#9516);
#8734=AXIS2_PLACEMENT_3D('',#11707,#9520,#9521);
#8735=AXIS2_PLACEMENT_3D('',#11713,#9525,#9526);
#8736=AXIS2_PLACEMENT_3D('',#11719,#9530,#9531);
#8737=AXIS2_PLACEMENT_3D('',#11725,#9535,#9536);
#8738=AXIS2_PLACEMENT_3D('',#11731,#9540,#9541);
#8739=AXIS2_PLACEMENT_3D('',#11737,#9545,#9546);
#8740=AXIS2_PLACEMENT_3D('',#11743,#9550,#9551);
#8741=AXIS2_PLACEMENT_3D('',#11749,#9555,#9556);
#8742=AXIS2_PLACEMENT_3D('',#11755,#9560,#9561);
#8743=AXIS2_PLACEMENT_3D('',#11761,#9565,#9566);
#8744=AXIS2_PLACEMENT_3D('',#11767,#9570,#9571);
#8745=AXIS2_PLACEMENT_3D('',#11773,#9575,#9576);
#8746=AXIS2_PLACEMENT_3D('',#11779,#9580,#9581);
#8747=AXIS2_PLACEMENT_3D('',#11785,#9585,#9586);
#8748=AXIS2_PLACEMENT_3D('',#11791,#9590,#9591);
#8749=AXIS2_PLACEMENT_3D('',#11797,#9595,#9596);
#8750=AXIS2_PLACEMENT_3D('',#11803,#9600,#9601);
#8751=AXIS2_PLACEMENT_3D('',#11809,#9605,#9606);
#8752=AXIS2_PLACEMENT_3D('',#11815,#9610,#9611);
#8753=AXIS2_PLACEMENT_3D('',#11821,#9615,#9616);
#8754=AXIS2_PLACEMENT_3D('',#11827,#9620,#9621);
#8755=AXIS2_PLACEMENT_3D('',#11833,#9625,#9626);
#8756=AXIS2_PLACEMENT_3D('',#11839,#9630,#9631);
#8757=AXIS2_PLACEMENT_3D('',#11845,#9635,#9636);
#8758=AXIS2_PLACEMENT_3D('',#11851,#9640,#9641);
#8759=AXIS2_PLACEMENT_3D('',#11857,#9645,#9646);
#8760=AXIS2_PLACEMENT_3D('',#11863,#9650,#9651);
#8761=AXIS2_PLACEMENT_3D('',#11869,#9655,#9656);
#8762=AXIS2_PLACEMENT_3D('',#11875,#9660,#9661);
#8763=AXIS2_PLACEMENT_3D('',#11881,#9665,#9666);
#8764=AXIS2_PLACEMENT_3D('',#11887,#9670,#9671);
#8765=AXIS2_PLACEMENT_3D('',#11893,#9675,#9676);
#8766=AXIS2_PLACEMENT_3D('',#11899,#9680,#9681);
#8767=AXIS2_PLACEMENT_3D('',#11905,#9685,#9686);
#8768=AXIS2_PLACEMENT_3D('',#11911,#9690,#9691);
#8769=AXIS2_PLACEMENT_3D('',#11917,#9695,#9696);
#8770=AXIS2_PLACEMENT_3D('',#11923,#9700,#9701);
#8771=AXIS2_PLACEMENT_3D('',#11929,#9705,#9706);
#8772=AXIS2_PLACEMENT_3D('',#11935,#9710,#9711);
#8773=AXIS2_PLACEMENT_3D('',#11941,#9715,#9716);
#8774=AXIS2_PLACEMENT_3D('',#11947,#9720,#9721);
#8775=AXIS2_PLACEMENT_3D('',#11953,#9725,#9726);
#8776=AXIS2_PLACEMENT_3D('',#11959,#9730,#9731);
#8777=AXIS2_PLACEMENT_3D('',#11965,#9735,#9736);
#8778=AXIS2_PLACEMENT_3D('',#11971,#9740,#9741);
#8779=AXIS2_PLACEMENT_3D('',#11977,#9745,#9746);
#8780=AXIS2_PLACEMENT_3D('',#11980,#9749,#9750);
#8781=AXIS2_PLACEMENT_3D('',#11981,#9751,#9752);
#8782=AXIS2_PLACEMENT_3D('',#11990,#9757,#9758);
#8783=AXIS2_PLACEMENT_3D('',#11996,#9762,#9763);
#8784=AXIS2_PLACEMENT_3D('',#12002,#9767,#9768);
#8785=AXIS2_PLACEMENT_3D('',#12008,#9772,#9773);
#8786=AXIS2_PLACEMENT_3D('',#12014,#9777,#9778);
#8787=AXIS2_PLACEMENT_3D('',#12023,#9783,#9784);
#8788=AXIS2_PLACEMENT_3D('',#12029,#9788,#9789);
#8789=AXIS2_PLACEMENT_3D('',#12035,#9793,#9794);
#8790=AXIS2_PLACEMENT_3D('',#12041,#9798,#9799);
#8791=AXIS2_PLACEMENT_3D('',#12047,#9803,#9804);
#8792=AXIS2_PLACEMENT_3D('',#12053,#9808,#9809);
#8793=AXIS2_PLACEMENT_3D('',#12059,#9813,#9814);
#8794=AXIS2_PLACEMENT_3D('',#12065,#9818,#9819);
#8795=AXIS2_PLACEMENT_3D('',#12071,#9823,#9824);
#8796=AXIS2_PLACEMENT_3D('',#12077,#9828,#9829);
#8797=AXIS2_PLACEMENT_3D('',#12083,#9833,#9834);
#8798=AXIS2_PLACEMENT_3D('',#12086,#9837,#9838);
#8799=AXIS2_PLACEMENT_3D('',#12092,#9842,#9843);
#8800=AXIS2_PLACEMENT_3D('',#12098,#9847,#9848);
#8801=AXIS2_PLACEMENT_3D('',#12104,#9852,#9853);
#8802=AXIS2_PLACEMENT_3D('',#12110,#9857,#9858);
#8803=AXIS2_PLACEMENT_3D('',#12116,#9862,#9863);
#8804=AXIS2_PLACEMENT_3D('',#12122,#9867,#9868);
#8805=AXIS2_PLACEMENT_3D('',#12125,#9871,#9872);
#8806=AXIS2_PLACEMENT_3D('',#12126,#9873,#9874);
#8807=AXIS2_PLACEMENT_3D('',#12135,#9879,#9880);
#8808=AXIS2_PLACEMENT_3D('',#12141,#9884,#9885);
#8809=AXIS2_PLACEMENT_3D('',#12147,#9889,#9890);
#8810=AXIS2_PLACEMENT_3D('',#12153,#9894,#9895);
#8811=AXIS2_PLACEMENT_3D('',#12159,#9899,#9900);
#8812=AXIS2_PLACEMENT_3D('',#12165,#9904,#9905);
#8813=AXIS2_PLACEMENT_3D('',#12171,#9909,#9910);
#8814=AXIS2_PLACEMENT_3D('',#12177,#9914,#9915);
#8815=AXIS2_PLACEMENT_3D('',#12183,#9919,#9920);
#8816=AXIS2_PLACEMENT_3D('',#12189,#9924,#9925);
#8817=AXIS2_PLACEMENT_3D('',#12195,#9929,#9930);
#8818=AXIS2_PLACEMENT_3D('',#12201,#9934,#9935);
#8819=AXIS2_PLACEMENT_3D('',#12207,#9939,#9940);
#8820=AXIS2_PLACEMENT_3D('',#12213,#9944,#9945);
#8821=AXIS2_PLACEMENT_3D('',#12219,#9949,#9950);
#8822=AXIS2_PLACEMENT_3D('',#12225,#9954,#9955);
#8823=AXIS2_PLACEMENT_3D('',#12231,#9959,#9960);
#8824=AXIS2_PLACEMENT_3D('',#12237,#9964,#9965);
#8825=AXIS2_PLACEMENT_3D('',#12243,#9969,#9970);
#8826=AXIS2_PLACEMENT_3D('',#12249,#9974,#9975);
#8827=AXIS2_PLACEMENT_3D('',#12255,#9979,#9980);
#8828=AXIS2_PLACEMENT_3D('',#12261,#9984,#9985);
#8829=AXIS2_PLACEMENT_3D('',#12267,#9989,#9990);
#8830=AXIS2_PLACEMENT_3D('',#12273,#9994,#9995);
#8831=AXIS2_PLACEMENT_3D('',#12279,#9999,#10000);
#8832=AXIS2_PLACEMENT_3D('',#12282,#10003,#10004);
#8833=AXIS2_PLACEMENT_3D('',#12283,#10005,#10006);
#8834=AXIS2_PLACEMENT_3D('',#12292,#10011,#10012);
#8835=AXIS2_PLACEMENT_3D('',#12298,#10016,#10017);
#8836=AXIS2_PLACEMENT_3D('',#12304,#10021,#10022);
#8837=AXIS2_PLACEMENT_3D('',#12310,#10026,#10027);
#8838=AXIS2_PLACEMENT_3D('',#12316,#10031,#10032);
#8839=AXIS2_PLACEMENT_3D('',#12322,#10036,#10037);
#8840=AXIS2_PLACEMENT_3D('',#12328,#10041,#10042);
#8841=AXIS2_PLACEMENT_3D('',#12334,#10046,#10047);
#8842=AXIS2_PLACEMENT_3D('',#12340,#10051,#10052);
#8843=AXIS2_PLACEMENT_3D('',#12346,#10056,#10057);
#8844=AXIS2_PLACEMENT_3D('',#12352,#10061,#10062);
#8845=AXIS2_PLACEMENT_3D('',#12355,#10065,#10066);
#8846=AXIS2_PLACEMENT_3D('',#12356,#10067,#10068);
#8847=AXIS2_PLACEMENT_3D('',#12365,#10073,#10074);
#8848=AXIS2_PLACEMENT_3D('',#12366,#10075,#10076);
#8849=AXIS2_PLACEMENT_3D('',#12368,#10077,#10078);
#8850=AXIS2_PLACEMENT_3D('',#12371,#10080,#10081);
#8851=AXIS2_PLACEMENT_3D('',#12377,#10085,#10086);
#8852=AXIS2_PLACEMENT_3D('',#12378,#10087,#10088);
#8853=AXIS2_PLACEMENT_3D('',#12380,#10089,#10090);
#8854=AXIS2_PLACEMENT_3D('',#12383,#10092,#10093);
#8855=AXIS2_PLACEMENT_3D('',#12384,#10094,#10095);
#8856=AXIS2_PLACEMENT_3D('',#12386,#10096,#10097);
#8857=AXIS2_PLACEMENT_3D('',#12389,#10099,#10100);
#8858=AXIS2_PLACEMENT_3D('',#12390,#10101,#10102);
#8859=AXIS2_PLACEMENT_3D('',#12392,#10103,#10104);
#8860=AXIS2_PLACEMENT_3D('',#12395,#10106,#10107);
#8861=AXIS2_PLACEMENT_3D('',#12396,#10108,#10109);
#8862=AXIS2_PLACEMENT_3D('',#12397,#10110,#10111);
#8863=AXIS2_PLACEMENT_3D('',#12398,#10112,#10113);
#8864=AXIS2_PLACEMENT_3D('',#12399,#10114,#10115);
#8865=AXIS2_PLACEMENT_3D('',#12408,#10120,#10121);
#8866=AXIS2_PLACEMENT_3D('',#12409,#10122,#10123);
#8867=AXIS2_PLACEMENT_3D('',#12411,#10124,#10125);
#8868=AXIS2_PLACEMENT_3D('',#12414,#10127,#10128);
#8869=AXIS2_PLACEMENT_3D('',#12420,#10132,#10133);
#8870=AXIS2_PLACEMENT_3D('',#12421,#10134,#10135);
#8871=AXIS2_PLACEMENT_3D('',#12423,#10136,#10137);
#8872=AXIS2_PLACEMENT_3D('',#12426,#10139,#10140);
#8873=AXIS2_PLACEMENT_3D('',#12427,#10141,#10142);
#8874=AXIS2_PLACEMENT_3D('',#12429,#10143,#10144);
#8875=AXIS2_PLACEMENT_3D('',#12432,#10146,#10147);
#8876=AXIS2_PLACEMENT_3D('',#12433,#10148,#10149);
#8877=AXIS2_PLACEMENT_3D('',#12435,#10150,#10151);
#8878=AXIS2_PLACEMENT_3D('',#12438,#10153,#10154);
#8879=AXIS2_PLACEMENT_3D('',#12439,#10155,#10156);
#8880=AXIS2_PLACEMENT_3D('',#12440,#10157,#10158);
#8881=AXIS2_PLACEMENT_3D('',#12441,#10159,#10160);
#8882=AXIS2_PLACEMENT_3D('',#12442,#10161,#10162);
#8883=AXIS2_PLACEMENT_3D('',#12446,#10164,#10165);
#8884=AXIS2_PLACEMENT_3D('',#12448,#10166,#10167);
#8885=AXIS2_PLACEMENT_3D('',#12450,#10168,#10169);
#8886=AXIS2_PLACEMENT_3D('',#12454,#10171,#10172);
#8887=AXIS2_PLACEMENT_3D('',#12458,#10174,#10175);
#8888=AXIS2_PLACEMENT_3D('',#12459,#10176,#10177);
#8889=AXIS2_PLACEMENT_3D('',#12460,#10178,#10179);
#8890=AXIS2_PLACEMENT_3D('',#12463,#10181,#10182);
#8891=AXIS2_PLACEMENT_3D('',#12466,#10184,#10185);
#8892=AXIS2_PLACEMENT_3D('',#12467,#10186,#10187);
#8893=AXIS2_PLACEMENT_3D('',#12470,#10189,#10190);
#8894=AXIS2_PLACEMENT_3D('',#12471,#10191,#10192);
#8895=AXIS2_PLACEMENT_3D('',#12474,#10194,#10195);
#8896=AXIS2_PLACEMENT_3D('',#12478,#10198,#10199);
#8897=AXIS2_PLACEMENT_3D('',#12479,#10200,#10201);
#8898=AXIS2_PLACEMENT_3D('',#12482,#10203,#10204);
#8899=AXIS2_PLACEMENT_3D('',#12486,#10207,#10208);
#8900=AXIS2_PLACEMENT_3D('',#12487,#10209,#10210);
#8901=AXIS2_PLACEMENT_3D('',#12490,#10212,#10213);
#8902=AXIS2_PLACEMENT_3D('',#12492,#10215,#10216);
#8903=AXIS2_PLACEMENT_3D('',#12493,#10217,#10218);
#8904=AXIS2_PLACEMENT_3D('',#12494,#10219,#10220);
#8905=AXIS2_PLACEMENT_3D('',#12495,#10221,#10222);
#8906=AXIS2_PLACEMENT_3D('',#12504,#10227,#10228);
#8907=AXIS2_PLACEMENT_3D('',#12505,#10229,#10230);
#8908=AXIS2_PLACEMENT_3D('',#12507,#10231,#10232);
#8909=AXIS2_PLACEMENT_3D('',#12510,#10234,#10235);
#8910=AXIS2_PLACEMENT_3D('',#12516,#10239,#10240);
#8911=AXIS2_PLACEMENT_3D('',#12517,#10241,#10242);
#8912=AXIS2_PLACEMENT_3D('',#12519,#10243,#10244);
#8913=AXIS2_PLACEMENT_3D('',#12522,#10246,#10247);
#8914=AXIS2_PLACEMENT_3D('',#12528,#10251,#10252);
#8915=AXIS2_PLACEMENT_3D('',#12529,#10253,#10254);
#8916=AXIS2_PLACEMENT_3D('',#12530,#10255,#10256);
#8917=AXIS2_PLACEMENT_3D('',#12531,#10257,#10258);
#8918=AXIS2_PLACEMENT_3D('',#12532,#10259,#10260);
#8919=AXIS2_PLACEMENT_3D('',#12533,#10261,#10262);
#8920=AXIS2_PLACEMENT_3D('',#12534,#10263,#10264);
#8921=AXIS2_PLACEMENT_3D('',#12535,#10265,#10266);
#8922=AXIS2_PLACEMENT_3D('',#12540,#10268,#10269);
#8923=AXIS2_PLACEMENT_3D('',#12543,#10271,#10272);
#8924=AXIS2_PLACEMENT_3D('',#12549,#10276,#10277);
#8925=AXIS2_PLACEMENT_3D('',#12550,#10278,#10279);
#8926=AXIS2_PLACEMENT_3D('',#12552,#10280,#10281);
#8927=AXIS2_PLACEMENT_3D('',#12555,#10283,#10284);
#8928=AXIS2_PLACEMENT_3D('',#12558,#10287,#10288);
#8929=AXIS2_PLACEMENT_3D('',#12559,#10289,#10290);
#8930=AXIS2_PLACEMENT_3D('',#12560,#10291,#10292);
#8931=AXIS2_PLACEMENT_3D('',#12561,#10293,#10294);
#8932=AXIS2_PLACEMENT_3D('',#12570,#10299,#10300);
#8933=AXIS2_PLACEMENT_3D('',#12576,#10304,#10305);
#8934=AXIS2_PLACEMENT_3D('',#12582,#10309,#10310);
#8935=AXIS2_PLACEMENT_3D('',#12588,#10314,#10315);
#8936=AXIS2_PLACEMENT_3D('',#12594,#10319,#10320);
#8937=AXIS2_PLACEMENT_3D('',#12600,#10324,#10325);
#8938=AXIS2_PLACEMENT_3D('',#12606,#10329,#10330);
#8939=AXIS2_PLACEMENT_3D('',#12612,#10334,#10335);
#8940=AXIS2_PLACEMENT_3D('',#12618,#10339,#10340);
#8941=AXIS2_PLACEMENT_3D('',#12624,#10344,#10345);
#8942=AXIS2_PLACEMENT_3D('',#12630,#10349,#10350);
#8943=AXIS2_PLACEMENT_3D('',#12636,#10354,#10355);
#8944=AXIS2_PLACEMENT_3D('',#12642,#10359,#10360);
#8945=AXIS2_PLACEMENT_3D('',#12648,#10364,#10365);
#8946=AXIS2_PLACEMENT_3D('',#12654,#10369,#10370);
#8947=AXIS2_PLACEMENT_3D('',#12660,#10374,#10375);
#8948=AXIS2_PLACEMENT_3D('',#12666,#10379,#10380);
#8949=AXIS2_PLACEMENT_3D('',#12672,#10384,#10385);
#8950=AXIS2_PLACEMENT_3D('',#12678,#10389,#10390);
#8951=AXIS2_PLACEMENT_3D('',#12684,#10394,#10395);
#8952=AXIS2_PLACEMENT_3D('',#12690,#10399,#10400);
#8953=AXIS2_PLACEMENT_3D('',#12696,#10404,#10405);
#8954=AXIS2_PLACEMENT_3D('',#12702,#10409,#10410);
#8955=AXIS2_PLACEMENT_3D('',#12708,#10414,#10415);
#8956=AXIS2_PLACEMENT_3D('',#12714,#10419,#10420);
#8957=AXIS2_PLACEMENT_3D('',#12720,#10424,#10425);
#8958=AXIS2_PLACEMENT_3D('',#12726,#10429,#10430);
#8959=AXIS2_PLACEMENT_3D('',#12732,#10434,#10435);
#8960=AXIS2_PLACEMENT_3D('',#12738,#10439,#10440);
#8961=AXIS2_PLACEMENT_3D('',#12744,#10444,#10445);
#8962=AXIS2_PLACEMENT_3D('',#12750,#10449,#10450);
#8963=AXIS2_PLACEMENT_3D('',#12756,#10454,#10455);
#8964=AXIS2_PLACEMENT_3D('',#12762,#10459,#10460);
#8965=AXIS2_PLACEMENT_3D('',#12768,#10464,#10465);
#8966=AXIS2_PLACEMENT_3D('',#12774,#10469,#10470);
#8967=AXIS2_PLACEMENT_3D('',#12780,#10474,#10475);
#8968=AXIS2_PLACEMENT_3D('',#12786,#10479,#10480);
#8969=AXIS2_PLACEMENT_3D('',#12792,#10484,#10485);
#8970=AXIS2_PLACEMENT_3D('',#12798,#10489,#10490);
#8971=AXIS2_PLACEMENT_3D('',#12804,#10494,#10495);
#8972=AXIS2_PLACEMENT_3D('',#12810,#10499,#10500);
#8973=AXIS2_PLACEMENT_3D('',#12816,#10504,#10505);
#8974=AXIS2_PLACEMENT_3D('',#12822,#10509,#10510);
#8975=AXIS2_PLACEMENT_3D('',#12828,#10514,#10515);
#8976=AXIS2_PLACEMENT_3D('',#12834,#10519,#10520);
#8977=AXIS2_PLACEMENT_3D('',#12840,#10524,#10525);
#8978=AXIS2_PLACEMENT_3D('',#12846,#10529,#10530);
#8979=AXIS2_PLACEMENT_3D('',#12852,#10534,#10535);
#8980=AXIS2_PLACEMENT_3D('',#12858,#10539,#10540);
#8981=AXIS2_PLACEMENT_3D('',#12864,#10544,#10545);
#8982=AXIS2_PLACEMENT_3D('',#12870,#10549,#10550);
#8983=AXIS2_PLACEMENT_3D('',#12876,#10554,#10555);
#8984=AXIS2_PLACEMENT_3D('',#12882,#10559,#10560);
#8985=AXIS2_PLACEMENT_3D('',#12888,#10564,#10565);
#8986=AXIS2_PLACEMENT_3D('',#12894,#10569,#10570);
#8987=AXIS2_PLACEMENT_3D('',#12900,#10574,#10575);
#8988=AXIS2_PLACEMENT_3D('',#12903,#10578,#10579);
#8989=AXIS2_PLACEMENT_3D('',#12904,#10580,#10581);
#8990=AXIS2_PLACEMENT_3D('',#12905,#10582,#10583);
#8991=AXIS2_PLACEMENT_3D('',#12906,#10584,#10585);
#8992=AXIS2_PLACEMENT_3D('',#12915,#10590,#10591);
#8993=AXIS2_PLACEMENT_3D('',#12921,#10595,#10596);
#8994=AXIS2_PLACEMENT_3D('',#12927,#10600,#10601);
#8995=AXIS2_PLACEMENT_3D('',#12933,#10605,#10606);
#8996=AXIS2_PLACEMENT_3D('',#12939,#10610,#10611);
#8997=AXIS2_PLACEMENT_3D('',#12945,#10615,#10616);
#8998=AXIS2_PLACEMENT_3D('',#12951,#10620,#10621);
#8999=AXIS2_PLACEMENT_3D('',#12957,#10625,#10626);
#9000=AXIS2_PLACEMENT_3D('',#12963,#10630,#10631);
#9001=AXIS2_PLACEMENT_3D('',#12969,#10635,#10636);
#9002=AXIS2_PLACEMENT_3D('',#12975,#10640,#10641);
#9003=AXIS2_PLACEMENT_3D('',#12981,#10645,#10646);
#9004=AXIS2_PLACEMENT_3D('',#12987,#10650,#10651);
#9005=AXIS2_PLACEMENT_3D('',#12993,#10655,#10656);
#9006=AXIS2_PLACEMENT_3D('',#12999,#10660,#10661);
#9007=AXIS2_PLACEMENT_3D('',#13005,#10665,#10666);
#9008=AXIS2_PLACEMENT_3D('',#13011,#10670,#10671);
#9009=AXIS2_PLACEMENT_3D('',#13017,#10675,#10676);
#9010=AXIS2_PLACEMENT_3D('',#13023,#10680,#10681);
#9011=AXIS2_PLACEMENT_3D('',#13029,#10685,#10686);
#9012=AXIS2_PLACEMENT_3D('',#13035,#10690,#10691);
#9013=AXIS2_PLACEMENT_3D('',#13041,#10695,#10696);
#9014=AXIS2_PLACEMENT_3D('',#13047,#10700,#10701);
#9015=AXIS2_PLACEMENT_3D('',#13053,#10705,#10706);
#9016=AXIS2_PLACEMENT_3D('',#13059,#10710,#10711);
#9017=AXIS2_PLACEMENT_3D('',#13065,#10715,#10716);
#9018=AXIS2_PLACEMENT_3D('',#13071,#10720,#10721);
#9019=AXIS2_PLACEMENT_3D('',#13074,#10724,#10725);
#9020=AXIS2_PLACEMENT_3D('',#13075,#10726,#10727);
#9021=AXIS2_PLACEMENT_3D('',#13076,#10728,#10729);
#9022=AXIS2_PLACEMENT_3D('',#13077,#10730,#10731);
#9023=AXIS2_PLACEMENT_3D('',#13086,#10736,#10737);
#9024=AXIS2_PLACEMENT_3D('',#13092,#10741,#10742);
#9025=AXIS2_PLACEMENT_3D('',#13098,#10746,#10747);
#9026=AXIS2_PLACEMENT_3D('',#13104,#10751,#10752);
#9027=AXIS2_PLACEMENT_3D('',#13110,#10756,#10757);
#9028=AXIS2_PLACEMENT_3D('',#13116,#10761,#10762);
#9029=AXIS2_PLACEMENT_3D('',#13119,#10765,#10766);
#9030=AXIS2_PLACEMENT_3D('',#13120,#10767,#10768);
#9031=AXIS2_PLACEMENT_3D('',#13121,#10769,#10770);
#9032=AXIS2_PLACEMENT_3D('',#13122,#10771,#10772);
#9033=AXIS2_PLACEMENT_3D('',#13131,#10777,#10778);
#9034=AXIS2_PLACEMENT_3D('',#13137,#10782,#10783);
#9035=AXIS2_PLACEMENT_3D('',#13143,#10787,#10788);
#9036=AXIS2_PLACEMENT_3D('',#13149,#10792,#10793);
#9037=AXIS2_PLACEMENT_3D('',#13155,#10797,#10798);
#9038=AXIS2_PLACEMENT_3D('',#13161,#10802,#10803);
#9039=AXIS2_PLACEMENT_3D('',#13167,#10807,#10808);
#9040=AXIS2_PLACEMENT_3D('',#13173,#10812,#10813);
#9041=AXIS2_PLACEMENT_3D('',#13179,#10817,#10818);
#9042=AXIS2_PLACEMENT_3D('',#13182,#10821,#10822);
#9043=AXIS2_PLACEMENT_3D('',#13183,#10823,#10824);
#9044=AXIS2_PLACEMENT_3D('',#13184,#10825,#10826);
#9045=AXIS2_PLACEMENT_3D('',#13185,#10827,#10828);
#9046=AXIS2_PLACEMENT_3D('',#13194,#10833,#10834);
#9047=AXIS2_PLACEMENT_3D('',#13200,#10838,#10839);
#9048=AXIS2_PLACEMENT_3D('',#13206,#10843,#10844);
#9049=AXIS2_PLACEMENT_3D('',#13212,#10848,#10849);
#9050=AXIS2_PLACEMENT_3D('',#13218,#10853,#10854);
#9051=AXIS2_PLACEMENT_3D('',#13224,#10858,#10859);
#9052=AXIS2_PLACEMENT_3D('',#13230,#10863,#10864);
#9053=AXIS2_PLACEMENT_3D('',#13236,#10868,#10869);
#9054=AXIS2_PLACEMENT_3D('',#13242,#10873,#10874);
#9055=AXIS2_PLACEMENT_3D('',#13248,#10878,#10879);
#9056=AXIS2_PLACEMENT_3D('',#13254,#10883,#10884);
#9057=AXIS2_PLACEMENT_3D('',#13257,#10887,#10888);
#9058=AXIS2_PLACEMENT_3D('',#13258,#10889,#10890);
#9059=AXIS2_PLACEMENT_3D('',#13259,#10891,#10892);
#9060=AXIS2_PLACEMENT_3D('',#13260,#10893,#10894);
#9061=AXIS2_PLACEMENT_3D('',#13269,#10899,#10900);
#9062=AXIS2_PLACEMENT_3D('',#13275,#10904,#10905);
#9063=AXIS2_PLACEMENT_3D('',#13281,#10909,#10910);
#9064=AXIS2_PLACEMENT_3D('',#13287,#10914,#10915);
#9065=AXIS2_PLACEMENT_3D('',#13293,#10919,#10920);
#9066=AXIS2_PLACEMENT_3D('',#13299,#10924,#10925);
#9067=AXIS2_PLACEMENT_3D('',#13305,#10929,#10930);
#9068=AXIS2_PLACEMENT_3D('',#13311,#10934,#10935);
#9069=AXIS2_PLACEMENT_3D('',#13317,#10939,#10940);
#9070=AXIS2_PLACEMENT_3D('',#13323,#10944,#10945);
#9071=AXIS2_PLACEMENT_3D('',#13329,#10949,#10950);
#9072=AXIS2_PLACEMENT_3D('',#13335,#10954,#10955);
#9073=AXIS2_PLACEMENT_3D('',#13341,#10959,#10960);
#9074=AXIS2_PLACEMENT_3D('',#13347,#10964,#10965);
#9075=AXIS2_PLACEMENT_3D('',#13353,#10969,#10970);
#9076=AXIS2_PLACEMENT_3D('',#13359,#10974,#10975);
#9077=AXIS2_PLACEMENT_3D('',#13365,#10979,#10980);
#9078=AXIS2_PLACEMENT_3D('',#13371,#10984,#10985);
#9079=AXIS2_PLACEMENT_3D('',#13377,#10989,#10990);
#9080=AXIS2_PLACEMENT_3D('',#13383,#10994,#10995);
#9081=AXIS2_PLACEMENT_3D('',#13389,#10999,#11000);
#9082=AXIS2_PLACEMENT_3D('',#13395,#11004,#11005);
#9083=AXIS2_PLACEMENT_3D('',#13401,#11009,#11010);
#9084=AXIS2_PLACEMENT_3D('',#13407,#11014,#11015);
#9085=AXIS2_PLACEMENT_3D('',#13413,#11019,#11020);
#9086=AXIS2_PLACEMENT_3D('',#13416,#11023,#11024);
#9087=AXIS2_PLACEMENT_3D('',#13417,#11025,#11026);
#9088=AXIS2_PLACEMENT_3D('',#13418,#11027,#11028);
#9089=AXIS2_PLACEMENT_3D('',#13419,#11029,#11030);
#9090=AXIS2_PLACEMENT_3D('',#13428,#11035,#11036);
#9091=AXIS2_PLACEMENT_3D('',#13434,#11040,#11041);
#9092=AXIS2_PLACEMENT_3D('',#13440,#11045,#11046);
#9093=AXIS2_PLACEMENT_3D('',#13446,#11050,#11051);
#9094=AXIS2_PLACEMENT_3D('',#13452,#11055,#11056);
#9095=AXIS2_PLACEMENT_3D('',#13458,#11060,#11061);
#9096=AXIS2_PLACEMENT_3D('',#13464,#11065,#11066);
#9097=AXIS2_PLACEMENT_3D('',#13467,#11069,#11070);
#9098=AXIS2_PLACEMENT_3D('',#13468,#11071,#11072);
#9099=AXIS2_PLACEMENT_3D('',#13469,#11073,#11074);
#9100=AXIS2_PLACEMENT_3D('',#13470,#11075,#11076);
#9101=AXIS2_PLACEMENT_3D('',#13479,#11081,#11082);
#9102=AXIS2_PLACEMENT_3D('',#13485,#11086,#11087);
#9103=AXIS2_PLACEMENT_3D('',#13491,#11091,#11092);
#9104=AXIS2_PLACEMENT_3D('',#13497,#11096,#11097);
#9105=AXIS2_PLACEMENT_3D('',#13503,#11101,#11102);
#9106=AXIS2_PLACEMENT_3D('',#13509,#11106,#11107);
#9107=AXIS2_PLACEMENT_3D('',#13515,#11111,#11112);
#9108=AXIS2_PLACEMENT_3D('',#13521,#11116,#11117);
#9109=AXIS2_PLACEMENT_3D('',#13527,#11121,#11122);
#9110=AXIS2_PLACEMENT_3D('',#13530,#11125,#11126);
#9111=AXIS2_PLACEMENT_3D('',#13539,#11131,#11132);
#9112=AXIS2_PLACEMENT_3D('',#13545,#11136,#11137);
#9113=AXIS2_PLACEMENT_3D('',#13551,#11141,#11142);
#9114=AXIS2_PLACEMENT_3D('',#13557,#11146,#11147);
#9115=AXIS2_PLACEMENT_3D('',#13563,#11151,#11152);
#9116=AXIS2_PLACEMENT_3D('',#13569,#11156,#11157);
#9117=AXIS2_PLACEMENT_3D('',#13575,#11161,#11162);
#9118=AXIS2_PLACEMENT_3D('',#13581,#11166,#11167);
#9119=AXIS2_PLACEMENT_3D('',#13587,#11171,#11172);
#9120=AXIS2_PLACEMENT_3D('',#13593,#11176,#11177);
#9121=AXIS2_PLACEMENT_3D('',#13599,#11181,#11182);
#9122=AXIS2_PLACEMENT_3D('',#13605,#11186,#11187);
#9123=AXIS2_PLACEMENT_3D('',#13611,#11191,#11192);
#9124=AXIS2_PLACEMENT_3D('',#13617,#11196,#11197);
#9125=AXIS2_PLACEMENT_3D('',#13623,#11201,#11202);
#9126=AXIS2_PLACEMENT_3D('',#13626,#11205,#11206);
#9127=AXIS2_PLACEMENT_3D('',#13627,#11207,#11208);
#9128=AXIS2_PLACEMENT_3D('',#13628,#11209,#11210);
#9129=AXIS2_PLACEMENT_3D('',#13629,#11211,#11212);
#9130=AXIS2_PLACEMENT_3D('',#13638,#11217,#11218);
#9131=AXIS2_PLACEMENT_3D('',#13644,#11222,#11223);
#9132=AXIS2_PLACEMENT_3D('',#13650,#11227,#11228);
#9133=AXIS2_PLACEMENT_3D('',#13653,#11231,#11232);
#9134=AXIS2_PLACEMENT_3D('',#13654,#11233,#11234);
#9135=AXIS2_PLACEMENT_3D('',#13655,#11235,#11236);
#9136=AXIS2_PLACEMENT_3D('',#13656,#11237,#11238);
#9137=AXIS2_PLACEMENT_3D('',#13665,#11243,#11244);
#9138=AXIS2_PLACEMENT_3D('',#13671,#11248,#11249);
#9139=AXIS2_PLACEMENT_3D('',#13677,#11253,#11254);
#9140=AXIS2_PLACEMENT_3D('',#13683,#11258,#11259);
#9141=AXIS2_PLACEMENT_3D('',#13689,#11263,#11264);
#9142=AXIS2_PLACEMENT_3D('',#13695,#11268,#11269);
#9143=AXIS2_PLACEMENT_3D('',#13701,#11273,#11274);
#9144=AXIS2_PLACEMENT_3D('',#13707,#11278,#11279);
#9145=AXIS2_PLACEMENT_3D('',#13713,#11283,#11284);
#9146=AXIS2_PLACEMENT_3D('',#13719,#11288,#11289);
#9147=AXIS2_PLACEMENT_3D('',#13725,#11293,#11294);
#9148=AXIS2_PLACEMENT_3D('',#13728,#11297,#11298);
#9149=AXIS2_PLACEMENT_3D('',#13729,#11299,#11300);
#9150=AXIS2_PLACEMENT_3D('',#13730,#11301,#11302);
#9151=AXIS2_PLACEMENT_3D('',#13731,#11303,#11304);
#9152=AXIS2_PLACEMENT_3D('',#13732,#11305,#11306);
#9153=AXIS2_PLACEMENT_3D('',#13734,#11307,#11308);
#9154=AXIS2_PLACEMENT_3D('',#13736,#11309,#11310);
#9155=AXIS2_PLACEMENT_3D('',#13737,#11311,#11312);
#9156=AXIS2_PLACEMENT_3D('',#13738,#11313,#11314);
#9157=AXIS2_PLACEMENT_3D('',#13739,#11315,#11316);
#9158=AXIS2_PLACEMENT_3D('',#13740,#11317,#11318);
#9159=AXIS2_PLACEMENT_3D('',#13742,#11319,#11320);
#9160=AXIS2_PLACEMENT_3D('',#13744,#11321,#11322);
#9161=AXIS2_PLACEMENT_3D('',#13745,#11323,#11324);
#9162=AXIS2_PLACEMENT_3D('',#13746,#11325,#11326);
#9163=AXIS2_PLACEMENT_3D('',#13747,#11327,#11328);
#9164=AXIS2_PLACEMENT_3D('',#13748,#11329,#11330);
#9165=AXIS2_PLACEMENT_3D('',#13750,#11331,#11332);
#9166=AXIS2_PLACEMENT_3D('',#13752,#11333,#11334);
#9167=AXIS2_PLACEMENT_3D('',#13753,#11335,#11336);
#9168=AXIS2_PLACEMENT_3D('',#13754,#11337,#11338);
#9169=AXIS2_PLACEMENT_3D('',#13755,#11339,#11340);
#9170=AXIS2_PLACEMENT_3D('',#13756,#11341,#11342);
#9171=AXIS2_PLACEMENT_3D('',#13758,#11343,#11344);
#9172=AXIS2_PLACEMENT_3D('',#13760,#11345,#11346);
#9173=AXIS2_PLACEMENT_3D('',#13761,#11347,#11348);
#9174=AXIS2_PLACEMENT_3D('',#13762,#11349,#11350);
#9175=AXIS2_PLACEMENT_3D('',#13763,#11351,#11352);
#9176=AXIS2_PLACEMENT_3D('',#13764,#11353,#11354);
#9177=AXIS2_PLACEMENT_3D('',#13766,#11355,#11356);
#9178=AXIS2_PLACEMENT_3D('',#13768,#11357,#11358);
#9179=AXIS2_PLACEMENT_3D('',#13769,#11359,#11360);
#9180=AXIS2_PLACEMENT_3D('',#13770,#11361,#11362);
#9181=AXIS2_PLACEMENT_3D('',#13771,#11363,#11364);
#9182=AXIS2_PLACEMENT_3D('',#13772,#11365,#11366);
#9183=AXIS2_PLACEMENT_3D('',#13774,#11367,#11368);
#9184=AXIS2_PLACEMENT_3D('',#13776,#11369,#11370);
#9185=AXIS2_PLACEMENT_3D('',#13777,#11371,#11372);
#9186=AXIS2_PLACEMENT_3D('',#13778,#11373,#11374);
#9187=AXIS2_PLACEMENT_3D('',#13779,#11375,#11376);
#9188=AXIS2_PLACEMENT_3D('',#13780,#11377,#11378);
#9189=AXIS2_PLACEMENT_3D('',#13782,#11379,#11380);
#9190=AXIS2_PLACEMENT_3D('',#13784,#11381,#11382);
#9191=AXIS2_PLACEMENT_3D('',#13785,#11383,#11384);
#9192=AXIS2_PLACEMENT_3D('',#13786,#11385,#11386);
#9193=AXIS2_PLACEMENT_3D('',#13788,#11388,#11389);
#9194=AXIS2_PLACEMENT_3D('',#13790,#11391,#11392);
#9195=AXIS2_PLACEMENT_3D('',#13791,#11393,#11394);
#9196=AXIS2_PLACEMENT_3D('',#13792,#11395,#11396);
#9197=AXIS2_PLACEMENT_3D('',#13793,#11397,#11398);
#9198=AXIS2_PLACEMENT_3D('',#13794,#11399,#11400);
#9199=AXIS2_PLACEMENT_3D('',#13795,#11401,#11402);
#9200=AXIS2_PLACEMENT_3D('',#13796,#11403,#11404);
#9201=AXIS2_PLACEMENT_3D('',#13797,#11405,#11406);
#9202=AXIS2_PLACEMENT_3D('',#13798,#11407,#11408);
#9203=AXIS2_PLACEMENT_3D('',#13799,#11409,#11410);
#9204=AXIS2_PLACEMENT_3D('',#13800,#11411,#11412);
#9205=AXIS2_PLACEMENT_3D('',#13805,#11414,#11415);
#9206=DIRECTION('',(0.,0.,1.));
#9207=DIRECTION('',(1.,0.,0.));
#9208=DIRECTION('',(-2.16840434497103E-15,-1.,2.16840434497104E-15));
#9209=DIRECTION('',(0.,-2.16840434497104E-15,-1.));
#9210=DIRECTION('',(2.16840434497101E-15,-1.,-2.16840434497101E-15));
#9211=DIRECTION('',(0.,2.16840434497101E-15,-1.));
#9212=DIRECTION('',(0.,1.,0.));
#9213=DIRECTION('',(0.,0.,-1.));
#9214=DIRECTION('',(-2.16840434497101E-15,-1.,2.16840434497101E-15));
#9215=DIRECTION('',(-1.,2.16840434497101E-15,0.));
#9216=DIRECTION('',(-2.16840434497101E-15,-1.,2.16840434497101E-15));
#9217=DIRECTION('',(0.,-2.16840434497101E-15,-1.));
#9218=DIRECTION('',(0.,1.,0.));
#9219=DIRECTION('',(0.,0.,-1.));
#9220=DIRECTION('',(1.,0.,-8.46023715594546E-16));
#9221=DIRECTION('',(8.46023715594546E-16,0.,1.));
#9222=DIRECTION('',(-1.55116956268245E-15,0.,-1.));
#9223=DIRECTION('',(0.,-1.,0.));
#9224=DIRECTION('',(1.55116956268245E-15,0.,1.));
#9225=DIRECTION('',(0.,-1.,0.));
#9226=DIRECTION('',(2.09239220471039E-14,-1.,9.52591449476384E-15));
#9227=DIRECTION('',(-1.,-2.09239220471039E-14,0.));
#9228=DIRECTION('',(2.0923922047104E-14,-1.,9.52591449476389E-15));
#9229=DIRECTION('',(-1.,-2.16840434497109E-14,0.));
#9230=DIRECTION('',(0.,1.,0.));
#9231=DIRECTION('',(-0.656636323383786,0.,-0.754207357967969));
#9232=DIRECTION('',(0.,-1.,0.));
#9233=DIRECTION('',(0.656178694853016,0.,0.754605539617218));
#9234=DIRECTION('',(-0.754605539617218,0.,0.656178694853016));
#9235=DIRECTION('',(0.754605539617228,0.,-0.656178694853005));
#9236=DIRECTION('',(-0.754605539617228,0.,0.656178694853005));
#9237=DIRECTION('',(0.,-1.,0.));
#9238=DIRECTION('',(0.,1.,0.));
#9239=DIRECTION('',(1.,0.,0.));
#9240=DIRECTION('',(-3.14479220967117E-15,1.,-1.05176097688645E-15));
#9241=DIRECTION('',(0.656178694852995,2.97381167310312E-15,0.754605539617236));
#9242=DIRECTION('',(0.,-1.,0.));
#9243=DIRECTION('',(-0.694670364661449,0.,-0.719328217478732));
#9244=DIRECTION('',(0.,-1.,0.));
#9245=DIRECTION('',(-0.665450948099368,0.,-0.746441582224391));
#9246=DIRECTION('',(0.746441582224391,0.,-0.665450948099368));
#9247=DIRECTION('',(-0.746441582224382,0.,0.665450948099378));
#9248=DIRECTION('',(0.746441582224382,0.,-0.665450948099378));
#9249=DIRECTION('',(0.,-1.,0.));
#9250=DIRECTION('',(-9.09915564562594E-16,-1.,-9.58666000559575E-15));
#9251=DIRECTION('',(0.,9.58666000559575E-15,-1.));
#9252=DIRECTION('',(0.,-1.,0.));
#9253=DIRECTION('',(0.665450948099406,0.,0.746441582224357));
#9254=DIRECTION('',(0.,1.,0.));
#9255=DIRECTION('',(-0.513136621849909,0.,0.858306942367626));
#9256=DIRECTION('',(0.,-1.,0.));
#9257=DIRECTION('',(0.,1.,0.));
#9258=DIRECTION('',(1.,0.,0.));
#9259=DIRECTION('',(0.,1.,0.));
#9260=DIRECTION('',(0.513136621848959,0.,-0.858306942368194));
#9261=DIRECTION('',(0.,-1.,0.));
#9262=DIRECTION('',(-0.935044503554358,0.,0.354530360297654));
#9263=DIRECTION('',(0.,-1.,0.));
#9264=DIRECTION('',(-0.928410890812719,0.,0.371555134294137));
#9265=DIRECTION('',(-0.371555134294137,0.,-0.928410890812719));
#9266=DIRECTION('',(0.371555134294119,0.,0.928410890812726));
#9267=DIRECTION('',(-0.371555134294119,0.,-0.928410890812726));
#9268=DIRECTION('',(0.,-1.,0.));
#9269=DIRECTION('',(-9.96143543618974E-15,-1.,-2.31960585983857E-15));
#9270=DIRECTION('',(-1.,9.96143543618974E-15,0.));
#9271=DIRECTION('',(0.,-1.,0.));
#9272=DIRECTION('',(0.922035750522866,0.,-0.387104733577019));
#9273=DIRECTION('',(0.,1.,0.));
#9274=DIRECTION('',(0.656178701822857,0.,0.754605533556487));
#9275=DIRECTION('',(0.,-1.,0.));
#9276=DIRECTION('',(-0.656178701822838,0.,-0.754605533556503));
#9277=DIRECTION('',(0.754605533556503,0.,-0.656178701822838));
#9278=DIRECTION('',(-0.754605533556512,0.,0.656178701822828));
#9279=DIRECTION('',(0.754605533556512,0.,-0.656178701822828));
#9280=DIRECTION('',(0.,-1.,0.));
#9281=DIRECTION('',(9.75676521290892E-17,1.,-1.39846893576205E-15));
#9282=DIRECTION('',(0.,1.39846893576205E-15,1.));
#9283=DIRECTION('',(0.,1.,0.));
#9284=DIRECTION('',(-0.656178720410982,0.,-0.7546055173929));
#9285=DIRECTION('',(-9.75676521290923E-17,-1.,1.39846893576205E-15));
#9286=DIRECTION('',(0.656178675894318,9.91270557701005E-16,0.754605556103041));
#9287=DIRECTION('',(0.,-1.,0.));
#9288=DIRECTION('',(0.65617868728327,0.,0.754605546199605));
#9289=DIRECTION('',(-0.754605546199605,0.,0.65617868728327));
#9290=DIRECTION('',(0.754605546199585,0.,-0.656178687283293));
#9291=DIRECTION('',(-0.754605546199585,0.,0.656178687283293));
#9292=DIRECTION('',(0.,-1.,0.));
#9293=DIRECTION('',(9.00698588488962E-16,-1.,1.01528283875117E-14));
#9294=DIRECTION('',(0.,-1.01528283875117E-14,-1.));
#9295=DIRECTION('',(0.,-1.,0.));
#9296=DIRECTION('',(-0.656178687283325,0.,-0.754605546199558));
#9297=DIRECTION('',(0.,1.,0.));
#9298=DIRECTION('',(0.51308810502993,0.,-0.858335946163736));
#9299=DIRECTION('',(0.,-1.,0.));
#9300=DIRECTION('',(0.,1.,0.));
#9301=DIRECTION('',(1.,0.,0.));
#9302=DIRECTION('',(0.,1.,0.));
#9303=DIRECTION('',(-0.512544689617341,0.,0.858660550593227));
#9304=DIRECTION('',(0.,-1.,0.));
#9305=DIRECTION('',(0.887120203443125,0.,0.461538454132511));
#9306=DIRECTION('',(0.,-1.,0.));
#9307=DIRECTION('',(8.58476577437463E-8,0.,1.));
#9308=DIRECTION('',(-1.,0.,8.58476577437463E-8));
#9309=DIRECTION('',(1.,0.,-8.58476208671697E-8));
#9310=DIRECTION('',(-1.,0.,8.58476208671697E-8));
#9311=DIRECTION('',(0.,1.,0.));
#9312=DIRECTION('',(2.81254288408299E-16,0.,-1.));
#9313=DIRECTION('',(0.,-1.,0.));
#9314=DIRECTION('',(-2.812542884083E-16,0.,1.));
#9315=DIRECTION('',(0.,0.,1.));
#9316=DIRECTION('',(1.,0.,0.));
#9317=DIRECTION('',(0.,-1.,0.));
#9318=DIRECTION('',(-1.,0.,0.));
#9319=DIRECTION('',(-3.9275070654078E-15,-1.,3.96424343581019E-15));
#9320=DIRECTION('',(0.370354802651406,-5.5511151231258E-15,-0.928890370362961));
#9321=DIRECTION('',(0.,-1.,0.));
#9322=DIRECTION('',(-3.9275070654078E-15,1.,3.96424343581019E-15));
#9323=DIRECTION('',(0.92540216033185,5.5511151231258E-15,-0.37898659825005));
#9324=DIRECTION('',(0.,-1.,0.));
#9325=DIRECTION('',(1.61312102634276E-15,-1.,-5.09603903083741E-15));
#9326=DIRECTION('',(0.,5.09603903083741E-15,-1.));
#9327=DIRECTION('',(-1.61312102634281E-15,-1.,5.09603903083728E-15));
#9328=DIRECTION('',(-0.319830704369828,-4.62596936100592E-15,-0.947474707072595));
#9329=DIRECTION('',(-1.61312102634283E-15,1.,-5.09603903083725E-15));
#9330=DIRECTION('',(-0.319830704369827,4.62596936100591E-15,0.947474707072595));
#9331=DIRECTION('',(0.,-1.,0.));
#9332=DIRECTION('',(0.,-1.,0.));
#9333=DIRECTION('',(-1.,0.,0.));
#9334=DIRECTION('',(-3.92750706540783E-15,-1.,-3.96424343581024E-15));
#9335=DIRECTION('',(0.925402160331849,-5.55111512312578E-15,0.378986598250052));
#9336=DIRECTION('',(-3.92750706540783E-15,1.,-3.96424343581024E-15));
#9337=DIRECTION('',(0.370354802651407,5.55111512312578E-15,0.92889037036296));
#9338=DIRECTION('',(0.,-1.,0.));
#9339=DIRECTION('',(4.8069343647931E-15,-1.,1.30624907128227E-15));
#9340=DIRECTION('',(-1.,-4.8069343647931E-15,0.));
#9341=DIRECTION('',(0.,-1.,0.));
#9342=DIRECTION('',(0.925896265591156,0.,-0.377777851871111));
#9343=DIRECTION('',(9.61386872958617E-15,1.,-2.61249814256454E-15));
#9344=DIRECTION('',(-0.925896265591156,6.93896329354036E-15,-0.377777851871111));
#9345=DIRECTION('',(0.,-1.,0.));
#9346=DIRECTION('',(-4.8069343647932E-15,-1.,-1.30624907128227E-15));
#9347=DIRECTION('',(-1.,4.8069343647932E-15,0.));
#9348=DIRECTION('',(0.,-1.,0.));
#9349=DIRECTION('',(-0.925896265591151,0.,0.377777851871123));
#9350=DIRECTION('',(0.,-1.,0.));
#9351=DIRECTION('',(-9.61386872958623E-15,1.,2.61249814256461E-15));
#9352=DIRECTION('',(0.925896265591151,6.93896329354017E-15,0.377777851871123));
#9353=DIRECTION('',(0.,-1.,0.));
#9354=DIRECTION('',(-1.,0.,0.));
#9355=DIRECTION('',(0.,-1.,0.));
#9356=DIRECTION('',(-0.370354802651395,0.,0.928890370362965));
#9357=DIRECTION('',(0.,1.,0.));
#9358=DIRECTION('',(-0.370354802651395,0.,-0.928890370362965));
#9359=DIRECTION('',(6.58099751991469E-16,1.,4.65034262178446E-17));
#9360=DIRECTION('',(1.,-6.58099751991469E-16,0.));
#9361=DIRECTION('',(0.,1.,0.));
#9362=DIRECTION('',(-0.637567715181991,0.,0.770394320174815));
#9363=DIRECTION('',(0.,-1.,0.));
#9364=DIRECTION('',(0.,-1.,0.));
#9365=DIRECTION('',(-0.770394320174812,0.,0.637567715181995));
#9366=DIRECTION('',(0.,-1.,0.));
#9367=DIRECTION('',(0.,1.,0.));
#9368=DIRECTION('',(1.,0.,0.));
#9369=DIRECTION('',(6.54205191118253E-15,1.,0.));
#9370=DIRECTION('',(-0.707106781186548,4.62592926927159E-15,-0.707106781186548));
#9371=DIRECTION('',(0.,-1.,0.));
#9372=DIRECTION('',(0.707106781186547,0.,0.707106781186549));
#9373=DIRECTION('',(0.,1.,0.));
#9374=DIRECTION('',(0.,0.,-1.));
#9375=DIRECTION('',(0.,-1.,0.));
#9376=DIRECTION('',(0.,0.,1.));
#9377=DIRECTION('',(0.,0.,1.));
#9378=DIRECTION('',(1.,0.,0.));
#9379=DIRECTION('',(0.,-1.,0.));
#9380=DIRECTION('',(-1.,0.,0.));
#9381=DIRECTION('',(-8.89601782550384E-17,-1.,8.89601782550384E-17));
#9382=DIRECTION('',(0.,-8.89601782550384E-17,-1.));
#9383=DIRECTION('',(3.55840713020154E-16,-1.,-3.55840713020154E-16));
#9384=DIRECTION('',(0.,3.55840713020154E-16,-1.));
#9385=DIRECTION('',(0.,1.,0.));
#9386=DIRECTION('',(0.,0.,-1.));
#9387=DIRECTION('',(0.,-1.,0.));
#9388=DIRECTION('',(-1.,0.,0.));
#9389=DIRECTION('',(1.14620695009936E-16,1.,0.));
#9390=DIRECTION('',(2.38793114603614E-15,0.,-1.));
#9391=DIRECTION('',(0.,1.,0.));
#9392=DIRECTION('',(2.38793114603614E-15,0.,-1.));
#9393=DIRECTION('',(-1.24167078281095E-16,-1.,0.));
#9394=DIRECTION('',(0.,0.,1.));
#9395=DIRECTION('',(0.,-1.,0.));
#9396=DIRECTION('',(0.,0.,1.));
#9397=DIRECTION('',(5.93067855033792E-16,1.,5.93067855034809E-16));
#9398=DIRECTION('',(0.,-5.93067855034809E-16,1.));
#9399=DIRECTION('',(-5.93067855034806E-16,1.,-5.93067855033793E-16));
#9400=DIRECTION('',(2.66880534765208E-15,-5.93067855033794E-16,-1.));
#9401=DIRECTION('',(0.,1.,0.));
#9402=DIRECTION('',(0.,0.,-1.));
#9403=DIRECTION('',(0.,-1.,0.));
#9404=DIRECTION('',(-9.52947695703457E-15,0.,1.));
#9405=DIRECTION('',(0.,-1.,0.));
#9406=DIRECTION('',(0.,0.,-1.));
#9407=DIRECTION('',(0.,-1.,0.));
#9408=DIRECTION('',(-1.,0.,0.));
#9409=DIRECTION('',(0.,0.,1.));
#9410=DIRECTION('',(1.,0.,0.));
#9411=DIRECTION('',(0.,1.,0.));
#9412=DIRECTION('',(1.,0.,0.));
#9413=DIRECTION('',(0.,-1.,0.));
#9414=DIRECTION('',(0.8191531377713,0.,-0.573574874693299));
#9415=DIRECTION('',(0.,1.,0.));
#9416=DIRECTION('',(0.,1.,0.));
#9417=DIRECTION('',(-0.819151039692321,0.,0.573577871061106));
#9418=DIRECTION('',(0.,1.,0.));
#9419=DIRECTION('',(0.,1.,0.));
#9420=DIRECTION('',(1.,0.,0.));
#9421=DIRECTION('',(0.,-1.,0.));
#9422=DIRECTION('',(-0.81915214378358,0.,0.573576294258023));
#9423=DIRECTION('',(0.,1.,0.));
#9424=DIRECTION('',(-0.866025441502778,0.,-0.499999934669913));
#9425=DIRECTION('',(0.,1.,0.));
#9426=DIRECTION('',(9.09957126311498E-14,1.,-2.43823025001022E-14));
#9427=DIRECTION('',(1.,-9.09957126311498E-14,0.));
#9428=DIRECTION('',(0.,-1.,0.));
#9429=DIRECTION('',(-0.866024810664655,0.,-0.500001027312193));
#9430=DIRECTION('',(0.,1.,0.));
#9431=DIRECTION('',(0.866026112694687,0.,0.499998772129422));
#9432=DIRECTION('',(0.,1.,0.));
#9433=DIRECTION('',(0.,-1.,0.));
#9434=DIRECTION('',(-1.,0.,0.));
#9435=DIRECTION('',(0.,1.,0.));
#9436=DIRECTION('',(-0.866025481815349,0.,-0.499999864846474));
#9437=DIRECTION('',(0.,-1.,0.));
#9438=DIRECTION('',(-0.98601334225812,0.,-0.166666400000035));
#9439=DIRECTION('',(0.,1.,0.));
#9440=DIRECTION('',(-2.18864149153087E-14,-2.89120579329474E-13,1.));
#9441=DIRECTION('',(1.,0.,2.18864149153087E-14));
#9442=DIRECTION('',(1.,0.,2.25636244787625E-14));
#9443=DIRECTION('',(-1.,0.,-2.25636244787625E-14));
#9444=DIRECTION('',(0.,1.,0.));
#9445=DIRECTION('',(0.,1.,0.));
#9446=DIRECTION('',(1.,0.,0.));
#9447=DIRECTION('',(0.,-1.,0.));
#9448=DIRECTION('',(0.,0.,-1.));
#9449=DIRECTION('',(0.,1.,0.));
#9450=DIRECTION('',(0.,0.,1.));
#9451=DIRECTION('',(0.,1.,0.));
#9452=DIRECTION('',(-2.25301330010514E-14,-2.97624125780341E-13,-1.));
#9453=DIRECTION('',(-1.,0.,2.25301330010514E-14));
#9454=DIRECTION('',(-1.,0.,2.25636244787609E-14));
#9455=DIRECTION('',(1.,0.,-2.25636244787625E-14));
#9456=DIRECTION('',(0.,1.,0.));
#9457=DIRECTION('',(0.,-1.,0.));
#9458=DIRECTION('',(-1.,0.,0.));
#9459=DIRECTION('',(0.,1.,0.));
#9460=DIRECTION('',(-0.986013342258201,0.,0.166666399999555));
#9461=DIRECTION('',(0.,-1.,0.));
#9462=DIRECTION('',(-0.819152034450999,0.,0.573576450401155));
#9463=DIRECTION('',(0.,1.,0.));
#9464=DIRECTION('',(0.,0.,-1.));
#9465=DIRECTION('',(0.,-1.,0.));
#9466=DIRECTION('',(-1.,0.,0.));
#9467=DIRECTION('',(0.,1.,0.));
#9468=DIRECTION('',(0.,0.,-1.));
#9469=DIRECTION('',(0.,-1.,0.));
#9470=DIRECTION('',(0.,0.,-1.));
#9471=DIRECTION('',(0.,1.,0.));
#9472=DIRECTION('',(1.,0.,0.));
#9473=DIRECTION('',(0.,-1.,0.));
#9474=DIRECTION('',(0.,0.,1.));
#9475=DIRECTION('',(0.,1.,0.));
#9476=DIRECTION('',(0.,0.,1.));
#9477=DIRECTION('',(0.,1.,0.));
#9478=DIRECTION('',(0.,0.,-1.));
#9479=DIRECTION('',(0.668048153909404,-2.15139840097431E-13,0.744118044438002));
#9480=DIRECTION('',(0.744118044438002,0.,-0.668048153909404));
#9481=DIRECTION('',(0.744118044437996,0.,-0.668048153909412));
#9482=DIRECTION('',(0.,1.,0.));
#9483=DIRECTION('',(-0.744118044437971,0.,0.668048153909439));
#9484=DIRECTION('',(0.,1.,0.));
#9485=DIRECTION('',(0.370600266742024,0.,0.928792464596231));
#9486=DIRECTION('',(0.928792464596231,0.,-0.370600266742024));
#9487=DIRECTION('',(0.928792464596214,0.,-0.370600266742067));
#9488=DIRECTION('',(-0.928792464596214,0.,0.370600266742067));
#9489=DIRECTION('',(0.,1.,0.));
#9490=DIRECTION('',(-1.,0.,0.));
#9491=DIRECTION('',(0.,0.,1.));
#9492=DIRECTION('',(0.,0.,1.));
#9493=DIRECTION('',(0.,0.,-1.));
#9494=DIRECTION('',(0.,1.,0.));
#9495=DIRECTION('',(-0.513562193097441,0.,-0.858052372423122));
#9496=DIRECTION('',(-0.858052372423122,0.,0.513562193097441));
#9497=DIRECTION('',(-0.858052372423345,0.,0.513562193097067));
#9498=DIRECTION('',(0.858052372423396,0.,-0.513562193096981));
#9499=DIRECTION('',(0.,1.,0.));
#9500=DIRECTION('',(-0.767441665770404,-1.90812416319249E-13,-0.641118779665318));
#9501=DIRECTION('',(-0.641118779665318,0.,0.767441665770404));
#9502=DIRECTION('',(-0.641118779664985,0.,0.767441665770683));
#9503=DIRECTION('',(0.641118779664985,0.,-0.767441665770683));
#9504=DIRECTION('',(0.,1.,0.));
#9505=DIRECTION('',(-0.963346210116787,-7.75598378818375E-14,-0.268261214963368));
#9506=DIRECTION('',(-0.268261214963368,0.,0.963346210116787));
#9507=DIRECTION('',(-0.268261214962862,0.,0.963346210116928));
#9508=DIRECTION('',(0.268261214962862,0.,-0.963346210116928));
#9509=DIRECTION('',(0.,1.,0.));
#9510=DIRECTION('',(-1.,0.,0.));
#9511=DIRECTION('',(0.,0.,1.));
#9512=DIRECTION('',(0.,0.,1.));
#9513=DIRECTION('',(0.,0.,-1.));
#9514=DIRECTION('',(0.,1.,0.));
#9515=DIRECTION('',(-0.963346462154457,-7.98407402082547E-14,0.268260309875485));
#9516=DIRECTION('',(0.268260309875485,0.,0.963346462154457));
#9517=DIRECTION('',(0.268260309875167,0.,0.963346462154545));
#9518=DIRECTION('',(-0.268260309875167,0.,-0.963346462154545));
#9519=DIRECTION('',(0.,1.,0.));
#9520=DIRECTION('',(-0.873646057186174,-1.44812585887205E-13,0.486561986557779));
#9521=DIRECTION('',(0.486561986557779,0.,0.873646057186174));
#9522=DIRECTION('',(0.486561986557374,0.,0.8736460571864));
#9523=DIRECTION('',(-0.486561986557374,0.,-0.8736460571864));
#9524=DIRECTION('',(0.,1.,0.));
#9525=DIRECTION('',(-0.370600266742232,2.76431045306797E-13,0.928792464596148));
#9526=DIRECTION('',(0.928792464596148,0.,0.370600266742232));
#9527=DIRECTION('',(0.928792464596096,0.,0.370600266742361));
#9528=DIRECTION('',(-0.928792464596128,0.,-0.370600266742282));
#9529=DIRECTION('',(0.,1.,0.));
#9530=DIRECTION('',(0.,0.,1.));
#9531=DIRECTION('',(1.,0.,0.));
#9532=DIRECTION('',(1.,0.,0.));
#9533=DIRECTION('',(-1.,0.,0.));
#9534=DIRECTION('',(0.,1.,0.));
#9535=DIRECTION('',(0.370600266742232,2.76431045306797E-13,0.928792464596148));
#9536=DIRECTION('',(0.928792464596148,0.,-0.370600266742232));
#9537=DIRECTION('',(0.928792464596128,0.,-0.370600266742282));
#9538=DIRECTION('',(-0.928792464596128,0.,0.370600266742282));
#9539=DIRECTION('',(0.,1.,0.));
#9540=DIRECTION('',(0.873646057186174,-1.44812585887205E-13,0.486561986557779));
#9541=DIRECTION('',(0.486561986557779,0.,-0.873646057186174));
#9542=DIRECTION('',(0.486561986557374,0.,-0.8736460571864));
#9543=DIRECTION('',(-0.486561986557374,0.,0.8736460571864));
#9544=DIRECTION('',(0.,1.,0.));
#9545=DIRECTION('',(0.963346462154463,-7.9840740208248E-14,0.268260309875463));
#9546=DIRECTION('',(0.268260309875463,0.,-0.963346462154463));
#9547=DIRECTION('',(0.268260309875167,0.,-0.963346462154545));
#9548=DIRECTION('',(-0.268260309875167,0.,0.963346462154545));
#9549=DIRECTION('',(0.,1.,0.));
#9550=DIRECTION('',(1.,0.,0.));
#9551=DIRECTION('',(0.,0.,-1.));
#9552=DIRECTION('',(0.,0.,-1.));
#9553=DIRECTION('',(0.,0.,1.));
#9554=DIRECTION('',(0.,1.,0.));
#9555=DIRECTION('',(0.986327612446236,0.,0.164796361992938));
#9556=DIRECTION('',(0.164796361992938,0.,-0.986327612446236));
#9557=DIRECTION('',(0.164796361992889,0.,-0.986327612446244));
#9558=DIRECTION('',(-0.164796361992889,0.,0.986327612446244));
#9559=DIRECTION('',(0.,1.,0.));
#9560=DIRECTION('',(0.922738471289352,1.14712274033702E-13,0.385426664363779));
#9561=DIRECTION('',(0.385426664363779,0.,-0.922738471289352));
#9562=DIRECTION('',(0.38542666436351,0.,-0.922738471289465));
#9563=DIRECTION('',(-0.38542666436351,0.,0.922738471289465));
#9564=DIRECTION('',(0.,1.,0.));
#9565=DIRECTION('',(0.767440636193401,0.,0.641120012103091));
#9566=DIRECTION('',(0.641120012103091,0.,-0.767440636193401));
#9567=DIRECTION('',(0.641120012103124,0.,-0.767440636193374));
#9568=DIRECTION('',(-0.641120012103124,0.,0.767440636193374));
#9569=DIRECTION('',(0.,1.,0.));
#9570=DIRECTION('',(0.513558897026542,2.55377674356672E-13,0.858054345181517));
#9571=DIRECTION('',(0.858054345181517,0.,-0.513558897026542));
#9572=DIRECTION('',(0.858054345181524,0.,-0.51355889702653));
#9573=DIRECTION('',(-0.858054345181524,0.,0.51355889702653));
#9574=DIRECTION('',(0.,1.,0.));
#9575=DIRECTION('',(0.,0.,1.));
#9576=DIRECTION('',(1.,0.,0.));
#9577=DIRECTION('',(1.,0.,0.));
#9578=DIRECTION('',(-1.,0.,0.));
#9579=DIRECTION('',(0.,1.,0.));
#9580=DIRECTION('',(-0.513558897026551,2.5537767435667E-13,0.858054345181512));
#9581=DIRECTION('',(0.858054345181512,0.,0.513558897026551));
#9582=DIRECTION('',(0.858054345181524,0.,0.51355889702653));
#9583=DIRECTION('',(-0.858054345181524,0.,-0.51355889702653));
#9584=DIRECTION('',(0.,1.,0.));
#9585=DIRECTION('',(-0.767440636193408,-7.57012183385803E-13,0.641120012103083));
#9586=DIRECTION('',(0.641120012103083,0.,0.767440636193408));
#9587=DIRECTION('',(0.641120012103124,0.,0.767440636193374));
#9588=DIRECTION('',(-0.641120012103124,0.,-0.767440636193374));
#9589=DIRECTION('',(0.,1.,0.));
#9590=DIRECTION('',(-0.922737576481815,0.,0.385428806588799));
#9591=DIRECTION('',(0.385428806588799,0.,0.922737576481815));
#9592=DIRECTION('',(0.385428806588736,0.,0.922737576481842));
#9593=DIRECTION('',(-0.385428806588736,0.,-0.922737576481842));
#9594=DIRECTION('',(0.,1.,0.));
#9595=DIRECTION('',(-0.986327962156026,3.36320572945125E-14,0.164794268920802));
#9596=DIRECTION('',(0.164794268920802,0.,0.986327962156026));
#9597=DIRECTION('',(0.164794268921009,0.,0.986327962155991));
#9598=DIRECTION('',(-0.164794268921009,0.,-0.986327962155991));
#9599=DIRECTION('',(0.,1.,0.));
#9600=DIRECTION('',(-1.,0.,0.));
#9601=DIRECTION('',(0.,0.,1.));
#9602=DIRECTION('',(0.,0.,1.));
#9603=DIRECTION('',(0.,0.,-1.));
#9604=DIRECTION('',(0.,1.,0.));
#9605=DIRECTION('',(-0.98632802058448,0.,-0.164793919213971));
#9606=DIRECTION('',(-0.164793919213971,0.,0.98632802058448));
#9607=DIRECTION('',(-0.164793919214098,0.,0.986328020584459));
#9608=DIRECTION('',(0.164793919214098,0.,-0.986328020584459));
#9609=DIRECTION('',(0.,1.,0.));
#9610=DIRECTION('',(-0.893982524649766,0.,-0.448101825058581));
#9611=DIRECTION('',(-0.448101825058581,0.,0.893982524649766));
#9612=DIRECTION('',(-0.448101825058292,0.,0.89398252464991));
#9613=DIRECTION('',(0.448101825058292,0.,-0.89398252464991));
#9614=DIRECTION('',(0.,1.,0.));
#9615=DIRECTION('',(-0.583352926503218,0.,-0.812218790191493));
#9616=DIRECTION('',(-0.812218790191493,0.,0.583352926503218));
#9617=DIRECTION('',(-0.812218790191442,0.,0.583352926503288));
#9618=DIRECTION('',(0.812218790191442,0.,-0.583352926503288));
#9619=DIRECTION('',(0.,1.,0.));
#9620=DIRECTION('',(-0.286694042991414,-2.85130518203001E-13,-0.95802219479156));
#9621=DIRECTION('',(-0.95802219479156,0.,0.286694042991414));
#9622=DIRECTION('',(-0.95802219479151,0.,0.28669404299158));
#9623=DIRECTION('',(0.95802219479151,0.,-0.28669404299158));
#9624=DIRECTION('',(0.,1.,0.));
#9625=DIRECTION('',(1.,0.,0.));
#9626=DIRECTION('',(0.,0.,-1.));
#9627=DIRECTION('',(0.,0.,-1.));
#9628=DIRECTION('',(0.,0.,1.));
#9629=DIRECTION('',(0.,1.,0.));
#9630=DIRECTION('',(0.370596779905781,2.68533417690152E-13,0.92879385588163));
#9631=DIRECTION('',(0.92879385588163,0.,-0.370596779905781));
#9632=DIRECTION('',(0.928793855881564,0.,-0.370596779905946));
#9633=DIRECTION('',(-0.928793855881564,0.,0.370596779905946));
#9634=DIRECTION('',(0.,1.,0.));
#9635=DIRECTION('',(0.767441552790144,-1.25391042889071E-13,0.641118914906628));
#9636=DIRECTION('',(0.641118914906628,0.,-0.767441552790144));
#9637=DIRECTION('',(0.641118914906706,0.,-0.767441552790079));
#9638=DIRECTION('',(-0.641118914906706,0.,0.767441552790079));
#9639=DIRECTION('',(0.,1.,0.));
#9640=DIRECTION('',(0.978879176970938,-5.73692386523498E-14,0.204439616739755));
#9641=DIRECTION('',(0.204439616739755,0.,-0.978879176970938));
#9642=DIRECTION('',(0.204439616739659,0.,-0.978879176970959));
#9643=DIRECTION('',(-0.204439616739659,0.,0.978879176970959));
#9644=DIRECTION('',(0.,1.,0.));
#9645=DIRECTION('',(1.,0.,0.));
#9646=DIRECTION('',(0.,0.,-1.));
#9647=DIRECTION('',(0.,0.,-1.));
#9648=DIRECTION('',(0.,0.,1.));
#9649=DIRECTION('',(0.,1.,0.));
#9650=DIRECTION('',(0.978879176970938,-6.08461622070379E-14,-0.204439616739756));
#9651=DIRECTION('',(-0.204439616739756,0.,-0.978879176970938));
#9652=DIRECTION('',(-0.204439616739659,0.,-0.978879176970959));
#9653=DIRECTION('',(0.204439616739659,0.,0.978879176970959));
#9654=DIRECTION('',(0.,1.,0.));
#9655=DIRECTION('',(0.873646057186701,1.36537580979099E-13,-0.486561986556832));
#9656=DIRECTION('',(-0.486561986556832,0.,-0.873646057186701));
#9657=DIRECTION('',(-0.486561986557403,0.,-0.873646057186384));
#9658=DIRECTION('',(0.486561986557403,0.,0.873646057186384));
#9659=DIRECTION('',(0.,1.,0.));
#9660=DIRECTION('',(0.623750052088915,0.,-0.781623868954292));
#9661=DIRECTION('',(-0.781623868954292,0.,-0.623750052088915));
#9662=DIRECTION('',(-0.781623868954072,0.,-0.62375005208919));
#9663=DIRECTION('',(0.781623868954072,0.,0.62375005208919));
#9664=DIRECTION('',(0.,1.,0.));
#9665=DIRECTION('',(0.,0.,-1.));
#9666=DIRECTION('',(-1.,0.,0.));
#9667=DIRECTION('',(-1.,0.,0.));
#9668=DIRECTION('',(1.,0.,0.));
#9669=DIRECTION('',(0.,1.,0.));
#9670=DIRECTION('',(-0.623751710452797,2.25983163185496E-13,-0.781622545546896));
#9671=DIRECTION('',(-0.781622545546896,0.,0.623751710452797));
#9672=DIRECTION('',(-0.781622545547197,0.,0.623751710452421));
#9673=DIRECTION('',(0.781622545547197,0.,-0.623751710452421));
#9674=DIRECTION('',(0.,1.,0.));
#9675=DIRECTION('',(-0.873644707045622,9.93005536445807E-14,-0.486564410793852));
#9676=DIRECTION('',(-0.486564410793852,0.,0.873644707045622));
#9677=DIRECTION('',(-0.48656441079376,0.,0.873644707045674));
#9678=DIRECTION('',(0.48656441079376,0.,-0.873644707045674));
#9679=DIRECTION('',(0.,1.,0.));
#9680=DIRECTION('',(-0.978879711105526,-6.08454010299611E-14,-0.204437059228416));
#9681=DIRECTION('',(-0.204437059228416,0.,0.978879711105526));
#9682=DIRECTION('',(-0.204437059228701,0.,0.978879711105466));
#9683=DIRECTION('',(0.204437059228701,0.,-0.978879711105466));
#9684=DIRECTION('',(0.,1.,0.));
#9685=DIRECTION('',(-1.,0.,0.));
#9686=DIRECTION('',(0.,0.,1.));
#9687=DIRECTION('',(0.,0.,1.));
#9688=DIRECTION('',(0.,0.,-1.));
#9689=DIRECTION('',(0.,1.,0.));
#9690=DIRECTION('',(-0.978879176970942,-5.91077004296889E-14,-0.204439616739739));
#9691=DIRECTION('',(-0.204439616739739,0.,0.978879176970942));
#9692=DIRECTION('',(-0.204439616739688,0.,0.978879176970953));
#9693=DIRECTION('',(0.204439616739688,0.,-0.978879176970953));
#9694=DIRECTION('',(0.,1.,0.));
#9695=DIRECTION('',(-0.922737576481851,0.,-0.385428806588713));
#9696=DIRECTION('',(-0.385428806588713,0.,0.922737576481851));
#9697=DIRECTION('',(-0.38542880658868,0.,0.922737576481865));
#9698=DIRECTION('',(0.38542880658868,0.,-0.922737576481865));
#9699=DIRECTION('',(0.,1.,0.));
#9700=DIRECTION('',(-0.76744063619339,0.,-0.641120012103104));
#9701=DIRECTION('',(-0.641120012103104,0.,0.76744063619339));
#9702=DIRECTION('',(-0.641120012103126,0.,0.767440636193372));
#9703=DIRECTION('',(0.641120012103126,0.,-0.767440636193372));
#9704=DIRECTION('',(0.,1.,0.));
#9705=DIRECTION('',(-0.286696912856347,0.,-0.958021335962117));
#9706=DIRECTION('',(-0.958021335962117,0.,0.286696912856347));
#9707=DIRECTION('',(-0.958021335962109,0.,0.286696912856376));
#9708=DIRECTION('',(0.95802133596211,0.,-0.286696912856371));
#9709=DIRECTION('',(0.,1.,0.));
#9710=DIRECTION('',(0.,0.,-1.));
#9711=DIRECTION('',(-1.,0.,0.));
#9712=DIRECTION('',(-1.,0.,0.));
#9713=DIRECTION('',(1.,0.,0.));
#9714=DIRECTION('',(0.,1.,0.));
#9715=DIRECTION('',(0.286697771691905,0.,-0.958021078947064));
#9716=DIRECTION('',(-0.958021078947064,0.,-0.286697771691905));
#9717=DIRECTION('',(-0.958021078947094,0.,-0.286697771691804));
#9718=DIRECTION('',(0.958021078947094,0.,0.286697771691804));
#9719=DIRECTION('',(0.,1.,0.));
#9720=DIRECTION('',(0.767440636193441,-1.85360989318951E-13,-0.641120012103044));
#9721=DIRECTION('',(-0.641120012103044,0.,-0.767440636193441));
#9722=DIRECTION('',(-0.641120012103126,0.,-0.767440636193372));
#9723=DIRECTION('',(0.641120012103126,0.,0.767440636193372));
#9724=DIRECTION('',(0.,1.,0.));
#9725=DIRECTION('',(0.922737576481823,-1.14712911611546E-13,-0.38542880658878));
#9726=DIRECTION('',(-0.38542880658878,0.,-0.922737576481823));
#9727=DIRECTION('',(-0.38542880658868,0.,-0.922737576481865));
#9728=DIRECTION('',(0.38542880658868,0.,0.922737576481865));
#9729=DIRECTION('',(0.,1.,0.));
#9730=DIRECTION('',(0.978879176971048,-6.08461622068811E-14,-0.20443961673923));
#9731=DIRECTION('',(-0.20443961673923,0.,-0.978879176971048));
#9732=DIRECTION('',(-0.20443961673967,0.,-0.978879176970956));
#9733=DIRECTION('',(0.20443961673967,0.,0.978879176970956));
#9734=DIRECTION('',(0.,1.,0.));
#9735=DIRECTION('',(1.,0.,0.));
#9736=DIRECTION('',(0.,0.,-1.));
#9737=DIRECTION('',(0.,0.,-1.));
#9738=DIRECTION('',(0.,0.,1.));
#9739=DIRECTION('',(0.,1.,0.));
#9740=DIRECTION('',(0.986327670876155,0.,0.164796012281908));
#9741=DIRECTION('',(0.164796012281908,0.,-0.986327670876155));
#9742=DIRECTION('',(0.16479601228179,0.,-0.986327670876175));
#9743=DIRECTION('',(-0.16479601228179,0.,0.986327670876175));
#9744=DIRECTION('',(0.,1.,0.));
#9745=DIRECTION('',(0.847407670112384,0.,0.530942784709144));
#9746=DIRECTION('',(0.530942784709144,0.,-0.847407670112384));
#9747=DIRECTION('',(0.530942784709247,0.,-0.84740767011232));
#9748=DIRECTION('',(-0.530942784709247,0.,0.84740767011232));
#9749=DIRECTION('',(0.,1.,0.));
#9750=DIRECTION('',(0.,0.,-1.));
#9751=DIRECTION('',(-0.370596779905646,0.,-0.928793855881684));
#9752=DIRECTION('',(-0.928793855881684,0.,0.370596779905646));
#9753=DIRECTION('',(-0.928793855881646,0.,0.37059677990574));
#9754=DIRECTION('',(0.,1.,0.));
#9755=DIRECTION('',(0.928793855881646,0.,-0.37059677990574));
#9756=DIRECTION('',(0.,1.,0.));
#9757=DIRECTION('',(-0.767441665770407,-1.74457066349027E-13,-0.641118779665315));
#9758=DIRECTION('',(-0.641118779665315,0.,0.767441665770407));
#9759=DIRECTION('',(-0.641118779664985,0.,0.767441665770683));
#9760=DIRECTION('',(0.641118779664985,0.,-0.767441665770683));
#9761=DIRECTION('',(0.,1.,0.));
#9762=DIRECTION('',(-0.963346210116788,-7.29974944770231E-14,-0.268261214963367));
#9763=DIRECTION('',(-0.268261214963367,0.,0.963346210116788));
#9764=DIRECTION('',(-0.268261214962881,0.,0.963346210116923));
#9765=DIRECTION('',(0.268261214962881,0.,-0.963346210116923));
#9766=DIRECTION('',(0.,1.,0.));
#9767=DIRECTION('',(-1.,0.,0.));
#9768=DIRECTION('',(0.,0.,1.));
#9769=DIRECTION('',(0.,0.,1.));
#9770=DIRECTION('',(0.,0.,-1.));
#9771=DIRECTION('',(0.,1.,0.));
#9772=DIRECTION('',(0.,0.,1.));
#9773=DIRECTION('',(1.,0.,0.));
#9774=DIRECTION('',(1.,0.,0.));
#9775=DIRECTION('',(-1.,0.,0.));
#9776=DIRECTION('',(0.,1.,0.));
#9777=DIRECTION('',(0.668048153909483,-1.39208131827736E-13,0.744118044437931));
#9778=DIRECTION('',(0.744118044437932,0.,-0.668048153909483));
#9779=DIRECTION('',(0.744118044438038,0.,-0.668048153909365));
#9780=DIRECTION('',(0.,1.,0.));
#9781=DIRECTION('',(-0.744118044438038,0.,0.668048153909365));
#9782=DIRECTION('',(0.,1.,0.));
#9783=DIRECTION('',(0.370596779905849,-1.73756917328917E-13,0.928793855881603));
#9784=DIRECTION('',(0.928793855881603,0.,-0.370596779905849));
#9785=DIRECTION('',(0.928793855881593,0.,-0.370596779905873));
#9786=DIRECTION('',(-0.928793855881593,0.,0.370596779905873));
#9787=DIRECTION('',(0.,1.,0.));
#9788=DIRECTION('',(0.,0.,1.));
#9789=DIRECTION('',(1.,0.,0.));
#9790=DIRECTION('',(1.,0.,0.));
#9791=DIRECTION('',(-1.,0.,0.));
#9792=DIRECTION('',(0.,1.,0.));
#9793=DIRECTION('',(-0.370595388629839,-2.68533578189638E-13,0.928794411011554));
#9794=DIRECTION('',(0.928794411011554,0.,0.370595388629839));
#9795=DIRECTION('',(0.928794411011616,0.,0.370595388629683));
#9796=DIRECTION('',(-0.928794411011616,0.,-0.370595388629683));
#9797=DIRECTION('',(0.,1.,0.));
#9798=DIRECTION('',(-0.668048153909475,-1.39208131827737E-13,0.744118044437939));
#9799=DIRECTION('',(0.744118044437939,0.,0.668048153909475));
#9800=DIRECTION('',(0.74411804443803,0.,0.668048153909373));
#9801=DIRECTION('',(-0.74411804443803,0.,-0.668048153909373));
#9802=DIRECTION('',(0.,1.,0.));
#9803=DIRECTION('',(-0.84740832146547,-1.62535960523962E-13,0.530941745120004));
#9804=DIRECTION('',(0.530941745120004,0.,0.84740832146547));
#9805=DIRECTION('',(0.530941745120196,0.,0.847408321465349));
#9806=DIRECTION('',(-0.530941745120196,0.,-0.847408321465349));
#9807=DIRECTION('',(0.,1.,0.));
#9808=DIRECTION('',(-0.986327612446236,0.,0.164796361992938));
#9809=DIRECTION('',(0.164796361992938,0.,0.986327612446236));
#9810=DIRECTION('',(0.164796361992895,0.,0.986327612446243));
#9811=DIRECTION('',(-0.164796361992895,0.,-0.986327612446243));
#9812=DIRECTION('',(0.,1.,0.));
#9813=DIRECTION('',(1.,0.,0.));
#9814=DIRECTION('',(0.,0.,-1.));
#9815=DIRECTION('',(0.,0.,-1.));
#9816=DIRECTION('',(0.,0.,1.));
#9817=DIRECTION('',(0.,1.,0.));
#9818=DIRECTION('',(0.963346210116782,-7.75598378818434E-14,-0.268261214963389));
#9819=DIRECTION('',(-0.268261214963389,0.,-0.963346210116782));
#9820=DIRECTION('',(-0.268261214962881,0.,-0.963346210116923));
#9821=DIRECTION('',(0.268261214962881,0.,0.963346210116923));
#9822=DIRECTION('',(0.,1.,0.));
#9823=DIRECTION('',(0.767441665770421,-1.9626419964265E-13,-0.641118779665298));
#9824=DIRECTION('',(-0.641118779665298,0.,-0.767441665770421));
#9825=DIRECTION('',(-0.641118779664985,0.,-0.767441665770683));
#9826=DIRECTION('',(0.641118779664985,0.,0.767441665770683));
#9827=DIRECTION('',(0.,1.,0.));
#9828=DIRECTION('',(0.370596779905646,0.,-0.928793855881684));
#9829=DIRECTION('',(-0.928793855881684,0.,-0.370596779905646));
#9830=DIRECTION('',(-0.928793855881642,0.,-0.37059677990575));
#9831=DIRECTION('',(0.928793855881642,0.,0.37059677990575));
#9832=DIRECTION('',(0.,1.,0.));
#9833=DIRECTION('',(0.,0.,-1.));
#9834=DIRECTION('',(-1.,0.,0.));
#9835=DIRECTION('',(-1.,0.,0.));
#9836=DIRECTION('',(1.,0.,0.));
#9837=DIRECTION('',(-1.,0.,0.));
#9838=DIRECTION('',(0.,0.,1.));
#9839=DIRECTION('',(0.,0.,1.));
#9840=DIRECTION('',(0.,0.,-1.));
#9841=DIRECTION('',(0.,1.,0.));
#9842=DIRECTION('',(0.,0.,1.));
#9843=DIRECTION('',(1.,0.,0.));
#9844=DIRECTION('',(1.,0.,0.));
#9845=DIRECTION('',(-1.,0.,0.));
#9846=DIRECTION('',(0.,1.,0.));
#9847=DIRECTION('',(-1.,0.,0.));
#9848=DIRECTION('',(0.,0.,1.));
#9849=DIRECTION('',(0.,0.,1.));
#9850=DIRECTION('',(0.,0.,-1.));
#9851=DIRECTION('',(0.,1.,0.));
#9852=DIRECTION('',(0.,0.,-1.));
#9853=DIRECTION('',(-1.,0.,0.));
#9854=DIRECTION('',(-1.,0.,0.));
#9855=DIRECTION('',(1.,0.,0.));
#9856=DIRECTION('',(0.,1.,0.));
#9857=DIRECTION('',(1.,0.,0.));
#9858=DIRECTION('',(0.,0.,-1.));
#9859=DIRECTION('',(0.,0.,-1.));
#9860=DIRECTION('',(0.,0.,1.));
#9861=DIRECTION('',(0.,1.,0.));
#9862=DIRECTION('',(0.986327612446236,0.,0.164796361992938));
#9863=DIRECTION('',(0.164796361992938,0.,-0.986327612446236));
#9864=DIRECTION('',(0.164796361992881,0.,-0.986327612446246));
#9865=DIRECTION('',(-0.164796361992881,0.,0.986327612446246));
#9866=DIRECTION('',(0.,1.,0.));
#9867=DIRECTION('',(0.84740832146547,-1.53506184939297E-13,0.530941745120004));
#9868=DIRECTION('',(0.530941745120004,0.,-0.84740832146547));
#9869=DIRECTION('',(0.530941745120196,0.,-0.847408321465349));
#9870=DIRECTION('',(-0.530941745120196,0.,0.847408321465349));
#9871=DIRECTION('',(0.,1.,0.));
#9872=DIRECTION('',(0.,0.,-1.));
#9873=DIRECTION('',(0.623750052088834,2.32630120686588E-13,-0.781623868954357));
#9874=DIRECTION('',(-0.781623868954357,0.,-0.623750052088834));
#9875=DIRECTION('',(-0.781623868954069,0.,-0.623750052089194));
#9876=DIRECTION('',(0.,1.,0.));
#9877=DIRECTION('',(0.781623868954069,0.,0.623750052089194));
#9878=DIRECTION('',(0.,1.,0.));
#9879=DIRECTION('',(0.286696912856515,1.87371315419324E-13,-0.958021335962067));
#9880=DIRECTION('',(-0.958021335962067,0.,-0.286696912856515));
#9881=DIRECTION('',(-0.958021335962057,0.,-0.28669691285655));
#9882=DIRECTION('',(0.958021335962057,0.,0.28669691285655));
#9883=DIRECTION('',(0.,1.,0.));
#9884=DIRECTION('',(0.,0.,-1.));
#9885=DIRECTION('',(-1.,0.,0.));
#9886=DIRECTION('',(-1.,0.,0.));
#9887=DIRECTION('',(1.,0.,0.));
#9888=DIRECTION('',(0.,1.,0.));
#9889=DIRECTION('',(1.,0.,0.));
#9890=DIRECTION('',(0.,0.,-1.));
#9891=DIRECTION('',(0.,0.,-1.));
#9892=DIRECTION('',(0.,0.,1.));
#9893=DIRECTION('',(0.,1.,0.));
#9894=DIRECTION('',(0.,0.,1.));
#9895=DIRECTION('',(1.,0.,0.));
#9896=DIRECTION('',(1.,0.,0.));
#9897=DIRECTION('',(-1.,0.,0.));
#9898=DIRECTION('',(0.,1.,0.));
#9899=DIRECTION('',(-0.232827973504086,1.902065830814E-13,0.972517935440771));
#9900=DIRECTION('',(0.972517935440771,0.,0.232827973504086));
#9901=DIRECTION('',(0.97251793544074,0.,0.232827973504218));
#9902=DIRECTION('',(-0.97251793544074,0.,-0.232827973504218));
#9903=DIRECTION('',(0.,1.,0.));
#9904=DIRECTION('',(-0.513558897026671,0.,0.85805434518144));
#9905=DIRECTION('',(0.85805434518144,0.,0.513558897026671));
#9906=DIRECTION('',(0.858054345181475,0.,0.513558897026612));
#9907=DIRECTION('',(-0.858054345181451,0.,-0.513558897026651));
#9908=DIRECTION('',(0.,1.,0.));
#9909=DIRECTION('',(-0.767440636193356,-9.47824966508232E-13,0.641120012103145));
#9910=DIRECTION('',(0.641120012103145,0.,0.767440636193356));
#9911=DIRECTION('',(0.641120012103187,0.,0.767440636193321));
#9912=DIRECTION('',(-0.641120012103187,0.,-0.767440636193321));
#9913=DIRECTION('',(0.,1.,0.));
#9914=DIRECTION('',(-0.922737576481837,-1.11435399851207E-13,0.385428806588749));
#9915=DIRECTION('',(0.385428806588748,0.,0.922737576481837));
#9916=DIRECTION('',(0.385428806588734,0.,0.922737576481842));
#9917=DIRECTION('',(-0.385428806588734,0.,-0.922737576481842));
#9918=DIRECTION('',(0.,1.,0.));
#9919=DIRECTION('',(-0.986327962156022,0.,0.164794268920823));
#9920=DIRECTION('',(0.164794268920823,0.,0.986327962156022));
#9921=DIRECTION('',(0.164794268921009,0.,0.986327962155991));
#9922=DIRECTION('',(-0.164794268921009,0.,-0.986327962155991));
#9923=DIRECTION('',(0.,1.,0.));
#9924=DIRECTION('',(-1.,0.,0.));
#9925=DIRECTION('',(0.,0.,1.));
#9926=DIRECTION('',(0.,0.,1.));
#9927=DIRECTION('',(0.,0.,-1.));
#9928=DIRECTION('',(0.,1.,0.));
#9929=DIRECTION('',(-0.98632802058448,0.,-0.164793919213971));
#9930=DIRECTION('',(-0.164793919213971,0.,0.98632802058448));
#9931=DIRECTION('',(-0.164793919214097,0.,0.986328020584459));
#9932=DIRECTION('',(0.164793919214097,0.,-0.986328020584459));
#9933=DIRECTION('',(0.,1.,0.));
#9934=DIRECTION('',(-0.922737576481815,0.,-0.385428806588801));
#9935=DIRECTION('',(-0.385428806588801,0.,0.922737576481815));
#9936=DIRECTION('',(-0.385428806588682,0.,0.922737576481865));
#9937=DIRECTION('',(0.385428806588682,0.,-0.922737576481865));
#9938=DIRECTION('',(0.,1.,0.));
#9939=DIRECTION('',(-0.767440636193339,1.25391257480491E-13,-0.641120012103166));
#9940=DIRECTION('',(-0.641120012103166,0.,0.767440636193339));
#9941=DIRECTION('',(-0.641120012103189,0.,0.76744063619332));
#9942=DIRECTION('',(0.641120012103189,0.,-0.76744063619332));
#9943=DIRECTION('',(0.,1.,0.));
#9944=DIRECTION('',(-0.513558897026554,2.5537767435667E-13,-0.85805434518151));
#9945=DIRECTION('',(-0.85805434518151,0.,0.513558897026554));
#9946=DIRECTION('',(-0.858054345181524,0.,0.51355889702653));
#9947=DIRECTION('',(0.858054345181524,0.,-0.51355889702653));
#9948=DIRECTION('',(0.,1.,0.));
#9949=DIRECTION('',(-0.232825571806829,0.,-0.97251851042169));
#9950=DIRECTION('',(-0.97251851042169,0.,0.232825571806829));
#9951=DIRECTION('',(-0.972518510421685,0.,0.232825571806848));
#9952=DIRECTION('',(0.972518510421685,0.,-0.232825571806848));
#9953=DIRECTION('',(0.,1.,0.));
#9954=DIRECTION('',(0.,0.,-1.));
#9955=DIRECTION('',(-1.,0.,0.));
#9956=DIRECTION('',(-1.,0.,0.));
#9957=DIRECTION('',(1.,0.,0.));
#9958=DIRECTION('',(0.,1.,0.));
#9959=DIRECTION('',(1.,0.,0.));
#9960=DIRECTION('',(0.,0.,-1.));
#9961=DIRECTION('',(0.,0.,-1.));
#9962=DIRECTION('',(0.,0.,1.));
#9963=DIRECTION('',(0.,1.,0.));
#9964=DIRECTION('',(0.,0.,1.));
#9965=DIRECTION('',(1.,0.,0.));
#9966=DIRECTION('',(1.,0.,0.));
#9967=DIRECTION('',(-1.,0.,0.));
#9968=DIRECTION('',(0.,1.,0.));
#9969=DIRECTION('',(0.286694042991242,0.,0.958022194791611));
#9970=DIRECTION('',(0.958022194791611,0.,-0.286694042991242));
#9971=DIRECTION('',(0.958022194791564,0.,-0.2866940429914));
#9972=DIRECTION('',(-0.958022194791564,0.,0.2866940429914));
#9973=DIRECTION('',(0.,1.,0.));
#9974=DIRECTION('',(0.623750052088958,0.,0.781623868954257));
#9975=DIRECTION('',(0.781623868954257,0.,-0.623750052088958));
#9976=DIRECTION('',(0.781623868954,0.,-0.62375005208928));
#9977=DIRECTION('',(-0.781623868954,0.,0.62375005208928));
#9978=DIRECTION('',(0.,1.,0.));
#9979=DIRECTION('',(0.873646809120055,1.40674693080938E-13,0.486560636420935));
#9980=DIRECTION('',(0.486560636420935,0.,-0.873646809120055));
#9981=DIRECTION('',(0.486560636421191,0.,-0.873646809119913));
#9982=DIRECTION('',(-0.486560636421191,0.,0.873646809119913));
#9983=DIRECTION('',(0.,1.,0.));
#9984=DIRECTION('',(0.978879176970945,0.,0.204439616739724));
#9985=DIRECTION('',(0.204439616739724,0.,-0.978879176970945));
#9986=DIRECTION('',(0.204439616739636,0.,-0.978879176970963));
#9987=DIRECTION('',(-0.204439616739636,0.,0.978879176970963));
#9988=DIRECTION('',(0.,1.,0.));
#9989=DIRECTION('',(1.,0.,0.));
#9990=DIRECTION('',(0.,0.,-1.));
#9991=DIRECTION('',(0.,0.,-1.));
#9992=DIRECTION('',(0.,0.,1.));
#9993=DIRECTION('',(0.,1.,0.));
#9994=DIRECTION('',(0.978879176970938,-6.08461622070376E-14,-0.204439616739755));
#9995=DIRECTION('',(-0.204439616739755,0.,-0.978879176970938));
#9996=DIRECTION('',(-0.204439616739659,0.,-0.978879176970959));
#9997=DIRECTION('',(0.204439616739659,0.,0.978879176970959));
#9998=DIRECTION('',(0.,1.,0.));
#9999=DIRECTION('',(0.8736460571867,1.40675083433012E-13,-0.486561986556834));
#10000=DIRECTION('',(-0.486561986556834,0.,-0.8736460571867));
#10001=DIRECTION('',(-0.486561986557403,0.,-0.873646057186384));
#10002=DIRECTION('',(0.486561986557403,0.,0.873646057186384));
#10003=DIRECTION('',(0.,1.,0.));
#10004=DIRECTION('',(0.,0.,-1.));
#10005=DIRECTION('',(0.,0.,1.));
#10006=DIRECTION('',(1.,0.,0.));
#10007=DIRECTION('',(1.,0.,0.));
#10008=DIRECTION('',(0.,1.,0.));
#10009=DIRECTION('',(-1.,0.,0.));
#10010=DIRECTION('',(0.,1.,0.));
#10011=DIRECTION('',(-1.,0.,0.));
#10012=DIRECTION('',(0.,0.,1.));
#10013=DIRECTION('',(0.,0.,1.));
#10014=DIRECTION('',(0.,0.,-1.));
#10015=DIRECTION('',(0.,1.,0.));
#10016=DIRECTION('',(0.,0.,-1.));
#10017=DIRECTION('',(-1.,0.,0.));
#10018=DIRECTION('',(-1.,0.,0.));
#10019=DIRECTION('',(1.,0.,0.));
#10020=DIRECTION('',(0.,1.,0.));
#10021=DIRECTION('',(-1.,0.,0.));
#10022=DIRECTION('',(0.,0.,1.));
#10023=DIRECTION('',(0.,0.,1.));
#10024=DIRECTION('',(0.,0.,-1.));
#10025=DIRECTION('',(0.,1.,0.));
#10026=DIRECTION('',(0.,0.,1.));
#10027=DIRECTION('',(1.,0.,0.));
#10028=DIRECTION('',(1.,0.,0.));
#10029=DIRECTION('',(-1.,0.,0.));
#10030=DIRECTION('',(0.,1.,0.));
#10031=DIRECTION('',(-1.,0.,0.));
#10032=DIRECTION('',(0.,0.,1.));
#10033=DIRECTION('',(0.,0.,1.));
#10034=DIRECTION('',(0.,0.,-1.));
#10035=DIRECTION('',(0.,1.,0.));
#10036=DIRECTION('',(0.,0.,-1.));
#10037=DIRECTION('',(-1.,0.,0.));
#10038=DIRECTION('',(-1.,0.,0.));
#10039=DIRECTION('',(1.,0.,0.));
#10040=DIRECTION('',(0.,1.,0.));
#10041=DIRECTION('',(1.,0.,0.));
#10042=DIRECTION('',(0.,0.,-1.));
#10043=DIRECTION('',(0.,0.,-1.));
#10044=DIRECTION('',(0.,0.,1.));
#10045=DIRECTION('',(0.,1.,0.));
#10046=DIRECTION('',(0.,0.,1.));
#10047=DIRECTION('',(1.,0.,0.));
#10048=DIRECTION('',(1.,0.,0.));
#10049=DIRECTION('',(-1.,0.,0.));
#10050=DIRECTION('',(0.,1.,0.));
#10051=DIRECTION('',(1.,0.,0.));
#10052=DIRECTION('',(0.,0.,-1.));
#10053=DIRECTION('',(0.,0.,-1.));
#10054=DIRECTION('',(0.,0.,1.));
#10055=DIRECTION('',(0.,1.,0.));
#10056=DIRECTION('',(0.,0.,-1.));
#10057=DIRECTION('',(-1.,0.,0.));
#10058=DIRECTION('',(-1.,0.,0.));
#10059=DIRECTION('',(1.,0.,0.));
#10060=DIRECTION('',(0.,1.,0.));
#10061=DIRECTION('',(1.,0.,0.));
#10062=DIRECTION('',(0.,0.,-1.));
#10063=DIRECTION('',(0.,0.,-1.));
#10064=DIRECTION('',(0.,0.,1.));
#10065=DIRECTION('',(0.,1.,0.));
#10066=DIRECTION('',(0.,0.,-1.));
#10067=DIRECTION('',(0.866024971624077,-1.48812285668661E-13,0.500000748522956));
#10068=DIRECTION('',(0.500000748522956,0.,-0.866024971624077));
#10069=DIRECTION('',(0.50000074852285,0.,-0.866024971624138));
#10070=DIRECTION('',(0.,1.,0.));
#10071=DIRECTION('',(-0.50000074852285,0.,0.866024971624138));
#10072=DIRECTION('',(0.,1.,0.));
#10073=DIRECTION('',(0.,1.,0.));
#10074=DIRECTION('',(1.,0.,0.));
#10075=DIRECTION('',(0.,-1.,0.));
#10076=DIRECTION('',(-0.866024971671709,0.,-0.500000748440456));
#10077=DIRECTION('',(0.,1.,0.));
#10078=DIRECTION('',(0.866025370110665,0.,0.500000058324683));
#10079=DIRECTION('',(0.,1.,0.));
#10080=DIRECTION('',(-0.866025369985614,0.,-0.500000058541276));
#10081=DIRECTION('',(-0.500000058541276,0.,0.866025369985614));
#10082=DIRECTION('',(-0.500000058541508,0.,0.866025369985481));
#10083=DIRECTION('',(0.500000058541508,0.,-0.866025369985481));
#10084=DIRECTION('',(0.,1.,0.));
#10085=DIRECTION('',(0.,-1.,0.));
#10086=DIRECTION('',(-1.,0.,0.));
#10087=DIRECTION('',(0.,1.,0.));
#10088=DIRECTION('',(-0.348669685080488,0.,0.937245672545824));
#10089=DIRECTION('',(0.,-1.,0.));
#10090=DIRECTION('',(0.57391782381084,0.,0.818912896169201));
#10091=DIRECTION('',(0.,1.,0.));
#10092=DIRECTION('',(9.29385046886681E-14,1.,1.64475978689235E-14));
#10093=DIRECTION('',(1.,-9.29385046886681E-14,0.));
#10094=DIRECTION('',(0.,-1.,0.));
#10095=DIRECTION('',(-0.571522935397937,0.,-0.820586091957526));
#10096=DIRECTION('',(0.,1.,0.));
#10097=DIRECTION('',(0.573576197829615,0.,0.819152211303445));
#10098=DIRECTION('',(0.,1.,0.));
#10099=DIRECTION('',(0.,1.,0.));
#10100=DIRECTION('',(1.,0.,0.));
#10101=DIRECTION('',(0.,-1.,0.));
#10102=DIRECTION('',(0.573576197807989,0.,0.819152211318587));
#10103=DIRECTION('',(0.,1.,0.));
#10104=DIRECTION('',(-0.500000000393086,0.,0.866025403557491));
#10105=DIRECTION('',(0.,1.,0.));
#10106=DIRECTION('',(0.,1.,0.));
#10107=DIRECTION('',(1.,0.,0.));
#10108=DIRECTION('',(0.,-1.,0.));
#10109=DIRECTION('',(-0.500000000391878,0.,0.866025403558188));
#10110=DIRECTION('',(0.,1.,0.));
#10111=DIRECTION('',(-0.8660246054413,0.,-0.50000138276833));
#10112=DIRECTION('',(0.,1.,0.));
#10113=DIRECTION('',(0.,0.,-1.));
#10114=DIRECTION('',(-0.866025350565044,1.4881209032477E-13,-0.500000092178684));
#10115=DIRECTION('',(-0.500000092178684,0.,0.866025350565044));
#10116=DIRECTION('',(-0.500000092178611,0.,0.866025350565086));
#10117=DIRECTION('',(0.,1.,0.));
#10118=DIRECTION('',(0.500000092178611,0.,-0.866025350565086));
#10119=DIRECTION('',(0.,1.,0.));
#10120=DIRECTION('',(0.,1.,0.));
#10121=DIRECTION('',(1.,0.,0.));
#10122=DIRECTION('',(0.,-1.,0.));
#10123=DIRECTION('',(0.866025350776163,0.,0.500000091813015));
#10124=DIRECTION('',(0.,1.,0.));
#10125=DIRECTION('',(-0.866025920180329,0.,-0.499999105575014));
#10126=DIRECTION('',(0.,1.,0.));
#10127=DIRECTION('',(0.866025920445835,-1.00306962704209E-12,0.499999105115144));
#10128=DIRECTION('',(0.499999105115144,0.,-0.866025920445835));
#10129=DIRECTION('',(0.499999105115027,0.,-0.866025920445902));
#10130=DIRECTION('',(-0.499999105115027,0.,0.866025920445902));
#10131=DIRECTION('',(0.,1.,0.));
#10132=DIRECTION('',(0.,-1.,0.));
#10133=DIRECTION('',(-1.,0.,0.));
#10134=DIRECTION('',(0.,1.,0.));
#10135=DIRECTION('',(0.348669685080117,0.,-0.937245672545962));
#10136=DIRECTION('',(5.78095788476587E-15,-1.,4.50715320892634E-14));
#10137=DIRECTION('',(-0.573917824052493,-4.44089209850031E-14,-0.818912895999845));
#10138=DIRECTION('',(0.,1.,0.));
#10139=DIRECTION('',(0.,1.,0.));
#10140=DIRECTION('',(1.,0.,0.));
#10141=DIRECTION('',(0.,-1.,0.));
#10142=DIRECTION('',(0.571522935606669,0.,0.820586091812148));
#10143=DIRECTION('',(0.,1.,0.));
#10144=DIRECTION('',(-0.573576198247517,0.,-0.819152211010826));
#10145=DIRECTION('',(0.,1.,0.));
#10146=DIRECTION('',(0.,1.,0.));
#10147=DIRECTION('',(1.,0.,0.));
#10148=DIRECTION('',(0.,-1.,0.));
#10149=DIRECTION('',(-0.573576198067176,0.,-0.819152211137103));
#10150=DIRECTION('',(0.,1.,0.));
#10151=DIRECTION('',(0.500000000392999,0.,-0.866025403557541));
#10152=DIRECTION('',(0.,1.,0.));
#10153=DIRECTION('',(0.,1.,0.));
#10154=DIRECTION('',(1.,0.,0.));
#10155=DIRECTION('',(-3.33399391679919E-13,-1.,2.55826336736777E-13));
#10156=DIRECTION('',(0.500000000392081,-3.99680928354607E-13,-0.866025403558071));
#10157=DIRECTION('',(0.,1.,0.));
#10158=DIRECTION('',(0.866025350565064,0.,0.500000092178649));
#10159=DIRECTION('',(0.,1.,0.));
#10160=DIRECTION('',(0.,0.,-1.));
#10161=DIRECTION('',(0.,1.,0.));
#10162=DIRECTION('',(0.,0.,-1.));
#10163=DIRECTION('',(-1.,0.,0.));
#10164=DIRECTION('',(0.,1.,0.));
#10165=DIRECTION('',(-2.08166817117201E-14,0.,-1.));
#10166=DIRECTION('',(0.,1.,0.));
#10167=DIRECTION('',(-0.927024810886958,0.,-0.375));
#10168=DIRECTION('',(0.,1.,0.));
#10169=DIRECTION('',(-0.927024810886967,0.,0.374999999999977));
#10170=DIRECTION('',(1.,0.,-1.21146066956357E-13));
#10171=DIRECTION('',(0.,1.,0.));
#10172=DIRECTION('',(5.03069808033256E-14,0.,1.));
#10173=DIRECTION('',(0.,0.,-1.));
#10174=DIRECTION('',(0.,1.,0.));
#10175=DIRECTION('',(1.,0.,0.));
#10176=DIRECTION('',(0.,1.,0.));
#10177=DIRECTION('',(0.,0.,-1.));
#10178=DIRECTION('',(5.14602144722751E-15,1.,7.63278329429802E-15));
#10179=DIRECTION('',(0.,-7.63278329429802E-15,1.));
#10180=DIRECTION('',(0.,-1.,0.));
#10181=DIRECTION('',(0.,-1.,0.));
#10182=DIRECTION('',(-0.927024810886939,0.,-0.375000000000046));
#10183=DIRECTION('',(0.,-1.,0.));
#10184=DIRECTION('',(-4.57424128642421E-15,1.,6.13643382895811E-29));
#10185=DIRECTION('',(1.,4.57424128642421E-15,0.));
#10186=DIRECTION('',(0.,-1.,0.));
#10187=DIRECTION('',(-0.927024810886949,0.,0.375000000000022));
#10188=DIRECTION('',(0.,-1.,0.));
#10189=DIRECTION('',(0.,1.,0.));
#10190=DIRECTION('',(1.,0.,0.));
#10191=DIRECTION('',(0.,-1.,0.));
#10192=DIRECTION('',(0.,0.,1.));
#10193=DIRECTION('',(0.,-1.,0.));
#10194=DIRECTION('',(1.20997821374707E-13,0.,1.));
#10195=DIRECTION('',(-1.,0.,1.20997821374707E-13));
#10196=DIRECTION('',(-1.,0.,1.21146066956357E-13));
#10197=DIRECTION('',(0.,-1.,0.));
#10198=DIRECTION('',(0.,1.,0.));
#10199=DIRECTION('',(1.,0.,0.));
#10200=DIRECTION('',(0.,-1.,0.));
#10201=DIRECTION('',(1.,0.,5.03069808033248E-14));
#10202=DIRECTION('',(0.,-1.,0.));
#10203=DIRECTION('',(1.,0.,0.));
#10204=DIRECTION('',(0.,0.,1.));
#10205=DIRECTION('',(0.,0.,1.));
#10206=DIRECTION('',(0.,-1.,0.));
#10207=DIRECTION('',(0.,1.,0.));
#10208=DIRECTION('',(1.,0.,0.));
#10209=DIRECTION('',(0.,-1.,0.));
#10210=DIRECTION('',(1.38777878078144E-14,0.,-1.));
#10211=DIRECTION('',(0.,-1.,0.));
#10212=DIRECTION('',(3.54237042840424E-14,0.,-1.));
#10213=DIRECTION('',(1.,0.,3.54237042840424E-14));
#10214=DIRECTION('',(1.,0.,0.));
#10215=DIRECTION('',(0.,1.,0.));
#10216=DIRECTION('',(0.,0.,-1.));
#10217=DIRECTION('',(0.,-1.,0.));
#10218=DIRECTION('',(0.,0.,1.));
#10219=DIRECTION('',(0.,0.,1.));
#10220=DIRECTION('',(1.,0.,0.));
#10221=DIRECTION('',(0.0720794143553565,0.,0.997398896142456));
#10222=DIRECTION('',(-0.997398896142456,0.,0.0720794143553565));
#10223=DIRECTION('',(-0.997398896142454,0.,0.0720794143553818));
#10224=DIRECTION('',(0.,-1.,0.));
#10225=DIRECTION('',(-0.997398896142454,0.,0.0720794143553818));
#10226=DIRECTION('',(0.,-1.,0.));
#10227=DIRECTION('',(0.,-1.,0.));
#10228=DIRECTION('',(-1.,0.,0.));
#10229=DIRECTION('',(1.30169083763225E-14,1.,4.22261301135455E-18));
#10230=DIRECTION('',(-0.974361717906269,1.28115960974663E-14,-0.224987205588996));
#10231=DIRECTION('',(0.,1.,0.));
#10232=DIRECTION('',(-0.974361717906269,0.,-0.224987205588996));
#10233=DIRECTION('',(0.,-1.,0.));
#10234=DIRECTION('',(0.0719823836574332,0.,-0.99740590355331));
#10235=DIRECTION('',(0.99740590355331,0.,0.0719823836574332));
#10236=DIRECTION('',(0.997405903553308,0.,0.0719823836574522));
#10237=DIRECTION('',(0.997405903553308,0.,0.0719823836574522));
#10238=DIRECTION('',(0.,-1.,0.));
#10239=DIRECTION('',(0.,-1.,0.));
#10240=DIRECTION('',(-1.,0.,0.));
#10241=DIRECTION('',(-4.14210876761135E-14,1.,4.39594273107799E-14));
#10242=DIRECTION('',(-0.995519916906719,-3.49776943563888E-14,0.0945520758208842));
#10243=DIRECTION('',(0.,1.,0.));
#10244=DIRECTION('',(-0.995519916906719,0.,0.0945520758208842));
#10245=DIRECTION('',(0.,-1.,0.));
#10246=DIRECTION('',(-0.999999981242898,0.,-0.000193685837934879));
#10247=DIRECTION('',(0.000193685837934879,0.,-0.999999981242898));
#10248=DIRECTION('',(0.000193685837923391,0.,-0.999999981242898));
#10249=DIRECTION('',(0.000193685837923391,0.,-0.999999981242898));
#10250=DIRECTION('',(0.,-1.,0.));
#10251=DIRECTION('',(0.,-1.,0.));
#10252=DIRECTION('',(-1.,0.,0.));
#10253=DIRECTION('',(-3.77597791447419E-14,1.,-3.72705352686457E-14));
#10254=DIRECTION('',(-0.0271683698516312,-3.52465805514396E-14,-0.999630871711956));
#10255=DIRECTION('',(-3.77597791447419E-14,1.,-3.72705352686457E-14));
#10256=DIRECTION('',(-0.0271683698516312,-3.52465805514396E-14,-0.999630871711956));
#10257=DIRECTION('',(0.,-1.,0.));
#10258=DIRECTION('',(0.,0.,1.));
#10259=DIRECTION('',(0.,1.,0.));
#10260=DIRECTION('',(0.,0.,-1.));
#10261=DIRECTION('',(0.,0.,1.));
#10262=DIRECTION('',(1.,0.,0.));
#10263=DIRECTION('',(-6.50845418816129E-15,1.,-2.11130650567727E-18));
#10264=DIRECTION('',(1.,6.50845418816129E-15,0.));
#10265=DIRECTION('',(6.50845418816125E-15,1.,2.11130650567726E-18));
#10266=DIRECTION('',(-0.974361717906269,6.40579804873305E-15,-0.224987205588992));
#10267=DIRECTION('',(0.,1.,0.));
#10268=DIRECTION('',(0.,-1.,0.));
#10269=DIRECTION('',(-0.974507482031096,0.,0.224355003210122));
#10270=DIRECTION('',(0.,1.,0.));
#10271=DIRECTION('',(0.0720794143553183,0.,0.997398896142458));
#10272=DIRECTION('',(0.997398896142458,0.,-0.0720794143553183));
#10273=DIRECTION('',(-0.997398896142452,0.,0.0720794143553983));
#10274=DIRECTION('',(0.997398896142452,0.,-0.0720794143553983));
#10275=DIRECTION('',(0.,1.,0.));
#10276=DIRECTION('',(0.,-1.,0.));
#10277=DIRECTION('',(-1.,0.,0.));
#10278=DIRECTION('',(0.,-1.,0.));
#10279=DIRECTION('',(-0.973803045553418,0.,0.227393114387591));
#10280=DIRECTION('',(-1.27797525302791E-14,1.,5.61982702671097E-18));
#10281=DIRECTION('',(-0.974002658679252,-1.21673664017457E-14,-0.22653657736831));
#10282=DIRECTION('',(0.,1.,0.));
#10283=DIRECTION('',(0.0719823836573625,0.,-0.997405903553315));
#10284=DIRECTION('',(-0.997405903553315,0.,-0.0719823836573625));
#10285=DIRECTION('',(0.997405903553312,0.,0.0719823836574045));
#10286=DIRECTION('',(-0.997405903553312,0.,-0.0719823836574045));
#10287=DIRECTION('',(0.,-1.,0.));
#10288=DIRECTION('',(0.,0.,1.));
#10289=DIRECTION('',(0.,1.,0.));
#10290=DIRECTION('',(0.,0.,-1.));
#10291=DIRECTION('',(0.,0.,1.));
#10292=DIRECTION('',(1.,0.,0.));
#10293=DIRECTION('',(-0.699625350695981,0.,0.714509880032128));
#10294=DIRECTION('',(0.714509880032128,0.,0.699625350695981));
#10295=DIRECTION('',(0.714509880032195,0.,0.699625350695912));
#10296=DIRECTION('',(0.,1.,0.));
#10297=DIRECTION('',(0.714509880032195,0.,0.699625350695912));
#10298=DIRECTION('',(0.,1.,0.));
#10299=DIRECTION('',(-0.890604650917493,0.,0.454778358944366));
#10300=DIRECTION('',(0.454778358944366,0.,0.890604650917493));
#10301=DIRECTION('',(0.454778358944383,0.,0.890604650917484));
#10302=DIRECTION('',(0.454778358944383,0.,0.890604650917484));
#10303=DIRECTION('',(0.,1.,0.));
#10304=DIRECTION('',(-0.989523962814886,0.,0.144368718963365));
#10305=DIRECTION('',(0.144368718963365,0.,0.989523962814886));
#10306=DIRECTION('',(0.144368719018718,0.,0.989523962806811));
#10307=DIRECTION('',(0.144368719018718,0.,0.989523962806811));
#10308=DIRECTION('',(0.,1.,0.));
#10309=DIRECTION('',(-1.,0.,0.));
#10310=DIRECTION('',(0.,0.,1.));
#10311=DIRECTION('',(0.,0.,1.));
#10312=DIRECTION('',(0.,0.,1.));
#10313=DIRECTION('',(0.,1.,0.));
#10314=DIRECTION('',(-0.989523962814886,0.,-0.144368718963365));
#10315=DIRECTION('',(-0.144368718963366,0.,0.989523962814886));
#10316=DIRECTION('',(-0.144368719018742,0.,0.989523962806807));
#10317=DIRECTION('',(-0.144368719018742,0.,0.989523962806807));
#10318=DIRECTION('',(0.,1.,0.));
#10319=DIRECTION('',(-0.890604650917493,0.,-0.454778358944366));
#10320=DIRECTION('',(-0.454778358944366,0.,0.890604650917493));
#10321=DIRECTION('',(-0.454778358944383,0.,0.890604650917484));
#10322=DIRECTION('',(-0.454778358944383,0.,0.890604650917484));
#10323=DIRECTION('',(0.,1.,0.));
#10324=DIRECTION('',(-0.699625350695978,0.,-0.714509880032131));
#10325=DIRECTION('',(-0.714509880032131,0.,0.699625350695978));
#10326=DIRECTION('',(-0.714509880032198,0.,0.699625350695909));
#10327=DIRECTION('',(-0.714509880032198,0.,0.699625350695909));
#10328=DIRECTION('',(0.,1.,0.));
#10329=DIRECTION('',(-0.2377716762403,0.,-0.971321074608123));
#10330=DIRECTION('',(-0.971321074608123,0.,0.2377716762403));
#10331=DIRECTION('',(-0.971321074608161,0.,0.237771676240142));
#10332=DIRECTION('',(-0.971321074608161,0.,0.237771676240142));
#10333=DIRECTION('',(0.,1.,0.));
#10334=DIRECTION('',(0.,0.,-1.));
#10335=DIRECTION('',(-1.,0.,0.));
#10336=DIRECTION('',(-1.,0.,0.));
#10337=DIRECTION('',(-1.,0.,0.));
#10338=DIRECTION('',(0.,1.,0.));
#10339=DIRECTION('',(0.237771676240298,0.,-0.971321074608123));
#10340=DIRECTION('',(-0.971321074608123,0.,-0.237771676240298));
#10341=DIRECTION('',(-0.971321074608161,0.,-0.237771676240143));
#10342=DIRECTION('',(-0.971321074608161,0.,-0.237771676240143));
#10343=DIRECTION('',(0.,1.,0.));
#10344=DIRECTION('',(0.546621223291333,0.,-0.837379984384321));
#10345=DIRECTION('',(-0.837379984384321,0.,-0.546621223291333));
#10346=DIRECTION('',(-0.837379984384296,0.,-0.546621223291373));
#10347=DIRECTION('',(-0.837379984384296,0.,-0.546621223291373));
#10348=DIRECTION('',(0.,1.,0.));
#10349=DIRECTION('',(0.793879083706633,0.,-0.608075653560572));
#10350=DIRECTION('',(-0.608075653560572,0.,-0.793879083706633));
#10351=DIRECTION('',(-0.608075653560554,0.,-0.793879083706647));
#10352=DIRECTION('',(-0.608075653560554,0.,-0.793879083706647));
#10353=DIRECTION('',(0.,1.,0.));
#10354=DIRECTION('',(-0.925734650151428,0.,-0.378173713402998));
#10355=DIRECTION('',(-0.378173713402998,0.,0.925734650151428));
#10356=DIRECTION('',(-0.378173713402867,0.,0.925734650151482));
#10357=DIRECTION('',(-0.378173713402867,0.,0.925734650151482));
#10358=DIRECTION('',(0.,1.,0.));
#10359=DIRECTION('',(-0.546623725347792,0.,-0.83737835109758));
#10360=DIRECTION('',(-0.83737835109758,0.,0.546623725347792));
#10361=DIRECTION('',(-0.837378351097506,0.,0.546623725347905));
#10362=DIRECTION('',(-0.837378351097506,0.,0.546623725347905));
#10363=DIRECTION('',(0.,1.,0.));
#10364=DIRECTION('',(-0.237770577964825,0.,-0.971321343456568));
#10365=DIRECTION('',(-0.971321343456568,0.,0.237770577964825));
#10366=DIRECTION('',(-0.971321343456514,0.,0.237770577965047));
#10367=DIRECTION('',(-0.971321343456514,0.,0.237770577965047));
#10368=DIRECTION('',(0.,1.,0.));
#10369=DIRECTION('',(0.,0.,-1.));
#10370=DIRECTION('',(-1.,0.,0.));
#10371=DIRECTION('',(-1.,0.,0.));
#10372=DIRECTION('',(-1.,0.,0.));
#10373=DIRECTION('',(0.,1.,0.));
#10374=DIRECTION('',(0.310280927292574,0.,-0.950644910657213));
#10375=DIRECTION('',(-0.950644910657213,0.,-0.310280927292574));
#10376=DIRECTION('',(-0.950644910657314,0.,-0.310280927292264));
#10377=DIRECTION('',(-0.950644910657314,0.,-0.310280927292264));
#10378=DIRECTION('',(0.,1.,0.));
#10379=DIRECTION('',(0.546621223291288,0.,-0.837379984384351));
#10380=DIRECTION('',(-0.837379984384351,0.,-0.546621223291288));
#10381=DIRECTION('',(-0.837379984384456,0.,-0.546621223291127));
#10382=DIRECTION('',(-0.837379984384456,0.,-0.546621223291127));
#10383=DIRECTION('',(0.,1.,0.));
#10384=DIRECTION('',(0.826598374883003,0.,-0.56279225886714));
#10385=DIRECTION('',(-0.56279225886714,0.,-0.826598374883003));
#10386=DIRECTION('',(-0.562792258867026,0.,-0.826598374883081));
#10387=DIRECTION('',(-0.562792258867026,0.,-0.826598374883081));
#10388=DIRECTION('',(0.,1.,0.));
#10389=DIRECTION('',(0.890606454511943,0.,-0.454774826899716));
#10390=DIRECTION('',(-0.454774826899716,0.,-0.890606454511943));
#10391=DIRECTION('',(-0.454774826899709,0.,-0.890606454511946));
#10392=DIRECTION('',(-0.454774826899709,0.,-0.890606454511946));
#10393=DIRECTION('',(0.,1.,0.));
#10394=DIRECTION('',(0.968917512969835,0.,-0.247384019411826));
#10395=DIRECTION('',(-0.247384019411826,0.,-0.968917512969835));
#10396=DIRECTION('',(-0.247384019411773,0.,-0.968917512969848));
#10397=DIRECTION('',(-0.247384019411773,0.,-0.968917512969848));
#10398=DIRECTION('',(0.,1.,0.));
#10399=DIRECTION('',(1.,0.,0.));
#10400=DIRECTION('',(0.,0.,-1.));
#10401=DIRECTION('',(0.,0.,-1.));
#10402=DIRECTION('',(0.,0.,-1.));
#10403=DIRECTION('',(0.,1.,0.));
#10404=DIRECTION('',(0.968917512969834,0.,0.247384019411827));
#10405=DIRECTION('',(0.247384019411827,0.,-0.968917512969834));
#10406=DIRECTION('',(0.247384019411775,0.,-0.968917512969848));
#10407=DIRECTION('',(0.247384019411775,0.,-0.968917512969848));
#10408=DIRECTION('',(0.,1.,0.));
#10409=DIRECTION('',(0.890606454511979,0.,0.454774826899645));
#10410=DIRECTION('',(0.454774826899645,0.,-0.890606454511979));
#10411=DIRECTION('',(0.454774826899712,0.,-0.890606454511945));
#10412=DIRECTION('',(0.454774826899712,0.,-0.890606454511945));
#10413=DIRECTION('',(0.,1.,0.));
#10414=DIRECTION('',(0.826598374883042,0.,0.562792258867082));
#10415=DIRECTION('',(0.562792258867082,0.,-0.826598374883042));
#10416=DIRECTION('',(0.562792258867075,0.,-0.826598374883047));
#10417=DIRECTION('',(0.562792258867075,0.,-0.826598374883047));
#10418=DIRECTION('',(0.,1.,0.));
#10419=DIRECTION('',(0.54662122329142,0.,0.837379984384265));
#10420=DIRECTION('',(0.837379984384265,0.,-0.54662122329142));
#10421=DIRECTION('',(0.837379984384261,0.,-0.546621223291427));
#10422=DIRECTION('',(0.837379984384261,0.,-0.546621223291427));
#10423=DIRECTION('',(0.,1.,0.));
#10424=DIRECTION('',(0.31028092729252,0.,0.950644910657231));
#10425=DIRECTION('',(0.950644910657231,0.,-0.31028092729252));
#10426=DIRECTION('',(0.950644910657314,0.,-0.310280927292264));
#10427=DIRECTION('',(0.950644910657314,0.,-0.310280927292264));
#10428=DIRECTION('',(0.,1.,0.));
#10429=DIRECTION('',(-1.,0.,0.));
#10430=DIRECTION('',(0.,0.,1.));
#10431=DIRECTION('',(0.,0.,1.));
#10432=DIRECTION('',(0.,0.,1.));
#10433=DIRECTION('',(0.,1.,0.));
#10434=DIRECTION('',(-0.439712271224632,0.,-0.89813869671364));
#10435=DIRECTION('',(-0.89813869671364,0.,0.439712271224632));
#10436=DIRECTION('',(-0.898138696713421,0.,0.439712271225079));
#10437=DIRECTION('',(-0.898138696713421,0.,0.439712271225079));
#10438=DIRECTION('',(0.,1.,0.));
#10439=DIRECTION('',(-0.699627099374325,0.,-0.714508167777716));
#10440=DIRECTION('',(-0.714508167777716,0.,0.699627099374325));
#10441=DIRECTION('',(-0.714508167777718,0.,0.699627099374322));
#10442=DIRECTION('',(-0.714508167777718,0.,0.699627099374322));
#10443=DIRECTION('',(0.,1.,0.));
#10444=DIRECTION('',(-0.890604650917511,0.,-0.45477835894433));
#10445=DIRECTION('',(-0.45477835894433,0.,0.890604650917511));
#10446=DIRECTION('',(-0.454778358944412,0.,0.890604650917469));
#10447=DIRECTION('',(-0.454778358944412,0.,0.890604650917469));
#10448=DIRECTION('',(0.,1.,0.));
#10449=DIRECTION('',(-0.979770573803041,0.,-0.200124018322792));
#10450=DIRECTION('',(-0.200124018322792,0.,0.979770573803041));
#10451=DIRECTION('',(-0.200124018322717,0.,0.979770573803055));
#10452=DIRECTION('',(-0.200124018322717,0.,0.979770573803055));
#10453=DIRECTION('',(0.,1.,0.));
#10454=DIRECTION('',(-1.,0.,0.));
#10455=DIRECTION('',(0.,0.,1.));
#10456=DIRECTION('',(0.,0.,1.));
#10457=DIRECTION('',(0.,0.,1.));
#10458=DIRECTION('',(0.,1.,0.));
#10459=DIRECTION('',(-0.979770573803041,0.,0.200124018322792));
#10460=DIRECTION('',(0.200124018322792,0.,0.979770573803041));
#10461=DIRECTION('',(0.200124018322717,0.,0.979770573803055));
#10462=DIRECTION('',(0.200124018322717,0.,0.979770573803055));
#10463=DIRECTION('',(0.,1.,0.));
#10464=DIRECTION('',(-0.89060465091755,0.,0.454778358944254));
#10465=DIRECTION('',(0.454778358944254,0.,0.89060465091755));
#10466=DIRECTION('',(0.454778358944337,0.,0.890604650917508));
#10467=DIRECTION('',(0.454778358944337,0.,0.890604650917508));
#10468=DIRECTION('',(0.,1.,0.));
#10469=DIRECTION('',(-0.699627099374114,0.,0.714508167777922));
#10470=DIRECTION('',(0.714508167777922,0.,0.699627099374114));
#10471=DIRECTION('',(0.714508167777785,0.,0.699627099374254));
#10472=DIRECTION('',(0.714508167777785,0.,0.699627099374254));
#10473=DIRECTION('',(0.,1.,0.));
#10474=DIRECTION('',(-0.439712271224632,0.,0.89813869671364));
#10475=DIRECTION('',(0.89813869671364,0.,0.439712271224632));
#10476=DIRECTION('',(0.898138696713427,0.,0.439712271225068));
#10477=DIRECTION('',(0.898138696713427,0.,0.439712271225068));
#10478=DIRECTION('',(0.,1.,0.));
#10479=DIRECTION('',(0.,0.,1.));
#10480=DIRECTION('',(1.,0.,0.));
#10481=DIRECTION('',(1.,0.,0.));
#10482=DIRECTION('',(1.,0.,0.));
#10483=DIRECTION('',(0.,1.,0.));
#10484=DIRECTION('',(0.439712271224921,0.,0.898138696713499));
#10485=DIRECTION('',(0.898138696713499,0.,-0.439712271224921));
#10486=DIRECTION('',(0.898138696713458,0.,-0.439712271225004));
#10487=DIRECTION('',(0.898138696713458,0.,-0.439712271225004));
#10488=DIRECTION('',(0.,1.,0.));
#10489=DIRECTION('',(0.826600938456863,0.,0.56278849361215));
#10490=DIRECTION('',(0.56278849361215,0.,-0.826600938456863));
#10491=DIRECTION('',(0.562788493612073,0.,-0.826600938456916));
#10492=DIRECTION('',(0.562788493612073,0.,-0.826600938456916));
#10493=DIRECTION('',(0.,1.,0.));
#10494=DIRECTION('',(0.985821077259366,0.,0.167799891630429));
#10495=DIRECTION('',(0.167799891630429,0.,-0.985821077259366));
#10496=DIRECTION('',(0.1677998916304,0.,-0.98582107725937));
#10497=DIRECTION('',(0.1677998916304,0.,-0.98582107725937));
#10498=DIRECTION('',(0.,1.,0.));
#10499=DIRECTION('',(1.,0.,0.));
#10500=DIRECTION('',(0.,0.,-1.));
#10501=DIRECTION('',(0.,0.,-1.));
#10502=DIRECTION('',(0.,0.,-1.));
#10503=DIRECTION('',(0.,1.,0.));
#10504=DIRECTION('',(0.,0.,1.));
#10505=DIRECTION('',(1.,0.,0.));
#10506=DIRECTION('',(1.,0.,0.));
#10507=DIRECTION('',(1.,0.,0.));
#10508=DIRECTION('',(0.,1.,0.));
#10509=DIRECTION('',(-1.,0.,0.));
#10510=DIRECTION('',(0.,0.,1.));
#10511=DIRECTION('',(0.,0.,1.));
#10512=DIRECTION('',(0.,0.,1.));
#10513=DIRECTION('',(0.,1.,0.));
#10514=DIRECTION('',(-0.946649578338644,0.,0.322264760455232));
#10515=DIRECTION('',(0.322264760455232,0.,0.946649578338644));
#10516=DIRECTION('',(0.322264760455208,0.,0.946649578338652));
#10517=DIRECTION('',(0.322264760455208,0.,0.946649578338652));
#10518=DIRECTION('',(0.,1.,0.));
#10519=DIRECTION('',(-0.699623602022543,0.,0.714511592273353));
#10520=DIRECTION('',(0.714511592273353,0.,0.699623602022543));
#10521=DIRECTION('',(0.714511592273308,0.,0.699623602022589));
#10522=DIRECTION('',(0.714511592273308,0.,0.699623602022589));
#10523=DIRECTION('',(0.,1.,0.));
#10524=DIRECTION('',(-0.439714007754199,0.,0.898137846538459));
#10525=DIRECTION('',(0.898137846538459,0.,0.439714007754199));
#10526=DIRECTION('',(0.898137846538392,0.,0.439714007754336));
#10527=DIRECTION('',(0.898137846538392,0.,0.439714007754336));
#10528=DIRECTION('',(0.,1.,0.));
#10529=DIRECTION('',(0.,0.,1.));
#10530=DIRECTION('',(1.,0.,0.));
#10531=DIRECTION('',(1.,0.,0.));
#10532=DIRECTION('',(1.,0.,0.));
#10533=DIRECTION('',(0.,1.,0.));
#10534=DIRECTION('',(0.546623725347797,0.,0.837378351097576));
#10535=DIRECTION('',(0.837378351097576,0.,-0.546623725347797));
#10536=DIRECTION('',(0.837378351097654,0.,-0.546623725347678));
#10537=DIRECTION('',(0.837378351097654,0.,-0.546623725347678));
#10538=DIRECTION('',(0.,1.,0.));
#10539=DIRECTION('',(0.82659837488288,0.,0.562792258867321));
#10540=DIRECTION('',(0.562792258867321,0.,-0.82659837488288));
#10541=DIRECTION('',(0.56279225886729,0.,-0.826598374882901));
#10542=DIRECTION('',(0.56279225886729,0.,-0.826598374882901));
#10543=DIRECTION('',(0.,1.,0.));
#10544=DIRECTION('',(0.979770573803078,0.,0.200124018322605));
#10545=DIRECTION('',(0.200124018322605,0.,-0.979770573803078));
#10546=DIRECTION('',(0.200124018322491,0.,-0.979770573803102));
#10547=DIRECTION('',(0.200124018322491,0.,-0.979770573803102));
#10548=DIRECTION('',(0.,1.,0.));
#10549=DIRECTION('',(1.,0.,0.));
#10550=DIRECTION('',(0.,0.,-1.));
#10551=DIRECTION('',(0.,0.,-1.));
#10552=DIRECTION('',(0.,0.,-1.));
#10553=DIRECTION('',(0.,1.,0.));
#10554=DIRECTION('',(0.979770573803088,0.,-0.200124018322559));
#10555=DIRECTION('',(-0.200124018322559,0.,-0.979770573803088));
#10556=DIRECTION('',(-0.200124018322491,0.,-0.979770573803102));
#10557=DIRECTION('',(-0.200124018322491,0.,-0.979770573803102));
#10558=DIRECTION('',(0.,1.,0.));
#10559=DIRECTION('',(0.826598374882882,0.,-0.562792258867318));
#10560=DIRECTION('',(-0.562792258867318,0.,-0.826598374882882));
#10561=DIRECTION('',(-0.562792258867339,0.,-0.826598374882868));
#10562=DIRECTION('',(-0.562792258867339,0.,-0.826598374882868));
#10563=DIRECTION('',(0.,1.,0.));
#10564=DIRECTION('',(0.546623725348097,0.,-0.837378351097381));
#10565=DIRECTION('',(-0.837378351097381,0.,-0.546623725348097));
#10566=DIRECTION('',(-0.837378351097459,0.,-0.546623725347978));
#10567=DIRECTION('',(-0.837378351097459,0.,-0.546623725347978));
#10568=DIRECTION('',(0.,1.,0.));
#10569=DIRECTION('',(1.,0.,0.));
#10570=DIRECTION('',(0.,0.,-1.));
#10571=DIRECTION('',(0.,0.,-1.));
#10572=DIRECTION('',(0.,0.,-1.));
#10573=DIRECTION('',(0.,1.,0.));
#10574=DIRECTION('',(-0.237771676240308,0.,0.971321074608121));
#10575=DIRECTION('',(0.971321074608121,0.,0.237771676240308));
#10576=DIRECTION('',(0.971321074608163,0.,0.237771676240135));
#10577=DIRECTION('',(0.971321074608163,0.,0.237771676240135));
#10578=DIRECTION('',(0.,1.,0.));
#10579=DIRECTION('',(0.,0.,-1.));
#10580=DIRECTION('',(0.,-1.,0.));
#10581=DIRECTION('',(0.,0.,1.));
#10582=DIRECTION('',(0.,0.,1.));
#10583=DIRECTION('',(1.,0.,0.));
#10584=DIRECTION('',(-0.738922887437566,0.,0.673790001722295));
#10585=DIRECTION('',(0.673790001722295,0.,0.738922887437566));
#10586=DIRECTION('',(0.673790001722334,0.,0.73892288743753));
#10587=DIRECTION('',(0.,1.,0.));
#10588=DIRECTION('',(0.673790001722334,0.,0.73892288743753));
#10589=DIRECTION('',(0.,1.,0.));
#10590=DIRECTION('',(-0.439714007754419,0.,0.898137846538351));
#10591=DIRECTION('',(0.898137846538351,0.,0.439714007754419));
#10592=DIRECTION('',(0.898137846538364,0.,0.439714007754393));
#10593=DIRECTION('',(0.898137846538364,0.,0.439714007754393));
#10594=DIRECTION('',(0.,1.,0.));
#10595=DIRECTION('',(0.,0.,1.));
#10596=DIRECTION('',(1.,0.,0.));
#10597=DIRECTION('',(1.,0.,0.));
#10598=DIRECTION('',(1.,0.,0.));
#10599=DIRECTION('',(0.,1.,0.));
#10600=DIRECTION('',(0.546623725347987,0.,0.837378351097453));
#10601=DIRECTION('',(0.837378351097453,0.,-0.546623725347987));
#10602=DIRECTION('',(0.837378351097563,0.,-0.546623725347819));
#10603=DIRECTION('',(0.837378351097563,0.,-0.546623725347819));
#10604=DIRECTION('',(0.,1.,0.));
#10605=DIRECTION('',(0.826598374883185,0.,0.562792258866873));
#10606=DIRECTION('',(0.562792258866873,0.,-0.826598374883185));
#10607=DIRECTION('',(0.562792258866855,0.,-0.826598374883198));
#10608=DIRECTION('',(0.562792258866855,0.,-0.826598374883198));
#10609=DIRECTION('',(0.,1.,0.));
#10610=DIRECTION('',(0.979770573802992,0.,0.20012401832303));
#10611=DIRECTION('',(0.20012401832303,0.,-0.979770573802992));
#10612=DIRECTION('',(0.200124018323003,0.,-0.979770573802997));
#10613=DIRECTION('',(0.200124018323003,0.,-0.979770573802997));
#10614=DIRECTION('',(0.,1.,0.));
#10615=DIRECTION('',(1.,0.,0.));
#10616=DIRECTION('',(0.,0.,-1.));
#10617=DIRECTION('',(0.,0.,-1.));
#10618=DIRECTION('',(0.,0.,-1.));
#10619=DIRECTION('',(0.,1.,0.));
#10620=DIRECTION('',(0.979770573803029,0.,-0.20012401832285));
#10621=DIRECTION('',(-0.20012401832285,0.,-0.979770573803029));
#10622=DIRECTION('',(-0.200124018322942,0.,-0.97977057380301));
#10623=DIRECTION('',(-0.200124018322942,0.,-0.97977057380301));
#10624=DIRECTION('',(0.,1.,0.));
#10625=DIRECTION('',(0.826598374883162,0.,-0.562792258866907));
#10626=DIRECTION('',(-0.562792258866907,0.,-0.826598374883162));
#10627=DIRECTION('',(-0.562792258866232,0.,-0.826598374883622));
#10628=DIRECTION('',(-0.562792258866232,0.,-0.826598374883622));
#10629=DIRECTION('',(0.,1.,0.));
#10630=DIRECTION('',(0.546623725348059,0.,-0.837378351097405));
#10631=DIRECTION('',(-0.837378351097405,0.,-0.546623725348059));
#10632=DIRECTION('',(-0.837378351097667,0.,-0.546623725347659));
#10633=DIRECTION('',(-0.837378351097667,0.,-0.546623725347659));
#10634=DIRECTION('',(0.,1.,0.));
#10635=DIRECTION('',(1.,0.,0.));
#10636=DIRECTION('',(0.,0.,-1.));
#10637=DIRECTION('',(0.,0.,-1.));
#10638=DIRECTION('',(0.,0.,-1.));
#10639=DIRECTION('',(0.,1.,0.));
#10640=DIRECTION('',(-0.237771676240504,0.,0.971321074608072));
#10641=DIRECTION('',(0.971321074608072,0.,0.237771676240504));
#10642=DIRECTION('',(0.971321074608203,0.,0.237771676239971));
#10643=DIRECTION('',(0.971321074608203,0.,0.237771676239971));
#10644=DIRECTION('',(0.,1.,0.));
#10645=DIRECTION('',(-0.699625350696081,0.,0.71450988003203));
#10646=DIRECTION('',(0.71450988003203,0.,0.699625350696081));
#10647=DIRECTION('',(0.714509880032081,0.,0.699625350696029));
#10648=DIRECTION('',(0.714509880032081,0.,0.699625350696029));
#10649=DIRECTION('',(0.,1.,0.));
#10650=DIRECTION('',(-0.890604650917349,0.,0.454778358944649));
#10651=DIRECTION('',(0.454778358944649,0.,0.890604650917349));
#10652=DIRECTION('',(0.454778358944481,0.,0.890604650917434));
#10653=DIRECTION('',(0.454778358944481,0.,0.890604650917434));
#10654=DIRECTION('',(0.,1.,0.));
#10655=DIRECTION('',(-0.989523962814878,0.,0.14436871896342));
#10656=DIRECTION('',(0.14436871896342,0.,0.989523962814878));
#10657=DIRECTION('',(0.144368718963313,0.,0.989523962814894));
#10658=DIRECTION('',(0.144368718963313,0.,0.989523962814894));
#10659=DIRECTION('',(0.,1.,0.));
#10660=DIRECTION('',(-1.,0.,0.));
#10661=DIRECTION('',(0.,0.,1.));
#10662=DIRECTION('',(0.,0.,1.));
#10663=DIRECTION('',(0.,0.,1.));
#10664=DIRECTION('',(0.,1.,0.));
#10665=DIRECTION('',(-0.985821077259325,0.,-0.167799891630668));
#10666=DIRECTION('',(-0.167799891630668,0.,0.985821077259325));
#10667=DIRECTION('',(-0.167799891630459,0.,0.985821077259361));
#10668=DIRECTION('',(-0.167799891630459,0.,0.985821077259361));
#10669=DIRECTION('',(0.,1.,0.));
#10670=DIRECTION('',(-0.890604650917439,0.,-0.454778358944472));
#10671=DIRECTION('',(-0.454778358944472,0.,0.890604650917439));
#10672=DIRECTION('',(-0.454778358944512,0.,0.890604650917418));
#10673=DIRECTION('',(-0.454778358944512,0.,0.890604650917418));
#10674=DIRECTION('',(0.,1.,0.));
#10675=DIRECTION('',(-0.699625350696116,0.,-0.714509880031996));
#10676=DIRECTION('',(-0.714509880031996,0.,0.699625350696116));
#10677=DIRECTION('',(-0.714509880032081,0.,0.699625350696029));
#10678=DIRECTION('',(-0.714509880032081,0.,0.699625350696029));
#10679=DIRECTION('',(0.,1.,0.));
#10680=DIRECTION('',(-0.237771676240073,0.,-0.971321074608178));
#10681=DIRECTION('',(-0.971321074608178,0.,0.237771676240073));
#10682=DIRECTION('',(-0.971321074608199,0.,0.237771676239986));
#10683=DIRECTION('',(-0.971321074608199,0.,0.237771676239986));
#10684=DIRECTION('',(0.,1.,0.));
#10685=DIRECTION('',(0.,0.,-1.));
#10686=DIRECTION('',(-1.,0.,0.));
#10687=DIRECTION('',(-1.,0.,0.));
#10688=DIRECTION('',(-1.,0.,0.));
#10689=DIRECTION('',(0.,1.,0.));
#10690=DIRECTION('',(0.237771676240137,0.,-0.971321074608163));
#10691=DIRECTION('',(-0.971321074608162,0.,-0.237771676240137));
#10692=DIRECTION('',(-0.971321074608188,0.,-0.237771676240031));
#10693=DIRECTION('',(-0.971321074608188,0.,-0.237771676240031));
#10694=DIRECTION('',(0.,1.,0.));
#10695=DIRECTION('',(0.546621223291362,0.,-0.837379984384303));
#10696=DIRECTION('',(-0.837379984384303,0.,-0.546621223291362));
#10697=DIRECTION('',(-0.837379984384227,0.,-0.546621223291478));
#10698=DIRECTION('',(-0.837379984384227,0.,-0.546621223291478));
#10699=DIRECTION('',(0.,1.,0.));
#10700=DIRECTION('',(0.743766158075767,0.,-0.668439901637547));
#10701=DIRECTION('',(-0.668439901637547,0.,-0.743766158075767));
#10702=DIRECTION('',(-0.66843990163753,0.,-0.743766158075782));
#10703=DIRECTION('',(-0.66843990163753,0.,-0.743766158075782));
#10704=DIRECTION('',(0.,1.,0.));
#10705=DIRECTION('',(-1.,0.,0.));
#10706=DIRECTION('',(0.,0.,1.));
#10707=DIRECTION('',(0.,0.,1.));
#10708=DIRECTION('',(0.,0.,1.));
#10709=DIRECTION('',(0.,1.,0.));
#10710=DIRECTION('',(0.,0.,-1.));
#10711=DIRECTION('',(-1.,0.,0.));
#10712=DIRECTION('',(-1.,0.,0.));
#10713=DIRECTION('',(-1.,0.,0.));
#10714=DIRECTION('',(0.,1.,0.));
#10715=DIRECTION('',(1.,0.,0.));
#10716=DIRECTION('',(0.,0.,-1.));
#10717=DIRECTION('',(0.,0.,-1.));
#10718=DIRECTION('',(0.,0.,-1.));
#10719=DIRECTION('',(0.,1.,0.));
#10720=DIRECTION('',(0.,0.,1.));
#10721=DIRECTION('',(1.,0.,0.));
#10722=DIRECTION('',(1.,0.,0.));
#10723=DIRECTION('',(1.,0.,0.));
#10724=DIRECTION('',(0.,1.,0.));
#10725=DIRECTION('',(0.,0.,-1.));
#10726=DIRECTION('',(0.,-1.,0.));
#10727=DIRECTION('',(0.,0.,1.));
#10728=DIRECTION('',(0.,0.,1.));
#10729=DIRECTION('',(1.,0.,0.));
#10730=DIRECTION('',(-0.642871046687801,0.,0.765974423417996));
#10731=DIRECTION('',(0.765974423417996,0.,0.642871046687801));
#10732=DIRECTION('',(0.765974423418,0.,0.642871046687796));
#10733=DIRECTION('',(0.,1.,0.));
#10734=DIRECTION('',(0.765974423418,0.,0.642871046687796));
#10735=DIRECTION('',(0.,1.,0.));
#10736=DIRECTION('',(-1.,0.,0.));
#10737=DIRECTION('',(0.,0.,1.));
#10738=DIRECTION('',(0.,0.,1.));
#10739=DIRECTION('',(0.,0.,1.));
#10740=DIRECTION('',(0.,1.,0.));
#10741=DIRECTION('',(0.,0.,-1.));
#10742=DIRECTION('',(-1.,0.,0.));
#10743=DIRECTION('',(-1.,0.,0.));
#10744=DIRECTION('',(-1.,0.,0.));
#10745=DIRECTION('',(0.,1.,0.));
#10746=DIRECTION('',(1.,0.,0.));
#10747=DIRECTION('',(0.,0.,-1.));
#10748=DIRECTION('',(0.,0.,-1.));
#10749=DIRECTION('',(0.,0.,-1.));
#10750=DIRECTION('',(0.,1.,0.));
#10751=DIRECTION('',(0.,0.,1.));
#10752=DIRECTION('',(1.,0.,0.));
#10753=DIRECTION('',(1.,0.,0.));
#10754=DIRECTION('',(1.,0.,0.));
#10755=DIRECTION('',(0.,1.,0.));
#10756=DIRECTION('',(0.642871046687739,0.,-0.765974423418048));
#10757=DIRECTION('',(-0.765974423418048,0.,-0.642871046687739));
#10758=DIRECTION('',(-0.765974423418095,0.,-0.642871046687683));
#10759=DIRECTION('',(-0.765974423418095,0.,-0.642871046687683));
#10760=DIRECTION('',(0.,1.,0.));
#10761=DIRECTION('',(0.,0.,1.));
#10762=DIRECTION('',(1.,0.,0.));
#10763=DIRECTION('',(1.,0.,0.));
#10764=DIRECTION('',(1.,0.,0.));
#10765=DIRECTION('',(0.,1.,0.));
#10766=DIRECTION('',(0.,0.,-1.));
#10767=DIRECTION('',(0.,-1.,0.));
#10768=DIRECTION('',(0.,0.,1.));
#10769=DIRECTION('',(0.,0.,1.));
#10770=DIRECTION('',(1.,0.,0.));
#10771=DIRECTION('',(-0.207911984052323,0.,0.978147538404829));
#10772=DIRECTION('',(0.978147538404829,0.,0.207911984052323));
#10773=DIRECTION('',(0.97814753840484,0.,0.20791198405227));
#10774=DIRECTION('',(0.,1.,0.));
#10775=DIRECTION('',(0.97814753840484,0.,0.20791198405227));
#10776=DIRECTION('',(0.,1.,0.));
#10777=DIRECTION('',(-1.,0.,0.));
#10778=DIRECTION('',(0.,0.,1.));
#10779=DIRECTION('',(0.,0.,1.));
#10780=DIRECTION('',(0.,0.,1.));
#10781=DIRECTION('',(0.,1.,0.));
#10782=DIRECTION('',(-0.749972172336901,0.,-0.661469380032266));
#10783=DIRECTION('',(-0.661469380032266,0.,0.749972172336901));
#10784=DIRECTION('',(-0.661469380032293,0.,0.749972172336876));
#10785=DIRECTION('',(-0.661469380032293,0.,0.749972172336876));
#10786=DIRECTION('',(0.,1.,0.));
#10787=DIRECTION('',(-0.207911900341259,0.,0.978147556198187));
#10788=DIRECTION('',(0.978147556198187,0.,0.207911900341259));
#10789=DIRECTION('',(0.978147556198193,0.,0.207911900341234));
#10790=DIRECTION('',(0.978147556198193,0.,0.207911900341234));
#10791=DIRECTION('',(0.,1.,0.));
#10792=DIRECTION('',(-1.,0.,0.));
#10793=DIRECTION('',(0.,0.,1.));
#10794=DIRECTION('',(0.,0.,1.));
#10795=DIRECTION('',(0.,0.,1.));
#10796=DIRECTION('',(0.,1.,0.));
#10797=DIRECTION('',(0.207911984052268,0.,-0.978147538404841));
#10798=DIRECTION('',(-0.978147538404841,0.,-0.207911984052268));
#10799=DIRECTION('',(-0.978147538404838,0.,-0.207911984052283));
#10800=DIRECTION('',(-0.978147538404838,0.,-0.207911984052283));
#10801=DIRECTION('',(0.,1.,0.));
#10802=DIRECTION('',(1.,0.,0.));
#10803=DIRECTION('',(0.,0.,-1.));
#10804=DIRECTION('',(0.,0.,-1.));
#10805=DIRECTION('',(0.,0.,-1.));
#10806=DIRECTION('',(0.,1.,0.));
#10807=DIRECTION('',(0.740231757647531,0.,0.672351801492378));
#10808=DIRECTION('',(0.672351801492378,0.,-0.740231757647531));
#10809=DIRECTION('',(0.672351801492431,0.,-0.740231757647484));
#10810=DIRECTION('',(0.672351801492431,0.,-0.740231757647484));
#10811=DIRECTION('',(0.,1.,0.));
#10812=DIRECTION('',(0.20791185296904,0.,-0.978147566267473));
#10813=DIRECTION('',(-0.978147566267473,0.,-0.20791185296904));
#10814=DIRECTION('',(-0.978147566267455,0.,-0.207911852969124));
#10815=DIRECTION('',(-0.978147566267455,0.,-0.207911852969124));
#10816=DIRECTION('',(0.,1.,0.));
#10817=DIRECTION('',(1.,0.,0.));
#10818=DIRECTION('',(0.,0.,-1.));
#10819=DIRECTION('',(0.,0.,-1.));
#10820=DIRECTION('',(0.,0.,-1.));
#10821=DIRECTION('',(0.,1.,0.));
#10822=DIRECTION('',(0.,0.,-1.));
#10823=DIRECTION('',(0.,-1.,0.));
#10824=DIRECTION('',(0.,0.,1.));
#10825=DIRECTION('',(0.,0.,1.));
#10826=DIRECTION('',(1.,0.,0.));
#10827=DIRECTION('',(-0.207911984052268,0.,0.978147538404841));
#10828=DIRECTION('',(0.978147538404841,0.,0.207911984052268));
#10829=DIRECTION('',(0.978147538404838,0.,0.207911984052281));
#10830=DIRECTION('',(0.,1.,0.));
#10831=DIRECTION('',(0.978147538404838,0.,0.207911984052281));
#10832=DIRECTION('',(0.,1.,0.));
#10833=DIRECTION('',(-1.,0.,0.));
#10834=DIRECTION('',(0.,0.,1.));
#10835=DIRECTION('',(0.,0.,1.));
#10836=DIRECTION('',(0.,0.,1.));
#10837=DIRECTION('',(0.,1.,0.));
#10838=DIRECTION('',(0.207912879788443,0.,-0.97814734800953));
#10839=DIRECTION('',(-0.97814734800953,0.,-0.207912879788443));
#10840=DIRECTION('',(-0.978147348009556,0.,-0.20791287978832));
#10841=DIRECTION('',(-0.978147348009556,0.,-0.20791287978832));
#10842=DIRECTION('',(0.,1.,0.));
#10843=DIRECTION('',(1.,0.,0.));
#10844=DIRECTION('',(0.,0.,-1.));
#10845=DIRECTION('',(0.,0.,-1.));
#10846=DIRECTION('',(0.,0.,-1.));
#10847=DIRECTION('',(0.,1.,0.));
#10848=DIRECTION('',(0.207912205547536,0.,-0.978147491324473));
#10849=DIRECTION('',(-0.978147491324473,0.,-0.207912205547536));
#10850=DIRECTION('',(-0.97814749132447,0.,-0.207912205547548));
#10851=DIRECTION('',(-0.97814749132447,0.,-0.207912205547548));
#10852=DIRECTION('',(0.,1.,0.));
#10853=DIRECTION('',(-1.,0.,0.));
#10854=DIRECTION('',(0.,0.,1.));
#10855=DIRECTION('',(0.,0.,1.));
#10856=DIRECTION('',(0.,0.,1.));
#10857=DIRECTION('',(0.,1.,0.));
#10858=DIRECTION('',(0.207912879788541,0.,-0.978147348009509));
#10859=DIRECTION('',(-0.978147348009509,0.,-0.207912879788541));
#10860=DIRECTION('',(-0.978147348009499,0.,-0.207912879788587));
#10861=DIRECTION('',(-0.978147348009499,0.,-0.207912879788587));
#10862=DIRECTION('',(0.,1.,0.));
#10863=DIRECTION('',(1.,0.,0.));
#10864=DIRECTION('',(0.,0.,-1.));
#10865=DIRECTION('',(0.,0.,-1.));
#10866=DIRECTION('',(0.,0.,-1.));
#10867=DIRECTION('',(0.,1.,0.));
#10868=DIRECTION('',(0.207910796384979,0.,-0.978147790850935));
#10869=DIRECTION('',(-0.978147790850935,0.,-0.207910796384979));
#10870=DIRECTION('',(-0.978147790850911,0.,-0.207910796385092));
#10871=DIRECTION('',(-0.978147790850911,0.,-0.207910796385092));
#10872=DIRECTION('',(0.,1.,0.));
#10873=DIRECTION('',(-1.,0.,0.));
#10874=DIRECTION('',(0.,0.,1.));
#10875=DIRECTION('',(0.,0.,1.));
#10876=DIRECTION('',(0.,0.,1.));
#10877=DIRECTION('',(0.,1.,0.));
#10878=DIRECTION('',(0.207912879788367,0.,-0.978147348009546));
#10879=DIRECTION('',(-0.978147348009546,0.,-0.207912879788367));
#10880=DIRECTION('',(-0.978147348009511,0.,-0.207912879788534));
#10881=DIRECTION('',(-0.978147348009511,0.,-0.207912879788534));
#10882=DIRECTION('',(0.,1.,0.));
#10883=DIRECTION('',(1.,0.,0.));
#10884=DIRECTION('',(0.,0.,-1.));
#10885=DIRECTION('',(0.,0.,-1.));
#10886=DIRECTION('',(0.,0.,-1.));
#10887=DIRECTION('',(0.,1.,0.));
#10888=DIRECTION('',(0.,0.,-1.));
#10889=DIRECTION('',(0.,-1.,0.));
#10890=DIRECTION('',(0.,0.,1.));
#10891=DIRECTION('',(0.,0.,1.));
#10892=DIRECTION('',(1.,0.,0.));
#10893=DIRECTION('',(-0.600561676705361,0.,0.799578434221963));
#10894=DIRECTION('',(0.799578434221963,0.,0.600561676705361));
#10895=DIRECTION('',(0.799578434222246,0.,0.600561676704984));
#10896=DIRECTION('',(0.,1.,0.));
#10897=DIRECTION('',(0.799578434222246,0.,0.600561676704984));
#10898=DIRECTION('',(0.,1.,0.));
#10899=DIRECTION('',(-0.207911710234349,0.,0.978147596606682));
#10900=DIRECTION('',(0.978147596606682,0.,0.207911710234349));
#10901=DIRECTION('',(0.978147596606677,0.,0.207911710234372));
#10902=DIRECTION('',(0.978147596606677,0.,0.207911710234372));
#10903=DIRECTION('',(0.,1.,0.));
#10904=DIRECTION('',(-1.,0.,0.));
#10905=DIRECTION('',(0.,0.,1.));
#10906=DIRECTION('',(0.,0.,1.));
#10907=DIRECTION('',(0.,0.,1.));
#10908=DIRECTION('',(0.,1.,0.));
#10909=DIRECTION('',(0.207911710234346,0.,-0.978147596606683));
#10910=DIRECTION('',(-0.978147596606683,0.,-0.207911710234346));
#10911=DIRECTION('',(-0.978147596606677,0.,-0.20791171023437));
#10912=DIRECTION('',(-0.978147596606677,0.,-0.20791171023437));
#10913=DIRECTION('',(0.,1.,0.));
#10914=DIRECTION('',(0.541073438422342,0.,-0.840975346983385));
#10915=DIRECTION('',(-0.840975346983385,0.,-0.541073438422342));
#10916=DIRECTION('',(-0.840975346983399,0.,-0.541073438422319));
#10917=DIRECTION('',(-0.840975346983399,0.,-0.541073438422319));
#10918=DIRECTION('',(0.,1.,0.));
#10919=DIRECTION('',(0.790257602634794,0.,-0.612774772227047));
#10920=DIRECTION('',(-0.612774772227047,0.,-0.790257602634794));
#10921=DIRECTION('',(-0.612774772227081,0.,-0.790257602634767));
#10922=DIRECTION('',(-0.612774772227081,0.,-0.790257602634767));
#10923=DIRECTION('',(0.,1.,0.));
#10924=DIRECTION('',(0.921150113201262,0.,-0.389207488300651));
#10925=DIRECTION('',(-0.389207488300651,0.,-0.921150113201262));
#10926=DIRECTION('',(-0.389207488300678,0.,-0.921150113201251));
#10927=DIRECTION('',(-0.389207488300678,0.,-0.921150113201251));
#10928=DIRECTION('',(0.,1.,0.));
#10929=DIRECTION('',(0.976398269996752,0.,-0.215977819109623));
#10930=DIRECTION('',(-0.215977819109623,0.,-0.976398269996752));
#10931=DIRECTION('',(-0.215977819109674,0.,-0.976398269996741));
#10932=DIRECTION('',(-0.215977819109674,0.,-0.976398269996741));
#10933=DIRECTION('',(0.,1.,0.));
#10934=DIRECTION('',(0.99588099346844,0.,-0.0906699886859637));
#10935=DIRECTION('',(-0.0906699886859637,0.,-0.99588099346844));
#10936=DIRECTION('',(-0.0906699886859852,0.,-0.995880993468438));
#10937=DIRECTION('',(-0.0906699886859852,0.,-0.995880993468438));
#10938=DIRECTION('',(0.,1.,0.));
#10939=DIRECTION('',(1.,0.,0.));
#10940=DIRECTION('',(0.,0.,-1.));
#10941=DIRECTION('',(0.,0.,-1.));
#10942=DIRECTION('',(0.,0.,-1.));
#10943=DIRECTION('',(0.,1.,0.));
#10944=DIRECTION('',(0.995544881499896,0.,0.0942888589354992));
#10945=DIRECTION('',(0.0942888589354992,0.,-0.995544881499896));
#10946=DIRECTION('',(0.0942888589354167,0.,-0.995544881499904));
#10947=DIRECTION('',(0.0942888589354167,0.,-0.995544881499904));
#10948=DIRECTION('',(0.,1.,0.));
#10949=DIRECTION('',(0.971463272911037,0.,0.237190028004923));
#10950=DIRECTION('',(0.237190028004923,0.,-0.971463272911037));
#10951=DIRECTION('',(0.237190028004922,0.,-0.971463272911037));
#10952=DIRECTION('',(0.237190028004922,0.,-0.971463272911037));
#10953=DIRECTION('',(0.,1.,0.));
#10954=DIRECTION('',(0.889016864758559,0.,0.457874452415575));
#10955=DIRECTION('',(0.457874452415575,0.,-0.889016864758559));
#10956=DIRECTION('',(0.457874452415551,0.,-0.889016864758571));
#10957=DIRECTION('',(0.457874452415551,0.,-0.889016864758571));
#10958=DIRECTION('',(0.,1.,0.));
#10959=DIRECTION('',(0.654003660921522,0.,0.756491382304681));
#10960=DIRECTION('',(0.756491382304681,0.,-0.654003660921522));
#10961=DIRECTION('',(0.756491382304773,0.,-0.654003660921416));
#10962=DIRECTION('',(0.756491382304773,0.,-0.654003660921416));
#10963=DIRECTION('',(0.,1.,0.));
#10964=DIRECTION('',(0.213258125697329,0.,0.976995891405927));
#10965=DIRECTION('',(0.976995891405927,0.,-0.213258125697329));
#10966=DIRECTION('',(0.976995891405979,0.,-0.213258125697093));
#10967=DIRECTION('',(0.976995891405979,0.,-0.213258125697093));
#10968=DIRECTION('',(0.,1.,0.));
#10969=DIRECTION('',(-0.207911710234332,0.,0.978147596606685));
#10970=DIRECTION('',(0.978147596606686,0.,0.207911710234332));
#10971=DIRECTION('',(0.978147596606681,0.,0.207911710234355));
#10972=DIRECTION('',(0.978147596606681,0.,0.207911710234355));
#10973=DIRECTION('',(0.,1.,0.));
#10974=DIRECTION('',(-1.,0.,0.));
#10975=DIRECTION('',(0.,0.,1.));
#10976=DIRECTION('',(0.,0.,1.));
#10977=DIRECTION('',(0.,0.,1.));
#10978=DIRECTION('',(0.,1.,0.));
#10979=DIRECTION('',(0.207911710234331,0.,-0.978147596606686));
#10980=DIRECTION('',(-0.978147596606686,0.,-0.207911710234331));
#10981=DIRECTION('',(-0.978147596606681,0.,-0.207911710234355));
#10982=DIRECTION('',(-0.978147596606681,0.,-0.207911710234355));
#10983=DIRECTION('',(0.,1.,0.));
#10984=DIRECTION('',(-0.309936908468672,0.,-0.950757126067895));
#10985=DIRECTION('',(-0.950757126067895,0.,0.309936908468672));
#10986=DIRECTION('',(-0.950757126068026,0.,0.309936908468268));
#10987=DIRECTION('',(-0.950757126068026,0.,0.309936908468268));
#10988=DIRECTION('',(0.,1.,0.));
#10989=DIRECTION('',(-0.774294831147291,0.,-0.632825026732183));
#10990=DIRECTION('',(-0.632825026732183,0.,0.774294831147291));
#10991=DIRECTION('',(-0.632825026732158,0.,0.774294831147312));
#10992=DIRECTION('',(-0.632825026732158,0.,0.774294831147312));
#10993=DIRECTION('',(0.,1.,0.));
#10994=DIRECTION('',(-0.949269617196908,0.,-0.314463342643997));
#10995=DIRECTION('',(-0.314463342643997,0.,0.949269617196908));
#10996=DIRECTION('',(-0.314463342643867,0.,0.949269617196951));
#10997=DIRECTION('',(-0.314463342643867,0.,0.949269617196951));
#10998=DIRECTION('',(0.,1.,0.));
#10999=DIRECTION('',(-0.99299485928156,0.,-0.118157561926413));
#11000=DIRECTION('',(-0.118157561926413,0.,0.99299485928156));
#11001=DIRECTION('',(-0.118157561926397,0.,0.992994859281562));
#11002=DIRECTION('',(-0.118157561926397,0.,0.992994859281562));
#11003=DIRECTION('',(0.,1.,0.));
#11004=DIRECTION('',(-1.,0.,0.));
#11005=DIRECTION('',(0.,0.,1.));
#11006=DIRECTION('',(0.,0.,1.));
#11007=DIRECTION('',(0.,0.,1.));
#11008=DIRECTION('',(0.,1.,0.));
#11009=DIRECTION('',(-0.993646977985111,0.,0.112541917262216));
#11010=DIRECTION('',(0.112541917262216,0.,0.993646977985111));
#11011=DIRECTION('',(0.112541917262156,0.,0.993646977985118));
#11012=DIRECTION('',(0.112541917262156,0.,0.993646977985118));
#11013=DIRECTION('',(0.,1.,0.));
#11014=DIRECTION('',(-0.960332535187225,0.,0.278857350379863));
#11015=DIRECTION('',(0.278857350379863,0.,0.960332535187225));
#11016=DIRECTION('',(0.278857350379809,0.,0.96033253518724));
#11017=DIRECTION('',(0.278857350379809,0.,0.96033253518724));
#11018=DIRECTION('',(0.,1.,0.));
#11019=DIRECTION('',(-0.855010614570173,0.,0.51861049832445));
#11020=DIRECTION('',(0.51861049832445,0.,0.855010614570173));
#11021=DIRECTION('',(0.518610498324089,0.,0.855010614570393));
#11022=DIRECTION('',(0.518610498324089,0.,0.855010614570393));
#11023=DIRECTION('',(0.,1.,0.));
#11024=DIRECTION('',(0.,0.,-1.));
#11025=DIRECTION('',(0.,-1.,0.));
#11026=DIRECTION('',(0.,0.,1.));
#11027=DIRECTION('',(0.,0.,1.));
#11028=DIRECTION('',(1.,0.,0.));
#11029=DIRECTION('',(-0.207911946981536,0.,0.978147546284479));
#11030=DIRECTION('',(0.978147546284479,0.,0.207911946981536));
#11031=DIRECTION('',(0.978147546284482,0.,0.207911946981524));
#11032=DIRECTION('',(0.,1.,0.));
#11033=DIRECTION('',(0.978147546284482,0.,0.207911946981524));
#11034=DIRECTION('',(0.,1.,0.));
#11035=DIRECTION('',(1.,0.,0.));
#11036=DIRECTION('',(0.,0.,-1.));
#11037=DIRECTION('',(0.,0.,-1.));
#11038=DIRECTION('',(0.,0.,-1.));
#11039=DIRECTION('',(0.,1.,0.));
#11040=DIRECTION('',(-0.207912295446312,0.,0.978147472215844));
#11041=DIRECTION('',(0.978147472215844,0.,0.207912295446312));
#11042=DIRECTION('',(0.978147472215815,0.,0.207912295446449));
#11043=DIRECTION('',(0.978147472215815,0.,0.207912295446449));
#11044=DIRECTION('',(0.,1.,0.));
#11045=DIRECTION('',(-1.,0.,0.));
#11046=DIRECTION('',(0.,0.,1.));
#11047=DIRECTION('',(0.,0.,1.));
#11048=DIRECTION('',(0.,0.,1.));
#11049=DIRECTION('',(0.,1.,0.));
#11050=DIRECTION('',(0.207912295446293,0.,-0.978147472215848));
#11051=DIRECTION('',(-0.978147472215848,0.,-0.207912295446293));
#11052=DIRECTION('',(-0.978147472215884,0.,-0.207912295446124));
#11053=DIRECTION('',(-0.978147472215884,0.,-0.207912295446124));
#11054=DIRECTION('',(0.,1.,0.));
#11055=DIRECTION('',(1.,0.,0.));
#11056=DIRECTION('',(0.,0.,-1.));
#11057=DIRECTION('',(0.,0.,-1.));
#11058=DIRECTION('',(0.,0.,-1.));
#11059=DIRECTION('',(0.,1.,0.));
#11060=DIRECTION('',(0.207911946981522,0.,-0.978147546284482));
#11061=DIRECTION('',(-0.978147546284482,0.,-0.207911946981522));
#11062=DIRECTION('',(-0.978147546284487,0.,-0.207911946981499));
#11063=DIRECTION('',(-0.978147546284487,0.,-0.207911946981499));
#11064=DIRECTION('',(0.,1.,0.));
#11065=DIRECTION('',(1.,0.,0.));
#11066=DIRECTION('',(0.,0.,-1.));
#11067=DIRECTION('',(0.,0.,-1.));
#11068=DIRECTION('',(0.,0.,-1.));
#11069=DIRECTION('',(0.,1.,0.));
#11070=DIRECTION('',(0.,0.,-1.));
#11071=DIRECTION('',(0.,-1.,0.));
#11072=DIRECTION('',(0.,0.,1.));
#11073=DIRECTION('',(0.,0.,1.));
#11074=DIRECTION('',(1.,0.,0.));
#11075=DIRECTION('',(0.207912685007272,0.,-0.978147389411773));
#11076=DIRECTION('',(-0.978147389411773,0.,-0.207912685007272));
#11077=DIRECTION('',(-0.978147389411769,0.,-0.207912685007293));
#11078=DIRECTION('',(0.,1.,0.));
#11079=DIRECTION('',(-0.978147389411769,0.,-0.207912685007293));
#11080=DIRECTION('',(0.,1.,0.));
#11081=DIRECTION('',(-1.,0.,0.));
#11082=DIRECTION('',(0.,0.,1.));
#11083=DIRECTION('',(0.,0.,1.));
#11084=DIRECTION('',(0.,0.,1.));
#11085=DIRECTION('',(0.,1.,0.));
#11086=DIRECTION('',(-0.988964044627285,0.,0.148155723596633));
#11087=DIRECTION('',(0.148155723596633,0.,0.988964044627285));
#11088=DIRECTION('',(0.148155723596628,0.,0.988964044627285));
#11089=DIRECTION('',(0.148155723596628,0.,0.988964044627285));
#11090=DIRECTION('',(0.,1.,0.));
#11091=DIRECTION('',(-0.921149247245746,0.,0.389209537779582));
#11092=DIRECTION('',(0.389209537779582,0.,0.921149247245746));
#11093=DIRECTION('',(0.389209537779456,0.,0.921149247245799));
#11094=DIRECTION('',(0.389209537779456,0.,0.921149247245799));
#11095=DIRECTION('',(0.,1.,0.));
#11096=DIRECTION('',(-0.681254598029833,0.,0.732046564545733));
#11097=DIRECTION('',(0.732046564545733,0.,0.681254598029833));
#11098=DIRECTION('',(0.732046564545976,0.,0.681254598029572));
#11099=DIRECTION('',(0.732046564545976,0.,0.681254598029572));
#11100=DIRECTION('',(0.,1.,0.));
#11101=DIRECTION('',(-0.207911905886166,0.,0.97814755501958));
#11102=DIRECTION('',(0.97814755501958,0.,0.207911905886166));
#11103=DIRECTION('',(0.978147555019574,0.,0.207911905886192));
#11104=DIRECTION('',(0.978147555019574,0.,0.207911905886192));
#11105=DIRECTION('',(0.,1.,0.));
#11106=DIRECTION('',(0.451138148447578,0.,0.892454128241498));
#11107=DIRECTION('',(0.892454128241497,0.,-0.451138148447578));
#11108=DIRECTION('',(0.892454128241515,0.,-0.451138148447542));
#11109=DIRECTION('',(0.892454128241515,0.,-0.451138148447542));
#11110=DIRECTION('',(0.,1.,0.));
#11111=DIRECTION('',(0.88901545484704,0.,0.457877189913531));
#11112=DIRECTION('',(0.457877189913531,0.,-0.88901545484704));
#11113=DIRECTION('',(0.457877189912628,0.,-0.889015454847505));
#11114=DIRECTION('',(0.457877189912628,0.,-0.889015454847505));
#11115=DIRECTION('',(0.,1.,0.));
#11116=DIRECTION('',(0.987440805682738,0.,0.157989415065139));
#11117=DIRECTION('',(0.157989415065139,0.,-0.987440805682738));
#11118=DIRECTION('',(0.15798941506571,0.,-0.987440805682647));
#11119=DIRECTION('',(0.15798941506571,0.,-0.987440805682647));
#11120=DIRECTION('',(0.,1.,0.));
#11121=DIRECTION('',(1.,0.,0.));
#11122=DIRECTION('',(0.,0.,-1.));
#11123=DIRECTION('',(0.,0.,-1.));
#11124=DIRECTION('',(0.,0.,-1.));
#11125=DIRECTION('',(-0.20791139913666,0.,0.978147662732492));
#11126=DIRECTION('',(0.978147662732492,0.,0.20791139913666));
#11127=DIRECTION('',(0.978147662732483,0.,0.207911399136701));
#11128=DIRECTION('',(0.,1.,0.));
#11129=DIRECTION('',(0.978147662732483,0.,0.207911399136701));
#11130=DIRECTION('',(0.,1.,0.));
#11131=DIRECTION('',(-1.,0.,0.));
#11132=DIRECTION('',(0.,0.,1.));
#11133=DIRECTION('',(0.,0.,1.));
#11134=DIRECTION('',(0.,0.,1.));
#11135=DIRECTION('',(0.,1.,0.));
#11136=DIRECTION('',(-0.995544621500311,0.,-0.0942916040896716));
#11137=DIRECTION('',(-0.0942916040896716,0.,0.995544621500311));
#11138=DIRECTION('',(-0.0942916040901766,0.,0.995544621500263));
#11139=DIRECTION('',(-0.0942916040901766,0.,0.995544621500263));
#11140=DIRECTION('',(0.,1.,0.));
#11141=DIRECTION('',(-0.936025625775035,0.,-0.351931851204824));
#11142=DIRECTION('',(-0.351931851204824,0.,0.936025625775035));
#11143=DIRECTION('',(-0.351931851204857,0.,0.936025625775023));
#11144=DIRECTION('',(-0.351931851204857,0.,0.936025625775023));
#11145=DIRECTION('',(0.,1.,0.));
#11146=DIRECTION('',(-0.814334938517776,0.,-0.580395216993775));
#11147=DIRECTION('',(-0.580395216993775,0.,0.814334938517776));
#11148=DIRECTION('',(-0.580395216993779,0.,0.814334938517773));
#11149=DIRECTION('',(-0.580395216993779,0.,0.814334938517773));
#11150=DIRECTION('',(0.,1.,0.));
#11151=DIRECTION('',(-0.451138148447578,0.,-0.892454128241498));
#11152=DIRECTION('',(-0.892454128241497,0.,0.451138148447578));
#11153=DIRECTION('',(-0.892454128241518,0.,0.451138148447537));
#11154=DIRECTION('',(-0.892454128241518,0.,0.451138148447537));
#11155=DIRECTION('',(0.,1.,0.));
#11156=DIRECTION('',(0.207912879788458,0.,-0.978147348009527));
#11157=DIRECTION('',(-0.978147348009527,0.,-0.207912879788458));
#11158=DIRECTION('',(-0.978147348009508,0.,-0.207912879788544));
#11159=DIRECTION('',(-0.978147348009508,0.,-0.207912879788544));
#11160=DIRECTION('',(0.,1.,0.));
#11161=DIRECTION('',(0.681254598029354,0.,-0.732046564546179));
#11162=DIRECTION('',(-0.732046564546179,0.,-0.681254598029354));
#11163=DIRECTION('',(-0.732046564545759,0.,-0.681254598029805));
#11164=DIRECTION('',(-0.732046564545759,0.,-0.681254598029805));
#11165=DIRECTION('',(0.,1.,0.));
#11166=DIRECTION('',(0.877328482732778,0.,-0.479890334749307));
#11167=DIRECTION('',(-0.479890334749307,0.,-0.877328482732778));
#11168=DIRECTION('',(-0.479890334748973,0.,-0.87732848273296));
#11169=DIRECTION('',(-0.479890334748973,0.,-0.87732848273296));
#11170=DIRECTION('',(0.,1.,0.));
#11171=DIRECTION('',(0.976398790967876,0.,-0.215975463876038));
#11172=DIRECTION('',(-0.215975463876038,0.,-0.976398790967876));
#11173=DIRECTION('',(-0.21597546387648,0.,-0.976398790967778));
#11174=DIRECTION('',(-0.21597546387648,0.,-0.976398790967778));
#11175=DIRECTION('',(0.,1.,0.));
#11176=DIRECTION('',(-0.533266753568243,0.,-0.845947143466297));
#11177=DIRECTION('',(-0.845947143466296,0.,0.533266753568243));
#11178=DIRECTION('',(-0.84594714346631,0.,0.533266753568222));
#11179=DIRECTION('',(-0.84594714346631,0.,0.533266753568222));
#11180=DIRECTION('',(0.,1.,0.));
#11181=DIRECTION('',(1.,0.,0.));
#11182=DIRECTION('',(0.,0.,-1.));
#11183=DIRECTION('',(0.,0.,-1.));
#11184=DIRECTION('',(0.,0.,-1.));
#11185=DIRECTION('',(0.,1.,0.));
#11186=DIRECTION('',(0.51956155040805,0.,0.854433025659462));
#11187=DIRECTION('',(0.854433025659462,0.,-0.51956155040805));
#11188=DIRECTION('',(0.854433025659483,0.,-0.519561550408016));
#11189=DIRECTION('',(0.854433025659483,0.,-0.519561550408016));
#11190=DIRECTION('',(0.,1.,0.));
#11191=DIRECTION('',(1.,0.,0.));
#11192=DIRECTION('',(0.,0.,-1.));
#11193=DIRECTION('',(0.,0.,-1.));
#11194=DIRECTION('',(0.,0.,-1.));
#11195=DIRECTION('',(0.,1.,0.));
#11196=DIRECTION('',(0.207911153304807,0.,-0.978147714985556));
#11197=DIRECTION('',(-0.978147714985556,0.,-0.207911153304807));
#11198=DIRECTION('',(-0.978147714985563,0.,-0.207911153304773));
#11199=DIRECTION('',(-0.978147714985563,0.,-0.207911153304773));
#11200=DIRECTION('',(0.,1.,0.));
#11201=DIRECTION('',(1.,0.,0.));
#11202=DIRECTION('',(0.,0.,-1.));
#11203=DIRECTION('',(0.,0.,-1.));
#11204=DIRECTION('',(0.,0.,-1.));
#11205=DIRECTION('',(0.,1.,0.));
#11206=DIRECTION('',(0.,0.,-1.));
#11207=DIRECTION('',(0.,-1.,0.));
#11208=DIRECTION('',(0.,0.,1.));
#11209=DIRECTION('',(0.,0.,1.));
#11210=DIRECTION('',(1.,0.,0.));
#11211=DIRECTION('',(-0.207911984052266,0.,0.978147538404841));
#11212=DIRECTION('',(0.978147538404841,0.,0.207911984052266));
#11213=DIRECTION('',(0.978147538404835,0.,0.207911984052293));
#11214=DIRECTION('',(0.,1.,0.));
#11215=DIRECTION('',(0.978147538404835,0.,0.207911984052293));
#11216=DIRECTION('',(0.,1.,0.));
#11217=DIRECTION('',(-1.,0.,0.));
#11218=DIRECTION('',(0.,0.,1.));
#11219=DIRECTION('',(0.,0.,1.));
#11220=DIRECTION('',(0.,0.,1.));
#11221=DIRECTION('',(0.,1.,0.));
#11222=DIRECTION('',(0.207911984052269,0.,-0.978147538404841));
#11223=DIRECTION('',(-0.978147538404841,0.,-0.207911984052269));
#11224=DIRECTION('',(-0.978147538404843,0.,-0.207911984052258));
#11225=DIRECTION('',(-0.978147538404843,0.,-0.207911984052258));
#11226=DIRECTION('',(0.,1.,0.));
#11227=DIRECTION('',(1.,0.,0.));
#11228=DIRECTION('',(0.,0.,-1.));
#11229=DIRECTION('',(0.,0.,-1.));
#11230=DIRECTION('',(0.,0.,-1.));
#11231=DIRECTION('',(0.,1.,0.));
#11232=DIRECTION('',(0.,0.,-1.));
#11233=DIRECTION('',(0.,-1.,0.));
#11234=DIRECTION('',(0.,0.,1.));
#11235=DIRECTION('',(0.,0.,1.));
#11236=DIRECTION('',(1.,0.,0.));
#11237=DIRECTION('',(-0.915337076453017,0.,0.402688510477322));
#11238=DIRECTION('',(0.402688510477322,0.,0.915337076453017));
#11239=DIRECTION('',(0.402688510477296,0.,0.915337076453028));
#11240=DIRECTION('',(0.,1.,0.));
#11241=DIRECTION('',(0.402688510477296,0.,0.915337076453028));
#11242=DIRECTION('',(0.,1.,0.));
#11243=DIRECTION('',(-1.,0.,0.));
#11244=DIRECTION('',(0.,0.,1.));
#11245=DIRECTION('',(0.,0.,1.));
#11246=DIRECTION('',(0.,0.,1.));
#11247=DIRECTION('',(0.,1.,0.));
#11248=DIRECTION('',(0.914035237876482,0.,-0.405634791308737));
#11249=DIRECTION('',(-0.405634791308737,0.,-0.914035237876482));
#11250=DIRECTION('',(-0.405634791308642,0.,-0.914035237876524));
#11251=DIRECTION('',(-0.405634791308642,0.,-0.914035237876524));
#11252=DIRECTION('',(0.,1.,0.));
#11253=DIRECTION('',(-0.760793441925566,0.,-0.648994097602629));
#11254=DIRECTION('',(-0.648994097602629,0.,0.760793441925566));
#11255=DIRECTION('',(-0.648994097602633,0.,0.760793441925563));
#11256=DIRECTION('',(-0.648994097602633,0.,0.760793441925563));
#11257=DIRECTION('',(0.,1.,0.));
#11258=DIRECTION('',(1.,0.,0.));
#11259=DIRECTION('',(0.,0.,-1.));
#11260=DIRECTION('',(0.,0.,-1.));
#11261=DIRECTION('',(0.,0.,-1.));
#11262=DIRECTION('',(0.,1.,0.));
#11263=DIRECTION('',(0.766198699404679,0.,0.642603729393612));
#11264=DIRECTION('',(0.642603729393612,0.,-0.766198699404679));
#11265=DIRECTION('',(0.642603729393618,0.,-0.766198699404674));
#11266=DIRECTION('',(0.642603729393618,0.,-0.766198699404674));
#11267=DIRECTION('',(0.,1.,0.));
#11268=DIRECTION('',(0.921149449296458,0.,-0.389209059582164));
#11269=DIRECTION('',(-0.389209059582164,0.,-0.921149449296458));
#11270=DIRECTION('',(-0.389209059582167,0.,-0.921149449296457));
#11271=DIRECTION('',(-0.389209059582167,0.,-0.921149449296457));
#11272=DIRECTION('',(0.,1.,0.));
#11273=DIRECTION('',(0.207912514573992,0.,-0.978147425638651));
#11274=DIRECTION('',(-0.978147425638651,0.,-0.207912514573992));
#11275=DIRECTION('',(-0.978147425638637,0.,-0.207912514574056));
#11276=DIRECTION('',(-0.978147425638637,0.,-0.207912514574056));
#11277=DIRECTION('',(0.,1.,0.));
#11278=DIRECTION('',(1.,0.,0.));
#11279=DIRECTION('',(0.,0.,-1.));
#11280=DIRECTION('',(0.,0.,-1.));
#11281=DIRECTION('',(0.,0.,-1.));
#11282=DIRECTION('',(0.,1.,0.));
#11283=DIRECTION('',(-0.207911984052231,0.,0.978147538404849));
#11284=DIRECTION('',(0.978147538404849,0.,0.207911984052231));
#11285=DIRECTION('',(0.978147538404845,0.,0.207911984052248));
#11286=DIRECTION('',(0.978147538404845,0.,0.207911984052248));
#11287=DIRECTION('',(0.,1.,0.));
#11288=DIRECTION('',(-1.,0.,0.));
#11289=DIRECTION('',(0.,0.,1.));
#11290=DIRECTION('',(0.,0.,1.));
#11291=DIRECTION('',(0.,0.,1.));
#11292=DIRECTION('',(0.,1.,0.));
#11293=DIRECTION('',(0.207912498695244,0.,-0.978147429013796));
#11294=DIRECTION('',(-0.978147429013797,0.,-0.207912498695244));
#11295=DIRECTION('',(-0.978147429013795,0.,-0.20791249869525));
#11296=DIRECTION('',(-0.978147429013795,0.,-0.20791249869525));
#11297=DIRECTION('',(0.,1.,0.));
#11298=DIRECTION('',(0.,0.,-1.));
#11299=DIRECTION('',(0.,-1.,0.));
#11300=DIRECTION('',(0.,0.,1.));
#11301=DIRECTION('',(0.,0.,1.));
#11302=DIRECTION('',(1.,0.,0.));
#11303=DIRECTION('',(-7.22801448323681E-16,1.,7.22801448323677E-16));
#11304=DIRECTION('',(1.,7.22801448323681E-16,0.));
#11305=DIRECTION('',(0.,1.,0.));
#11306=DIRECTION('',(0.,0.,-1.));
#11307=DIRECTION('',(0.,-1.,0.));
#11308=DIRECTION('',(0.,0.,-1.));
#11309=DIRECTION('',(1.84883101519594E-16,1.,0.));
#11310=DIRECTION('',(0.,0.,-1.));
#11311=DIRECTION('',(0.,-1.,0.));
#11312=DIRECTION('',(0.,0.,1.));
#11313=DIRECTION('',(0.,0.,1.));
#11314=DIRECTION('',(1.,0.,0.));
#11315=DIRECTION('',(-7.22801448323672E-16,1.,7.22801448323672E-16));
#11316=DIRECTION('',(1.,7.22801448323672E-16,0.));
#11317=DIRECTION('',(0.,1.,0.));
#11318=DIRECTION('',(0.,0.,-1.));
#11319=DIRECTION('',(0.,-1.,0.));
#11320=DIRECTION('',(0.,0.,-1.));
#11321=DIRECTION('',(1.84883101519592E-16,1.,0.));
#11322=DIRECTION('',(0.,0.,-1.));
#11323=DIRECTION('',(0.,-1.,0.));
#11324=DIRECTION('',(0.,0.,1.));
#11325=DIRECTION('',(0.,0.,1.));
#11326=DIRECTION('',(1.,0.,0.));
#11327=DIRECTION('',(-7.22801448323681E-16,1.,7.22801448323672E-16));
#11328=DIRECTION('',(1.,7.22801448323681E-16,0.));
#11329=DIRECTION('',(0.,1.,0.));
#11330=DIRECTION('',(2.89120579329469E-15,0.,-1.));
#11331=DIRECTION('',(0.,-1.,0.));
#11332=DIRECTION('',(-2.89120579329468E-15,0.,-1.));
#11333=DIRECTION('',(1.84883101519594E-16,1.,0.));
#11334=DIRECTION('',(0.,0.,-1.));
#11335=DIRECTION('',(0.,-1.,0.));
#11336=DIRECTION('',(0.,0.,1.));
#11337=DIRECTION('',(0.,0.,1.));
#11338=DIRECTION('',(1.,0.,0.));
#11339=DIRECTION('',(-7.22801448323677E-16,1.,7.22801448323681E-16));
#11340=DIRECTION('',(0.,-7.22801448323681E-16,1.));
#11341=DIRECTION('',(1.66670367404528E-11,1.,-1.50586978690791E-27));
#11342=DIRECTION('',(-9.03501810404602E-17,0.,-1.));
#11343=DIRECTION('',(0.,-1.,0.));
#11344=DIRECTION('',(-9.03501810404602E-17,0.,-1.));
#11345=DIRECTION('',(1.84883101519593E-16,1.,0.));
#11346=DIRECTION('',(0.,0.,-1.));
#11347=DIRECTION('',(0.,-1.,0.));
#11348=DIRECTION('',(0.,0.,1.));
#11349=DIRECTION('',(0.,0.,1.));
#11350=DIRECTION('',(1.,0.,0.));
#11351=DIRECTION('',(-7.22801448323677E-16,1.,7.22801448323676E-16));
#11352=DIRECTION('',(1.,7.22801448323677E-16,0.));
#11353=DIRECTION('',(1.66670367407306E-11,1.,0.));
#11354=DIRECTION('',(0.,0.,-1.));
#11355=DIRECTION('',(0.,-1.,0.));
#11356=DIRECTION('',(0.,0.,-1.));
#11357=DIRECTION('',(1.84883101519593E-16,1.,0.));
#11358=DIRECTION('',(0.,0.,-1.));
#11359=DIRECTION('',(0.,-1.,0.));
#11360=DIRECTION('',(0.,0.,1.));
#11361=DIRECTION('',(0.,0.,1.));
#11362=DIRECTION('',(1.,0.,0.));
#11363=DIRECTION('',(-7.22801448323677E-16,1.,7.2280144832367E-16));
#11364=DIRECTION('',(1.,7.22801448323677E-16,0.));
#11365=DIRECTION('',(1.66670367407306E-11,1.,0.));
#11366=DIRECTION('',(0.,0.,-1.));
#11367=DIRECTION('',(0.,-1.,0.));
#11368=DIRECTION('',(0.,0.,-1.));
#11369=DIRECTION('',(1.84883101519593E-16,1.,0.));
#11370=DIRECTION('',(0.,0.,-1.));
#11371=DIRECTION('',(0.,-1.,0.));
#11372=DIRECTION('',(0.,0.,1.));
#11373=DIRECTION('',(0.,0.,1.));
#11374=DIRECTION('',(1.,0.,0.));
#11375=DIRECTION('',(-7.22801448323681E-16,1.,7.22801448323681E-16));
#11376=DIRECTION('',(1.,7.22801448323681E-16,0.));
#11377=DIRECTION('',(0.,1.,0.));
#11378=DIRECTION('',(0.,0.,-1.));
#11379=DIRECTION('',(0.,-1.,0.));
#11380=DIRECTION('',(0.,0.,-1.));
#11381=DIRECTION('',(0.,1.,0.));
#11382=DIRECTION('',(0.,0.,-1.));
#11383=DIRECTION('',(0.,-1.,0.));
#11384=DIRECTION('',(0.,0.,1.));
#11385=DIRECTION('',(0.,0.,1.));
#11386=DIRECTION('',(1.,0.,0.));
#11387=DIRECTION('',(0.707106781186552,0.,-0.707106781186543));
#11388=DIRECTION('',(0.,0.,1.));
#11389=DIRECTION('',(1.,0.,0.));
#11390=DIRECTION('',(-0.925896564828837,0.,-0.377777118468231));
#11391=DIRECTION('',(0.,0.,1.));
#11392=DIRECTION('',(1.,0.,0.));
#11393=DIRECTION('',(0.,1.,0.));
#11394=DIRECTION('',(-0.974928296113982,0.,-0.222519251832931));
#11395=DIRECTION('',(0.,0.,1.));
#11396=DIRECTION('',(1.,0.,0.));
#11397=DIRECTION('',(0.,1.,0.));
#11398=DIRECTION('',(-0.974928296113982,0.,-0.222519251832931));
#11399=DIRECTION('',(0.,0.,1.));
#11400=DIRECTION('',(1.,0.,0.));
#11401=DIRECTION('',(0.,1.,0.));
#11402=DIRECTION('',(-0.974928296113982,0.,-0.222519251832931));
#11403=DIRECTION('',(0.,0.,1.));
#11404=DIRECTION('',(1.,0.,0.));
#11405=DIRECTION('',(0.,1.,0.));
#11406=DIRECTION('',(-0.637567715181901,0.,0.77039432017489));
#11407=DIRECTION('',(0.,0.,1.));
#11408=DIRECTION('',(1.,0.,0.));
#11409=DIRECTION('',(0.,-1.,0.));
#11410=DIRECTION('',(-0.770394320174897,0.,0.637567715181892));
#11411=DIRECTION('',(0.,-1.,0.));
#11412=DIRECTION('',(-1.,0.,0.));
#11413=DIRECTION('',(0.,-1.,0.));
#11414=DIRECTION('',(0.,-1.,0.));
#11415=DIRECTION('',(-1.,0.,0.));
#11416=DIRECTION('',(0.,-1.,0.));
#11417=CARTESIAN_POINT('',(0.,0.,0.));
#11418=CARTESIAN_POINT('',(0.0057,0.0235,-0.004136938));
#11419=CARTESIAN_POINT('',(0.00570000000001,0.02350000000001,-0.00413693800001004));
#11420=CARTESIAN_POINT('',(0.00570000000001,0.02350000000001,-0.00573693800001004));
#11421=CARTESIAN_POINT('',(0.00570000000001,0.01650000000001,-0.00413693800001004));
#11422=CARTESIAN_POINT('',(0.00570000000001,0.01650000000001,-0.00573693800001004));
#11423=CARTESIAN_POINT('',(-0.0173,0.0235,0.015863062));
#11424=CARTESIAN_POINT('',(-0.01730000000001,0.02350000000001,0.01586306200001));
#11425=CARTESIAN_POINT('',(-0.01730000000001,0.02350000000001,0.01426306200001));
#11426=CARTESIAN_POINT('',(-0.01730000000001,0.01650000000001,0.01586306200001));
#11427=CARTESIAN_POINT('',(-0.01730000000001,0.01650000000001,0.0142630620000101));
#11428=CARTESIAN_POINT('',(0.00720000000677405,0.0235005,-0.000439096676373225));
#11429=CARTESIAN_POINT('',(0.00720000000678404,0.02350000000001,0.0057122325736268));
#11430=CARTESIAN_POINT('',(0.00720000000677405,0.0235,0.0118630618236268));
#11431=CARTESIAN_POINT('',(0.00720000000677405,0.0235,-0.000438596676373237));
#11432=CARTESIAN_POINT('',(0.00720000000678405,0.02000000000001,0.0118630618236368));
#11433=CARTESIAN_POINT('',(0.00720000000677405,0.0165,0.0118630618236268));
#11434=CARTESIAN_POINT('',(0.00720000000678404,0.01650000000001,0.0057122325736268));
#11435=CARTESIAN_POINT('',(0.00720000000677405,0.0165,-0.000438596676373237));
#11436=CARTESIAN_POINT('',(0.00720000000678405,0.02000000000001,-0.000438596676383237));
#11437=CARTESIAN_POINT('',(0.00800000000677402,0.0235,-0.000438596676373239));
#11438=CARTESIAN_POINT('',(0.00800000000678402,0.02350000000001,-0.000438596676383237));
#11439=CARTESIAN_POINT('',(0.00747469094806699,0.0235,-0.00104196256274759));
#11440=CARTESIAN_POINT('',(0.00800000000678402,0.01650000000001,-0.000438596676383237));
#11441=CARTESIAN_POINT('',(0.00747469094806699,0.0165,-0.00104196256274759));
#11442=CARTESIAN_POINT('',(0.00747469094807699,0.02000000000001,-0.00104196256275759));
#11443=CARTESIAN_POINT('',(0.00799700273475534,0.0235005,-0.00149614670068718));
#11444=CARTESIAN_POINT('',(0.00773565819003626,0.02350000000001,-0.00126889058705367));
#11445=CARTESIAN_POINT('',(0.00799662543198554,0.0235,-0.00149581861133976));
#11446=CARTESIAN_POINT('',(0.00773565819003626,0.01650000000001,-0.00126889058705367));
#11447=CARTESIAN_POINT('',(0.00799662543198554,0.0165,-0.00149581861133976));
#11448=CARTESIAN_POINT('',(0.00799662543199554,0.02000000000001,-0.00149581861134976));
#11449=CARTESIAN_POINT('',(0.0057,0.0165,-0.00413693800000005));
#11450=CARTESIAN_POINT('',(0.00570000000001005,0.02350000000001,-0.00413693800001006));
#11451=CARTESIAN_POINT('',(0.00326865372368496,0.0235,-0.00665458676117561));
#11452=CARTESIAN_POINT('',(0.00570000000001006,0.01650000000001,-0.00413693800001002));
#11453=CARTESIAN_POINT('',(0.00326865372368496,0.0165,-0.00665458676117561));
#11454=CARTESIAN_POINT('',(0.00326865372369496,0.02000000000001,-0.00665458676118561));
#11455=CARTESIAN_POINT('',(0.00184712963402896,0.0235005,-0.00538730131548976));
#11456=CARTESIAN_POINT('',(0.00255807828926252,0.02350000000001,-0.00602111040107971));
#11457=CARTESIAN_POINT('',(0.00184750285482008,0.0235,-0.0053876340409638));
#11458=CARTESIAN_POINT('',(0.00255807828926252,0.01650000000001,-0.00602111040107971));
#11459=CARTESIAN_POINT('',(0.00184750285482008,0.0165,-0.0053876340409638));
#11460=CARTESIAN_POINT('',(0.00184750285483008,0.02000000000001,-0.0053876340409738));
#11461=CARTESIAN_POINT('',(0.00129602600896147,0.0235,-0.00600622997287811));
#11462=CARTESIAN_POINT('',(0.00129602600897147,0.02350000000001,-0.00600622997288809));
#11463=CARTESIAN_POINT('',(0.000870776084048813,0.0235,-0.00529492825077921));
#11464=CARTESIAN_POINT('',(0.00129602600897147,0.01650000000001,-0.00600622997288809));
#11465=CARTESIAN_POINT('',(0.000870776084048813,0.0165,-0.00529492825077921));
#11466=CARTESIAN_POINT('',(0.000870776084058813,0.02000000000001,-0.00529492825078921));
#11467=CARTESIAN_POINT('',(-0.0058,0.0165,0.005863062));
#11468=CARTESIAN_POINT('',(-0.0057999999999885,0.02350000000001,0.00586306200001545));
#11469=CARTESIAN_POINT('',(-0.0179555785462066,0.0235,0.0104719566838695));
#11470=CARTESIAN_POINT('',(-0.0057999999999759,0.01650000000001,0.00586306199999709));
#11471=CARTESIAN_POINT('',(-0.0179555785462066,0.0165,0.0104719566838695));
#11472=CARTESIAN_POINT('',(-0.0179555785462166,0.02000000000001,0.0104719566838795));
#11473=CARTESIAN_POINT('',(-0.0177788741220146,0.0235005,0.0109134909185837));
#11474=CARTESIAN_POINT('',(-0.0178673192229041,0.02350000000001,0.0106924916985139));
#11475=CARTESIAN_POINT('',(-0.0177790598995817,0.0235,0.0109130267131383));
#11476=CARTESIAN_POINT('',(-0.0178673192229041,0.01650000000001,0.0106924916985139));
#11477=CARTESIAN_POINT('',(-0.0177790598995817,0.0165,0.0109130267131383));
#11478=CARTESIAN_POINT('',(-0.0177790598995917,0.02000000000001,0.0109130267131483));
#11479=CARTESIAN_POINT('',(-0.0185166885000001,0.0235,0.0112227105));
#11480=CARTESIAN_POINT('',(-0.0185166885000101,0.02350000000001,0.0112227105000099));
#11481=CARTESIAN_POINT('',(-0.0179917455385417,0.0235,0.0118263949268452));
#11482=CARTESIAN_POINT('',(-0.0185166885000101,0.01650000000001,0.0112227105000099));
#11483=CARTESIAN_POINT('',(-0.0179917455385417,0.0165,0.0118263949268452));
#11484=CARTESIAN_POINT('',(-0.0179917455385517,0.02000000000001,0.0118263949268552));
#11485=CARTESIAN_POINT('',(-0.0195970027591467,0.0235005,0.0132222707219031));
#11486=CARTESIAN_POINT('',(-0.0187941854974708,0.02350000000001,0.0125241687797087));
#11487=CARTESIAN_POINT('',(-0.0195966254563799,0.0235,0.0132219426325522));
#11488=CARTESIAN_POINT('',(-0.0187941854974708,0.01650000000001,0.0125241687797087));
#11489=CARTESIAN_POINT('',(-0.0195966254563799,0.0165,0.0132219426325522));
#11490=CARTESIAN_POINT('',(-0.0195966254563899,0.02000000000001,0.0132219426325622));
#11491=CARTESIAN_POINT('',(-0.0172999999349415,0.0165,0.0158630619434272));
#11492=CARTESIAN_POINT('',(-0.0172999999349515,0.02350000000001,0.0158630619434373));
#11493=CARTESIAN_POINT('',(-0.0150033745693113,0.0235,0.018504181389788));
#11494=CARTESIAN_POINT('',(-0.0172999999349516,0.01650000000001,0.0158630619434373));
#11495=CARTESIAN_POINT('',(-0.0150033745693113,0.0165,0.018504181389788));
#11496=CARTESIAN_POINT('',(-0.0150033745693213,0.02000000000001,0.018504181389798));
#11497=CARTESIAN_POINT('',(-0.0133981171470535,0.0235005,0.0171083054736967));
#11498=CARTESIAN_POINT('',(-0.014200934509579,0.02350000000001,0.0178064074764241));
#11499=CARTESIAN_POINT('',(-0.0133984944498266,0.0235,0.0171086335630403));
#11500=CARTESIAN_POINT('',(-0.014200934509579,0.01650000000001,0.0178064074764241));
#11501=CARTESIAN_POINT('',(-0.0133984944498266,0.0165,0.0171086335630403));
#11502=CARTESIAN_POINT('',(-0.0133984944498366,0.02000000000001,0.0171086335630503));
#11503=CARTESIAN_POINT('',(-0.0128735514999999,0.0235,0.017712318));
#11504=CARTESIAN_POINT('',(-0.0128735515000099,0.02350000000001,0.0177123180000101));
#11505=CARTESIAN_POINT('',(-0.0124630810159759,0.0235,0.017025649243069));
#11506=CARTESIAN_POINT('',(-0.0128735515000099,0.01650000000001,0.0177123180000101));
#11507=CARTESIAN_POINT('',(-0.0124630810159759,0.0165,0.017025649243069));
#11508=CARTESIAN_POINT('',(-0.0124630810159859,0.02000000000001,0.017025649243079));
#11509=CARTESIAN_POINT('',(-0.00580000000000013,0.0165,0.00586306199999982));
#11510=CARTESIAN_POINT('',(-0.00580000000000999,0.02350000000001,0.00586306200001028));
#11511=CARTESIAN_POINT('',(0.00573256273294679,0.0235,0.0118630619496028));
#11512=CARTESIAN_POINT('',(-0.00579999999999815,0.01650000000001,0.00586306200000565));
#11513=CARTESIAN_POINT('',(0.00573256273294679,0.0165,0.0118630619496028));
#11514=CARTESIAN_POINT('',(0.00573256273295679,0.02000000000001,0.0118630619496128));
#11515=CARTESIAN_POINT('',(0.00720050000677406,0.0235005,0.0118630618235839));
#11516=CARTESIAN_POINT('',(0.00646628136987043,0.02350000000001,0.0118630618866248));
#11517=CARTESIAN_POINT('',(0.00646628136987043,0.01650000000001,0.0118630618866248));
#11518=CARTESIAN_POINT('',(0.00955277951403082,0.0235,0.0208013066876753));
#11519=CARTESIAN_POINT('',(0.00955277951403083,0.0165,-0.0100377515502295));
#11520=CARTESIAN_POINT('',(0.,0.,0.));
#11521=CARTESIAN_POINT('',(-0.0058,0.0305,0.00586306224999993));
#11522=CARTESIAN_POINT('',(-0.00580000000001,0.0305000000000101,0.00586306225000993));
#11523=CARTESIAN_POINT('',(-0.00441116949005723,0.0305,0.00237972336113884));
#11524=CARTESIAN_POINT('',(-0.00232974189875557,0.0305,0.00444186250656225));
#11525=CARTESIAN_POINT('',(-0.00441116949006723,0.0273260120428197,0.00237972336114884));
#11526=CARTESIAN_POINT('',(-0.00441116949005723,0.0241520240856193,0.00237972336113884));
#11527=CARTESIAN_POINT('',(-0.00580000000001,0.0241520240856293,0.00586306225000993));
#11528=CARTESIAN_POINT('',(-0.00232974189875557,0.0241520240856193,0.00444186250656225));
#11529=CARTESIAN_POINT('',(-0.00232974189876557,0.0273260120428197,0.00444186250657225));
#11530=CARTESIAN_POINT('',(-0.00185,0.0305,0.00586306224999996));
#11531=CARTESIAN_POINT('',(-0.00185000000000998,0.03050000000001,0.00586306225000996));
#11532=CARTESIAN_POINT('',(-0.00232974189875557,0.0305,0.00728426199343767));
#11533=CARTESIAN_POINT('',(-0.00185000000000999,0.0241520240856293,0.00586306225000996));
#11534=CARTESIAN_POINT('',(-0.00232974189875557,0.0241520240856193,0.00728426199343767));
#11535=CARTESIAN_POINT('',(-0.00232974189876557,0.0273260120428197,0.00728426199344767));
#11536=CARTESIAN_POINT('',(-0.0058,0.0305,0.00586306224999998));
#11537=CARTESIAN_POINT('',(-0.00580000000001001,0.0305000000000101,0.00586306225000997));
#11538=CARTESIAN_POINT('',(-0.00441116949005723,0.0305,0.00934640113886107));
#11539=CARTESIAN_POINT('',(-0.00580000000001001,0.0241520240856293,0.00586306225000997));
#11540=CARTESIAN_POINT('',(-0.00441116949005723,0.0241520240856193,0.00934640113886107));
#11541=CARTESIAN_POINT('',(-0.00441116949006723,0.0273260120428197,0.00934640113887107));
#11542=CARTESIAN_POINT('',(-0.0058,0.0305,0.00991306224999994));
#11543=CARTESIAN_POINT('',(-0.00580000000000994,0.03050000000001,0.00991306225000994));
#11544=CARTESIAN_POINT('',(-0.00718883050994273,0.0305,0.00934640113886107));
#11545=CARTESIAN_POINT('',(-0.00580000000001002,0.0241520240856293,0.00991306225000994));
#11546=CARTESIAN_POINT('',(-0.00718883050994273,0.0241520240856193,0.00934640113886107));
#11547=CARTESIAN_POINT('',(-0.00718883050995273,0.0273260120428197,0.00934640113887107));
#11548=CARTESIAN_POINT('',(-0.0058,0.0305,0.00181306224999993));
#11549=CARTESIAN_POINT('',(-0.00580000000000999,0.03050000000001,0.00181306225000993));
#11550=CARTESIAN_POINT('',(-0.00718883050994273,0.0305,0.00237972336113884));
#11551=CARTESIAN_POINT('',(-0.00718883050995273,0.0273260120428197,0.00237972336114884));
#11552=CARTESIAN_POINT('',(-0.00718883050994273,0.0241520240856193,0.00237972336113884));
#11553=CARTESIAN_POINT('',(-0.00580000000000997,0.0241520240856293,0.00181306225000993));
#11554=CARTESIAN_POINT('',(-0.0058,0.0305,0.00586306224999996));
#11555=CARTESIAN_POINT('',(-0.00580000000001,0.03050000000001,0.00586306225000996));
#11556=CARTESIAN_POINT('',(-0.00580000000001,0.0241520240856293,0.00586306225000996));
#11557=CARTESIAN_POINT('',(-0.00580000000000007,0.0241520240856193,0.00586306225000009));
#11558=CARTESIAN_POINT('',(-0.00579999999999158,0.03050000000001,0.00586306224998765));
#11559=CARTESIAN_POINT('',(-0.0108911689141101,0.0305,0.0120148913358899));
#11560=CARTESIAN_POINT('',(-0.0119518290858899,0.0305,0.0109542311641101));
#11561=CARTESIAN_POINT('',(-0.0108911689141201,0.0273260120428197,0.0120148913358999));
#11562=CARTESIAN_POINT('',(-0.0108911689141101,0.0241520240856193,0.0120148913358899));
#11563=CARTESIAN_POINT('',(-0.00579999999998773,0.0241520240856293,0.0058630622499916));
#11564=CARTESIAN_POINT('',(-0.0119518290858899,0.0241520240856193,0.0109542311641101));
#11565=CARTESIAN_POINT('',(-0.0119518290858999,0.0273260120428197,0.0109542311641201));
#11566=CARTESIAN_POINT('',(-0.011421499,0.0241520240856193,0.01148456125));
#11567=CARTESIAN_POINT('',(-0.01142149900001,0.03050000000001,0.01148456125001));
#11568=CARTESIAN_POINT('',(-0.01142149900001,0.0241520240856293,0.01148456125001));
#11569=CARTESIAN_POINT('',(0.00523391629358115,0.0305,0.0168725784609429));
#11570=CARTESIAN_POINT('',(0.00523391629358115,0.0241520240856193,-0.00517085404358113));
#11571=CARTESIAN_POINT('',(0.,0.,0.));
#11572=CARTESIAN_POINT('',(-0.0058,0.0305,0.00586306224999996));
#11573=CARTESIAN_POINT('',(-0.00580000000001,0.00621241501586913,0.00586306225000996));
#11574=CARTESIAN_POINT('',(-0.00580000000001,0.00621241501586913,-0.00388693775001004));
#11575=CARTESIAN_POINT('',(-0.00580000000001,0.03050000000001,0.00586306225000996));
#11576=CARTESIAN_POINT('',(-0.00580000000001,0.03050000000001,-0.00388693775001004));
#11577=CARTESIAN_POINT('',(0.0039505,0.00621241501585914,0.0156135622499999));
#11578=CARTESIAN_POINT('',(-0.0057999999999999,0.0294025645,0.005863062));
#11579=CARTESIAN_POINT('',(-0.0058000000000099,1.0005995204333E-14,0.00586306200000999));
#11580=CARTESIAN_POINT('',(-0.00580000000000987,1.0005995204333E-14,-0.00576021100000013));
#11581=CARTESIAN_POINT('',(-0.0058000000000099,0.02940256450001,0.00586306200000999));
#11582=CARTESIAN_POINT('',(-0.00580000000000987,0.02940256450001,-0.00576021100000013));
#11583=CARTESIAN_POINT('',(0.00582377300000029,4.44089209850063E-18,-0.00576071100000013));
#11584=CARTESIAN_POINT('',(0.0059005,0.0294025645,-0.005837438));
#11585=CARTESIAN_POINT('',(-0.00580000000001003,0.02940256450001,0.00586306200000996));
#11586=CARTESIAN_POINT('',(-0.0058,0.0294025645,0.0175630619999999));
#11587=CARTESIAN_POINT('',(-0.0058,0.0294025645,-0.005836938));
#11588=CARTESIAN_POINT('',(-0.00580000000001006,0.02940256450001,0.00586306200000993));
#11589=CARTESIAN_POINT('',(0.004758683,0.0305,0.01642174525));
#11590=CARTESIAN_POINT('',(-0.00580000000000993,0.03050000000001,0.00586306225000993));
#11591=CARTESIAN_POINT('',(-0.0058,0.0305,0.01642124525));
#11592=CARTESIAN_POINT('',(-0.0058,0.0305000001249018,-0.00469512087004705));
#11593=CARTESIAN_POINT('',(-0.00580000000001003,0.03050000000001,0.00586306225000996));
#11594=CARTESIAN_POINT('',(-0.0058,0.0305000001249018,0.00586306199999993));
#11595=CARTESIAN_POINT('',(0.,0.,0.));
#11596=CARTESIAN_POINT('',(-0.0214671785284148,0.034,0.00628129471207901));
#11597=CARTESIAN_POINT('',(-0.0214671785284248,0.03410000000001,0.00628129471208899));
#11598=CARTESIAN_POINT('',(-0.0213818500083007,0.0341,0.00622154728150042));
#11599=CARTESIAN_POINT('',(-0.0215525068299788,0.0341,0.00634104245477945));
#11600=CARTESIAN_POINT('',(-0.0213818500083107,0.03405000000001,0.00622154728151042));
#11601=CARTESIAN_POINT('',(-0.0213818500083007,0.034,0.00622154728150042));
#11602=CARTESIAN_POINT('',(-0.0214671785284248,0.03400000000001,0.00628129471208898));
#11603=CARTESIAN_POINT('',(-0.0215525068299788,0.034,0.00634104245477945));
#11604=CARTESIAN_POINT('',(-0.0215525068299888,0.03405000000001,0.00634104245478945));
#11605=CARTESIAN_POINT('',(-0.0208698799069671,0.034,0.00586306211396838));
#11606=CARTESIAN_POINT('',(-0.0208698799069771,0.03410000000001,0.00586306211397838));
#11607=CARTESIAN_POINT('',(-0.0215915679192236,0.0341,0.00544639541841011));
#11608=CARTESIAN_POINT('',(-0.0208698799069771,0.03400000000001,0.00586306211397838));
#11609=CARTESIAN_POINT('',(-0.0215915679192236,0.034,0.00544639541841011));
#11610=CARTESIAN_POINT('',(-0.0215915679192336,0.03405000000001,0.00544639541842011));
#11611=CARTESIAN_POINT('',(-0.0215013569838777,0.034,0.00549847886889826));
#11612=CARTESIAN_POINT('',(-0.0215013569838877,0.03410000000001,0.00549847886890832));
#11613=CARTESIAN_POINT('',(-0.0214111459129035,0.0341,0.00555056208447152));
#11614=CARTESIAN_POINT('',(-0.0215013569838877,0.03400000000001,0.00549847886890827));
#11615=CARTESIAN_POINT('',(-0.0214111459129035,0.034,0.00555056208447152));
#11616=CARTESIAN_POINT('',(-0.0214111459129135,0.03405000000001,0.00555056208448152));
#11617=CARTESIAN_POINT('',(-0.0208698799867706,0.0341,0.00586306199999957));
#11618=CARTESIAN_POINT('',(-0.0208698799867806,0.03410000000001,0.00586306200000957));
#11619=CARTESIAN_POINT('',(-0.02148613832568,0.0341,0.00575889549999988));
#11620=CARTESIAN_POINT('',(-0.0208698799867806,0.03400000000001,0.00586306200000957));
#11621=CARTESIAN_POINT('',(-0.02148613832568,0.034,0.00575889549999988));
#11622=CARTESIAN_POINT('',(-0.02148613832569,0.03405000000001,0.00575889550000988));
#11623=CARTESIAN_POINT('',(-0.02148713832568,0.033999,0.00575889549999988));
#11624=CARTESIAN_POINT('',(-0.0208134259062344,0.03410000000001,0.0057588955000099));
#11625=CARTESIAN_POINT('',(-0.0201407134867687,0.0341,0.00575889549999991));
#11626=CARTESIAN_POINT('',(-0.0208134259062344,0.03400000000001,0.0057588955000099));
#11627=CARTESIAN_POINT('',(-0.0201407134867687,0.034,0.00575889549999991));
#11628=CARTESIAN_POINT('',(-0.0201407134867787,0.03405000000001,0.00575889550000991));
#11629=CARTESIAN_POINT('',(-0.0201407134867687,0.034,0.0058630619999999));
#11630=CARTESIAN_POINT('',(-0.0201407134867787,0.03410000000001,0.0058630620000099));
#11631=CARTESIAN_POINT('',(-0.0201407134867687,0.0341,0.00596722849999989));
#11632=CARTESIAN_POINT('',(-0.0201407134867787,0.03400000000001,0.0058630620000099));
#11633=CARTESIAN_POINT('',(-0.0201407134867687,0.034,0.00596722849999989));
#11634=CARTESIAN_POINT('',(-0.0201407134867787,0.03405000000001,0.00596722850000989));
#11635=CARTESIAN_POINT('',(-0.0201397134867687,0.033999,0.00596722849999989));
#11636=CARTESIAN_POINT('',(-0.0208134259062344,0.03410000000001,0.00596722850000994));
#11637=CARTESIAN_POINT('',(-0.0214861383256801,0.0341,0.00596722849999992));
#11638=CARTESIAN_POINT('',(-0.0208134259062344,0.03400000000001,0.00596722850000991));
#11639=CARTESIAN_POINT('',(-0.0214861383256801,0.034,0.00596722849999992));
#11640=CARTESIAN_POINT('',(-0.0214861383256901,0.03405000000001,0.00596722850000992));
#11641=CARTESIAN_POINT('',(-0.0208698799867699,0.0341,0.00586306200000043));
#11642=CARTESIAN_POINT('',(-0.0208698799867798,0.03410000000001,0.0058630620000104));
#11643=CARTESIAN_POINT('',(-0.0208698799867798,0.03400000000001,0.0058630620000104));
#11644=CARTESIAN_POINT('',(-0.0200355469867687,0.034,0.00642737060028281));
#11645=CARTESIAN_POINT('',(-0.0208698799867687,0.0341,0.0058630619999999));
#11646=CARTESIAN_POINT('',(-0.0208698799867787,0.03410000000001,0.0058630620000099));
#11647=CARTESIAN_POINT('',(-0.0208698799867787,0.03410000000001,0.00482139550000991));
#11648=CARTESIAN_POINT('',(-0.0208698799867787,0.03400000000001,0.0058630620000099));
#11649=CARTESIAN_POINT('',(-0.0208698799867787,0.03400000000001,0.00482139550000991));
#11650=CARTESIAN_POINT('',(-0.0208698799867687,0.034,0.0058630619999999));
#11651=CARTESIAN_POINT('',(-0.0208698799867787,0.03410000000001,0.0058630620000099));
#11652=CARTESIAN_POINT('',(-0.0208698799867787,0.03410000000001,0.0071130620000099));
#11653=CARTESIAN_POINT('',(-0.0208698799867787,0.03400000000001,0.0058630620000099));
#11654=CARTESIAN_POINT('',(-0.0208698799867787,0.03400000000001,0.0071130620000099));
#11655=CARTESIAN_POINT('',(-0.0196188799867687,0.034,0.0071140619999999));
#11656=CARTESIAN_POINT('',(-0.0193019876048131,0.033999,0.00440832354815382));
#11657=CARTESIAN_POINT('',(-0.0192246477367787,0.03410000000001,0.00433889000000988));
#11658=CARTESIAN_POINT('',(-0.0193012434867687,0.0341,0.00440765549999992));
#11659=CARTESIAN_POINT('',(-0.0191480519867687,0.0341,0.00427012449999989));
#11660=CARTESIAN_POINT('',(-0.0193012434867787,0.03405000000001,0.00440765550000992));
#11661=CARTESIAN_POINT('',(-0.0193012434867687,0.034,0.00440765549999992));
#11662=CARTESIAN_POINT('',(-0.0192246477367787,0.03400000000001,0.00433889000000991));
#11663=CARTESIAN_POINT('',(-0.0191480519867687,0.034,0.00427012449999989));
#11664=CARTESIAN_POINT('',(-0.0191480519867787,0.03405000000001,0.00427012450000989));
#11665=CARTESIAN_POINT('',(-0.0191489807792333,0.033999,0.00427049510026663));
#11666=CARTESIAN_POINT('',(-0.0190906052367787,0.03410000000001,0.0042472025000099));
#11667=CARTESIAN_POINT('',(-0.0190331584867687,0.0341,0.00422428049999991));
#11668=CARTESIAN_POINT('',(-0.0190906052367787,0.03400000000001,0.0042472025000099));
#11669=CARTESIAN_POINT('',(-0.0190331584867687,0.034,0.00422428049999991));
#11670=CARTESIAN_POINT('',(-0.0190331584867787,0.03405000000001,0.00422428050000991));
#11671=CARTESIAN_POINT('',(-0.0190331584867687,0.033999,0.0042232804999999));
#11672=CARTESIAN_POINT('',(-0.0190331584867787,0.03410000000001,0.00436181175000991));
#11673=CARTESIAN_POINT('',(-0.0190331584867687,0.0341,0.0044993429999999));
#11674=CARTESIAN_POINT('',(-0.0190331584867787,0.03400000000001,0.00436181175000991));
#11675=CARTESIAN_POINT('',(-0.0190331584867687,0.034,0.0044993429999999));
#11676=CARTESIAN_POINT('',(-0.0190331584867787,0.03405000000001,0.0044993430000099));
#11677=CARTESIAN_POINT('',(-0.0190323004343963,0.033999,0.00449882943780679));
#11678=CARTESIAN_POINT('',(-0.0190714562367787,0.03410000000001,0.00452226500000987));
#11679=CARTESIAN_POINT('',(-0.0191097539867687,0.0341,0.00454518699999988));
#11680=CARTESIAN_POINT('',(-0.0190714562367787,0.03400000000001,0.00452226500000989));
#11681=CARTESIAN_POINT('',(-0.0191097539867687,0.034,0.00454518699999988));
#11682=CARTESIAN_POINT('',(-0.0191097539867787,0.03405000000001,0.00454518700000988));
#11683=CARTESIAN_POINT('',(-0.019109112867989,0.033999,0.00454441955833411));
#11684=CARTESIAN_POINT('',(-0.0191480517367787,0.03410000000001,0.00459103075000989));
#11685=CARTESIAN_POINT('',(-0.0191863494867687,0.0341,0.00463687449999989));
#11686=CARTESIAN_POINT('',(-0.0191480517367787,0.03400000000001,0.00459103075000989));
#11687=CARTESIAN_POINT('',(-0.0191863494867687,0.034,0.00463687449999989));
#11688=CARTESIAN_POINT('',(-0.0191863494867787,0.03405000000001,0.00463687450000989));
#11689=CARTESIAN_POINT('',(-0.0191860812255537,0.033999,0.00463591115378978));
#11690=CARTESIAN_POINT('',(-0.0192054984867787,0.03410000000001,0.00470564000000989));
#11691=CARTESIAN_POINT('',(-0.0192246474867687,0.0341,0.00477440549999989));
#11692=CARTESIAN_POINT('',(-0.0192054984867787,0.03400000000001,0.00470564000000989));
#11693=CARTESIAN_POINT('',(-0.0192246474867687,0.034,0.00477440549999989));
#11694=CARTESIAN_POINT('',(-0.0192246474867787,0.03405000000001,0.00477440550000989));
#11695=CARTESIAN_POINT('',(-0.0192246474867687,0.033999,0.00477340549999988));
#11696=CARTESIAN_POINT('',(-0.0192246474867787,0.03410000000001,0.0049119367500099));
#11697=CARTESIAN_POINT('',(-0.0192246474867687,0.0341,0.00504946799999991));
#11698=CARTESIAN_POINT('',(-0.0192246474867787,0.03400000000001,0.0049119367500099));
#11699=CARTESIAN_POINT('',(-0.0192246474867687,0.034,0.00504946799999991));
#11700=CARTESIAN_POINT('',(-0.0192246474867787,0.03405000000001,0.00504946800000991));
#11701=CARTESIAN_POINT('',(-0.0192249157470786,0.033999,0.00504850465353775));
#11702=CARTESIAN_POINT('',(-0.0192054984867787,0.03410000000001,0.00511823375000991));
#11703=CARTESIAN_POINT('',(-0.0191863494867687,0.0341,0.0051869994999999));
#11704=CARTESIAN_POINT('',(-0.0192054984867787,0.03400000000001,0.00511823375000991));
#11705=CARTESIAN_POINT('',(-0.0191863494867687,0.034,0.0051869994999999));
#11706=CARTESIAN_POINT('',(-0.0191863494867787,0.03405000000001,0.0051869995000099));
#11707=CARTESIAN_POINT('',(-0.0191868360487553,0.033999,0.00518612585394271));
#11708=CARTESIAN_POINT('',(-0.0191480517367787,0.03410000000001,0.0052557650000099));
#11709=CARTESIAN_POINT('',(-0.0191097539867687,0.0341,0.0053245304999999));
#11710=CARTESIAN_POINT('',(-0.0191480517367787,0.03400000000001,0.0052557650000099));
#11711=CARTESIAN_POINT('',(-0.0191097539867687,0.034,0.0053245304999999));
#11712=CARTESIAN_POINT('',(-0.0191097539867787,0.03405000000001,0.0053245305000099));
#11713=CARTESIAN_POINT('',(-0.0191106827792333,0.033999,0.00532415989973316));
#11714=CARTESIAN_POINT('',(-0.0190523072367787,0.03410000000001,0.00534745250000993));
#11715=CARTESIAN_POINT('',(-0.0189948604867687,0.0341,0.00537037449999991));
#11716=CARTESIAN_POINT('',(-0.0190523072367787,0.03400000000001,0.00534745250000991));
#11717=CARTESIAN_POINT('',(-0.0189948604867687,0.034,0.00537037449999991));
#11718=CARTESIAN_POINT('',(-0.0189948604867787,0.03405000000001,0.00537037450000991));
#11719=CARTESIAN_POINT('',(-0.0189958604867687,0.033999,0.00537037449999991));
#11720=CARTESIAN_POINT('',(-0.0189565624867787,0.03410000000001,0.00537037450000994));
#11721=CARTESIAN_POINT('',(-0.0189182644867687,0.0341,0.00537037449999991));
#11722=CARTESIAN_POINT('',(-0.0189565624867787,0.03400000000001,0.00537037450000991));
#11723=CARTESIAN_POINT('',(-0.0189182644867687,0.034,0.00537037449999991));
#11724=CARTESIAN_POINT('',(-0.0189182644867787,0.03405000000001,0.00537037450000991));
#11725=CARTESIAN_POINT('',(-0.0189191932792333,0.033999,0.00537074510026665));
#11726=CARTESIAN_POINT('',(-0.0188608177367787,0.03410000000001,0.00534745250000991));
#11727=CARTESIAN_POINT('',(-0.0188033709867687,0.0341,0.0053245304999999));
#11728=CARTESIAN_POINT('',(-0.0188608177367787,0.03400000000001,0.00534745250000991));
#11729=CARTESIAN_POINT('',(-0.0188033709867687,0.034,0.0053245304999999));
#11730=CARTESIAN_POINT('',(-0.0188033709867787,0.03405000000001,0.0053245305000099));
#11731=CARTESIAN_POINT('',(-0.0188038575487553,0.033999,0.00532540414605708));
#11732=CARTESIAN_POINT('',(-0.0187650732367787,0.03410000000001,0.0052557650000099));
#11733=CARTESIAN_POINT('',(-0.0187267754867687,0.0341,0.0051869994999999));
#11734=CARTESIAN_POINT('',(-0.0187650732367787,0.03400000000001,0.0052557650000099));
#11735=CARTESIAN_POINT('',(-0.0187267754867687,0.034,0.0051869994999999));
#11736=CARTESIAN_POINT('',(-0.0187267754867787,0.03405000000001,0.0051869995000099));
#11737=CARTESIAN_POINT('',(-0.0187270437470786,0.033999,0.00518796284646206));
#11738=CARTESIAN_POINT('',(-0.0187076264867787,0.03410000000001,0.00511823375000991));
#11739=CARTESIAN_POINT('',(-0.0186884774867687,0.0341,0.00504946799999991));
#11740=CARTESIAN_POINT('',(-0.0187076264867787,0.03400000000001,0.00511823375000991));
#11741=CARTESIAN_POINT('',(-0.0186884774867687,0.034,0.00504946799999991));
#11742=CARTESIAN_POINT('',(-0.0186884774867787,0.03405000000001,0.00504946800000991));
#11743=CARTESIAN_POINT('',(-0.0186884774867687,0.033999,0.00505046799999991));
#11744=CARTESIAN_POINT('',(-0.0186884774867787,0.03410000000001,0.0049119367500099));
#11745=CARTESIAN_POINT('',(-0.0186884774867687,0.0341,0.00477440549999989));
#11746=CARTESIAN_POINT('',(-0.0186884774867787,0.03400000000001,0.0049119367500099));
#11747=CARTESIAN_POINT('',(-0.0186884774867687,0.034,0.00477440549999989));
#11748=CARTESIAN_POINT('',(-0.0186884774867787,0.03405000000001,0.00477440550000989));
#11749=CARTESIAN_POINT('',(-0.0186886422831307,0.033999,0.00477539182761234));
#11750=CARTESIAN_POINT('',(-0.0186693284867787,0.03410000000001,0.00465979625000989));
#11751=CARTESIAN_POINT('',(-0.0186501794867687,0.0341,0.00454518699999988));
#11752=CARTESIAN_POINT('',(-0.0186693284867787,0.03400000000001,0.00465979625000989));
#11753=CARTESIAN_POINT('',(-0.0186501794867687,0.034,0.00454518699999988));
#11754=CARTESIAN_POINT('',(-0.0186501794867787,0.03405000000001,0.00454518700000988));
#11755=CARTESIAN_POINT('',(-0.0186505649134331,0.033999,0.00454610973847119));
#11756=CARTESIAN_POINT('',(-0.0186118817367787,0.03410000000001,0.00445349950000989));
#11757=CARTESIAN_POINT('',(-0.0185735839867687,0.0341,0.0043618119999999));
#11758=CARTESIAN_POINT('',(-0.0186118817367787,0.03400000000001,0.00445349950000989));
#11759=CARTESIAN_POINT('',(-0.0185735839867687,0.034,0.0043618119999999));
#11760=CARTESIAN_POINT('',(-0.0185735839867787,0.03405000000001,0.0043618120000099));
#11761=CARTESIAN_POINT('',(-0.0185742251067808,0.033999,0.0043625794406361));
#11762=CARTESIAN_POINT('',(-0.0184969882367787,0.03410000000001,0.00427012450000989));
#11763=CARTESIAN_POINT('',(-0.0184203924867687,0.0341,0.00417843699999989));
#11764=CARTESIAN_POINT('',(-0.0184969882367787,0.03400000000001,0.00427012450000989));
#11765=CARTESIAN_POINT('',(-0.0184203924867687,0.034,0.00417843699999989));
#11766=CARTESIAN_POINT('',(-0.0184203924867787,0.03405000000001,0.00417843700000989));
#11767=CARTESIAN_POINT('',(-0.0184212505411139,0.033999,0.00417895055889693));
#11768=CARTESIAN_POINT('',(-0.0183437967367787,0.03410000000001,0.00413259325000989));
#11769=CARTESIAN_POINT('',(-0.0182672009867687,0.0341,0.00408674949999988));
#11770=CARTESIAN_POINT('',(-0.0183437967367787,0.03400000000001,0.00413259325000989));
#11771=CARTESIAN_POINT('',(-0.0182672009867687,0.034,0.00408674949999988));
#11772=CARTESIAN_POINT('',(-0.0182672009867787,0.03405000000001,0.00408674950000988));
#11773=CARTESIAN_POINT('',(-0.0182682009867687,0.033999,0.00408674949999988));
#11774=CARTESIAN_POINT('',(-0.0181714562367787,0.03410000000001,0.00408674950000991));
#11775=CARTESIAN_POINT('',(-0.0180757114867687,0.0341,0.00408674949999988));
#11776=CARTESIAN_POINT('',(-0.0181714562367787,0.03400000000001,0.00408674950000988));
#11777=CARTESIAN_POINT('',(-0.0180757114867687,0.034,0.00408674949999988));
#11778=CARTESIAN_POINT('',(-0.0180757114867787,0.03405000000001,0.00408674950000988));
#11779=CARTESIAN_POINT('',(-0.0180765695411139,0.033999,0.00408623594110284));
#11780=CARTESIAN_POINT('',(-0.0179991157367787,0.03410000000001,0.00413259325000989));
#11781=CARTESIAN_POINT('',(-0.0179225199867687,0.0341,0.00417843699999989));
#11782=CARTESIAN_POINT('',(-0.0179991157367787,0.03400000000001,0.00413259325000989));
#11783=CARTESIAN_POINT('',(-0.0179225199867687,0.034,0.00417843699999989));
#11784=CARTESIAN_POINT('',(-0.0179225199867787,0.03405000000001,0.00417843700000989));
#11785=CARTESIAN_POINT('',(-0.0179231611067808,0.033999,0.00417766955936369));
#11786=CARTESIAN_POINT('',(-0.0178459242367787,0.03410000000001,0.00427012450000989));
#11787=CARTESIAN_POINT('',(-0.0177693284867687,0.0341,0.0043618119999999));
#11788=CARTESIAN_POINT('',(-0.0178459242367787,0.03400000000001,0.00427012450000989));
#11789=CARTESIAN_POINT('',(-0.0177693284867687,0.034,0.0043618119999999));
#11790=CARTESIAN_POINT('',(-0.0177693284867787,0.03405000000001,0.0043618120000099));
#11791=CARTESIAN_POINT('',(-0.0177697139155753,0.033999,0.0043608892624234));
#11792=CARTESIAN_POINT('',(-0.0177310304867787,0.03410000000001,0.00445349950000989));
#11793=CARTESIAN_POINT('',(-0.0176927324867687,0.0341,0.00454518699999988));
#11794=CARTESIAN_POINT('',(-0.0177310304867787,0.03400000000001,0.00445349950000989));
#11795=CARTESIAN_POINT('',(-0.0176927324867687,0.034,0.00454518699999988));
#11796=CARTESIAN_POINT('',(-0.0176927324867787,0.03405000000001,0.00454518700000988));
#11797=CARTESIAN_POINT('',(-0.0176928972810376,0.033999,0.0045442006720377));
#11798=CARTESIAN_POINT('',(-0.0176735837367787,0.03410000000001,0.00465979625000989));
#11799=CARTESIAN_POINT('',(-0.0176544349867687,0.0341,0.00477440549999989));
#11800=CARTESIAN_POINT('',(-0.0176735837367787,0.03400000000001,0.00465979625000989));
#11801=CARTESIAN_POINT('',(-0.0176544349867687,0.034,0.00477440549999989));
#11802=CARTESIAN_POINT('',(-0.0176544349867787,0.03405000000001,0.00477440550000989));
#11803=CARTESIAN_POINT('',(-0.0176544349867687,0.033999,0.00477340549999988));
#11804=CARTESIAN_POINT('',(-0.0176544349867787,0.03410000000001,0.0049577805000099));
#11805=CARTESIAN_POINT('',(-0.0176544349867687,0.0341,0.00514115549999991));
#11806=CARTESIAN_POINT('',(-0.0176544349867787,0.03400000000001,0.0049577805000099));
#11807=CARTESIAN_POINT('',(-0.0176544349867687,0.034,0.00514115549999991));
#11808=CARTESIAN_POINT('',(-0.0176544349867787,0.03405000000001,0.00514115550000991));
#11809=CARTESIAN_POINT('',(-0.0176542701928495,0.033999,0.00514016917197932));
#11810=CARTESIAN_POINT('',(-0.0176735837367787,0.03410000000001,0.00525576500000991));
#11811=CARTESIAN_POINT('',(-0.0176927324867687,0.0341,0.00537037449999991));
#11812=CARTESIAN_POINT('',(-0.0176735837367787,0.03400000000001,0.00525576500000991));
#11813=CARTESIAN_POINT('',(-0.0176927324867687,0.034,0.00537037449999991));
#11814=CARTESIAN_POINT('',(-0.0176927324867787,0.03405000000001,0.00537037450000991));
#11815=CARTESIAN_POINT('',(-0.0176922843849436,0.033999,0.00536948051747527));
#11816=CARTESIAN_POINT('',(-0.0177501794867787,0.03410000000001,0.00548498375000991));
#11817=CARTESIAN_POINT('',(-0.0178076264867687,0.0341,0.00559959299999991));
#11818=CARTESIAN_POINT('',(-0.0177501794867787,0.03400000000001,0.00548498375000991));
#11819=CARTESIAN_POINT('',(-0.0178076264867687,0.034,0.00559959299999991));
#11820=CARTESIAN_POINT('',(-0.0178076264867787,0.03405000000001,0.00559959300000991));
#11821=CARTESIAN_POINT('',(-0.0178068142679785,0.033999,0.00559900964707342));
#11822=CARTESIAN_POINT('',(-0.0179033709867787,0.03410000000001,0.0056683587500099));
#11823=CARTESIAN_POINT('',(-0.0179991154867687,0.0341,0.00573712449999988));
#11824=CARTESIAN_POINT('',(-0.0179033709867787,0.03400000000001,0.0056683587500099));
#11825=CARTESIAN_POINT('',(-0.0179991154867687,0.034,0.00573712449999988));
#11826=CARTESIAN_POINT('',(-0.0179991154867787,0.03405000000001,0.00573712450000988));
#11827=CARTESIAN_POINT('',(-0.0179981574645739,0.033999,0.0057368378059569));
#11828=CARTESIAN_POINT('',(-0.0180757112367787,0.03410000000001,0.00576004625000989));
#11829=CARTESIAN_POINT('',(-0.0181523069867687,0.0341,0.0057829679999999));
#11830=CARTESIAN_POINT('',(-0.0180757112367787,0.03400000000001,0.00576004625000989));
#11831=CARTESIAN_POINT('',(-0.0181523069867687,0.034,0.0057829679999999));
#11832=CARTESIAN_POINT('',(-0.0181523069867787,0.03405000000001,0.0057829680000099));
#11833=CARTESIAN_POINT('',(-0.0181523069867687,0.033999,0.0057839679999999));
#11834=CARTESIAN_POINT('',(-0.0181523069867787,0.03410000000001,0.00564543675000991));
#11835=CARTESIAN_POINT('',(-0.0181523069867687,0.0341,0.00550790549999991));
#11836=CARTESIAN_POINT('',(-0.0181523069867787,0.03400000000001,0.00564543675000991));
#11837=CARTESIAN_POINT('',(-0.0181523069867687,0.034,0.00550790549999991));
#11838=CARTESIAN_POINT('',(-0.0181523069867787,0.03405000000001,0.00550790550000991));
#11839=CARTESIAN_POINT('',(-0.0181532357806246,0.033999,0.00550827609677981));
#11840=CARTESIAN_POINT('',(-0.0180948602367787,0.03410000000001,0.0054849837500099));
#11841=CARTESIAN_POINT('',(-0.0180374134867687,0.0341,0.00546206199999989));
#11842=CARTESIAN_POINT('',(-0.0180948602367787,0.03400000000001,0.0054849837500099));
#11843=CARTESIAN_POINT('',(-0.0180374134867687,0.034,0.00546206199999989));
#11844=CARTESIAN_POINT('',(-0.0180374134867787,0.03405000000001,0.00546206200000989));
#11845=CARTESIAN_POINT('',(-0.0180380546056836,0.033999,0.00546282944155269));
#11846=CARTESIAN_POINT('',(-0.0179799667367787,0.03410000000001,0.0053932962500099));
#11847=CARTESIAN_POINT('',(-0.0179225199867687,0.0341,0.0053245304999999));
#11848=CARTESIAN_POINT('',(-0.0179799667367787,0.03400000000001,0.0053932962500099));
#11849=CARTESIAN_POINT('',(-0.0179225199867687,0.034,0.0053245304999999));
#11850=CARTESIAN_POINT('',(-0.0179225199867787,0.03405000000001,0.0053245305000099));
#11851=CARTESIAN_POINT('',(-0.0179227244263855,0.033999,0.00532550937917688));
#11852=CARTESIAN_POINT('',(-0.0179033709867787,0.03410000000001,0.00523284300000991));
#11853=CARTESIAN_POINT('',(-0.0178842219867687,0.0341,0.00514115549999991));
#11854=CARTESIAN_POINT('',(-0.0179033709867787,0.03400000000001,0.00523284300000991));
#11855=CARTESIAN_POINT('',(-0.0178842219867687,0.034,0.00514115549999991));
#11856=CARTESIAN_POINT('',(-0.0178842219867787,0.03405000000001,0.00514115550000991));
#11857=CARTESIAN_POINT('',(-0.0178842219867687,0.033999,0.00514215549999992));
#11858=CARTESIAN_POINT('',(-0.0178842219867787,0.03410000000001,0.0049577805000099));
#11859=CARTESIAN_POINT('',(-0.0178842219867687,0.0341,0.00477440549999989));
#11860=CARTESIAN_POINT('',(-0.0178842219867787,0.03400000000001,0.0049577805000099));
#11861=CARTESIAN_POINT('',(-0.0178842219867687,0.034,0.00477440549999989));
#11862=CARTESIAN_POINT('',(-0.0178842219867787,0.03405000000001,0.00477440550000989));
#11863=CARTESIAN_POINT('',(-0.017884017547152,0.033999,0.00477538437917687));
#11864=CARTESIAN_POINT('',(-0.0179033709867787,0.03410000000001,0.0046827180000099));
#11865=CARTESIAN_POINT('',(-0.0179225199867687,0.0341,0.0045910304999999));
#11866=CARTESIAN_POINT('',(-0.0179033709867787,0.03400000000001,0.0046827180000099));
#11867=CARTESIAN_POINT('',(-0.0179225199867687,0.034,0.0045910304999999));
#11868=CARTESIAN_POINT('',(-0.0179225199867787,0.03405000000001,0.0045910305000099));
#11869=CARTESIAN_POINT('',(-0.0179220334247822,0.033999,0.00459190414605709));
#11870=CARTESIAN_POINT('',(-0.0179608177367787,0.03410000000001,0.00452226500000991));
#11871=CARTESIAN_POINT('',(-0.0179991154867687,0.0341,0.00445349949999991));
#11872=CARTESIAN_POINT('',(-0.0179608177367787,0.03400000000001,0.00452226500000991));
#11873=CARTESIAN_POINT('',(-0.0179991154867687,0.034,0.00445349949999991));
#11874=CARTESIAN_POINT('',(-0.0179991154867787,0.03405000000001,0.00445349950000991));
#11875=CARTESIAN_POINT('',(-0.0179983338628997,0.033999,0.00445412325005202));
#11876=CARTESIAN_POINT('',(-0.0180565624867787,0.03410000000001,0.00440765575000991));
#11877=CARTESIAN_POINT('',(-0.0181140094867687,0.0341,0.0043618119999999));
#11878=CARTESIAN_POINT('',(-0.0180565624867787,0.03400000000001,0.00440765575000991));
#11879=CARTESIAN_POINT('',(-0.0181140094867687,0.034,0.0043618119999999));
#11880=CARTESIAN_POINT('',(-0.0181140094867787,0.03405000000001,0.0043618120000099));
#11881=CARTESIAN_POINT('',(-0.0181130094867687,0.033999,0.0043618119999999));
#11882=CARTESIAN_POINT('',(-0.0181714562367787,0.03410000000001,0.0043618120000099));
#11883=CARTESIAN_POINT('',(-0.0182289029867687,0.0341,0.0043618119999999));
#11884=CARTESIAN_POINT('',(-0.0181714562367787,0.03400000000001,0.0043618120000099));
#11885=CARTESIAN_POINT('',(-0.0182289029867687,0.034,0.0043618119999999));
#11886=CARTESIAN_POINT('',(-0.0182289029867787,0.03405000000001,0.0043618120000099));
#11887=CARTESIAN_POINT('',(-0.0182281213642232,0.033999,0.00436118824828944));
#11888=CARTESIAN_POINT('',(-0.0182863497367787,0.03410000000001,0.00440765575000991));
#11889=CARTESIAN_POINT('',(-0.0183437964867687,0.0341,0.00445349949999991));
#11890=CARTESIAN_POINT('',(-0.0182863497367787,0.03400000000001,0.00440765575000991));
#11891=CARTESIAN_POINT('',(-0.0183437964867687,0.034,0.00445349949999991));
#11892=CARTESIAN_POINT('',(-0.0183437964867787,0.03405000000001,0.00445349950000991));
#11893=CARTESIAN_POINT('',(-0.0183433099223579,0.033999,0.00445262585529287));
#11894=CARTESIAN_POINT('',(-0.0183820944867787,0.03410000000001,0.00452226500000991));
#11895=CARTESIAN_POINT('',(-0.0184203924867687,0.0341,0.0045910304999999));
#11896=CARTESIAN_POINT('',(-0.0183820944867787,0.03400000000001,0.00452226500000991));
#11897=CARTESIAN_POINT('',(-0.0184203924867687,0.034,0.0045910304999999));
#11898=CARTESIAN_POINT('',(-0.0184203924867787,0.03405000000001,0.0045910305000099));
#11899=CARTESIAN_POINT('',(-0.0184201880497095,0.033999,0.00459005162028879));
#11900=CARTESIAN_POINT('',(-0.0184395412367787,0.03410000000001,0.0046827180000099));
#11901=CARTESIAN_POINT('',(-0.0184586899867687,0.0341,0.00477440549999989));
#11902=CARTESIAN_POINT('',(-0.0184395412367787,0.03400000000001,0.0046827180000099));
#11903=CARTESIAN_POINT('',(-0.0184586899867687,0.034,0.00477440549999989));
#11904=CARTESIAN_POINT('',(-0.0184586899867787,0.03405000000001,0.00477440550000989));
#11905=CARTESIAN_POINT('',(-0.0184586899867687,0.033999,0.00477340549999988));
#11906=CARTESIAN_POINT('',(-0.0184586899867787,0.03410000000001,0.0049119367500099));
#11907=CARTESIAN_POINT('',(-0.0184586899867687,0.0341,0.00504946799999991));
#11908=CARTESIAN_POINT('',(-0.0184586899867787,0.03400000000001,0.0049119367500099));
#11909=CARTESIAN_POINT('',(-0.0184586899867687,0.034,0.00504946799999991));
#11910=CARTESIAN_POINT('',(-0.0184586899867787,0.03405000000001,0.00504946800000991));
#11911=CARTESIAN_POINT('',(-0.018458485547152,0.033999,0.00504848912082292));
#11912=CARTESIAN_POINT('',(-0.0184778389867787,0.03410000000001,0.0051411555000099));
#11913=CARTESIAN_POINT('',(-0.0184969879867687,0.0341,0.00523284299999989));
#11914=CARTESIAN_POINT('',(-0.0184778389867787,0.03400000000001,0.0051411555000099));
#11915=CARTESIAN_POINT('',(-0.0184969879867687,0.034,0.00523284299999989));
#11916=CARTESIAN_POINT('',(-0.0184969879867787,0.03405000000001,0.00523284300000989));
#11917=CARTESIAN_POINT('',(-0.0184966025579621,0.033999,0.00523192026242339));
#11918=CARTESIAN_POINT('',(-0.0185352859867787,0.03410000000001,0.0053245305000099));
#11919=CARTESIAN_POINT('',(-0.0185735839867687,0.0341,0.0054162179999999));
#11920=CARTESIAN_POINT('',(-0.0185352859867787,0.03400000000001,0.0053245305000099));
#11921=CARTESIAN_POINT('',(-0.0185735839867687,0.034,0.0054162179999999));
#11922=CARTESIAN_POINT('',(-0.0185735839867787,0.03405000000001,0.0054162180000099));
#11923=CARTESIAN_POINT('',(-0.0185729428667566,0.033999,0.00541545055936371));
#11924=CARTESIAN_POINT('',(-0.0186501797367787,0.03410000000001,0.00550790550000991));
#11925=CARTESIAN_POINT('',(-0.0187267754867687,0.0341,0.00559959299999991));
#11926=CARTESIAN_POINT('',(-0.0186501797367787,0.03400000000001,0.00550790550000991));
#11927=CARTESIAN_POINT('',(-0.0187267754867687,0.034,0.00559959299999991));
#11928=CARTESIAN_POINT('',(-0.0187267754867787,0.03405000000001,0.00559959300000991));
#11929=CARTESIAN_POINT('',(-0.0187258174654327,0.033999,0.00559930630308705));
#11930=CARTESIAN_POINT('',(-0.0188033712367787,0.03410000000001,0.00562251500000994));
#11931=CARTESIAN_POINT('',(-0.0188799669867687,0.0341,0.0056454369999999));
#11932=CARTESIAN_POINT('',(-0.0188033712367787,0.03400000000001,0.00562251500000991));
#11933=CARTESIAN_POINT('',(-0.0188799669867687,0.034,0.0056454369999999));
#11934=CARTESIAN_POINT('',(-0.0188799669867787,0.03405000000001,0.0056454370000099));
#11935=CARTESIAN_POINT('',(-0.0188789669867687,0.033999,0.0056454369999999));
#11936=CARTESIAN_POINT('',(-0.0189565627367787,0.03410000000001,0.00564543700000993));
#11937=CARTESIAN_POINT('',(-0.0190331584867687,0.0341,0.0056454369999999));
#11938=CARTESIAN_POINT('',(-0.0189565627367787,0.03400000000001,0.0056454370000099));
#11939=CARTESIAN_POINT('',(-0.0190331584867687,0.034,0.0056454369999999));
#11940=CARTESIAN_POINT('',(-0.0190331584867787,0.03405000000001,0.0056454370000099));
#11941=CARTESIAN_POINT('',(-0.0190322004656898,0.033999,0.00564572369777159));
#11942=CARTESIAN_POINT('',(-0.0191097539867787,0.03410000000001,0.00562251500000991));
#11943=CARTESIAN_POINT('',(-0.0191863494867687,0.0341,0.00559959299999991));
#11944=CARTESIAN_POINT('',(-0.0191097539867787,0.03400000000001,0.00562251500000991));
#11945=CARTESIAN_POINT('',(-0.0191863494867687,0.034,0.00559959299999991));
#11946=CARTESIAN_POINT('',(-0.0191863494867787,0.03405000000001,0.00559959300000991));
#11947=CARTESIAN_POINT('',(-0.0191857083667566,0.033999,0.00560036044063614));
#11948=CARTESIAN_POINT('',(-0.0192629452367787,0.03410000000001,0.00550790550000991));
#11949=CARTESIAN_POINT('',(-0.0193395409867687,0.0341,0.0054162179999999));
#11950=CARTESIAN_POINT('',(-0.0192629452367787,0.03400000000001,0.00550790550000991));
#11951=CARTESIAN_POINT('',(-0.0193395409867687,0.034,0.0054162179999999));
#11952=CARTESIAN_POINT('',(-0.0193395409867787,0.03405000000001,0.0054162180000099));
#11953=CARTESIAN_POINT('',(-0.0193391555579621,0.033999,0.0054171407375764));
#11954=CARTESIAN_POINT('',(-0.0193778389867787,0.03410000000001,0.0053245305000099));
#11955=CARTESIAN_POINT('',(-0.0194161369867687,0.0341,0.00523284299999989));
#11956=CARTESIAN_POINT('',(-0.0193778389867787,0.03400000000001,0.0053245305000099));
#11957=CARTESIAN_POINT('',(-0.0194161369867687,0.034,0.00523284299999989));
#11958=CARTESIAN_POINT('',(-0.0194161369867787,0.03405000000001,0.00523284300000989));
#11959=CARTESIAN_POINT('',(-0.019415932547152,0.033999,0.00523382187917687));
#11960=CARTESIAN_POINT('',(-0.0194352859867787,0.03410000000001,0.0051411555000099));
#11961=CARTESIAN_POINT('',(-0.0194544349867687,0.0341,0.00504946799999991));
#11962=CARTESIAN_POINT('',(-0.0194352859867787,0.03400000000001,0.0051411555000099));
#11963=CARTESIAN_POINT('',(-0.0194544349867687,0.034,0.00504946799999991));
#11964=CARTESIAN_POINT('',(-0.0194544349867787,0.03405000000001,0.00504946800000991));
#11965=CARTESIAN_POINT('',(-0.0194544349867687,0.033999,0.00505046799999991));
#11966=CARTESIAN_POINT('',(-0.0194544349867787,0.03410000000001,0.00493485875000989));
#11967=CARTESIAN_POINT('',(-0.0194544349867687,0.0341,0.00482024949999987));
#11968=CARTESIAN_POINT('',(-0.0194544349867787,0.03400000000001,0.00493485875000989));
#11969=CARTESIAN_POINT('',(-0.0194544349867687,0.034,0.00482024949999987));
#11970=CARTESIAN_POINT('',(-0.0194544349867787,0.03405000000001,0.00482024950000987));
#11971=CARTESIAN_POINT('',(-0.019454599782781,0.033999,0.00482123582767079));
#11972=CARTESIAN_POINT('',(-0.0194352859867787,0.03410000000001,0.00470564000000989));
#11973=CARTESIAN_POINT('',(-0.0194161369867687,0.0341,0.0045910304999999));
#11974=CARTESIAN_POINT('',(-0.0194352859867787,0.03400000000001,0.00470564000000989));
#11975=CARTESIAN_POINT('',(-0.0194161369867687,0.034,0.0045910304999999));
#11976=CARTESIAN_POINT('',(-0.0194161369867787,0.03405000000001,0.0045910305000099));
#11977=CARTESIAN_POINT('',(-0.0194166679295534,0.033999,0.00459187790767004));
#11978=CARTESIAN_POINT('',(-0.0193586902367787,0.03410000000001,0.00449934300000991));
#11979=CARTESIAN_POINT('',(-0.0193586902367787,0.03400000000001,0.00449934300000991));
#11980=CARTESIAN_POINT('',(-0.0176534349867687,0.034,0.0057839679999999));
#11981=CARTESIAN_POINT('',(-0.0190322296929128,0.033999,0.00844153540322));
#11982=CARTESIAN_POINT('',(-0.0190906052367787,0.03410000000001,0.00846482775000989));
#11983=CARTESIAN_POINT('',(-0.0190331584867687,0.0341,0.0084419059999999));
#11984=CARTESIAN_POINT('',(-0.0191480519867687,0.0341,0.00848774949999989));
#11985=CARTESIAN_POINT('',(-0.0190331584867787,0.03405000000001,0.0084419060000099));
#11986=CARTESIAN_POINT('',(-0.0190331584867687,0.034,0.0084419059999999));
#11987=CARTESIAN_POINT('',(-0.0190906052367787,0.03400000000001,0.00846482775000989));
#11988=CARTESIAN_POINT('',(-0.0191480519867687,0.034,0.00848774949999989));
#11989=CARTESIAN_POINT('',(-0.0191480519867787,0.03405000000001,0.00848774950000989));
#11990=CARTESIAN_POINT('',(-0.019147410867989,0.033999,0.00848698205833412));
#11991=CARTESIAN_POINT('',(-0.0191863497367787,0.03410000000001,0.00853359325000989));
#11992=CARTESIAN_POINT('',(-0.0192246474867687,0.0341,0.0085794369999999));
#11993=CARTESIAN_POINT('',(-0.0191863497367787,0.03400000000001,0.00853359325000989));
#11994=CARTESIAN_POINT('',(-0.0192246474867687,0.034,0.0085794369999999));
#11995=CARTESIAN_POINT('',(-0.0192246474867787,0.03405000000001,0.0085794370000099));
#11996=CARTESIAN_POINT('',(-0.0192243792255537,0.033999,0.00857847365378979));
#11997=CARTESIAN_POINT('',(-0.0192437964867787,0.03410000000001,0.00864820250000989));
#11998=CARTESIAN_POINT('',(-0.0192629454867687,0.0341,0.00871696799999989));
#11999=CARTESIAN_POINT('',(-0.0192437964867787,0.03400000000001,0.00864820250000989));
#12000=CARTESIAN_POINT('',(-0.0192629454867687,0.034,0.00871696799999989));
#12001=CARTESIAN_POINT('',(-0.0192629454867787,0.03405000000001,0.00871696800000989));
#12002=CARTESIAN_POINT('',(-0.0192629454867687,0.033999,0.00871596799999989));
#12003=CARTESIAN_POINT('',(-0.0192629454867787,0.03410000000001,0.0091524837500099));
#12004=CARTESIAN_POINT('',(-0.0192629454867687,0.0341,0.00958799949999991));
#12005=CARTESIAN_POINT('',(-0.0192629454867787,0.03400000000001,0.0091524837500099));
#12006=CARTESIAN_POINT('',(-0.0192629454867687,0.034,0.00958799949999991));
#12007=CARTESIAN_POINT('',(-0.0192629454867787,0.03405000000001,0.00958799950000991));
#12008=CARTESIAN_POINT('',(-0.0192639454867687,0.033999,0.00958799949999991));
#12009=CARTESIAN_POINT('',(-0.0189757114867787,0.03410000000001,0.00958799950000994));
#12010=CARTESIAN_POINT('',(-0.0186884774867687,0.0341,0.00958799949999991));
#12011=CARTESIAN_POINT('',(-0.0189757114867787,0.03400000000001,0.00958799950000991));
#12012=CARTESIAN_POINT('',(-0.0186884774867687,0.034,0.00958799949999991));
#12013=CARTESIAN_POINT('',(-0.0186884774867787,0.03405000000001,0.00958799950000991));
#12014=CARTESIAN_POINT('',(-0.0193019876048131,0.033999,0.0083508860481538));
#12015=CARTESIAN_POINT('',(-0.0192246477367787,0.03410000000001,0.0082814525000099));
#12016=CARTESIAN_POINT('',(-0.0193012434867687,0.0341,0.0083502179999999));
#12017=CARTESIAN_POINT('',(-0.0191480519867687,0.0341,0.0082126869999999));
#12018=CARTESIAN_POINT('',(-0.0193012434867787,0.03405000000001,0.0083502180000099));
#12019=CARTESIAN_POINT('',(-0.0193012434867687,0.034,0.0083502179999999));
#12020=CARTESIAN_POINT('',(-0.0192246477367787,0.03400000000001,0.0082814525000099));
#12021=CARTESIAN_POINT('',(-0.0191480519867687,0.034,0.0082126869999999));
#12022=CARTESIAN_POINT('',(-0.0191480519867787,0.03405000000001,0.0082126870000099));
#12023=CARTESIAN_POINT('',(-0.0191489807806246,0.033999,0.00821305759677981));
#12024=CARTESIAN_POINT('',(-0.0190906052367787,0.03410000000001,0.00818976525000989));
#12025=CARTESIAN_POINT('',(-0.0190331584867687,0.0341,0.00816684349999989));
#12026=CARTESIAN_POINT('',(-0.0190906052367787,0.03400000000001,0.00818976525000989));
#12027=CARTESIAN_POINT('',(-0.0190331584867687,0.034,0.00816684349999989));
#12028=CARTESIAN_POINT('',(-0.0190331584867787,0.03405000000001,0.00816684350000989));
#12029=CARTESIAN_POINT('',(-0.0190341584867687,0.033999,0.00816684349999989));
#12030=CARTESIAN_POINT('',(-0.0189565627367787,0.03410000000001,0.00816684350000989));
#12031=CARTESIAN_POINT('',(-0.0188799669867687,0.0341,0.00816684349999989));
#12032=CARTESIAN_POINT('',(-0.0189565627367787,0.03400000000001,0.00816684350000989));
#12033=CARTESIAN_POINT('',(-0.0188799669867687,0.034,0.00816684349999989));
#12034=CARTESIAN_POINT('',(-0.0188799669867787,0.03405000000001,0.00816684350000989));
#12035=CARTESIAN_POINT('',(-0.0188808957811797,0.033999,0.00816647290461125));
#12036=CARTESIAN_POINT('',(-0.0188225199867787,0.03410000000001,0.00818976525000987));
#12037=CARTESIAN_POINT('',(-0.0187650729867687,0.0341,0.0082126869999999));
#12038=CARTESIAN_POINT('',(-0.0188225199867787,0.03400000000001,0.00818976525000989));
#12039=CARTESIAN_POINT('',(-0.0187650729867687,0.034,0.0082126869999999));
#12040=CARTESIAN_POINT('',(-0.0187650729867787,0.03405000000001,0.0082126870000099));
#12041=CARTESIAN_POINT('',(-0.0187658171048131,0.033999,0.00821201895184601));
#12042=CARTESIAN_POINT('',(-0.0186884772367787,0.03410000000001,0.0082814525000099));
#12043=CARTESIAN_POINT('',(-0.0186118814867687,0.0341,0.0083502179999999));
#12044=CARTESIAN_POINT('',(-0.0186884772367787,0.03400000000001,0.0082814525000099));
#12045=CARTESIAN_POINT('',(-0.0186118814867687,0.034,0.0083502179999999));
#12046=CARTESIAN_POINT('',(-0.0186118814867787,0.03405000000001,0.0083502180000099));
#12047=CARTESIAN_POINT('',(-0.0186124124285138,0.033999,0.00834937059167842));
#12048=CARTESIAN_POINT('',(-0.0185544347367787,0.03410000000001,0.00844190575000989));
#12049=CARTESIAN_POINT('',(-0.0184969879867687,0.0341,0.00853359349999988));
#12050=CARTESIAN_POINT('',(-0.0185544347367787,0.03400000000001,0.00844190575000989));
#12051=CARTESIAN_POINT('',(-0.0184969879867687,0.034,0.00853359349999988));
#12052=CARTESIAN_POINT('',(-0.0184969879867787,0.03405000000001,0.00853359350000988));
#12053=CARTESIAN_POINT('',(-0.0184971527831307,0.033999,0.00853260717238743));
#12054=CARTESIAN_POINT('',(-0.0184778389867787,0.03410000000001,0.00864820275000988));
#12055=CARTESIAN_POINT('',(-0.0184586899867687,0.0341,0.00876281199999988));
#12056=CARTESIAN_POINT('',(-0.0184778389867787,0.03400000000001,0.00864820275000988));
#12057=CARTESIAN_POINT('',(-0.0184586899867687,0.034,0.00876281199999988));
#12058=CARTESIAN_POINT('',(-0.0184586899867787,0.03405000000001,0.00876281200000988));
#12059=CARTESIAN_POINT('',(-0.0186884774867687,0.033999,0.00958899949999991));
#12060=CARTESIAN_POINT('',(-0.0186884774867787,0.03410000000001,0.0091524837500099));
#12061=CARTESIAN_POINT('',(-0.0186884774867687,0.0341,0.00871696799999989));
#12062=CARTESIAN_POINT('',(-0.0186884774867787,0.03400000000001,0.0091524837500099));
#12063=CARTESIAN_POINT('',(-0.0186884774867687,0.034,0.00871696799999989));
#12064=CARTESIAN_POINT('',(-0.0186884774867787,0.03405000000001,0.00871696800000989));
#12065=CARTESIAN_POINT('',(-0.0186882092255537,0.033999,0.00871793134621001));
#12066=CARTESIAN_POINT('',(-0.0187076264867787,0.03410000000001,0.00864820250000989));
#12067=CARTESIAN_POINT('',(-0.0187267754867687,0.0341,0.0085794369999999));
#12068=CARTESIAN_POINT('',(-0.0187076264867787,0.03400000000001,0.00864820250000989));
#12069=CARTESIAN_POINT('',(-0.0187267754867687,0.034,0.0085794369999999));
#12070=CARTESIAN_POINT('',(-0.0187267754867787,0.03405000000001,0.0085794370000099));
#12071=CARTESIAN_POINT('',(-0.018726134367989,0.033999,0.00858020444166567));
#12072=CARTESIAN_POINT('',(-0.0187650732367787,0.03410000000001,0.00853359325000989));
#12073=CARTESIAN_POINT('',(-0.0188033709867687,0.0341,0.00848774949999989));
#12074=CARTESIAN_POINT('',(-0.0187650732367787,0.03400000000001,0.00853359325000989));
#12075=CARTESIAN_POINT('',(-0.0188033709867687,0.034,0.00848774949999989));
#12076=CARTESIAN_POINT('',(-0.0188033709867787,0.03405000000001,0.00848774950000989));
#12077=CARTESIAN_POINT('',(-0.0188024421929128,0.033999,0.0084881200967798));
#12078=CARTESIAN_POINT('',(-0.0188608177367787,0.03410000000001,0.00846482775000989));
#12079=CARTESIAN_POINT('',(-0.0189182644867687,0.0341,0.0084419059999999));
#12080=CARTESIAN_POINT('',(-0.0188608177367787,0.03400000000001,0.00846482775000989));
#12081=CARTESIAN_POINT('',(-0.0189182644867687,0.034,0.0084419059999999));
#12082=CARTESIAN_POINT('',(-0.0189182644867787,0.03405000000001,0.0084419060000099));
#12083=CARTESIAN_POINT('',(-0.0189172644867687,0.033999,0.0084419059999999));
#12084=CARTESIAN_POINT('',(-0.0189757114867787,0.03410000000001,0.00844190600000993));
#12085=CARTESIAN_POINT('',(-0.0189757114867787,0.03400000000001,0.0084419060000099));
#12086=CARTESIAN_POINT('',(-0.0184586899867687,0.033999,0.00876181199999988));
#12087=CARTESIAN_POINT('',(-0.0184586899867787,0.03410000000001,0.00917540575000989));
#12088=CARTESIAN_POINT('',(-0.0184586899867687,0.0341,0.00958799949999991));
#12089=CARTESIAN_POINT('',(-0.0184586899867787,0.03400000000001,0.00917540575000989));
#12090=CARTESIAN_POINT('',(-0.0184586899867687,0.034,0.00958799949999991));
#12091=CARTESIAN_POINT('',(-0.0184586899867787,0.03405000000001,0.00958799950000991));
#12092=CARTESIAN_POINT('',(-0.0184596899867687,0.033999,0.00958799949999991));
#12093=CARTESIAN_POINT('',(-0.0180565624867787,0.03410000000001,0.00958799950000994));
#12094=CARTESIAN_POINT('',(-0.0176544349867687,0.0341,0.00958799949999991));
#12095=CARTESIAN_POINT('',(-0.0180565624867787,0.03400000000001,0.00958799950000991));
#12096=CARTESIAN_POINT('',(-0.0176544349867687,0.034,0.00958799949999991));
#12097=CARTESIAN_POINT('',(-0.0176544349867787,0.03405000000001,0.00958799950000991));
#12098=CARTESIAN_POINT('',(-0.0176544349867687,0.033999,0.00958699949999991));
#12099=CARTESIAN_POINT('',(-0.0176544349867787,0.03410000000001,0.0097255307500099));
#12100=CARTESIAN_POINT('',(-0.0176544349867687,0.0341,0.009863062));
#12101=CARTESIAN_POINT('',(-0.0176544349867787,0.03400000000001,0.0097255307500099));
#12102=CARTESIAN_POINT('',(-0.0176544349867687,0.034,0.009863062));
#12103=CARTESIAN_POINT('',(-0.0176544349867787,0.03405000000001,0.0098630620000099));
#12104=CARTESIAN_POINT('',(-0.0176534349867687,0.033999,0.009863062));
#12105=CARTESIAN_POINT('',(-0.0185544349867787,0.03410000000001,0.00986306200000993));
#12106=CARTESIAN_POINT('',(-0.0194544349867687,0.0341,0.009863062));
#12107=CARTESIAN_POINT('',(-0.0185544349867787,0.03400000000001,0.0098630620000099));
#12108=CARTESIAN_POINT('',(-0.0194544349867687,0.034,0.009863062));
#12109=CARTESIAN_POINT('',(-0.0194544349867787,0.03405000000001,0.0098630620000099));
#12110=CARTESIAN_POINT('',(-0.0194544349867687,0.033999,0.009864062));
#12111=CARTESIAN_POINT('',(-0.0194544349867787,0.03410000000001,0.00931293700000989));
#12112=CARTESIAN_POINT('',(-0.0194544349867687,0.0341,0.00876281199999988));
#12113=CARTESIAN_POINT('',(-0.0194544349867787,0.03400000000001,0.00931293700000989));
#12114=CARTESIAN_POINT('',(-0.0194544349867687,0.034,0.00876281199999988));
#12115=CARTESIAN_POINT('',(-0.0194544349867787,0.03405000000001,0.00876281200000988));
#12116=CARTESIAN_POINT('',(-0.0194545997831307,0.033999,0.00876379832761234));
#12117=CARTESIAN_POINT('',(-0.0194352859867787,0.03410000000001,0.00864820275000988));
#12118=CARTESIAN_POINT('',(-0.0194161369867687,0.0341,0.00853359349999988));
#12119=CARTESIAN_POINT('',(-0.0194352859867787,0.03400000000001,0.00864820275000988));
#12120=CARTESIAN_POINT('',(-0.0194161369867687,0.034,0.00853359349999988));
#12121=CARTESIAN_POINT('',(-0.0194161369867787,0.03405000000001,0.00853359350000988));
#12122=CARTESIAN_POINT('',(-0.0194166679285138,0.033999,0.00853444090832136));
#12123=CARTESIAN_POINT('',(-0.0193586902367787,0.03410000000001,0.00844190575000989));
#12124=CARTESIAN_POINT('',(-0.0193586902367787,0.03400000000001,0.00844190575000989));
#12125=CARTESIAN_POINT('',(-0.0176534349867687,0.034,0.009864062));
#12126=CARTESIAN_POINT('',(-0.0179983338628997,0.033999,0.00656293575005199));
#12127=CARTESIAN_POINT('',(-0.0180565624867787,0.03410000000001,0.00651646825000991));
#12128=CARTESIAN_POINT('',(-0.0179991154867687,0.0341,0.00656231199999991));
#12129=CARTESIAN_POINT('',(-0.0181140094867687,0.0341,0.0064706244999999));
#12130=CARTESIAN_POINT('',(-0.0179991154867787,0.03405000000001,0.00656231200000991));
#12131=CARTESIAN_POINT('',(-0.0179991154867687,0.034,0.00656231199999991));
#12132=CARTESIAN_POINT('',(-0.0180565624867787,0.03400000000001,0.00651646825000991));
#12133=CARTESIAN_POINT('',(-0.0181140094867687,0.034,0.0064706244999999));
#12134=CARTESIAN_POINT('',(-0.0181140094867787,0.03405000000001,0.0064706245000099));
#12135=CARTESIAN_POINT('',(-0.0181130514654327,0.033999,0.00647091119691277));
#12136=CARTESIAN_POINT('',(-0.0181906052367787,0.03410000000001,0.00644770250000989));
#12137=CARTESIAN_POINT('',(-0.0182672009867687,0.0341,0.00642478049999988));
#12138=CARTESIAN_POINT('',(-0.0181906052367787,0.03400000000001,0.00644770250000989));
#12139=CARTESIAN_POINT('',(-0.0182672009867687,0.034,0.00642478049999988));
#12140=CARTESIAN_POINT('',(-0.0182672009867787,0.03405000000001,0.00642478050000988));
#12141=CARTESIAN_POINT('',(-0.0182662009867687,0.033999,0.00642478049999988));
#12142=CARTESIAN_POINT('',(-0.0188608179867787,0.03410000000001,0.00642478050000991));
#12143=CARTESIAN_POINT('',(-0.0194544349867687,0.0341,0.00642478049999988));
#12144=CARTESIAN_POINT('',(-0.0188608179867787,0.03400000000001,0.00642478050000988));
#12145=CARTESIAN_POINT('',(-0.0194544349867687,0.034,0.00642478049999988));
#12146=CARTESIAN_POINT('',(-0.0194544349867787,0.03405000000001,0.00642478050000988));
#12147=CARTESIAN_POINT('',(-0.0194544349867687,0.033999,0.00642578049999989));
#12148=CARTESIAN_POINT('',(-0.0194544349867787,0.03410000000001,0.00628724925000988));
#12149=CARTESIAN_POINT('',(-0.0194544349867687,0.0341,0.00614971799999989));
#12150=CARTESIAN_POINT('',(-0.0194544349867787,0.03400000000001,0.00628724925000988));
#12151=CARTESIAN_POINT('',(-0.0194544349867687,0.034,0.00614971799999989));
#12152=CARTESIAN_POINT('',(-0.0194544349867787,0.03405000000001,0.00614971800000989));
#12153=CARTESIAN_POINT('',(-0.0194554349867687,0.033999,0.00614971799999989));
#12154=CARTESIAN_POINT('',(-0.0188608179867787,0.03410000000001,0.00614971800000992));
#12155=CARTESIAN_POINT('',(-0.0182672009867687,0.0341,0.00614971799999989));
#12156=CARTESIAN_POINT('',(-0.0188608179867787,0.03400000000001,0.00614971800000989));
#12157=CARTESIAN_POINT('',(-0.0182672009867687,0.034,0.00614971799999989));
#12158=CARTESIAN_POINT('',(-0.0182672009867787,0.03405000000001,0.00614971800000989));
#12159=CARTESIAN_POINT('',(-0.0182681735047042,0.033999,0.00614948517202637));
#12160=CARTESIAN_POINT('',(-0.0181714562367787,0.03410000000001,0.00617264000000989));
#12161=CARTESIAN_POINT('',(-0.0180757114867687,0.0341,0.00619556199999988));
#12162=CARTESIAN_POINT('',(-0.0181714562367787,0.03400000000001,0.00617264000000989));
#12163=CARTESIAN_POINT('',(-0.0180757114867687,0.034,0.00619556199999988));
#12164=CARTESIAN_POINT('',(-0.0180757114867787,0.03405000000001,0.00619556200000988));
#12165=CARTESIAN_POINT('',(-0.0180765695411139,0.033999,0.00619504844110284));
#12166=CARTESIAN_POINT('',(-0.0179991157367787,0.03410000000001,0.00624140575000993));
#12167=CARTESIAN_POINT('',(-0.0179225199867687,0.0341,0.00628724949999992));
#12168=CARTESIAN_POINT('',(-0.0179991157367787,0.03400000000001,0.0062414057500099));
#12169=CARTESIAN_POINT('',(-0.0179225199867687,0.034,0.00628724949999992));
#12170=CARTESIAN_POINT('',(-0.0179225199867787,0.03405000000001,0.00628724950000992));
#12171=CARTESIAN_POINT('',(-0.0179231611067808,0.033999,0.00628648205936372));
#12172=CARTESIAN_POINT('',(-0.0178459242367787,0.03410000000001,0.00637893700000991));
#12173=CARTESIAN_POINT('',(-0.0177693284867687,0.0341,0.0064706244999999));
#12174=CARTESIAN_POINT('',(-0.0178459242367787,0.03400000000001,0.00637893700000991));
#12175=CARTESIAN_POINT('',(-0.0177693284867687,0.034,0.0064706244999999));
#12176=CARTESIAN_POINT('',(-0.0177693284867787,0.03405000000001,0.0064706245000099));
#12177=CARTESIAN_POINT('',(-0.0177697139155753,0.033999,0.00646970176242337));
#12178=CARTESIAN_POINT('',(-0.0177310304867787,0.03410000000001,0.00656231200000989));
#12179=CARTESIAN_POINT('',(-0.0176927324867687,0.0341,0.00665399949999988));
#12180=CARTESIAN_POINT('',(-0.0177310304867787,0.03400000000001,0.00656231200000989));
#12181=CARTESIAN_POINT('',(-0.0176927324867687,0.034,0.00665399949999988));
#12182=CARTESIAN_POINT('',(-0.0176927324867787,0.03405000000001,0.00665399950000988));
#12183=CARTESIAN_POINT('',(-0.0176928972810376,0.033999,0.00665301317203773));
#12184=CARTESIAN_POINT('',(-0.0176735837367787,0.03410000000001,0.00676860875000989));
#12185=CARTESIAN_POINT('',(-0.0176544349867687,0.0341,0.00688321799999989));
#12186=CARTESIAN_POINT('',(-0.0176735837367787,0.03400000000001,0.00676860875000989));
#12187=CARTESIAN_POINT('',(-0.0176544349867687,0.034,0.00688321799999989));
#12188=CARTESIAN_POINT('',(-0.0176544349867787,0.03405000000001,0.00688321800000989));
#12189=CARTESIAN_POINT('',(-0.0176544349867687,0.033999,0.00688221799999988));
#12190=CARTESIAN_POINT('',(-0.0176544349867787,0.03410000000001,0.0069749055000099));
#12191=CARTESIAN_POINT('',(-0.0176544349867687,0.0341,0.0070665929999999));
#12192=CARTESIAN_POINT('',(-0.0176544349867787,0.03400000000001,0.0069749055000099));
#12193=CARTESIAN_POINT('',(-0.0176544349867687,0.034,0.0070665929999999));
#12194=CARTESIAN_POINT('',(-0.0176544349867787,0.03405000000001,0.0070665930000099));
#12195=CARTESIAN_POINT('',(-0.0176542701928495,0.033999,0.00706560667197931));
#12196=CARTESIAN_POINT('',(-0.0176735837367787,0.03410000000001,0.0071812025000099));
#12197=CARTESIAN_POINT('',(-0.0176927324867687,0.0341,0.0072958119999999));
#12198=CARTESIAN_POINT('',(-0.0176735837367787,0.03400000000001,0.0071812025000099));
#12199=CARTESIAN_POINT('',(-0.0176927324867687,0.034,0.0072958119999999));
#12200=CARTESIAN_POINT('',(-0.0176927324867787,0.03405000000001,0.0072958120000099));
#12201=CARTESIAN_POINT('',(-0.0176923470579621,0.033999,0.00729488926242342));
#12202=CARTESIAN_POINT('',(-0.0177310304867787,0.03410000000001,0.00738749950000991));
#12203=CARTESIAN_POINT('',(-0.0177693284867687,0.0341,0.00747918699999991));
#12204=CARTESIAN_POINT('',(-0.0177310304867787,0.03400000000001,0.00738749950000991));
#12205=CARTESIAN_POINT('',(-0.0177693284867687,0.034,0.00747918699999991));
#12206=CARTESIAN_POINT('',(-0.0177693284867787,0.03405000000001,0.00747918700000991));
#12207=CARTESIAN_POINT('',(-0.0177686873667566,0.033999,0.00747841955936372));
#12208=CARTESIAN_POINT('',(-0.0178459242367787,0.03410000000001,0.0075708745000099));
#12209=CARTESIAN_POINT('',(-0.0179225199867687,0.0341,0.00766256199999989));
#12210=CARTESIAN_POINT('',(-0.0178459242367787,0.03400000000001,0.0075708745000099));
#12211=CARTESIAN_POINT('',(-0.0179225199867687,0.034,0.00766256199999989));
#12212=CARTESIAN_POINT('',(-0.0179225199867787,0.03405000000001,0.00766256200000989));
#12213=CARTESIAN_POINT('',(-0.0179216619324235,0.033999,0.00766204844110285));
#12214=CARTESIAN_POINT('',(-0.0179991157367787,0.03410000000001,0.0077084057500099));
#12215=CARTESIAN_POINT('',(-0.0180757114867687,0.0341,0.0077542494999999));
#12216=CARTESIAN_POINT('',(-0.0179991157367787,0.03400000000001,0.0077084057500099));
#12217=CARTESIAN_POINT('',(-0.0180757114867687,0.034,0.0077542494999999));
#12218=CARTESIAN_POINT('',(-0.0180757114867787,0.03405000000001,0.0077542495000099));
#12219=CARTESIAN_POINT('',(-0.0180747389682583,0.033999,0.0077540166744281));
#12220=CARTESIAN_POINT('',(-0.0181714562367787,0.03410000000001,0.0077771712500099));
#12221=CARTESIAN_POINT('',(-0.0182672009867687,0.0341,0.00780009299999989));
#12222=CARTESIAN_POINT('',(-0.0181714562367787,0.03400000000001,0.0077771712500099));
#12223=CARTESIAN_POINT('',(-0.0182672009867687,0.034,0.00780009299999989));
#12224=CARTESIAN_POINT('',(-0.0182672009867787,0.03405000000001,0.00780009300000989));
#12225=CARTESIAN_POINT('',(-0.0182662009867687,0.033999,0.00780009299999989));
#12226=CARTESIAN_POINT('',(-0.0188608179867787,0.03410000000001,0.00780009300000986));
#12227=CARTESIAN_POINT('',(-0.0194544349867687,0.0341,0.00780009299999989));
#12228=CARTESIAN_POINT('',(-0.0188608179867787,0.03400000000001,0.00780009300000989));
#12229=CARTESIAN_POINT('',(-0.0194544349867687,0.034,0.00780009299999989));
#12230=CARTESIAN_POINT('',(-0.0194544349867787,0.03405000000001,0.00780009300000989));
#12231=CARTESIAN_POINT('',(-0.0194544349867687,0.033999,0.0078010929999999));
#12232=CARTESIAN_POINT('',(-0.0194544349867787,0.03410000000001,0.0076625617500099));
#12233=CARTESIAN_POINT('',(-0.0194544349867687,0.0341,0.0075250304999999));
#12234=CARTESIAN_POINT('',(-0.0194544349867787,0.03400000000001,0.0076625617500099));
#12235=CARTESIAN_POINT('',(-0.0194544349867687,0.034,0.0075250304999999));
#12236=CARTESIAN_POINT('',(-0.0194544349867787,0.03405000000001,0.0075250305000099));
#12237=CARTESIAN_POINT('',(-0.0194554349867687,0.033999,0.0075250304999999));
#12238=CARTESIAN_POINT('',(-0.0188608179867787,0.03410000000001,0.00752503050000987));
#12239=CARTESIAN_POINT('',(-0.0182672009867687,0.0341,0.0075250304999999));
#12240=CARTESIAN_POINT('',(-0.0188608179867787,0.03400000000001,0.0075250305000099));
#12241=CARTESIAN_POINT('',(-0.0182672009867687,0.034,0.0075250304999999));
#12242=CARTESIAN_POINT('',(-0.0182672009867787,0.03405000000001,0.0075250305000099));
#12243=CARTESIAN_POINT('',(-0.0182681590089635,0.033999,0.00752531719404288));
#12244=CARTESIAN_POINT('',(-0.0181906052367787,0.03410000000001,0.00750210875000994));
#12245=CARTESIAN_POINT('',(-0.0181140094867687,0.0341,0.00747918699999991));
#12246=CARTESIAN_POINT('',(-0.0181906052367787,0.03400000000001,0.00750210875000991));
#12247=CARTESIAN_POINT('',(-0.0181140094867687,0.034,0.00747918699999991));
#12248=CARTESIAN_POINT('',(-0.0181140094867787,0.03405000000001,0.00747918700000991));
#12249=CARTESIAN_POINT('',(-0.0181147911106377,0.033999,0.007479810750052));
#12250=CARTESIAN_POINT('',(-0.0180565624867787,0.03410000000001,0.0074333432500099));
#12251=CARTESIAN_POINT('',(-0.0179991154867687,0.0341,0.00738749949999988));
#12252=CARTESIAN_POINT('',(-0.0180565624867787,0.03400000000001,0.0074333432500099));
#12253=CARTESIAN_POINT('',(-0.0179991154867687,0.034,0.00738749949999988));
#12254=CARTESIAN_POINT('',(-0.0179991154867787,0.03405000000001,0.00738749950000988));
#12255=CARTESIAN_POINT('',(-0.0179996020474051,0.033999,0.00738837314680902));
#12256=CARTESIAN_POINT('',(-0.0179608177367787,0.03410000000001,0.0073187337500099));
#12257=CARTESIAN_POINT('',(-0.0179225199867687,0.0341,0.00724996799999991));
#12258=CARTESIAN_POINT('',(-0.0179608177367787,0.03400000000001,0.0073187337500099));
#12259=CARTESIAN_POINT('',(-0.0179225199867687,0.034,0.00724996799999991));
#12260=CARTESIAN_POINT('',(-0.0179225199867787,0.03405000000001,0.00724996800000991));
#12261=CARTESIAN_POINT('',(-0.0179227244263855,0.033999,0.00725094687917689));
#12262=CARTESIAN_POINT('',(-0.0179033709867787,0.03410000000001,0.00715828050000991));
#12263=CARTESIAN_POINT('',(-0.0178842219867687,0.0341,0.0070665929999999));
#12264=CARTESIAN_POINT('',(-0.0179033709867787,0.03400000000001,0.00715828050000991));
#12265=CARTESIAN_POINT('',(-0.0178842219867687,0.034,0.0070665929999999));
#12266=CARTESIAN_POINT('',(-0.0178842219867787,0.03405000000001,0.0070665930000099));
#12267=CARTESIAN_POINT('',(-0.0178842219867687,0.033999,0.0070675929999999));
#12268=CARTESIAN_POINT('',(-0.0178842219867787,0.03410000000001,0.0069749055000099));
#12269=CARTESIAN_POINT('',(-0.0178842219867687,0.0341,0.00688321799999989));
#12270=CARTESIAN_POINT('',(-0.0178842219867787,0.03400000000001,0.0069749055000099));
#12271=CARTESIAN_POINT('',(-0.0178842219867687,0.034,0.00688321799999989));
#12272=CARTESIAN_POINT('',(-0.0178842219867787,0.03405000000001,0.00688321800000989));
#12273=CARTESIAN_POINT('',(-0.017884017547152,0.033999,0.00688419687917687));
#12274=CARTESIAN_POINT('',(-0.0179033709867787,0.03410000000001,0.0067915305000099));
#12275=CARTESIAN_POINT('',(-0.0179225199867687,0.0341,0.0066998429999999));
#12276=CARTESIAN_POINT('',(-0.0179033709867787,0.03400000000001,0.0067915305000099));
#12277=CARTESIAN_POINT('',(-0.0179225199867687,0.034,0.0066998429999999));
#12278=CARTESIAN_POINT('',(-0.0179225199867787,0.03405000000001,0.0066998430000099));
#12279=CARTESIAN_POINT('',(-0.0179220334247822,0.033999,0.00670071664605709));
#12280=CARTESIAN_POINT('',(-0.0179608177367787,0.03410000000001,0.00663107750000991));
#12281=CARTESIAN_POINT('',(-0.0179608177367787,0.03400000000001,0.00663107750000991));
#12282=CARTESIAN_POINT('',(-0.0176534349867687,0.034,0.0078010929999999));
#12283=CARTESIAN_POINT('',(-0.0194554349867687,0.033999,0.00188624949999991));
#12284=CARTESIAN_POINT('',(-0.0185544349867787,0.03410000000001,0.00188624950000988));
#12285=CARTESIAN_POINT('',(-0.0194544349867687,0.0341,0.00188624949999991));
#12286=CARTESIAN_POINT('',(-0.0176544349867687,0.0341,0.00188624949999991));
#12287=CARTESIAN_POINT('',(-0.0194544349867787,0.03405000000001,0.00188624950000991));
#12288=CARTESIAN_POINT('',(-0.0194544349867687,0.034,0.00188624949999991));
#12289=CARTESIAN_POINT('',(-0.0185544349867787,0.03400000000001,0.00188624950000991));
#12290=CARTESIAN_POINT('',(-0.0176544349867687,0.034,0.00188624949999991));
#12291=CARTESIAN_POINT('',(-0.0176544349867787,0.03405000000001,0.00188624950000991));
#12292=CARTESIAN_POINT('',(-0.0176544349867687,0.033999,0.0018852494999999));
#12293=CARTESIAN_POINT('',(-0.0176544349867787,0.03410000000001,0.0020237807500099));
#12294=CARTESIAN_POINT('',(-0.0176544349867687,0.0341,0.0021613119999999));
#12295=CARTESIAN_POINT('',(-0.0176544349867787,0.03400000000001,0.0020237807500099));
#12296=CARTESIAN_POINT('',(-0.0176544349867687,0.034,0.0021613119999999));
#12297=CARTESIAN_POINT('',(-0.0176544349867787,0.03405000000001,0.0021613120000099));
#12298=CARTESIAN_POINT('',(-0.0176534349867687,0.033999,0.0021613119999999));
#12299=CARTESIAN_POINT('',(-0.0180757114867787,0.03410000000001,0.00216131200000987));
#12300=CARTESIAN_POINT('',(-0.0184969879867687,0.0341,0.0021613119999999));
#12301=CARTESIAN_POINT('',(-0.0180757114867787,0.03400000000001,0.0021613120000099));
#12302=CARTESIAN_POINT('',(-0.0184969879867687,0.034,0.0021613119999999));
#12303=CARTESIAN_POINT('',(-0.0184969879867787,0.03405000000001,0.0021613120000099));
#12304=CARTESIAN_POINT('',(-0.0184969879867687,0.033999,0.00216031199999989));
#12305=CARTESIAN_POINT('',(-0.0184969879867787,0.03410000000001,0.0028031245000099));
#12306=CARTESIAN_POINT('',(-0.0184969879867687,0.0341,0.0034449369999999));
#12307=CARTESIAN_POINT('',(-0.0184969879867787,0.03400000000001,0.0028031245000099));
#12308=CARTESIAN_POINT('',(-0.0184969879867687,0.034,0.0034449369999999));
#12309=CARTESIAN_POINT('',(-0.0184969879867787,0.03405000000001,0.0034449370000099));
#12310=CARTESIAN_POINT('',(-0.0184979879867687,0.033999,0.0034449369999999));
#12311=CARTESIAN_POINT('',(-0.0180757114867787,0.03410000000001,0.0034449370000099));
#12312=CARTESIAN_POINT('',(-0.0176544349867687,0.0341,0.0034449369999999));
#12313=CARTESIAN_POINT('',(-0.0180757114867787,0.03400000000001,0.0034449370000099));
#12314=CARTESIAN_POINT('',(-0.0176544349867687,0.034,0.0034449369999999));
#12315=CARTESIAN_POINT('',(-0.0176544349867787,0.03405000000001,0.0034449370000099));
#12316=CARTESIAN_POINT('',(-0.0176544349867687,0.033999,0.00344393699999989));
#12317=CARTESIAN_POINT('',(-0.0176544349867787,0.03410000000001,0.0035824682500099));
#12318=CARTESIAN_POINT('',(-0.0176544349867687,0.0341,0.00371999949999991));
#12319=CARTESIAN_POINT('',(-0.0176544349867787,0.03400000000001,0.0035824682500099));
#12320=CARTESIAN_POINT('',(-0.0176544349867687,0.034,0.00371999949999991));
#12321=CARTESIAN_POINT('',(-0.0176544349867787,0.03405000000001,0.00371999950000991));
#12322=CARTESIAN_POINT('',(-0.0176534349867687,0.033999,0.00371999949999991));
#12323=CARTESIAN_POINT('',(-0.0185544349867787,0.03410000000001,0.00371999950000989));
#12324=CARTESIAN_POINT('',(-0.0194544349867687,0.0341,0.00371999949999991));
#12325=CARTESIAN_POINT('',(-0.0185544349867787,0.03400000000001,0.00371999950000991));
#12326=CARTESIAN_POINT('',(-0.0194544349867687,0.034,0.00371999949999991));
#12327=CARTESIAN_POINT('',(-0.0194544349867787,0.03405000000001,0.00371999950000991));
#12328=CARTESIAN_POINT('',(-0.0194544349867687,0.033999,0.00372099949999992));
#12329=CARTESIAN_POINT('',(-0.0194544349867787,0.03410000000001,0.0035824682500099));
#12330=CARTESIAN_POINT('',(-0.0194544349867687,0.0341,0.0034449369999999));
#12331=CARTESIAN_POINT('',(-0.0194544349867787,0.03400000000001,0.0035824682500099));
#12332=CARTESIAN_POINT('',(-0.0194544349867687,0.034,0.0034449369999999));
#12333=CARTESIAN_POINT('',(-0.0194544349867787,0.03405000000001,0.0034449370000099));
#12334=CARTESIAN_POINT('',(-0.0194554349867687,0.033999,0.0034449369999999));
#12335=CARTESIAN_POINT('',(-0.0190906052367787,0.03410000000001,0.0034449370000099));
#12336=CARTESIAN_POINT('',(-0.0187267754867687,0.0341,0.0034449369999999));
#12337=CARTESIAN_POINT('',(-0.0190906052367787,0.03400000000001,0.0034449370000099));
#12338=CARTESIAN_POINT('',(-0.0187267754867687,0.034,0.0034449369999999));
#12339=CARTESIAN_POINT('',(-0.0187267754867787,0.03405000000001,0.0034449370000099));
#12340=CARTESIAN_POINT('',(-0.0187267754867687,0.033999,0.0034459369999999));
#12341=CARTESIAN_POINT('',(-0.0187267754867787,0.03410000000001,0.0028031245000099));
#12342=CARTESIAN_POINT('',(-0.0187267754867687,0.0341,0.0021613119999999));
#12343=CARTESIAN_POINT('',(-0.0187267754867787,0.03400000000001,0.0028031245000099));
#12344=CARTESIAN_POINT('',(-0.0187267754867687,0.034,0.0021613119999999));
#12345=CARTESIAN_POINT('',(-0.0187267754867787,0.03405000000001,0.0021613120000099));
#12346=CARTESIAN_POINT('',(-0.0187257754867687,0.033999,0.0021613119999999));
#12347=CARTESIAN_POINT('',(-0.0190906052367787,0.03410000000001,0.00216131200000987));
#12348=CARTESIAN_POINT('',(-0.0194544349867687,0.0341,0.0021613119999999));
#12349=CARTESIAN_POINT('',(-0.0190906052367787,0.03400000000001,0.0021613120000099));
#12350=CARTESIAN_POINT('',(-0.0194544349867687,0.034,0.0021613119999999));
#12351=CARTESIAN_POINT('',(-0.0194544349867787,0.03405000000001,0.0021613120000099));
#12352=CARTESIAN_POINT('',(-0.0194544349867687,0.033999,0.0021623119999999));
#12353=CARTESIAN_POINT('',(-0.0194544349867787,0.03410000000001,0.0020237807500099));
#12354=CARTESIAN_POINT('',(-0.0194544349867787,0.03400000000001,0.0020237807500099));
#12355=CARTESIAN_POINT('',(-0.0176534349867687,0.034,0.00372099949999992));
#12356=CARTESIAN_POINT('',(-0.02132517423958,0.033999,0.0064433216309335));
#12357=CARTESIAN_POINT('',(-0.0212332915079224,0.03410000000001,0.00628417638902097));
#12358=CARTESIAN_POINT('',(-0.0213246742388314,0.0341,0.00644245560596187));
#12359=CARTESIAN_POINT('',(-0.0211419087769934,0.0341,0.00612589717206006));
#12360=CARTESIAN_POINT('',(-0.0213246742388414,0.03405000000001,0.00644245560597187));
#12361=CARTESIAN_POINT('',(-0.0213246742388314,0.034,0.00644245560596187));
#12362=CARTESIAN_POINT('',(-0.0212332915079224,0.03400000000001,0.00628417638902097));
#12363=CARTESIAN_POINT('',(-0.0211419087769934,0.034,0.00612589717206006));
#12364=CARTESIAN_POINT('',(-0.0211419087770034,0.03405000000001,0.00612589717207006));
#12365=CARTESIAN_POINT('',(-0.0210516979867817,0.034,0.00617798050002249));
#12366=CARTESIAN_POINT('',(-0.0210516979867918,0.03410000000001,0.0061779805000325));
#12367=CARTESIAN_POINT('',(-0.0209614871550661,0.0341,0.00623006375609796));
#12368=CARTESIAN_POINT('',(-0.0210516979867917,0.03400000000001,0.00617798050003249));
#12369=CARTESIAN_POINT('',(-0.0209614871550661,0.034,0.00623006375609796));
#12370=CARTESIAN_POINT('',(-0.0209614871550761,0.03405000000001,0.00623006375610796));
#12371=CARTESIAN_POINT('',(-0.0209609871550076,0.033999,0.00622919773072798));
#12372=CARTESIAN_POINT('',(-0.0210246426306049,0.03410000000001,0.00633945223142331));
#12373=CARTESIAN_POINT('',(-0.0210877981061237,0.0341,0.00644884070672865));
#12374=CARTESIAN_POINT('',(-0.0210246426306049,0.03400000000001,0.00633945223142331));
#12375=CARTESIAN_POINT('',(-0.0210877981061237,0.034,0.00644884070672865));
#12376=CARTESIAN_POINT('',(-0.0210877981061337,0.03405000000001,0.00644884070673865));
#12377=CARTESIAN_POINT('',(-0.0208698795529483,0.0341,0.00586306216138726));
#12378=CARTESIAN_POINT('',(-0.0208698795529583,0.03410000000001,0.00586306216139716));
#12379=CARTESIAN_POINT('',(-0.0205111809130663,0.0341,0.00637488272149321));
#12380=CARTESIAN_POINT('',(-0.0208698795529583,0.03400000000001,0.00586306216139716));
#12381=CARTESIAN_POINT('',(-0.0205111809130663,0.034,0.00637488272149321));
#12382=CARTESIAN_POINT('',(-0.0205111809130763,0.03405000000001,0.00637488272150321));
#12383=CARTESIAN_POINT('',(-0.0204516472603323,0.034,0.00646036045897527));
#12384=CARTESIAN_POINT('',(-0.0204516472603424,0.03410000000001,0.00646036045898527));
#12385=CARTESIAN_POINT('',(-0.0203918997260461,0.0341,0.00654568883385497));
#12386=CARTESIAN_POINT('',(-0.0204516472603424,0.03400000000001,0.00646036045898527));
#12387=CARTESIAN_POINT('',(-0.0203918997260461,0.034,0.00654568883385497));
#12388=CARTESIAN_POINT('',(-0.0203918997260561,0.03405000000001,0.00654568883386497));
#12389=CARTESIAN_POINT('',(-0.020869879986482,0.034,0.00586306185456416));
#12390=CARTESIAN_POINT('',(-0.020869879986492,0.03410000000001,0.00586306185457423));
#12391=CARTESIAN_POINT('',(-0.0212865467368096,0.0341,0.0065847498351996));
#12392=CARTESIAN_POINT('',(-0.020869879986492,0.03400000000001,0.00586306185457416));
#12393=CARTESIAN_POINT('',(-0.0212865467368096,0.034,0.0065847498351996));
#12394=CARTESIAN_POINT('',(-0.0212865467368196,0.03405000000001,0.0065847498352096));
#12395=CARTESIAN_POINT('',(-0.0212344634867685,0.034,0.00649453900000007));
#12396=CARTESIAN_POINT('',(-0.0212344634867788,0.03410000000001,0.00649453900000989));
#12397=CARTESIAN_POINT('',(-0.0212344634867786,0.03400000000001,0.0064945390000101));
#12398=CARTESIAN_POINT('',(-0.0203056781315309,0.034,0.00685119574534261));
#12399=CARTESIAN_POINT('',(-0.0204145856569969,0.033999,0.00528280223425125));
#12400=CARTESIAN_POINT('',(-0.0205062296571019,0.03410000000001,0.00544153425961674));
#12401=CARTESIAN_POINT('',(-0.0204150856570891,0.0341,0.00528366825960182));
#12402=CARTESIAN_POINT('',(-0.0205973736570947,0.0341,0.00559940025961166));
#12403=CARTESIAN_POINT('',(-0.0204150856570991,0.03405000000001,0.00528366825961182));
#12404=CARTESIAN_POINT('',(-0.0204150856570891,0.034,0.00528366825960182));
#12405=CARTESIAN_POINT('',(-0.0205062296571019,0.03400000000001,0.00544153425961674));
#12406=CARTESIAN_POINT('',(-0.0205973736570947,0.034,0.00559940025961166));
#12407=CARTESIAN_POINT('',(-0.0205973736571047,0.03405000000001,0.00559940025962166));
#12408=CARTESIAN_POINT('',(-0.0206875844867964,0.034,0.00554731700004782));
#12409=CARTESIAN_POINT('',(-0.0206875844868064,0.03410000000001,0.00554731700005781));
#12410=CARTESIAN_POINT('',(-0.0207777953758108,0.0341,0.00549523384321694));
#12411=CARTESIAN_POINT('',(-0.0206875844868064,0.03400000000001,0.00554731700005782));
#12412=CARTESIAN_POINT('',(-0.0207777953758108,0.034,0.00549523384321694));
#12413=CARTESIAN_POINT('',(-0.0207777953758208,0.03405000000001,0.00549523384322694));
#12414=CARTESIAN_POINT('',(-0.020778295374916,0.033999,0.00549609986913742));
#12415=CARTESIAN_POINT('',(-0.0207148786216224,0.03410000000001,0.00538625856825399));
#12416=CARTESIAN_POINT('',(-0.020651961867414,0.0341,0.00527728329327104));
#12417=CARTESIAN_POINT('',(-0.0207148786216224,0.03400000000001,0.00538625856825399));
#12418=CARTESIAN_POINT('',(-0.020651961867414,0.034,0.00527728329327104));
#12419=CARTESIAN_POINT('',(-0.020651961867424,0.03405000000001,0.00527728329328104));
#12420=CARTESIAN_POINT('',(-0.0208698804205891,0.0341,0.00586306183861226));
#12421=CARTESIAN_POINT('',(-0.0208698804205991,0.03410000000001,0.00586306183862229));
#12422=CARTESIAN_POINT('',(-0.0212285790606219,0.0341,0.00535124127861229));
#12423=CARTESIAN_POINT('',(-0.020869880420599,0.03400000000001,0.00586306183862226));
#12424=CARTESIAN_POINT('',(-0.0212285790606219,0.034,0.00535124127861229));
#12425=CARTESIAN_POINT('',(-0.0212285790606319,0.03405000000001,0.00535124127862229));
#12426=CARTESIAN_POINT('',(-0.0212881127133777,0.034,0.00526576354114533));
#12427=CARTESIAN_POINT('',(-0.0212881127133877,0.03410000000001,0.00526576354115536));
#12428=CARTESIAN_POINT('',(-0.0213478602477074,0.0341,0.00518043516629612));
#12429=CARTESIAN_POINT('',(-0.0212881127133877,0.03400000000001,0.00526576354115536));
#12430=CARTESIAN_POINT('',(-0.0213478602477074,0.034,0.00518043516629612));
#12431=CARTESIAN_POINT('',(-0.0213478602477174,0.03405000000001,0.00518043516630612));
#12432=CARTESIAN_POINT('',(-0.0208698799870553,0.034,0.0058630621454358));
#12433=CARTESIAN_POINT('',(-0.0208698799870653,0.03410000000001,0.0058630621454458));
#12434=CARTESIAN_POINT('',(-0.0204532132367278,0.0341,0.00514137416480023));
#12435=CARTESIAN_POINT('',(-0.0208698799870653,0.03400000000001,0.00586306214544579));
#12436=CARTESIAN_POINT('',(-0.0204532132367278,0.034,0.00514137416480023));
#12437=CARTESIAN_POINT('',(-0.0204532132367378,0.03405000000001,0.00514137416481023));
#12438=CARTESIAN_POINT('',(-0.0205052964867687,0.034,0.00523158499999991));
#12439=CARTESIAN_POINT('',(-0.0205052964867787,0.03410000000001,0.00523158500000995));
#12440=CARTESIAN_POINT('',(-0.0205052964867789,0.03400000000001,0.00523158500000978));
#12441=CARTESIAN_POINT('',(-0.0203925120629726,0.034,0.00569061103794684));
#12442=CARTESIAN_POINT('',(-0.0170539349867687,0.0341,0.010863562));
#12443=CARTESIAN_POINT('',(-0.0194625342367787,0.03410000000001,0.000863062000009928));
#12444=CARTESIAN_POINT('',(-0.0190544349867687,0.0341,0.000863061999999928));
#12445=CARTESIAN_POINT('',(-0.0198706334867687,0.0341,0.000863061999999928));
#12446=CARTESIAN_POINT('',(-0.0198706334867787,0.03410000000001,0.00286306200001008));
#12447=CARTESIAN_POINT('',(-0.0217246831085427,0.0341,0.00211306199999993));
#12448=CARTESIAN_POINT('',(-0.0124544349996834,0.03410000000001,0.00586306200000983));
#12449=CARTESIAN_POINT('',(-0.0217246831085426,0.0341,0.009613062));
#12450=CARTESIAN_POINT('',(-0.0198706334867787,0.03410000000001,0.00886306200001005));
#12451=CARTESIAN_POINT('',(-0.0198706334867687,0.0341,0.010863062));
#12452=CARTESIAN_POINT('',(-0.0194625342367787,0.03410000000001,0.0108630620000099));
#12453=CARTESIAN_POINT('',(-0.0190544349867687,0.0341,0.0108630619999999));
#12454=CARTESIAN_POINT('',(-0.0190544349867788,0.03410000000001,0.00886306200000983));
#12455=CARTESIAN_POINT('',(-0.0170544349867687,0.0341,0.008863062));
#12456=CARTESIAN_POINT('',(-0.0170544349867787,0.03410000000001,0.00586306200000993));
#12457=CARTESIAN_POINT('',(-0.0170544349867687,0.0341,0.00286306199999993));
#12458=CARTESIAN_POINT('',(-0.0190544349867788,0.03410000000001,0.00286306200000993));
#12459=CARTESIAN_POINT('',(-0.0186879774867687,0.0341,0.00958849949999993));
#12460=CARTESIAN_POINT('',(-0.0198706334867687,0.0334,0.00286306199999991));
#12461=CARTESIAN_POINT('',(-0.0198706334867787,0.03375000000001,0.000863062000009928));
#12462=CARTESIAN_POINT('',(-0.0198706334867687,0.0334,0.000863061999999928));
#12463=CARTESIAN_POINT('',(-0.0198706334867787,0.03340000000001,0.00286306200001008));
#12464=CARTESIAN_POINT('',(-0.0217246831085427,0.0334,0.00211306199999993));
#12465=CARTESIAN_POINT('',(-0.0217246831085527,0.03375000000001,0.00211306200000993));
#12466=CARTESIAN_POINT('',(-0.0124544349996733,0.0334,0.00586306199999983));
#12467=CARTESIAN_POINT('',(-0.0124544349996834,0.03340000000001,0.00586306200000983));
#12468=CARTESIAN_POINT('',(-0.0217246831085426,0.0334,0.009613062));
#12469=CARTESIAN_POINT('',(-0.0217246831085526,0.03375000000001,0.00961306200000996));
#12470=CARTESIAN_POINT('',(-0.0198706334867686,0.0334,0.008863062));
#12471=CARTESIAN_POINT('',(-0.0198706334867787,0.03340000000001,0.00886306200001005));
#12472=CARTESIAN_POINT('',(-0.0198706334867687,0.0334,0.010863062));
#12473=CARTESIAN_POINT('',(-0.0198706334867787,0.03375000000001,0.01086306200001));
#12474=CARTESIAN_POINT('',(-0.0190539349867687,0.0341005,0.0108630619999999));
#12475=CARTESIAN_POINT('',(-0.0194625342367787,0.03340000000001,0.0108630620000099));
#12476=CARTESIAN_POINT('',(-0.0190544349867687,0.0334,0.0108630619999999));
#12477=CARTESIAN_POINT('',(-0.0190544349867787,0.03375000000001,0.0108630620000099));
#12478=CARTESIAN_POINT('',(-0.0190544349867688,0.0334,0.00886306199999981));
#12479=CARTESIAN_POINT('',(-0.0190544349867788,0.03340000000001,0.00886306200000983));
#12480=CARTESIAN_POINT('',(-0.0170544349867687,0.0334,0.008863062));
#12481=CARTESIAN_POINT('',(-0.0170544349867787,0.03375000000001,0.00886306200000993));
#12482=CARTESIAN_POINT('',(-0.0170544349867687,0.0341005,0.00286256199999994));
#12483=CARTESIAN_POINT('',(-0.0170544349867787,0.03340000000001,0.00586306200000993));
#12484=CARTESIAN_POINT('',(-0.0170544349867687,0.0334,0.00286306199999993));
#12485=CARTESIAN_POINT('',(-0.0170544349867787,0.03375000000001,0.00286306200000993));
#12486=CARTESIAN_POINT('',(-0.0190544349867688,0.0334,0.002863062));
#12487=CARTESIAN_POINT('',(-0.0190544349867788,0.03340000000001,0.00286306200000993));
#12488=CARTESIAN_POINT('',(-0.0190544349867687,0.0334,0.000863061999999928));
#12489=CARTESIAN_POINT('',(-0.0190544349867787,0.03375000000001,0.000863062000009928));
#12490=CARTESIAN_POINT('',(-0.0198711334867687,0.0341005,0.000863061999999928));
#12491=CARTESIAN_POINT('',(-0.0194625342367787,0.03340000000001,0.000863062000009928));
#12492=CARTESIAN_POINT('',(-0.0198277134867687,0.0341,0.00690522849999988));
#12493=CARTESIAN_POINT('',(-0.0170539349867687,0.0334,0.00086256199999994));
#12494=CARTESIAN_POINT('',(0.,0.,0.));
#12495=CARTESIAN_POINT('',(-0.0157553247873206,0.0341005,0.00817499996029272));
#12496=CARTESIAN_POINT('',(-0.0163093234867785,0.03410000000001,0.00821503600000989));
#12497=CARTESIAN_POINT('',(-0.0157558234867687,0.0341,0.00817503599999989));
#12498=CARTESIAN_POINT('',(-0.0168628234867684,0.0341,0.00825503599999988));
#12499=CARTESIAN_POINT('',(-0.0168628234867784,0.03375000000001,0.00825503600000988));
#12500=CARTESIAN_POINT('',(-0.0168628234867684,0.0334,0.00825503599999988));
#12501=CARTESIAN_POINT('',(-0.0163093234867785,0.03340000000001,0.00821503600000989));
#12502=CARTESIAN_POINT('',(-0.0157558234867687,0.0334,0.00817503599999989));
#12503=CARTESIAN_POINT('',(-0.0157558234867787,0.03375000000001,0.00817503600000989));
#12504=CARTESIAN_POINT('',(-0.00572755881749892,0.0341,0.00586628887024298));
#12505=CARTESIAN_POINT('',(-0.00572755881750912,0.0341000000000099,0.00586628887025298));
#12506=CARTESIAN_POINT('',(-0.0157543234867687,0.0341,0.0035510359999999));
#12507=CARTESIAN_POINT('',(-0.00572755881750912,0.03340000000001,0.00586628887025298));
#12508=CARTESIAN_POINT('',(-0.0157543234867687,0.0334,0.0035510359999999));
#12509=CARTESIAN_POINT('',(-0.0157543234867787,0.03375000000001,0.0035510360000099));
#12510=CARTESIAN_POINT('',(-0.0168633221897209,0.0341005,0.00347100000880806));
#12511=CARTESIAN_POINT('',(-0.0163085734867789,0.03410000000001,0.0035110360000099));
#12512=CARTESIAN_POINT('',(-0.0168628234867691,0.0341,0.00347103599999988));
#12513=CARTESIAN_POINT('',(-0.0163085734867789,0.03340000000001,0.0035110360000099));
#12514=CARTESIAN_POINT('',(-0.0168628234867691,0.0334,0.00347103599999988));
#12515=CARTESIAN_POINT('',(-0.0168628234867791,0.03375000000001,0.00347103600000988));
#12516=CARTESIAN_POINT('',(-0.0168558317078008,0.0341,0.00327277870811469));
#12517=CARTESIAN_POINT('',(-0.0168558317078107,0.03410000000001,0.00327277870812468));
#12518=CARTESIAN_POINT('',(-0.0170533234867687,0.0341,0.00329153599999989));
#12519=CARTESIAN_POINT('',(-0.0168558317078107,0.03340000000001,0.00327277870812468));
#12520=CARTESIAN_POINT('',(-0.0170533234867687,0.0334,0.00329153599999989));
#12521=CARTESIAN_POINT('',(-0.0170533234867787,0.03375000000001,0.00329153600000989));
#12522=CARTESIAN_POINT('',(-0.0170543225208014,0.0341005,0.00844954871063783));
#12523=CARTESIAN_POINT('',(-0.0170538229553735,0.03410000000001,0.00587029235533357));
#12524=CARTESIAN_POINT('',(-0.0170543224239584,0.0341,0.00844904871064722));
#12525=CARTESIAN_POINT('',(-0.0170538229553735,0.03340000000001,0.00587029235533357));
#12526=CARTESIAN_POINT('',(-0.0170543224239584,0.0334,0.00844904871064722));
#12527=CARTESIAN_POINT('',(-0.0170543224239684,0.03375000000001,0.00844904871065722));
#12528=CARTESIAN_POINT('',(-0.016857474927192,0.0341,0.00845183048199953));
#12529=CARTESIAN_POINT('',(-0.0168574749272021,0.03410000000001,0.00845183048200953));
#12530=CARTESIAN_POINT('',(-0.0168574749272021,0.03340000000001,0.00845183048200953));
#12531=CARTESIAN_POINT('',(-0.0157538234867687,0.0334,0.00329103599999993));
#12532=CARTESIAN_POINT('',(-0.0157538234867687,0.0341,0.00844954871064721));
#12533=CARTESIAN_POINT('',(0.,0.,0.));
#12534=CARTESIAN_POINT('',(-0.00581773518371288,0.0305,0.00584569609218399));
#12535=CARTESIAN_POINT('',(-0.00581773518372295,0.0305000000000099,0.00584569609219399));
#12536=CARTESIAN_POINT('',(-0.0158444998529827,0.0305,0.00353044322194094));
#12537=CARTESIAN_POINT('',(-0.0158459998529827,0.0305,0.00815444322194094));
#12538=CARTESIAN_POINT('',(-0.0158444998529927,0.03195000000001,0.00353044322195094));
#12539=CARTESIAN_POINT('',(-0.0158444998529827,0.0334,0.00353044322194094));
#12540=CARTESIAN_POINT('',(-0.00581773518372295,0.03340000000001,0.00584569609219399));
#12541=CARTESIAN_POINT('',(-0.0158459998529827,0.0334,0.00815444322194094));
#12542=CARTESIAN_POINT('',(-0.0158459998529927,0.03195000000001,0.00815444322195094));
#12543=CARTESIAN_POINT('',(-0.016091654123777,0.0304995,0.0081721960147716));
#12544=CARTESIAN_POINT('',(-0.0159685776386658,0.03050000000001,0.00816330159851269));
#12545=CARTESIAN_POINT('',(-0.0160911554243289,0.0305,0.00817215997506443));
#12546=CARTESIAN_POINT('',(-0.0159685776386658,0.03340000000001,0.00816330159851269));
#12547=CARTESIAN_POINT('',(-0.0160911554243289,0.0334,0.00817215997506443));
#12548=CARTESIAN_POINT('',(-0.0160911554243389,0.03195000000001,0.00817215997507443));
#12549=CARTESIAN_POINT('',(-0.00609490115868068,0.0334,0.00583793089244313));
#12550=CARTESIAN_POINT('',(-0.00609490115869162,0.03050000000001,0.00583793089245334));
#12551=CARTESIAN_POINT('',(-0.0160932044870934,0.0305,0.00351249430833801));
#12552=CARTESIAN_POINT('',(-0.00609490115869162,0.0334000000000102,0.00583793089245334));
#12553=CARTESIAN_POINT('',(-0.0160932044870934,0.0334,0.00351249430833801));
#12554=CARTESIAN_POINT('',(-0.0160932044871034,0.03195000000001,0.00351249430834801));
#12555=CARTESIAN_POINT('',(-0.0158440011500309,0.0304995,0.00353047921313276));
#12556=CARTESIAN_POINT('',(-0.015968852170048,0.03050000000001,0.00352146876514947));
#12557=CARTESIAN_POINT('',(-0.015968852170048,0.03340000000001,0.00352146876514947));
#12558=CARTESIAN_POINT('',(-0.0158439998529827,0.0305,0.00351199430833802));
#12559=CARTESIAN_POINT('',(-0.0158439998529827,0.0334,0.00817265997506442));
#12560=CARTESIAN_POINT('',(0.,0.,0.));
#12561=CARTESIAN_POINT('',(7.62387450599817E-5,0.0304995,0.0061127124373246));
#12562=CARTESIAN_POINT('',(0.000127659750010006,0.03050000000001,0.00616306225000996));
#12563=CARTESIAN_POINT('',(7.6595999999995E-5,0.0305,0.00611306224999996));
#12564=CARTESIAN_POINT('',(0.000178723500000018,0.0305,0.00621306224999995));
#12565=CARTESIAN_POINT('',(0.000178723500010018,0.03055000000001,0.00621306225000995));
#12566=CARTESIAN_POINT('',(0.000178723500000018,0.0306,0.00621306224999995));
#12567=CARTESIAN_POINT('',(0.000127659750010006,0.03060000000001,0.00616306225000996));
#12568=CARTESIAN_POINT('',(7.6595999999995E-5,0.0306,0.00611306224999996));
#12569=CARTESIAN_POINT('',(7.6596000009995E-5,0.03055000000001,0.00611306225000996));
#12570=CARTESIAN_POINT('',(2.53046108205268E-5,0.0304995,0.0060126169476745));
#12571=CARTESIAN_POINT('',(5.10640000099967E-5,0.03050000000001,0.00606306225000997));
#12572=CARTESIAN_POINT('',(2.55319999999983E-5,0.0305,0.00601306224999996));
#12573=CARTESIAN_POINT('',(5.10640000099967E-5,0.03060000000001,0.00606306225000997));
#12574=CARTESIAN_POINT('',(2.55319999999983E-5,0.0306,0.00601306224999996));
#12575=CARTESIAN_POINT('',(2.55320000099983E-5,0.03055000000001,0.00601306225000996));
#12576=CARTESIAN_POINT('',(-7.21843594817528E-8,0.0304995,0.00583756748801855));
#12577=CARTESIAN_POINT('',(1.27660000049991E-5,0.03050000000001,0.00592556225000996));
#12578=CARTESIAN_POINT('',(0.,0.0305,0.00583806224999995));
#12579=CARTESIAN_POINT('',(1.27660000049991E-5,0.03060000000001,0.00592556225000996));
#12580=CARTESIAN_POINT('',(0.,0.0306,0.00583806224999995));
#12581=CARTESIAN_POINT('',(0.,0.03055000000001,0.00583806225000995));
#12582=CARTESIAN_POINT('',(0.,0.0304995,0.00578756224999998));
#12583=CARTESIAN_POINT('',(0.,0.03050000000001,0.00581306225000996));
#12584=CARTESIAN_POINT('',(0.,0.0305,0.00578806224999997));
#12585=CARTESIAN_POINT('',(0.,0.03060000000001,0.00581306225000996));
#12586=CARTESIAN_POINT('',(0.,0.0306,0.00578806224999997));
#12587=CARTESIAN_POINT('',(0.,0.03055000000001,0.00578806225000997));
#12588=CARTESIAN_POINT('',(2.56041843594801E-5,0.0304995,0.00561256748801856));
#12589=CARTESIAN_POINT('',(1.27660000049991E-5,0.03050000000001,0.00570056225000995));
#12590=CARTESIAN_POINT('',(2.55319999999983E-5,0.0305,0.00561306224999996));
#12591=CARTESIAN_POINT('',(1.27660000049991E-5,0.03060000000001,0.00570056225000995));
#12592=CARTESIAN_POINT('',(2.55319999999983E-5,0.0306,0.00561306224999996));
#12593=CARTESIAN_POINT('',(2.55320000099983E-5,0.03055000000001,0.00561306225000996));
#12594=CARTESIAN_POINT('',(7.68233891794665E-5,0.0304995,0.0055126169476745));
#12595=CARTESIAN_POINT('',(5.10640000099967E-5,0.03050000000001,0.00556306225000997));
#12596=CARTESIAN_POINT('',(7.6595999999995E-5,0.0305,0.00551306224999996));
#12597=CARTESIAN_POINT('',(5.10640000099967E-5,0.03060000000001,0.00556306225000997));
#12598=CARTESIAN_POINT('',(7.6595999999995E-5,0.0306,0.00551306224999996));
#12599=CARTESIAN_POINT('',(7.6596000009995E-5,0.03055000000001,0.00551306225000996));
#12600=CARTESIAN_POINT('',(0.000179080754940031,0.0304995,0.00541271243732461));
#12601=CARTESIAN_POINT('',(0.000127659750010006,0.03050000000001,0.00546306225000997));
#12602=CARTESIAN_POINT('',(0.000178723500000018,0.0305,0.00541306224999997));
#12603=CARTESIAN_POINT('',(0.000127659750010006,0.03060000000001,0.00546306225000997));
#12604=CARTESIAN_POINT('',(0.000178723500000018,0.0306,0.00541306224999997));
#12605=CARTESIAN_POINT('',(0.000178723500010018,0.03055000000001,0.00541306225000997));
#12606=CARTESIAN_POINT('',(0.00028133666053732,0.0304995,0.00538794336416183));
#12607=CARTESIAN_POINT('',(0.000229787250010015,0.03050000000001,0.00540056225000997));
#12608=CARTESIAN_POINT('',(0.000280851000000013,0.0305,0.00538806224999996));
#12609=CARTESIAN_POINT('',(0.000229787250010015,0.03060000000001,0.00540056225000997));
#12610=CARTESIAN_POINT('',(0.000280851000000013,0.0306,0.00538806224999996));
#12611=CARTESIAN_POINT('',(0.000280851000010013,0.03055000000001,0.00538806225000996));
#12612=CARTESIAN_POINT('',(0.000332415000000012,0.0304995,0.00538806224999996));
#12613=CARTESIAN_POINT('',(0.000306383000010011,0.03050000000001,0.00538806225000996));
#12614=CARTESIAN_POINT('',(0.000331915000000009,0.0305,0.00538806224999996));
#12615=CARTESIAN_POINT('',(0.000306383000010011,0.03060000000001,0.00538806225000996));
#12616=CARTESIAN_POINT('',(0.000331915000000009,0.0306,0.00538806224999996));
#12617=CARTESIAN_POINT('',(0.000331915000010009,0.03055000000001,0.00538806225000996));
#12618=CARTESIAN_POINT('',(0.000434528160537312,0.0304995,0.0054131811358381));
#12619=CARTESIAN_POINT('',(0.000382978750010006,0.03050000000001,0.00540056225000997));
#12620=CARTESIAN_POINT('',(0.0004340425,0.0305,0.00541306224999997));
#12621=CARTESIAN_POINT('',(0.000382978750010006,0.03060000000001,0.00540056225000997));
#12622=CARTESIAN_POINT('',(0.0004340425,0.0306,0.00541306224999997));
#12623=CARTESIAN_POINT('',(0.000434042500010004,0.03055000000001,0.00541306225000997));
#12624=CARTESIAN_POINT('',(0.000511057189992187,0.0304995,0.0054633355606116));
#12625=CARTESIAN_POINT('',(0.000472340500010002,0.03050000000001,0.00543806225000995));
#12626=CARTESIAN_POINT('',(0.0005106385,0.0305,0.00546306224999995));
#12627=CARTESIAN_POINT('',(0.000472340500010002,0.03060000000001,0.00543806225000995));
#12628=CARTESIAN_POINT('',(0.0005106385,0.0306,0.00546306224999995));
#12629=CARTESIAN_POINT('',(0.000510638500009999,0.03055000000001,0.00546306225000995));
#12630=CARTESIAN_POINT('',(0.000587538037826775,0.0304995,0.00556345918954179));
#12631=CARTESIAN_POINT('',(0.000548936250009997,0.03050000000001,0.00551306225000995));
#12632=CARTESIAN_POINT('',(0.000587234,0.0305,0.00556306224999994));
#12633=CARTESIAN_POINT('',(0.000548936250009997,0.03060000000001,0.00551306225000995));
#12634=CARTESIAN_POINT('',(0.000587234,0.0306,0.00556306224999994));
#12635=CARTESIAN_POINT('',(0.000587234000009995,0.03055000000001,0.00556306225000994));
#12636=CARTESIAN_POINT('',(0.000638487086856728,0.0304995,0.00543759938267488));
#12637=CARTESIAN_POINT('',(0.000612766000010008,0.03050000000001,0.00550056225000994));
#12638=CARTESIAN_POINT('',(0.00063829800000002,0.0305,0.00543806224999994));
#12639=CARTESIAN_POINT('',(0.000612766000010008,0.03060000000001,0.00550056225000994));
#12640=CARTESIAN_POINT('',(0.00063829800000002,0.0306,0.00543806224999994));
#12641=CARTESIAN_POINT('',(0.00063829800001002,0.03055000000001,0.00543806225000994));
#12642=CARTESIAN_POINT('',(0.000715312189175563,0.0304995,0.00538778893813728));
#12643=CARTESIAN_POINT('',(0.000676595750010019,0.03050000000001,0.00541306225000997));
#12644=CARTESIAN_POINT('',(0.000714893500000017,0.0305,0.00538806224999996));
#12645=CARTESIAN_POINT('',(0.000676595750010019,0.03060000000001,0.00541306225000997));
#12646=CARTESIAN_POINT('',(0.000714893500000017,0.0306,0.00538806224999996));
#12647=CARTESIAN_POINT('',(0.000714893500010017,0.03055000000001,0.00538806225000996));
#12648=CARTESIAN_POINT('',(0.000817507160671738,0.0304995,0.00536294336471099));
#12649=CARTESIAN_POINT('',(0.000765957500010014,0.03050000000001,0.00537556225000996));
#12650=CARTESIAN_POINT('',(0.00081702150000001,0.0305,0.00536306224999996));
#12651=CARTESIAN_POINT('',(0.000765957500010014,0.03060000000001,0.00537556225000996));
#12652=CARTESIAN_POINT('',(0.00081702150000001,0.0306,0.00536306224999996));
#12653=CARTESIAN_POINT('',(0.00081702150001001,0.03055000000001,0.00536306225000996));
#12654=CARTESIAN_POINT('',(0.000919649,0.0304995,0.00536306224999996));
#12655=CARTESIAN_POINT('',(0.000868085250010007,0.03050000000001,0.00536306225000996));
#12656=CARTESIAN_POINT('',(0.000919149,0.0305,0.00536306224999996));
#12657=CARTESIAN_POINT('',(0.000868085250010007,0.03060000000001,0.00536306225000996));
#12658=CARTESIAN_POINT('',(0.000919149,0.0306,0.00536306224999996));
#12659=CARTESIAN_POINT('',(0.000919149000010004,0.03055000000001,0.00536306225000996));
#12660=CARTESIAN_POINT('',(0.00099621982245533,0.0304995,0.00538821739046361));
#12661=CARTESIAN_POINT('',(0.000957446750010002,0.03050000000001,0.00537556225000997));
#12662=CARTESIAN_POINT('',(0.0009957445,0.0305,0.00538806224999996));
#12663=CARTESIAN_POINT('',(0.000957446750010002,0.03060000000001,0.00537556225000997));
#12664=CARTESIAN_POINT('',(0.0009957445,0.0306,0.00538806224999996));
#12665=CARTESIAN_POINT('',(0.000995744500010001,0.03055000000001,0.00538806225000996));
#12666=CARTESIAN_POINT('',(0.00107275918999218,0.0304995,0.00543833556061159));
#12667=CARTESIAN_POINT('',(0.00103404250001,0.03050000000001,0.00541306225000995));
#12668=CARTESIAN_POINT('',(0.0010723405,0.0305,0.00543806224999994));
#12669=CARTESIAN_POINT('',(0.00103404250001,0.03060000000001,0.00541306225000995));
#12670=CARTESIAN_POINT('',(0.0010723405,0.0306,0.00543806224999994));
#12671=CARTESIAN_POINT('',(0.00107234050001,0.03055000000001,0.00543806225000994));
#12672=CARTESIAN_POINT('',(0.00112368589612943,0.0304995,0.0055134755491874));
#12673=CARTESIAN_POINT('',(0.00109787250000999,0.03050000000001,0.00547556225000997));
#12674=CARTESIAN_POINT('',(0.00112340449999999,0.0305,0.00551306224999996));
#12675=CARTESIAN_POINT('',(0.00109787250000999,0.03060000000001,0.00547556225000997));
#12676=CARTESIAN_POINT('',(0.00112340449999999,0.0306,0.00551306224999996));
#12677=CARTESIAN_POINT('',(0.00112340450000999,0.03055000000001,0.00551306225000996));
#12678=CARTESIAN_POINT('',(0.00117469538741344,0.0304995,0.00561350755322721));
#12679=CARTESIAN_POINT('',(0.00114893625000999,0.03050000000001,0.00556306225000996));
#12680=CARTESIAN_POINT('',(0.001174468,0.0305,0.00561306224999996));
#12681=CARTESIAN_POINT('',(0.00114893625000999,0.03060000000001,0.00556306225000996));
#12682=CARTESIAN_POINT('',(0.001174468,0.0306,0.00561306224999996));
#12683=CARTESIAN_POINT('',(0.00117446800000999,0.03055000000001,0.00561306225000996));
#12684=CARTESIAN_POINT('',(0.00120012369200973,0.0304995,0.00571354670875644));
#12685=CARTESIAN_POINT('',(0.00118723400001,0.03050000000001,0.00566306225000996));
#12686=CARTESIAN_POINT('',(0.00120000000000002,0.0305,0.00571306224999995));
#12687=CARTESIAN_POINT('',(0.00118723400001,0.03060000000001,0.00566306225000996));
#12688=CARTESIAN_POINT('',(0.00120000000000002,0.0306,0.00571306224999995));
#12689=CARTESIAN_POINT('',(0.00120000000001002,0.03055000000001,0.00571306225000995));
#12690=CARTESIAN_POINT('',(0.00120000000000002,0.0304995,0.00591356224999996));
#12691=CARTESIAN_POINT('',(0.00120000000001002,0.03050000000001,0.00581306225000996));
#12692=CARTESIAN_POINT('',(0.00120000000000002,0.0305,0.00591306224999997));
#12693=CARTESIAN_POINT('',(0.00120000000001002,0.03060000000001,0.00581306225000996));
#12694=CARTESIAN_POINT('',(0.00120000000000002,0.0306,0.00591306224999997));
#12695=CARTESIAN_POINT('',(0.00120000000001002,0.03055000000001,0.00591306225000997));
#12696=CARTESIAN_POINT('',(0.00117434430799028,0.0304995,0.00601354670875645));
#12697=CARTESIAN_POINT('',(0.00118723400001,0.03050000000001,0.00596306225000997));
#12698=CARTESIAN_POINT('',(0.001174468,0.0305,0.00601306224999996));
#12699=CARTESIAN_POINT('',(0.00118723400001,0.03060000000001,0.00596306225000997));
#12700=CARTESIAN_POINT('',(0.001174468,0.0306,0.00601306224999996));
#12701=CARTESIAN_POINT('',(0.00117446800000999,0.03055000000001,0.00601306225000996));
#12702=CARTESIAN_POINT('',(0.00112317711258655,0.0304995,0.00611350755322721));
#12703=CARTESIAN_POINT('',(0.00114893625000999,0.03050000000001,0.00606306225000996));
#12704=CARTESIAN_POINT('',(0.00112340449999999,0.0305,0.00611306224999996));
#12705=CARTESIAN_POINT('',(0.00114893625000999,0.03060000000001,0.00606306225000996));
#12706=CARTESIAN_POINT('',(0.00112340449999999,0.0306,0.00611306224999996));
#12707=CARTESIAN_POINT('',(0.00112340450000999,0.03055000000001,0.00611306225000996));
#12708=CARTESIAN_POINT('',(0.00107205910387056,0.0304995,0.00618847554918739));
#12709=CARTESIAN_POINT('',(0.00109787250000999,0.03050000000001,0.00615056225000995));
#12710=CARTESIAN_POINT('',(0.0010723405,0.0305,0.00618806224999994));
#12711=CARTESIAN_POINT('',(0.00109787250000999,0.03060000000001,0.00615056225000995));
#12712=CARTESIAN_POINT('',(0.0010723405,0.0306,0.00618806224999994));
#12713=CARTESIAN_POINT('',(0.00107234050001,0.03055000000001,0.00618806225000994));
#12714=CARTESIAN_POINT('',(0.000995325810007813,0.0304995,0.0062383355606116));
#12715=CARTESIAN_POINT('',(0.00103404250001,0.03050000000001,0.00621306225000995));
#12716=CARTESIAN_POINT('',(0.0009957445,0.0305,0.00623806224999996));
#12717=CARTESIAN_POINT('',(0.00103404250001,0.03060000000001,0.00621306225000995));
#12718=CARTESIAN_POINT('',(0.0009957445,0.0306,0.00623806224999996));
#12719=CARTESIAN_POINT('',(0.000995744500010001,0.03055000000001,0.00623806225000996));
#12720=CARTESIAN_POINT('',(0.000918673677544675,0.0304995,0.00626321739046361));
#12721=CARTESIAN_POINT('',(0.000957446750010002,0.03050000000001,0.00625056225000997));
#12722=CARTESIAN_POINT('',(0.000919149,0.0305,0.00626306224999996));
#12723=CARTESIAN_POINT('',(0.000957446750010002,0.03060000000001,0.00625056225000997));
#12724=CARTESIAN_POINT('',(0.000919149,0.0306,0.00626306224999996));
#12725=CARTESIAN_POINT('',(0.000919149000010004,0.03055000000001,0.00626306225000996));
#12726=CARTESIAN_POINT('',(0.000919149,0.0304995,0.00613756224999997));
#12727=CARTESIAN_POINT('',(0.000919149000010004,0.03050000000001,0.00620056225000996));
#12728=CARTESIAN_POINT('',(0.000919149,0.0305,0.00613806224999996));
#12729=CARTESIAN_POINT('',(0.000919149000010004,0.03060000000001,0.00620056225000996));
#12730=CARTESIAN_POINT('',(0.000919149,0.0306,0.00613806224999996));
#12731=CARTESIAN_POINT('',(0.000919149000010004,0.03055000000001,0.00613806225000996));
#12732=CARTESIAN_POINT('',(0.000970662069348364,0.0304995,0.00611284239386436));
#12733=CARTESIAN_POINT('',(0.000944681000010003,0.03050000000001,0.00612556225000996));
#12734=CARTESIAN_POINT('',(0.000970213,0.0305,0.00611306224999996));
#12735=CARTESIAN_POINT('',(0.000944681000010003,0.03060000000001,0.00612556225000996));
#12736=CARTESIAN_POINT('',(0.000970213,0.0306,0.00611306224999996));
#12737=CARTESIAN_POINT('',(0.000970213000010001,0.03055000000001,0.00611306225000996));
#12738=CARTESIAN_POINT('',(0.00102163375408389,0.0304995,0.00606271243645025));
#12739=CARTESIAN_POINT('',(0.000995744750010001,0.03050000000001,0.00608806225000995));
#12740=CARTESIAN_POINT('',(0.0010212765,0.0305,0.00606306224999994));
#12741=CARTESIAN_POINT('',(0.000995744750010001,0.03060000000001,0.00608806225000995));
#12742=CARTESIAN_POINT('',(0.0010212765,0.0306,0.00606306224999994));
#12743=CARTESIAN_POINT('',(0.00102127650001,0.03055000000001,0.00606306225000994));
#12744=CARTESIAN_POINT('',(0.00104703588917947,0.0304995,0.0060126169476745));
#12745=CARTESIAN_POINT('',(0.00103404250001,0.03050000000001,0.00603806225000996));
#12746=CARTESIAN_POINT('',(0.0010468085,0.0305,0.00601306224999996));
#12747=CARTESIAN_POINT('',(0.00103404250001,0.03060000000001,0.00603806225000996));
#12748=CARTESIAN_POINT('',(0.0010468085,0.0306,0.00601306224999996));
#12749=CARTESIAN_POINT('',(0.00104680850001,0.03055000000001,0.00601306225000996));
#12750=CARTESIAN_POINT('',(0.00107244056200916,0.0304995,0.00588757236471307));
#12751=CARTESIAN_POINT('',(0.00105957450001,0.03050000000001,0.00595056225000996));
#12752=CARTESIAN_POINT('',(0.0010723405,0.0305,0.00588806224999996));
#12753=CARTESIAN_POINT('',(0.00105957450001,0.03060000000001,0.00595056225000996));
#12754=CARTESIAN_POINT('',(0.0010723405,0.0306,0.00588806224999996));
#12755=CARTESIAN_POINT('',(0.00107234050001,0.03055000000001,0.00588806225000996));
#12756=CARTESIAN_POINT('',(0.0010723405,0.0304995,0.00573756224999997));
#12757=CARTESIAN_POINT('',(0.00107234050001,0.03050000000001,0.00581306225000996));
#12758=CARTESIAN_POINT('',(0.0010723405,0.0305,0.00573806224999996));
#12759=CARTESIAN_POINT('',(0.00107234050001,0.03060000000001,0.00581306225000996));
#12760=CARTESIAN_POINT('',(0.0010723405,0.0306,0.00573806224999996));
#12761=CARTESIAN_POINT('',(0.00107234050001,0.03055000000001,0.00573806225000996));
#12762=CARTESIAN_POINT('',(0.00104670843799083,0.0304995,0.00561257236471306));
#12763=CARTESIAN_POINT('',(0.00105957450001,0.03050000000001,0.00567556225000996));
#12764=CARTESIAN_POINT('',(0.0010468085,0.0305,0.00561306224999996));
#12765=CARTESIAN_POINT('',(0.00105957450001,0.03060000000001,0.00567556225000996));
#12766=CARTESIAN_POINT('',(0.0010468085,0.0306,0.00561306224999996));
#12767=CARTESIAN_POINT('',(0.00104680850001,0.03055000000001,0.00561306225000996));
#12768=CARTESIAN_POINT('',(0.00102104911082053,0.0304995,0.00556261694767448));
#12769=CARTESIAN_POINT('',(0.00103404250001,0.03050000000001,0.00558806225000995));
#12770=CARTESIAN_POINT('',(0.0010212765,0.0305,0.00556306224999994));
#12771=CARTESIAN_POINT('',(0.00103404250001,0.03060000000001,0.00558806225000995));
#12772=CARTESIAN_POINT('',(0.0010212765,0.0306,0.00556306224999994));
#12773=CARTESIAN_POINT('',(0.00102127650001,0.03055000000001,0.00556306225000994));
#12774=CARTESIAN_POINT('',(0.000969855745916107,0.0304995,0.00551271243645027));
#12775=CARTESIAN_POINT('',(0.000995744750010001,0.03050000000001,0.00553806225000997));
#12776=CARTESIAN_POINT('',(0.000970213,0.0305,0.00551306224999996));
#12777=CARTESIAN_POINT('',(0.000995744750010001,0.03060000000001,0.00553806225000997));
#12778=CARTESIAN_POINT('',(0.000970213,0.0306,0.00551306224999996));
#12779=CARTESIAN_POINT('',(0.000970213000010001,0.03055000000001,0.00551306225000996));
#12780=CARTESIAN_POINT('',(0.000918699930651641,0.0304995,0.00548784239386436));
#12781=CARTESIAN_POINT('',(0.000944681000010003,0.03050000000001,0.00550056225000996));
#12782=CARTESIAN_POINT('',(0.000919149,0.0305,0.00548806224999996));
#12783=CARTESIAN_POINT('',(0.000944681000010003,0.03060000000001,0.00550056225000996));
#12784=CARTESIAN_POINT('',(0.000919149,0.0306,0.00548806224999996));
#12785=CARTESIAN_POINT('',(0.000919149000010004,0.03055000000001,0.00548806225000996));
#12786=CARTESIAN_POINT('',(0.0008165215,0.0304995,0.00548806224999996));
#12787=CARTESIAN_POINT('',(0.000868085250010007,0.03050000000001,0.00548806225000996));
#12788=CARTESIAN_POINT('',(0.00081702150000001,0.0305,0.00548806224999996));
#12789=CARTESIAN_POINT('',(0.000868085250010007,0.03060000000001,0.00548806225000996));
#12790=CARTESIAN_POINT('',(0.00081702150000001,0.0306,0.00548806224999996));
#12791=CARTESIAN_POINT('',(0.00081702150001001,0.03055000000001,0.00548806225000996));
#12792=CARTESIAN_POINT('',(0.000714444430651653,0.0304995,0.00553828210613557));
#12793=CARTESIAN_POINT('',(0.000765957500010014,0.03050000000001,0.00551306225000998));
#12794=CARTESIAN_POINT('',(0.000714893500000017,0.0305,0.00553806224999997));
#12795=CARTESIAN_POINT('',(0.000765957500010014,0.03060000000001,0.00551306225000998));
#12796=CARTESIAN_POINT('',(0.000714893500000017,0.0306,0.00553806224999997));
#12797=CARTESIAN_POINT('',(0.000714893500010017,0.03055000000001,0.00553806225000997));
#12798=CARTESIAN_POINT('',(0.000663548605753178,0.0304995,0.00561347555046919));
#12799=CARTESIAN_POINT('',(0.000689361750010004,0.03050000000001,0.00557556225000995));
#12800=CARTESIAN_POINT('',(0.00066382999999999,0.0305,0.00561306224999996));
#12801=CARTESIAN_POINT('',(0.000689361750010004,0.03060000000001,0.00557556225000995));
#12802=CARTESIAN_POINT('',(0.00066382999999999,0.0306,0.00561306224999996));
#12803=CARTESIAN_POINT('',(0.00066383000000999,0.03055000000001,0.00561306225000996));
#12804=CARTESIAN_POINT('',(0.000638214100054199,0.0304995,0.0057635551605386));
#12805=CARTESIAN_POINT('',(0.000651064000010005,0.03050000000001,0.00568806225000997));
#12806=CARTESIAN_POINT('',(0.00063829800000002,0.0305,0.00576306224999996));
#12807=CARTESIAN_POINT('',(0.000651064000010005,0.03060000000001,0.00568806225000997));
#12808=CARTESIAN_POINT('',(0.00063829800000002,0.0306,0.00576306224999996));
#12809=CARTESIAN_POINT('',(0.00063829800001002,0.03055000000001,0.00576306225000996));
#12810=CARTESIAN_POINT('',(0.00063829800000002,0.0304995,0.00586356224999994));
#12811=CARTESIAN_POINT('',(0.00063829800001002,0.03050000000001,0.00581306225000996));
#12812=CARTESIAN_POINT('',(0.00063829800000002,0.0305,0.00586306224999996));
#12813=CARTESIAN_POINT('',(0.00063829800001002,0.03060000000001,0.00581306225000996));
#12814=CARTESIAN_POINT('',(0.00063829800000002,0.0306,0.00586306224999996));
#12815=CARTESIAN_POINT('',(0.00063829800001002,0.03055000000001,0.00586306225000996));
#12816=CARTESIAN_POINT('',(0.0005356705,0.0304995,0.00586306224999996));
#12817=CARTESIAN_POINT('',(0.000587234250010009,0.03050000000001,0.00586306225000996));
#12818=CARTESIAN_POINT('',(0.0005361705,0.0305,0.00586306224999996));
#12819=CARTESIAN_POINT('',(0.000587234250010009,0.03060000000001,0.00586306225000996));
#12820=CARTESIAN_POINT('',(0.0005361705,0.0306,0.00586306224999996));
#12821=CARTESIAN_POINT('',(0.000536170500009997,0.03055000000001,0.00586306225000996));
#12822=CARTESIAN_POINT('',(0.0005361705,0.0304995,0.00576256224999997));
#12823=CARTESIAN_POINT('',(0.000536170500009997,0.03050000000001,0.00581306225000997));
#12824=CARTESIAN_POINT('',(0.0005361705,0.0305,0.00576306224999996));
#12825=CARTESIAN_POINT('',(0.000536170500009997,0.03060000000001,0.00581306225000997));
#12826=CARTESIAN_POINT('',(0.0005361705,0.0306,0.00576306224999996));
#12827=CARTESIAN_POINT('',(0.000536170500009997,0.03055000000001,0.00576306225000996));
#12828=CARTESIAN_POINT('',(0.000484945367619773,0.0304995,0.00561258892521079));
#12829=CARTESIAN_POINT('',(0.000510638500009999,0.03050000000001,0.00568806225000996));
#12830=CARTESIAN_POINT('',(0.0004851065,0.0305,0.00561306224999996));
#12831=CARTESIAN_POINT('',(0.000510638500009999,0.03060000000001,0.00568806225000996));
#12832=CARTESIAN_POINT('',(0.0004851065,0.0306,0.00561306224999996));
#12833=CARTESIAN_POINT('',(0.000485106500010001,0.03055000000001,0.00561306225000996));
#12834=CARTESIAN_POINT('',(0.000433685244203872,0.0304995,0.00556271243819893));
#12835=CARTESIAN_POINT('',(0.000459574500010003,0.03050000000001,0.00558806225000995));
#12836=CARTESIAN_POINT('',(0.0004340425,0.0305,0.00556306224999994));
#12837=CARTESIAN_POINT('',(0.000459574500010003,0.03060000000001,0.00558806225000995));
#12838=CARTESIAN_POINT('',(0.0004340425,0.0306,0.00556306224999994));
#12839=CARTESIAN_POINT('',(0.000434042500010004,0.03055000000001,0.00556306225000994));
#12840=CARTESIAN_POINT('',(0.000331465931076735,0.0304995,0.00551284239299608));
#12841=CARTESIAN_POINT('',(0.000382978750010006,0.03050000000001,0.00553806225000997));
#12842=CARTESIAN_POINT('',(0.000331915000000009,0.0305,0.00551306224999996));
#12843=CARTESIAN_POINT('',(0.000382978750010006,0.03060000000001,0.00553806225000997));
#12844=CARTESIAN_POINT('',(0.000331915000000009,0.0306,0.00551306224999996));
#12845=CARTESIAN_POINT('',(0.000331915000010009,0.03055000000001,0.00551306225000996));
#12846=CARTESIAN_POINT('',(0.00028035100000001,0.0304995,0.00551306224999996));
#12847=CARTESIAN_POINT('',(0.000306383000010011,0.03050000000001,0.00551306225000996));
#12848=CARTESIAN_POINT('',(0.000280851000000013,0.0305,0.00551306224999996));
#12849=CARTESIAN_POINT('',(0.000306383000010011,0.03060000000001,0.00551306225000996));
#12850=CARTESIAN_POINT('',(0.000280851000000013,0.0306,0.00551306224999996));
#12851=CARTESIAN_POINT('',(0.000280851000010013,0.03055000000001,0.00551306225000996));
#12852=CARTESIAN_POINT('',(0.00020383681082447,0.0304995,0.00556333556186263));
#12853=CARTESIAN_POINT('',(0.000242553250010015,0.03050000000001,0.00553806225000995));
#12854=CARTESIAN_POINT('',(0.000204255500000016,0.0305,0.00556306224999994));
#12855=CARTESIAN_POINT('',(0.000242553250010015,0.03060000000001,0.00553806225000995));
#12856=CARTESIAN_POINT('',(0.000204255500000016,0.0306,0.00556306224999994));
#12857=CARTESIAN_POINT('',(0.000204255500010016,0.03055000000001,0.00556306225000994));
#12858=CARTESIAN_POINT('',(0.000152910103870553,0.0304995,0.0056384755491874));
#12859=CARTESIAN_POINT('',(0.000178723500010003,0.03050000000001,0.00560056225000997));
#12860=CARTESIAN_POINT('',(0.000153191499999991,0.0305,0.00563806224999996));
#12861=CARTESIAN_POINT('',(0.000178723500010003,0.03060000000001,0.00560056225000997));
#12862=CARTESIAN_POINT('',(0.000153191499999991,0.0306,0.00563806224999996));
#12863=CARTESIAN_POINT('',(0.000153191500009991,0.03055000000001,0.00563806225000996));
#12864=CARTESIAN_POINT('',(0.000127559437990854,0.0304995,0.00576355213528686));
#12865=CARTESIAN_POINT('',(0.000140425500010006,0.03050000000001,0.00570056225000996));
#12866=CARTESIAN_POINT('',(0.000127659500000021,0.0305,0.00576306224999996));
#12867=CARTESIAN_POINT('',(0.000140425500010006,0.03060000000001,0.00570056225000996));
#12868=CARTESIAN_POINT('',(0.000127659500000021,0.0306,0.00576306224999996));
#12869=CARTESIAN_POINT('',(0.000127659500010021,0.03055000000001,0.00576306225000996));
#12870=CARTESIAN_POINT('',(0.000127659500000021,0.0304995,0.00586356224999994));
#12871=CARTESIAN_POINT('',(0.000127659500010021,0.03050000000001,0.00581306225000996));
#12872=CARTESIAN_POINT('',(0.000127659500000021,0.0305,0.00586306224999996));
#12873=CARTESIAN_POINT('',(0.000127659500010021,0.03060000000001,0.00581306225000996));
#12874=CARTESIAN_POINT('',(0.000127659500000021,0.0306,0.00586306224999996));
#12875=CARTESIAN_POINT('',(0.000127659500010021,0.03055000000001,0.00586306225000996));
#12876=CARTESIAN_POINT('',(0.000153291562009159,0.0304995,0.00598855213528685));
#12877=CARTESIAN_POINT('',(0.000140425500010006,0.03050000000001,0.00592556225000996));
#12878=CARTESIAN_POINT('',(0.000153191499999991,0.0305,0.00598806224999996));
#12879=CARTESIAN_POINT('',(0.000140425500010006,0.03060000000001,0.00592556225000996));
#12880=CARTESIAN_POINT('',(0.000153191499999991,0.0306,0.00598806224999996));
#12881=CARTESIAN_POINT('',(0.000153191500009991,0.03055000000001,0.00598806225000996));
#12882=CARTESIAN_POINT('',(0.000204536896129454,0.0304995,0.00606347554918739));
#12883=CARTESIAN_POINT('',(0.000178723500010003,0.03050000000001,0.00602556225000995));
#12884=CARTESIAN_POINT('',(0.000204255500000016,0.0305,0.00606306224999994));
#12885=CARTESIAN_POINT('',(0.000178723500010003,0.03060000000001,0.00602556225000995));
#12886=CARTESIAN_POINT('',(0.000204255500000016,0.0306,0.00606306224999994));
#12887=CARTESIAN_POINT('',(0.000204255500010016,0.03055000000001,0.00606306225000994));
#12888=CARTESIAN_POINT('',(0.000281269689175559,0.0304995,0.00611333556186264));
#12889=CARTESIAN_POINT('',(0.000242553250010015,0.03050000000001,0.00608806225000995));
#12890=CARTESIAN_POINT('',(0.000280851000000013,0.0305,0.00611306224999996));
#12891=CARTESIAN_POINT('',(0.000242553250010015,0.03060000000001,0.00608806225000995));
#12892=CARTESIAN_POINT('',(0.000280851000000013,0.0306,0.00611306224999996));
#12893=CARTESIAN_POINT('',(0.000280851000010013,0.03055000000001,0.00611306225000996));
#12894=CARTESIAN_POINT('',(0.000280851000000013,0.0304995,0.00623856224999994));
#12895=CARTESIAN_POINT('',(0.000280851000010013,0.03050000000001,0.00617556225000996));
#12896=CARTESIAN_POINT('',(0.000280851000000013,0.0305,0.00623806224999996));
#12897=CARTESIAN_POINT('',(0.000280851000010013,0.03060000000001,0.00617556225000996));
#12898=CARTESIAN_POINT('',(0.000280851000000013,0.0306,0.00623806224999996));
#12899=CARTESIAN_POINT('',(0.000280851000010013,0.03055000000001,0.00623806225000996));
#12900=CARTESIAN_POINT('',(0.00017823783946271,0.0304995,0.00621294336416182));
#12901=CARTESIAN_POINT('',(0.000229787250010015,0.03050000000001,0.00622556225000996));
#12902=CARTESIAN_POINT('',(0.000229787250010015,0.03060000000001,0.00622556225000996));
#12903=CARTESIAN_POINT('',(0.00120050000000002,0.0306,0.00626356224999995));
#12904=CARTESIAN_POINT('',(0.00120050000000002,0.0305,0.00536256224999997));
#12905=CARTESIAN_POINT('',(0.,0.,0.));
#12906=CARTESIAN_POINT('',(-0.00316629439500085,0.0304995,0.00986269278855625));
#12907=CARTESIAN_POINT('',(-0.00284680850000999,0.03050000000001,0.0102130622500099));
#12908=CARTESIAN_POINT('',(-0.00316595749999999,0.0305,0.00986306224999996));
#12909=CARTESIAN_POINT('',(-0.0025276595,0.0305,0.0105630622499999));
#12910=CARTESIAN_POINT('',(-0.00252765950001,0.03055000000001,0.0105630622500099));
#12911=CARTESIAN_POINT('',(-0.0025276595,0.0306,0.0105630622499999));
#12912=CARTESIAN_POINT('',(-0.00284680850000999,0.03060000000001,0.0102130622500099));
#12913=CARTESIAN_POINT('',(-0.00316595749999999,0.0306,0.00986306224999996));
#12914=CARTESIAN_POINT('',(-0.00316595750000999,0.03055000000001,0.00986306225000996));
#12915=CARTESIAN_POINT('',(-0.00326853406892326,0.0304995,0.00981284239299606));
#12916=CARTESIAN_POINT('',(-0.00321702125000999,0.03050000000001,0.00983806225000995));
#12917=CARTESIAN_POINT('',(-0.003268085,0.0305,0.00981306224999994));
#12918=CARTESIAN_POINT('',(-0.00321702125000999,0.03060000000001,0.00983806225000995));
#12919=CARTESIAN_POINT('',(-0.003268085,0.0306,0.00981306224999994));
#12920=CARTESIAN_POINT('',(-0.00326808500000999,0.03055000000001,0.00981306225000994));
#12921=CARTESIAN_POINT('',(-0.003319649,0.0304995,0.00981306224999994));
#12922=CARTESIAN_POINT('',(-0.00329361700000999,0.03050000000001,0.00981306225000994));
#12923=CARTESIAN_POINT('',(-0.003319149,0.0305,0.00981306224999994));
#12924=CARTESIAN_POINT('',(-0.00329361700000999,0.03060000000001,0.00981306225000994));
#12925=CARTESIAN_POINT('',(-0.003319149,0.0306,0.00981306224999994));
#12926=CARTESIAN_POINT('',(-0.00331914900000998,0.03055000000001,0.00981306225000994));
#12927=CARTESIAN_POINT('',(-0.00339616318917555,0.0304995,0.00986333556186264));
#12928=CARTESIAN_POINT('',(-0.00335744675001,0.03050000000001,0.00983806225000995));
#12929=CARTESIAN_POINT('',(-0.00339574450000001,0.0305,0.00986306224999996));
#12930=CARTESIAN_POINT('',(-0.00335744675001,0.03060000000001,0.00983806225000995));
#12931=CARTESIAN_POINT('',(-0.00339574450000001,0.0306,0.00986306224999996));
#12932=CARTESIAN_POINT('',(-0.00339574450001001,0.03055000000001,0.00986306225000996));
#12933=CARTESIAN_POINT('',(-0.00344708989612941,0.0304995,0.00993847554918739));
#12934=CARTESIAN_POINT('',(-0.00342127650000999,0.03050000000001,0.00990056225000995));
#12935=CARTESIAN_POINT('',(-0.00344680849999997,0.0305,0.00993806224999994));
#12936=CARTESIAN_POINT('',(-0.00342127650000999,0.03060000000001,0.00990056225000995));
#12937=CARTESIAN_POINT('',(-0.00344680849999997,0.0306,0.00993806224999994));
#12938=CARTESIAN_POINT('',(-0.00344680850000997,0.03055000000001,0.00993806225000994));
#12939=CARTESIAN_POINT('',(-0.00347244056200917,0.0304995,0.0100635521352868));
#12940=CARTESIAN_POINT('',(-0.00345957450000999,0.03050000000001,0.0100005622500099));
#12941=CARTESIAN_POINT('',(-0.0034723405,0.0305,0.0100630622499999));
#12942=CARTESIAN_POINT('',(-0.00345957450000999,0.03060000000001,0.0100005622500099));
#12943=CARTESIAN_POINT('',(-0.0034723405,0.0306,0.0100630622499999));
#12944=CARTESIAN_POINT('',(-0.00347234050001,0.03055000000001,0.0100630622500099));
#12945=CARTESIAN_POINT('',(-0.0034723405,0.0304995,0.01016356225));
#12946=CARTESIAN_POINT('',(-0.00347234050001,0.03050000000001,0.01011306225001));
#12947=CARTESIAN_POINT('',(-0.0034723405,0.0305,0.01016306225));
#12948=CARTESIAN_POINT('',(-0.00347234050001,0.03060000000001,0.01011306225001));
#12949=CARTESIAN_POINT('',(-0.0034723405,0.0306,0.01016306225));
#12950=CARTESIAN_POINT('',(-0.00347234050001,0.03055000000001,0.01016306225001));
#12951=CARTESIAN_POINT('',(-0.00344670843799081,0.0304995,0.0102885521352869));
#12952=CARTESIAN_POINT('',(-0.00345957450000999,0.03050000000001,0.01022556225001));
#12953=CARTESIAN_POINT('',(-0.00344680849999997,0.0305,0.01028806225));
#12954=CARTESIAN_POINT('',(-0.00345957450000999,0.03060000000001,0.01022556225001));
#12955=CARTESIAN_POINT('',(-0.00344680849999997,0.0306,0.01028806225));
#12956=CARTESIAN_POINT('',(-0.00344680850000997,0.03055000000001,0.01028806225001));
#12957=CARTESIAN_POINT('',(-0.00339546310387057,0.0304995,0.0103634755491874));
#12958=CARTESIAN_POINT('',(-0.00342127650000999,0.03050000000001,0.0103255622500099));
#12959=CARTESIAN_POINT('',(-0.00339574450000001,0.0305,0.01036306225));
#12960=CARTESIAN_POINT('',(-0.00342127650000999,0.03060000000001,0.0103255622500099));
#12961=CARTESIAN_POINT('',(-0.00339574450000001,0.0306,0.01036306225));
#12962=CARTESIAN_POINT('',(-0.00339574450001001,0.03055000000001,0.01036306225001));
#12963=CARTESIAN_POINT('',(-0.00331873031082444,0.0304995,0.0104133355618627));
#12964=CARTESIAN_POINT('',(-0.00335744675001,0.03050000000001,0.01038806225001));
#12965=CARTESIAN_POINT('',(-0.003319149,0.0305,0.01041306225));
#12966=CARTESIAN_POINT('',(-0.00335744675001,0.03060000000001,0.01038806225001));
#12967=CARTESIAN_POINT('',(-0.003319149,0.0306,0.01041306225));
#12968=CARTESIAN_POINT('',(-0.00331914900000998,0.03055000000001,0.01041306225001));
#12969=CARTESIAN_POINT('',(-0.003319149,0.0304995,0.01053856225));
#12970=CARTESIAN_POINT('',(-0.00331914900000998,0.03050000000001,0.01047556225001));
#12971=CARTESIAN_POINT('',(-0.003319149,0.0305,0.01053806225));
#12972=CARTESIAN_POINT('',(-0.00331914900000998,0.03060000000001,0.01047556225001));
#12973=CARTESIAN_POINT('',(-0.003319149,0.0306,0.01053806225));
#12974=CARTESIAN_POINT('',(-0.00331914900000998,0.03055000000001,0.01053806225001));
#12975=CARTESIAN_POINT('',(-0.00342176216053731,0.0304995,0.0105129433641618));
#12976=CARTESIAN_POINT('',(-0.00337021275000999,0.03050000000001,0.01052556225001));
#12977=CARTESIAN_POINT('',(-0.0034212765,0.0305,0.01051306225));
#12978=CARTESIAN_POINT('',(-0.00337021275000999,0.03060000000001,0.01052556225001));
#12979=CARTESIAN_POINT('',(-0.0034212765,0.0306,0.01051306225));
#12980=CARTESIAN_POINT('',(-0.00342127650001,0.03055000000001,0.01051306225001));
#12981=CARTESIAN_POINT('',(-0.00352376125494001,0.0304995,0.0104127124373246));
#12982=CARTESIAN_POINT('',(-0.00347234025001,0.03050000000001,0.01046306225001));
#12983=CARTESIAN_POINT('',(-0.003523404,0.0305,0.01041306225));
#12984=CARTESIAN_POINT('',(-0.00347234025001,0.03060000000001,0.01046306225001));
#12985=CARTESIAN_POINT('',(-0.003523404,0.0306,0.01041306225));
#12986=CARTESIAN_POINT('',(-0.00352340400001,0.03055000000001,0.01041306225001));
#12987=CARTESIAN_POINT('',(-0.00357469538917947,0.0304995,0.0103126169476745));
#12988=CARTESIAN_POINT('',(-0.00354893600001,0.03050000000001,0.0103630622500099));
#12989=CARTESIAN_POINT('',(-0.003574468,0.0305,0.0103130622499999));
#12990=CARTESIAN_POINT('',(-0.00354893600001,0.03060000000001,0.0103630622500099));
#12991=CARTESIAN_POINT('',(-0.003574468,0.0306,0.0103130622499999));
#12992=CARTESIAN_POINT('',(-0.00357446800001,0.03055000000001,0.0103130622500099));
#12993=CARTESIAN_POINT('',(-0.00360007218435948,0.0304995,0.0101375674880186));
#12994=CARTESIAN_POINT('',(-0.00358723400000999,0.03050000000001,0.01022556225001));
#12995=CARTESIAN_POINT('',(-0.0036,0.0305,0.01013806225));
#12996=CARTESIAN_POINT('',(-0.00358723400000999,0.03060000000001,0.01022556225001));
#12997=CARTESIAN_POINT('',(-0.0036,0.0306,0.01013806225));
#12998=CARTESIAN_POINT('',(-0.00360000000000999,0.03055000000001,0.01013806225001));
#12999=CARTESIAN_POINT('',(-0.0036,0.0304995,0.01003756225));
#13000=CARTESIAN_POINT('',(-0.00360000000000999,0.03050000000001,0.01008806225001));
#13001=CARTESIAN_POINT('',(-0.0036,0.0305,0.01003806225));
#13002=CARTESIAN_POINT('',(-0.00360000000000999,0.03060000000001,0.01008806225001));
#13003=CARTESIAN_POINT('',(-0.0036,0.0306,0.01003806225));
#13004=CARTESIAN_POINT('',(-0.00360000000000999,0.03055000000001,0.01003806225001));
#13005=CARTESIAN_POINT('',(-0.00357438410005417,0.0304995,0.00988756933946132));
#13006=CARTESIAN_POINT('',(-0.00358723400000999,0.03050000000001,0.00996306225000998));
#13007=CARTESIAN_POINT('',(-0.003574468,0.0305,0.00988806224999996));
#13008=CARTESIAN_POINT('',(-0.00358723400000999,0.03060000000001,0.00996306225000998));
#13009=CARTESIAN_POINT('',(-0.003574468,0.0306,0.00988806224999996));
#13010=CARTESIAN_POINT('',(-0.00357446800001,0.03055000000001,0.00988806225000996));
#13011=CARTESIAN_POINT('',(-0.00352317661082053,0.0304995,0.00978761694767451));
#13012=CARTESIAN_POINT('',(-0.00354893600001,0.03050000000001,0.00983806225000996));
#13013=CARTESIAN_POINT('',(-0.003523404,0.0305,0.00978806224999997));
#13014=CARTESIAN_POINT('',(-0.00354893600001,0.03060000000001,0.00983806225000996));
#13015=CARTESIAN_POINT('',(-0.003523404,0.0306,0.00978806224999997));
#13016=CARTESIAN_POINT('',(-0.00352340400001,0.03055000000001,0.00978806225000997));
#13017=CARTESIAN_POINT('',(-0.00342091924505999,0.0304995,0.00968771243732459));
#13018=CARTESIAN_POINT('',(-0.00347234025001,0.03050000000001,0.00973806225000994));
#13019=CARTESIAN_POINT('',(-0.0034212765,0.0305,0.00968806224999994));
#13020=CARTESIAN_POINT('',(-0.00347234025001,0.03060000000001,0.00973806225000994));
#13021=CARTESIAN_POINT('',(-0.0034212765,0.0306,0.00968806224999994));
#13022=CARTESIAN_POINT('',(-0.00342127650001,0.03055000000001,0.00968806225000994));
#13023=CARTESIAN_POINT('',(-0.00331866333946267,0.0304995,0.00966294336416183));
#13024=CARTESIAN_POINT('',(-0.00337021275000999,0.03050000000001,0.00967556225000997));
#13025=CARTESIAN_POINT('',(-0.003319149,0.0305,0.00966306224999997));
#13026=CARTESIAN_POINT('',(-0.00337021275000999,0.03060000000001,0.00967556225000997));
#13027=CARTESIAN_POINT('',(-0.003319149,0.0306,0.00966306224999997));
#13028=CARTESIAN_POINT('',(-0.00331914900000998,0.03055000000001,0.00966306225000997));
#13029=CARTESIAN_POINT('',(-0.003267585,0.0304995,0.00966306224999997));
#13030=CARTESIAN_POINT('',(-0.00329361700000999,0.03050000000001,0.00966306225000997));
#13031=CARTESIAN_POINT('',(-0.003268085,0.0305,0.00966306224999997));
#13032=CARTESIAN_POINT('',(-0.00329361700000999,0.03060000000001,0.00966306225000997));
#13033=CARTESIAN_POINT('',(-0.003268085,0.0306,0.00966306224999997));
#13034=CARTESIAN_POINT('',(-0.00326808500000999,0.03055000000001,0.00966306225000997));
#13035=CARTESIAN_POINT('',(-0.00316547183946268,0.0304995,0.00968818113583808));
#13036=CARTESIAN_POINT('',(-0.00321702125000999,0.03050000000001,0.00967556225000994));
#13037=CARTESIAN_POINT('',(-0.00316595749999999,0.0305,0.00968806224999994));
#13038=CARTESIAN_POINT('',(-0.00321702125000999,0.03060000000001,0.00967556225000994));
#13039=CARTESIAN_POINT('',(-0.00316595749999999,0.0306,0.00968806224999994));
#13040=CARTESIAN_POINT('',(-0.00316595750000999,0.03055000000001,0.00968806225000994));
#13041=CARTESIAN_POINT('',(-0.00308894281000781,0.0304995,0.0097383355606116));
#13042=CARTESIAN_POINT('',(-0.00312765950000999,0.03050000000001,0.00971306225000995));
#13043=CARTESIAN_POINT('',(-0.0030893615,0.0305,0.00973806224999996));
#13044=CARTESIAN_POINT('',(-0.00312765950000999,0.03060000000001,0.00971306225000995));
#13045=CARTESIAN_POINT('',(-0.0030893615,0.0306,0.00973806224999996));
#13046=CARTESIAN_POINT('',(-0.00308936150001,0.03055000000001,0.00973806225000996));
#13047=CARTESIAN_POINT('',(-0.00252732528004918,0.0304995,0.010363434133079));
#13048=CARTESIAN_POINT('',(-0.00280851050001,0.03050000000001,0.01005056225001));
#13049=CARTESIAN_POINT('',(-0.0025276595,0.0305,0.01036306225));
#13050=CARTESIAN_POINT('',(-0.00280851050001,0.03060000000001,0.01005056225001));
#13051=CARTESIAN_POINT('',(-0.0025276595,0.0306,0.01036306225));
#13052=CARTESIAN_POINT('',(-0.00252765950001,0.03055000000001,0.01036306225001));
#13053=CARTESIAN_POINT('',(-0.0025276595,0.0304995,0.00966256224999998));
#13054=CARTESIAN_POINT('',(-0.00252765950001,0.03050000000001,0.01001306225001));
#13055=CARTESIAN_POINT('',(-0.0025276595,0.0305,0.00966306224999997));
#13056=CARTESIAN_POINT('',(-0.00252765950001,0.03060000000001,0.01001306225001));
#13057=CARTESIAN_POINT('',(-0.0025276595,0.0306,0.00966306224999997));
#13058=CARTESIAN_POINT('',(-0.00252765950001,0.03055000000001,0.00966306225000997));
#13059=CARTESIAN_POINT('',(-0.00239949999999997,0.0304995,0.00966306224999997));
#13060=CARTESIAN_POINT('',(-0.00246382975000999,0.03050000000001,0.00966306225000997));
#13061=CARTESIAN_POINT('',(-0.0024,0.0305,0.00966306224999997));
#13062=CARTESIAN_POINT('',(-0.00246382975000999,0.03060000000001,0.00966306225000997));
#13063=CARTESIAN_POINT('',(-0.0024,0.0306,0.00966306224999997));
#13064=CARTESIAN_POINT('',(-0.00240000000000998,0.03055000000001,0.00966306225000997));
#13065=CARTESIAN_POINT('',(-0.0024,0.0304995,0.0105635622499999));
#13066=CARTESIAN_POINT('',(-0.00240000000000998,0.03050000000001,0.0101130622500099));
#13067=CARTESIAN_POINT('',(-0.0024,0.0305,0.0105630622499999));
#13068=CARTESIAN_POINT('',(-0.00240000000000998,0.03060000000001,0.0101130622500099));
#13069=CARTESIAN_POINT('',(-0.0024,0.0306,0.0105630622499999));
#13070=CARTESIAN_POINT('',(-0.00240000000000998,0.03055000000001,0.0105630622500099));
#13071=CARTESIAN_POINT('',(-0.0025281595,0.0304995,0.0105630622499999));
#13072=CARTESIAN_POINT('',(-0.00246382975000999,0.03050000000001,0.0105630622500099));
#13073=CARTESIAN_POINT('',(-0.00246382975000999,0.03060000000001,0.0105630622500099));
#13074=CARTESIAN_POINT('',(-0.00239949999999997,0.0306,0.0105635622499999));
#13075=CARTESIAN_POINT('',(-0.00239949999999997,0.0305,0.00966256224999995));
#13076=CARTESIAN_POINT('',(0.,0.,0.));
#13077=CARTESIAN_POINT('',(-0.0036003829872117,0.0304995,0.00161274081447661));
#13078=CARTESIAN_POINT('',(-0.00351063825000999,0.03050000000001,0.00168806225000996));
#13079=CARTESIAN_POINT('',(-0.0036,0.0305,0.00161306224999996));
#13080=CARTESIAN_POINT('',(-0.0034212765,0.0305,0.00176306224999996));
#13081=CARTESIAN_POINT('',(-0.00342127650001,0.03055000000001,0.00176306225000996));
#13082=CARTESIAN_POINT('',(-0.0034212765,0.0306,0.00176306224999996));
#13083=CARTESIAN_POINT('',(-0.00351063825000999,0.03060000000001,0.00168806225000996));
#13084=CARTESIAN_POINT('',(-0.0036,0.0306,0.00161306224999996));
#13085=CARTESIAN_POINT('',(-0.00360000000000999,0.03055000000001,0.00161306225000996));
#13086=CARTESIAN_POINT('',(-0.0036,0.0304995,0.00146256224999996));
#13087=CARTESIAN_POINT('',(-0.00360000000000999,0.03050000000001,0.00153806225000995));
#13088=CARTESIAN_POINT('',(-0.0036,0.0305,0.00146306224999995));
#13089=CARTESIAN_POINT('',(-0.00360000000000999,0.03060000000001,0.00153806225000995));
#13090=CARTESIAN_POINT('',(-0.0036,0.0306,0.00146306224999995));
#13091=CARTESIAN_POINT('',(-0.00360000000000999,0.03055000000001,0.00146306225000995));
#13092=CARTESIAN_POINT('',(-0.00239949999999997,0.0304995,0.00146306224999995));
#13093=CARTESIAN_POINT('',(-0.00300000000000999,0.03050000000001,0.00146306225000995));
#13094=CARTESIAN_POINT('',(-0.0024,0.0305,0.00146306224999995));
#13095=CARTESIAN_POINT('',(-0.00300000000000999,0.03060000000001,0.00146306225000995));
#13096=CARTESIAN_POINT('',(-0.0024,0.0306,0.00146306224999995));
#13097=CARTESIAN_POINT('',(-0.00240000000000998,0.03055000000001,0.00146306225000995));
#13098=CARTESIAN_POINT('',(-0.0024,0.0304995,0.00161356224999994));
#13099=CARTESIAN_POINT('',(-0.00240000000000998,0.03050000000001,0.00153806225000995));
#13100=CARTESIAN_POINT('',(-0.0024,0.0305,0.00161306224999996));
#13101=CARTESIAN_POINT('',(-0.00240000000000998,0.03060000000001,0.00153806225000995));
#13102=CARTESIAN_POINT('',(-0.0024,0.0306,0.00161306224999996));
#13103=CARTESIAN_POINT('',(-0.00240000000000998,0.03055000000001,0.00161306225000996));
#13104=CARTESIAN_POINT('',(-0.00339624450000001,0.0304995,0.00161306224999996));
#13105=CARTESIAN_POINT('',(-0.00289787225001,0.03050000000001,0.00161306225000996));
#13106=CARTESIAN_POINT('',(-0.00339574450000001,0.0305,0.00161306224999996));
#13107=CARTESIAN_POINT('',(-0.00289787225001,0.03060000000001,0.00161306225000996));
#13108=CARTESIAN_POINT('',(-0.00339574450000001,0.0306,0.00161306224999996));
#13109=CARTESIAN_POINT('',(-0.00339574450001001,0.03055000000001,0.00161306225000996));
#13110=CARTESIAN_POINT('',(-0.00321663801278828,0.0304995,0.00176338368552331));
#13111=CARTESIAN_POINT('',(-0.00330638275001,0.03050000000001,0.00168806225000997));
#13112=CARTESIAN_POINT('',(-0.003217021,0.0305,0.00176306224999996));
#13113=CARTESIAN_POINT('',(-0.00330638275001,0.03060000000001,0.00168806225000997));
#13114=CARTESIAN_POINT('',(-0.003217021,0.0306,0.00176306224999996));
#13115=CARTESIAN_POINT('',(-0.00321702100000999,0.03055000000001,0.00176306225000996));
#13116=CARTESIAN_POINT('',(-0.00342177650000001,0.0304995,0.00176306224999996));
#13117=CARTESIAN_POINT('',(-0.00331914875001,0.03050000000001,0.00176306225000996));
#13118=CARTESIAN_POINT('',(-0.00331914875001,0.03060000000001,0.00176306225000996));
#13119=CARTESIAN_POINT('',(-0.00239949999999997,0.0306,0.00176356224999995));
#13120=CARTESIAN_POINT('',(-0.00239949999999997,0.0305,0.00146256224999996));
#13121=CARTESIAN_POINT('',(0.,0.,0.));
#13122=CARTESIAN_POINT('',(-0.0106004890737692,0.0304995,0.0108929127940079));
#13123=CARTESIAN_POINT('',(-0.01020000000001,0.03050000000001,0.01097803950001));
#13124=CARTESIAN_POINT('',(-0.0106,0.0305,0.01089301675));
#13125=CARTESIAN_POINT('',(-0.0098,0.0305,0.0110630622499999));
#13126=CARTESIAN_POINT('',(-0.00980000000000998,0.03055000000001,0.0110630622500099));
#13127=CARTESIAN_POINT('',(-0.0098,0.0306,0.0110630622499999));
#13128=CARTESIAN_POINT('',(-0.01020000000001,0.03060000000001,0.01097803950001));
#13129=CARTESIAN_POINT('',(-0.0106,0.0306,0.01089301675));
#13130=CARTESIAN_POINT('',(-0.01060000000001,0.03055000000001,0.01089301675001));
#13131=CARTESIAN_POINT('',(-0.0106,0.0304995,0.01056251675));
#13132=CARTESIAN_POINT('',(-0.01060000000001,0.03050000000001,0.0107280167500099));
#13133=CARTESIAN_POINT('',(-0.0106,0.0305,0.0105630167499999));
#13134=CARTESIAN_POINT('',(-0.01060000000001,0.03060000000001,0.0107280167500099));
#13135=CARTESIAN_POINT('',(-0.0106,0.0306,0.0105630167499999));
#13136=CARTESIAN_POINT('',(-0.01060000000001,0.03055000000001,0.0105630167500099));
#13137=CARTESIAN_POINT('',(-0.00991881826530997,0.0304995,0.00979069476391379));
#13138=CARTESIAN_POINT('',(-0.01025957450001,0.03050000000001,0.0101770432500099));
#13139=CARTESIAN_POINT('',(-0.009919149,0.0305,0.00979106974999996));
#13140=CARTESIAN_POINT('',(-0.01025957450001,0.03060000000001,0.0101770432500099));
#13141=CARTESIAN_POINT('',(-0.009919149,0.0306,0.00979106974999996));
#13142=CARTESIAN_POINT('',(-0.00991914900000998,0.03055000000001,0.00979106975000996));
#13143=CARTESIAN_POINT('',(-0.0106004890737781,0.0304995,0.00964624629404977));
#13144=CARTESIAN_POINT('',(-0.01025957450001,0.03050000000001,0.00971871000000995));
#13145=CARTESIAN_POINT('',(-0.0106,0.0305,0.00964635024999995));
#13146=CARTESIAN_POINT('',(-0.01025957450001,0.03060000000001,0.00971871000000995));
#13147=CARTESIAN_POINT('',(-0.0106,0.0306,0.00964635024999995));
#13148=CARTESIAN_POINT('',(-0.01060000000001,0.03055000000001,0.00964635025000995));
#13149=CARTESIAN_POINT('',(-0.0106,0.0304995,0.00942585024999997));
#13150=CARTESIAN_POINT('',(-0.01060000000001,0.03050000000001,0.00953635025000995));
#13151=CARTESIAN_POINT('',(-0.0106,0.0305,0.00942635024999996));
#13152=CARTESIAN_POINT('',(-0.01060000000001,0.03060000000001,0.00953635025000995));
#13153=CARTESIAN_POINT('',(-0.0106,0.0306,0.00942635024999996));
#13154=CARTESIAN_POINT('',(-0.01060000000001,0.03055000000001,0.00942635025000996));
#13155=CARTESIAN_POINT('',(-0.00979951092623078,0.0304995,0.00959649970599196));
#13156=CARTESIAN_POINT('',(-0.01020000000001,0.03050000000001,0.00951137300000993));
#13157=CARTESIAN_POINT('',(-0.0098,0.0305,0.00959639574999994));
#13158=CARTESIAN_POINT('',(-0.01020000000001,0.03060000000001,0.00951137300000993));
#13159=CARTESIAN_POINT('',(-0.0098,0.0306,0.00959639574999994));
#13160=CARTESIAN_POINT('',(-0.00980000000000998,0.03055000000001,0.00959639575000994));
#13161=CARTESIAN_POINT('',(-0.0098,0.0304995,0.00992689574999994));
#13162=CARTESIAN_POINT('',(-0.00980000000000998,0.03050000000001,0.00976139575000995));
#13163=CARTESIAN_POINT('',(-0.0098,0.0305,0.00992639574999995));
#13164=CARTESIAN_POINT('',(-0.00980000000000998,0.03060000000001,0.00976139575000995));
#13165=CARTESIAN_POINT('',(-0.0098,0.0306,0.00992639574999995));
#13166=CARTESIAN_POINT('',(-0.00980000000000998,0.03055000000001,0.00992639575000995));
#13167=CARTESIAN_POINT('',(-0.0104982086759007,0.0304995,0.0106950948658788));
#13168=CARTESIAN_POINT('',(-0.01014893625001,0.03050000000001,0.0103105602500099));
#13169=CARTESIAN_POINT('',(-0.0104978725,0.0305,0.0106947247499999));
#13170=CARTESIAN_POINT('',(-0.01014893625001,0.03060000000001,0.0103105602500099));
#13171=CARTESIAN_POINT('',(-0.0104978725,0.0306,0.0106947247499999));
#13172=CARTESIAN_POINT('',(-0.01049787250001,0.03055000000001,0.0106947247500099));
#13173=CARTESIAN_POINT('',(-0.00979951092621685,0.0304995,0.0108431662059264));
#13174=CARTESIAN_POINT('',(-0.01014893625001,0.03050000000001,0.0107688935000099));
#13175=CARTESIAN_POINT('',(-0.0098,0.0305,0.0108430622499999));
#13176=CARTESIAN_POINT('',(-0.01014893625001,0.03060000000001,0.0107688935000099));
#13177=CARTESIAN_POINT('',(-0.0098,0.0306,0.0108430622499999));
#13178=CARTESIAN_POINT('',(-0.00980000000000998,0.03055000000001,0.0108430622500099));
#13179=CARTESIAN_POINT('',(-0.0098,0.0304995,0.0110635622499999));
#13180=CARTESIAN_POINT('',(-0.00980000000000998,0.03050000000001,0.0109530622500099));
#13181=CARTESIAN_POINT('',(-0.00980000000000998,0.03060000000001,0.0109530622500099));
#13182=CARTESIAN_POINT('',(-0.0097995,0.0306,0.01106356225));
#13183=CARTESIAN_POINT('',(-0.0097995,0.0305,0.00942585024999994));
#13184=CARTESIAN_POINT('',(0.,0.,0.));
#13185=CARTESIAN_POINT('',(-0.0106004890737692,0.0304995,0.00913291279400792));
#13186=CARTESIAN_POINT('',(-0.01020000000001,0.03050000000001,0.00921803950000994));
#13187=CARTESIAN_POINT('',(-0.0106,0.0305,0.00913301674999994));
#13188=CARTESIAN_POINT('',(-0.0098,0.0305,0.00930306224999995));
#13189=CARTESIAN_POINT('',(-0.00980000000000998,0.03055000000001,0.00930306225000995));
#13190=CARTESIAN_POINT('',(-0.0098,0.0306,0.00930306224999995));
#13191=CARTESIAN_POINT('',(-0.01020000000001,0.03060000000001,0.00921803950000994));
#13192=CARTESIAN_POINT('',(-0.0106,0.0306,0.00913301674999994));
#13193=CARTESIAN_POINT('',(-0.01060000000001,0.03055000000001,0.00913301675000994));
#13194=CARTESIAN_POINT('',(-0.0106,0.0304995,0.00781251674999996));
#13195=CARTESIAN_POINT('',(-0.01060000000001,0.03050000000001,0.00847301675000995));
#13196=CARTESIAN_POINT('',(-0.0106,0.0305,0.00781301674999995));
#13197=CARTESIAN_POINT('',(-0.01060000000001,0.03060000000001,0.00847301675000995));
#13198=CARTESIAN_POINT('',(-0.0106,0.0306,0.00781301674999995));
#13199=CARTESIAN_POINT('',(-0.01060000000001,0.03055000000001,0.00781301675000995));
#13200=CARTESIAN_POINT('',(-0.010497383426326,0.0304995,0.00783482870643985));
#13201=CARTESIAN_POINT('',(-0.01054893625001,0.03050000000001,0.00782387075000996));
#13202=CARTESIAN_POINT('',(-0.0104978725,0.0305,0.00783472474999996));
#13203=CARTESIAN_POINT('',(-0.01054893625001,0.03060000000001,0.00782387075000996));
#13204=CARTESIAN_POINT('',(-0.0104978725,0.0306,0.00783472474999996));
#13205=CARTESIAN_POINT('',(-0.01049787250001,0.03055000000001,0.00783472475000996));
#13206=CARTESIAN_POINT('',(-0.0104978725,0.0304995,0.00893522474999995));
#13207=CARTESIAN_POINT('',(-0.01049787250001,0.03050000000001,0.00838472475000996));
#13208=CARTESIAN_POINT('',(-0.0104978725,0.0305,0.00893472474999996));
#13209=CARTESIAN_POINT('',(-0.01049787250001,0.03060000000001,0.00838472475000996));
#13210=CARTESIAN_POINT('',(-0.0104978725,0.0306,0.00893472474999996));
#13211=CARTESIAN_POINT('',(-0.01049787250001,0.03055000000001,0.00893472475000996));
#13212=CARTESIAN_POINT('',(-0.0102761064262543,0.0304995,0.00898186270610273));
#13213=CARTESIAN_POINT('',(-0.01038723400001,0.03050000000001,0.00895824175000996));
#13214=CARTESIAN_POINT('',(-0.0102765955,0.0305,0.00898175874999995));
#13215=CARTESIAN_POINT('',(-0.01038723400001,0.03060000000001,0.00895824175000996));
#13216=CARTESIAN_POINT('',(-0.0102765955,0.0306,0.00898175874999995));
#13217=CARTESIAN_POINT('',(-0.01027659550001,0.03055000000001,0.00898175875000995));
#13218=CARTESIAN_POINT('',(-0.0102765955,0.0304995,0.00802792524999995));
#13219=CARTESIAN_POINT('',(-0.01027659550001,0.03050000000001,0.00850509200000994));
#13220=CARTESIAN_POINT('',(-0.0102765955,0.0305,0.00802842524999994));
#13221=CARTESIAN_POINT('',(-0.01027659550001,0.03060000000001,0.00850509200000994));
#13222=CARTESIAN_POINT('',(-0.0102765955,0.0306,0.00802842524999994));
#13223=CARTESIAN_POINT('',(-0.01027659550001,0.03055000000001,0.00802842525000994));
#13224=CARTESIAN_POINT('',(-0.010173978926326,0.0304995,0.00805023720643985));
#13225=CARTESIAN_POINT('',(-0.01022553175001,0.03050000000001,0.00803927925000995));
#13226=CARTESIAN_POINT('',(-0.010174468,0.0305,0.00805013324999996));
#13227=CARTESIAN_POINT('',(-0.01022553175001,0.03060000000001,0.00803927925000995));
#13228=CARTESIAN_POINT('',(-0.010174468,0.0306,0.00805013324999996));
#13229=CARTESIAN_POINT('',(-0.01017446800001,0.03055000000001,0.00805013325000996));
#13230=CARTESIAN_POINT('',(-0.010174468,0.0304995,0.00900396674999993));
#13231=CARTESIAN_POINT('',(-0.01017446800001,0.03050000000001,0.00852680000000993));
#13232=CARTESIAN_POINT('',(-0.010174468,0.0305,0.00900346674999994));
#13233=CARTESIAN_POINT('',(-0.01017446800001,0.03060000000001,0.00852680000000993));
#13234=CARTESIAN_POINT('',(-0.010174468,0.0306,0.00900346674999994));
#13235=CARTESIAN_POINT('',(-0.01017446800001,0.03055000000001,0.00900346675000994));
#13236=CARTESIAN_POINT('',(-0.00990163842610458,0.0304995,0.00906145820539817));
#13237=CARTESIAN_POINT('',(-0.01003829775001,0.03050000000001,0.00903241050000995));
#13238=CARTESIAN_POINT('',(-0.00990212750000001,0.0305,0.00906135424999997));
#13239=CARTESIAN_POINT('',(-0.01003829775001,0.03060000000001,0.00903241050000995));
#13240=CARTESIAN_POINT('',(-0.00990212750000001,0.0306,0.00906135424999997));
#13241=CARTESIAN_POINT('',(-0.00990212750001001,0.03055000000001,0.00906135425000997));
#13242=CARTESIAN_POINT('',(-0.00990212750000001,0.0304995,0.00796085424999995));
#13243=CARTESIAN_POINT('',(-0.00990212750001001,0.03050000000001,0.00851135425000996));
#13244=CARTESIAN_POINT('',(-0.00990212750000001,0.0305,0.00796135424999994));
#13245=CARTESIAN_POINT('',(-0.00990212750001001,0.03060000000001,0.00851135425000996));
#13246=CARTESIAN_POINT('',(-0.00990212750000001,0.0306,0.00796135424999994));
#13247=CARTESIAN_POINT('',(-0.00990212750001001,0.03055000000001,0.00796135425000994));
#13248=CARTESIAN_POINT('',(-0.00979951092632598,0.0304995,0.00798316620643985));
#13249=CARTESIAN_POINT('',(-0.00985106375001,0.03050000000001,0.00797220825000995));
#13250=CARTESIAN_POINT('',(-0.0098,0.0305,0.00798306224999996));
#13251=CARTESIAN_POINT('',(-0.00985106375001,0.03060000000001,0.00797220825000995));
#13252=CARTESIAN_POINT('',(-0.0098,0.0306,0.00798306224999996));
#13253=CARTESIAN_POINT('',(-0.00980000000000998,0.03055000000001,0.00798306225000996));
#13254=CARTESIAN_POINT('',(-0.0098,0.0304995,0.00930356224999994));
#13255=CARTESIAN_POINT('',(-0.00980000000000998,0.03050000000001,0.00864306225000994));
#13256=CARTESIAN_POINT('',(-0.00980000000000998,0.03060000000001,0.00864306225000994));
#13257=CARTESIAN_POINT('',(-0.0097995,0.0306,0.00930356224999994));
#13258=CARTESIAN_POINT('',(-0.0097995,0.0305,0.00781251674999996));
#13259=CARTESIAN_POINT('',(0.,0.,0.));
#13260=CARTESIAN_POINT('',(-0.0100727402892171,0.0304995,0.0065315409691616));
#13261=CARTESIAN_POINT('',(-0.01003829800001,0.03050000000001,0.00655741050000995));
#13262=CARTESIAN_POINT('',(-0.0100723405,0.0305,0.00653184124999996));
#13263=CARTESIAN_POINT('',(-0.0100042555,0.0305,0.00658297974999996));
#13264=CARTESIAN_POINT('',(-0.01000425550001,0.03055000000001,0.00658297975000996));
#13265=CARTESIAN_POINT('',(-0.0100042555,0.0306,0.00658297974999996));
#13266=CARTESIAN_POINT('',(-0.01003829800001,0.03060000000001,0.00655741050000995));
#13267=CARTESIAN_POINT('',(-0.0100723405,0.0306,0.00653184124999996));
#13268=CARTESIAN_POINT('',(-0.01007234050001,0.03055000000001,0.00653184125000996));
#13269=CARTESIAN_POINT('',(-0.0106004890737983,0.0304995,0.00641957979414485));
#13270=CARTESIAN_POINT('',(-0.01033617025001,0.03050000000001,0.00647576250000996));
#13271=CARTESIAN_POINT('',(-0.0106,0.0305,0.00641968374999996));
#13272=CARTESIAN_POINT('',(-0.01033617025001,0.03060000000001,0.00647576250000996));
#13273=CARTESIAN_POINT('',(-0.0106,0.0306,0.00641968374999996));
#13274=CARTESIAN_POINT('',(-0.01060000000001,0.03055000000001,0.00641968375000996));
#13275=CARTESIAN_POINT('',(-0.0106,0.0304995,0.00619918374999997));
#13276=CARTESIAN_POINT('',(-0.01060000000001,0.03050000000001,0.00630968375000996));
#13277=CARTESIAN_POINT('',(-0.0106,0.0305,0.00619968374999996));
#13278=CARTESIAN_POINT('',(-0.01060000000001,0.03060000000001,0.00630968375000996));
#13279=CARTESIAN_POINT('',(-0.0106,0.0306,0.00619968374999996));
#13280=CARTESIAN_POINT('',(-0.01060000000001,0.03055000000001,0.00619968375000996));
#13281=CARTESIAN_POINT('',(-0.0100718514262017,0.0304995,0.00631194520585507));
#13282=CARTESIAN_POINT('',(-0.01033617025001,0.03050000000001,0.00625576250000996));
#13283=CARTESIAN_POINT('',(-0.0100723405,0.0305,0.00631184124999996));
#13284=CARTESIAN_POINT('',(-0.01033617025001,0.03060000000001,0.00625576250000996));
#13285=CARTESIAN_POINT('',(-0.0100723405,0.0306,0.00631184124999996));
#13286=CARTESIAN_POINT('',(-0.01007234050001,0.03055000000001,0.00631184125000996));
#13287=CARTESIAN_POINT('',(-0.00998681351232651,0.0304995,0.00636686828671915));
#13288=CARTESIAN_POINT('',(-0.01002978725001,0.03050000000001,0.00633921950000996));
#13289=CARTESIAN_POINT('',(-0.009987234,0.0305,0.00636659774999995));
#13290=CARTESIAN_POINT('',(-0.01002978725001,0.03060000000001,0.00633921950000996));
#13291=CARTESIAN_POINT('',(-0.009987234,0.0306,0.00636659774999995));
#13292=CARTESIAN_POINT('',(-0.00998723400001,0.03055000000001,0.00636659775000995));
#13293=CARTESIAN_POINT('',(-0.00991884261261386,0.0304995,0.00645479787880129));
#13294=CARTESIAN_POINT('',(-0.00995319150000999,0.03050000000001,0.00641050025000996));
#13295=CARTESIAN_POINT('',(-0.009919149,0.0305,0.00645440274999996));
#13296=CARTESIAN_POINT('',(-0.00995319150000999,0.03060000000001,0.00641050025000996));
#13297=CARTESIAN_POINT('',(-0.009919149,0.0306,0.00645440274999996));
#13298=CARTESIAN_POINT('',(-0.00991914900000998,0.03055000000001,0.00645440275000996));
#13299=CARTESIAN_POINT('',(-0.00985086939625586,0.0304995,0.00661600232505654));
#13300=CARTESIAN_POINT('',(-0.00988510650000999,0.03050000000001,0.00653497225000996));
#13301=CARTESIAN_POINT('',(-0.009851064,0.0305,0.00661554174999995));
#13302=CARTESIAN_POINT('',(-0.00988510650000999,0.03060000000001,0.00653497225000996));
#13303=CARTESIAN_POINT('',(-0.009851064,0.0306,0.00661554174999995));
#13304=CARTESIAN_POINT('',(-0.00985106400001001,0.03055000000001,0.00661554175000995));
#13305=CARTESIAN_POINT('',(-0.00981691301109043,0.0304995,0.00676993244913496));
#13306=CARTESIAN_POINT('',(-0.00983404250000999,0.03050000000001,0.00669249300000996));
#13307=CARTESIAN_POINT('',(-0.009817021,0.0305,0.00676944424999996));
#13308=CARTESIAN_POINT('',(-0.00983404250000999,0.03060000000001,0.00669249300000996));
#13309=CARTESIAN_POINT('',(-0.009817021,0.0306,0.00676944424999996));
#13310=CARTESIAN_POINT('',(-0.00981702100000998,0.03055000000001,0.00676944425000996));
#13311=CARTESIAN_POINT('',(-0.00979995466500564,0.0304995,0.00695689369049668));
#13312=CARTESIAN_POINT('',(-0.00980851050000998,0.03050000000001,0.00686292000000997));
#13313=CARTESIAN_POINT('',(-0.0098,0.0305,0.00695639574999996));
#13314=CARTESIAN_POINT('',(-0.00980851050000998,0.03060000000001,0.00686292000000997));
#13315=CARTESIAN_POINT('',(-0.0098,0.0306,0.00695639574999996));
#13316=CARTESIAN_POINT('',(-0.00980000000000998,0.03055000000001,0.00695639575000996));
#13317=CARTESIAN_POINT('',(-0.0098,0.0304995,0.00710356224999995));
#13318=CARTESIAN_POINT('',(-0.00980000000000998,0.03050000000001,0.00702972900000996));
#13319=CARTESIAN_POINT('',(-0.0098,0.0305,0.00710306224999997));
#13320=CARTESIAN_POINT('',(-0.00980000000000998,0.03060000000001,0.00702972900000996));
#13321=CARTESIAN_POINT('',(-0.0098,0.0306,0.00710306224999997));
#13322=CARTESIAN_POINT('',(-0.00980000000000998,0.03055000000001,0.00710306225000997));
#13323=CARTESIAN_POINT('',(-0.00981706814442946,0.0304995,0.0072832755224407));
#13324=CARTESIAN_POINT('',(-0.00980851050000998,0.03050000000001,0.00719292000000995));
#13325=CARTESIAN_POINT('',(-0.009817021,0.0305,0.00728277774999995));
#13326=CARTESIAN_POINT('',(-0.00980851050000998,0.03060000000001,0.00719292000000995));
#13327=CARTESIAN_POINT('',(-0.009817021,0.0306,0.00728277774999995));
#13328=CARTESIAN_POINT('',(-0.00981702100000998,0.03055000000001,0.00728277775000995));
#13329=CARTESIAN_POINT('',(-0.00985118259501401,0.0304995,0.0074226939816364));
#13330=CARTESIAN_POINT('',(-0.00983404250000999,0.03050000000001,0.00735249300000995));
#13331=CARTESIAN_POINT('',(-0.009851064,0.0305,0.00742220824999995));
#13332=CARTESIAN_POINT('',(-0.00983404250000999,0.03060000000001,0.00735249300000995));
#13333=CARTESIAN_POINT('',(-0.009851064,0.0306,0.00742220824999995));
#13334=CARTESIAN_POINT('',(-0.00985106400001001,0.03055000000001,0.00742220825000995));
#13335=CARTESIAN_POINT('',(-0.00991937793722619,0.0304995,0.00755484775843232));
#13336=CARTESIAN_POINT('',(-0.00988510650000999,0.03050000000001,0.00748830575000997));
#13337=CARTESIAN_POINT('',(-0.009919149,0.0305,0.00755440324999995));
#13338=CARTESIAN_POINT('',(-0.00988510650000999,0.03060000000001,0.00748830575000997));
#13339=CARTESIAN_POINT('',(-0.009919149,0.0306,0.00755440324999995));
#13340=CARTESIAN_POINT('',(-0.00991914900000998,0.03055000000001,0.00755440325000995));
#13341=CARTESIAN_POINT('',(-0.00998761224569115,0.0304995,0.00761359125183043));
#13342=CARTESIAN_POINT('',(-0.00995319150000999,0.03050000000001,0.00758383375000996));
#13343=CARTESIAN_POINT('',(-0.009987234,0.0305,0.00761326424999996));
#13344=CARTESIAN_POINT('',(-0.00995319150000999,0.03060000000001,0.00758383375000996));
#13345=CARTESIAN_POINT('',(-0.009987234,0.0306,0.00761326424999996));
#13346=CARTESIAN_POINT('',(-0.00998723400001,0.03055000000001,0.00761326425000996));
#13347=CARTESIAN_POINT('',(-0.0100728289979457,0.0304995,0.00763194787906281));
#13348=CARTESIAN_POINT('',(-0.01002978725001,0.03050000000001,0.00762255275000996));
#13349=CARTESIAN_POINT('',(-0.0100723405,0.0305,0.00763184124999995));
#13350=CARTESIAN_POINT('',(-0.01002978725001,0.03060000000001,0.00762255275000996));
#13351=CARTESIAN_POINT('',(-0.0100723405,0.0306,0.00763184124999995));
#13352=CARTESIAN_POINT('',(-0.01007234050001,0.03055000000001,0.00763184125000995));
#13353=CARTESIAN_POINT('',(-0.0106004890737983,0.0304995,0.00751957979414485));
#13354=CARTESIAN_POINT('',(-0.01033617025001,0.03050000000001,0.00757576250000996));
#13355=CARTESIAN_POINT('',(-0.0106,0.0305,0.00751968374999996));
#13356=CARTESIAN_POINT('',(-0.01033617025001,0.03060000000001,0.00757576250000996));
#13357=CARTESIAN_POINT('',(-0.0106,0.0306,0.00751968374999996));
#13358=CARTESIAN_POINT('',(-0.01060000000001,0.03055000000001,0.00751968375000996));
#13359=CARTESIAN_POINT('',(-0.0106,0.0304995,0.00729918374999997));
#13360=CARTESIAN_POINT('',(-0.01060000000001,0.03050000000001,0.00740968375000996));
#13361=CARTESIAN_POINT('',(-0.0106,0.0305,0.00729968374999996));
#13362=CARTESIAN_POINT('',(-0.01060000000001,0.03060000000001,0.00740968375000996));
#13363=CARTESIAN_POINT('',(-0.0106,0.0306,0.00729968374999996));
#13364=CARTESIAN_POINT('',(-0.01060000000001,0.03055000000001,0.00729968375000996));
#13365=CARTESIAN_POINT('',(-0.0100718514262017,0.0304995,0.00741194520585506));
#13366=CARTESIAN_POINT('',(-0.01033617025001,0.03050000000001,0.00735576250000996));
#13367=CARTESIAN_POINT('',(-0.0100723405,0.0305,0.00741184124999995));
#13368=CARTESIAN_POINT('',(-0.01033617025001,0.03060000000001,0.00735576250000996));
#13369=CARTESIAN_POINT('',(-0.0100723405,0.0306,0.00741184124999995));
#13370=CARTESIAN_POINT('',(-0.01007234050001,0.03055000000001,0.00741184125000995));
#13371=CARTESIAN_POINT('',(-0.010003780121437,0.0304995,0.00738949128154573));
#13372=CARTESIAN_POINT('',(-0.01003829800001,0.03050000000001,0.00740074375000996));
#13373=CARTESIAN_POINT('',(-0.0100042555,0.0305,0.00738964624999997));
#13374=CARTESIAN_POINT('',(-0.01003829800001,0.03060000000001,0.00740074375000996));
#13375=CARTESIAN_POINT('',(-0.0100042555,0.0306,0.00738964624999997));
#13376=CARTESIAN_POINT('',(-0.01000425550001,0.03055000000001,0.00738964625000997));
#13377=CARTESIAN_POINT('',(-0.00995287508748663,0.0304995,0.00732677960258437));
#13378=CARTESIAN_POINT('',(-0.00997872350001,0.03050000000001,0.00735840650000995));
#13379=CARTESIAN_POINT('',(-0.0099531915,0.0305,0.00732716674999995));
#13380=CARTESIAN_POINT('',(-0.00997872350001,0.03060000000001,0.00735840650000995));
#13381=CARTESIAN_POINT('',(-0.0099531915,0.0306,0.00732716674999995));
#13382=CARTESIAN_POINT('',(-0.00995319150001,0.03055000000001,0.00732716675000995));
#13383=CARTESIAN_POINT('',(-0.00991899176832865,0.0304995,0.00722392811519137));
#13384=CARTESIAN_POINT('',(-0.00993617025000999,0.03050000000001,0.00727578475000996));
#13385=CARTESIAN_POINT('',(-0.009919149,0.0305,0.00722440274999997));
#13386=CARTESIAN_POINT('',(-0.00993617025000999,0.03060000000001,0.00727578475000996));
#13387=CARTESIAN_POINT('',(-0.009919149,0.0306,0.00722440274999997));
#13388=CARTESIAN_POINT('',(-0.00991914900000998,0.03055000000001,0.00722440275000997));
#13389=CARTESIAN_POINT('',(-0.00990206842121904,0.0304995,0.0070808577525703));
#13390=CARTESIAN_POINT('',(-0.00991063825000999,0.03050000000001,0.00715287850000996));
#13391=CARTESIAN_POINT('',(-0.00990212750000001,0.0305,0.00708135424999995));
#13392=CARTESIAN_POINT('',(-0.00991063825000999,0.03060000000001,0.00715287850000996));
#13393=CARTESIAN_POINT('',(-0.00990212750000001,0.0306,0.00708135424999995));
#13394=CARTESIAN_POINT('',(-0.00990212750001001,0.03055000000001,0.00708135425000995));
#13395=CARTESIAN_POINT('',(-0.00990212750000001,0.0304995,0.00693418774999995));
#13396=CARTESIAN_POINT('',(-0.00990212750001001,0.03050000000001,0.00700802100000995));
#13397=CARTESIAN_POINT('',(-0.00990212750000001,0.0305,0.00693468774999994));
#13398=CARTESIAN_POINT('',(-0.00990212750001001,0.03060000000001,0.00700802100000995));
#13399=CARTESIAN_POINT('',(-0.00990212750000001,0.0306,0.00693468774999994));
#13400=CARTESIAN_POINT('',(-0.00990212750001001,0.03055000000001,0.00693468775000994));
#13401=CARTESIAN_POINT('',(-0.00991920527095861,0.0304995,0.00678390592651098));
#13402=CARTESIAN_POINT('',(-0.00991063825000999,0.03050000000001,0.00685954525000997));
#13403=CARTESIAN_POINT('',(-0.009919149,0.0305,0.00678440274999997));
#13404=CARTESIAN_POINT('',(-0.00991063825000999,0.03060000000001,0.00685954525000997));
#13405=CARTESIAN_POINT('',(-0.009919149,0.0306,0.00678440274999997));
#13406=CARTESIAN_POINT('',(-0.00991914900000998,0.03055000000001,0.00678440275000997));
#13407=CARTESIAN_POINT('',(-0.00995333092867519,0.0304995,0.00666668658373234));
#13408=CARTESIAN_POINT('',(-0.00993617025000999,0.03050000000001,0.00672578475000996));
#13409=CARTESIAN_POINT('',(-0.0099531915,0.0305,0.00666716674999995));
#13410=CARTESIAN_POINT('',(-0.00993617025000999,0.03060000000001,0.00672578475000996));
#13411=CARTESIAN_POINT('',(-0.0099531915,0.0306,0.00666716674999995));
#13412=CARTESIAN_POINT('',(-0.00995319150001,0.03055000000001,0.00666716675000995));
#13413=CARTESIAN_POINT('',(-0.0100045148052492,0.0304995,0.00658255224469269));
#13414=CARTESIAN_POINT('',(-0.00997872350001,0.03050000000001,0.00662507325000997));
#13415=CARTESIAN_POINT('',(-0.00997872350001,0.03060000000001,0.00662507325000997));
#13416=CARTESIAN_POINT('',(-0.0097995,0.0306,0.00763234124999994));
#13417=CARTESIAN_POINT('',(-0.0097995,0.0305,0.00619918374999997));
#13418=CARTESIAN_POINT('',(0.,0.,0.));
#13419=CARTESIAN_POINT('',(-0.0105153825737731,0.0304995,0.00533766929402648));
#13420=CARTESIAN_POINT('',(-0.01015744675001,0.03050000000001,0.00541375100000998));
#13421=CARTESIAN_POINT('',(-0.0105148935,0.0305,0.00533777324999997));
#13422=CARTESIAN_POINT('',(-0.0098,0.0305,0.00548972874999995));
#13423=CARTESIAN_POINT('',(-0.00980000000000998,0.03055000000001,0.00548972875000995));
#13424=CARTESIAN_POINT('',(-0.0098,0.0306,0.00548972874999995));
#13425=CARTESIAN_POINT('',(-0.01015744675001,0.03060000000001,0.00541375100000998));
#13426=CARTESIAN_POINT('',(-0.0105148935,0.0306,0.00533777324999997));
#13427=CARTESIAN_POINT('',(-0.01051489350001,0.03055000000001,0.00533777325000997));
#13428=CARTESIAN_POINT('',(-0.0105148935,0.0304995,0.00592494024999996));
#13429=CARTESIAN_POINT('',(-0.01051489350001,0.03050000000001,0.00563110675000998));
#13430=CARTESIAN_POINT('',(-0.0105148935,0.0305,0.00592444024999998));
#13431=CARTESIAN_POINT('',(-0.01051489350001,0.03060000000001,0.00563110675000998));
#13432=CARTESIAN_POINT('',(-0.0105148935,0.0306,0.00592444024999998));
#13433=CARTESIAN_POINT('',(-0.01051489350001,0.03055000000001,0.00592444025000998));
#13434=CARTESIAN_POINT('',(-0.0106004890737361,0.0304995,0.00590624629385223));
#13435=CARTESIAN_POINT('',(-0.01055744675001,0.03050000000001,0.00591539525000997));
#13436=CARTESIAN_POINT('',(-0.0106,0.0305,0.00590635024999995));
#13437=CARTESIAN_POINT('',(-0.01055744675001,0.03060000000001,0.00591539525000997));
#13438=CARTESIAN_POINT('',(-0.0106,0.0306,0.00590635024999995));
#13439=CARTESIAN_POINT('',(-0.01060000000001,0.03055000000001,0.00590635025000995));
#13440=CARTESIAN_POINT('',(-0.0106,0.0304995,0.00451251674999997));
#13441=CARTESIAN_POINT('',(-0.01060000000001,0.03050000000001,0.00520968350000996));
#13442=CARTESIAN_POINT('',(-0.0106,0.0305,0.00451301674999996));
#13443=CARTESIAN_POINT('',(-0.01060000000001,0.03060000000001,0.00520968350000996));
#13444=CARTESIAN_POINT('',(-0.0106,0.0306,0.00451301674999996));
#13445=CARTESIAN_POINT('',(-0.01060000000001,0.03055000000001,0.00451301675000996));
#13446=CARTESIAN_POINT('',(-0.0105144044262639,0.0304995,0.00453121070614768));
#13447=CARTESIAN_POINT('',(-0.01055744675001,0.03050000000001,0.00452206175000996));
#13448=CARTESIAN_POINT('',(-0.0105148935,0.0305,0.00453110674999996));
#13449=CARTESIAN_POINT('',(-0.01055744675001,0.03060000000001,0.00452206175000996));
#13450=CARTESIAN_POINT('',(-0.0105148935,0.0306,0.00453110674999996));
#13451=CARTESIAN_POINT('',(-0.01051489350001,0.03055000000001,0.00453110675000996));
#13452=CARTESIAN_POINT('',(-0.0105148935,0.0304995,0.00511827324999996));
#13453=CARTESIAN_POINT('',(-0.01051489350001,0.03050000000001,0.00482444000000998));
#13454=CARTESIAN_POINT('',(-0.0105148935,0.0305,0.00511777324999997));
#13455=CARTESIAN_POINT('',(-0.01051489350001,0.03060000000001,0.00482444000000998));
#13456=CARTESIAN_POINT('',(-0.0105148935,0.0306,0.00511777324999997));
#13457=CARTESIAN_POINT('',(-0.01051489350001,0.03055000000001,0.00511777325000997));
#13458=CARTESIAN_POINT('',(-0.00979951092622684,0.0304995,0.00526983270597344));
#13459=CARTESIAN_POINT('',(-0.01015744675001,0.03050000000001,0.00519375100000997));
#13460=CARTESIAN_POINT('',(-0.0098,0.0305,0.00526972874999996));
#13461=CARTESIAN_POINT('',(-0.01015744675001,0.03060000000001,0.00519375100000997));
#13462=CARTESIAN_POINT('',(-0.0098,0.0306,0.00526972874999996));
#13463=CARTESIAN_POINT('',(-0.00980000000000998,0.03055000000001,0.00526972875000996));
#13464=CARTESIAN_POINT('',(-0.0098,0.0304995,0.00549022874999994));
#13465=CARTESIAN_POINT('',(-0.00980000000000998,0.03050000000001,0.00537972875000996));
#13466=CARTESIAN_POINT('',(-0.00980000000000998,0.03060000000001,0.00537972875000996));
#13467=CARTESIAN_POINT('',(-0.0097995,0.0306,0.00592494024999996));
#13468=CARTESIAN_POINT('',(-0.0097995,0.0305,0.00451251674999997));
#13469=CARTESIAN_POINT('',(0.,0.,0.));
#13470=CARTESIAN_POINT('',(-0.0102590854263053,0.0304995,0.00407214720634246));
#13471=CARTESIAN_POINT('',(-0.01038723400001,0.03050000000001,0.00404490825000995));
#13472=CARTESIAN_POINT('',(-0.0102595745,0.0305,0.00407204324999995));
#13473=CARTESIAN_POINT('',(-0.0105148935,0.0305,0.00401777324999995));
#13474=CARTESIAN_POINT('',(-0.01051489350001,0.03055000000001,0.00401777325000995));
#13475=CARTESIAN_POINT('',(-0.0105148935,0.0306,0.00401777324999995));
#13476=CARTESIAN_POINT('',(-0.01038723400001,0.03060000000001,0.00404490825000995));
#13477=CARTESIAN_POINT('',(-0.0102595745,0.0306,0.00407204324999995));
#13478=CARTESIAN_POINT('',(-0.01025957450001,0.03055000000001,0.00407204325000995));
#13479=CARTESIAN_POINT('',(-0.0102595745,0.0304995,0.00337487674999997));
#13480=CARTESIAN_POINT('',(-0.01025957450001,0.03050000000001,0.00372371000000996));
#13481=CARTESIAN_POINT('',(-0.0102595745,0.0305,0.00337537674999996));
#13482=CARTESIAN_POINT('',(-0.01025957450001,0.03060000000001,0.00372371000000996));
#13483=CARTESIAN_POINT('',(-0.0102595745,0.0306,0.00337537674999996));
#13484=CARTESIAN_POINT('',(-0.01025957450001,0.03055000000001,0.00337537675000996));
#13485=CARTESIAN_POINT('',(-0.0102766695778618,0.0304995,0.00326126426797765));
#13486=CARTESIAN_POINT('',(-0.01026808500001,0.03050000000001,0.00331856775000996));
#13487=CARTESIAN_POINT('',(-0.0102765955,0.0305,0.00326175874999996));
#13488=CARTESIAN_POINT('',(-0.01026808500001,0.03060000000001,0.00331856775000996));
#13489=CARTESIAN_POINT('',(-0.0102765955,0.0306,0.00326175874999996));
#13490=CARTESIAN_POINT('',(-0.01027659550001,0.03055000000001,0.00326175875000996));
#13491=CARTESIAN_POINT('',(-0.0103108326047689,0.0304995,0.00318072917537631));
#13492=CARTESIAN_POINT('',(-0.01029361675001,0.03050000000001,0.00322147425000995));
#13493=CARTESIAN_POINT('',(-0.010310638,0.0305,0.00318118974999993));
#13494=CARTESIAN_POINT('',(-0.01029361675001,0.03060000000001,0.00322147425000995));
#13495=CARTESIAN_POINT('',(-0.010310638,0.0306,0.00318118974999993));
#13496=CARTESIAN_POINT('',(-0.01031063800001,0.03055000000001,0.00318118975000993));
#13497=CARTESIAN_POINT('',(-0.0103620680232822,0.0304995,0.00313332812270093));
#13498=CARTESIAN_POINT('',(-0.01033617000001,0.03050000000001,0.00315742925000994));
#13499=CARTESIAN_POINT('',(-0.010361702,0.0305,0.00313366874999994));
#13500=CARTESIAN_POINT('',(-0.01033617000001,0.03060000000001,0.00315742925000994));
#13501=CARTESIAN_POINT('',(-0.010361702,0.0306,0.00313366874999994));
#13502=CARTESIAN_POINT('',(-0.01036170200001,0.03055000000001,0.00313366875000994));
#13503=CARTESIAN_POINT('',(-0.0104132550737775,0.0304995,0.00312271079404701));
#13504=CARTESIAN_POINT('',(-0.01038723400001,0.03050000000001,0.00312824175000995));
#13505=CARTESIAN_POINT('',(-0.010412766,0.0305,0.00312281474999995));
#13506=CARTESIAN_POINT('',(-0.01038723400001,0.03060000000001,0.00312824175000995));
#13507=CARTESIAN_POINT('',(-0.010412766,0.0306,0.00312281474999995));
#13508=CARTESIAN_POINT('',(-0.01041276600001,0.03055000000001,0.00312281475000995));
#13509=CARTESIAN_POINT('',(-0.0104642762270641,0.0304995,0.00314885331907416));
#13510=CARTESIAN_POINT('',(-0.01043829800001,0.03050000000001,0.00313572125000994));
#13511=CARTESIAN_POINT('',(-0.01046383,0.0305,0.00314862774999995));
#13512=CARTESIAN_POINT('',(-0.01043829800001,0.03060000000001,0.00313572125000994));
#13513=CARTESIAN_POINT('',(-0.01046383,0.0306,0.00314862774999995));
#13514=CARTESIAN_POINT('',(-0.01046383000001,0.03055000000001,0.00314862775000995));
#13515=CARTESIAN_POINT('',(-0.010498101438595,0.0304995,0.00321516925772735));
#13516=CARTESIAN_POINT('',(-0.01048085125001,0.03050000000001,0.00318167625000994));
#13517=CARTESIAN_POINT('',(-0.0104978725,0.0305,0.00321472474999993));
#13518=CARTESIAN_POINT('',(-0.01048085125001,0.03060000000001,0.00318167625000994));
#13519=CARTESIAN_POINT('',(-0.0104978725,0.0306,0.00321472474999993));
#13520=CARTESIAN_POINT('',(-0.01049787250001,0.03055000000001,0.00321472475000993));
#13521=CARTESIAN_POINT('',(-0.0105149724947075,0.0304995,0.00332160047040279));
#13522=CARTESIAN_POINT('',(-0.01050638300001,0.03050000000001,0.00326791575000995));
#13523=CARTESIAN_POINT('',(-0.0105148935,0.0305,0.00332110674999996));
#13524=CARTESIAN_POINT('',(-0.01050638300001,0.03060000000001,0.00326791575000995));
#13525=CARTESIAN_POINT('',(-0.0105148935,0.0306,0.00332110674999996));
#13526=CARTESIAN_POINT('',(-0.01051489350001,0.03055000000001,0.00332110675000996));
#13527=CARTESIAN_POINT('',(-0.0105148935,0.0304995,0.00401827324999994));
#13528=CARTESIAN_POINT('',(-0.01051489350001,0.03050000000001,0.00366944000000996));
#13529=CARTESIAN_POINT('',(-0.01051489350001,0.03060000000001,0.00366944000000996));
#13530=CARTESIAN_POINT('',(-0.0106004890738314,0.0304995,0.00421957979430039));
#13531=CARTESIAN_POINT('',(-0.01020000000001,0.03050000000001,0.00430470625000995));
#13532=CARTESIAN_POINT('',(-0.0106,0.0305,0.00421968374999994));
#13533=CARTESIAN_POINT('',(-0.0098,0.0305,0.00438972874999996));
#13534=CARTESIAN_POINT('',(-0.00980000000000998,0.03055000000001,0.00438972875000996));
#13535=CARTESIAN_POINT('',(-0.0098,0.0306,0.00438972874999996));
#13536=CARTESIAN_POINT('',(-0.01020000000001,0.03060000000001,0.00430470625000995));
#13537=CARTESIAN_POINT('',(-0.0106,0.0306,0.00421968374999994));
#13538=CARTESIAN_POINT('',(-0.01060000000001,0.03055000000001,0.00421968375000994));
#13539=CARTESIAN_POINT('',(-0.0106,0.0304995,0.00333918374999996));
#13540=CARTESIAN_POINT('',(-0.01060000000001,0.03050000000001,0.00377968375000995));
#13541=CARTESIAN_POINT('',(-0.0106,0.0305,0.00333968374999995));
#13542=CARTESIAN_POINT('',(-0.01060000000001,0.03060000000001,0.00377968375000995));
#13543=CARTESIAN_POINT('',(-0.0106,0.0306,0.00333968374999995));
#13544=CARTESIAN_POINT('',(-0.01060000000001,0.03055000000001,0.00333968375000995));
#13545=CARTESIAN_POINT('',(-0.010582931354198,0.0304995,0.00315947047768921));
#13546=CARTESIAN_POINT('',(-0.01059148925001,0.03050000000001,0.00324982600000996));
#13547=CARTESIAN_POINT('',(-0.0105829785,0.0305,0.00315996824999996));
#13548=CARTESIAN_POINT('',(-0.01059148925001,0.03060000000001,0.00324982600000996));
#13549=CARTESIAN_POINT('',(-0.0105829785,0.0306,0.00315996824999996));
#13550=CARTESIAN_POINT('',(-0.01058297850001,0.03055000000001,0.00315996825000996));
#13551=CARTESIAN_POINT('',(-0.0105317390340744,0.0304995,0.00302368773718706));
#13552=CARTESIAN_POINT('',(-0.01055744675001,0.03050000000001,0.00309206200000996));
#13553=CARTESIAN_POINT('',(-0.010531915,0.0305,0.00302415574999995));
#13554=CARTESIAN_POINT('',(-0.01055744675001,0.03060000000001,0.00309206200000996));
#13555=CARTESIAN_POINT('',(-0.010531915,0.0306,0.00302415574999995));
#13556=CARTESIAN_POINT('',(-0.01053191500001,0.03055000000001,0.00302415575000995));
#13557=CARTESIAN_POINT('',(-0.0104635398023915,0.0304995,0.00292822058253068));
#13558=CARTESIAN_POINT('',(-0.01049787250001,0.03050000000001,0.00297639175000995));
#13559=CARTESIAN_POINT('',(-0.01046383,0.0305,0.00292862774999995));
#13560=CARTESIAN_POINT('',(-0.01049787250001,0.03060000000001,0.00297639175000995));
#13561=CARTESIAN_POINT('',(-0.01046383,0.0306,0.00292862774999995));
#13562=CARTESIAN_POINT('',(-0.01046383000001,0.03055000000001,0.00292862775000995));
#13563=CARTESIAN_POINT('',(-0.0104123197729359,0.0304995,0.00290258918092573));
#13564=CARTESIAN_POINT('',(-0.01043829800001,0.03050000000001,0.00291572125000997));
#13565=CARTESIAN_POINT('',(-0.010412766,0.0305,0.00290281474999995));
#13566=CARTESIAN_POINT('',(-0.01043829800001,0.03060000000001,0.00291572125000997));
#13567=CARTESIAN_POINT('',(-0.010412766,0.0306,0.00290281474999995));
#13568=CARTESIAN_POINT('',(-0.01041276600001,0.03055000000001,0.00290281475000995));
#13569=CARTESIAN_POINT('',(-0.010344191926326,0.0304995,0.00291739070643982));
#13570=CARTESIAN_POINT('',(-0.01037872350001,0.03050000000001,0.00291005075000992));
#13571=CARTESIAN_POINT('',(-0.010344681,0.0305,0.00291728674999993));
#13572=CARTESIAN_POINT('',(-0.01037872350001,0.03060000000001,0.00291005075000992));
#13573=CARTESIAN_POINT('',(-0.010344681,0.0306,0.00291728674999993));
#13574=CARTESIAN_POINT('',(-0.01034468100001,0.03055000000001,0.00291728675000993));
#13575=CARTESIAN_POINT('',(-0.0102932509767177,0.0304995,0.00296514837729896));
#13576=CARTESIAN_POINT('',(-0.01031914900001,0.03050000000001,0.00294104725000994));
#13577=CARTESIAN_POINT('',(-0.010293617,0.0305,0.00296480774999995));
#13578=CARTESIAN_POINT('',(-0.01031914900001,0.03060000000001,0.00294104725000994));
#13579=CARTESIAN_POINT('',(-0.010293617,0.0306,0.00296480774999995));
#13580=CARTESIAN_POINT('',(-0.01029361700001,0.03055000000001,0.00296480775000995));
#13581=CARTESIAN_POINT('',(-0.0102252920548326,0.0304995,0.0030897184142413));
#13582=CARTESIAN_POINT('',(-0.01025957450001,0.03050000000001,0.00302704375000995));
#13583=CARTESIAN_POINT('',(-0.010225532,0.0305,0.00308927974999995));
#13584=CARTESIAN_POINT('',(-0.01025957450001,0.03060000000001,0.00302704375000995));
#13585=CARTESIAN_POINT('',(-0.010225532,0.0306,0.00308927974999995));
#13586=CARTESIAN_POINT('',(-0.01022553200001,0.03055000000001,0.00308927975000995));
#13587=CARTESIAN_POINT('',(-0.0101913815122681,0.0304995,0.00324366994939544));
#13588=CARTESIAN_POINT('',(-0.01020851075001,0.03050000000001,0.00316623075000996));
#13589=CARTESIAN_POINT('',(-0.0101914895,0.0305,0.00324318174999996));
#13590=CARTESIAN_POINT('',(-0.01020851075001,0.03060000000001,0.00316623075000996));
#13591=CARTESIAN_POINT('',(-0.0101914895,0.0306,0.00324318174999996));
#13592=CARTESIAN_POINT('',(-0.01019148950001,0.03055000000001,0.00324318175000996));
#13593=CARTESIAN_POINT('',(-0.00979957702642825,0.0304995,0.00299612861662317));
#13594=CARTESIAN_POINT('',(-0.00999574475000999,0.03050000000001,0.00311978850000995));
#13595=CARTESIAN_POINT('',(-0.0098,0.0305,0.00299639524999995));
#13596=CARTESIAN_POINT('',(-0.00999574475000999,0.03060000000001,0.00311978850000995));
#13597=CARTESIAN_POINT('',(-0.0098,0.0306,0.00299639524999995));
#13598=CARTESIAN_POINT('',(-0.00980000000000998,0.03055000000001,0.00299639525000995));
#13599=CARTESIAN_POINT('',(-0.0098,0.0304995,0.00325356224999993));
#13600=CARTESIAN_POINT('',(-0.00980000000000998,0.03050000000001,0.00312472875000995));
#13601=CARTESIAN_POINT('',(-0.0098,0.0305,0.00325306224999994));
#13602=CARTESIAN_POINT('',(-0.00980000000000998,0.03060000000001,0.00312472875000995));
#13603=CARTESIAN_POINT('',(-0.0098,0.0306,0.00325306224999994));
#13604=CARTESIAN_POINT('',(-0.00980000000000998,0.03055000000001,0.00325306225000994));
#13605=CARTESIAN_POINT('',(-0.0101578742165128,0.0304995,0.00347067753077513));
#13606=CARTESIAN_POINT('',(-0.00997872350000999,0.03050000000001,0.00336174000000996));
#13607=CARTESIAN_POINT('',(-0.010157447,0.0305,0.00347041774999994));
#13608=CARTESIAN_POINT('',(-0.00997872350000999,0.03060000000001,0.00336174000000996));
#13609=CARTESIAN_POINT('',(-0.010157447,0.0306,0.00347041774999994));
#13610=CARTESIAN_POINT('',(-0.01015744700001,0.03055000000001,0.00347041775000994));
#13611=CARTESIAN_POINT('',(-0.010157447,0.0304995,0.00409425124999993));
#13612=CARTESIAN_POINT('',(-0.01015744700001,0.03050000000001,0.00378208450000994));
#13613=CARTESIAN_POINT('',(-0.010157447,0.0305,0.00409375124999994));
#13614=CARTESIAN_POINT('',(-0.01015744700001,0.03060000000001,0.00378208450000994));
#13615=CARTESIAN_POINT('',(-0.010157447,0.0306,0.00409375124999994));
#13616=CARTESIAN_POINT('',(-0.01015744700001,0.03055000000001,0.00409375125000994));
#13617=CARTESIAN_POINT('',(-0.00979951092614249,0.0304995,0.00416983270557662));
#13618=CARTESIAN_POINT('',(-0.00997872350000999,0.03050000000001,0.00413174000000995));
#13619=CARTESIAN_POINT('',(-0.0098,0.0305,0.00416972874999996));
#13620=CARTESIAN_POINT('',(-0.00997872350000999,0.03060000000001,0.00413174000000995));
#13621=CARTESIAN_POINT('',(-0.0098,0.0306,0.00416972874999996));
#13622=CARTESIAN_POINT('',(-0.00980000000000998,0.03055000000001,0.00416972875000996));
#13623=CARTESIAN_POINT('',(-0.0098,0.0304995,0.00439022874999995));
#13624=CARTESIAN_POINT('',(-0.00980000000000998,0.03050000000001,0.00427972875000996));
#13625=CARTESIAN_POINT('',(-0.00980000000000998,0.03060000000001,0.00427972875000996));
#13626=CARTESIAN_POINT('',(-0.0097995,0.0306,0.00439022874999995));
#13627=CARTESIAN_POINT('',(-0.0097995,0.0305,0.00290231474999993));
#13628=CARTESIAN_POINT('',(0.,0.,0.));
#13629=CARTESIAN_POINT('',(-0.0106004890737692,0.0304995,0.00253291279400793));
#13630=CARTESIAN_POINT('',(-0.01020000000001,0.03050000000001,0.00261803950000995));
#13631=CARTESIAN_POINT('',(-0.0106,0.0305,0.00253301674999994));
#13632=CARTESIAN_POINT('',(-0.0098,0.0305,0.00270306224999996));
#13633=CARTESIAN_POINT('',(-0.00980000000000998,0.03055000000001,0.00270306225000996));
#13634=CARTESIAN_POINT('',(-0.0098,0.0306,0.00270306224999996));
#13635=CARTESIAN_POINT('',(-0.01020000000001,0.03060000000001,0.00261803950000995));
#13636=CARTESIAN_POINT('',(-0.0106,0.0306,0.00253301674999994));
#13637=CARTESIAN_POINT('',(-0.01060000000001,0.03055000000001,0.00253301675000994));
#13638=CARTESIAN_POINT('',(-0.0106,0.0304995,0.00231251674999996));
#13639=CARTESIAN_POINT('',(-0.01060000000001,0.03050000000001,0.00242301675000995));
#13640=CARTESIAN_POINT('',(-0.0106,0.0305,0.00231301674999995));
#13641=CARTESIAN_POINT('',(-0.01060000000001,0.03060000000001,0.00242301675000995));
#13642=CARTESIAN_POINT('',(-0.0106,0.0306,0.00231301674999995));
#13643=CARTESIAN_POINT('',(-0.01060000000001,0.03055000000001,0.00231301675000995));
#13644=CARTESIAN_POINT('',(-0.00979951092623078,0.0304995,0.00248316620599198));
#13645=CARTESIAN_POINT('',(-0.01020000000001,0.03050000000001,0.00239803950000997));
#13646=CARTESIAN_POINT('',(-0.0098,0.0305,0.00248306224999996));
#13647=CARTESIAN_POINT('',(-0.01020000000001,0.03060000000001,0.00239803950000997));
#13648=CARTESIAN_POINT('',(-0.0098,0.0306,0.00248306224999996));
#13649=CARTESIAN_POINT('',(-0.00980000000000998,0.03055000000001,0.00248306225000996));
#13650=CARTESIAN_POINT('',(-0.0098,0.0304995,0.00270356224999995));
#13651=CARTESIAN_POINT('',(-0.00980000000000998,0.03050000000001,0.00259306225000996));
#13652=CARTESIAN_POINT('',(-0.00980000000000998,0.03060000000001,0.00259306225000996));
#13653=CARTESIAN_POINT('',(-0.0097995,0.0306,0.00270356224999995));
#13654=CARTESIAN_POINT('',(-0.0097995,0.0305,0.00231251674999996));
#13655=CARTESIAN_POINT('',(0.,0.,0.));
#13656=CARTESIAN_POINT('',(-0.0106002013442552,0.0304995,0.000992559081461735));
#13657=CARTESIAN_POINT('',(-0.01040425525001,0.03050000000001,0.00143795725000997));
#13658=CARTESIAN_POINT('',(-0.0106,0.0305,0.000993016749999953));
#13659=CARTESIAN_POINT('',(-0.0102085105,0.0305,0.00188289774999996));
#13660=CARTESIAN_POINT('',(-0.01020851050001,0.03055000000001,0.00188289775000996));
#13661=CARTESIAN_POINT('',(-0.0102085105,0.0306,0.00188289774999996));
#13662=CARTESIAN_POINT('',(-0.01040425525001,0.03060000000001,0.00143795725000997));
#13663=CARTESIAN_POINT('',(-0.0106,0.0306,0.000993016749999953));
#13664=CARTESIAN_POINT('',(-0.01060000000001,0.03055000000001,0.000993016750009953));
#13665=CARTESIAN_POINT('',(-0.0106,0.0304995,0.000699183749999975));
#13666=CARTESIAN_POINT('',(-0.01060000000001,0.03050000000001,0.000846350250009944));
#13667=CARTESIAN_POINT('',(-0.0106,0.0305,0.000699683749999963));
#13668=CARTESIAN_POINT('',(-0.01060000000001,0.03060000000001,0.000846350250009944));
#13669=CARTESIAN_POINT('',(-0.0106,0.0306,0.000699683749999963));
#13670=CARTESIAN_POINT('',(-0.01060000000001,0.03055000000001,0.000699683750009963));
#13671=CARTESIAN_POINT('',(-0.0102763926826043,0.0304995,0.00142888276761889));
#13672=CARTESIAN_POINT('',(-0.01043829775001,0.03050000000001,0.00106405475000996));
#13673=CARTESIAN_POINT('',(-0.0102765955,0.0305,0.00142842574999995));
#13674=CARTESIAN_POINT('',(-0.01043829775001,0.03060000000001,0.00106405475000996));
#13675=CARTESIAN_POINT('',(-0.0102765955,0.0306,0.00142842574999995));
#13676=CARTESIAN_POINT('',(-0.01027659550001,0.03055000000001,0.00142842575000995));
#13677=CARTESIAN_POINT('',(-0.00979967550295117,0.0304995,0.000869348853278979));
#13678=CARTESIAN_POINT('',(-0.01003829775001,0.03050000000001,0.00114907750000995));
#13679=CARTESIAN_POINT('',(-0.0098,0.0305,0.000869729249999949));
#13680=CARTESIAN_POINT('',(-0.01003829775001,0.03060000000001,0.00114907750000995));
#13681=CARTESIAN_POINT('',(-0.0098,0.0306,0.000869729249999949));
#13682=CARTESIAN_POINT('',(-0.00980000000000998,0.03055000000001,0.000869729250009949));
#13683=CARTESIAN_POINT('',(-0.0098,0.0304995,0.00116356224999996));
#13684=CARTESIAN_POINT('',(-0.00980000000000998,0.03050000000001,0.00101639575000997));
#13685=CARTESIAN_POINT('',(-0.0098,0.0305,0.00116306224999997));
#13686=CARTESIAN_POINT('',(-0.00980000000000998,0.03060000000001,0.00101639575000997));
#13687=CARTESIAN_POINT('',(-0.0098,0.0306,0.00116306224999997));
#13688=CARTESIAN_POINT('',(-0.00980000000000998,0.03055000000001,0.00116306225000997));
#13689=CARTESIAN_POINT('',(-0.0101918108018647,0.0304995,0.00163023184934966));
#13690=CARTESIAN_POINT('',(-0.00999574475000999,0.03050000000001,0.00139645550000994));
#13691=CARTESIAN_POINT('',(-0.0101914895,0.0305,0.00162984874999995));
#13692=CARTESIAN_POINT('',(-0.00999574475000999,0.03060000000001,0.00139645550000994));
#13693=CARTESIAN_POINT('',(-0.0101914895,0.0306,0.00162984874999995));
#13694=CARTESIAN_POINT('',(-0.01019148950001,0.03055000000001,0.00162984875000995));
#13695=CARTESIAN_POINT('',(-0.0100721458954702,0.0304995,0.00191230182472461));
#13696=CARTESIAN_POINT('',(-0.01013191500001,0.03050000000001,0.00177084500000995));
#13697=CARTESIAN_POINT('',(-0.0100723405,0.0305,0.00191184124999995));
#13698=CARTESIAN_POINT('',(-0.01013191500001,0.03060000000001,0.00177084500000995));
#13699=CARTESIAN_POINT('',(-0.0100723405,0.0306,0.00191184124999995));
#13700=CARTESIAN_POINT('',(-0.01007234050001,0.03055000000001,0.00191184125000995));
#13701=CARTESIAN_POINT('',(-0.00979951092628717,0.0304995,0.00196983320625722));
#13702=CARTESIAN_POINT('',(-0.00993617025000999,0.03050000000001,0.00194078525000995));
#13703=CARTESIAN_POINT('',(-0.0098,0.0305,0.00196972924999994));
#13704=CARTESIAN_POINT('',(-0.00993617025000999,0.03060000000001,0.00194078525000995));
#13705=CARTESIAN_POINT('',(-0.0098,0.0306,0.00196972924999994));
#13706=CARTESIAN_POINT('',(-0.00980000000000998,0.03055000000001,0.00196972925000994));
#13707=CARTESIAN_POINT('',(-0.0098,0.0304995,0.00219022924999993));
#13708=CARTESIAN_POINT('',(-0.00980000000000998,0.03050000000001,0.00207972925000994));
#13709=CARTESIAN_POINT('',(-0.0098,0.0305,0.00218972924999994));
#13710=CARTESIAN_POINT('',(-0.00980000000000998,0.03060000000001,0.00207972925000994));
#13711=CARTESIAN_POINT('',(-0.0098,0.0306,0.00218972924999994));
#13712=CARTESIAN_POINT('',(-0.00980000000000998,0.03055000000001,0.00218972925000994));
#13713=CARTESIAN_POINT('',(-0.0106004890737692,0.0304995,0.00201957979400794));
#13714=CARTESIAN_POINT('',(-0.01020000000001,0.03050000000001,0.00210470650000995));
#13715=CARTESIAN_POINT('',(-0.0106,0.0305,0.00201968374999996));
#13716=CARTESIAN_POINT('',(-0.01020000000001,0.03060000000001,0.00210470650000995));
#13717=CARTESIAN_POINT('',(-0.0106,0.0306,0.00201968374999996));
#13718=CARTESIAN_POINT('',(-0.01060000000001,0.03055000000001,0.00201968375000996));
#13719=CARTESIAN_POINT('',(-0.0106,0.0304995,0.00179918374999997));
#13720=CARTESIAN_POINT('',(-0.01060000000001,0.03050000000001,0.00190968375000996));
#13721=CARTESIAN_POINT('',(-0.0106,0.0305,0.00179968374999996));
#13722=CARTESIAN_POINT('',(-0.01060000000001,0.03060000000001,0.00190968375000996));
#13723=CARTESIAN_POINT('',(-0.0106,0.0306,0.00179968374999996));
#13724=CARTESIAN_POINT('',(-0.01060000000001,0.03055000000001,0.00179968375000996));
#13725=CARTESIAN_POINT('',(-0.0102080214262855,0.0304995,0.0018830017062493));
#13726=CARTESIAN_POINT('',(-0.01040425525001,0.03050000000001,0.00184129075000996));
#13727=CARTESIAN_POINT('',(-0.01040425525001,0.03060000000001,0.00184129075000996));
#13728=CARTESIAN_POINT('',(-0.0097995,0.0306,0.00219022924999993));
#13729=CARTESIAN_POINT('',(-0.0097995,0.0305,0.000699183749999975));
#13730=CARTESIAN_POINT('',(0.,0.,0.));
#13731=CARTESIAN_POINT('',(-0.0058,-0.0035,-0.000349999999999966));
#13732=CARTESIAN_POINT('',(-0.00580000000000998,1.00006661338148E-14,-0.000350000000009967));
#13733=CARTESIAN_POINT('',(-0.00580000000000998,1.00006661338148E-14,-0.000950000000009967));
#13734=CARTESIAN_POINT('',(-0.00580000000000998,-0.00350000000001,-0.000350000000009966));
#13735=CARTESIAN_POINT('',(-0.00580000000000998,-0.00350000000001,-0.000950000000009959));
#13736=CARTESIAN_POINT('',(-0.0051995,4.44089209850063E-19,0.000250500000000017));
#13737=CARTESIAN_POINT('',(-0.0051995,-0.0035,-0.000950499999999948));
#13738=CARTESIAN_POINT('',(0.,0.,0.));
#13739=CARTESIAN_POINT('',(-0.011,-0.0035,0.011));
#13740=CARTESIAN_POINT('',(-0.01100000000001,1.00013322676295E-14,0.01100000000001));
#13741=CARTESIAN_POINT('',(-0.01100000000001,1.00013322676295E-14,0.01040000000001));
#13742=CARTESIAN_POINT('',(-0.01100000000001,-0.00350000000001,0.01100000000001));
#13743=CARTESIAN_POINT('',(-0.01100000000001,-0.00350000000001,0.01040000000001));
#13744=CARTESIAN_POINT('',(-0.0103995,1.11022302462516E-18,0.0116005));
#13745=CARTESIAN_POINT('',(-0.0103995,-0.0035,0.0103995));
#13746=CARTESIAN_POINT('',(0.,0.,0.));
#13747=CARTESIAN_POINT('',(-0.0058,-0.0035,0.01195));
#13748=CARTESIAN_POINT('',(-0.00580000000000998,1.00006661338148E-14,0.01195000000001));
#13749=CARTESIAN_POINT('',(-0.00580000000000998,1.00006661338148E-14,0.01135000000001));
#13750=CARTESIAN_POINT('',(-0.00580000000000998,-0.00350000000001,0.01195000000001));
#13751=CARTESIAN_POINT('',(-0.00580000000000998,-0.00350000000001,0.01135000000001));
#13752=CARTESIAN_POINT('',(-0.0051995,4.44089209850063E-19,0.0125505));
#13753=CARTESIAN_POINT('',(-0.0051995,-0.0035,0.0113495));
#13754=CARTESIAN_POINT('',(0.,0.,0.));
#13755=CARTESIAN_POINT('',(0.00025,-0.0035,0.0058));
#13756=CARTESIAN_POINT('',(0.00025000000001,-1.00002220446049E-14,0.00580000000001001));
#13757=CARTESIAN_POINT('',(0.00025000000001,-1.00002220446049E-14,0.00520000000000002));
#13758=CARTESIAN_POINT('',(0.00025000000001,-0.00350000000001,0.00580000000001001));
#13759=CARTESIAN_POINT('',(0.00025000000001,-0.00350000000001,0.00520000000001001));
#13760=CARTESIAN_POINT('',(0.0008505,-2.22044604925031E-19,0.0064005));
#13761=CARTESIAN_POINT('',(0.0008505,-0.0035,0.0051995));
#13762=CARTESIAN_POINT('',(0.,0.,0.));
#13763=CARTESIAN_POINT('',(1.5673258010964E-34,-0.0035,2.84139031747621E-17));
#13764=CARTESIAN_POINT('',(0.,-1.00002220446049E-14,1.00284290620262E-14));
#13765=CARTESIAN_POINT('',(0.,-1.00002220446049E-14,-0.000600000000004968));
#13766=CARTESIAN_POINT('',(0.,-0.00350000000001,1.00284290620262E-14));
#13767=CARTESIAN_POINT('',(0.,-0.00350000000001,-0.000600000000004968));
#13768=CARTESIAN_POINT('',(0.0006005,-2.22044604925031E-19,0.000600500000000011));
#13769=CARTESIAN_POINT('',(0.0006005,-0.0035,-0.000600499999999954));
#13770=CARTESIAN_POINT('',(0.,0.,0.));
#13771=CARTESIAN_POINT('',(1.5673258010964E-34,-0.0035,0.0116));
#13772=CARTESIAN_POINT('',(0.,-1.00002220446049E-14,0.01160000000001));
#13773=CARTESIAN_POINT('',(0.,-1.00002220446049E-14,0.011000000000005));
#13774=CARTESIAN_POINT('',(0.,-0.00350000000001,0.01160000000001));
#13775=CARTESIAN_POINT('',(0.,-0.00350000000001,0.011000000000005));
#13776=CARTESIAN_POINT('',(0.0006005,-2.22044604925031E-19,0.0122005));
#13777=CARTESIAN_POINT('',(0.0006005,-0.0035,0.0109995));
#13778=CARTESIAN_POINT('',(0.,0.,0.));
#13779=CARTESIAN_POINT('',(0.00465,-0.0035,0.0058));
#13780=CARTESIAN_POINT('',(0.00465000000001002,-1.00006661338148E-14,0.00580000000001001));
#13781=CARTESIAN_POINT('',(0.00465000000001002,-1.00006661338148E-14,0.00520000000001001));
#13782=CARTESIAN_POINT('',(0.00465000000001002,-0.00350000000001,0.00580000000001001));
#13783=CARTESIAN_POINT('',(0.00465000000001002,-0.00350000000001,0.00520000000001002));
#13784=CARTESIAN_POINT('',(0.0052505,-6.66133814775094E-19,0.0064005));
#13785=CARTESIAN_POINT('',(0.0052505,-0.0035,0.0051995));
#13786=CARTESIAN_POINT('',(0.,0.,0.));
#13787=CARTESIAN_POINT('',(-0.00693837200000999,0.03050000000001,0.0105369682500099));
#13788=CARTESIAN_POINT('',(0.,0.,0.));
#13789=CARTESIAN_POINT('',(-0.00441115550001001,0.03050000000001,0.00237972875000991));
#13790=CARTESIAN_POINT('',(0.,0.,0.));
#13791=CARTESIAN_POINT('',(-0.00580000000001008,0.01650000000001,0.00594509325000995));
#13792=CARTESIAN_POINT('',(0.,0.,0.));
#13793=CARTESIAN_POINT('',(-0.00580000000001008,0.02350000000001,0.00586306200000992));
#13794=CARTESIAN_POINT('',(0.,0.,0.));
#13795=CARTESIAN_POINT('',(-0.00580000000001008,1.00022204460492E-14,0.00586306200000998));
#13796=CARTESIAN_POINT('',(0.,0.,0.));
#13797=CARTESIAN_POINT('',(-0.00580000000000997,0.03050000000001,0.00586306225000994));
#13798=CARTESIAN_POINT('',(0.,0.,0.));
#13799=CARTESIAN_POINT('',(-0.0058,0.0273260120428197,0.00586306224999996));
#13800=CARTESIAN_POINT('',(-0.0058,0.0241520240856293,0.00586306224999996));
#13801=CARTESIAN_POINT('',(-0.0108911689141182,0.0241520240856293,0.0120148913359014));
#13802=CARTESIAN_POINT('',(-0.0119518290859014,0.0241520240856293,0.0109542311641182));
#13803=CARTESIAN_POINT('',(-0.0119518290859014,0.0273260120428197,0.0109542311641182));
#13804=CARTESIAN_POINT('',(-0.0119518290859014,0.03050000000001,0.0109542311641182));
#13805=CARTESIAN_POINT('',(-0.0058,0.03050000000001,0.00586306224999996));
#13806=CARTESIAN_POINT('',(-0.0108911689141182,0.03050000000001,0.0120148913359014));
#13807=CARTESIAN_POINT('',(-0.0108911689141182,0.0273260120428197,0.0120148913359014));
#13808=MECHANICAL_DESIGN_GEOMETRIC_PRESENTATION_REPRESENTATION('',(#8333),
#13838);
#13809=MECHANICAL_DESIGN_GEOMETRIC_PRESENTATION_REPRESENTATION('',(#8334),
#13839);
#13810=MECHANICAL_DESIGN_GEOMETRIC_PRESENTATION_REPRESENTATION('',(#8335),
#13840);
#13811=MECHANICAL_DESIGN_GEOMETRIC_PRESENTATION_REPRESENTATION('',(#8336),
#13841);
#13812=MECHANICAL_DESIGN_GEOMETRIC_PRESENTATION_REPRESENTATION('',(#8337),
#13842);
#13813=MECHANICAL_DESIGN_GEOMETRIC_PRESENTATION_REPRESENTATION('',(#8338),
#13843);
#13814=MECHANICAL_DESIGN_GEOMETRIC_PRESENTATION_REPRESENTATION('',(#8339),
#13844);
#13815=MECHANICAL_DESIGN_GEOMETRIC_PRESENTATION_REPRESENTATION('',(#8340),
#13845);
#13816=MECHANICAL_DESIGN_GEOMETRIC_PRESENTATION_REPRESENTATION('',(#8341),
#13846);
#13817=MECHANICAL_DESIGN_GEOMETRIC_PRESENTATION_REPRESENTATION('',(#8342),
#13847);
#13818=MECHANICAL_DESIGN_GEOMETRIC_PRESENTATION_REPRESENTATION('',(#8343),
#13848);
#13819=MECHANICAL_DESIGN_GEOMETRIC_PRESENTATION_REPRESENTATION('',(#8344),
#13849);
#13820=MECHANICAL_DESIGN_GEOMETRIC_PRESENTATION_REPRESENTATION('',(#8345),
#13850);
#13821=MECHANICAL_DESIGN_GEOMETRIC_PRESENTATION_REPRESENTATION('',(#8346),
#13851);
#13822=MECHANICAL_DESIGN_GEOMETRIC_PRESENTATION_REPRESENTATION('',(#8347),
#13852);
#13823=MECHANICAL_DESIGN_GEOMETRIC_PRESENTATION_REPRESENTATION('',(#8348),
#13853);
#13824=MECHANICAL_DESIGN_GEOMETRIC_PRESENTATION_REPRESENTATION('',(#8349),
#13854);
#13825=MECHANICAL_DESIGN_GEOMETRIC_PRESENTATION_REPRESENTATION('',(#8350),
#13855);
#13826=MECHANICAL_DESIGN_GEOMETRIC_PRESENTATION_REPRESENTATION('',(#8351),
#13856);
#13827=MECHANICAL_DESIGN_GEOMETRIC_PRESENTATION_REPRESENTATION('',(#8352),
#13857);
#13828=MECHANICAL_DESIGN_GEOMETRIC_PRESENTATION_REPRESENTATION('',(#8353),
#13858);
#13829=MECHANICAL_DESIGN_GEOMETRIC_PRESENTATION_REPRESENTATION('',(#8354),
#13859);
#13830=MECHANICAL_DESIGN_GEOMETRIC_PRESENTATION_REPRESENTATION('',(#8355),
#13860);
#13831=MECHANICAL_DESIGN_GEOMETRIC_PRESENTATION_REPRESENTATION('',(#8356,
#8357),#13861);
#13832=MECHANICAL_DESIGN_GEOMETRIC_PRESENTATION_REPRESENTATION('',(#8358,
#8359),#13862);
#13833=MECHANICAL_DESIGN_GEOMETRIC_PRESENTATION_REPRESENTATION('',(#8360,
#8361),#13863);
#13834=MECHANICAL_DESIGN_GEOMETRIC_PRESENTATION_REPRESENTATION('',(#8362,
#8363),#13864);
#13835=MECHANICAL_DESIGN_GEOMETRIC_PRESENTATION_REPRESENTATION('',(#8364,
#8365),#13865);
#13836=MECHANICAL_DESIGN_GEOMETRIC_PRESENTATION_REPRESENTATION('',(#8366,
#8367),#13866);
#13837=MECHANICAL_DESIGN_GEOMETRIC_PRESENTATION_REPRESENTATION('',(#8368),
#13867);
#13838=(
GEOMETRIC_REPRESENTATION_CONTEXT(3)
GLOBAL_UNCERTAINTY_ASSIGNED_CONTEXT((#13868))
GLOBAL_UNIT_ASSIGNED_CONTEXT((#13958,#13928,#13898))
REPRESENTATION_CONTEXT('Part 1','TOP_LEVEL_ASSEMBLY_PART')
);
#13839=(
GEOMETRIC_REPRESENTATION_CONTEXT(3)
GLOBAL_UNCERTAINTY_ASSIGNED_CONTEXT((#13869))
GLOBAL_UNIT_ASSIGNED_CONTEXT((#13959,#13929,#13899))
REPRESENTATION_CONTEXT('Part 2','TOP_LEVEL_ASSEMBLY_PART')
);
#13840=(
GEOMETRIC_REPRESENTATION_CONTEXT(3)
GLOBAL_UNCERTAINTY_ASSIGNED_CONTEXT((#13870))
GLOBAL_UNIT_ASSIGNED_CONTEXT((#13960,#13930,#13900))
REPRESENTATION_CONTEXT('Part 3','TOP_LEVEL_ASSEMBLY_PART')
);
#13841=(
GEOMETRIC_REPRESENTATION_CONTEXT(3)
GLOBAL_UNCERTAINTY_ASSIGNED_CONTEXT((#13871))
GLOBAL_UNIT_ASSIGNED_CONTEXT((#13961,#13931,#13901))
REPRESENTATION_CONTEXT('Part 4','TOP_LEVEL_ASSEMBLY_PART')
);
#13842=(
GEOMETRIC_REPRESENTATION_CONTEXT(3)
GLOBAL_UNCERTAINTY_ASSIGNED_CONTEXT((#13872))
GLOBAL_UNIT_ASSIGNED_CONTEXT((#13962,#13932,#13902))
REPRESENTATION_CONTEXT('Part 5','TOP_LEVEL_ASSEMBLY_PART')
);
#13843=(
GEOMETRIC_REPRESENTATION_CONTEXT(3)
GLOBAL_UNCERTAINTY_ASSIGNED_CONTEXT((#13873))
GLOBAL_UNIT_ASSIGNED_CONTEXT((#13963,#13933,#13903))
REPRESENTATION_CONTEXT('Part 6','TOP_LEVEL_ASSEMBLY_PART')
);
#13844=(
GEOMETRIC_REPRESENTATION_CONTEXT(3)
GLOBAL_UNCERTAINTY_ASSIGNED_CONTEXT((#13874))
GLOBAL_UNIT_ASSIGNED_CONTEXT((#13964,#13934,#13904))
REPRESENTATION_CONTEXT('Part 7','TOP_LEVEL_ASSEMBLY_PART')
);
#13845=(
GEOMETRIC_REPRESENTATION_CONTEXT(3)
GLOBAL_UNCERTAINTY_ASSIGNED_CONTEXT((#13875))
GLOBAL_UNIT_ASSIGNED_CONTEXT((#13965,#13935,#13905))
REPRESENTATION_CONTEXT('Part 8','TOP_LEVEL_ASSEMBLY_PART')
);
#13846=(
GEOMETRIC_REPRESENTATION_CONTEXT(3)
GLOBAL_UNCERTAINTY_ASSIGNED_CONTEXT((#13876))
GLOBAL_UNIT_ASSIGNED_CONTEXT((#13966,#13936,#13906))
REPRESENTATION_CONTEXT('Part 9','TOP_LEVEL_ASSEMBLY_PART')
);
#13847=(
GEOMETRIC_REPRESENTATION_CONTEXT(3)
GLOBAL_UNCERTAINTY_ASSIGNED_CONTEXT((#13877))
GLOBAL_UNIT_ASSIGNED_CONTEXT((#13967,#13937,#13907))
REPRESENTATION_CONTEXT('Part 10','TOP_LEVEL_ASSEMBLY_PART')
);
#13848=(
GEOMETRIC_REPRESENTATION_CONTEXT(3)
GLOBAL_UNCERTAINTY_ASSIGNED_CONTEXT((#13878))
GLOBAL_UNIT_ASSIGNED_CONTEXT((#13968,#13938,#13908))
REPRESENTATION_CONTEXT('Part 11','TOP_LEVEL_ASSEMBLY_PART')
);
#13849=(
GEOMETRIC_REPRESENTATION_CONTEXT(3)
GLOBAL_UNCERTAINTY_ASSIGNED_CONTEXT((#13879))
GLOBAL_UNIT_ASSIGNED_CONTEXT((#13969,#13939,#13909))
REPRESENTATION_CONTEXT('Part 12','TOP_LEVEL_ASSEMBLY_PART')
);
#13850=(
GEOMETRIC_REPRESENTATION_CONTEXT(3)
GLOBAL_UNCERTAINTY_ASSIGNED_CONTEXT((#13880))
GLOBAL_UNIT_ASSIGNED_CONTEXT((#13970,#13940,#13910))
REPRESENTATION_CONTEXT('Part 13','TOP_LEVEL_ASSEMBLY_PART')
);
#13851=(
GEOMETRIC_REPRESENTATION_CONTEXT(3)
GLOBAL_UNCERTAINTY_ASSIGNED_CONTEXT((#13881))
GLOBAL_UNIT_ASSIGNED_CONTEXT((#13971,#13941,#13911))
REPRESENTATION_CONTEXT('Part 14','TOP_LEVEL_ASSEMBLY_PART')
);
#13852=(
GEOMETRIC_REPRESENTATION_CONTEXT(3)
GLOBAL_UNCERTAINTY_ASSIGNED_CONTEXT((#13882))
GLOBAL_UNIT_ASSIGNED_CONTEXT((#13972,#13942,#13912))
REPRESENTATION_CONTEXT('Part 15','TOP_LEVEL_ASSEMBLY_PART')
);
#13853=(
GEOMETRIC_REPRESENTATION_CONTEXT(3)
GLOBAL_UNCERTAINTY_ASSIGNED_CONTEXT((#13883))
GLOBAL_UNIT_ASSIGNED_CONTEXT((#13973,#13943,#13913))
REPRESENTATION_CONTEXT('Part 16','TOP_LEVEL_ASSEMBLY_PART')
);
#13854=(
GEOMETRIC_REPRESENTATION_CONTEXT(3)
GLOBAL_UNCERTAINTY_ASSIGNED_CONTEXT((#13884))
GLOBAL_UNIT_ASSIGNED_CONTEXT((#13974,#13944,#13914))
REPRESENTATION_CONTEXT('Part 17','TOP_LEVEL_ASSEMBLY_PART')
);
#13855=(
GEOMETRIC_REPRESENTATION_CONTEXT(3)
GLOBAL_UNCERTAINTY_ASSIGNED_CONTEXT((#13885))
GLOBAL_UNIT_ASSIGNED_CONTEXT((#13975,#13945,#13915))
REPRESENTATION_CONTEXT('Part 18','TOP_LEVEL_ASSEMBLY_PART')
);
#13856=(
GEOMETRIC_REPRESENTATION_CONTEXT(3)
GLOBAL_UNCERTAINTY_ASSIGNED_CONTEXT((#13886))
GLOBAL_UNIT_ASSIGNED_CONTEXT((#13976,#13946,#13916))
REPRESENTATION_CONTEXT('Part 19','TOP_LEVEL_ASSEMBLY_PART')
);
#13857=(
GEOMETRIC_REPRESENTATION_CONTEXT(3)
GLOBAL_UNCERTAINTY_ASSIGNED_CONTEXT((#13887))
GLOBAL_UNIT_ASSIGNED_CONTEXT((#13977,#13947,#13917))
REPRESENTATION_CONTEXT('Part 20','TOP_LEVEL_ASSEMBLY_PART')
);
#13858=(
GEOMETRIC_REPRESENTATION_CONTEXT(3)
GLOBAL_UNCERTAINTY_ASSIGNED_CONTEXT((#13888))
GLOBAL_UNIT_ASSIGNED_CONTEXT((#13978,#13948,#13918))
REPRESENTATION_CONTEXT('Part 21','TOP_LEVEL_ASSEMBLY_PART')
);
#13859=(
GEOMETRIC_REPRESENTATION_CONTEXT(3)
GLOBAL_UNCERTAINTY_ASSIGNED_CONTEXT((#13889))
GLOBAL_UNIT_ASSIGNED_CONTEXT((#13979,#13949,#13919))
REPRESENTATION_CONTEXT('Part 22','TOP_LEVEL_ASSEMBLY_PART')
);
#13860=(
GEOMETRIC_REPRESENTATION_CONTEXT(3)
GLOBAL_UNCERTAINTY_ASSIGNED_CONTEXT((#13890))
GLOBAL_UNIT_ASSIGNED_CONTEXT((#13980,#13950,#13920))
REPRESENTATION_CONTEXT('Part 23','TOP_LEVEL_ASSEMBLY_PART')
);
#13861=(
GEOMETRIC_REPRESENTATION_CONTEXT(3)
GLOBAL_UNCERTAINTY_ASSIGNED_CONTEXT((#13891))
GLOBAL_UNIT_ASSIGNED_CONTEXT((#13981,#13951,#13921))
REPRESENTATION_CONTEXT('Curve 1','TOP_LEVEL_ASSEMBLY_PART')
);
#13862=(
GEOMETRIC_REPRESENTATION_CONTEXT(3)
GLOBAL_UNCERTAINTY_ASSIGNED_CONTEXT((#13892))
GLOBAL_UNIT_ASSIGNED_CONTEXT((#13982,#13952,#13922))
REPRESENTATION_CONTEXT('Curve 2','TOP_LEVEL_ASSEMBLY_PART')
);
#13863=(
GEOMETRIC_REPRESENTATION_CONTEXT(3)
GLOBAL_UNCERTAINTY_ASSIGNED_CONTEXT((#13893))
GLOBAL_UNIT_ASSIGNED_CONTEXT((#13983,#13953,#13923))
REPRESENTATION_CONTEXT('Curve 3','TOP_LEVEL_ASSEMBLY_PART')
);
#13864=(
GEOMETRIC_REPRESENTATION_CONTEXT(3)
GLOBAL_UNCERTAINTY_ASSIGNED_CONTEXT((#13894))
GLOBAL_UNIT_ASSIGNED_CONTEXT((#13984,#13954,#13924))
REPRESENTATION_CONTEXT('Curve 4','TOP_LEVEL_ASSEMBLY_PART')
);
#13865=(
GEOMETRIC_REPRESENTATION_CONTEXT(3)
GLOBAL_UNCERTAINTY_ASSIGNED_CONTEXT((#13895))
GLOBAL_UNIT_ASSIGNED_CONTEXT((#13985,#13955,#13925))
REPRESENTATION_CONTEXT('Curve 5','TOP_LEVEL_ASSEMBLY_PART')
);
#13866=(
GEOMETRIC_REPRESENTATION_CONTEXT(3)
GLOBAL_UNCERTAINTY_ASSIGNED_CONTEXT((#13896))
GLOBAL_UNIT_ASSIGNED_CONTEXT((#13986,#13956,#13926))
REPRESENTATION_CONTEXT('Curve 6','TOP_LEVEL_ASSEMBLY_PART')
);
#13867=(
GEOMETRIC_REPRESENTATION_CONTEXT(3)
GLOBAL_UNCERTAINTY_ASSIGNED_CONTEXT((#13897))
GLOBAL_UNIT_ASSIGNED_CONTEXT((#13987,#13957,#13927))
REPRESENTATION_CONTEXT('Surface 1','TOP_LEVEL_ASSEMBLY_PART')
);
#13868=UNCERTAINTY_MEASURE_WITH_UNIT(LENGTH_MEASURE(1.E-8),#13958,
'DISTANCE_ACCURACY_VALUE','Maximum Tolerance applied to model');
#13869=UNCERTAINTY_MEASURE_WITH_UNIT(LENGTH_MEASURE(1.E-8),#13959,
'DISTANCE_ACCURACY_VALUE','Maximum Tolerance applied to model');
#13870=UNCERTAINTY_MEASURE_WITH_UNIT(LENGTH_MEASURE(1.E-8),#13960,
'DISTANCE_ACCURACY_VALUE','Maximum Tolerance applied to model');
#13871=UNCERTAINTY_MEASURE_WITH_UNIT(LENGTH_MEASURE(1.E-8),#13961,
'DISTANCE_ACCURACY_VALUE','Maximum Tolerance applied to model');
#13872=UNCERTAINTY_MEASURE_WITH_UNIT(LENGTH_MEASURE(1.E-8),#13962,
'DISTANCE_ACCURACY_VALUE','Maximum Tolerance applied to model');
#13873=UNCERTAINTY_MEASURE_WITH_UNIT(LENGTH_MEASURE(1.E-8),#13963,
'DISTANCE_ACCURACY_VALUE','Maximum Tolerance applied to model');
#13874=UNCERTAINTY_MEASURE_WITH_UNIT(LENGTH_MEASURE(1.E-8),#13964,
'DISTANCE_ACCURACY_VALUE','Maximum Tolerance applied to model');
#13875=UNCERTAINTY_MEASURE_WITH_UNIT(LENGTH_MEASURE(1.E-8),#13965,
'DISTANCE_ACCURACY_VALUE','Maximum Tolerance applied to model');
#13876=UNCERTAINTY_MEASURE_WITH_UNIT(LENGTH_MEASURE(1.E-8),#13966,
'DISTANCE_ACCURACY_VALUE','Maximum Tolerance applied to model');
#13877=UNCERTAINTY_MEASURE_WITH_UNIT(LENGTH_MEASURE(1.E-8),#13967,
'DISTANCE_ACCURACY_VALUE','Maximum Tolerance applied to model');
#13878=UNCERTAINTY_MEASURE_WITH_UNIT(LENGTH_MEASURE(1.E-8),#13968,
'DISTANCE_ACCURACY_VALUE','Maximum Tolerance applied to model');
#13879=UNCERTAINTY_MEASURE_WITH_UNIT(LENGTH_MEASURE(1.E-8),#13969,
'DISTANCE_ACCURACY_VALUE','Maximum Tolerance applied to model');
#13880=UNCERTAINTY_MEASURE_WITH_UNIT(LENGTH_MEASURE(1.E-8),#13970,
'DISTANCE_ACCURACY_VALUE','Maximum Tolerance applied to model');
#13881=UNCERTAINTY_MEASURE_WITH_UNIT(LENGTH_MEASURE(1.E-8),#13971,
'DISTANCE_ACCURACY_VALUE','Maximum Tolerance applied to model');
#13882=UNCERTAINTY_MEASURE_WITH_UNIT(LENGTH_MEASURE(1.E-8),#13972,
'DISTANCE_ACCURACY_VALUE','Maximum Tolerance applied to model');
#13883=UNCERTAINTY_MEASURE_WITH_UNIT(LENGTH_MEASURE(1.E-8),#13973,
'DISTANCE_ACCURACY_VALUE','Maximum Tolerance applied to model');
#13884=UNCERTAINTY_MEASURE_WITH_UNIT(LENGTH_MEASURE(1.E-8),#13974,
'DISTANCE_ACCURACY_VALUE','Maximum Tolerance applied to model');
#13885=UNCERTAINTY_MEASURE_WITH_UNIT(LENGTH_MEASURE(1.E-8),#13975,
'DISTANCE_ACCURACY_VALUE','Maximum Tolerance applied to model');
#13886=UNCERTAINTY_MEASURE_WITH_UNIT(LENGTH_MEASURE(1.E-8),#13976,
'DISTANCE_ACCURACY_VALUE','Maximum Tolerance applied to model');
#13887=UNCERTAINTY_MEASURE_WITH_UNIT(LENGTH_MEASURE(1.E-8),#13977,
'DISTANCE_ACCURACY_VALUE','Maximum Tolerance applied to model');
#13888=UNCERTAINTY_MEASURE_WITH_UNIT(LENGTH_MEASURE(1.E-8),#13978,
'DISTANCE_ACCURACY_VALUE','Maximum Tolerance applied to model');
#13889=UNCERTAINTY_MEASURE_WITH_UNIT(LENGTH_MEASURE(1.E-8),#13979,
'DISTANCE_ACCURACY_VALUE','Maximum Tolerance applied to model');
#13890=UNCERTAINTY_MEASURE_WITH_UNIT(LENGTH_MEASURE(1.E-8),#13980,
'DISTANCE_ACCURACY_VALUE','Maximum Tolerance applied to model');
#13891=UNCERTAINTY_MEASURE_WITH_UNIT(LENGTH_MEASURE(1.E-8),#13981,
'DISTANCE_ACCURACY_VALUE','Maximum Tolerance applied to model');
#13892=UNCERTAINTY_MEASURE_WITH_UNIT(LENGTH_MEASURE(1.E-8),#13982,
'DISTANCE_ACCURACY_VALUE','Maximum Tolerance applied to model');
#13893=UNCERTAINTY_MEASURE_WITH_UNIT(LENGTH_MEASURE(1.E-8),#13983,
'DISTANCE_ACCURACY_VALUE','Maximum Tolerance applied to model');
#13894=UNCERTAINTY_MEASURE_WITH_UNIT(LENGTH_MEASURE(1.E-8),#13984,
'DISTANCE_ACCURACY_VALUE','Maximum Tolerance applied to model');
#13895=UNCERTAINTY_MEASURE_WITH_UNIT(LENGTH_MEASURE(1.E-8),#13985,
'DISTANCE_ACCURACY_VALUE','Maximum Tolerance applied to model');
#13896=UNCERTAINTY_MEASURE_WITH_UNIT(LENGTH_MEASURE(1.E-8),#13986,
'DISTANCE_ACCURACY_VALUE','Maximum Tolerance applied to model');
#13897=UNCERTAINTY_MEASURE_WITH_UNIT(LENGTH_MEASURE(1.E-8),#13987,
'DISTANCE_ACCURACY_VALUE','Maximum Tolerance applied to model');
#13898=(
NAMED_UNIT(*)
SI_UNIT($,.STERADIAN.)
SOLID_ANGLE_UNIT()
);
#13899=(
NAMED_UNIT(*)
SI_UNIT($,.STERADIAN.)
SOLID_ANGLE_UNIT()
);
#13900=(
NAMED_UNIT(*)
SI_UNIT($,.STERADIAN.)
SOLID_ANGLE_UNIT()
);
#13901=(
NAMED_UNIT(*)
SI_UNIT($,.STERADIAN.)
SOLID_ANGLE_UNIT()
);
#13902=(
NAMED_UNIT(*)
SI_UNIT($,.STERADIAN.)
SOLID_ANGLE_UNIT()
);
#13903=(
NAMED_UNIT(*)
SI_UNIT($,.STERADIAN.)
SOLID_ANGLE_UNIT()
);
#13904=(
NAMED_UNIT(*)
SI_UNIT($,.STERADIAN.)
SOLID_ANGLE_UNIT()
);
#13905=(
NAMED_UNIT(*)
SI_UNIT($,.STERADIAN.)
SOLID_ANGLE_UNIT()
);
#13906=(
NAMED_UNIT(*)
SI_UNIT($,.STERADIAN.)
SOLID_ANGLE_UNIT()
);
#13907=(
NAMED_UNIT(*)
SI_UNIT($,.STERADIAN.)
SOLID_ANGLE_UNIT()
);
#13908=(
NAMED_UNIT(*)
SI_UNIT($,.STERADIAN.)
SOLID_ANGLE_UNIT()
);
#13909=(
NAMED_UNIT(*)
SI_UNIT($,.STERADIAN.)
SOLID_ANGLE_UNIT()
);
#13910=(
NAMED_UNIT(*)
SI_UNIT($,.STERADIAN.)
SOLID_ANGLE_UNIT()
);
#13911=(
NAMED_UNIT(*)
SI_UNIT($,.STERADIAN.)
SOLID_ANGLE_UNIT()
);
#13912=(
NAMED_UNIT(*)
SI_UNIT($,.STERADIAN.)
SOLID_ANGLE_UNIT()
);
#13913=(
NAMED_UNIT(*)
SI_UNIT($,.STERADIAN.)
SOLID_ANGLE_UNIT()
);
#13914=(
NAMED_UNIT(*)
SI_UNIT($,.STERADIAN.)
SOLID_ANGLE_UNIT()
);
#13915=(
NAMED_UNIT(*)
SI_UNIT($,.STERADIAN.)
SOLID_ANGLE_UNIT()
);
#13916=(
NAMED_UNIT(*)
SI_UNIT($,.STERADIAN.)
SOLID_ANGLE_UNIT()
);
#13917=(
NAMED_UNIT(*)
SI_UNIT($,.STERADIAN.)
SOLID_ANGLE_UNIT()
);
#13918=(
NAMED_UNIT(*)
SI_UNIT($,.STERADIAN.)
SOLID_ANGLE_UNIT()
);
#13919=(
NAMED_UNIT(*)
SI_UNIT($,.STERADIAN.)
SOLID_ANGLE_UNIT()
);
#13920=(
NAMED_UNIT(*)
SI_UNIT($,.STERADIAN.)
SOLID_ANGLE_UNIT()
);
#13921=(
NAMED_UNIT(*)
SI_UNIT($,.STERADIAN.)
SOLID_ANGLE_UNIT()
);
#13922=(
NAMED_UNIT(*)
SI_UNIT($,.STERADIAN.)
SOLID_ANGLE_UNIT()
);
#13923=(
NAMED_UNIT(*)
SI_UNIT($,.STERADIAN.)
SOLID_ANGLE_UNIT()
);
#13924=(
NAMED_UNIT(*)
SI_UNIT($,.STERADIAN.)
SOLID_ANGLE_UNIT()
);
#13925=(
NAMED_UNIT(*)
SI_UNIT($,.STERADIAN.)
SOLID_ANGLE_UNIT()
);
#13926=(
NAMED_UNIT(*)
SI_UNIT($,.STERADIAN.)
SOLID_ANGLE_UNIT()
);
#13927=(
NAMED_UNIT(*)
SI_UNIT($,.STERADIAN.)
SOLID_ANGLE_UNIT()
);
#13928=(
NAMED_UNIT(*)
PLANE_ANGLE_UNIT()
SI_UNIT($,.RADIAN.)
);
#13929=(
NAMED_UNIT(*)
PLANE_ANGLE_UNIT()
SI_UNIT($,.RADIAN.)
);
#13930=(
NAMED_UNIT(*)
PLANE_ANGLE_UNIT()
SI_UNIT($,.RADIAN.)
);
#13931=(
NAMED_UNIT(*)
PLANE_ANGLE_UNIT()
SI_UNIT($,.RADIAN.)
);
#13932=(
NAMED_UNIT(*)
PLANE_ANGLE_UNIT()
SI_UNIT($,.RADIAN.)
);
#13933=(
NAMED_UNIT(*)
PLANE_ANGLE_UNIT()
SI_UNIT($,.RADIAN.)
);
#13934=(
NAMED_UNIT(*)
PLANE_ANGLE_UNIT()
SI_UNIT($,.RADIAN.)
);
#13935=(
NAMED_UNIT(*)
PLANE_ANGLE_UNIT()
SI_UNIT($,.RADIAN.)
);
#13936=(
NAMED_UNIT(*)
PLANE_ANGLE_UNIT()
SI_UNIT($,.RADIAN.)
);
#13937=(
NAMED_UNIT(*)
PLANE_ANGLE_UNIT()
SI_UNIT($,.RADIAN.)
);
#13938=(
NAMED_UNIT(*)
PLANE_ANGLE_UNIT()
SI_UNIT($,.RADIAN.)
);
#13939=(
NAMED_UNIT(*)
PLANE_ANGLE_UNIT()
SI_UNIT($,.RADIAN.)
);
#13940=(
NAMED_UNIT(*)
PLANE_ANGLE_UNIT()
SI_UNIT($,.RADIAN.)
);
#13941=(
NAMED_UNIT(*)
PLANE_ANGLE_UNIT()
SI_UNIT($,.RADIAN.)
);
#13942=(
NAMED_UNIT(*)
PLANE_ANGLE_UNIT()
SI_UNIT($,.RADIAN.)
);
#13943=(
NAMED_UNIT(*)
PLANE_ANGLE_UNIT()
SI_UNIT($,.RADIAN.)
);
#13944=(
NAMED_UNIT(*)
PLANE_ANGLE_UNIT()
SI_UNIT($,.RADIAN.)
);
#13945=(
NAMED_UNIT(*)
PLANE_ANGLE_UNIT()
SI_UNIT($,.RADIAN.)
);
#13946=(
NAMED_UNIT(*)
PLANE_ANGLE_UNIT()
SI_UNIT($,.RADIAN.)
);
#13947=(
NAMED_UNIT(*)
PLANE_ANGLE_UNIT()
SI_UNIT($,.RADIAN.)
);
#13948=(
NAMED_UNIT(*)
PLANE_ANGLE_UNIT()
SI_UNIT($,.RADIAN.)
);
#13949=(
NAMED_UNIT(*)
PLANE_ANGLE_UNIT()
SI_UNIT($,.RADIAN.)
);
#13950=(
NAMED_UNIT(*)
PLANE_ANGLE_UNIT()
SI_UNIT($,.RADIAN.)
);
#13951=(
NAMED_UNIT(*)
PLANE_ANGLE_UNIT()
SI_UNIT($,.RADIAN.)
);
#13952=(
NAMED_UNIT(*)
PLANE_ANGLE_UNIT()
SI_UNIT($,.RADIAN.)
);
#13953=(
NAMED_UNIT(*)
PLANE_ANGLE_UNIT()
SI_UNIT($,.RADIAN.)
);
#13954=(
NAMED_UNIT(*)
PLANE_ANGLE_UNIT()
SI_UNIT($,.RADIAN.)
);
#13955=(
NAMED_UNIT(*)
PLANE_ANGLE_UNIT()
SI_UNIT($,.RADIAN.)
);
#13956=(
NAMED_UNIT(*)
PLANE_ANGLE_UNIT()
SI_UNIT($,.RADIAN.)
);
#13957=(
NAMED_UNIT(*)
PLANE_ANGLE_UNIT()
SI_UNIT($,.RADIAN.)
);
#13958=(
LENGTH_UNIT()
NAMED_UNIT(*)
SI_UNIT($,.METRE.)
);
#13959=(
LENGTH_UNIT()
NAMED_UNIT(*)
SI_UNIT($,.METRE.)
);
#13960=(
LENGTH_UNIT()
NAMED_UNIT(*)
SI_UNIT($,.METRE.)
);
#13961=(
LENGTH_UNIT()
NAMED_UNIT(*)
SI_UNIT($,.METRE.)
);
#13962=(
LENGTH_UNIT()
NAMED_UNIT(*)
SI_UNIT($,.METRE.)
);
#13963=(
LENGTH_UNIT()
NAMED_UNIT(*)
SI_UNIT($,.METRE.)
);
#13964=(
LENGTH_UNIT()
NAMED_UNIT(*)
SI_UNIT($,.METRE.)
);
#13965=(
LENGTH_UNIT()
NAMED_UNIT(*)
SI_UNIT($,.METRE.)
);
#13966=(
LENGTH_UNIT()
NAMED_UNIT(*)
SI_UNIT($,.METRE.)
);
#13967=(
LENGTH_UNIT()
NAMED_UNIT(*)
SI_UNIT($,.METRE.)
);
#13968=(
LENGTH_UNIT()
NAMED_UNIT(*)
SI_UNIT($,.METRE.)
);
#13969=(
LENGTH_UNIT()
NAMED_UNIT(*)
SI_UNIT($,.METRE.)
);
#13970=(
LENGTH_UNIT()
NAMED_UNIT(*)
SI_UNIT($,.METRE.)
);
#13971=(
LENGTH_UNIT()
NAMED_UNIT(*)
SI_UNIT($,.METRE.)
);
#13972=(
LENGTH_UNIT()
NAMED_UNIT(*)
SI_UNIT($,.METRE.)
);
#13973=(
LENGTH_UNIT()
NAMED_UNIT(*)
SI_UNIT($,.METRE.)
);
#13974=(
LENGTH_UNIT()
NAMED_UNIT(*)
SI_UNIT($,.METRE.)
);
#13975=(
LENGTH_UNIT()
NAMED_UNIT(*)
SI_UNIT($,.METRE.)
);
#13976=(
LENGTH_UNIT()
NAMED_UNIT(*)
SI_UNIT($,.METRE.)
);
#13977=(
LENGTH_UNIT()
NAMED_UNIT(*)
SI_UNIT($,.METRE.)
);
#13978=(
LENGTH_UNIT()
NAMED_UNIT(*)
SI_UNIT($,.METRE.)
);
#13979=(
LENGTH_UNIT()
NAMED_UNIT(*)
SI_UNIT($,.METRE.)
);
#13980=(
LENGTH_UNIT()
NAMED_UNIT(*)
SI_UNIT($,.METRE.)
);
#13981=(
LENGTH_UNIT()
NAMED_UNIT(*)
SI_UNIT($,.METRE.)
);
#13982=(
LENGTH_UNIT()
NAMED_UNIT(*)
SI_UNIT($,.METRE.)
);
#13983=(
LENGTH_UNIT()
NAMED_UNIT(*)
SI_UNIT($,.METRE.)
);
#13984=(
LENGTH_UNIT()
NAMED_UNIT(*)
SI_UNIT($,.METRE.)
);
#13985=(
LENGTH_UNIT()
NAMED_UNIT(*)
SI_UNIT($,.METRE.)
);
#13986=(
LENGTH_UNIT()
NAMED_UNIT(*)
SI_UNIT($,.METRE.)
);
#13987=(
LENGTH_UNIT()
NAMED_UNIT(*)
SI_UNIT($,.METRE.)
);
#13988=PRODUCT_DEFINITION_SHAPE('','',#14018);
#13989=PRODUCT_DEFINITION_SHAPE('','',#14019);
#13990=PRODUCT_DEFINITION_SHAPE('','',#14020);
#13991=PRODUCT_DEFINITION_SHAPE('','',#14021);
#13992=PRODUCT_DEFINITION_SHAPE('','',#14022);
#13993=PRODUCT_DEFINITION_SHAPE('','',#14023);
#13994=PRODUCT_DEFINITION_SHAPE('','',#14024);
#13995=PRODUCT_DEFINITION_SHAPE('','',#14025);
#13996=PRODUCT_DEFINITION_SHAPE('','',#14026);
#13997=PRODUCT_DEFINITION_SHAPE('','',#14027);
#13998=PRODUCT_DEFINITION_SHAPE('','',#14028);
#13999=PRODUCT_DEFINITION_SHAPE('','',#14029);
#14000=PRODUCT_DEFINITION_SHAPE('','',#14030);
#14001=PRODUCT_DEFINITION_SHAPE('','',#14031);
#14002=PRODUCT_DEFINITION_SHAPE('','',#14032);
#14003=PRODUCT_DEFINITION_SHAPE('','',#14033);
#14004=PRODUCT_DEFINITION_SHAPE('','',#14034);
#14005=PRODUCT_DEFINITION_SHAPE('','',#14035);
#14006=PRODUCT_DEFINITION_SHAPE('','',#14036);
#14007=PRODUCT_DEFINITION_SHAPE('','',#14037);
#14008=PRODUCT_DEFINITION_SHAPE('','',#14038);
#14009=PRODUCT_DEFINITION_SHAPE('','',#14039);
#14010=PRODUCT_DEFINITION_SHAPE('','',#14040);
#14011=PRODUCT_DEFINITION_SHAPE('','',#14041);
#14012=PRODUCT_DEFINITION_SHAPE('','',#14042);
#14013=PRODUCT_DEFINITION_SHAPE('','',#14043);
#14014=PRODUCT_DEFINITION_SHAPE('','',#14044);
#14015=PRODUCT_DEFINITION_SHAPE('','',#14045);
#14016=PRODUCT_DEFINITION_SHAPE('','',#14046);
#14017=PRODUCT_DEFINITION_SHAPE('','',#14047);
#14018=PRODUCT_DEFINITION('','',#14078,#14048);
#14019=PRODUCT_DEFINITION('','',#14079,#14049);
#14020=PRODUCT_DEFINITION('','',#14080,#14050);
#14021=PRODUCT_DEFINITION('','',#14081,#14051);
#14022=PRODUCT_DEFINITION('','',#14082,#14052);
#14023=PRODUCT_DEFINITION('','',#14083,#14053);
#14024=PRODUCT_DEFINITION('','',#14084,#14054);
#14025=PRODUCT_DEFINITION('','',#14085,#14055);
#14026=PRODUCT_DEFINITION('','',#14086,#14056);
#14027=PRODUCT_DEFINITION('','',#14087,#14057);
#14028=PRODUCT_DEFINITION('','',#14088,#14058);
#14029=PRODUCT_DEFINITION('','',#14089,#14059);
#14030=PRODUCT_DEFINITION('','',#14090,#14060);
#14031=PRODUCT_DEFINITION('','',#14091,#14061);
#14032=PRODUCT_DEFINITION('','',#14092,#14062);
#14033=PRODUCT_DEFINITION('','',#14093,#14063);
#14034=PRODUCT_DEFINITION('','',#14094,#14064);
#14035=PRODUCT_DEFINITION('','',#14095,#14065);
#14036=PRODUCT_DEFINITION('','',#14096,#14066);
#14037=PRODUCT_DEFINITION('','',#14097,#14067);
#14038=PRODUCT_DEFINITION('','',#14098,#14068);
#14039=PRODUCT_DEFINITION('','',#14099,#14069);
#14040=PRODUCT_DEFINITION('','',#14100,#14070);
#14041=PRODUCT_DEFINITION('','',#14101,#14071);
#14042=PRODUCT_DEFINITION('','',#14102,#14072);
#14043=PRODUCT_DEFINITION('','',#14103,#14073);
#14044=PRODUCT_DEFINITION('','',#14104,#14074);
#14045=PRODUCT_DEFINITION('','',#14105,#14075);
#14046=PRODUCT_DEFINITION('','',#14106,#14076);
#14047=PRODUCT_DEFINITION('','',#14107,#14077);
#14048=PRODUCT_DEFINITION_CONTEXT('',#14258,'design');
#14049=PRODUCT_DEFINITION_CONTEXT('',#14259,'design');
#14050=PRODUCT_DEFINITION_CONTEXT('',#14260,'design');
#14051=PRODUCT_DEFINITION_CONTEXT('',#14261,'design');
#14052=PRODUCT_DEFINITION_CONTEXT('',#14262,'design');
#14053=PRODUCT_DEFINITION_CONTEXT('',#14263,'design');
#14054=PRODUCT_DEFINITION_CONTEXT('',#14264,'design');
#14055=PRODUCT_DEFINITION_CONTEXT('',#14265,'design');
#14056=PRODUCT_DEFINITION_CONTEXT('',#14266,'design');
#14057=PRODUCT_DEFINITION_CONTEXT('',#14267,'design');
#14058=PRODUCT_DEFINITION_CONTEXT('',#14268,'design');
#14059=PRODUCT_DEFINITION_CONTEXT('',#14269,'design');
#14060=PRODUCT_DEFINITION_CONTEXT('',#14270,'design');
#14061=PRODUCT_DEFINITION_CONTEXT('',#14271,'design');
#14062=PRODUCT_DEFINITION_CONTEXT('',#14272,'design');
#14063=PRODUCT_DEFINITION_CONTEXT('',#14273,'design');
#14064=PRODUCT_DEFINITION_CONTEXT('',#14274,'design');
#14065=PRODUCT_DEFINITION_CONTEXT('',#14275,'design');
#14066=PRODUCT_DEFINITION_CONTEXT('',#14276,'design');
#14067=PRODUCT_DEFINITION_CONTEXT('',#14277,'design');
#14068=PRODUCT_DEFINITION_CONTEXT('',#14278,'design');
#14069=PRODUCT_DEFINITION_CONTEXT('',#14279,'design');
#14070=PRODUCT_DEFINITION_CONTEXT('',#14280,'design');
#14071=PRODUCT_DEFINITION_CONTEXT('',#14281,'design');
#14072=PRODUCT_DEFINITION_CONTEXT('',#14282,'design');
#14073=PRODUCT_DEFINITION_CONTEXT('',#14283,'design');
#14074=PRODUCT_DEFINITION_CONTEXT('',#14284,'design');
#14075=PRODUCT_DEFINITION_CONTEXT('',#14285,'design');
#14076=PRODUCT_DEFINITION_CONTEXT('',#14286,'design');
#14077=PRODUCT_DEFINITION_CONTEXT('',#14287,'design');
#14078=PRODUCT_DEFINITION_FORMATION_WITH_SPECIFIED_SOURCE('','',#14138,
 .NOT_KNOWN.);
#14079=PRODUCT_DEFINITION_FORMATION_WITH_SPECIFIED_SOURCE('','',#14139,
 .NOT_KNOWN.);
#14080=PRODUCT_DEFINITION_FORMATION_WITH_SPECIFIED_SOURCE('','',#14140,
 .NOT_KNOWN.);
#14081=PRODUCT_DEFINITION_FORMATION_WITH_SPECIFIED_SOURCE('','',#14141,
 .NOT_KNOWN.);
#14082=PRODUCT_DEFINITION_FORMATION_WITH_SPECIFIED_SOURCE('','',#14142,
 .NOT_KNOWN.);
#14083=PRODUCT_DEFINITION_FORMATION_WITH_SPECIFIED_SOURCE('','',#14143,
 .NOT_KNOWN.);
#14084=PRODUCT_DEFINITION_FORMATION_WITH_SPECIFIED_SOURCE('','',#14144,
 .NOT_KNOWN.);
#14085=PRODUCT_DEFINITION_FORMATION_WITH_SPECIFIED_SOURCE('','',#14145,
 .NOT_KNOWN.);
#14086=PRODUCT_DEFINITION_FORMATION_WITH_SPECIFIED_SOURCE('','',#14146,
 .NOT_KNOWN.);
#14087=PRODUCT_DEFINITION_FORMATION_WITH_SPECIFIED_SOURCE('','',#14147,
 .NOT_KNOWN.);
#14088=PRODUCT_DEFINITION_FORMATION_WITH_SPECIFIED_SOURCE('','',#14148,
 .NOT_KNOWN.);
#14089=PRODUCT_DEFINITION_FORMATION_WITH_SPECIFIED_SOURCE('','',#14149,
 .NOT_KNOWN.);
#14090=PRODUCT_DEFINITION_FORMATION_WITH_SPECIFIED_SOURCE('','',#14150,
 .NOT_KNOWN.);
#14091=PRODUCT_DEFINITION_FORMATION_WITH_SPECIFIED_SOURCE('','',#14151,
 .NOT_KNOWN.);
#14092=PRODUCT_DEFINITION_FORMATION_WITH_SPECIFIED_SOURCE('','',#14152,
 .NOT_KNOWN.);
#14093=PRODUCT_DEFINITION_FORMATION_WITH_SPECIFIED_SOURCE('','',#14153,
 .NOT_KNOWN.);
#14094=PRODUCT_DEFINITION_FORMATION_WITH_SPECIFIED_SOURCE('','',#14154,
 .NOT_KNOWN.);
#14095=PRODUCT_DEFINITION_FORMATION_WITH_SPECIFIED_SOURCE('','',#14155,
 .NOT_KNOWN.);
#14096=PRODUCT_DEFINITION_FORMATION_WITH_SPECIFIED_SOURCE('','',#14156,
 .NOT_KNOWN.);
#14097=PRODUCT_DEFINITION_FORMATION_WITH_SPECIFIED_SOURCE('','',#14157,
 .NOT_KNOWN.);
#14098=PRODUCT_DEFINITION_FORMATION_WITH_SPECIFIED_SOURCE('','',#14158,
 .NOT_KNOWN.);
#14099=PRODUCT_DEFINITION_FORMATION_WITH_SPECIFIED_SOURCE('','',#14159,
 .NOT_KNOWN.);
#14100=PRODUCT_DEFINITION_FORMATION_WITH_SPECIFIED_SOURCE('','',#14160,
 .NOT_KNOWN.);
#14101=PRODUCT_DEFINITION_FORMATION_WITH_SPECIFIED_SOURCE('','',#14161,
 .NOT_KNOWN.);
#14102=PRODUCT_DEFINITION_FORMATION_WITH_SPECIFIED_SOURCE('','',#14162,
 .NOT_KNOWN.);
#14103=PRODUCT_DEFINITION_FORMATION_WITH_SPECIFIED_SOURCE('','',#14163,
 .NOT_KNOWN.);
#14104=PRODUCT_DEFINITION_FORMATION_WITH_SPECIFIED_SOURCE('','',#14164,
 .NOT_KNOWN.);
#14105=PRODUCT_DEFINITION_FORMATION_WITH_SPECIFIED_SOURCE('','',#14165,
 .NOT_KNOWN.);
#14106=PRODUCT_DEFINITION_FORMATION_WITH_SPECIFIED_SOURCE('','',#14166,
 .NOT_KNOWN.);
#14107=PRODUCT_DEFINITION_FORMATION_WITH_SPECIFIED_SOURCE('','',#14167,
 .NOT_KNOWN.);
#14108=PRODUCT_RELATED_PRODUCT_CATEGORY('','',(#14138));
#14109=PRODUCT_RELATED_PRODUCT_CATEGORY('','',(#14139));
#14110=PRODUCT_RELATED_PRODUCT_CATEGORY('','',(#14140));
#14111=PRODUCT_RELATED_PRODUCT_CATEGORY('','',(#14141));
#14112=PRODUCT_RELATED_PRODUCT_CATEGORY('','',(#14142));
#14113=PRODUCT_RELATED_PRODUCT_CATEGORY('','',(#14143));
#14114=PRODUCT_RELATED_PRODUCT_CATEGORY('','',(#14144));
#14115=PRODUCT_RELATED_PRODUCT_CATEGORY('','',(#14145));
#14116=PRODUCT_RELATED_PRODUCT_CATEGORY('','',(#14146));
#14117=PRODUCT_RELATED_PRODUCT_CATEGORY('','',(#14147));
#14118=PRODUCT_RELATED_PRODUCT_CATEGORY('','',(#14148));
#14119=PRODUCT_RELATED_PRODUCT_CATEGORY('','',(#14149));
#14120=PRODUCT_RELATED_PRODUCT_CATEGORY('','',(#14150));
#14121=PRODUCT_RELATED_PRODUCT_CATEGORY('','',(#14151));
#14122=PRODUCT_RELATED_PRODUCT_CATEGORY('','',(#14152));
#14123=PRODUCT_RELATED_PRODUCT_CATEGORY('','',(#14153));
#14124=PRODUCT_RELATED_PRODUCT_CATEGORY('','',(#14154));
#14125=PRODUCT_RELATED_PRODUCT_CATEGORY('','',(#14155));
#14126=PRODUCT_RELATED_PRODUCT_CATEGORY('','',(#14156));
#14127=PRODUCT_RELATED_PRODUCT_CATEGORY('','',(#14157));
#14128=PRODUCT_RELATED_PRODUCT_CATEGORY('','',(#14158));
#14129=PRODUCT_RELATED_PRODUCT_CATEGORY('','',(#14159));
#14130=PRODUCT_RELATED_PRODUCT_CATEGORY('','',(#14160));
#14131=PRODUCT_RELATED_PRODUCT_CATEGORY('','',(#14161));
#14132=PRODUCT_RELATED_PRODUCT_CATEGORY('','',(#14162));
#14133=PRODUCT_RELATED_PRODUCT_CATEGORY('','',(#14163));
#14134=PRODUCT_RELATED_PRODUCT_CATEGORY('','',(#14164));
#14135=PRODUCT_RELATED_PRODUCT_CATEGORY('','',(#14165));
#14136=PRODUCT_RELATED_PRODUCT_CATEGORY('','',(#14166));
#14137=PRODUCT_RELATED_PRODUCT_CATEGORY('','',(#14167));
#14138=PRODUCT('Part 1','Part 1','Part 1',(#14198));
#14139=PRODUCT('Part 2','Part 2','Part 2',(#14199));
#14140=PRODUCT('Part 3','Part 3','Part 3',(#14200));
#14141=PRODUCT('Part 4','Part 4','Part 4',(#14201));
#14142=PRODUCT('Part 5','Part 5','Part 5',(#14202));
#14143=PRODUCT('Part 6','Part 6','Part 6',(#14203));
#14144=PRODUCT('Part 7','Part 7','Part 7',(#14204));
#14145=PRODUCT('Part 8','Part 8','Part 8',(#14205));
#14146=PRODUCT('Part 9','Part 9','Part 9',(#14206));
#14147=PRODUCT('Part 10','Part 10','Part 10',(#14207));
#14148=PRODUCT('Part 11','Part 11','Part 11',(#14208));
#14149=PRODUCT('Part 12','Part 12','Part 12',(#14209));
#14150=PRODUCT('Part 13','Part 13','Part 13',(#14210));
#14151=PRODUCT('Part 14','Part 14','Part 14',(#14211));
#14152=PRODUCT('Part 15','Part 15','Part 15',(#14212));
#14153=PRODUCT('Part 16','Part 16','Part 16',(#14213));
#14154=PRODUCT('Part 17','Part 17','Part 17',(#14214));
#14155=PRODUCT('Part 18','Part 18','Part 18',(#14215));
#14156=PRODUCT('Part 19','Part 19','Part 19',(#14216));
#14157=PRODUCT('Part 20','Part 20','Part 20',(#14217));
#14158=PRODUCT('Part 21','Part 21','Part 21',(#14218));
#14159=PRODUCT('Part 22','Part 22','Part 22',(#14219));
#14160=PRODUCT('Part 23','Part 23','Part 23',(#14220));
#14161=PRODUCT('Curve 1','Curve 1','Curve 1',(#14221));
#14162=PRODUCT('Curve 2','Curve 2','Curve 2',(#14222));
#14163=PRODUCT('Curve 3','Curve 3','Curve 3',(#14223));
#14164=PRODUCT('Curve 4','Curve 4','Curve 4',(#14224));
#14165=PRODUCT('Curve 5','Curve 5','Curve 5',(#14225));
#14166=PRODUCT('Curve 6','Curve 6','Curve 6',(#14226));
#14167=PRODUCT('Surface 1','Surface 1','Surface 1',(#14227));
#14168=PRODUCT_CATEGORY('','');
#14169=PRODUCT_CATEGORY('','');
#14170=PRODUCT_CATEGORY('','');
#14171=PRODUCT_CATEGORY('','');
#14172=PRODUCT_CATEGORY('','');
#14173=PRODUCT_CATEGORY('','');
#14174=PRODUCT_CATEGORY('','');
#14175=PRODUCT_CATEGORY('','');
#14176=PRODUCT_CATEGORY('','');
#14177=PRODUCT_CATEGORY('','');
#14178=PRODUCT_CATEGORY('','');
#14179=PRODUCT_CATEGORY('','');
#14180=PRODUCT_CATEGORY('','');
#14181=PRODUCT_CATEGORY('','');
#14182=PRODUCT_CATEGORY('','');
#14183=PRODUCT_CATEGORY('','');
#14184=PRODUCT_CATEGORY('','');
#14185=PRODUCT_CATEGORY('','');
#14186=PRODUCT_CATEGORY('','');
#14187=PRODUCT_CATEGORY('','');
#14188=PRODUCT_CATEGORY('','');
#14189=PRODUCT_CATEGORY('','');
#14190=PRODUCT_CATEGORY('','');
#14191=PRODUCT_CATEGORY('','');
#14192=PRODUCT_CATEGORY('','');
#14193=PRODUCT_CATEGORY('','');
#14194=PRODUCT_CATEGORY('','');
#14195=PRODUCT_CATEGORY('','');
#14196=PRODUCT_CATEGORY('','');
#14197=PRODUCT_CATEGORY('','');
#14198=PRODUCT_CONTEXT('',#14258,'mechanical');
#14199=PRODUCT_CONTEXT('',#14259,'mechanical');
#14200=PRODUCT_CONTEXT('',#14260,'mechanical');
#14201=PRODUCT_CONTEXT('',#14261,'mechanical');
#14202=PRODUCT_CONTEXT('',#14262,'mechanical');
#14203=PRODUCT_CONTEXT('',#14263,'mechanical');
#14204=PRODUCT_CONTEXT('',#14264,'mechanical');
#14205=PRODUCT_CONTEXT('',#14265,'mechanical');
#14206=PRODUCT_CONTEXT('',#14266,'mechanical');
#14207=PRODUCT_CONTEXT('',#14267,'mechanical');
#14208=PRODUCT_CONTEXT('',#14268,'mechanical');
#14209=PRODUCT_CONTEXT('',#14269,'mechanical');
#14210=PRODUCT_CONTEXT('',#14270,'mechanical');
#14211=PRODUCT_CONTEXT('',#14271,'mechanical');
#14212=PRODUCT_CONTEXT('',#14272,'mechanical');
#14213=PRODUCT_CONTEXT('',#14273,'mechanical');
#14214=PRODUCT_CONTEXT('',#14274,'mechanical');
#14215=PRODUCT_CONTEXT('',#14275,'mechanical');
#14216=PRODUCT_CONTEXT('',#14276,'mechanical');
#14217=PRODUCT_CONTEXT('',#14277,'mechanical');
#14218=PRODUCT_CONTEXT('',#14278,'mechanical');
#14219=PRODUCT_CONTEXT('',#14279,'mechanical');
#14220=PRODUCT_CONTEXT('',#14280,'mechanical');
#14221=PRODUCT_CONTEXT('',#14281,'mechanical');
#14222=PRODUCT_CONTEXT('',#14282,'mechanical');
#14223=PRODUCT_CONTEXT('',#14283,'mechanical');
#14224=PRODUCT_CONTEXT('',#14284,'mechanical');
#14225=PRODUCT_CONTEXT('',#14285,'mechanical');
#14226=PRODUCT_CONTEXT('',#14286,'mechanical');
#14227=PRODUCT_CONTEXT('',#14287,'mechanical');
#14228=APPLICATION_PROTOCOL_DEFINITION('international standard',
'ap242_managed_model_based_3d_engineering',2020,#14258);
#14229=APPLICATION_PROTOCOL_DEFINITION('international standard',
'ap242_managed_model_based_3d_engineering',2020,#14259);
#14230=APPLICATION_PROTOCOL_DEFINITION('international standard',
'ap242_managed_model_based_3d_engineering',2020,#14260);
#14231=APPLICATION_PROTOCOL_DEFINITION('international standard',
'ap242_managed_model_based_3d_engineering',2020,#14261);
#14232=APPLICATION_PROTOCOL_DEFINITION('international standard',
'ap242_managed_model_based_3d_engineering',2020,#14262);
#14233=APPLICATION_PROTOCOL_DEFINITION('international standard',
'ap242_managed_model_based_3d_engineering',2020,#14263);
#14234=APPLICATION_PROTOCOL_DEFINITION('international standard',
'ap242_managed_model_based_3d_engineering',2020,#14264);
#14235=APPLICATION_PROTOCOL_DEFINITION('international standard',
'ap242_managed_model_based_3d_engineering',2020,#14265);
#14236=APPLICATION_PROTOCOL_DEFINITION('international standard',
'ap242_managed_model_based_3d_engineering',2020,#14266);
#14237=APPLICATION_PROTOCOL_DEFINITION('international standard',
'ap242_managed_model_based_3d_engineering',2020,#14267);
#14238=APPLICATION_PROTOCOL_DEFINITION('international standard',
'ap242_managed_model_based_3d_engineering',2020,#14268);
#14239=APPLICATION_PROTOCOL_DEFINITION('international standard',
'ap242_managed_model_based_3d_engineering',2020,#14269);
#14240=APPLICATION_PROTOCOL_DEFINITION('international standard',
'ap242_managed_model_based_3d_engineering',2020,#14270);
#14241=APPLICATION_PROTOCOL_DEFINITION('international standard',
'ap242_managed_model_based_3d_engineering',2020,#14271);
#14242=APPLICATION_PROTOCOL_DEFINITION('international standard',
'ap242_managed_model_based_3d_engineering',2020,#14272);
#14243=APPLICATION_PROTOCOL_DEFINITION('international standard',
'ap242_managed_model_based_3d_engineering',2020,#14273);
#14244=APPLICATION_PROTOCOL_DEFINITION('international standard',
'ap242_managed_model_based_3d_engineering',2020,#14274);
#14245=APPLICATION_PROTOCOL_DEFINITION('international standard',
'ap242_managed_model_based_3d_engineering',2020,#14275);
#14246=APPLICATION_PROTOCOL_DEFINITION('international standard',
'ap242_managed_model_based_3d_engineering',2020,#14276);
#14247=APPLICATION_PROTOCOL_DEFINITION('international standard',
'ap242_managed_model_based_3d_engineering',2020,#14277);
#14248=APPLICATION_PROTOCOL_DEFINITION('international standard',
'ap242_managed_model_based_3d_engineering',2020,#14278);
#14249=APPLICATION_PROTOCOL_DEFINITION('international standard',
'ap242_managed_model_based_3d_engineering',2020,#14279);
#14250=APPLICATION_PROTOCOL_DEFINITION('international standard',
'ap242_managed_model_based_3d_engineering',2020,#14280);
#14251=APPLICATION_PROTOCOL_DEFINITION('international standard',
'ap242_managed_model_based_3d_engineering',2020,#14281);
#14252=APPLICATION_PROTOCOL_DEFINITION('international standard',
'ap242_managed_model_based_3d_engineering',2020,#14282);
#14253=APPLICATION_PROTOCOL_DEFINITION('international standard',
'ap242_managed_model_based_3d_engineering',2020,#14283);
#14254=APPLICATION_PROTOCOL_DEFINITION('international standard',
'ap242_managed_model_based_3d_engineering',2020,#14284);
#14255=APPLICATION_PROTOCOL_DEFINITION('international standard',
'ap242_managed_model_based_3d_engineering',2020,#14285);
#14256=APPLICATION_PROTOCOL_DEFINITION('international standard',
'ap242_managed_model_based_3d_engineering',2020,#14286);
#14257=APPLICATION_PROTOCOL_DEFINITION('international standard',
'ap242_managed_model_based_3d_engineering',2020,#14287);
#14258=APPLICATION_CONTEXT('managed model based 3d engineering');
#14259=APPLICATION_CONTEXT('managed model based 3d engineering');
#14260=APPLICATION_CONTEXT('managed model based 3d engineering');
#14261=APPLICATION_CONTEXT('managed model based 3d engineering');
#14262=APPLICATION_CONTEXT('managed model based 3d engineering');
#14263=APPLICATION_CONTEXT('managed model based 3d engineering');
#14264=APPLICATION_CONTEXT('managed model based 3d engineering');
#14265=APPLICATION_CONTEXT('managed model based 3d engineering');
#14266=APPLICATION_CONTEXT('managed model based 3d engineering');
#14267=APPLICATION_CONTEXT('managed model based 3d engineering');
#14268=APPLICATION_CONTEXT('managed model based 3d engineering');
#14269=APPLICATION_CONTEXT('managed model based 3d engineering');
#14270=APPLICATION_CONTEXT('managed model based 3d engineering');
#14271=APPLICATION_CONTEXT('managed model based 3d engineering');
#14272=APPLICATION_CONTEXT('managed model based 3d engineering');
#14273=APPLICATION_CONTEXT('managed model based 3d engineering');
#14274=APPLICATION_CONTEXT('managed model based 3d engineering');
#14275=APPLICATION_CONTEXT('managed model based 3d engineering');
#14276=APPLICATION_CONTEXT('managed model based 3d engineering');
#14277=APPLICATION_CONTEXT('managed model based 3d engineering');
#14278=APPLICATION_CONTEXT('managed model based 3d engineering');
#14279=APPLICATION_CONTEXT('managed model based 3d engineering');
#14280=APPLICATION_CONTEXT('managed model based 3d engineering');
#14281=APPLICATION_CONTEXT('managed model based 3d engineering');
#14282=APPLICATION_CONTEXT('managed model based 3d engineering');
#14283=APPLICATION_CONTEXT('managed model based 3d engineering');
#14284=APPLICATION_CONTEXT('managed model based 3d engineering');
#14285=APPLICATION_CONTEXT('managed model based 3d engineering');
#14286=APPLICATION_CONTEXT('managed model based 3d engineering');
#14287=APPLICATION_CONTEXT('managed model based 3d engineering');
ENDSEC;
END-ISO-10303-21;
