ISO-10303-21;
HEADER;
/* Generated by software containing ST-Developer
 * from STEP Tools, Inc. (www.steptools.com) 
 */
/* OPTION: using custom renumber hook */

FILE_DESCRIPTION(
/* description */ ('STEP AP242 Edition 2',
'CAx-IF Rec.Pracs.---Representation and Presentation of Product Manufa
cturing Information (PMI)---4.0---2014-10-13',
'CAx-IF Rec.Pracs.---3D Tessellated Geometry---0.4---2014-09-14','2;1',
'CAx-IF Rec.Pracs.---User Defined Attributes---1.5---2016-08-15'),
/* implementation_level */ '2;1');

FILE_NAME(
/* name */ 'PJ-392A-1.8-xx 3.5mm Panel Mount - 3.5mm Jack',
/* time_stamp */ '2026-06-20T20:00:33Z',
/* author */ (''),
/* organization */ (''),
/* preprocessor_version */ 'ST-DEVELOPER v20',
/* originating_system */ 'ONSHAPE BY PTC INC, 1.216',
/* authorisation */ '  ');

FILE_SCHEMA (('AP242_MANAGED_MODEL_BASED_3D_ENGINEERING_MIM_LF { 1 0 10303 442 3 1 4 }'));
ENDSEC;

DATA;
#10=LINE('',#5343,#106);
#11=LINE('',#5346,#107);
#12=LINE('',#5348,#108);
#13=LINE('',#5350,#109);
#14=LINE('',#5352,#110);
#15=LINE('',#5355,#111);
#16=LINE('',#5356,#112);
#17=LINE('',#5360,#113);
#18=LINE('',#5362,#114);
#19=LINE('',#5364,#115);
#20=LINE('',#5366,#116);
#21=LINE('',#5368,#117);
#22=LINE('',#5370,#118);
#23=LINE('',#5375,#119);
#24=LINE('',#5377,#120);
#25=LINE('',#5379,#121);
#26=LINE('',#5381,#122);
#27=LINE('',#5383,#123);
#28=LINE('',#5387,#124);
#29=LINE('',#5390,#125);
#30=LINE('',#5392,#126);
#31=LINE('',#5394,#127);
#32=LINE('',#5396,#128);
#33=LINE('',#5399,#129);
#34=LINE('',#5400,#130);
#35=LINE('',#5404,#131);
#36=LINE('',#5406,#132);
#37=LINE('',#5408,#133);
#38=LINE('',#5410,#134);
#39=LINE('',#5412,#135);
#40=LINE('',#5414,#136);
#41=LINE('',#5419,#137);
#42=LINE('',#5421,#138);
#43=LINE('',#5423,#139);
#44=LINE('',#5425,#140);
#45=LINE('',#5427,#141);
#46=LINE('',#5431,#142);
#47=LINE('',#5434,#143);
#48=LINE('',#5436,#144);
#49=LINE('',#5438,#145);
#50=LINE('',#5442,#146);
#51=LINE('',#5445,#147);
#52=LINE('',#5446,#148);
#53=LINE('',#5448,#149);
#54=LINE('',#5450,#150);
#55=LINE('',#5452,#151);
#56=LINE('',#5454,#152);
#57=LINE('',#5456,#153);
#58=LINE('',#5458,#154);
#59=LINE('',#5463,#155);
#60=LINE('',#5465,#156);
#61=LINE('',#5467,#157);
#62=LINE('',#5469,#158);
#63=LINE('',#5471,#159);
#64=LINE('',#5475,#160);
#65=LINE('',#5478,#161);
#66=LINE('',#5480,#162);
#67=LINE('',#5482,#163);
#68=LINE('',#5484,#164);
#69=LINE('',#5487,#165);
#70=LINE('',#5488,#166);
#71=LINE('',#5490,#167);
#72=LINE('',#5493,#168);
#73=LINE('',#5494,#169);
#74=LINE('',#5498,#170);
#75=LINE('',#5500,#171);
#76=LINE('',#5502,#172);
#77=LINE('',#5507,#173);
#78=LINE('',#5509,#174);
#79=LINE('',#5511,#175);
#80=LINE('',#5513,#176);
#81=LINE('',#5515,#177);
#82=LINE('',#5719,#178);
#83=LINE('',#5724,#179);
#84=LINE('',#5728,#180);
#85=LINE('',#5732,#181);
#86=LINE('',#5736,#182);
#87=LINE('',#5740,#183);
#88=LINE('',#5744,#184);
#89=LINE('',#5746,#185);
#90=LINE('',#5748,#186);
#91=LINE('',#5750,#187);
#92=LINE('',#5754,#188);
#93=LINE('',#5756,#189);
#94=LINE('',#5758,#190);
#95=LINE('',#5762,#191);
#96=LINE('',#5764,#192);
#97=LINE('',#5766,#193);
#98=LINE('',#5770,#194);
#99=LINE('',#5772,#195);
#100=LINE('',#5774,#196);
#101=LINE('',#5778,#197);
#102=LINE('',#5780,#198);
#103=LINE('',#5782,#199);
#104=LINE('',#5786,#200);
#105=LINE('',#5788,#201);
#106=VECTOR('',#1497,1.);
#107=VECTOR('',#1498,1.);
#108=VECTOR('',#1499,1.);
#109=VECTOR('',#1500,1.);
#110=VECTOR('',#1503,1.);
#111=VECTOR('',#1504,1.);
#112=VECTOR('',#1505,1.);
#113=VECTOR('',#1510,1.);
#114=VECTOR('',#1511,1.);
#115=VECTOR('',#1512,1.);
#116=VECTOR('',#1513,1.);
#117=VECTOR('',#1516,1.);
#118=VECTOR('',#1517,1.);
#119=VECTOR('',#1524,1.);
#120=VECTOR('',#1525,1.);
#121=VECTOR('',#1528,1.);
#122=VECTOR('',#1529,1.);
#123=VECTOR('',#1532,1.);
#124=VECTOR('',#1539,1.);
#125=VECTOR('',#1540,1.);
#126=VECTOR('',#1541,1.);
#127=VECTOR('',#1542,1.);
#128=VECTOR('',#1545,1.);
#129=VECTOR('',#1546,1.);
#130=VECTOR('',#1547,1.);
#131=VECTOR('',#1552,1.);
#132=VECTOR('',#1553,1.);
#133=VECTOR('',#1554,1.);
#134=VECTOR('',#1555,1.);
#135=VECTOR('',#1558,1.);
#136=VECTOR('',#1559,1.);
#137=VECTOR('',#1566,1.);
#138=VECTOR('',#1567,1.);
#139=VECTOR('',#1570,1.);
#140=VECTOR('',#1571,1.);
#141=VECTOR('',#1574,1.);
#142=VECTOR('',#1581,1.);
#143=VECTOR('',#1582,1.);
#144=VECTOR('',#1583,1.);
#145=VECTOR('',#1584,1.);
#146=VECTOR('',#1589,1.);
#147=VECTOR('',#1590,1.);
#148=VECTOR('',#1591,1.);
#149=VECTOR('',#1592,1.);
#150=VECTOR('',#1593,1.);
#151=VECTOR('',#1596,1.);
#152=VECTOR('',#1597,1.);
#153=VECTOR('',#1600,1.);
#154=VECTOR('',#1601,1.);
#155=VECTOR('',#1608,1.);
#156=VECTOR('',#1609,1.);
#157=VECTOR('',#1612,1.);
#158=VECTOR('',#1613,1.);
#159=VECTOR('',#1616,1.);
#160=VECTOR('',#1623,1.);
#161=VECTOR('',#1624,1.);
#162=VECTOR('',#1625,1.);
#163=VECTOR('',#1626,1.);
#164=VECTOR('',#1629,1.);
#165=VECTOR('',#1630,1.);
#166=VECTOR('',#1631,1.);
#167=VECTOR('',#1634,1.);
#168=VECTOR('',#1635,1.);
#169=VECTOR('',#1636,1.);
#170=VECTOR('',#1641,1.);
#171=VECTOR('',#1642,1.);
#172=VECTOR('',#1643,1.);
#173=VECTOR('',#1650,1.);
#174=VECTOR('',#1651,1.);
#175=VECTOR('',#1654,1.);
#176=VECTOR('',#1655,1.);
#177=VECTOR('',#1658,1.);
#178=VECTOR('',#1669,1.);
#179=VECTOR('',#1672,1.);
#180=VECTOR('',#1675,1.);
#181=VECTOR('',#1678,1.);
#182=VECTOR('',#1681,1.);
#183=VECTOR('',#1684,1.);
#184=VECTOR('',#1689,1.);
#185=VECTOR('',#1690,1.);
#186=VECTOR('',#1691,1.);
#187=VECTOR('',#1694,1.);
#188=VECTOR('',#1699,1.);
#189=VECTOR('',#1700,1.);
#190=VECTOR('',#1703,1.);
#191=VECTOR('',#1708,1.);
#192=VECTOR('',#1709,1.);
#193=VECTOR('',#1712,1.);
#194=VECTOR('',#1717,1.);
#195=VECTOR('',#1718,1.);
#196=VECTOR('',#1721,1.);
#197=VECTOR('',#1726,1.);
#198=VECTOR('',#1727,1.);
#199=VECTOR('',#1730,1.);
#200=VECTOR('',#1735,1.);
#201=VECTOR('',#1736,1.);
#202=SHAPE_REPRESENTATION_RELATIONSHIP('','',#1291,#209);
#203=SHAPE_REPRESENTATION_RELATIONSHIP('','',#1292,#210);
#204=SHAPE_REPRESENTATION_RELATIONSHIP('','',#1293,#211);
#205=SHAPE_REPRESENTATION_RELATIONSHIP('','',#1294,#212);
#206=SHAPE_REPRESENTATION_RELATIONSHIP('','',#1295,#213);
#207=SHAPE_REPRESENTATION_RELATIONSHIP('','',#1296,#214);
#208=SHAPE_REPRESENTATION_RELATIONSHIP('','',#1297,#215);
#209=ADVANCED_BREP_SHAPE_REPRESENTATION('',(#1277),#6714);
#210=ADVANCED_BREP_SHAPE_REPRESENTATION('',(#1278),#6715);
#211=ADVANCED_BREP_SHAPE_REPRESENTATION('',(#1279),#6716);
#212=ADVANCED_BREP_SHAPE_REPRESENTATION('',(#1280),#6717);
#213=ADVANCED_BREP_SHAPE_REPRESENTATION('',(#1281),#6718);
#214=ADVANCED_BREP_SHAPE_REPRESENTATION('',(#1282),#6719);
#215=ADVANCED_BREP_SHAPE_REPRESENTATION('',(#1283),#6720);
#216=CONICAL_SURFACE('',#1324,0.00485,0.785398163397448);
#217=B_SPLINE_CURVE_WITH_KNOTS('',3,(#3068,#3069,#3070,#3071,#3072,#3073,
#3074,#3075,#3076,#3077,#3078,#3079,#3080,#3081,#3082,#3083,#3084,#3085,
#3086,#3087,#3088,#3089,#3090,#3091,#3092,#3093,#3094,#3095,#3096,#3097,
#3098,#3099,#3100,#3101,#3102,#3103,#3104,#3105,#3106,#3107,#3108,#3109,
#3110,#3111,#3112,#3113,#3114,#3115,#3116,#3117,#3118,#3119,#3120,#3121,
#3122,#3123,#3124,#3125,#3126,#3127,#3128,#3129,#3130,#3131,#3132,#3133,
#3134,#3135,#3136,#3137,#3138,#3139,#3140,#3141,#3142,#3143,#3144,#3145,
#3146,#3147,#3148,#3149,#3150,#3151,#3152,#3153,#3154,#3155,#3156,#3157,
#3158,#3159,#3160,#3161,#3162,#3163,#3164,#3165,#3166,#3167),
 .UNSPECIFIED.,.F.,.F.,(4,3,3,3,3,3,3,3,3,3,3,3,3,3,3,3,3,3,3,3,3,3,3,3,
3,3,3,3,3,3,3,3,3,4),(-0.790143631547407,-0.78232042727466,-0.748802748028454,
-0.715174580357209,-0.694511603968259,-0.688405637216715,-0.682423669332076,
-0.648294662694305,-0.615328699624268,-0.600906090781126,-0.594412956321507,
-0.588889897326022,-0.553644831529559,-0.51798421811452,-0.482661356863299,
-0.458137757180975,-0.449931803677074,-0.445494666031572,-0.409358634698278,
-0.384566958134005,-0.349356402024415,-0.313527100740688,-0.30352786286618,
-0.299090147995204,-0.263602209998607,-0.227050048541425,-0.190273915890496,
-0.166489676404184,-0.153646107710066,-0.148628224846286,-0.111303151133695,
-0.0740492317607347,-0.0370246158803673,0.),.PIECEWISE_BEZIER_KNOTS.);
#218=B_SPLINE_CURVE_WITH_KNOTS('',3,(#3170,#3171,#3172,#3173,#3174,#3175,
#3176,#3177,#3178,#3179,#3180),.UNSPECIFIED.,.F.,.F.,(4,1,1,1,1,1,1,1,4),
(0.,0.125,0.25,0.375,0.5,0.625,0.75,0.875,1.),.UNSPECIFIED.);
#219=B_SPLINE_CURVE_WITH_KNOTS('',3,(#3182,#3183,#3184,#3185,#3186,#3187,
#3188,#3189,#3190,#3191,#3192,#3193,#3194,#3195,#3196,#3197,#3198,#3199,
#3200,#3201,#3202,#3203,#3204,#3205,#3206,#3207,#3208,#3209,#3210,#3211,
#3212,#3213,#3214,#3215,#3216,#3217,#3218,#3219,#3220,#3221,#3222,#3223,
#3224,#3225,#3226,#3227,#3228,#3229,#3230,#3231,#3232,#3233,#3234,#3235,
#3236,#3237,#3238,#3239,#3240,#3241,#3242,#3243,#3244,#3245,#3246,#3247,
#3248,#3249,#3250,#3251,#3252,#3253,#3254,#3255,#3256,#3257,#3258,#3259,
#3260,#3261,#3262,#3263,#3264,#3265,#3266,#3267,#3268,#3269,#3270,#3271,
#3272,#3273,#3274,#3275,#3276,#3277,#3278,#3279,#3280,#3281,#3282,#3283,
#3284,#3285,#3286,#3287,#3288,#3289,#3290,#3291,#3292,#3293,#3294,#3295,
#3296,#3297,#3298,#3299,#3300,#3301,#3302,#3303,#3304,#3305,#3306,#3307,
#3308,#3309,#3310,#3311,#3312),.UNSPECIFIED.,.F.,.F.,(4,1,1,1,1,1,1,1,1,
1,1,1,1,1,1,1,1,1,1,1,1,1,1,1,1,1,1,1,1,1,1,1,1,1,1,1,1,1,1,1,1,1,1,1,1,
1,1,1,1,1,1,1,1,1,1,1,1,1,1,1,1,1,1,1,1,1,1,1,1,1,1,1,1,1,1,1,1,1,1,1,1,
1,1,1,1,1,1,1,1,1,1,1,1,1,1,1,1,1,1,1,1,1,1,1,1,1,1,1,1,1,1,1,1,1,1,1,1,
1,1,1,1,1,1,1,1,1,1,1,4),(-0.229131447425284,-0.227169046024674,-0.225206644624064,
-0.223244243223454,-0.221281841822843,-0.219319440422233,-0.217357039021623,
-0.215394637621013,-0.213432236220403,-0.211469834819793,-0.209507433419183,
-0.207545032018572,-0.205582630617962,-0.203620229217352,-0.201657827816742,
-0.199695426416132,-0.197733025015522,-0.195770623614912,-0.193808222214301,
-0.191845820813691,-0.189883419413081,-0.187921018012471,-0.185958616611861,
-0.183996215211251,-0.182033813810641,-0.18007141241003,-0.17810901100942,
-0.17614660960881,-0.1741842082082,-0.17222180680759,-0.17025940540698,
-0.16829700400637,-0.166334602605759,-0.164372201205149,-0.162409799804539,
-0.160447398403929,-0.158484997003319,-0.156522595602709,-0.154560194202099,
-0.152597792801488,-0.150635391400878,-0.148672990000268,-0.146710588599658,
-0.144748187199048,-0.142785785798438,-0.140823384397828,-0.138860982997218,
-0.136898581596607,-0.134936180195997,-0.132973778795387,-0.131011377394777,
-0.129048975994167,-0.127086574593557,-0.125124173192947,-0.123161771792336,
-0.121199370391726,-0.119236968991116,-0.117274567590506,-0.115312166189896,
-0.113349764789286,-0.111387363388676,-0.109424961988065,-0.107462560587455,
-0.105500159186845,-0.103537757786235,-0.101575356385625,-0.0996129549850147,
-0.0976505535844046,-0.0956881521837944,-0.0937257507831843,-0.0917633493825741,
-0.089800947981964,-0.0878385465813538,-0.0858761451807437,-0.0839137437801336,
-0.0819513423795234,-0.0799889409789133,-0.0780265395783031,-0.076064138177693,
-0.0741017367770829,-0.0721393353764727,-0.0701769339758626,-0.0682145325752524,
-0.0662521311746423,-0.0642897297740321,-0.062327328373422,-0.0603649269728119,
-0.0584025255722017,-0.0564401241715916,-0.0544777227709815,-0.0525153213703713,
-0.0505529199697612,-0.048590518569151,-0.0466281171685409,-0.0446657157679307,
-0.0427033143673206,-0.0407409129667105,-0.0387785115661003,-0.0368161101654902,
-0.03485370876488,-0.0328913073642699,-0.0309289059636598,-0.0289665045630496,
-0.0270041031624395,-0.0250417017618293,-0.0230793003612192,-0.0211168989606091,
-0.0191544975599989,-0.0171920961593888,-0.0152296947587786,-0.0132672933581685,
-0.0113048919575583,-0.00934249055694821,-0.00738008915633807,-0.00541768775572793,
-0.00345528635511778,-0.00149288495450764,0.000469516446102497,0.00243191784671264,
0.00439431924732278,0.00635672064793292,0.00831912204854306,0.0102815234491532,
0.0122439248497633,0.0142063262503735,0.0161687276509836,0.0181311290515938,
0.0200935304522039,0.022055931852814),.UNSPECIFIED.);
#220=B_SPLINE_CURVE_WITH_KNOTS('',3,(#3314,#3315,#3316,#3317,#3318,#3319,
#3320,#3321,#3322,#3323,#3324,#3325,#3326,#3327,#3328,#3329,#3330,#3331,
#3332,#3333,#3334,#3335,#3336,#3337,#3338,#3339,#3340,#3341,#3342,#3343,
#3344,#3345,#3346,#3347,#3348,#3349,#3350,#3351,#3352,#3353,#3354,#3355,
#3356,#3357,#3358,#3359,#3360,#3361,#3362,#3363,#3364,#3365,#3366,#3367,
#3368,#3369,#3370,#3371,#3372,#3373,#3374,#3375,#3376,#3377,#3378,#3379,
#3380,#3381,#3382,#3383,#3384,#3385,#3386,#3387,#3388,#3389,#3390,#3391,
#3392,#3393,#3394,#3395,#3396,#3397,#3398,#3399,#3400,#3401,#3402,#3403,
#3404,#3405,#3406,#3407,#3408,#3409,#3410),.UNSPECIFIED.,.F.,.F.,(4,3,3,
3,3,3,3,3,3,3,3,3,3,3,3,3,3,3,3,3,3,3,3,3,3,3,3,3,3,3,3,3,4),(-0.780432929098611,
-0.743188032677398,-0.70627448914303,-0.684741700033388,-0.67790193433876,
-0.672448947874114,-0.635852865073328,-0.601589989862756,-0.586599981958131,
-0.578103191236948,-0.570473074751546,-0.533994209616339,-0.497597757029337,
-0.462159229997881,-0.437056888345599,-0.427655837074427,-0.422703037675454,
-0.387425842745451,-0.361749863388754,-0.326166460395675,-0.290276203762723,
-0.281155721467433,-0.276193509218594,-0.241030827533958,-0.205658050531468,
-0.170553487494833,-0.149234301557979,-0.14182161307971,-0.135581015707503,
-0.100967452182019,-0.0667529717425085,-0.0333764858712542,0.),
 .UNSPECIFIED.);
#221=B_SPLINE_CURVE_WITH_KNOTS('',3,(#3412,#3413,#3414,#3415,#3416,#3417,
#3418,#3419,#3420,#3421,#3422,#3423,#3424,#3425,#3426,#3427,#3428,#3429,
#3430,#3431,#3432,#3433,#3434,#3435,#3436,#3437,#3438,#3439,#3440,#3441,
#3442,#3443,#3444,#3445,#3446,#3447,#3448,#3449,#3450,#3451,#3452,#3453,
#3454,#3455,#3456,#3457,#3458,#3459,#3460,#3461,#3462,#3463,#3464,#3465,
#3466,#3467,#3468,#3469,#3470,#3471,#3472,#3473,#3474,#3475,#3476,#3477,
#3478,#3479,#3480,#3481,#3482,#3483,#3484,#3485,#3486,#3487,#3488,#3489,
#3490,#3491,#3492,#3493,#3494,#3495,#3496,#3497,#3498,#3499,#3500,#3501,
#3502,#3503,#3504,#3505,#3506,#3507,#3508,#3509,#3510,#3511,#3512,#3513,
#3514,#3515,#3516,#3517,#3518,#3519,#3520,#3521,#3522,#3523,#3524,#3525,
#3526,#3527,#3528,#3529,#3530,#3531,#3532,#3533,#3534,#3535,#3536,#3537,
#3538,#3539,#3540,#3541,#3542),.UNSPECIFIED.,.F.,.F.,(4,1,1,1,1,1,1,1,1,
1,1,1,1,1,1,1,1,1,1,1,1,1,1,1,1,1,1,1,1,1,1,1,1,1,1,1,1,1,1,1,1,1,1,1,1,
1,1,1,1,1,1,1,1,1,1,1,1,1,1,1,1,1,1,1,1,1,1,1,1,1,1,1,1,1,1,1,1,1,1,1,1,
1,1,1,1,1,1,1,1,1,1,1,1,1,1,1,1,1,1,1,1,1,1,1,1,1,1,1,1,1,1,1,1,1,1,1,1,
1,1,1,1,1,1,1,1,1,1,1,4),(-0.271381861608651,-0.269056607017498,-0.266731352426345,
-0.264406097835192,-0.26208084324404,-0.259755588652887,-0.257430334061734,
-0.255105079470581,-0.252779824879429,-0.250454570288276,-0.248129315697123,
-0.24580406110597,-0.243478806514818,-0.241153551923665,-0.238828297332512,
-0.236503042741359,-0.234177788150207,-0.231852533559054,-0.229527278967901,
-0.227202024376748,-0.224876769785596,-0.222551515194443,-0.22022626060329,
-0.217901006012138,-0.215575751420985,-0.213250496829832,-0.210925242238679,
-0.208599987647527,-0.206274733056374,-0.203949478465221,-0.201624223874068,
-0.199298969282916,-0.196973714691763,-0.19464846010061,-0.192323205509457,
-0.189997950918305,-0.187672696327152,-0.185347441735999,-0.183022187144846,
-0.180696932553694,-0.178371677962541,-0.176046423371388,-0.173721168780236,
-0.171395914189083,-0.16907065959793,-0.166745405006777,-0.164420150415625,
-0.162094895824472,-0.159769641233319,-0.157444386642166,-0.155119132051014,
-0.152793877459861,-0.150468622868708,-0.148143368277555,-0.145818113686403,
-0.14349285909525,-0.141167604504097,-0.138842349912944,-0.136517095321792,
-0.134191840730639,-0.131866586139486,-0.129541331548333,-0.127216076957181,
-0.124890822366028,-0.122565567774875,-0.120240313183723,-0.11791505859257,
-0.115589804001417,-0.113264549410264,-0.110939294819112,-0.108614040227959,
-0.106288785636806,-0.103963531045653,-0.101638276454501,-0.0993130218633479,
-0.0969877672721951,-0.0946625126810424,-0.0923372580898897,-0.0900120034987369,
-0.0876867489075842,-0.0853614943164314,-0.0830362397252787,-0.080710985134126,
-0.0783857305429732,-0.0760604759518205,-0.0737352213606678,-0.071409966769515,
-0.0690847121783623,-0.0667594575872095,-0.0644342029960568,-0.0621089484049041,
-0.0597836938137513,-0.0574584392225986,-0.0551331846314458,-0.0528079300402931,
-0.0504826754491404,-0.0481574208579876,-0.0458321662668349,-0.0435069116756822,
-0.0411816570845294,-0.0388564024933767,-0.0365311479022239,-0.0342058933110712,
-0.0318806387199185,-0.0295553841287657,-0.027230129537613,-0.0249048749464602,
-0.0225796203553075,-0.0202543657641548,-0.017929111173002,-0.0156038565818493,
-0.0132786019906966,-0.0109533473995438,-0.00862809280839108,-0.00630283821723834,
-0.0039775836260856,-0.00165232903493286,0.000672925556219875,0.00299818014737261,
0.00532343473852535,0.00764868932967809,0.00997394392083083,0.0122991985119836,
0.0146244531031363,0.016949707694289,0.0192749622854418,0.0216002168765945,
0.0239254714677473,0.0262507260589),.UNSPECIFIED.);
#222=B_SPLINE_CURVE_WITH_KNOTS('',3,(#3548,#3549,#3550,#3551,#3552,#3553,
#3554,#3555,#3556,#3557,#3558,#3559,#3560,#3561,#3562,#3563,#3564,#3565,
#3566,#3567,#3568,#3569,#3570,#3571,#3572,#3573,#3574,#3575,#3576,#3577,
#3578,#3579,#3580,#3581,#3582,#3583,#3584,#3585,#3586,#3587,#3588,#3589,
#3590,#3591,#3592,#3593,#3594,#3595,#3596,#3597,#3598,#3599,#3600,#3601,
#3602,#3603,#3604,#3605,#3606,#3607,#3608,#3609,#3610,#3611,#3612,#3613,
#3614,#3615,#3616,#3617,#3618,#3619,#3620,#3621,#3622,#3623,#3624,#3625,
#3626,#3627,#3628,#3629,#3630,#3631,#3632,#3633,#3634,#3635,#3636,#3637,
#3638,#3639,#3640,#3641,#3642,#3643,#3644,#3645,#3646,#3647),
 .UNSPECIFIED.,.F.,.F.,(4,3,3,3,3,3,3,3,3,3,3,3,3,3,3,3,3,3,3,3,3,3,3,3,
3,3,3,3,3,3,3,3,3,4),(-0.790143631547394,-0.782320427274647,-0.748802748028442,
-0.715174574998063,-0.694511598944059,-0.688405623194387,-0.682423665979962,
-0.648294654341793,-0.615328692315819,-0.600906083929455,-0.594412920319151,
-0.588889885576922,-0.55364481747197,-0.517984203905878,-0.482661341615255,
-0.458137745744941,-0.449931800348622,-0.44549466017845,-0.409358628694801,
-0.384566958134,-0.34935639753124,-0.313527092224328,-0.303527832044888,
-0.299090112952496,-0.263602169666144,-0.227050004120105,-0.190273871080063,
-0.166489637195055,-0.153646036769162,-0.148628100233599,-0.111303025215623,
-0.0740491099142739,-0.037024554957137,0.),.PIECEWISE_BEZIER_KNOTS.);
#223=B_SPLINE_CURVE_WITH_KNOTS('',3,(#4944,#4945,#4946,#4947,#4948,#4949,
#4950,#4951,#4952,#4953,#4954,#4955,#4956,#4957,#4958,#4959,#4960,#4961,
#4962,#4963,#4964,#4965,#4966,#4967,#4968,#4969,#4970,#4971,#4972,#4973,
#4974,#4975,#4976,#4977,#4978,#4979,#4980,#4981,#4982,#4983,#4984,#4985,
#4986,#4987,#4988,#4989,#4990,#4991,#4992,#4993,#4994,#4995,#4996,#4997,
#4998,#4999,#5000,#5001,#5002,#5003,#5004,#5005,#5006,#5007,#5008,#5009,
#5010,#5011,#5012,#5013,#5014,#5015,#5016,#5017,#5018,#5019,#5020,#5021,
#5022,#5023,#5024,#5025,#5026,#5027,#5028,#5029,#5030,#5031,#5032,#5033,
#5034,#5035,#5036,#5037,#5038,#5039,#5040),.UNSPECIFIED.,.F.,.F.,(4,3,3,
3,3,3,3,3,3,3,3,3,3,3,3,3,3,3,3,3,3,3,3,3,3,3,3,3,3,3,3,3,4),(-0.780432929098577,
-0.743188032677352,-0.706274487985609,-0.684741698948305,-0.67790192846506,
-0.672448938701754,-0.635852854857109,-0.601589980923565,-0.586599973577639,
-0.578103184987838,-0.570473074775975,-0.533994209668895,-0.497597755673144,
-0.462159222411205,-0.437056882655593,-0.427655819074768,-0.422703027843281,
-0.387425828640437,-0.361749863388754,-0.326166455384253,-0.290276197823845,
-0.281155574618732,-0.276193477244337,-0.241030791257709,-0.205658014686444,
-0.170553457759502,-0.149234275539564,-0.141821481328507,-0.135581000262246,
-0.100967441308249,-0.0667529695019237,-0.0333764847509619,0.),
 .UNSPECIFIED.);
#224=B_SPLINE_CURVE_WITH_KNOTS('',3,(#5043,#5044,#5045,#5046,#5047,#5048,
#5049,#5050,#5051,#5052,#5053,#5054,#5055,#5056,#5057,#5058,#5059,#5060,
#5061,#5062,#5063,#5064,#5065,#5066,#5067,#5068,#5069,#5070,#5071,#5072,
#5073,#5074,#5075,#5076,#5077,#5078,#5079,#5080,#5081,#5082,#5083,#5084,
#5085,#5086,#5087,#5088,#5089,#5090,#5091,#5092,#5093,#5094,#5095,#5096,
#5097,#5098,#5099,#5100,#5101,#5102,#5103,#5104,#5105,#5106,#5107,#5108,
#5109,#5110,#5111,#5112,#5113,#5114,#5115,#5116,#5117,#5118,#5119,#5120,
#5121,#5122,#5123,#5124,#5125,#5126,#5127,#5128,#5129,#5130,#5131,#5132,
#5133,#5134,#5135,#5136,#5137,#5138,#5139,#5140,#5141,#5142,#5143,#5144,
#5145,#5146,#5147,#5148,#5149,#5150,#5151,#5152,#5153,#5154,#5155,#5156,
#5157,#5158,#5159,#5160,#5161,#5162,#5163,#5164,#5165,#5166,#5167,#5168,
#5169,#5170,#5171,#5172,#5173),.UNSPECIFIED.,.F.,.F.,(4,1,1,1,1,1,1,1,1,
1,1,1,1,1,1,1,1,1,1,1,1,1,1,1,1,1,1,1,1,1,1,1,1,1,1,1,1,1,1,1,1,1,1,1,1,
1,1,1,1,1,1,1,1,1,1,1,1,1,1,1,1,1,1,1,1,1,1,1,1,1,1,1,1,1,1,1,1,1,1,1,1,
1,1,1,1,1,1,1,1,1,1,1,1,1,1,1,1,1,1,1,1,1,1,1,1,1,1,1,1,1,1,1,1,1,1,1,1,
1,1,1,1,1,1,1,1,1,1,1,4),(1.41661708154455E-17,0.00232479412536427,0.00464958825072853,
0.00697438237609279,0.00929917650145705,0.0116239706268213,0.0139487647521856,
0.0162735588775498,0.0185983530029141,0.0209231471282783,0.0232479412536426,
0.0255727353790069,0.0278975295043711,0.0302223236297354,0.0325471177550996,
0.0348719118804639,0.0371967060058281,0.0395215001311924,0.0418462942565567,
0.0441710883819209,0.0464958825072852,0.0488206766326494,0.0511454707580137,
0.0534702648833779,0.0557950590087422,0.0581198531341065,0.0604446472594707,
0.062769441384835,0.0650942355101992,0.0674190296355635,0.0697438237609277,
0.072068617886292,0.0743934120116563,0.0767182061370205,0.0790430002623848,
0.081367794387749,0.0836925885131133,0.0860173826384776,0.0883421767638418,
0.0906669708892061,0.0929917650145703,0.0953165591399346,0.0976413532652988,
0.0999661473906631,0.102290941516027,0.104615735641392,0.106940529766756,
0.10926532389212,0.111590118017484,0.113914912142849,0.116239706268213,
0.118564500393577,0.120889294518941,0.123214088644306,0.12553888276967,
0.127863676895034,0.130188471020398,0.132513265145763,0.134838059271127,
0.137162853396491,0.139487647521855,0.14181244164722,0.144137235772584,
0.146462029897948,0.148786824023313,0.151111618148677,0.153436412274041,
0.155761206399405,0.15808600052477,0.160410794650134,0.162735588775498,
0.165060382900862,0.167385177026227,0.169709971151591,0.172034765276955,
0.174359559402319,0.176684353527684,0.179009147653048,0.181333941778412,
0.183658735903776,0.185983530029141,0.188308324154505,0.190633118279869,
0.192957912405233,0.195282706530598,0.197607500655962,0.199932294781326,
0.20225708890669,0.204581883032055,0.206906677157419,0.209231471282783,
0.211556265408147,0.213881059533512,0.216205853658876,0.21853064778424,
0.220855441909604,0.223180236034969,0.225505030160333,0.227829824285697,
0.230154618411062,0.232479412536426,0.23480420666179,0.237129000787154,
0.239453794912519,0.241778589037883,0.244103383163247,0.246428177288611,
0.248752971413976,0.25107776553934,0.253402559664704,0.255727353790068,
0.258052147915433,0.260376942040797,0.262701736166161,0.265026530291525,
0.26735132441689,0.269676118542254,0.272000912667618,0.274325706792982,
0.276650500918347,0.278975295043711,0.281300089169075,0.283624883294439,
0.285949677419804,0.288274471545168,0.290599265670532,0.292924059795896,
0.295248853921261,0.297573648046625),.UNSPECIFIED.);
#225=B_SPLINE_CURVE_WITH_KNOTS('',3,(#5174,#5175,#5176,#5177,#5178,#5179,
#5180),.UNSPECIFIED.,.F.,.F.,(4,1,1,1,4),(0.,0.25,0.5,0.75,1.),
 .UNSPECIFIED.);
#226=B_SPLINE_CURVE_WITH_KNOTS('',3,(#5182,#5183,#5184,#5185,#5186,#5187,
#5188,#5189,#5190,#5191,#5192,#5193,#5194,#5195,#5196,#5197,#5198,#5199,
#5200,#5201,#5202,#5203,#5204,#5205,#5206,#5207,#5208,#5209,#5210,#5211,
#5212,#5213,#5214,#5215,#5216,#5217,#5218,#5219,#5220,#5221,#5222,#5223,
#5224,#5225,#5226,#5227,#5228,#5229,#5230,#5231,#5232,#5233,#5234,#5235,
#5236,#5237,#5238,#5239,#5240,#5241,#5242,#5243,#5244,#5245,#5246,#5247,
#5248,#5249,#5250,#5251,#5252,#5253,#5254,#5255,#5256,#5257,#5258,#5259,
#5260,#5261,#5262,#5263,#5264,#5265,#5266,#5267,#5268,#5269,#5270,#5271,
#5272,#5273,#5274,#5275,#5276,#5277,#5278,#5279,#5280,#5281,#5282,#5283,
#5284,#5285,#5286,#5287,#5288,#5289,#5290,#5291,#5292,#5293,#5294,#5295,
#5296,#5297,#5298,#5299,#5300,#5301,#5302,#5303,#5304,#5305,#5306,#5307,
#5308,#5309,#5310,#5311,#5312),.UNSPECIFIED.,.F.,.F.,(4,1,1,1,1,1,1,1,1,
1,1,1,1,1,1,1,1,1,1,1,1,1,1,1,1,1,1,1,1,1,1,1,1,1,1,1,1,1,1,1,1,1,1,1,1,
1,1,1,1,1,1,1,1,1,1,1,1,1,1,1,1,1,1,1,1,1,1,1,1,1,1,1,1,1,1,1,1,1,1,1,1,
1,1,1,1,1,1,1,1,1,1,1,1,1,1,1,1,1,1,1,1,1,1,1,1,1,1,1,1,1,1,1,1,1,1,1,1,
1,1,1,1,1,1,1,1,1,1,1,4),(-0.242544948632028,-0.240578075491904,-0.23861120235178,
-0.236644329211656,-0.234677456071533,-0.232710582931409,-0.230743709791285,
-0.228776836651161,-0.226809963511037,-0.224843090370913,-0.222876217230789,
-0.220909344090666,-0.218942470950542,-0.216975597810418,-0.215008724670294,
-0.21304185153017,-0.211074978390046,-0.209108105249922,-0.207141232109799,
-0.205174358969675,-0.203207485829551,-0.201240612689427,-0.199273739549303,
-0.197306866409179,-0.195339993269055,-0.193373120128932,-0.191406246988808,
-0.189439373848684,-0.18747250070856,-0.185505627568436,-0.183538754428312,
-0.181571881288188,-0.179605008148064,-0.177638135007941,-0.175671261867817,
-0.173704388727693,-0.171737515587569,-0.169770642447445,-0.167803769307321,
-0.165836896167197,-0.163870023027074,-0.16190314988695,-0.159936276746826,
-0.157969403606702,-0.156002530466578,-0.154035657326454,-0.15206878418633,
-0.150101911046207,-0.148135037906083,-0.146168164765959,-0.144201291625835,
-0.142234418485711,-0.140267545345587,-0.138300672205463,-0.13633379906534,
-0.134366925925216,-0.132400052785092,-0.130433179644968,-0.128466306504844,
-0.12649943336472,-0.124532560224596,-0.122565687084473,-0.120598813944349,
-0.118631940804225,-0.116665067664101,-0.114698194523977,-0.112731321383853,
-0.110764448243729,-0.108797575103605,-0.106830701963482,-0.104863828823358,
-0.102896955683234,-0.10093008254311,-0.0989632094029862,-0.0969963362628623,
-0.0950294631227385,-0.0930625899826146,-0.0910957168424908,-0.0891288437023669,
-0.087161970562243,-0.0851950974221192,-0.0832282242819953,-0.0812613511418714,
-0.0792944780017476,-0.0773276048616237,-0.0753607317214999,-0.073393858581376,
-0.0714269854412521,-0.0694601123011283,-0.0674932391610044,-0.0655263660208806,
-0.0635594928807567,-0.0615926197406328,-0.059625746600509,-0.0576588734603851,
-0.0556920003202613,-0.0537251271801374,-0.0517582540400135,-0.0497913808998897,
-0.0478245077597658,-0.045857634619642,-0.0438907614795181,-0.0419238883393942,
-0.0399570151992704,-0.0379901420591465,-0.0360232689190227,-0.0340563957788988,
-0.0320895226387749,-0.0301226494986511,-0.0281557763585272,-0.0261889032184034,
-0.0242220300782795,-0.0222551569381556,-0.0202882837980318,-0.0183214106579079,
-0.0163545375177841,-0.0143876643776602,-0.0124207912375363,-0.0104539180974125,
-0.00848704495728861,-0.00652017181716475,-0.00455329867704089,-0.00258642553691702,
-0.000619552396793163,0.0013473207433307,0.00331419388345456,0.00528106702357842,
0.00724794016370228,0.00921481330382614),.UNSPECIFIED.);
#227=B_SPLINE_CURVE_WITH_KNOTS('',3,(#5519,#5520,#5521,#5522,#5523,#5524,
#5525,#5526,#5527,#5528,#5529,#5530,#5531,#5532,#5533,#5534,#5535,#5536,
#5537,#5538,#5539,#5540,#5541,#5542,#5543,#5544,#5545,#5546,#5547,#5548,
#5549,#5550,#5551,#5552,#5553,#5554,#5555,#5556,#5557,#5558,#5559,#5560,
#5561,#5562,#5563,#5564,#5565,#5566,#5567,#5568,#5569,#5570,#5571,#5572,
#5573,#5574,#5575,#5576,#5577,#5578,#5579,#5580,#5581,#5582,#5583,#5584,
#5585,#5586,#5587,#5588,#5589,#5590,#5591,#5592,#5593,#5594,#5595,#5596,
#5597,#5598,#5599,#5600,#5601,#5602,#5603,#5604,#5605,#5606,#5607,#5608,
#5609,#5610,#5611,#5612,#5613,#5614,#5615,#5616,#5617,#5618),
 .UNSPECIFIED.,.F.,.F.,(4,3,3,3,3,3,3,3,3,3,3,3,3,3,3,3,3,3,3,3,3,3,3,3,
3,3,3,3,3,3,3,3,3,4),(0.,0.0367591186007588,0.0743758131104885,0.11422922986901,
0.149100969532716,0.155502305138317,0.160509336633064,0.197994877464384,
0.235465159849683,0.272473202653199,0.302655688784564,0.310575604434616,
0.315705870156868,0.352315417014179,0.388221256728058,0.39320314717866,
0.430007705986213,0.45102138416874,0.46053170261886,0.465198932175905,0.502827385267249,
0.539288635687188,0.575491028601313,0.599332969639481,0.608555479992942,
0.614423557857179,0.650224232103336,0.679224813304165,0.693075916719139,
0.701281365369702,0.735787924953503,0.766226556906654,0.783592200933559,
0.791428122942895),.PIECEWISE_BEZIER_KNOTS.);
#228=B_SPLINE_CURVE_WITH_KNOTS('',3,(#5623,#5624,#5625,#5626,#5627,#5628,
#5629,#5630,#5631,#5632,#5633,#5634,#5635,#5636,#5637,#5638,#5639,#5640,
#5641,#5642,#5643,#5644,#5645,#5646,#5647,#5648,#5649,#5650,#5651,#5652,
#5653,#5654,#5655,#5656,#5657,#5658,#5659,#5660,#5661,#5662,#5663,#5664,
#5665,#5666,#5667,#5668,#5669,#5670,#5671,#5672,#5673,#5674,#5675,#5676,
#5677,#5678,#5679,#5680,#5681,#5682,#5683,#5684,#5685,#5686,#5687,#5688,
#5689,#5690,#5691,#5692,#5693,#5694,#5695,#5696,#5697,#5698,#5699,#5700,
#5701,#5702,#5703,#5704,#5705,#5706,#5707,#5708,#5709,#5710,#5711,#5712,
#5713,#5714,#5715,#5716),.UNSPECIFIED.,.F.,.F.,(4,3,3,3,3,3,3,3,3,3,3,3,
3,3,3,3,3,3,3,3,3,3,3,3,3,3,3,3,3,3,3,4),(0.,0.0336779318608742,0.0682238843299915,
0.10346626984501,0.136978254329843,0.142544787907343,0.146936905247702,
0.182715736555023,0.218908389973974,0.255056630508786,0.284183009312508,
0.289774733014122,0.295071448590173,0.333316797156924,0.371562145723674,
0.40753296593475,0.429722992924907,0.43952012177059,0.444821887482088,0.480749881516776,
0.517848810441204,0.555207991626949,0.581128667395739,0.591408901780058,
0.596397305747438,0.634174999033841,0.666274598719697,0.681031618893206,
0.687547189658074,0.725321218373908,0.762573397777266,0.781803576773083),
 .UNSPECIFIED.);
#229=B_SPLINE_CURVE_WITH_KNOTS('',3,(#5792,#5793,#5794,#5795,#5796,#5797,
#5798,#5799,#5800,#5801,#5802,#5803,#5804,#5805,#5806,#5807,#5808,#5809,
#5810,#5811,#5812,#5813,#5814,#5815,#5816,#5817,#5818,#5819,#5820,#5821,
#5822,#5823,#5824,#5825,#5826,#5827,#5828,#5829,#5830,#5831,#5832,#5833,
#5834,#5835,#5836,#5837,#5838,#5839,#5840,#5841,#5842,#5843,#5844,#5845,
#5846,#5847,#5848,#5849,#5850,#5851,#5852,#5853,#5854,#5855,#5856,#5857,
#5858,#5859,#5860,#5861,#5862,#5863,#5864,#5865,#5866,#5867,#5868,#5869,
#5870,#5871,#5872,#5873,#5874,#5875,#5876,#5877,#5878,#5879,#5880,#5881,
#5882,#5883,#5884,#5885),.UNSPECIFIED.,.F.,.F.,(4,3,3,3,3,3,3,3,3,3,3,3,
3,3,3,3,3,3,3,3,3,3,3,3,3,3,3,3,3,3,3,4),(0.,0.0336778838976572,0.0682237956759626,
0.103466154325844,0.136978153250573,0.142544770904557,0.14693687977982,
0.18271568497287,0.218908330072289,0.2550565798025,0.284182971282793,0.289774619128589,
0.295071424960546,0.33331678534211,0.371562145723673,0.407532983752754,
0.429723009629286,0.439519799236689,0.44482182246619,0.48074984060363,0.517848777264528,
0.555207959272411,0.581128639085518,0.591408275759076,0.596396562173836,
0.634174253694512,0.6662740397152,0.681031320642017,0.687547059210225,0.725321091350667,
0.762573397777267,0.781803576773086),.UNSPECIFIED.);
#230=B_SPLINE_CURVE_WITH_KNOTS('',3,(#5890,#5891,#5892,#5893,#5894,#5895,
#5896,#5897,#5898,#5899,#5900,#5901,#5902,#5903,#5904,#5905,#5906,#5907,
#5908,#5909,#5910,#5911,#5912,#5913,#5914,#5915,#5916,#5917,#5918,#5919,
#5920,#5921,#5922,#5923,#5924,#5925,#5926,#5927,#5928,#5929,#5930,#5931,
#5932,#5933,#5934,#5935,#5936,#5937,#5938,#5939,#5940,#5941,#5942,#5943,
#5944,#5945,#5946,#5947,#5948,#5949,#5950,#5951,#5952,#5953,#5954,#5955,
#5956,#5957,#5958,#5959,#5960,#5961,#5962,#5963,#5964,#5965,#5966,#5967,
#5968,#5969,#5970,#5971,#5972,#5973,#5974,#5975,#5976,#5977,#5978,#5979,
#5980,#5981,#5982,#5983,#5984,#5985,#5986,#5987,#5988,#5989),
 .UNSPECIFIED.,.F.,.F.,(4,3,3,3,3,3,3,3,3,3,3,3,3,3,3,3,3,3,3,3,3,3,3,3,
3,3,3,3,3,3,3,3,3,4),(0.,0.0367591614113941,0.0743758833089,0.11422929129262,
0.149101023278375,0.155502500038619,0.160509510479172,0.197995058552278,
0.235465331519223,0.272473356115475,0.302655803881271,0.310576059415759,
0.31570599664563,0.352315528880796,0.388221351739406,0.393203147178658,
0.430007703549689,0.451021381884499,0.460531681149454,0.465198894303301,
0.502827352128719,0.539288603290334,0.575490993279915,0.599332938733257,
0.608555540936781,0.614423563760223,0.650224235641164,0.679224815957534,
0.693075909428762,0.701281362537654,0.735787906110809,0.766226556906645,
0.783592200933553,0.791428122942889),.PIECEWISE_BEZIER_KNOTS.);
#231=B_SPLINE_CURVE_WITH_KNOTS('',3,(#6278,#6279,#6280,#6281,#6282,#6283,
#6284,#6285,#6286,#6287,#6288,#6289,#6290,#6291,#6292,#6293,#6294,#6295,
#6296),.UNSPECIFIED.,.F.,.F.,(4,1,1,1,1,1,1,1,1,1,1,1,1,1,1,1,4),(0.,0.00253935253310368,
0.00507870506620737,0.00761805759931105,0.0101574101324147,0.0126967626655184,
0.0152361151986221,0.0177754677317258,0.0203148202648295,0.0228541727979332,
0.0253935253310368,0.0279328778641405,0.0304722303972442,0.0330115829303479,
0.0355509354634516,0.0380902879965553,0.040629640529659),.UNSPECIFIED.);
#232=B_SPLINE_CURVE_WITH_KNOTS('',3,(#6298,#6299,#6300,#6301,#6302,#6303,
#6304,#6305,#6306,#6307,#6308),.UNSPECIFIED.,.F.,.F.,(4,1,1,1,1,1,1,1,4),
(0.,0.124999928937427,0.249999857874854,0.374999786812282,0.499999715749709,
0.624999644687136,0.749999573624563,0.874999502561991,0.999999431499418),
 .UNSPECIFIED.);
#233=B_SPLINE_CURVE_WITH_KNOTS('',3,(#6309,#6310,#6311,#6312,#6313,#6314,
#6315,#6316,#6317,#6318,#6319,#6320,#6321,#6322,#6323,#6324,#6325,#6326,
#6327,#6328,#6329,#6330,#6331,#6332,#6333,#6334,#6335,#6336,#6337,#6338,
#6339,#6340,#6341,#6342,#6343),.UNSPECIFIED.,.F.,.F.,(4,1,1,1,1,1,1,1,1,
1,1,1,1,1,1,1,1,1,1,1,1,1,1,1,1,1,1,1,1,1,1,1,4),(-0.0562814874675276,-0.0541577297857058,
-0.0520339721038841,-0.0499102144220624,-0.0477864567402406,-0.0456626990584188,
-0.0435389413765971,-0.0414151836947753,-0.0392914260129536,-0.0371676683311318,
-0.0350439106493101,-0.0329201529674883,-0.0307963952856666,-0.0286726376038448,
-0.0265488799220231,-0.0244251222402013,-0.0223013645583796,-0.0201776068765578,
-0.018053849194736,-0.0159300915129143,-0.0138063338310925,-0.0116825761492708,
-0.00955881846744903,-0.00743506078562728,-0.00531130310380553,-0.00318754542198377,
-0.00106378774016202,0.00105996994165973,0.00318372762348149,0.00530748530530324,
0.00743124298712499,0.00955500066894675,0.0116787583507685),
 .UNSPECIFIED.);
#234=B_SPLINE_CURVE_WITH_KNOTS('',3,(#6630,#6631,#6632,#6633,#6634,#6635,
#6636,#6637,#6638,#6639,#6640,#6641,#6642,#6643,#6644,#6645,#6646,#6647,
#6648,#6649,#6650,#6651,#6652,#6653,#6654,#6655,#6656,#6657,#6658,#6659,
#6660,#6661,#6662,#6663,#6664),.UNSPECIFIED.,.F.,.F.,(4,1,1,1,1,1,1,1,1,
1,1,1,1,1,1,1,1,1,1,1,1,1,1,1,1,1,1,1,1,1,1,1,4),(-0.0584395107533967,-0.0563146457559817,
-0.0541897807585668,-0.0520649157611518,-0.0499400507637368,-0.0478151857663219,
-0.0456903207689069,-0.0435654557714919,-0.041440590774077,-0.039315725776662,
-0.037190860779247,-0.0350659957818321,-0.0329411307844171,-0.0308162657870021,
-0.0286914007895872,-0.0265665357921722,-0.0244416707947572,-0.0223168057973423,
-0.0201919407999273,-0.0180670758025123,-0.0159422108050974,-0.0138173458076824,
-0.0116924808102674,-0.00956761581285246,-0.0074427508154375,-0.00531788581802253,
-0.00319302082060756,-0.0010681558231926,0.00105670917422237,0.00318157417163734,
0.00530643916905231,0.00743130416646727,0.00955616916388224),
 .UNSPECIFIED.);
#235=B_SPLINE_CURVE_WITH_KNOTS('',3,(#6665,#6666,#6667,#6668,#6669,#6670,
#6671,#6672,#6673,#6674,#6675,#6676,#6677,#6678,#6679,#6680,#6681,#6682,
#6683,#6684,#6685,#6686,#6687,#6688,#6689,#6690,#6691,#6692,#6693,#6694,
#6695,#6696,#6697,#6698,#6699),.UNSPECIFIED.,.F.,.F.,(4,1,1,1,1,1,1,1,1,
1,1,1,1,1,1,1,1,1,1,1,1,1,1,1,1,1,1,1,1,1,1,1,4),(-0.0456165969252072,-0.0437536496499488,
-0.0418907023746905,-0.0400277550994321,-0.0381648078241737,-0.0363018605489153,
-0.034438913273657,-0.0325759659983986,-0.0307130187231402,-0.0288500714478818,
-0.0269871241726235,-0.0251241768973651,-0.0232612296221067,-0.0213982823468484,
-0.01953533507159,-0.0176723877963316,-0.0158094405210732,-0.0139464932458149,
-0.0120835459705565,-0.0102205986952981,-0.00835765142003975,-0.00649470414478138,
-0.004631756869523,-0.00276880959426463,-0.000905862319006258,0.000957084956252114,
0.00282003223151049,0.00468297950676886,0.00654592678202723,0.0084088740572856,
0.010271821332544,0.0121347686078023,0.0139977158830607),.UNSPECIFIED.);
#236=B_SPLINE_CURVE_WITH_KNOTS('',3,(#6701,#6702,#6703,#6704),
 .UNSPECIFIED.,.F.,.F.,(4,4),(0.,1.),.UNSPECIFIED.);
#237=B_SPLINE_SURFACE_WITH_KNOTS('',3,3,((#1772,#1773,#1774,#1775,#1776,
#1777,#1778,#1779,#1780,#1781,#1782,#1783,#1784,#1785,#1786,#1787,#1788,
#1789,#1790,#1791,#1792,#1793,#1794,#1795,#1796,#1797,#1798,#1799,#1800,
#1801,#1802,#1803,#1804,#1805,#1806,#1807,#1808,#1809,#1810,#1811,#1812,
#1813,#1814,#1815,#1816,#1817,#1818,#1819,#1820,#1821,#1822,#1823,#1824,
#1825,#1826,#1827,#1828,#1829,#1830,#1831,#1832,#1833,#1834,#1835,#1836,
#1837,#1838,#1839,#1840,#1841,#1842,#1843,#1844,#1845,#1846,#1847,#1848,
#1849,#1850,#1851,#1852),(#1853,#1854,#1855,#1856,#1857,#1858,#1859,#1860,
#1861,#1862,#1863,#1864,#1865,#1866,#1867,#1868,#1869,#1870,#1871,#1872,
#1873,#1874,#1875,#1876,#1877,#1878,#1879,#1880,#1881,#1882,#1883,#1884,
#1885,#1886,#1887,#1888,#1889,#1890,#1891,#1892,#1893,#1894,#1895,#1896,
#1897,#1898,#1899,#1900,#1901,#1902,#1903,#1904,#1905,#1906,#1907,#1908,
#1909,#1910,#1911,#1912,#1913,#1914,#1915,#1916,#1917,#1918,#1919,#1920,
#1921,#1922,#1923,#1924,#1925,#1926,#1927,#1928,#1929,#1930,#1931,#1932,
#1933),(#1934,#1935,#1936,#1937,#1938,#1939,#1940,#1941,#1942,#1943,#1944,
#1945,#1946,#1947,#1948,#1949,#1950,#1951,#1952,#1953,#1954,#1955,#1956,
#1957,#1958,#1959,#1960,#1961,#1962,#1963,#1964,#1965,#1966,#1967,#1968,
#1969,#1970,#1971,#1972,#1973,#1974,#1975,#1976,#1977,#1978,#1979,#1980,
#1981,#1982,#1983,#1984,#1985,#1986,#1987,#1988,#1989,#1990,#1991,#1992,
#1993,#1994,#1995,#1996,#1997,#1998,#1999,#2000,#2001,#2002,#2003,#2004,
#2005,#2006,#2007,#2008,#2009,#2010,#2011,#2012,#2013,#2014),(#2015,#2016,
#2017,#2018,#2019,#2020,#2021,#2022,#2023,#2024,#2025,#2026,#2027,#2028,
#2029,#2030,#2031,#2032,#2033,#2034,#2035,#2036,#2037,#2038,#2039,#2040,
#2041,#2042,#2043,#2044,#2045,#2046,#2047,#2048,#2049,#2050,#2051,#2052,
#2053,#2054,#2055,#2056,#2057,#2058,#2059,#2060,#2061,#2062,#2063,#2064,
#2065,#2066,#2067,#2068,#2069,#2070,#2071,#2072,#2073,#2074,#2075,#2076,
#2077,#2078,#2079,#2080,#2081,#2082,#2083,#2084,#2085,#2086,#2087,#2088,
#2089,#2090,#2091,#2092,#2093,#2094,#2095),(#2096,#2097,#2098,#2099,#2100,
#2101,#2102,#2103,#2104,#2105,#2106,#2107,#2108,#2109,#2110,#2111,#2112,
#2113,#2114,#2115,#2116,#2117,#2118,#2119,#2120,#2121,#2122,#2123,#2124,
#2125,#2126,#2127,#2128,#2129,#2130,#2131,#2132,#2133,#2134,#2135,#2136,
#2137,#2138,#2139,#2140,#2141,#2142,#2143,#2144,#2145,#2146,#2147,#2148,
#2149,#2150,#2151,#2152,#2153,#2154,#2155,#2156,#2157,#2158,#2159,#2160,
#2161,#2162,#2163,#2164,#2165,#2166,#2167,#2168,#2169,#2170,#2171,#2172,
#2173,#2174,#2175,#2176),(#2177,#2178,#2179,#2180,#2181,#2182,#2183,#2184,
#2185,#2186,#2187,#2188,#2189,#2190,#2191,#2192,#2193,#2194,#2195,#2196,
#2197,#2198,#2199,#2200,#2201,#2202,#2203,#2204,#2205,#2206,#2207,#2208,
#2209,#2210,#2211,#2212,#2213,#2214,#2215,#2216,#2217,#2218,#2219,#2220,
#2221,#2222,#2223,#2224,#2225,#2226,#2227,#2228,#2229,#2230,#2231,#2232,
#2233,#2234,#2235,#2236,#2237,#2238,#2239,#2240,#2241,#2242,#2243,#2244,
#2245,#2246,#2247,#2248,#2249,#2250,#2251,#2252,#2253,#2254,#2255,#2256,
#2257),(#2258,#2259,#2260,#2261,#2262,#2263,#2264,#2265,#2266,#2267,#2268,
#2269,#2270,#2271,#2272,#2273,#2274,#2275,#2276,#2277,#2278,#2279,#2280,
#2281,#2282,#2283,#2284,#2285,#2286,#2287,#2288,#2289,#2290,#2291,#2292,
#2293,#2294,#2295,#2296,#2297,#2298,#2299,#2300,#2301,#2302,#2303,#2304,
#2305,#2306,#2307,#2308,#2309,#2310,#2311,#2312,#2313,#2314,#2315,#2316,
#2317,#2318,#2319,#2320,#2321,#2322,#2323,#2324,#2325,#2326,#2327,#2328,
#2329,#2330,#2331,#2332,#2333,#2334,#2335,#2336,#2337,#2338),(#2339,#2340,
#2341,#2342,#2343,#2344,#2345,#2346,#2347,#2348,#2349,#2350,#2351,#2352,
#2353,#2354,#2355,#2356,#2357,#2358,#2359,#2360,#2361,#2362,#2363,#2364,
#2365,#2366,#2367,#2368,#2369,#2370,#2371,#2372,#2373,#2374,#2375,#2376,
#2377,#2378,#2379,#2380,#2381,#2382,#2383,#2384,#2385,#2386,#2387,#2388,
#2389,#2390,#2391,#2392,#2393,#2394,#2395,#2396,#2397,#2398,#2399,#2400,
#2401,#2402,#2403,#2404,#2405,#2406,#2407,#2408,#2409,#2410,#2411,#2412,
#2413,#2414,#2415,#2416,#2417,#2418,#2419),(#2420,#2421,#2422,#2423,#2424,
#2425,#2426,#2427,#2428,#2429,#2430,#2431,#2432,#2433,#2434,#2435,#2436,
#2437,#2438,#2439,#2440,#2441,#2442,#2443,#2444,#2445,#2446,#2447,#2448,
#2449,#2450,#2451,#2452,#2453,#2454,#2455,#2456,#2457,#2458,#2459,#2460,
#2461,#2462,#2463,#2464,#2465,#2466,#2467,#2468,#2469,#2470,#2471,#2472,
#2473,#2474,#2475,#2476,#2477,#2478,#2479,#2480,#2481,#2482,#2483,#2484,
#2485,#2486,#2487,#2488,#2489,#2490,#2491,#2492,#2493,#2494,#2495,#2496,
#2497,#2498,#2499,#2500),(#2501,#2502,#2503,#2504,#2505,#2506,#2507,#2508,
#2509,#2510,#2511,#2512,#2513,#2514,#2515,#2516,#2517,#2518,#2519,#2520,
#2521,#2522,#2523,#2524,#2525,#2526,#2527,#2528,#2529,#2530,#2531,#2532,
#2533,#2534,#2535,#2536,#2537,#2538,#2539,#2540,#2541,#2542,#2543,#2544,
#2545,#2546,#2547,#2548,#2549,#2550,#2551,#2552,#2553,#2554,#2555,#2556,
#2557,#2558,#2559,#2560,#2561,#2562,#2563,#2564,#2565,#2566,#2567,#2568,
#2569,#2570,#2571,#2572,#2573,#2574,#2575,#2576,#2577,#2578,#2579,#2580,
#2581),(#2582,#2583,#2584,#2585,#2586,#2587,#2588,#2589,#2590,#2591,#2592,
#2593,#2594,#2595,#2596,#2597,#2598,#2599,#2600,#2601,#2602,#2603,#2604,
#2605,#2606,#2607,#2608,#2609,#2610,#2611,#2612,#2613,#2614,#2615,#2616,
#2617,#2618,#2619,#2620,#2621,#2622,#2623,#2624,#2625,#2626,#2627,#2628,
#2629,#2630,#2631,#2632,#2633,#2634,#2635,#2636,#2637,#2638,#2639,#2640,
#2641,#2642,#2643,#2644,#2645,#2646,#2647,#2648,#2649,#2650,#2651,#2652,
#2653,#2654,#2655,#2656,#2657,#2658,#2659,#2660,#2661,#2662),(#2663,#2664,
#2665,#2666,#2667,#2668,#2669,#2670,#2671,#2672,#2673,#2674,#2675,#2676,
#2677,#2678,#2679,#2680,#2681,#2682,#2683,#2684,#2685,#2686,#2687,#2688,
#2689,#2690,#2691,#2692,#2693,#2694,#2695,#2696,#2697,#2698,#2699,#2700,
#2701,#2702,#2703,#2704,#2705,#2706,#2707,#2708,#2709,#2710,#2711,#2712,
#2713,#2714,#2715,#2716,#2717,#2718,#2719,#2720,#2721,#2722,#2723,#2724,
#2725,#2726,#2727,#2728,#2729,#2730,#2731,#2732,#2733,#2734,#2735,#2736,
#2737,#2738,#2739,#2740,#2741,#2742,#2743),(#2744,#2745,#2746,#2747,#2748,
#2749,#2750,#2751,#2752,#2753,#2754,#2755,#2756,#2757,#2758,#2759,#2760,
#2761,#2762,#2763,#2764,#2765,#2766,#2767,#2768,#2769,#2770,#2771,#2772,
#2773,#2774,#2775,#2776,#2777,#2778,#2779,#2780,#2781,#2782,#2783,#2784,
#2785,#2786,#2787,#2788,#2789,#2790,#2791,#2792,#2793,#2794,#2795,#2796,
#2797,#2798,#2799,#2800,#2801,#2802,#2803,#2804,#2805,#2806,#2807,#2808,
#2809,#2810,#2811,#2812,#2813,#2814,#2815,#2816,#2817,#2818,#2819,#2820,
#2821,#2822,#2823,#2824),(#2825,#2826,#2827,#2828,#2829,#2830,#2831,#2832,
#2833,#2834,#2835,#2836,#2837,#2838,#2839,#2840,#2841,#2842,#2843,#2844,
#2845,#2846,#2847,#2848,#2849,#2850,#2851,#2852,#2853,#2854,#2855,#2856,
#2857,#2858,#2859,#2860,#2861,#2862,#2863,#2864,#2865,#2866,#2867,#2868,
#2869,#2870,#2871,#2872,#2873,#2874,#2875,#2876,#2877,#2878,#2879,#2880,
#2881,#2882,#2883,#2884,#2885,#2886,#2887,#2888,#2889,#2890,#2891,#2892,
#2893,#2894,#2895,#2896,#2897,#2898,#2899,#2900,#2901,#2902,#2903,#2904,
#2905),(#2906,#2907,#2908,#2909,#2910,#2911,#2912,#2913,#2914,#2915,#2916,
#2917,#2918,#2919,#2920,#2921,#2922,#2923,#2924,#2925,#2926,#2927,#2928,
#2929,#2930,#2931,#2932,#2933,#2934,#2935,#2936,#2937,#2938,#2939,#2940,
#2941,#2942,#2943,#2944,#2945,#2946,#2947,#2948,#2949,#2950,#2951,#2952,
#2953,#2954,#2955,#2956,#2957,#2958,#2959,#2960,#2961,#2962,#2963,#2964,
#2965,#2966,#2967,#2968,#2969,#2970,#2971,#2972,#2973,#2974,#2975,#2976,
#2977,#2978,#2979,#2980,#2981,#2982,#2983,#2984,#2985,#2986),(#2987,#2988,
#2989,#2990,#2991,#2992,#2993,#2994,#2995,#2996,#2997,#2998,#2999,#3000,
#3001,#3002,#3003,#3004,#3005,#3006,#3007,#3008,#3009,#3010,#3011,#3012,
#3013,#3014,#3015,#3016,#3017,#3018,#3019,#3020,#3021,#3022,#3023,#3024,
#3025,#3026,#3027,#3028,#3029,#3030,#3031,#3032,#3033,#3034,#3035,#3036,
#3037,#3038,#3039,#3040,#3041,#3042,#3043,#3044,#3045,#3046,#3047,#3048,
#3049,#3050,#3051,#3052,#3053,#3054,#3055,#3056,#3057,#3058,#3059,#3060,
#3061,#3062,#3063,#3064,#3065,#3066,#3067)),.RULED_SURF.,.F.,.F.,.F.,(4,
3,3,3,3,4),(4,1,1,1,1,1,1,1,1,1,1,1,1,1,1,1,1,1,1,1,1,1,1,1,1,1,1,1,1,1,
1,1,1,1,1,1,1,1,1,1,1,1,1,1,1,1,1,1,1,1,1,1,1,1,1,1,1,1,1,1,1,1,1,1,1,1,
1,1,1,1,1,1,1,1,1,1,1,1,4),(-0.00141941256941476,-0.000902264586507792,
0.,0.0496809906637673,0.050177800570405,0.0508125337041886),(13.290488469754,
14.283812266635,15.277136063516,16.2704598603971,17.2637836572781,18.2571074541591,
19.2504312510401,20.2437550479212,21.2370788448022,22.2304026416832,23.2237264385642,
24.2170502354452,25.2103740323263,26.2036978292073,27.1970216260883,28.1903454229693,
29.1836692198504,30.1769930167314,31.1703168136124,32.1636406104934,33.1569644073745,
34.1502882042555,35.1436120011365,36.1369357980175,37.1302595948985,38.1235833917796,
39.1169071886606,40.1102309855416,41.1035547824226,42.0968785793037,43.0902023761847,
44.0835261730657,45.0768499699467,46.0701737668278,47.0634975637088,48.0568213605898,
49.0501451574708,50.0434689543518,51.0367927512329,52.0301165481139,53.0234403449949,
54.0167641418759,55.010087938757,56.003411735638,56.996735532519,57.9900593294,
58.983383126281,59.9767069231621,60.9700307200431,61.9633545169241,62.9566783138051,
63.9500021106862,64.9433259075672,65.9366497044482,66.9299735013292,67.9232972982102,
68.9166210950913,69.9099448919723,70.9032686888533,71.8965924857343,72.8899162826154,
73.8832400794964,74.8765638763774,75.8698876732584,76.8632114701394,77.8565352670205,
78.8498590639015,79.8431828607825,80.8365066576635,81.8298304545446,82.8231542514256,
83.8164780483066,84.8098018451876,85.8031256420687,86.7964494389497,87.7897732358307,
88.7830970327117,89.7764208295927,90.7697446264738),.UNSPECIFIED.);
#238=B_SPLINE_SURFACE_WITH_KNOTS('',3,3,((#3648,#3649,#3650,#3651,#3652,
#3653,#3654,#3655,#3656,#3657,#3658,#3659,#3660,#3661,#3662,#3663,#3664,
#3665,#3666,#3667,#3668,#3669,#3670,#3671,#3672,#3673,#3674,#3675,#3676,
#3677,#3678,#3679,#3680,#3681,#3682,#3683,#3684,#3685,#3686,#3687,#3688,
#3689,#3690,#3691,#3692,#3693,#3694,#3695,#3696,#3697,#3698,#3699,#3700,
#3701,#3702,#3703,#3704,#3705,#3706,#3707,#3708,#3709,#3710,#3711,#3712,
#3713,#3714,#3715,#3716,#3717,#3718,#3719,#3720,#3721,#3722,#3723,#3724,
#3725,#3726,#3727,#3728),(#3729,#3730,#3731,#3732,#3733,#3734,#3735,#3736,
#3737,#3738,#3739,#3740,#3741,#3742,#3743,#3744,#3745,#3746,#3747,#3748,
#3749,#3750,#3751,#3752,#3753,#3754,#3755,#3756,#3757,#3758,#3759,#3760,
#3761,#3762,#3763,#3764,#3765,#3766,#3767,#3768,#3769,#3770,#3771,#3772,
#3773,#3774,#3775,#3776,#3777,#3778,#3779,#3780,#3781,#3782,#3783,#3784,
#3785,#3786,#3787,#3788,#3789,#3790,#3791,#3792,#3793,#3794,#3795,#3796,
#3797,#3798,#3799,#3800,#3801,#3802,#3803,#3804,#3805,#3806,#3807,#3808,
#3809),(#3810,#3811,#3812,#3813,#3814,#3815,#3816,#3817,#3818,#3819,#3820,
#3821,#3822,#3823,#3824,#3825,#3826,#3827,#3828,#3829,#3830,#3831,#3832,
#3833,#3834,#3835,#3836,#3837,#3838,#3839,#3840,#3841,#3842,#3843,#3844,
#3845,#3846,#3847,#3848,#3849,#3850,#3851,#3852,#3853,#3854,#3855,#3856,
#3857,#3858,#3859,#3860,#3861,#3862,#3863,#3864,#3865,#3866,#3867,#3868,
#3869,#3870,#3871,#3872,#3873,#3874,#3875,#3876,#3877,#3878,#3879,#3880,
#3881,#3882,#3883,#3884,#3885,#3886,#3887,#3888,#3889,#3890),(#3891,#3892,
#3893,#3894,#3895,#3896,#3897,#3898,#3899,#3900,#3901,#3902,#3903,#3904,
#3905,#3906,#3907,#3908,#3909,#3910,#3911,#3912,#3913,#3914,#3915,#3916,
#3917,#3918,#3919,#3920,#3921,#3922,#3923,#3924,#3925,#3926,#3927,#3928,
#3929,#3930,#3931,#3932,#3933,#3934,#3935,#3936,#3937,#3938,#3939,#3940,
#3941,#3942,#3943,#3944,#3945,#3946,#3947,#3948,#3949,#3950,#3951,#3952,
#3953,#3954,#3955,#3956,#3957,#3958,#3959,#3960,#3961,#3962,#3963,#3964,
#3965,#3966,#3967,#3968,#3969,#3970,#3971),(#3972,#3973,#3974,#3975,#3976,
#3977,#3978,#3979,#3980,#3981,#3982,#3983,#3984,#3985,#3986,#3987,#3988,
#3989,#3990,#3991,#3992,#3993,#3994,#3995,#3996,#3997,#3998,#3999,#4000,
#4001,#4002,#4003,#4004,#4005,#4006,#4007,#4008,#4009,#4010,#4011,#4012,
#4013,#4014,#4015,#4016,#4017,#4018,#4019,#4020,#4021,#4022,#4023,#4024,
#4025,#4026,#4027,#4028,#4029,#4030,#4031,#4032,#4033,#4034,#4035,#4036,
#4037,#4038,#4039,#4040,#4041,#4042,#4043,#4044,#4045,#4046,#4047,#4048,
#4049,#4050,#4051,#4052),(#4053,#4054,#4055,#4056,#4057,#4058,#4059,#4060,
#4061,#4062,#4063,#4064,#4065,#4066,#4067,#4068,#4069,#4070,#4071,#4072,
#4073,#4074,#4075,#4076,#4077,#4078,#4079,#4080,#4081,#4082,#4083,#4084,
#4085,#4086,#4087,#4088,#4089,#4090,#4091,#4092,#4093,#4094,#4095,#4096,
#4097,#4098,#4099,#4100,#4101,#4102,#4103,#4104,#4105,#4106,#4107,#4108,
#4109,#4110,#4111,#4112,#4113,#4114,#4115,#4116,#4117,#4118,#4119,#4120,
#4121,#4122,#4123,#4124,#4125,#4126,#4127,#4128,#4129,#4130,#4131,#4132,
#4133),(#4134,#4135,#4136,#4137,#4138,#4139,#4140,#4141,#4142,#4143,#4144,
#4145,#4146,#4147,#4148,#4149,#4150,#4151,#4152,#4153,#4154,#4155,#4156,
#4157,#4158,#4159,#4160,#4161,#4162,#4163,#4164,#4165,#4166,#4167,#4168,
#4169,#4170,#4171,#4172,#4173,#4174,#4175,#4176,#4177,#4178,#4179,#4180,
#4181,#4182,#4183,#4184,#4185,#4186,#4187,#4188,#4189,#4190,#4191,#4192,
#4193,#4194,#4195,#4196,#4197,#4198,#4199,#4200,#4201,#4202,#4203,#4204,
#4205,#4206,#4207,#4208,#4209,#4210,#4211,#4212,#4213,#4214),(#4215,#4216,
#4217,#4218,#4219,#4220,#4221,#4222,#4223,#4224,#4225,#4226,#4227,#4228,
#4229,#4230,#4231,#4232,#4233,#4234,#4235,#4236,#4237,#4238,#4239,#4240,
#4241,#4242,#4243,#4244,#4245,#4246,#4247,#4248,#4249,#4250,#4251,#4252,
#4253,#4254,#4255,#4256,#4257,#4258,#4259,#4260,#4261,#4262,#4263,#4264,
#4265,#4266,#4267,#4268,#4269,#4270,#4271,#4272,#4273,#4274,#4275,#4276,
#4277,#4278,#4279,#4280,#4281,#4282,#4283,#4284,#4285,#4286,#4287,#4288,
#4289,#4290,#4291,#4292,#4293,#4294,#4295),(#4296,#4297,#4298,#4299,#4300,
#4301,#4302,#4303,#4304,#4305,#4306,#4307,#4308,#4309,#4310,#4311,#4312,
#4313,#4314,#4315,#4316,#4317,#4318,#4319,#4320,#4321,#4322,#4323,#4324,
#4325,#4326,#4327,#4328,#4329,#4330,#4331,#4332,#4333,#4334,#4335,#4336,
#4337,#4338,#4339,#4340,#4341,#4342,#4343,#4344,#4345,#4346,#4347,#4348,
#4349,#4350,#4351,#4352,#4353,#4354,#4355,#4356,#4357,#4358,#4359,#4360,
#4361,#4362,#4363,#4364,#4365,#4366,#4367,#4368,#4369,#4370,#4371,#4372,
#4373,#4374,#4375,#4376),(#4377,#4378,#4379,#4380,#4381,#4382,#4383,#4384,
#4385,#4386,#4387,#4388,#4389,#4390,#4391,#4392,#4393,#4394,#4395,#4396,
#4397,#4398,#4399,#4400,#4401,#4402,#4403,#4404,#4405,#4406,#4407,#4408,
#4409,#4410,#4411,#4412,#4413,#4414,#4415,#4416,#4417,#4418,#4419,#4420,
#4421,#4422,#4423,#4424,#4425,#4426,#4427,#4428,#4429,#4430,#4431,#4432,
#4433,#4434,#4435,#4436,#4437,#4438,#4439,#4440,#4441,#4442,#4443,#4444,
#4445,#4446,#4447,#4448,#4449,#4450,#4451,#4452,#4453,#4454,#4455,#4456,
#4457),(#4458,#4459,#4460,#4461,#4462,#4463,#4464,#4465,#4466,#4467,#4468,
#4469,#4470,#4471,#4472,#4473,#4474,#4475,#4476,#4477,#4478,#4479,#4480,
#4481,#4482,#4483,#4484,#4485,#4486,#4487,#4488,#4489,#4490,#4491,#4492,
#4493,#4494,#4495,#4496,#4497,#4498,#4499,#4500,#4501,#4502,#4503,#4504,
#4505,#4506,#4507,#4508,#4509,#4510,#4511,#4512,#4513,#4514,#4515,#4516,
#4517,#4518,#4519,#4520,#4521,#4522,#4523,#4524,#4525,#4526,#4527,#4528,
#4529,#4530,#4531,#4532,#4533,#4534,#4535,#4536,#4537,#4538),(#4539,#4540,
#4541,#4542,#4543,#4544,#4545,#4546,#4547,#4548,#4549,#4550,#4551,#4552,
#4553,#4554,#4555,#4556,#4557,#4558,#4559,#4560,#4561,#4562,#4563,#4564,
#4565,#4566,#4567,#4568,#4569,#4570,#4571,#4572,#4573,#4574,#4575,#4576,
#4577,#4578,#4579,#4580,#4581,#4582,#4583,#4584,#4585,#4586,#4587,#4588,
#4589,#4590,#4591,#4592,#4593,#4594,#4595,#4596,#4597,#4598,#4599,#4600,
#4601,#4602,#4603,#4604,#4605,#4606,#4607,#4608,#4609,#4610,#4611,#4612,
#4613,#4614,#4615,#4616,#4617,#4618,#4619),(#4620,#4621,#4622,#4623,#4624,
#4625,#4626,#4627,#4628,#4629,#4630,#4631,#4632,#4633,#4634,#4635,#4636,
#4637,#4638,#4639,#4640,#4641,#4642,#4643,#4644,#4645,#4646,#4647,#4648,
#4649,#4650,#4651,#4652,#4653,#4654,#4655,#4656,#4657,#4658,#4659,#4660,
#4661,#4662,#4663,#4664,#4665,#4666,#4667,#4668,#4669,#4670,#4671,#4672,
#4673,#4674,#4675,#4676,#4677,#4678,#4679,#4680,#4681,#4682,#4683,#4684,
#4685,#4686,#4687,#4688,#4689,#4690,#4691,#4692,#4693,#4694,#4695,#4696,
#4697,#4698,#4699,#4700),(#4701,#4702,#4703,#4704,#4705,#4706,#4707,#4708,
#4709,#4710,#4711,#4712,#4713,#4714,#4715,#4716,#4717,#4718,#4719,#4720,
#4721,#4722,#4723,#4724,#4725,#4726,#4727,#4728,#4729,#4730,#4731,#4732,
#4733,#4734,#4735,#4736,#4737,#4738,#4739,#4740,#4741,#4742,#4743,#4744,
#4745,#4746,#4747,#4748,#4749,#4750,#4751,#4752,#4753,#4754,#4755,#4756,
#4757,#4758,#4759,#4760,#4761,#4762,#4763,#4764,#4765,#4766,#4767,#4768,
#4769,#4770,#4771,#4772,#4773,#4774,#4775,#4776,#4777,#4778,#4779,#4780,
#4781),(#4782,#4783,#4784,#4785,#4786,#4787,#4788,#4789,#4790,#4791,#4792,
#4793,#4794,#4795,#4796,#4797,#4798,#4799,#4800,#4801,#4802,#4803,#4804,
#4805,#4806,#4807,#4808,#4809,#4810,#4811,#4812,#4813,#4814,#4815,#4816,
#4817,#4818,#4819,#4820,#4821,#4822,#4823,#4824,#4825,#4826,#4827,#4828,
#4829,#4830,#4831,#4832,#4833,#4834,#4835,#4836,#4837,#4838,#4839,#4840,
#4841,#4842,#4843,#4844,#4845,#4846,#4847,#4848,#4849,#4850,#4851,#4852,
#4853,#4854,#4855,#4856,#4857,#4858,#4859,#4860,#4861,#4862),(#4863,#4864,
#4865,#4866,#4867,#4868,#4869,#4870,#4871,#4872,#4873,#4874,#4875,#4876,
#4877,#4878,#4879,#4880,#4881,#4882,#4883,#4884,#4885,#4886,#4887,#4888,
#4889,#4890,#4891,#4892,#4893,#4894,#4895,#4896,#4897,#4898,#4899,#4900,
#4901,#4902,#4903,#4904,#4905,#4906,#4907,#4908,#4909,#4910,#4911,#4912,
#4913,#4914,#4915,#4916,#4917,#4918,#4919,#4920,#4921,#4922,#4923,#4924,
#4925,#4926,#4927,#4928,#4929,#4930,#4931,#4932,#4933,#4934,#4935,#4936,
#4937,#4938,#4939,#4940,#4941,#4942,#4943)),.RULED_SURF.,.F.,.F.,.F.,(4,
3,3,3,3,4),(4,1,1,1,1,1,1,1,1,1,1,1,1,1,1,1,1,1,1,1,1,1,1,1,1,1,1,1,1,1,
1,1,1,1,1,1,1,1,1,1,1,1,1,1,1,1,1,1,1,1,1,1,1,1,1,1,1,1,1,1,1,1,1,1,1,1,
1,1,1,1,1,1,1,1,1,1,1,1,4),(-0.00110850322228167,-0.000496809906637673,
0.,0.0496809906637673,0.0507294774028411,0.0512417402759359),(9.9706597986388,
10.9639835955198,11.9573073924008,12.9506311892819,13.9439549861629,14.9372787830439,
15.9306025799249,16.923926376806,17.917250173687,18.910573970568,19.903897767449,
20.89722156433,21.8905453612111,22.8838691580921,23.8771929549731,24.8705167518541,
25.8638405487352,26.8571643456162,27.8504881424972,28.8438119393782,29.8371357362592,
30.8304595331403,31.8237833300213,32.8171071269023,33.8104309237833,34.8037547206644,
35.7970785175454,36.7904023144264,37.7837261113074,38.7770499081885,39.7703737050695,
40.7636975019505,41.7570212988315,42.7503450957125,43.7436688925936,44.7369926894746,
45.7303164863556,46.7236402832366,47.7169640801177,48.7102878769987,49.7036116738797,
50.6969354707607,51.6902592676417,52.6835830645228,53.6769068614038,54.6702306582848,
55.6635544551658,56.6568782520469,57.6502020489279,58.6435258458089,59.6368496426899,
60.630173439571,61.623497236452,62.616821033333,63.610144830214,64.603468627095,
65.5967924239761,66.5901162208571,67.5834400177381,68.5767638146191,69.5700876115002,
70.5634114083812,71.5567352052622,72.5500590021432,73.5433827990242,74.5367065959053,
75.5300303927863,76.5233541896673,77.5166779865483,78.5100017834294,79.5033255803104,
80.4966493771914,81.4899731740724,82.4832969709534,83.4766207678345,84.4699445647155,
85.4632683615965,86.4565921584775,87.4499159553586),.UNSPECIFIED.);
#239=B_SPLINE_SURFACE_WITH_KNOTS('',3,3,((#5992,#5993,#5994,#5995,#5996,
#5997,#5998,#5999,#6000,#6001,#6002,#6003,#6004,#6005,#6006,#6007,#6008,
#6009,#6010,#6011,#6012,#6013),(#6014,#6015,#6016,#6017,#6018,#6019,#6020,
#6021,#6022,#6023,#6024,#6025,#6026,#6027,#6028,#6029,#6030,#6031,#6032,
#6033,#6034,#6035),(#6036,#6037,#6038,#6039,#6040,#6041,#6042,#6043,#6044,
#6045,#6046,#6047,#6048,#6049,#6050,#6051,#6052,#6053,#6054,#6055,#6056,
#6057),(#6058,#6059,#6060,#6061,#6062,#6063,#6064,#6065,#6066,#6067,#6068,
#6069,#6070,#6071,#6072,#6073,#6074,#6075,#6076,#6077,#6078,#6079),(#6080,
#6081,#6082,#6083,#6084,#6085,#6086,#6087,#6088,#6089,#6090,#6091,#6092,
#6093,#6094,#6095,#6096,#6097,#6098,#6099,#6100,#6101),(#6102,#6103,#6104,
#6105,#6106,#6107,#6108,#6109,#6110,#6111,#6112,#6113,#6114,#6115,#6116,
#6117,#6118,#6119,#6120,#6121,#6122,#6123),(#6124,#6125,#6126,#6127,#6128,
#6129,#6130,#6131,#6132,#6133,#6134,#6135,#6136,#6137,#6138,#6139,#6140,
#6141,#6142,#6143,#6144,#6145),(#6146,#6147,#6148,#6149,#6150,#6151,#6152,
#6153,#6154,#6155,#6156,#6157,#6158,#6159,#6160,#6161,#6162,#6163,#6164,
#6165,#6166,#6167),(#6168,#6169,#6170,#6171,#6172,#6173,#6174,#6175,#6176,
#6177,#6178,#6179,#6180,#6181,#6182,#6183,#6184,#6185,#6186,#6187,#6188,
#6189),(#6190,#6191,#6192,#6193,#6194,#6195,#6196,#6197,#6198,#6199,#6200,
#6201,#6202,#6203,#6204,#6205,#6206,#6207,#6208,#6209,#6210,#6211),(#6212,
#6213,#6214,#6215,#6216,#6217,#6218,#6219,#6220,#6221,#6222,#6223,#6224,
#6225,#6226,#6227,#6228,#6229,#6230,#6231,#6232,#6233),(#6234,#6235,#6236,
#6237,#6238,#6239,#6240,#6241,#6242,#6243,#6244,#6245,#6246,#6247,#6248,
#6249,#6250,#6251,#6252,#6253,#6254,#6255),(#6256,#6257,#6258,#6259,#6260,
#6261,#6262,#6263,#6264,#6265,#6266,#6267,#6268,#6269,#6270,#6271,#6272,
#6273,#6274,#6275,#6276,#6277)),.RULED_SURF.,.F.,.F.,.F.,(4,3,3,3,4),(4,
1,1,1,1,1,1,1,1,1,1,1,1,1,1,1,1,1,1,4),(-0.00139444335006248,0.,0.0483242175311717,
0.0488074597064834,0.0495305346867272),(14.3991256467176,15.3875130630139,
16.3759004793103,17.3642878956067,18.352675311903,19.3410627281994,20.3294501444958,
21.3178375607921,22.3062249770885,23.2946123933849,24.2829998096812,25.2713872259776,
26.259774642274,27.2481620585703,28.2365494748667,29.2249368911631,30.2133243074594,
31.2017117237558,32.1900991400521,33.1784865563485),.UNSPECIFIED.);
#240=B_SPLINE_SURFACE_WITH_KNOTS('',3,3,((#6344,#6345,#6346,#6347,#6348,
#6349,#6350,#6351,#6352,#6353,#6354,#6355,#6356,#6357,#6358,#6359,#6360,
#6361,#6362,#6363,#6364,#6365),(#6366,#6367,#6368,#6369,#6370,#6371,#6372,
#6373,#6374,#6375,#6376,#6377,#6378,#6379,#6380,#6381,#6382,#6383,#6384,
#6385,#6386,#6387),(#6388,#6389,#6390,#6391,#6392,#6393,#6394,#6395,#6396,
#6397,#6398,#6399,#6400,#6401,#6402,#6403,#6404,#6405,#6406,#6407,#6408,
#6409),(#6410,#6411,#6412,#6413,#6414,#6415,#6416,#6417,#6418,#6419,#6420,
#6421,#6422,#6423,#6424,#6425,#6426,#6427,#6428,#6429,#6430,#6431),(#6432,
#6433,#6434,#6435,#6436,#6437,#6438,#6439,#6440,#6441,#6442,#6443,#6444,
#6445,#6446,#6447,#6448,#6449,#6450,#6451,#6452,#6453),(#6454,#6455,#6456,
#6457,#6458,#6459,#6460,#6461,#6462,#6463,#6464,#6465,#6466,#6467,#6468,
#6469,#6470,#6471,#6472,#6473,#6474,#6475),(#6476,#6477,#6478,#6479,#6480,
#6481,#6482,#6483,#6484,#6485,#6486,#6487,#6488,#6489,#6490,#6491,#6492,
#6493,#6494,#6495,#6496,#6497),(#6498,#6499,#6500,#6501,#6502,#6503,#6504,
#6505,#6506,#6507,#6508,#6509,#6510,#6511,#6512,#6513,#6514,#6515,#6516,
#6517,#6518,#6519),(#6520,#6521,#6522,#6523,#6524,#6525,#6526,#6527,#6528,
#6529,#6530,#6531,#6532,#6533,#6534,#6535,#6536,#6537,#6538,#6539,#6540,
#6541),(#6542,#6543,#6544,#6545,#6546,#6547,#6548,#6549,#6550,#6551,#6552,
#6553,#6554,#6555,#6556,#6557,#6558,#6559,#6560,#6561,#6562,#6563),(#6564,
#6565,#6566,#6567,#6568,#6569,#6570,#6571,#6572,#6573,#6574,#6575,#6576,
#6577,#6578,#6579,#6580,#6581,#6582,#6583,#6584,#6585),(#6586,#6587,#6588,
#6589,#6590,#6591,#6592,#6593,#6594,#6595,#6596,#6597,#6598,#6599,#6600,
#6601,#6602,#6603,#6604,#6605,#6606,#6607),(#6608,#6609,#6610,#6611,#6612,
#6613,#6614,#6615,#6616,#6617,#6618,#6619,#6620,#6621,#6622,#6623,#6624,
#6625,#6626,#6627,#6628,#6629)),.RULED_SURF.,.F.,.F.,.F.,(4,3,3,3,4),(4,
1,1,1,1,1,1,1,1,1,1,1,1,1,1,1,1,1,1,4),(-0.00113239336042865,-0.000483242175311717,
0.,0.0483242175311717,0.0496300558325899),(11.8510081451052,12.8393955614016,
13.8277829776979,14.8161703939943,15.8045578102907,16.792945226587,17.7813326428834,
18.7697200591798,19.7581074754761,20.7464948917725,21.7348823080689,22.7232697243652,
23.7116571406616,24.700044556958,25.6884319732543,26.6768193895507,27.665206805847,
28.6535942221434,29.6419816384398,30.6303690547361),.UNSPECIFIED.);
#241=CYLINDRICAL_SURFACE('',#1302,0.003);
#242=CYLINDRICAL_SURFACE('',#1311,0.0018);
#243=CYLINDRICAL_SURFACE('',#1315,0.0035);
#244=CYLINDRICAL_SURFACE('',#1322,0.0051);
#245=CYLINDRICAL_SURFACE('',#1325,0.00352375);
#246=CYLINDRICAL_SURFACE('',#1326,0.003954);
#247=CYLINDRICAL_SURFACE('',#1334,0.003);
#248=CYLINDRICAL_SURFACE('',#1335,0.0018);
#249=CYLINDRICAL_SURFACE('',#1342,0.0005);
#250=CYLINDRICAL_SURFACE('',#1354,0.0005);
#251=CYLINDRICAL_SURFACE('',#1366,0.0005);
#252=CYLINDRICAL_SURFACE('',#1378,0.0005);
#253=CYLINDRICAL_SURFACE('',#1395,0.00525);
#254=CYLINDRICAL_SURFACE('',#1398,0.00525);
#255=CYLINDRICAL_SURFACE('',#1401,0.00525);
#256=CYLINDRICAL_SURFACE('',#1404,0.00525);
#257=CYLINDRICAL_SURFACE('',#1407,0.00525);
#258=CYLINDRICAL_SURFACE('',#1410,0.00525);
#259=CYLINDRICAL_SURFACE('',#1415,0.00406005);
#260=CYLINDRICAL_SURFACE('',#1416,0.00364155);
#261=ORIENTED_EDGE('',*,*,#577,.F.);
#262=ORIENTED_EDGE('',*,*,#578,.T.);
#263=ORIENTED_EDGE('',*,*,#579,.F.);
#264=ORIENTED_EDGE('',*,*,#580,.F.);
#265=ORIENTED_EDGE('',*,*,#581,.T.);
#266=ORIENTED_EDGE('',*,*,#582,.T.);
#267=ORIENTED_EDGE('',*,*,#580,.T.);
#268=ORIENTED_EDGE('',*,*,#583,.F.);
#269=ORIENTED_EDGE('',*,*,#583,.T.);
#270=ORIENTED_EDGE('',*,*,#582,.F.);
#271=ORIENTED_EDGE('',*,*,#584,.F.);
#272=ORIENTED_EDGE('',*,*,#585,.F.);
#273=ORIENTED_EDGE('',*,*,#586,.F.);
#274=ORIENTED_EDGE('',*,*,#587,.F.);
#275=ORIENTED_EDGE('',*,*,#588,.F.);
#276=ORIENTED_EDGE('',*,*,#589,.F.);
#277=ORIENTED_EDGE('',*,*,#587,.T.);
#278=ORIENTED_EDGE('',*,*,#590,.T.);
#279=ORIENTED_EDGE('',*,*,#591,.T.);
#280=ORIENTED_EDGE('',*,*,#592,.F.);
#281=ORIENTED_EDGE('',*,*,#593,.F.);
#282=ORIENTED_EDGE('',*,*,#591,.F.);
#283=ORIENTED_EDGE('',*,*,#594,.T.);
#284=ORIENTED_EDGE('',*,*,#595,.T.);
#285=ORIENTED_EDGE('',*,*,#596,.T.);
#286=ORIENTED_EDGE('',*,*,#581,.F.);
#287=ORIENTED_EDGE('',*,*,#596,.F.);
#288=ORIENTED_EDGE('',*,*,#584,.T.);
#289=ORIENTED_EDGE('',*,*,#597,.F.);
#290=ORIENTED_EDGE('',*,*,#592,.T.);
#291=ORIENTED_EDGE('',*,*,#598,.T.);
#292=ORIENTED_EDGE('',*,*,#579,.T.);
#293=ORIENTED_EDGE('',*,*,#599,.F.);
#294=ORIENTED_EDGE('',*,*,#600,.F.);
#295=ORIENTED_EDGE('',*,*,#578,.F.);
#296=ORIENTED_EDGE('',*,*,#600,.T.);
#297=ORIENTED_EDGE('',*,*,#599,.T.);
#298=ORIENTED_EDGE('',*,*,#595,.F.);
#299=ORIENTED_EDGE('',*,*,#594,.F.);
#300=ORIENTED_EDGE('',*,*,#590,.F.);
#301=ORIENTED_EDGE('',*,*,#586,.T.);
#302=ORIENTED_EDGE('',*,*,#585,.T.);
#303=ORIENTED_EDGE('',*,*,#598,.F.);
#304=ORIENTED_EDGE('',*,*,#577,.T.);
#305=ORIENTED_EDGE('',*,*,#593,.T.);
#306=ORIENTED_EDGE('',*,*,#597,.T.);
#307=ORIENTED_EDGE('',*,*,#588,.T.);
#308=ORIENTED_EDGE('',*,*,#589,.T.);
#309=ORIENTED_EDGE('',*,*,#601,.T.);
#310=ORIENTED_EDGE('',*,*,#602,.T.);
#311=ORIENTED_EDGE('',*,*,#603,.T.);
#312=ORIENTED_EDGE('',*,*,#604,.T.);
#313=ORIENTED_EDGE('',*,*,#604,.F.);
#314=ORIENTED_EDGE('',*,*,#602,.F.);
#315=ORIENTED_EDGE('',*,*,#603,.F.);
#316=ORIENTED_EDGE('',*,*,#601,.F.);
#317=ORIENTED_EDGE('',*,*,#605,.F.);
#318=ORIENTED_EDGE('',*,*,#606,.F.);
#319=ORIENTED_EDGE('',*,*,#607,.F.);
#320=ORIENTED_EDGE('',*,*,#608,.F.);
#321=ORIENTED_EDGE('',*,*,#609,.F.);
#322=ORIENTED_EDGE('',*,*,#610,.F.);
#323=ORIENTED_EDGE('',*,*,#605,.T.);
#324=ORIENTED_EDGE('',*,*,#611,.T.);
#325=ORIENTED_EDGE('',*,*,#612,.T.);
#326=ORIENTED_EDGE('',*,*,#613,.F.);
#327=ORIENTED_EDGE('',*,*,#611,.F.);
#328=ORIENTED_EDGE('',*,*,#608,.T.);
#329=ORIENTED_EDGE('',*,*,#614,.T.);
#330=ORIENTED_EDGE('',*,*,#615,.F.);
#331=ORIENTED_EDGE('',*,*,#616,.F.);
#332=ORIENTED_EDGE('',*,*,#617,.F.);
#333=ORIENTED_EDGE('',*,*,#614,.F.);
#334=ORIENTED_EDGE('',*,*,#607,.T.);
#335=ORIENTED_EDGE('',*,*,#618,.T.);
#336=ORIENTED_EDGE('',*,*,#619,.F.);
#337=ORIENTED_EDGE('',*,*,#612,.F.);
#338=ORIENTED_EDGE('',*,*,#620,.T.);
#339=ORIENTED_EDGE('',*,*,#621,.T.);
#340=ORIENTED_EDGE('',*,*,#615,.T.);
#341=ORIENTED_EDGE('',*,*,#617,.T.);
#342=ORIENTED_EDGE('',*,*,#622,.F.);
#343=ORIENTED_EDGE('',*,*,#616,.T.);
#344=ORIENTED_EDGE('',*,*,#621,.F.);
#345=ORIENTED_EDGE('',*,*,#623,.T.);
#346=ORIENTED_EDGE('',*,*,#619,.T.);
#347=ORIENTED_EDGE('',*,*,#624,.F.);
#348=ORIENTED_EDGE('',*,*,#623,.F.);
#349=ORIENTED_EDGE('',*,*,#620,.F.);
#350=ORIENTED_EDGE('',*,*,#618,.F.);
#351=ORIENTED_EDGE('',*,*,#606,.T.);
#352=ORIENTED_EDGE('',*,*,#610,.T.);
#353=ORIENTED_EDGE('',*,*,#613,.T.);
#354=ORIENTED_EDGE('',*,*,#622,.T.);
#355=ORIENTED_EDGE('',*,*,#624,.T.);
#356=ORIENTED_EDGE('',*,*,#609,.T.);
#357=ORIENTED_EDGE('',*,*,#625,.T.);
#358=ORIENTED_EDGE('',*,*,#626,.T.);
#359=ORIENTED_EDGE('',*,*,#627,.T.);
#360=ORIENTED_EDGE('',*,*,#628,.T.);
#361=ORIENTED_EDGE('',*,*,#629,.F.);
#362=ORIENTED_EDGE('',*,*,#630,.F.);
#363=ORIENTED_EDGE('',*,*,#625,.F.);
#364=ORIENTED_EDGE('',*,*,#631,.T.);
#365=ORIENTED_EDGE('',*,*,#632,.T.);
#366=ORIENTED_EDGE('',*,*,#633,.F.);
#367=ORIENTED_EDGE('',*,*,#631,.F.);
#368=ORIENTED_EDGE('',*,*,#628,.F.);
#369=ORIENTED_EDGE('',*,*,#634,.T.);
#370=ORIENTED_EDGE('',*,*,#635,.F.);
#371=ORIENTED_EDGE('',*,*,#636,.F.);
#372=ORIENTED_EDGE('',*,*,#637,.F.);
#373=ORIENTED_EDGE('',*,*,#634,.F.);
#374=ORIENTED_EDGE('',*,*,#627,.F.);
#375=ORIENTED_EDGE('',*,*,#638,.T.);
#376=ORIENTED_EDGE('',*,*,#639,.F.);
#377=ORIENTED_EDGE('',*,*,#632,.F.);
#378=ORIENTED_EDGE('',*,*,#640,.T.);
#379=ORIENTED_EDGE('',*,*,#641,.T.);
#380=ORIENTED_EDGE('',*,*,#635,.T.);
#381=ORIENTED_EDGE('',*,*,#637,.T.);
#382=ORIENTED_EDGE('',*,*,#642,.F.);
#383=ORIENTED_EDGE('',*,*,#636,.T.);
#384=ORIENTED_EDGE('',*,*,#641,.F.);
#385=ORIENTED_EDGE('',*,*,#643,.T.);
#386=ORIENTED_EDGE('',*,*,#639,.T.);
#387=ORIENTED_EDGE('',*,*,#644,.F.);
#388=ORIENTED_EDGE('',*,*,#643,.F.);
#389=ORIENTED_EDGE('',*,*,#640,.F.);
#390=ORIENTED_EDGE('',*,*,#638,.F.);
#391=ORIENTED_EDGE('',*,*,#626,.F.);
#392=ORIENTED_EDGE('',*,*,#630,.T.);
#393=ORIENTED_EDGE('',*,*,#633,.T.);
#394=ORIENTED_EDGE('',*,*,#642,.T.);
#395=ORIENTED_EDGE('',*,*,#644,.T.);
#396=ORIENTED_EDGE('',*,*,#629,.T.);
#397=ORIENTED_EDGE('',*,*,#645,.F.);
#398=ORIENTED_EDGE('',*,*,#646,.F.);
#399=ORIENTED_EDGE('',*,*,#647,.F.);
#400=ORIENTED_EDGE('',*,*,#648,.F.);
#401=ORIENTED_EDGE('',*,*,#649,.T.);
#402=ORIENTED_EDGE('',*,*,#650,.F.);
#403=ORIENTED_EDGE('',*,*,#651,.F.);
#404=ORIENTED_EDGE('',*,*,#645,.T.);
#405=ORIENTED_EDGE('',*,*,#652,.T.);
#406=ORIENTED_EDGE('',*,*,#653,.F.);
#407=ORIENTED_EDGE('',*,*,#654,.F.);
#408=ORIENTED_EDGE('',*,*,#655,.F.);
#409=ORIENTED_EDGE('',*,*,#652,.F.);
#410=ORIENTED_EDGE('',*,*,#648,.T.);
#411=ORIENTED_EDGE('',*,*,#656,.T.);
#412=ORIENTED_EDGE('',*,*,#657,.F.);
#413=ORIENTED_EDGE('',*,*,#658,.F.);
#414=ORIENTED_EDGE('',*,*,#646,.T.);
#415=ORIENTED_EDGE('',*,*,#651,.T.);
#416=ORIENTED_EDGE('',*,*,#649,.F.);
#417=ORIENTED_EDGE('',*,*,#659,.F.);
#418=ORIENTED_EDGE('',*,*,#660,.T.);
#419=ORIENTED_EDGE('',*,*,#661,.T.);
#420=ORIENTED_EDGE('',*,*,#653,.T.);
#421=ORIENTED_EDGE('',*,*,#655,.T.);
#422=ORIENTED_EDGE('',*,*,#662,.F.);
#423=ORIENTED_EDGE('',*,*,#654,.T.);
#424=ORIENTED_EDGE('',*,*,#661,.F.);
#425=ORIENTED_EDGE('',*,*,#663,.T.);
#426=ORIENTED_EDGE('',*,*,#659,.T.);
#427=ORIENTED_EDGE('',*,*,#664,.F.);
#428=ORIENTED_EDGE('',*,*,#663,.F.);
#429=ORIENTED_EDGE('',*,*,#660,.F.);
#430=ORIENTED_EDGE('',*,*,#656,.F.);
#431=ORIENTED_EDGE('',*,*,#647,.T.);
#432=ORIENTED_EDGE('',*,*,#658,.T.);
#433=ORIENTED_EDGE('',*,*,#650,.T.);
#434=ORIENTED_EDGE('',*,*,#662,.T.);
#435=ORIENTED_EDGE('',*,*,#664,.T.);
#436=ORIENTED_EDGE('',*,*,#657,.T.);
#437=ORIENTED_EDGE('',*,*,#665,.F.);
#438=ORIENTED_EDGE('',*,*,#666,.F.);
#439=ORIENTED_EDGE('',*,*,#667,.F.);
#440=ORIENTED_EDGE('',*,*,#668,.F.);
#441=ORIENTED_EDGE('',*,*,#669,.F.);
#442=ORIENTED_EDGE('',*,*,#670,.F.);
#443=ORIENTED_EDGE('',*,*,#665,.T.);
#444=ORIENTED_EDGE('',*,*,#671,.T.);
#445=ORIENTED_EDGE('',*,*,#672,.F.);
#446=ORIENTED_EDGE('',*,*,#673,.F.);
#447=ORIENTED_EDGE('',*,*,#667,.T.);
#448=ORIENTED_EDGE('',*,*,#674,.T.);
#449=ORIENTED_EDGE('',*,*,#675,.T.);
#450=ORIENTED_EDGE('',*,*,#676,.F.);
#451=ORIENTED_EDGE('',*,*,#674,.F.);
#452=ORIENTED_EDGE('',*,*,#666,.T.);
#453=ORIENTED_EDGE('',*,*,#670,.T.);
#454=ORIENTED_EDGE('',*,*,#677,.F.);
#455=ORIENTED_EDGE('',*,*,#678,.F.);
#456=ORIENTED_EDGE('',*,*,#679,.F.);
#457=ORIENTED_EDGE('',*,*,#675,.F.);
#458=ORIENTED_EDGE('',*,*,#680,.T.);
#459=ORIENTED_EDGE('',*,*,#681,.T.);
#460=ORIENTED_EDGE('',*,*,#677,.T.);
#461=ORIENTED_EDGE('',*,*,#669,.T.);
#462=ORIENTED_EDGE('',*,*,#682,.F.);
#463=ORIENTED_EDGE('',*,*,#678,.T.);
#464=ORIENTED_EDGE('',*,*,#681,.F.);
#465=ORIENTED_EDGE('',*,*,#683,.T.);
#466=ORIENTED_EDGE('',*,*,#679,.T.);
#467=ORIENTED_EDGE('',*,*,#684,.F.);
#468=ORIENTED_EDGE('',*,*,#683,.F.);
#469=ORIENTED_EDGE('',*,*,#680,.F.);
#470=ORIENTED_EDGE('',*,*,#671,.F.);
#471=ORIENTED_EDGE('',*,*,#668,.T.);
#472=ORIENTED_EDGE('',*,*,#673,.T.);
#473=ORIENTED_EDGE('',*,*,#676,.T.);
#474=ORIENTED_EDGE('',*,*,#682,.T.);
#475=ORIENTED_EDGE('',*,*,#684,.T.);
#476=ORIENTED_EDGE('',*,*,#672,.T.);
#477=ORIENTED_EDGE('',*,*,#685,.T.);
#478=ORIENTED_EDGE('',*,*,#686,.T.);
#479=ORIENTED_EDGE('',*,*,#687,.T.);
#480=ORIENTED_EDGE('',*,*,#688,.T.);
#481=ORIENTED_EDGE('',*,*,#689,.F.);
#482=ORIENTED_EDGE('',*,*,#690,.F.);
#483=ORIENTED_EDGE('',*,*,#691,.F.);
#484=ORIENTED_EDGE('',*,*,#692,.F.);
#485=ORIENTED_EDGE('',*,*,#693,.F.);
#486=ORIENTED_EDGE('',*,*,#694,.F.);
#487=ORIENTED_EDGE('',*,*,#695,.F.);
#488=ORIENTED_EDGE('',*,*,#696,.F.);
#489=ORIENTED_EDGE('',*,*,#697,.F.);
#490=ORIENTED_EDGE('',*,*,#698,.F.);
#491=ORIENTED_EDGE('',*,*,#699,.F.);
#492=ORIENTED_EDGE('',*,*,#700,.F.);
#493=ORIENTED_EDGE('',*,*,#689,.T.);
#494=ORIENTED_EDGE('',*,*,#701,.T.);
#495=ORIENTED_EDGE('',*,*,#702,.F.);
#496=ORIENTED_EDGE('',*,*,#703,.F.);
#497=ORIENTED_EDGE('',*,*,#700,.T.);
#498=ORIENTED_EDGE('',*,*,#704,.T.);
#499=ORIENTED_EDGE('',*,*,#705,.F.);
#500=ORIENTED_EDGE('',*,*,#701,.F.);
#501=ORIENTED_EDGE('',*,*,#699,.T.);
#502=ORIENTED_EDGE('',*,*,#706,.T.);
#503=ORIENTED_EDGE('',*,*,#707,.F.);
#504=ORIENTED_EDGE('',*,*,#704,.F.);
#505=ORIENTED_EDGE('',*,*,#698,.T.);
#506=ORIENTED_EDGE('',*,*,#708,.T.);
#507=ORIENTED_EDGE('',*,*,#709,.F.);
#508=ORIENTED_EDGE('',*,*,#706,.F.);
#509=ORIENTED_EDGE('',*,*,#697,.T.);
#510=ORIENTED_EDGE('',*,*,#710,.T.);
#511=ORIENTED_EDGE('',*,*,#711,.F.);
#512=ORIENTED_EDGE('',*,*,#708,.F.);
#513=ORIENTED_EDGE('',*,*,#696,.T.);
#514=ORIENTED_EDGE('',*,*,#712,.T.);
#515=ORIENTED_EDGE('',*,*,#713,.F.);
#516=ORIENTED_EDGE('',*,*,#710,.F.);
#517=ORIENTED_EDGE('',*,*,#695,.T.);
#518=ORIENTED_EDGE('',*,*,#714,.T.);
#519=ORIENTED_EDGE('',*,*,#715,.F.);
#520=ORIENTED_EDGE('',*,*,#712,.F.);
#521=ORIENTED_EDGE('',*,*,#694,.T.);
#522=ORIENTED_EDGE('',*,*,#716,.T.);
#523=ORIENTED_EDGE('',*,*,#717,.F.);
#524=ORIENTED_EDGE('',*,*,#714,.F.);
#525=ORIENTED_EDGE('',*,*,#693,.T.);
#526=ORIENTED_EDGE('',*,*,#718,.T.);
#527=ORIENTED_EDGE('',*,*,#719,.F.);
#528=ORIENTED_EDGE('',*,*,#716,.F.);
#529=ORIENTED_EDGE('',*,*,#692,.T.);
#530=ORIENTED_EDGE('',*,*,#720,.T.);
#531=ORIENTED_EDGE('',*,*,#721,.F.);
#532=ORIENTED_EDGE('',*,*,#718,.F.);
#533=ORIENTED_EDGE('',*,*,#691,.T.);
#534=ORIENTED_EDGE('',*,*,#722,.T.);
#535=ORIENTED_EDGE('',*,*,#723,.F.);
#536=ORIENTED_EDGE('',*,*,#720,.F.);
#537=ORIENTED_EDGE('',*,*,#690,.T.);
#538=ORIENTED_EDGE('',*,*,#703,.T.);
#539=ORIENTED_EDGE('',*,*,#724,.F.);
#540=ORIENTED_EDGE('',*,*,#722,.F.);
#541=ORIENTED_EDGE('',*,*,#725,.T.);
#542=ORIENTED_EDGE('',*,*,#726,.T.);
#543=ORIENTED_EDGE('',*,*,#727,.T.);
#544=ORIENTED_EDGE('',*,*,#728,.F.);
#545=ORIENTED_EDGE('',*,*,#702,.T.);
#546=ORIENTED_EDGE('',*,*,#705,.T.);
#547=ORIENTED_EDGE('',*,*,#707,.T.);
#548=ORIENTED_EDGE('',*,*,#709,.T.);
#549=ORIENTED_EDGE('',*,*,#711,.T.);
#550=ORIENTED_EDGE('',*,*,#713,.T.);
#551=ORIENTED_EDGE('',*,*,#715,.T.);
#552=ORIENTED_EDGE('',*,*,#717,.T.);
#553=ORIENTED_EDGE('',*,*,#719,.T.);
#554=ORIENTED_EDGE('',*,*,#721,.T.);
#555=ORIENTED_EDGE('',*,*,#723,.T.);
#556=ORIENTED_EDGE('',*,*,#724,.T.);
#557=ORIENTED_EDGE('',*,*,#725,.F.);
#558=ORIENTED_EDGE('',*,*,#729,.F.);
#559=ORIENTED_EDGE('',*,*,#730,.F.);
#560=ORIENTED_EDGE('',*,*,#685,.F.);
#561=ORIENTED_EDGE('',*,*,#731,.T.);
#562=ORIENTED_EDGE('',*,*,#727,.F.);
#563=ORIENTED_EDGE('',*,*,#732,.F.);
#564=ORIENTED_EDGE('',*,*,#687,.F.);
#565=ORIENTED_EDGE('',*,*,#733,.F.);
#566=ORIENTED_EDGE('',*,*,#734,.F.);
#567=ORIENTED_EDGE('',*,*,#731,.F.);
#568=ORIENTED_EDGE('',*,*,#688,.F.);
#569=ORIENTED_EDGE('',*,*,#732,.T.);
#570=ORIENTED_EDGE('',*,*,#726,.F.);
#571=ORIENTED_EDGE('',*,*,#730,.T.);
#572=ORIENTED_EDGE('',*,*,#729,.T.);
#573=ORIENTED_EDGE('',*,*,#728,.T.);
#574=ORIENTED_EDGE('',*,*,#734,.T.);
#575=ORIENTED_EDGE('',*,*,#733,.T.);
#576=ORIENTED_EDGE('',*,*,#686,.F.);
#577=EDGE_CURVE('',#735,#735,#849,.T.);
#578=EDGE_CURVE('',#736,#736,#850,.T.);
#579=EDGE_CURVE('',#737,#737,#851,.T.);
#580=EDGE_CURVE('',#738,#738,#852,.T.);
#581=EDGE_CURVE('',#739,#739,#853,.T.);
#582=EDGE_CURVE('',#740,#740,#854,.T.);
#583=EDGE_CURVE('',#741,#741,#855,.T.);
#584=EDGE_CURVE('',#742,#743,#217,.T.);
#585=EDGE_CURVE('',#744,#742,#218,.T.);
#586=EDGE_CURVE('',#745,#744,#219,.T.);
#587=EDGE_CURVE('',#746,#745,#220,.T.);
#588=EDGE_CURVE('',#743,#746,#221,.T.);
#589=EDGE_CURVE('',#746,#747,#856,.T.);
#590=EDGE_CURVE('',#745,#748,#857,.T.);
#591=EDGE_CURVE('',#748,#747,#222,.T.);
#592=EDGE_CURVE('',#749,#750,#223,.T.);
#593=EDGE_CURVE('',#747,#749,#224,.T.);
#594=EDGE_CURVE('',#748,#751,#225,.F.);
#595=EDGE_CURVE('',#751,#750,#226,.T.);
#596=EDGE_CURVE('',#752,#752,#858,.T.);
#597=EDGE_CURVE('',#749,#743,#859,.T.);
#598=EDGE_CURVE('',#750,#742,#860,.T.);
#599=EDGE_CURVE('',#753,#753,#861,.T.);
#600=EDGE_CURVE('',#754,#754,#862,.T.);
#601=EDGE_CURVE('',#755,#755,#863,.T.);
#602=EDGE_CURVE('',#756,#756,#864,.T.);
#603=EDGE_CURVE('',#757,#757,#865,.T.);
#604=EDGE_CURVE('',#758,#758,#866,.T.);
#605=EDGE_CURVE('',#759,#760,#10,.T.);
#606=EDGE_CURVE('',#761,#759,#11,.T.);
#607=EDGE_CURVE('',#762,#761,#12,.T.);
#608=EDGE_CURVE('',#760,#762,#13,.T.);
#609=EDGE_CURVE('',#763,#764,#14,.T.);
#610=EDGE_CURVE('',#759,#763,#15,.T.);
#611=EDGE_CURVE('',#760,#764,#16,.T.);
#612=EDGE_CURVE('',#765,#765,#867,.T.);
#613=EDGE_CURVE('',#764,#766,#17,.T.);
#614=EDGE_CURVE('',#762,#767,#18,.T.);
#615=EDGE_CURVE('',#768,#767,#19,.T.);
#616=EDGE_CURVE('',#766,#768,#20,.T.);
#617=EDGE_CURVE('',#767,#769,#21,.T.);
#618=EDGE_CURVE('',#761,#769,#22,.T.);
#619=EDGE_CURVE('',#770,#770,#868,.T.);
#620=EDGE_CURVE('',#769,#771,#23,.T.);
#621=EDGE_CURVE('',#771,#768,#24,.T.);
#622=EDGE_CURVE('',#766,#772,#25,.T.);
#623=EDGE_CURVE('',#771,#772,#26,.T.);
#624=EDGE_CURVE('',#772,#763,#27,.T.);
#625=EDGE_CURVE('',#773,#774,#28,.T.);
#626=EDGE_CURVE('',#774,#775,#29,.T.);
#627=EDGE_CURVE('',#775,#776,#30,.T.);
#628=EDGE_CURVE('',#776,#773,#31,.T.);
#629=EDGE_CURVE('',#777,#778,#32,.T.);
#630=EDGE_CURVE('',#774,#777,#33,.T.);
#631=EDGE_CURVE('',#773,#778,#34,.T.);
#632=EDGE_CURVE('',#779,#779,#869,.T.);
#633=EDGE_CURVE('',#778,#780,#35,.T.);
#634=EDGE_CURVE('',#776,#781,#36,.T.);
#635=EDGE_CURVE('',#782,#781,#37,.T.);
#636=EDGE_CURVE('',#780,#782,#38,.T.);
#637=EDGE_CURVE('',#781,#783,#39,.T.);
#638=EDGE_CURVE('',#775,#783,#40,.T.);
#639=EDGE_CURVE('',#784,#784,#870,.T.);
#640=EDGE_CURVE('',#783,#785,#41,.T.);
#641=EDGE_CURVE('',#785,#782,#42,.T.);
#642=EDGE_CURVE('',#780,#786,#43,.T.);
#643=EDGE_CURVE('',#785,#786,#44,.T.);
#644=EDGE_CURVE('',#786,#777,#45,.T.);
#645=EDGE_CURVE('',#787,#788,#46,.T.);
#646=EDGE_CURVE('',#789,#787,#47,.T.);
#647=EDGE_CURVE('',#790,#789,#48,.T.);
#648=EDGE_CURVE('',#788,#790,#49,.T.);
#649=EDGE_CURVE('',#791,#791,#871,.T.);
#650=EDGE_CURVE('',#792,#793,#50,.T.);
#651=EDGE_CURVE('',#787,#792,#51,.T.);
#652=EDGE_CURVE('',#788,#794,#52,.T.);
#653=EDGE_CURVE('',#795,#794,#53,.T.);
#654=EDGE_CURVE('',#793,#795,#54,.T.);
#655=EDGE_CURVE('',#794,#796,#55,.T.);
#656=EDGE_CURVE('',#790,#796,#56,.T.);
#657=EDGE_CURVE('',#797,#792,#57,.T.);
#658=EDGE_CURVE('',#789,#797,#58,.T.);
#659=EDGE_CURVE('',#798,#798,#872,.T.);
#660=EDGE_CURVE('',#796,#799,#59,.T.);
#661=EDGE_CURVE('',#799,#795,#60,.T.);
#662=EDGE_CURVE('',#793,#800,#61,.T.);
#663=EDGE_CURVE('',#799,#800,#62,.T.);
#664=EDGE_CURVE('',#800,#797,#63,.T.);
#665=EDGE_CURVE('',#801,#802,#64,.T.);
#666=EDGE_CURVE('',#803,#801,#65,.T.);
#667=EDGE_CURVE('',#804,#803,#66,.T.);
#668=EDGE_CURVE('',#802,#804,#67,.T.);
#669=EDGE_CURVE('',#805,#806,#68,.T.);
#670=EDGE_CURVE('',#801,#805,#69,.T.);
#671=EDGE_CURVE('',#802,#806,#70,.T.);
#672=EDGE_CURVE('',#807,#808,#71,.T.);
#673=EDGE_CURVE('',#804,#807,#72,.T.);
#674=EDGE_CURVE('',#803,#808,#73,.T.);
#675=EDGE_CURVE('',#809,#809,#873,.T.);
#676=EDGE_CURVE('',#808,#810,#74,.T.);
#677=EDGE_CURVE('',#811,#805,#75,.T.);
#678=EDGE_CURVE('',#810,#811,#76,.T.);
#679=EDGE_CURVE('',#812,#812,#874,.T.);
#680=EDGE_CURVE('',#806,#813,#77,.T.);
#681=EDGE_CURVE('',#813,#811,#78,.T.);
#682=EDGE_CURVE('',#810,#814,#79,.T.);
#683=EDGE_CURVE('',#813,#814,#80,.T.);
#684=EDGE_CURVE('',#814,#807,#81,.T.);
#685=EDGE_CURVE('',#815,#816,#227,.T.);
#686=EDGE_CURVE('',#816,#817,#875,.T.);
#687=EDGE_CURVE('',#817,#818,#228,.T.);
#688=EDGE_CURVE('',#818,#815,#876,.T.);
#689=EDGE_CURVE('',#819,#820,#82,.T.);
#690=EDGE_CURVE('',#821,#819,#877,.T.);
#691=EDGE_CURVE('',#822,#821,#83,.T.);
#692=EDGE_CURVE('',#823,#822,#878,.T.);
#693=EDGE_CURVE('',#824,#823,#84,.T.);
#694=EDGE_CURVE('',#825,#824,#879,.T.);
#695=EDGE_CURVE('',#826,#825,#85,.T.);
#696=EDGE_CURVE('',#827,#826,#880,.T.);
#697=EDGE_CURVE('',#828,#827,#86,.T.);
#698=EDGE_CURVE('',#829,#828,#881,.T.);
#699=EDGE_CURVE('',#830,#829,#87,.T.);
#700=EDGE_CURVE('',#820,#830,#882,.T.);
#701=EDGE_CURVE('',#820,#831,#88,.T.);
#702=EDGE_CURVE('',#832,#831,#89,.T.);
#703=EDGE_CURVE('',#819,#832,#90,.T.);
#704=EDGE_CURVE('',#830,#833,#91,.T.);
#705=EDGE_CURVE('',#831,#833,#883,.T.);
#706=EDGE_CURVE('',#829,#834,#92,.T.);
#707=EDGE_CURVE('',#833,#834,#93,.T.);
#708=EDGE_CURVE('',#828,#835,#94,.T.);
#709=EDGE_CURVE('',#834,#835,#884,.T.);
#710=EDGE_CURVE('',#827,#836,#95,.T.);
#711=EDGE_CURVE('',#835,#836,#96,.T.);
#712=EDGE_CURVE('',#826,#837,#97,.T.);
#713=EDGE_CURVE('',#836,#837,#885,.T.);
#714=EDGE_CURVE('',#825,#838,#98,.T.);
#715=EDGE_CURVE('',#837,#838,#99,.T.);
#716=EDGE_CURVE('',#824,#839,#100,.T.);
#717=EDGE_CURVE('',#838,#839,#886,.T.);
#718=EDGE_CURVE('',#823,#840,#101,.T.);
#719=EDGE_CURVE('',#839,#840,#102,.T.);
#720=EDGE_CURVE('',#822,#841,#103,.T.);
#721=EDGE_CURVE('',#840,#841,#887,.T.);
#722=EDGE_CURVE('',#821,#842,#104,.T.);
#723=EDGE_CURVE('',#841,#842,#105,.T.);
#724=EDGE_CURVE('',#842,#832,#888,.T.);
#725=EDGE_CURVE('',#843,#844,#229,.T.);
#726=EDGE_CURVE('',#844,#845,#889,.T.);
#727=EDGE_CURVE('',#845,#846,#230,.T.);
#728=EDGE_CURVE('',#843,#846,#890,.T.);
#729=EDGE_CURVE('',#847,#843,#231,.T.);
#730=EDGE_CURVE('',#816,#847,#232,.T.);
#731=EDGE_CURVE('',#815,#844,#233,.T.);
#732=EDGE_CURVE('',#818,#845,#234,.T.);
#733=EDGE_CURVE('',#848,#817,#235,.T.);
#734=EDGE_CURVE('',#846,#848,#236,.T.);
#735=VERTEX_POINT('',#1754);
#736=VERTEX_POINT('',#1756);
#737=VERTEX_POINT('',#1759);
#738=VERTEX_POINT('',#1761);
#739=VERTEX_POINT('',#1764);
#740=VERTEX_POINT('',#1767);
#741=VERTEX_POINT('',#1770);
#742=VERTEX_POINT('',#3168);
#743=VERTEX_POINT('',#3169);
#744=VERTEX_POINT('',#3181);
#745=VERTEX_POINT('',#3313);
#746=VERTEX_POINT('',#3411);
#747=VERTEX_POINT('',#3545);
#748=VERTEX_POINT('',#3547);
#749=VERTEX_POINT('',#5041);
#750=VERTEX_POINT('',#5042);
#751=VERTEX_POINT('',#5181);
#752=VERTEX_POINT('',#5315);
#753=VERTEX_POINT('',#5321);
#754=VERTEX_POINT('',#5324);
#755=VERTEX_POINT('',#5331);
#756=VERTEX_POINT('',#5333);
#757=VERTEX_POINT('',#5336);
#758=VERTEX_POINT('',#5338);
#759=VERTEX_POINT('',#5344);
#760=VERTEX_POINT('',#5345);
#761=VERTEX_POINT('',#5347);
#762=VERTEX_POINT('',#5349);
#763=VERTEX_POINT('',#5353);
#764=VERTEX_POINT('',#5354);
#765=VERTEX_POINT('',#5359);
#766=VERTEX_POINT('',#5361);
#767=VERTEX_POINT('',#5363);
#768=VERTEX_POINT('',#5365);
#769=VERTEX_POINT('',#5369);
#770=VERTEX_POINT('',#5373);
#771=VERTEX_POINT('',#5376);
#772=VERTEX_POINT('',#5380);
#773=VERTEX_POINT('',#5388);
#774=VERTEX_POINT('',#5389);
#775=VERTEX_POINT('',#5391);
#776=VERTEX_POINT('',#5393);
#777=VERTEX_POINT('',#5397);
#778=VERTEX_POINT('',#5398);
#779=VERTEX_POINT('',#5403);
#780=VERTEX_POINT('',#5405);
#781=VERTEX_POINT('',#5407);
#782=VERTEX_POINT('',#5409);
#783=VERTEX_POINT('',#5413);
#784=VERTEX_POINT('',#5417);
#785=VERTEX_POINT('',#5420);
#786=VERTEX_POINT('',#5424);
#787=VERTEX_POINT('',#5432);
#788=VERTEX_POINT('',#5433);
#789=VERTEX_POINT('',#5435);
#790=VERTEX_POINT('',#5437);
#791=VERTEX_POINT('',#5441);
#792=VERTEX_POINT('',#5443);
#793=VERTEX_POINT('',#5444);
#794=VERTEX_POINT('',#5447);
#795=VERTEX_POINT('',#5449);
#796=VERTEX_POINT('',#5453);
#797=VERTEX_POINT('',#5457);
#798=VERTEX_POINT('',#5461);
#799=VERTEX_POINT('',#5464);
#800=VERTEX_POINT('',#5468);
#801=VERTEX_POINT('',#5476);
#802=VERTEX_POINT('',#5477);
#803=VERTEX_POINT('',#5479);
#804=VERTEX_POINT('',#5481);
#805=VERTEX_POINT('',#5485);
#806=VERTEX_POINT('',#5486);
#807=VERTEX_POINT('',#5491);
#808=VERTEX_POINT('',#5492);
#809=VERTEX_POINT('',#5497);
#810=VERTEX_POINT('',#5499);
#811=VERTEX_POINT('',#5501);
#812=VERTEX_POINT('',#5505);
#813=VERTEX_POINT('',#5508);
#814=VERTEX_POINT('',#5512);
#815=VERTEX_POINT('',#5619);
#816=VERTEX_POINT('',#5620);
#817=VERTEX_POINT('',#5622);
#818=VERTEX_POINT('',#5717);
#819=VERTEX_POINT('',#5720);
#820=VERTEX_POINT('',#5721);
#821=VERTEX_POINT('',#5723);
#822=VERTEX_POINT('',#5725);
#823=VERTEX_POINT('',#5727);
#824=VERTEX_POINT('',#5729);
#825=VERTEX_POINT('',#5731);
#826=VERTEX_POINT('',#5733);
#827=VERTEX_POINT('',#5735);
#828=VERTEX_POINT('',#5737);
#829=VERTEX_POINT('',#5739);
#830=VERTEX_POINT('',#5741);
#831=VERTEX_POINT('',#5745);
#832=VERTEX_POINT('',#5747);
#833=VERTEX_POINT('',#5751);
#834=VERTEX_POINT('',#5755);
#835=VERTEX_POINT('',#5759);
#836=VERTEX_POINT('',#5763);
#837=VERTEX_POINT('',#5767);
#838=VERTEX_POINT('',#5771);
#839=VERTEX_POINT('',#5775);
#840=VERTEX_POINT('',#5779);
#841=VERTEX_POINT('',#5783);
#842=VERTEX_POINT('',#5787);
#843=VERTEX_POINT('',#5886);
#844=VERTEX_POINT('',#5887);
#845=VERTEX_POINT('',#5889);
#846=VERTEX_POINT('',#5990);
#847=VERTEX_POINT('',#6297);
#848=VERTEX_POINT('',#6700);
#849=CIRCLE('',#1300,0.003954);
#850=CIRCLE('',#1301,0.0051);
#851=CIRCLE('',#1303,0.003);
#852=CIRCLE('',#1304,0.003);
#853=CIRCLE('',#1306,0.0035);
#854=CIRCLE('',#1308,0.0018);
#855=CIRCLE('',#1310,0.0018);
#856=CIRCLE('',#1313,0.003954);
#857=CIRCLE('',#1314,0.00352375);
#858=CIRCLE('',#1316,0.0035);
#859=CIRCLE('',#1318,0.003954);
#860=CIRCLE('',#1319,0.00352375);
#861=CIRCLE('',#1321,0.0046);
#862=CIRCLE('',#1323,0.0051);
#863=CIRCLE('',#1329,0.0018);
#864=CIRCLE('',#1330,0.003);
#865=CIRCLE('',#1332,0.0018);
#866=CIRCLE('',#1333,0.003);
#867=CIRCLE('',#1340,0.0005);
#868=CIRCLE('',#1343,0.0005);
#869=CIRCLE('',#1352,0.0005);
#870=CIRCLE('',#1355,0.0005);
#871=CIRCLE('',#1363,0.0005);
#872=CIRCLE('',#1367,0.0005);
#873=CIRCLE('',#1377,0.0005);
#874=CIRCLE('',#1379,0.0005);
#875=CIRCLE('',#1386,0.00364155);
#876=CIRCLE('',#1387,0.00406005);
#877=CIRCLE('',#1388,0.00525);
#878=CIRCLE('',#1389,0.00525);
#879=CIRCLE('',#1390,0.00525);
#880=CIRCLE('',#1391,0.00525);
#881=CIRCLE('',#1392,0.00525);
#882=CIRCLE('',#1393,0.00525);
#883=CIRCLE('',#1396,0.00525);
#884=CIRCLE('',#1399,0.00525);
#885=CIRCLE('',#1402,0.00525);
#886=CIRCLE('',#1405,0.00525);
#887=CIRCLE('',#1408,0.00525);
#888=CIRCLE('',#1411,0.00525);
#889=CIRCLE('',#1413,0.00406005);
#890=CIRCLE('',#1414,0.00364155);
#891=EDGE_LOOP('',(#261));
#892=EDGE_LOOP('',(#262));
#893=EDGE_LOOP('',(#263));
#894=EDGE_LOOP('',(#264));
#895=EDGE_LOOP('',(#265));
#896=EDGE_LOOP('',(#266));
#897=EDGE_LOOP('',(#267));
#898=EDGE_LOOP('',(#268));
#899=EDGE_LOOP('',(#269));
#900=EDGE_LOOP('',(#270));
#901=EDGE_LOOP('',(#271,#272,#273,#274,#275));
#902=EDGE_LOOP('',(#276,#277,#278,#279));
#903=EDGE_LOOP('',(#280,#281,#282,#283,#284));
#904=EDGE_LOOP('',(#285));
#905=EDGE_LOOP('',(#286));
#906=EDGE_LOOP('',(#287));
#907=EDGE_LOOP('',(#288,#289,#290,#291));
#908=EDGE_LOOP('',(#292));
#909=EDGE_LOOP('',(#293));
#910=EDGE_LOOP('',(#294));
#911=EDGE_LOOP('',(#295));
#912=EDGE_LOOP('',(#296));
#913=EDGE_LOOP('',(#297));
#914=EDGE_LOOP('',(#298,#299,#300,#301,#302,#303));
#915=EDGE_LOOP('',(#304));
#916=EDGE_LOOP('',(#305,#306,#307,#308));
#917=EDGE_LOOP('',(#309));
#918=EDGE_LOOP('',(#310));
#919=EDGE_LOOP('',(#311));
#920=EDGE_LOOP('',(#312));
#921=EDGE_LOOP('',(#313));
#922=EDGE_LOOP('',(#314));
#923=EDGE_LOOP('',(#315));
#924=EDGE_LOOP('',(#316));
#925=EDGE_LOOP('',(#317,#318,#319,#320));
#926=EDGE_LOOP('',(#321,#322,#323,#324));
#927=EDGE_LOOP('',(#325));
#928=EDGE_LOOP('',(#326,#327,#328,#329,#330,#331));
#929=EDGE_LOOP('',(#332,#333,#334,#335));
#930=EDGE_LOOP('',(#336));
#931=EDGE_LOOP('',(#337));
#932=EDGE_LOOP('',(#338,#339,#340,#341));
#933=EDGE_LOOP('',(#342,#343,#344,#345));
#934=EDGE_LOOP('',(#346));
#935=EDGE_LOOP('',(#347,#348,#349,#350,#351,#352));
#936=EDGE_LOOP('',(#353,#354,#355,#356));
#937=EDGE_LOOP('',(#357,#358,#359,#360));
#938=EDGE_LOOP('',(#361,#362,#363,#364));
#939=EDGE_LOOP('',(#365));
#940=EDGE_LOOP('',(#366,#367,#368,#369,#370,#371));
#941=EDGE_LOOP('',(#372,#373,#374,#375));
#942=EDGE_LOOP('',(#376));
#943=EDGE_LOOP('',(#377));
#944=EDGE_LOOP('',(#378,#379,#380,#381));
#945=EDGE_LOOP('',(#382,#383,#384,#385));
#946=EDGE_LOOP('',(#386));
#947=EDGE_LOOP('',(#387,#388,#389,#390,#391,#392));
#948=EDGE_LOOP('',(#393,#394,#395,#396));
#949=EDGE_LOOP('',(#397,#398,#399,#400));
#950=EDGE_LOOP('',(#401));
#951=EDGE_LOOP('',(#402,#403,#404,#405,#406,#407));
#952=EDGE_LOOP('',(#408,#409,#410,#411));
#953=EDGE_LOOP('',(#412,#413,#414,#415));
#954=EDGE_LOOP('',(#416));
#955=EDGE_LOOP('',(#417));
#956=EDGE_LOOP('',(#418,#419,#420,#421));
#957=EDGE_LOOP('',(#422,#423,#424,#425));
#958=EDGE_LOOP('',(#426));
#959=EDGE_LOOP('',(#427,#428,#429,#430,#431,#432));
#960=EDGE_LOOP('',(#433,#434,#435,#436));
#961=EDGE_LOOP('',(#437,#438,#439,#440));
#962=EDGE_LOOP('',(#441,#442,#443,#444));
#963=EDGE_LOOP('',(#445,#446,#447,#448));
#964=EDGE_LOOP('',(#449));
#965=EDGE_LOOP('',(#450,#451,#452,#453,#454,#455));
#966=EDGE_LOOP('',(#456));
#967=EDGE_LOOP('',(#457));
#968=EDGE_LOOP('',(#458,#459,#460,#461));
#969=EDGE_LOOP('',(#462,#463,#464,#465));
#970=EDGE_LOOP('',(#466));
#971=EDGE_LOOP('',(#467,#468,#469,#470,#471,#472));
#972=EDGE_LOOP('',(#473,#474,#475,#476));
#973=EDGE_LOOP('',(#477,#478,#479,#480));
#974=EDGE_LOOP('',(#481,#482,#483,#484,#485,#486,#487,#488,#489,#490,#491,
#492));
#975=EDGE_LOOP('',(#493,#494,#495,#496));
#976=EDGE_LOOP('',(#497,#498,#499,#500));
#977=EDGE_LOOP('',(#501,#502,#503,#504));
#978=EDGE_LOOP('',(#505,#506,#507,#508));
#979=EDGE_LOOP('',(#509,#510,#511,#512));
#980=EDGE_LOOP('',(#513,#514,#515,#516));
#981=EDGE_LOOP('',(#517,#518,#519,#520));
#982=EDGE_LOOP('',(#521,#522,#523,#524));
#983=EDGE_LOOP('',(#525,#526,#527,#528));
#984=EDGE_LOOP('',(#529,#530,#531,#532));
#985=EDGE_LOOP('',(#533,#534,#535,#536));
#986=EDGE_LOOP('',(#537,#538,#539,#540));
#987=EDGE_LOOP('',(#541,#542,#543,#544));
#988=EDGE_LOOP('',(#545,#546,#547,#548,#549,#550,#551,#552,#553,#554,#555,
#556));
#989=EDGE_LOOP('',(#557,#558,#559,#560,#561));
#990=EDGE_LOOP('',(#562,#563,#564,#565,#566));
#991=EDGE_LOOP('',(#567,#568,#569,#570));
#992=EDGE_LOOP('',(#571,#572,#573,#574,#575,#576));
#993=FACE_BOUND('',#891,.T.);
#994=FACE_BOUND('',#892,.T.);
#995=FACE_BOUND('',#893,.T.);
#996=FACE_BOUND('',#894,.T.);
#997=FACE_BOUND('',#895,.T.);
#998=FACE_BOUND('',#896,.T.);
#999=FACE_BOUND('',#897,.T.);
#1000=FACE_BOUND('',#898,.T.);
#1001=FACE_BOUND('',#899,.T.);
#1002=FACE_BOUND('',#900,.T.);
#1003=FACE_BOUND('',#901,.T.);
#1004=FACE_BOUND('',#902,.T.);
#1005=FACE_BOUND('',#903,.T.);
#1006=FACE_BOUND('',#904,.T.);
#1007=FACE_BOUND('',#905,.T.);
#1008=FACE_BOUND('',#906,.T.);
#1009=FACE_BOUND('',#907,.T.);
#1010=FACE_BOUND('',#908,.T.);
#1011=FACE_BOUND('',#909,.T.);
#1012=FACE_BOUND('',#910,.T.);
#1013=FACE_BOUND('',#911,.T.);
#1014=FACE_BOUND('',#912,.T.);
#1015=FACE_BOUND('',#913,.T.);
#1016=FACE_BOUND('',#914,.T.);
#1017=FACE_BOUND('',#915,.T.);
#1018=FACE_BOUND('',#916,.T.);
#1019=FACE_BOUND('',#917,.T.);
#1020=FACE_BOUND('',#918,.T.);
#1021=FACE_BOUND('',#919,.T.);
#1022=FACE_BOUND('',#920,.T.);
#1023=FACE_BOUND('',#921,.T.);
#1024=FACE_BOUND('',#922,.T.);
#1025=FACE_BOUND('',#923,.T.);
#1026=FACE_BOUND('',#924,.T.);
#1027=FACE_BOUND('',#925,.T.);
#1028=FACE_BOUND('',#926,.T.);
#1029=FACE_BOUND('',#927,.T.);
#1030=FACE_BOUND('',#928,.T.);
#1031=FACE_BOUND('',#929,.T.);
#1032=FACE_BOUND('',#930,.T.);
#1033=FACE_BOUND('',#931,.T.);
#1034=FACE_BOUND('',#932,.T.);
#1035=FACE_BOUND('',#933,.T.);
#1036=FACE_BOUND('',#934,.T.);
#1037=FACE_BOUND('',#935,.T.);
#1038=FACE_BOUND('',#936,.T.);
#1039=FACE_BOUND('',#937,.T.);
#1040=FACE_BOUND('',#938,.T.);
#1041=FACE_BOUND('',#939,.T.);
#1042=FACE_BOUND('',#940,.T.);
#1043=FACE_BOUND('',#941,.T.);
#1044=FACE_BOUND('',#942,.T.);
#1045=FACE_BOUND('',#943,.T.);
#1046=FACE_BOUND('',#944,.T.);
#1047=FACE_BOUND('',#945,.T.);
#1048=FACE_BOUND('',#946,.T.);
#1049=FACE_BOUND('',#947,.T.);
#1050=FACE_BOUND('',#948,.T.);
#1051=FACE_BOUND('',#949,.T.);
#1052=FACE_BOUND('',#950,.T.);
#1053=FACE_BOUND('',#951,.T.);
#1054=FACE_BOUND('',#952,.T.);
#1055=FACE_BOUND('',#953,.T.);
#1056=FACE_BOUND('',#954,.T.);
#1057=FACE_BOUND('',#955,.T.);
#1058=FACE_BOUND('',#956,.T.);
#1059=FACE_BOUND('',#957,.T.);
#1060=FACE_BOUND('',#958,.T.);
#1061=FACE_BOUND('',#959,.T.);
#1062=FACE_BOUND('',#960,.T.);
#1063=FACE_BOUND('',#961,.T.);
#1064=FACE_BOUND('',#962,.T.);
#1065=FACE_BOUND('',#963,.T.);
#1066=FACE_BOUND('',#964,.T.);
#1067=FACE_BOUND('',#965,.T.);
#1068=FACE_BOUND('',#966,.T.);
#1069=FACE_BOUND('',#967,.T.);
#1070=FACE_BOUND('',#968,.T.);
#1071=FACE_BOUND('',#969,.T.);
#1072=FACE_BOUND('',#970,.T.);
#1073=FACE_BOUND('',#971,.T.);
#1074=FACE_BOUND('',#972,.T.);
#1075=FACE_BOUND('',#973,.T.);
#1076=FACE_BOUND('',#974,.T.);
#1077=FACE_BOUND('',#975,.T.);
#1078=FACE_BOUND('',#976,.T.);
#1079=FACE_BOUND('',#977,.T.);
#1080=FACE_BOUND('',#978,.T.);
#1081=FACE_BOUND('',#979,.T.);
#1082=FACE_BOUND('',#980,.T.);
#1083=FACE_BOUND('',#981,.T.);
#1084=FACE_BOUND('',#982,.T.);
#1085=FACE_BOUND('',#983,.T.);
#1086=FACE_BOUND('',#984,.T.);
#1087=FACE_BOUND('',#985,.T.);
#1088=FACE_BOUND('',#986,.T.);
#1089=FACE_BOUND('',#987,.T.);
#1090=FACE_BOUND('',#988,.T.);
#1091=FACE_BOUND('',#989,.T.);
#1092=FACE_BOUND('',#990,.T.);
#1093=FACE_BOUND('',#991,.T.);
#1094=FACE_BOUND('',#992,.T.);
#1095=PLANE('',#1299);
#1096=PLANE('',#1305);
#1097=PLANE('',#1307);
#1098=PLANE('',#1309);
#1099=PLANE('',#1312);
#1100=PLANE('',#1317);
#1101=PLANE('',#1320);
#1102=PLANE('',#1328);
#1103=PLANE('',#1331);
#1104=PLANE('',#1337);
#1105=PLANE('',#1338);
#1106=PLANE('',#1339);
#1107=PLANE('',#1341);
#1108=PLANE('',#1344);
#1109=PLANE('',#1345);
#1110=PLANE('',#1346);
#1111=PLANE('',#1347);
#1112=PLANE('',#1349);
#1113=PLANE('',#1350);
#1114=PLANE('',#1351);
#1115=PLANE('',#1353);
#1116=PLANE('',#1356);
#1117=PLANE('',#1357);
#1118=PLANE('',#1358);
#1119=PLANE('',#1359);
#1120=PLANE('',#1361);
#1121=PLANE('',#1362);
#1122=PLANE('',#1364);
#1123=PLANE('',#1365);
#1124=PLANE('',#1368);
#1125=PLANE('',#1369);
#1126=PLANE('',#1370);
#1127=PLANE('',#1371);
#1128=PLANE('',#1373);
#1129=PLANE('',#1374);
#1130=PLANE('',#1375);
#1131=PLANE('',#1376);
#1132=PLANE('',#1380);
#1133=PLANE('',#1381);
#1134=PLANE('',#1382);
#1135=PLANE('',#1383);
#1136=PLANE('',#1385);
#1137=PLANE('',#1394);
#1138=PLANE('',#1397);
#1139=PLANE('',#1400);
#1140=PLANE('',#1403);
#1141=PLANE('',#1406);
#1142=PLANE('',#1409);
#1143=PLANE('',#1412);
#1144=ADVANCED_FACE('',(#993,#994),#1095,.F.);
#1145=ADVANCED_FACE('',(#995,#996),#241,.F.);
#1146=ADVANCED_FACE('',(#997),#1096,.T.);
#1147=ADVANCED_FACE('',(#998,#999),#1097,.T.);
#1148=ADVANCED_FACE('',(#1000),#1098,.T.);
#1149=ADVANCED_FACE('',(#1001,#1002),#242,.F.);
#1150=ADVANCED_FACE('',(#1003),#237,.F.);
#1151=ADVANCED_FACE('',(#1004),#1099,.F.);
#1152=ADVANCED_FACE('',(#1005),#238,.F.);
#1153=ADVANCED_FACE('',(#1006,#1007),#243,.T.);
#1154=ADVANCED_FACE('',(#1008,#1009),#1100,.T.);
#1155=ADVANCED_FACE('',(#1010,#1011),#1101,.T.);
#1156=ADVANCED_FACE('',(#1012,#1013),#244,.T.);
#1157=ADVANCED_FACE('',(#1014,#1015),#216,.T.);
#1158=ADVANCED_FACE('',(#1016),#245,.T.);
#1159=ADVANCED_FACE('',(#1017,#1018),#246,.T.);
#1160=ADVANCED_FACE('',(#1019,#1020),#1102,.F.);
#1161=ADVANCED_FACE('',(#1021,#1022),#1103,.T.);
#1162=ADVANCED_FACE('',(#1023,#1024),#247,.T.);
#1163=ADVANCED_FACE('',(#1025,#1026),#248,.F.);
#1164=ADVANCED_FACE('',(#1027),#1104,.F.);
#1165=ADVANCED_FACE('',(#1028),#1105,.T.);
#1166=ADVANCED_FACE('',(#1029,#1030),#1106,.T.);
#1167=ADVANCED_FACE('',(#1031),#1107,.T.);
#1168=ADVANCED_FACE('',(#1032,#1033),#249,.F.);
#1169=ADVANCED_FACE('',(#1034),#1108,.T.);
#1170=ADVANCED_FACE('',(#1035),#1109,.T.);
#1171=ADVANCED_FACE('',(#1036,#1037),#1110,.T.);
#1172=ADVANCED_FACE('',(#1038),#1111,.T.);
#1173=ADVANCED_FACE('',(#1039),#1112,.F.);
#1174=ADVANCED_FACE('',(#1040),#1113,.T.);
#1175=ADVANCED_FACE('',(#1041,#1042),#1114,.T.);
#1176=ADVANCED_FACE('',(#1043),#1115,.T.);
#1177=ADVANCED_FACE('',(#1044,#1045),#250,.F.);
#1178=ADVANCED_FACE('',(#1046),#1116,.T.);
#1179=ADVANCED_FACE('',(#1047),#1117,.T.);
#1180=ADVANCED_FACE('',(#1048,#1049),#1118,.T.);
#1181=ADVANCED_FACE('',(#1050),#1119,.T.);
#1182=ADVANCED_FACE('',(#1051),#1120,.F.);
#1183=ADVANCED_FACE('',(#1052,#1053),#1121,.T.);
#1184=ADVANCED_FACE('',(#1054),#1122,.T.);
#1185=ADVANCED_FACE('',(#1055),#1123,.T.);
#1186=ADVANCED_FACE('',(#1056,#1057),#251,.F.);
#1187=ADVANCED_FACE('',(#1058),#1124,.T.);
#1188=ADVANCED_FACE('',(#1059),#1125,.T.);
#1189=ADVANCED_FACE('',(#1060,#1061),#1126,.T.);
#1190=ADVANCED_FACE('',(#1062),#1127,.T.);
#1191=ADVANCED_FACE('',(#1063),#1128,.F.);
#1192=ADVANCED_FACE('',(#1064),#1129,.T.);
#1193=ADVANCED_FACE('',(#1065),#1130,.T.);
#1194=ADVANCED_FACE('',(#1066,#1067),#1131,.T.);
#1195=ADVANCED_FACE('',(#1068,#1069),#252,.F.);
#1196=ADVANCED_FACE('',(#1070),#1132,.T.);
#1197=ADVANCED_FACE('',(#1071),#1133,.T.);
#1198=ADVANCED_FACE('',(#1072,#1073),#1134,.T.);
#1199=ADVANCED_FACE('',(#1074),#1135,.T.);
#1200=ADVANCED_FACE('',(#1075,#1076),#1136,.F.);
#1201=ADVANCED_FACE('',(#1077),#1137,.T.);
#1202=ADVANCED_FACE('',(#1078),#253,.T.);
#1203=ADVANCED_FACE('',(#1079),#1138,.T.);
#1204=ADVANCED_FACE('',(#1080),#254,.T.);
#1205=ADVANCED_FACE('',(#1081),#1139,.T.);
#1206=ADVANCED_FACE('',(#1082),#255,.T.);
#1207=ADVANCED_FACE('',(#1083),#1140,.T.);
#1208=ADVANCED_FACE('',(#1084),#256,.T.);
#1209=ADVANCED_FACE('',(#1085),#1141,.T.);
#1210=ADVANCED_FACE('',(#1086),#257,.T.);
#1211=ADVANCED_FACE('',(#1087),#1142,.T.);
#1212=ADVANCED_FACE('',(#1088),#258,.T.);
#1213=ADVANCED_FACE('',(#1089,#1090),#1143,.T.);
#1214=ADVANCED_FACE('',(#1091),#239,.F.);
#1215=ADVANCED_FACE('',(#1092),#240,.F.);
#1216=ADVANCED_FACE('',(#1093),#259,.F.);
#1217=ADVANCED_FACE('',(#1094),#260,.F.);
#1218=CLOSED_SHELL('',(#1144,#1145,#1146,#1147,#1148,#1149,#1150,#1151,
#1152,#1153,#1154,#1155,#1156,#1157,#1158,#1159));
#1219=CLOSED_SHELL('',(#1160,#1161,#1162,#1163));
#1220=CLOSED_SHELL('',(#1164,#1165,#1166,#1167,#1168,#1169,#1170,#1171,
#1172));
#1221=CLOSED_SHELL('',(#1173,#1174,#1175,#1176,#1177,#1178,#1179,#1180,
#1181));
#1222=CLOSED_SHELL('',(#1182,#1183,#1184,#1185,#1186,#1187,#1188,#1189,
#1190));
#1223=CLOSED_SHELL('',(#1191,#1192,#1193,#1194,#1195,#1196,#1197,#1198,
#1199));
#1224=CLOSED_SHELL('',(#1200,#1201,#1202,#1203,#1204,#1205,#1206,#1207,
#1208,#1209,#1210,#1211,#1212,#1213,#1214,#1215,#1216,#1217));
#1225=STYLED_ITEM('',(#1232),#1277);
#1226=STYLED_ITEM('',(#1233),#1278);
#1227=STYLED_ITEM('',(#1234),#1279);
#1228=STYLED_ITEM('',(#1235),#1280);
#1229=STYLED_ITEM('',(#1236),#1281);
#1230=STYLED_ITEM('',(#1237),#1282);
#1231=STYLED_ITEM('',(#1238),#1283);
#1232=PRESENTATION_STYLE_ASSIGNMENT((#1239));
#1233=PRESENTATION_STYLE_ASSIGNMENT((#1240));
#1234=PRESENTATION_STYLE_ASSIGNMENT((#1241));
#1235=PRESENTATION_STYLE_ASSIGNMENT((#1242));
#1236=PRESENTATION_STYLE_ASSIGNMENT((#1243));
#1237=PRESENTATION_STYLE_ASSIGNMENT((#1244));
#1238=PRESENTATION_STYLE_ASSIGNMENT((#1245));
#1239=SURFACE_STYLE_USAGE(.BOTH.,#1246);
#1240=SURFACE_STYLE_USAGE(.BOTH.,#1247);
#1241=SURFACE_STYLE_USAGE(.BOTH.,#1248);
#1242=SURFACE_STYLE_USAGE(.BOTH.,#1249);
#1243=SURFACE_STYLE_USAGE(.BOTH.,#1250);
#1244=SURFACE_STYLE_USAGE(.BOTH.,#1251);
#1245=SURFACE_STYLE_USAGE(.BOTH.,#1252);
#1246=SURFACE_SIDE_STYLE('',(#1253));
#1247=SURFACE_SIDE_STYLE('',(#1254));
#1248=SURFACE_SIDE_STYLE('',(#1255));
#1249=SURFACE_SIDE_STYLE('',(#1256));
#1250=SURFACE_SIDE_STYLE('',(#1257));
#1251=SURFACE_SIDE_STYLE('',(#1258));
#1252=SURFACE_SIDE_STYLE('',(#1259));
#1253=SURFACE_STYLE_FILL_AREA(#1260);
#1254=SURFACE_STYLE_FILL_AREA(#1261);
#1255=SURFACE_STYLE_FILL_AREA(#1262);
#1256=SURFACE_STYLE_FILL_AREA(#1263);
#1257=SURFACE_STYLE_FILL_AREA(#1264);
#1258=SURFACE_STYLE_FILL_AREA(#1265);
#1259=SURFACE_STYLE_FILL_AREA(#1266);
#1260=FILL_AREA_STYLE('',(#1267));
#1261=FILL_AREA_STYLE('',(#1268));
#1262=FILL_AREA_STYLE('',(#1269));
#1263=FILL_AREA_STYLE('',(#1270));
#1264=FILL_AREA_STYLE('',(#1271));
#1265=FILL_AREA_STYLE('',(#1272));
#1266=FILL_AREA_STYLE('',(#1273));
#1267=FILL_AREA_STYLE_COLOUR('',#1274);
#1268=FILL_AREA_STYLE_COLOUR('',#1275);
#1269=FILL_AREA_STYLE_COLOUR('',#1275);
#1270=FILL_AREA_STYLE_COLOUR('',#1275);
#1271=FILL_AREA_STYLE_COLOUR('',#1275);
#1272=FILL_AREA_STYLE_COLOUR('',#1275);
#1273=FILL_AREA_STYLE_COLOUR('',#1276);
#1274=COLOUR_RGB('',0.247058823529412,0.247058823529412,0.247058823529412);
#1275=COLOUR_RGB('',0.952941176470588,0.796078431372549,0.486274509803922);
#1276=COLOUR_RGB('',0.796078431372549,0.796078431372549,0.796078431372549);
#1277=MANIFOLD_SOLID_BREP('PJ-392A-1.8-xx 3.5mm Panel Mount v2',#1218);
#1278=MANIFOLD_SOLID_BREP('PJ-392A-1.8-xx 3.5mm Panel Mount v2',#1219);
#1279=MANIFOLD_SOLID_BREP('PJ-392A-1.8-xx 3.5mm Panel Mount v2',#1220);
#1280=MANIFOLD_SOLID_BREP('PJ-392A-1.8-xx 3.5mm Panel Mount v2',#1221);
#1281=MANIFOLD_SOLID_BREP('PJ-392A-1.8-xx 3.5mm Panel Mount v2',#1222);
#1282=MANIFOLD_SOLID_BREP('PJ-392A-1.8-xx 3.5mm Panel Mount v2',#1223);
#1283=MANIFOLD_SOLID_BREP('PJ-392A-1.8-xx 3.5mm Panel Mount v2',#1224);
#1284=SHAPE_DEFINITION_REPRESENTATION(#6749,#1291);
#1285=SHAPE_DEFINITION_REPRESENTATION(#6750,#1292);
#1286=SHAPE_DEFINITION_REPRESENTATION(#6751,#1293);
#1287=SHAPE_DEFINITION_REPRESENTATION(#6752,#1294);
#1288=SHAPE_DEFINITION_REPRESENTATION(#6753,#1295);
#1289=SHAPE_DEFINITION_REPRESENTATION(#6754,#1296);
#1290=SHAPE_DEFINITION_REPRESENTATION(#6755,#1297);
#1291=SHAPE_REPRESENTATION('PJ-392A-1.8-xx 3.5mm Panel Mount v2',(#1298),
#6714);
#1292=SHAPE_REPRESENTATION('PJ-392A-1.8-xx 3.5mm Panel Mount v2',(#1327),
#6715);
#1293=SHAPE_REPRESENTATION('PJ-392A-1.8-xx 3.5mm Panel Mount v2',(#1336),
#6716);
#1294=SHAPE_REPRESENTATION('PJ-392A-1.8-xx 3.5mm Panel Mount v2',(#1348),
#6717);
#1295=SHAPE_REPRESENTATION('PJ-392A-1.8-xx 3.5mm Panel Mount v2',(#1360),
#6718);
#1296=SHAPE_REPRESENTATION('PJ-392A-1.8-xx 3.5mm Panel Mount v2',(#1372),
#6719);
#1297=SHAPE_REPRESENTATION('PJ-392A-1.8-xx 3.5mm Panel Mount v2',(#1384),
#6720);
#1298=AXIS2_PLACEMENT_3D('',#1751,#1417,#1418);
#1299=AXIS2_PLACEMENT_3D('',#1752,#1419,#1420);
#1300=AXIS2_PLACEMENT_3D('',#1753,#1421,#1422);
#1301=AXIS2_PLACEMENT_3D('',#1755,#1423,#1424);
#1302=AXIS2_PLACEMENT_3D('',#1757,#1425,#1426);
#1303=AXIS2_PLACEMENT_3D('',#1758,#1427,#1428);
#1304=AXIS2_PLACEMENT_3D('',#1760,#1429,#1430);
#1305=AXIS2_PLACEMENT_3D('',#1762,#1431,#1432);
#1306=AXIS2_PLACEMENT_3D('',#1763,#1433,#1434);
#1307=AXIS2_PLACEMENT_3D('',#1765,#1435,#1436);
#1308=AXIS2_PLACEMENT_3D('',#1766,#1437,#1438);
#1309=AXIS2_PLACEMENT_3D('',#1768,#1439,#1440);
#1310=AXIS2_PLACEMENT_3D('',#1769,#1441,#1442);
#1311=AXIS2_PLACEMENT_3D('',#1771,#1443,#1444);
#1312=AXIS2_PLACEMENT_3D('',#3543,#1445,#1446);
#1313=AXIS2_PLACEMENT_3D('',#3544,#1447,#1448);
#1314=AXIS2_PLACEMENT_3D('',#3546,#1449,#1450);
#1315=AXIS2_PLACEMENT_3D('',#5313,#1451,#1452);
#1316=AXIS2_PLACEMENT_3D('',#5314,#1453,#1454);
#1317=AXIS2_PLACEMENT_3D('',#5316,#1455,#1456);
#1318=AXIS2_PLACEMENT_3D('',#5317,#1457,#1458);
#1319=AXIS2_PLACEMENT_3D('',#5318,#1459,#1460);
#1320=AXIS2_PLACEMENT_3D('',#5319,#1461,#1462);
#1321=AXIS2_PLACEMENT_3D('',#5320,#1463,#1464);
#1322=AXIS2_PLACEMENT_3D('',#5322,#1465,#1466);
#1323=AXIS2_PLACEMENT_3D('',#5323,#1467,#1468);
#1324=AXIS2_PLACEMENT_3D('',#5325,#1469,#1470);
#1325=AXIS2_PLACEMENT_3D('',#5326,#1471,#1472);
#1326=AXIS2_PLACEMENT_3D('',#5327,#1473,#1474);
#1327=AXIS2_PLACEMENT_3D('',#5328,#1475,#1476);
#1328=AXIS2_PLACEMENT_3D('',#5329,#1477,#1478);
#1329=AXIS2_PLACEMENT_3D('',#5330,#1479,#1480);
#1330=AXIS2_PLACEMENT_3D('',#5332,#1481,#1482);
#1331=AXIS2_PLACEMENT_3D('',#5334,#1483,#1484);
#1332=AXIS2_PLACEMENT_3D('',#5335,#1485,#1486);
#1333=AXIS2_PLACEMENT_3D('',#5337,#1487,#1488);
#1334=AXIS2_PLACEMENT_3D('',#5339,#1489,#1490);
#1335=AXIS2_PLACEMENT_3D('',#5340,#1491,#1492);
#1336=AXIS2_PLACEMENT_3D('',#5341,#1493,#1494);
#1337=AXIS2_PLACEMENT_3D('',#5342,#1495,#1496);
#1338=AXIS2_PLACEMENT_3D('',#5351,#1501,#1502);
#1339=AXIS2_PLACEMENT_3D('',#5357,#1506,#1507);
#1340=AXIS2_PLACEMENT_3D('',#5358,#1508,#1509);
#1341=AXIS2_PLACEMENT_3D('',#5367,#1514,#1515);
#1342=AXIS2_PLACEMENT_3D('',#5371,#1518,#1519);
#1343=AXIS2_PLACEMENT_3D('',#5372,#1520,#1521);
#1344=AXIS2_PLACEMENT_3D('',#5374,#1522,#1523);
#1345=AXIS2_PLACEMENT_3D('',#5378,#1526,#1527);
#1346=AXIS2_PLACEMENT_3D('',#5382,#1530,#1531);
#1347=AXIS2_PLACEMENT_3D('',#5384,#1533,#1534);
#1348=AXIS2_PLACEMENT_3D('',#5385,#1535,#1536);
#1349=AXIS2_PLACEMENT_3D('',#5386,#1537,#1538);
#1350=AXIS2_PLACEMENT_3D('',#5395,#1543,#1544);
#1351=AXIS2_PLACEMENT_3D('',#5401,#1548,#1549);
#1352=AXIS2_PLACEMENT_3D('',#5402,#1550,#1551);
#1353=AXIS2_PLACEMENT_3D('',#5411,#1556,#1557);
#1354=AXIS2_PLACEMENT_3D('',#5415,#1560,#1561);
#1355=AXIS2_PLACEMENT_3D('',#5416,#1562,#1563);
#1356=AXIS2_PLACEMENT_3D('',#5418,#1564,#1565);
#1357=AXIS2_PLACEMENT_3D('',#5422,#1568,#1569);
#1358=AXIS2_PLACEMENT_3D('',#5426,#1572,#1573);
#1359=AXIS2_PLACEMENT_3D('',#5428,#1575,#1576);
#1360=AXIS2_PLACEMENT_3D('',#5429,#1577,#1578);
#1361=AXIS2_PLACEMENT_3D('',#5430,#1579,#1580);
#1362=AXIS2_PLACEMENT_3D('',#5439,#1585,#1586);
#1363=AXIS2_PLACEMENT_3D('',#5440,#1587,#1588);
#1364=AXIS2_PLACEMENT_3D('',#5451,#1594,#1595);
#1365=AXIS2_PLACEMENT_3D('',#5455,#1598,#1599);
#1366=AXIS2_PLACEMENT_3D('',#5459,#1602,#1603);
#1367=AXIS2_PLACEMENT_3D('',#5460,#1604,#1605);
#1368=AXIS2_PLACEMENT_3D('',#5462,#1606,#1607);
#1369=AXIS2_PLACEMENT_3D('',#5466,#1610,#1611);
#1370=AXIS2_PLACEMENT_3D('',#5470,#1614,#1615);
#1371=AXIS2_PLACEMENT_3D('',#5472,#1617,#1618);
#1372=AXIS2_PLACEMENT_3D('',#5473,#1619,#1620);
#1373=AXIS2_PLACEMENT_3D('',#5474,#1621,#1622);
#1374=AXIS2_PLACEMENT_3D('',#5483,#1627,#1628);
#1375=AXIS2_PLACEMENT_3D('',#5489,#1632,#1633);
#1376=AXIS2_PLACEMENT_3D('',#5495,#1637,#1638);
#1377=AXIS2_PLACEMENT_3D('',#5496,#1639,#1640);
#1378=AXIS2_PLACEMENT_3D('',#5503,#1644,#1645);
#1379=AXIS2_PLACEMENT_3D('',#5504,#1646,#1647);
#1380=AXIS2_PLACEMENT_3D('',#5506,#1648,#1649);
#1381=AXIS2_PLACEMENT_3D('',#5510,#1652,#1653);
#1382=AXIS2_PLACEMENT_3D('',#5514,#1656,#1657);
#1383=AXIS2_PLACEMENT_3D('',#5516,#1659,#1660);
#1384=AXIS2_PLACEMENT_3D('',#5517,#1661,#1662);
#1385=AXIS2_PLACEMENT_3D('',#5518,#1663,#1664);
#1386=AXIS2_PLACEMENT_3D('',#5621,#1665,#1666);
#1387=AXIS2_PLACEMENT_3D('',#5718,#1667,#1668);
#1388=AXIS2_PLACEMENT_3D('',#5722,#1670,#1671);
#1389=AXIS2_PLACEMENT_3D('',#5726,#1673,#1674);
#1390=AXIS2_PLACEMENT_3D('',#5730,#1676,#1677);
#1391=AXIS2_PLACEMENT_3D('',#5734,#1679,#1680);
#1392=AXIS2_PLACEMENT_3D('',#5738,#1682,#1683);
#1393=AXIS2_PLACEMENT_3D('',#5742,#1685,#1686);
#1394=AXIS2_PLACEMENT_3D('',#5743,#1687,#1688);
#1395=AXIS2_PLACEMENT_3D('',#5749,#1692,#1693);
#1396=AXIS2_PLACEMENT_3D('',#5752,#1695,#1696);
#1397=AXIS2_PLACEMENT_3D('',#5753,#1697,#1698);
#1398=AXIS2_PLACEMENT_3D('',#5757,#1701,#1702);
#1399=AXIS2_PLACEMENT_3D('',#5760,#1704,#1705);
#1400=AXIS2_PLACEMENT_3D('',#5761,#1706,#1707);
#1401=AXIS2_PLACEMENT_3D('',#5765,#1710,#1711);
#1402=AXIS2_PLACEMENT_3D('',#5768,#1713,#1714);
#1403=AXIS2_PLACEMENT_3D('',#5769,#1715,#1716);
#1404=AXIS2_PLACEMENT_3D('',#5773,#1719,#1720);
#1405=AXIS2_PLACEMENT_3D('',#5776,#1722,#1723);
#1406=AXIS2_PLACEMENT_3D('',#5777,#1724,#1725);
#1407=AXIS2_PLACEMENT_3D('',#5781,#1728,#1729);
#1408=AXIS2_PLACEMENT_3D('',#5784,#1731,#1732);
#1409=AXIS2_PLACEMENT_3D('',#5785,#1733,#1734);
#1410=AXIS2_PLACEMENT_3D('',#5789,#1737,#1738);
#1411=AXIS2_PLACEMENT_3D('',#5790,#1739,#1740);
#1412=AXIS2_PLACEMENT_3D('',#5791,#1741,#1742);
#1413=AXIS2_PLACEMENT_3D('',#5888,#1743,#1744);
#1414=AXIS2_PLACEMENT_3D('',#5991,#1745,#1746);
#1415=AXIS2_PLACEMENT_3D('',#6705,#1747,#1748);
#1416=AXIS2_PLACEMENT_3D('',#6706,#1749,#1750);
#1417=DIRECTION('',(0.,0.,1.));
#1418=DIRECTION('',(1.,0.,0.));
#1419=DIRECTION('',(0.,1.,0.));
#1420=DIRECTION('',(1.,0.,0.));
#1421=DIRECTION('',(0.,-1.,0.));
#1422=DIRECTION('',(-1.,0.,0.));
#1423=DIRECTION('',(0.,-1.,0.));
#1424=DIRECTION('',(1.,0.,0.));
#1425=DIRECTION('',(0.,-1.,0.));
#1426=DIRECTION('',(1.,0.,0.));
#1427=DIRECTION('',(0.,-1.,0.));
#1428=DIRECTION('',(1.,0.,0.));
#1429=DIRECTION('',(0.,1.,0.));
#1430=DIRECTION('',(1.,0.,0.));
#1431=DIRECTION('',(0.,-1.,0.));
#1432=DIRECTION('',(-1.,0.,0.));
#1433=DIRECTION('',(0.,-1.,0.));
#1434=DIRECTION('',(-1.,0.,0.));
#1435=DIRECTION('',(0.,1.,0.));
#1436=DIRECTION('',(1.,0.,0.));
#1437=DIRECTION('',(0.,-1.,0.));
#1438=DIRECTION('',(1.,0.,0.));
#1439=DIRECTION('',(0.,1.,0.));
#1440=DIRECTION('',(1.,0.,0.));
#1441=DIRECTION('',(0.,-1.,0.));
#1442=DIRECTION('',(1.,0.,0.));
#1443=DIRECTION('',(0.,-1.,0.));
#1444=DIRECTION('',(1.,0.,0.));
#1445=DIRECTION('',(0.,1.,0.));
#1446=DIRECTION('',(1.,0.,0.));
#1447=DIRECTION('',(0.,1.,0.));
#1448=DIRECTION('',(-1.,0.,0.));
#1449=DIRECTION('',(0.,1.,0.));
#1450=DIRECTION('',(-1.,0.,-6.80453377085144E-14));
#1451=DIRECTION('',(0.,1.,0.));
#1452=DIRECTION('',(-1.,0.,0.));
#1453=DIRECTION('',(0.,-1.,0.));
#1454=DIRECTION('',(-1.,0.,0.));
#1455=DIRECTION('',(0.,-1.,0.));
#1456=DIRECTION('',(-1.,0.,0.));
#1457=DIRECTION('',(0.,1.,0.));
#1458=DIRECTION('',(-1.,0.,0.));
#1459=DIRECTION('',(0.,-1.,0.));
#1460=DIRECTION('',(-1.,0.,-6.80453377085144E-14));
#1461=DIRECTION('',(0.,1.,0.));
#1462=DIRECTION('',(1.,0.,0.));
#1463=DIRECTION('',(0.,-1.,0.));
#1464=DIRECTION('',(1.,0.,0.));
#1465=DIRECTION('',(0.,-1.,0.));
#1466=DIRECTION('',(1.,0.,0.));
#1467=DIRECTION('',(0.,1.,0.));
#1468=DIRECTION('',(1.,0.,0.));
#1469=DIRECTION('',(0.,-1.,0.));
#1470=DIRECTION('',(1.,0.,0.));
#1471=DIRECTION('',(0.,-1.,0.));
#1472=DIRECTION('',(-1.,0.,-6.80453377085144E-14));
#1473=DIRECTION('',(0.,-1.,0.));
#1474=DIRECTION('',(-1.,0.,0.));
#1475=DIRECTION('',(0.,0.,1.));
#1476=DIRECTION('',(1.,0.,0.));
#1477=DIRECTION('',(0.,1.,0.));
#1478=DIRECTION('',(1.,0.,0.));
#1479=DIRECTION('',(0.,1.,0.));
#1480=DIRECTION('',(1.,0.,0.));
#1481=DIRECTION('',(0.,-1.,0.));
#1482=DIRECTION('',(1.,0.,0.));
#1483=DIRECTION('',(0.,1.,0.));
#1484=DIRECTION('',(1.,0.,0.));
#1485=DIRECTION('',(0.,-1.,0.));
#1486=DIRECTION('',(1.,0.,0.));
#1487=DIRECTION('',(0.,1.,0.));
#1488=DIRECTION('',(1.,0.,0.));
#1489=DIRECTION('',(0.,-1.,0.));
#1490=DIRECTION('',(1.,0.,0.));
#1491=DIRECTION('',(0.,-1.,0.));
#1492=DIRECTION('',(1.,0.,0.));
#1493=DIRECTION('',(0.,0.,1.));
#1494=DIRECTION('',(1.,0.,0.));
#1495=DIRECTION('',(0.,-1.,0.));
#1496=DIRECTION('',(-1.,0.,0.));
#1497=DIRECTION('',(2.77555756156289E-16,0.,1.));
#1498=DIRECTION('',(1.,0.,0.));
#1499=DIRECTION('',(2.77555756156289E-16,0.,-1.));
#1500=DIRECTION('',(-1.,0.,0.));
#1501=DIRECTION('',(1.,0.,0.));
#1502=DIRECTION('',(0.,0.,1.));
#1503=DIRECTION('',(2.77555756156289E-16,0.,1.));
#1504=DIRECTION('',(0.,-1.,0.));
#1505=DIRECTION('',(0.,-1.,0.));
#1506=DIRECTION('',(0.,0.,1.));
#1507=DIRECTION('',(-1.,0.,0.));
#1508=DIRECTION('',(0.,0.,-1.));
#1509=DIRECTION('',(1.,0.,0.));
#1510=DIRECTION('',(-0.707106781186547,-0.707106781186548,0.));
#1511=DIRECTION('',(0.,-1.,0.));
#1512=DIRECTION('',(-0.707106781186547,0.707106781186548,0.));
#1513=DIRECTION('',(-1.,0.,0.));
#1514=DIRECTION('',(-1.,0.,0.));
#1515=DIRECTION('',(0.,0.,-1.));
#1516=DIRECTION('',(2.77555756156289E-16,0.,-1.));
#1517=DIRECTION('',(0.,-1.,0.));
#1518=DIRECTION('',(0.,0.,-1.));
#1519=DIRECTION('',(1.,0.,0.));
#1520=DIRECTION('',(0.,0.,1.));
#1521=DIRECTION('',(1.,0.,0.));
#1522=DIRECTION('',(-0.707106781186548,-0.707106781186548,0.));
#1523=DIRECTION('',(-0.707106781186548,0.707106781186548,0.));
#1524=DIRECTION('',(0.707106781186547,-0.707106781186548,0.));
#1525=DIRECTION('',(-2.77555756156289E-16,0.,1.));
#1526=DIRECTION('',(0.,-1.,0.));
#1527=DIRECTION('',(-1.,0.,0.));
#1528=DIRECTION('',(-2.77555756156289E-16,0.,-1.));
#1529=DIRECTION('',(1.,0.,0.));
#1530=DIRECTION('',(0.,0.,-1.));
#1531=DIRECTION('',(1.,0.,0.));
#1532=DIRECTION('',(0.707106781186547,0.707106781186548,0.));
#1533=DIRECTION('',(0.707106781186548,-0.707106781186548,0.));
#1534=DIRECTION('',(-0.707106781186548,-0.707106781186548,0.));
#1535=DIRECTION('',(0.,0.,1.));
#1536=DIRECTION('',(1.,0.,0.));
#1537=DIRECTION('',(0.,-1.,0.));
#1538=DIRECTION('',(-1.,0.,0.));
#1539=DIRECTION('',(1.,0.,2.77555756156289E-16));
#1540=DIRECTION('',(0.,0.,-1.));
#1541=DIRECTION('',(-1.,0.,2.77555756156289E-16));
#1542=DIRECTION('',(2.77555756156289E-16,0.,1.));
#1543=DIRECTION('',(0.,0.,1.));
#1544=DIRECTION('',(-1.,0.,0.));
#1545=DIRECTION('',(-1.,0.,-2.77555756156289E-16));
#1546=DIRECTION('',(0.,-1.,0.));
#1547=DIRECTION('',(0.,-1.,0.));
#1548=DIRECTION('',(-1.,0.,0.));
#1549=DIRECTION('',(0.,0.,-1.));
#1550=DIRECTION('',(1.,0.,-2.77555756156289E-16));
#1551=DIRECTION('',(0.,1.,0.));
#1552=DIRECTION('',(-1.96261557335472E-16,-0.707106781186548,-0.707106781186547));
#1553=DIRECTION('',(0.,-1.,0.));
#1554=DIRECTION('',(-1.96261557335472E-16,0.707106781186548,-0.707106781186547));
#1555=DIRECTION('',(-2.77555756156289E-16,0.,-1.));
#1556=DIRECTION('',(0.,0.,-1.));
#1557=DIRECTION('',(1.,0.,0.));
#1558=DIRECTION('',(1.,0.,-2.77555756156289E-16));
#1559=DIRECTION('',(0.,-1.,0.));
#1560=DIRECTION('',(1.,0.,0.));
#1561=DIRECTION('',(0.,1.,0.));
#1562=DIRECTION('',(-1.,0.,0.));
#1563=DIRECTION('',(0.,1.,0.));
#1564=DIRECTION('',(0.,-0.707106781186548,-0.707106781186548));
#1565=DIRECTION('',(-1.,1.38777878078144E-16,-1.38777878078144E-16));
#1566=DIRECTION('',(0.,-0.707106781186548,0.707106781186547));
#1567=DIRECTION('',(-1.,0.,2.77555756156289E-16));
#1568=DIRECTION('',(0.,-1.,0.));
#1569=DIRECTION('',(-1.,0.,0.));
#1570=DIRECTION('',(1.,0.,2.77555756156289E-16));
#1571=DIRECTION('',(0.,0.,1.));
#1572=DIRECTION('',(1.,0.,0.));
#1573=DIRECTION('',(0.,0.,1.));
#1574=DIRECTION('',(0.,0.707106781186548,0.707106781186547));
#1575=DIRECTION('',(0.,-0.707106781186548,0.707106781186548));
#1576=DIRECTION('',(-1.,1.38777878078144E-16,1.38777878078144E-16));
#1577=DIRECTION('',(0.,0.,1.));
#1578=DIRECTION('',(1.,0.,0.));
#1579=DIRECTION('',(0.,-1.,0.));
#1580=DIRECTION('',(-1.,0.,0.));
#1581=DIRECTION('',(0.,0.,1.));
#1582=DIRECTION('',(1.,0.,0.));
#1583=DIRECTION('',(0.,0.,-1.));
#1584=DIRECTION('',(-1.,0.,2.77555756156289E-16));
#1585=DIRECTION('',(1.,0.,0.));
#1586=DIRECTION('',(0.,0.,1.));
#1587=DIRECTION('',(-1.,0.,0.));
#1588=DIRECTION('',(0.,1.,0.));
#1589=DIRECTION('',(0.,-0.707106781186548,0.707106781186547));
#1590=DIRECTION('',(0.,-1.,0.));
#1591=DIRECTION('',(0.,-1.,0.));
#1592=DIRECTION('',(0.,0.707106781186548,0.707106781186547));
#1593=DIRECTION('',(0.,0.,1.));
#1594=DIRECTION('',(0.,0.,1.));
#1595=DIRECTION('',(-1.,0.,0.));
#1596=DIRECTION('',(-1.,0.,2.77555756156289E-16));
#1597=DIRECTION('',(0.,-1.,0.));
#1598=DIRECTION('',(0.,0.,-1.));
#1599=DIRECTION('',(1.,0.,0.));
#1600=DIRECTION('',(1.,0.,0.));
#1601=DIRECTION('',(0.,-1.,0.));
#1602=DIRECTION('',(1.,0.,0.));
#1603=DIRECTION('',(0.,1.,0.));
#1604=DIRECTION('',(1.,0.,0.));
#1605=DIRECTION('',(0.,1.,0.));
#1606=DIRECTION('',(0.,-0.707106781186548,0.707106781186548));
#1607=DIRECTION('',(-1.,-1.38777878078144E-16,-1.38777878078144E-16));
#1608=DIRECTION('',(0.,-0.707106781186548,-0.707106781186547));
#1609=DIRECTION('',(1.,0.,-2.77555756156289E-16));
#1610=DIRECTION('',(0.,-1.,0.));
#1611=DIRECTION('',(-1.,0.,0.));
#1612=DIRECTION('',(-1.,0.,0.));
#1613=DIRECTION('',(0.,0.,-1.));
#1614=DIRECTION('',(-1.,0.,0.));
#1615=DIRECTION('',(0.,0.,-1.));
#1616=DIRECTION('',(0.,0.707106781186548,-0.707106781186547));
#1617=DIRECTION('',(0.,-0.707106781186548,-0.707106781186548));
#1618=DIRECTION('',(-1.,0.,0.));
#1619=DIRECTION('',(0.,0.,1.));
#1620=DIRECTION('',(1.,0.,0.));
#1621=DIRECTION('',(0.,-1.,0.));
#1622=DIRECTION('',(-1.,0.,0.));
#1623=DIRECTION('',(0.,0.,1.));
#1624=DIRECTION('',(1.,0.,0.));
#1625=DIRECTION('',(-5.55111512312578E-16,0.,-1.));
#1626=DIRECTION('',(-1.,0.,0.));
#1627=DIRECTION('',(1.,0.,0.));
#1628=DIRECTION('',(0.,0.,1.));
#1629=DIRECTION('',(0.,0.,1.));
#1630=DIRECTION('',(0.,-1.,0.));
#1631=DIRECTION('',(0.,-1.,0.));
#1632=DIRECTION('',(-1.,0.,0.));
#1633=DIRECTION('',(0.,0.,-1.));
#1634=DIRECTION('',(-5.55111512312578E-16,0.,-1.));
#1635=DIRECTION('',(0.,-1.,0.));
#1636=DIRECTION('',(0.,-1.,0.));
#1637=DIRECTION('',(0.,0.,-1.));
#1638=DIRECTION('',(1.,0.,0.));
#1639=DIRECTION('',(0.,0.,1.));
#1640=DIRECTION('',(-1.,0.,0.));
#1641=DIRECTION('',(0.707106781186547,-0.707106781186548,0.));
#1642=DIRECTION('',(0.707106781186547,0.707106781186548,0.));
#1643=DIRECTION('',(1.,0.,0.));
#1644=DIRECTION('',(0.,0.,1.));
#1645=DIRECTION('',(-1.,0.,0.));
#1646=DIRECTION('',(0.,0.,-1.));
#1647=DIRECTION('',(-1.,0.,0.));
#1648=DIRECTION('',(0.707106781186548,-0.707106781186548,0.));
#1649=DIRECTION('',(-0.707106781186548,-0.707106781186548,0.));
#1650=DIRECTION('',(-0.707106781186547,-0.707106781186548,0.));
#1651=DIRECTION('',(0.,0.,-1.));
#1652=DIRECTION('',(0.,-1.,0.));
#1653=DIRECTION('',(-1.,0.,0.));
#1654=DIRECTION('',(5.55111512312578E-16,0.,1.));
#1655=DIRECTION('',(-1.,0.,0.));
#1656=DIRECTION('',(0.,0.,1.));
#1657=DIRECTION('',(-1.,0.,0.));
#1658=DIRECTION('',(-0.707106781186547,0.707106781186548,0.));
#1659=DIRECTION('',(-0.707106781186548,-0.707106781186548,0.));
#1660=DIRECTION('',(-0.707106781186548,0.707106781186548,0.));
#1661=DIRECTION('',(0.,0.,1.));
#1662=DIRECTION('',(1.,0.,0.));
#1663=DIRECTION('',(0.,-1.,0.));
#1664=DIRECTION('',(-1.,0.,0.));
#1665=DIRECTION('',(0.,-1.,0.));
#1666=DIRECTION('',(-1.,0.,0.));
#1667=DIRECTION('',(0.,-1.,0.));
#1668=DIRECTION('',(-1.,0.,-3.75939370348395E-16));
#1669=DIRECTION('',(-6.07251374647441E-16,0.,-1.));
#1670=DIRECTION('',(0.,-1.,0.));
#1671=DIRECTION('',(-1.,0.,0.));
#1672=DIRECTION('',(-0.866025403784439,0.,-0.5));
#1673=DIRECTION('',(0.,-1.,0.));
#1674=DIRECTION('',(-1.,0.,0.));
#1675=DIRECTION('',(-0.866025403784439,0.,0.5));
#1676=DIRECTION('',(0.,-1.,0.));
#1677=DIRECTION('',(-1.,0.,0.));
#1678=DIRECTION('',(6.07251374647441E-16,0.,1.));
#1679=DIRECTION('',(0.,-1.,0.));
#1680=DIRECTION('',(-1.,0.,0.));
#1681=DIRECTION('',(0.866025403784439,0.,0.5));
#1682=DIRECTION('',(0.,-1.,0.));
#1683=DIRECTION('',(-1.,0.,0.));
#1684=DIRECTION('',(0.866025403784438,0.,-0.5));
#1685=DIRECTION('',(0.,-1.,0.));
#1686=DIRECTION('',(-1.,0.,0.));
#1687=DIRECTION('',(-1.,0.,0.));
#1688=DIRECTION('',(0.,0.,-1.));
#1689=DIRECTION('',(0.,-1.,0.));
#1690=DIRECTION('',(-6.07251374647441E-16,0.,-1.));
#1691=DIRECTION('',(0.,-1.,0.));
#1692=DIRECTION('',(0.,-1.,0.));
#1693=DIRECTION('',(-1.,0.,0.));
#1694=DIRECTION('',(0.,-1.,0.));
#1695=DIRECTION('',(0.,-1.,0.));
#1696=DIRECTION('',(-1.,0.,0.));
#1697=DIRECTION('',(-0.5,0.,-0.866025403784438));
#1698=DIRECTION('',(0.866025403784438,0.,-0.5));
#1699=DIRECTION('',(0.,-1.,0.));
#1700=DIRECTION('',(0.866025403784438,0.,-0.5));
#1701=DIRECTION('',(0.,-1.,0.));
#1702=DIRECTION('',(-1.,0.,0.));
#1703=DIRECTION('',(0.,-1.,0.));
#1704=DIRECTION('',(0.,-1.,0.));
#1705=DIRECTION('',(-1.,0.,0.));
#1706=DIRECTION('',(0.5,0.,-0.866025403784439));
#1707=DIRECTION('',(0.866025403784439,0.,0.5));
#1708=DIRECTION('',(0.,-1.,0.));
#1709=DIRECTION('',(0.866025403784439,0.,0.5));
#1710=DIRECTION('',(0.,-1.,0.));
#1711=DIRECTION('',(-1.,0.,0.));
#1712=DIRECTION('',(0.,-1.,0.));
#1713=DIRECTION('',(0.,-1.,0.));
#1714=DIRECTION('',(-1.,0.,0.));
#1715=DIRECTION('',(1.,0.,0.));
#1716=DIRECTION('',(0.,0.,1.));
#1717=DIRECTION('',(0.,-1.,0.));
#1718=DIRECTION('',(6.07251374647441E-16,0.,1.));
#1719=DIRECTION('',(0.,-1.,0.));
#1720=DIRECTION('',(-1.,0.,0.));
#1721=DIRECTION('',(0.,-1.,0.));
#1722=DIRECTION('',(0.,-1.,0.));
#1723=DIRECTION('',(-1.,0.,0.));
#1724=DIRECTION('',(0.5,0.,0.866025403784439));
#1725=DIRECTION('',(-0.866025403784439,0.,0.5));
#1726=DIRECTION('',(0.,-1.,0.));
#1727=DIRECTION('',(-0.866025403784439,0.,0.5));
#1728=DIRECTION('',(0.,-1.,0.));
#1729=DIRECTION('',(-1.,0.,0.));
#1730=DIRECTION('',(0.,-1.,0.));
#1731=DIRECTION('',(0.,-1.,0.));
#1732=DIRECTION('',(-1.,0.,0.));
#1733=DIRECTION('',(-0.5,0.,0.866025403784439));
#1734=DIRECTION('',(-0.866025403784439,0.,-0.5));
#1735=DIRECTION('',(0.,-1.,0.));
#1736=DIRECTION('',(-0.866025403784439,0.,-0.5));
#1737=DIRECTION('',(0.,-1.,0.));
#1738=DIRECTION('',(-1.,0.,0.));
#1739=DIRECTION('',(0.,-1.,0.));
#1740=DIRECTION('',(-1.,0.,0.));
#1741=DIRECTION('',(0.,-1.,0.));
#1742=DIRECTION('',(-1.,0.,0.));
#1743=DIRECTION('',(0.,1.,0.));
#1744=DIRECTION('',(-1.,0.,-3.75939370348395E-16));
#1745=DIRECTION('',(0.,-1.,0.));
#1746=DIRECTION('',(-1.,0.,0.));
#1747=DIRECTION('',(0.,-1.,0.));
#1748=DIRECTION('',(-1.,0.,-3.75939370348395E-16));
#1749=DIRECTION('',(0.,-1.,0.));
#1750=DIRECTION('',(-1.,0.,0.));
#1751=CARTESIAN_POINT('',(0.,0.,0.));
#1752=CARTESIAN_POINT('',(0.,-0.0018,0.));
#1753=CARTESIAN_POINT('',(0.,-0.0018,0.));
#1754=CARTESIAN_POINT('',(-0.003954,-0.0018,0.));
#1755=CARTESIAN_POINT('',(0.,-0.0018,0.));
#1756=CARTESIAN_POINT('',(0.0051,-0.0018,0.));
#1757=CARTESIAN_POINT('',(0.,0.,0.));
#1758=CARTESIAN_POINT('',(0.,0.,0.));
#1759=CARTESIAN_POINT('',(0.003,0.,0.));
#1760=CARTESIAN_POINT('',(0.,-0.0018,0.));
#1761=CARTESIAN_POINT('',(0.003,-0.0018,0.));
#1762=CARTESIAN_POINT('',(0.,-0.016,0.));
#1763=CARTESIAN_POINT('',(0.,-0.016,0.));
#1764=CARTESIAN_POINT('',(-0.0035,-0.016,0.));
#1765=CARTESIAN_POINT('',(0.,-0.0018,0.));
#1766=CARTESIAN_POINT('',(0.,-0.0018,0.));
#1767=CARTESIAN_POINT('',(0.0018,-0.0018,0.));
#1768=CARTESIAN_POINT('',(0.,-0.014,0.));
#1769=CARTESIAN_POINT('',(0.,-0.014,0.));
#1770=CARTESIAN_POINT('',(0.0018,-0.014,0.));
#1771=CARTESIAN_POINT('',(0.,0.,0.));
#1772=CARTESIAN_POINT('',(-0.00297108667543633,-0.00174449798383408,-0.00262756920972158));
#1773=CARTESIAN_POINT('',(-0.0021010776674469,-0.00178402108192519,-0.00361131957549059));
#1774=CARTESIAN_POINT('',(0.000677458570534241,-0.0018630672781074,-0.00463060065779727));
#1775=CARTESIAN_POINT('',(0.00425668310219575,-0.00198163657238073,-0.00195523810150832));
#1776=CARTESIAN_POINT('',(0.003958345854626,-0.00210020586665404,0.00249664034496315));
#1777=CARTESIAN_POINT('',(7.0962522905389E-5,-0.00221877516092735,0.00468065841963266));
#1778=CARTESIAN_POINT('',(-0.00388390274374478,-0.00233734445520067,0.00261401803585301));
#1779=CARTESIAN_POINT('',(-0.00430988618582594,-0.002455913749474,-0.00182675743016057));
#1780=CARTESIAN_POINT('',(-0.000822528432366639,-0.00257448304374732,-0.00460843527340579));
#1781=CARTESIAN_POINT('',(0.00341226940096969,-0.00269305233802063,-0.00320484093457043));
#1782=CARTESIAN_POINT('',(0.00454787267360563,-0.00281162163229394,0.00110935635843737));
#1783=CARTESIAN_POINT('',(0.00155328968047523,-0.00293019092656727,0.00441604464040911));
#1784=CARTESIAN_POINT('',(-0.00285202792124264,-0.00304876022084059,0.00371215725153998));
#1785=CARTESIAN_POINT('',(-0.00466714731143039,-0.00316732951511392,-0.000363054136661144));
#1786=CARTESIAN_POINT('',(-0.0022436556374706,-0.00328589880938722,-0.00410854425630549));
#1787=CARTESIAN_POINT('',(0.00221749680539062,-0.00340446810366054,-0.00412272137128899));
#1788=CARTESIAN_POINT('',(0.00466474973602101,-0.00352303739793386,-0.000392708978897759));
#1789=CARTESIAN_POINT('',(0.00287555452274838,-0.00364160669220718,0.0036939551890215));
#1790=CARTESIAN_POINT('',(-0.00152517425454545,-0.00376017598648051,0.00442582885972135));
#1791=CARTESIAN_POINT('',(-0.00454076367932009,-0.00387874528075382,0.00113823600111244));
#1792=CARTESIAN_POINT('',(-0.00343250502261763,-0.00399731457502714,-0.00318308443069096));
#1793=CARTESIAN_POINT('',(0.000793099584110705,-0.00411588386930046,-0.00461357887202705));
#1794=CARTESIAN_POINT('',(0.00429842382943444,-0.00423445316357378,-0.00185409529253416));
#1795=CARTESIAN_POINT('',(0.00389998884406267,-0.0043530224578471,0.00258924776080445));
#1796=CARTESIAN_POINT('',(-4.03532120630254E-5,-0.00447159175212041,0.00468107770900712));
#1797=CARTESIAN_POINT('',(-0.00394404711745954,-0.00459016104639374,0.00252162828642284));
#1798=CARTESIAN_POINT('',(-0.00426582097095738,-0.00470873034066706,-0.00192792332542071));
#1799=CARTESIAN_POINT('',(-0.000713444931329788,-0.00482729963494036,-0.00462656602956097));
#1800=CARTESIAN_POINT('',(0.00348687030039074,-0.0049458689292137,-0.00312343599300671));
#1801=CARTESIAN_POINT('',(0.0045204660949148,-0.005064438223487,0.00121634829813037));
#1802=CARTESIAN_POINT('',(0.00144864739989221,-0.00518300751776034,0.00445146465861748));
#1803=CARTESIAN_POINT('',(-0.0029388095277515,-0.00530157681203364,0.00364383252299531));
#1804=CARTESIAN_POINT('',(-0.00465728698254737,-0.00542014610630697,-0.000473069612954453));
#1805=CARTESIAN_POINT('',(-0.00214609142209676,-0.00553871540058028,-0.00416033754691479));
#1806=CARTESIAN_POINT('',(0.00231414979733141,-0.0056572846948536,-0.00406925393798262));
#1807=CARTESIAN_POINT('',(0.00467271744856032,-0.00577585398912692,-0.000282539452565427));
#1808=CARTESIAN_POINT('',(0.00278759838393811,-0.00589442328340022,0.00376077281235717));
#1809=CARTESIAN_POINT('',(-0.00162917262866019,-0.00601299257767356,0.00438861178988622));
#1810=CARTESIAN_POINT('',(-0.0045663553036045,-0.00613156187194687,0.00103078423423828));
#1811=CARTESIAN_POINT('',(-0.00335644764941054,-0.0062501311662202,-0.00326318495845283));
#1812=CARTESIAN_POINT('',(0.000901731692300598,-0.00636870046049351,-0.00459358213722225));
#1813=CARTESIAN_POINT('',(0.00434097283670066,-0.00648726975476683,-0.00175216201514967));
#1814=CARTESIAN_POINT('',(0.00383781237781022,-0.00660583904904015,0.00268054342420295));
#1815=CARTESIAN_POINT('',(-0.000150787460819401,-0.00672440834331346,0.00467882250549895));
#1816=CARTESIAN_POINT('',(-0.00400244455650533,-0.00684297763758679,0.00242787035658829));
#1817=CARTESIAN_POINT('',(-0.00421914597976162,-0.0069615469318601,-0.00202803454058295));
#1818=CARTESIAN_POINT('',(-0.000604086988728937,-0.00708011622613343,-0.00464211113679159));
#1819=CARTESIAN_POINT('',(0.00355959407445234,-0.00719868552040673,-0.00304029717649281));
#1820=CARTESIAN_POINT('',(0.00449050913933317,-0.00731725481468007,0.00132266570457973));
#1821=CARTESIAN_POINT('',(0.00134321613962481,-0.00743582410895337,0.0044844048990131));
#1822=CARTESIAN_POINT('',(-0.00302396412062752,-0.0075543934032267,0.00357347980171882));
#1823=CARTESIAN_POINT('',(-0.0046448288786069,-0.00767296269750001,-0.000582822087860689));
#1824=CARTESIAN_POINT('',(-0.00204733487025634,-0.00779153199177333,-0.00420981434545387));
#1825=CARTESIAN_POINT('',(0.00240951568665078,-0.00791010128604665,-0.00401352102918516));
#1826=CARTESIAN_POINT('',(0.00467808291260748,-0.00802867058031997,-0.000172212565543517));
#1827=CARTESIAN_POINT('',(0.0026980905913825,-0.00814723987459329,0.00382549657434455));
#1828=CARTESIAN_POINT('',(-0.00173226413611514,-0.00826580916886661,0.00434895135201768));
#1829=CARTESIAN_POINT('',(-0.00458940449169712,-0.00838437846313992,0.000922758561181888));
#1830=CARTESIAN_POINT('',(-0.00327852159357182,-0.00850294775741325,-0.00334146867884923));
#1831=CARTESIAN_POINT('',(0.00100986175901189,-0.00862151705168655,-0.00457102791354595));
#1832=CARTESIAN_POINT('',(0.00438110501446696,-0.00874008634595989,-0.00164925318717742));
#1833=CARTESIAN_POINT('',(0.00377349910683677,-0.00885865564023319,0.00277034663469451));
#1834=CARTESIAN_POINT('',(-0.000261137593274621,-0.00897722493450651,0.00467396242599889));
#1835=CARTESIAN_POINT('',(-0.00405861393153309,-0.00909579422877984,0.00233276053348026));
#1836=CARTESIAN_POINT('',(-0.00417012134039554,-0.00921436352305315,-0.00212701632532351));
#1837=CARTESIAN_POINT('',(-0.000494393893619546,-0.00933293281732647,-0.00465507231578117));
#1838=CARTESIAN_POINT('',(0.00363033827419266,-0.0094515021115998,-0.00295546452195019));
#1839=CARTESIAN_POINT('',(0.00445804776443005,-0.0095700714058731,0.00142824453886541));
#1840=CARTESIAN_POINT('',(0.00123704526315226,-0.00968864070014644,0.00451485257130518));
#1841=CARTESIAN_POINT('',(-0.00310745083484974,-0.00980720999441973,0.00350112959008212));
#1842=CARTESIAN_POINT('',(-0.00462975466164814,-0.00992577928869308,-0.00069223490108604));
#1843=CARTESIAN_POINT('',(-0.00194749596366041,-0.0100443485829663,-0.00425697631567511));
#1844=CARTESIAN_POINT('',(0.00250365002846931,-0.0101629178772397,-0.00395549810089295));
#1845=CARTESIAN_POINT('',(0.00468063356246148,-0.010281487171513,-6.18958591454801E-5));
#1846=CARTESIAN_POINT('',(0.00260748272711068,-0.0104000564657863,0.00388829328143499));
#1847=CARTESIAN_POINT('',(-0.00183516065644451,-0.0105186257600596,0.00430648165977441));
#1848=CARTESIAN_POINT('',(-0.00460842177320249,-0.0106371950543329,0.000814962377785459));
#1849=CARTESIAN_POINT('',(-0.00320164266221408,-0.0107557643486063,-0.00341932615139289));
#1850=CARTESIAN_POINT('',(0.00112335596013788,-0.0108743336428796,-0.00454306988209576));
#1851=CARTESIAN_POINT('',(0.00331037141523965,-0.0109533798390618,-0.00254903855093051));
#1852=CARTESIAN_POINT('',(0.00374392281980294,-0.0109929029371529,-0.00130939600739844));
#1853=CARTESIAN_POINT('',(-0.00296996838451825,-0.00174535989713893,-0.00262658021575915));
#1854=CARTESIAN_POINT('',(-0.00210028684027476,-0.00178488299523004,-0.00360996030653457));
#1855=CARTESIAN_POINT('',(0.000677203581081031,-0.00186392919141225,-0.00462885774039815));
#1856=CARTESIAN_POINT('',(0.004255080924079,-0.00198249848568557,-0.00195450216706734));
#1857=CARTESIAN_POINT('',(0.00395685596802778,-0.00210106777995889,0.00249570063147497));
#1858=CARTESIAN_POINT('',(7.09358132353057E-5,-0.0022196370742322,0.00467889666093184));
#1859=CARTESIAN_POINT('',(-0.00388244087687938,-0.00233820636850552,0.00261303414243335));
#1860=CARTESIAN_POINT('',(-0.00430826398253599,-0.00245677566277884,-0.00182606985471534));
#1861=CARTESIAN_POINT('',(-0.000822218839892145,-0.00257534495705216,-0.00460670069886259));
#1862=CARTESIAN_POINT('',(0.00341098505275033,-0.00269391425132548,-0.00320363466060317));
#1863=CARTESIAN_POINT('',(0.00454616089429285,-0.00281248354559879,0.00110893880645182));
#1864=CARTESIAN_POINT('',(0.00155270503588806,-0.00293105283987212,0.00441438248000967));
#1865=CARTESIAN_POINT('',(-0.00285095444299348,-0.00304962213414543,0.00371076002816873));
#1866=CARTESIAN_POINT('',(-0.00466539063819198,-0.00316819142841876,-0.000362917486274214));
#1867=CARTESIAN_POINT('',(-0.00224281114520337,-0.00328676072269207,-0.00410699783634865));
#1868=CARTESIAN_POINT('',(0.00221666215907792,-0.00340533001696539,-0.00412116961519066));
#1869=CARTESIAN_POINT('',(0.00466299396520892,-0.00352389931123871,-0.000392561166688784));
#1870=CARTESIAN_POINT('',(0.00287447218929314,-0.00364246860551202,0.00369256481674665));
#1871=CARTESIAN_POINT('',(-0.00152460019235754,-0.00376103789978535,0.00442416301662772));
#1872=CARTESIAN_POINT('',(-0.00453905457577029,-0.00387960719405866,0.00113780757908315));
#1873=CARTESIAN_POINT('',(-0.00343121305788809,-0.00399817648833198,-0.00318188634568059));
#1874=CARTESIAN_POINT('',(0.000792801068396107,-0.0041167457826053,-0.00461184236147853));
#1875=CARTESIAN_POINT('',(0.00429680594047472,-0.00423531507687862,-0.00185339742735775));
#1876=CARTESIAN_POINT('',(0.00389852092253046,-0.00435388437115194,0.00258827319069867));
#1877=CARTESIAN_POINT('',(-4.03380234685833E-5,-0.00447245366542526,0.00467931579248947));
#1878=CARTESIAN_POINT('',(-0.00394256261278035,-0.00459102295969858,0.00252067916769305));
#1879=CARTESIAN_POINT('',(-0.00426421535342713,-0.0047095922539719,-0.00192719767202143));
#1880=CARTESIAN_POINT('',(-0.000713176396926582,-0.0048281615482452,-0.00462482463076047));
#1881=CARTESIAN_POINT('',(0.00348555787304834,-0.00494673084251854,-0.00312226035914416));
#1882=CARTESIAN_POINT('',(0.00451876463119741,-0.00506530013679184,0.00121589047531885));
#1883=CARTESIAN_POINT('',(0.00144810214173997,-0.00518386943106518,0.00444978916643441));
#1884=CARTESIAN_POINT('',(-0.00293770338566819,-0.00530243872533848,0.00364246101645153));
#1885=CARTESIAN_POINT('',(-0.00465553402065011,-0.00542100801961181,-0.000472891553708938));
#1886=CARTESIAN_POINT('',(-0.0021452836521429,-0.00553957731388512,-0.00415877163241848));
#1887=CARTESIAN_POINT('',(0.00231327877168182,-0.00565814660815844,-0.00406772230655636));
#1888=CARTESIAN_POINT('',(0.00467095867877124,-0.00577671590243176,-0.000282433107198119));
#1889=CARTESIAN_POINT('',(0.00278654915640066,-0.00589528519670506,0.00375935729051602));
#1890=CARTESIAN_POINT('',(-0.00162855942239809,-0.0060138544909784,0.00438695995497065));
#1891=CARTESIAN_POINT('',(-0.00456463656759218,-0.00613242378525171,0.00103039625610988));
#1892=CARTESIAN_POINT('',(-0.00335518431200797,-0.00625099307952504,-0.00326195672430764));
#1893=CARTESIAN_POINT('',(0.000901392288415014,-0.00636956237379835,-0.004591853153269));
#1894=CARTESIAN_POINT('',(0.00433933893266848,-0.00648813166807167,-0.00175150251676319));
#1895=CARTESIAN_POINT('',(0.00383636785895356,-0.00660670096234499,0.00267953449121167));
#1896=CARTESIAN_POINT('',(-0.000150730705744098,-0.0067252702566183,0.00467706143782008));
#1897=CARTESIAN_POINT('',(-0.00400093807154321,-0.00684383955089163,0.00242695652751945));
#1898=CARTESIAN_POINT('',(-0.00421755793028793,-0.00696240884516494,-0.00202727120620194));
#1899=CARTESIAN_POINT('',(-0.000603859615694412,-0.00708097813943827,-0.00464036388694932));
#1900=CARTESIAN_POINT('',(0.00355825427452039,-0.00719954743371157,-0.00303915283535027));
#1901=CARTESIAN_POINT('',(0.00448881895115064,-0.00731811672798491,0.00132216786483061));
#1902=CARTESIAN_POINT('',(0.00134271056487252,-0.00743668602225821,0.00448271700841299));
#1903=CARTESIAN_POINT('',(-0.00302282592710369,-0.00755525531653154,0.00357213477532115));
#1904=CARTESIAN_POINT('',(-0.00464308060583049,-0.00767382461080485,-0.000582602718747999));
#1905=CARTESIAN_POINT('',(-0.00204656427140084,-0.00779239390507817,-0.00420822980832533));
#1906=CARTESIAN_POINT('',(0.00240860876611842,-0.00791096319935149,-0.00401201037513606));
#1907=CARTESIAN_POINT('',(0.00467632212330488,-0.00802953249362481,-0.000172147746247056));
#1908=CARTESIAN_POINT('',(0.00269707505379167,-0.00814810178789813,0.0038240566910481));
#1909=CARTESIAN_POINT('',(-0.00173161212711549,-0.00826667108217145,0.00434731444494244));
#1910=CARTESIAN_POINT('',(-0.00458767708017294,-0.00838524037644476,0.000922411242967617));
#1911=CARTESIAN_POINT('',(-0.00327728758685194,-0.00850380967071809,-0.00334021097939956));
#1912=CARTESIAN_POINT('',(0.00100948165591932,-0.00862237896499139,-0.00456930741880432));
#1913=CARTESIAN_POINT('',(0.00437945600503571,-0.00874094825926473,-0.00164863242276954));
#1914=CARTESIAN_POINT('',(0.0037720787949302,-0.00885951755353803,0.00276930390056389));
#1915=CARTESIAN_POINT('',(-0.000261039303379094,-0.00897808684781135,0.00467220318761123));
#1916=CARTESIAN_POINT('',(-0.00405708630491176,-0.00909665614208468,0.00233188250291311));
#1917=CARTESIAN_POINT('',(-0.00416855174336532,-0.00921522543635799,-0.00212621573506847));
#1918=CARTESIAN_POINT('',(-0.000494207808102162,-0.00933379473063131,-0.00465332018746502));
#1919=CARTESIAN_POINT('',(0.00362897184676557,-0.00945236402490464,-0.0029543521110734));
#1920=CARTESIAN_POINT('',(0.00445636979442379,-0.00957093331917794,0.00142770696017078));
#1921=CARTESIAN_POINT('',(0.00123657965018496,-0.00968950261345128,0.00451315322046876));
#1922=CARTESIAN_POINT('',(-0.00310628121766026,-0.00980807190772457,0.00349981179566838));
#1923=CARTESIAN_POINT('',(-0.00462801206267455,-0.00992664120199792,-0.000691974349951849));
#1924=CARTESIAN_POINT('',(-0.00194676294329207,-0.0100452104962712,-0.00425537402719538));
#1925=CARTESIAN_POINT('',(0.00250270767659783,-0.0101637797905446,-0.00395400928616422));
#1926=CARTESIAN_POINT('',(0.00467887181311668,-0.0102823490848179,-6.18725620879684E-5));
#1927=CARTESIAN_POINT('',(0.0026065012935238,-0.0104009183790912,0.00388682976200978));
#1928=CARTESIAN_POINT('',(-0.00183446991809874,-0.0105194876733645,0.00430486073791816));
#1929=CARTESIAN_POINT('',(-0.00460668720374066,-0.0106380569676378,0.000814655633107427));
#1930=CARTESIAN_POINT('',(-0.00320043759204844,-0.0107566262619112,-0.00341803914707468));
#1931=CARTESIAN_POINT('',(0.00112293313882526,-0.0108751955561845,-0.00454135991051149));
#1932=CARTESIAN_POINT('',(0.00330912542052675,-0.0109542417523667,-0.002548079115218));
#1933=CARTESIAN_POINT('',(0.00374251364015092,-0.0109937648504578,-0.00130890316224675));
#1934=CARTESIAN_POINT('',(-0.00296885009360016,-0.00174622181044378,-0.00262559122179672));
#1935=CARTESIAN_POINT('',(-0.00209949601310263,-0.00178574490853489,-0.00360860103757854));
#1936=CARTESIAN_POINT('',(0.000676948591627822,-0.00186479110471709,-0.00462711482299904));
#1937=CARTESIAN_POINT('',(0.00425347874596224,-0.00198336039899042,-0.00195376623262635));
#1938=CARTESIAN_POINT('',(0.00395536608142956,-0.00210192969326374,0.00249476091798677));
#1939=CARTESIAN_POINT('',(7.09091035652223E-5,-0.00222049898753705,0.00467713490223102));
#1940=CARTESIAN_POINT('',(-0.00388097901001398,-0.00233906828181036,0.00261205024901368));
#1941=CARTESIAN_POINT('',(-0.00430664177924606,-0.00245763757608369,-0.0018253822792701));
#1942=CARTESIAN_POINT('',(-0.000821909247417651,-0.002576206870357,-0.0046049661243194));
#1943=CARTESIAN_POINT('',(0.00340970070453097,-0.00269477616463033,-0.00320242838663592));
#1944=CARTESIAN_POINT('',(0.00454444911498006,-0.00281334545890364,0.00110852125446627));
#1945=CARTESIAN_POINT('',(0.00155212039130088,-0.00293191475317697,0.00441272031961022));
#1946=CARTESIAN_POINT('',(-0.00284988096474432,-0.00305048404745028,0.00370936280479749));
#1947=CARTESIAN_POINT('',(-0.00466363396495356,-0.00316905334172361,-0.000362780835887284));
#1948=CARTESIAN_POINT('',(-0.00224196665293613,-0.00328762263599692,-0.00410545141639181));
#1949=CARTESIAN_POINT('',(0.00221582751276523,-0.00340619193027023,-0.00411961785909231));
#1950=CARTESIAN_POINT('',(0.00466123819439682,-0.00352476122454356,-0.000392413354479809));
#1951=CARTESIAN_POINT('',(0.0028733898558379,-0.00364333051881687,0.0036911744444718));
#1952=CARTESIAN_POINT('',(-0.00152402613016963,-0.0037618998130902,0.0044224971735341));
#1953=CARTESIAN_POINT('',(-0.00453734547222049,-0.00388046910736351,0.00113737915705387));
#1954=CARTESIAN_POINT('',(-0.00342992109315854,-0.00399903840163683,-0.00318068826067022));
#1955=CARTESIAN_POINT('',(0.00079250255268151,-0.00411760769591015,-0.00461010585093001));
#1956=CARTESIAN_POINT('',(0.00429518805151501,-0.00423617699018347,-0.00185269956218132));
#1957=CARTESIAN_POINT('',(0.00389705300099824,-0.00435474628445679,0.00258729862059288));
#1958=CARTESIAN_POINT('',(-4.03228348741412E-5,-0.00447331557873009,0.00467755387597181));
#1959=CARTESIAN_POINT('',(-0.00394107810810116,-0.00459188487300343,0.00251973004896325));
#1960=CARTESIAN_POINT('',(-0.00426260973589686,-0.00471045416727675,-0.00192647201862215));
#1961=CARTESIAN_POINT('',(-0.000712907862523376,-0.00482902346155005,-0.00462308323195997));
#1962=CARTESIAN_POINT('',(0.00348424544570594,-0.00494759275582339,-0.00312108472528161));
#1963=CARTESIAN_POINT('',(0.00451706316748003,-0.00506616205009669,0.00121543265250733));
#1964=CARTESIAN_POINT('',(0.00144755688358772,-0.00518473134437003,0.00444811367425134));
#1965=CARTESIAN_POINT('',(-0.00293659724358487,-0.00530330063864333,0.00364108950990775));
#1966=CARTESIAN_POINT('',(-0.00465378105875285,-0.00542186993291666,-0.000472713494463422));
#1967=CARTESIAN_POINT('',(-0.00214447588218905,-0.00554043922718997,-0.00415720571792216));
#1968=CARTESIAN_POINT('',(0.00231240774603223,-0.00565900852146329,-0.0040661906751301));
#1969=CARTESIAN_POINT('',(0.00466919990898216,-0.00577757781573661,-0.00028232676183081));
#1970=CARTESIAN_POINT('',(0.0027854999288632,-0.00589614711000991,0.00375794176867485));
#1971=CARTESIAN_POINT('',(-0.00162794621613599,-0.00601471640428325,0.00438530812005509));
#1972=CARTESIAN_POINT('',(-0.00456291783157987,-0.00613328569855656,0.00103000827798147));
#1973=CARTESIAN_POINT('',(-0.00335392097460539,-0.00625185499282989,-0.00326072849016246));
#1974=CARTESIAN_POINT('',(0.00090105288452943,-0.0063704242871032,-0.00459012416931575));
#1975=CARTESIAN_POINT('',(0.0043377050286363,-0.00648899358137652,-0.0017508430183767));
#1976=CARTESIAN_POINT('',(0.00383492334009691,-0.00660756287564984,0.00267852555822038));
#1977=CARTESIAN_POINT('',(-0.000150673950668795,-0.00672613216992315,0.00467530037014121));
#1978=CARTESIAN_POINT('',(-0.0039994315865811,-0.00684470146419648,0.0024260426984506));
#1979=CARTESIAN_POINT('',(-0.00421596988081423,-0.00696327075846979,-0.00202650787182094));
#1980=CARTESIAN_POINT('',(-0.000603632242659887,-0.00708184005274312,-0.00463861663710705));
#1981=CARTESIAN_POINT('',(0.00355691447458845,-0.00720040934701642,-0.00303800849420773));
#1982=CARTESIAN_POINT('',(0.00448712876296811,-0.00731897864128976,0.0013216700250815));
#1983=CARTESIAN_POINT('',(0.00134220499012023,-0.00743754793556306,0.00448102911781287));
#1984=CARTESIAN_POINT('',(-0.00302168773357987,-0.00755611722983639,0.00357078974892347));
#1985=CARTESIAN_POINT('',(-0.00464133233305408,-0.0076746865241097,-0.000582383349635309));
#1986=CARTESIAN_POINT('',(-0.00204579367254534,-0.00779325581838302,-0.00420664527119678));
#1987=CARTESIAN_POINT('',(0.00240770184558606,-0.00791182511265634,-0.00401049972108696));
#1988=CARTESIAN_POINT('',(0.00467456133400227,-0.00803039440692966,-0.000172082926950594));
#1989=CARTESIAN_POINT('',(0.00269605951620084,-0.00814896370120298,0.00382261680775165));
#1990=CARTESIAN_POINT('',(-0.00173096011811583,-0.0082675329954763,0.00434567753786721));
#1991=CARTESIAN_POINT('',(-0.00458594966864876,-0.00838610228974961,0.000922063924753346));
#1992=CARTESIAN_POINT('',(-0.00327605358013205,-0.00850467158402294,-0.00333895327994989));
#1993=CARTESIAN_POINT('',(0.00100910155282675,-0.00862324087829624,-0.00456758692406268));
#1994=CARTESIAN_POINT('',(0.00437780699560446,-0.00874181017256958,-0.00164801165836166));
#1995=CARTESIAN_POINT('',(0.00377065848302363,-0.00886037946684288,0.00276826116643325));
#1996=CARTESIAN_POINT('',(-0.000260941013483567,-0.0089789487611162,0.00467044394922358));
#1997=CARTESIAN_POINT('',(-0.00405555867829044,-0.00909751805538953,0.00233100447234597));
#1998=CARTESIAN_POINT('',(-0.0041669821463351,-0.00921608734966284,-0.00212541514481343));
#1999=CARTESIAN_POINT('',(-0.000494021722584777,-0.00933465664393616,-0.00465156805914887));
#2000=CARTESIAN_POINT('',(0.00362760541933846,-0.00945322593820949,-0.00295323970019662));
#2001=CARTESIAN_POINT('',(0.00445469182441754,-0.00957179523248279,0.00142716938147614));
#2002=CARTESIAN_POINT('',(0.00123611403721767,-0.00969036452675613,0.00451145386963233));
#2003=CARTESIAN_POINT('',(-0.00310511160047078,-0.00980893382102942,0.00349849400125463));
#2004=CARTESIAN_POINT('',(-0.00462626946370095,-0.00992750311530277,-0.000691713798817657));
#2005=CARTESIAN_POINT('',(-0.00194602992292374,-0.010046072409576,-0.00425377173871565));
#2006=CARTESIAN_POINT('',(0.00250176532472636,-0.0101646417038494,-0.00395252047143548));
#2007=CARTESIAN_POINT('',(0.00467711006377188,-0.0102832109981227,-6.18492650304568E-5));
#2008=CARTESIAN_POINT('',(0.00260551985993692,-0.010401780292396,0.00388536624258457));
#2009=CARTESIAN_POINT('',(-0.00183377917975297,-0.0105203495866693,0.00430323981606191));
#2010=CARTESIAN_POINT('',(-0.00460495263427882,-0.0106389188809426,0.000814348888429396));
#2011=CARTESIAN_POINT('',(-0.00319923252188279,-0.010757488175216,-0.00341675214275646));
#2012=CARTESIAN_POINT('',(0.00112251031751265,-0.0108760574694893,-0.00453964993892723));
#2013=CARTESIAN_POINT('',(0.00330787942581386,-0.0109551036656715,-0.0025471196795055));
#2014=CARTESIAN_POINT('',(0.00374110446049891,-0.0109946267637626,-0.00130841031709505));
#2015=CARTESIAN_POINT('',(-0.00296773180268208,-0.00174708372374862,-0.00262460222783428));
#2016=CARTESIAN_POINT('',(-0.00209870518593049,-0.00178660682183973,-0.00360724176862252));
#2017=CARTESIAN_POINT('',(0.000676693602174612,-0.00186565301802194,-0.00462537190559992));
#2018=CARTESIAN_POINT('',(0.00425187656784549,-0.00198422231229526,-0.00195303029818536));
#2019=CARTESIAN_POINT('',(0.00395387619483135,-0.00210279160656858,0.00249382120449857));
#2020=CARTESIAN_POINT('',(7.0882393895139E-5,-0.00222136090084189,0.0046753731435302));
#2021=CARTESIAN_POINT('',(-0.00387951714314857,-0.00233993019511521,0.00261106635559402));
#2022=CARTESIAN_POINT('',(-0.00430501957595611,-0.00245849948938853,-0.00182469470382486));
#2023=CARTESIAN_POINT('',(-0.000821599654943157,-0.00257706878366185,-0.0046032315497762));
#2024=CARTESIAN_POINT('',(0.0034084163563116,-0.00269563807793517,-0.00320122211266867));
#2025=CARTESIAN_POINT('',(0.00454273733566728,-0.00281420737220848,0.00110810370248072));
#2026=CARTESIAN_POINT('',(0.0015515357467137,-0.00293277666648181,0.00441105815921077));
#2027=CARTESIAN_POINT('',(-0.00284880748649516,-0.00305134596075512,0.00370796558142625));
#2028=CARTESIAN_POINT('',(-0.00466187729171515,-0.00316991525502845,-0.000362644185500353));
#2029=CARTESIAN_POINT('',(-0.0022411221606689,-0.00328848454930176,-0.00410390499643498));
#2030=CARTESIAN_POINT('',(0.00221499286645253,-0.00340705384357508,-0.00411806610299397));
#2031=CARTESIAN_POINT('',(0.00465948242358472,-0.0035256231378484,-0.000392265542270834));
#2032=CARTESIAN_POINT('',(0.00287230752238265,-0.00364419243212171,0.00368978407219695));
#2033=CARTESIAN_POINT('',(-0.00152345206798173,-0.00376276172639504,0.00442083133044047));
#2034=CARTESIAN_POINT('',(-0.00453563636867068,-0.00388133102066835,0.00113695073502458));
#2035=CARTESIAN_POINT('',(-0.003428629128429,-0.00399990031494167,-0.00317949017565985));
#2036=CARTESIAN_POINT('',(0.000792204036966912,-0.00411846960921499,-0.00460836934038149));
#2037=CARTESIAN_POINT('',(0.0042935701625553,-0.00423703890348831,-0.00185200169700491));
#2038=CARTESIAN_POINT('',(0.00389558507946602,-0.00435560819776163,0.0025863240504871));
#2039=CARTESIAN_POINT('',(-4.03076462796992E-5,-0.00447417749203494,0.00467579195945415));
#2040=CARTESIAN_POINT('',(-0.00393959360342197,-0.00459274678630827,0.00251878093023347));
#2041=CARTESIAN_POINT('',(-0.00426100411836661,-0.00471131608058159,-0.00192574636522287));
#2042=CARTESIAN_POINT('',(-0.00071263932812017,-0.00482988537485489,-0.00462134183315947));
#2043=CARTESIAN_POINT('',(0.00348293301836355,-0.00494845466912823,-0.00311990909141907));
#2044=CARTESIAN_POINT('',(0.00451536170376264,-0.00506702396340153,0.0012149748296958));
#2045=CARTESIAN_POINT('',(0.00144701162543548,-0.00518559325767487,0.00444643818206827));
#2046=CARTESIAN_POINT('',(-0.00293549110150157,-0.00530416255194817,0.00363971800336397));
#2047=CARTESIAN_POINT('',(-0.00465202809685559,-0.0054227318462215,-0.000472535435217907));
#2048=CARTESIAN_POINT('',(-0.0021436681122352,-0.00554130114049481,-0.00415563980342584));
#2049=CARTESIAN_POINT('',(0.00231153672038265,-0.00565987043476813,-0.00406465904370385));
#2050=CARTESIAN_POINT('',(0.00466744113919307,-0.00577843972904145,-0.000282220416463501));
#2051=CARTESIAN_POINT('',(0.00278445070132575,-0.00589700902331475,0.0037565262468337));
#2052=CARTESIAN_POINT('',(-0.00162733300987389,-0.00601557831758809,0.00438365628513954));
#2053=CARTESIAN_POINT('',(-0.00456119909556756,-0.0061341476118614,0.00102962029985307));
#2054=CARTESIAN_POINT('',(-0.00335265763720282,-0.00625271690613473,-0.00325950025601727));
#2055=CARTESIAN_POINT('',(0.000900713480643846,-0.00637128620040804,-0.0045883951853625));
#2056=CARTESIAN_POINT('',(0.00433607112460413,-0.00648985549468136,-0.00175018351999022));
#2057=CARTESIAN_POINT('',(0.00383347882124025,-0.00660842478895468,0.00267751662522909));
#2058=CARTESIAN_POINT('',(-0.000150617195593492,-0.00672699408322799,0.00467353930246233));
#2059=CARTESIAN_POINT('',(-0.00399792510161899,-0.00684556337750132,0.00242512886938176));
#2060=CARTESIAN_POINT('',(-0.00421438183134052,-0.00696413267177463,-0.00202574453743994));
#2061=CARTESIAN_POINT('',(-0.000603404869625362,-0.00708270196604796,-0.00463686938726478));
#2062=CARTESIAN_POINT('',(0.00355557467465652,-0.00720127126032126,-0.00303686415306518));
#2063=CARTESIAN_POINT('',(0.00448543857478557,-0.0073198405545946,0.00132117218533238));
#2064=CARTESIAN_POINT('',(0.00134169941536794,-0.0074384098488679,0.00447934122721276));
#2065=CARTESIAN_POINT('',(-0.00302054954005604,-0.00755697914314123,0.0035694447225258));
#2066=CARTESIAN_POINT('',(-0.00463958406027767,-0.00767554843741454,-0.00058216398052262));
#2067=CARTESIAN_POINT('',(-0.00204502307368984,-0.00779411773168786,-0.00420506073406824));
#2068=CARTESIAN_POINT('',(0.0024067949250537,-0.00791268702596118,-0.00400898906703785));
#2069=CARTESIAN_POINT('',(0.00467280054469966,-0.0080312563202345,-0.000172018107654133));
#2070=CARTESIAN_POINT('',(0.00269504397861001,-0.00814982561450782,0.00382117692445521));
#2071=CARTESIAN_POINT('',(-0.00173030810911617,-0.00826839490878114,0.00434404063079197));
#2072=CARTESIAN_POINT('',(-0.00458422225712458,-0.00838696420305445,0.000921716606539075));
#2073=CARTESIAN_POINT('',(-0.00327481957341217,-0.00850553349732778,-0.00333769558050021));
#2074=CARTESIAN_POINT('',(0.00100872144973418,-0.00862410279160108,-0.00456586642932104));
#2075=CARTESIAN_POINT('',(0.00437615798617321,-0.00874267208587442,-0.00164739089395378));
#2076=CARTESIAN_POINT('',(0.00376923817111705,-0.00886124138014772,0.00276721843230263));
#2077=CARTESIAN_POINT('',(-0.00026084272358804,-0.00897981067442104,0.00466868471083593));
#2078=CARTESIAN_POINT('',(-0.00405403105166912,-0.00909837996869437,0.00233012644177882));
#2079=CARTESIAN_POINT('',(-0.00416541254930488,-0.00921694926296768,-0.00212461455455839));
#2080=CARTESIAN_POINT('',(-0.000493835637067393,-0.009335518557241,-0.00464981593083271));
#2081=CARTESIAN_POINT('',(0.00362623899191136,-0.00945408785151433,-0.00295212728931984));
#2082=CARTESIAN_POINT('',(0.00445301385441129,-0.00957265714578763,0.00142663180278151));
#2083=CARTESIAN_POINT('',(0.00123564842425037,-0.00969122644006097,0.00450975451879591));
#2084=CARTESIAN_POINT('',(-0.00310394198328131,-0.00980979573433426,0.00349717620684089));
#2085=CARTESIAN_POINT('',(-0.00462452686472735,-0.00992836502860761,-0.000691453247683465));
#2086=CARTESIAN_POINT('',(-0.00194529690255542,-0.0100469343228809,-0.00425216945023593));
#2087=CARTESIAN_POINT('',(0.00250082297285488,-0.0101655036171543,-0.00395103165670675));
#2088=CARTESIAN_POINT('',(0.00467534831442708,-0.0102840729114276,-6.18259679729451E-5));
#2089=CARTESIAN_POINT('',(0.00260453842635005,-0.0104026422057009,0.00388390272315936));
#2090=CARTESIAN_POINT('',(-0.0018330884414072,-0.0105212114999742,0.00430161889420565));
#2091=CARTESIAN_POINT('',(-0.00460321806481698,-0.0106397807942475,0.000814042143751365));
#2092=CARTESIAN_POINT('',(-0.00319802745171715,-0.0107583500885209,-0.00341546513843824));
#2093=CARTESIAN_POINT('',(0.00112208749620003,-0.0108769193827942,-0.00453793996734297));
#2094=CARTESIAN_POINT('',(0.00330663343110095,-0.0109559655789764,-0.002546160243793));
#2095=CARTESIAN_POINT('',(0.0037396952808469,-0.0109954886770675,-0.00130791747194336));
#2096=CARTESIAN_POINT('',(-0.00296578072808418,-0.00174858749805947,-0.00262287673676003));
#2097=CARTESIAN_POINT('',(-0.00209732543511439,-0.00178811059615058,-0.00360487026127241));
#2098=CARTESIAN_POINT('',(0.000676248723800977,-0.00186715679233278,-0.00462233104940709));
#2099=CARTESIAN_POINT('',(0.0042490812585263,-0.00198572608660611,-0.00195174631834585));
#2100=CARTESIAN_POINT('',(0.00395127679976472,-0.00210429538087943,0.00249218169273427));
#2101=CARTESIAN_POINT('',(7.0835793714475E-5,-0.00222286467515274,0.00467229941504578));
#2102=CARTESIAN_POINT('',(-0.00387696663392019,-0.00234143396942606,0.00260934976340223));
#2103=CARTESIAN_POINT('',(-0.00430218932885275,-0.00246000326369938,-0.00182349509559803));
#2104=CARTESIAN_POINT('',(-0.000821059511047758,-0.0025785725579727,-0.00460020524930765));
#2105=CARTESIAN_POINT('',(0.0034061755626638,-0.00269714185224602,-0.00319911753464021));
#2106=CARTESIAN_POINT('',(0.00453975080588297,-0.00281571114651933,0.0011073752023569));
#2107=CARTESIAN_POINT('',(0.00155051572125844,-0.00293428044079266,0.00440815819920883));
#2108=CARTESIAN_POINT('',(-0.00284693459625751,-0.00305284973506596,0.00370552785526473));
#2109=CARTESIAN_POINT('',(-0.00465881243580258,-0.0031714190293393,-0.000362405772494918));
#2110=CARTESIAN_POINT('',(-0.00223964878072448,-0.00328998832361261,-0.0041012069680001));
#2111=CARTESIAN_POINT('',(0.00221353666467838,-0.00340855761788593,-0.00411535876462911));
#2112=CARTESIAN_POINT('',(0.00465641914212924,-0.00352712691215925,-0.000392007655310003));
#2113=CARTESIAN_POINT('',(0.00287041918252688,-0.00364569620643255,0.00368735829909695));
#2114=CARTESIAN_POINT('',(-0.00152245050556687,-0.00376426550070589,0.00441792494526692));
#2115=CARTESIAN_POINT('',(-0.00453265450727195,-0.0038828347949792,0.00113620327000898));
#2116=CARTESIAN_POINT('',(-0.00342637504630742,-0.00400140408925252,-0.00317739988484908));
#2117=CARTESIAN_POINT('',(0.000791683218619554,-0.00411997338352584,-0.00460533966217754));
#2118=CARTESIAN_POINT('',(0.00429074744263469,-0.00423854267779916,-0.00185078413635369));
#2119=CARTESIAN_POINT('',(0.00389302400670142,-0.00435711197207248,0.00258462372461793));
#2120=CARTESIAN_POINT('',(-4.02811468417494E-5,-0.00447568126634579,0.00467271795562777));
#2121=CARTESIAN_POINT('',(-0.00393700359815305,-0.00459425056061912,0.00251712500920778));
#2122=CARTESIAN_POINT('',(-0.00425820280832593,-0.00471281985489244,-0.00192448032264726));
#2123=CARTESIAN_POINT('',(-0.000712170817963929,-0.00483138914916574,-0.00461830362645537));
#2124=CARTESIAN_POINT('',(0.00348064323525978,-0.00494995844343908,-0.00311785797097398));
#2125=CARTESIAN_POINT('',(0.00451239317152783,-0.00506852773771238,0.00121417606933438));
#2126=CARTESIAN_POINT('',(0.00144606031722673,-0.00518709703198572,0.00444351496219365));
#2127=CARTESIAN_POINT('',(-0.00293356122289349,-0.00530566632625902,0.00363732514517731));
#2128=CARTESIAN_POINT('',(-0.00464896971609481,-0.00542423562053235,-0.00047222477645709));
#2129=CARTESIAN_POINT('',(-0.00214225880146247,-0.00554280491480566,-0.00415290776299983));
#2130=CARTESIAN_POINT('',(0.0023100170478256,-0.00566137420907898,-0.00406198681671821));
#2131=CARTESIAN_POINT('',(0.00466437262544273,-0.0057799435033523,-0.000282034876420741));
#2132=CARTESIAN_POINT('',(0.00278262012114073,-0.0058985127976256,0.00375405659545553));
#2133=CARTESIAN_POINT('',(-0.00162626315305765,-0.00601708209189894,0.00438077433993947));
#2134=CARTESIAN_POINT('',(-0.00455820042847666,-0.00613565138617225,0.0010289433970377));
#2135=CARTESIAN_POINT('',(-0.00335045350098489,-0.00625422068044558,-0.00325735736421499));
#2136=CARTESIAN_POINT('',(0.000900121324981236,-0.00637278997471889,-0.0045853786387584));
#2137=CARTESIAN_POINT('',(0.00433322046329496,-0.00649135926899221,-0.0017490328976178));
#2138=CARTESIAN_POINT('',(0.00383095857896535,-0.00660992856326553,0.00267575634666612));
#2139=CARTESIAN_POINT('',(-0.000150518175397643,-0.00672849785753884,0.00467046677959923));
#2140=CARTESIAN_POINT('',(-0.00399529674749918,-0.00684706715181217,0.00242353451798875));
#2141=CARTESIAN_POINT('',(-0.00421161117216926,-0.00696563644608548,-0.00202441275311049));
#2142=CARTESIAN_POINT('',(-0.000603008173430541,-0.00708420574035881,-0.0046338209722877));
#2143=CARTESIAN_POINT('',(0.00355323713478098,-0.00720277503463211,-0.00303486762881695));
#2144=CARTESIAN_POINT('',(0.00448248971490013,-0.00732134432890545,0.00132030360769073));
#2145=CARTESIAN_POINT('',(0.00134081734251858,-0.00743991362317875,0.00447639637590382));
#2146=CARTESIAN_POINT('',(-0.00301856374151657,-0.00755848291745208,0.00356709806407088));
#2147=CARTESIAN_POINT('',(-0.00463653386059432,-0.00767705221172539,-0.000581781248716066));
#2148=CARTESIAN_POINT('',(-0.00204367861508088,-0.00779562150599871,-0.00420229620286181));
#2149=CARTESIAN_POINT('',(0.00240521262693756,-0.00791419080027203,-0.00400635343914018));
#2150=CARTESIAN_POINT('',(0.00466972850751775,-0.00803276009454535,-0.000171905017866195));
#2151=CARTESIAN_POINT('',(0.00269327217704691,-0.00815132938881867,0.00381866476981083));
#2152=CARTESIAN_POINT('',(-0.00172917055342628,-0.00826989868309199,0.0043411847300939));
#2153=CARTESIAN_POINT('',(-0.00458120845392683,-0.0083884679773653,0.000921110642800758));
#2154=CARTESIAN_POINT('',(-0.00327266661023787,-0.00850703727163863,-0.00333550128078056));
#2155=CARTESIAN_POINT('',(0.00100805828644053,-0.00862560656591193,-0.00456286469378699));
#2156=CARTESIAN_POINT('',(0.00437328097057648,-0.00874417586018527,-0.00164630785049173));
#2157=CARTESIAN_POINT('',(0.00376676016254416,-0.00886274515445857,0.00276539918112056));
#2158=CARTESIAN_POINT('',(-0.00026067123787239,-0.00898131444873189,0.00466561537952483));
#2159=CARTESIAN_POINT('',(-0.00405136581183955,-0.00909988374300522,0.00232859454778951));
#2160=CARTESIAN_POINT('',(-0.0041626740839869,-0.00921845303727853,-0.0021232177701576));
#2161=CARTESIAN_POINT('',(-0.000493510974924356,-0.00933702233155185,-0.00464675900441526));
#2162=CARTESIAN_POINT('',(0.00362385499522519,-0.00945559162582518,-0.00295018647359021));
#2163=CARTESIAN_POINT('',(0.00445008631149532,-0.00957416092009848,0.0014256938928705));
#2164=CARTESIAN_POINT('',(0.00123483607245689,-0.00969273021437182,0.00450678967289022));
#2165=CARTESIAN_POINT('',(-0.00310190136008502,-0.00981129950864511,0.00349487705984406));
#2166=CARTESIAN_POINT('',(-0.00462148656408937,-0.00992986880291846,-0.000690998665882654));
#2167=CARTESIAN_POINT('',(-0.00194401800687875,-0.0100484380971917,-0.00424937394836719));
#2168=CARTESIAN_POINT('',(0.00249917885792113,-0.0101670073914651,-0.00394843413172356));
#2169=CARTESIAN_POINT('',(0.00467227460226605,-0.0102855766857384,-6.17853217543435E-5));
#2170=CARTESIAN_POINT('',(0.00260282612581187,-0.0104041459800117,0.00388134933072107));
#2171=CARTESIAN_POINT('',(-0.0018318833148892,-0.010522715274285,0.00429879088281098));
#2172=CARTESIAN_POINT('',(-0.00460019177321384,-0.0106412845685583,0.000813506968387184));
#2173=CARTESIAN_POINT('',(-0.00319592497395323,-0.0107598538628317,-0.00341321971071274));
#2174=CARTESIAN_POINT('',(0.00112134980271693,-0.010878423157105,-0.00453495659149038));
#2175=CARTESIAN_POINT('',(0.00330445955255635,-0.0109574693532872,-0.00254448632279739));
#2176=CARTESIAN_POINT('',(0.00373723669464321,-0.0109969924513783,-0.00130705760834202));
#2177=CARTESIAN_POINT('',(-0.00296382965348628,-0.00175009127237032,-0.00262115124568578));
#2178=CARTESIAN_POINT('',(-0.00209594568429828,-0.00178961437046142,-0.0036024987539223));
#2179=CARTESIAN_POINT('',(0.000675803845427343,-0.00186866056664364,-0.00461929019321427));
#2180=CARTESIAN_POINT('',(0.0042462859492071,-0.00198722986091695,-0.00195046233850635));
#2181=CARTESIAN_POINT('',(0.0039486774046981,-0.00210579915519027,0.00249054218096997));
#2182=CARTESIAN_POINT('',(7.07891935338109E-5,-0.00222436844946358,0.00466922568656136));
#2183=CARTESIAN_POINT('',(-0.00387441612469181,-0.0023429377437369,0.00260763317121043));
#2184=CARTESIAN_POINT('',(-0.00429935908174939,-0.00246150703801022,-0.00182229548737119));
#2185=CARTESIAN_POINT('',(-0.000820519367152359,-0.00258007633228355,-0.00459717894883909));
#2186=CARTESIAN_POINT('',(0.00340393476901599,-0.00269864562655686,-0.00319701295661177));
#2187=CARTESIAN_POINT('',(0.00453676427609867,-0.00281721492083017,0.00110664670223307));
#2188=CARTESIAN_POINT('',(0.00154949569580316,-0.0029357842151035,0.00440525823920689));
#2189=CARTESIAN_POINT('',(-0.00284506170601987,-0.00305435350937681,0.0037030901291032));
#2190=CARTESIAN_POINT('',(-0.00465574757989001,-0.00317292280365015,-0.000362167359489482));
#2191=CARTESIAN_POINT('',(-0.00223817540078007,-0.00329149209792345,-0.00409850893956522));
#2192=CARTESIAN_POINT('',(0.00221208046290423,-0.00341006139219677,-0.00411265142626425));
#2193=CARTESIAN_POINT('',(0.00465335586067376,-0.00352863068647009,-0.000391749768349172));
#2194=CARTESIAN_POINT('',(0.0028685308426711,-0.0036471999807434,0.00368493252599694));
#2195=CARTESIAN_POINT('',(-0.00152144894315201,-0.00376576927501674,0.00441501856009337));
#2196=CARTESIAN_POINT('',(-0.00452967264587322,-0.00388433856929004,0.00113545580499339));
#2197=CARTESIAN_POINT('',(-0.00342412096418584,-0.00400290786356336,-0.0031753095940383));
#2198=CARTESIAN_POINT('',(0.000791162400272196,-0.00412147715783669,-0.0046023099839736));
#2199=CARTESIAN_POINT('',(0.00428792472271409,-0.00424004645211,-0.00184956657570249));
#2200=CARTESIAN_POINT('',(0.00389046293393682,-0.00435861574638333,0.00258292339874877));
#2201=CARTESIAN_POINT('',(-4.02546474037996E-5,-0.00447718504065664,0.00466964395180138));
#2202=CARTESIAN_POINT('',(-0.00393441359288414,-0.00459575433492996,0.0025154690881821));
#2203=CARTESIAN_POINT('',(-0.00425540149828526,-0.00471432362920328,-0.00192321428007166));
#2204=CARTESIAN_POINT('',(-0.000711702307807688,-0.00483289292347658,-0.00461526541975128));
#2205=CARTESIAN_POINT('',(0.00347835345215601,-0.00495146221774992,-0.0031158068505289));
#2206=CARTESIAN_POINT('',(0.00450942463929303,-0.00507003151202322,0.00121337730897297));
#2207=CARTESIAN_POINT('',(0.00144510900901799,-0.00518860080629656,0.00444059174231903));
#2208=CARTESIAN_POINT('',(-0.00293163134428542,-0.00530717010056986,0.00363493228699065));
#2209=CARTESIAN_POINT('',(-0.00464591133533403,-0.00542573939484319,-0.000471914117696273));
#2210=CARTESIAN_POINT('',(-0.00214084949068974,-0.0055443086891165,-0.00415017572257382));
#2211=CARTESIAN_POINT('',(0.00230849737526854,-0.00566287798338982,-0.00405931458973256));
#2212=CARTESIAN_POINT('',(0.00466130411169239,-0.00578144727766314,-0.000281849336377981));
#2213=CARTESIAN_POINT('',(0.0027807895409557,-0.00590001657193644,0.00375158694407737));
#2214=CARTESIAN_POINT('',(-0.0016251932962414,-0.00601858586620978,0.00437789239473939));
#2215=CARTESIAN_POINT('',(-0.00455520176138577,-0.00613715516048309,0.00102826649422232));
#2216=CARTESIAN_POINT('',(-0.00334824936476697,-0.00625572445475642,-0.00325521447241271));
#2217=CARTESIAN_POINT('',(0.000899529169318626,-0.00637429374902973,-0.00458236209215429));
#2218=CARTESIAN_POINT('',(0.0043303698019858,-0.00649286304330305,-0.00174788227524538));
#2219=CARTESIAN_POINT('',(0.00382843833669045,-0.00661143233757637,0.00267399606810314));
#2220=CARTESIAN_POINT('',(-0.000150419155201795,-0.00673000163184968,0.00466739425673613));
#2221=CARTESIAN_POINT('',(-0.00399266839337937,-0.00684857092612301,0.00242194016659574));
#2222=CARTESIAN_POINT('',(-0.00420884051299798,-0.00696714022039632,-0.00202308096878104));
#2223=CARTESIAN_POINT('',(-0.00060261147723572,-0.00708570951466965,-0.00463077255731062));
#2224=CARTESIAN_POINT('',(0.00355089959490546,-0.00720427880894295,-0.00303287110456873));
#2225=CARTESIAN_POINT('',(0.00447954085501468,-0.00732284810321629,0.00131943503004907));
#2226=CARTESIAN_POINT('',(0.00133993526966921,-0.00744141739748959,0.00447345152459488));
#2227=CARTESIAN_POINT('',(-0.00301657794297711,-0.00755998669176292,0.00356475140561596));
#2228=CARTESIAN_POINT('',(-0.00463348366091097,-0.00767855598603624,-0.000581398516909513));
#2229=CARTESIAN_POINT('',(-0.00204233415647193,-0.00779712528030955,-0.00419953167165537));
#2230=CARTESIAN_POINT('',(0.00240363032882141,-0.00791569457458287,-0.00400371781124251));
#2231=CARTESIAN_POINT('',(0.00466665647033583,-0.00803426386885619,-0.000171791928078256));
#2232=CARTESIAN_POINT('',(0.0026915003754838,-0.00815283316312952,0.00381615261516645));
#2233=CARTESIAN_POINT('',(-0.00172803299773637,-0.00827140245740283,0.00433832882939583));
#2234=CARTESIAN_POINT('',(-0.00457819465072908,-0.00838997175167614,0.00092050467906244));
#2235=CARTESIAN_POINT('',(-0.00327051364706357,-0.00850854104594948,-0.00333330698106091));
#2236=CARTESIAN_POINT('',(0.00100739512314689,-0.00862711034022277,-0.00455986295825295));
#2237=CARTESIAN_POINT('',(0.00437040395497976,-0.00874567963449611,-0.00164522480702969));
#2238=CARTESIAN_POINT('',(0.00376428215397127,-0.00886424892876941,0.00276357992993849));
#2239=CARTESIAN_POINT('',(-0.000260499752156741,-0.00898281822304273,0.00466254604821374));
#2240=CARTESIAN_POINT('',(-0.00404870057200998,-0.00910138751731606,0.00232706265380019));
#2241=CARTESIAN_POINT('',(-0.00415993561866893,-0.00921995681158937,-0.00212182098575681));
#2242=CARTESIAN_POINT('',(-0.000493186312781318,-0.0093385261058627,-0.00464370207799781));
#2243=CARTESIAN_POINT('',(0.00362147099853903,-0.00945709540013602,-0.00294824565786059));
#2244=CARTESIAN_POINT('',(0.00444715876857936,-0.00957566469440932,0.00142475598295949));
#2245=CARTESIAN_POINT('',(0.0012340237206634,-0.00969423398868266,0.00450382482698453));
#2246=CARTESIAN_POINT('',(-0.00309986073688873,-0.00981280328295595,0.00349257791284723));
#2247=CARTESIAN_POINT('',(-0.00461844626345138,-0.0099313725772293,-0.000690544084081843));
#2248=CARTESIAN_POINT('',(-0.00194273911120209,-0.0100499418715025,-0.00424657844649846));
#2249=CARTESIAN_POINT('',(0.00249753474298738,-0.010168511165776,-0.00394583660674036));
#2250=CARTESIAN_POINT('',(0.00466920089010501,-0.0102870804600492,-6.1744675535742E-5));
#2251=CARTESIAN_POINT('',(0.0026011138252737,-0.0104056497543225,0.00387879593828278));
#2252=CARTESIAN_POINT('',(-0.0018306781883712,-0.0105242190485958,0.00429596287141631));
#2253=CARTESIAN_POINT('',(-0.00459716548161069,-0.0106427883428691,0.000812971793023004));
#2254=CARTESIAN_POINT('',(-0.00319382249618931,-0.0107613576371425,-0.00341097428298723));
#2255=CARTESIAN_POINT('',(0.00112061210923382,-0.0108799269314158,-0.0045319732156378));
#2256=CARTESIAN_POINT('',(0.00330228567401176,-0.010958973127598,-0.00254281240180178));
#2257=CARTESIAN_POINT('',(0.00373477810843951,-0.0109984962256891,-0.00130619774474069));
#2258=CARTESIAN_POINT('',(-0.00296187857888839,-0.00175159504668116,-0.00261942575461152));
#2259=CARTESIAN_POINT('',(-0.00209456593348217,-0.00179111814477227,-0.00360012724657218));
#2260=CARTESIAN_POINT('',(0.000675358967053708,-0.00187016434095448,-0.00461624933702144));
#2261=CARTESIAN_POINT('',(0.0042434906398879,-0.0019887336352278,-0.00194917835866684));
#2262=CARTESIAN_POINT('',(0.00394607800963147,-0.00210730292950112,0.00248890266920567));
#2263=CARTESIAN_POINT('',(7.07425933531469E-5,-0.00222587222377443,0.00466615195807694));
#2264=CARTESIAN_POINT('',(-0.00387186561546343,-0.00234444151804775,0.00260591657901864));
#2265=CARTESIAN_POINT('',(-0.00429652883464603,-0.00246301081232107,-0.00182109587914435));
#2266=CARTESIAN_POINT('',(-0.00081997922325696,-0.00258158010659439,-0.00459415264837054));
#2267=CARTESIAN_POINT('',(0.00340169397536818,-0.00270014940086771,-0.00319490837858332));
#2268=CARTESIAN_POINT('',(0.00453377774631437,-0.00281871869514102,0.00110591820210924));
#2269=CARTESIAN_POINT('',(0.0015484756703479,-0.00293728798941435,0.00440235827920494));
#2270=CARTESIAN_POINT('',(-0.00284318881578222,-0.00305585728368766,0.00370065240294167));
#2271=CARTESIAN_POINT('',(-0.00465268272397744,-0.00317442657796099,-0.000361928946484047));
#2272=CARTESIAN_POINT('',(-0.00223670202083566,-0.0032929958722343,-0.00409581091113035));
#2273=CARTESIAN_POINT('',(0.00221062426113009,-0.00341156516650762,-0.0041099440878994));
#2274=CARTESIAN_POINT('',(0.00465029257921828,-0.00353013446078094,-0.000391491881388341));
#2275=CARTESIAN_POINT('',(0.00286664250281532,-0.00364870375505425,0.00368250675289693));
#2276=CARTESIAN_POINT('',(-0.00152044738073715,-0.00376727304932758,0.00441211217491981));
#2277=CARTESIAN_POINT('',(-0.00452669078447449,-0.00388584234360089,0.0011347083399778));
#2278=CARTESIAN_POINT('',(-0.00342186688206425,-0.00400441163787421,-0.00317321930322753));
#2279=CARTESIAN_POINT('',(0.000790641581924837,-0.00412298093214753,-0.00459928030576965));
#2280=CARTESIAN_POINT('',(0.00428510200279348,-0.00424155022642085,-0.00184834901505128));
#2281=CARTESIAN_POINT('',(0.00388790186117222,-0.00436011952069417,0.00258122307287961));
#2282=CARTESIAN_POINT('',(-4.02281479658498E-5,-0.00447868881496748,0.00466656994797499));
#2283=CARTESIAN_POINT('',(-0.00393182358761523,-0.00459725810924081,0.00251381316715642));
#2284=CARTESIAN_POINT('',(-0.00425260018824459,-0.00471582740351413,-0.00192194823749605));
#2285=CARTESIAN_POINT('',(-0.000711233797651446,-0.00483439669778743,-0.00461222721304718));
#2286=CARTESIAN_POINT('',(0.00347606366905224,-0.00495296599206077,-0.00311375573008381));
#2287=CARTESIAN_POINT('',(0.00450645610705822,-0.00507153528633407,0.00121257854861155));
#2288=CARTESIAN_POINT('',(0.00144415770080924,-0.00519010458060741,0.00443766852244441));
#2289=CARTESIAN_POINT('',(-0.00292970146567735,-0.00530867387488071,0.00363253942880398));
#2290=CARTESIAN_POINT('',(-0.00464285295457325,-0.00542724316915404,-0.000471603458935456));
#2291=CARTESIAN_POINT('',(-0.002139440179917,-0.00554581246342735,-0.00414744368214782));
#2292=CARTESIAN_POINT('',(0.00230697770271148,-0.00566438175770067,-0.00405664236274692));
#2293=CARTESIAN_POINT('',(0.00465823559794205,-0.00578295105197399,-0.000281663796335221));
#2294=CARTESIAN_POINT('',(0.00277895896077068,-0.00590152034624729,0.0037491172926992));
#2295=CARTESIAN_POINT('',(-0.00162412343942516,-0.00602008964052063,0.00437501044953932));
#2296=CARTESIAN_POINT('',(-0.00455220309429487,-0.00613865893479394,0.00102758959140694));
#2297=CARTESIAN_POINT('',(-0.00334604522854904,-0.00625722822906727,-0.00325307158061042));
#2298=CARTESIAN_POINT('',(0.000898937013656016,-0.00637579752334058,-0.00457934554555019));
#2299=CARTESIAN_POINT('',(0.00432751914067663,-0.0064943668176139,-0.00174673165287296));
#2300=CARTESIAN_POINT('',(0.00382591809441554,-0.00661293611188722,0.00267223578954016));
#2301=CARTESIAN_POINT('',(-0.000150320135005946,-0.00673150540616053,0.00466432173387302));
#2302=CARTESIAN_POINT('',(-0.00399004003925957,-0.00685007470043386,0.00242034581520274));
#2303=CARTESIAN_POINT('',(-0.00420606985382672,-0.00696864399470717,-0.00202174918445159));
#2304=CARTESIAN_POINT('',(-0.000602214781040899,-0.0070872132889805,-0.00462772414233354));
#2305=CARTESIAN_POINT('',(0.00354856205502993,-0.0072057825832538,-0.00303087458032049));
#2306=CARTESIAN_POINT('',(0.00447659199512924,-0.00732435187752714,0.00131856645240741));
#2307=CARTESIAN_POINT('',(0.00133905319681985,-0.00744292117180044,0.00447050667328593));
#2308=CARTESIAN_POINT('',(-0.00301459214443764,-0.00756149046607377,0.00356240474716103));
#2309=CARTESIAN_POINT('',(-0.00463043346122762,-0.00768005976034708,-0.000581015785102959));
#2310=CARTESIAN_POINT('',(-0.00204098969786297,-0.0077986290546204,-0.00419676714044893));
#2311=CARTESIAN_POINT('',(0.00240204803070526,-0.00791719834889372,-0.00400108218334485));
#2312=CARTESIAN_POINT('',(0.00466358443315391,-0.00803576764316704,-0.000171678838290318));
#2313=CARTESIAN_POINT('',(0.00268972857392069,-0.00815433693744036,0.00381364046052208));
#2314=CARTESIAN_POINT('',(-0.00172689544204648,-0.00827290623171368,0.00433547292869776));
#2315=CARTESIAN_POINT('',(-0.00457518084753133,-0.00839147552598699,0.000919898715324122));
#2316=CARTESIAN_POINT('',(-0.00326836068388927,-0.00851004482026032,-0.00333111268134126));
#2317=CARTESIAN_POINT('',(0.00100673195985324,-0.00862861411453362,-0.0045568612227189));
#2318=CARTESIAN_POINT('',(0.00436752693938304,-0.00874718340880696,-0.00164414176356764));
#2319=CARTESIAN_POINT('',(0.00376180414539838,-0.00886575270308026,0.00276176067875642));
#2320=CARTESIAN_POINT('',(-0.000260328266441092,-0.00898432199735358,0.00465947671690265));
#2321=CARTESIAN_POINT('',(-0.00404603533218041,-0.00910289129162691,0.00232553075981087));
#2322=CARTESIAN_POINT('',(-0.00415719715335095,-0.00922146058590022,-0.00212042420135602));
#2323=CARTESIAN_POINT('',(-0.000492861650638281,-0.00934002988017354,-0.00464064515158035));
#2324=CARTESIAN_POINT('',(0.00361908700185287,-0.00945859917444687,-0.00294630484213097));
#2325=CARTESIAN_POINT('',(0.0044442312256634,-0.00957716846872017,0.00142381807304848));
#2326=CARTESIAN_POINT('',(0.00123321136886992,-0.00969573776299351,0.00450085998107884));
#2327=CARTESIAN_POINT('',(-0.00309782011369244,-0.0098143070572668,0.0034902787658504));
#2328=CARTESIAN_POINT('',(-0.0046154059628134,-0.00993287635154015,-0.000690089502281032));
#2329=CARTESIAN_POINT('',(-0.00194146021552543,-0.0100514456458134,-0.00424378294462972));
#2330=CARTESIAN_POINT('',(0.00249589062805362,-0.0101700149400868,-0.00394323908175717));
#2331=CARTESIAN_POINT('',(0.00466612717794398,-0.0102885842343601,-6.17040293171404E-5));
#2332=CARTESIAN_POINT('',(0.00259940152473552,-0.0104071535286334,0.00387624254584448));
#2333=CARTESIAN_POINT('',(-0.0018294730618532,-0.0105257228229067,0.00429313486002164));
#2334=CARTESIAN_POINT('',(-0.00459413919000755,-0.01064429211718,0.000812436617658823));
#2335=CARTESIAN_POINT('',(-0.00319172001842539,-0.0107628614114534,-0.00340872885526173));
#2336=CARTESIAN_POINT('',(0.00111987441575071,-0.0108814307057267,-0.00452898983978522));
#2337=CARTESIAN_POINT('',(0.00330011179546716,-0.0109604769019089,-0.00254113848080618));
#2338=CARTESIAN_POINT('',(0.00373231952223582,-0.011,-0.00130533788113935));
#2339=CARTESIAN_POINT('',(-0.00285444743249092,-0.00183439669778744,-0.00252441581270277));
#2340=CARTESIAN_POINT('',(-0.00201859333249745,-0.00187391979587855,-0.00346954599991583));
#2341=CARTESIAN_POINT('',(0.000650862828495727,-0.00195296599206076,-0.00444881203494308));
#2342=CARTESIAN_POINT('',(0.0040895737752941,-0.00207153528633408,-0.00187847915205611));
#2343=CARTESIAN_POINT('',(0.0038029486837468,-0.0021901045806074,0.00239862696751745));
#2344=CARTESIAN_POINT('',(6.81766684846332E-5,-0.00230867387488071,0.00449690462373512));
#2345=CARTESIAN_POINT('',(-0.00373142806858658,-0.00242724316915403,0.00251139663228767));
#2346=CARTESIAN_POINT('',(-0.00414068820649677,-0.00254581246342735,-0.00175504238883903));
#2347=CARTESIAN_POINT('',(-0.000790237521958152,-0.00266438175770067,-0.00442751682161608));
#2348=CARTESIAN_POINT('',(0.00327831015873506,-0.00278295105197398,-0.00307902494156718));
#2349=CARTESIAN_POINT('',(0.00436933179492744,-0.00290152034624731,0.00106580512619815));
#2350=CARTESIAN_POINT('',(0.00149231046573086,-0.00302008964052062,0.00424267908095609));
#2351=CARTESIAN_POINT('',(-0.00274006269978238,-0.00313865893479395,0.0035664249795421));
#2352=CARTESIAN_POINT('',(-0.00448392393608405,-0.00325722822906726,-0.000348801317987617));
#2353=CARTESIAN_POINT('',(-0.0021555739611101,-0.00337579752334058,-0.00394725058028279));
#2354=CARTESIAN_POINT('',(0.00213044207529709,-0.0034943668176139,-0.00396087112854864));
#2355=CARTESIAN_POINT('',(0.00448162048495013,-0.00361293611188721,-0.000377291967211349));
#2356=CARTESIAN_POINT('',(0.00276266569141452,-0.00373150540616054,0.00354893749556816));
#2357=CARTESIAN_POINT('',(-0.00146529879824161,-0.00385007470043385,0.00425207919032537));
#2358=CARTESIAN_POINT('',(-0.00436250188631059,-0.00396864399470717,0.00109355100872881));
#2359=CARTESIAN_POINT('',(-0.0032977513681536,-0.00408721328898049,-0.0030581225568767));
#2360=CARTESIAN_POINT('',(0.0007619639946189,-0.00420578258325381,-0.00443245849228479));
#2361=CARTESIAN_POINT('',(0.0041296758405357,-0.00432435187752713,-0.0017813070184465));
#2362=CARTESIAN_POINT('',(0.0037468826590335,-0.00444292117180044,0.00248759879138354));
#2363=CARTESIAN_POINT('',(-3.8769021287195E-5,-0.00456149046607377,0.00449730745260184));
#2364=CARTESIAN_POINT('',(-0.00378921128795486,-0.00468005976034708,0.00242263392966113));
#2365=CARTESIAN_POINT('',(-0.0040983529086128,-0.0047986290546204,-0.00185223670241068));
#2366=CARTESIAN_POINT('',(-0.000685436432836099,-0.00491719834889372,-0.00444493579857968));
#2367=CARTESIAN_POINT('',(0.00334998236795549,-0.00503576764316704,-0.00300081580402845));
#2368=CARTESIAN_POINT('',(0.00434300114667533,-0.00515433693744035,0.00116859676471845));
#2369=CARTESIAN_POINT('',(0.00139177624314837,-0.00527290623171368,0.00427670857624801));
#2370=CARTESIAN_POINT('',(-0.00282343742457066,-0.00539147552598699,0.00350078255060107));
#2371=CARTESIAN_POINT('',(-0.00447445070506177,-0.00551004482026031,-0.000454497794780439));
#2372=CARTESIAN_POINT('',(-0.00206183993228512,-0.00562861411453363,-0.0039970105642719));
#2373=CARTESIAN_POINT('',(0.00222330065359738,-0.00574718340880695,-0.00390950272553803));
#2374=CARTESIAN_POINT('',(0.00448927540016641,-0.00586575270308027,-0.000271447488092651));
#2375=CARTESIAN_POINT('',(0.00267816254424129,-0.00598432199735357,0.00361313198539995));
#2376=CARTESIAN_POINT('',(-0.00156521439290581,-0.00610289129162692,0.00421632319225435));
#2377=CARTESIAN_POINT('',(-0.0043870888318332,-0.00622146058590021,0.000990317594972701));
#2378=CARTESIAN_POINT('',(-0.00322467986355298,-0.00634002988017355,-0.00313507848943207));
#2379=CARTESIAN_POINT('',(0.000866331411723343,-0.00645859917444685,-0.00441324679146377));
#2380=CARTESIAN_POINT('',(0.00417055445425983,-0.00657716846872018,-0.00168337544872116));
#2381=CARTESIAN_POINT('',(0.00368714712323679,-0.0066957377629935,0.00257531035972651));
#2382=CARTESIAN_POINT('',(-0.000144867830328304,-0.00681430705726681,0.00449514078411759));
#2383=CARTESIAN_POINT('',(-0.00384531615400486,-0.00693287635154014,0.0023325567588049));
#2384=CARTESIAN_POINT('',(-0.00405351028928372,-0.00705144564581345,-0.00194841774063013));
#2385=CARTESIAN_POINT('',(-0.000580371676206724,-0.00717001494008678,-0.00445987063430463));
#2386=CARTESIAN_POINT('',(0.00341985114420742,-0.00728858423436007,-0.00292094086019042));
#2387=CARTESIAN_POINT('',(0.00431422024450503,-0.00740715352863342,0.00127074035089433));
#2388=CARTESIAN_POINT('',(0.00129048401473151,-0.00752572282290672,0.00430835564511351));
#2389=CARTESIAN_POINT('',(-0.00290524900920377,-0.00764429211718004,0.00343319174408683));
#2390=CARTESIAN_POINT('',(-0.00446248168271698,-0.00776286141145337,-0.000559941595123154));
#2391=CARTESIAN_POINT('',(-0.0019669603758679,-0.00788143070572668,-0.00404454499728774));
#2392=CARTESIAN_POINT('',(0.00231492265849055,-0.008,-0.00385595778531887));
#2393=CARTESIAN_POINT('',(0.00449443022624407,-0.00811856929427332,-0.000165451825967392));
#2394=CARTESIAN_POINT('',(0.00259216865831376,-0.00823713858854664,0.00367531481491935));
#2395=CARTESIAN_POINT('',(-0.00166425872277988,-0.00835570788281995,0.00417821974815719));
#2396=CARTESIAN_POINT('',(-0.00440923315239979,-0.00847427717709327,0.00088653280550551));
#2397=CARTESIAN_POINT('',(-0.00314981303726615,-0.0085928464713666,-0.00321028893904258));
#2398=CARTESIAN_POINT('',(0.000970216496548001,-0.0087114157656399,-0.00439157800394679));
#2399=CARTESIAN_POINT('',(0.00420911111863869,-0.00882998505991324,-0.00158450662667883));
#2400=CARTESIAN_POINT('',(0.00362535866963057,-0.00894855435418654,0.00266158806604062));
#2401=CARTESIAN_POINT('',(-0.000250885825315127,-0.00906712364845987,0.00449047150214566));
#2402=CARTESIAN_POINT('',(-0.00389928042561571,-0.00918569294273317,0.00224118076744797));
#2403=CARTESIAN_POINT('',(-0.00400641026452703,-0.00930426223700652,-0.00204351368772987));
#2404=CARTESIAN_POINT('',(-0.00047498492452234,-0.00942283153127981,-0.00447232298192369));
#2405=CARTESIAN_POINT('',(0.0034878180604815,-0.00954140082555315,-0.00283943857520069));
#2406=CARTESIAN_POINT('',(0.00428303324177859,-0.00965997011982645,0.00137217435985264));
#2407=CARTESIAN_POINT('',(0.00118848120604271,-0.00977853941409978,0.00433760799938443));
#2408=CARTESIAN_POINT('',(-0.00298545819294416,-0.00989710870837309,0.00336368186490559));
#2409=CARTESIAN_POINT('',(-0.00444799925100253,-0.0100156780026464,-0.000665059068260097));
#2410=CARTESIAN_POINT('',(-0.00187104095589552,-0.0101342472969197,-0.00408985547776689));
#2411=CARTESIAN_POINT('',(0.00240536146410825,-0.010252816591193,-0.00380021272743867));
#2412=CARTESIAN_POINT('',(0.00449688074240946,-0.0103713858854664,-5.94659447939761E-5));
#2413=CARTESIAN_POINT('',(0.00250511788740475,-0.0104899551797397,0.00373564624207198));
#2414=CARTESIAN_POINT('',(-0.00176311572035411,-0.010608524474013,0.00413741733569823));
#2415=CARTESIAN_POINT('',(-0.00442750385140523,-0.0107270937682863,0.000782968496368329));
#2416=CARTESIAN_POINT('',(-0.00307595222733387,-0.0108456630625597,-0.00328508987448477));
#2417=CARTESIAN_POINT('',(0.00107925513001672,-0.010964232356833,-0.00436471755192755));
#2418=CARTESIAN_POINT('',(0.00318041249518056,-0.0110432785530152,-0.00244896811903186));
#2419=CARTESIAN_POINT('',(0.00359694349168095,-0.0110828016511063,-0.00125799159692418));
#2420=CARTESIAN_POINT('',(-0.00274701628609344,-0.00191719834889372,-0.00242940587079403));
#2421=CARTESIAN_POINT('',(-0.00194262073151272,-0.00195672144698482,-0.00333896475325948));
#2422=CARTESIAN_POINT('',(0.000626366689937753,-0.00203576764316704,-0.00428137473286472));
#2423=CARTESIAN_POINT('',(0.00393565691070029,-0.00215433693744035,-0.00180777994544538));
#2424=CARTESIAN_POINT('',(0.00365981935786213,-0.00227290623171368,0.00230835126582924));
#2425=CARTESIAN_POINT('',(6.56107436161198E-5,-0.00239147552598699,0.0043276572893933));
#2426=CARTESIAN_POINT('',(-0.00359099052170975,-0.00251004482026031,0.00241687668555669));
#2427=CARTESIAN_POINT('',(-0.00398484757834751,-0.00262861411453363,-0.00168898889853371));
#2428=CARTESIAN_POINT('',(-0.000760495820659349,-0.00274718340880695,-0.00426088099486161));
#2429=CARTESIAN_POINT('',(0.00315492634210194,-0.00286575270308027,-0.00296314150455103));
#2430=CARTESIAN_POINT('',(0.00420488584354051,-0.00298432199735359,0.00102569205028706));
#2431=CARTESIAN_POINT('',(0.00143614526111382,-0.0031028912916269,0.00408299988270723));
#2432=CARTESIAN_POINT('',(-0.00263693658378253,-0.00322146058590022,0.00343219755614253));
#2433=CARTESIAN_POINT('',(-0.00431516514819067,-0.00334002988017354,-0.000335673689491188));
#2434=CARTESIAN_POINT('',(-0.00207444590138453,-0.00345859917444686,-0.00379869024943523));
#2435=CARTESIAN_POINT('',(0.00205025988946408,-0.00357716846872017,-0.00381179816919787));
#2436=CARTESIAN_POINT('',(0.004312948390682,-0.0036957377629935,-0.00036309205303436));
#2437=CARTESIAN_POINT('',(0.00265868888001371,-0.00381430705726681,0.0034153682382394));
#2438=CARTESIAN_POINT('',(-0.00141015021574608,-0.00393287635154013,0.00409204620573092));
#2439=CARTESIAN_POINT('',(-0.0041983129881467,-0.00405144564581345,0.00105239367747982));
#2440=CARTESIAN_POINT('',(-0.00317363585424294,-0.00417001494008677,-0.00294302581052587));
#2441=CARTESIAN_POINT('',(0.00073328640731296,-0.00428858423436009,-0.00426563667879993));
#2442=CARTESIAN_POINT('',(0.00397424967827791,-0.00440715352863341,-0.00171426502184171));
#2443=CARTESIAN_POINT('',(0.00360586345689479,-0.00452572282290672,0.00239397450988747));
#2444=CARTESIAN_POINT('',(-3.73098946085455E-5,-0.00464429211718004,0.0043280449572287));
#2445=CARTESIAN_POINT('',(-0.00364659898829447,-0.00476286141145336,0.00233145469216584));
#2446=CARTESIAN_POINT('',(-0.00394410562898102,-0.00488143070572668,-0.00178252516732532));
#2447=CARTESIAN_POINT('',(-0.000659639068020749,-0.005,-0.00427764438411217));
#2448=CARTESIAN_POINT('',(0.00322390106685874,-0.00511856929427332,-0.0028878758779731));
#2449=CARTESIAN_POINT('',(0.00417954618629244,-0.00523713858854664,0.00112461498082534));
#2450=CARTESIAN_POINT('',(0.00133939478548749,-0.00535570788281995,0.00411574863005161));
#2451=CARTESIAN_POINT('',(-0.00271717338346396,-0.00547427717709328,0.00336902567239815));
#2452=CARTESIAN_POINT('',(-0.0043060484555503,-0.00559284647136659,-0.000437392130625416));
#2453=CARTESIAN_POINT('',(-0.00198423968465323,-0.00571141576563991,-0.003846577446396));
#2454=CARTESIAN_POINT('',(0.00213962360448327,-0.00582998505991321,-0.00376236308832913));
#2455=CARTESIAN_POINT('',(0.00432031520239078,-0.00594855435418656,-0.000261231179850085));
#2456=CARTESIAN_POINT('',(0.00257736612771189,-0.00606712364845985,0.00347714667810069));
#2457=CARTESIAN_POINT('',(-0.00150630534638645,-0.00618569294273319,0.00405763593496938));
#2458=CARTESIAN_POINT('',(-0.00422197456937153,-0.00630426223700649,0.000953045598538459));
#2459=CARTESIAN_POINT('',(-0.00310331449855691,-0.00642283153127982,-0.00301708539825372));
#2460=CARTESIAN_POINT('',(0.000833725809790664,-0.00654140082555314,-0.00424714803737737));
#2461=CARTESIAN_POINT('',(0.00401358976784303,-0.00665997011982645,-0.00162001924456936));
#2462=CARTESIAN_POINT('',(0.00354837615205804,-0.00677853941409978,0.00247838492991286));
#2463=CARTESIAN_POINT('',(-0.000139415525650662,-0.00689710870837308,0.00432595983436217));
#2464=CARTESIAN_POINT('',(-0.00370059226875015,-0.00701567800264642,0.00224476770240707));
#2465=CARTESIAN_POINT('',(-0.00390095072474073,-0.00713424729691972,-0.00187508629680867));
#2466=CARTESIAN_POINT('',(-0.000558528571372551,-0.00725281659119305,-0.00429201712627572));
#2467=CARTESIAN_POINT('',(0.00329114023338492,-0.00737138588546637,-0.00281100714006034));
#2468=CARTESIAN_POINT('',(0.00415184849388082,-0.00748995517973968,0.00122291424938125));
#2469=CARTESIAN_POINT('',(0.00124191483264318,-0.007608524474013,0.00414620461694109));
#2470=CARTESIAN_POINT('',(-0.0027959058739699,-0.00772709376828632,0.00330397874101264));
#2471=CARTESIAN_POINT('',(-0.00429452990420634,-0.00784566306255964,-0.000538867405143352));
#2472=CARTESIAN_POINT('',(-0.00189293105387281,-0.00796423235683296,-0.00389232285412654));
#2473=CARTESIAN_POINT('',(0.00222779728627585,-0.00808280165110627,-0.00371083338729289));
#2474=CARTESIAN_POINT('',(0.00432527601933424,-0.0082013709453796,-0.000159224813644466));
#2475=CARTESIAN_POINT('',(0.00249460874270682,-0.00831994023965291,0.00353698916931662));
#2476=CARTESIAN_POINT('',(-0.00160162200351328,-0.00843850953392624,0.00402096656761662));
#2477=CARTESIAN_POINT('',(-0.00424328545726825,-0.00855707882819955,0.000853166895686902));
#2478=CARTESIAN_POINT('',(-0.00303126539064303,-0.00867564812247288,-0.00308946519674389));
#2479=CARTESIAN_POINT('',(0.000933701033242762,-0.00879421741674618,-0.00422629478517467));
#2480=CARTESIAN_POINT('',(0.00405069529789434,-0.00891278671101951,-0.00152487148979002));
#2481=CARTESIAN_POINT('',(0.00348891319386276,-0.00903135600529281,0.00256141545332482));
#2482=CARTESIAN_POINT('',(-0.000241443384189167,-0.00914992529956615,0.00432146628738867));
#2483=CARTESIAN_POINT('',(-0.003752525519051,-0.00926849459383945,0.00215683077508507));
#2484=CARTESIAN_POINT('',(-0.00385562337570312,-0.00938706388811278,-0.00196660317410373));
#2485=CARTESIAN_POINT('',(-0.000457108198406403,-0.0095056331823861,-0.00430400081226701));
#2486=CARTESIAN_POINT('',(0.00335654911911014,-0.00962420247665942,-0.00273257230827041));
#2487=CARTESIAN_POINT('',(0.00412183525789377,-0.00974277177093273,0.00132053064665681));
#2488=CARTESIAN_POINT('',(0.0011437510432155,-0.00986134106520606,0.00417435601769002));
#2489=CARTESIAN_POINT('',(-0.00287309627219588,-0.00997991035947937,0.00323708496396079));
#2490=CARTESIAN_POINT('',(-0.00428059253919167,-0.0100984796537527,-0.000640028634239163));
#2491=CARTESIAN_POINT('',(-0.00180062169626562,-0.010217048948026,-0.00393592801090406));
#2492=CARTESIAN_POINT('',(0.00231483230016288,-0.0103356182422993,-0.00365718637312017));
#2493=CARTESIAN_POINT('',(0.00432763430687495,-0.0104541875365726,-5.72278602708068E-5));
#2494=CARTESIAN_POINT('',(0.00241083425007399,-0.010572756830846,0.00359504993829947));
#2495=CARTESIAN_POINT('',(-0.00169675837885502,-0.0106913261251193,0.00398169981137481));
#2496=CARTESIAN_POINT('',(-0.00426086851280291,-0.0108098954193926,0.000753500375077836));
#2497=CARTESIAN_POINT('',(-0.00296018443624235,-0.0109284647136659,-0.00316145089370782));
#2498=CARTESIAN_POINT('',(0.00103863584428272,-0.0110470340079392,-0.00420044526406989));
#2499=CARTESIAN_POINT('',(0.00306071319489396,-0.0111260802041215,-0.00235679775725754));
#2500=CARTESIAN_POINT('',(0.00346156746112607,-0.0111656033022126,-0.00121064531270902));
#2501=CARTESIAN_POINT('',(-0.00263958513969597,-0.002,-0.00233439592888528));
#2502=CARTESIAN_POINT('',(-0.001866648130528,-0.0020395230980911,-0.00320838350660313));
#2503=CARTESIAN_POINT('',(0.000601870551379773,-0.00211856929427332,-0.00411393743078636));
#2504=CARTESIAN_POINT('',(0.00378174004610648,-0.00223713858854663,-0.00173708073883464));
#2505=CARTESIAN_POINT('',(0.00351669003197745,-0.00235570788281995,0.00221807556414102));
#2506=CARTESIAN_POINT('',(6.30448187476064E-5,-0.00247427717709327,0.00415840995505149));
#2507=CARTESIAN_POINT('',(-0.00345055297483291,-0.00259284647136659,0.00232235673882571));
#2508=CARTESIAN_POINT('',(-0.00382900695019825,-0.00271141576563991,-0.00162293540822839));
#2509=CARTESIAN_POINT('',(-0.000730754119360545,-0.00282998505991322,-0.00409424516810715));
#2510=CARTESIAN_POINT('',(0.00303154252546882,-0.00294855435418655,-0.00284725806753488));
#2511=CARTESIAN_POINT('',(0.00404043989215358,-0.00306712364845986,0.000985578974375962));
#2512=CARTESIAN_POINT('',(0.00137998005649679,-0.00318569294273318,0.00392332068445838));
#2513=CARTESIAN_POINT('',(-0.00253381046778268,-0.0033042622370065,0.00329797013274295));
#2514=CARTESIAN_POINT('',(-0.00414640636029729,-0.00342283153127981,-0.000322546060994757));
#2515=CARTESIAN_POINT('',(-0.00199331784165897,-0.00354140082555314,-0.00365012991858767));
#2516=CARTESIAN_POINT('',(0.00197007770363108,-0.00365997011982645,-0.0036627252098471));
#2517=CARTESIAN_POINT('',(0.00414427629641386,-0.00377853941409978,-0.00034889213885737));
#2518=CARTESIAN_POINT('',(0.0025547120686129,-0.00389710870837309,0.00328179898091063));
#2519=CARTESIAN_POINT('',(-0.00135500163325054,-0.00401567800264641,0.00393201322113648));
#2520=CARTESIAN_POINT('',(-0.00403412408998281,-0.00413424729691973,0.00101123634623082));
#2521=CARTESIAN_POINT('',(-0.00304952034033228,-0.00425281659119305,-0.00282792906417503));
#2522=CARTESIAN_POINT('',(0.000704608820007021,-0.00437138588546637,-0.00409881486531507));
#2523=CARTESIAN_POINT('',(0.00381882351602013,-0.00448995517973968,-0.00164722302523693));
#2524=CARTESIAN_POINT('',(0.00346484425475608,-0.00460852447401301,0.0023003502283914));
#2525=CARTESIAN_POINT('',(-3.58507679298883E-5,-0.00472709376828632,0.00415878246185556));
#2526=CARTESIAN_POINT('',(-0.0035039866886341,-0.00484566306255964,0.00224027545467054));
#2527=CARTESIAN_POINT('',(-0.00378985834934922,-0.00496423235683296,-0.00171281363223996));
#2528=CARTESIAN_POINT('',(-0.000633841703205405,-0.00508280165110628,-0.00411035296964467));
#2529=CARTESIAN_POINT('',(0.00309781976576199,-0.00520137094537959,-0.00277493595191774));
#2530=CARTESIAN_POINT('',(0.00401609122590955,-0.00531994023965292,0.00108063319693224));
#2531=CARTESIAN_POINT('',(0.00128701332782662,-0.00543850953392623,0.00395478868385521));
#2532=CARTESIAN_POINT('',(-0.00261090934235727,-0.00555707882819955,0.00323726879419524));
#2533=CARTESIAN_POINT('',(-0.00413764620603882,-0.00567564812247287,-0.000420286466470394));
#2534=CARTESIAN_POINT('',(-0.00190663943702135,-0.00579421741674618,-0.00369614432852009));
#2535=CARTESIAN_POINT('',(0.00205594655536917,-0.0059127867110195,-0.00361522345112023));
#2536=CARTESIAN_POINT('',(0.00415135500461514,-0.00603135600529283,-0.000251014871607514));
#2537=CARTESIAN_POINT('',(0.0024765697111825,-0.00614992529956614,0.00334116137080144));
#2538=CARTESIAN_POINT('',(-0.0014473962998671,-0.00626849459383946,0.00389894867768441));
#2539=CARTESIAN_POINT('',(-0.00405686030690986,-0.00638706388811277,0.000915773602104217));
#2540=CARTESIAN_POINT('',(-0.00298194913356085,-0.0065056331823861,-0.00289909230707537));
#2541=CARTESIAN_POINT('',(0.000801120207857993,-0.00662420247665941,-0.00408104928329096));
#2542=CARTESIAN_POINT('',(0.00385662508142623,-0.00674277177093273,-0.00155666304041755));
#2543=CARTESIAN_POINT('',(0.00340960518087929,-0.00686134106520606,0.0023814595000992));
#2544=CARTESIAN_POINT('',(-0.00013396322097302,-0.00697991035947937,0.00415677888460674));
#2545=CARTESIAN_POINT('',(-0.00355586838349544,-0.00709847965375269,0.00215697864600924));
#2546=CARTESIAN_POINT('',(-0.00374839116019773,-0.007217048948026,-0.00180175485298721));
#2547=CARTESIAN_POINT('',(-0.000536685466538379,-0.00733561824229933,-0.0041241636182468));
#2548=CARTESIAN_POINT('',(0.00316242932256241,-0.00745418753657264,-0.00270107341993026));
#2549=CARTESIAN_POINT('',(0.00398947674325661,-0.00757275683084596,0.00117508814786817));
#2550=CARTESIAN_POINT('',(0.00119334565055484,-0.00769132612511929,0.00398405358876867));
#2551=CARTESIAN_POINT('',(-0.00268656273873603,-0.0078098954193926,0.00317476573793844));
#2552=CARTESIAN_POINT('',(-0.0041265781256957,-0.00792846471366592,-0.000517793215163549));
#2553=CARTESIAN_POINT('',(-0.00181890173187773,-0.00804703400793923,-0.00374010071096535));
#2554=CARTESIAN_POINT('',(0.00214067191406114,-0.00816560330221256,-0.00356570898926691));
#2555=CARTESIAN_POINT('',(0.00415612181242441,-0.00828417259648587,-0.000152997801321544));
#2556=CARTESIAN_POINT('',(0.00239704882709988,-0.0084027418907592,0.0033986635237139));
#2557=CARTESIAN_POINT('',(-0.00153898528424668,-0.00852131118503251,0.00386371338707605));
#2558=CARTESIAN_POINT('',(-0.00407733776213671,-0.00863988047930582,0.000819800985868295));
#2559=CARTESIAN_POINT('',(-0.00291271774401991,-0.00875844977357916,-0.00296864145444521));
#2560=CARTESIAN_POINT('',(0.000897185569937524,-0.00887701906785245,-0.00406101156640256));
#2561=CARTESIAN_POINT('',(0.00389227947714999,-0.00899558836212581,-0.0014652363529012));
#2562=CARTESIAN_POINT('',(0.00335246771809495,-0.00911415765639908,0.00246124284060901));
#2563=CARTESIAN_POINT('',(-0.000232000943063203,-0.00923272695067244,0.00415246107263169));
#2564=CARTESIAN_POINT('',(-0.00360577061248629,-0.00935129624494573,0.00207248078272217));
#2565=CARTESIAN_POINT('',(-0.0037048364868792,-0.00946986553921907,-0.00188969266047759));
#2566=CARTESIAN_POINT('',(-0.000439231472290471,-0.00958843483349237,-0.00413567864261034));
#2567=CARTESIAN_POINT('',(0.00322528017773878,-0.0097070041277657,-0.00262570604134014));
#2568=CARTESIAN_POINT('',(0.00396063727400895,-0.00982557342203901,0.00126888693346097));
#2569=CARTESIAN_POINT('',(0.00109902088038828,-0.00994414271631234,0.00401110403599561));
#2570=CARTESIAN_POINT('',(-0.0027607343514476,-0.0100627120105856,0.00311048806301599));
#2571=CARTESIAN_POINT('',(-0.0041131858273808,-0.010181281304859,-0.000614998200218233));
#2572=CARTESIAN_POINT('',(-0.00173020243663572,-0.0102998505991323,-0.00378200054404123));
#2573=CARTESIAN_POINT('',(0.00222430313621751,-0.0104184198934056,-0.00351416001880166));
#2574=CARTESIAN_POINT('',(0.00415838787134043,-0.0105369891876789,-5.49897757476381E-5));
#2575=CARTESIAN_POINT('',(0.00231655061274322,-0.0106555584819522,0.00345445363452695));
#2576=CARTESIAN_POINT('',(-0.00163040103735592,-0.0107741277762256,0.00382598228705139));
#2577=CARTESIAN_POINT('',(-0.00409423317420059,-0.0108926970704989,0.000724032253787343));
#2578=CARTESIAN_POINT('',(-0.00284441664515083,-0.0110112663647722,-0.00303781191293086));
#2579=CARTESIAN_POINT('',(0.000998016558548731,-0.0111298356590455,-0.00403617297621222));
#2580=CARTESIAN_POINT('',(0.00294101389460736,-0.0112088818552277,-0.00226462739548323));
#2581=CARTESIAN_POINT('',(0.0033261914305712,-0.0112484049533188,-0.00116329902849385));
#2582=CARTESIAN_POINT('',(-0.00263851082823199,-0.00200082801651107,-0.0023334458294662));
#2583=CARTESIAN_POINT('',(-0.00186588840451815,-0.00204035111460217,-0.00320707769413656));
#2584=CARTESIAN_POINT('',(0.000601625589994193,-0.00211939731078439,-0.00411226305776557));
#2585=CARTESIAN_POINT('',(0.00378020087746054,-0.0022379666050577,-0.00173637374676854));
#2586=CARTESIAN_POINT('',(0.0035152587387186,-0.00235653589933101,0.00221717280712414));
#2587=CARTESIAN_POINT('',(6.30191594989213E-5,-0.00247510519360434,0.00415671748170807));
#2588=CARTESIAN_POINT('',(-0.00344914859936414,-0.00259367448787766,0.0023214115393584));
#2589=CARTESIAN_POINT('',(-0.00382744854391676,-0.00271224378215098,-0.00162227487332533));
#2590=CARTESIAN_POINT('',(-0.000730456702347557,-0.00283081307642429,-0.0040925788098396));
#2591=CARTESIAN_POINT('',(0.00303030868730249,-0.00294938237069762,-0.00284609923316472));
#2592=CARTESIAN_POINT('',(0.00403879543263971,-0.00306795166497093,0.000985177843616851));
#2593=CARTESIAN_POINT('',(0.00137941840445062,-0.00318652095924425,0.00392172389247589));
#2594=CARTESIAN_POINT('',(-0.00253277920662268,-0.00330509025351757,0.00329662785850895));
#2595=CARTESIAN_POINT('',(-0.00414471877241835,-0.00342365954779088,-0.000322414784709793));
#2596=CARTESIAN_POINT('',(-0.00199250656106172,-0.0035422288420642,-0.0036486443152792));
#2597=CARTESIAN_POINT('',(0.00196927588177275,-0.00366079813633752,-0.00366123448025359));
#2598=CARTESIAN_POINT('',(0.00414258957547118,-0.00377936743061085,-0.0003487501397156));
#2599=CARTESIAN_POINT('',(0.00255367230049889,-0.00389793672488416,0.00328046328833734));
#2600=CARTESIAN_POINT('',(-0.00135445014742558,-0.00401650601915748,0.00393041289129054));
#2601=CARTESIAN_POINT('',(-0.00403248220100117,-0.00413507531343079,0.00101082477291833));
#2602=CARTESIAN_POINT('',(-0.00304827918519317,-0.00425364460770412,-0.00282677809671152));
#2603=CARTESIAN_POINT('',(0.000704322044133962,-0.00437221390197743,-0.00409714664718022));
#2604=CARTESIAN_POINT('',(0.00381726925439755,-0.00449078319625074,-0.00164655260527088));
#2605=CARTESIAN_POINT('',(0.00346343406273469,-0.00460935249052407,0.00229941398557644));
#2606=CARTESIAN_POINT('',(-3.58361766631018E-5,-0.00472792178479738,0.00415708983690183));
#2607=CARTESIAN_POINT('',(-0.00350256056563749,-0.0048464910790707,0.00223936366229558));
#2608=CARTESIAN_POINT('',(-0.0037883158765529,-0.00496506037334402,-0.0017121165168891));
#2609=CARTESIAN_POINT('',(-0.000633583729557252,-0.00508362966761734,-0.0041086800555));
#2610=CARTESIAN_POINT('',(0.00309655895275102,-0.00520219896189065,-0.00277380655265718));
#2611=CARTESIAN_POINT('',(0.00401445667630572,-0.00532076825616398,0.00108019337909331));
#2612=CARTESIAN_POINT('',(0.00128648951325001,-0.00543933755043729,0.00395317908439325));
#2613=CARTESIAN_POINT('',(-0.00260984670194621,-0.00555790684471061,0.00323595122541321));
#2614=CARTESIAN_POINT('',(-0.00413596218354371,-0.00567647613898393,-0.000420115409828844));
#2615=CARTESIAN_POINT('',(-0.00190586343454503,-0.00579504543325724,-0.00369463999734133));
#2616=CARTESIAN_POINT('',(0.00205510978487803,-0.00591361472753056,-0.00361375205474814));
#2617=CARTESIAN_POINT('',(0.00414966540263738,-0.00603218402180389,-0.000250912708525088));
#2618=CARTESIAN_POINT('',(0.0024755617470172,-0.0061507533160772,0.00333980151772845));
#2619=CARTESIAN_POINT('',(-0.00144680720940191,-0.00626932261035052,0.00389736180511156));
#2620=CARTESIAN_POINT('',(-0.00405520916428524,-0.00638789190462383,0.000915400882139875));
#2621=CARTESIAN_POINT('',(-0.00298073547991089,-0.00650646119889716,-0.00289791237616358));
#2622=CARTESIAN_POINT('',(0.000800794151838666,-0.00662503049317047,-0.0040793882957501));
#2623=CARTESIAN_POINT('',(0.00385505543456206,-0.00674359978744379,-0.00155602947837603));
#2624=CARTESIAN_POINT('',(0.00340821747116751,-0.00686216908171712,0.00238049024580107));
#2625=CARTESIAN_POINT('',(-0.000133908697926244,-0.00698073837599043,0.00415508707510918));
#2626=CARTESIAN_POINT('',(-0.0035544211446429,-0.00709930767026375,0.00215610075544526));
#2627=CARTESIAN_POINT('',(-0.0037468655645523,-0.00721787696453706,-0.001801021538549));
#2628=CARTESIAN_POINT('',(-0.000536467035490037,-0.00733644625881039,-0.00412248508316651));
#2629=CARTESIAN_POINT('',(0.00316114221345418,-0.0074550155530837,-0.00269997408272896));
#2630=CARTESIAN_POINT('',(0.00398785302575037,-0.00757358484735702,0.00117460988685304));
#2631=CARTESIAN_POINT('',(0.00119285995873396,-0.00769215414163035,0.00398243207848694));
#2632=CARTESIAN_POINT('',(-0.00268546930738369,-0.00781072343590366,0.0031734736079077));
#2633=CARTESIAN_POINT('',(-0.0041248986079106,-0.00792929273017698,-0.000517582473263751));
#2634=CARTESIAN_POINT('',(-0.00181816143865778,-0.00804786202445029,-0.00373857848953374));
#2635=CARTESIAN_POINT('',(0.00213980066033899,-0.00816643131872362,-0.00356425774528665));
#2636=CARTESIAN_POINT('',(0.00415443027035531,-0.00828500061299693,-0.000152935531198315));
#2637=CARTESIAN_POINT('',(0.00239607322794381,-0.00840356990727026,0.00339728026725788));
#2638=CARTESIAN_POINT('',(-0.00153835891705401,-0.00852213920154357,0.00386214085527065));
#2639=CARTESIAN_POINT('',(-0.00407567828518539,-0.00864070849581688,0.000819467326770109));
#2640=CARTESIAN_POINT('',(-0.00291153226755368,-0.00875927779009022,-0.00296743321702222));
#2641=CARTESIAN_POINT('',(0.000896820415304472,-0.00887784708436351,-0.00405935873421484));
#2642=CARTESIAN_POINT('',(0.00389069531894255,-0.00899641637863687,-0.00146464000153231));
#2643=CARTESIAN_POINT('',(0.00335110326333727,-0.00911498567291014,0.00246024111448185));
#2644=CARTESIAN_POINT('',(-0.000231906518651944,-0.0092335549671835,0.00415077102048412));
#2645=CARTESIAN_POINT('',(-0.00360430306342064,-0.00935212426145679,0.00207163728279854));
#2646=CARTESIAN_POINT('',(-0.00370332861799096,-0.00947069355573013,-0.00188892355534133));
#2647=CARTESIAN_POINT('',(-0.000439052705029312,-0.00958926285000343,-0.00413399542091377));
#2648=CARTESIAN_POINT('',(0.00322396748832507,-0.00970783214427676,-0.00262463737867084));
#2649=CARTESIAN_POINT('',(0.0039590252941701,-0.00982640143855007,0.00126837049632901));
#2650=CARTESIAN_POINT('',(0.00109857357876001,-0.0099449707328234,0.00400947151617867));
#2651=CARTESIAN_POINT('',(-0.00275961073224012,-0.0100635400270967,0.00310922209400654));
#2652=CARTESIAN_POINT('',(-0.00411151176026269,-0.0101821093213701,-0.000614747895878024));
#2653=CARTESIAN_POINT('',(-0.00172949824403942,-0.0103006786156434,-0.0037804612693726));
#2654=CARTESIAN_POINT('',(0.00222339784457805,-0.0104192479099167,-0.00351272975525848));
#2655=CARTESIAN_POINT('',(0.00415669540698509,-0.01053781720419,-5.49673949024064E-5));
#2656=CARTESIAN_POINT('',(0.00231560777636991,-0.0106563864984633,0.00345304767148922));
#2657=CARTESIAN_POINT('',(-0.00162973746394093,-0.0107749557927367,0.00382442511180816));
#2658=CARTESIAN_POINT('',(-0.00409256682081457,-0.01089352508701,0.000723737572574438));
#2659=CARTESIAN_POINT('',(-0.00284325896723991,-0.0110120943812833,-0.00303657552312309));
#2660=CARTESIAN_POINT('',(0.000997610365691391,-0.0111306636755566,-0.00403453025333364));
#2661=CARTESIAN_POINT('',(0.0029398169016045,-0.0112097098717388,-0.00226370569186549));
#2662=CARTESIAN_POINT('',(0.00332483767026565,-0.0112492329698299,-0.0011628255656517));
#2663=CARTESIAN_POINT('',(-0.00263743651676802,-0.00200165603302213,-0.00233249573004711));
#2664=CARTESIAN_POINT('',(-0.00186512867850831,-0.00204117913111323,-0.00320577188167));
#2665=CARTESIAN_POINT('',(0.000601380628608613,-0.00212022532729544,-0.00411058868474479));
#2666=CARTESIAN_POINT('',(0.0037786617088146,-0.00223879462156875,-0.00173566675470243));
#2667=CARTESIAN_POINT('',(0.00351382744545976,-0.00235736391584208,0.00221627005010725));
#2668=CARTESIAN_POINT('',(6.29935002502361E-5,-0.0024759332101154,0.00415502500836466));
#2669=CARTESIAN_POINT('',(-0.00344774422389537,-0.00259450250438872,0.00232046633989109));
#2670=CARTESIAN_POINT('',(-0.00382589013763526,-0.00271307179866204,-0.00162161433842228));
#2671=CARTESIAN_POINT('',(-0.000730159285334569,-0.00283164109293534,-0.00409091245157206));
#2672=CARTESIAN_POINT('',(0.00302907484913616,-0.00295021038720868,-0.00284494039879456));
#2673=CARTESIAN_POINT('',(0.00403715097312584,-0.00306877968148199,0.00098477671285774));
#2674=CARTESIAN_POINT('',(0.00137885675240445,-0.00318734897575531,0.00392012710049341));
#2675=CARTESIAN_POINT('',(-0.00253174794546269,-0.00330591827002863,0.00329528558427496));
#2676=CARTESIAN_POINT('',(-0.00414303118453942,-0.00342448756430193,-0.000322283508424829));
#2677=CARTESIAN_POINT('',(-0.00199169528046446,-0.00354305685857526,-0.00364715871197072));
#2678=CARTESIAN_POINT('',(0.00196847405991442,-0.00366162615284858,-0.00365974375066008));
#2679=CARTESIAN_POINT('',(0.0041409028545285,-0.00378019544712191,-0.00034860814057383));
#2680=CARTESIAN_POINT('',(0.00255263253238488,-0.00389876474139522,0.00327912759576406));
#2681=CARTESIAN_POINT('',(-0.00135389866160063,-0.00401733403566853,0.0039288125614446));
#2682=CARTESIAN_POINT('',(-0.00403084031201953,-0.00413590332994185,0.00101041319960584));
#2683=CARTESIAN_POINT('',(-0.00304703803005406,-0.00425447262421517,-0.00282562712924802));
#2684=CARTESIAN_POINT('',(0.000704035268260902,-0.00437304191848849,-0.00409547842904537));
#2685=CARTESIAN_POINT('',(0.00381571499277498,-0.00449161121276181,-0.00164588218530483));
#2686=CARTESIAN_POINT('',(0.0034620238707133,-0.00461018050703514,0.00229847774276148));
#2687=CARTESIAN_POINT('',(-3.58215853963152E-5,-0.00472874980130845,0.0041553972119481));
#2688=CARTESIAN_POINT('',(-0.00350113444264089,-0.00484731909558177,0.00223845186992063));
#2689=CARTESIAN_POINT('',(-0.00378677340375658,-0.00496588838985509,-0.00171141940153825));
#2690=CARTESIAN_POINT('',(-0.000633325755909098,-0.00508445768412841,-0.00410700714135532));
#2691=CARTESIAN_POINT('',(0.00309529813974006,-0.00520302697840172,-0.00277267715339664));
#2692=CARTESIAN_POINT('',(0.00401282212670189,-0.00532159627267505,0.00107975356125438));
#2693=CARTESIAN_POINT('',(0.0012859656986734,-0.00544016556694836,0.00395156948493128));
#2694=CARTESIAN_POINT('',(-0.00260878406153513,-0.00555873486122168,0.00323463365663118));
#2695=CARTESIAN_POINT('',(-0.00413427816104859,-0.005677304155495,-0.000419944353187293));
#2696=CARTESIAN_POINT('',(-0.00190508743206871,-0.00579587344976831,-0.00369313566616257));
#2697=CARTESIAN_POINT('',(0.00205427301438689,-0.00591444274404163,-0.00361228065837605));
#2698=CARTESIAN_POINT('',(0.00414797580065963,-0.00603301203831496,-0.000250810545442663));
#2699=CARTESIAN_POINT('',(0.00247455378285191,-0.00615158133258827,0.00333844166465545));
#2700=CARTESIAN_POINT('',(-0.00144621811893671,-0.00627015062686159,0.00389577493253871));
#2701=CARTESIAN_POINT('',(-0.00405355802166063,-0.0063887199211349,0.000915028162175532));
#2702=CARTESIAN_POINT('',(-0.00297952182626093,-0.00650728921540823,-0.0028967324452518));
#2703=CARTESIAN_POINT('',(0.00080046809581934,-0.00662585850968154,-0.00407772730820923));
#2704=CARTESIAN_POINT('',(0.0038534857876979,-0.00674442780395486,-0.00155539591633451));
#2705=CARTESIAN_POINT('',(0.00340682976145571,-0.00686299709822819,0.00237952099150292));
#2706=CARTESIAN_POINT('',(-0.000133854174879467,-0.0069815663925015,0.00415339526561163));
#2707=CARTESIAN_POINT('',(-0.00355297390579035,-0.00710013568677482,0.00215522286488129));
#2708=CARTESIAN_POINT('',(-0.00374533996890687,-0.00721870498104813,-0.00180028822411078));
#2709=CARTESIAN_POINT('',(-0.000536248604441696,-0.00733727427532146,-0.00412080654808622));
#2710=CARTESIAN_POINT('',(0.00315985510434596,-0.00745584356959477,-0.00269887474552766));
#2711=CARTESIAN_POINT('',(0.00398622930824412,-0.00757441286386809,0.00117413162583791));
#2712=CARTESIAN_POINT('',(0.00119237426691307,-0.00769298215814142,0.00398081056820522));
#2713=CARTESIAN_POINT('',(-0.00268437587603136,-0.00781155145241473,0.00317218147787696));
#2714=CARTESIAN_POINT('',(-0.00412321909012548,-0.00793012074668805,-0.000517371731363953));
#2715=CARTESIAN_POINT('',(-0.00181742114543783,-0.00804869004096136,-0.00373705626810213));
#2716=CARTESIAN_POINT('',(0.00213892940661685,-0.00816725933523469,-0.00356280650130639));
#2717=CARTESIAN_POINT('',(0.00415273872828621,-0.008285828629508,-0.000152873261075085));
#2718=CARTESIAN_POINT('',(0.00239509762878774,-0.00840439792378133,0.00339589701080185));
#2719=CARTESIAN_POINT('',(-0.00153773254986135,-0.00852296721805463,0.00386056832346524));
#2720=CARTESIAN_POINT('',(-0.00407401880823408,-0.00864153651232795,0.000819133667671923));
#2721=CARTESIAN_POINT('',(-0.00291034679108744,-0.00876010580660129,-0.00296622497959924));
#2722=CARTESIAN_POINT('',(0.000896455260671419,-0.00887867510087458,-0.00405770590202712));
#2723=CARTESIAN_POINT('',(0.00388911116073511,-0.00899724439514794,-0.00146404365016342));
#2724=CARTESIAN_POINT('',(0.00334973880857959,-0.00911581368942121,0.00245923938835469));
#2725=CARTESIAN_POINT('',(-0.000231812094240684,-0.00923438298369457,0.00414908096833655));
#2726=CARTESIAN_POINT('',(-0.003602835514355,-0.00935295227796786,0.00207079378287491));
#2727=CARTESIAN_POINT('',(-0.00370182074910272,-0.0094715215722412,-0.00188815445020507));
#2728=CARTESIAN_POINT('',(-0.000438873937768153,-0.0095900908665145,-0.00413231219921721));
#2729=CARTESIAN_POINT('',(0.00322265479891136,-0.00970866016078782,-0.00262356871600154));
#2730=CARTESIAN_POINT('',(0.00395741331433126,-0.00982722945506114,0.00126785405919705));
#2731=CARTESIAN_POINT('',(0.00109812627713173,-0.00994579874933447,0.00400783899636172));
#2732=CARTESIAN_POINT('',(-0.00275848711303263,-0.0100643680436077,0.0031079561249971));
#2733=CARTESIAN_POINT('',(-0.00410983769314458,-0.0101829373378811,-0.000614497591537814));
#2734=CARTESIAN_POINT('',(-0.00172879405144312,-0.0103015066321544,-0.00377892199470398));
#2735=CARTESIAN_POINT('',(0.00222249255293861,-0.0104200759264277,-0.00351129949171529));
#2736=CARTESIAN_POINT('',(0.00415500294262974,-0.010538645220701,-5.49450140571747E-5));
#2737=CARTESIAN_POINT('',(0.0023146649399966,-0.0106572145149743,0.0034516417084515));
#2738=CARTESIAN_POINT('',(-0.00162907389052594,-0.0107757838092477,0.00382286793656492));
#2739=CARTESIAN_POINT('',(-0.00409090046742854,-0.010894353103521,0.000723442891361533));
#2740=CARTESIAN_POINT('',(-0.002842101289329,-0.0110129223977943,-0.00303533913331532));
#2741=CARTESIAN_POINT('',(0.000997204172834051,-0.0111314916920676,-0.00403288753045507));
#2742=CARTESIAN_POINT('',(0.00293861990860163,-0.0112105378882498,-0.00226278398824774));
#2743=CARTESIAN_POINT('',(0.00332348390996011,-0.0112500609863409,-0.00116235210280955));
#2744=CARTESIAN_POINT('',(-0.00263636220530404,-0.00200248404953319,-0.00233154563062802));
#2745=CARTESIAN_POINT('',(-0.00186436895249846,-0.00204200714762429,-0.00320446606920344));
#2746=CARTESIAN_POINT('',(0.000601135667223034,-0.00212105334380651,-0.00410891431172401));
#2747=CARTESIAN_POINT('',(0.00377712254016866,-0.00223962263807982,-0.00173495976263632));
#2748=CARTESIAN_POINT('',(0.00351239615220091,-0.00235819193235314,0.00221536729309038));
#2749=CARTESIAN_POINT('',(6.2967841001551E-5,-0.00247676122662646,0.00415333253502123));
#2750=CARTESIAN_POINT('',(-0.00344633984842661,-0.00259533052089978,0.00231952114042378));
#2751=CARTESIAN_POINT('',(-0.00382433173135378,-0.0027138998151731,-0.00162095380351923));
#2752=CARTESIAN_POINT('',(-0.000729861868321581,-0.00283246910944641,-0.00408924609330451));
#2753=CARTESIAN_POINT('',(0.00302784101096982,-0.00295103840371974,-0.00284378156442439));
#2754=CARTESIAN_POINT('',(0.00403550651361197,-0.00306960769799305,0.000984375582098629));
#2755=CARTESIAN_POINT('',(0.00137829510035828,-0.00318817699226637,0.00391853030851091));
#2756=CARTESIAN_POINT('',(-0.00253071668430268,-0.00330674628653969,0.00329394331004096));
#2757=CARTESIAN_POINT('',(-0.00414134359666048,-0.003425315580813,-0.000322152232139864));
#2758=CARTESIAN_POINT('',(-0.00199088399986721,-0.00354388487508633,-0.00364567310866224));
#2759=CARTESIAN_POINT('',(0.00196767223805609,-0.00366245416935964,-0.00365825302106658));
#2760=CARTESIAN_POINT('',(0.00413921613358581,-0.00378102346363297,-0.00034846614143206));
#2761=CARTESIAN_POINT('',(0.00255159276427087,-0.00389959275790628,0.00327779190319076));
#2762=CARTESIAN_POINT('',(-0.00135334717577567,-0.0040181620521796,0.00392721223159865));
#2763=CARTESIAN_POINT('',(-0.00402919842303789,-0.00413673134645292,0.00101000162629335));
#2764=CARTESIAN_POINT('',(-0.00304579687491496,-0.00425530064072624,-0.0028244761617845));
#2765=CARTESIAN_POINT('',(0.000703748492387843,-0.00437386993499956,-0.00409381021091052));
#2766=CARTESIAN_POINT('',(0.0038141607311524,-0.00449243922927287,-0.00164521176533878));
#2767=CARTESIAN_POINT('',(0.00346061367869192,-0.0046110085235462,0.00229754149994652));
#2768=CARTESIAN_POINT('',(-3.58069941295286E-5,-0.00472957781781951,0.00415370458699436));
#2769=CARTESIAN_POINT('',(-0.00349970831964429,-0.00484814711209283,0.00223754007754568));
#2770=CARTESIAN_POINT('',(-0.00378523093096026,-0.00496671640636615,-0.0017107222861874));
#2771=CARTESIAN_POINT('',(-0.000633067782260945,-0.00508528570063947,-0.00410533422721065));
#2772=CARTESIAN_POINT('',(0.00309403732672909,-0.00520385499491278,-0.00277154775413608));
#2773=CARTESIAN_POINT('',(0.00401118757709806,-0.00532242428918611,0.00107931374341545));
#2774=CARTESIAN_POINT('',(0.00128544188409679,-0.00544099358345942,0.00394995988546932));
#2775=CARTESIAN_POINT('',(-0.00260772142112407,-0.00555956287773274,0.00323331608784916));
#2776=CARTESIAN_POINT('',(-0.00413259413855347,-0.00567813217200606,-0.000419773296545743));
#2777=CARTESIAN_POINT('',(-0.00190431142959239,-0.00579670146627937,-0.00369163133498381));
#2778=CARTESIAN_POINT('',(0.00205343624389574,-0.00591527076055269,-0.00361080926200396));
#2779=CARTESIAN_POINT('',(0.00414628619868187,-0.00603384005482602,-0.000250708382360237));
#2780=CARTESIAN_POINT('',(0.00247354581868662,-0.00615240934909933,0.00333708181158246));
#2781=CARTESIAN_POINT('',(-0.00144562902847152,-0.00627097864337265,0.00389418805996586));
#2782=CARTESIAN_POINT('',(-0.00405190687903601,-0.00638954793764596,0.00091465544221119));
#2783=CARTESIAN_POINT('',(-0.00297830817261097,-0.00650811723191929,-0.00289555251434002));
#2784=CARTESIAN_POINT('',(0.000800142039800013,-0.0066266865261926,-0.00407606632066837));
#2785=CARTESIAN_POINT('',(0.00385191614083372,-0.00674525582046592,-0.001554762354293));
#2786=CARTESIAN_POINT('',(0.00340544205174393,-0.00686382511473925,0.00237855173720479));
#2787=CARTESIAN_POINT('',(-0.000133799651832691,-0.00698239440901256,0.00415170345611408));
#2788=CARTESIAN_POINT('',(-0.0035515266669378,-0.00710096370328588,0.00215434497431731));
#2789=CARTESIAN_POINT('',(-0.00374381437326144,-0.00721953299755919,-0.00179955490967257));
#2790=CARTESIAN_POINT('',(-0.000536030173393354,-0.00733810229183252,-0.00411912801300593));
#2791=CARTESIAN_POINT('',(0.00315856799523774,-0.00745667158610583,-0.00269777540832636));
#2792=CARTESIAN_POINT('',(0.00398460559073788,-0.00757524088037915,0.00117365336482278));
#2793=CARTESIAN_POINT('',(0.00119188857509219,-0.00769381017465248,0.0039791890579235));
#2794=CARTESIAN_POINT('',(-0.00268328244467901,-0.00781237946892579,0.00317088934784622));
#2795=CARTESIAN_POINT('',(-0.00412153957234038,-0.00793094876319911,-0.000517160989464155));
#2796=CARTESIAN_POINT('',(-0.00181668085221788,-0.00804951805747242,-0.00373553404667051));
#2797=CARTESIAN_POINT('',(0.0021380581528947,-0.00816808735174575,-0.00356135525732613));
#2798=CARTESIAN_POINT('',(0.00415104718621712,-0.00828665664601906,-0.000152810990951856));
#2799=CARTESIAN_POINT('',(0.00239412202963167,-0.00840522594029239,0.00339451375434582));
#2800=CARTESIAN_POINT('',(-0.00153710618266868,-0.0085237952345657,0.00385899579165983));
#2801=CARTESIAN_POINT('',(-0.00407235933128276,-0.00864236452883901,0.000818800008573737));
#2802=CARTESIAN_POINT('',(-0.00290916131462121,-0.00876093382311235,-0.00296501674217625));
#2803=CARTESIAN_POINT('',(0.000896090106038367,-0.00887950311738564,-0.0040560530698394));
#2804=CARTESIAN_POINT('',(0.00388752700252766,-0.008998072411659,-0.00146344729879453));
#2805=CARTESIAN_POINT('',(0.00334837435382191,-0.00911664170593227,0.00245823766222753));
#2806=CARTESIAN_POINT('',(-0.000231717669829424,-0.00923521100020563,0.00414739091618898));
#2807=CARTESIAN_POINT('',(-0.00360136796528935,-0.00935378029447892,0.00206995028295128));
#2808=CARTESIAN_POINT('',(-0.00370031288021448,-0.00947234958875226,-0.00188738534506881));
#2809=CARTESIAN_POINT('',(-0.000438695170506993,-0.00959091888302556,-0.00413062897752064));
#2810=CARTESIAN_POINT('',(0.00322134210949764,-0.00970948817729889,-0.00262250005333223));
#2811=CARTESIAN_POINT('',(0.0039558013344924,-0.0098280574715722,0.00126733762206509));
#2812=CARTESIAN_POINT('',(0.00109767897550346,-0.00994662676584553,0.00400620647654477));
#2813=CARTESIAN_POINT('',(-0.00275736349382515,-0.0100651960601188,0.00310669015598764));
#2814=CARTESIAN_POINT('',(-0.00410816362602648,-0.0101837653543922,-0.000614247287197605));
#2815=CARTESIAN_POINT('',(-0.00172808985884682,-0.0103023346486655,-0.00377738272003534));
#2816=CARTESIAN_POINT('',(0.00222158726129915,-0.0104209039429388,-0.00350986922817211));
#2817=CARTESIAN_POINT('',(0.0041533104782744,-0.0105394732372121,-5.4922633211943E-5));
#2818=CARTESIAN_POINT('',(0.00231372210362329,-0.0106580425314854,0.00345023574541377));
#2819=CARTESIAN_POINT('',(-0.00162841031711095,-0.0107766118257588,0.00382131076132169));
#2820=CARTESIAN_POINT('',(-0.00408923411404252,-0.0108951811200321,0.000723148210148628));
#2821=CARTESIAN_POINT('',(-0.00284094361141808,-0.0110137504143054,-0.00303410274350755));
#2822=CARTESIAN_POINT('',(0.000996797979976712,-0.0111323197085787,-0.00403124480757649));
#2823=CARTESIAN_POINT('',(0.00293742291559877,-0.0112113659047609,-0.00226186228463));
#2824=CARTESIAN_POINT('',(0.00332213014965455,-0.011250889002852,-0.00116187863996739));
#2825=CARTESIAN_POINT('',(-0.00263498964595473,-0.00200354193808949,-0.00233033176678669));
#2826=CARTESIAN_POINT('',(-0.00186339831309573,-0.0020430650361806,-0.003202797740074));
#2827=CARTESIAN_POINT('',(0.000600822700219261,-0.00212211123236281,-0.00410677510310436));
#2828=CARTESIAN_POINT('',(0.0037751560710524,-0.00224068052663613,-0.00173405649705388));
#2829=CARTESIAN_POINT('',(0.00351056750658935,-0.00235924982090944,0.0022142139147404));
#2830=CARTESIAN_POINT('',(6.293505829108E-5,-0.00247781911518276,0.00415117020110888));
#2831=CARTESIAN_POINT('',(-0.00344454559346029,-0.00259638840945608,0.0023183135368476));
#2832=CARTESIAN_POINT('',(-0.00382234068389368,-0.0027149577037294,-0.00162010989243093));
#2833=CARTESIAN_POINT('',(-0.000729481883079394,-0.00283352699800271,-0.00408711712447552));
#2834=CARTESIAN_POINT('',(0.00302626463748082,-0.00295209629227604,-0.00284230101711348));
#2835=CARTESIAN_POINT('',(0.00403340552301844,-0.00307066558654935,0.000983863090337926));
#2836=CARTESIAN_POINT('',(0.00137757752375886,-0.00318923488082267,0.00391649021879953));
#2837=CARTESIAN_POINT('',(-0.00252939912678403,-0.00330780417509599,0.00329222839671183));
#2838=CARTESIAN_POINT('',(-0.00413918750450407,-0.0034263734693693,-0.000321984511233671));
#2839=CARTESIAN_POINT('',(-0.00198984749341072,-0.00354494276364263,-0.0036437750755696));
#2840=CARTESIAN_POINT('',(0.00196664781625195,-0.00366351205791594,-0.00365634843854141));
#2841=CARTESIAN_POINT('',(0.00413706114904251,-0.00378208135218927,-0.000348284720814142));
#2842=CARTESIAN_POINT('',(0.00255026433811714,-0.00390065064646258,0.00327608539870789));
#2843=CARTESIAN_POINT('',(-0.00135264258772049,-0.00401921994073591,0.00392516762185027));
#2844=CARTESIAN_POINT('',(-0.00402710071660186,-0.00413778923500922,0.00100947579294154));
#2845=CARTESIAN_POINT('',(-0.00304421115313198,-0.00425635852928254,-0.00282300566537283));
#2846=CARTESIAN_POINT('',(0.000703382102454453,-0.00437492782355586,-0.00409167886588213));
#2847=CARTESIAN_POINT('',(0.00381217497898192,-0.00449349711782918,-0.00164435522491897));
#2848=CARTESIAN_POINT('',(0.00345881199239498,-0.00461206641210251,0.00229634533954798));
#2849=CARTESIAN_POINT('',(-3.5788352068713E-5,-0.00473063570637582,0.004151542059382));
#2850=CARTESIAN_POINT('',(-0.00349788627965133,-0.00484920500064914,0.00223637515546224));
#2851=CARTESIAN_POINT('',(-0.00378326024040297,-0.00496777429492246,-0.00170983163927126));
#2852=CARTESIAN_POINT('',(-0.000632738190560098,-0.00508634358919578,-0.00410319688247695));
#2853=CARTESIAN_POINT('',(0.00309242648970093,-0.00520491288346909,-0.00277010481364241));
#2854=CARTESIAN_POINT('',(0.00400909924758107,-0.00532348217774242,0.00107875182435653));
#2855=CARTESIAN_POINT('',(0.00128477264931848,-0.00544205147201573,0.00394790343269537));
#2856=CARTESIAN_POINT('',(-0.00260636377291861,-0.00556062076628905,0.00323163273864291));
#2857=CARTESIAN_POINT('',(-0.00413044260159456,-0.00567919006056237,-0.000419554751551582));
#2858=CARTESIAN_POINT('',(-0.0019033199950879,-0.00579775935483568,-0.00368970937483249));
#2859=CARTESIAN_POINT('',(0.00205236717109949,-0.005916328649109,-0.00360892937994482));
#2860=CARTESIAN_POINT('',(0.00414412753327713,-0.00603489794338233,-0.000250577856997118));
#2861=CARTESIAN_POINT('',(0.00247225802582092,-0.00615346723765564,0.00333534443921735));
#2862=CARTESIAN_POINT('',(-0.0014448763960621,-0.00627203653192896,0.00389216064346787));
#2863=CARTESIAN_POINT('',(-0.00404979734998185,-0.00639060582620227,0.000914179248584956));
#2864=CARTESIAN_POINT('',(-0.00297675758721749,-0.0065091751204756,-0.00289404501371397));
#2865=CARTESIAN_POINT('',(0.000799725464856214,-0.00662774441474891,-0.00407394421357489));
#2866=CARTESIAN_POINT('',(0.00384991073220617,-0.00674631370902223,-0.0015539529042102));
#2867=CARTESIAN_POINT('',(0.00340366908924383,-0.00686488300329555,0.0023773134007508));
#2868=CARTESIAN_POINT('',(-0.000133729992222684,-0.00698345229756887,0.00414954197034296));
#2869=CARTESIAN_POINT('',(-0.00354967764895338,-0.00710202159184219,0.00215322336578787));
#2870=CARTESIAN_POINT('',(-0.00374186524525096,-0.0072205908861155,-0.00179861801416143));
#2871=CARTESIAN_POINT('',(-0.000535751102018212,-0.00733916018038883,-0.00411698348686537));
#2872=CARTESIAN_POINT('',(0.0031569235618501,-0.00745772947466214,-0.0026963708756519));
#2873=CARTESIAN_POINT('',(0.00398253110050058,-0.00757629876893546,0.00117304233008123));
#2874=CARTESIAN_POINT('',(0.00119126804662164,-0.00769486806320879,0.00397711738767532));
#2875=CARTESIAN_POINT('',(-0.00268188545742177,-0.00781343735748209,0.00316923849963906));
#2876=CARTESIAN_POINT('',(-0.00411939379067873,-0.00793200665175541,-0.000516891741881345));
#2877=CARTESIAN_POINT('',(-0.00181573504049162,-0.00805057594602872,-0.00373358922961535));
#2878=CARTESIAN_POINT('',(0.0021369450237119,-0.00816914524030205,-0.00355950112231962));
#2879=CARTESIAN_POINT('',(0.00414888604211733,-0.00828771453457537,-0.000152731433539796));
#2880=CARTESIAN_POINT('',(0.00239287558687484,-0.0084062838288487,0.00339274648140414));
#2881=CARTESIAN_POINT('',(-0.00153630592485219,-0.008524853123122,0.00385698669718027));
#2882=CARTESIAN_POINT('',(-0.00407023915414524,-0.00864342241739531,0.000818373719801759));
#2883=CARTESIAN_POINT('',(-0.0029076467288966,-0.00876199171166866,-0.00296347307665026));
#2884=CARTESIAN_POINT('',(0.000895623578013349,-0.00888056100594194,-0.0040539413821695));
#2885=CARTESIAN_POINT('',(0.00388550305395098,-0.00899913030021531,-0.00146268538972599));
#2886=CARTESIAN_POINT('',(0.00334663110226297,-0.00911769959448857,0.00245695783918981));
#2887=CARTESIAN_POINT('',(-0.000231597031529616,-0.00923626888876193,0.00414523167563932));
#2888=CARTESIAN_POINT('',(-0.00359949299861704,-0.00935483818303522,0.00206887261251291));
#2889=CARTESIAN_POINT('',(-0.00369838640022288,-0.00947340747730856,-0.0018864027227281));
#2890=CARTESIAN_POINT('',(-0.000438466774288686,-0.00959197677158186,-0.00412847846367613));
#2891=CARTESIAN_POINT('',(0.00321966499425875,-0.00971054606585519,-0.00262113471098301));
#2892=CARTESIAN_POINT('',(0.0039537418405068,-0.0098291153601285,0.0012666778128407));
#2893=CARTESIAN_POINT('',(0.00109710749502277,-0.00994768465440183,0.00400412074031946));
#2894=CARTESIAN_POINT('',(-0.00275592793802964,-0.0100662539486751,0.00310507273156454));
#2895=CARTESIAN_POINT('',(-0.0041060248082335,-0.0101848232429485,-0.000613927493940389));
#2896=CARTESIAN_POINT('',(-0.00172719016991658,-0.0103033925372218,-0.00377541611546262));
#2897=CARTESIAN_POINT('',(0.00222043064467049,-0.0104219618314951,-0.00350804189814351));
#2898=CARTESIAN_POINT('',(0.00415114815584537,-0.0105405311257684,-5.48940390477751E-5));
#2899=CARTESIAN_POINT('',(0.00231251751917786,-0.0106591004200417,0.00344843946214125));
#2900=CARTESIAN_POINT('',(-0.001627562523966,-0.0107776697143151,0.00381932128665787));
#2901=CARTESIAN_POINT('',(-0.00408710515145025,-0.0108962390085884,0.000722771720213071));
#2902=CARTESIAN_POINT('',(-0.00283946454161998,-0.0110148083028617,-0.00303252310999627));
#2903=CARTESIAN_POINT('',(0.000996279020789676,-0.011133377597135,-0.00402914603573896));
#2904=CARTESIAN_POINT('',(0.00293589361614302,-0.0112124237933172,-0.00226068469976728));
#2905=CARTESIAN_POINT('',(0.00332040056151702,-0.0112519468914083,-0.00116127373545661));
#2906=CARTESIAN_POINT('',(-0.00263361708660542,-0.0020045998266458,-0.00232911790294535));
#2907=CARTESIAN_POINT('',(-0.001862427673693,-0.0020441229247369,-0.00320112941094457));
#2908=CARTESIAN_POINT('',(0.000600509733215488,-0.00212316912091912,-0.00410463589448472));
#2909=CARTESIAN_POINT('',(0.00377318960193613,-0.00224173841519243,-0.00173315323147144));
#2910=CARTESIAN_POINT('',(0.0035087388609778,-0.00236030770946575,0.00221306053639041));
#2911=CARTESIAN_POINT('',(6.29022755806089E-5,-0.00247887700373907,0.00414900786719654));
#2912=CARTESIAN_POINT('',(-0.00344275133849397,-0.00259744629801239,0.00231710593327142));
#2913=CARTESIAN_POINT('',(-0.00382034963643359,-0.00271601559228571,-0.00161926598134263));
#2914=CARTESIAN_POINT('',(-0.000729101897837208,-0.00283458488655902,-0.00408498815564654));
#2915=CARTESIAN_POINT('',(0.00302468826399182,-0.00295315418083235,-0.00284082046980256));
#2916=CARTESIAN_POINT('',(0.00403130453242491,-0.00307172347510566,0.000983350598577223));
#2917=CARTESIAN_POINT('',(0.00137685994715944,-0.00319029276937898,0.00391445012908815));
#2918=CARTESIAN_POINT('',(-0.00252808156926537,-0.0033088620636523,0.00329051348338269));
#2919=CARTESIAN_POINT('',(-0.00413703141234766,-0.00342743135792561,-0.000321816790327478));
#2920=CARTESIAN_POINT('',(-0.00198881098695424,-0.00354600065219894,-0.00364187704247697));
#2921=CARTESIAN_POINT('',(0.0019656233944478,-0.00366456994647225,-0.00365444385601624));
#2922=CARTESIAN_POINT('',(0.0041349061644992,-0.00378313924074558,-0.000348103300196224));
#2923=CARTESIAN_POINT('',(0.0025489359119634,-0.00390170853501889,0.00327437889422501));
#2924=CARTESIAN_POINT('',(-0.00135193799966532,-0.00402027782929221,0.00392312301210188));
#2925=CARTESIAN_POINT('',(-0.00402500301016582,-0.00413884712356553,0.00100894995958973));
#2926=CARTESIAN_POINT('',(-0.003042625431349,-0.00425741641783885,-0.00282153516896115));
#2927=CARTESIAN_POINT('',(0.000703015712521062,-0.00437598571211217,-0.00408954752085375));
#2928=CARTESIAN_POINT('',(0.00381018922681145,-0.00449455500638548,-0.00164349868449916));
#2929=CARTESIAN_POINT('',(0.00345701030609804,-0.00461312430065881,0.00229514917914944));
#2930=CARTESIAN_POINT('',(-3.57697100078974E-5,-0.00473169359493212,0.00414937953176963));
#2931=CARTESIAN_POINT('',(-0.00349606423965836,-0.00485026288920544,0.0022352102333788));
#2932=CARTESIAN_POINT('',(-0.00378128954984567,-0.00496883218347876,-0.00170894099235512));
#2933=CARTESIAN_POINT('',(-0.000632408598859252,-0.00508740147775208,-0.00410105953774325));
#2934=CARTESIAN_POINT('',(0.00309081565267277,-0.00520597077202539,-0.00276866187314874));
#2935=CARTESIAN_POINT('',(0.00400701091806409,-0.00532454006629872,0.00107818990529761));
#2936=CARTESIAN_POINT('',(0.00128410341454017,-0.00544310936057203,0.00394584697992142));
#2937=CARTESIAN_POINT('',(-0.00260500612471315,-0.00556167865484535,0.00322994938943666));
#2938=CARTESIAN_POINT('',(-0.00412829106463564,-0.00568024794911867,-0.00041933620655742));
#2939=CARTESIAN_POINT('',(-0.0019023285605834,-0.00579881724339198,-0.00368778741468116));
#2940=CARTESIAN_POINT('',(0.00205129809830322,-0.0059173865376653,-0.00360704949788567));
#2941=CARTESIAN_POINT('',(0.0041419688678724,-0.00603595583193863,-0.000250447331633999));
#2942=CARTESIAN_POINT('',(0.00247097023295521,-0.00615452512621194,0.00333360706685224));
#2943=CARTESIAN_POINT('',(-0.00144412376365269,-0.00627309442048526,0.00389013322696989));
#2944=CARTESIAN_POINT('',(-0.00404768782092769,-0.00639166371475857,0.000913703054958722));
#2945=CARTESIAN_POINT('',(-0.00297520700182402,-0.0065102330090319,-0.00289253751308792));
#2946=CARTESIAN_POINT('',(0.000799308889912415,-0.00662880230330521,-0.0040718221064814));
#2947=CARTESIAN_POINT('',(0.00384790532357861,-0.00674737159757853,-0.00155314345412742));
#2948=CARTESIAN_POINT('',(0.00340189612674374,-0.00686594089185186,0.00237607506429682));
#2949=CARTESIAN_POINT('',(-0.000133660332612677,-0.00698451018612517,0.00414738048457184));
#2950=CARTESIAN_POINT('',(-0.00354782863096896,-0.00710307948039849,0.00215210175725844));
#2951=CARTESIAN_POINT('',(-0.00373991611724048,-0.0072216487746718,-0.00179768111865029));
#2952=CARTESIAN_POINT('',(-0.00053547203064307,-0.00734021806894513,-0.0041148389607248));
#2953=CARTESIAN_POINT('',(0.00315527912846246,-0.00745878736321844,-0.00269496634297745));
#2954=CARTESIAN_POINT('',(0.00398045661026327,-0.00757735665749176,0.00117243129533968));
#2955=CARTESIAN_POINT('',(0.00119064751815108,-0.00769592595176509,0.00397504571742714));
#2956=CARTESIAN_POINT('',(-0.00268048847016452,-0.0078144952460384,0.0031675876514319));
#2957=CARTESIAN_POINT('',(-0.00411724800901709,-0.00793306454031172,-0.000516622494298535));
#2958=CARTESIAN_POINT('',(-0.00181478922876536,-0.00805163383458503,-0.0037316444125602));
#2959=CARTESIAN_POINT('',(0.00213583189452911,-0.00817020312885836,-0.00355764698731312));
#2960=CARTESIAN_POINT('',(0.00414672489801754,-0.00828877242313167,-0.000152651876127734));
#2961=CARTESIAN_POINT('',(0.00239162914411802,-0.008407341717405,0.00339097920846246));
#2962=CARTESIAN_POINT('',(-0.00153550566703569,-0.00852591101167831,0.0038549776027007));
#2963=CARTESIAN_POINT('',(-0.00406811897700771,-0.00864448030595162,0.000817947431029781));
#2964=CARTESIAN_POINT('',(-0.002906132143172,-0.00876304960022496,-0.00296192941112427));
#2965=CARTESIAN_POINT('',(0.000895157049988331,-0.00888161889449825,-0.0040518296944996));
#2966=CARTESIAN_POINT('',(0.0038834791053743,-0.00900018818877161,-0.00146192348065744));
#2967=CARTESIAN_POINT('',(0.00334488785070402,-0.00911875748304488,0.00245567801615209));
#2968=CARTESIAN_POINT('',(-0.000231476393229808,-0.00923732677731824,0.00414307243508966));
#2969=CARTESIAN_POINT('',(-0.00359761803194473,-0.00935589607159153,0.00206779494207455));
#2970=CARTESIAN_POINT('',(-0.00369645992023128,-0.00947446536586487,-0.00188542010038739));
#2971=CARTESIAN_POINT('',(-0.000438238378070379,-0.00959303466013817,-0.00412632794983161));
#2972=CARTESIAN_POINT('',(0.00321798787901987,-0.0097116039544115,-0.0026197693686338));
#2973=CARTESIAN_POINT('',(0.0039516823465212,-0.00983017324868481,0.00126601800361631));
#2974=CARTESIAN_POINT('',(0.00109653601454207,-0.00994874254295814,0.00400203500409413));
#2975=CARTESIAN_POINT('',(-0.00275449238223411,-0.0100673118372314,0.00310345530714142));
#2976=CARTESIAN_POINT('',(-0.00410388599044053,-0.0101858811315048,-0.000613607700683174));
#2977=CARTESIAN_POINT('',(-0.00172629048098634,-0.0103044504257781,-0.00377344951088988));
#2978=CARTESIAN_POINT('',(0.00221927402804184,-0.0104230197200514,-0.00350621456811492));
#2979=CARTESIAN_POINT('',(0.00414898583341634,-0.0105415890143247,-5.48654448836072E-5));
#2980=CARTESIAN_POINT('',(0.00231131293473242,-0.010660158308598,0.00344664317886872));
#2981=CARTESIAN_POINT('',(-0.00162671473082104,-0.0107787276028714,0.00381733181199406));
#2982=CARTESIAN_POINT('',(-0.00408497618885797,-0.0108972968971447,0.000722395230277513));
#2983=CARTESIAN_POINT('',(-0.00283798547182188,-0.011015866191418,-0.00303094347648498));
#2984=CARTESIAN_POINT('',(0.000995760061602641,-0.0111344354856913,-0.00402704726390143));
#2985=CARTESIAN_POINT('',(0.00293436431668728,-0.0112134816818735,-0.00225950711490455));
#2986=CARTESIAN_POINT('',(0.00331867097337948,-0.0112530047799646,-0.00116066883094582));
#2987=CARTESIAN_POINT('',(-0.0026322445272561,-0.00200565771520211,-0.00232790403910402));
#2988=CARTESIAN_POINT('',(-0.00186145703429028,-0.00204518081329321,-0.00319946108181513));
#2989=CARTESIAN_POINT('',(0.000600196766211715,-0.00212422700947543,-0.00410249668586507));
#2990=CARTESIAN_POINT('',(0.00377122313281987,-0.00224279630374874,-0.001732249965889));
#2991=CARTESIAN_POINT('',(0.00350691021536623,-0.00236136559802205,0.00221190715804044));
#2992=CARTESIAN_POINT('',(6.28694928701379E-5,-0.00247993489229538,0.00414684553328419));
#2993=CARTESIAN_POINT('',(-0.00344095708352765,-0.0025985041865687,0.00231589832969524));
#2994=CARTESIAN_POINT('',(-0.00381835858897349,-0.00271707348084202,-0.00161842207025433));
#2995=CARTESIAN_POINT('',(-0.000728721912595021,-0.00283564277511532,-0.00408285918681754));
#2996=CARTESIAN_POINT('',(0.00302311189050282,-0.00295421206938866,-0.00283933992249165));
#2997=CARTESIAN_POINT('',(0.00402920354183138,-0.00307278136366196,0.00098283810681652));
#2998=CARTESIAN_POINT('',(0.00137614237056003,-0.00319135065793529,0.00391241003937676));
#2999=CARTESIAN_POINT('',(-0.00252676401174671,-0.0033099199522086,0.00328879857005354));
#3000=CARTESIAN_POINT('',(-0.00413487532019124,-0.00342848924648192,-0.000321649069421286));
#3001=CARTESIAN_POINT('',(-0.00198777448049776,-0.00354705854075525,-0.00363997900938433));
#3002=CARTESIAN_POINT('',(0.00196459897264366,-0.00366562783502856,-0.00365253927349108));
#3003=CARTESIAN_POINT('',(0.00413275117995589,-0.00378419712930189,-0.000347921879578305));
#3004=CARTESIAN_POINT('',(0.00254760748580967,-0.0039027664235752,0.00327267238974214));
#3005=CARTESIAN_POINT('',(-0.00135123341161014,-0.00402133571784852,0.00392107840235351));
#3006=CARTESIAN_POINT('',(-0.00402290530372978,-0.00413990501212184,0.00100842412623793));
#3007=CARTESIAN_POINT('',(-0.00304103970956601,-0.00425847430639516,-0.00282006467254948));
#3008=CARTESIAN_POINT('',(0.000702649322587672,-0.00437704360066848,-0.00408741617582536));
#3009=CARTESIAN_POINT('',(0.00380820347464097,-0.00449561289494179,-0.00164264214407933));
#3010=CARTESIAN_POINT('',(0.00345520861980111,-0.00461418218921512,0.00229395301875089));
#3011=CARTESIAN_POINT('',(-3.57510679470819E-5,-0.00473275148348843,0.00414721700415726));
#3012=CARTESIAN_POINT('',(-0.00349424219966539,-0.00485132077776175,0.00223404531129536));
#3013=CARTESIAN_POINT('',(-0.00377931885928837,-0.00496989007203507,-0.00170805034543897));
#3014=CARTESIAN_POINT('',(-0.000632079007158406,-0.00508845936630839,-0.00409892219300956));
#3015=CARTESIAN_POINT('',(0.00308920481564462,-0.0052070286605817,-0.00276721893265506));
#3016=CARTESIAN_POINT('',(0.0040049225885471,-0.00532559795485503,0.00107762798623869));
#3017=CARTESIAN_POINT('',(0.00128343417976185,-0.00544416724912834,0.00394379052714748));
#3018=CARTESIAN_POINT('',(-0.00260364847650768,-0.00556273654340166,0.00322826604023042));
#3019=CARTESIAN_POINT('',(-0.00412613952767672,-0.00568130583767498,-0.000419117661563258));
#3020=CARTESIAN_POINT('',(-0.0019013371260789,-0.00579987513194829,-0.00368586545452983));
#3021=CARTESIAN_POINT('',(0.00205022902550696,-0.00591844442622161,-0.00360516961582652));
#3022=CARTESIAN_POINT('',(0.00413981020246766,-0.00603701372049494,-0.00025031680627088));
#3023=CARTESIAN_POINT('',(0.00246968244008951,-0.00615558301476825,0.00333186969448713));
#3024=CARTESIAN_POINT('',(-0.00144337113124327,-0.00627415230904157,0.00388810581047191));
#3025=CARTESIAN_POINT('',(-0.00404557829187353,-0.00639272160331488,0.000913226861332488));
#3026=CARTESIAN_POINT('',(-0.00297365641643053,-0.00651129089758821,-0.00289103001246187));
#3027=CARTESIAN_POINT('',(0.000798892314968617,-0.00662986019186152,-0.00406969999938793));
#3028=CARTESIAN_POINT('',(0.00384589991495106,-0.00674842948613484,-0.00155233400404462));
#3029=CARTESIAN_POINT('',(0.00340012316424364,-0.00686699878040817,0.00237483672784284));
#3030=CARTESIAN_POINT('',(-0.000133590673002671,-0.00698556807468148,0.00414521899880073));
#3031=CARTESIAN_POINT('',(-0.00354597961298454,-0.0071041373689548,0.002150980148729));
#3032=CARTESIAN_POINT('',(-0.00373796698923001,-0.00722270666322811,-0.00179674422313916));
#3033=CARTESIAN_POINT('',(-0.000535192959267928,-0.00734127595750144,-0.00411269443458423));
#3034=CARTESIAN_POINT('',(0.00315363469507482,-0.00745984525177475,-0.00269356181030298));
#3035=CARTESIAN_POINT('',(0.00397838212002597,-0.00757841454604807,0.00117182026059813));
#3036=CARTESIAN_POINT('',(0.00119002698968053,-0.0076969838403214,0.00397297404717896));
#3037=CARTESIAN_POINT('',(-0.00267909148290727,-0.00781555313459471,0.00316593680322476));
#3038=CARTESIAN_POINT('',(-0.00411510222735545,-0.00793412242886802,-0.000516353246715724));
#3039=CARTESIAN_POINT('',(-0.00181384341703911,-0.00805269172314133,-0.00372969959550505));
#3040=CARTESIAN_POINT('',(0.00213471876534632,-0.00817126101741466,-0.00355579285230662));
#3041=CARTESIAN_POINT('',(0.00414456375391776,-0.00828983031168798,-0.000152572318715673));
#3042=CARTESIAN_POINT('',(0.00239038270136119,-0.00840839960596131,0.00338921193552077));
#3043=CARTESIAN_POINT('',(-0.00153470540921919,-0.00852696890023461,0.00385296850822114));
#3044=CARTESIAN_POINT('',(-0.00406599879987018,-0.00864553819450793,0.000817521142257803));
#3045=CARTESIAN_POINT('',(-0.00290461755744739,-0.00876410748878127,-0.00296038574559828));
#3046=CARTESIAN_POINT('',(0.000894690521963314,-0.00888267678305455,-0.0040497180068297));
#3047=CARTESIAN_POINT('',(0.00388145515679762,-0.00900124607732792,-0.0014611615715889));
#3048=CARTESIAN_POINT('',(0.00334314459914507,-0.00911981537160119,0.00245439819311437));
#3049=CARTESIAN_POINT('',(-0.00023135575493,-0.00923838466587455,0.00414091319454));
#3050=CARTESIAN_POINT('',(-0.00359574306527242,-0.00935695396014784,0.00206671727163618));
#3051=CARTESIAN_POINT('',(-0.00369453344023968,-0.00947552325442117,-0.00188443747804667));
#3052=CARTESIAN_POINT('',(-0.000438009981852071,-0.00959409254869448,-0.0041241774359871));
#3053=CARTESIAN_POINT('',(0.00321631076378099,-0.0097126618429678,-0.00261840402628457));
#3054=CARTESIAN_POINT('',(0.00394962285253559,-0.00983123113724112,0.00126535819439191));
#3055=CARTESIAN_POINT('',(0.00109596453406138,-0.00994980043151445,0.00399994926786881));
#3056=CARTESIAN_POINT('',(-0.00275305682643859,-0.0100683697257877,0.00310183788271831));
#3057=CARTESIAN_POINT('',(-0.00410174717264756,-0.0101869390200611,-0.000613287907425958));
#3058=CARTESIAN_POINT('',(-0.0017253907920561,-0.0103055083143344,-0.00377148290631715));
#3059=CARTESIAN_POINT('',(0.00221811741141318,-0.0104240776086077,-0.00350438723808632));
#3060=CARTESIAN_POINT('',(0.00414682351098731,-0.010542646902881,-5.48368507194393E-5));
#3061=CARTESIAN_POINT('',(0.00231010835028698,-0.0106612161971543,0.00344484689559619));
#3062=CARTESIAN_POINT('',(-0.00162586693767609,-0.0107797854914277,0.00381534233733024));
#3063=CARTESIAN_POINT('',(-0.0040828472262657,-0.010898354785701,0.000722018740341956));
#3064=CARTESIAN_POINT('',(-0.00283650640202377,-0.0110169240799743,-0.00302936384297369));
#3065=CARTESIAN_POINT('',(0.000995241102415605,-0.0111354933742476,-0.0040249484920639));
#3066=CARTESIAN_POINT('',(0.00293283501723155,-0.0112145395704298,-0.00225832953004182));
#3067=CARTESIAN_POINT('',(0.00331694138524194,-0.0112540626685209,-0.00116006392643503));
#3068=CARTESIAN_POINT('',(-0.00269004361009234,-0.011,-0.00227755935451442));
#3069=CARTESIAN_POINT('',(-0.00267415591210884,-0.011,-0.00229806958853381));
#3070=CARTESIAN_POINT('',(-0.00265826821412534,-0.011,-0.0023185798225532));
#3071=CARTESIAN_POINT('',(-0.00264238051614183,-0.011,-0.00233909005657259));
#3072=CARTESIAN_POINT('',(-0.00257431137894356,-0.011,-0.00242696395340044));
#3073=CARTESIAN_POINT('',(-0.00250203877574398,-0.011,-0.00251122875300694));
#3074=CARTESIAN_POINT('',(-0.00242567284174593,-0.011,-0.00259150365606428));
#3075=CARTESIAN_POINT('',(-0.00234905517338071,-0.011,-0.00267204317910153));
#3076=CARTESIAN_POINT('',(-0.00226831718767363,-0.011,-0.00274856749335694));
#3077=CARTESIAN_POINT('',(-0.00218387189950951,-0.011,-0.00282102897905003));
#3078=CARTESIAN_POINT('',(-0.00213198411863034,-0.011,-0.00286555325948725));
#3079=CARTESIAN_POINT('',(-0.00207869575341049,-0.011,-0.00290854298193599));
#3080=CARTESIAN_POINT('',(-0.00202409556244938,-0.011,-0.00294998064598033));
#3081=CARTESIAN_POINT('',(-0.00200796105479855,-0.011,-0.00296222559047204));
#3082=CARTESIAN_POINT('',(-0.00199171196487618,-0.011,-0.00297433497187275));
#3083=CARTESIAN_POINT('',(-0.00197535050821132,-0.011,-0.00298630825047233));
#3084=CARTESIAN_POINT('',(-0.00195932131704509,-0.011,-0.00299803837789865));
#3085=CARTESIAN_POINT('',(-0.0019431914548184,-0.011,-0.00300963259931763));
#3086=CARTESIAN_POINT('',(-0.00192696589304491,-0.011,-0.00302108892863152));
#3087=CARTESIAN_POINT('',(-0.00183439396418333,-0.011,-0.00308645088756186));
#3088=CARTESIAN_POINT('',(-0.00173868350736123,-0.011,-0.0031473466984592));
#3089=CARTESIAN_POINT('',(-0.00164026357596612,-0.011,-0.00320373167018346));
#3090=CARTESIAN_POINT('',(-0.0015451975853804,-0.011,-0.00325819516264004));
#3091=CARTESIAN_POINT('',(-0.00144760281213001,-0.011,-0.00330845006996362));
#3092=CARTESIAN_POINT('',(-0.00134783581415242,-0.011,-0.00335442375204451));
#3093=CARTESIAN_POINT('',(-0.00130418775253722,-0.011,-0.0033745372379549));
#3094=CARTESIAN_POINT('',(-0.00126012358855674,-0.011,-0.00339383083920779));
#3095=CARTESIAN_POINT('',(-0.00121567186924186,-0.011,-0.00341229637981579));
#3096=CARTESIAN_POINT('',(-0.00119565947109588,-0.011,-0.00342060966344855));
#3097=CARTESIAN_POINT('',(-0.0011755685123145,-0.011,-0.00342875509397483));
#3098=CARTESIAN_POINT('',(-0.00115540155705337,-0.011,-0.00343673183629284));
#3099=CARTESIAN_POINT('',(-0.00113824754856037,-0.011,-0.003443516851864));
#3100=CARTESIAN_POINT('',(-0.00112103812656944,-0.011,-0.00345017990575794));
#3101=CARTESIAN_POINT('',(-0.00110378949824899,-0.011,-0.00345671512530361));
#3102=CARTESIAN_POINT('',(-0.000993718423406273,-0.011,-0.00349841923222511));
#3103=CARTESIAN_POINT('',(-0.000881911481815361,-0.011,-0.00353497794658162));
#3104=CARTESIAN_POINT('',(-0.000768815546359402,-0.011,-0.00356634008573984));
#3105=CARTESIAN_POINT('',(-0.000654386183213999,-0.011,-0.00359807199189796));
#3106=CARTESIAN_POINT('',(-0.000538636443262999,-0.011,-0.00362448445341594));
#3107=CARTESIAN_POINT('',(-0.000421999583495994,-0.011,-0.00364548022936718));
#3108=CARTESIAN_POINT('',(-0.000306467425751601,-0.011,-0.00366627714814578));
#3109=CARTESIAN_POINT('',(-0.000190063993292493,-0.011,-0.00368175974221178));
#3110=CARTESIAN_POINT('',(-7.31942480305854E-5,-0.011,-0.0036917858892231));
#3111=CARTESIAN_POINT('',(7.94489942958898E-6,-0.011,-0.00369874674140075));
#3112=CARTESIAN_POINT('',(8.93091574005166E-5,-0.011,-0.00370307654745408));
#3113=CARTESIAN_POINT('',(0.00017076426840609,-0.011,-0.00370471306709686));
#3114=CARTESIAN_POINT('',(0.000198020334490411,-0.011,-0.00370526067039616));
#3115=CARTESIAN_POINT('',(0.000225286570257072,-0.011,-0.00370550661060623));
#3116=CARTESIAN_POINT('',(0.000252557922979092,-0.011,-0.0037054482359525));
#3117=CARTESIAN_POINT('',(0.000267304136901597,-0.011,-0.00370541667150682));
#3118=CARTESIAN_POINT('',(0.000282049514351486,-0.011,-0.00370529609782845));
#3119=CARTESIAN_POINT('',(0.000296784402680846,-0.011,-0.00370508639354989));
#3120=CARTESIAN_POINT('',(0.000416785274617293,-0.011,-0.00370337856273953));
#3121=CARTESIAN_POINT('',(0.000536257075125725,-0.011,-0.00369576316665996));
#3122=CARTESIAN_POINT('',(0.000654765537326254,-0.011,-0.00368214530703962));
#3123=CARTESIAN_POINT('',(0.000736070078987362,-0.011,-0.00367280256632493));
#3124=CARTESIAN_POINT('',(0.000816921650439884,-0.011,-0.00366063357400798));
#3125=CARTESIAN_POINT('',(0.000897182715145573,-0.011,-0.00364559372288266));
#3126=CARTESIAN_POINT('',(0.00101117406683607,-0.011,-0.00362423326666038));
#3127=CARTESIAN_POINT('',(0.0011239748961094,-0.011,-0.00359708435186673));
#3128=CARTESIAN_POINT('',(0.00123532581505989,-0.011,-0.0035644523632886));
#3129=CARTESIAN_POINT('',(0.00134863347231129,-0.011,-0.00353124694197648));
#3130=CARTESIAN_POINT('',(0.00146044048856691,-0.011,-0.00349236375577405));
#3131=CARTESIAN_POINT('',(0.00157046150784006,-0.011,-0.00344807204764716));
#3132=CARTESIAN_POINT('',(0.00160116616306614,-0.011,-0.00343571112210407));
#3133=CARTESIAN_POINT('',(0.00163173160941196,-0.011,-0.0034229286560484));
#3134=CARTESIAN_POINT('',(0.00166215136751804,-0.011,-0.00340972983901688));
#3135=CARTESIAN_POINT('',(0.00167565181771365,-0.011,-0.00340387213392424));
#3136=CARTESIAN_POINT('',(0.00168912225258628,-0.011,-0.00339793295002342));
#3137=CARTESIAN_POINT('',(0.00170255329911056,-0.011,-0.00339191684397296));
#3138=CARTESIAN_POINT('',(0.00180995996225613,-0.011,-0.00334380667810896));
#3139=CARTESIAN_POINT('',(0.00191500465627805,-0.011,-0.00329071417449118));
#3140=CARTESIAN_POINT('',(0.00201743414578646,-0.011,-0.00323297968713945));
#3141=CARTESIAN_POINT('',(0.00212293532308358,-0.011,-0.00317351383979914));
#3142=CARTESIAN_POINT('',(0.0022256627924137,-0.011,-0.00310912319660633));
#3143=CARTESIAN_POINT('',(0.00232532857215177,-0.011,-0.00304012577316407));
#3144=CARTESIAN_POINT('',(0.00242560504802307,-0.011,-0.0029707055721164));
#3145=CARTESIAN_POINT('',(0.00252278292017066,-0.011,-0.00289662150081499));
#3146=CARTESIAN_POINT('',(0.00261654686809566,-0.011,-0.00281814927243955));
#3147=CARTESIAN_POINT('',(0.00267718685473586,-0.011,-0.00276739890424773));
#3148=CARTESIAN_POINT('',(0.00273639846077406,-0.011,-0.00271481218496693));
#3149=CARTESIAN_POINT('',(0.00279408934584365,-0.011,-0.00266045445903008));
#3150=CARTESIAN_POINT('',(0.0028252426163042,-0.011,-0.00263110110562445));
#3151=CARTESIAN_POINT('',(0.0028559523330268,-0.011,-0.00260123120301384));
#3152=CARTESIAN_POINT('',(0.00288620312971632,-0.011,-0.00257085426895727));
#3153=CARTESIAN_POINT('',(0.00289802188180455,-0.011,-0.00255898623597618));
#3154=CARTESIAN_POINT('',(0.0029097677776431,-0.011,-0.00254704355912119));
#3155=CARTESIAN_POINT('',(0.00292143340202092,-0.011,-0.00253503383020697));
#3156=CARTESIAN_POINT('',(0.00300820710751102,-0.011,-0.00244570053384262));
#3157=CARTESIAN_POINT('',(0.00309065149109113,-0.011,-0.00235255084858258));
#3158=CARTESIAN_POINT('',(0.00316847091699908,-0.011,-0.00225590921082117));
#3159=CARTESIAN_POINT('',(0.00324614199250045,-0.011,-0.00215945180503125));
#3160=CARTESIAN_POINT('',(0.00331920642325715,-0.011,-0.00205951519079423));
#3161=CARTESIAN_POINT('',(0.00338734126741812,-0.011,-0.00195637906224505));
#3162=CARTESIAN_POINT('',(0.00345505673133678,-0.011,-0.00185387775212267));
#3163=CARTESIAN_POINT('',(0.00351790377112281,-0.011,-0.00174821563525306));
#3164=CARTESIAN_POINT('',(0.0035755266015665,-0.011,-0.00163963322158938));
#3165=CARTESIAN_POINT('',(0.00363314943201018,-0.011,-0.00153105080792569));
#3166=CARTESIAN_POINT('',(0.00368554877826514,-0.011,-0.00141954757895911));
#3167=CARTESIAN_POINT('',(0.00373231952223582,-0.011,-0.00130533788113935));
#3168=CARTESIAN_POINT('',(-0.00264071542267753,-0.0109999932321109,-0.00233703274282285));
#3169=CARTESIAN_POINT('',(0.00373231952223582,-0.011,-0.00130533788113935));
#3170=CARTESIAN_POINT('',(0.003523749999886,-0.0105385742590521,-2.83444447834413E-8));
#3171=CARTESIAN_POINT('',(0.00352375456577628,-0.0105577996883339,0.00056759808127537));
#3172=CARTESIAN_POINT('',(0.00324407486907566,-0.0105962505468976,0.00170224057498975));
#3173=CARTESIAN_POINT('',(0.00208157048748215,-0.010653926834743,0.00301481694224389));
#3174=CARTESIAN_POINT('',(0.000442328142318784,-0.0107116031225885,0.00363678772978869));
#3175=CARTESIAN_POINT('',(-0.00129822145142197,-0.010769279410434,0.00342586730516025));
#3176=CARTESIAN_POINT('',(-0.0027414356491388,-0.0108269556982794,0.00243031063007585));
#3177=CARTESIAN_POINT('',(-0.00355680623656723,-0.0108846319861249,0.000878172127269995));
#3178=CARTESIAN_POINT('',(-0.00355748369155196,-0.0109423082739704,-0.000875188274402447));
#3179=CARTESIAN_POINT('',(-0.0030149684647602,-0.010980759132534,-0.00191023008514635));
#3180=CARTESIAN_POINT('',(-0.00263878440526821,-0.0109999845618158,-0.00233530103520152));
#3181=CARTESIAN_POINT('',(0.00352654872449045,-0.0105385730640657,-3.17257218588875E-8));
#3182=CARTESIAN_POINT('',(-0.00263958513969597,-0.002,-0.00233439592888528));
#3183=CARTESIAN_POINT('',(-0.00220075238791735,-0.00202243912464847,-0.00283059984874041));
#3184=CARTESIAN_POINT('',(-0.00105781107129391,-0.00205813161816646,-0.00355643817086944));
#3185=CARTESIAN_POINT('',(0.000994540250965848,-0.00213945943932427,-0.00357718826687143));
#3186=CARTESIAN_POINT('',(0.00273632611429154,-0.00219561677863211,-0.00250653726834915));
#3187=CARTESIAN_POINT('',(0.00365025824509159,-0.00226750769954269,-0.000677908969416897));
#3188=CARTESIAN_POINT('',(0.0034513692929983,-0.00233611061665284,0.00136666976756049));
#3189=CARTESIAN_POINT('',(0.00220592822746971,-0.0023936128879749,0.00298453607984242));
#3190=CARTESIAN_POINT('',(0.00028631915209656,-0.00247509447227479,0.00370155243414847));
#3191=CARTESIAN_POINT('',(-0.00171987226753964,-0.00252440877401023,0.00328872429790768));
#3192=CARTESIAN_POINT('',(-0.00319951937156499,-0.00260864814211378,0.00188144093657669));
#3193=CARTESIAN_POINT('',(-0.00371101002533409,-0.00266017353295298,-0.00010419712282864));
#3194=CARTESIAN_POINT('',(-0.00309071298634578,-0.00273692102484485,-0.00205442686680739));
#3195=CARTESIAN_POINT('',(-0.00153529562395195,-0.00279945141008475,-0.00337950024252945));
#3196=CARTESIAN_POINT('',(0.000492909639779365,-0.00286354712334101,-0.00367946642563465));
#3197=CARTESIAN_POINT('',(0.00236670083517258,-0.00293947994155784,-0.00285849843394455));
#3198=CARTESIAN_POINT('',(0.00352205545106437,-0.00299193292963357,-0.00117295215709647));
#3199=CARTESIAN_POINT('',(0.00360739513452608,-0.00307618778566222,0.000878822086194112));
#3200=CARTESIAN_POINT('',(0.00259108397210024,-0.00312529966923833,0.00265786009275181));
#3201=CARTESIAN_POINT('',(0.000789162564621206,-0.00320684850888083,0.00362649171095203));
#3202=CARTESIAN_POINT('',(-0.0012508587529738,-0.00326305924723966,0.00349491013008716));
#3203=CARTESIAN_POINT('',(-0.00291539692931822,-0.00333384248822572,0.00229796586005938));
#3204=CARTESIAN_POINT('',(-0.00368911674866134,-0.00340326988875527,0.000404956832437267));
#3205=CARTESIAN_POINT('',(-0.00334440449361621,-0.0034608500325962,-0.00161089742921644));
#3206=CARTESIAN_POINT('',(-0.00197933724330441,-0.00354208884294861,-0.00314028039000443));
#3207=CARTESIAN_POINT('',(-1.60929449786447E-5,-0.00359148076322083,-0.00371136677972898));
#3208=CARTESIAN_POINT('',(0.00195286843476243,-0.0036756399792636,-0.00315655733793798));
#3209=CARTESIAN_POINT('',(0.00333073575439073,-0.00372715953078604,-0.00164058055026357));
#3210=CARTESIAN_POINT('',(0.00369272777425795,-0.00380418917406967,0.000380794839249252));
#3211=CARTESIAN_POINT('',(0.0029302239334819,-0.00386674289190617,0.00227742840075282));
#3212=CARTESIAN_POINT('',(0.00127890937844946,-0.0039306478132197,0.00348503208900862));
#3213=CARTESIAN_POINT('',(-0.00076591774521516,-0.00400677257361186,0.00363207109727542));
#3214=CARTESIAN_POINT('',(-0.00257207390267778,-0.00405917490471345,0.00267540727739463));
#3215=CARTESIAN_POINT('',(-0.0036001343843399,-0.004143238872216,0.000906227567166395));
#3216=CARTESIAN_POINT('',(-0.00353131427285611,-0.00419240581127248,-0.0011433478340931));
#3217=CARTESIAN_POINT('',(-0.00239145991222019,-0.00427386368083612,-0.00283803388219132));
#3218=CARTESIAN_POINT('',(-0.00052261456744557,-0.00433015684958457,-0.00367570127374359));
#3219=CARTESIAN_POINT('',(0.00150736794412641,-0.00440096949217699,-0.00339136962900753));
#3220=CARTESIAN_POINT('',(0.0030732896021922,-0.0044702139145673,-0.00208202871573483));
#3221=CARTESIAN_POINT('',(0.00371044387072013,-0.00452814412656316,-0.000128351938290373));
#3222=CARTESIAN_POINT('',(0.00321451256672826,-0.00460922993533325,0.00185634614524657));
#3223=CARTESIAN_POINT('',(0.00173833800474009,-0.00465883288940895,0.00327960213217315));
#3224=CARTESIAN_POINT('',(-0.000259530058867746,-0.00474283184019253,0.00370224222477583));
#3225=CARTESIAN_POINT('',(-0.00218472279964661,-0.0047944123323289,0.00300174786305947));
#3226=CARTESIAN_POINT('',(-0.00344355289645711,-0.00487128805366134,0.00138470049284342));
#3227=CARTESIAN_POINT('',(-0.00365469891239247,-0.00493377400852901,-0.000646837456420997));
#3228=CARTESIAN_POINT('',(-0.00275553766396884,-0.00499780036063704,-0.00248800372558497));
#3229=CARTESIAN_POINT('',(-0.0010156478437675,-0.00507387387650843,-0.00356980428974553));
#3230=CARTESIAN_POINT('',(0.00102717204817765,-0.00512624381297745,-0.00356674388819663));
#3231=CARTESIAN_POINT('',(0.00276338283956806,-0.00521041525929454,-0.0024784266217663));
#3232=CARTESIAN_POINT('',(0.00365767631969415,-0.0052594432964322,-0.000637223294493329));
#3233=CARTESIAN_POINT('',(0.00343585409078014,-0.00534123707498473,0.00140532948852658));
#3234=CARTESIAN_POINT('',(0.00217214527240927,-0.00539744259673566,0.00300925646480151));
#3235=CARTESIAN_POINT('',(0.00024438551290329,-0.00546810789042623,0.00370458551372973));
#3236=CARTESIAN_POINT('',(-0.00175740782714008,-0.00553776231795413,0.00326900936051852));
#3237=CARTESIAN_POINT('',(-0.00322112032906774,-0.00559516624615027,0.00184403659082845));
#3238=CARTESIAN_POINT('',(-0.00370971039415543,-0.00567645215686403,-0.000146389098042871));
#3239=CARTESIAN_POINT('',(-0.00306613339692735,-0.0057259506030101,-0.00209118873993859));
#3240=CARTESIAN_POINT('',(-0.00149574876843233,-0.00580996521871449,-0.00339703210627445));
#3241=CARTESIAN_POINT('',(0.000536325625113278,-0.00586163017951924,-0.00367365402708037));
#3242=CARTESIAN_POINT('',(0.0024011616508588,-0.00593840610111369,-0.00282959557975484));
#3243=CARTESIAN_POINT('',(0.00353585077542824,-0.00600093893625932,-0.00113092302145723));
#3244=CARTESIAN_POINT('',(0.00359634382876338,-0.00606507039863552,0.000922960475751074));
#3245=CARTESIAN_POINT('',(0.00255914118243005,-0.00614121389368571,0.00268882993307666));
#3246=CARTESIAN_POINT('',(0.000743447191502715,-0.006193671386999,0.00363626057186257));
#3247=CARTESIAN_POINT('',(-0.00129342865610037,-0.00627765862678755,0.00347921386151897));
#3248=CARTESIAN_POINT('',(-0.00294401151085942,-0.00632687489631598,0.00226165918415783));
#3249=CARTESIAN_POINT('',(-0.00369398109616402,-0.00640832668503964,0.00035793207758495));
#3250=CARTESIAN_POINT('',(-0.0033238561398504,-0.00646469360048589,-0.00165276920038419));
#3251=CARTESIAN_POINT('',(-0.00193932403596297,-0.00653531461033329,-0.00316537418907503));
#3252=CARTESIAN_POINT('',(3.20537408869226E-5,-0.00660494190883622,-0.00371134714360044));
#3253=CARTESIAN_POINT('',(0.00199354968916522,-0.00666238514320068,-0.00313095007326753));
#3254=CARTESIAN_POINT('',(0.00335169033925919,-0.00674367236451865,-0.00159747549900094));
#3255=CARTESIAN_POINT('',(0.00368762025188963,-0.0067933442459471,0.000429307370524119));
#3256=CARTESIAN_POINT('',(0.00289949912453675,-0.00687737751142479,0.00231646104490375));
#3257=CARTESIAN_POINT('',(0.00123254716088058,-0.0069290058863677,0.00350164985255209));
#3258=CARTESIAN_POINT('',(-0.000814509879411754,-0.00700569373099048,0.00362167783448785));
#3259=CARTESIAN_POINT('',(-0.00260851203765636,-0.00706855317931856,0.00264004906143952));
#3260=CARTESIAN_POINT('',(-0.00361203102089733,-0.00713219060662618,0.000857015483456711));
#3261=CARTESIAN_POINT('',(-0.00351572018054627,-0.0072085788925603,-0.00119128185717536));
#3262=CARTESIAN_POINT('',(-0.00235109187823297,-0.00726082406318032,-0.00287159934721168));
#3263=CARTESIAN_POINT('',(-0.000472100395501332,-0.0073449512260605,-0.00368247370067733));
#3264=CARTESIAN_POINT('',(0.00155528006802328,-0.00739421600212449,-0.00336992222368272));
#3265=CARTESIAN_POINT('',(0.00310263373373572,-0.00747540674180124,-0.0020381898652311));
#3266=CARTESIAN_POINT('',(0.00371200039849496,-0.00753234104274671,-7.4738238887227E-5));
#3267=CARTESIAN_POINT('',(0.00318739352647247,-0.0076025075867359,0.00190235274555416));
#3268=CARTESIAN_POINT('',(0.00169099239757287,-0.00767261643445055,0.00330459019840026));
#3269=CARTESIAN_POINT('',(-0.000314804965697211,-0.00772972584638739,0.00369794882699371));
#3270=CARTESIAN_POINT('',(-0.00222812031914733,-0.00781116834386495,0.00296966397822483));
#3271=CARTESIAN_POINT('',(-0.00346423699498404,-0.00786065932080341,0.00133287615597784));
#3272=CARTESIAN_POINT('',(-0.00364447449389736,-0.00794458903478565,-0.000701797086679242));
#3273=CARTESIAN_POINT('',(-0.00271783118018754,-0.00799643371246282,-0.00252932511416961));
#3274=CARTESIAN_POINT('',(-0.00096075584120185,-0.00807294408054839,-0.00358512231935155));
#3275=CARTESIAN_POINT('',(0.00108210107041647,-0.00813591914884304,-0.0035504835155262));
#3276=CARTESIAN_POINT('',(0.00280154960843353,-0.00819949574382693,-0.00243536438568915));
#3277=CARTESIAN_POINT('',(0.00366741958041205,-0.00827595002494976,-0.000579624633610908));
#3278=CARTESIAN_POINT('',(0.00341309431737356,-0.0083284087207386,0.00145986982444406));
#3279=CARTESIAN_POINT('',(0.00212398822664913,-0.00841243826361711,0.00304342951420181));
#3280=CARTESIAN_POINT('',(0.000185147128823181,-0.00846170550923448,0.00370814701485591));
#3281=CARTESIAN_POINT('',(-0.00181029280264127,-0.00854297012580962,0.00324017980244974));
#3282=CARTESIAN_POINT('',(-0.00325080751014395,-0.00859973777406031,0.00179121310308643));
#3283=CARTESIAN_POINT('',(-0.00370688919346257,-0.00866981932436865,-0.000207010630114816));
#3284=CARTESIAN_POINT('',(-0.00303125552682479,-0.00874011281223902,-0.00214183834441458));
#3285=CARTESIAN_POINT('',(-0.0014384196695108,-0.00879700216560121,-0.00342157689185592));
#3286=CARTESIAN_POINT('',(0.000596970702927435,-0.00887866703139889,-0.00366448243687063));
#3287=CARTESIAN_POINT('',(0.00244960773388767,-0.00892805823218619,-0.00278797100960856));
#3288=CARTESIAN_POINT('',(0.00355442663271918,-0.00901187134062085,-0.00107097431710291));
#3289=CARTESIAN_POINT('',(0.00358001485965764,-0.00906416104098089,0.000984917516158678));
#3290=CARTESIAN_POINT('',(0.00251257304413875,-0.00914023811525377,0.00273247617194884));
#3291=CARTESIAN_POINT('',(0.00067957654176808,-0.00920387087137772,0.00364899924948849));
#3292=CARTESIAN_POINT('',(-0.00135465724060063,-0.00926680372952198,0.003455660429662));
#3293=CARTESIAN_POINT('',(-0.00298321020883333,-0.00934371716006769,0.00221012638470878));
#3294=CARTESIAN_POINT('',(-0.00370004799871371,-0.0093957346638233,0.000290675756563338));
#3295=CARTESIAN_POINT('',(-0.00329373339373916,-0.00947987749872097,-0.00171160659097068));
#3296=CARTESIAN_POINT('',(-0.00188207489171946,-0.00952926224678755,-0.00320017779566486));
#3297=CARTESIAN_POINT('',(0.000100685559456374,-0.00961026805359085,-0.00371014134015652));
#3298=CARTESIAN_POINT('',(0.00205042604583654,-0.0096673657539502,-0.00309404235451279));
#3299=CARTESIAN_POINT('',(0.00338073831911154,-0.00973710541953457,-0.00153497821107362));
#3300=CARTESIAN_POINT('',(0.00367950731874962,-0.00980792407550991,0.000497155885697157));
#3301=CARTESIAN_POINT('',(0.00285397208105389,-0.00986462387804143,0.00237266080082099));
#3302=CARTESIAN_POINT('',(0.0011661122288171,-0.00994635198668722,0.00352399827428489));
#3303=CARTESIAN_POINT('',(-0.000883825984844884,-0.00999570008110197,0.00360589355107686));
#3304=CARTESIAN_POINT('',(-0.00266025234924004,-0.010079586614458,0.00258800637128081));
#3305=CARTESIAN_POINT('',(-0.00362775997482691,-0.0101317522328323,0.000786712536279983));
#3306=CARTESIAN_POINT('',(-0.00349218685008965,-0.0102076299032713,-0.00125982156791403));
#3307=CARTESIAN_POINT('',(-0.00229263135674961,-0.0102715777560393,-0.0029187209003109));
#3308=CARTESIAN_POINT('',(-0.000398812969279136,-0.0103341646909415,-0.00369063285713561));
#3309=CARTESIAN_POINT('',(0.00162213646748225,-0.0104115001371073,-0.00333949213561856));
#3310=CARTESIAN_POINT('',(0.0031441414477031,-0.0104630137655133,-0.00197088520673228));
#3311=CARTESIAN_POINT('',(0.00352372380742721,-0.0105196720092575,-0.000662938442792843));
#3312=CARTESIAN_POINT('',(0.00352374999724909,-0.0105417970925874,-1.39237319549476E-7));
#3313=CARTESIAN_POINT('',(-0.00263958513969596,-0.002,-0.0023343959288853));
#3314=CARTESIAN_POINT('',(0.00373721467076021,-0.002,-0.00130902849154659));
#3315=CARTESIAN_POINT('',(0.00369091916461901,-0.002,-0.00142400809822287));
#3316=CARTESIAN_POINT('',(0.0036390256134272,-0.002,-0.00153642525923884));
#3317=CARTESIAN_POINT('',(0.00358147019682095,-0.002,-0.00164584709020377));
#3318=CARTESIAN_POINT('',(0.00352442682764345,-0.002,-0.00175429543907965));
#3319=CARTESIAN_POINT('',(0.00346182122997544,-0.002,-0.00185980203871824));
#3320=CARTESIAN_POINT('',(0.00339404137275953,-0.002,-0.00196214010566629));
#3321=CARTESIAN_POINT('',(0.00335450332705679,-0.002,-0.00202183700286146));
#3322=CARTESIAN_POINT('',(0.00331320380103054,-0.002,-0.00208045513605116));
#3323=CARTESIAN_POINT('',(0.00327021405928377,-0.002,-0.00213794383581757));
#3324=CARTESIAN_POINT('',(0.00325655861691059,-0.002,-0.0021562047881953));
#3325=CARTESIAN_POINT('',(0.00324273260783242,-0.002,-0.00217435174895787));
#3326=CARTESIAN_POINT('',(0.00322873824311737,-0.002,-0.00219238299600543));
#3327=CARTESIAN_POINT('',(0.00321758127008942,-0.002,-0.00220675836359562));
#3328=CARTESIAN_POINT('',(0.0032063184277054,-0.002,-0.00222105864457478));
#3329=CARTESIAN_POINT('',(0.0031949566918904,-0.002,-0.00223527593662151));
#3330=CARTESIAN_POINT('',(0.00311870581040697,-0.002,-0.00233069102710784));
#3331=CARTESIAN_POINT('',(0.00303793281465425,-0.002,-0.0024224632838882));
#3332=CARTESIAN_POINT('',(0.00295302840605883,-0.002,-0.00251037746688199));
#3333=CARTESIAN_POINT('',(0.00287353713448291,-0.002,-0.00259268662268844));
#3334=CARTESIAN_POINT('',(0.00279042354740455,-0.002,-0.0026716139848375));
#3335=CARTESIAN_POINT('',(0.0027039820833669,-0.002,-0.00274695230371264));
#3336=CARTESIAN_POINT('',(0.00266616394285043,-0.002,-0.00277991281822051));
#3337=CARTESIAN_POINT('',(0.00262770855104746,-0.002,-0.00281218595499596));
#3338=CARTESIAN_POINT('',(0.00258863946250532,-0.002,-0.00284375232453629));
#3339=CARTESIAN_POINT('',(0.0025664939192126,-0.002,-0.00286164509934456));
#3340=CARTESIAN_POINT('',(0.00254415118670189,-0.002,-0.00287931076875058));
#3341=CARTESIAN_POINT('',(0.00252161548245195,-0.002,-0.00289674561052128));
#3342=CARTESIAN_POINT('',(0.00250137842423195,-0.002,-0.00291240209518476));
#3343=CARTESIAN_POINT('',(0.00248098131475178,-0.002,-0.00292787561672218));
#3344=CARTESIAN_POINT('',(0.00246045288716248,-0.002,-0.00294314462360619));
#3345=CARTESIAN_POINT('',(0.00236230841677323,-0.002,-0.00301614430112565));
#3346=CARTESIAN_POINT('',(0.00226107304312486,-0.002,-0.00308454681450553));
#3347=CARTESIAN_POINT('',(0.00215712461219732,-0.002,-0.00314813650618879));
#3348=CARTESIAN_POINT('',(0.00205341102012901,-0.002,-0.00321158253691901));
#3349=CARTESIAN_POINT('',(0.0019469958144221,-0.002,-0.00327023789670575));
#3350=CARTESIAN_POINT('',(0.0018382288525261,-0.002,-0.00332384354138531));
#3351=CARTESIAN_POINT('',(0.00173232455017501,-0.002,-0.0033760383283216));
#3352=CARTESIAN_POINT('',(0.00162418989809758,-0.002,-0.00342344591128949));
#3353=CARTESIAN_POINT('',(0.00151413526283064,-0.002,-0.0034657802881833));
#3354=CARTESIAN_POINT('',(0.00143617973571644,-0.002,-0.00349576720020935));
#3355=CARTESIAN_POINT('',(0.00135726060524447,-0.002,-0.00352320773912033));
#3356=CARTESIAN_POINT('',(0.00127748720907378,-0.002,-0.00354798454437154));
#3357=CARTESIAN_POINT('',(0.00124761135932778,-0.002,-0.00355726367935141));
#3358=CARTESIAN_POINT('',(0.00121761569617035,-0.002,-0.00356616906930673));
#3359=CARTESIAN_POINT('',(0.00118750599404253,-0.002,-0.00357469404216461));
#3360=CARTESIAN_POINT('',(0.0011716431601636,-0.002,-0.00357918529311398));
#3361=CARTESIAN_POINT('',(0.00115574893034993,-0.002,-0.00358357081569318));
#3362=CARTESIAN_POINT('',(0.00113983761011891,-0.002,-0.0035878461913467));
#3363=CARTESIAN_POINT('',(0.00102650640080331,-0.002,-0.00361829831512131));
#3364=CARTESIAN_POINT('',(0.000912136084589303,-0.002,-0.00364321618586185));
#3365=CARTESIAN_POINT('',(0.000797045163703112,-0.002,-0.00366236337989195));
#3366=CARTESIAN_POINT('',(0.000713277956172,-0.002,-0.00367629937904468));
#3367=CARTESIAN_POINT('',(0.0006291286216049,-0.002,-0.00368717745233008));
#3368=CARTESIAN_POINT('',(0.000544717529416911,-0.002,-0.00369488917538096));
#3369=CARTESIAN_POINT('',(0.000427735276522716,-0.002,-0.00370557657099217));
#3370=CARTESIAN_POINT('',(0.000310249671041876,-0.002,-0.00371018454454918));
#3371=CARTESIAN_POINT('',(0.000192640064662638,-0.002,-0.00370889540309688));
#3372=CARTESIAN_POINT('',(7.40162513002049E-5,-0.002,-0.00370759514472732));
#3373=CARTESIAN_POINT('',(-4.47345563103215E-5,-0.002,-0.00370029530834644));
#3374=CARTESIAN_POINT('',(-0.000163209068026504,-0.002,-0.00368713223848303));
#3375=CARTESIAN_POINT('',(-0.000193315976918275,-0.002,-0.00368378722072881));
#3376=CARTESIAN_POINT('',(-0.000223404936744989,-0.002,-0.00368006332912209));
#3377=CARTESIAN_POINT('',(-0.000253469084242696,-0.002,-0.0036759623234153));
#3378=CARTESIAN_POINT('',(-0.000269826188629717,-0.002,-0.00367373107510058));
#3379=CARTESIAN_POINT('',(-0.00028616666613661,-0.002,-0.0036713894475781));
#3380=CARTESIAN_POINT('',(-0.000302487209572087,-0.002,-0.00366893844360175));
#3381=CARTESIAN_POINT('',(-0.000418136046212683,-0.002,-0.00365157040928431));
#3382=CARTESIAN_POINT('',(-0.000532822071460091,-0.002,-0.00362870958330419));
#3383=CARTESIAN_POINT('',(-0.000646181300596501,-0.002,-0.00360057036464219));
#3384=CARTESIAN_POINT('',(-0.000760217845629651,-0.002,-0.00357226301551328));
#3385=CARTESIAN_POINT('',(-0.000872912518761107,-0.002,-0.00353861363774396));
#3386=CARTESIAN_POINT('',(-0.000983881134030617,-0.002,-0.00349978911864802));
#3387=CARTESIAN_POINT('',(-0.00109400833013802,-0.002,-0.00346125898634106));
#3388=CARTESIAN_POINT('',(-0.00120243630313962,-0.002,-0.00341763144743776));
#3389=CARTESIAN_POINT('',(-0.00130876436185351,-0.002,-0.0033690254675999));
#3390=CARTESIAN_POINT('',(-0.00137333795166462,-0.002,-0.00333950680016271));
#3391=CARTESIAN_POINT('',(-0.00143713651391531,-0.002,-0.00330815115884717));
#3392=CARTESIAN_POINT('',(-0.00150006391712896,-0.002,-0.00327497818293951));
#3393=CARTESIAN_POINT('',(-0.00152194379744667,-0.002,-0.0032634439275027));
#3394=CARTESIAN_POINT('',(-0.00154371830961425,-0.002,-0.00325168992047348));
#3395=CARTESIAN_POINT('',(-0.00156538324855698,-0.002,-0.0032397168504197));
#3396=CARTESIAN_POINT('',(-0.00158362253669534,-0.002,-0.00322963695704041));
#3397=CARTESIAN_POINT('',(-0.00160178725828293,-0.002,-0.00321939992009182));
#3398=CARTESIAN_POINT('',(-0.00161985213850367,-0.002,-0.00320901946443953));
#3399=CARTESIAN_POINT('',(-0.00172004925775476,-0.002,-0.00315144411712673));
#3400=CARTESIAN_POINT('',(-0.00181731428625506,-0.002,-0.00308938655278879));
#3401=CARTESIAN_POINT('',(-0.00191128771435667,-0.002,-0.00302300583589305));
#3402=CARTESIAN_POINT('',(-0.00200417765951499,-0.002,-0.00295739046698953));
#3403=CARTESIAN_POINT('',(-0.00209385213618018,-0.002,-0.00288755059450933));
#3404=CARTESIAN_POINT('',(-0.00217993314362745,-0.002,-0.00281360033448325));
#3405=CARTESIAN_POINT('',(-0.00226390582104181,-0.002,-0.00274146129343307));
#3406=CARTESIAN_POINT('',(-0.00234445939350089,-0.002,-0.002665410282451));
#3407=CARTESIAN_POINT('',(-0.00242120513425621,-0.002,-0.00258552232250072));
#3408=CARTESIAN_POINT('',(-0.00249795087501152,-0.002,-0.00250563436255044));
#3409=CARTESIAN_POINT('',(-0.00257088941925162,-0.002,-0.00242190914239245));
#3410=CARTESIAN_POINT('',(-0.00263958513969595,-0.002,-0.00233439592888531));
#3411=CARTESIAN_POINT('',(0.00368872936398098,-0.002,-0.00142386504954101));
#3412=CARTESIAN_POINT('',(0.00373231952223582,-0.011,-0.00130533788113935));
#3413=CARTESIAN_POINT('',(0.00347346357271859,-0.0109763290000373,-0.00204547813738225));
#3414=CARTESIAN_POINT('',(0.00251566762419217,-0.0109227845627972,-0.00334823178793362));
#3415=CARTESIAN_POINT('',(0.000230655512861767,-0.0108611524343388,-0.00418370062176299));
#3416=CARTESIAN_POINT('',(-0.00213503290755788,-0.0107904616833346,-0.00360514205407046));
#3417=CARTESIAN_POINT('',(-0.00377857765935863,-0.010712358866803,-0.00180913685260176));
#3418=CARTESIAN_POINT('',(-0.00414678151736798,-0.0106569812322511,0.000593079396969134));
#3419=CARTESIAN_POINT('',(-0.00311908766777272,-0.0105693356411144,0.00279728784187778));
#3420=CARTESIAN_POINT('',(-0.00103620923633244,-0.0105121257474485,0.00405998613981232));
#3421=CARTESIAN_POINT('',(0.00139588248338016,-0.0104367470188237,0.00394959551321994));
#3422=CARTESIAN_POINT('',(0.003352932797398,-0.0103615226734019,0.00251157080412412));
#3423=CARTESIAN_POINT('',(0.00418501865560183,-0.0103049660732715,0.000220593871868197));
#3424=CARTESIAN_POINT('',(0.00359819529406565,-0.0102168108566904,-0.00214691382599268));
#3425=CARTESIAN_POINT('',(0.00179803460297558,-0.0101618801679966,-0.00378421615850448));
#3426=CARTESIAN_POINT('',(-0.000610300858176568,-0.0100830393748547,-0.00414505975436505));
#3427=CARTESIAN_POINT('',(-0.00280976059936448,-0.0100109815441992,-0.00310692003635914));
#3428=CARTESIAN_POINT('',(-0.00406217856437795,-0.00995220169799078,-0.00102418168811449));
#3429=CARTESIAN_POINT('',(-0.00394658073154251,-0.00986493874811822,0.0014074762104306));
#3430=CARTESIAN_POINT('',(-0.00249660007283731,-0.00981152794133926,0.00336450972391804));
#3431=CARTESIAN_POINT('',(-0.000207416970121133,-0.00972955970112728,0.00418382400577082));
#3432=CARTESIAN_POINT('',(0.0021507365247763,-0.00966123328707864,0.00359505238425792));
#3433=CARTESIAN_POINT('',(0.00378719337738829,-0.00959910323250032,0.00179301556390079));
#3434=CARTESIAN_POINT('',(0.00414470371832588,-0.00951332469506004,-0.00061951036444573));
#3435=CARTESIAN_POINT('',(0.00309735589210608,-0.00946061943673325,-0.0028219270716561));
#3436=CARTESIAN_POINT('',(0.00100662036670286,-0.00937605070292867,-0.00406620764881562));
#3437=CARTESIAN_POINT('',(-0.00141963388045666,-0.0093111522502042,-0.00394127391800666));
#3438=CARTESIAN_POINT('',(-0.00337139624016103,-0.00924563426055488,-0.00248759714039196));
#3439=CARTESIAN_POINT('',(-0.00418550205982327,-0.00916205749402028,-0.000192816619171778));
#3440=CARTESIAN_POINT('',(-0.00358542764111764,-0.00910959289167242,0.00216637466016952));
#3441=CARTESIAN_POINT('',(-0.00178079432826743,-0.00902304803850285,0.00379161696436001));
#3442=CARTESIAN_POINT('',(0.000627804005334045,-0.00896144649105801,0.00414285603283574));
#3443=CARTESIAN_POINT('',(0.00282536758561775,-0.00889206419218529,0.00309297174973983));
#3444=CARTESIAN_POINT('',(0.00406824082839691,-0.00881137455863926,0.00100403786720553));
#3445=CARTESIAN_POINT('',(0.00393723427326445,-0.00875785916430723,-0.00143541956178761));
#3446=CARTESIAN_POINT('',(0.00247497910878749,-0.00867003883017986,-0.00337949648837404));
#3447=CARTESIAN_POINT('',(0.000181698335375239,-0.00861138730812966,-0.00418556121459582));
#3448=CARTESIAN_POINT('',(-0.00217690045352893,-0.00853837346269963,-0.00358011118401035));
#3449=CARTESIAN_POINT('',(-0.00379945662352128,-0.00846058525948628,-0.00176499980511089));
#3450=CARTESIAN_POINT('',(-0.00413946793565311,-0.00840588421707766,0.000641730809499544));
#3451=CARTESIAN_POINT('',(-0.00308656738637245,-0.00831765310508487,0.00283289815085297));
#3452=CARTESIAN_POINT('',(-0.000989655890654203,-0.00826145521201806,0.00407157616611216));
#3453=CARTESIAN_POINT('',(0.0014410210233398,-0.00818469752324068,0.00393337741868621));
#3454=CARTESIAN_POINT('',(0.00338151456256221,-0.00811059994130208,0.00247290270411008));
#3455=CARTESIAN_POINT('',(0.00418719384664192,-0.0080533331587692,0.000172940084293154));
#3456=CARTESIAN_POINT('',(0.00357357566364385,-0.00796534729296405,-0.00218745732519091));
#3457=CARTESIAN_POINT('',(0.00175570217342604,-0.0079111002082397,-0.00380390097652665));
#3458=CARTESIAN_POINT('',(-0.000656245080197442,-0.00783102804851032,-0.00413810417707461));
#3459=CARTESIAN_POINT('',(-0.00284438995187188,-0.00776028877612831,-0.00307521758815105));
#3460=CARTESIAN_POINT('',(-0.00407305395519608,-0.00770041053804721,-0.000979328321503498));
#3461=CARTESIAN_POINT('',(-0.00393094912529351,-0.0076136670918272,0.00145032129403589));
#3462=CARTESIAN_POINT('',(-0.00246003109133771,-0.00756067555569896,0.00339141028504766));
#3463=CARTESIAN_POINT('',(-0.000161624786155648,-0.00747760247737643,0.00418581078408988));
#3464=CARTESIAN_POINT('',(0.00218909083831481,-0.00741068377464812,0.00357160062581941));
#3465=CARTESIAN_POINT('',(0.00380594169937966,-0.00734723045437197,0.00175280352173431));
#3466=CARTESIAN_POINT('',(0.0041378423303705,-0.00726223067376584,-0.000663363771970792));
#3467=CARTESIAN_POINT('',(0.00306768460203837,-0.00720967971463576,-0.00285404630014676));
#3468=CARTESIAN_POINT('',(0.000964060039112193,-0.00712421236186021,-0.00407654982669484));
#3469=CARTESIAN_POINT('',(-0.00146065019994434,-0.00706067954535181,-0.00392613148212749));
#3470=CARTESIAN_POINT('',(-0.00339650335537898,-0.00699370808913416,-0.00245294819183465));
#3471=CARTESIAN_POINT('',(-0.00418723844031677,-0.00691116963608566,-0.000150386932170055));
#3472=CARTESIAN_POINT('',(-0.003563245354852,-0.00685850189244838,0.00220267251276188));
#3473=CARTESIAN_POINT('',(-0.00174238182307313,-0.00677135337292689,0.00380929051177139));
#3474=CARTESIAN_POINT('',(0.000668744689702931,-0.00671105204273157,0.00413628947703209));
#3475=CARTESIAN_POINT('',(0.00285554127187603,-0.0066401128798104,0.00306516269813571));
#3476=CARTESIAN_POINT('',(0.00407787310143071,-0.00656067316193827,0.000963896007041185));
#3477=CARTESIAN_POINT('',(0.00392311591102656,-0.00650661487289957,-0.00147343840246735));
#3478=CARTESIAN_POINT('',(0.00244195387301063,-0.0064185087402449,-0.00340334835149578));
#3479=CARTESIAN_POINT('',(0.000142047705047912,-0.00636102425543498,-0.00418690329905789));
#3480=CARTESIAN_POINT('',(-0.00221022195385055,-0.00628642832587058,-0.00355954877177164));
#3481=CARTESIAN_POINT('',(-0.00381572740630983,-0.00621009418828086,-0.00172964735452057));
#3482=CARTESIAN_POINT('',(-0.0041331940798036,-0.0061544675552392,0.000680441137901306));
#3483=CARTESIAN_POINT('',(-0.00306055263047883,-0.0060663463317475,0.00286070728911673));
#3484=CARTESIAN_POINT('',(-0.000953018973535153,-0.00601108934291357,0.00408024513891291));
#3485=CARTESIAN_POINT('',(0.00147604773831371,-0.00593279383583168,0.00392037032797623));
#3486=CARTESIAN_POINT('',(0.00340344898305881,-0.00586027152035748,0.00244251829130982));
#3487=CARTESIAN_POINT('',(0.00418843034774482,-0.00580180146451404,0.000136209278716667));
#3488=CARTESIAN_POINT('',(0.00355436219470077,-0.00571424221304945,-0.0022183305420558));
#3489=CARTESIAN_POINT('',(0.00172330815686277,-0.0056607014111704,-0.0038185231082985));
#3490=CARTESIAN_POINT('',(-0.000690909720488149,-0.00557920511144301,-0.00413245325160907));
#3491=CARTESIAN_POINT('',(-0.00287010614188712,-0.00551012579756271,-0.00305116515151875));
#3492=CARTESIAN_POINT('',(-0.00408083617233146,-0.00544877524312706,-0.000945684854536667));
#3493=CARTESIAN_POINT('',(-0.00391899676611229,-0.00536280744386538,0.00148199443767581));
#3494=CARTESIAN_POINT('',(-0.0024328545255761,-0.00531019019572273,0.00341094109334973));
#3495=CARTESIAN_POINT('',(-0.000128147886451697,-0.00522588658010816,0.00418691537998831));
#3496=CARTESIAN_POINT('',(0.00221688938562943,-0.00516066430775719,0.00355420787292248));
#3497=CARTESIAN_POINT('',(0.00381917059978049,-0.00509552296328054,0.00172360362354248));
#3498=CARTESIAN_POINT('',(0.00413259378528507,-0.00501160817610215,-0.000694795490559763));
#3499=CARTESIAN_POINT('',(0.00304629439670514,-0.00495907386715449,-0.00287670347402877));
#3500=CARTESIAN_POINT('',(0.000933945783859454,-0.00487266007318302,-0.00408355045812186));
#3501=CARTESIAN_POINT('',(-0.00148941645120357,-0.00481075507533245,-0.00391518201240372));
#3502=CARTESIAN_POINT('',(-0.0034137469889858,-0.00474195374496183,-0.00242861770489554));
#3503=CARTESIAN_POINT('',(-0.00418813764942453,-0.00466080915801108,-0.000121019647238477));
#3504=CARTESIAN_POINT('',(-0.00354780231434563,-0.00460770259991068,0.00222739206651552));
#3505=CARTESIAN_POINT('',(-0.00171604821096196,-0.00451999998303683,0.00382110129942307));
#3506=CARTESIAN_POINT('',(0.000696383277152336,-0.00446120418878046,0.00413156342162314));
#3507=CARTESIAN_POINT('',(0.00287556866736743,-0.00438834705528009,0.00304633494041201));
#3508=CARTESIAN_POINT('',(0.00408401087679652,-0.00431055359699291,0.000937165090236781));
#3509=CARTESIAN_POINT('',(0.0039135687692698,-0.00425562525575316,-0.00149837540604559));
#3510=CARTESIAN_POINT('',(0.00242027916639416,-0.00416738092945253,-0.00341869549022732));
#3511=CARTESIAN_POINT('',(0.000116327798551092,-0.00411119815118652,-0.00418753198321027));
#3512=CARTESIAN_POINT('',(-0.00223145329811095,-0.00403469083040086,-0.00354615666765654));
#3513=CARTESIAN_POINT('',(-0.00382585325441002,-0.00396021725838498,-0.00170709415205053));
#3514=CARTESIAN_POINT('',(-0.00412901777196194,-0.00390328674702097,0.00070477101227965));
#3515=CARTESIAN_POINT('',(-0.0030441578652704,-0.0038154901676432,0.00287791423495465));
#3516=CARTESIAN_POINT('',(-0.000930337301603265,-0.00376123504085273,0.00408538005123297));
#3517=CARTESIAN_POINT('',(0.00149734476911556,-0.00368112981442861,0.00391224604281517));
#3518=CARTESIAN_POINT('',(0.00341658343552568,-0.00361058907264604,0.00242397401152319));
#3519=CARTESIAN_POINT('',(0.00418895980462961,-0.0035504810916329,0.000114232567687622));
#3520=CARTESIAN_POINT('',(0.00354282411015892,-0.00346364749173036,-0.00223650773281222));
#3521=CARTESIAN_POINT('',(0.00170427608836845,-0.0034107740484203,-0.00382690292182211));
#3522=CARTESIAN_POINT('',(-0.000710899551462636,-0.00332765827713521,-0.00412900718987621));
#3523=CARTESIAN_POINT('',(-0.00288466170238962,-0.00326062400310846,-0.00303731062317947));
#3524=CARTESIAN_POINT('',(-0.00408506307997096,-0.00319733621989826,-0.000926653990784993));
#3525=CARTESIAN_POINT('',(-0.00391217950006646,-0.00311251133903593,0.00149958875028198));
#3526=CARTESIAN_POINT('',(-0.00241780896158448,-0.0030601200660763,0.00342154540190322));
#3527=CARTESIAN_POINT('',(-0.000110013928121496,-0.00297450069264338,0.004187359763579));
#3528=CARTESIAN_POINT('',(0.00223171741200456,-0.00291130189462975,0.00354475115552615));
#3529=CARTESIAN_POINT('',(0.0038259995638121,-0.00284399673854054,0.00170815643736959));
#3530=CARTESIAN_POINT('',(0.00412972700169064,-0.00276160872016441,-0.000711107202646752));
#3531=CARTESIAN_POINT('',(0.00303525370867643,-0.00270882230360985,-0.00288818219308601));
#3532=CARTESIAN_POINT('',(0.000918800626706914,-0.00262147463559191,-0.00408693788770967));
#3533=CARTESIAN_POINT('',(-0.00150362627167555,-0.00256149497208181,-0.00390962950124288));
#3534=CARTESIAN_POINT('',(-0.0034220053361355,-0.00249033408085439,-0.00241673902627155));
#3535=CARTESIAN_POINT('',(-0.0041884439529762,-0.00241113170225002,-0.000106989466350774));
#3536=CARTESIAN_POINT('',(-0.00354048233876812,-0.00235730194196288,0.00223887329995503));
#3537=CARTESIAN_POINT('',(-0.00170388714488568,-0.00226892989365568,0.00382646426198793));
#3538=CARTESIAN_POINT('',(0.00070872787447347,-0.00221217670966448,0.00412916454849721));
#3539=CARTESIAN_POINT('',(0.00288458032072199,-0.00213612865611783,0.003038560441204));
#3540=CARTESIAN_POINT('',(0.00408541722536222,-0.00206240328559938,0.000923531759952511));
#3541=CARTESIAN_POINT('',(0.00397093347598211,-0.00202167316013123,-0.000692774273963736));
#3542=CARTESIAN_POINT('',(0.00368872936803005,-0.00199999959344125,-0.00142386503905132));
#3543=CARTESIAN_POINT('',(9.39637619619865E-19,-0.002,2.12715743287418E-19));
#3544=CARTESIAN_POINT('',(0.,-0.002,0.));
#3545=CARTESIAN_POINT('',(0.0033793643798908,-0.002,0.00205280597912353));
#3546=CARTESIAN_POINT('',(0.,-0.002,0.));
#3547=CARTESIAN_POINT('',(-0.00306875020131501,-0.0020000019668522,0.00173721845128374));
#3548=CARTESIAN_POINT('',(-0.00310479070519007,-0.002,0.00166849788164247));
#3549=CARTESIAN_POINT('',(-0.00309351450942746,-0.002,0.00169186315559851));
#3550=CARTESIAN_POINT('',(-0.00308223831366486,-0.002,0.00171522842955456));
#3551=CARTESIAN_POINT('',(-0.00307096211790225,-0.002,0.0017385937035106));
#3552=CARTESIAN_POINT('',(-0.00302265046713721,-0.002,0.00183869971259011));
#3553=CARTESIAN_POINT('',(-0.00296947683741391,-0.002,0.00193614943914724));
#3554=CARTESIAN_POINT('',(-0.00291146978543907,-0.002,0.00203054750644196));
#3555=CARTESIAN_POINT('',(-0.00285327150845029,-0.002,0.00212525676472331));
#3556=CARTESIAN_POINT('',(-0.00279020814816315,-0.002,0.00221689521446464));
#3557=CARTESIAN_POINT('',(-0.00272267379243626,-0.002,0.00230533040637753));
#3558=CARTESIAN_POINT('',(-0.00268117701608903,-0.002,0.00235966979172494));
#3559=CARTESIAN_POINT('',(-0.00263799121075465,-0.002,0.00241279934987887));
#3560=CARTESIAN_POINT('',(-0.00259319955664306,-0.002,0.00246468350902824));
#3561=CARTESIAN_POINT('',(-0.00257996347907717,-0.002,0.00248001544459891));
#3562=CARTESIAN_POINT('',(-0.0025665871376999,-0.002,0.00249523860206518));
#3563=CARTESIAN_POINT('',(-0.00255307258741611,-0.002,0.00251035199287543));
#3564=CARTESIAN_POINT('',(-0.00253983253129991,-0.002,0.00252515841545197));
#3565=CARTESIAN_POINT('',(-0.00252646574821072,-0.002,0.00253985283285571));
#3566=CARTESIAN_POINT('',(-0.00251297668797298,-0.002,0.0025544322688698));
#3567=CARTESIAN_POINT('',(-0.00243601721177821,-0.002,0.0026376126935313));
#3568=CARTESIAN_POINT('',(-0.00235505922989052,-0.002,0.00271707710000813));
#3569=CARTESIAN_POINT('',(-0.00227051312704744,-0.002,0.0027926925690801));
#3570=CARTESIAN_POINT('',(-0.00218884818915478,-0.002,0.00286573121164116));
#3571=CARTESIAN_POINT('',(-0.00210383471691862,-0.002,0.00293517899933553));
#3572=CARTESIAN_POINT('',(-0.00201580637284488,-0.002,0.00300089074737194));
#3573=CARTESIAN_POINT('',(-0.00197729397231262,-0.002,0.00302963963713787));
#3574=CARTESIAN_POINT('',(-0.00193820409890275,-0.002,0.00305767307116774));
#3575=CARTESIAN_POINT('',(-0.00189856297585442,-0.002,0.00308497711692094));
#3576=CARTESIAN_POINT('',(-0.00188071625279618,-0.002,0.00309726959769484));
#3577=CARTESIAN_POINT('',(-0.00186275778624201,-0.002,0.00310941422568723));
#3578=CARTESIAN_POINT('',(-0.00184468991071073,-0.002,0.00312140965091296));
#3579=CARTESIAN_POINT('',(-0.00182932151553905,-0.002,0.00313161286682521));
#3580=CARTESIAN_POINT('',(-0.00181387356133838,-0.002,0.00314170830820528));
#3581=CARTESIAN_POINT('',(-0.00179836067988759,-0.002,0.00315168686119934));
#3582=CARTESIAN_POINT('',(-0.00169936572715688,-0.002,0.00321536467535018));
#3583=CARTESIAN_POINT('',(-0.00159760305319999,-0.002,0.0032743704423425));
#3584=CARTESIAN_POINT('',(-0.00149349912303608,-0.002,0.00332856118848613));
#3585=CARTESIAN_POINT('',(-0.00138816778949371,-0.002,0.00338339085291838));
#3586=CARTESIAN_POINT('',(-0.00128043895686933,-0.002,0.00343329183753079));
#3587=CARTESIAN_POINT('',(-0.00117071619567279,-0.002,0.00347807894775967));
#3588=CARTESIAN_POINT('',(-0.00106203264829889,-0.002,0.00352244186720517));
#3589=CARTESIAN_POINT('',(-0.000951391953163923,-0.002,0.00356178774163628));
#3590=CARTESIAN_POINT('',(-0.000839160672702347,-0.002,0.00359589335868379));
#3591=CARTESIAN_POINT('',(-0.000761241886183789,-0.002,0.00361957185796563));
#3592=CARTESIAN_POINT('',(-0.000682555881734161,-0.002,0.00364072361047441));
#3593=CARTESIAN_POINT('',(-0.000603221042024862,-0.002,0.00365925982256985));
#3594=CARTESIAN_POINT('',(-0.000576674471688156,-0.002,0.00366546230385009));
#3595=CARTESIAN_POINT('',(-0.000550055234531862,-0.002,0.0036713718291908));
#3596=CARTESIAN_POINT('',(-0.00052336772150486,-0.002,0.00367698475426274));
#3597=CARTESIAN_POINT('',(-0.000508937179943225,-0.002,0.00368001978972862));
#3598=CARTESIAN_POINT('',(-0.000494488950441305,-0.002,0.00368296758704792));
#3599=CARTESIAN_POINT('',(-0.00048003244946191,-0.002,0.00368582602061199));
#3600=CARTESIAN_POINT('',(-0.000362298829495019,-0.002,0.0037091050790378));
#3601=CARTESIAN_POINT('',(-0.00024385446249618,-0.002,0.00372649566904163));
#3602=CARTESIAN_POINT('',(-0.000125104393876651,-0.002,0.00373781467756031));
#3603=CARTESIAN_POINT('',(-4.36341145068728E-5,-0.002,0.00374558025443051));
#3604=CARTESIAN_POINT('',(3.79807067983431E-5,-0.002,0.0037504871651522));
#3605=CARTESIAN_POINT('',(0.000119614813861222,-0.002,0.00375246318209563));
#3606=CARTESIAN_POINT('',(0.000235556281659457,-0.002,0.00375526963534242));
#3607=CARTESIAN_POINT('',(0.000351536737915963,-0.002,0.0037521666001459));
#3608=CARTESIAN_POINT('',(0.000467238968525227,-0.002,0.00374339885759365));
#3609=CARTESIAN_POINT('',(0.000584974400004419,-0.002,0.00373447704211046));
#3610=CARTESIAN_POINT('',(0.000702422462513945,-0.002,0.00371968953536414));
#3611=CARTESIAN_POINT('',(0.000819248055632005,-0.002,0.00369924036730132));
#3612=CARTESIAN_POINT('',(0.000851851799723564,-0.002,0.0036935334034023));
#3613=CARTESIAN_POINT('',(0.0008844070203159,-0.002,0.00368738516572322));
#3614=CARTESIAN_POINT('',(0.000916906300596442,-0.002,0.00368079938327338));
#3615=CARTESIAN_POINT('',(0.000931329635323392,-0.002,0.00367787658178692));
#3616=CARTESIAN_POINT('',(0.000945740550921176,-0.002,0.0036748678413649));
#3617=CARTESIAN_POINT('',(0.000960128931953842,-0.002,0.00367177567030033));
#3618=CARTESIAN_POINT('',(0.00107519120593715,-0.002,0.0036470479241122));
#3619=CARTESIAN_POINT('',(0.0011889790149129,-0.002,0.00361695563588181));
#3620=CARTESIAN_POINT('',(0.00130117389228769,-0.002,0.00358177907091332));
#3621=CARTESIAN_POINT('',(0.00141673330067971,-0.002,0.00354554762138427));
#3622=CARTESIAN_POINT('',(0.00153060353787714,-0.002,0.00350392230880901));
#3623=CARTESIAN_POINT('',(0.00164243679470909,-0.002,0.00345715432399639));
#3624=CARTESIAN_POINT('',(0.00175495529176976,-0.002,0.00341009977590628));
#3625=CARTESIAN_POINT('',(0.00186541257110077,-0.002,0.00335783903930162));
#3626=CARTESIAN_POINT('',(0.00197344287733777,-0.002,0.00330057624283164));
#3627=CARTESIAN_POINT('',(0.0020433093330473,-0.002,0.00326354266611849));
#3628=CARTESIAN_POINT('',(0.00211216042086382,-0.002,0.0032244158910837));
#3629=CARTESIAN_POINT('',(0.00217989223210729,-0.002,0.00318324063536049));
#3630=CARTESIAN_POINT('',(0.00221646773518798,-0.002,0.00316100579969163));
#3631=CARTESIAN_POINT('',(0.00225271677209763,-0.002,0.00313817347967609));
#3632=CARTESIAN_POINT('',(0.00228862233329187,-0.002,0.00311474979026868));
#3633=CARTESIAN_POINT('',(0.00230265047348402,-0.002,0.00310559826087058));
#3634=CARTESIAN_POINT('',(0.00231662286719691,-0.002,0.0030963585694623));
#3635=CARTESIAN_POINT('',(0.0023305306831762,-0.002,0.00308703660002733));
#3636=CARTESIAN_POINT('',(0.00243398162781934,-0.002,0.00301769670184211));
#3637=CARTESIAN_POINT('',(0.00253399132537932,-0.002,0.00294372369523008));
#3638=CARTESIAN_POINT('',(0.00263020314486601,-0.002,0.00286537345991663));
#3639=CARTESIAN_POINT('',(0.00272623153790794,-0.002,0.00278717259819559));
#3640=CARTESIAN_POINT('',(0.0028184773170953,-0.002,0.00270461078207293));
#3641=CARTESIAN_POINT('',(0.00290656644462547,-0.002,0.00261789444941981));
#3642=CARTESIAN_POINT('',(0.00299411323580125,-0.002,0.00253171200126568));
#3643=CARTESIAN_POINT('',(0.00307755516614362,-0.002,0.00244142562729164));
#3644=CARTESIAN_POINT('',(0.00315649422088187,-0.002,0.00234719660826297));
#3645=CARTESIAN_POINT('',(0.00323543327562011,-0.002,0.0022529675892343));
#3646=CARTESIAN_POINT('',(0.00330987027186113,-0.002,0.00215479556874469));
#3647=CARTESIAN_POINT('',(0.0033793643798908,-0.002,0.00205280597912352));
#3648=CARTESIAN_POINT('',(0.00300343793819153,-0.00174605253056975,0.001824448228825));
#3649=CARTESIAN_POINT('',(0.00239934865756842,-0.00178557562866086,0.00281891035431197));
#3650=CARTESIAN_POINT('',(0.000136665172283677,-0.00186462182484307,0.00414415057944128));
#3651=CARTESIAN_POINT('',(-0.00340455459325296,-0.00198319111911639,0.00237355737870365));
#3652=CARTESIAN_POINT('',(-0.00384372996669882,-0.00210176041338972,-0.00155520110680362));
#3653=CARTESIAN_POINT('',(-0.000797128504017478,-0.00222032970766303,-0.00407023580815423));
#3654=CARTESIAN_POINT('',(0.00297601971940298,-0.00233889900193634,-0.00288943435896432));
#3655=CARTESIAN_POINT('',(0.00404503413964824,-0.00245746829620966,0.000915863661158174));
#3656=CARTESIAN_POINT('',(0.00144112493389199,-0.00257603759048299,0.00388920142116517));
#3657=CARTESIAN_POINT('',(-0.00247196262245023,-0.0026946068847563,0.00333052722394136));
#3658=CARTESIAN_POINT('',(-0.00413985906129387,-0.00281317617902963,-0.000252929462302428));
#3659=CARTESIAN_POINT('',(-0.00204810389415568,-0.00293174547330294,-0.00360665285002921));
#3660=CARTESIAN_POINT('',(0.00190375942546968,-0.00305031476757625,-0.00368488625114594));
#3661=CARTESIAN_POINT('',(0.00412663128679616,-0.00316888406184959,-0.000416557978335947));
#3662=CARTESIAN_POINT('',(0.00260177763375897,-0.00328745335612289,0.00323007770225023));
#3663=CARTESIAN_POINT('',(-0.00128597616221865,-0.00340602265039621,0.00394321085278672));
#3664=CARTESIAN_POINT('',(-0.00400582314483294,-0.00352459194466953,0.00107518237680623));
#3665=CARTESIAN_POINT('',(-0.00308764815590065,-0.00364316123894286,-0.00276930886519533));
#3666=CARTESIAN_POINT('',(0.000634680238478731,-0.00376173053321617,-0.00409875869257526));
#3667=CARTESIAN_POINT('',(0.00378060169513081,-0.00388029982748948,-0.00170578175050957));
#3668=CARTESIAN_POINT('',(0.00349304189000776,-0.0039988691217628,0.00223635862110546));
#3669=CARTESIAN_POINT('',(3.31575527993403E-5,-0.00411743841603612,0.00414747415869678));
#3670=CARTESIAN_POINT('',(-0.00345683985836786,-0.00423600771030944,0.00229192045389718));
#3671=CARTESIAN_POINT('',(-0.00380739103757424,-0.00435457700458276,-0.00164511847627123));
#3672=CARTESIAN_POINT('',(-0.000700130985945879,-0.00447314629885608,-0.00408808731271938));
#3673=CARTESIAN_POINT('',(0.0030429767373498,-0.00459171559312939,-0.00281832110205359));
#3674=CARTESIAN_POINT('',(0.00402250201196941,-0.00471028488740272,0.00101099893268059));
#3675=CARTESIAN_POINT('',(0.00134885575301662,-0.00482885418167603,0.00392214602337271));
#3676=CARTESIAN_POINT('',(-0.00254979957098192,-0.00494742347594935,0.00327126327548497));
#3677=CARTESIAN_POINT('',(-0.00413276799918971,-0.00506599277022267,-0.00035052808349282));
#3678=CARTESIAN_POINT('',(-0.00196242310319003,-0.00518456206449598,-0.00365397548367967));
#3679=CARTESIAN_POINT('',(0.00199016284299751,-0.00530313135876931,-0.00363894120995992));
#3680=CARTESIAN_POINT('',(0.00413531495403888,-0.00542170065304262,-0.000319079147640408));
#3681=CARTESIAN_POINT('',(0.00252484063789674,-0.00554026994731594,0.00329056545666455));
#3682=CARTESIAN_POINT('',(-0.00137865327389807,-0.00565883924158926,0.00391177151962465));
#3683=CARTESIAN_POINT('',(-0.00403007649053233,-0.00577740853586258,0.000980369701633999));
#3684=CARTESIAN_POINT('',(-0.00302144915735109,-0.0058959778301359,-0.0028413880869985));
#3685=CARTESIAN_POINT('',(0.000731209629211858,-0.00601454712440922,-0.00408264298580539));
#3686=CARTESIAN_POINT('',(0.00381979560929146,-0.00613311641868253,-0.00161610729057249));
#3687=CARTESIAN_POINT('',(0.00343930474857568,-0.00625168571295585,0.0023181510127308));
#3688=CARTESIAN_POINT('',(-6.47072824071914E-5,-0.00637025500722917,0.00414710190844204));
#3689=CARTESIAN_POINT('',(-0.00350995320185167,-0.00648882430150249,0.00220972165491751));
#3690=CARTESIAN_POINT('',(-0.00376751616381154,-0.00660739359577581,-0.00173449221007835));
#3691=CARTESIAN_POINT('',(-0.000603481635212218,-0.00672596289004913,-0.00410346819012402));
#3692=CARTESIAN_POINT('',(0.00310862519323935,-0.00684453218432244,-0.00274574046103272));
#3693=CARTESIAN_POINT('',(0.00399752869679947,-0.00696310147859577,0.0011056245247317));
#3694=CARTESIAN_POINT('',(0.00125594103251289,-0.00708167077286907,0.00395287912719664));
#3695=CARTESIAN_POINT('',(-0.00262627204603095,-0.00720024006714242,0.00321019258170055));
#3696=CARTESIAN_POINT('',(-0.00412334715797241,-0.0073188093614157,-0.000447939154793737));
#3697=CARTESIAN_POINT('',(-0.00187566480233405,-0.00743737865568905,-0.00369925976655839));
#3698=CARTESIAN_POINT('',(0.00207546611232427,-0.00755594794996234,-0.00359097224827199));
#3699=CARTESIAN_POINT('',(0.00414169213686172,-0.00767451724423568,-0.000221421579574855));
#3700=CARTESIAN_POINT('',(0.00244650007911732,-0.007793086538509,0.00334922060076596));
#3701=CARTESIAN_POINT('',(-0.00147056393992431,-0.00791165583278231,0.00387815458300706));
#3702=CARTESIAN_POINT('',(-0.00405208547910478,-0.00803022512705563,0.000885011044116073));
#3703=CARTESIAN_POINT('',(-0.00295356825643652,-0.00814879442132895,-0.00291188526781245));
#3704=CARTESIAN_POINT('',(0.000827332072841009,-0.00826736371560227,-0.00406425428770732));
#3705=CARTESIAN_POINT('',(0.00385686275226317,-0.00838593300987558,-0.00152553302952593));
#3706=CARTESIAN_POINT('',(0.00338365278668426,-0.00850450230414891,0.00239865274530449));
#3707=CARTESIAN_POINT('',(-0.000162536091664776,-0.00862307159842222,0.00414442074834005));
#3708=CARTESIAN_POINT('',(-0.0035611123904553,-0.00874164089269555,0.00212629256455628));
#3709=CARTESIAN_POINT('',(-0.00372554362653115,-0.00886021018696885,-0.00182290022886898));
#3710=CARTESIAN_POINT('',(-0.000506496449231505,-0.00897877948124218,-0.00411656448655826));
#3711=CARTESIAN_POINT('',(0.00317254320830226,-0.00909734877551549,-0.00267163102185563));
#3712=CARTESIAN_POINT('',(0.00397032915082362,-0.00921591806978882,0.00119963437979828));
#3713=CARTESIAN_POINT('',(0.00116232817726127,-0.00933448736406213,0.00398141177569892));
#3714=CARTESIAN_POINT('',(-0.00270128446683899,-0.00945305665833546,0.00314733395865723));
#3715=CARTESIAN_POINT('',(-0.0041116265314328,-0.00957162595260877,-0.000545099617040842));
#3716=CARTESIAN_POINT('',(-0.00178787003195845,-0.00969019524688209,-0.00374248679126245));
#3717=CARTESIAN_POINT('',(0.00215962880293863,-0.0098087645411554,-0.00354099954467624));
#3718=CARTESIAN_POINT('',(0.00414573482342143,-0.00992733383542873,-0.000123649238366275));
#3719=CARTESIAN_POINT('',(0.00236685207868308,-0.0100459031297021,0.00340602730961439));
#3720=CARTESIAN_POINT('',(-0.00156176038528795,-0.0101644724239754,0.00384234736436253));
#3721=CARTESIAN_POINT('',(-0.00407163856733149,-0.0102830417182487,0.000789219116449014));
#3722=CARTESIAN_POINT('',(-0.00288442521053848,-0.010401611012522,-0.00298087495374243));
#3723=CARTESIAN_POINT('',(0.000923725434636875,-0.0105201803067954,-0.00404338530284994));
#3724=CARTESIAN_POINT('',(0.00389037871127868,-0.0106387496010686,-0.00143452571337406));
#3725=CARTESIAN_POINT('',(0.00332884602965363,-0.010757318895342,0.00247861871196391));
#3726=CARTESIAN_POINT('',(-0.000265889634276212,-0.0108758881896153,0.004137869511812));
#3727=CARTESIAN_POINT('',(-0.0024861262554796,-0.0109549343857975,0.00274268222877491));
#3728=CARTESIAN_POINT('',(-0.00305889581541076,-0.0109944574838886,0.00172985756023247));
#3729=CARTESIAN_POINT('',(0.00300494711967748,-0.00174707201942916,0.00182536498606977));
#3730=CARTESIAN_POINT('',(0.00240055429345865,-0.00178659511752027,0.002820326813518));
#3731=CARTESIAN_POINT('',(0.000136733844436067,-0.00186564131370248,0.00414623295152893));
#3732=CARTESIAN_POINT('',(-0.00340626532970425,-0.00198421060797579,0.00237475005487193));
#3733=CARTESIAN_POINT('',(-0.00384566138203756,-0.00210277990224912,-0.00155598257150028));
#3734=CARTESIAN_POINT('',(-0.000797529048861402,-0.00222134919652244,-0.0040722810392033));
#3735=CARTESIAN_POINT('',(0.00297751512365464,-0.00233991849079575,-0.00289088625540072));
#3736=CARTESIAN_POINT('',(0.00404706670724552,-0.00245848778506906,0.000916323868596957));
#3737=CARTESIAN_POINT('',(0.0014418490770619,-0.00257705707934239,0.00389115568521216));
#3738=CARTESIAN_POINT('',(-0.00247320474574378,-0.0026956263736157,0.00333220076277528));
#3739=CARTESIAN_POINT('',(-0.0041419392769595,-0.00281419566788903,-0.000253056555476854));
#3740=CARTESIAN_POINT('',(-0.00204913303494101,-0.00293276496216235,-0.00360846513775399));
#3741=CARTESIAN_POINT('',(0.00190471603537398,-0.00305133425643565,-0.00368673784995454));
#3742=CARTESIAN_POINT('',(0.00412870485570804,-0.00316990355070899,-0.000416767292329333));
#3743=CARTESIAN_POINT('',(0.00260308498710411,-0.00328847284498229,0.00323170076674058));
#3744=CARTESIAN_POINT('',(-0.00128662234551104,-0.00340704213925562,0.0039451922557445));
#3745=CARTESIAN_POINT('',(-0.00400783600950688,-0.00352561143352894,0.0010757226394554));
#3746=CARTESIAN_POINT('',(-0.00308919965172908,-0.00364418072780226,-0.00277070040041406));
#3747=CARTESIAN_POINT('',(0.000634999155561462,-0.00376275002207557,-0.00410081825593616));
#3748=CARTESIAN_POINT('',(0.00378250138948157,-0.00388131931634889,-0.00170663887966953));
#3749=CARTESIAN_POINT('',(0.00349479708996811,-0.00399988861062221,0.00223748235700291));
#3750=CARTESIAN_POINT('',(3.31742139609273E-5,-0.00411845790489553,0.00414955820083202));
#3751=CARTESIAN_POINT('',(-0.00345857686736272,-0.00423702719916885,0.0022930721087632));
#3752=CARTESIAN_POINT('',(-0.00380930419315858,-0.00435559649344217,-0.00164594512306656));
#3753=CARTESIAN_POINT('',(-0.000700482791025084,-0.00447416578771549,-0.00409014151387561));
#3754=CARTESIAN_POINT('',(0.00304450578647574,-0.0045927350819888,-0.0028197372651694));
#3755=CARTESIAN_POINT('',(0.00402452325751821,-0.00471130437626213,0.00101150694413377));
#3756=CARTESIAN_POINT('',(0.00134953353233871,-0.00482987367053544,0.00392411684157688));
#3757=CARTESIAN_POINT('',(-0.00255108080614795,-0.00494844296480876,0.003272907035094));
#3758=CARTESIAN_POINT('',(-0.00413484465170542,-0.00506701225908208,-0.000350704218477061));
#3759=CARTESIAN_POINT('',(-0.00196340919069238,-0.00518558155335539,-0.00365581155030184));
#3760=CARTESIAN_POINT('',(0.00199116286929354,-0.00530415084762872,-0.00364076972209021));
#3761=CARTESIAN_POINT('',(0.00413739288636033,-0.00542272014190203,-0.000319239480016866));
#3762=CARTESIAN_POINT('',(0.00252610933158181,-0.00554128943617535,0.00329221891532349));
#3763=CARTESIAN_POINT('',(-0.00137934602601725,-0.00565985873044867,0.00391373712479984));
#3764=CARTESIAN_POINT('',(-0.00403210154214041,-0.00577842802472199,0.000980862322368485));
#3765=CARTESIAN_POINT('',(-0.00302296738919835,-0.00589699731899531,-0.00284281584092035));
#3766=CARTESIAN_POINT('',(0.000731577050832503,-0.00601556661326863,-0.00408469445127088));
#3767=CARTESIAN_POINT('',(0.00382171499798278,-0.00613413590754194,-0.00161691935969209));
#3768=CARTESIAN_POINT('',(0.00344103294644689,-0.00625270520181526,0.0023193158480502));
#3769=CARTESIAN_POINT('',(-6.4739796823878E-5,-0.00637127449608858,0.00414918576352725));
#3770=CARTESIAN_POINT('',(-0.00351171689948679,-0.0064898437903619,0.00221083200614811));
#3771=CARTESIAN_POINT('',(-0.00376940928288357,-0.00660841308463522,-0.00173536376580377));
#3772=CARTESIAN_POINT('',(-0.000603784875475449,-0.00672698237890854,-0.00410553011993518));
#3773=CARTESIAN_POINT('',(0.00311018722970721,-0.00684555167318185,-0.00274712015348993));
#3774=CARTESIAN_POINT('',(0.00399953739364054,-0.00696412096745518,0.00110618008409317));
#3775=CARTESIAN_POINT('',(0.0012565721236134,-0.00708269026172848,0.00395486538831399));
#3776=CARTESIAN_POINT('',(-0.00262759170744248,-0.00720125955600183,0.00321180565422288));
#3777=CARTESIAN_POINT('',(-0.00412541907665994,-0.00731982885027511,-0.000448164237346851));
#3778=CARTESIAN_POINT('',(-0.00187660729512125,-0.00743839814454846,-0.00370111858783798));
#3779=CARTESIAN_POINT('',(0.00207650900220443,-0.00755696743882175,-0.00359277665673495));
#3780=CARTESIAN_POINT('',(0.0041437732736197,-0.00767553673309509,-0.000221532840521597));
#3781=CARTESIAN_POINT('',(0.0024477294078735,-0.00779410602736841,0.00335090353273494));
#3782=CARTESIAN_POINT('',(-0.0014713028757431,-0.00791267532164172,0.00388010329618735));
#3783=CARTESIAN_POINT('',(-0.00405412158989196,-0.00803124461591504,0.000885455748588125));
#3784=CARTESIAN_POINT('',(-0.00295505237917248,-0.00814981391018836,-0.00291334844548611));
#3785=CARTESIAN_POINT('',(0.000827747794514891,-0.00826838320446168,-0.00406629651313413));
#3786=CARTESIAN_POINT('',(0.00385880076662517,-0.00838695249873499,-0.00152629958646893));
#3787=CARTESIAN_POINT('',(0.00338535302029842,-0.00850552179300832,0.00239985803150948));
#3788=CARTESIAN_POINT('',(-0.00016261776355725,-0.00862409108728163,0.00414650325618343));
#3789=CARTESIAN_POINT('',(-0.00356290179479782,-0.00874266038155496,0.00212736099394892));
#3790=CARTESIAN_POINT('',(-0.00372741565504714,-0.00886122967582826,-0.00182381620826751));
#3791=CARTESIAN_POINT('',(-0.000506750955926703,-0.00897979897010159,-0.00411863299705746));
#3792=CARTESIAN_POINT('',(0.00317413736259207,-0.0090983682643749,-0.00267297347545662));
#3793=CARTESIAN_POINT('',(0.00397232418031012,-0.00921693755864823,0.00120023717766964));
#3794=CARTESIAN_POINT('',(0.00116291222933819,-0.00933550685292154,0.00398341237403439));
#3795=CARTESIAN_POINT('',(-0.00270264182084116,-0.00945407614719487,0.00314891544568585));
#3796=CARTESIAN_POINT('',(-0.00411369256068531,-0.00957264544146818,-0.000545373521235624));
#3797=CARTESIAN_POINT('',(-0.00178876840922045,-0.0096912147357415,-0.00374436733345877));
#3798=CARTESIAN_POINT('',(0.00216071398327962,-0.00980978403001481,-0.00354277884262232));
#3799=CARTESIAN_POINT('',(0.00414781799156738,-0.00992835332428814,-0.000123711370211558));
#3800=CARTESIAN_POINT('',(0.00236804138554097,-0.0100469226185615,0.00340773878608306));
#3801=CARTESIAN_POINT('',(-0.00156254514592143,-0.0101654919128348,0.0038442780849648));
#3802=CARTESIAN_POINT('',(-0.00407368450324553,-0.0102840612071081,0.000789615686947029));
#3803=CARTESIAN_POINT('',(-0.00288587458995465,-0.0104026305013814,-0.00298237279767486));
#3804=CARTESIAN_POINT('',(0.000924189592496217,-0.0105211997956548,-0.00404541704193202));
#3805=CARTESIAN_POINT('',(0.00389233356689589,-0.010639769089928,-0.00143524654053689));
#3806=CARTESIAN_POINT('',(0.00333051872371322,-0.0107583383842014,0.00247986417984032));
#3807=CARTESIAN_POINT('',(-0.000266023239738224,-0.0108769076784747,0.00413994872775953));
#3808=CARTESIAN_POINT('',(-0.00248737549578146,-0.0109559538746569,0.00274406038451733));
#3809=CARTESIAN_POINT('',(-0.0030604328636292,-0.010995476972748,0.00173072678711744));
#3810=CARTESIAN_POINT('',(0.00300645630116343,-0.00174809150828856,0.00182628174331453));
#3811=CARTESIAN_POINT('',(0.00240175992934887,-0.00178761460637968,0.00282174327272404));
#3812=CARTESIAN_POINT('',(0.000136802516588458,-0.00186666080256189,0.00414831532361659));
#3813=CARTESIAN_POINT('',(-0.00340797606615554,-0.00198523009683521,0.00237594273104021));
#3814=CARTESIAN_POINT('',(-0.00384759279737628,-0.00210379939110853,-0.00155676403619695));
#3815=CARTESIAN_POINT('',(-0.000797929593705326,-0.00222236868538185,-0.00407432627025236));
#3816=CARTESIAN_POINT('',(0.00297901052790629,-0.00234093797965516,-0.00289233815183713));
#3817=CARTESIAN_POINT('',(0.0040490992748428,-0.00245950727392848,0.000916784076035739));
#3818=CARTESIAN_POINT('',(0.0014425732202318,-0.00257807656820179,0.00389310994925914));
#3819=CARTESIAN_POINT('',(-0.00247444686903734,-0.00269664586247512,0.0033338743016092));
#3820=CARTESIAN_POINT('',(-0.00414401949262513,-0.00281521515674844,-0.000253183648651281));
#3821=CARTESIAN_POINT('',(-0.00205016217572632,-0.00293378445102176,-0.00361027742547877));
#3822=CARTESIAN_POINT('',(0.00190567264527828,-0.00305235374529507,-0.00368858944876315));
#3823=CARTESIAN_POINT('',(0.00413077842461991,-0.00317092303956839,-0.00041697660632272));
#3824=CARTESIAN_POINT('',(0.00260439234044926,-0.00328949233384171,0.00323332383123092));
#3825=CARTESIAN_POINT('',(-0.00128726852880343,-0.00340806162811503,0.00394717365870228));
#3826=CARTESIAN_POINT('',(-0.00400984887418083,-0.00352663092238835,0.00107626290210457));
#3827=CARTESIAN_POINT('',(-0.00309075114755749,-0.00364520021666167,-0.00277209193563278));
#3828=CARTESIAN_POINT('',(0.000635318072644193,-0.00376376951093499,-0.00410287781929706));
#3829=CARTESIAN_POINT('',(0.00378440108383234,-0.0038823388052083,-0.00170749600882948));
#3830=CARTESIAN_POINT('',(0.00349655228992848,-0.00400090809948161,0.00223860609290036));
#3831=CARTESIAN_POINT('',(3.31908751225143E-5,-0.00411947739375493,0.00415164224296725));
#3832=CARTESIAN_POINT('',(-0.00346031387635759,-0.00423804668802826,0.00229422376362922));
#3833=CARTESIAN_POINT('',(-0.00381121734874293,-0.00435661598230157,-0.0016467717698619));
#3834=CARTESIAN_POINT('',(-0.000700834596104288,-0.0044751852765749,-0.00409219571503184));
#3835=CARTESIAN_POINT('',(0.00304603483560168,-0.0045937545708482,-0.00282115342828521));
#3836=CARTESIAN_POINT('',(0.00402654450306702,-0.00471232386512153,0.00101201495558695));
#3837=CARTESIAN_POINT('',(0.0013502113116608,-0.00483089315939485,0.00392608765978104));
#3838=CARTESIAN_POINT('',(-0.00255236204131399,-0.00494946245366816,0.00327455079470303));
#3839=CARTESIAN_POINT('',(-0.00413692130422112,-0.00506803174794149,-0.000350880353461302));
#3840=CARTESIAN_POINT('',(-0.00196439527819473,-0.0051866010422148,-0.00365764761692402));
#3841=CARTESIAN_POINT('',(0.00199216289558956,-0.00530517033648812,-0.00364259823422049));
#3842=CARTESIAN_POINT('',(0.00413947081868178,-0.00542373963076144,-0.000319399812393323));
#3843=CARTESIAN_POINT('',(0.00252737802526689,-0.00554230892503475,0.00329387237398245));
#3844=CARTESIAN_POINT('',(-0.00138003877813644,-0.00566087821930808,0.00391570272997504));
#3845=CARTESIAN_POINT('',(-0.00403412659374849,-0.00577944751358139,0.000981354943102971));
#3846=CARTESIAN_POINT('',(-0.00302448562104561,-0.00589801680785471,-0.00284424359484221));
#3847=CARTESIAN_POINT('',(0.000731944472453148,-0.00601658610212803,-0.00408674591673637));
#3848=CARTESIAN_POINT('',(0.00382363438667411,-0.00613515539640135,-0.00161773142881169));
#3849=CARTESIAN_POINT('',(0.00344276114431811,-0.00625372469067467,0.00232048068336962));
#3850=CARTESIAN_POINT('',(-6.47723112405647E-5,-0.00637229398494799,0.00415126961861245));
#3851=CARTESIAN_POINT('',(-0.0035134805971219,-0.0064908632792213,0.00221194235737871));
#3852=CARTESIAN_POINT('',(-0.00377130240195561,-0.00660943257349462,-0.0017362353215292));
#3853=CARTESIAN_POINT('',(-0.00060408811573868,-0.00672800186776795,-0.00410759204974635));
#3854=CARTESIAN_POINT('',(0.00311174926617508,-0.00684657116204126,-0.00274849984594714));
#3855=CARTESIAN_POINT('',(0.0040015460904816,-0.00696514045631458,0.00110673564345463));
#3856=CARTESIAN_POINT('',(0.0012572032147139,-0.00708370975058788,0.00395685164943132));
#3857=CARTESIAN_POINT('',(-0.00262891136885401,-0.00720227904486124,0.00321341872674523));
#3858=CARTESIAN_POINT('',(-0.00412749099534747,-0.00732084833913451,-0.000448389319899965));
#3859=CARTESIAN_POINT('',(-0.00187754978790844,-0.00743941763340787,-0.00370297740911755));
#3860=CARTESIAN_POINT('',(0.0020775518920846,-0.00755798692768116,-0.00359458106519792));
#3861=CARTESIAN_POINT('',(0.00414585441037768,-0.0076765562219545,-0.00022164410146834));
#3862=CARTESIAN_POINT('',(0.00244895873662967,-0.00779512551622781,0.00335258646470393));
#3863=CARTESIAN_POINT('',(-0.00147204181156189,-0.00791369481050112,0.00388205200936765));
#3864=CARTESIAN_POINT('',(-0.00405615770067913,-0.00803226410477444,0.000885900453060178));
#3865=CARTESIAN_POINT('',(-0.00295653650190844,-0.00815083339904777,-0.00291481162315977));
#3866=CARTESIAN_POINT('',(0.000828163516188774,-0.00826940269332108,-0.00406833873856093));
#3867=CARTESIAN_POINT('',(0.00386073878098717,-0.00838797198759439,-0.00152706614341192));
#3868=CARTESIAN_POINT('',(0.00338705325391258,-0.00850654128186773,0.00240106331771446));
#3869=CARTESIAN_POINT('',(-0.000162699435449723,-0.00862511057614103,0.00414858576402682));
#3870=CARTESIAN_POINT('',(-0.00356469119914033,-0.00874367987041436,0.00212842942334157));
#3871=CARTESIAN_POINT('',(-0.00372928768356311,-0.00886224916468766,-0.00182473218766603));
#3872=CARTESIAN_POINT('',(-0.000507005462621901,-0.00898081845896099,-0.00412070150755667));
#3873=CARTESIAN_POINT('',(0.00317573151688189,-0.0090993877532343,-0.00267431592905762));
#3874=CARTESIAN_POINT('',(0.00397431920979661,-0.00921795704750763,0.001200839975541));
#3875=CARTESIAN_POINT('',(0.00116349628141512,-0.00933652634178095,0.00398541297236986));
#3876=CARTESIAN_POINT('',(-0.00270399917484332,-0.00945509563605427,0.00315049693271448));
#3877=CARTESIAN_POINT('',(-0.00411575858993782,-0.00957366493032758,-0.000545647425430406));
#3878=CARTESIAN_POINT('',(-0.00178966678648246,-0.0096922342246009,-0.00374624787565508));
#3879=CARTESIAN_POINT('',(0.00216179916362062,-0.00981080351887421,-0.0035445581405684));
#3880=CARTESIAN_POINT('',(0.00414990115971333,-0.00992937281314754,-0.000123773502056842));
#3881=CARTESIAN_POINT('',(0.00236923069239885,-0.0100479421074209,0.00340945026255173));
#3882=CARTESIAN_POINT('',(-0.0015633299065549,-0.0101665114016942,0.00384620880556706));
#3883=CARTESIAN_POINT('',(-0.00407573043915955,-0.0102850806959675,0.000790012257445043));
#3884=CARTESIAN_POINT('',(-0.00288732396937082,-0.0104036499902408,-0.00298387064160728));
#3885=CARTESIAN_POINT('',(0.000924653750355559,-0.0105222192845142,-0.00404744878101411));
#3886=CARTESIAN_POINT('',(0.0038942884225131,-0.0106407885787874,-0.00143596736769973));
#3887=CARTESIAN_POINT('',(0.0033321914177728,-0.0107593578730608,0.00248110964771674));
#3888=CARTESIAN_POINT('',(-0.000266156845200236,-0.0108779271673341,0.00414202794370707));
#3889=CARTESIAN_POINT('',(-0.00248862473608331,-0.0109569733635163,0.00274543854025974));
#3890=CARTESIAN_POINT('',(-0.00306196991184763,-0.0109964964616074,0.00173159601400242));
#3891=CARTESIAN_POINT('',(0.00300796548264939,-0.00174911099714797,0.00182719850055929));
#3892=CARTESIAN_POINT('',(0.0024029655652391,-0.00178863409523908,0.00282315973193007));
#3893=CARTESIAN_POINT('',(0.000136871188740848,-0.00186768029142129,0.00415039769570424));
#3894=CARTESIAN_POINT('',(-0.00340968680260683,-0.00198624958569461,0.0023771354072085));
#3895=CARTESIAN_POINT('',(-0.00384952421271501,-0.00210481887996793,-0.00155754550089362));
#3896=CARTESIAN_POINT('',(-0.000798330138549251,-0.00222338817424125,-0.00407637150130143));
#3897=CARTESIAN_POINT('',(0.00298050593215794,-0.00234195746851456,-0.00289379004827353));
#3898=CARTESIAN_POINT('',(0.00405113184244008,-0.00246052676278788,0.000917244283474521));
#3899=CARTESIAN_POINT('',(0.00144329736340171,-0.00257909605706121,0.00389506421330613));
#3900=CARTESIAN_POINT('',(-0.00247568899233089,-0.00269766535133452,0.00333554784044312));
#3901=CARTESIAN_POINT('',(-0.00414609970829075,-0.00281623464560784,-0.000253310741825708));
#3902=CARTESIAN_POINT('',(-0.00205119131651164,-0.00293480393988116,-0.00361208971320355));
#3903=CARTESIAN_POINT('',(0.00190662925518258,-0.00305337323415447,-0.00369044104757175));
#3904=CARTESIAN_POINT('',(0.00413285199353179,-0.00317194252842781,-0.000417185920316106));
#3905=CARTESIAN_POINT('',(0.0026056996937944,-0.00329051182270111,0.00323494689572127));
#3906=CARTESIAN_POINT('',(-0.00128791471209583,-0.00340908111697443,0.00394915506166005));
#3907=CARTESIAN_POINT('',(-0.00401186173885478,-0.00352765041124775,0.00107680316475373));
#3908=CARTESIAN_POINT('',(-0.00309230264338591,-0.00364621970552107,-0.0027734834708515));
#3909=CARTESIAN_POINT('',(0.000635636989726924,-0.00376478899979439,-0.00410493738265795));
#3910=CARTESIAN_POINT('',(0.00378630077818311,-0.0038833582940677,-0.00170835313798944));
#3911=CARTESIAN_POINT('',(0.00349830748988883,-0.00400192758834102,0.00223972982879782));
#3912=CARTESIAN_POINT('',(3.32075362841012E-5,-0.00412049688261434,0.0041537262851025));
#3913=CARTESIAN_POINT('',(-0.00346205088535245,-0.00423906617688766,0.00229537541849523));
#3914=CARTESIAN_POINT('',(-0.00381313050432728,-0.00435763547116098,-0.00164759841665723));
#3915=CARTESIAN_POINT('',(-0.000701186401183493,-0.0044762047654343,-0.00409424991618808));
#3916=CARTESIAN_POINT('',(0.00304756388472761,-0.00459477405970761,-0.00282256959140102));
#3917=CARTESIAN_POINT('',(0.00402856574861581,-0.00471334335398094,0.00101252296704013));
#3918=CARTESIAN_POINT('',(0.00135088909098288,-0.00483191264825425,0.00392805847798521));
#3919=CARTESIAN_POINT('',(-0.00255364327648003,-0.00495048194252757,0.00327619455431207));
#3920=CARTESIAN_POINT('',(-0.00413899795673683,-0.00506905123680089,-0.000351056488445544));
#3921=CARTESIAN_POINT('',(-0.00196538136569709,-0.0051876205310742,-0.0036594836835462));
#3922=CARTESIAN_POINT('',(0.00199316292188559,-0.00530618982534753,-0.00364442674635078));
#3923=CARTESIAN_POINT('',(0.00414154875100321,-0.00542475911962084,-0.000319560144769781));
#3924=CARTESIAN_POINT('',(0.00252864671895197,-0.00554332841389416,0.00329552583264139));
#3925=CARTESIAN_POINT('',(-0.00138073153025562,-0.00566189770816748,0.00391766833515024));
#3926=CARTESIAN_POINT('',(-0.00403615164535656,-0.0057804670024408,0.000981847563837457));
#3927=CARTESIAN_POINT('',(-0.00302600385289286,-0.00589903629671412,-0.00284567134876407));
#3928=CARTESIAN_POINT('',(0.000732311894073793,-0.00601760559098744,-0.00408879738220186));
#3929=CARTESIAN_POINT('',(0.00382555377536544,-0.00613617488526075,-0.0016185434979313));
#3930=CARTESIAN_POINT('',(0.00344448934218932,-0.00625474417953407,0.00232164551868902));
#3931=CARTESIAN_POINT('',(-6.48048256572514E-5,-0.00637331347380739,0.00415335347369765));
#3932=CARTESIAN_POINT('',(-0.00351524429475701,-0.00649188276808071,0.00221305270860931));
#3933=CARTESIAN_POINT('',(-0.00377319552102764,-0.00661045206235403,-0.00173710687725461));
#3934=CARTESIAN_POINT('',(-0.000604391356001911,-0.00672902135662735,-0.0041096539795575));
#3935=CARTESIAN_POINT('',(0.00311331130264293,-0.00684759065090066,-0.00274987953840435));
#3936=CARTESIAN_POINT('',(0.00400355478732266,-0.00696615994517399,0.0011072912028161));
#3937=CARTESIAN_POINT('',(0.00125783430581441,-0.00708472923944729,0.00395883791054866));
#3938=CARTESIAN_POINT('',(-0.00263023103026553,-0.00720329853372064,0.00321503179926757));
#3939=CARTESIAN_POINT('',(-0.004129562914035,-0.00732186782799392,-0.000448614402453079));
#3940=CARTESIAN_POINT('',(-0.00187849228069564,-0.00744043712226727,-0.00370483623039714));
#3941=CARTESIAN_POINT('',(0.00207859478196477,-0.00755900641654056,-0.00359638547366088));
#3942=CARTESIAN_POINT('',(0.00414793554713565,-0.0076775757108139,-0.000221755362415082));
#3943=CARTESIAN_POINT('',(0.00245018806538583,-0.00779614500508722,0.00335426939667292));
#3944=CARTESIAN_POINT('',(-0.00147278074738068,-0.00791471429936053,0.00388400072254794));
#3945=CARTESIAN_POINT('',(-0.00405819381146631,-0.00803328359363385,0.00088634515753223));
#3946=CARTESIAN_POINT('',(-0.00295802062464441,-0.00815185288790717,-0.00291627480083344));
#3947=CARTESIAN_POINT('',(0.000828579237862656,-0.00827042218218049,-0.00407038096398774));
#3948=CARTESIAN_POINT('',(0.00386267679534916,-0.0083889914764538,-0.00152783270035492));
#3949=CARTESIAN_POINT('',(0.00338875348752674,-0.00850756077072713,0.00240226860391946));
#3950=CARTESIAN_POINT('',(-0.000162781107342196,-0.00862613006500044,0.0041506682718702));
#3951=CARTESIAN_POINT('',(-0.00356648060348285,-0.00874469935927377,0.00212949785273421));
#3952=CARTESIAN_POINT('',(-0.0037311597120791,-0.00886326865354707,-0.00182564816706457));
#3953=CARTESIAN_POINT('',(-0.000507259969317099,-0.0089818379478204,-0.00412277001805587));
#3954=CARTESIAN_POINT('',(0.0031773256711717,-0.00910040724209371,-0.00267565838265861));
#3955=CARTESIAN_POINT('',(0.00397631423928311,-0.00921897653636704,0.00120144277341236));
#3956=CARTESIAN_POINT('',(0.00116408033349205,-0.00933754583064035,0.00398741357070533));
#3957=CARTESIAN_POINT('',(-0.00270535652884548,-0.00945611512491368,0.00315207841974309));
#3958=CARTESIAN_POINT('',(-0.00411782461919032,-0.00957468441918699,-0.000545921329625188));
#3959=CARTESIAN_POINT('',(-0.00179056516374447,-0.00969325371346031,-0.0037481284178514));
#3960=CARTESIAN_POINT('',(0.00216288434396161,-0.00981182300773362,-0.00354633743851447));
#3961=CARTESIAN_POINT('',(0.00415198432785928,-0.00993039230200695,-0.000123835633902126));
#3962=CARTESIAN_POINT('',(0.00237041999925674,-0.0100489615962803,0.0034111617390204));
#3963=CARTESIAN_POINT('',(-0.00156411466718837,-0.0101675308905536,0.00384813952616933));
#3964=CARTESIAN_POINT('',(-0.00407777637507359,-0.0102861001848269,0.000790408827943058));
#3965=CARTESIAN_POINT('',(-0.00288877334878699,-0.0104046694791002,-0.0029853684855397));
#3966=CARTESIAN_POINT('',(0.000925117908214901,-0.0105232387733736,-0.00404948052009619));
#3967=CARTESIAN_POINT('',(0.00389624327813031,-0.0106418080676468,-0.00143668819486257));
#3968=CARTESIAN_POINT('',(0.00333386411183239,-0.0107603773619202,0.00248235511559316));
#3969=CARTESIAN_POINT('',(-0.000266290450662248,-0.0108789466561935,0.0041441071596546));
#3970=CARTESIAN_POINT('',(-0.00248987397638517,-0.0109579928523757,0.00274681669600216));
#3971=CARTESIAN_POINT('',(-0.00306350696006607,-0.0109975159504668,0.0017324652408874));
#3972=CARTESIAN_POINT('',(0.00300919122158418,-0.00174993901365903,0.00182794307969646));
#3973=CARTESIAN_POINT('',(0.00240394476811535,-0.00178946211175014,0.00282431016295147));
#3974=CARTESIAN_POINT('',(0.000136926963431767,-0.00186850830793236,0.00415208897310747));
#3975=CARTESIAN_POINT('',(-0.00341107624204472,-0.00198707760220567,0.00237810408435545));
#3976=CARTESIAN_POINT('',(-0.00385109288487404,-0.00210564689647899,-0.0015581801970609));
#3977=CARTESIAN_POINT('',(-0.000798655456223034,-0.00222421619075231,-0.00407803261320268));
#3978=CARTESIAN_POINT('',(0.0029817204813898,-0.00234278548502562,-0.0028949692609845));
#3979=CARTESIAN_POINT('',(0.00405278266923909,-0.00246135477929895,0.000917618058385654));
#3980=CARTESIAN_POINT('',(0.00144388550371881,-0.00257992407357226,0.00389665144290942));
#3981=CARTESIAN_POINT('',(-0.00247669782983445,-0.00269849336784558,0.00333690706842644));
#3982=CARTESIAN_POINT('',(-0.00414778923427411,-0.0028170626621189,-0.00025341396536356));
#3983=CARTESIAN_POINT('',(-0.0020520271722001,-0.00293563195639222,-0.00361356163135653));
#3984=CARTESIAN_POINT('',(0.00190740620216744,-0.00305420125066554,-0.00369194489371116));
#3985=CARTESIAN_POINT('',(0.00413453612110221,-0.00317277054493886,-0.000417355922607864));
#3986=CARTESIAN_POINT('',(0.00260676151035629,-0.00329133983921217,0.0032362651290537));
#3987=CARTESIAN_POINT('',(-0.00128843953434409,-0.00340990913348549,0.00395076433315819));
#3988=CARTESIAN_POINT('',(-0.00401349656317796,-0.00352847842775881,0.0010772419595377));
#3989=CARTESIAN_POINT('',(-0.00309356274951745,-0.00364704772203214,-0.00277461365891211));
#3990=CARTESIAN_POINT('',(0.000635896010321142,-0.00376561701630545,-0.00410661013508939));
#3991=CARTESIAN_POINT('',(0.00378784368693967,-0.00388418631057876,-0.00170904928791792));
#3992=CARTESIAN_POINT('',(0.00349973304205057,-0.00400275560485209,0.00224064251349131));
#3993=CARTESIAN_POINT('',(3.32210682778648E-5,-0.00412132489912541,0.00415541891889816));
#3994=CARTESIAN_POINT('',(-0.00346346166303221,-0.00423989419339873,0.00229631077863704));
#3995=CARTESIAN_POINT('',(-0.00381468434613482,-0.00435846348767205,-0.00164826980917814));
#3996=CARTESIAN_POINT('',(-0.000701472133010349,-0.00447703278194536,-0.00409591831350181));
#3997=CARTESIAN_POINT('',(0.0030488057599191,-0.00459560207621867,-0.00282371978194154));
#3998=CARTESIAN_POINT('',(0.0040302073797841,-0.004714171370492,0.00101293556779311));
#3999=CARTESIAN_POINT('',(0.001351439575144,-0.00483274066476531,0.00392965915267459));
#4000=CARTESIAN_POINT('',(-0.00255468388017298,-0.00495130995903863,0.00327752959596941));
#4001=CARTESIAN_POINT('',(-0.00414068458877295,-0.00506987925331195,-0.000351199543147694));
#4002=CARTESIAN_POINT('',(-0.00196618225403026,-0.00518844854758526,-0.0036609749146318));
#4003=CARTESIAN_POINT('',(0.00199397513113827,-0.00530701784185859,-0.00364591184176951));
#4004=CARTESIAN_POINT('',(0.00414323642248207,-0.0054255871361319,-0.000319690364785174));
#4005=CARTESIAN_POINT('',(0.0025296771366059,-0.00554415643040522,0.00329686875174967));
#4006=CARTESIAN_POINT('',(-0.0013812941751413,-0.00566272572467854,0.00391926477588059));
#4007=CARTESIAN_POINT('',(-0.00403779636776011,-0.00578129501895186,0.00098224766443501));
#4008=CARTESIAN_POINT('',(-0.00302723694242155,-0.00589986431322518,-0.00284683095321694));
#4009=CARTESIAN_POINT('',(0.000732610309466573,-0.0060184336074985,-0.00409046355762067));
#4010=CARTESIAN_POINT('',(0.00382711267962702,-0.00613700290177181,-0.00161920305064043));
#4011=CARTESIAN_POINT('',(0.0034458929635811,-0.00625557219604513,0.00232259158383553));
#4012=CARTESIAN_POINT('',(-6.4831233472909E-5,-0.00637414149031845,0.00415504595557353));
#4013=CARTESIAN_POINT('',(-0.00351667674862732,-0.00649271078459177,0.0022139545224384));
#4014=CARTESIAN_POINT('',(-0.00377473308942241,-0.00661128007886509,-0.00173781474426493));
#4015=CARTESIAN_POINT('',(-0.000604637644073093,-0.00672984937313842,-0.00411132865399121));
#4016=CARTESIAN_POINT('',(0.00311457996975424,-0.00684841866741172,-0.00275100010791741));
#4017=CARTESIAN_POINT('',(0.00400518622658242,-0.00696698796168505,0.00110774242140463));
#4018=CARTESIAN_POINT('',(0.00125834687036711,-0.00708555725595835,0.00396045112778519));
#4019=CARTESIAN_POINT('',(-0.00263130284328995,-0.00720412655023171,0.00321634191724454));
#4020=CARTESIAN_POINT('',(-0.00413124570131318,-0.00732269584450498,-0.000448797211778175));
#4021=CARTESIAN_POINT('',(-0.00187925776192887,-0.00744126513877833,-0.00370634594254005));
#4022=CARTESIAN_POINT('',(0.00207944180450162,-0.00755983443305163,-0.00359785099237279));
#4023=CARTESIAN_POINT('',(0.00414962582121906,-0.00767840372732496,-0.000221845727209252));
#4024=CARTESIAN_POINT('',(0.00245118651132101,-0.00779697302159828,0.00335563625364683));
#4025=CARTESIAN_POINT('',(-0.00147338090210815,-0.00791554231587159,0.0038855834438045));
#4026=CARTESIAN_POINT('',(-0.00405984751600126,-0.00803411161014491,0.000886706341121442));
#4027=CARTESIAN_POINT('',(-0.00295922601116578,-0.00815268090441824,-0.00291746317602875));
#4028=CARTESIAN_POINT('',(0.000828916881974021,-0.00827125019869155,-0.00407203963475898));
#4029=CARTESIAN_POINT('',(0.003864250827155,-0.00838981949296487,-0.00152845528862511));
#4030=CARTESIAN_POINT('',(0.00339013439668744,-0.0085083887872382,0.00240324752278559));
#4031=CARTESIAN_POINT('',(-0.000162847440264655,-0.0086269580815115,0.00415235965953258));
#4032=CARTESIAN_POINT('',(-0.00356793393602973,-0.00874552737578483,0.00213036561815397));
#4033=CARTESIAN_POINT('',(-0.00373268015097954,-0.00886409667005813,-0.00182639211444445));
#4034=CARTESIAN_POINT('',(-0.000507466676574227,-0.00898266596433146,-0.00412445003724474));
#4035=CARTESIAN_POINT('',(0.00317862042398922,-0.00910123525860477,-0.00267674870722341));
#4036=CARTESIAN_POINT('',(0.00397793457808294,-0.0092198045528781,0.00120193235854683));
#4037=CARTESIAN_POINT('',(0.00116455469351919,-0.00933837384715142,0.00398903843245688));
#4038=CARTESIAN_POINT('',(-0.00270645895533575,-0.00945694314142474,0.0031533628843644));
#4039=CARTESIAN_POINT('',(-0.00411950262314066,-0.00957551243569805,-0.000546143791296678));
#4040=CARTESIAN_POINT('',(-0.00179129481488213,-0.00969408172997138,-0.00374965577145997));
#4041=CARTESIAN_POINT('',(0.00216376571429885,-0.00981265102424468,-0.00354778256276851));
#4042=CARTESIAN_POINT('',(0.00415367625181141,-0.00993122031851801,-0.000123886096634781));
#4043=CARTESIAN_POINT('',(0.00237138593989059,-0.0100497896127914,0.00341255177949145));
#4044=CARTESIAN_POINT('',(-0.00156475204027563,-0.0101683589070647,0.00384970763407181));
#4045=CARTESIAN_POINT('',(-0.00407943805945764,-0.010286928201338,0.000790730917701202));
#4046=CARTESIAN_POINT('',(-0.00288995051720459,-0.0104054974956113,-0.00298658501625075));
#4047=CARTESIAN_POINT('',(0.000925494891609794,-0.0105240667898847,-0.00405113067398519));
#4048=CARTESIAN_POINT('',(0.00389783098819977,-0.0106426360841579,-0.00143727364195887));
#4049=CARTESIAN_POINT('',(0.00333522265370022,-0.0107612053784313,0.00248336666952644));
#4050=CARTESIAN_POINT('',(-0.000266398963401247,-0.0108797746727046,0.00414579587367902));
#4051=CARTESIAN_POINT('',(-0.00249088859423673,-0.0109588208688868,0.00274793601741407));
#4052=CARTESIAN_POINT('',(-0.00306475533202366,-0.0109983439669779,0.0017331712164417));
#4053=CARTESIAN_POINT('',(0.00301041696051897,-0.0017507670301701,0.00182868765883364));
#4054=CARTESIAN_POINT('',(0.0024049239709916,-0.0017902901282612,0.00282546059397287));
#4055=CARTESIAN_POINT('',(0.000136982738122687,-0.00186933632444342,0.00415378025051069));
#4056=CARTESIAN_POINT('',(-0.0034124656814826,-0.00198790561871673,0.00237907276150241));
#4057=CARTESIAN_POINT('',(-0.00385266155703306,-0.00210647491299005,-0.00155881489322818));
#4058=CARTESIAN_POINT('',(-0.000798980773896818,-0.00222504420726337,-0.00407969372510395));
#4059=CARTESIAN_POINT('',(0.00298293503062167,-0.00234361350153669,-0.00289614847369546));
#4060=CARTESIAN_POINT('',(0.0040544334960381,-0.00246218279581,0.000917991833296787));
#4061=CARTESIAN_POINT('',(0.00144447364403592,-0.00258075209008333,0.00389823867251272));
#4062=CARTESIAN_POINT('',(-0.00247770666733803,-0.00269932138435664,0.00333826629640977));
#4063=CARTESIAN_POINT('',(-0.00414947876025747,-0.00281789067862997,-0.000253517188901412));
#4064=CARTESIAN_POINT('',(-0.00205286302788856,-0.00293645997290328,-0.0036150335495095));
#4065=CARTESIAN_POINT('',(0.00190818314915229,-0.00305502926717659,-0.00369344873985057));
#4066=CARTESIAN_POINT('',(0.00413622024867263,-0.00317359856144993,-0.000417525924899622));
#4067=CARTESIAN_POINT('',(0.00260782332691817,-0.00329216785572323,0.00323758336238615));
#4068=CARTESIAN_POINT('',(-0.00128896435659236,-0.00341073714999656,0.00395237360465632));
#4069=CARTESIAN_POINT('',(-0.00401513138750114,-0.00352930644426987,0.00107768075432167));
#4070=CARTESIAN_POINT('',(-0.003094822855649,-0.00364787573854319,-0.00277574384697272));
#4071=CARTESIAN_POINT('',(0.000636155030915359,-0.00376644503281651,-0.00410828288752084));
#4072=CARTESIAN_POINT('',(0.00378938659569625,-0.00388501432708983,-0.00170974543784639));
#4073=CARTESIAN_POINT('',(0.00350115859421231,-0.00400358362136314,0.0022415551981848));
#4074=CARTESIAN_POINT('',(3.32346002716284E-5,-0.00412215291563647,0.00415711155269382));
#4075=CARTESIAN_POINT('',(-0.00346487244071197,-0.00424072220990978,0.00229724613877885));
#4076=CARTESIAN_POINT('',(-0.00381623818794237,-0.00435929150418311,-0.00164894120169904));
#4077=CARTESIAN_POINT('',(-0.000701757864837204,-0.00447786079845642,-0.00409758671081554));
#4078=CARTESIAN_POINT('',(0.00305004763511059,-0.00459643009272974,-0.00282486997248204));
#4079=CARTESIAN_POINT('',(0.00403184901095238,-0.00471499938700307,0.00101334816854608));
#4080=CARTESIAN_POINT('',(0.00135199005930513,-0.00483356868127638,0.00393125982736397));
#4081=CARTESIAN_POINT('',(-0.00255572448386595,-0.0049521379755497,0.00327886463762675));
#4082=CARTESIAN_POINT('',(-0.00414237122080908,-0.00507070726982302,-0.000351342597849844));
#4083=CARTESIAN_POINT('',(-0.00196698314236344,-0.00518927656409633,-0.0036624661457174));
#4084=CARTESIAN_POINT('',(0.00199478734039095,-0.00530784585836966,-0.00364739693718824));
#4085=CARTESIAN_POINT('',(0.00414492409396092,-0.00542641515264297,-0.000319820584800566));
#4086=CARTESIAN_POINT('',(0.00253070755425984,-0.00554498444691629,0.00329821167085794));
#4087=CARTESIAN_POINT('',(-0.00138185682002699,-0.00566355374118961,0.00392086121661094));
#4088=CARTESIAN_POINT('',(-0.00403944109016367,-0.00578212303546293,0.000982647765032562));
#4089=CARTESIAN_POINT('',(-0.00302847003195024,-0.00590069232973625,-0.00284799055766983));
#4090=CARTESIAN_POINT('',(0.000732908724859354,-0.00601926162400957,-0.00409212973303948));
#4091=CARTESIAN_POINT('',(0.00382867158388861,-0.00613783091828288,-0.00161986260334957));
#4092=CARTESIAN_POINT('',(0.00344729658497289,-0.0062564002125562,0.00232353764898204));
#4093=CARTESIAN_POINT('',(-6.48576412885665E-5,-0.00637496950682952,0.00415673843744941));
#4094=CARTESIAN_POINT('',(-0.00351810920249763,-0.00649353880110284,0.0022148563362675));
#4095=CARTESIAN_POINT('',(-0.00377627065781719,-0.00661210809537616,-0.00173852261127525));
#4096=CARTESIAN_POINT('',(-0.000604883932144275,-0.00673067738964948,-0.00411300332842492));
#4097=CARTESIAN_POINT('',(0.00311584863686554,-0.00684924668392279,-0.00275212067743048));
#4098=CARTESIAN_POINT('',(0.00400681766584217,-0.00696781597819612,0.00110819363999316));
#4099=CARTESIAN_POINT('',(0.00125885943491981,-0.00708638527246942,0.00396206434502171));
#4100=CARTESIAN_POINT('',(-0.00263237465631435,-0.00720495456674277,0.00321765203522152));
#4101=CARTESIAN_POINT('',(-0.00413292848859135,-0.00732352386101605,-0.00044898002110327));
#4102=CARTESIAN_POINT('',(-0.00188002324316209,-0.0074420931552894,-0.00370785565468296));
#4103=CARTESIAN_POINT('',(0.00208028882703849,-0.00756066244956269,-0.00359931651108469));
#4104=CARTESIAN_POINT('',(0.00415131609530247,-0.00767923174383603,-0.000221936092003423));
#4105=CARTESIAN_POINT('',(0.00245218495725618,-0.00779780103810935,0.00335700311062076));
#4106=CARTESIAN_POINT('',(-0.00147398105683562,-0.00791637033238266,0.00388716616506105));
#4107=CARTESIAN_POINT('',(-0.00406150122053622,-0.00803493962665598,0.000887067524710655));
#4108=CARTESIAN_POINT('',(-0.00296043139768715,-0.0081535089209293,-0.00291865155122406));
#4109=CARTESIAN_POINT('',(0.000829254526085387,-0.00827207821520262,-0.00407369830553024));
#4110=CARTESIAN_POINT('',(0.00386582485896085,-0.00839064750947593,-0.00152907787689532));
#4111=CARTESIAN_POINT('',(0.00339151530584815,-0.00850921680374926,0.00240422644165173));
#4112=CARTESIAN_POINT('',(-0.000162913773187113,-0.00862778609802257,0.00415405104719496));
#4113=CARTESIAN_POINT('',(-0.00356938726857663,-0.0087463553922959,0.00213123338357372));
#4114=CARTESIAN_POINT('',(-0.00373420058987998,-0.0088649246865692,-0.00182713606182433));
#4115=CARTESIAN_POINT('',(-0.000507673383831354,-0.00898349398084253,-0.00412613005643361));
#4116=CARTESIAN_POINT('',(0.00317991517680674,-0.00910206327511584,-0.00267783903178822));
#4117=CARTESIAN_POINT('',(0.00397955491688275,-0.00922063256938917,0.00120242194368129));
#4118=CARTESIAN_POINT('',(0.00116502905354633,-0.00933920186366248,0.00399066329420843));
#4119=CARTESIAN_POINT('',(-0.00270756138182602,-0.00945777115793581,0.00315464734898572));
#4120=CARTESIAN_POINT('',(-0.004121180627091,-0.00957634045220912,-0.000546366252968167));
#4121=CARTESIAN_POINT('',(-0.0017920244660198,-0.00969490974648244,-0.00375118312506853));
#4122=CARTESIAN_POINT('',(0.00216464708463609,-0.00981347904075575,-0.00354922768702255));
#4123=CARTESIAN_POINT('',(0.00415536817576356,-0.00993204833502908,-0.000123936559367437));
#4124=CARTESIAN_POINT('',(0.00237235188052444,-0.0100506176293024,0.00341394181996248));
#4125=CARTESIAN_POINT('',(-0.00156538941336289,-0.0101691869235757,0.00385127574197429));
#4126=CARTESIAN_POINT('',(-0.0040810997438417,-0.010287756217849,0.000791053007459346));
#4127=CARTESIAN_POINT('',(-0.00289112768562219,-0.0104063255121223,-0.0029878015469618));
#4128=CARTESIAN_POINT('',(0.000925871875004687,-0.0105248948063957,-0.00405278082787418));
#4129=CARTESIAN_POINT('',(0.00389941869826924,-0.0106434641006689,-0.00143785908905518));
#4130=CARTESIAN_POINT('',(0.00333658119556805,-0.0107620333949423,0.00248437822345973));
#4131=CARTESIAN_POINT('',(-0.000266507476140247,-0.0108806026892156,0.00414748458770344));
#4132=CARTESIAN_POINT('',(-0.00249190321208829,-0.0109596488853978,0.00274905533882599));
#4133=CARTESIAN_POINT('',(-0.00306600370398126,-0.0109991719834889,0.001733877191996));
#4134=CARTESIAN_POINT('',(0.00301164269945376,-0.00175159504668116,0.00182943223797081));
#4135=CARTESIAN_POINT('',(0.00240590317386785,-0.00179111814477227,0.00282661102499428));
#4136=CARTESIAN_POINT('',(0.000137038512813606,-0.00187016434095448,0.00415547152791392));
#4137=CARTESIAN_POINT('',(-0.00341385512092049,-0.0019887336352278,0.00238004143864937));
#4138=CARTESIAN_POINT('',(-0.00385423022919209,-0.00210730292950112,-0.00155944958939546));
#4139=CARTESIAN_POINT('',(-0.000799306091570601,-0.00222587222377444,-0.00408135483700521));
#4140=CARTESIAN_POINT('',(0.00298414957985353,-0.00234444151804775,-0.00289732768640642));
#4141=CARTESIAN_POINT('',(0.0040560843228371,-0.00246301081232107,0.00091836560820792));
#4142=CARTESIAN_POINT('',(0.00144506178435302,-0.00258158010659439,0.00389982590211602));
#4143=CARTESIAN_POINT('',(-0.00247871550484159,-0.00270014940086771,0.00333962552439309));
#4144=CARTESIAN_POINT('',(-0.00415116828624082,-0.00281871869514103,-0.000253620412439264));
#4145=CARTESIAN_POINT('',(-0.00205369888357701,-0.00293728798941435,-0.00361650546766247));
#4146=CARTESIAN_POINT('',(0.00190896009613714,-0.00305585728368766,-0.00369495258598998));
#4147=CARTESIAN_POINT('',(0.00413790437624305,-0.00317442657796099,-0.000417695927191379));
#4148=CARTESIAN_POINT('',(0.00260888514348006,-0.0032929958722343,0.00323890159571859));
#4149=CARTESIAN_POINT('',(-0.00128948917884062,-0.00341156516650762,0.00395398287615446));
#4150=CARTESIAN_POINT('',(-0.00401676621182431,-0.00353013446078094,0.00107811954910564));
#4151=CARTESIAN_POINT('',(-0.00309608296178054,-0.00364870375505426,-0.00277687403503333));
#4152=CARTESIAN_POINT('',(0.000636414051509576,-0.00376727304932758,-0.00410995563995228));
#4153=CARTESIAN_POINT('',(0.00379092950445282,-0.00388584234360089,-0.00171044158777487));
#4154=CARTESIAN_POINT('',(0.00350258414637405,-0.00400441163787421,0.0022424678828783));
#4155=CARTESIAN_POINT('',(3.32481322653919E-5,-0.00412298093214753,0.00415880418648948));
#4156=CARTESIAN_POINT('',(-0.00346628321839172,-0.00424155022642085,0.00229818149892066));
#4157=CARTESIAN_POINT('',(-0.00381779202974991,-0.00436011952069417,-0.00164961259421995));
#4158=CARTESIAN_POINT('',(-0.00070204359666406,-0.00447868881496749,-0.00409925510812926));
#4159=CARTESIAN_POINT('',(0.00305128951030209,-0.0045972581092408,-0.00282602016302256));
#4160=CARTESIAN_POINT('',(0.00403349064212067,-0.00471582740351413,0.00101376076929906));
#4161=CARTESIAN_POINT('',(0.00135254054346625,-0.00483439669778744,0.00393286050205335));
#4162=CARTESIAN_POINT('',(-0.00255676508755891,-0.00495296599206076,0.00328019967928408));
#4163=CARTESIAN_POINT('',(-0.0041440578528452,-0.00507153528633408,-0.000351485652551994));
#4164=CARTESIAN_POINT('',(-0.00196778403069661,-0.00519010458060739,-0.00366395737680301));
#4165=CARTESIAN_POINT('',(0.00199559954964362,-0.00530867387488072,-0.00364888203260698));
#4166=CARTESIAN_POINT('',(0.00414661176543977,-0.00542724316915403,-0.000319950804815959));
#4167=CARTESIAN_POINT('',(0.00253173797191377,-0.00554581246342735,0.00329955458996621));
#4168=CARTESIAN_POINT('',(-0.00138241946491267,-0.00566438175770067,0.00392245765734129));
#4169=CARTESIAN_POINT('',(-0.00404108581256722,-0.00578295105197399,0.000983047865630114));
#4170=CARTESIAN_POINT('',(-0.00302970312147893,-0.00590152034624731,-0.00284915016212271));
#4171=CARTESIAN_POINT('',(0.000733207140252135,-0.00602008964052063,-0.0040937959084583));
#4172=CARTESIAN_POINT('',(0.00383023048815019,-0.00613865893479394,-0.0016205221560587));
#4173=CARTESIAN_POINT('',(0.00344870020636467,-0.00625722822906726,0.00232448371412855));
#4174=CARTESIAN_POINT('',(-6.48840491042241E-5,-0.00637579752334058,0.00415843091932529));
#4175=CARTESIAN_POINT('',(-0.00351954165636794,-0.0064943668176139,0.00221575815009659));
#4176=CARTESIAN_POINT('',(-0.00377780822621197,-0.00661293611188722,-0.00173923047828557));
#4177=CARTESIAN_POINT('',(-0.000605130220215456,-0.00673150540616054,-0.00411467800285862));
#4178=CARTESIAN_POINT('',(0.00311711730397684,-0.00685007470043385,-0.00275324124694354));
#4179=CARTESIAN_POINT('',(0.00400844910510193,-0.00696864399470718,0.0011086448585817));
#4180=CARTESIAN_POINT('',(0.00125937199947251,-0.00708721328898048,0.00396367756225824));
#4181=CARTESIAN_POINT('',(-0.00263344646933877,-0.00720578258325383,0.0032189621531985));
#4182=CARTESIAN_POINT('',(-0.00413461127586953,-0.00732435187752711,-0.000449162830428366));
#4183=CARTESIAN_POINT('',(-0.00188078872439531,-0.00744292117180046,-0.00370936536682588));
#4184=CARTESIAN_POINT('',(0.00208113584957535,-0.00756149046607375,-0.00360078202979659));
#4185=CARTESIAN_POINT('',(0.00415300636938589,-0.00768005976034709,-0.000222026456797593));
#4186=CARTESIAN_POINT('',(0.00245318340319136,-0.00779862905462041,0.00335836996759468));
#4187=CARTESIAN_POINT('',(-0.00147458121156309,-0.00791719834889372,0.00388874888631761));
#4188=CARTESIAN_POINT('',(-0.00406315492507117,-0.00803576764316704,0.000887428708299867));
#4189=CARTESIAN_POINT('',(-0.00296163678420852,-0.00815433693744036,-0.00291983992641937));
#4190=CARTESIAN_POINT('',(0.000829592170196752,-0.00827290623171368,-0.00407535697630148));
#4191=CARTESIAN_POINT('',(0.00386739889076669,-0.00839147552598699,-0.00152970046516552));
#4192=CARTESIAN_POINT('',(0.00339289621500885,-0.00851004482026032,0.00240520536051786));
#4193=CARTESIAN_POINT('',(-0.000162980106109571,-0.00862861411453363,0.00415574243485735));
#4194=CARTESIAN_POINT('',(-0.00357084060112352,-0.00874718340880696,0.00213210114899347));
#4195=CARTESIAN_POINT('',(-0.00373572102878043,-0.00886575270308026,-0.00182788000920422));
#4196=CARTESIAN_POINT('',(-0.000507880091088482,-0.00898432199735359,-0.00412781007562248));
#4197=CARTESIAN_POINT('',(0.00318120992962426,-0.0091028912916269,-0.00267892935635303));
#4198=CARTESIAN_POINT('',(0.00398117525568257,-0.00922146058590023,0.00120291152881576));
#4199=CARTESIAN_POINT('',(0.00116550341357347,-0.00934002988017354,0.00399228815595997));
#4200=CARTESIAN_POINT('',(-0.00270866380831629,-0.00945859917444687,0.00315593181360703));
#4201=CARTESIAN_POINT('',(-0.00412285863104135,-0.00957716846872018,-0.000546588714639657));
#4202=CARTESIAN_POINT('',(-0.00179275411715747,-0.0096957377629935,-0.00375271047867709));
#4203=CARTESIAN_POINT('',(0.00216552845497332,-0.00981430705726681,-0.00355067281127659));
#4204=CARTESIAN_POINT('',(0.00415706009971569,-0.00993287635154014,-0.000123987022100093));
#4205=CARTESIAN_POINT('',(0.00237331782115828,-0.0100514456458135,0.00341533186043353));
#4206=CARTESIAN_POINT('',(-0.00156602678645015,-0.0101700149400868,0.00385284384987677));
#4207=CARTESIAN_POINT('',(-0.00408276142822575,-0.0102885842343601,0.00079137509721749));
#4208=CARTESIAN_POINT('',(-0.00289230485403978,-0.0104071535286334,-0.00298901807767285));
#4209=CARTESIAN_POINT('',(0.00092624885839958,-0.0105257228229068,-0.00405443098176318));
#4210=CARTESIAN_POINT('',(0.00390100640833871,-0.01064429211718,-0.00143844453615148));
#4211=CARTESIAN_POINT('',(0.00333793973743588,-0.0107628614114534,0.00248538977739301));
#4212=CARTESIAN_POINT('',(-0.000266615988879247,-0.0108814307057267,0.00414917330172787));
#4213=CARTESIAN_POINT('',(-0.00249291782993985,-0.0109604769019089,0.0027501746602379));
#4214=CARTESIAN_POINT('',(-0.00306725207593885,-0.011,0.0017345831675503));
#4215=CARTESIAN_POINT('',(0.00313421659293277,-0.00183439669778744,0.00190389015168838));
#4216=CARTESIAN_POINT('',(0.00250382346149294,-0.00187391979587855,0.00294165412713487));
#4217=CARTESIAN_POINT('',(0.000142615981905549,-0.00195296599206076,0.0043245992682365));
#4218=CARTESIAN_POINT('',(-0.00355279906470916,-0.00207153528633408,0.00247690915334526));
#4219=CARTESIAN_POINT('',(-0.00401109744509465,-0.00219010458060739,-0.00162291920612359));
#4220=CARTESIAN_POINT('',(-0.000831837858948952,-0.00230867387488072,-0.0042474660271314));
#4221=CARTESIAN_POINT('',(0.00310560450303971,-0.00242724316915403,-0.00301524895750268));
#4222=CARTESIAN_POINT('',(0.00422116700273784,-0.00254581246342736,0.000955743099321206));
#4223=CARTESIAN_POINT('',(0.00150387581606337,-0.00266438175770066,0.00405854886244573));
#4224=CARTESIAN_POINT('',(-0.00257959925519827,-0.002782951051974,0.00347554832272538));
#4225=CARTESIAN_POINT('',(-0.00432012088457642,-0.0029015203462473,-0.00026394276622447));
#4226=CARTESIAN_POINT('',(-0.00213728445242262,-0.00302008964052063,-0.00376369728295978));
#4227=CARTESIAN_POINT('',(0.00198665479462245,-0.00313865893479394,-0.00384533719993083));
#4228=CARTESIAN_POINT('',(0.00430631713328488,-0.00325722822906726,-0.000434696156367141));
#4229=CARTESIAN_POINT('',(0.00271506679966854,-0.00337579752334058,0.00337072492896281));
#4230=CARTESIAN_POINT('',(-0.00134197140366702,-0.0034943668176139,0.00411491002596791));
#4231=CARTESIAN_POINT('',(-0.0041802486441419,-0.00361293611188722,0.0011219990275025));
#4232=CARTESIAN_POINT('',(-0.00322209357493473,-0.00373150540616053,-0.00288989284109439));
#4233=CARTESIAN_POINT('',(0.000662316110931298,-0.00385007470043386,-0.00427723088309661));
#4234=CARTESIAN_POINT('',(0.00394522038010998,-0.00396864399470717,-0.00178005658062247));
#4235=CARTESIAN_POINT('',(0.00364513936254788,-0.0040872132889805,0.00233373635222755));
#4236=CARTESIAN_POINT('',(3.46013316417466E-5,-0.00420578258325381,0.00432806756605548));
#4237=CARTESIAN_POINT('',(-0.00360736098636741,-0.00432435187752713,0.00239171751310164));
#4238=CARTESIAN_POINT('',(-0.00397317621050431,-0.00444292117180045,-0.00171675184631058));
#4239=CARTESIAN_POINT('',(-0.000730616779349631,-0.00456149046607376,-0.00426609483950187));
#4240=CARTESIAN_POINT('',(0.00317547702945142,-0.00468005976034709,-0.00294103921707393));
#4241=CARTESIAN_POINT('',(0.00419765375894908,-0.0047986290546204,0.00105502084459676));
#4242=CARTESIAN_POINT('',(0.00140758895957849,-0.00491719834889372,0.00409292797099113));
#4243=CARTESIAN_POINT('',(-0.00266082545685508,-0.00503576764316704,0.00341370384501774));
#4244=CARTESIAN_POINT('',(-0.00431272105645751,-0.00515433693744035,-0.000365791122766996));
#4245=CARTESIAN_POINT('',(-0.00204787286401408,-0.00527290623171368,-0.00381308048536344));
#4246=CARTESIAN_POINT('',(0.00207682047491112,-0.00539147552598699,-0.00379739157448038));
#4247=CARTESIAN_POINT('',(0.00431537891332488,-0.00551004482026032,-0.000332972806355244));
#4248=CARTESIAN_POINT('',(0.00263477973730727,-0.00562861411453362,0.00343384650079349));
#4249=CARTESIAN_POINT('',(-0.00143868395348106,-0.00574718340880696,0.00408210173037629));
#4250=CARTESIAN_POINT('',(-0.00420555805292262,-0.00586575270308025,0.00102305792538534));
#4251=CARTESIAN_POINT('',(-0.00315301207434793,-0.0059843219973536,-0.00296511060741093));
#4252=CARTESIAN_POINT('',(0.000763048679530213,-0.00610289129162689,-0.00426041345033975));
#4253=CARTESIAN_POINT('',(0.00398612091430855,-0.00622146058590023,-0.0016864774269722));
#4254=CARTESIAN_POINT('',(0.00358906234554296,-0.00634002988017354,0.00241909022877949));
#4255=CARTESIAN_POINT('',(-6.75248306699806E-5,-0.00645859917444687,0.0043276791069133));
#4256=CARTESIAN_POINT('',(-0.00366278704339901,-0.00657716846872018,0.00230593953300581));
#4257=CARTESIAN_POINT('',(-0.00393156506568959,-0.0066957377629935,-0.00181001717931735));
#4258=CARTESIAN_POINT('',(-0.00062975902733361,-0.00681430705726681,-0.00428214544622908));
#4259=CARTESIAN_POINT('',(0.00324398401510712,-0.00693287635154013,-0.00286529819824991));
#4260=CARTESIAN_POINT('',(0.00417159303107759,-0.00705144564581345,0.00115376671743516));
#4261=CARTESIAN_POINT('',(0.00131062845474252,-0.00717001494008677,0.00412499928591075));
#4262=CARTESIAN_POINT('',(-0.0027406277717801,-0.00728858423436009,0.00334997395089638));
#4263=CARTESIAN_POINT('',(-0.00430289000368723,-0.00740715352863341,-0.000467443762937923));
#4264=CARTESIAN_POINT('',(-0.00195733684771765,-0.00752572282290673,-0.00386033658111717));
#4265=CARTESIAN_POINT('',(0.00216583810326151,-0.00764429211718005,-0.00374733390098685));
#4266=CARTESIAN_POINT('',(0.00432203377772722,-0.00776286141145336,-0.000231062936214631));
#4267=CARTESIAN_POINT('',(0.00255302799670899,-0.00788143070572668,0.00349505566498692));
#4268=CARTESIAN_POINT('',(-0.00153459668430992,-0.008,0.00404702101197334));
#4269=CARTESIAN_POINT('',(-0.00422852537856643,-0.00811856929427331,0.000923547067221114));
#4270=CARTESIAN_POINT('',(-0.00308217543634576,-0.00823713858854664,-0.00303867744595035));
#4271=CARTESIAN_POINT('',(0.000863356581333284,-0.00835570788281996,-0.0042412240534261));
#4272=CARTESIAN_POINT('',(0.00402480207135103,-0.00847427717709327,-0.00159195929218575));
#4273=CARTESIAN_POINT('',(0.00353098713107911,-0.0085928464713666,0.00250309724713134));
#4274=CARTESIAN_POINT('',(-0.000169613398355385,-0.00871141576563992,0.00432488120109572));
#4275=CARTESIAN_POINT('',(-0.00371617385581273,-0.00882998505991322,0.0022188776909686));
#4276=CARTESIAN_POINT('',(-0.00388776491882493,-0.00894855435418656,-0.00190227474719264));
#4277=CARTESIAN_POINT('',(-0.000528550816801234,-0.00906712364845986,-0.0042958119945097));
#4278=CARTESIAN_POINT('',(0.00331068521137625,-0.00918569294273319,-0.00278796181283368));
#4279=CARTESIAN_POINT('',(0.00414320913566436,-0.0093042622370065,0.0012518700422624));
#4280=CARTESIAN_POINT('',(0.00121293941628744,-0.00942283153127982,0.00415477433111446));
#4281=CARTESIAN_POINT('',(-0.00281890645734341,-0.00954140082555315,0.00328437827573824));
#4282=CARTESIAN_POINT('',(-0.00429065902607558,-0.00965997011982644,-0.000568834881788627));
#4283=CARTESIAN_POINT('',(-0.00186571923092425,-0.00977853941409979,-0.00390544583953326));
#4284=CARTESIAN_POINT('',(0.00225366548869707,-0.00989710870837308,-0.00369518523668056));
#4285=CARTESIAN_POINT('',(0.00432625249492938,-0.0100156780026464,-0.000129033295365668));
#4286=CARTESIAN_POINT('',(0.00246991188454279,-0.0101342472969197,0.00355433590753785));
#4287=CARTESIAN_POINT('',(-0.00162976409517618,-0.010252816591193,0.0040096546401248));
#4288=CARTESIAN_POINT('',(-0.00424892986663125,-0.0103713858854664,0.000823584073031886));
#4289=CARTESIAN_POINT('',(-0.00301002169579934,-0.0104899551797397,-0.00311067114877784));
#4290=CARTESIAN_POINT('',(0.000963947197888881,-0.010608524474013,-0.00421944637066266));
#4291=CARTESIAN_POINT('',(0.00405977741528564,-0.0107270937682863,-0.00149698924578178));
#4292=CARTESIAN_POINT('',(0.00347379392421907,-0.0108456630625597,0.00258654517072145));
#4293=CARTESIAN_POINT('',(-0.000277467262779225,-0.0109642323568329,0.0043180447041702));
#4294=CARTESIAN_POINT('',(-0.00259437961509597,-0.0110432785530152,0.00286210680142909));
#4295=CARTESIAN_POINT('',(-0.00319208927169835,-0.0110828016511063,0.00180518072298022));
#4296=CARTESIAN_POINT('',(0.00325679048641179,-0.00191719834889372,0.00197834806540595));
#4297=CARTESIAN_POINT('',(0.00260174374911803,-0.00195672144698483,0.00305669722927547));
#4298=CARTESIAN_POINT('',(0.000148193450997487,-0.00203576764316704,0.00449372700855907));
#4299=CARTESIAN_POINT('',(-0.00369174300849783,-0.00215433693744036,0.00257377686804115));
#4300=CARTESIAN_POINT('',(-0.00416796466099722,-0.00227290623171367,-0.00168638882285172));
#4301=CARTESIAN_POINT('',(-0.000864369626327295,-0.002391475525987,-0.00441357721725759));
#4302=CARTESIAN_POINT('',(0.00322705942622588,-0.00251004482026031,-0.00313317022859895));
#4303=CARTESIAN_POINT('',(0.00438624968263858,-0.00262861411453363,0.000993120590434492));
#4304=CARTESIAN_POINT('',(0.00156268984777371,-0.00274718340880695,0.00421727182277543));
#4305=CARTESIAN_POINT('',(-0.00268048300555494,-0.00286575270308027,0.00361147112105766));
#4306=CARTESIAN_POINT('',(-0.00448907348291201,-0.00298432199735359,-0.000274265120009677));
#4307=CARTESIAN_POINT('',(-0.00222087002126822,-0.0031028912916269,-0.0039108890982571));
#4308=CARTESIAN_POINT('',(0.00206434949310776,-0.00322146058590023,-0.00399572181387168));
#4309=CARTESIAN_POINT('',(0.00447472989032673,-0.00334002988017354,-0.000451696385542894));
#4310=CARTESIAN_POINT('',(0.00282124845585701,-0.00345859917444686,0.00350254826220701));
#4311=CARTESIAN_POINT('',(-0.00139445362849342,-0.00357716846872018,0.00427583717578137));
#4312=CARTESIAN_POINT('',(-0.00434373107645949,-0.00369573776299349,0.00116587850589936));
#4313=CARTESIAN_POINT('',(-0.00334810418808891,-0.00381430705726682,-0.00300291164715545));
#4314=CARTESIAN_POINT('',(0.000688218170353018,-0.00393287635154013,-0.00444450612624094));
#4315=CARTESIAN_POINT('',(0.00409951125576715,-0.00405144564581345,-0.00184967157347008));
#4316=CARTESIAN_POINT('',(0.00378769457872169,-0.00417001494008677,0.00242500482157681));
#4317=CARTESIAN_POINT('',(3.59545310181061E-5,-0.00428858423436009,0.00449733094562148));
#4318=CARTESIAN_POINT('',(-0.0037484387543431,-0.00440715352863341,0.00248525352728263));
#4319=CARTESIAN_POINT('',(-0.00412856039125871,-0.00452572282290673,-0.00178389109840121));
#4320=CARTESIAN_POINT('',(-0.000759189962035203,-0.00464429211718004,-0.00443293457087447));
#4321=CARTESIAN_POINT('',(0.00329966454860076,-0.00476286141145337,-0.0030560582711253));
#4322=CARTESIAN_POINT('',(0.00436181687577751,-0.00488143070572667,0.00109628091989445));
#4323=CARTESIAN_POINT('',(0.00146263737569073,-0.005,0.0042529954399289));
#4324=CARTESIAN_POINT('',(-0.00276488582615125,-0.00511856929427332,0.00354720801075142));
#4325=CARTESIAN_POINT('',(-0.00448138426006982,-0.00523713858854664,-0.000380096592982004));
#4326=CARTESIAN_POINT('',(-0.00212796169733156,-0.00535570788281995,-0.00396220359392387));
#4327=CARTESIAN_POINT('',(0.00215804140017862,-0.00547427717709328,-0.00394590111635379));
#4328=CARTESIAN_POINT('',(0.00448414606120999,-0.00559284647136659,-0.000345994807894531));
#4329=CARTESIAN_POINT('',(0.00273782150270076,-0.00571141576563991,0.00356813841162077));
#4330=CARTESIAN_POINT('',(-0.00149494844204945,-0.00582998505991323,0.00424174580341127));
#4331=CARTESIAN_POINT('',(-0.00437003029327803,-0.00594855435418654,0.00106306798514057));
#4332=CARTESIAN_POINT('',(-0.00327632102721693,-0.00606712364845987,-0.00308107105269917));
#4333=CARTESIAN_POINT('',(0.000792890218808286,-0.00618569294273318,-0.00442703099222119));
#4334=CARTESIAN_POINT('',(0.00414201134046692,-0.00630426223700651,-0.0017524326978857));
#4335=CARTESIAN_POINT('',(0.00372942448472125,-0.00642283153127982,0.00251369674343042));
#4336=CARTESIAN_POINT('',(-7.01656122357315E-5,-0.00654140082555314,0.00449692729450131));
#4337=CARTESIAN_POINT('',(-0.00380603243043008,-0.00665997011982646,0.00239612091591504));
#4338=CARTESIAN_POINT('',(-0.00408532190516721,-0.00677853941409977,-0.00188080388034914));
#4339=CARTESIAN_POINT('',(-0.000654387834451769,-0.00689710870837309,-0.00444961288959953));
#4340=CARTESIAN_POINT('',(0.0033708507262374,-0.00701567800264642,-0.00297735514955629));
#4341=CARTESIAN_POINT('',(0.00433473695705324,-0.00713424729691972,0.00119888857628862));
#4342=CARTESIAN_POINT('',(0.00136188491001254,-0.00725281659119306,0.00428632100956326));
#4343=CARTESIAN_POINT('',(-0.00284780907422142,-0.00737138588546636,0.00348098574859427));
#4344=CARTESIAN_POINT('',(-0.00447116873150493,-0.0074899551797397,-0.000485724695447487));
#4345=CARTESIAN_POINT('',(-0.00203388497103998,-0.007608524474013,-0.00401130779540846));
#4346=CARTESIAN_POINT('',(0.00225054035694765,-0.00772709376828633,-0.00389388577217712));
#4347=CARTESIAN_POINT('',(0.00449106118606855,-0.00784566306255964,-0.000240099415631657));
#4348=CARTESIAN_POINT('',(0.00265287259022661,-0.00796423235683296,0.00363174136237914));
#4349=CARTESIAN_POINT('',(-0.00159461215705675,-0.00808280165110628,0.00420529313762908));
#4350=CARTESIAN_POINT('',(-0.0043938958320617,-0.00820137094537959,0.000959665426142348));
#4351=CARTESIAN_POINT('',(-0.003202714088483,-0.00831994023965292,-0.00315751496548133));
#4352=CARTESIAN_POINT('',(0.000897120992469809,-0.00843850953392623,-0.00440709113055074));
#4353=CARTESIAN_POINT('',(0.00418220525193539,-0.00855707882819955,-0.00165421811920597));
#4354=CARTESIAN_POINT('',(0.00366907804714935,-0.00867564812247286,0.00260098913374481));
#4355=CARTESIAN_POINT('',(-0.00017624669060119,-0.0087942174167462,0.00449401996733409));
#4356=CARTESIAN_POINT('',(-0.00386150711050195,-0.0089127867110195,0.00230565423294373));
#4357=CARTESIAN_POINT('',(-0.00403980880886941,-0.00903135600529283,-0.00197666948518105));
#4358=CARTESIAN_POINT('',(-0.000549221542513989,-0.00914992529956615,-0.00446381391339692));
#4359=CARTESIAN_POINT('',(0.00344016049312824,-0.00926849459383946,-0.00289699426931432));
#4360=CARTESIAN_POINT('',(0.00430524301564615,-0.00938706388811278,0.00130082855570905));
#4361=CARTESIAN_POINT('',(0.00126037541900142,-0.00950563318238609,0.00431726050626893));
#4362=CARTESIAN_POINT('',(-0.00292914910637053,-0.00962420247665943,0.00341282473786944));
#4363=CARTESIAN_POINT('',(-0.00445845942110981,-0.00974277177093273,-0.000591081048937603));
#4364=CARTESIAN_POINT('',(-0.00193868434469104,-0.00986134106520607,-0.00405818120038943));
#4365=CARTESIAN_POINT('',(0.00234180252242081,-0.00997991035947936,-0.00383969766208454));
#4366=CARTESIAN_POINT('',(0.00449544489014306,-0.0100984796537527,-0.00013407956863124));
#4367=CARTESIAN_POINT('',(0.00256650594792729,-0.010217048948026,0.00369333995464216));
#4368=CARTESIAN_POINT('',(-0.00169350140390221,-0.0103356182422993,0.00416646543037283));
#4369=CARTESIAN_POINT('',(-0.00441509830503675,-0.0104541875365726,0.000855793048846285));
#4370=CARTESIAN_POINT('',(-0.00312773853755889,-0.010572756830846,-0.00323232421988284));
#4371=CARTESIAN_POINT('',(0.00100164553737819,-0.0106913261251193,-0.00438446175956214));
#4372=CARTESIAN_POINT('',(0.00421854842223256,-0.0108098954193926,-0.00155553395541208));
#4373=CARTESIAN_POINT('',(0.00360964811100227,-0.0109284647136659,0.00268770056404989));
#4374=CARTESIAN_POINT('',(-0.000288318536679213,-0.0110470340079392,0.00448691610661252));
#4375=CARTESIAN_POINT('',(-0.00269584140025208,-0.0111260802041215,0.00297403894262029));
#4376=CARTESIAN_POINT('',(-0.00331692646745785,-0.0111656033022126,0.00187577827841015));
#4377=CARTESIAN_POINT('',(0.0033793643798908,-0.002,0.00205280597912352));
#4378=CARTESIAN_POINT('',(0.00269966403674312,-0.0020395230980911,0.00317174033141606));
#4379=CARTESIAN_POINT('',(0.000153770920089429,-0.00211856929427332,0.00466285474888164));
#4380=CARTESIAN_POINT('',(-0.0038306869522865,-0.00223713858854664,0.00267064458273705));
#4381=CARTESIAN_POINT('',(-0.00432483187689977,-0.00235570788281995,-0.00174985843957986));
#4382=CARTESIAN_POINT('',(-0.000896901393705645,-0.00247427717709327,-0.00457968840738377));
#4383=CARTESIAN_POINT('',(0.00334851434941206,-0.00259284647136659,-0.00325109149969522));
#4384=CARTESIAN_POINT('',(0.00455133236253932,-0.00271141576563991,0.00103049808154778));
#4385=CARTESIAN_POINT('',(0.00162150387948406,-0.00282998505991323,0.00437599478310514));
#4386=CARTESIAN_POINT('',(-0.00278136675591162,-0.00294855435418655,0.00374739391938995));
#4387=CARTESIAN_POINT('',(-0.0046580260812476,-0.00306712364845986,-0.000284587473794883));
#4388=CARTESIAN_POINT('',(-0.00230445559011383,-0.00318569294273319,-0.00405808091355441));
#4389=CARTESIAN_POINT('',(0.00214204419159308,-0.0033042622370065,-0.00414610642781254));
#4390=CARTESIAN_POINT('',(0.00464314264736857,-0.00342283153127982,-0.00046869661471865));
#4391=CARTESIAN_POINT('',(0.00292743011204548,-0.00354140082555314,0.00363437159545122));
#4392=CARTESIAN_POINT('',(-0.00144693585331982,-0.00365997011982645,0.00443676432559483));
#4393=CARTESIAN_POINT('',(-0.00450721350877709,-0.00377853941409978,0.00120975798429622));
#4394=CARTESIAN_POINT('',(-0.00347411480124309,-0.00389710870837309,-0.00311593045321652));
#4395=CARTESIAN_POINT('',(0.000714120229774741,-0.00401567800264641,-0.00461178136938527));
#4396=CARTESIAN_POINT('',(0.00425380213142431,-0.00413424729691973,-0.00191928656631768));
#4397=CARTESIAN_POINT('',(0.00393024979489551,-0.00425281659119305,0.00251627329092606));
#4398=CARTESIAN_POINT('',(3.73077303944615E-5,-0.00437138588546637,0.00466659432518748));
#4399=CARTESIAN_POINT('',(-0.00388951652231878,-0.00448995517973968,0.00257878954146361));
#4400=CARTESIAN_POINT('',(-0.00428394457201311,-0.00460852447401301,-0.00185103035049183));
#4401=CARTESIAN_POINT('',(-0.00078776314472077,-0.00472709376828632,-0.00459977430224706));
#4402=CARTESIAN_POINT('',(0.00342385206775009,-0.00484566306255965,-0.00317107732517667));
#4403=CARTESIAN_POINT('',(0.00452597999260593,-0.00496423235683296,0.00113754099519216));
#4404=CARTESIAN_POINT('',(0.00151768579180296,-0.00508280165110628,0.00441306290886666));
#4405=CARTESIAN_POINT('',(-0.00286894619544742,-0.00520137094537959,0.00368071217648509));
#4406=CARTESIAN_POINT('',(-0.00465004746368214,-0.00531994023965292,-0.00039440206319701));
#4407=CARTESIAN_POINT('',(-0.00220805053064903,-0.00543850953392622,-0.0041113267024843));
#4408=CARTESIAN_POINT('',(0.00223926232544612,-0.00555707882819956,-0.00409441065822719));
#4409=CARTESIAN_POINT('',(0.0046529132090951,-0.00567564812247286,-0.000359016809433818));
#4410=CARTESIAN_POINT('',(0.00284086326809426,-0.0057942174167462,0.00370243032244805));
#4411=CARTESIAN_POINT('',(-0.00155121293061783,-0.0059127867110195,0.00440138987644626));
#4412=CARTESIAN_POINT('',(-0.00453450253363343,-0.00603135600529284,0.0011030780448958));
#4413=CARTESIAN_POINT('',(-0.00339962998008593,-0.00614992529956613,-0.0031970314979874));
#4414=CARTESIAN_POINT('',(0.000822731758086365,-0.00626849459383947,-0.00459364853410263));
#4415=CARTESIAN_POINT('',(0.00429790176662527,-0.00638706388811277,-0.00181838796879921));
#4416=CARTESIAN_POINT('',(0.00386978662389954,-0.00650563318238611,0.00260830325808136));
#4417=CARTESIAN_POINT('',(-7.28063938014895E-5,-0.00662420247665942,0.00466617548208932));
#4418=CARTESIAN_POINT('',(-0.00394927781746115,-0.00674277177093274,0.00248630229882427));
#4419=CARTESIAN_POINT('',(-0.00423907874464483,-0.00686134106520605,-0.00195159058138092));
#4420=CARTESIAN_POINT('',(-0.000679016641569923,-0.00697991035947938,-0.00461708033296998));
#4421=CARTESIAN_POINT('',(0.00349771743736768,-0.00709847965375269,-0.00308941210086267));
#4422=CARTESIAN_POINT('',(0.00449788088302889,-0.00721704894802601,0.00124401043514209));
#4423=CARTESIAN_POINT('',(0.00141314136528256,-0.00733561824229934,0.00444764273321576));
#4424=CARTESIAN_POINT('',(-0.00295499037666275,-0.00745418753657264,0.00361199754629215));
#4425=CARTESIAN_POINT('',(-0.00463944745932264,-0.00757275683084597,-0.000504005627957045));
#4426=CARTESIAN_POINT('',(-0.00211043309436231,-0.00769132612511928,-0.00416227900969975));
#4427=CARTESIAN_POINT('',(0.0023352426106338,-0.00780989541939261,-0.00404043764336737));
#4428=CARTESIAN_POINT('',(0.00466008859440988,-0.00792846471366591,-0.000249135895048691));
#4429=CARTESIAN_POINT('',(0.00275271718374423,-0.00804703400793924,0.00376842705977136));
#4430=CARTESIAN_POINT('',(-0.00165462762980358,-0.00816560330221256,0.00436356526328481));
#4431=CARTESIAN_POINT('',(-0.00455926628555697,-0.00828417259648587,0.000995783785063585));
#4432=CARTESIAN_POINT('',(-0.00332325274062024,-0.0084027418907592,-0.0032763524850123));
#4433=CARTESIAN_POINT('',(0.000930885403606339,-0.00852131118503251,-0.00457295820767537));
#4434=CARTESIAN_POINT('',(0.00433960843251974,-0.00863988047930584,-0.0017164769462262));
#4435=CARTESIAN_POINT('',(0.0038071689632196,-0.00875844977357915,0.00269888102035829));
#4436=CARTESIAN_POINT('',(-0.000182879982847003,-0.00887701906785246,0.00466315873357246));
#4437=CARTESIAN_POINT('',(-0.00400684036519116,-0.0089955883621258,0.00239243077491885));
#4438=CARTESIAN_POINT('',(-0.00419185269891391,-0.00911415765639909,-0.00205106422316946));
#4439=CARTESIAN_POINT('',(-0.000569892268226738,-0.00923272695067244,-0.00463181583228414));
#4440=CARTESIAN_POINT('',(0.00356963577488023,-0.00935129624494573,-0.00300602672579496));
#4441=CARTESIAN_POINT('',(0.00446727689562794,-0.00946986553921908,0.0013497870691557));
#4442=CARTESIAN_POINT('',(0.00130781142171539,-0.00958843483349236,0.00447974668142341));
#4443=CARTESIAN_POINT('',(-0.00303939175539766,-0.00970700412776572,0.00354127120000065));
#4444=CARTESIAN_POINT('',(-0.00462625981614403,-0.00982557342203899,-0.000613327216086575));
#4445=CARTESIAN_POINT('',(-0.00201164945845782,-0.00994414271631236,-0.0042109165612456));
#4446=CARTESIAN_POINT('',(0.00242993955614456,-0.0100627120105856,-0.00398421008748852));
#4447=CARTESIAN_POINT('',(0.00466463728535674,-0.010181281304859,-0.000139125841896814));
#4448=CARTESIAN_POINT('',(0.0026631000113118,-0.0102998505991323,0.00383234400174647));
#4449=CARTESIAN_POINT('',(-0.00175723871262825,-0.0104184198934056,0.00432327622062087));
#4450=CARTESIAN_POINT('',(-0.00458126674344224,-0.0105369891876789,0.000888002024660681));
#4451=CARTESIAN_POINT('',(-0.00324545537931845,-0.0106555584819522,-0.00335397729098783));
#4452=CARTESIAN_POINT('',(0.00103934387686749,-0.0107741277762256,-0.00454947714846163));
#4453=CARTESIAN_POINT('',(0.0043773194291795,-0.0108926970704989,-0.00161407866504237));
#4454=CARTESIAN_POINT('',(0.00374550229778546,-0.0110112663647722,0.00278885595737832));
#4455=CARTESIAN_POINT('',(-0.00029916981057919,-0.0111298356590455,0.00465578750905485));
#4456=CARTESIAN_POINT('',(-0.00279730318540819,-0.0112088818552277,0.00308597108381148));
#4457=CARTESIAN_POINT('',(-0.00344176366321736,-0.0112484049533188,0.00194637583384008));
#4458=CARTESIAN_POINT('',(0.00338195122649254,-0.00200174747789846,0.00205437736757832));
#4459=CARTESIAN_POINT('',(0.00270173058416276,-0.00204127057598955,0.00317416824530032));
#4460=CARTESIAN_POINT('',(0.000153888629142778,-0.00212031677217177,0.00466642408577627));
#4461=CARTESIAN_POINT('',(-0.00383361927872747,-0.00223888606644509,0.00267268891625267));
#4462=CARTESIAN_POINT('',(-0.00432814246297045,-0.0023574553607184,-0.00175119792678783));
#4463=CARTESIAN_POINT('',(-0.000897587956639256,-0.00247602465499172,-0.0045831940818426));
#4464=CARTESIAN_POINT('',(0.00335107758083427,-0.00259459394926504,-0.00325358015556434));
#4465=CARTESIAN_POINT('',(0.00455481633092268,-0.00271316324353837,0.00103128691049923));
#4466=CARTESIAN_POINT('',(0.00162274511343483,-0.00283173253781168,0.00437934453352011));
#4467=CARTESIAN_POINT('',(-0.00278349584538878,-0.002950301832085,0.00375026248641498));
#4468=CARTESIAN_POINT('',(-0.00466159172187836,-0.00306887112635831,-0.00028480532072014));
#4469=CARTESIAN_POINT('',(-0.00230621961211383,-0.00318744042063165,-0.00406118730624863));
#4470=CARTESIAN_POINT('',(0.0021436838903988,-0.00330600971490496,-0.00414928020255759));
#4471=CARTESIAN_POINT('',(0.00464669689498099,-0.00342457900917827,-0.000469055394095105));
#4472=CARTESIAN_POINT('',(0.0029296710105654,-0.00354314830345159,0.00363715364578798));
#4473=CARTESIAN_POINT('',(-0.00144804345838229,-0.0036617175977249,0.00444016059407261));
#4474=CARTESIAN_POINT('',(-0.00451066370491985,-0.00378028689199823,0.00121068403368859));
#4475=CARTESIAN_POINT('',(-0.00347677417769895,-0.00389885618627155,-0.00311831564557758));
#4476=CARTESIAN_POINT('',(0.00071466687680121,-0.00401742548054487,-0.0046153116104668));
#4477=CARTESIAN_POINT('',(0.00425705834541934,-0.00413599477481818,-0.00192075574790739));
#4478=CARTESIAN_POINT('',(0.00393325833501814,-0.00425456406909151,0.00251819945581387));
#4479=CARTESIAN_POINT('',(3.73362888346712E-5,-0.00437313336336482,0.00467016652466488));
#4480=CARTESIAN_POINT('',(-0.00389249388180627,-0.00449170265763814,0.00258076356148987));
#4481=CARTESIAN_POINT('',(-0.00428722385953951,-0.00461027195191147,-0.00185244728309619));
#4482=CARTESIAN_POINT('',(-0.000788366164160171,-0.00472884124618478,-0.00460329535212062));
#4483=CARTESIAN_POINT('',(0.00342647296892873,-0.00484741054045811,-0.0031735047315408));
#4484=CARTESIAN_POINT('',(0.00452944455417646,-0.00496597983473142,0.00113841176369385));
#4485=CARTESIAN_POINT('',(0.00151884755475353,-0.00508454912900474,0.00441644103430852));
#4486=CARTESIAN_POINT('',(-0.00287114232551271,-0.00520311842327805,0.00368352969975733));
#4487=CARTESIAN_POINT('',(-0.00465360699681533,-0.00532168771755138,-0.000394703971343693));
#4488=CARTESIAN_POINT('',(-0.00220974075619726,-0.00544025701182468,-0.0041144738539345));
#4489=CARTESIAN_POINT('',(0.00224097644309837,-0.00555882630609802,-0.00409754486072999));
#4490=CARTESIAN_POINT('',(0.00465647493590821,-0.00567739560037132,-0.000359291630763822));
#4491=CARTESIAN_POINT('',(0.00284303790115093,-0.00579596489464466,0.00370526447059579));
#4492=CARTESIAN_POINT('',(-0.00155240035802933,-0.00591453418891796,0.00440475906637812));
#4493=CARTESIAN_POINT('',(-0.00453797361906579,-0.0060331034831913,0.00110392243258861));
#4494=CARTESIAN_POINT('',(-0.0034022323396638,-0.00615167277746459,-0.00319947877183435));
#4495=CARTESIAN_POINT('',(0.000823361545411227,-0.00627024207173793,-0.00459716489480369));
#4496=CARTESIAN_POINT('',(0.00430119173814942,-0.00638881136601123,-0.00181977991420933));
#4497=CARTESIAN_POINT('',(0.00387274888048159,-0.00650738066028457,0.00261029987036135));
#4498=CARTESIAN_POINT('',(-7.28621258715528E-5,-0.00662594995455788,0.00466974736094937));
#4499=CARTESIAN_POINT('',(-0.00395230092321506,-0.0067445192488312,0.00248820552142165));
#4500=CARTESIAN_POINT('',(-0.00424232368813489,-0.00686308854310451,-0.0019530844911509));
#4501=CARTESIAN_POINT('',(-0.000679536417389962,-0.00698165783737784,-0.00462061463031902));
#4502=CARTESIAN_POINT('',(0.00350039488124456,-0.00710022713165115,-0.00309177699387096));
#4503=CARTESIAN_POINT('',(0.00450132393520359,-0.00721879642592447,0.00124496270420956));
#4504=CARTESIAN_POINT('',(0.00141422310123276,-0.0073373657201978,0.00445104732893164));
#4505=CARTESIAN_POINT('',(-0.00295725237210175,-0.0074559350144711,0.00361476246967056));
#4506=CARTESIAN_POINT('',(-0.00464299887833075,-0.00757450430874443,-0.000504391435789338));
#4507=CARTESIAN_POINT('',(-0.0021120485954047,-0.00769307360301774,-0.00416546516428426));
#4508=CARTESIAN_POINT('',(0.00233703019958026,-0.00781164289729107,-0.00404353053043497));
#4509=CARTESIAN_POINT('',(0.00466365581385978,-0.00793021219156437,-0.00024932660438661));
#4510=CARTESIAN_POINT('',(0.00275482434245569,-0.0080487814858377,0.00377131172731164));
#4511=CARTESIAN_POINT('',(-0.00165589421942818,-0.00816735078011102,0.00436690549911139));
#4512=CARTESIAN_POINT('',(-0.00456275632722498,-0.00828592007438433,0.000996546040804867));
#4513=CARTESIAN_POINT('',(-0.00332579663470575,-0.00840448936865766,-0.00327886047774086));
#4514=CARTESIAN_POINT('',(0.000931597980728017,-0.00852305866293097,-0.0045764587302795));
#4515=CARTESIAN_POINT('',(0.00434293032979525,-0.0086416279572043,-0.00171779088046239));
#4516=CARTESIAN_POINT('',(0.00381008328703545,-0.00876019725147761,0.00270094696839205));
#4517=CARTESIAN_POINT('',(-0.000183019974398364,-0.00887876654575092,0.00466672830316225));
#4518=CARTESIAN_POINT('',(-0.00400990753410732,-0.00899733584002426,0.00239426214044333));
#4519=CARTESIAN_POINT('',(-0.00419506149166017,-0.00911590513429755,-0.00205263427833936));
#4520=CARTESIAN_POINT('',(-0.000570328511174137,-0.0092344744285709,-0.0046353614094101));
#4521=CARTESIAN_POINT('',(0.00357236827103502,-0.00935304372284419,-0.00300832778870093));
#4522=CARTESIAN_POINT('',(0.00447069652096495,-0.00947161301711754,0.00135082030845765));
#4523=CARTESIAN_POINT('',(0.00130881252936513,-0.00959018231139082,0.00448317585217174));
#4524=CARTESIAN_POINT('',(-0.00304171835867269,-0.00970875160566418,0.00354398198355038));
#4525=CARTESIAN_POINT('',(-0.00462980114023307,-0.00982732089993745,-0.000613796707756111));
#4526=CARTESIAN_POINT('',(-0.00201318934228818,-0.00994589019421082,-0.00421413994705788));
#4527=CARTESIAN_POINT('',(0.00243179963401028,-0.0100644594884841,-0.00398725993330768));
#4528=CARTESIAN_POINT('',(0.00466820798675306,-0.0101830287827575,-0.000139232340389095));
#4529=CARTESIAN_POINT('',(0.00266513856958487,-0.0103015980770308,0.00383527759663093));
#4530=CARTESIAN_POINT('',(-0.00175858384931113,-0.0104201673713041,0.00432658561586284));
#4531=CARTESIAN_POINT('',(-0.00458477362609077,-0.0105387366655774,0.00088868177527695));
#4532=CARTESIAN_POINT('',(-0.00324793972083221,-0.0106573059598507,-0.00335654470419995));
#4533=CARTESIAN_POINT('',(0.00104013947712649,-0.0107758752541241,-0.00455295969670982));
#4534=CARTESIAN_POINT('',(0.00438067019358876,-0.0108944445483974,-0.00161531421511636));
#4535=CARTESIAN_POINT('',(0.00374836941680597,-0.0110130138426707,0.00279099077971326));
#4536=CARTESIAN_POINT('',(-0.000299398820038022,-0.011131583136944,0.00465935143609624));
#4537=CARTESIAN_POINT('',(-0.00279944447395412,-0.0112106293331262,0.00308833334277909));
#4538=CARTESIAN_POINT('',(-0.00344439827542111,-0.0112501524312173,0.00194786575180851));
#4539=CARTESIAN_POINT('',(0.00338453807309427,-0.00200349495579691,0.00205594875603312));
#4540=CARTESIAN_POINT('',(0.00270379713158239,-0.00204301805388801,0.00317659615918458));
#4541=CARTESIAN_POINT('',(0.000154006338196128,-0.00212206425007024,0.00466999342267089));
#4542=CARTESIAN_POINT('',(-0.00383655160516844,-0.00224063354434356,0.00267473324976828));
#4543=CARTESIAN_POINT('',(-0.00433145304904114,-0.00235920283861687,-0.00175253741399581));
#4544=CARTESIAN_POINT('',(-0.000898274519572868,-0.00247777213289019,-0.00458669975630142));
#4545=CARTESIAN_POINT('',(0.00335364081225648,-0.0025963414271635,-0.00325606881143347));
#4546=CARTESIAN_POINT('',(0.00455830029930605,-0.00271491072143682,0.00103207573945067));
#4547=CARTESIAN_POINT('',(0.0016239863473856,-0.00283348001571015,0.00438269428393508));
#4548=CARTESIAN_POINT('',(-0.00278562493486594,-0.00295204930998347,0.00375313105344002));
#4549=CARTESIAN_POINT('',(-0.00466515736250911,-0.00307061860425678,-0.000285023167645397));
#4550=CARTESIAN_POINT('',(-0.00230798363411383,-0.0031891878985301,-0.00406429369894284));
#4551=CARTESIAN_POINT('',(0.00214532358920451,-0.00330775719280341,-0.00415245397730264));
#4552=CARTESIAN_POINT('',(0.00465025114259341,-0.00342632648707674,-0.000469414173471559));
#4553=CARTESIAN_POINT('',(0.00293191190908531,-0.00354489578135006,0.00363993569612475));
#4554=CARTESIAN_POINT('',(-0.00144915106344475,-0.00366346507562337,0.00444355686255039));
#4555=CARTESIAN_POINT('',(-0.00451411390106261,-0.00378203436989669,0.00121161008308096));
#4556=CARTESIAN_POINT('',(-0.0034794335541548,-0.00390060366417,-0.00312070083793863));
#4557=CARTESIAN_POINT('',(0.000715213523827679,-0.00401917295844332,-0.00461884185154832));
#4558=CARTESIAN_POINT('',(0.00426031455941438,-0.00413774225271664,-0.00192222492949708));
#4559=CARTESIAN_POINT('',(0.00393626687514077,-0.00425631154698997,0.00252012562070168));
#4560=CARTESIAN_POINT('',(3.73648472748809E-5,-0.00437488084126328,0.00467373872414228));
#4561=CARTESIAN_POINT('',(-0.00389547124129376,-0.00449345013553659,0.00258273758151613));
#4562=CARTESIAN_POINT('',(-0.00429050314706591,-0.00461201942980992,-0.00185386421570055));
#4563=CARTESIAN_POINT('',(-0.000788969183599572,-0.00473058872408323,-0.00460681640199417));
#4564=CARTESIAN_POINT('',(0.00342909387010736,-0.00484915801835656,-0.00317593213790494));
#4565=CARTESIAN_POINT('',(0.00453290911574699,-0.00496772731262987,0.00113928253219554));
#4566=CARTESIAN_POINT('',(0.00152000931770409,-0.00508629660690319,0.00441981915975039));
#4567=CARTESIAN_POINT('',(-0.00287333845557801,-0.0052048659011765,0.00368634722302956));
#4568=CARTESIAN_POINT('',(-0.00465716652994851,-0.00532343519544983,-0.000395005879490375));
#4569=CARTESIAN_POINT('',(-0.00221143098174549,-0.00544200448972313,-0.00411762100538471));
#4570=CARTESIAN_POINT('',(0.00224269056075063,-0.00556057378399647,-0.0041006790632328));
#4571=CARTESIAN_POINT('',(0.00466003666272132,-0.00567914307826977,-0.000359566452093826));
#4572=CARTESIAN_POINT('',(0.00284521253420761,-0.00579771237254311,0.00370809861874352));
#4573=CARTESIAN_POINT('',(-0.00155358778544084,-0.00591628166681641,0.00440812825630997));
#4574=CARTESIAN_POINT('',(-0.00454144470449816,-0.00603485096108975,0.00110476682028141));
#4575=CARTESIAN_POINT('',(-0.00340483469924169,-0.00615342025536304,-0.0032019260456813));
#4576=CARTESIAN_POINT('',(0.000823991332736088,-0.00627198954963638,-0.00460068125550475));
#4577=CARTESIAN_POINT('',(0.00430448170967358,-0.00639055884390968,-0.00182117185961946));
#4578=CARTESIAN_POINT('',(0.00387571113706364,-0.00650912813818302,0.00261229648264134));
#4579=CARTESIAN_POINT('',(-7.29178579416161E-5,-0.00662769743245633,0.00467331923980942));
#4580=CARTESIAN_POINT('',(-0.00395532402896897,-0.00674626672672965,0.00249010874401904));
#4581=CARTESIAN_POINT('',(-0.00424556863162496,-0.00686483602100296,-0.00195457840092087));
#4582=CARTESIAN_POINT('',(-0.00068005619321,-0.00698340531527629,-0.00462414892766805));
#4583=CARTESIAN_POINT('',(0.00350307232512144,-0.0071019746095496,-0.00309414188687925));
#4584=CARTESIAN_POINT('',(0.00450476698737828,-0.00722054390382292,0.00124591497327702));
#4585=CARTESIAN_POINT('',(0.00141530483718296,-0.00733911319809625,0.0044544519246475));
#4586=CARTESIAN_POINT('',(-0.00295951436754075,-0.00745768249236955,0.00361752739304896));
#4587=CARTESIAN_POINT('',(-0.00464655029733886,-0.00757625178664288,-0.000504777243621632));
#4588=CARTESIAN_POINT('',(-0.0021136640964471,-0.00769482108091619,-0.00416865131886877));
#4589=CARTESIAN_POINT('',(0.00233881778852671,-0.00781339037518952,-0.00404662341750257));
#4590=CARTESIAN_POINT('',(0.00466722303330967,-0.00793195966946282,-0.00024951731372453));
#4591=CARTESIAN_POINT('',(0.00275693150116716,-0.00805052896373616,0.00377419639485192));
#4592=CARTESIAN_POINT('',(-0.00165716080905277,-0.00816909825800947,0.00437024573493797));
#4593=CARTESIAN_POINT('',(-0.00456624636889298,-0.00828766755228278,0.000997308296546148));
#4594=CARTESIAN_POINT('',(-0.00332834052879126,-0.00840623684655611,-0.00328136847046943));
#4595=CARTESIAN_POINT('',(0.000932310557849694,-0.00852480614082942,-0.00457995925288363));
#4596=CARTESIAN_POINT('',(0.00434625222707077,-0.00864337543510275,-0.00171910481469858));
#4597=CARTESIAN_POINT('',(0.00381299761085129,-0.00876194472937606,0.00270301291642582));
#4598=CARTESIAN_POINT('',(-0.000183159965949723,-0.00888051402364937,0.00467029787275205));
#4599=CARTESIAN_POINT('',(-0.00401297470302348,-0.00899908331792271,0.00239609350596781));
#4600=CARTESIAN_POINT('',(-0.00419827028440643,-0.009117652612196,-0.00205420433350927));
#4601=CARTESIAN_POINT('',(-0.000570764754121535,-0.00923622190646935,-0.00463890698653605));
#4602=CARTESIAN_POINT('',(0.00357510076718981,-0.00935479120074264,-0.00301062885160692));
#4603=CARTESIAN_POINT('',(0.00447411614630196,-0.00947336049501599,0.0013518535477596));
#4604=CARTESIAN_POINT('',(0.00130981363701487,-0.00959192978928927,0.00448660502292007));
#4605=CARTESIAN_POINT('',(-0.00304404496194773,-0.00971049908356263,0.0035466927671001));
#4606=CARTESIAN_POINT('',(-0.0046333424643221,-0.0098290683778359,-0.000614266199425646));
#4607=CARTESIAN_POINT('',(-0.00201472922611854,-0.00994763767210927,-0.00421736333287015));
#4608=CARTESIAN_POINT('',(0.002433659711876,-0.0100662069663825,-0.00399030977912683));
#4609=CARTESIAN_POINT('',(0.00467177868814938,-0.0101847762606559,-0.000139338838881375));
#4610=CARTESIAN_POINT('',(0.00266717712785794,-0.0103033455549292,0.0038382111915154));
#4611=CARTESIAN_POINT('',(-0.001759928985994,-0.0104219148492025,0.0043298950111048));
#4612=CARTESIAN_POINT('',(-0.00458828050873931,-0.0105404841434758,0.000889361525893219));
#4613=CARTESIAN_POINT('',(-0.00325042406234597,-0.0106590534377491,-0.00335911211741206));
#4614=CARTESIAN_POINT('',(0.0010409350773855,-0.0107776227320225,-0.004556442244958));
#4615=CARTESIAN_POINT('',(0.00438402095799804,-0.0108961920262958,-0.00161654976519034));
#4616=CARTESIAN_POINT('',(0.00375123653582648,-0.0110147613205691,0.00279312560204819));
#4617=CARTESIAN_POINT('',(-0.000299627829496855,-0.0111333306148424,0.00466291536313763));
#4618=CARTESIAN_POINT('',(-0.00280158576250005,-0.0112123768110246,0.00309069560174669));
#4619=CARTESIAN_POINT('',(-0.00344703288762486,-0.0112518999091157,0.00194935566977694));
#4620=CARTESIAN_POINT('',(0.003387124919696,-0.00200524243369537,0.00205752014448791));
#4621=CARTESIAN_POINT('',(0.00270586367900203,-0.00204476553178647,0.00317902407306884));
#4622=CARTESIAN_POINT('',(0.000154124047249478,-0.00212381172796869,0.00467356275956552));
#4623=CARTESIAN_POINT('',(-0.00383948393160941,-0.00224238102224201,0.0026767775832839));
#4624=CARTESIAN_POINT('',(-0.00433476363511182,-0.00236095031651532,-0.00175387690120378));
#4625=CARTESIAN_POINT('',(-0.000898961082506479,-0.00247951961078864,-0.00459020543076024));
#4626=CARTESIAN_POINT('',(0.00335620404367869,-0.00259808890506196,-0.00325855746730259));
#4627=CARTESIAN_POINT('',(0.00456178426768941,-0.00271665819933528,0.00103286456840212));
#4628=CARTESIAN_POINT('',(0.00162522758133637,-0.0028352274936086,0.00438604403435006));
#4629=CARTESIAN_POINT('',(-0.00278775402434309,-0.00295379678788192,0.00375599962046506));
#4630=CARTESIAN_POINT('',(-0.00466872300313987,-0.00307236608215523,-0.000285241014570653));
#4631=CARTESIAN_POINT('',(-0.00230974765611383,-0.00319093537642856,-0.00406740009163706));
#4632=CARTESIAN_POINT('',(0.00214696328801023,-0.00330950467070187,-0.00415562775204769));
#4633=CARTESIAN_POINT('',(0.00465380539020582,-0.00342807396497519,-0.000469772952848014));
#4634=CARTESIAN_POINT('',(0.00293415280760524,-0.00354664325924851,0.00364271774646152));
#4635=CARTESIAN_POINT('',(-0.00145025866850722,-0.00366521255352182,0.00444695313102818));
#4636=CARTESIAN_POINT('',(-0.00451756409720536,-0.00378378184779515,0.00121253613247333));
#4637=CARTESIAN_POINT('',(-0.00348209293061065,-0.00390235114206846,-0.00312308603029969));
#4638=CARTESIAN_POINT('',(0.000715760170854148,-0.00402092043634178,-0.00462237209262985));
#4639=CARTESIAN_POINT('',(0.00426357077340942,-0.0041394897306151,-0.00192369411108679));
#4640=CARTESIAN_POINT('',(0.00393927541526341,-0.00425805902488842,0.00252205178558949));
#4641=CARTESIAN_POINT('',(3.73934057150907E-5,-0.00437662831916174,0.00467731092361968));
#4642=CARTESIAN_POINT('',(-0.00389844860078125,-0.00449519761343505,0.00258471160154238));
#4643=CARTESIAN_POINT('',(-0.00429378243459231,-0.00461376690770838,-0.0018552811483049));
#4644=CARTESIAN_POINT('',(-0.000789572203038973,-0.00473233620198169,-0.00461033745186773));
#4645=CARTESIAN_POINT('',(0.00343171477128601,-0.00485090549625502,-0.00317835954426907));
#4646=CARTESIAN_POINT('',(0.00453637367731752,-0.00496947479052833,0.00114015330069723));
#4647=CARTESIAN_POINT('',(0.00152117108065467,-0.00508804408480165,0.00442319728519225));
#4648=CARTESIAN_POINT('',(-0.0028755345856433,-0.00520661337907496,0.0036891647463018));
#4649=CARTESIAN_POINT('',(-0.0046607260630817,-0.00532518267334829,-0.000395307787637058));
#4650=CARTESIAN_POINT('',(-0.00221312120729372,-0.00544375196762159,-0.00412076815683491));
#4651=CARTESIAN_POINT('',(0.00224440467840289,-0.00556232126189493,-0.0041038132657356));
#4652=CARTESIAN_POINT('',(0.00466359838953442,-0.00568089055616823,-0.000359841273423831));
#4653=CARTESIAN_POINT('',(0.00284738716726429,-0.00579945985044157,0.00371093276689125));
#4654=CARTESIAN_POINT('',(-0.00155477521285233,-0.00591802914471487,0.00441149744624183));
#4655=CARTESIAN_POINT('',(-0.00454491578993052,-0.00603659843898821,0.00110561120797422));
#4656=CARTESIAN_POINT('',(-0.00340743705881956,-0.0061551677332615,-0.00320437331952824));
#4657=CARTESIAN_POINT('',(0.00082462112006095,-0.00627373702753484,-0.00460419761620581));
#4658=CARTESIAN_POINT('',(0.00430777168119773,-0.00639230632180814,-0.00182256380502958));
#4659=CARTESIAN_POINT('',(0.00387867339364569,-0.00651087561608148,0.00261429309492134));
#4660=CARTESIAN_POINT('',(-7.29735900116794E-5,-0.00662944491035479,0.00467689111866947));
#4661=CARTESIAN_POINT('',(-0.00395834713472288,-0.00674801420462811,0.00249201196661642));
#4662=CARTESIAN_POINT('',(-0.00424881357511502,-0.00686658349890142,-0.00195607231069085));
#4663=CARTESIAN_POINT('',(-0.000680575969030039,-0.00698515279317475,-0.00462768322501709));
#4664=CARTESIAN_POINT('',(0.00350574976899832,-0.00710372208744806,-0.00309650677988755));
#4665=CARTESIAN_POINT('',(0.00450821003955298,-0.00722229138172138,0.00124686724234449));
#4666=CARTESIAN_POINT('',(0.00141638657313316,-0.00734086067599471,0.00445785652036338));
#4667=CARTESIAN_POINT('',(-0.00296177636297974,-0.00745942997026801,0.00362029231642736));
#4668=CARTESIAN_POINT('',(-0.00465010171634697,-0.00757799926454134,-0.000505163051453925));
#4669=CARTESIAN_POINT('',(-0.00211527959748949,-0.00769656855881465,-0.00417183747345328));
#4670=CARTESIAN_POINT('',(0.00234060537747317,-0.00781513785308798,-0.00404971630457017));
#4671=CARTESIAN_POINT('',(0.00467079025275957,-0.00793370714736128,-0.000249708023062449));
#4672=CARTESIAN_POINT('',(0.00275903865987863,-0.00805227644163461,0.0037770810623922));
#4673=CARTESIAN_POINT('',(-0.00165842739867737,-0.00817084573590793,0.00437358597076454));
#4674=CARTESIAN_POINT('',(-0.00456973641056099,-0.00828941503018124,0.00099807055228743));
#4675=CARTESIAN_POINT('',(-0.00333088442287676,-0.00840798432445457,-0.00328387646319799));
#4676=CARTESIAN_POINT('',(0.000933023134971372,-0.00852655361872788,-0.00458345977548776));
#4677=CARTESIAN_POINT('',(0.00434957412434628,-0.00864512291300121,-0.00172041874893477));
#4678=CARTESIAN_POINT('',(0.00381591193466714,-0.00876369220727452,0.00270507886445958));
#4679=CARTESIAN_POINT('',(-0.000183299957501084,-0.00888226150154783,0.00467386744234184));
#4680=CARTESIAN_POINT('',(-0.00401604187193965,-0.00900083079582117,0.00239792487149229));
#4681=CARTESIAN_POINT('',(-0.00420147907715268,-0.00911940009009446,-0.00205577438867918));
#4682=CARTESIAN_POINT('',(-0.000571200997068934,-0.00923796938436781,-0.004642452563662));
#4683=CARTESIAN_POINT('',(0.0035778332633446,-0.0093565386786411,-0.00301292991451289));
#4684=CARTESIAN_POINT('',(0.00447753577163897,-0.00947510797291445,0.00135288678706155));
#4685=CARTESIAN_POINT('',(0.00131081474466462,-0.00959367726718773,0.0044900341936684));
#4686=CARTESIAN_POINT('',(-0.00304637156522276,-0.00971224656146109,0.00354940355064983));
#4687=CARTESIAN_POINT('',(-0.00463688378841114,-0.00983081585573436,-0.000614735691095182));
#4688=CARTESIAN_POINT('',(-0.0020162691099489,-0.00994938515000773,-0.00422058671868242));
#4689=CARTESIAN_POINT('',(0.00243551978974171,-0.010067954444281,-0.00399335962494599));
#4690=CARTESIAN_POINT('',(0.0046753493895457,-0.0101865237385544,-0.000139445337373656));
#4691=CARTESIAN_POINT('',(0.00266921568613101,-0.0103050930328277,0.00384114478639987));
#4692=CARTESIAN_POINT('',(-0.00176127412267688,-0.010423662327101,0.00433320440634676));
#4693=CARTESIAN_POINT('',(-0.00459178739138784,-0.0105422316213743,0.000890041276509488));
#4694=CARTESIAN_POINT('',(-0.00325290840385972,-0.0106608009156476,-0.00336167953062418));
#4695=CARTESIAN_POINT('',(0.0010417306776445,-0.010779370209921,-0.00455992479320619));
#4696=CARTESIAN_POINT('',(0.0043873717224073,-0.0108979395041943,-0.00161778531526433));
#4697=CARTESIAN_POINT('',(0.00375410365484699,-0.0110165087984676,0.00279526042438312));
#4698=CARTESIAN_POINT('',(-0.000299856838955688,-0.0111350780927409,0.00466647929017902));
#4699=CARTESIAN_POINT('',(-0.00280372705104599,-0.0112141242889231,0.0030930578607143));
#4700=CARTESIAN_POINT('',(-0.0034496674998286,-0.0112536473870142,0.00195084558774537));
#4701=CARTESIAN_POINT('',(0.00338838878448616,-0.00200609620515052,0.00205828788330101));
#4702=CARTESIAN_POINT('',(0.00270687333938124,-0.00204561930324162,0.0031802102875393));
#4703=CARTESIAN_POINT('',(0.000154181556777839,-0.00212466549942385,0.00467530664311172));
#4704=CARTESIAN_POINT('',(-0.00384091658870609,-0.00224323479369717,0.00267777639053749));
#4705=CARTESIAN_POINT('',(-0.00433638109985315,-0.00236180408797047,-0.00175453133920481));
#4706=CARTESIAN_POINT('',(-0.000899296518986337,-0.00248037338224379,-0.00459191821052511));
#4707=CARTESIAN_POINT('',(0.00335745637071709,-0.00259894267651711,-0.00325977335869935));
#4708=CARTESIAN_POINT('',(0.00456348644244024,-0.00271751197079044,0.00103324996935188));
#4709=CARTESIAN_POINT('',(0.00162583401539615,-0.00283608126506376,0.00438768063375354));
#4710=CARTESIAN_POINT('',(-0.00278879424111647,-0.00295465055933707,0.00375740112639847));
#4711=CARTESIAN_POINT('',(-0.00467046508078936,-0.00307321985361038,-0.000285347448813137));
#4712=CARTESIAN_POINT('',(-0.00231060951057917,-0.00319178914788372,-0.00406891779289851));
#4713=CARTESIAN_POINT('',(0.00214776440145299,-0.00331035844215703,-0.00415717837439595));
#4714=CARTESIAN_POINT('',(0.00465554190152807,-0.00342892773643035,-0.000469948242956454));
#4715=CARTESIAN_POINT('',(0.00293524765131794,-0.00354749703070367,0.00364407698263065));
#4716=CARTESIAN_POINT('',(-0.00145079981502859,-0.00366606632497697,0.00444861245792607));
#4717=CARTESIAN_POINT('',(-0.0045192497717332,-0.00378463561925031,0.00121298857569907));
#4718=CARTESIAN_POINT('',(-0.00348339223156807,-0.00390320491352361,-0.00312425137216452));
#4719=CARTESIAN_POINT('',(0.000716027248124572,-0.00402177420779693,-0.00462409687499642));
#4720=CARTESIAN_POINT('',(0.0042651616733935,-0.00414034350207026,-0.00192441191433045));
#4721=CARTESIAN_POINT('',(0.00394074530834799,-0.00425891279634358,0.0025229928587788));
#4722=CARTESIAN_POINT('',(3.7407358613194E-5,-0.0043774820906169,0.00467905620574807));
#4723=CARTESIAN_POINT('',(-0.00389990325983268,-0.00449605138489021,0.00258567605548587));
#4724=CARTESIAN_POINT('',(-0.00429538460769319,-0.00461462067916354,-0.00185597342407707));
#4725=CARTESIAN_POINT('',(-0.000789866822378491,-0.00473318997343685,-0.00461205774365333));
#4726=CARTESIAN_POINT('',(0.0034329952742412,-0.00485175926771018,-0.00317954551077863));
#4727=CARTESIAN_POINT('',(0.0045380663704132,-0.00497032856198349,0.00114057873514276));
#4728=CARTESIAN_POINT('',(0.00152173868728691,-0.00508889785625681,0.00442484774788294));
#4729=CARTESIAN_POINT('',(-0.00287660755667384,-0.00520746715053012,0.00369054131360843));
#4730=CARTESIAN_POINT('',(-0.00466246515676952,-0.00532603644480345,-0.000395455291967696));
#4731=CARTESIAN_POINT('',(-0.00221394700676571,-0.00544460573907675,-0.00412230577174588));
#4732=CARTESIAN_POINT('',(0.00224524215092461,-0.00556317503335009,-0.00410534455413355));
#4733=CARTESIAN_POINT('',(0.00466533855499619,-0.00568174432762339,-0.000359975543852678));
#4734=CARTESIAN_POINT('',(0.00284844963542533,-0.00580031362189673,0.00371231745667209));
#4735=CARTESIAN_POINT('',(-0.00155535535846099,-0.00591888291617003,0.00441314354327879));
#4736=CARTESIAN_POINT('',(-0.00454661167041244,-0.00603745221044337,0.00110602375345467));
#4737=CARTESIAN_POINT('',(-0.00340870850283932,-0.00615602150471666,-0.00320556899276412));
#4738=CARTESIAN_POINT('',(0.000824928817480907,-0.00627459079899,-0.00460591561698582));
#4739=CARTESIAN_POINT('',(0.00430937907421718,-0.0063931600932633,-0.00182324387271991));
#4740=CARTESIAN_POINT('',(0.00388012067381721,-0.00651172938753664,0.00261526858684211));
#4741=CARTESIAN_POINT('',(-7.30008192261942E-5,-0.00663029868180995,0.00467863624415271));
#4742=CARTESIAN_POINT('',(-0.00395982414418943,-0.00674886797608327,0.00249294183080977));
#4743=CARTESIAN_POINT('',(-0.00425039896862864,-0.00686743727035658,-0.00195680219546897));
#4744=CARTESIAN_POINT('',(-0.000680829917740133,-0.00698600656462991,-0.00462940998916862));
#4745=CARTESIAN_POINT('',(0.0035070578972195,-0.00710457585890322,-0.00309766220402582));
#4746=CARTESIAN_POINT('',(0.00450989222372708,-0.00722314515317654,0.00124733249580959));
#4747=CARTESIAN_POINT('',(0.00141691508069089,-0.00734171444744987,0.00445951991572943));
#4748=CARTESIAN_POINT('',(-0.00296288151408879,-0.00746028374172317,0.00362164318481789));
#4749=CARTESIAN_POINT('',(-0.00465183684568801,-0.0075788530359965,-0.000505351546950594));
#4750=CARTESIAN_POINT('',(-0.00211606888854547,-0.00769742233026981,-0.00417339414426346));
#4751=CARTESIAN_POINT('',(0.00234147874612487,-0.00781599162454314,-0.00405122740733986));
#4752=CARTESIAN_POINT('',(0.00467253310177832,-0.00793456091881644,-0.000249801198597941));
#4753=CARTESIAN_POINT('',(0.00276006816186027,-0.00805313021308977,0.00377849043461127));
#4754=CARTESIAN_POINT('',(-0.00165904622084835,-0.00817169950736309,0.00437521792159193));
#4755=CARTESIAN_POINT('',(-0.00457144155255797,-0.0082902688016364,0.000998442970269947));
#4756=CARTESIAN_POINT('',(-0.00333212730220421,-0.00840883809590973,-0.00328510180207255));
#4757=CARTESIAN_POINT('',(0.000933371281295068,-0.00852740739018304,-0.00458517003819276));
#4758=CARTESIAN_POINT('',(0.00435119711544293,-0.00864597668445637,-0.00172106070243004));
#4759=CARTESIAN_POINT('',(0.0038173357961576,-0.00876454597872968,0.00270608823199471));
#4760=CARTESIAN_POINT('',(-0.00018336835366828,-0.00888311527300299,0.00467561143957675));
#4761=CARTESIAN_POINT('',(-0.00401754040950118,-0.00900168456727633,0.00239881962822148));
#4762=CARTESIAN_POINT('',(-0.00420304680836959,-0.00912025386154962,-0.00205654147608456));
#4763=CARTESIAN_POINT('',(-0.000571414133828107,-0.00923882315582297,-0.00464418483881402));
#4764=CARTESIAN_POINT('',(0.00357916828865183,-0.00935739245009626,-0.0030140541529524));
#4765=CARTESIAN_POINT('',(0.00447920651008015,-0.00947596174436961,0.00135339160044038));
#4766=CARTESIAN_POINT('',(0.00131130385936852,-0.00959453103864289,0.00449170959574495));
#4767=CARTESIAN_POINT('',(-0.00304750828201069,-0.00971310033291625,0.00355072796775286));
#4768=CARTESIAN_POINT('',(-0.00463861398564187,-0.00983166962718952,-0.000614965072300082));
#4769=CARTESIAN_POINT('',(-0.00201702145643625,-0.00995023892146289,-0.0042221615796852));
#4770=CARTESIAN_POINT('',(0.00243642857456098,-0.0100688082157361,-0.00399484969890076));
#4771=CARTESIAN_POINT('',(0.00467709393975132,-0.0101873775100095,-0.000139497369718561));
#4772=CARTESIAN_POINT('',(0.00267021167175393,-0.0103059468042828,0.00384257806322447));
#4773=CARTESIAN_POINT('',(-0.00176193132086185,-0.0104245160985561,0.00433482128928068));
#4774=CARTESIAN_POINT('',(-0.00459350076144222,-0.0105430853928294,0.000890373384671376));
#4775=CARTESIAN_POINT('',(-0.00325412218737663,-0.0106616546871027,-0.00336293390077446));
#4776=CARTESIAN_POINT('',(0.00104211938687593,-0.0107802239813761,-0.00456162627411655));
#4777=CARTESIAN_POINT('',(0.00438900881722156,-0.0108987932756494,-0.00161838897233233));
#4778=CARTESIAN_POINT('',(0.00375550445332371,-0.0110173625699227,0.00279630344207909));
#4779=CARTESIAN_POINT('',(-0.000299968726916666,-0.011135931864196,0.0046682205306141));
#4780=CARTESIAN_POINT('',(-0.00280477322796153,-0.0112149780603782,0.00309421199793001));
#4781=CARTESIAN_POINT('',(-0.00345095470162781,-0.0112545011584693,0.00195157352223489));
#4782=CARTESIAN_POINT('',(0.00338965264927631,-0.00200694997660569,0.0020590556221141));
#4783=CARTESIAN_POINT('',(0.00270788299976045,-0.00204647307469679,0.00318139650200977));
#4784=CARTESIAN_POINT('',(0.000154239066306201,-0.00212551927087901,0.00467705052665792));
#4785=CARTESIAN_POINT('',(-0.00384234924580276,-0.00224408856515233,0.00267877519779108));
#4786=CARTESIAN_POINT('',(-0.00433799856459447,-0.00236265785942564,-0.00175518577720585));
#4787=CARTESIAN_POINT('',(-0.000899631955466194,-0.00248122715369896,-0.00459363099028997));
#4788=CARTESIAN_POINT('',(0.0033587086977555,-0.00259979644797228,-0.00326098925009611));
#4789=CARTESIAN_POINT('',(0.00456518861719107,-0.0027183657422456,0.00103363537030164));
#4790=CARTESIAN_POINT('',(0.00162644044945593,-0.00283693503651892,0.00438931723315702));
#4791=CARTESIAN_POINT('',(-0.00278983445788984,-0.00295550433079224,0.00375880263233187));
#4792=CARTESIAN_POINT('',(-0.00467220715843886,-0.00307407362506555,-0.00028545388305562));
#4793=CARTESIAN_POINT('',(-0.00231147136504451,-0.00319264291933888,-0.00407043549415995));
#4794=CARTESIAN_POINT('',(0.00214856551489575,-0.00331121221361219,-0.00415872899674419));
#4795=CARTESIAN_POINT('',(0.00465727841285032,-0.00342978150788551,-0.000470123533064893));
#4796=CARTESIAN_POINT('',(0.00293634249503064,-0.00354835080215883,0.00364543621879979));
#4797=CARTESIAN_POINT('',(-0.00145134096154996,-0.00366692009643214,0.00445027178482396));
#4798=CARTESIAN_POINT('',(-0.00452093544626103,-0.00378548939070547,0.0012134410189248));
#4799=CARTESIAN_POINT('',(-0.00348469153252548,-0.00390405868497878,-0.00312541671402934));
#4800=CARTESIAN_POINT('',(0.000716294325394996,-0.00402262797925209,-0.004625821657363));
#4801=CARTESIAN_POINT('',(0.00426675257337759,-0.00414119727352542,-0.0019251297175741));
#4802=CARTESIAN_POINT('',(0.00394221520143257,-0.00425976656779874,0.00252393393196811));
#4803=CARTESIAN_POINT('',(3.74213115112973E-5,-0.00437833586207205,0.00468080148787646));
#4804=CARTESIAN_POINT('',(-0.0039013579188841,-0.00449690515634537,0.00258664050942936));
#4805=CARTESIAN_POINT('',(-0.00429698678079408,-0.0046154744506187,-0.00185666569984922));
#4806=CARTESIAN_POINT('',(-0.000790161441718009,-0.004734043744892,-0.00461377803543893));
#4807=CARTESIAN_POINT('',(0.00343427577719639,-0.00485261303916534,-0.00318073147728819));
#4808=CARTESIAN_POINT('',(0.00453975906350887,-0.00497118233343865,0.00114100416958828));
#4809=CARTESIAN_POINT('',(0.00152230629391915,-0.00508975162771196,0.00442649821057363));
#4810=CARTESIAN_POINT('',(-0.00287768052770438,-0.00520832092198527,0.00369191788091506));
#4811=CARTESIAN_POINT('',(-0.00466420425045733,-0.0053268902162586,-0.000395602796298335));
#4812=CARTESIAN_POINT('',(-0.00221477280623769,-0.0054454595105319,-0.00412384338665683));
#4813=CARTESIAN_POINT('',(0.00224607962344633,-0.00556402880480524,-0.00410687584253151));
#4814=CARTESIAN_POINT('',(0.00466707872045796,-0.00568259809907854,-0.000360109814281524));
#4815=CARTESIAN_POINT('',(0.00284951210358637,-0.00580116739335189,0.00371370214645292));
#4816=CARTESIAN_POINT('',(-0.00155593550406965,-0.00591973668762518,0.00441478964031577));
#4817=CARTESIAN_POINT('',(-0.00454830755089435,-0.00603830598189853,0.00110643629893513));
#4818=CARTESIAN_POINT('',(-0.00340997994685907,-0.00615687527617181,-0.003206764666));
#4819=CARTESIAN_POINT('',(0.000825236514900865,-0.00627544457044516,-0.00460763361776584));
#4820=CARTESIAN_POINT('',(0.00431098646723662,-0.00639401386471845,-0.00182392394041024));
#4821=CARTESIAN_POINT('',(0.00388156795398873,-0.0065125831589918,0.00261624407876289));
#4822=CARTESIAN_POINT('',(-7.3028048440709E-5,-0.0066311524532651,0.00468038136963595));
#4823=CARTESIAN_POINT('',(-0.00396130115365599,-0.00674972174753842,0.00249387169500314));
#4824=CARTESIAN_POINT('',(-0.00425198436214226,-0.00686829104181173,-0.00195753208024708));
#4825=CARTESIAN_POINT('',(-0.000681083866450227,-0.00698686033608507,-0.00463113675332016));
#4826=CARTESIAN_POINT('',(0.00350836602544068,-0.00710542963035837,-0.0030988176281641));
#4827=CARTESIAN_POINT('',(0.00451157440790118,-0.0072239989246317,0.00124779774927468));
#4828=CARTESIAN_POINT('',(0.00141744358824862,-0.00734256821890502,0.00446118331109548));
#4829=CARTESIAN_POINT('',(-0.00296398666519784,-0.00746113751317832,0.00362299405320842));
#4830=CARTESIAN_POINT('',(-0.00465357197502905,-0.00757970680745165,-0.000505540042447264));
#4831=CARTESIAN_POINT('',(-0.00211685817960145,-0.00769827610172497,-0.00417495081507365));
#4832=CARTESIAN_POINT('',(0.00234235211477656,-0.0078168453959983,-0.00405273851010956));
#4833=CARTESIAN_POINT('',(0.00467427595079706,-0.0079354146902716,-0.000249894374133432));
#4834=CARTESIAN_POINT('',(0.00276109766384192,-0.00805398398454493,0.00377989980683033));
#4835=CARTESIAN_POINT('',(-0.00165966504301934,-0.00817255327881825,0.00437684987241933));
#4836=CARTESIAN_POINT('',(-0.00457314669455496,-0.00829112257309156,0.000998815388252465));
#4837=CARTESIAN_POINT('',(-0.00333337018153165,-0.00840969186736489,-0.00328632714094709));
#4838=CARTESIAN_POINT('',(0.000933719427618764,-0.0085282611616382,-0.00458688030089776));
#4839=CARTESIAN_POINT('',(0.00435282010653959,-0.00864683045591153,-0.00172170265592531));
#4840=CARTESIAN_POINT('',(0.00381875965764807,-0.00876539975018484,0.00270709759952984));
#4841=CARTESIAN_POINT('',(-0.000183436749835477,-0.00888396904445815,0.00467735543681165));
#4842=CARTESIAN_POINT('',(-0.00401903894706269,-0.00900253833873149,0.00239971438495067));
#4843=CARTESIAN_POINT('',(-0.00420461453958651,-0.00912110763300478,-0.00205730856348994));
#4844=CARTESIAN_POINT('',(-0.00057162727058728,-0.00923967692727813,-0.00464591711396605));
#4845=CARTESIAN_POINT('',(0.00358050331395908,-0.00935824622155142,-0.00301517839139192));
#4846=CARTESIAN_POINT('',(0.00448087724852134,-0.00947681551582477,0.00135389641381921));
#4847=CARTESIAN_POINT('',(0.00131179297407243,-0.00959538481009805,0.00449338499782149));
#4848=CARTESIAN_POINT('',(-0.00304864499879862,-0.00971395410437141,0.00355205238485588));
#4849=CARTESIAN_POINT('',(-0.00464034418287261,-0.00983252339864468,-0.000615194453504982));
#4850=CARTESIAN_POINT('',(-0.0020177738029236,-0.00995109269291805,-0.00422373644068796));
#4851=CARTESIAN_POINT('',(0.00243733735938025,-0.0100696619871913,-0.00399633977285554));
#4852=CARTESIAN_POINT('',(0.00467883848995694,-0.0101882312814647,-0.000139549402063466));
#4853=CARTESIAN_POINT('',(0.00267120765737683,-0.010306800575738,0.00384401134004906));
#4854=CARTESIAN_POINT('',(-0.0017625885190468,-0.0104253698700113,0.00433643817221461));
#4855=CARTESIAN_POINT('',(-0.00459521413149661,-0.0105439391642846,0.000890705492833264));
#4856=CARTESIAN_POINT('',(-0.00325533597089354,-0.0106625084585579,-0.00336418827092474));
#4857=CARTESIAN_POINT('',(0.00104250809610736,-0.0107810777528313,-0.00456332775502692));
#4858=CARTESIAN_POINT('',(0.00439064591203582,-0.0108996470471046,-0.00161899262940034));
#4859=CARTESIAN_POINT('',(0.00375690525180042,-0.0110182163413779,0.00279734645977505));
#4860=CARTESIAN_POINT('',(-0.000300080614877645,-0.0111367856356512,0.00466996177104918));
#4861=CARTESIAN_POINT('',(-0.00280581940487706,-0.0112158318318334,0.00309536613514571));
#4862=CARTESIAN_POINT('',(-0.00345224190342702,-0.0112553549299245,0.00195230145672442));
#4863=CARTESIAN_POINT('',(0.00339091651406647,-0.00200780374806084,0.0020598233609272));
#4864=CARTESIAN_POINT('',(0.00270889266013966,-0.00204732684615194,0.00318258271648023));
#4865=CARTESIAN_POINT('',(0.000154296575834563,-0.00212637304233416,0.00467879441020413));
#4866=CARTESIAN_POINT('',(-0.00384378190289944,-0.00224494233660749,0.00267977400504466));
#4867=CARTESIAN_POINT('',(-0.00433961602933579,-0.0023635116308808,-0.00175584021520688));
#4868=CARTESIAN_POINT('',(-0.000899967391946051,-0.00248208092515411,-0.00459534377005483));
#4869=CARTESIAN_POINT('',(0.0033599610247939,-0.00260065021942743,-0.00326220514149287));
#4870=CARTESIAN_POINT('',(0.0045668907919419,-0.00271921951370075,0.0010340207712514));
#4871=CARTESIAN_POINT('',(0.00162704688351572,-0.00283778880797408,0.00439095383256049));
#4872=CARTESIAN_POINT('',(-0.00279087467466322,-0.0029563581022474,0.00376020413826528));
#4873=CARTESIAN_POINT('',(-0.00467394923608836,-0.00307492739652071,-0.000285560317298103));
#4874=CARTESIAN_POINT('',(-0.00231233321950985,-0.00319349669079403,-0.0040719531954214));
#4875=CARTESIAN_POINT('',(0.0021493666283385,-0.00331206598506734,-0.00416027961909245));
#4876=CARTESIAN_POINT('',(0.00465901492417257,-0.00343063527934066,-0.000470298823173333));
#4877=CARTESIAN_POINT('',(0.00293743733874335,-0.00354920457361399,0.00364679545496892));
#4878=CARTESIAN_POINT('',(-0.00145188210807134,-0.0036677738678873,0.00445193111172186));
#4879=CARTESIAN_POINT('',(-0.00452262112078887,-0.00378634316216062,0.00121389346215053));
#4880=CARTESIAN_POINT('',(-0.0034859908334829,-0.00390491245643393,-0.00312658205589417));
#4881=CARTESIAN_POINT('',(0.00071656140266542,-0.00402348175070725,-0.00462754643972957));
#4882=CARTESIAN_POINT('',(0.00426834347336168,-0.00414205104498057,-0.00192584752081776));
#4883=CARTESIAN_POINT('',(0.00394368509451715,-0.0042606203392539,0.00252487500515742));
#4884=CARTESIAN_POINT('',(3.74352644094005E-5,-0.00437918963352721,0.00468254677000485));
#4885=CARTESIAN_POINT('',(-0.00390281257793554,-0.00449775892780052,0.00258760496337285));
#4886=CARTESIAN_POINT('',(-0.00429858895389496,-0.00461632822207385,-0.00185735797562139));
#4887=CARTESIAN_POINT('',(-0.000790456061057528,-0.00473489751634716,-0.00461549832722452));
#4888=CARTESIAN_POINT('',(0.00343555628015158,-0.00485346681062049,-0.00318191744379775));
#4889=CARTESIAN_POINT('',(0.00454145175660454,-0.0049720361048938,0.0011414296040338));
#4890=CARTESIAN_POINT('',(0.00152287390055138,-0.00509060539916712,0.00442814867326432));
#4891=CARTESIAN_POINT('',(-0.00287875349873493,-0.00520917469344043,0.00369329444822169));
#4892=CARTESIAN_POINT('',(-0.00466594334414515,-0.00532774398771376,-0.000395750300628973));
#4893=CARTESIAN_POINT('',(-0.00221559860570968,-0.00544631328198706,-0.0041253810015678));
#4894=CARTESIAN_POINT('',(0.00224691709596806,-0.0055648825762604,-0.00410840713092946));
#4895=CARTESIAN_POINT('',(0.00466881888591974,-0.0056834518705337,-0.000360244084710371));
#4896=CARTESIAN_POINT('',(0.00285057457174741,-0.00580202116480704,0.00371508683623375));
#4897=CARTESIAN_POINT('',(-0.0015565156496783,-0.00592059045908034,0.00441643573735274));
#4898=CARTESIAN_POINT('',(-0.00455000343137626,-0.00603915975335368,0.00110684884441559));
#4899=CARTESIAN_POINT('',(-0.00341125139087882,-0.00615772904762697,-0.00320796033923588));
#4900=CARTESIAN_POINT('',(0.000825544212320822,-0.00627629834190031,-0.00460935161854585));
#4901=CARTESIAN_POINT('',(0.00431259386025605,-0.00639486763617361,-0.00182460400810056));
#4902=CARTESIAN_POINT('',(0.00388301523416025,-0.00651343693044695,0.00261721957068366));
#4903=CARTESIAN_POINT('',(-7.30552776552238E-5,-0.00663200622472026,0.00468212649511919));
#4904=CARTESIAN_POINT('',(-0.00396277816312254,-0.00675057551899358,0.00249480155919649));
#4905=CARTESIAN_POINT('',(-0.00425356975565589,-0.00686914481326689,-0.0019582619650252));
#4906=CARTESIAN_POINT('',(-0.00068133781516032,-0.00698771410754022,-0.00463286351747169));
#4907=CARTESIAN_POINT('',(0.00350967415366187,-0.00710628340181353,-0.00309997305230238));
#4908=CARTESIAN_POINT('',(0.00451325659207528,-0.00722485269608685,0.00124826300273977));
#4909=CARTESIAN_POINT('',(0.00141797209580635,-0.00734342199036018,0.00446284670646153));
#4910=CARTESIAN_POINT('',(-0.00296509181630689,-0.00746199128463348,0.00362434492159895));
#4911=CARTESIAN_POINT('',(-0.00465530710437009,-0.00758056057890681,-0.000505728537943933));
#4912=CARTESIAN_POINT('',(-0.00211764747065743,-0.00769912987318012,-0.00417650748588384));
#4913=CARTESIAN_POINT('',(0.00234322548342825,-0.00781769916745346,-0.00405424961287926));
#4914=CARTESIAN_POINT('',(0.00467601879981581,-0.00793626846172676,-0.000249987549668924));
#4915=CARTESIAN_POINT('',(0.00276212716582356,-0.00805483775600009,0.00378130917904939));
#4916=CARTESIAN_POINT('',(-0.00166028386519033,-0.00817340705027341,0.00437848182324671));
#4917=CARTESIAN_POINT('',(-0.00457485183655194,-0.00829197634454672,0.000999187806234982));
#4918=CARTESIAN_POINT('',(-0.00333461306085908,-0.00841054563882005,-0.00328755247982164));
#4919=CARTESIAN_POINT('',(0.000934067573942459,-0.00852911493309336,-0.00458859056360276));
#4920=CARTESIAN_POINT('',(0.00435444309763625,-0.00864768422736669,-0.00172234460942057));
#4921=CARTESIAN_POINT('',(0.00382018351913854,-0.00876625352164,0.00270810696706498));
#4922=CARTESIAN_POINT('',(-0.000183505146002673,-0.00888482281591331,0.00467909943404656));
#4923=CARTESIAN_POINT('',(-0.00402053748462422,-0.00900339211018665,0.00240060914167987));
#4924=CARTESIAN_POINT('',(-0.00420618227080342,-0.00912196140445994,-0.00205807565089532));
#4925=CARTESIAN_POINT('',(-0.000571840407346452,-0.00924053069873329,-0.00464764938911807));
#4926=CARTESIAN_POINT('',(0.00358183833926632,-0.00935909999300658,-0.00301630262983144));
#4927=CARTESIAN_POINT('',(0.00448254798696253,-0.00947766928727993,0.00135440122719804));
#4928=CARTESIAN_POINT('',(0.00131228208877634,-0.00959623858155321,0.00449506039989803));
#4929=CARTESIAN_POINT('',(-0.00304978171558654,-0.00971480787582657,0.0035533768019589));
#4930=CARTESIAN_POINT('',(-0.00464207438010334,-0.00983337717009984,-0.000615423834709882));
#4931=CARTESIAN_POINT('',(-0.00201852614941095,-0.00995194646437321,-0.00422531130169074));
#4932=CARTESIAN_POINT('',(0.00243824614419952,-0.0100705157586464,-0.0039978298468103));
#4933=CARTESIAN_POINT('',(0.00468058304016256,-0.0101890850529198,-0.000139601434408371));
#4934=CARTESIAN_POINT('',(0.00267220364299975,-0.0103076543471931,0.00384544461687366));
#4935=CARTESIAN_POINT('',(-0.00176324571723176,-0.0104262236414664,0.00433805505514854));
#4936=CARTESIAN_POINT('',(-0.00459692750155099,-0.0105447929357397,0.000891037600995152));
#4937=CARTESIAN_POINT('',(-0.00325654975441045,-0.010663362230013,-0.00336544264107502));
#4938=CARTESIAN_POINT('',(0.0010428968053388,-0.0107819315242864,-0.00456502923593729));
#4939=CARTESIAN_POINT('',(0.00439228300685007,-0.0109005008185597,-0.00161959628646834));
#4940=CARTESIAN_POINT('',(0.00375830605027714,-0.011019070112833,0.00279838947747103));
#4941=CARTESIAN_POINT('',(-0.000300192502838623,-0.0111376394071063,0.00467170301148426));
#4942=CARTESIAN_POINT('',(-0.00280686558179259,-0.0112166856032885,0.00309652027236142));
#4943=CARTESIAN_POINT('',(-0.00345352910522622,-0.0112562087013796,0.00195302939121395));
#4944=CARTESIAN_POINT('',(0.00338338499171118,-0.011,0.00205743389125965));
#4945=CARTESIAN_POINT('',(0.00331419555216612,-0.011,0.00216027553823383));
#4946=CARTESIAN_POINT('',(0.00324006316601489,-0.011,0.00225944683357052));
#4947=CARTESIAN_POINT('',(0.0031610154102136,-0.011,0.0023545110830308));
#4948=CARTESIAN_POINT('',(0.00308267090809573,-0.011,0.0024487295869931));
#4949=CARTESIAN_POINT('',(0.00299949735545552,-0.011,0.00253891417050386));
#4950=CARTESIAN_POINT('',(0.00291192139288682,-0.011,0.00262492366972861));
#4951=CARTESIAN_POINT('',(0.00286083568051543,-0.011,0.00267509561657025));
#4952=CARTESIAN_POINT('',(0.00280825126972545,-0.011,0.00272384613985414));
#4953=CARTESIAN_POINT('',(0.00275424840233275,-0.011,0.00277114049427067));
#4954=CARTESIAN_POINT('',(0.00273709469234361,-0.011,0.00278616328248458));
#4955=CARTESIAN_POINT('',(0.00271979784307419,-0.011,0.00280103910698763));
#4956=CARTESIAN_POINT('',(0.00270236037531754,-0.011,0.00281576674301999));
#4957=CARTESIAN_POINT('',(0.00268845839813747,-0.011,0.00282750831369387));
#4958=CARTESIAN_POINT('',(0.00267446847648635,-0.011,0.00283915442692852));
#4959=CARTESIAN_POINT('',(0.00266039907681299,-0.011,0.0028506988034805));
#4960=CARTESIAN_POINT('',(0.00256597657604938,-0.011,0.0029281753788215));
#4961=CARTESIAN_POINT('',(0.00246788817127019,-0.011,0.00300114852270537));
#4962=CARTESIAN_POINT('',(0.00236656077583424,-0.011,0.00306948893052425));
#4963=CARTESIAN_POINT('',(0.0022716935821046,-0.011,0.00313347224599609));
#4964=CARTESIAN_POINT('',(0.00217398634594959,-0.011,0.00319339454566552));
#4965=CARTESIAN_POINT('',(0.00207377016027609,-0.011,0.00324911432651654));
#4966=CARTESIAN_POINT('',(0.00202992557904394,-0.011,0.00327349173063886));
#4967=CARTESIAN_POINT('',(0.0019856005861082,-0.011,0.00329706428584585));
#4968=CARTESIAN_POINT('',(0.00194082225250769,-0.011,0.00331981792364871));
#4969=CARTESIAN_POINT('',(0.00191544054153005,-0.011,0.00333271537230221));
#4970=CARTESIAN_POINT('',(0.00188991316837295,-0.011,0.00334534968051933));
#4971=CARTESIAN_POINT('',(0.00186424503222921,-0.011,0.0033577180842793));
#4972=CARTESIAN_POINT('',(0.00184119506392177,-0.011,0.00336882490220657));
#4973=CARTESIAN_POINT('',(0.0018180265822536,-0.011,0.00337971947899752));
#4974=CARTESIAN_POINT('',(0.00179477217322325,-0.011,0.00339038670807289));
#4975=CARTESIAN_POINT('',(0.00168359495210737,-0.011,0.00344138576309331));
#4976=CARTESIAN_POINT('',(0.0015703501754707,-0.011,0.00348724547814549));
#4977=CARTESIAN_POINT('',(0.00145545226892935,-0.011,0.00352783346748695));
#4978=CARTESIAN_POINT('',(0.00134081393362576,-0.011,0.00356832976260221));
#4979=CARTESIAN_POINT('',(0.0012245290564645,-0.011,0.00360357837756182));
#4980=CARTESIAN_POINT('',(0.00110699370677703,-0.011,0.0036333986689531));
#4981=CARTESIAN_POINT('',(0.000992551777905614,-0.011,0.00366243411807882));
#4982=CARTESIAN_POINT('',(0.000876923550627668,-0.011,0.00368632325864981));
#4983=CARTESIAN_POINT('',(0.00076047207141148,-0.011,0.00370485086765825));
#4984=CARTESIAN_POINT('',(0.000677985457907418,-0.011,0.00371797461442145));
#4985=CARTESIAN_POINT('',(0.00059508571711079,-0.011,0.00372840728924873));
#4986=CARTESIAN_POINT('',(0.000511904197550653,-0.011,0.00373605682900496));
#4987=CARTESIAN_POINT('',(0.000480751931995024,-0.011,0.00373892165396998));
#4988=CARTESIAN_POINT('',(0.000449560176781909,-0.011,0.00374139598964796));
#4989=CARTESIAN_POINT('',(0.00041833596737274,-0.011,0.00374347451033046));
#4990=CARTESIAN_POINT('',(0.000401886021125461,-0.011,0.00374456954377239));
#4991=CARTESIAN_POINT('',(0.000385427347190409,-0.011,0.00374555463208025));
#4992=CARTESIAN_POINT('',(0.000368974857016572,-0.011,0.00374642842755315));
#4993=CARTESIAN_POINT('',(0.000251788861056241,-0.011,0.00375265220229336));
#4994=CARTESIAN_POINT('',(0.000134737096145711,-0.011,0.00375324661918421));
#4995=CARTESIAN_POINT('',(1.81802586969497E-5,-0.011,0.00374804664177099));
#4996=CARTESIAN_POINT('',(-6.665383742764E-5,-0.011,0.00374426191842593));
#4997=CARTESIAN_POINT('',(-0.000151225935166515,-0.011,0.00373740664841507));
#4998=CARTESIAN_POINT('',(-0.000235395753464132,-0.011,0.00372739980325713));
#4999=CARTESIAN_POINT('',(-0.000352043714185008,-0.011,0.00371353167208454));
#5000=CARTESIAN_POINT('',(-0.000467920052114242,-0.011,0.00369361231757853));
#5001=CARTESIAN_POINT('',(-0.000582691607576845,-0.011,0.00366789893407667));
#5002=CARTESIAN_POINT('',(-0.000698452882765562,-0.011,0.00364196381407594));
#5003=CARTESIAN_POINT('',(-0.000813091000525354,-0.011,0.00361013382016271));
#5004=CARTESIAN_POINT('',(-0.000926239829793023,-0.011,0.0035726261655351));
#5005=CARTESIAN_POINT('',(-0.000954993812294073,-0.011,0.00356309452078192));
#5006=CARTESIAN_POINT('',(-0.000983651462973842,-0.011,0.00355319600210561));
#5007=CARTESIAN_POINT('',(-0.00101220643410232,-0.011,0.00354293375789102));
#5008=CARTESIAN_POINT('',(-0.00102774183602344,-0.011,0.00353735055881269));
#5009=CARTESIAN_POINT('',(-0.00104323802602646,-0.011,0.00353166285480277));
#5010=CARTESIAN_POINT('',(-0.00105869197947309,-0.011,0.00352587231361755));
#5011=CARTESIAN_POINT('',(-0.00116820263017084,-0.011,0.00348483906375845));
#5012=CARTESIAN_POINT('',(-0.00127562949659257,-0.011,0.00343863323346135));
#5013=CARTESIAN_POINT('',(-0.00138066112251803,-0.011,0.00338754021268703));
#5014=CARTESIAN_POINT('',(-0.00148632029309989,-0.011,0.00333614192050627));
#5015=CARTESIAN_POINT('',(-0.00158955624684915,-0.011,0.00327979732825478));
#5016=CARTESIAN_POINT('',(-0.00169002788963415,-0.011,0.00321874955243755));
#5017=CARTESIAN_POINT('',(-0.00178973769037833,-0.011,0.00315816468098643));
#5018=CARTESIAN_POINT('',(-0.00188672559134019,-0.011,0.00309294708423624));
#5019=CARTESIAN_POINT('',(-0.00198062439056948,-0.011,0.0030232964357999));
#5020=CARTESIAN_POINT('',(-0.00203764962564563,-0.011,0.00298099723034797));
#5021=CARTESIAN_POINT('',(-0.00209353484119908,-0.011,0.00293706233120096));
#5022=CARTESIAN_POINT('',(-0.00214819008942596,-0.011,0.00289153093517276));
#5023=CARTESIAN_POINT('',(-0.00216719401291048,-0.011,0.00287569942412242));
#5024=CARTESIAN_POINT('',(-0.0021860491775596,-0.011,0.0028596748653286));
#5025=CARTESIAN_POINT('',(-0.00220475161316686,-0.011,0.00284345880665622));
#5026=CARTESIAN_POINT('',(-0.00222049630969788,-0.011,0.00282980727334326));
#5027=CARTESIAN_POINT('',(-0.00223613540078626,-0.011,0.00281601753901771));
#5028=CARTESIAN_POINT('',(-0.00225164701842089,-0.011,0.00280210828276784));
#5029=CARTESIAN_POINT('',(-0.00233768402194145,-0.011,0.00272495896429402));
#5030=CARTESIAN_POINT('',(-0.00241992110170404,-0.011,0.00264403499231089));
#5031=CARTESIAN_POINT('',(-0.00249803967438689,-0.011,0.00255956670090785));
#5032=CARTESIAN_POINT('',(-0.00257525755614704,-0.011,0.00247607231136591));
#5033=CARTESIAN_POINT('',(-0.00264845191036099,-0.011,0.00238911426779622));
#5034=CARTESIAN_POINT('',(-0.00271727672155874,-0.011,0.00229888278255955));
#5035=CARTESIAN_POINT('',(-0.00278441586298498,-0.011,0.00221086126324147));
#5036=CARTESIAN_POINT('',(-0.00284739726700699,-0.011,0.00211972413025006));
#5037=CARTESIAN_POINT('',(-0.00290585629802071,-0.011,0.00202562558541773));
#5038=CARTESIAN_POINT('',(-0.00296431532903444,-0.011,0.00193152704058541));
#5039=CARTESIAN_POINT('',(-0.0030182525436394,-0.011,0.00183446664741172));
#5040=CARTESIAN_POINT('',(-0.00306725207593885,-0.011,0.0017345831675503));
#5041=CARTESIAN_POINT('',(0.00338090785419917,-0.0109999991569382,0.00205588769190191));
#5042=CARTESIAN_POINT('',(-0.00306725207593885,-0.011,0.0017345831675503));
#5043=CARTESIAN_POINT('',(0.0033793643798908,-0.002,0.00205280597912352));
#5044=CARTESIAN_POINT('',(0.00297268287123106,-0.00202364764608498,0.00272229204760806));
#5045=CARTESIAN_POINT('',(0.00176587360288815,-0.00207720299815719,0.00379702627012364));
#5046=CARTESIAN_POINT('',(-0.000639513778270912,-0.00213864046163681,0.00414038006202626));
#5047=CARTESIAN_POINT('',(-0.0028324047796836,-0.0022094384845243,0.00308693386130759));
#5048=CARTESIAN_POINT('',(-0.00406948946268947,-0.00228729183968443,0.000993039168653618));
#5049=CARTESIAN_POINT('',(-0.00393641627530571,-0.00234270641886051,-0.00143111060795445));
#5050=CARTESIAN_POINT('',(-0.00248063831445472,-0.00243034512720258,-0.00337574148236485));
#5051=CARTESIAN_POINT('',(-0.000186202354609404,-0.00248717563126087,-0.00418558147846107));
#5052=CARTESIAN_POINT('',(0.00216989232212107,-0.00256298036033636,-0.00358243847971667));
#5053=CARTESIAN_POINT('',(0.00379233467653651,-0.00263760395185469,-0.00177973079965557));
#5054=CARTESIAN_POINT('',(0.00414243495691718,-0.00269456550595852,0.000633283286660897));
#5055=CARTESIAN_POINT('',(0.00308983563334193,-0.00278254680588896,0.00282934616503629));
#5056=CARTESIAN_POINT('',(0.000997530714015761,-0.00283705090021394,0.00406814562882728));
#5057=CARTESIAN_POINT('',(-0.00142574298619257,-0.00291641014293148,0.00393842771974591));
#5058=CARTESIAN_POINT('',(-0.0033734269432304,-0.0029875590647651,0.00248419793997014));
#5059=CARTESIAN_POINT('',(-0.00418515387083292,-0.00304715594036696,0.000190421562765175));
#5060=CARTESIAN_POINT('',(-0.00358535480327881,-0.00313403952722615,-0.00216572358158101));
#5061=CARTESIAN_POINT('',(-0.00178222271360957,-0.00318684514691786,-0.00379051990760839));
#5062=CARTESIAN_POINT('',(0.000623028658433795,-0.00326970715629915,-0.00414300290870141));
#5063=CARTESIAN_POINT('',(0.00282016584205537,-0.00333698493462742,-0.00309736760902447));
#5064=CARTESIAN_POINT('',(0.0040657348104625,-0.00340005751917231,-0.001011915572856));
#5065=CARTESIAN_POINT('',(0.00394084868552935,-0.00348523999226093,0.00142438930494406));
#5066=CARTESIAN_POINT('',(0.00248458796964877,-0.00353757089733452,0.00337203707205243));
#5067=CARTESIAN_POINT('',(0.000196970969476174,-0.00362290164253407,0.00418430955386636));
#5068=CARTESIAN_POINT('',(-0.00216215824940527,-0.00368653283435134,0.00358872841983618));
#5069=CARTESIAN_POINT('',(-0.00379109387057495,-0.00375350724216019,0.00178177831701672));
#5070=CARTESIAN_POINT('',(-0.00414235427088139,-0.00383585470784976,-0.00062054456833302));
#5071=CARTESIAN_POINT('',(-0.0031014272529773,-0.00388839101230755,-0.00281608004039478));
#5072=CARTESIAN_POINT('',(-0.00101402070999525,-0.00397572939345232,-0.00406510021770732));
#5073=CARTESIAN_POINT('',(0.00141591080621808,-0.00403587002317077,-0.00394225523198116));
#5074=CARTESIAN_POINT('',(0.00336425598358551,-0.00410682562728341,-0.00249536445999448));
#5075=CARTESIAN_POINT('',(0.00418548149166711,-0.004186113352004,-0.000204448405005177));
#5076=CARTESIAN_POINT('',(0.00358978767996706,-0.00424018741476599,0.0021602490273824));
#5077=CARTESIAN_POINT('',(0.00178677995546413,-0.00432827557142499,0.00378891160363992));
#5078=CARTESIAN_POINT('',(-0.000620992938032142,-0.00438558402737338,0.00414328554285082));
#5079=CARTESIAN_POINT('',(-0.00281629207766112,-0.00446051396288537,0.00310033329585897));
#5080=CARTESIAN_POINT('',(-0.00406337383888539,-0.00453618569278399,0.00101785565776941));
#5081=CARTESIAN_POINT('',(-0.00394445573984666,-0.00459221927869729,-0.00141217372231868));
#5082=CARTESIAN_POINT('',(-0.00249453737406691,-0.00468035948549249,-0.00336560716565192));
#5083=CARTESIAN_POINT('',(-0.000205805693549469,-0.00473516267933946,-0.00418362892342342));
#5084=CARTESIAN_POINT('',(0.00214958975424393,-0.00481391223117404,-0.00359509931582153));
#5085=CARTESIAN_POINT('',(0.0037855608626195,-0.00488582942642257,-0.00179578007149513));
#5086=CARTESIAN_POINT('',(0.00414496101932773,-0.00494488466437678,0.000614950964412305));
#5087=CARTESIAN_POINT('',(0.00310190625384216,-0.00503216207681647,0.00281641890618184));
#5088=CARTESIAN_POINT('',(0.00101433006955354,-0.00508543935374451,0.00406401622863112));
#5089=CARTESIAN_POINT('',(-0.00140978687179963,-0.00516740810303644,0.00394429526745163));
#5090=CARTESIAN_POINT('',(-0.00336389680793261,-0.00523559359805389,0.00249730356939263));
#5091=CARTESIAN_POINT('',(-0.00418446786115532,-0.00529787672146914,0.000206211001032406));
#5092=CARTESIAN_POINT('',(-0.00359338279276861,-0.00538338262885821,-0.0021525352705125));
#5093=CARTESIAN_POINT('',(-0.00179579781761349,-0.00543564223046755,-0.00378422522630071));
#5094=CARTESIAN_POINT('',(0.000608841067397845,-0.00552058861355716,-0.00414524090899056));
#5095=CARTESIAN_POINT('',(0.0028100008204859,-0.00558503168025249,-0.00310668071884938));
#5096=CARTESIAN_POINT('',(0.0040625204238893,-0.00565102985554446,-0.0010250998073932));
#5097=CARTESIAN_POINT('',(0.00394531548143854,-0.00573435386202368,0.00141226856430734));
#5098=CARTESIAN_POINT('',(0.0024947567107013,-0.0057868079327019,0.00336463297883691));
#5099=CARTESIAN_POINT('',(0.000208870027895309,-0.00587361753072268,0.00418387045975891));
#5100=CARTESIAN_POINT('',(-0.00215249937396096,-0.00593467807914546,0.00359463376705278));
#5101=CARTESIAN_POINT('',(-0.00378646885889315,-0.00600465670764759,0.00179172603724186));
#5102=CARTESIAN_POINT('',(-0.00414401588019861,-0.00608474455762516,-0.000610081985520026));
#5103=CARTESIAN_POINT('',(-0.00310818599722464,-0.00613814751353391,-0.00280878943426027));
#5104=CARTESIAN_POINT('',(-0.00102322649997622,-0.00622622253811937,-0.00406289202847645));
#5105=CARTESIAN_POINT('',(0.00140749221316417,-0.00628418538604099,-0.00394534560438365));
#5106=CARTESIAN_POINT('',(0.00335916787156337,-0.00635806893296278,-0.0025023684852949));
#5107=CARTESIAN_POINT('',(0.00418519693243142,-0.00643484376269353,-0.000212452949276128));
#5108=CARTESIAN_POINT('',(0.00359375876440479,-0.00649039757618255,0.00215381658263503));
#5109=CARTESIAN_POINT('',(0.00179315308062656,-0.00657854648047864,0.00378602955663352));
#5110=CARTESIAN_POINT('',(-0.000614608733667017,-0.00663413174614471,0.0041443108083798));
#5111=CARTESIAN_POINT('',(-0.00281178912896386,-0.00671178806149107,0.00310453821511811));
#5112=CARTESIAN_POINT('',(-0.00406213081102298,-0.00678481339572561,0.00102326094666887));
#5113=CARTESIAN_POINT('',(-0.00394625217807687,-0.00684282198460597,-0.00140740380465945));
#5114=CARTESIAN_POINT('',(-0.00249830060212194,-0.00693039773773456,-0.00336292935956424));
#5115=CARTESIAN_POINT('',(-0.000209981294222822,-0.00698400126815138,-0.00418350568341626));
#5116=CARTESIAN_POINT('',(0.00214645789193943,-0.00706514987110432,-0.00359709495034981));
#5117=CARTESIAN_POINT('',(0.00378430151930624,-0.00713441606222338,-0.00179865413432721));
#5118=CARTESIAN_POINT('',(0.00414544816281824,-0.0071957929430377,0.000612255252922207));
#5119=CARTESIAN_POINT('',(0.0031034696970659,-0.00728199040758797,0.00281485286495296));
#5120=CARTESIAN_POINT('',(0.00101602564975268,-0.00733461331738442,0.00406367630071791));
#5121=CARTESIAN_POINT('',(-0.00140857384903445,-0.00741856214802497,0.0039448311894849));
#5122=CARTESIAN_POINT('',(-0.00336351076712308,-0.00748420033340341,0.00249797823577316));
#5123=CARTESIAN_POINT('',(-0.00418453003867673,-0.00754902332491321,0.000206606560549954));
#5124=CARTESIAN_POINT('',(-0.00359341545991467,-0.00763299970905142,-0.00215267372094334));
#5125=CARTESIAN_POINT('',(-0.00179532171890503,-0.00768521428936431,-0.00378453999365247));
#5126=CARTESIAN_POINT('',(0.000609812605741285,-0.00777160113939372,-0.00414519188712272));
#5127=CARTESIAN_POINT('',(0.00281116739374177,-0.00783371645242986,-0.00310574882426157));
#5128=CARTESIAN_POINT('',(0.00406306700796785,-0.00790234613620981,-0.00102328244818608));
#5129=CARTESIAN_POINT('',(0.00394460341637307,-0.00798378979482376,0.00141456148828175));
#5130=CARTESIAN_POINT('',(0.00249248825523979,-0.00803679913992581,0.00336641187007227));
#5131=CARTESIAN_POINT('',(0.000205630524446018,-0.00812446210624162,0.00418411625327816));
#5132=CARTESIAN_POINT('',(-0.00215574678109883,-0.00818349723004857,0.00359278271875079));
#5133=CARTESIAN_POINT('',(-0.00378830502074038,-0.00825607843421004,0.00178805644811016));
#5134=CARTESIAN_POINT('',(-0.00414342267320774,-0.0083340218686613,-0.000614699575067599));
#5135=CARTESIAN_POINT('',(-0.00310489803729265,-0.00838856991721258,-0.00281251433790978));
#5136=CARTESIAN_POINT('',(-0.00101804401800341,-0.00847686315399128,-0.00406429031570475));
#5137=CARTESIAN_POINT('',(0.00141304627619208,-0.0085331945390549,-0.00394345454575683));
#5138=CARTESIAN_POINT('',(0.00336297851998489,-0.00860953243337171,-0.00249738464548428));
#5139=CARTESIAN_POINT('',(0.00418562132425048,-0.00868401565667323,-0.000205730776502234));
#5140=CARTESIAN_POINT('',(0.00359014322022564,-0.00874116885872113,0.00215997024110779));
#5141=CARTESIAN_POINT('',(0.00178643228721867,-0.00882899661410973,0.00378928942298676));
#5142=CARTESIAN_POINT('',(-0.000622462840360027,-0.00888337016715786,0.00414323375318038));
#5143=CARTESIAN_POINT('',(-0.00281805517876803,-0.0089632426625444,0.00309896468772559));
#5144=CARTESIAN_POINT('',(-0.00406431972116663,-0.00903392861278525,0.00101477859084981));
#5145=CARTESIAN_POINT('',(-0.003943264500026,-0.0090938827092195,-0.00141592821940235));
#5146=CARTESIAN_POINT('',(-0.00249078254611282,-0.0091806488569102,-0.00336863611043919));
#5147=CARTESIAN_POINT('',(-0.000199987804609036,-0.0092335257601957,-0.00418406924871661));
#5148=CARTESIAN_POINT('',(0.00215523518351621,-0.00931653403683548,-0.00359189720689616));
#5149=CARTESIAN_POINT('',(0.00378891186381561,-0.00938352192783729,-0.00178912307217068));
#5150=CARTESIAN_POINT('',(0.00414389235114406,-0.00944707644962454,0.000623133640451732));
#5151=CARTESIAN_POINT('',(0.00309592627861065,-0.0095320613945586,0.00282326594508138));
#5152=CARTESIAN_POINT('',(0.00100460357706716,-0.00958444300220677,0.00406660904742463));
#5153=CARTESIAN_POINT('',(-0.00142003726123762,-0.00966984757824925,0.00394077952834603));
#5154=CARTESIAN_POINT('',(-0.0033709261331932,-0.00973334696824097,0.00248803416897228));
#5155=CARTESIAN_POINT('',(-0.00418521331083616,-0.00980047116877629,0.000193956017984811));
#5156=CARTESIAN_POINT('',(-0.0035867121483955,-0.00988289129531563,-0.00216400577686854));
#5157=CARTESIAN_POINT('',(-0.00178311751830374,-0.00993540571259988,-0.00379034740817664));
#5158=CARTESIAN_POINT('',(0.000623317520386944,-0.0100227315295273,-0.0041432256904068));
#5159=CARTESIAN_POINT('',(0.00282160664932948,-0.0100829470044777,-0.00309639289790728));
#5160=CARTESIAN_POINT('',(0.00406663797532175,-0.0101539133155284,-0.00100925823211983));
#5161=CARTESIAN_POINT('',(0.00393968251571918,-0.0102335205268107,0.00142845327399123));
#5162=CARTESIAN_POINT('',(0.00248025891028521,-0.0102873424739153,0.00337549355402223));
#5163=CARTESIAN_POINT('',(0.000190402550715658,-0.010375438057118,0.00418485913767245));
#5164=CARTESIAN_POINT('',(-0.00216909621961175,-0.0104328396009923,0.00358480268531945));
#5165=CARTESIAN_POINT('',(-0.00379511803309913,-0.010507741627174,0.00177378099071596));
#5166=CARTESIAN_POINT('',(-0.00414103508679083,-0.0105836237956203,-0.0006309396427048));
#5167=CARTESIAN_POINT('',(-0.00309389754365128,-0.0106393108723642,-0.00282460676057049));
#5168=CARTESIAN_POINT('',(-0.00100194665638037,-0.0107278031736766,-0.0040683773422707));
#5169=CARTESIAN_POINT('',(0.00142893811946657,-0.010782484734835,-0.00393768488215311));
#5170=CARTESIAN_POINT('',(0.00337368443814667,-0.0108619155919674,-0.00248381292097026));
#5171=CARTESIAN_POINT('',(0.00418516832134262,-0.0109317910521757,-0.000186944286680133));
#5172=CARTESIAN_POINT('',(0.00378565709491995,-0.0109758577034033,0.00138469231438066));
#5173=CARTESIAN_POINT('',(0.00337836703119746,-0.0109966350417491,0.00205444693348795));
#5174=CARTESIAN_POINT('',(0.0035237499828653,-0.00243634076216023,3.47500824294438E-7));
#5175=CARTESIAN_POINT('',(0.00352385587812653,-0.00239997938421157,-0.00107345836916144));
#5176=CARTESIAN_POINT('',(0.00247238567685204,-0.00232725662831425,-0.00320508973670184));
#5177=CARTESIAN_POINT('',(-0.00103160929746161,-0.00221817249446828,-0.00391718037352615));
#5178=CARTESIAN_POINT('',(-0.00373034313444894,-0.0021090883606223,-0.00157156967859662));
#5179=CARTESIAN_POINT('',(-0.00359548878577499,-0.00203636560472499,0.000801457117689955));
#5180=CARTESIAN_POINT('',(-0.00306649466137945,-0.00200000422677633,0.00173592181685447));
#5181=CARTESIAN_POINT('',(0.00352389060679175,-0.0024363527853282,3.48459494538506E-7));
#5182=CARTESIAN_POINT('',(0.00352374998228977,-0.00243618090078213,3.5328864426981E-7));
#5183=CARTESIAN_POINT('',(0.00352368335600232,-0.00245490586328627,0.000664893128895312));
#5184=CARTESIAN_POINT('',(0.00314640252893921,-0.00251075465414676,0.00196873604104097));
#5185=CARTESIAN_POINT('',(0.0016135990860044,-0.00256225595204515,0.0033451733582536));
#5186=CARTESIAN_POINT('',(-0.000407544337954202,-0.00264615429437712,0.00368972432291386));
#5187=CARTESIAN_POINT('',(-0.00230635975983576,-0.00269507639393665,0.00291043065702179));
#5188=CARTESIAN_POINT('',(-0.00350112184760938,-0.00277825477375072,0.0012366122651845));
#5189=CARTESIAN_POINT('',(-0.00362289038141223,-0.00283350372117657,-0.00081050375079072));
#5190=CARTESIAN_POINT('',(-0.00263942359542242,-0.0029060564219616,-0.00261211480751253));
#5191=CARTESIAN_POINT('',(-0.000844270610541136,-0.00297431891976622,-0.00361581524443404));
#5192=CARTESIAN_POINT('',(0.00120342382097827,-0.00303301561721577,-0.00351198795628379));
#5193=CARTESIAN_POINT('',(0.00288611011038526,-0.00311322971701871,-0.00233640665664364));
#5194=CARTESIAN_POINT('',(0.00368755112337441,-0.00316316159235401,-0.000442100727746128));
#5195=CARTESIAN_POINT('',(0.00335597759726675,-0.00324781275877324,0.00158906427218414));
#5196=CARTESIAN_POINT('',(0.00200017091025058,-0.00329948716342257,0.0031274592241755));
#5197=CARTESIAN_POINT('',(3.32765547638743E-5,-0.00337698651943334,0.00371330316749063));
#5198=CARTESIAN_POINT('',(-0.00194811021688763,-0.00343987849634251,0.00316101724047338));
#5199=CARTESIAN_POINT('',(-0.00332813596927222,-0.00350386180321865,0.00164476881844366));
#5200=CARTESIAN_POINT('',(-0.00369459131374664,-0.00357989357712198,-0.000375052323037385));
#5201=CARTESIAN_POINT('',(-0.00292748894731016,-0.00363231159747488,-0.00228384999567231));
#5202=CARTESIAN_POINT('',(-0.00126975095608506,-0.00371630101299504,-0.00348851267180939));
#5203=CARTESIAN_POINT('',(0.000779422934781531,-0.00376591842056058,-0.0036310390931079));
#5204=CARTESIAN_POINT('',(0.00259118661397222,-0.00384756348206503,-0.00265855380790435));
#5205=CARTESIAN_POINT('',(0.00360756602421504,-0.00390502157247258,-0.000880425207709579));
#5206=CARTESIAN_POINT('',(0.00352124111030751,-0.0039750424761378,0.001179942749303));
#5207=CARTESIAN_POINT('',(0.00235774011981881,-0.00404593901842881,0.0028682585300517));
#5208=CARTESIAN_POINT('',(0.000468918568936848,-0.00410230504337117,0.00368344991056045));
#5209=CARTESIAN_POINT('',(-0.00155659491004965,-0.00418418573040536,0.00337030325154136));
#5210=CARTESIAN_POINT('',(-0.0031109777839782,-0.00423343046385992,0.00202794239159195));
#5211=CARTESIAN_POINT('',(-0.00371240549278513,-0.00431749130895124,6.16731542829956E-5));
#5212=CARTESIAN_POINT('',(-0.00317888569227256,-0.00437084044380466,-0.00191761782491607));
#5213=CARTESIAN_POINT('',(-0.00167392877360827,-0.00444590344342187,-0.00331490791264819));
#5214=CARTESIAN_POINT('',(0.000346825410928713,-0.00451156787024282,-0.00369672208955237));
#5215=CARTESIAN_POINT('',(0.00225511285211904,-0.00457271605565731,-0.0029488657190037));
#5216=CARTESIAN_POINT('',(0.00347872103926043,-0.00465106675666426,-0.00130024324673037));
#5217=CARTESIAN_POINT('',(0.0036366536222457,-0.00470206703555056,0.000753765625201487));
#5218=CARTESIAN_POINT('',(0.00267815808767104,-0.00478665684643837,0.00257128134504689));
#5219=CARTESIAN_POINT('',(0.000904917331138597,-0.00483711369709124,0.00360059627416243));
#5220=CARTESIAN_POINT('',(-0.00114732214384324,-0.00491667751180669,0.00353188406860103));
#5221=CARTESIAN_POINT('',(-0.00285061461283029,-0.00497709853614077,0.00237906183796998));
#5222=CARTESIAN_POINT('',(-0.00367805552240222,-0.00504370143429268,0.000504087629969772));
#5223=CARTESIAN_POINT('',(-0.00338443121296806,-0.00511745967612147,-0.00152883371246875));
#5224=CARTESIAN_POINT('',(-0.00205102260067927,-0.00517158048756757,-0.0030948201686643));
#5225=CARTESIAN_POINT('',(-9.72305678768402E-5,-0.00525473460183775,-0.00371143447640551));
#5226=CARTESIAN_POINT('',(0.00189215016265854,-0.00530402280306878,-0.0031948441505641));
#5227=CARTESIAN_POINT('',(0.0033013134902226,-0.0053868706363284,-0.00170134643182728));
#5228=CARTESIAN_POINT('',(0.00369946404713291,-0.00544275763490526,0.000321229246402633));
#5229=CARTESIAN_POINT('',(0.00296509948780191,-0.00551479465332253,0.00223353448689776));
#5230=CARTESIAN_POINT('',(0.00132449726639552,-0.00558334650894078,0.00346955789298904));
#5231=CARTESIAN_POINT('',(-0.000725113628505221,-0.00564190168671493,0.00364131573315766));
#5232=CARTESIAN_POINT('',(-0.00254602535559726,-0.0057222538188133,0.00270197173419365));
#5233=CARTESIAN_POINT('',(-0.00359423134997875,-0.00577202216758956,0.000934403823572541));
#5234=CARTESIAN_POINT('',(-0.00353958453432079,-0.00585658895547687,-0.00112075672828269));
#5235=CARTESIAN_POINT('',(-0.00240544396653245,-0.00590837097734173,-0.00282788064263293));
#5236=CARTESIAN_POINT('',(-0.000533620809030049,-0.00598571296227969,-0.00367525918234317));
#5237=CARTESIAN_POINT('',(0.00150342926660428,-0.00604887458474724,-0.00339439466348184));
#5238=CARTESIAN_POINT('',(0.00307506785673475,-0.00611246969214877,-0.00208144449409908));
#5239=CARTESIAN_POINT('',(0.00371190980824775,-0.00618907774582714,-0.000120802615545174));
#5240=CARTESIAN_POINT('',(0.00320834683903534,-0.00624109550828938,0.00186905010452062));
#5241=CARTESIAN_POINT('',(0.00172184900113562,-0.00632541106684436,0.00328963283233433));
#5242=CARTESIAN_POINT('',(-0.000286154175478202,-0.00637499161507794,0.00370146756529554));
#5243=CARTESIAN_POINT('',(-0.00221103070948013,-0.00645630614794178,0.00298377604512199));
#5244=CARTESIAN_POINT('',(-0.00345900972344063,-0.00651443757438333,0.00134916243639552));
#5245=CARTESIAN_POINT('',(-0.00364762381495486,-0.00658361081319653,-0.000691189325800223));
#5246=CARTESIAN_POINT('',(-0.00272230354973508,-0.00665501971593668,-0.00252614034989674));
#5247=CARTESIAN_POINT('',(-0.00096030743244656,-0.00671106368285495,-0.00358631412166902));
#5248=CARTESIAN_POINT('',(0.00108805700121097,-0.00679308464743534,-0.00354978005839725));
#5249=CARTESIAN_POINT('',(0.00281043596352913,-0.00684240157190345,-0.00242684111415044));
#5250=CARTESIAN_POINT('',(0.00367111975841682,-0.0069262188273979,-0.000562256548818914));
#5251=CARTESIAN_POINT('',(0.00340489510363237,-0.0069802689512036,0.00148161559747627));
#5252=CARTESIAN_POINT('',(0.00210065383401971,-0.00705468434057698,0.00306079837413652));
#5253=CARTESIAN_POINT('',(0.000150946941661066,-0.00712079196069232,0.0037108039811724));
#5254=CARTESIAN_POINT('',(-0.00184631765659326,-0.00718166923477861,0.00322106391515009));
#5255=CARTESIAN_POINT('',(-0.00327365719217107,-0.00726027206901307,0.00175126544367852));
#5256=CARTESIAN_POINT('',(-0.00370473320097052,-0.00731093936503935,-0.000258982793059827));
#5257=CARTESIAN_POINT('',(-0.00299846353810342,-0.00739558883988039,-0.00218936516302222));
#5258=CARTESIAN_POINT('',(-0.00137991164199298,-0.00744617349751866,-0.00344670937887217));
#5259=CARTESIAN_POINT('',(0.00066516377722007,-0.007525504714564,-0.00365378815709871));
#5260=CARTESIAN_POINT('',(0.00250626294530966,-0.00758629862690637,-0.00273871223201733));
#5261=CARTESIAN_POINT('',(0.00357796745857741,-0.00765240258950165,-0.000993422382811281));
#5262=CARTESIAN_POINT('',(0.00355704658917719,-0.00772685547668307,0.00106816825113963));
#5263=CARTESIAN_POINT('',(0.00244518826423656,-0.00778045994019623,0.00279433565228824));
#5264=CARTESIAN_POINT('',(0.000583541482291665,-0.00786407559557818,0.00366679781683841));
#5265=CARTESIAN_POINT('',(-0.0014509825673247,-0.00791319932737803,0.00341734394467251));
#5266=CARTESIAN_POINT('',(-0.00304728466878268,-0.00799588993404356,0.00212278017589581));
#5267=CARTESIAN_POINT('',(-0.0037085697960412,-0.00805198876253666,0.00017574924842786));
#5268=CARTESIAN_POINT('',(-0.00323691932846899,-0.00812358774810456,-0.00181831780753364));
#5269=CARTESIAN_POINT('',(-0.00177385524042357,-0.00819267269259081,-0.00326281747247949));
#5270=CARTESIAN_POINT('',(0.00023390025390013,-0.00825075675931397,-0.00370530974732596));
#5271=CARTESIAN_POINT('',(0.00216383410507734,-0.00833142773281959,-0.00301684741058822));
#5272=CARTESIAN_POINT('',(0.0034384069230953,-0.00838110502664114,-0.00140386923120207));
#5273=CARTESIAN_POINT('',(0.0036577140990626,-0.00846565763968262,0.000643720272717069));
#5274=CARTESIAN_POINT('',(0.00275387363146982,-0.00851802556079457,0.00248989974505505));
#5275=CARTESIAN_POINT('',(0.00101355519533578,-0.008594616134511,0.00357168505382846));
#5276=CARTESIAN_POINT('',(-0.00104248990737389,-0.00865840097265397,0.00356452792490412));
#5277=CARTESIAN_POINT('',(-0.00277831043213472,-0.00872159379739188,0.00246267637591471));
#5278=CARTESIAN_POINT('',(-0.00366169024096869,-0.00879833651939779,0.000613824680189474));
#5279=CARTESIAN_POINT('',(-0.00342765277498625,-0.00885017665948915,-0.0014295369220204));
#5280=CARTESIAN_POINT('',(-0.00214169260907963,-0.00893455612547449,-0.00303258957426049));
#5281=CARTESIAN_POINT('',(-0.000205940463707256,-0.00898430862836082,-0.00370731163229167));
#5282=CARTESIAN_POINT('',(0.00179859168318197,-0.0090653175120992,-0.0032484395343032));
#5283=CARTESIAN_POINT('',(0.00325043107553006,-0.00912386741444101,-0.00179679785160097));
#5284=CARTESIAN_POINT('',(0.00370718421170422,-0.00919276247366979,0.000214195488295928));
#5285=CARTESIAN_POINT('',(0.00302886928122181,-0.00926465455134822,0.00214669384333783));
#5286=CARTESIAN_POINT('',(0.00142235047999493,-0.00932010845934647,0.00343074503170948));
#5287=CARTESIAN_POINT('',(-0.000620269636457216,-0.00940273455533073,0.00366049952898697));
#5288=CARTESIAN_POINT('',(-0.00246834597295894,-0.00945177882811592,0.00277348085034463));
#5289=CARTESIAN_POINT('',(-0.00356658980190727,-0.00953546032476512,0.00103528459528403));
#5290=CARTESIAN_POINT('',(-0.00356964150967099,-0.009589826953784,-0.0010206552231271));
#5291=CARTESIAN_POINT('',(-0.00248438903108611,-0.00966363238809439,-0.00275911800471039));
#5292=CARTESIAN_POINT('',(-0.000634976276836305,-0.00973049647099714,-0.00365924076483321));
#5293=CARTESIAN_POINT('',(0.00140828896444635,-0.00979065854928752,-0.00343490097789899));
#5294=CARTESIAN_POINT('',(0.00301641755792403,-0.00986977886597895,-0.00216570333653464));
#5295=CARTESIAN_POINT('',(0.00370731103066633,-0.00992035488173355,-0.000223375710670216));
#5296=CARTESIAN_POINT('',(0.00325818227318279,-0.0100049002971097,0.00178128731448448));
#5297=CARTESIAN_POINT('',(0.0018103599066725,-0.0100561550358528,0.00324159694652669));
#5298=CARTESIAN_POINT('',(-0.000185170842288427,-0.0101345856148137,0.00370814798131698));
#5299=CARTESIAN_POINT('',(-0.00213104066418883,-0.010196235045009,0.00304165381659031));
#5300=CARTESIAN_POINT('',(-0.0034213665062421,-0.0102617150041936,0.00144145526652858));
#5301=CARTESIAN_POINT('',(-0.00366519187737489,-0.0103365096627828,-0.00059353994183859));
#5302=CARTESIAN_POINT('',(-0.00278731569084586,-0.010389598115582,-0.00245423736377928));
#5303=CARTESIAN_POINT('',(-0.00105516220230598,-0.0104736533423422,-0.00355949870269271));
#5304=CARTESIAN_POINT('',(0.000995313873347016,-0.0105227550858393,-0.00357728530098368));
#5305=CARTESIAN_POINT('',(0.00274672106875091,-0.0106052629427101,-0.00249860054191797));
#5306=CARTESIAN_POINT('',(0.00365531772933424,-0.0106621038695264,-0.000657627463032243));
#5307=CARTESIAN_POINT('',(0.00344192713212826,-0.010731993101518,0.00139379614444185));
#5308=CARTESIAN_POINT('',(0.00217853650529902,-0.0108031156208145,0.00300608115896444));
#5309=CARTESIAN_POINT('',(0.000244032269866779,-0.0108603167267545,0.0037062096224854));
#5310=CARTESIAN_POINT('',(-0.00176413037275955,-0.0109413469724563,0.00326580327372264));
#5311=CARTESIAN_POINT('',(-0.00274004943843312,-0.0109774833870209,0.00231317345247708));
#5312=CARTESIAN_POINT('',(-0.00306725207593885,-0.011,0.0017345831675503));
#5313=CARTESIAN_POINT('',(0.,-0.016,0.));
#5314=CARTESIAN_POINT('',(0.,-0.011,0.));
#5315=CARTESIAN_POINT('',(-0.0035,-0.011,0.));
#5316=CARTESIAN_POINT('',(0.,-0.011,0.));
#5317=CARTESIAN_POINT('',(0.,-0.011,0.));
#5318=CARTESIAN_POINT('',(0.,-0.011,0.));
#5319=CARTESIAN_POINT('',(0.,0.,0.));
#5320=CARTESIAN_POINT('',(0.,0.,0.));
#5321=CARTESIAN_POINT('',(0.0046,0.,0.));
#5322=CARTESIAN_POINT('',(0.,0.,0.));
#5323=CARTESIAN_POINT('',(0.,-0.0005,0.));
#5324=CARTESIAN_POINT('',(0.0051,-0.0005,0.));
#5325=CARTESIAN_POINT('',(0.,-0.00025,0.));
#5326=CARTESIAN_POINT('',(0.,-0.000413564797949605,0.));
#5327=CARTESIAN_POINT('',(0.,-0.0018,0.));
#5328=CARTESIAN_POINT('',(0.,0.,0.));
#5329=CARTESIAN_POINT('',(0.,-0.0018,0.));
#5330=CARTESIAN_POINT('',(0.,-0.0018,0.));
#5331=CARTESIAN_POINT('',(0.0018,-0.0018,0.));
#5332=CARTESIAN_POINT('',(0.,-0.0018,0.));
#5333=CARTESIAN_POINT('',(0.003,-0.0018,0.));
#5334=CARTESIAN_POINT('',(0.,0.,0.));
#5335=CARTESIAN_POINT('',(0.,0.,0.));
#5336=CARTESIAN_POINT('',(0.0018,0.,0.));
#5337=CARTESIAN_POINT('',(0.,0.,0.));
#5338=CARTESIAN_POINT('',(0.003,0.,0.));
#5339=CARTESIAN_POINT('',(0.,0.,0.));
#5340=CARTESIAN_POINT('',(0.,0.,0.));
#5341=CARTESIAN_POINT('',(0.,0.,0.));
#5342=CARTESIAN_POINT('',(7.77905517779232E-15,-0.016,0.00225000000000088));
#5343=CARTESIAN_POINT('',(0.00100000000000778,-0.016,0.00200000000000088));
#5344=CARTESIAN_POINT('',(0.00100000000000778,-0.016,0.00200000000000088));
#5345=CARTESIAN_POINT('',(0.00100000000000778,-0.016,0.00250000000000088));
#5346=CARTESIAN_POINT('',(-0.000999999999992221,-0.016,0.00200000000000088));
#5347=CARTESIAN_POINT('',(-0.000999999999992221,-0.016,0.00200000000000088));
#5348=CARTESIAN_POINT('',(-0.000999999999992221,-0.016,0.00250000000000088));
#5349=CARTESIAN_POINT('',(-0.000999999999992221,-0.016,0.00250000000000088));
#5350=CARTESIAN_POINT('',(0.00100000000000778,-0.016,0.00250000000000088));
#5351=CARTESIAN_POINT('',(0.00100000000000778,-0.016,0.00200000000000088));
#5352=CARTESIAN_POINT('',(0.00100000000000778,-0.0187,0.00212500000000088));
#5353=CARTESIAN_POINT('',(0.00100000000000778,-0.0187,0.00200000000000088));
#5354=CARTESIAN_POINT('',(0.00100000000000778,-0.0187,0.00250000000000088));
#5355=CARTESIAN_POINT('',(0.00100000000000778,-0.016,0.00200000000000088));
#5356=CARTESIAN_POINT('',(0.00100000000000778,-0.016,0.00250000000000088));
#5357=CARTESIAN_POINT('',(0.00100000000000778,-0.016,0.00250000000000088));
#5358=CARTESIAN_POINT('',(7.77891639991424E-15,-0.0182,0.00250000000000088));
#5359=CARTESIAN_POINT('',(0.000500000000007779,-0.0182,0.00250000000000088));
#5360=CARTESIAN_POINT('',(0.00155000000000778,-0.01815,0.00250000000000088));
#5361=CARTESIAN_POINT('',(0.000500000000007781,-0.0192,0.00250000000000088));
#5362=CARTESIAN_POINT('',(-0.000999999999992221,-0.016,0.00250000000000088));
#5363=CARTESIAN_POINT('',(-0.000999999999992221,-0.0187,0.00250000000000088));
#5364=CARTESIAN_POINT('',(-0.00104999999999222,-0.01865,0.00250000000000088));
#5365=CARTESIAN_POINT('',(-0.000499999999992222,-0.0192,0.00250000000000088));
#5366=CARTESIAN_POINT('',(0.00100000000000778,-0.0192,0.00250000000000088));
#5367=CARTESIAN_POINT('',(-0.000999999999992221,-0.016,0.00250000000000088));
#5368=CARTESIAN_POINT('',(-0.000999999999992221,-0.0187,0.00237500000000088));
#5369=CARTESIAN_POINT('',(-0.000999999999992221,-0.0187,0.00200000000000088));
#5370=CARTESIAN_POINT('',(-0.000999999999992221,-0.016,0.00200000000000088));
#5371=CARTESIAN_POINT('',(7.77891639991424E-15,-0.0182,0.00250000000000088));
#5372=CARTESIAN_POINT('',(7.77891639991424E-15,-0.0182,0.00200000000000088));
#5373=CARTESIAN_POINT('',(0.000500000000007779,-0.0182,0.00200000000000088));
#5374=CARTESIAN_POINT('',(-0.000749999999992221,-0.01895,0.00237500000000088));
#5375=CARTESIAN_POINT('',(-0.00154999999999222,-0.01815,0.00200000000000088));
#5376=CARTESIAN_POINT('',(-0.000499999999992222,-0.0192,0.00200000000000088));
#5377=CARTESIAN_POINT('',(-0.000499999999992221,-0.0192,0.00237500000000088));
#5378=CARTESIAN_POINT('',(7.77905517779232E-15,-0.0192,0.00225000000000088));
#5379=CARTESIAN_POINT('',(0.000500000000007779,-0.0192,0.00212500000000088));
#5380=CARTESIAN_POINT('',(0.000500000000007781,-0.0192,0.00200000000000088));
#5381=CARTESIAN_POINT('',(-0.000999999999992221,-0.0192,0.00200000000000088));
#5382=CARTESIAN_POINT('',(-0.000999999999992221,-0.016,0.00200000000000088));
#5383=CARTESIAN_POINT('',(0.00105000000000778,-0.01865,0.00200000000000088));
#5384=CARTESIAN_POINT('',(0.000750000000007779,-0.01895,0.00212500000000088));
#5385=CARTESIAN_POINT('',(0.,0.,0.));
#5386=CARTESIAN_POINT('',(-0.00225,-0.016,-5.55111512312578E-19));
#5387=CARTESIAN_POINT('',(-0.0025,-0.016,0.001));
#5388=CARTESIAN_POINT('',(-0.0025,-0.016,0.001));
#5389=CARTESIAN_POINT('',(-0.002,-0.016,0.001));
#5390=CARTESIAN_POINT('',(-0.002,-0.016,0.001));
#5391=CARTESIAN_POINT('',(-0.002,-0.016,-0.001));
#5392=CARTESIAN_POINT('',(-0.002,-0.016,-0.001));
#5393=CARTESIAN_POINT('',(-0.0025,-0.016,-0.001));
#5394=CARTESIAN_POINT('',(-0.0025,-0.016,-0.001));
#5395=CARTESIAN_POINT('',(-0.002,-0.016,0.001));
#5396=CARTESIAN_POINT('',(-0.002125,-0.0187,0.001));
#5397=CARTESIAN_POINT('',(-0.002,-0.0187,0.001));
#5398=CARTESIAN_POINT('',(-0.0025,-0.0187,0.001));
#5399=CARTESIAN_POINT('',(-0.002,-0.016,0.001));
#5400=CARTESIAN_POINT('',(-0.0025,-0.016,0.001));
#5401=CARTESIAN_POINT('',(-0.0025,-0.016,0.001));
#5402=CARTESIAN_POINT('',(-0.0025,-0.0182,-1.2490009027033E-18));
#5403=CARTESIAN_POINT('',(-0.0025,-0.0177,-1.2490009027033E-18));
#5404=CARTESIAN_POINT('',(-0.0025,-0.01815,0.00155));
#5405=CARTESIAN_POINT('',(-0.0025,-0.0192,0.0005));
#5406=CARTESIAN_POINT('',(-0.0025,-0.016,-0.001));
#5407=CARTESIAN_POINT('',(-0.0025,-0.0187,-0.001));
#5408=CARTESIAN_POINT('',(-0.0025,-0.01865,-0.00105));
#5409=CARTESIAN_POINT('',(-0.0025,-0.0192,-0.0005));
#5410=CARTESIAN_POINT('',(-0.0025,-0.0192,-0.001));
#5411=CARTESIAN_POINT('',(-0.0025,-0.016,-0.001));
#5412=CARTESIAN_POINT('',(-0.002375,-0.0187,-0.001));
#5413=CARTESIAN_POINT('',(-0.002,-0.0187,-0.001));
#5414=CARTESIAN_POINT('',(-0.002,-0.016,-0.001));
#5415=CARTESIAN_POINT('',(-0.0025,-0.0182,-1.2490009027033E-18));
#5416=CARTESIAN_POINT('',(-0.002,-0.0182,-1.2490009027033E-18));
#5417=CARTESIAN_POINT('',(-0.002,-0.0177,-1.2490009027033E-18));
#5418=CARTESIAN_POINT('',(-0.002375,-0.01895,-0.00075));
#5419=CARTESIAN_POINT('',(-0.002,-0.01815,-0.00155));
#5420=CARTESIAN_POINT('',(-0.002,-0.0192,-0.0005));
#5421=CARTESIAN_POINT('',(-0.002375,-0.0192,-0.0005));
#5422=CARTESIAN_POINT('',(-0.00225,-0.0192,-5.55111512312578E-19));
#5423=CARTESIAN_POINT('',(-0.002125,-0.0192,0.0005));
#5424=CARTESIAN_POINT('',(-0.002,-0.0192,0.0005));
#5425=CARTESIAN_POINT('',(-0.002,-0.0192,0.001));
#5426=CARTESIAN_POINT('',(-0.002,-0.016,-0.001));
#5427=CARTESIAN_POINT('',(-0.002,-0.01865,0.00105));
#5428=CARTESIAN_POINT('',(-0.002125,-0.01895,0.00075));
#5429=CARTESIAN_POINT('',(0.,0.,0.));
#5430=CARTESIAN_POINT('',(0.00225000000000089,-0.016,-7.79654119043016E-15));
#5431=CARTESIAN_POINT('',(0.00250000000000089,-0.016,-0.0010000000000078));
#5432=CARTESIAN_POINT('',(0.00250000000000089,-0.016,-0.0010000000000078));
#5433=CARTESIAN_POINT('',(0.00250000000000089,-0.016,0.000999999999992204));
#5434=CARTESIAN_POINT('',(0.00200000000000089,-0.016,-0.0010000000000078));
#5435=CARTESIAN_POINT('',(0.00200000000000089,-0.016,-0.0010000000000078));
#5436=CARTESIAN_POINT('',(0.00200000000000089,-0.016,0.000999999999992204));
#5437=CARTESIAN_POINT('',(0.00200000000000089,-0.016,0.000999999999992204));
#5438=CARTESIAN_POINT('',(0.00250000000000089,-0.016,0.000999999999992203));
#5439=CARTESIAN_POINT('',(0.00250000000000089,-0.016,-0.0010000000000078));
#5440=CARTESIAN_POINT('',(0.00250000000000089,-0.0182,-1.2490009027033E-18));
#5441=CARTESIAN_POINT('',(0.00250000000000089,-0.0177,-1.2490009027033E-18));
#5442=CARTESIAN_POINT('',(0.00250000000000089,-0.01815,-0.0015500000000078));
#5443=CARTESIAN_POINT('',(0.00250000000000089,-0.0187,-0.0010000000000078));
#5444=CARTESIAN_POINT('',(0.00250000000000089,-0.0192,-0.0005000000000078));
#5445=CARTESIAN_POINT('',(0.00250000000000089,-0.016,-0.0010000000000078));
#5446=CARTESIAN_POINT('',(0.00250000000000089,-0.016,0.000999999999992204));
#5447=CARTESIAN_POINT('',(0.00250000000000089,-0.0187,0.000999999999992204));
#5448=CARTESIAN_POINT('',(0.00250000000000089,-0.01865,0.0010499999999922));
#5449=CARTESIAN_POINT('',(0.00250000000000089,-0.0192,0.000499999999992203));
#5450=CARTESIAN_POINT('',(0.00250000000000089,-0.0192,-0.0010000000000078));
#5451=CARTESIAN_POINT('',(0.00250000000000089,-0.016,0.000999999999992203));
#5452=CARTESIAN_POINT('',(0.00237500000000089,-0.0187,0.000999999999992204));
#5453=CARTESIAN_POINT('',(0.00200000000000089,-0.0187,0.000999999999992204));
#5454=CARTESIAN_POINT('',(0.00200000000000089,-0.016,0.000999999999992204));
#5455=CARTESIAN_POINT('',(0.00200000000000089,-0.016,-0.0010000000000078));
#5456=CARTESIAN_POINT('',(0.00212500000000089,-0.0187,-0.0010000000000078));
#5457=CARTESIAN_POINT('',(0.00200000000000089,-0.0187,-0.0010000000000078));
#5458=CARTESIAN_POINT('',(0.00200000000000089,-0.016,-0.0010000000000078));
#5459=CARTESIAN_POINT('',(-0.0025,-0.0182,-1.2490009027033E-18));
#5460=CARTESIAN_POINT('',(0.00200000000000089,-0.0182,-1.2490009027033E-18));
#5461=CARTESIAN_POINT('',(0.00200000000000089,-0.0177,-1.2490009027033E-18));
#5462=CARTESIAN_POINT('',(0.00237500000000089,-0.01895,0.000749999999992203));
#5463=CARTESIAN_POINT('',(0.00200000000000089,-0.01815,0.0015499999999922));
#5464=CARTESIAN_POINT('',(0.00200000000000089,-0.0192,0.000499999999992203));
#5465=CARTESIAN_POINT('',(0.00237500000000089,-0.0192,0.000499999999992203));
#5466=CARTESIAN_POINT('',(0.00225000000000089,-0.0192,-7.79654119043016E-15));
#5467=CARTESIAN_POINT('',(0.00212500000000089,-0.0192,-0.000500000000007797));
#5468=CARTESIAN_POINT('',(0.00200000000000089,-0.0192,-0.0005000000000078));
#5469=CARTESIAN_POINT('',(0.00200000000000089,-0.0192,0.000999999999992204));
#5470=CARTESIAN_POINT('',(0.00200000000000089,-0.016,0.000999999999992204));
#5471=CARTESIAN_POINT('',(0.00200000000000089,-0.01865,-0.0010500000000078));
#5472=CARTESIAN_POINT('',(0.00212500000000089,-0.01895,-0.000750000000007797));
#5473=CARTESIAN_POINT('',(0.,0.,0.));
#5474=CARTESIAN_POINT('',(5.55111512312578E-19,-0.016,-0.00225));
#5475=CARTESIAN_POINT('',(0.0011,-0.016,-0.0025));
#5476=CARTESIAN_POINT('',(0.0011,-0.016,-0.0025));
#5477=CARTESIAN_POINT('',(0.0011,-0.016,-0.002));
#5478=CARTESIAN_POINT('',(-0.0011,-0.016,-0.0025));
#5479=CARTESIAN_POINT('',(-0.0011,-0.016,-0.0025));
#5480=CARTESIAN_POINT('',(-0.0011,-0.016,-0.002));
#5481=CARTESIAN_POINT('',(-0.0011,-0.016,-0.002));
#5482=CARTESIAN_POINT('',(0.0011,-0.016,-0.002));
#5483=CARTESIAN_POINT('',(0.0011,-0.016,-0.0025));
#5484=CARTESIAN_POINT('',(0.0011,-0.02,-0.002375));
#5485=CARTESIAN_POINT('',(0.0011,-0.02,-0.0025));
#5486=CARTESIAN_POINT('',(0.0011,-0.02,-0.002));
#5487=CARTESIAN_POINT('',(0.0011,-0.016,-0.0025));
#5488=CARTESIAN_POINT('',(0.0011,-0.016,-0.002));
#5489=CARTESIAN_POINT('',(-0.0011,-0.016,-0.002));
#5490=CARTESIAN_POINT('',(-0.0011,-0.02,-0.002125));
#5491=CARTESIAN_POINT('',(-0.0011,-0.02,-0.002));
#5492=CARTESIAN_POINT('',(-0.0011,-0.02,-0.0025));
#5493=CARTESIAN_POINT('',(-0.0011,-0.016,-0.002));
#5494=CARTESIAN_POINT('',(-0.0011,-0.016,-0.0025));
#5495=CARTESIAN_POINT('',(-0.0011,-0.016,-0.0025));
#5496=CARTESIAN_POINT('',(5.55111512312578E-19,-0.0195000002905726,-0.0025));
#5497=CARTESIAN_POINT('',(-0.000499999999999999,-0.0195000002905726,-0.0025));
#5498=CARTESIAN_POINT('',(-0.001975,-0.019125,-0.0025));
#5499=CARTESIAN_POINT('',(-0.0006,-0.0205,-0.0025));
#5500=CARTESIAN_POINT('',(0.001425,-0.019675,-0.0025));
#5501=CARTESIAN_POINT('',(0.0006,-0.0205,-0.0025));
#5502=CARTESIAN_POINT('',(-0.0011,-0.0205,-0.0025));
#5503=CARTESIAN_POINT('',(5.55111512312578E-19,-0.0195000002905726,-0.0025));
#5504=CARTESIAN_POINT('',(5.55111512312578E-19,-0.0195000002905726,-0.002));
#5505=CARTESIAN_POINT('',(-0.000499999999999999,-0.0195000002905726,-0.002));
#5506=CARTESIAN_POINT('',(0.00085,-0.02025,-0.002375));
#5507=CARTESIAN_POINT('',(0.001975,-0.019125,-0.002));
#5508=CARTESIAN_POINT('',(0.0006,-0.0205,-0.002));
#5509=CARTESIAN_POINT('',(0.0006,-0.0205,-0.002375));
#5510=CARTESIAN_POINT('',(5.55111512312578E-19,-0.0205,-0.00225));
#5511=CARTESIAN_POINT('',(-0.0006,-0.0205,-0.002125));
#5512=CARTESIAN_POINT('',(-0.0006,-0.0205,-0.002));
#5513=CARTESIAN_POINT('',(0.0011,-0.0205,-0.002));
#5514=CARTESIAN_POINT('',(0.0011,-0.016,-0.002));
#5515=CARTESIAN_POINT('',(-0.001425,-0.019675,-0.002));
#5516=CARTESIAN_POINT('',(-0.00085,-0.02025,-0.002125));
#5517=CARTESIAN_POINT('',(0.,0.,0.));
#5518=CARTESIAN_POINT('',(0.,-0.0078,0.));
#5519=CARTESIAN_POINT('',(0.00105144304834552,-0.0078,-0.0039215396872384));
#5520=CARTESIAN_POINT('',(0.00116802632979922,-0.0078,-0.00388382979110158));
#5521=CARTESIAN_POINT('',(0.00128243035159202,-0.0078,-0.00384053659074126));
#5522=CARTESIAN_POINT('',(0.00139442816763654,-0.0078,-0.00379202077298502));
#5523=CARTESIAN_POINT('',(0.00150903884907482,-0.0078,-0.00374237310011105));
#5524=CARTESIAN_POINT('',(0.00162113036299458,-0.0078,-0.00368725583367825));
#5525=CARTESIAN_POINT('',(0.00173043818655361,-0.0078,-0.00362700539466331));
#5526=CARTESIAN_POINT('',(0.00184624555091781,-0.0078,-0.00356317241073845));
#5527=CARTESIAN_POINT('',(0.00195892936538112,-0.0078,-0.00349357734666867));
#5528=CARTESIAN_POINT('',(0.0020681383316544,-0.0078,-0.00341857026824534));
#5529=CARTESIAN_POINT('',(0.00216369617714351,-0.0078,-0.00335293907462493));
#5530=CARTESIAN_POINT('',(0.00225659334119936,-0.0078,-0.00328316319330341));
#5531=CARTESIAN_POINT('',(0.00234656412014737,-0.0078,-0.0032094522984719));
#5532=CARTESIAN_POINT('',(0.00236307987635276,-0.0078,-0.00319592133672018));
#5533=CARTESIAN_POINT('',(0.00237949693482586,-0.0078,-0.00318225772386784));
#5534=CARTESIAN_POINT('',(0.00239581353134467,-0.0078,-0.00316846269055929));
#5535=CARTESIAN_POINT('',(0.00240857613554016,-0.0078,-0.00315767241638798));
#5536=CARTESIAN_POINT('',(0.00242127623413053,-0.0078,-0.00314680255208163));
#5537=CARTESIAN_POINT('',(0.00243390380908823,-0.0078,-0.0031358618724089));
#5538=CARTESIAN_POINT('',(0.00252844115665117,-0.0078,-0.00305395360100597));
#5539=CARTESIAN_POINT('',(0.00261905926666283,-0.0078,-0.00296795944129853));
#5540=CARTESIAN_POINT('',(0.00270549370900874,-0.0078,-0.0028782069011693));
#5541=CARTESIAN_POINT('',(0.00279189296831492,-0.0078,-0.00278849089470767));
#5542=CARTESIAN_POINT('',(0.00287411252029216,-0.0078,-0.00269501889209549));
#5543=CARTESIAN_POINT('',(0.00295185006022266,-0.0078,-0.00259808298207507));
#5544=CARTESIAN_POINT('',(0.00302862861704285,-0.0078,-0.00250234288942392));
#5545=CARTESIAN_POINT('',(0.00310103550557604,-0.0078,-0.00240322315141504));
#5546=CARTESIAN_POINT('',(0.00316873491161827,-0.0078,-0.00230098111301434));
#5547=CARTESIAN_POINT('',(0.00322394821740749,-0.0078,-0.00221759602500913));
#5548=CARTESIAN_POINT('',(0.0032760296590009,-0.0078,-0.00213213356423564));
#5549=CARTESIAN_POINT('',(0.00332477153820399,-0.0078,-0.00204472580384961));
#5550=CARTESIAN_POINT('',(0.00333756145783596,-0.0078,-0.00202178991691158));
#5551=CARTESIAN_POINT('',(0.00335012130186244,-0.0078,-0.0019987200625421));
#5552=CARTESIAN_POINT('',(0.00336244702789266,-0.0078,-0.00197551858121527));
#5553=CARTESIAN_POINT('',(0.00337043123537022,-0.0078,-0.00196048941049983));
#5554=CARTESIAN_POINT('',(0.00337831246572722,-0.0078,-0.00194541391439516));
#5555=CARTESIAN_POINT('',(0.00338608938775273,-0.0078,-0.00193029404013576));
#5556=CARTESIAN_POINT('',(0.00344158545885554,-0.0078,-0.00182239870388144));
#5557=CARTESIAN_POINT('',(0.00349178405359388,-0.0078,-0.00171222590742872));
#5558=CARTESIAN_POINT('',(0.00353640045000272,-0.0078,-0.0016000462075851));
#5559=CARTESIAN_POINT('',(0.0035801592319486,-0.0078,-0.00149002282113251));
#5560=CARTESIAN_POINT('',(0.00361854867145747,-0.0078,-0.00137806830836057));
#5561=CARTESIAN_POINT('',(0.00365125290121476,-0.0078,-0.00126442102523011));
#5562=CARTESIAN_POINT('',(0.00365579057227943,-0.0078,-0.00124865260652507));
#5563=CARTESIAN_POINT('',(0.00366021871605966,-0.0078,-0.00123285158148279));
#5564=CARTESIAN_POINT('',(0.00366453640985377,-0.0078,-0.00121701857083506));
#5565=CARTESIAN_POINT('',(0.00369643410345701,-0.0078,-0.00110004952519608));
#5566=CARTESIAN_POINT('',(0.00372230800776932,-0.0078,-0.000981334788249716));
#5567=CARTESIAN_POINT('',(0.0037422549124109,-0.0078,-0.000861309054538379));
#5568=CARTESIAN_POINT('',(0.00375364366012194,-0.0078,-0.000792779985761329));
#5569=CARTESIAN_POINT('',(0.00376309930655584,-0.0078,-0.00072382351820443));
#5570=CARTESIAN_POINT('',(0.00377063237471817,-0.0078,-0.00065452145217555));
#5571=CARTESIAN_POINT('',(0.00377404167205812,-0.0078,-0.000623156894697275));
#5572=CARTESIAN_POINT('',(0.00377705710252343,-0.0078,-0.000591721565845395));
#5573=CARTESIAN_POINT('',(0.0037796792892197,-0.0078,-0.000560223150756696));
#5574=CARTESIAN_POINT('',(0.00378096613858411,-0.0078,-0.00054476516849531));
#5575=CARTESIAN_POINT('',(0.00378215796729344,-0.0078,-0.000529295283993717));
#5576=CARTESIAN_POINT('',(0.00378325445695097,-0.0078,-0.000513822871710357));
#5577=CARTESIAN_POINT('',(0.00379209464986188,-0.0078,-0.000389080145281693));
#5578=CARTESIAN_POINT('',(0.00379475678589383,-0.0078,-0.000264011587050639));
#5579=CARTESIAN_POINT('',(0.00379141321265506,-0.0078,-0.000139090385132066));
#5580=CARTESIAN_POINT('',(0.00378817335421974,-0.0078,-1.80441328490922E-5));
#5581=CARTESIAN_POINT('',(0.00377929401965938,-0.0078,0.000102864713708444));
#5582=CARTESIAN_POINT('',(0.00376487738035901,-0.0078,0.000223204150548327));
#5583=CARTESIAN_POINT('',(0.00375056309232879,-0.0078,0.000342689234723049));
#5584=CARTESIAN_POINT('',(0.00373078954647183,-0.0078,0.000461613826065881));
#5585=CARTESIAN_POINT('',(0.00370560809352486,-0.0078,0.000579540260238069));
#5586=CARTESIAN_POINT('',(0.00368902425284225,-0.0078,0.000657203499158324));
#5587=CARTESIAN_POINT('',(0.00367009391497272,-0.0078,0.00073443349138714));
#5588=CARTESIAN_POINT('',(0.00364882100037683,-0.0078,0.00081109895763922));
#5589=CARTESIAN_POINT('',(0.0036405922376769,-0.0078,0.000840754599146381));
#5590=CARTESIAN_POINT('',(0.00363201287050373,-0.0078,0.000870325707302642));
#5591=CARTESIAN_POINT('',(0.00362308279918365,-0.0078,0.000899804420988877));
#5592=CARTESIAN_POINT('',(0.00361740079376093,-0.0078,0.000918561069734026));
#5593=CARTESIAN_POINT('',(0.00361157911621263,-0.0078,0.000937272576295995));
#5594=CARTESIAN_POINT('',(0.00360561979436541,-0.0078,0.000955931799442897));
#5595=CARTESIAN_POINT('',(0.00356926244786864,-0.0078,0.00106977022916786));
#5596=CARTESIAN_POINT('',(0.00352776664591505,-0.0078,0.00118172719449893));
#5597=CARTESIAN_POINT('',(0.00348120084045575,-0.0078,0.00129137517020268));
#5598=CARTESIAN_POINT('',(0.00344347989103677,-0.0078,0.0013801962633765));
#5599=CARTESIAN_POINT('',(0.00340243108043536,-0.0078,0.00146750208959685));
#5600=CARTESIAN_POINT('',(0.00335806913913431,-0.0078,0.00155305155966162));
#5601=CARTESIAN_POINT('',(0.00333688122457513,-0.0078,0.0015939112427403));
#5602=CARTESIAN_POINT('',(0.00331493725746535,-0.0078,0.00163437005912835));
#5603=CARTESIAN_POINT('',(0.00329223737427347,-0.0078,0.00167440041715183));
#5604=CARTESIAN_POINT('',(0.00327878987335427,-0.0078,0.00169811456016156));
#5605=CARTESIAN_POINT('',(0.00326507503855374,-0.0078,0.00172168150052292));
#5606=CARTESIAN_POINT('',(0.0032511067223445,-0.0078,0.00174507261213483));
#5607=CARTESIAN_POINT('',(0.00319236544492191,-0.0078,0.00184343978508795));
#5608=CARTESIAN_POINT('',(0.00312910166975618,-0.0078,0.00193877851280178));
#5609=CARTESIAN_POINT('',(0.00306135311880265,-0.0078,0.0020306883960974));
#5610=CARTESIAN_POINT('',(0.00300159134502091,-0.0078,0.00211176315823641));
#5611=CARTESIAN_POINT('',(0.00293833919962306,-0.0078,0.00219016980916507));
#5612=CARTESIAN_POINT('',(0.00287159846055199,-0.0078,0.00226560990727962));
#5613=CARTESIAN_POINT('',(0.00283352198199721,-0.0078,0.00230864948577409));
#5614=CARTESIAN_POINT('',(0.00279430956159432,-0.0078,0.00235072301205265));
#5615=CARTESIAN_POINT('',(0.00275400943092973,-0.0078,0.00239181171296648));
#5616=CARTESIAN_POINT('',(0.00273582475085887,-0.0078,0.00241035222061059));
#5617=CARTESIAN_POINT('',(0.00271764007078801,-0.0078,0.0024288927282547));
#5618=CARTESIAN_POINT('',(0.00269945539071714,-0.0078,0.0024474332358988));
#5619=CARTESIAN_POINT('',(0.00105144304834552,-0.0078,-0.00392153968723841));
#5620=CARTESIAN_POINT('',(0.00275165124244334,-0.00780000150244043,0.0023898773546755));
#5621=CARTESIAN_POINT('',(0.,-0.0078,0.));
#5622=CARTESIAN_POINT('',(-0.00274884422976778,-0.0078,0.00238846013217143));
#5623=CARTESIAN_POINT('',(-0.00274884422976764,-0.0078,0.00238846013217159));
#5624=CARTESIAN_POINT('',(-0.00282715938735783,-0.0078,0.0023080300837049));
#5625=CARTESIAN_POINT('',(-0.00290122304773614,-0.0078,0.00222395214308259));
#5626=CARTESIAN_POINT('',(-0.00297104279639763,-0.0078,0.00213664818901772));
#5627=CARTESIAN_POINT('',(-0.00304266209085518,-0.0078,0.00204709404834334));
#5628=CARTESIAN_POINT('',(-0.00310981624888277,-0.0078,0.00195414496575696));
#5629=CARTESIAN_POINT('',(-0.0031724807881912,-0.0078,0.00185821209050968));
#5630=CARTESIAN_POINT('',(-0.00323640862038523,-0.0078,0.0017603452455862));
#5631=CARTESIAN_POINT('',(-0.00329566438291666,-0.0078,0.00165937246666231));
#5632=CARTESIAN_POINT('',(-0.00335018277162351,-0.0078,0.00155569347555391));
#5633=CARTESIAN_POINT('',(-0.00340202430759738,-0.0078,0.00145710512261887));
#5634=CARTESIAN_POINT('',(-0.0034495821840135,-0.0078,0.00135606894847219));
#5635=CARTESIAN_POINT('',(-0.00349276352175179,-0.0078,0.00125290695106838));
#5636=CARTESIAN_POINT('',(-0.00349993619057869,-0.0078,0.00123577114931573));
#5637=CARTESIAN_POINT('',(-0.00350698802115597,-0.0078,0.00121857665860744));
#5638=CARTESIAN_POINT('',(-0.00351391848512603,-0.0078,0.00120132491669254));
#5639=CARTESIAN_POINT('',(-0.00351938677352417,-0.0078,0.00118771291314295));
#5640=CARTESIAN_POINT('',(-0.00352477872942595,-0.0078,0.00117406710286165));
#5641=CARTESIAN_POINT('',(-0.00353009094385707,-0.0078,0.00116039673130703));
#5642=CARTESIAN_POINT('',(-0.00357336502086156,-0.0078,0.00104903588189008));
#5643=CARTESIAN_POINT('',(-0.0036114145979902,-0.0078,0.000935890183247906));
#5644=CARTESIAN_POINT('',(-0.00364420852076984,-0.0078,0.00082139358676377));
#5645=CARTESIAN_POINT('',(-0.00367738174186296,-0.0078,0.00070557270936826));
#5646=CARTESIAN_POINT('',(-0.0037051773849172,-0.0078,0.000588368727951983));
#5647=CARTESIAN_POINT('',(-0.00372751864056482,-0.0078,0.000470201352436113));
#5648=CARTESIAN_POINT('',(-0.00374983248071497,-0.0078,0.000352178982977055));
#5649=CARTESIAN_POINT('',(-0.00376670559130503,-0.0078,0.000233194735203946));
#5650=CARTESIAN_POINT('',(-0.00377801262130693,-0.0078,0.000113649851452259));
#5651=CARTESIAN_POINT('',(-0.00378712324008417,-0.0078,1.73267796599987E-5));
#5652=CARTESIAN_POINT('',(-0.00379261933345487,-0.0078,-7.93607757756874E-5));
#5653=CARTESIAN_POINT('',(-0.0037944102883341,-0.0078,-0.000176205252310494));
#5654=CARTESIAN_POINT('',(-0.00379475411840354,-0.0078,-0.000194797592898362));
#5655=CARTESIAN_POINT('',(-0.00379496131947343,-0.0078,-0.000213395714810935));
#5656=CARTESIAN_POINT('',(-0.00379503115049613,-0.0078,-0.000231998142814368));
#5657=CARTESIAN_POINT('',(-0.00379509729737415,-0.0078,-0.000249619144032599));
#5658=CARTESIAN_POINT('',(-0.00379504012948784,-0.0078,-0.000267235555605621));
#5659=CARTESIAN_POINT('',(-0.00379485947506708,-0.0078,-0.000284840803361683));
#5660=CARTESIAN_POINT('',(-0.00379355504571028,-0.0078,-0.000411960870008069));
#5661=CARTESIAN_POINT('',(-0.00378581756983932,-0.0078,-0.000538585101342274));
#5662=CARTESIAN_POINT('',(-0.00377155833579452,-0.0078,-0.000664237447396005));
#5663=CARTESIAN_POINT('',(-0.00375729910174971,-0.0078,-0.000789889793449737));
#5664=CARTESIAN_POINT('',(-0.00373651844630214,-0.0078,-0.000914571320419491));
#5665=CARTESIAN_POINT('',(-0.00370906653310206,-0.0078,-0.0010378155302527));
#5666=CARTESIAN_POINT('',(-0.00368324724079134,-0.0078,-0.00115373015726228));
#5667=CARTESIAN_POINT('',(-0.00365152625148652,-0.0078,-0.0012683741415584));
#5668=CARTESIAN_POINT('',(-0.00361421465833497,-0.0078,-0.0013814727123685));
#5669=CARTESIAN_POINT('',(-0.00359119752238366,-0.0078,-0.0014512420510741));
#5670=CARTESIAN_POINT('',(-0.00356605180661986,-0.0078,-0.00152042312632068));
#5671=CARTESIAN_POINT('',(-0.00353884119384514,-0.0078,-0.00158894874376231));
#5672=CARTESIAN_POINT('',(-0.00352682742390056,-0.0078,-0.0016192035200906));
#5673=CARTESIAN_POINT('',(-0.00351441105240563,-0.0078,-0.00164933049308195));
#5674=CARTESIAN_POINT('',(-0.0035015971562849,-0.0078,-0.00167932369866844));
#5675=CARTESIAN_POINT('',(-0.00349466285173979,-0.0078,-0.00169555467321834));
#5676=CARTESIAN_POINT('',(-0.00348761549876024,-0.0078,-0.00171173852816699));
#5677=CARTESIAN_POINT('',(-0.00348045819801215,-0.0078,-0.00172787010623074));
#5678=CARTESIAN_POINT('',(-0.00343195596826931,-0.0078,-0.00183718750575065));
#5679=CARTESIAN_POINT('',(-0.00337838176192385,-0.0078,-0.00194416840381797));
#5680=CARTESIAN_POINT('',(-0.0033200942541822,-0.0078,-0.00204855454367927));
#5681=CARTESIAN_POINT('',(-0.00325990708913196,-0.0078,-0.00215634274860022));
#5682=CARTESIAN_POINT('',(-0.00319469416312675,-0.0078,-0.00226136501117015));
#5683=CARTESIAN_POINT('',(-0.00312479598780098,-0.0078,-0.00236332580023103));
#5684=CARTESIAN_POINT('',(-0.00305440747060503,-0.0078,-0.00246600185322777));
#5685=CARTESIAN_POINT('',(-0.00297926725199507,-0.0078,-0.0025655740591536));
#5686=CARTESIAN_POINT('',(-0.00289967459019963,-0.0078,-0.00266171857061649));
#5687=CARTESIAN_POINT('',(-0.00284445133544688,-0.0078,-0.00272842588671605));
#5688=CARTESIAN_POINT('',(-0.00278708369800596,-0.0078,-0.00279348269128125));
#5689=CARTESIAN_POINT('',(-0.00272765997213266,-0.0078,-0.00285677178896565));
#5690=CARTESIAN_POINT('',(-0.00270409230609586,-0.0078,-0.00288187247553614));
#5691=CARTESIAN_POINT('',(-0.00268020113237879,-0.0078,-0.0029066950176325));
#5692=CARTESIAN_POINT('',(-0.00265599159751766,-0.0078,-0.00293123170799353));
#5693=CARTESIAN_POINT('',(-0.00264424410857578,-0.0078,-0.00294313794660323));
#5694=CARTESIAN_POINT('',(-0.00263242268692277,-0.0078,-0.00295497577450215));
#5695=CARTESIAN_POINT('',(-0.00262053486152352,-0.0078,-0.00296673764636793));
#5696=CARTESIAN_POINT('',(-0.00253050714429935,-0.0078,-0.00305581150460489));
#5697=CARTESIAN_POINT('',(-0.0024365680912096,-0.0078,-0.00314063997027567));
#5698=CARTESIAN_POINT('',(-0.00233904350608956,-0.0078,-0.00322090108554287));
#5699=CARTESIAN_POINT('',(-0.00225617714052963,-0.0078,-0.00328909872934513));
#5700=CARTESIAN_POINT('',(-0.00217072108135545,-0.0078,-0.00335399866766403));
#5701=CARTESIAN_POINT('',(-0.00208285262937031,-0.0078,-0.00341538439542525));
#5702=CARTESIAN_POINT('',(-0.00204245721848514,-0.0078,-0.00344360500975699));
#5703=CARTESIAN_POINT('',(-0.00200155169141579,-0.0078,-0.00347108262714681));
#5704=CARTESIAN_POINT('',(-0.00196015204417452,-0.0078,-0.00349779466643525));
#5705=CARTESIAN_POINT('',(-0.00194187312823691,-0.0078,-0.00350958865873257));
#5706=CARTESIAN_POINT('',(-0.00192349596114385,-0.0078,-0.00352123458210451));
#5707=CARTESIAN_POINT('',(-0.00190502811136166,-0.0078,-0.00353272655685388));
#5708=CARTESIAN_POINT('',(-0.00179796073182313,-0.0078,-0.00359935129317399));
#5709=CARTESIAN_POINT('',(-0.00168800369389242,-0.0078,-0.00366070943686205));
#5710=CARTESIAN_POINT('',(-0.0015754561681436,-0.0078,-0.00371646895850479));
#5711=CARTESIAN_POINT('',(-0.00146446348975763,-0.0078,-0.00377145816072378));
#5712=CARTESIAN_POINT('',(-0.00135095080251016,-0.0078,-0.00382100293872551));
#5713=CARTESIAN_POINT('',(-0.00123517598306542,-0.0078,-0.00386474457743471));
#5714=CARTESIAN_POINT('',(-0.00117541114415427,-0.0078,-0.00388732472054099));
#5715=CARTESIAN_POINT('',(-0.00111504306806718,-0.0078,-0.00390835771994675));
#5716=CARTESIAN_POINT('',(-0.0010541266407654,-0.0078,-0.00392785835189797));
#5717=CARTESIAN_POINT('',(-0.00105325604320393,-0.0077999999832955,-0.00392457210749562));
#5718=CARTESIAN_POINT('',(0.,-0.0078,0.));
#5719=CARTESIAN_POINT('',(-0.00475,-0.0078,0.00274241377865072));
#5720=CARTESIAN_POINT('',(-0.00475,-0.0078,0.0022360679774998));
#5721=CARTESIAN_POINT('',(-0.00475,-0.0078,-0.00223606797749979));
#5722=CARTESIAN_POINT('',(0.,-0.0078,0.));
#5723=CARTESIAN_POINT('',(-0.00431149167310371,-0.0078,0.00299558667922618));
#5724=CARTESIAN_POINT('',(1.94289029309402E-18,-0.0078,0.00548482755730145));
#5725=CARTESIAN_POINT('',(-0.000438508326896288,-0.0078,0.00523165465672598));
#5726=CARTESIAN_POINT('',(0.,-0.0078,0.));
#5727=CARTESIAN_POINT('',(0.000438508326896286,-0.0078,0.00523165465672598));
#5728=CARTESIAN_POINT('',(0.00475,-0.0078,0.00274241377865072));
#5729=CARTESIAN_POINT('',(0.00431149167310371,-0.0078,0.00299558667922619));
#5730=CARTESIAN_POINT('',(0.,-0.0078,0.));
#5731=CARTESIAN_POINT('',(0.00475,-0.0078,0.00223606797749979));
#5732=CARTESIAN_POINT('',(0.00475,-0.0078,-0.00274241377865073));
#5733=CARTESIAN_POINT('',(0.00475,-0.0078,-0.0022360679774998));
#5734=CARTESIAN_POINT('',(0.,-0.0078,0.));
#5735=CARTESIAN_POINT('',(0.00431149167310371,-0.0078,-0.00299558667922619));
#5736=CARTESIAN_POINT('',(-4.16333634234434E-18,-0.0078,-0.00548482755730145));
#5737=CARTESIAN_POINT('',(0.000438508326896286,-0.0078,-0.00523165465672598));
#5738=CARTESIAN_POINT('',(0.,-0.0078,0.));
#5739=CARTESIAN_POINT('',(-0.000438508326896291,-0.0078,-0.00523165465672598));
#5740=CARTESIAN_POINT('',(-0.00475,-0.0078,-0.00274241377865072));
#5741=CARTESIAN_POINT('',(-0.00431149167310371,-0.0078,-0.00299558667922618));
#5742=CARTESIAN_POINT('',(0.,-0.0078,0.));
#5743=CARTESIAN_POINT('',(-0.00475,-0.0078,0.0022360679774998));
#5744=CARTESIAN_POINT('',(-0.00475,-0.0078,-0.00223606797749979));
#5745=CARTESIAN_POINT('',(-0.00475,-0.0098,-0.00223606797749979));
#5746=CARTESIAN_POINT('',(-0.00475,-0.0098,0.00274241377865072));
#5747=CARTESIAN_POINT('',(-0.00475,-0.0098,0.0022360679774998));
#5748=CARTESIAN_POINT('',(-0.00475,-0.0078,0.0022360679774998));
#5749=CARTESIAN_POINT('',(0.,-0.0078,0.));
#5750=CARTESIAN_POINT('',(-0.00431149167310371,-0.0078,-0.00299558667922618));
#5751=CARTESIAN_POINT('',(-0.00431149167310371,-0.0098,-0.00299558667922618));
#5752=CARTESIAN_POINT('',(0.,-0.0098,0.));
#5753=CARTESIAN_POINT('',(-0.00431149167310371,-0.0078,-0.00299558667922618));
#5754=CARTESIAN_POINT('',(-0.000438508326896291,-0.0078,-0.00523165465672598));
#5755=CARTESIAN_POINT('',(-0.000438508326896291,-0.0098,-0.00523165465672598));
#5756=CARTESIAN_POINT('',(-0.00475,-0.0098,-0.00274241377865072));
#5757=CARTESIAN_POINT('',(0.,-0.0078,0.));
#5758=CARTESIAN_POINT('',(0.000438508326896286,-0.0078,-0.00523165465672598));
#5759=CARTESIAN_POINT('',(0.000438508326896286,-0.0098,-0.00523165465672598));
#5760=CARTESIAN_POINT('',(0.,-0.0098,0.));
#5761=CARTESIAN_POINT('',(0.000438508326896286,-0.0078,-0.00523165465672598));
#5762=CARTESIAN_POINT('',(0.00431149167310371,-0.0078,-0.00299558667922619));
#5763=CARTESIAN_POINT('',(0.00431149167310371,-0.0098,-0.00299558667922619));
#5764=CARTESIAN_POINT('',(-4.16333634234434E-18,-0.0098,-0.00548482755730145));
#5765=CARTESIAN_POINT('',(0.,-0.0078,0.));
#5766=CARTESIAN_POINT('',(0.00475,-0.0078,-0.0022360679774998));
#5767=CARTESIAN_POINT('',(0.00475,-0.0098,-0.0022360679774998));
#5768=CARTESIAN_POINT('',(0.,-0.0098,0.));
#5769=CARTESIAN_POINT('',(0.00475,-0.0078,-0.0022360679774998));
#5770=CARTESIAN_POINT('',(0.00475,-0.0078,0.00223606797749979));
#5771=CARTESIAN_POINT('',(0.00475,-0.0098,0.00223606797749979));
#5772=CARTESIAN_POINT('',(0.00475,-0.0098,-0.00274241377865073));
#5773=CARTESIAN_POINT('',(0.,-0.0078,0.));
#5774=CARTESIAN_POINT('',(0.00431149167310371,-0.0078,0.00299558667922619));
#5775=CARTESIAN_POINT('',(0.00431149167310371,-0.0098,0.00299558667922619));
#5776=CARTESIAN_POINT('',(0.,-0.0098,0.));
#5777=CARTESIAN_POINT('',(0.00431149167310371,-0.0078,0.00299558667922619));
#5778=CARTESIAN_POINT('',(0.000438508326896286,-0.0078,0.00523165465672598));
#5779=CARTESIAN_POINT('',(0.000438508326896286,-0.0098,0.00523165465672598));
#5780=CARTESIAN_POINT('',(0.00475,-0.0098,0.00274241377865072));
#5781=CARTESIAN_POINT('',(0.,-0.0078,0.));
#5782=CARTESIAN_POINT('',(-0.000438508326896288,-0.0078,0.00523165465672598));
#5783=CARTESIAN_POINT('',(-0.000438508326896288,-0.0098,0.00523165465672598));
#5784=CARTESIAN_POINT('',(0.,-0.0098,0.));
#5785=CARTESIAN_POINT('',(-0.000438508326896288,-0.0078,0.00523165465672598));
#5786=CARTESIAN_POINT('',(-0.00431149167310371,-0.0078,0.00299558667922618));
#5787=CARTESIAN_POINT('',(-0.00431149167310371,-0.0098,0.00299558667922618));
#5788=CARTESIAN_POINT('',(1.94289029309402E-18,-0.0098,0.00548482755730145));
#5789=CARTESIAN_POINT('',(0.,-0.0078,0.));
#5790=CARTESIAN_POINT('',(0.,-0.0098,0.));
#5791=CARTESIAN_POINT('',(0.,-0.0098,0.));
#5792=CARTESIAN_POINT('',(0.000694045035503149,-0.0098,-0.00357479900011084));
#5793=CARTESIAN_POINT('',(0.000585233146475517,-0.0098,-0.00360240685253355));
#5794=CARTESIAN_POINT('',(0.00047538783458952,-0.0098,-0.00362450884632467));
#5795=CARTESIAN_POINT('',(0.000364870664581453,-0.0098,-0.00364132249374676));
#5796=CARTESIAN_POINT('',(0.000251504978759599,-0.0098,-0.00365856950315744));
#5797=CARTESIAN_POINT('',(0.000137431750252446,-0.0098,-0.00367025211277449));
#5798=CARTESIAN_POINT('',(2.30192859811495E-5,-0.0098,-0.00367655469903418));
#5799=CARTESIAN_POINT('',(-9.36997378426186E-5,-0.0098,-0.00368298434566823));
#5800=CARTESIAN_POINT('',(-0.000210772549951486,-0.0098,-0.00368381488633779));
#5801=CARTESIAN_POINT('',(-0.000327820328494836,-0.0098,-0.00367918963144175));
#5802=CARTESIAN_POINT('',(-0.000439121194241509,-0.0098,-0.00367479147130036));
#5803=CARTESIAN_POINT('',(-0.000550400109893554,-0.0098,-0.00366545962771509));
#5804=CARTESIAN_POINT('',(-0.000661331775923499,-0.0098,-0.00365127466820887));
#5805=CARTESIAN_POINT('',(-0.000679758434741887,-0.0098,-0.0036489184301884));
#5806=CARTESIAN_POINT('',(-0.000698175500357046,-0.0098,-0.0036464281944709));
#5807=CARTESIAN_POINT('',(-0.00071658146338939,-0.0098,-0.00364380422239019));
#5808=CARTESIAN_POINT('',(-0.000731103925433151,-0.0098,-0.00364173388600632));
#5809=CARTESIAN_POINT('',(-0.000745617498881016,-0.0098,-0.00363958054058713));
#5810=CARTESIAN_POINT('',(-0.000760112472360072,-0.0098,-0.00363734585663112));
#5811=CARTESIAN_POINT('',(-0.000878190791252976,-0.0098,-0.00361914177194177));
#5812=CARTESIAN_POINT('',(-0.000995202588604657,-0.0098,-0.00359552071563332));
#5813=CARTESIAN_POINT('',(-0.00111075647367889,-0.0098,-0.0035666726873836));
#5814=CARTESIAN_POINT('',(-0.00122764692683363,-0.0098,-0.00353749098490287));
#5815=CARTESIAN_POINT('',(-0.00134304639581428,-0.0098,-0.00350296061319354));
#5816=CARTESIAN_POINT('',(-0.00145655299532941,-0.0098,-0.00346322491329179));
#5817=CARTESIAN_POINT('',(-0.00156992036303711,-0.0098,-0.00342353795481424));
#5818=CARTESIAN_POINT('',(-0.00168140037566748,-0.0098,-0.00337865824902908));
#5819=CARTESIAN_POINT('',(-0.00179058286993667,-0.0098,-0.00332867786500863));
#5820=CARTESIAN_POINT('',(-0.00187855648123496,-0.0098,-0.00328840625456609));
#5821=CARTESIAN_POINT('',(-0.00196503847939531,-0.0098,-0.00324482213478419));
#5822=CARTESIAN_POINT('',(-0.00204980380240397,-0.0098,-0.00319795081639694));
#5823=CARTESIAN_POINT('',(-0.00206607694204504,-0.0098,-0.0031889525198978));
#5824=CARTESIAN_POINT('',(-0.00208228677560166,-0.0098,-0.00317983301216728));
#5825=CARTESIAN_POINT('',(-0.0020984316550218,-0.0098,-0.00317059238907167));
#5826=CARTESIAN_POINT('',(-0.00211372523105292,-0.0098,-0.00316183901481536));
#5827=CARTESIAN_POINT('',(-0.00212895317339926,-0.0098,-0.00315298113798514));
#5828=CARTESIAN_POINT('',(-0.00214410970148781,-0.0098,-0.00314402189765069));
#5829=CARTESIAN_POINT('',(-0.00225354676549775,-0.0098,-0.00307933208529834));
#5830=CARTESIAN_POINT('',(-0.00235933789355347,-0.0098,-0.00300931902298717));
#5831=CARTESIAN_POINT('',(-0.00246102645641948,-0.0098,-0.00293414391493007));
#5832=CARTESIAN_POINT('',(-0.0025627150192855,-0.0098,-0.00285896880687297));
#5833=CARTESIAN_POINT('',(-0.00266030210870522,-0.0098,-0.00277863141161353));
#5834=CARTESIAN_POINT('',(-0.00275330880525424,-0.0098,-0.00269323522189177));
#5835=CARTESIAN_POINT('',(-0.00284078422145656,-0.0098,-0.00261291770159294));
#5836=CARTESIAN_POINT('',(-0.0029242083691959,-0.0098,-0.00252812450415226));
#5837=CARTESIAN_POINT('',(-0.00300349883757786,-0.0098,-0.00243926242597802));
#5838=CARTESIAN_POINT('',(-0.00305241228084364,-0.0098,-0.00238444435883889));
#5839=CARTESIAN_POINT('',(-0.00309975198097553,-0.0098,-0.00232807702758158));
#5840=CARTESIAN_POINT('',(-0.00314549158761984,-0.0098,-0.00227024917934721));
#5841=CARTESIAN_POINT('',(-0.00316568540377459,-0.0098,-0.00224471846272015));
#5842=CARTESIAN_POINT('',(-0.0031855672594253,-0.0098,-0.00221890300572244));
#5843=CARTESIAN_POINT('',(-0.00320513452829807,-0.0098,-0.00219281018628969));
#5844=CARTESIAN_POINT('',(-0.0032157243355981,-0.0098,-0.00217868875056435));
#5845=CARTESIAN_POINT('',(-0.0032262168038097,-0.0098,-0.00216449296295539));
#5846=CARTESIAN_POINT('',(-0.00323660901454476,-0.0098,-0.00215022809071439));
#5847=CARTESIAN_POINT('',(-0.00330702959167457,-0.0098,-0.00205356525722262));
#5848=CARTESIAN_POINT('',(-0.00337289070010058,-0.0098,-0.00195367822544374));
#5849=CARTESIAN_POINT('',(-0.00343414802163321,-0.0098,-0.00185100674230333));
#5850=CARTESIAN_POINT('',(-0.0034974017608977,-0.0098,-0.00174498912576418));
#5851=CARTESIAN_POINT('',(-0.00355574723756579,-0.0098,-0.00163600205531531));
#5852=CARTESIAN_POINT('',(-0.00360909877116652,-0.0098,-0.00152448818412668));
#5853=CARTESIAN_POINT('',(-0.00366282456046361,-0.0098,-0.00141219205423434));
#5854=CARTESIAN_POINT('',(-0.00371148648588736,-0.0098,-0.00129733276224831));
#5855=CARTESIAN_POINT('',(-0.00375495371772161,-0.0098,-0.00118033139272599));
#5856=CARTESIAN_POINT('',(-0.00378511230627154,-0.0098,-0.00109915308864954));
#5857=CARTESIAN_POINT('',(-0.00381276931715884,-0.0098,-0.00101694295217564));
#5858=CARTESIAN_POINT('',(-0.00383786740375114,-0.0098,-0.000933836044646792));
#5859=CARTESIAN_POINT('',(-0.00384782081597762,-0.0098,-0.000900877464060972));
#5860=CARTESIAN_POINT('',(-0.00385737164096494,-0.0098,-0.000867777806342928));
#5861=CARTESIAN_POINT('',(-0.00386651577804738,-0.0098,-0.000834545380614393));
#5862=CARTESIAN_POINT('',(-0.00387095305304372,-0.0098,-0.000818419046284158));
#5863=CARTESIAN_POINT('',(-0.00387529412157896,-0.0098,-0.00080226288833465));
#5864=CARTESIAN_POINT('',(-0.0038795362129343,-0.0098,-0.000786087202324713));
#5865=CARTESIAN_POINT('',(-0.00391166276006894,-0.0098,-0.000663584197202418));
#5866=CARTESIAN_POINT('',(-0.00393815702385975,-0.0098,-0.000539816562423786));
#5867=CARTESIAN_POINT('',(-0.00395890308473039,-0.0098,-0.000415227427175673));
#5868=CARTESIAN_POINT('',(-0.00397653105742838,-0.0098,-0.000309363770054691));
#5869=CARTESIAN_POINT('',(-0.00399000824134703,-0.0098,-0.000202906208275233));
#5870=CARTESIAN_POINT('',(-0.00399923578757145,-0.0098,-9.61165432863014E-5));
#5871=CARTESIAN_POINT('',(-0.00400347798070667,-0.0098,-4.70219765715405E-5));
#5872=CARTESIAN_POINT('',(-0.00400682163054353,-0.0098,2.14287009461362E-6));
#5873=CARTESIAN_POINT('',(-0.00400925517872876,-0.0098,5.13528521160764E-5));
#5874=CARTESIAN_POINT('',(-0.00401032965605604,-0.0098,7.30803898236094E-5));
#5875=CARTESIAN_POINT('',(-0.00401122676734284,-0.0098,9.48189817650067E-5));
#5876=CARTESIAN_POINT('',(-0.00401194520480032,-0.0098,0.000116559134175056));
#5877=CARTESIAN_POINT('',(-0.0040161102398651,-0.0098,0.000242594457305156));
#5878=CARTESIAN_POINT('',(-0.00401426944514784,-0.0098,0.000368499015330206));
#5879=CARTESIAN_POINT('',(-0.00400628486136605,-0.0098,0.000493847708489501));
#5880=CARTESIAN_POINT('',(-0.00399841055870696,-0.0098,0.000617465116087999));
#5881=CARTESIAN_POINT('',(-0.00398456120595764,-0.0098,0.000740542717088483));
#5882=CARTESIAN_POINT('',(-0.00396455508448773,-0.0098,0.000862677826409754));
#5883=CARTESIAN_POINT('',(-0.00395422763543068,-0.0098,0.000925725735095615));
#5884=CARTESIAN_POINT('',(-0.00394225870347322,-0.0098,0.000988522496100414));
#5885=CARTESIAN_POINT('',(-0.00392868852807609,-0.0098,0.00105102796451071));
#5886=CARTESIAN_POINT('',(0.000694045035503137,-0.0098,-0.00357479900011084));
#5887=CARTESIAN_POINT('',(-0.00392540782650636,-0.00980000032508664,0.00105013895656325));
#5888=CARTESIAN_POINT('',(0.,-0.0098,0.));
#5889=CARTESIAN_POINT('',(-0.00287043072410702,-0.0098,0.00287134690473467));
#5890=CARTESIAN_POINT('',(-0.00287043146692459,-0.0098,0.00287134623411896));
#5891=CARTESIAN_POINT('',(-0.00277948199224715,-0.0098,0.00295345546507246));
#5892=CARTESIAN_POINT('',(-0.00268478687584131,-0.0098,0.00303088575548939));
#5893=CARTESIAN_POINT('',(-0.0025867719522913,-0.0098,0.00310362090439436));
#5894=CARTESIAN_POINT('',(-0.00248647042256589,-0.0098,0.00317805290347918));
#5895=CARTESIAN_POINT('',(-0.0023826916824255,-0.0098,0.00324756844962086));
#5896=CARTESIAN_POINT('',(-0.00227585933930423,-0.0098,0.00331210666628483));
#5897=CARTESIAN_POINT('',(-0.00216267475698285,-0.0098,0.00338048231810954));
#5898=CARTESIAN_POINT('',(-0.00204606185921473,-0.0098,0.00344327187068613));
#5899=CARTESIAN_POINT('',(-0.00192649945603183,-0.0098,0.00350034611978665));
#5900=CARTESIAN_POINT('',(-0.00182188235324679,-0.0098,0.0035502860877496));
#5901=CARTESIAN_POINT('',(-0.00171500619584309,-0.0098,0.00359584950219893));
#5902=CARTESIAN_POINT('',(-0.00160618541551298,-0.0098,0.0036369110915217));
#5903=CARTESIAN_POINT('',(-0.0015862089573147,-0.0098,0.0036444488533368));
#5904=CARTESIAN_POINT('',(-0.00156616696604895,-0.0098,0.00365183480828116));
#5905=CARTESIAN_POINT('',(-0.00154606138970562,-0.0098,0.00365906804373841));
#5906=CARTESIAN_POINT('',(-0.00153033551356254,-0.0098,0.00366472562663841));
#5907=CARTESIAN_POINT('',(-0.00151457196444598,-0.0098,0.00367028928356211));
#5908=CARTESIAN_POINT('',(-0.00149878334942422,-0.0098,0.00367575472641656));
#5909=CARTESIAN_POINT('',(-0.00138058010330909,-0.0098,0.00371667238043262));
#5910=CARTESIAN_POINT('',(-0.00126079799814912,-0.0098,0.00375215293160558));
#5911=CARTESIAN_POINT('',(-0.00113985287532783,-0.0098,0.00378213112709228));
#5912=CARTESIAN_POINT('',(-0.00101895703682238,-0.0098,0.00381209710666798));
#5913=CARTESIAN_POINT('',(-0.000896898266364828,-0.0098,0.00383656535733735));
#5914=CARTESIAN_POINT('',(-0.000774080668298869,-0.0098,0.00385542011644701));
#5915=CARTESIAN_POINT('',(-0.000652778197561936,-0.0098,0.00387404227565846));
#5916=CARTESIAN_POINT('',(-0.000530734700821608,-0.0098,0.0038871886375108));
#5917=CARTESIAN_POINT('',(-0.000408340948022865,-0.0098,0.00389469704761941));
#5918=CARTESIAN_POINT('',(-0.000308520893021015,-0.0098,0.0039008206437416));
#5919=CARTESIAN_POINT('',(-0.000208467709003675,-0.0098,0.00390319328395633));
#5920=CARTESIAN_POINT('',(-0.000108399620790653,-0.0098,0.0039017011314278));
#5921=CARTESIAN_POINT('',(-8.21404904628293E-5,-0.0098,0.00390130957175663));
#5922=CARTESIAN_POINT('',(-5.58803782029496E-5,-0.0098,0.00390065175372501));
#5923=CARTESIAN_POINT('',(-2.96233325987925E-5,-0.0098,0.00389972534641872));
#5924=CARTESIAN_POINT('',(-1.26166848707379E-5,-0.0098,0.00389912531384276));
#5925=CARTESIAN_POINT('',(4.37859114782039E-6,-0.0098,0.00389841295206145));
#5926=CARTESIAN_POINT('',(2.13601493883324E-5,-0.0098,0.00389758808166531));
#5927=CARTESIAN_POINT('',(0.000142548163188826,-0.0098,0.00389170143666277));
#5928=CARTESIAN_POINT('',(0.000263059789054306,-0.0098,0.00388008830587797));
#5929=CARTESIAN_POINT('',(0.000382518361119888,-0.0098,0.0038626373880976));
#5930=CARTESIAN_POINT('',(0.000499680697420086,-0.0098,0.00384552191231067));
#5931=CARTESIAN_POINT('',(0.000615830782521734,-0.0098,0.00382279087783496));
#5932=CARTESIAN_POINT('',(0.00073060426458587,-0.0098,0.00379428991054641));
#5933=CARTESIAN_POINT('',(0.000746528645757852,-0.0098,0.00379033551046452));
#5934=CARTESIAN_POINT('',(0.000762426502570412,-0.0098,0.00378626995771596));
#5935=CARTESIAN_POINT('',(0.000778296836170364,-0.0098,0.00378209276360289));
#5936=CARTESIAN_POINT('',(0.000895543839731433,-0.0098,0.0037512324486658));
#5937=CARTESIAN_POINT('',(0.0010112907828006,-0.0098,0.00371428251652532));
#5938=CARTESIAN_POINT('',(0.00112520960025673,-0.0098,0.00367154413965965));
#5939=CARTESIAN_POINT('',(0.0011902519108384,-0.0098,0.00364714252767027));
#5940=CARTESIAN_POINT('',(0.00125469781467349,-0.0098,0.00362085309661472));
#5941=CARTESIAN_POINT('',(0.00131848173148171,-0.0098,0.00359272586038758));
#5942=CARTESIAN_POINT('',(0.00134734884020358,-0.0098,0.00357999613122003));
#5943=CARTESIAN_POINT('',(0.00137608030687969,-0.0098,0.0035668899182877));
#5944=CARTESIAN_POINT('',(0.00140466978751875,-0.0098,0.00355341160380876));
#5945=CARTESIAN_POINT('',(0.00141870017671922,-0.0098,0.00354679707309051));
#5946=CARTESIAN_POINT('',(0.00143269336385964,-0.0098,0.00354009430131098));
#5947=CARTESIAN_POINT('',(0.00144664107110436,-0.0098,0.00353330770001416));
#5948=CARTESIAN_POINT('',(0.00155909162703977,-0.0098,0.00347859210587741));
#5949=CARTESIAN_POINT('',(0.00166873534721563,-0.0098,0.00341836322765214));
#5950=CARTESIAN_POINT('',(0.00177524860844923,-0.0098,0.00335300692040906));
#5951=CARTESIAN_POINT('',(0.001878457907855,-0.0098,0.00328967791701377));
#5952=CARTESIAN_POINT('',(0.00197872848236804,-0.0098,0.0032215336781574));
#5953=CARTESIAN_POINT('',(0.0020757372877601,-0.0098,0.003148878691917));
#5954=CARTESIAN_POINT('',(0.00217205736711394,-0.0098,0.00307673952875708));
#5955=CARTESIAN_POINT('',(0.00226516242361584,-0.0098,0.00300015275135416));
#5956=CARTESIAN_POINT('',(0.00235469910091262,-0.0098,0.00291938166582131));
#5957=CARTESIAN_POINT('',(0.00241366561049383,-0.0098,0.00286618794529525));
#5958=CARTESIAN_POINT('',(0.00247108366966901,-0.0098,0.00281117872019747));
#5959=CARTESIAN_POINT('',(0.00252684154643474,-0.0098,0.00275442302628507));
#5960=CARTESIAN_POINT('',(0.0025484099506629,-0.0098,0.00273246864388102));
#5961=CARTESIAN_POINT('',(0.00256972983973595,-0.0098,0.00271025289053603));
#5962=CARTESIAN_POINT('',(0.0025907943556248,-0.0098,0.00268777961065457));
#5963=CARTESIAN_POINT('',(0.00260419697858009,-0.0098,0.0026734806398921));
#5964=CARTESIAN_POINT('',(0.00261749067293635,-0.0098,0.00265908328278038));
#5965=CARTESIAN_POINT('',(0.00263067026859616,-0.0098,0.00264459286557893));
#5966=CARTESIAN_POINT('',(0.00271107867768677,-0.0098,0.00255618716450114));
#5967=CARTESIAN_POINT('',(0.00278728846229905,-0.0098,0.00246427216453484));
#5968=CARTESIAN_POINT('',(0.00285896359735881,-0.0098,0.00236912091229245));
#5969=CARTESIAN_POINT('',(0.00291702453313957,-0.0098,0.00229204298643577));
#5970=CARTESIAN_POINT('',(0.00297210927573667,-0.0098,0.00221284068469234));
#5971=CARTESIAN_POINT('',(0.00302401639919195,-0.0098,0.0021316473102094));
#5972=CARTESIAN_POINT('',(0.00304880798649669,-0.0098,0.00209286818900083));
#5973=CARTESIAN_POINT('',(0.00307287438670273,-0.0098,0.00205363474208177));
#5974=CARTESIAN_POINT('',(0.00309619177279991,-0.0098,0.00201396088362151));
#5975=CARTESIAN_POINT('',(0.00311000510231355,-0.0098,0.0019904579027254));
#5976=CARTESIAN_POINT('',(0.00312355728291784,-0.0098,0.00196679700544721));
#5977=CARTESIAN_POINT('',(0.00313683044983005,-0.0098,0.00194300450151978));
#5978=CARTESIAN_POINT('',(0.00319264834389777,-0.0098,0.00184294944513339));
#5979=CARTESIAN_POINT('',(0.00324358227390776,-0.0098,0.00174049202383402));
#5980=CARTESIAN_POINT('',(0.0032893043423263,-0.0098,0.00163586510775294));
#5981=CARTESIAN_POINT('',(0.00332963634693016,-0.0098,0.00154357240519102));
#5982=CARTESIAN_POINT('',(0.00336591249915983,-0.0098,0.00144959101402749));
#5983=CARTESIAN_POINT('',(0.00339787522727722,-0.0098,0.00135407169701278));
#5984=CARTESIAN_POINT('',(0.00341611037713121,-0.0098,0.00129957669103841));
#5985=CARTESIAN_POINT('',(0.00343294092644456,-0.0098,0.00124458096005813));
#5986=CARTESIAN_POINT('',(0.00344837473328054,-0.0098,0.00118913566019001));
#5987=CARTESIAN_POINT('',(0.0034553389498962,-0.0098,0.00116411700583561));
#5988=CARTESIAN_POINT('',(0.00346230316651186,-0.0098,0.0011390983514812));
#5989=CARTESIAN_POINT('',(0.00346926738312753,-0.0098,0.0011140796971268));
#5990=CARTESIAN_POINT('',(0.00344664149230519,-0.00979999358035663,0.00118788172687327));
#5991=CARTESIAN_POINT('',(0.,-0.0098,0.));
#5992=CARTESIAN_POINT('',(0.00105457046596958,-0.00780697221675031,-0.00393320393510291));
#5993=CARTESIAN_POINT('',(0.00235041355769727,-0.00784629890249867,-0.0035857625423822));
#5994=CARTESIAN_POINT('',(0.00455055446806704,-0.00792495227399538,-0.00151646147438332));
#5995=CARTESIAN_POINT('',(0.00376881775218086,-0.00804293233124039,0.00297427415774157));
#5996=CARTESIAN_POINT('',(-0.000410748675814083,-0.00816091238848546,0.00477951657335721));
#5997=CARTESIAN_POINT('',(-0.00421758209126012,-0.0082788924457305,0.00228786831157846));
#5998=CARTESIAN_POINT('',(-0.00423047448063746,-0.00839687250297556,-0.00226486909591776));
#5999=CARTESIAN_POINT('',(-0.000435456219687376,-0.00851485256022057,-0.0047782878811803));
#6000=CARTESIAN_POINT('',(0.003751029628682,-0.00863283261746565,-0.00299216412540868));
#6001=CARTESIAN_POINT('',(0.00456208535606436,-0.00875081267471066,0.00148696470541719));
#6002=CARTESIAN_POINT('',(0.00126747904906869,-0.00886879273195573,0.00462780179842347));
#6003=CARTESIAN_POINT('',(-0.003167669614496,-0.00898677278920076,0.00360401468347708));
#6004=CARTESIAN_POINT('',(-0.0047522595021852,-0.00910475284644582,-0.000663111193589715));
#6005=CARTESIAN_POINT('',(-0.00205999859063104,-0.00922273290369086,-0.00433355226520126));
#6006=CARTESIAN_POINT('',(0.00248578960453102,-0.0093407129609359,-0.00410396238246703));
#6007=CARTESIAN_POINT('',(0.00479516708080275,-0.00945869301818096,-0.000181435994647067));
#6008=CARTESIAN_POINT('',(0.00278804904491166,-0.009576673075426,0.00390501250072393));
#6009=CARTESIAN_POINT('',(-0.00172574079092942,-0.00969465313267105,0.00447597049501016));
#6010=CARTESIAN_POINT('',(-0.00469116238012057,-0.00981263318991607,0.00102141545803084));
#6011=CARTESIAN_POINT('',(-0.00342545053609998,-0.00993061324716113,-0.00335760182196551));
#6012=CARTESIAN_POINT('',(-0.000540911703114432,-0.0100092666186578,-0.00425318133072084));
#6013=CARTESIAN_POINT('',(0.000776108798838118,-0.0100485933044062,-0.00399748260723801));
#6014=CARTESIAN_POINT('',(0.00105352799342823,-0.00780464814450021,-0.0039293158524814));
#6015=CARTESIAN_POINT('',(0.00234809010784371,-0.00784397483024856,-0.00358221791534127));
#6016=CARTESIAN_POINT('',(0.00454605611709479,-0.00792262820174527,-0.0015149624096));
#6017=CARTESIAN_POINT('',(0.00376509216992079,-0.00804060825899029,0.00297133400415302));
#6018=CARTESIAN_POINT('',(-0.000410342639205102,-0.00815858831623535,0.00477479188690955));
#6019=CARTESIAN_POINT('',(-0.00421341289283961,-0.00827656837348039,0.00228560668945835));
#6020=CARTESIAN_POINT('',(-0.00422629253772774,-0.00839454843072545,-0.00226263020916865));
#6021=CARTESIAN_POINT('',(-0.000435025758976941,-0.00851252848797047,-0.00477356440932939));
#6022=CARTESIAN_POINT('',(0.00374732163048189,-0.00863050854521554,-0.00298920628708435));
#6023=CARTESIAN_POINT('',(0.00455757560648529,-0.00874848860246056,0.00148549479901892));
#6024=CARTESIAN_POINT('',(0.00126622611040975,-0.00886646865970563,0.00462322708629436));
#6025=CARTESIAN_POINT('',(-0.00316453828406361,-0.00898444871695066,0.00360045201368176));
#6026=CARTESIAN_POINT('',(-0.00474756176011837,-0.00910242877419571,-0.000662455689539973));
#6027=CARTESIAN_POINT('',(-0.00205796222413372,-0.00922040883144076,-0.0043292684270048));
#6028=CARTESIAN_POINT('',(0.0024833323316508,-0.0093383888886858,-0.00409990550032162));
#6029=CARTESIAN_POINT('',(0.00479042692338867,-0.00945636894593085,-0.000181256640067609));
#6030=CARTESIAN_POINT('',(0.00278529298008048,-0.00957434900317589,0.00390115228612756));
#6031=CARTESIAN_POINT('',(-0.00172403484766048,-0.00969232906042094,0.00447154587239127));
#6032=CARTESIAN_POINT('',(-0.00468652503427588,-0.00981030911766597,0.00102040576014656));
#6033=CARTESIAN_POINT('',(-0.00342206438198237,-0.00992828917491103,-0.00335428273820852));
#6034=CARTESIAN_POINT('',(-0.000540376996695099,-0.0100069425464077,-0.0042489769414517));
#6035=CARTESIAN_POINT('',(0.000775341593480108,-0.0100462692321561,-0.00399353098334273));
#6036=CARTESIAN_POINT('',(0.00105248552088687,-0.0078023240722501,-0.00392542776985991));
#6037=CARTESIAN_POINT('',(0.00234576665799015,-0.00784165075799846,-0.00357867328830033));
#6038=CARTESIAN_POINT('',(0.00454155776612255,-0.00792030412949517,-0.00151346334481668));
#6039=CARTESIAN_POINT('',(0.00376136658766072,-0.00803828418674018,0.00296839385056446));
#6040=CARTESIAN_POINT('',(-0.000409936602596122,-0.00815626424398525,0.00477006720046189));
#6041=CARTESIAN_POINT('',(-0.0042092436944191,-0.00827424430123029,0.00228334506733824));
#6042=CARTESIAN_POINT('',(-0.00422211059481802,-0.00839222435847535,-0.00226039132241956));
#6043=CARTESIAN_POINT('',(-0.000434595298266506,-0.00851020441572036,-0.00476884093747847));
#6044=CARTESIAN_POINT('',(0.00374361363228178,-0.00862818447296544,-0.00298624844876001));
#6045=CARTESIAN_POINT('',(0.00455306585690622,-0.00874616453021045,0.00148402489262064));
#6046=CARTESIAN_POINT('',(0.0012649731717508,-0.00886414458745552,0.00461865237416524));
#6047=CARTESIAN_POINT('',(-0.00316140695363122,-0.00898212464470055,0.00359688934388642));
#6048=CARTESIAN_POINT('',(-0.00474286401805155,-0.00910010470194561,-0.000661800185490231));
#6049=CARTESIAN_POINT('',(-0.00205592585763641,-0.00921808475919065,-0.00432498458880832));
#6050=CARTESIAN_POINT('',(0.00248087505877058,-0.00933606481643569,-0.00409584861817621));
#6051=CARTESIAN_POINT('',(0.00478568676597459,-0.00945404487368075,-0.000181077285488151));
#6052=CARTESIAN_POINT('',(0.00278253691524928,-0.00957202493092579,0.00389729207153118));
#6053=CARTESIAN_POINT('',(-0.00172232890439156,-0.00969000498817084,0.00446712124977236));
#6054=CARTESIAN_POINT('',(-0.00468188768843118,-0.00980798504541586,0.00101939606226229));
#6055=CARTESIAN_POINT('',(-0.00341867822786476,-0.00992596510266093,-0.00335096365445154));
#6056=CARTESIAN_POINT('',(-0.000539842290275766,-0.0100046184741576,-0.00424477255218256));
#6057=CARTESIAN_POINT('',(0.000774574388122097,-0.010043945159906,-0.00398957935944745));
#6058=CARTESIAN_POINT('',(0.00105144304834552,-0.0078,-0.0039215396872384));
#6059=CARTESIAN_POINT('',(0.00234344320813659,-0.00783932668574835,-0.0035751286612594));
#6060=CARTESIAN_POINT('',(0.00453705941515031,-0.00791798005724506,-0.00151196428003336));
#6061=CARTESIAN_POINT('',(0.00375764100540064,-0.00803596011449008,0.00296545369697591));
#6062=CARTESIAN_POINT('',(-0.000409530565987141,-0.00815394017173514,0.00476534251401423));
#6063=CARTESIAN_POINT('',(-0.00420507449599858,-0.00827192022898018,0.00228108344521813));
#6064=CARTESIAN_POINT('',(-0.0042179286519083,-0.00838990028622524,-0.00225815243567045));
#6065=CARTESIAN_POINT('',(-0.00043416483755607,-0.00850788034347026,-0.00476411746562756));
#6066=CARTESIAN_POINT('',(0.00373990563408167,-0.00862586040071533,-0.00298329061043567));
#6067=CARTESIAN_POINT('',(0.00454855610732715,-0.00874384045796035,0.00148255498622237));
#6068=CARTESIAN_POINT('',(0.00126372023309186,-0.00886182051520542,0.00461407766203612));
#6069=CARTESIAN_POINT('',(-0.00315827562319883,-0.00897980057245045,0.00359332667409109));
#6070=CARTESIAN_POINT('',(-0.00473816627598473,-0.0090977806296955,-0.000661144681440489));
#6071=CARTESIAN_POINT('',(-0.00205388949113909,-0.00921576068694055,-0.00432070075061185));
#6072=CARTESIAN_POINT('',(0.00247841778589037,-0.00933374074418559,-0.0040917917360308));
#6073=CARTESIAN_POINT('',(0.00478094660856051,-0.00945172080143064,-0.000180897930908693));
#6074=CARTESIAN_POINT('',(0.0027797808504181,-0.00956970085867568,0.0038934318569348));
#6075=CARTESIAN_POINT('',(-0.00172062296112262,-0.00968768091592073,0.00446269662715346));
#6076=CARTESIAN_POINT('',(-0.00467725034258648,-0.00980566097316576,0.00101838636437801));
#6077=CARTESIAN_POINT('',(-0.00341529207374716,-0.00992364103041082,-0.00334764457069455));
#6078=CARTESIAN_POINT('',(-0.000539307583856432,-0.0100022944019075,-0.00424056816291342));
#6079=CARTESIAN_POINT('',(0.000773807182764087,-0.0100416210876559,-0.00398562773555217));
#6080=CARTESIAN_POINT('',(0.00101531632447655,-0.00771945963744805,-0.00378679878838993));
#6081=CARTESIAN_POINT('',(0.00226292441464019,-0.0077587863231964,-0.00345229016216563));
#6082=CARTESIAN_POINT('',(0.00438116976147278,-0.0078374396946931,-0.00146001442299597));
#6083=CARTESIAN_POINT('',(0.00362853153131697,-0.00795541975193814,0.00286356313140945));
#6084=CARTESIAN_POINT('',(-0.000395459430421028,-0.00807339980918319,0.00460160923961983));
#6085=CARTESIAN_POINT('',(-0.00406059157283462,-0.00819137986642823,0.00220270728221326));
#6086=CARTESIAN_POINT('',(-0.00407300407045211,-0.00830935992367328,-0.00218056416341369));
#6087=CARTESIAN_POINT('',(-0.000419247288550741,-0.00842733998091832,-0.00460042628289458));
#6088=CARTESIAN_POINT('',(0.00361140553286261,-0.00854532003816336,-0.00288078718309961));
#6089=CARTESIAN_POINT('',(0.00439227143670189,-0.00866330009540841,0.00143161560848613));
#6090=CARTESIAN_POINT('',(0.00122029983863457,-0.00878128015265345,0.00445554172433732));
#6091=CARTESIAN_POINT('',(-0.00304975985382745,-0.00889926020989851,0.0034698629061484));
#6092=CARTESIAN_POINT('',(-0.00457536675491975,-0.00901724026714354,-0.000638428290494333));
#6093=CARTESIAN_POINT('',(-0.00198331952672636,-0.00913522032438859,-0.00417224500383278));
#6094=CARTESIAN_POINT('',(0.0023932613762078,-0.00925320038163364,-0.00395120111592113));
#6095=CARTESIAN_POINT('',(0.00461667719022966,-0.00937118043887868,-0.000174682425838122));
#6096=CARTESIAN_POINT('',(0.00268426985212169,-0.00948916049612373,0.00375965672016495));
#6097=CARTESIAN_POINT('',(-0.00166150376232542,-0.00960714055336877,0.0043093620180999));
#6098=CARTESIAN_POINT('',(-0.00451654384321066,-0.00972512061061381,0.000983395441155212));
#6099=CARTESIAN_POINT('',(-0.00329794542917684,-0.00984310066785887,-0.00323262223904546));
#6100=CARTESIAN_POINT('',(-0.00052077741601417,-0.00992175403935556,-0.00409486570636081));
#6101=CARTESIAN_POINT('',(0.000747219800343775,-0.00996108072510391,-0.00384868482373839));
#6102=CARTESIAN_POINT('',(0.000979189600607585,-0.0076389192748961,-0.00365205788954145));
#6103=CARTESIAN_POINT('',(0.0021824056211438,-0.00767824596064444,-0.00332945166307185));
#6104=CARTESIAN_POINT('',(0.00422528010779524,-0.00775689933214115,-0.00140806456595858));
#6105=CARTESIAN_POINT('',(0.00349942205723331,-0.00787487938938618,0.00276167256584298));
#6106=CARTESIAN_POINT('',(-0.000381388294854912,-0.00799285944663123,0.00443787596522543));
#6107=CARTESIAN_POINT('',(-0.00391610864967067,-0.00811083950387628,0.00212433111920839));
#6108=CARTESIAN_POINT('',(-0.00392807948899592,-0.00822881956112133,-0.00210297589115694));
#6109=CARTESIAN_POINT('',(-0.00040432973954542,-0.00834679961836636,-0.0044367351001616));
#6110=CARTESIAN_POINT('',(0.00348290543164357,-0.00846477967561142,-0.00277828375576355));
#6111=CARTESIAN_POINT('',(0.00423598676607661,-0.00858275973285645,0.00138067623074989));
#6112=CARTESIAN_POINT('',(0.00117687944417728,-0.0087007397901015,0.00429700578663851));
#6113=CARTESIAN_POINT('',(-0.00294124408445608,-0.00881871984734655,0.00334639913820572));
#6114=CARTESIAN_POINT('',(-0.00441256723385477,-0.00893669990459158,-0.000615711899548175));
#6115=CARTESIAN_POINT('',(-0.00191274956231363,-0.00905467996183665,-0.00402378925705371));
#6116=CARTESIAN_POINT('',(0.00230810496652523,-0.00917266001908167,-0.00381061049581145));
#6117=CARTESIAN_POINT('',(0.0044524077718988,-0.00929064007632674,-0.000168466920767555));
#6118=CARTESIAN_POINT('',(0.00258875885382528,-0.00940862013357177,0.00362588158339511));
#6119=CARTESIAN_POINT('',(-0.0016023845635282,-0.00952660019081683,0.00415602740904633));
#6120=CARTESIAN_POINT('',(-0.00435583734383484,-0.00964458024806186,0.000948404517932412));
#6121=CARTESIAN_POINT('',(-0.00318059878460651,-0.00976256030530692,-0.00311759990739637));
#6122=CARTESIAN_POINT('',(-0.00050224724817191,-0.00984121367680361,-0.00394916324980821));
#6123=CARTESIAN_POINT('',(0.000720632417923462,-0.00988054036255195,-0.00371174191192461));
#6124=CARTESIAN_POINT('',(0.000943062876738618,-0.00755837891234414,-0.00351731699069297));
#6125=CARTESIAN_POINT('',(0.0021018868276474,-0.00759770559809249,-0.00320661316397807));
#6126=CARTESIAN_POINT('',(0.00406939045411771,-0.00767635896958919,-0.00135611470892119));
#6127=CARTESIAN_POINT('',(0.00337031258314964,-0.00779433902683424,0.00265978200027651));
#6128=CARTESIAN_POINT('',(-0.000367317159288795,-0.00791231908407928,0.00427414269083103));
#6129=CARTESIAN_POINT('',(-0.00377162572650672,-0.00803029914132432,0.00204595495620351));
#6130=CARTESIAN_POINT('',(-0.00378315490753972,-0.00814827919856938,-0.00202538761890019));
#6131=CARTESIAN_POINT('',(-0.000389412190540093,-0.0082662592558144,-0.00427304391742862));
#6132=CARTESIAN_POINT('',(0.00335440533042452,-0.00838423931305947,-0.00267578032842749));
#6133=CARTESIAN_POINT('',(0.00407970209545134,-0.00850221937030449,0.00132973685301365));
#6134=CARTESIAN_POINT('',(0.00113345904971999,-0.00862019942754955,0.0041384698489397));
#6135=CARTESIAN_POINT('',(-0.00283272831508471,-0.00873817948479459,0.00322293537026303));
#6136=CARTESIAN_POINT('',(-0.00424976771278979,-0.00885615954203964,-0.000592995508602018));
#6137=CARTESIAN_POINT('',(-0.0018421795979009,-0.00897413959928469,-0.00387533351027464));
#6138=CARTESIAN_POINT('',(0.00222294855684267,-0.00909211965652973,-0.00367001987570177));
#6139=CARTESIAN_POINT('',(0.00428813835356794,-0.00921009971377478,-0.000162251415696985));
#6140=CARTESIAN_POINT('',(0.00249324785552888,-0.00932807977101982,0.00349210644662527));
#6141=CARTESIAN_POINT('',(-0.001543265364731,-0.00944605982826486,0.00400269279999278));
#6142=CARTESIAN_POINT('',(-0.00419513084445901,-0.00956403988550991,0.00091341359470961));
#6143=CARTESIAN_POINT('',(-0.0030632521400362,-0.00968201994275496,-0.00300257757574728));
#6144=CARTESIAN_POINT('',(-0.000483717080329648,-0.00976067331425165,-0.0038034607932556));
#6145=CARTESIAN_POINT('',(0.000694045035503149,-0.0098,-0.00357479900011084));
#6146=CARTESIAN_POINT('',(0.000942701609499928,-0.00755757350871862,-0.00351596958170449));
#6147=CARTESIAN_POINT('',(0.00210108163971243,-0.00759690019446697,-0.00320538477898713));
#6148=CARTESIAN_POINT('',(0.00406783155758093,-0.00767555356596367,-0.00135559521035082));
#6149=CARTESIAN_POINT('',(0.0033690214884088,-0.00779353362320872,0.00265876309462084));
#6150=CARTESIAN_POINT('',(-0.000367176447933134,-0.00791151368045376,0.00427250535808708));
#6151=CARTESIAN_POINT('',(-0.00377018089727508,-0.0080294937376988,0.00204517119457346));
#6152=CARTESIAN_POINT('',(-0.00378170566172516,-0.00814747379494386,-0.00202461173617762));
#6153=CARTESIAN_POINT('',(-0.00038926301505004,-0.00826545385218888,-0.00427140700560129));
#6154=CARTESIAN_POINT('',(0.00335312032941233,-0.00838343390943395,-0.00267475529415413));
#6155=CARTESIAN_POINT('',(0.00407813924874509,-0.00850141396667897,0.00132922745923629));
#6156=CARTESIAN_POINT('',(0.00113302484577542,-0.00861939402392403,0.00413688448956271));
#6157=CARTESIAN_POINT('',(-0.00283164315739099,-0.00873737408116907,0.00322170073258361));
#6158=CARTESIAN_POINT('',(-0.00424813971757914,-0.00885535413841412,-0.000592768344692556));
#6159=CARTESIAN_POINT('',(-0.00184147389825678,-0.00897333419565917,-0.00387384895280685));
#6160=CARTESIAN_POINT('',(0.00222209699274584,-0.00909131425290421,-0.00366861396950067));
#6161=CARTESIAN_POINT('',(0.00428649565938463,-0.00920929431014926,-0.000162189260646279));
#6162=CARTESIAN_POINT('',(0.00249229274554592,-0.0093272743673943,0.00349076869525757));
#6163=CARTESIAN_POINT('',(-0.00154267417274303,-0.00944525442463934,0.00400115945390224));
#6164=CARTESIAN_POINT('',(-0.00419352377946525,-0.00956323448188439,0.000913063685477382));
#6165=CARTESIAN_POINT('',(-0.0030620786735905,-0.00968121453912944,-0.00300142735243079));
#6166=CARTESIAN_POINT('',(-0.000483531778651225,-0.00975986791062613,-0.00380200376869008));
#6167=CARTESIAN_POINT('',(0.000693779161678946,-0.00979919459637448,-0.0035734295709927));
#6168=CARTESIAN_POINT('',(0.000942340342261239,-0.0075567681050931,-0.003514622172716));
#6169=CARTESIAN_POINT('',(0.00210027645177747,-0.00759609479084145,-0.00320415639399619));
#6170=CARTESIAN_POINT('',(0.00406627266104416,-0.00767474816233815,-0.00135507571178044));
#6171=CARTESIAN_POINT('',(0.00336773039366796,-0.0077927282195832,0.00265774418896518));
#6172=CARTESIAN_POINT('',(-0.000367035736577473,-0.00791070827682824,0.00427086802534314));
#6173=CARTESIAN_POINT('',(-0.00376873606804344,-0.00802868833407328,0.00204438743294341));
#6174=CARTESIAN_POINT('',(-0.0037802564159106,-0.00814666839131834,-0.00202383585345505));
#6175=CARTESIAN_POINT('',(-0.000389113839559987,-0.00826464844856336,-0.00426977009377396));
#6176=CARTESIAN_POINT('',(0.00335183532840014,-0.00838262850580843,-0.00267373025988077));
#6177=CARTESIAN_POINT('',(0.00407657640203884,-0.00850060856305345,0.00132871806545892));
#6178=CARTESIAN_POINT('',(0.00113259064183084,-0.00861858862029851,0.00413529913018572));
#6179=CARTESIAN_POINT('',(-0.00283055799969729,-0.00873656867754355,0.00322046609490418));
#6180=CARTESIAN_POINT('',(-0.00424651172236849,-0.0088545487347886,-0.000592541180783095));
#6181=CARTESIAN_POINT('',(-0.00184076819861264,-0.00897252879203365,-0.00387236439533906));
#6182=CARTESIAN_POINT('',(0.00222124542864902,-0.00909050884927869,-0.00366720806329958));
#6183=CARTESIAN_POINT('',(0.00428485296520132,-0.00920848890652374,-0.000162127105595574));
#6184=CARTESIAN_POINT('',(0.00249133763556295,-0.00932646896376878,0.00348943094388988));
#6185=CARTESIAN_POINT('',(-0.00154208298075506,-0.00944444902101382,0.00399962610781171));
#6186=CARTESIAN_POINT('',(-0.0041919167144715,-0.00956242907825887,0.000912713776245154));
#6187=CARTESIAN_POINT('',(-0.0030609052071448,-0.00968040913550392,-0.0030002771291143));
#6188=CARTESIAN_POINT('',(-0.000483346476972803,-0.00975906250700061,-0.00380054674412455));
#6189=CARTESIAN_POINT('',(0.000693513287854743,-0.00979838919274896,-0.00357206014187457));
#6190=CARTESIAN_POINT('',(0.000941979075022549,-0.00755596270146758,-0.00351327476372751));
#6191=CARTESIAN_POINT('',(0.00209947126384251,-0.00759528938721593,-0.00320292800900525));
#6192=CARTESIAN_POINT('',(0.00406471376450738,-0.00767394275871263,-0.00135455621321007));
#6193=CARTESIAN_POINT('',(0.00336643929892713,-0.00779192281595768,0.00265672528330952));
#6194=CARTESIAN_POINT('',(-0.000366895025221812,-0.00790990287320272,0.0042692306925992));
#6195=CARTESIAN_POINT('',(-0.0037672912388118,-0.00802788293044776,0.00204360367131336));
#6196=CARTESIAN_POINT('',(-0.00377880717009604,-0.00814586298769282,-0.00202305997073249));
#6197=CARTESIAN_POINT('',(-0.000388964664069933,-0.00826384304493784,-0.00426813318194663));
#6198=CARTESIAN_POINT('',(0.00335055032738795,-0.00838182310218291,-0.00267270522560741));
#6199=CARTESIAN_POINT('',(0.00407501355533258,-0.00849980315942793,0.00132820867168156));
#6200=CARTESIAN_POINT('',(0.00113215643788627,-0.00861778321667299,0.00413371377080874));
#6201=CARTESIAN_POINT('',(-0.00282947284200357,-0.00873576327391803,0.00321923145722475));
#6202=CARTESIAN_POINT('',(-0.00424488372715784,-0.00885374333116308,-0.000592314016873633));
#6203=CARTESIAN_POINT('',(-0.00184006249896852,-0.00897172338840813,-0.00387087983787127));
#6204=CARTESIAN_POINT('',(0.00222039386455219,-0.00908970344565317,-0.00366580215709848));
#6205=CARTESIAN_POINT('',(0.00428321027101801,-0.00920768350289822,-0.000162064950544868));
#6206=CARTESIAN_POINT('',(0.00249038252557999,-0.00932566356014326,0.00348809319252218));
#6207=CARTESIAN_POINT('',(-0.00154149178876708,-0.0094436436173883,0.00399809276172118));
#6208=CARTESIAN_POINT('',(-0.00419030964947773,-0.00956162367463335,0.000912363867012926));
#6209=CARTESIAN_POINT('',(-0.00305973174069909,-0.0096796037318784,-0.00299912690579781));
#6210=CARTESIAN_POINT('',(-0.00048316117529438,-0.00975825710337509,-0.00379908971955902));
#6211=CARTESIAN_POINT('',(0.00069324741403054,-0.00979758378912344,-0.00357069071275642));
#6212=CARTESIAN_POINT('',(0.000941438511067613,-0.00755475757650051,-0.00351125863645737));
#6213=CARTESIAN_POINT('',(0.00209826646161309,-0.00759408426224886,-0.00320108997727203));
#6214=CARTESIAN_POINT('',(0.00406238118854419,-0.00767273763374556,-0.0013537788878074));
#6215=CARTESIAN_POINT('',(0.00336450743463233,-0.00779071769099061,0.0026552006953814));
#6216=CARTESIAN_POINT('',(-0.00036668447890381,-0.00790869774823565,0.00426678075258576));
#6217=CARTESIAN_POINT('',(-0.00376512934168962,-0.00802667780548069,0.00204243092925127));
#6218=CARTESIAN_POINT('',(-0.00377663866444345,-0.00814465786272575,-0.00202189901787499));
#6219=CARTESIAN_POINT('',(-0.000388741452872663,-0.00826263791997077,-0.00426568387175047));
#6220=CARTESIAN_POINT('',(0.00334862758113571,-0.00838061797721584,-0.00267117146743226));
#6221=CARTESIAN_POINT('',(0.00407267506873315,-0.00849859803446086,0.00132744646607468));
#6222=CARTESIAN_POINT('',(0.00113150673878159,-0.00861657809170592,0.00413134159851344));
#6223=CARTESIAN_POINT('',(-0.00282784912119021,-0.00873455814895096,0.00321738406959745));
#6224=CARTESIAN_POINT('',(-0.00424244775888993,-0.00885253820619601,-0.000591974111650667));
#6225=CARTESIAN_POINT('',(-0.00183900656100965,-0.00897051826344106,-0.0038686584954129));
#6226=CARTESIAN_POINT('',(0.00221911966969929,-0.0090884983206861,-0.00366369850048381));
#6227=CARTESIAN_POINT('',(0.00428075230868603,-0.00920647837793115,-0.00016197194797937));
#6228=CARTESIAN_POINT('',(0.00248895339507908,-0.00932445843517619,0.00348609151594428));
#6229=CARTESIAN_POINT('',(-0.00154060718854619,-0.00944243849242123,0.00399579841687554));
#6230=CARTESIAN_POINT('',(-0.00418790499908093,-0.00956041854966628,0.000911840298036321));
#6231=CARTESIAN_POINT('',(-0.00305797588355253,-0.00967839860691133,-0.0029974058273317));
#6232=CARTESIAN_POINT('',(-0.000482883908502883,-0.00975705197840802,-0.00379690957456598));
#6233=CARTESIAN_POINT('',(0.00069284958718511,-0.00979637866415637,-0.00356864163677934));
#6234=CARTESIAN_POINT('',(0.000940897947112677,-0.00755355245153344,-0.00350924250918723));
#6235=CARTESIAN_POINT('',(0.00209706165938366,-0.00759287913728178,-0.00319925194553881));
#6236=CARTESIAN_POINT('',(0.00406004861258101,-0.00767153250877849,-0.00135300156240473));
#6237=CARTESIAN_POINT('',(0.00336257557033754,-0.00778951256602354,0.00265367610745327));
#6238=CARTESIAN_POINT('',(-0.000366473932585809,-0.00790749262326857,0.00426433081257231));
#6239=CARTESIAN_POINT('',(-0.00376296744456743,-0.00802547268051361,0.00204125818718918));
#6240=CARTESIAN_POINT('',(-0.00377447015879086,-0.00814345273775867,-0.00202073806501749));
#6241=CARTESIAN_POINT('',(-0.000388518241675391,-0.00826143279500369,-0.00426323456155431));
#6242=CARTESIAN_POINT('',(0.00334670483488348,-0.00837941285224876,-0.00266963770925712));
#6243=CARTESIAN_POINT('',(0.00407033658213372,-0.00849739290949378,0.00132668426046781));
#6244=CARTESIAN_POINT('',(0.00113085703967691,-0.00861537296673885,0.00412896942621814));
#6245=CARTESIAN_POINT('',(-0.00282622540037687,-0.00873335302398388,0.00321553668197016));
#6246=CARTESIAN_POINT('',(-0.00424001179062201,-0.00885133308122893,-0.000591634206427701));
#6247=CARTESIAN_POINT('',(-0.00183795062305079,-0.00896931313847398,-0.00386643715295454));
#6248=CARTESIAN_POINT('',(0.00221784547484638,-0.00908729319571902,-0.00366159484386914));
#6249=CARTESIAN_POINT('',(0.00427829434635404,-0.00920527325296407,-0.000161878945413871));
#6250=CARTESIAN_POINT('',(0.00248752426457817,-0.00932325331020911,0.0034840898393664));
#6251=CARTESIAN_POINT('',(-0.00153972258832531,-0.00944123336745415,0.0039935040720299));
#6252=CARTESIAN_POINT('',(-0.00418550034868414,-0.0095592134246992,0.000911316729059716));
#6253=CARTESIAN_POINT('',(-0.00305622002640596,-0.00967719348194425,-0.00299568474886558));
#6254=CARTESIAN_POINT('',(-0.000482606641711387,-0.00975584685344094,-0.00379472942957294));
#6255=CARTESIAN_POINT('',(0.000692451760339679,-0.00979517353918929,-0.00356659256080227));
#6256=CARTESIAN_POINT('',(0.000940357383157742,-0.00755234732656636,-0.00350722638191709));
#6257=CARTESIAN_POINT('',(0.00209585685715424,-0.00759167401231471,-0.00319741391380559));
#6258=CARTESIAN_POINT('',(0.00405771603661782,-0.00767032738381141,-0.00135222423700207));
#6259=CARTESIAN_POINT('',(0.00336064370604275,-0.00778830744105646,0.00265215151952514));
#6260=CARTESIAN_POINT('',(-0.000366263386267808,-0.0079062874983015,0.00426188087255886));
#6261=CARTESIAN_POINT('',(-0.00376080554744525,-0.00802426755554654,0.0020400854451271));
#6262=CARTESIAN_POINT('',(-0.00377230165313827,-0.0081422476127916,-0.00201957711215999));
#6263=CARTESIAN_POINT('',(-0.00038829503047812,-0.00826022767003662,-0.00426078525135814));
#6264=CARTESIAN_POINT('',(0.00334478208863124,-0.00837820772728169,-0.00266810395108197));
#6265=CARTESIAN_POINT('',(0.00406799809553428,-0.00849618778452671,0.00132592205486093));
#6266=CARTESIAN_POINT('',(0.00113020734057223,-0.00861416784177177,0.00412659725392284));
#6267=CARTESIAN_POINT('',(-0.00282460167956351,-0.00873214789901681,0.00321368929434286));
#6268=CARTESIAN_POINT('',(-0.00423757582235409,-0.00885012795626186,-0.000591294301204735));
#6269=CARTESIAN_POINT('',(-0.00183689468509193,-0.00896810801350691,-0.00386421581049617));
#6270=CARTESIAN_POINT('',(0.00221657127999348,-0.00908608807075195,-0.00365949118725446));
#6271=CARTESIAN_POINT('',(0.00427583638402206,-0.009204068127997,-0.000161785942848372));
#6272=CARTESIAN_POINT('',(0.00248609513407727,-0.00932204818524204,0.00348208816278851));
#6273=CARTESIAN_POINT('',(-0.00153883798810442,-0.00944002824248708,0.00399120972718426));
#6274=CARTESIAN_POINT('',(-0.00418309569828735,-0.00955800829973213,0.000910793160083111));
#6275=CARTESIAN_POINT('',(-0.00305446416925939,-0.00967598835697718,-0.00299396367039947));
#6276=CARTESIAN_POINT('',(-0.00048232937491989,-0.00975464172847387,-0.00379254928457989));
#6277=CARTESIAN_POINT('',(0.000692053933494249,-0.00979396841422222,-0.00356454348482519));
#6278=CARTESIAN_POINT('',(0.00364154998950886,-0.0084661567319584,2.76420017360419E-7));
#6279=CARTESIAN_POINT('',(0.00364148496225491,-0.00849012241431485,0.000856943741780961));
#6280=CARTESIAN_POINT('',(0.00302069986978809,-0.00855533856769235,0.00254262615753491));
#6281=CARTESIAN_POINT('',(0.000675099108080812,-0.00862642344361523,0.00389286751435147));
#6282=CARTESIAN_POINT('',(-0.0019871302972948,-0.00871372853410635,0.00341377893252429));
#6283=CARTESIAN_POINT('',(-0.00371755531974144,-0.00880376132170095,0.00133561615461267));
#6284=CARTESIAN_POINT('',(-0.00370534197186153,-0.00888153005803419,-0.00136925874416653));
#6285=CARTESIAN_POINT('',(-0.00195577697437006,-0.00896005029086826,-0.00343216520125161));
#6286=CARTESIAN_POINT('',(0.000710517824375054,-0.00905263423404991,-0.00388534299340599));
#6287=CARTESIAN_POINT('',(0.00304342580330585,-0.00913553678234714,-0.00251946657559832));
#6288=CARTESIAN_POINT('',(0.00395207567983567,-0.00921011094620978,3.72973568086783E-5));
#6289=CARTESIAN_POINT('',(0.0029966183286286,-0.00929964464810223,0.00257436133758094));
#6290=CARTESIAN_POINT('',(0.000639247830334617,-0.00938800159917382,0.00389791561552374));
#6291=CARTESIAN_POINT('',(-0.00201898122750389,-0.00946439099435832,0.00339547689960575));
#6292=CARTESIAN_POINT('',(-0.00372982839284864,-0.00954451944453467,0.0013005140040578));
#6293=CARTESIAN_POINT('',(-0.00369286391774178,-0.00963893414583144,-0.00140398021228366));
#6294=CARTESIAN_POINT('',(-0.00192173282689578,-0.0097175685526474,-0.00344940426477854));
#6295=CARTESIAN_POINT('',(-0.00014687007292373,-0.00977192098152456,-0.0037380621531623));
#6296=CARTESIAN_POINT('',(0.00069404503550315,-0.0098,-0.00357479900011084));
#6297=CARTESIAN_POINT('',(0.00364014140036661,-0.00846453909905384,3.21567157551411E-7));
#6298=CARTESIAN_POINT('',(0.00274934255697807,-0.00780000318295937,0.00238788649371976));
#6299=CARTESIAN_POINT('',(0.00219534095721062,-0.00782769173566793,0.00302574770650375));
#6300=CARTESIAN_POINT('',(0.000627830813763317,-0.00788306884108504,0.00389702113800569));
#6301=CARTESIAN_POINT('',(-0.00201746249670031,-0.00796613449921071,0.00339332460865641));
#6302=CARTESIAN_POINT('',(-0.00372371903092729,-0.00804920015733638,0.0013104738304843));
#6303=CARTESIAN_POINT('',(-0.00369786730392396,-0.00813226581546205,-0.00138185366060752));
#6304=CARTESIAN_POINT('',(-0.00195175445587395,-0.00821533147358771,-0.00343133787692941));
#6305=CARTESIAN_POINT('',(0.00070229148944718,-0.00829839713171338,-0.00388479001866967));
#6306=CARTESIAN_POINT('',(0.00302963875473726,-0.00838146278983905,-0.00253026368123324));
#6307=CARTESIAN_POINT('',(0.00364162470083382,-0.00843683989525616,-0.000844535754184611));
#6308=CARTESIAN_POINT('',(0.00364154998576015,-0.00846452844796472,3.22040794412019E-7));
#6309=CARTESIAN_POINT('',(0.00105144304834552,-0.0078,-0.00392153968723839));
#6310=CARTESIAN_POINT('',(0.00174214173753443,-0.00782102390629806,-0.00373634958509245));
#6311=CARTESIAN_POINT('',(0.00300769595208634,-0.00787308750943381,-0.00300112295728846));
#6312=CARTESIAN_POINT('',(0.00410717936390499,-0.00791573294881723,-0.00109485599283814));
#6313=CARTESIAN_POINT('',(0.00410294221861973,-0.00799743142469879,0.00110974532219914));
#6314=CARTESIAN_POINT('',(0.00299698603039942,-0.00804211135908919,0.00301394450204342));
#6315=CARTESIAN_POINT('',(0.00108611111176048,-0.0081190038842836,0.0041080106052393));
#6316=CARTESIAN_POINT('',(-0.00110713679422766,-0.00817160852748501,0.00410306397849946));
#6317=CARTESIAN_POINT('',(-0.00301368969635534,-0.00824041364006606,0.00299619327797565));
#6318=CARTESIAN_POINT('',(-0.00410603302957884,-0.00830023084831147,0.00109479535159038));
#6319=CARTESIAN_POINT('',(-0.00410269017496928,-0.00836155715808815,-0.00110891544840358));
#6320=CARTESIAN_POINT('',(-0.00300171708470979,-0.00842879903511791,-0.0030076660792735));
#6321=CARTESIAN_POINT('',(-0.00109486572910081,-0.00848271699715743,-0.00410663728520648));
#6322=CARTESIAN_POINT('',(0.00110401394081388,-0.00855725557076454,-0.0041034440165667));
#6323=CARTESIAN_POINT('',(0.00300595795124419,-0.00860438429484561,-0.00300385952699976));
#6324=CARTESIAN_POINT('',(0.00410602223949185,-0.00868461975837415,-0.00109791230284887));
#6325=CARTESIAN_POINT('',(0.00410403062851833,-0.00872733980485255,0.00110492764138078));
#6326=CARTESIAN_POINT('',(0.00300080050749044,-0.00881091870444629,0.00301028372790202));
#6327=CARTESIAN_POINT('',(0.00109051587746467,-0.0088519086093127,0.00410681145062118));
#6328=CARTESIAN_POINT('',(-0.00110192647381245,-0.00893551343859978,0.00410445163445843));
#6329=CARTESIAN_POINT('',(-0.00301036849824482,-0.00897805044748069,0.00299954446881907));
#6330=CARTESIAN_POINT('',(-0.00410461207584262,-0.00905875460398139,0.00109999469179573));
#6331=CARTESIAN_POINT('',(-0.00410398714100023,-0.00910551653782342,-0.00110417934639456));
#6332=CARTESIAN_POINT('',(-0.00300547760659864,-0.00918095565510526,-0.00300385801663784));
#6333=CARTESIAN_POINT('',(-0.00109980906020562,-0.00923384745058794,-0.00410534859484054));
#6334=CARTESIAN_POINT('',(0.00109894312582752,-0.00930244789404883,-0.00410475975224789));
#6335=CARTESIAN_POINT('',(0.00300223420450152,-0.00936262102454539,-0.00300765273443204));
#6336=CARTESIAN_POINT('',(0.00410467101027705,-0.00942336076837515,-0.00110273552103661));
#6337=CARTESIAN_POINT('',(0.00410553117697332,-0.00949158138624084,0.00109954475890638));
#6338=CARTESIAN_POINT('',(0.00300411629915738,-0.00954486401219362,0.00300696838267567));
#6339=CARTESIAN_POINT('',(0.00109596272827566,-0.00961986295583275,0.00410528609641343));
#6340=CARTESIAN_POINT('',(-0.0010973960791949,-0.00966709810918207,0.00410596743272901));
#6341=CARTESIAN_POINT('',(-0.00300660492489981,-0.0097462581567536,0.0030023414044613));
#6342=CARTESIAN_POINT('',(-0.00373736482867521,-0.00977640683821062,0.00173996243222306));
#6343=CARTESIAN_POINT('',(-0.00392215203761933,-0.00979608494893308,0.00104915651658777));
#6344=CARTESIAN_POINT('',(-0.00274144150165755,-0.00780566196680215,0.00238202793031424));
#6345=CARTESIAN_POINT('',(-0.00352623031218725,-0.0078449886525505,0.00147882583606393));
#6346=CARTESIAN_POINT('',(-0.00412081095995754,-0.00792364202404719,-0.00114846006416951));
#6347=CARTESIAN_POINT('',(-0.00130300537619988,-0.00804162208129224,-0.0040787845021197));
#6348=CARTESIAN_POINT('',(0.00268754251865716,-0.00815960213853728,-0.00332886278862403));
#6349=CARTESIAN_POINT('',(0.00425937530533575,-0.00827758219578233,0.00041204921275537));
#6350=CARTESIAN_POINT('',(0.00199815924732373,-0.00839556225302739,0.00378454318685968));
#6351=CARTESIAN_POINT('',(-0.00206128973544751,-0.00851354231027241,0.00375001301779126));
#6352=CARTESIAN_POINT('',(-0.00426570800005029,-0.00863152236751747,0.000341370762114405));
#6353=CARTESIAN_POINT('',(-0.0026313273780241,-0.00874950242476252,-0.0033747958415577));
#6354=CARTESIAN_POINT('',(0.00137107730555907,-0.00886748248200755,-0.00405373560608248));
#6355=CARTESIAN_POINT('',(0.00413957099618804,-0.00898546253925261,-0.00108470148398479));
#6356=CARTESIAN_POINT('',(0.00318284209202278,-0.00910344259649765,0.00286053263567862));
#6357=CARTESIAN_POINT('',(-0.000638367404642691,-0.00922142265374268,0.00423146378876263));
#6358=CARTESIAN_POINT('',(-0.00388477990524017,-0.00933940271098773,0.00179443531365928));
#6359=CARTESIAN_POINT('',(-0.00363579700469675,-0.00945738276823279,-0.00225751802905525));
#6360=CARTESIAN_POINT('',(-0.000113656099411369,-0.00957536282547782,-0.00427774997358458));
#6361=CARTESIAN_POINT('',(0.00350838210701552,-0.00969334288272288,-0.00244856432348614));
#6362=CARTESIAN_POINT('',(0.00397785557872571,-0.00981132293996792,0.00158460437331798));
#6363=CARTESIAN_POINT('',(0.000857944339570778,-0.00992930299721296,0.00419093963174093));
#6364=CARTESIAN_POINT('',(-0.00172141669623177,-0.0100079563687096,0.00341437411921025));
#6365=CARTESIAN_POINT('',(-0.00256762106880196,-0.010047283054458,0.00256843933446982));
#6366=CARTESIAN_POINT('',(-0.00274285605420135,-0.00780458004816028,0.00238325702955499));
#6367=CARTESIAN_POINT('',(-0.00352804980680536,-0.00784390673390864,0.00147958889332668));
#6368=CARTESIAN_POINT('',(-0.00412293725140766,-0.00792256010540532,-0.00114905265646238));
#6369=CARTESIAN_POINT('',(-0.00130367771211089,-0.00804054016265037,-0.00408088910839697));
#6370=CARTESIAN_POINT('',(0.00268892925994055,-0.00815852021989541,-0.00333058044385132));
#6371=CARTESIAN_POINT('',(0.00426157309440751,-0.00827650027714046,0.000412261825448993));
#6372=CARTESIAN_POINT('',(0.00199919027470276,-0.00839448033438552,0.00378649596797461));
#6373=CARTESIAN_POINT('',(-0.00206235333743831,-0.00851246039163054,0.00375194798173284));
#6374=CARTESIAN_POINT('',(-0.00426790905672029,-0.0086304404488756,0.000341546905533712));
#6375=CARTESIAN_POINT('',(-0.00263268511293617,-0.00874842050612065,-0.00337653719771636));
#6376=CARTESIAN_POINT('',(0.00137178476580915,-0.00886640056336568,-0.00405582728741512));
#6377=CARTESIAN_POINT('',(0.00414170696760286,-0.00898438062061074,-0.00108526117757756));
#6378=CARTESIAN_POINT('',(0.00318448440223625,-0.00910236067785578,0.00286200863788914));
#6379=CARTESIAN_POINT('',(-0.000638696794941764,-0.00922034073510082,0.00423364717581021));
#6380=CARTESIAN_POINT('',(-0.00388678440735841,-0.00933832079234586,0.00179536122181238));
#6381=CARTESIAN_POINT('',(-0.0036376730344784,-0.00945630084959092,-0.00225868288260721));
#6382=CARTESIAN_POINT('',(-0.000113714744662214,-0.00957428090683595,-0.00427995724377556));
#6383=CARTESIAN_POINT('',(0.00351019239216336,-0.00969226096408101,-0.00244982775474681));
#6384=CARTESIAN_POINT('',(0.00397990810682977,-0.00981024102132605,0.00158542201109936));
#6385=CARTESIAN_POINT('',(0.000858387029063606,-0.00992822107857109,0.00419310210878574));
#6386=CARTESIAN_POINT('',(-0.00172230492761119,-0.0100068744500678,0.00341613589730872));
#6387=CARTESIAN_POINT('',(-0.00256894593198516,-0.0100462011358162,0.00256976461986876));
#6388=CARTESIAN_POINT('',(-0.00274427060674517,-0.00780349812951842,0.00238448612879574));
#6389=CARTESIAN_POINT('',(-0.00352986930142349,-0.00784282481526677,0.00148035195058944));
#6390=CARTESIAN_POINT('',(-0.00412506354285778,-0.00792147818676346,-0.00114964524875525));
#6391=CARTESIAN_POINT('',(-0.00130435004802191,-0.00803945824400851,-0.00408299371467423));
#6392=CARTESIAN_POINT('',(0.00269031600122395,-0.00815743830125355,-0.00333229809907862));
#6393=CARTESIAN_POINT('',(0.00426377088347927,-0.0082754183584986,0.000412474438142617));
#6394=CARTESIAN_POINT('',(0.0020002213020818,-0.00839339841574366,0.00378844874908954));
#6395=CARTESIAN_POINT('',(-0.00206341693942911,-0.00851137847298868,0.00375388294567442));
#6396=CARTESIAN_POINT('',(-0.00427011011339028,-0.00862935853023374,0.000341723048953018));
#6397=CARTESIAN_POINT('',(-0.00263404284784824,-0.00874733858747879,-0.00337827855387503));
#6398=CARTESIAN_POINT('',(0.00137249222605923,-0.00886531864472382,-0.00405791896874774));
#6399=CARTESIAN_POINT('',(0.00414384293901768,-0.00898329870196888,-0.00108582087117034));
#6400=CARTESIAN_POINT('',(0.00318612671244973,-0.00910127875921392,0.00286348464009966));
#6401=CARTESIAN_POINT('',(-0.000639026185240838,-0.00921925881645896,0.0042358305628578));
#6402=CARTESIAN_POINT('',(-0.00388878890947665,-0.009337238873704,0.00179628712996549));
#6403=CARTESIAN_POINT('',(-0.00363954906426005,-0.00945521893094906,-0.00225984773615918));
#6404=CARTESIAN_POINT('',(-0.000113773389913059,-0.00957319898819409,-0.00428216451396654));
#6405=CARTESIAN_POINT('',(0.00351200267731122,-0.00969117904543915,-0.00245109118600747));
#6406=CARTESIAN_POINT('',(0.00398196063493383,-0.00980915910268419,0.00158623964888075));
#6407=CARTESIAN_POINT('',(0.000858829718556435,-0.00992713915992923,0.00419526458583056));
#6408=CARTESIAN_POINT('',(-0.00172319315899061,-0.0100057925314259,0.00341789767540719));
#6409=CARTESIAN_POINT('',(-0.00257027079516835,-0.0100451192171743,0.0025710899052677));
#6410=CARTESIAN_POINT('',(-0.00274568515928898,-0.00780241621087656,0.0023857152280365));
#6411=CARTESIAN_POINT('',(-0.00353168879604162,-0.00784174289662491,0.00148111500785219));
#6412=CARTESIAN_POINT('',(-0.0041271898343079,-0.0079203962681216,-0.00115023784104812));
#6413=CARTESIAN_POINT('',(-0.00130502238393292,-0.00803837632536665,-0.00408509832095149));
#6414=CARTESIAN_POINT('',(0.00269170274250735,-0.00815635638261169,-0.00333401575430592));
#6415=CARTESIAN_POINT('',(0.00426596867255103,-0.00827433643985674,0.00041268705083624));
#6416=CARTESIAN_POINT('',(0.00200125232946084,-0.0083923164971018,0.00379040153020449));
#6417=CARTESIAN_POINT('',(-0.0020644805414199,-0.00851029655434682,0.00375581790961599));
#6418=CARTESIAN_POINT('',(-0.00427231117006029,-0.00862827661159188,0.000341899192372325));
#6419=CARTESIAN_POINT('',(-0.0026354005827603,-0.00874625666883693,-0.00338001991003368));
#6420=CARTESIAN_POINT('',(0.00137319968630931,-0.00886423672608196,-0.00406001065008038));
#6421=CARTESIAN_POINT('',(0.0041459789104325,-0.00898221678332702,-0.00108638056476312));
#6422=CARTESIAN_POINT('',(0.00318776902266321,-0.00910019684057206,0.00286496064231018));
#6423=CARTESIAN_POINT('',(-0.000639355575539911,-0.0092181768978171,0.00423801394990539));
#6424=CARTESIAN_POINT('',(-0.00389079341159488,-0.00933615695506214,0.00179721303811859));
#6425=CARTESIAN_POINT('',(-0.00364142509404171,-0.0094541370123072,-0.00226101258971114));
#6426=CARTESIAN_POINT('',(-0.000113832035163904,-0.00957211706955223,-0.00428437178415751));
#6427=CARTESIAN_POINT('',(0.00351381296245906,-0.00969009712679729,-0.00245235461726813));
#6428=CARTESIAN_POINT('',(0.0039840131630379,-0.00980807718404233,0.00158705728666214));
#6429=CARTESIAN_POINT('',(0.000859272408049264,-0.00992605724128737,0.00419742706287538));
#6430=CARTESIAN_POINT('',(-0.00172408139037003,-0.0100047106127841,0.00341965945350566));
#6431=CARTESIAN_POINT('',(-0.00257159565835154,-0.0100440372985325,0.00257241519066665));
#6432=CARTESIAN_POINT('',(-0.00274673818278187,-0.00780161080725104,0.00238663019608153));
#6433=CARTESIAN_POINT('',(-0.00353304326716851,-0.00784093749299939,0.00148168304417408));
#6434=CARTESIAN_POINT('',(-0.00412877269162875,-0.00791959086449608,-0.00115067897956137));
#6435=CARTESIAN_POINT('',(-0.00130552288531939,-0.00803757092174113,-0.00408666503536088));
#6436=CARTESIAN_POINT('',(0.00269273506269678,-0.00815555097898617,-0.00333529441398875));
#6437=CARTESIAN_POINT('',(0.00426760475424704,-0.00827353103623122,0.000412845324321557));
#6438=CARTESIAN_POINT('',(0.00200201984853017,-0.00839151109347628,0.00379185522268094));
#6439=CARTESIAN_POINT('',(-0.00206527230973441,-0.0085094911507213,0.00375725833860343));
#6440=CARTESIAN_POINT('',(-0.00427394968422706,-0.00862747120796636,0.000342030317341461));
#6441=CARTESIAN_POINT('',(-0.00263641130997986,-0.00874545126521141,-0.00338131621320219));
#6442=CARTESIAN_POINT('',(0.00137372633501308,-0.00886343132245644,-0.00406156774288158));
#6443=CARTESIAN_POINT('',(0.00414756897372834,-0.0089814113797015,-0.00108679721277283));
#6444=CARTESIAN_POINT('',(0.00318899159388898,-0.00909939143694654,0.00286605941026336));
#6445=CARTESIAN_POINT('',(-0.00063960078079918,-0.00921737149419158,0.00423963931042327));
#6446=CARTESIAN_POINT('',(-0.00389228560630429,-0.00933535155143662,0.0017979023041637));
#6447=CARTESIAN_POINT('',(-0.00364282165116649,-0.00945333160868168,-0.00226187973187659));
#6448=CARTESIAN_POINT('',(-0.000113875691956405,-0.00957131166592671,-0.00428601492380364));
#6449=CARTESIAN_POINT('',(0.0035151605778572,-0.00968929172317177,-0.00245329514281097));
#6450=CARTESIAN_POINT('',(0.00398554110932936,-0.00980727178041681,0.00158766595390199));
#6451=CARTESIAN_POINT('',(0.000859601955677624,-0.00992525183766185,0.00419903685753517));
#6452=CARTESIAN_POINT('',(-0.00172474260901033,-0.0100039052091585,0.00342097095920762));
#6453=CARTESIAN_POINT('',(-0.00257258191514551,-0.0100432318949069,0.00257340176176714));
#6454=CARTESIAN_POINT('',(-0.00274779120627475,-0.00780080540362552,0.00238754516412656));
#6455=CARTESIAN_POINT('',(-0.00353439773829541,-0.00784013208937387,0.00148225108049596));
#6456=CARTESIAN_POINT('',(-0.0041303555489496,-0.00791878546087056,-0.00115112011807463));
#6457=CARTESIAN_POINT('',(-0.00130602338670585,-0.00803676551811561,-0.00408823174977027));
#6458=CARTESIAN_POINT('',(0.0026937673828862,-0.00815474557536065,-0.00333657307367159));
#6459=CARTESIAN_POINT('',(0.00426924083594305,-0.0082727256326057,0.000413003597806873));
#6460=CARTESIAN_POINT('',(0.00200278736759949,-0.00839070568985076,0.0037933089151574));
#6461=CARTESIAN_POINT('',(-0.0020660640780489,-0.00850868574709578,0.00375869876759087));
#6462=CARTESIAN_POINT('',(-0.00427558819839384,-0.00862666580434084,0.000342161442310596));
#6463=CARTESIAN_POINT('',(-0.0026374220371994,-0.00874464586158589,-0.00338261251637069));
#6464=CARTESIAN_POINT('',(0.00137425298371686,-0.00886262591883092,-0.0040631248356828));
#6465=CARTESIAN_POINT('',(0.00414915903702417,-0.00898060597607598,-0.00108721386078254));
#6466=CARTESIAN_POINT('',(0.00319021416511474,-0.00909858603332102,0.00286715817821654));
#6467=CARTESIAN_POINT('',(-0.000639845986058448,-0.00921656609056606,0.00424126467094115));
#6468=CARTESIAN_POINT('',(-0.0038937778010137,-0.0093345461478111,0.00179859157020881));
#6469=CARTESIAN_POINT('',(-0.00364421820829127,-0.00945252620505616,-0.00226274687404204));
#6470=CARTESIAN_POINT('',(-0.000113919348748905,-0.00957050626230119,-0.00428765806344975));
#6471=CARTESIAN_POINT('',(0.00351650819325532,-0.00968848631954625,-0.00245423566835379));
#6472=CARTESIAN_POINT('',(0.00398706905562082,-0.00980646637679129,0.00158827462114185));
#6473=CARTESIAN_POINT('',(0.000859931503305983,-0.00992444643403633,0.00420064665219496));
#6474=CARTESIAN_POINT('',(-0.00172540382765063,-0.010003099805533,0.00342228246490959));
#6475=CARTESIAN_POINT('',(-0.00257356817193948,-0.0100424264912814,0.00257438833286765));
#6476=CARTESIAN_POINT('',(-0.00274884422976764,-0.0078,0.00238846013217159));
#6477=CARTESIAN_POINT('',(-0.0035357522094223,-0.00783932668574835,0.00148281911681785));
#6478=CARTESIAN_POINT('',(-0.00413193840627045,-0.00791798005724504,-0.00115156125658788));
#6479=CARTESIAN_POINT('',(-0.00130652388809232,-0.00803596011449009,-0.00408979846417967));
#6480=CARTESIAN_POINT('',(0.00269479970307562,-0.00815394017173513,-0.00333785173335442));
#6481=CARTESIAN_POINT('',(0.00427087691763906,-0.00827192022898018,0.000413161871292189));
#6482=CARTESIAN_POINT('',(0.00200355488666882,-0.00838990028622524,0.00379476260763386));
#6483=CARTESIAN_POINT('',(-0.00206685584636341,-0.00850788034347026,0.00376013919657832));
#6484=CARTESIAN_POINT('',(-0.00427722671256061,-0.00862586040071532,0.000342292567279732));
#6485=CARTESIAN_POINT('',(-0.00263843276441896,-0.00874384045796037,-0.00338390881953919));
#6486=CARTESIAN_POINT('',(0.00137477963242063,-0.0088618205152054,-0.004064681928484));
#6487=CARTESIAN_POINT('',(0.00415074910032001,-0.00897980057245046,-0.00108763050879225));
#6488=CARTESIAN_POINT('',(0.00319143673634051,-0.0090977806296955,0.00286825694616972));
#6489=CARTESIAN_POINT('',(-0.000640091191317716,-0.00921576068694054,0.00424289003145903));
#6490=CARTESIAN_POINT('',(-0.0038952699957231,-0.00933374074418558,0.00179928083625392));
#6491=CARTESIAN_POINT('',(-0.00364561476541606,-0.00945172080143064,-0.0022636140162075));
#6492=CARTESIAN_POINT('',(-0.000113963005541406,-0.00956970085867567,-0.00428930120309587));
#6493=CARTESIAN_POINT('',(0.00351785580865346,-0.00968768091592073,-0.00245517619389662));
#6494=CARTESIAN_POINT('',(0.00398859700191228,-0.00980566097316577,0.0015888832883817));
#6495=CARTESIAN_POINT('',(0.000860261050934343,-0.00992364103041081,0.00420225644685475));
#6496=CARTESIAN_POINT('',(-0.00172606504629092,-0.0100022944019075,0.00342359397061156));
#6497=CARTESIAN_POINT('',(-0.00257455442873345,-0.0100416210876559,0.00257537490396815));
#6498=CARTESIAN_POINT('',(-0.00285414657905643,-0.00771945963744805,0.0024799569366746));
#6499=CARTESIAN_POINT('',(-0.00367119932211178,-0.0077587863231964,0.00153962274900637));
#6500=CARTESIAN_POINT('',(-0.00429022413835561,-0.00783743969469309,-0.00119567510791329));
#6501=CARTESIAN_POINT('',(-0.00135657402673902,-0.00795541975193814,-0.00424646990511912));
#6502=CARTESIAN_POINT('',(0.00279803172201785,-0.00807339980918318,-0.00346571770163797));
#6503=CARTESIAN_POINT('',(0.00443448508724009,-0.00819137986642824,0.000428989219823796));
#6504=CARTESIAN_POINT('',(0.00208030679360138,-0.00830935992367328,0.00394013185527976));
#6505=CARTESIAN_POINT('',(-0.00214603267781367,-0.00842733998091831,0.00390418209532272));
#6506=CARTESIAN_POINT('',(-0.00444107812923818,-0.00854532003816337,0.000355405064193277));
#6507=CARTESIAN_POINT('',(-0.00273950548637429,-0.00866330009540841,-0.00351353913638935));
#6508=CARTESIAN_POINT('',(0.00142744450279799,-0.00878128015265345,-0.0042203912086047));
#6509=CARTESIAN_POINT('',(0.00430975542990347,-0.00889926020989851,-0.0011292953097634));
#6510=CARTESIAN_POINT('',(0.0033136938589173,-0.00901724026714354,0.00297813374148783));
#6511=CARTESIAN_POINT('',(-0.000664611717244539,-0.00913522032438859,0.00440542608324702));
#6512=CARTESIAN_POINT('',(-0.0040444894666636,-0.00925320038163364,0.00186820744076503));
#6513=CARTESIAN_POINT('',(-0.00378527047789441,-0.00937118043887868,-0.00235032823275291));
#6514=CARTESIAN_POINT('',(-0.000118328684791459,-0.00948916049612373,-0.00445361516770761));
#6515=CARTESIAN_POINT('',(0.00365261734846678,-0.00960714055336877,-0.00254922874817943));
#6516=CARTESIAN_POINT('',(0.00414139163105831,-0.00972512061061382,0.00164975001236716));
#6517=CARTESIAN_POINT('',(0.00089321581377032,-0.00984310066785886,0.00436323591283387));
#6518=CARTESIAN_POINT('',(-0.00179218691032068,-0.00992175403935556,0.00355474454080841));
#6519=CARTESIAN_POINT('',(-0.0026731801081305,-0.00996108072510391,0.00267403201401842));
#6520=CARTESIAN_POINT('',(-0.00295944892834522,-0.0076389192748961,0.00257145374117761));
#6521=CARTESIAN_POINT('',(-0.00380664643480128,-0.00767824596064444,0.00159642638119488));
#6522=CARTESIAN_POINT('',(-0.00444850987044077,-0.00775689933214114,-0.00123978895923869));
#6523=CARTESIAN_POINT('',(-0.00140662416538571,-0.00787487938938619,-0.00440314134605857));
#6524=CARTESIAN_POINT('',(0.00290126374096007,-0.00799285944663123,-0.00359358366992151));
#6525=CARTESIAN_POINT('',(0.00459809325684113,-0.00811083950387628,0.000444816568355398));
#6526=CARTESIAN_POINT('',(0.00215705870053395,-0.00822881956112133,0.00408550110292566));
#6527=CARTESIAN_POINT('',(-0.00222520950926393,-0.00834679961836636,0.00404822499406712));
#6528=CARTESIAN_POINT('',(-0.00460492954591575,-0.00846477967561142,0.000368517561106824));
#6529=CARTESIAN_POINT('',(-0.00284057820832962,-0.00858275973285646,-0.00364316945323952));
#6530=CARTESIAN_POINT('',(0.00148010937317535,-0.0087007397901015,-0.00437610048872539));
#6531=CARTESIAN_POINT('',(0.00446876175948693,-0.00881871984734655,-0.00117096011073456));
#6532=CARTESIAN_POINT('',(0.00343595098149408,-0.00893669990459159,0.00308801053680595));
#6533=CARTESIAN_POINT('',(-0.000689132243171362,-0.00905467996183664,0.004567962135035));
#6534=CARTESIAN_POINT('',(-0.0041937089376041,-0.00917266001908168,0.00193713404527614));
#6535=CARTESIAN_POINT('',(-0.00392492619037276,-0.00929064007632673,-0.00243704244929832));
#6536=CARTESIAN_POINT('',(-0.00012269436404151,-0.00940862013357177,-0.00461792913231935));
#6537=CARTESIAN_POINT('',(0.00378737888828008,-0.00952660019081683,-0.00264328130246224));
#6538=CARTESIAN_POINT('',(0.00429418626020436,-0.00964458024806186,0.00171061673635261));
#6539=CARTESIAN_POINT('',(0.000926170576606291,-0.00976256030530691,0.00452421537881298));
#6540=CARTESIAN_POINT('',(-0.00185830877435044,-0.00984121367680361,0.00368589511100525));
#6541=CARTESIAN_POINT('',(-0.00277180578752754,-0.00988054036255195,0.00277268912406869));
#6542=CARTESIAN_POINT('',(-0.00306475127763401,-0.00755837891234414,0.00266295054568062));
#6543=CARTESIAN_POINT('',(-0.00394209354749076,-0.00759770559809249,0.0016532300133834));
#6544=CARTESIAN_POINT('',(-0.00460679560252593,-0.00767635896958919,-0.00128390281056409));
#6545=CARTESIAN_POINT('',(-0.00145667430403241,-0.00779433902683424,-0.00455981278699802));
#6546=CARTESIAN_POINT('',(0.00300449575990229,-0.00791231908407928,-0.00372144963820506));
#6547=CARTESIAN_POINT('',(0.00476170142644216,-0.00803029914132433,0.000460643916887004));
#6548=CARTESIAN_POINT('',(0.00223381060746653,-0.00814827919856937,0.00423087035057155));
#6549=CARTESIAN_POINT('',(-0.00230438634071419,-0.00826625925581441,0.00419226789281153));
#6550=CARTESIAN_POINT('',(-0.00476878096259332,-0.00838423931305947,0.000381630058020366));
#6551=CARTESIAN_POINT('',(-0.00294165093028496,-0.0085022193703045,-0.00377279977008968));
#6552=CARTESIAN_POINT('',(0.00153277424355271,-0.00862019942754955,-0.00453180976884609));
#6553=CARTESIAN_POINT('',(0.00462776808907039,-0.0087381794847946,-0.00121262491170572));
#6554=CARTESIAN_POINT('',(0.00355820810407087,-0.00885615954203964,0.00319788733212406));
#6555=CARTESIAN_POINT('',(-0.000713652769098185,-0.00897413959928468,0.00473049818682299));
#6556=CARTESIAN_POINT('',(-0.0043429284085446,-0.00909211965652974,0.00200606064978724));
#6557=CARTESIAN_POINT('',(-0.00406458190285111,-0.00921009971377477,-0.00252375666584373));
#6558=CARTESIAN_POINT('',(-0.00012706004329156,-0.00932807977101982,-0.00478224309693109));
#6559=CARTESIAN_POINT('',(0.00392214042809339,-0.00944605982826487,-0.00273733385674506));
#6560=CARTESIAN_POINT('',(0.0044469808893504,-0.00956403988550991,0.00177148346033807));
#6561=CARTESIAN_POINT('',(0.000959125339442263,-0.00968201994275496,0.0046851948447921));
#6562=CARTESIAN_POINT('',(-0.00192443063838021,-0.00976067331425165,0.00381704568120209));
#6563=CARTESIAN_POINT('',(-0.00287043146692459,-0.0098,0.00287134623411896));
#6564=CARTESIAN_POINT('',(-0.00306759680412064,-0.00755620251517511,0.00266542301265229));
#6565=CARTESIAN_POINT('',(-0.00394575365905805,-0.00759552920092346,0.00165476498616436));
#6566=CARTESIAN_POINT('',(-0.00461107286933095,-0.00767418257242016,-0.00128509487449449));
#6567=CARTESIAN_POINT('',(-0.00145802678093478,-0.00779216262966521,-0.00456404643171633));
#6568=CARTESIAN_POINT('',(0.00300728534100995,-0.00791014268691025,-0.0037249048887474));
#6569=CARTESIAN_POINT('',(0.00476612251849921,-0.0080281227441553,0.000461071610473747));
#6570=CARTESIAN_POINT('',(0.00223588463131834,-0.00814610280140034,0.00423479858244208));
#6571=CARTESIAN_POINT('',(-0.00230652589194492,-0.00826408285864538,0.00419616028349755));
#6572=CARTESIAN_POINT('',(-0.00477320862778006,-0.00838206291589044,0.000381984389690317));
#6573=CARTESIAN_POINT('',(-0.0029443821619179,-0.00850004297313547,-0.00377630269763649));
#6574=CARTESIAN_POINT('',(0.00153419737688815,-0.00861802303038052,-0.00453601741363075));
#6575=CARTESIAN_POINT('',(0.00463206482817856,-0.00873600308762557,-0.00121375079631821));
#6576=CARTESIAN_POINT('',(0.00356151178991284,-0.00885398314487061,0.00320085647130714));
#6577=CARTESIAN_POINT('',(-0.000714315373555371,-0.00897196320211565,0.00473489030764003));
#6578=CARTESIAN_POINT('',(-0.0043469606828457,-0.00908994325936071,0.0020079232148686));
#6579=CARTESIAN_POINT('',(-0.00406835574105653,-0.00920792331660574,-0.00252609989561603));
#6580=CARTESIAN_POINT('',(-0.000127178014600102,-0.00932590337385079,-0.00478668326129194));
#6581=CARTESIAN_POINT('',(0.00392578201380831,-0.00944388343109584,-0.00273987538631353));
#6582=CARTESIAN_POINT('',(0.00445110977315201,-0.00956186348834088,0.00177312822777607));
#6583=CARTESIAN_POINT('',(0.000960015857565968,-0.00967984354558593,0.00468954490286147));
#6584=CARTESIAN_POINT('',(-0.00192621741252829,-0.00975849691708262,0.00382058968970477));
#6585=CARTESIAN_POINT('',(-0.00287309657349516,-0.00979782360283097,0.0028740121900225));
#6586=CARTESIAN_POINT('',(-0.00307044233060727,-0.00755402611800608,0.00266789547962395));
#6587=CARTESIAN_POINT('',(-0.00394941377062535,-0.00759335280375443,0.00165629995894532));
#6588=CARTESIAN_POINT('',(-0.00461535013613598,-0.00767200617525113,-0.00128628693842489));
#6589=CARTESIAN_POINT('',(-0.00145937925783716,-0.00778998623249618,-0.00456828007643463));
#6590=CARTESIAN_POINT('',(0.00301007492211762,-0.00790796628974122,-0.00372836013928974));
#6591=CARTESIAN_POINT('',(0.00477054361055625,-0.00802594634698627,0.000461499304060491));
#6592=CARTESIAN_POINT('',(0.00223795865517014,-0.00814392640423131,0.00423872681431261));
#6593=CARTESIAN_POINT('',(-0.00230866544317564,-0.00826190646147635,0.00420005267418358));
#6594=CARTESIAN_POINT('',(-0.0047776362929668,-0.00837988651872141,0.00038233872136027));
#6595=CARTESIAN_POINT('',(-0.00294711339355083,-0.00849786657596644,-0.0037798056251833));
#6596=CARTESIAN_POINT('',(0.00153562051022361,-0.00861584663321149,-0.00454022505841541));
#6597=CARTESIAN_POINT('',(0.00463636156728673,-0.00873382669045654,-0.00121487668093071));
#6598=CARTESIAN_POINT('',(0.00356481547575481,-0.00885180674770158,0.00320382561049022));
#6599=CARTESIAN_POINT('',(-0.000714977978012556,-0.00896978680494662,0.00473928242845708));
#6600=CARTESIAN_POINT('',(-0.00435099295714679,-0.00908776686219168,0.00200978577994995));
#6601=CARTESIAN_POINT('',(-0.00407212957926195,-0.00920574691943671,-0.00252844312538835));
#6602=CARTESIAN_POINT('',(-0.000127295985908644,-0.00932372697668176,-0.00479112342565279));
#6603=CARTESIAN_POINT('',(0.00392942359952323,-0.00944170703392681,-0.002742416915882));
#6604=CARTESIAN_POINT('',(0.00445523865695362,-0.00955968709117185,0.00177477299521407));
#6605=CARTESIAN_POINT('',(0.000960906375689673,-0.0096776671484169,0.00469389496093084));
#6606=CARTESIAN_POINT('',(-0.00192800418667638,-0.00975632051991359,0.00382413369820745));
#6607=CARTESIAN_POINT('',(-0.00287576168006574,-0.00979564720566194,0.00287667814592603));
#6608=CARTESIAN_POINT('',(-0.0030732878570939,-0.00755184972083705,0.00267036794659562));
#6609=CARTESIAN_POINT('',(-0.00395307388219265,-0.0075911764065854,0.00165783493172627));
#6610=CARTESIAN_POINT('',(-0.004619627402941,-0.0076698297780821,-0.00128747900235529));
#6611=CARTESIAN_POINT('',(-0.00146073173473953,-0.00778780983532715,-0.00457251372115294));
#6612=CARTESIAN_POINT('',(0.00301286450322527,-0.00790578989257219,-0.00373181538983207));
#6613=CARTESIAN_POINT('',(0.00477496470261329,-0.00802376994981724,0.000461926997647234));
#6614=CARTESIAN_POINT('',(0.00224003267902194,-0.00814175000706228,0.00424265504618314));
#6615=CARTESIAN_POINT('',(-0.00231080499440637,-0.00825973006430732,0.00420394506486961));
#6616=CARTESIAN_POINT('',(-0.00478206395815354,-0.00837771012155238,0.000382693053030221));
#6617=CARTESIAN_POINT('',(-0.00294984462518376,-0.00849569017879741,-0.00378330855273011));
#6618=CARTESIAN_POINT('',(0.00153704364355905,-0.00861367023604246,-0.00454443270320007));
#6619=CARTESIAN_POINT('',(0.00464065830639491,-0.00873165029328751,-0.0012160025655432));
#6620=CARTESIAN_POINT('',(0.00356811916159677,-0.00884963035053255,0.0032067947496733));
#6621=CARTESIAN_POINT('',(-0.000715640582469742,-0.00896761040777759,0.00474367454927412));
#6622=CARTESIAN_POINT('',(-0.00435502523144789,-0.00908559046502265,0.0020116483450313));
#6623=CARTESIAN_POINT('',(-0.00407590341746737,-0.00920357052226768,-0.00253078635516065));
#6624=CARTESIAN_POINT('',(-0.000127413957217186,-0.00932155057951273,-0.00479556359001364));
#6625=CARTESIAN_POINT('',(0.00393306518523816,-0.00943953063675778,-0.00274495844545048));
#6626=CARTESIAN_POINT('',(0.00445936754075523,-0.00955751069400282,0.00177641776265207));
#6627=CARTESIAN_POINT('',(0.000961796893813378,-0.00967549075124787,0.0046982450190002));
#6628=CARTESIAN_POINT('',(-0.00192979096082447,-0.00975414412274456,0.00382767770671014));
#6629=CARTESIAN_POINT('',(-0.0028784267866363,-0.00979347080849291,0.00287934410182956));
#6630=CARTESIAN_POINT('',(-0.00105247908633308,-0.00780391511302766,-0.00392126175807373));
#6631=CARTESIAN_POINT('',(-0.000361805543225921,-0.00782359405379672,-0.00410664072649051));
#6632=CARTESIAN_POINT('',(0.00110071175629442,-0.00785387085342198,-0.00410433494603161));
#6633=CARTESIAN_POINT('',(0.00300813183668039,-0.00793292379046871,-0.00300162095088797));
#6634=CARTESIAN_POINT('',(0.00410491484737182,-0.00798025185681035,-0.0011016843941411));
#6635=CARTESIAN_POINT('',(0.00410393081133363,-0.00805533514039958,0.00110897172874128));
#6636=CARTESIAN_POINT('',(0.00299850784114642,-0.00810878363502106,0.00301197669443114));
#6637=CARTESIAN_POINT('',(0.00108816894573576,-0.00817679391345554,0.00410756799955571));
#6638=CARTESIAN_POINT('',(-0.00110493172329127,-0.00823748873210418,0.00410363318256519));
#6639=CARTESIAN_POINT('',(-0.00301221390974278,-0.00829773218903926,0.00299769465012153));
#6640=CARTESIAN_POINT('',(-0.00410545384737222,-0.00836631296539821,0.00109694677168923));
#6641=CARTESIAN_POINT('',(-0.0041032498139012,-0.00841914390994059,-0.00110689049039022));
#6642=CARTESIAN_POINT('',(-0.00300323302669742,-0.00849473872845241,-0.00300614247529767));
#6643=CARTESIAN_POINT('',(-0.0010969191437926,-0.00854127113549162,-0.00410609650705987));
#6644=CARTESIAN_POINT('',(0.00110196520090044,-0.008622290688098,-0.0041039864566562));
#6645=CARTESIAN_POINT('',(0.00300440385560036,-0.00866449186921198,-0.00300540179250544));
#6646=CARTESIAN_POINT('',(0.00410543479335625,-0.00874837555454962,-0.00110005759427419));
#6647=CARTESIAN_POINT('',(0.00410461990134161,-0.00878936027359409,0.00110266366223478));
#6648=CARTESIAN_POINT('',(0.00300250434680064,-0.00887286914209504,0.00300856721763313));
#6649=CARTESIAN_POINT('',(0.00109290002285894,-0.00891570282707992,0.00410617843267718));
#6650=CARTESIAN_POINT('',(-0.00109952508936824,-0.00899558180445489,0.0041050679760147));
#6651=CARTESIAN_POINT('',(-0.0030084922873027,-0.00904308654113194,0.00300143740453716));
#6652=CARTESIAN_POINT('',(-0.00410393592097999,-0.00911728079424501,0.00110241038853438));
#6653=CARTESIAN_POINT('',(-0.00410473208172537,-0.00917143836481014,-0.00110141347995474));
#6654=CARTESIAN_POINT('',(-0.00300728543909829,-0.00923852391199361,-0.00300201394151877));
#6655=CARTESIAN_POINT('',(-0.00110278533884539,-0.0092998971370589,-0.00410453076870194));
#6656=CARTESIAN_POINT('',(0.00109624988918316,-0.0093597603561656,-0.00410547233323407));
#6657=CARTESIAN_POINT('',(0.0029998256080363,-0.00942845138793551,-0.0030099388290781));
#6658=CARTESIAN_POINT('',(0.00410385048500348,-0.00948115189991667,-0.0011059972111857));
#6659=CARTESIAN_POINT('',(0.00410631854333281,-0.0095582130824088,0.00109665021729884));
#6660=CARTESIAN_POINT('',(0.00300644705369227,-0.00960273659514081,0.00300438482869696));
#6661=CARTESIAN_POINT('',(0.00109934902625899,-0.0096844858909201,0.0041050191501274));
#6662=CARTESIAN_POINT('',(-0.00109499933697928,-0.00972689386137286,0.00410472694869492));
#6663=CARTESIAN_POINT('',(-0.00236477977345396,-0.00977897929124428,0.00337683658533213));
#6664=CARTESIAN_POINT('',(-0.00287043075879759,-0.00979999997056209,0.00287134694202016));
#6665=CARTESIAN_POINT('',(0.00364154995771037,-0.00975816430493694,5.54977157623258E-7));
#6666=CARTESIAN_POINT('',(0.00364164576384059,-0.00973542351122756,-0.000628088570895014));
#6667=CARTESIAN_POINT('',(0.00331485914967148,-0.0097079921175775,-0.00186683489566834));
#6668=CARTESIAN_POINT('',(0.00196668104330605,-0.00962854664052354,-0.00325739667444577));
#6669=CARTESIAN_POINT('',(0.000120151344675415,-0.00958597298147911,-0.0038028485525682));
#6670=CARTESIAN_POINT('',(-0.00176653344737547,-0.00950551460990748,-0.00336990151838765));
#6671=CARTESIAN_POINT('',(-0.00319022741943112,-0.00946408815599838,-0.00207340133732873));
#6672=CARTESIAN_POINT('',(-0.00379756584719179,-0.00938298758892201,-0.00023548286485066));
#6673=CARTESIAN_POINT('',(-0.00342637104243443,-0.00934142352772871,0.00165419844721875));
#6674=CARTESIAN_POINT('',(-0.00216942230644294,-0.00926080801880673,0.00312583076925755));
#6675=CARTESIAN_POINT('',(-0.000360399187283157,-0.00921825963588433,0.00378764944101283));
#6676=CARTESIAN_POINT('',(0.0015491080313819,-0.00913921336199087,0.00347536296574488));
#6677=CARTESIAN_POINT('',(0.00305269992487095,-0.00909448916330401,0.00227041618962961));
#6678=CARTESIAN_POINT('',(0.00377621930172955,-0.00901813764566678,0.00047662714252986));
#6679=CARTESIAN_POINT('',(0.00352011452759211,-0.00896989209312647,-0.00144386881250011));
#6680=CARTESIAN_POINT('',(0.0023622433115457,-0.00889736910441767,-0.00298288813929621));
#6681=CARTESIAN_POINT('',(0.000588230175711658,-0.00884533081796028,-0.00375907717875614));
#6682=CARTESIAN_POINT('',(-0.00132718460202325,-0.00877692280478198,-0.00356583281884298));
#6683=CARTESIAN_POINT('',(-0.0029102759224242,-0.00872063999966563,-0.00245106325129523));
#6684=CARTESIAN_POINT('',(-0.00373753553660383,-0.0086566069514146,-0.000712078807417014));
#6685=CARTESIAN_POINT('',(-0.00360446371527699,-0.00859589391566162,0.00121884414292576));
#6686=CARTESIAN_POINT('',(-0.00254513789883131,-0.00853634637267449,0.00282812832300264));
#6687=CARTESIAN_POINT('',(-0.000825575470691796,-0.00847117641476766,0.00371433576392613));
#6688=CARTESIAN_POINT('',(0.00110091731852186,-0.00841621763708505,0.00364203281183306));
#6689=CARTESIAN_POINT('',(0.00274875799217201,-0.00834657880809698,0.00263075504673457));
#6690=CARTESIAN_POINT('',(0.00368561715160548,-0.00829568888720461,0.000945674026334244));
#6691=CARTESIAN_POINT('',(0.00367469757351627,-0.00822222142365487,-0.000991683503925603));
#6692=CARTESIAN_POINT('',(0.00271085086507359,-0.00817448898293839,-0.00266945732393303));
#6693=CARTESIAN_POINT('',(0.00105544675745013,-0.00809838267665691,-0.00365551639063478));
#6694=CARTESIAN_POINT('',(-0.000878376457857787,-0.00805450139310711,-0.00370223401748044));
#6695=CARTESIAN_POINT('',(-0.00258025181606591,-0.00797395890126816,-0.00279601164221446));
#6696=CARTESIAN_POINT('',(-0.00362172584516517,-0.00793208113229049,-0.0011675856671374));
#6697=CARTESIAN_POINT('',(-0.00372737644123617,-0.00785116907206421,0.000759688637885528));
#6698=CARTESIAN_POINT('',(-0.00316127209051567,-0.00782061158520799,0.00191380287080802));
#6699=CARTESIAN_POINT('',(-0.00274884422976764,-0.0078,0.00238846013217159));
#6700=CARTESIAN_POINT('',(0.00363966947397978,-0.00976036361021417,4.75132053605354E-7));
#6701=CARTESIAN_POINT('',(0.00344281458809346,-0.00979997934598483,0.00118655556739281));
#6702=CARTESIAN_POINT('',(0.00357403351783478,-0.00978676526313646,0.000805821231840284));
#6703=CARTESIAN_POINT('',(0.00364149611932904,-0.00977355118028808,0.000403199029267939));
#6704=CARTESIAN_POINT('',(0.00364154996744573,-0.00976033709743971,4.86925040289688E-7));
#6705=CARTESIAN_POINT('',(0.,-0.00614376901715729,0.));
#6706=CARTESIAN_POINT('',(0.,-0.0078,0.));
#6707=MECHANICAL_DESIGN_GEOMETRIC_PRESENTATION_REPRESENTATION('',(#1225),
#6714);
#6708=MECHANICAL_DESIGN_GEOMETRIC_PRESENTATION_REPRESENTATION('',(#1226),
#6715);
#6709=MECHANICAL_DESIGN_GEOMETRIC_PRESENTATION_REPRESENTATION('',(#1227),
#6716);
#6710=MECHANICAL_DESIGN_GEOMETRIC_PRESENTATION_REPRESENTATION('',(#1228),
#6717);
#6711=MECHANICAL_DESIGN_GEOMETRIC_PRESENTATION_REPRESENTATION('',(#1229),
#6718);
#6712=MECHANICAL_DESIGN_GEOMETRIC_PRESENTATION_REPRESENTATION('',(#1230),
#6719);
#6713=MECHANICAL_DESIGN_GEOMETRIC_PRESENTATION_REPRESENTATION('',(#1231),
#6720);
#6714=(
GEOMETRIC_REPRESENTATION_CONTEXT(3)
GLOBAL_UNCERTAINTY_ASSIGNED_CONTEXT((#6721))
GLOBAL_UNIT_ASSIGNED_CONTEXT((#6742,#6735,#6728))
REPRESENTATION_CONTEXT('PJ-392A-1.8-xx 3.5mm Panel Mount v2',
'TOP_LEVEL_ASSEMBLY_PART')
);
#6715=(
GEOMETRIC_REPRESENTATION_CONTEXT(3)
GLOBAL_UNCERTAINTY_ASSIGNED_CONTEXT((#6722))
GLOBAL_UNIT_ASSIGNED_CONTEXT((#6743,#6736,#6729))
REPRESENTATION_CONTEXT('PJ-392A-1.8-xx 3.5mm Panel Mount v2',
'TOP_LEVEL_ASSEMBLY_PART')
);
#6716=(
GEOMETRIC_REPRESENTATION_CONTEXT(3)
GLOBAL_UNCERTAINTY_ASSIGNED_CONTEXT((#6723))
GLOBAL_UNIT_ASSIGNED_CONTEXT((#6744,#6737,#6730))
REPRESENTATION_CONTEXT('PJ-392A-1.8-xx 3.5mm Panel Mount v2',
'TOP_LEVEL_ASSEMBLY_PART')
);
#6717=(
GEOMETRIC_REPRESENTATION_CONTEXT(3)
GLOBAL_UNCERTAINTY_ASSIGNED_CONTEXT((#6724))
GLOBAL_UNIT_ASSIGNED_CONTEXT((#6745,#6738,#6731))
REPRESENTATION_CONTEXT('PJ-392A-1.8-xx 3.5mm Panel Mount v2',
'TOP_LEVEL_ASSEMBLY_PART')
);
#6718=(
GEOMETRIC_REPRESENTATION_CONTEXT(3)
GLOBAL_UNCERTAINTY_ASSIGNED_CONTEXT((#6725))
GLOBAL_UNIT_ASSIGNED_CONTEXT((#6746,#6739,#6732))
REPRESENTATION_CONTEXT('PJ-392A-1.8-xx 3.5mm Panel Mount v2',
'TOP_LEVEL_ASSEMBLY_PART')
);
#6719=(
GEOMETRIC_REPRESENTATION_CONTEXT(3)
GLOBAL_UNCERTAINTY_ASSIGNED_CONTEXT((#6726))
GLOBAL_UNIT_ASSIGNED_CONTEXT((#6747,#6740,#6733))
REPRESENTATION_CONTEXT('PJ-392A-1.8-xx 3.5mm Panel Mount v2',
'TOP_LEVEL_ASSEMBLY_PART')
);
#6720=(
GEOMETRIC_REPRESENTATION_CONTEXT(3)
GLOBAL_UNCERTAINTY_ASSIGNED_CONTEXT((#6727))
GLOBAL_UNIT_ASSIGNED_CONTEXT((#6748,#6741,#6734))
REPRESENTATION_CONTEXT('PJ-392A-1.8-xx 3.5mm Panel Mount v2',
'TOP_LEVEL_ASSEMBLY_PART')
);
#6721=UNCERTAINTY_MEASURE_WITH_UNIT(LENGTH_MEASURE(3.50342900513716E-5),
#6742,'DISTANCE_ACCURACY_VALUE','Maximum Tolerance applied to model');
#6722=UNCERTAINTY_MEASURE_WITH_UNIT(LENGTH_MEASURE(1.E-8),#6743,
'DISTANCE_ACCURACY_VALUE','Maximum Tolerance applied to model');
#6723=UNCERTAINTY_MEASURE_WITH_UNIT(LENGTH_MEASURE(1.E-8),#6744,
'DISTANCE_ACCURACY_VALUE','Maximum Tolerance applied to model');
#6724=UNCERTAINTY_MEASURE_WITH_UNIT(LENGTH_MEASURE(1.E-8),#6745,
'DISTANCE_ACCURACY_VALUE','Maximum Tolerance applied to model');
#6725=UNCERTAINTY_MEASURE_WITH_UNIT(LENGTH_MEASURE(1.E-6),#6746,
'DISTANCE_ACCURACY_VALUE','Maximum Tolerance applied to model');
#6726=UNCERTAINTY_MEASURE_WITH_UNIT(LENGTH_MEASURE(1.E-6),#6747,
'DISTANCE_ACCURACY_VALUE','Maximum Tolerance applied to model');
#6727=UNCERTAINTY_MEASURE_WITH_UNIT(LENGTH_MEASURE(4.07896157757458E-5),
#6748,'DISTANCE_ACCURACY_VALUE','Maximum Tolerance applied to model');
#6728=(
NAMED_UNIT(*)
SI_UNIT($,.STERADIAN.)
SOLID_ANGLE_UNIT()
);
#6729=(
NAMED_UNIT(*)
SI_UNIT($,.STERADIAN.)
SOLID_ANGLE_UNIT()
);
#6730=(
NAMED_UNIT(*)
SI_UNIT($,.STERADIAN.)
SOLID_ANGLE_UNIT()
);
#6731=(
NAMED_UNIT(*)
SI_UNIT($,.STERADIAN.)
SOLID_ANGLE_UNIT()
);
#6732=(
NAMED_UNIT(*)
SI_UNIT($,.STERADIAN.)
SOLID_ANGLE_UNIT()
);
#6733=(
NAMED_UNIT(*)
SI_UNIT($,.STERADIAN.)
SOLID_ANGLE_UNIT()
);
#6734=(
NAMED_UNIT(*)
SI_UNIT($,.STERADIAN.)
SOLID_ANGLE_UNIT()
);
#6735=(
NAMED_UNIT(*)
PLANE_ANGLE_UNIT()
SI_UNIT($,.RADIAN.)
);
#6736=(
NAMED_UNIT(*)
PLANE_ANGLE_UNIT()
SI_UNIT($,.RADIAN.)
);
#6737=(
NAMED_UNIT(*)
PLANE_ANGLE_UNIT()
SI_UNIT($,.RADIAN.)
);
#6738=(
NAMED_UNIT(*)
PLANE_ANGLE_UNIT()
SI_UNIT($,.RADIAN.)
);
#6739=(
NAMED_UNIT(*)
PLANE_ANGLE_UNIT()
SI_UNIT($,.RADIAN.)
);
#6740=(
NAMED_UNIT(*)
PLANE_ANGLE_UNIT()
SI_UNIT($,.RADIAN.)
);
#6741=(
NAMED_UNIT(*)
PLANE_ANGLE_UNIT()
SI_UNIT($,.RADIAN.)
);
#6742=(
LENGTH_UNIT()
NAMED_UNIT(*)
SI_UNIT($,.METRE.)
);
#6743=(
LENGTH_UNIT()
NAMED_UNIT(*)
SI_UNIT($,.METRE.)
);
#6744=(
LENGTH_UNIT()
NAMED_UNIT(*)
SI_UNIT($,.METRE.)
);
#6745=(
LENGTH_UNIT()
NAMED_UNIT(*)
SI_UNIT($,.METRE.)
);
#6746=(
LENGTH_UNIT()
NAMED_UNIT(*)
SI_UNIT($,.METRE.)
);
#6747=(
LENGTH_UNIT()
NAMED_UNIT(*)
SI_UNIT($,.METRE.)
);
#6748=(
LENGTH_UNIT()
NAMED_UNIT(*)
SI_UNIT($,.METRE.)
);
#6749=PRODUCT_DEFINITION_SHAPE('','',#6756);
#6750=PRODUCT_DEFINITION_SHAPE('','',#6757);
#6751=PRODUCT_DEFINITION_SHAPE('','',#6758);
#6752=PRODUCT_DEFINITION_SHAPE('','',#6759);
#6753=PRODUCT_DEFINITION_SHAPE('','',#6760);
#6754=PRODUCT_DEFINITION_SHAPE('','',#6761);
#6755=PRODUCT_DEFINITION_SHAPE('','',#6762);
#6756=PRODUCT_DEFINITION('','',#6770,#6763);
#6757=PRODUCT_DEFINITION('','',#6771,#6764);
#6758=PRODUCT_DEFINITION('','',#6772,#6765);
#6759=PRODUCT_DEFINITION('','',#6773,#6766);
#6760=PRODUCT_DEFINITION('','',#6774,#6767);
#6761=PRODUCT_DEFINITION('','',#6775,#6768);
#6762=PRODUCT_DEFINITION('','',#6776,#6769);
#6763=PRODUCT_DEFINITION_CONTEXT('',#6812,'design');
#6764=PRODUCT_DEFINITION_CONTEXT('',#6813,'design');
#6765=PRODUCT_DEFINITION_CONTEXT('',#6814,'design');
#6766=PRODUCT_DEFINITION_CONTEXT('',#6815,'design');
#6767=PRODUCT_DEFINITION_CONTEXT('',#6816,'design');
#6768=PRODUCT_DEFINITION_CONTEXT('',#6817,'design');
#6769=PRODUCT_DEFINITION_CONTEXT('',#6818,'design');
#6770=PRODUCT_DEFINITION_FORMATION_WITH_SPECIFIED_SOURCE('','',#6784,
 .NOT_KNOWN.);
#6771=PRODUCT_DEFINITION_FORMATION_WITH_SPECIFIED_SOURCE('','',#6785,
 .NOT_KNOWN.);
#6772=PRODUCT_DEFINITION_FORMATION_WITH_SPECIFIED_SOURCE('','',#6786,
 .NOT_KNOWN.);
#6773=PRODUCT_DEFINITION_FORMATION_WITH_SPECIFIED_SOURCE('','',#6787,
 .NOT_KNOWN.);
#6774=PRODUCT_DEFINITION_FORMATION_WITH_SPECIFIED_SOURCE('','',#6788,
 .NOT_KNOWN.);
#6775=PRODUCT_DEFINITION_FORMATION_WITH_SPECIFIED_SOURCE('','',#6789,
 .NOT_KNOWN.);
#6776=PRODUCT_DEFINITION_FORMATION_WITH_SPECIFIED_SOURCE('','',#6790,
 .NOT_KNOWN.);
#6777=PRODUCT_RELATED_PRODUCT_CATEGORY('','',(#6784));
#6778=PRODUCT_RELATED_PRODUCT_CATEGORY('','',(#6785));
#6779=PRODUCT_RELATED_PRODUCT_CATEGORY('','',(#6786));
#6780=PRODUCT_RELATED_PRODUCT_CATEGORY('','',(#6787));
#6781=PRODUCT_RELATED_PRODUCT_CATEGORY('','',(#6788));
#6782=PRODUCT_RELATED_PRODUCT_CATEGORY('','',(#6789));
#6783=PRODUCT_RELATED_PRODUCT_CATEGORY('','',(#6790));
#6784=PRODUCT('PJ-392A-1.8-xx 3.5mm Panel Mount v2',
'PJ-392A-1.8-xx 3.5mm Panel Mount v2',
'PJ-392A-1.8-xx 3.5mm Panel Mount v2',(#6798));
#6785=PRODUCT('PJ-392A-1.8-xx 3.5mm Panel Mount v2',
'PJ-392A-1.8-xx 3.5mm Panel Mount v2',
'PJ-392A-1.8-xx 3.5mm Panel Mount v2',(#6799));
#6786=PRODUCT('PJ-392A-1.8-xx 3.5mm Panel Mount v2',
'PJ-392A-1.8-xx 3.5mm Panel Mount v2',
'PJ-392A-1.8-xx 3.5mm Panel Mount v2',(#6800));
#6787=PRODUCT('PJ-392A-1.8-xx 3.5mm Panel Mount v2',
'PJ-392A-1.8-xx 3.5mm Panel Mount v2',
'PJ-392A-1.8-xx 3.5mm Panel Mount v2',(#6801));
#6788=PRODUCT('PJ-392A-1.8-xx 3.5mm Panel Mount v2',
'PJ-392A-1.8-xx 3.5mm Panel Mount v2',
'PJ-392A-1.8-xx 3.5mm Panel Mount v2',(#6802));
#6789=PRODUCT('PJ-392A-1.8-xx 3.5mm Panel Mount v2',
'PJ-392A-1.8-xx 3.5mm Panel Mount v2',
'PJ-392A-1.8-xx 3.5mm Panel Mount v2',(#6803));
#6790=PRODUCT('PJ-392A-1.8-xx 3.5mm Panel Mount v2',
'PJ-392A-1.8-xx 3.5mm Panel Mount v2',
'PJ-392A-1.8-xx 3.5mm Panel Mount v2',(#6804));
#6791=PRODUCT_CATEGORY('','');
#6792=PRODUCT_CATEGORY('','');
#6793=PRODUCT_CATEGORY('','');
#6794=PRODUCT_CATEGORY('','');
#6795=PRODUCT_CATEGORY('','');
#6796=PRODUCT_CATEGORY('','');
#6797=PRODUCT_CATEGORY('','');
#6798=PRODUCT_CONTEXT('',#6812,'mechanical');
#6799=PRODUCT_CONTEXT('',#6813,'mechanical');
#6800=PRODUCT_CONTEXT('',#6814,'mechanical');
#6801=PRODUCT_CONTEXT('',#6815,'mechanical');
#6802=PRODUCT_CONTEXT('',#6816,'mechanical');
#6803=PRODUCT_CONTEXT('',#6817,'mechanical');
#6804=PRODUCT_CONTEXT('',#6818,'mechanical');
#6805=APPLICATION_PROTOCOL_DEFINITION('international standard',
'ap242_managed_model_based_3d_engineering',2020,#6812);
#6806=APPLICATION_PROTOCOL_DEFINITION('international standard',
'ap242_managed_model_based_3d_engineering',2020,#6813);
#6807=APPLICATION_PROTOCOL_DEFINITION('international standard',
'ap242_managed_model_based_3d_engineering',2020,#6814);
#6808=APPLICATION_PROTOCOL_DEFINITION('international standard',
'ap242_managed_model_based_3d_engineering',2020,#6815);
#6809=APPLICATION_PROTOCOL_DEFINITION('international standard',
'ap242_managed_model_based_3d_engineering',2020,#6816);
#6810=APPLICATION_PROTOCOL_DEFINITION('international standard',
'ap242_managed_model_based_3d_engineering',2020,#6817);
#6811=APPLICATION_PROTOCOL_DEFINITION('international standard',
'ap242_managed_model_based_3d_engineering',2020,#6818);
#6812=APPLICATION_CONTEXT('managed model based 3d engineering');
#6813=APPLICATION_CONTEXT('managed model based 3d engineering');
#6814=APPLICATION_CONTEXT('managed model based 3d engineering');
#6815=APPLICATION_CONTEXT('managed model based 3d engineering');
#6816=APPLICATION_CONTEXT('managed model based 3d engineering');
#6817=APPLICATION_CONTEXT('managed model based 3d engineering');
#6818=APPLICATION_CONTEXT('managed model based 3d engineering');
ENDSEC;
END-ISO-10303-21;
