ISO-10303-21;
HEADER;
/* Generated by software containing ST-Developer
 * from STEP Tools, Inc. (www.steptools.com) 
 */
/* OPTION: using custom renumber hook */

FILE_DESCRIPTION(
/* description */ ('STEP AP242 Edition 2',
'CAx-IF Rec.Pracs.---Representation and Presentation of Product Manufa
cturing Information (PMI)---4.0---2014-10-13',
'CAx-IF Rec.Pracs.---3D Tessellated Geometry---0.4---2014-09-14','2;1',
'CAx-IF Rec.Pracs.---User Defined Attributes---1.5---2016-08-15'),
/* implementation_level */ '2;1');

FILE_NAME(
/* name */ 
'XLR Connector PCB Mount 3 pole Male, NC3MD-V - XLRMalePanel',
/* time_stamp */ '2026-06-20T20:02:20Z',
/* author */ (''),
/* organization */ (''),
/* preprocessor_version */ 'ST-DEVELOPER v20',
/* originating_system */ 'ONSHAPE BY PTC INC, 1.216',
/* authorisation */ '  ');

FILE_SCHEMA (('AP242_MANAGED_MODEL_BASED_3D_ENGINEERING_MIM_LF { 1 0 10303 442 3 1 4 }'));
ENDSEC;

DATA;
#10=DEGENERATE_TOROIDAL_SURFACE('',#2283,0.000190261561589423,0.00100002839633274,
 .T.);
#11=DEGENERATE_TOROIDAL_SURFACE('',#2285,0.000190261561620656,0.00100002839633281,
 .T.);
#12=DEGENERATE_TOROIDAL_SURFACE('',#2291,0.000190261561617553,0.00100002839633277,
 .T.);
#13=DEGENERATE_TOROIDAL_SURFACE('',#2293,0.000190261561620658,0.00100002839633276,
 .T.);
#14=DEGENERATE_TOROIDAL_SURFACE('',#2299,0.00019026156158949,0.00100002839633277,
 .T.);
#15=DEGENERATE_TOROIDAL_SURFACE('',#2301,0.000190261561589492,0.00100002839633277,
 .T.);
#16=B_SPLINE_SURFACE_WITH_KNOTS('',3,1,((#3384,#3385),(#3386,#3387),(#3388,
#3389),(#3390,#3391),(#3392,#3393),(#3394,#3395),(#3396,#3397),(#3398,#3399),
(#3400,#3401),(#3402,#3403)),.SURF_OF_LINEAR_EXTRUSION.,.F.,.F.,.F.,(4,
1,1,1,1,1,1,4),(2,2),(-20.99999946079,-20.3749995303114,-20.0624995650721,
-19.7499995998327,-19.1249996693541,-18.4999997388754,-17.2499998779182,
-16.0000000169609),(0.,1.),.UNSPECIFIED.);
#17=B_SPLINE_SURFACE_WITH_KNOTS('',3,1,((#3429,#3430),(#3431,#3432),(#3433,
#3434),(#3435,#3436)),.SURF_OF_LINEAR_EXTRUSION.,.F.,.F.,.F.,(4,4),(2,2),
(-22.9999999855093,-21.0000001316361),(0.,1.),.PIECEWISE_BEZIER_KNOTS.);
#18=B_SPLINE_SURFACE_WITH_KNOTS('',3,1,((#3450,#3451),(#3452,#3453),(#3454,
#3455),(#3456,#3457),(#3458,#3459),(#3460,#3461),(#3462,#3463)),
 .SURF_OF_LINEAR_EXTRUSION.,.F.,.F.,.F.,(4,1,1,1,4),(2,2),(-27.0000003939196,
-26.0000003209287,-25.0000002479377,-24.0000001749468,-23.0000001019558),
(0.,1.),.UNSPECIFIED.);
#19=B_SPLINE_SURFACE_WITH_KNOTS('',3,3,((#3491,#3492,#3493,#3494),(#3495,
#3496,#3497,#3498),(#3499,#3500,#3501,#3502),(#3503,#3504,#3505,#3506),
(#3507,#3508,#3509,#3510),(#3511,#3512,#3513,#3514),(#3515,#3516,#3517,
#3518),(#3519,#3520,#3521,#3522),(#3523,#3524,#3525,#3526),(#3527,#3528,
#3529,#3530),(#3531,#3532,#3533,#3534),(#3535,#3536,#3537,#3538),(#3539,
#3540,#3541,#3542)),.SURF_OF_LINEAR_EXTRUSION.,.F.,.F.,.F.,(4,2,1,2,1,1,
1,1,4),(4,4),(-31.,-30.25,-29.875,-29.001953125,-28.99609375,-28.984375,
-28.9375,-28.75,-28.),(0.,0.329999999999969),.UNSPECIFIED.);
#20=B_SPLINE_SURFACE_WITH_KNOTS('',3,1,((#3560,#3561),(#3562,#3563),(#3564,
#3565),(#3566,#3567),(#3568,#3569),(#3570,#3571),(#3572,#3573),(#3574,#3575),
(#3576,#3577),(#3578,#3579),(#3580,#3581)),.SURF_OF_LINEAR_EXTRUSION.,.F.,
 .F.,.F.,(4,1,1,1,1,1,1,1,4),(2,2),(-7.99999997112724,-6.99999997405945,
-5.99999997699167,-4.99999997992389,-4.49999998138999,-3.9999999828561,
-2.99999998578832,-1.99999998872053,5.41503766671425E-9),(0.,1.),
 .UNSPECIFIED.);
#21=B_SPLINE_SURFACE_WITH_KNOTS('',3,1,((#3622,#3623),(#3624,#3625),(#3626,
#3627),(#3628,#3629),(#3630,#3631),(#3632,#3633),(#3634,#3635),(#3636,#3637),
(#3638,#3639),(#3640,#3641),(#3642,#3643),(#3644,#3645)),
 .SURF_OF_LINEAR_EXTRUSION.,.F.,.F.,.F.,(4,1,1,1,1,1,1,1,1,4),(2,2),(-21.9999999997739,
-20.2499999997832,-19.3749999997878,-18.4999999997925,-16.7499999998018,
-14.999999999811,-13.2499999998203,-11.4999999998296,-9.7499999998389,-7.99999999984818),
(0.,1.),.UNSPECIFIED.);
#22=B_SPLINE_SURFACE_WITH_KNOTS('',3,1,((#3707,#3708),(#3709,#3710),(#3711,
#3712),(#3713,#3714),(#3715,#3716),(#3717,#3718),(#3719,#3720),(#3721,#3722),
(#3723,#3724),(#3725,#3726),(#3727,#3728),(#3729,#3730),(#3731,#3732),(#3733,
#3734),(#3735,#3736)),.SURF_OF_LINEAR_EXTRUSION.,.F.,.F.,.F.,(4,1,1,1,1,
1,1,1,1,1,1,1,4),(2,2),(-37.000000346582,-35.1250003032543,-34.1875002815905,
-33.2500002599266,-31.3750002165989,-30.437500194935,-29.5000001732712,
-27.6250001299435,-25.7500000866158,-24.8125000649519,-23.8750000432881,
-22.9375000216242,-21.9999999999604),(0.,1.),.UNSPECIFIED.);
#23=B_SPLINE_SURFACE_WITH_KNOTS('',3,1,((#3802,#3803),(#3804,#3805),(#3806,
#3807),(#3808,#3809),(#3810,#3811),(#3812,#3813),(#3814,#3815),(#3816,#3817),
(#3818,#3819),(#3820,#3821),(#3822,#3823),(#3824,#3825),(#3826,#3827),(#3828,
#3829),(#3830,#3831),(#3832,#3833),(#3834,#3835),(#3836,#3837)),
 .SURF_OF_LINEAR_EXTRUSION.,.F.,.F.,.F.,(4,1,1,1,1,1,1,1,1,1,1,1,1,1,1,
4),(2,2),(-44.9999999985524,-43.9999999992448,-43.4999999995911,-42.9999999999373,
-42.5000000002836,-42.0000000006298,-41.0000000013223,-40.0000000020148,
-39.500000002361,-39.0000000027072,-38.5000000030535,-38.2500000032266,
-38.0000000033997,-37.7500000035728,-37.500000003746,-37.0000000040922),
(0.,1.),.UNSPECIFIED.);
#24=B_SPLINE_SURFACE_WITH_KNOTS('',3,1,((#3875,#3876),(#3877,#3878),(#3879,
#3880),(#3881,#3882),(#3883,#3884),(#3885,#3886),(#3887,#3888),(#3889,#3890),
(#3891,#3892)),.SURF_OF_LINEAR_EXTRUSION.,.F.,.F.,.F.,(4,1,1,1,1,1,4),(2,
2),(-49.9999999989621,-48.750000000757,-47.5000000025519,-46.2500000043468,
-45.9375000047955,-45.6250000052442,-45.0000000061417),(0.,1.),
 .UNSPECIFIED.);
#25=B_SPLINE_SURFACE_WITH_KNOTS('',3,3,((#4043,#4044,#4045,#4046),(#4047,
#4048,#4049,#4050),(#4051,#4052,#4053,#4054),(#4055,#4056,#4057,#4058),
(#4059,#4060,#4061,#4062),(#4063,#4064,#4065,#4066),(#4067,#4068,#4069,
#4070),(#4071,#4072,#4073,#4074),(#4075,#4076,#4077,#4078),(#4079,#4080,
#4081,#4082),(#4083,#4084,#4085,#4086),(#4087,#4088,#4089,#4090)),
 .SURF_OF_LINEAR_EXTRUSION.,.F.,.F.,.F.,(4,2,2,2,2,4),(4,4),(-5.,-4.,-3.0625,
-3.,-2.,-1.),(0.,0.330000000000011),.UNSPECIFIED.);
#26=B_SPLINE_SURFACE_WITH_KNOTS('',3,1,((#4106,#4107),(#4108,#4109),(#4110,
#4111),(#4112,#4113),(#4114,#4115),(#4116,#4117),(#4118,#4119),(#4120,#4121),
(#4122,#4123),(#4124,#4125),(#4126,#4127),(#4128,#4129),(#4130,#4131)),
 .SURF_OF_LINEAR_EXTRUSION.,.F.,.F.,.F.,(4,1,1,1,1,1,1,1,1,1,4),(2,2),(-11.9999998291469,
-11.2499998524892,-10.4999998758314,-10.1249998875026,-9.93749989333815,
-9.74999989917372,-9.37499991084487,-8.99999992251601,-8.24999994585829,
-7.49999996920057,-6.00000001588514),(0.,1.),.UNSPECIFIED.);
#27=B_SPLINE_SURFACE_WITH_KNOTS('',3,1,((#4143,#4144),(#4145,#4146),(#4147,
#4148),(#4149,#4150),(#4151,#4152),(#4153,#4154),(#4155,#4156),(#4157,#4158),
(#4159,#4160),(#4161,#4162),(#4163,#4164),(#4165,#4166)),
 .SURF_OF_LINEAR_EXTRUSION.,.F.,.F.,.F.,(4,1,1,1,1,1,1,1,1,4),(2,2),(-19.9999999948291,
-19.4999999951728,-18.9999999955166,-18.4999999958604,-17.9999999962041,
-17.4999999965479,-16.9999999968916,-15.9999999975791,-13.9999999989542,
-12.0000000003292),(0.,1.),.UNSPECIFIED.);
#28=B_SPLINE_SURFACE_WITH_KNOTS('',3,1,((#4176,#4177),(#4178,#4179),(#4180,
#4181),(#4182,#4183),(#4184,#4185),(#4186,#4187),(#4188,#4189),(#4190,#4191),
(#4192,#4193),(#4194,#4195),(#4196,#4197),(#4198,#4199),(#4200,#4201),(#4202,
#4203),(#4204,#4205),(#4206,#4207),(#4208,#4209)),
 .SURF_OF_LINEAR_EXTRUSION.,.F.,.F.,.F.,(4,1,1,1,1,1,1,1,1,1,1,1,1,1,4),
(2,2),(-35.0000000329228,-34.0625000318921,-33.1250000308614,-32.1875000298308,
-31.2500000288001,-30.3125000277694,-29.3750000267387,-28.9062500262234,
-28.4375000257081,-27.9687500251927,-27.5000000246774,-25.6250000226161,
-23.7500000205547,-21.8750000184934,-20.000000016432),(0.,1.),
 .UNSPECIFIED.);
#29=B_SPLINE_SURFACE_WITH_KNOTS('',3,1,((#4244,#4245),(#4246,#4247),(#4248,
#4249),(#4250,#4251)),.SURF_OF_LINEAR_EXTRUSION.,.F.,.F.,.F.,(4,4),(2,2),
(-35.9999999849291,-35.),(0.,1.),.PIECEWISE_BEZIER_KNOTS.);
#30=CONICAL_SURFACE('',#2222,0.000480080321257733,0.785393911308862);
#31=CONICAL_SURFACE('',#2225,0.000480080321257733,0.785393911308863);
#32=CONICAL_SURFACE('',#2230,0.000480080321257733,0.785393911308863);
#33=CONICAL_SURFACE('',#2233,0.000480080321257733,0.785393911308862);
#34=SHAPE_REPRESENTATION_RELATIONSHIP('','',#2104,#44);
#35=SHAPE_REPRESENTATION_RELATIONSHIP('','',#2105,#45);
#36=SHAPE_REPRESENTATION_RELATIONSHIP('','',#2106,#46);
#37=SHAPE_REPRESENTATION_RELATIONSHIP('','',#2107,#47);
#38=SHAPE_REPRESENTATION_RELATIONSHIP('','',#2108,#48);
#39=SHAPE_REPRESENTATION_RELATIONSHIP('','',#2109,#49);
#40=SHAPE_REPRESENTATION_RELATIONSHIP('','',#2110,#50);
#41=SHAPE_REPRESENTATION_RELATIONSHIP('','',#2111,#51);
#42=SHAPE_REPRESENTATION_RELATIONSHIP('','',#2112,#52);
#43=SHAPE_REPRESENTATION_RELATIONSHIP('','',#2113,#53);
#44=MANIFOLD_SURFACE_SHAPE_REPRESENTATION('',(#2084),#4384);
#45=MANIFOLD_SURFACE_SHAPE_REPRESENTATION('',(#2085),#4385);
#46=MANIFOLD_SURFACE_SHAPE_REPRESENTATION('',(#2086),#4386);
#47=MANIFOLD_SURFACE_SHAPE_REPRESENTATION('',(#2087),#4387);
#48=MANIFOLD_SURFACE_SHAPE_REPRESENTATION('',(#2088),#4388);
#49=MANIFOLD_SURFACE_SHAPE_REPRESENTATION('',(#2089),#4389);
#50=MANIFOLD_SURFACE_SHAPE_REPRESENTATION('',(#2090),#4390);
#51=MANIFOLD_SURFACE_SHAPE_REPRESENTATION('',(#2091),#4391);
#52=MANIFOLD_SURFACE_SHAPE_REPRESENTATION('',(#2092),#4392);
#53=MANIFOLD_SURFACE_SHAPE_REPRESENTATION('',(#2093),#4393);
#54=CIRCLE('',#2129,0.0117999999999926);
#55=CIRCLE('',#2130,0.0118);
#56=CIRCLE('',#2131,0.0117999999999926);
#57=CIRCLE('',#2134,0.0006);
#58=CIRCLE('',#2135,0.0006);
#59=CIRCLE('',#2136,0.0006);
#60=CIRCLE('',#2137,0.0006);
#61=CIRCLE('',#2143,0.0006);
#62=CIRCLE('',#2149,0.0006);
#63=CIRCLE('',#2155,0.0006);
#64=CIRCLE('',#2161,0.0006);
#65=CIRCLE('',#2170,0.01125);
#66=CIRCLE('',#2171,0.01125);
#67=CIRCLE('',#2174,0.00975);
#68=CIRCLE('',#2175,0.00975);
#69=CIRCLE('',#2176,0.00975);
#70=CIRCLE('',#2177,0.00975);
#71=CIRCLE('',#2183,0.00975);
#72=CIRCLE('',#2184,0.00975);
#73=CIRCLE('',#2185,0.00975000000000166);
#74=CIRCLE('',#2186,0.00975);
#75=CIRCLE('',#2189,0.01125);
#76=CIRCLE('',#2190,0.01125);
#77=CIRCLE('',#2193,0.00975);
#78=CIRCLE('',#2194,0.00975);
#79=CIRCLE('',#2195,0.00974999999999988);
#80=CIRCLE('',#2196,0.00975);
#81=CIRCLE('',#2200,0.01125);
#82=CIRCLE('',#2204,0.01125);
#83=CIRCLE('',#2206,0.0118);
#84=CIRCLE('',#2209,0.0118);
#85=CIRCLE('',#2212,0.00115);
#86=CIRCLE('',#2216,0.0118);
#87=CIRCLE('',#2218,0.0117999999999926);
#88=CIRCLE('',#2219,0.0117999999999926);
#89=CIRCLE('',#2221,0.0118);
#90=CIRCLE('',#2223,0.00175);
#91=CIRCLE('',#2224,0.0029999814230715);
#92=CIRCLE('',#2226,0.00175);
#93=CIRCLE('',#2227,0.0029999814230715);
#94=CIRCLE('',#2229,0.00175);
#95=CIRCLE('',#2231,0.00175);
#96=CIRCLE('',#2232,0.0029999814230715);
#97=CIRCLE('',#2234,0.00175);
#98=CIRCLE('',#2235,0.0029999814230715);
#99=CIRCLE('',#2237,0.00175);
#100=CIRCLE('',#2239,0.0035);
#101=CIRCLE('',#2240,0.0035);
#102=CIRCLE('',#2241,0.0035);
#103=CIRCLE('',#2242,0.0035);
#104=CIRCLE('',#2244,0.0035);
#105=CIRCLE('',#2247,0.0035);
#106=CIRCLE('',#2250,0.0035);
#107=CIRCLE('',#2253,0.0035);
#108=CIRCLE('',#2263,0.00075);
#109=CIRCLE('',#2264,0.00075);
#110=CIRCLE('',#2266,0.0082);
#111=CIRCLE('',#2267,0.0082);
#112=CIRCLE('',#2269,0.000854622584594682);
#113=CIRCLE('',#2270,0.00119);
#114=CIRCLE('',#2271,0.00119);
#115=CIRCLE('',#2272,0.00119);
#116=CIRCLE('',#2275,0.00975);
#117=CIRCLE('',#2276,0.00975);
#118=CIRCLE('',#2280,0.000854622584594682);
#119=CIRCLE('',#2284,0.000190119716477775);
#120=CIRCLE('',#2286,0.000190119716477774);
#121=CIRCLE('',#2289,0.00119);
#122=CIRCLE('',#2292,0.000190119716477769);
#123=CIRCLE('',#2294,0.000190119716477771);
#124=CIRCLE('',#2297,0.00119);
#125=CIRCLE('',#2300,0.000190119716477774);
#126=CIRCLE('',#2302,0.000190119716477774);
#127=CIRCLE('',#2305,0.00119);
#128=CYLINDRICAL_SURFACE('',#2127,0.0118);
#129=CYLINDRICAL_SURFACE('',#2132,0.00115);
#130=CYLINDRICAL_SURFACE('',#2142,0.0006);
#131=CYLINDRICAL_SURFACE('',#2148,0.0006);
#132=CYLINDRICAL_SURFACE('',#2154,0.0006);
#133=CYLINDRICAL_SURFACE('',#2160,0.0006);
#134=CYLINDRICAL_SURFACE('',#2169,0.01125);
#135=CYLINDRICAL_SURFACE('',#2173,0.00975);
#136=CYLINDRICAL_SURFACE('',#2182,0.00975);
#137=CYLINDRICAL_SURFACE('',#2188,0.01125);
#138=CYLINDRICAL_SURFACE('',#2192,0.00975);
#139=CYLINDRICAL_SURFACE('',#2203,0.01125);
#140=CYLINDRICAL_SURFACE('',#2213,0.00115);
#141=CYLINDRICAL_SURFACE('',#2214,0.0118);
#142=CYLINDRICAL_SURFACE('',#2215,0.0118);
#143=CYLINDRICAL_SURFACE('',#2220,0.0118);
#144=CYLINDRICAL_SURFACE('',#2228,0.00175);
#145=CYLINDRICAL_SURFACE('',#2236,0.00175);
#146=CYLINDRICAL_SURFACE('',#2243,0.0035);
#147=CYLINDRICAL_SURFACE('',#2246,0.0035);
#148=CYLINDRICAL_SURFACE('',#2249,0.0035);
#149=CYLINDRICAL_SURFACE('',#2252,0.0035);
#150=CYLINDRICAL_SURFACE('',#2262,0.00075);
#151=CYLINDRICAL_SURFACE('',#2265,0.0082);
#152=CYLINDRICAL_SURFACE('',#2279,0.000854622584594682);
#153=CYLINDRICAL_SURFACE('',#2288,0.00119);
#154=CYLINDRICAL_SURFACE('',#2296,0.00119);
#155=CYLINDRICAL_SURFACE('',#2304,0.00119);
#156=LINE('',#2887,#290);
#157=LINE('',#2890,#291);
#158=LINE('',#2892,#292);
#159=LINE('',#2894,#293);
#160=LINE('',#2896,#294);
#161=LINE('',#2899,#295);
#162=LINE('',#2901,#296);
#163=LINE('',#2903,#297);
#164=LINE('',#2905,#298);
#165=LINE('',#2906,#299);
#166=LINE('',#3098,#300);
#167=LINE('',#3101,#301);
#168=LINE('',#3103,#302);
#169=LINE('',#3105,#303);
#170=LINE('',#3107,#304);
#171=LINE('',#3110,#305);
#172=LINE('',#3111,#306);
#173=LINE('',#3113,#307);
#174=LINE('',#3116,#308);
#175=LINE('',#3117,#309);
#176=LINE('',#3119,#310);
#177=LINE('',#3122,#311);
#178=LINE('',#3124,#312);
#179=LINE('',#3126,#313);
#180=LINE('',#3128,#314);
#181=LINE('',#3131,#315);
#182=LINE('',#3132,#316);
#183=LINE('',#3134,#317);
#184=LINE('',#3137,#318);
#185=LINE('',#3139,#319);
#186=LINE('',#3141,#320);
#187=LINE('',#3143,#321);
#188=LINE('',#3149,#322);
#189=LINE('',#3151,#323);
#190=LINE('',#3153,#324);
#191=LINE('',#3157,#325);
#192=LINE('',#3161,#326);
#193=LINE('',#3166,#327);
#194=LINE('',#3169,#328);
#195=LINE('',#3170,#329);
#196=LINE('',#3172,#330);
#197=LINE('',#3175,#331);
#198=LINE('',#3176,#332);
#199=LINE('',#3178,#333);
#200=LINE('',#3181,#334);
#201=LINE('',#3182,#335);
#202=LINE('',#3184,#336);
#203=LINE('',#3187,#337);
#204=LINE('',#3189,#338);
#205=LINE('',#3191,#339);
#206=LINE('',#3195,#340);
#207=LINE('',#3201,#341);
#208=LINE('',#3203,#342);
#209=LINE('',#3205,#343);
#210=LINE('',#3207,#344);
#211=LINE('',#3213,#345);
#212=LINE('',#3215,#346);
#213=LINE('',#3217,#347);
#214=LINE('',#3222,#348);
#215=LINE('',#3227,#349);
#216=LINE('',#3228,#350);
#217=LINE('',#3231,#351);
#218=LINE('',#3236,#352);
#219=LINE('',#3238,#353);
#220=LINE('',#3245,#354);
#221=LINE('',#3248,#355);
#222=LINE('',#3250,#356);
#223=LINE('',#3252,#357);
#224=LINE('',#3256,#358);
#225=LINE('',#3258,#359);
#226=LINE('',#3260,#360);
#227=LINE('',#3263,#361);
#228=LINE('',#3264,#362);
#229=LINE('',#3268,#363);
#230=LINE('',#3295,#364);
#231=LINE('',#3300,#365);
#232=LINE('',#3310,#366);
#233=LINE('',#3315,#367);
#234=LINE('',#3325,#368);
#235=LINE('',#3330,#369);
#236=LINE('',#3334,#370);
#237=LINE('',#3338,#371);
#238=LINE('',#3345,#372);
#239=LINE('',#3346,#373);
#240=LINE('',#3348,#374);
#241=LINE('',#3350,#375);
#242=LINE('',#3354,#376);
#243=LINE('',#3356,#377);
#244=LINE('',#3358,#378);
#245=LINE('',#3362,#379);
#246=LINE('',#3364,#380);
#247=LINE('',#3366,#381);
#248=LINE('',#3370,#382);
#249=LINE('',#3372,#383);
#250=LINE('',#3376,#384);
#251=LINE('',#3379,#385);
#252=LINE('',#3381,#386);
#253=LINE('',#3383,#387);
#254=LINE('',#3404,#388);
#255=LINE('',#3437,#389);
#256=LINE('',#3464,#390);
#257=LINE('',#3486,#391);
#258=LINE('',#3489,#392);
#259=LINE('',#3490,#393);
#260=LINE('',#3582,#394);
#261=LINE('',#3603,#395);
#262=LINE('',#3646,#396);
#263=LINE('',#3737,#397);
#264=LINE('',#3838,#398);
#265=LINE('',#3893,#399);
#266=LINE('',#3919,#400);
#267=LINE('',#3920,#401);
#268=LINE('',#3926,#402);
#269=LINE('',#3930,#403);
#270=LINE('',#3993,#404);
#271=LINE('',#4005,#405);
#272=LINE('',#4013,#406);
#273=LINE('',#4016,#407);
#274=LINE('',#4018,#408);
#275=LINE('',#4022,#409);
#276=LINE('',#4024,#410);
#277=LINE('',#4026,#411);
#278=LINE('',#4030,#412);
#279=LINE('',#4032,#413);
#280=LINE('',#4034,#414);
#281=LINE('',#4038,#415);
#282=LINE('',#4040,#416);
#283=LINE('',#4042,#417);
#284=LINE('',#4091,#418);
#285=LINE('',#4103,#419);
#286=LINE('',#4105,#420);
#287=LINE('',#4132,#421);
#288=LINE('',#4167,#422);
#289=LINE('',#4210,#423);
#290=VECTOR('',#2328,1.);
#291=VECTOR('',#2329,1.);
#292=VECTOR('',#2330,1.);
#293=VECTOR('',#2331,1.);
#294=VECTOR('',#2334,1.);
#295=VECTOR('',#2335,1.);
#296=VECTOR('',#2336,1.);
#297=VECTOR('',#2337,1.);
#298=VECTOR('',#2340,1.);
#299=VECTOR('',#2341,1.);
#300=VECTOR('',#2416,1.);
#301=VECTOR('',#2417,1.);
#302=VECTOR('',#2418,1.);
#303=VECTOR('',#2419,1.);
#304=VECTOR('',#2422,1.);
#305=VECTOR('',#2423,1.);
#306=VECTOR('',#2424,1.);
#307=VECTOR('',#2427,1.);
#308=VECTOR('',#2428,1.);
#309=VECTOR('',#2429,1.);
#310=VECTOR('',#2432,1.);
#311=VECTOR('',#2433,1.);
#312=VECTOR('',#2434,1.);
#313=VECTOR('',#2435,1.);
#314=VECTOR('',#2438,1.);
#315=VECTOR('',#2439,1.);
#316=VECTOR('',#2440,1.);
#317=VECTOR('',#2443,1.);
#318=VECTOR('',#2444,1.);
#319=VECTOR('',#2445,1.);
#320=VECTOR('',#2446,1.);
#321=VECTOR('',#2449,1.);
#322=VECTOR('',#2456,1.);
#323=VECTOR('',#2457,1.);
#324=VECTOR('',#2458,1.);
#325=VECTOR('',#2463,1.);
#326=VECTOR('',#2466,1.);
#327=VECTOR('',#2473,1.);
#328=VECTOR('',#2474,1.);
#329=VECTOR('',#2475,1.);
#330=VECTOR('',#2478,1.);
#331=VECTOR('',#2479,1.);
#332=VECTOR('',#2480,1.);
#333=VECTOR('',#2483,1.);
#334=VECTOR('',#2484,1.);
#335=VECTOR('',#2485,1.);
#336=VECTOR('',#2488,1.);
#337=VECTOR('',#2489,1.);
#338=VECTOR('',#2490,1.);
#339=VECTOR('',#2491,1.);
#340=VECTOR('',#2496,1.);
#341=VECTOR('',#2505,1.);
#342=VECTOR('',#2506,1.);
#343=VECTOR('',#2507,1.);
#344=VECTOR('',#2510,1.);
#345=VECTOR('',#2517,1.);
#346=VECTOR('',#2518,1.);
#347=VECTOR('',#2519,1.);
#348=VECTOR('',#2526,1.);
#349=VECTOR('',#2533,1.);
#350=VECTOR('',#2534,1.);
#351=VECTOR('',#2539,1.);
#352=VECTOR('',#2546,1.);
#353=VECTOR('',#2547,1.);
#354=VECTOR('',#2558,1.);
#355=VECTOR('',#2559,1.);
#356=VECTOR('',#2560,1.);
#357=VECTOR('',#2561,1.);
#358=VECTOR('',#2566,1.);
#359=VECTOR('',#2567,1.);
#360=VECTOR('',#2570,1.);
#361=VECTOR('',#2571,1.);
#362=VECTOR('',#2572,1.);
#363=VECTOR('',#2577,1.);
#364=VECTOR('',#2598,1.);
#365=VECTOR('',#2601,1.);
#366=VECTOR('',#2616,1.);
#367=VECTOR('',#2619,1.);
#368=VECTOR('',#2634,1.);
#369=VECTOR('',#2637,1.);
#370=VECTOR('',#2640,1.);
#371=VECTOR('',#2643,1.);
#372=VECTOR('',#2650,1.);
#373=VECTOR('',#2651,1.);
#374=VECTOR('',#2654,1.);
#375=VECTOR('',#2655,1.);
#376=VECTOR('',#2660,1.);
#377=VECTOR('',#2663,1.);
#378=VECTOR('',#2664,1.);
#379=VECTOR('',#2669,1.);
#380=VECTOR('',#2672,1.);
#381=VECTOR('',#2673,1.);
#382=VECTOR('',#2678,1.);
#383=VECTOR('',#2681,1.);
#384=VECTOR('',#2688,1.);
#385=VECTOR('',#2689,1.);
#386=VECTOR('',#2690,1.);
#387=VECTOR('',#2691,1.);
#388=VECTOR('',#2692,1.);
#389=VECTOR('',#2693,1.);
#390=VECTOR('',#2694,1.);
#391=VECTOR('',#2697,1.);
#392=VECTOR('',#2698,1.);
#393=VECTOR('',#2699,1.);
#394=VECTOR('',#2702,1.);
#395=VECTOR('',#2703,1.);
#396=VECTOR('',#2704,1.);
#397=VECTOR('',#2705,1.);
#398=VECTOR('',#2706,1.);
#399=VECTOR('',#2707,1.);
#400=VECTOR('',#2710,1.);
#401=VECTOR('',#2711,1.);
#402=VECTOR('',#2718,1.);
#403=VECTOR('',#2721,1.);
#404=VECTOR('',#2732,1.);
#405=VECTOR('',#2733,1.);
#406=VECTOR('',#2742,1.);
#407=VECTOR('',#2743,1.);
#408=VECTOR('',#2744,1.);
#409=VECTOR('',#2747,1.);
#410=VECTOR('',#2748,1.);
#411=VECTOR('',#2749,1.);
#412=VECTOR('',#2752,1.);
#413=VECTOR('',#2753,1.);
#414=VECTOR('',#2754,1.);
#415=VECTOR('',#2759,1.);
#416=VECTOR('',#2760,1.);
#417=VECTOR('',#2761,1.);
#418=VECTOR('',#2762,1.);
#419=VECTOR('',#2765,1.);
#420=VECTOR('',#2766,1.);
#421=VECTOR('',#2767,1.);
#422=VECTOR('',#2768,1.);
#423=VECTOR('',#2769,1.);
#424=PLANE('',#2123);
#425=PLANE('',#2124);
#426=PLANE('',#2125);
#427=PLANE('',#2126);
#428=PLANE('',#2133);
#429=PLANE('',#2141);
#430=PLANE('',#2147);
#431=PLANE('',#2153);
#432=PLANE('',#2159);
#433=PLANE('',#2163);
#434=PLANE('',#2164);
#435=PLANE('',#2165);
#436=PLANE('',#2166);
#437=PLANE('',#2167);
#438=PLANE('',#2168);
#439=PLANE('',#2172);
#440=PLANE('',#2178);
#441=PLANE('',#2179);
#442=PLANE('',#2180);
#443=PLANE('',#2181);
#444=PLANE('',#2187);
#445=PLANE('',#2191);
#446=PLANE('',#2197);
#447=PLANE('',#2198);
#448=PLANE('',#2199);
#449=PLANE('',#2201);
#450=PLANE('',#2202);
#451=PLANE('',#2205);
#452=PLANE('',#2207);
#453=PLANE('',#2208);
#454=PLANE('',#2210);
#455=PLANE('',#2211);
#456=PLANE('',#2238);
#457=PLANE('',#2245);
#458=PLANE('',#2248);
#459=PLANE('',#2251);
#460=PLANE('',#2254);
#461=PLANE('',#2255);
#462=PLANE('',#2257);
#463=PLANE('',#2258);
#464=PLANE('',#2259);
#465=PLANE('',#2260);
#466=PLANE('',#2261);
#467=PLANE('',#2268);
#468=PLANE('',#2273);
#469=PLANE('',#2277);
#470=PLANE('',#2278);
#471=PLANE('',#2281);
#472=PLANE('',#2287);
#473=PLANE('',#2295);
#474=PLANE('',#2303);
#475=ELLIPSE('',#2116,0.00089987036316016,0.00089987036316016);
#476=ELLIPSE('',#2118,0.00139979834269358,0.00139979834269358);
#477=ELLIPSE('',#2120,0.00089987036316016,0.00089987036316016);
#478=ELLIPSE('',#2122,0.00139979834269358,0.00139979834269358);
#479=ELLIPSE('',#2128,0.0118,0.0118);
#480=ELLIPSE('',#2217,0.0118,0.0118);
#481=ELLIPSE('',#2274,0.00975000000000162,0.00975000000000157);
#482=ORIENTED_EDGE('',*,*,#1010,.T.);
#483=ORIENTED_EDGE('',*,*,#1011,.F.);
#484=ORIENTED_EDGE('',*,*,#1012,.F.);
#485=ORIENTED_EDGE('',*,*,#1013,.F.);
#486=ORIENTED_EDGE('',*,*,#1014,.T.);
#487=ORIENTED_EDGE('',*,*,#1015,.F.);
#488=ORIENTED_EDGE('',*,*,#1016,.F.);
#489=ORIENTED_EDGE('',*,*,#1017,.T.);
#490=ORIENTED_EDGE('',*,*,#1018,.T.);
#491=ORIENTED_EDGE('',*,*,#1013,.T.);
#492=ORIENTED_EDGE('',*,*,#1019,.F.);
#493=ORIENTED_EDGE('',*,*,#1011,.T.);
#494=ORIENTED_EDGE('',*,*,#1020,.T.);
#495=ORIENTED_EDGE('',*,*,#1017,.F.);
#496=ORIENTED_EDGE('',*,*,#1021,.F.);
#497=ORIENTED_EDGE('',*,*,#1015,.T.);
#498=ORIENTED_EDGE('',*,*,#1012,.T.);
#499=ORIENTED_EDGE('',*,*,#1019,.T.);
#500=ORIENTED_EDGE('',*,*,#1022,.T.);
#501=ORIENTED_EDGE('',*,*,#1023,.T.);
#502=ORIENTED_EDGE('',*,*,#1024,.F.);
#503=ORIENTED_EDGE('',*,*,#1025,.F.);
#504=ORIENTED_EDGE('',*,*,#1026,.F.);
#505=ORIENTED_EDGE('',*,*,#1027,.T.);
#506=ORIENTED_EDGE('',*,*,#1028,.T.);
#507=ORIENTED_EDGE('',*,*,#1029,.F.);
#508=ORIENTED_EDGE('',*,*,#1030,.T.);
#509=ORIENTED_EDGE('',*,*,#1028,.F.);
#510=ORIENTED_EDGE('',*,*,#1031,.F.);
#511=ORIENTED_EDGE('',*,*,#1022,.F.);
#512=ORIENTED_EDGE('',*,*,#1032,.F.);
#513=ORIENTED_EDGE('',*,*,#1033,.F.);
#514=ORIENTED_EDGE('',*,*,#1024,.T.);
#515=ORIENTED_EDGE('',*,*,#1034,.T.);
#516=ORIENTED_EDGE('',*,*,#1026,.T.);
#517=ORIENTED_EDGE('',*,*,#1035,.F.);
#518=ORIENTED_EDGE('',*,*,#1018,.F.);
#519=ORIENTED_EDGE('',*,*,#1010,.F.);
#520=ORIENTED_EDGE('',*,*,#1020,.F.);
#521=ORIENTED_EDGE('',*,*,#1014,.F.);
#522=ORIENTED_EDGE('',*,*,#1021,.T.);
#523=ORIENTED_EDGE('',*,*,#1016,.T.);
#524=ORIENTED_EDGE('',*,*,#1036,.F.);
#525=ORIENTED_EDGE('',*,*,#1037,.F.);
#526=ORIENTED_EDGE('',*,*,#1038,.F.);
#527=ORIENTED_EDGE('',*,*,#1039,.F.);
#528=ORIENTED_EDGE('',*,*,#1034,.F.);
#529=ORIENTED_EDGE('',*,*,#1023,.F.);
#530=ORIENTED_EDGE('',*,*,#1031,.T.);
#531=ORIENTED_EDGE('',*,*,#1027,.F.);
#532=ORIENTED_EDGE('',*,*,#1040,.T.);
#533=ORIENTED_EDGE('',*,*,#1041,.F.);
#534=ORIENTED_EDGE('',*,*,#1042,.F.);
#535=ORIENTED_EDGE('',*,*,#1043,.F.);
#536=ORIENTED_EDGE('',*,*,#1044,.T.);
#537=ORIENTED_EDGE('',*,*,#1043,.T.);
#538=ORIENTED_EDGE('',*,*,#1045,.F.);
#539=ORIENTED_EDGE('',*,*,#1041,.T.);
#540=ORIENTED_EDGE('',*,*,#1040,.F.);
#541=ORIENTED_EDGE('',*,*,#1044,.F.);
#542=ORIENTED_EDGE('',*,*,#1046,.T.);
#543=ORIENTED_EDGE('',*,*,#1045,.T.);
#544=ORIENTED_EDGE('',*,*,#1042,.T.);
#545=ORIENTED_EDGE('',*,*,#1047,.T.);
#546=ORIENTED_EDGE('',*,*,#1048,.T.);
#547=ORIENTED_EDGE('',*,*,#1049,.F.);
#548=ORIENTED_EDGE('',*,*,#1050,.T.);
#549=ORIENTED_EDGE('',*,*,#1051,.T.);
#550=ORIENTED_EDGE('',*,*,#1050,.F.);
#551=ORIENTED_EDGE('',*,*,#1052,.F.);
#552=ORIENTED_EDGE('',*,*,#1048,.F.);
#553=ORIENTED_EDGE('',*,*,#1049,.T.);
#554=ORIENTED_EDGE('',*,*,#1052,.T.);
#555=ORIENTED_EDGE('',*,*,#1053,.T.);
#556=ORIENTED_EDGE('',*,*,#1051,.F.);
#557=ORIENTED_EDGE('',*,*,#1047,.F.);
#558=ORIENTED_EDGE('',*,*,#1054,.T.);
#559=ORIENTED_EDGE('',*,*,#1055,.F.);
#560=ORIENTED_EDGE('',*,*,#1056,.F.);
#561=ORIENTED_EDGE('',*,*,#1057,.F.);
#562=ORIENTED_EDGE('',*,*,#1058,.T.);
#563=ORIENTED_EDGE('',*,*,#1057,.T.);
#564=ORIENTED_EDGE('',*,*,#1059,.F.);
#565=ORIENTED_EDGE('',*,*,#1055,.T.);
#566=ORIENTED_EDGE('',*,*,#1054,.F.);
#567=ORIENTED_EDGE('',*,*,#1058,.F.);
#568=ORIENTED_EDGE('',*,*,#1060,.T.);
#569=ORIENTED_EDGE('',*,*,#1059,.T.);
#570=ORIENTED_EDGE('',*,*,#1056,.T.);
#571=ORIENTED_EDGE('',*,*,#1061,.T.);
#572=ORIENTED_EDGE('',*,*,#1062,.F.);
#573=ORIENTED_EDGE('',*,*,#1063,.F.);
#574=ORIENTED_EDGE('',*,*,#1064,.F.);
#575=ORIENTED_EDGE('',*,*,#1065,.T.);
#576=ORIENTED_EDGE('',*,*,#1064,.T.);
#577=ORIENTED_EDGE('',*,*,#1066,.F.);
#578=ORIENTED_EDGE('',*,*,#1062,.T.);
#579=ORIENTED_EDGE('',*,*,#1061,.F.);
#580=ORIENTED_EDGE('',*,*,#1065,.F.);
#581=ORIENTED_EDGE('',*,*,#1067,.T.);
#582=ORIENTED_EDGE('',*,*,#1066,.T.);
#583=ORIENTED_EDGE('',*,*,#1063,.T.);
#584=ORIENTED_EDGE('',*,*,#1068,.T.);
#585=ORIENTED_EDGE('',*,*,#1069,.F.);
#586=ORIENTED_EDGE('',*,*,#1070,.T.);
#587=ORIENTED_EDGE('',*,*,#1071,.F.);
#588=ORIENTED_EDGE('',*,*,#1072,.T.);
#589=ORIENTED_EDGE('',*,*,#1073,.F.);
#590=ORIENTED_EDGE('',*,*,#1068,.F.);
#591=ORIENTED_EDGE('',*,*,#1074,.F.);
#592=ORIENTED_EDGE('',*,*,#1075,.T.);
#593=ORIENTED_EDGE('',*,*,#1076,.F.);
#594=ORIENTED_EDGE('',*,*,#1072,.F.);
#595=ORIENTED_EDGE('',*,*,#1077,.F.);
#596=ORIENTED_EDGE('',*,*,#1078,.T.);
#597=ORIENTED_EDGE('',*,*,#1079,.F.);
#598=ORIENTED_EDGE('',*,*,#1080,.T.);
#599=ORIENTED_EDGE('',*,*,#1081,.F.);
#600=ORIENTED_EDGE('',*,*,#1082,.T.);
#601=ORIENTED_EDGE('',*,*,#1083,.F.);
#602=ORIENTED_EDGE('',*,*,#1078,.F.);
#603=ORIENTED_EDGE('',*,*,#1084,.F.);
#604=ORIENTED_EDGE('',*,*,#1085,.T.);
#605=ORIENTED_EDGE('',*,*,#1086,.F.);
#606=ORIENTED_EDGE('',*,*,#1087,.T.);
#607=ORIENTED_EDGE('',*,*,#1088,.F.);
#608=ORIENTED_EDGE('',*,*,#1089,.T.);
#609=ORIENTED_EDGE('',*,*,#1090,.F.);
#610=ORIENTED_EDGE('',*,*,#1087,.F.);
#611=ORIENTED_EDGE('',*,*,#1091,.F.);
#612=ORIENTED_EDGE('',*,*,#1089,.F.);
#613=ORIENTED_EDGE('',*,*,#1092,.F.);
#614=ORIENTED_EDGE('',*,*,#1093,.T.);
#615=ORIENTED_EDGE('',*,*,#1094,.F.);
#616=ORIENTED_EDGE('',*,*,#1095,.F.);
#617=ORIENTED_EDGE('',*,*,#1096,.T.);
#618=ORIENTED_EDGE('',*,*,#1097,.F.);
#619=ORIENTED_EDGE('',*,*,#1098,.T.);
#620=ORIENTED_EDGE('',*,*,#1099,.F.);
#621=ORIENTED_EDGE('',*,*,#1082,.F.);
#622=ORIENTED_EDGE('',*,*,#1100,.F.);
#623=ORIENTED_EDGE('',*,*,#1093,.F.);
#624=ORIENTED_EDGE('',*,*,#1101,.T.);
#625=ORIENTED_EDGE('',*,*,#1102,.F.);
#626=ORIENTED_EDGE('',*,*,#1098,.F.);
#627=ORIENTED_EDGE('',*,*,#1103,.F.);
#628=ORIENTED_EDGE('',*,*,#1104,.T.);
#629=ORIENTED_EDGE('',*,*,#1105,.F.);
#630=ORIENTED_EDGE('',*,*,#1101,.F.);
#631=ORIENTED_EDGE('',*,*,#1106,.F.);
#632=ORIENTED_EDGE('',*,*,#1107,.T.);
#633=ORIENTED_EDGE('',*,*,#1108,.F.);
#634=ORIENTED_EDGE('',*,*,#1104,.F.);
#635=ORIENTED_EDGE('',*,*,#1109,.F.);
#636=ORIENTED_EDGE('',*,*,#1110,.T.);
#637=ORIENTED_EDGE('',*,*,#1111,.F.);
#638=ORIENTED_EDGE('',*,*,#1112,.T.);
#639=ORIENTED_EDGE('',*,*,#1113,.F.);
#640=ORIENTED_EDGE('',*,*,#1114,.F.);
#641=ORIENTED_EDGE('',*,*,#1115,.T.);
#642=ORIENTED_EDGE('',*,*,#1116,.F.);
#643=ORIENTED_EDGE('',*,*,#1070,.F.);
#644=ORIENTED_EDGE('',*,*,#1117,.F.);
#645=ORIENTED_EDGE('',*,*,#1107,.F.);
#646=ORIENTED_EDGE('',*,*,#1118,.F.);
#647=ORIENTED_EDGE('',*,*,#1112,.F.);
#648=ORIENTED_EDGE('',*,*,#1115,.F.);
#649=ORIENTED_EDGE('',*,*,#1119,.F.);
#650=ORIENTED_EDGE('',*,*,#1120,.T.);
#651=ORIENTED_EDGE('',*,*,#1121,.F.);
#652=ORIENTED_EDGE('',*,*,#1122,.F.);
#653=ORIENTED_EDGE('',*,*,#1123,.F.);
#654=ORIENTED_EDGE('',*,*,#1120,.F.);
#655=ORIENTED_EDGE('',*,*,#1124,.F.);
#656=ORIENTED_EDGE('',*,*,#1122,.T.);
#657=ORIENTED_EDGE('',*,*,#1125,.F.);
#658=ORIENTED_EDGE('',*,*,#1126,.T.);
#659=ORIENTED_EDGE('',*,*,#1127,.F.);
#660=ORIENTED_EDGE('',*,*,#1128,.F.);
#661=ORIENTED_EDGE('',*,*,#1085,.F.);
#662=ORIENTED_EDGE('',*,*,#1129,.F.);
#663=ORIENTED_EDGE('',*,*,#1130,.T.);
#664=ORIENTED_EDGE('',*,*,#1131,.F.);
#665=ORIENTED_EDGE('',*,*,#1075,.F.);
#666=ORIENTED_EDGE('',*,*,#1132,.F.);
#667=ORIENTED_EDGE('',*,*,#1126,.F.);
#668=ORIENTED_EDGE('',*,*,#1080,.F.);
#669=ORIENTED_EDGE('',*,*,#1133,.F.);
#670=ORIENTED_EDGE('',*,*,#1130,.F.);
#671=ORIENTED_EDGE('',*,*,#1134,.F.);
#672=ORIENTED_EDGE('',*,*,#1071,.T.);
#673=ORIENTED_EDGE('',*,*,#1116,.T.);
#674=ORIENTED_EDGE('',*,*,#1121,.T.);
#675=ORIENTED_EDGE('',*,*,#1123,.T.);
#676=ORIENTED_EDGE('',*,*,#1127,.T.);
#677=ORIENTED_EDGE('',*,*,#1132,.T.);
#678=ORIENTED_EDGE('',*,*,#1077,.T.);
#679=ORIENTED_EDGE('',*,*,#1074,.T.);
#680=ORIENTED_EDGE('',*,*,#1103,.T.);
#681=ORIENTED_EDGE('',*,*,#1097,.T.);
#682=ORIENTED_EDGE('',*,*,#1135,.T.);
#683=ORIENTED_EDGE('',*,*,#1136,.T.);
#684=ORIENTED_EDGE('',*,*,#1113,.T.);
#685=ORIENTED_EDGE('',*,*,#1118,.T.);
#686=ORIENTED_EDGE('',*,*,#1109,.T.);
#687=ORIENTED_EDGE('',*,*,#1106,.T.);
#688=ORIENTED_EDGE('',*,*,#1134,.T.);
#689=ORIENTED_EDGE('',*,*,#1129,.T.);
#690=ORIENTED_EDGE('',*,*,#1088,.T.);
#691=ORIENTED_EDGE('',*,*,#1090,.T.);
#692=ORIENTED_EDGE('',*,*,#1094,.T.);
#693=ORIENTED_EDGE('',*,*,#1100,.T.);
#694=ORIENTED_EDGE('',*,*,#1084,.T.);
#695=ORIENTED_EDGE('',*,*,#1081,.T.);
#696=ORIENTED_EDGE('',*,*,#1096,.F.);
#697=ORIENTED_EDGE('',*,*,#1137,.F.);
#698=ORIENTED_EDGE('',*,*,#1138,.T.);
#699=ORIENTED_EDGE('',*,*,#1135,.F.);
#700=ORIENTED_EDGE('',*,*,#1110,.F.);
#701=ORIENTED_EDGE('',*,*,#1136,.F.);
#702=ORIENTED_EDGE('',*,*,#1138,.F.);
#703=ORIENTED_EDGE('',*,*,#1139,.F.);
#704=ORIENTED_EDGE('',*,*,#1137,.T.);
#705=ORIENTED_EDGE('',*,*,#1095,.T.);
#706=ORIENTED_EDGE('',*,*,#1092,.T.);
#707=ORIENTED_EDGE('',*,*,#1091,.T.);
#708=ORIENTED_EDGE('',*,*,#1086,.T.);
#709=ORIENTED_EDGE('',*,*,#1128,.T.);
#710=ORIENTED_EDGE('',*,*,#1125,.T.);
#711=ORIENTED_EDGE('',*,*,#1124,.T.);
#712=ORIENTED_EDGE('',*,*,#1119,.T.);
#713=ORIENTED_EDGE('',*,*,#1114,.T.);
#714=ORIENTED_EDGE('',*,*,#1111,.T.);
#715=ORIENTED_EDGE('',*,*,#1139,.T.);
#716=ORIENTED_EDGE('',*,*,#1140,.F.);
#717=ORIENTED_EDGE('',*,*,#1141,.T.);
#718=ORIENTED_EDGE('',*,*,#1142,.F.);
#719=ORIENTED_EDGE('',*,*,#1143,.F.);
#720=ORIENTED_EDGE('',*,*,#1144,.T.);
#721=ORIENTED_EDGE('',*,*,#1145,.F.);
#722=ORIENTED_EDGE('',*,*,#1146,.F.);
#723=ORIENTED_EDGE('',*,*,#1147,.T.);
#724=ORIENTED_EDGE('',*,*,#1143,.T.);
#725=ORIENTED_EDGE('',*,*,#1148,.T.);
#726=ORIENTED_EDGE('',*,*,#1149,.T.);
#727=ORIENTED_EDGE('',*,*,#1146,.T.);
#728=ORIENTED_EDGE('',*,*,#1150,.F.);
#729=ORIENTED_EDGE('',*,*,#1151,.T.);
#730=ORIENTED_EDGE('',*,*,#1144,.F.);
#731=ORIENTED_EDGE('',*,*,#1147,.F.);
#732=ORIENTED_EDGE('',*,*,#1149,.F.);
#733=ORIENTED_EDGE('',*,*,#1152,.F.);
#734=ORIENTED_EDGE('',*,*,#1153,.F.);
#735=ORIENTED_EDGE('',*,*,#1151,.F.);
#736=ORIENTED_EDGE('',*,*,#1153,.T.);
#737=ORIENTED_EDGE('',*,*,#1154,.F.);
#738=ORIENTED_EDGE('',*,*,#1155,.T.);
#739=ORIENTED_EDGE('',*,*,#1156,.T.);
#740=ORIENTED_EDGE('',*,*,#1150,.T.);
#741=ORIENTED_EDGE('',*,*,#1145,.T.);
#742=ORIENTED_EDGE('',*,*,#1142,.T.);
#743=ORIENTED_EDGE('',*,*,#1157,.T.);
#744=ORIENTED_EDGE('',*,*,#1140,.T.);
#745=ORIENTED_EDGE('',*,*,#1158,.T.);
#746=ORIENTED_EDGE('',*,*,#1159,.T.);
#747=ORIENTED_EDGE('',*,*,#1160,.F.);
#748=ORIENTED_EDGE('',*,*,#1161,.T.);
#749=ORIENTED_EDGE('',*,*,#1162,.T.);
#750=ORIENTED_EDGE('',*,*,#1161,.F.);
#751=ORIENTED_EDGE('',*,*,#1163,.T.);
#752=ORIENTED_EDGE('',*,*,#1159,.F.);
#753=ORIENTED_EDGE('',*,*,#1164,.T.);
#754=ORIENTED_EDGE('',*,*,#1165,.F.);
#755=ORIENTED_EDGE('',*,*,#1163,.F.);
#756=ORIENTED_EDGE('',*,*,#1160,.T.);
#757=ORIENTED_EDGE('',*,*,#1166,.T.);
#758=ORIENTED_EDGE('',*,*,#1167,.F.);
#759=ORIENTED_EDGE('',*,*,#1168,.T.);
#760=ORIENTED_EDGE('',*,*,#1169,.T.);
#761=ORIENTED_EDGE('',*,*,#1168,.F.);
#762=ORIENTED_EDGE('',*,*,#1170,.T.);
#763=ORIENTED_EDGE('',*,*,#1166,.F.);
#764=ORIENTED_EDGE('',*,*,#1171,.T.);
#765=ORIENTED_EDGE('',*,*,#1170,.F.);
#766=ORIENTED_EDGE('',*,*,#1167,.T.);
#767=ORIENTED_EDGE('',*,*,#1172,.F.);
#768=ORIENTED_EDGE('',*,*,#1154,.T.);
#769=ORIENTED_EDGE('',*,*,#1172,.T.);
#770=ORIENTED_EDGE('',*,*,#1165,.T.);
#771=ORIENTED_EDGE('',*,*,#1173,.F.);
#772=ORIENTED_EDGE('',*,*,#1174,.F.);
#773=ORIENTED_EDGE('',*,*,#1175,.F.);
#774=ORIENTED_EDGE('',*,*,#1176,.F.);
#775=ORIENTED_EDGE('',*,*,#1177,.F.);
#776=ORIENTED_EDGE('',*,*,#1178,.F.);
#777=ORIENTED_EDGE('',*,*,#1179,.F.);
#778=ORIENTED_EDGE('',*,*,#1180,.F.);
#779=ORIENTED_EDGE('',*,*,#1181,.T.);
#780=ORIENTED_EDGE('',*,*,#1182,.F.);
#781=ORIENTED_EDGE('',*,*,#1174,.T.);
#782=ORIENTED_EDGE('',*,*,#1183,.F.);
#783=ORIENTED_EDGE('',*,*,#1184,.T.);
#784=ORIENTED_EDGE('',*,*,#1185,.F.);
#785=ORIENTED_EDGE('',*,*,#1175,.T.);
#786=ORIENTED_EDGE('',*,*,#1182,.T.);
#787=ORIENTED_EDGE('',*,*,#1186,.T.);
#788=ORIENTED_EDGE('',*,*,#1187,.F.);
#789=ORIENTED_EDGE('',*,*,#1176,.T.);
#790=ORIENTED_EDGE('',*,*,#1185,.T.);
#791=ORIENTED_EDGE('',*,*,#1188,.T.);
#792=ORIENTED_EDGE('',*,*,#1189,.F.);
#793=ORIENTED_EDGE('',*,*,#1177,.T.);
#794=ORIENTED_EDGE('',*,*,#1187,.T.);
#795=ORIENTED_EDGE('',*,*,#1190,.T.);
#796=ORIENTED_EDGE('',*,*,#1191,.F.);
#797=ORIENTED_EDGE('',*,*,#1178,.T.);
#798=ORIENTED_EDGE('',*,*,#1189,.T.);
#799=ORIENTED_EDGE('',*,*,#1192,.T.);
#800=ORIENTED_EDGE('',*,*,#1193,.F.);
#801=ORIENTED_EDGE('',*,*,#1179,.T.);
#802=ORIENTED_EDGE('',*,*,#1191,.T.);
#803=ORIENTED_EDGE('',*,*,#1194,.T.);
#804=ORIENTED_EDGE('',*,*,#1195,.F.);
#805=ORIENTED_EDGE('',*,*,#1180,.T.);
#806=ORIENTED_EDGE('',*,*,#1193,.T.);
#807=ORIENTED_EDGE('',*,*,#1196,.T.);
#808=ORIENTED_EDGE('',*,*,#1183,.T.);
#809=ORIENTED_EDGE('',*,*,#1173,.T.);
#810=ORIENTED_EDGE('',*,*,#1195,.T.);
#811=ORIENTED_EDGE('',*,*,#1162,.F.);
#812=ORIENTED_EDGE('',*,*,#1164,.F.);
#813=ORIENTED_EDGE('',*,*,#1169,.F.);
#814=ORIENTED_EDGE('',*,*,#1171,.F.);
#815=ORIENTED_EDGE('',*,*,#1158,.F.);
#816=ORIENTED_EDGE('',*,*,#1194,.F.);
#817=ORIENTED_EDGE('',*,*,#1192,.F.);
#818=ORIENTED_EDGE('',*,*,#1190,.F.);
#819=ORIENTED_EDGE('',*,*,#1188,.F.);
#820=ORIENTED_EDGE('',*,*,#1186,.F.);
#821=ORIENTED_EDGE('',*,*,#1184,.F.);
#822=ORIENTED_EDGE('',*,*,#1181,.F.);
#823=ORIENTED_EDGE('',*,*,#1196,.F.);
#824=ORIENTED_EDGE('',*,*,#1197,.F.);
#825=ORIENTED_EDGE('',*,*,#1198,.T.);
#826=ORIENTED_EDGE('',*,*,#1199,.T.);
#827=ORIENTED_EDGE('',*,*,#1200,.F.);
#828=ORIENTED_EDGE('',*,*,#1201,.F.);
#829=ORIENTED_EDGE('',*,*,#1202,.T.);
#830=ORIENTED_EDGE('',*,*,#1197,.T.);
#831=ORIENTED_EDGE('',*,*,#1203,.F.);
#832=ORIENTED_EDGE('',*,*,#1204,.F.);
#833=ORIENTED_EDGE('',*,*,#1205,.T.);
#834=ORIENTED_EDGE('',*,*,#1201,.T.);
#835=ORIENTED_EDGE('',*,*,#1206,.F.);
#836=ORIENTED_EDGE('',*,*,#1207,.F.);
#837=ORIENTED_EDGE('',*,*,#1208,.T.);
#838=ORIENTED_EDGE('',*,*,#1204,.T.);
#839=ORIENTED_EDGE('',*,*,#1209,.F.);
#840=ORIENTED_EDGE('',*,*,#1210,.F.);
#841=ORIENTED_EDGE('',*,*,#1211,.T.);
#842=ORIENTED_EDGE('',*,*,#1207,.T.);
#843=ORIENTED_EDGE('',*,*,#1212,.F.);
#844=ORIENTED_EDGE('',*,*,#1199,.F.);
#845=ORIENTED_EDGE('',*,*,#1213,.T.);
#846=ORIENTED_EDGE('',*,*,#1210,.T.);
#847=ORIENTED_EDGE('',*,*,#1214,.F.);
#848=ORIENTED_EDGE('',*,*,#1198,.F.);
#849=ORIENTED_EDGE('',*,*,#1202,.F.);
#850=ORIENTED_EDGE('',*,*,#1205,.F.);
#851=ORIENTED_EDGE('',*,*,#1208,.F.);
#852=ORIENTED_EDGE('',*,*,#1211,.F.);
#853=ORIENTED_EDGE('',*,*,#1213,.F.);
#854=ORIENTED_EDGE('',*,*,#1215,.F.);
#855=ORIENTED_EDGE('',*,*,#1216,.T.);
#856=ORIENTED_EDGE('',*,*,#1217,.T.);
#857=ORIENTED_EDGE('',*,*,#1218,.F.);
#858=ORIENTED_EDGE('',*,*,#1219,.F.);
#859=ORIENTED_EDGE('',*,*,#1220,.T.);
#860=ORIENTED_EDGE('',*,*,#1215,.T.);
#861=ORIENTED_EDGE('',*,*,#1221,.F.);
#862=ORIENTED_EDGE('',*,*,#1222,.F.);
#863=ORIENTED_EDGE('',*,*,#1223,.T.);
#864=ORIENTED_EDGE('',*,*,#1219,.T.);
#865=ORIENTED_EDGE('',*,*,#1224,.F.);
#866=ORIENTED_EDGE('',*,*,#1225,.F.);
#867=ORIENTED_EDGE('',*,*,#1226,.T.);
#868=ORIENTED_EDGE('',*,*,#1222,.T.);
#869=ORIENTED_EDGE('',*,*,#1227,.F.);
#870=ORIENTED_EDGE('',*,*,#1228,.F.);
#871=ORIENTED_EDGE('',*,*,#1229,.T.);
#872=ORIENTED_EDGE('',*,*,#1225,.T.);
#873=ORIENTED_EDGE('',*,*,#1230,.F.);
#874=ORIENTED_EDGE('',*,*,#1217,.F.);
#875=ORIENTED_EDGE('',*,*,#1231,.T.);
#876=ORIENTED_EDGE('',*,*,#1228,.T.);
#877=ORIENTED_EDGE('',*,*,#1232,.F.);
#878=ORIENTED_EDGE('',*,*,#1216,.F.);
#879=ORIENTED_EDGE('',*,*,#1220,.F.);
#880=ORIENTED_EDGE('',*,*,#1223,.F.);
#881=ORIENTED_EDGE('',*,*,#1226,.F.);
#882=ORIENTED_EDGE('',*,*,#1229,.F.);
#883=ORIENTED_EDGE('',*,*,#1231,.F.);
#884=ORIENTED_EDGE('',*,*,#1233,.T.);
#885=ORIENTED_EDGE('',*,*,#1234,.F.);
#886=ORIENTED_EDGE('',*,*,#1235,.T.);
#887=ORIENTED_EDGE('',*,*,#1236,.F.);
#888=ORIENTED_EDGE('',*,*,#1234,.T.);
#889=ORIENTED_EDGE('',*,*,#1237,.T.);
#890=ORIENTED_EDGE('',*,*,#1236,.T.);
#891=ORIENTED_EDGE('',*,*,#1238,.T.);
#892=ORIENTED_EDGE('',*,*,#1218,.T.);
#893=ORIENTED_EDGE('',*,*,#1232,.T.);
#894=ORIENTED_EDGE('',*,*,#1230,.T.);
#895=ORIENTED_EDGE('',*,*,#1227,.T.);
#896=ORIENTED_EDGE('',*,*,#1224,.T.);
#897=ORIENTED_EDGE('',*,*,#1221,.T.);
#898=ORIENTED_EDGE('',*,*,#1200,.T.);
#899=ORIENTED_EDGE('',*,*,#1214,.T.);
#900=ORIENTED_EDGE('',*,*,#1212,.T.);
#901=ORIENTED_EDGE('',*,*,#1209,.T.);
#902=ORIENTED_EDGE('',*,*,#1206,.T.);
#903=ORIENTED_EDGE('',*,*,#1203,.T.);
#904=ORIENTED_EDGE('',*,*,#1239,.T.);
#905=ORIENTED_EDGE('',*,*,#1240,.T.);
#906=ORIENTED_EDGE('',*,*,#1241,.T.);
#907=ORIENTED_EDGE('',*,*,#1242,.T.);
#908=ORIENTED_EDGE('',*,*,#1243,.T.);
#909=ORIENTED_EDGE('',*,*,#1244,.T.);
#910=ORIENTED_EDGE('',*,*,#1245,.T.);
#911=ORIENTED_EDGE('',*,*,#1246,.T.);
#912=ORIENTED_EDGE('',*,*,#1247,.T.);
#913=ORIENTED_EDGE('',*,*,#1248,.F.);
#914=ORIENTED_EDGE('',*,*,#1249,.F.);
#915=ORIENTED_EDGE('',*,*,#1235,.F.);
#916=ORIENTED_EDGE('',*,*,#1238,.F.);
#917=ORIENTED_EDGE('',*,*,#1237,.F.);
#918=ORIENTED_EDGE('',*,*,#1233,.F.);
#919=ORIENTED_EDGE('',*,*,#1250,.F.);
#920=ORIENTED_EDGE('',*,*,#1251,.F.);
#921=ORIENTED_EDGE('',*,*,#1252,.F.);
#922=ORIENTED_EDGE('',*,*,#1253,.F.);
#923=ORIENTED_EDGE('',*,*,#1254,.F.);
#924=ORIENTED_EDGE('',*,*,#1255,.F.);
#925=ORIENTED_EDGE('',*,*,#1256,.F.);
#926=ORIENTED_EDGE('',*,*,#1257,.F.);
#927=ORIENTED_EDGE('',*,*,#1258,.F.);
#928=ORIENTED_EDGE('',*,*,#1259,.F.);
#929=ORIENTED_EDGE('',*,*,#1260,.F.);
#930=ORIENTED_EDGE('',*,*,#1261,.F.);
#931=ORIENTED_EDGE('',*,*,#1262,.F.);
#932=ORIENTED_EDGE('',*,*,#1263,.T.);
#933=ORIENTED_EDGE('',*,*,#1264,.T.);
#934=ORIENTED_EDGE('',*,*,#1246,.F.);
#935=ORIENTED_EDGE('',*,*,#1265,.F.);
#936=ORIENTED_EDGE('',*,*,#1266,.T.);
#937=ORIENTED_EDGE('',*,*,#1262,.T.);
#938=ORIENTED_EDGE('',*,*,#1245,.F.);
#939=ORIENTED_EDGE('',*,*,#1267,.F.);
#940=ORIENTED_EDGE('',*,*,#1268,.T.);
#941=ORIENTED_EDGE('',*,*,#1265,.T.);
#942=ORIENTED_EDGE('',*,*,#1244,.F.);
#943=ORIENTED_EDGE('',*,*,#1269,.F.);
#944=ORIENTED_EDGE('',*,*,#1270,.T.);
#945=ORIENTED_EDGE('',*,*,#1267,.T.);
#946=ORIENTED_EDGE('',*,*,#1243,.F.);
#947=ORIENTED_EDGE('',*,*,#1271,.F.);
#948=ORIENTED_EDGE('',*,*,#1272,.T.);
#949=ORIENTED_EDGE('',*,*,#1269,.T.);
#950=ORIENTED_EDGE('',*,*,#1242,.F.);
#951=ORIENTED_EDGE('',*,*,#1273,.F.);
#952=ORIENTED_EDGE('',*,*,#1274,.T.);
#953=ORIENTED_EDGE('',*,*,#1271,.T.);
#954=ORIENTED_EDGE('',*,*,#1241,.F.);
#955=ORIENTED_EDGE('',*,*,#1275,.F.);
#956=ORIENTED_EDGE('',*,*,#1276,.T.);
#957=ORIENTED_EDGE('',*,*,#1273,.T.);
#958=ORIENTED_EDGE('',*,*,#1240,.F.);
#959=ORIENTED_EDGE('',*,*,#1264,.F.);
#960=ORIENTED_EDGE('',*,*,#1277,.T.);
#961=ORIENTED_EDGE('',*,*,#1275,.T.);
#962=ORIENTED_EDGE('',*,*,#1239,.F.);
#963=ORIENTED_EDGE('',*,*,#1263,.F.);
#964=ORIENTED_EDGE('',*,*,#1266,.F.);
#965=ORIENTED_EDGE('',*,*,#1268,.F.);
#966=ORIENTED_EDGE('',*,*,#1270,.F.);
#967=ORIENTED_EDGE('',*,*,#1272,.F.);
#968=ORIENTED_EDGE('',*,*,#1274,.F.);
#969=ORIENTED_EDGE('',*,*,#1276,.F.);
#970=ORIENTED_EDGE('',*,*,#1277,.F.);
#971=ORIENTED_EDGE('',*,*,#1278,.T.);
#972=ORIENTED_EDGE('',*,*,#1279,.F.);
#973=ORIENTED_EDGE('',*,*,#1280,.F.);
#974=ORIENTED_EDGE('',*,*,#1281,.F.);
#975=ORIENTED_EDGE('',*,*,#1282,.T.);
#976=ORIENTED_EDGE('',*,*,#1281,.T.);
#977=ORIENTED_EDGE('',*,*,#1283,.F.);
#978=ORIENTED_EDGE('',*,*,#1279,.T.);
#979=ORIENTED_EDGE('',*,*,#1278,.F.);
#980=ORIENTED_EDGE('',*,*,#1282,.F.);
#981=ORIENTED_EDGE('',*,*,#1284,.F.);
#982=ORIENTED_EDGE('',*,*,#1283,.T.);
#983=ORIENTED_EDGE('',*,*,#1280,.T.);
#984=ORIENTED_EDGE('',*,*,#1285,.T.);
#985=ORIENTED_EDGE('',*,*,#1286,.F.);
#986=ORIENTED_EDGE('',*,*,#1287,.F.);
#987=ORIENTED_EDGE('',*,*,#1288,.F.);
#988=ORIENTED_EDGE('',*,*,#1289,.T.);
#989=ORIENTED_EDGE('',*,*,#1288,.T.);
#990=ORIENTED_EDGE('',*,*,#1290,.F.);
#991=ORIENTED_EDGE('',*,*,#1286,.T.);
#992=ORIENTED_EDGE('',*,*,#1285,.F.);
#993=ORIENTED_EDGE('',*,*,#1289,.F.);
#994=ORIENTED_EDGE('',*,*,#1291,.F.);
#995=ORIENTED_EDGE('',*,*,#1290,.T.);
#996=ORIENTED_EDGE('',*,*,#1287,.T.);
#997=ORIENTED_EDGE('',*,*,#1292,.T.);
#998=ORIENTED_EDGE('',*,*,#1293,.F.);
#999=ORIENTED_EDGE('',*,*,#1294,.F.);
#1000=ORIENTED_EDGE('',*,*,#1295,.F.);
#1001=ORIENTED_EDGE('',*,*,#1296,.T.);
#1002=ORIENTED_EDGE('',*,*,#1295,.T.);
#1003=ORIENTED_EDGE('',*,*,#1297,.F.);
#1004=ORIENTED_EDGE('',*,*,#1293,.T.);
#1005=ORIENTED_EDGE('',*,*,#1292,.F.);
#1006=ORIENTED_EDGE('',*,*,#1296,.F.);
#1007=ORIENTED_EDGE('',*,*,#1298,.T.);
#1008=ORIENTED_EDGE('',*,*,#1297,.T.);
#1009=ORIENTED_EDGE('',*,*,#1294,.T.);
#1010=EDGE_CURVE('',#1299,#1300,#1504,.F.);
#1011=EDGE_CURVE('',#1301,#1300,#1505,.F.);
#1012=EDGE_CURVE('',#1302,#1301,#475,.T.);
#1013=EDGE_CURVE('',#1299,#1302,#1506,.F.);
#1014=EDGE_CURVE('',#1303,#1304,#1507,.F.);
#1015=EDGE_CURVE('',#1305,#1304,#1508,.F.);
#1016=EDGE_CURVE('',#1306,#1305,#476,.T.);
#1017=EDGE_CURVE('',#1306,#1303,#1509,.T.);
#1018=EDGE_CURVE('',#1300,#1299,#1510,.F.);
#1019=EDGE_CURVE('',#1301,#1302,#477,.T.);
#1020=EDGE_CURVE('',#1304,#1303,#1511,.F.);
#1021=EDGE_CURVE('',#1305,#1306,#478,.T.);
#1022=EDGE_CURVE('',#1307,#1308,#156,.T.);
#1023=EDGE_CURVE('',#1308,#1309,#157,.T.);
#1024=EDGE_CURVE('',#1310,#1309,#158,.T.);
#1025=EDGE_CURVE('',#1307,#1310,#159,.T.);
#1026=EDGE_CURVE('',#1311,#1312,#160,.T.);
#1027=EDGE_CURVE('',#1311,#1313,#161,.T.);
#1028=EDGE_CURVE('',#1313,#1314,#162,.T.);
#1029=EDGE_CURVE('',#1312,#1314,#163,.T.);
#1030=EDGE_CURVE('',#1307,#1314,#164,.T.);
#1031=EDGE_CURVE('',#1308,#1313,#165,.T.);
#1032=EDGE_CURVE('',#1315,#1316,#479,.T.);
#1033=EDGE_CURVE('',#1310,#1315,#54,.T.);
#1034=EDGE_CURVE('',#1309,#1311,#55,.T.);
#1035=EDGE_CURVE('',#1316,#1312,#56,.T.);
#1036=EDGE_CURVE('',#1317,#1317,#57,.T.);
#1037=EDGE_CURVE('',#1318,#1318,#58,.T.);
#1038=EDGE_CURVE('',#1319,#1319,#59,.T.);
#1039=EDGE_CURVE('',#1320,#1320,#60,.T.);
#1040=EDGE_CURVE('',#1321,#1322,#1512,.F.);
#1041=EDGE_CURVE('',#1323,#1322,#1513,.F.);
#1042=EDGE_CURVE('',#1324,#1323,#1514,.T.);
#1043=EDGE_CURVE('',#1321,#1324,#1515,.F.);
#1044=EDGE_CURVE('',#1322,#1321,#1516,.F.);
#1045=EDGE_CURVE('',#1323,#1324,#1517,.T.);
#1046=EDGE_CURVE('',#1325,#1325,#61,.T.);
#1047=EDGE_CURVE('',#1326,#1327,#1518,.F.);
#1048=EDGE_CURVE('',#1327,#1328,#1519,.T.);
#1049=EDGE_CURVE('',#1329,#1328,#1520,.T.);
#1050=EDGE_CURVE('',#1329,#1326,#1521,.T.);
#1051=EDGE_CURVE('',#1327,#1326,#1522,.F.);
#1052=EDGE_CURVE('',#1328,#1329,#1523,.T.);
#1053=EDGE_CURVE('',#1330,#1330,#62,.T.);
#1054=EDGE_CURVE('',#1331,#1332,#1524,.F.);
#1055=EDGE_CURVE('',#1333,#1332,#1525,.F.);
#1056=EDGE_CURVE('',#1334,#1333,#1526,.T.);
#1057=EDGE_CURVE('',#1331,#1334,#1527,.F.);
#1058=EDGE_CURVE('',#1332,#1331,#1528,.F.);
#1059=EDGE_CURVE('',#1333,#1334,#1529,.T.);
#1060=EDGE_CURVE('',#1335,#1335,#63,.T.);
#1061=EDGE_CURVE('',#1336,#1337,#1530,.F.);
#1062=EDGE_CURVE('',#1338,#1337,#1531,.F.);
#1063=EDGE_CURVE('',#1339,#1338,#1532,.T.);
#1064=EDGE_CURVE('',#1336,#1339,#1533,.F.);
#1065=EDGE_CURVE('',#1337,#1336,#1534,.F.);
#1066=EDGE_CURVE('',#1338,#1339,#1535,.T.);
#1067=EDGE_CURVE('',#1340,#1340,#64,.T.);
#1068=EDGE_CURVE('',#1341,#1342,#166,.T.);
#1069=EDGE_CURVE('',#1343,#1342,#167,.T.);
#1070=EDGE_CURVE('',#1343,#1344,#168,.T.);
#1071=EDGE_CURVE('',#1341,#1344,#169,.T.);
#1072=EDGE_CURVE('',#1345,#1346,#170,.T.);
#1073=EDGE_CURVE('',#1342,#1346,#171,.T.);
#1074=EDGE_CURVE('',#1345,#1341,#172,.T.);
#1075=EDGE_CURVE('',#1347,#1348,#173,.T.);
#1076=EDGE_CURVE('',#1346,#1348,#174,.T.);
#1077=EDGE_CURVE('',#1347,#1345,#175,.T.);
#1078=EDGE_CURVE('',#1349,#1350,#176,.T.);
#1079=EDGE_CURVE('',#1351,#1350,#177,.T.);
#1080=EDGE_CURVE('',#1351,#1352,#178,.T.);
#1081=EDGE_CURVE('',#1349,#1352,#179,.T.);
#1082=EDGE_CURVE('',#1353,#1354,#180,.T.);
#1083=EDGE_CURVE('',#1350,#1354,#181,.T.);
#1084=EDGE_CURVE('',#1353,#1349,#182,.T.);
#1085=EDGE_CURVE('',#1355,#1356,#183,.T.);
#1086=EDGE_CURVE('',#1357,#1356,#184,.T.);
#1087=EDGE_CURVE('',#1357,#1358,#185,.T.);
#1088=EDGE_CURVE('',#1355,#1358,#186,.T.);
#1089=EDGE_CURVE('',#1359,#1360,#187,.T.);
#1090=EDGE_CURVE('',#1358,#1360,#65,.T.);
#1091=EDGE_CURVE('',#1359,#1357,#66,.T.);
#1092=EDGE_CURVE('',#1361,#1359,#188,.T.);
#1093=EDGE_CURVE('',#1361,#1362,#189,.T.);
#1094=EDGE_CURVE('',#1360,#1362,#190,.T.);
#1095=EDGE_CURVE('',#1363,#1361,#67,.T.);
#1096=EDGE_CURVE('',#1363,#1364,#191,.T.);
#1097=EDGE_CURVE('',#1365,#1364,#68,.T.);
#1098=EDGE_CURVE('',#1365,#1366,#192,.T.);
#1099=EDGE_CURVE('',#1354,#1366,#69,.T.);
#1100=EDGE_CURVE('',#1362,#1353,#70,.T.);
#1101=EDGE_CURVE('',#1367,#1368,#193,.T.);
#1102=EDGE_CURVE('',#1366,#1368,#194,.T.);
#1103=EDGE_CURVE('',#1367,#1365,#195,.T.);
#1104=EDGE_CURVE('',#1369,#1370,#196,.T.);
#1105=EDGE_CURVE('',#1368,#1370,#197,.T.);
#1106=EDGE_CURVE('',#1369,#1367,#198,.T.);
#1107=EDGE_CURVE('',#1371,#1372,#199,.T.);
#1108=EDGE_CURVE('',#1370,#1372,#200,.T.);
#1109=EDGE_CURVE('',#1371,#1369,#201,.T.);
#1110=EDGE_CURVE('',#1373,#1374,#202,.T.);
#1111=EDGE_CURVE('',#1375,#1374,#203,.T.);
#1112=EDGE_CURVE('',#1375,#1376,#204,.T.);
#1113=EDGE_CURVE('',#1373,#1376,#205,.T.);
#1114=EDGE_CURVE('',#1377,#1375,#71,.T.);
#1115=EDGE_CURVE('',#1377,#1378,#206,.T.);
#1116=EDGE_CURVE('',#1344,#1378,#72,.T.);
#1117=EDGE_CURVE('',#1372,#1343,#73,.T.);
#1118=EDGE_CURVE('',#1376,#1371,#74,.T.);
#1119=EDGE_CURVE('',#1379,#1377,#207,.T.);
#1120=EDGE_CURVE('',#1379,#1380,#208,.T.);
#1121=EDGE_CURVE('',#1378,#1380,#209,.T.);
#1122=EDGE_CURVE('',#1381,#1382,#210,.T.);
#1123=EDGE_CURVE('',#1380,#1381,#75,.T.);
#1124=EDGE_CURVE('',#1382,#1379,#76,.T.);
#1125=EDGE_CURVE('',#1383,#1382,#211,.T.);
#1126=EDGE_CURVE('',#1383,#1384,#212,.T.);
#1127=EDGE_CURVE('',#1381,#1384,#213,.T.);
#1128=EDGE_CURVE('',#1356,#1383,#77,.T.);
#1129=EDGE_CURVE('',#1385,#1355,#78,.T.);
#1130=EDGE_CURVE('',#1385,#1386,#214,.T.);
#1131=EDGE_CURVE('',#1348,#1386,#79,.T.);
#1132=EDGE_CURVE('',#1384,#1347,#80,.T.);
#1133=EDGE_CURVE('',#1386,#1351,#215,.T.);
#1134=EDGE_CURVE('',#1352,#1385,#216,.T.);
#1135=EDGE_CURVE('',#1364,#1387,#217,.T.);
#1136=EDGE_CURVE('',#1387,#1373,#81,.T.);
#1137=EDGE_CURVE('',#1388,#1363,#218,.T.);
#1138=EDGE_CURVE('',#1388,#1387,#219,.T.);
#1139=EDGE_CURVE('',#1374,#1388,#82,.T.);
#1140=EDGE_CURVE('',#1389,#1389,#83,.T.);
#1141=EDGE_CURVE('',#1390,#1391,#220,.T.);
#1142=EDGE_CURVE('',#1392,#1391,#221,.T.);
#1143=EDGE_CURVE('',#1393,#1392,#222,.T.);
#1144=EDGE_CURVE('',#1393,#1390,#223,.T.);
#1145=EDGE_CURVE('',#1394,#1392,#84,.T.);
#1146=EDGE_CURVE('',#1395,#1394,#224,.T.);
#1147=EDGE_CURVE('',#1395,#1393,#225,.T.);
#1148=EDGE_CURVE('',#1396,#1397,#226,.T.);
#1149=EDGE_CURVE('',#1397,#1395,#227,.T.);
#1150=EDGE_CURVE('',#1396,#1394,#228,.T.);
#1151=EDGE_CURVE('',#1398,#1398,#85,.T.);
#1152=EDGE_CURVE('',#1390,#1397,#229,.T.);
#1153=EDGE_CURVE('',#1399,#1399,#1536,.T.);
#1154=EDGE_CURVE('',#1400,#1400,#86,.T.);
#1155=EDGE_CURVE('',#1401,#1402,#480,.T.);
#1156=EDGE_CURVE('',#1402,#1396,#87,.T.);
#1157=EDGE_CURVE('',#1391,#1401,#88,.T.);
#1158=EDGE_CURVE('',#1403,#1403,#89,.T.);
#1159=EDGE_CURVE('',#1404,#1405,#230,.T.);
#1160=EDGE_CURVE('',#1406,#1405,#90,.T.);
#1161=EDGE_CURVE('',#1406,#1407,#231,.T.);
#1162=EDGE_CURVE('',#1407,#1404,#91,.T.);
#1163=EDGE_CURVE('',#1406,#1405,#92,.T.);
#1164=EDGE_CURVE('',#1404,#1407,#93,.T.);
#1165=EDGE_CURVE('',#1408,#1408,#94,.T.);
#1166=EDGE_CURVE('',#1409,#1410,#232,.T.);
#1167=EDGE_CURVE('',#1411,#1410,#95,.T.);
#1168=EDGE_CURVE('',#1411,#1412,#233,.T.);
#1169=EDGE_CURVE('',#1412,#1409,#96,.T.);
#1170=EDGE_CURVE('',#1411,#1410,#97,.T.);
#1171=EDGE_CURVE('',#1409,#1412,#98,.T.);
#1172=EDGE_CURVE('',#1413,#1413,#99,.T.);
#1173=EDGE_CURVE('',#1414,#1415,#234,.T.);
#1174=EDGE_CURVE('',#1416,#1414,#100,.T.);
#1175=EDGE_CURVE('',#1417,#1416,#235,.T.);
#1176=EDGE_CURVE('',#1418,#1417,#101,.T.);
#1177=EDGE_CURVE('',#1419,#1418,#236,.T.);
#1178=EDGE_CURVE('',#1420,#1419,#102,.T.);
#1179=EDGE_CURVE('',#1421,#1420,#237,.T.);
#1180=EDGE_CURVE('',#1415,#1421,#103,.T.);
#1181=EDGE_CURVE('',#1422,#1423,#104,.T.);
#1182=EDGE_CURVE('',#1416,#1423,#238,.T.);
#1183=EDGE_CURVE('',#1422,#1414,#239,.T.);
#1184=EDGE_CURVE('',#1423,#1424,#240,.T.);
#1185=EDGE_CURVE('',#1417,#1424,#241,.T.);
#1186=EDGE_CURVE('',#1424,#1425,#105,.T.);
#1187=EDGE_CURVE('',#1418,#1425,#242,.T.);
#1188=EDGE_CURVE('',#1425,#1426,#243,.T.);
#1189=EDGE_CURVE('',#1419,#1426,#244,.T.);
#1190=EDGE_CURVE('',#1426,#1427,#106,.T.);
#1191=EDGE_CURVE('',#1420,#1427,#245,.T.);
#1192=EDGE_CURVE('',#1427,#1428,#246,.T.);
#1193=EDGE_CURVE('',#1421,#1428,#247,.T.);
#1194=EDGE_CURVE('',#1428,#1429,#107,.T.);
#1195=EDGE_CURVE('',#1415,#1429,#248,.T.);
#1196=EDGE_CURVE('',#1429,#1422,#249,.T.);
#1197=EDGE_CURVE('',#1430,#1431,#250,.T.);
#1198=EDGE_CURVE('',#1430,#1432,#251,.T.);
#1199=EDGE_CURVE('',#1432,#1433,#252,.T.);
#1200=EDGE_CURVE('',#1431,#1433,#253,.T.);
#1201=EDGE_CURVE('',#1434,#1435,#254,.T.);
#1202=EDGE_CURVE('',#1434,#1430,#1537,.T.);
#1203=EDGE_CURVE('',#1435,#1431,#1538,.T.);
#1204=EDGE_CURVE('',#1436,#1437,#255,.T.);
#1205=EDGE_CURVE('',#1436,#1434,#1539,.T.);
#1206=EDGE_CURVE('',#1437,#1435,#1540,.T.);
#1207=EDGE_CURVE('',#1438,#1439,#256,.T.);
#1208=EDGE_CURVE('',#1438,#1436,#1541,.T.);
#1209=EDGE_CURVE('',#1439,#1437,#1542,.T.);
#1210=EDGE_CURVE('',#1440,#1441,#257,.T.);
#1211=EDGE_CURVE('',#1440,#1438,#258,.T.);
#1212=EDGE_CURVE('',#1441,#1439,#259,.T.);
#1213=EDGE_CURVE('',#1432,#1440,#1543,.F.);
#1214=EDGE_CURVE('',#1433,#1441,#1544,.T.);
#1215=EDGE_CURVE('',#1442,#1443,#260,.T.);
#1216=EDGE_CURVE('',#1442,#1444,#1545,.T.);
#1217=EDGE_CURVE('',#1444,#1445,#261,.T.);
#1218=EDGE_CURVE('',#1443,#1445,#1546,.T.);
#1219=EDGE_CURVE('',#1446,#1447,#262,.T.);
#1220=EDGE_CURVE('',#1446,#1442,#1547,.T.);
#1221=EDGE_CURVE('',#1447,#1443,#1548,.T.);
#1222=EDGE_CURVE('',#1448,#1449,#263,.T.);
#1223=EDGE_CURVE('',#1448,#1446,#1549,.T.);
#1224=EDGE_CURVE('',#1449,#1447,#1550,.T.);
#1225=EDGE_CURVE('',#1450,#1451,#264,.T.);
#1226=EDGE_CURVE('',#1450,#1448,#1551,.T.);
#1227=EDGE_CURVE('',#1451,#1449,#1552,.T.);
#1228=EDGE_CURVE('',#1452,#1453,#265,.T.);
#1229=EDGE_CURVE('',#1452,#1450,#1553,.T.);
#1230=EDGE_CURVE('',#1453,#1451,#1554,.T.);
#1231=EDGE_CURVE('',#1444,#1452,#266,.T.);
#1232=EDGE_CURVE('',#1445,#1453,#267,.T.);
#1233=EDGE_CURVE('',#1454,#1455,#108,.T.);
#1234=EDGE_CURVE('',#1456,#1455,#268,.T.);
#1235=EDGE_CURVE('',#1456,#1457,#109,.T.);
#1236=EDGE_CURVE('',#1454,#1457,#269,.T.);
#1237=EDGE_CURVE('',#1455,#1454,#110,.T.);
#1238=EDGE_CURVE('',#1457,#1456,#111,.T.);
#1239=EDGE_CURVE('',#1458,#1459,#112,.T.);
#1240=EDGE_CURVE('',#1459,#1460,#1555,.T.);
#1241=EDGE_CURVE('',#1460,#1461,#1556,.T.);
#1242=EDGE_CURVE('',#1461,#1462,#1557,.T.);
#1243=EDGE_CURVE('',#1462,#1463,#1558,.T.);
#1244=EDGE_CURVE('',#1463,#1464,#270,.T.);
#1245=EDGE_CURVE('',#1464,#1465,#1559,.T.);
#1246=EDGE_CURVE('',#1465,#1458,#271,.T.);
#1247=EDGE_CURVE('',#1466,#1466,#113,.T.);
#1248=EDGE_CURVE('',#1467,#1467,#114,.T.);
#1249=EDGE_CURVE('',#1468,#1468,#115,.T.);
#1250=EDGE_CURVE('',#1469,#1470,#272,.T.);
#1251=EDGE_CURVE('',#1471,#1469,#273,.T.);
#1252=EDGE_CURVE('',#1472,#1471,#274,.T.);
#1253=EDGE_CURVE('',#1473,#1472,#481,.T.);
#1254=EDGE_CURVE('',#1474,#1473,#275,.T.);
#1255=EDGE_CURVE('',#1475,#1474,#276,.T.);
#1256=EDGE_CURVE('',#1476,#1475,#277,.T.);
#1257=EDGE_CURVE('',#1477,#1476,#116,.T.);
#1258=EDGE_CURVE('',#1478,#1477,#278,.T.);
#1259=EDGE_CURVE('',#1479,#1478,#279,.T.);
#1260=EDGE_CURVE('',#1480,#1479,#280,.T.);
#1261=EDGE_CURVE('',#1470,#1480,#117,.T.);
#1262=EDGE_CURVE('',#1481,#1465,#281,.T.);
#1263=EDGE_CURVE('',#1481,#1482,#282,.T.);
#1264=EDGE_CURVE('',#1482,#1458,#283,.F.);
#1265=EDGE_CURVE('',#1483,#1464,#284,.T.);
#1266=EDGE_CURVE('',#1483,#1481,#1560,.T.);
#1267=EDGE_CURVE('',#1484,#1463,#285,.T.);
#1268=EDGE_CURVE('',#1484,#1483,#286,.T.);
#1269=EDGE_CURVE('',#1485,#1462,#287,.T.);
#1270=EDGE_CURVE('',#1485,#1484,#1561,.T.);
#1271=EDGE_CURVE('',#1486,#1461,#288,.T.);
#1272=EDGE_CURVE('',#1486,#1485,#1562,.T.);
#1273=EDGE_CURVE('',#1487,#1460,#289,.T.);
#1274=EDGE_CURVE('',#1487,#1486,#1563,.T.);
#1275=EDGE_CURVE('',#1488,#1459,#1564,.T.);
#1276=EDGE_CURVE('',#1488,#1487,#1565,.T.);
#1277=EDGE_CURVE('',#1482,#1488,#118,.T.);
#1278=EDGE_CURVE('',#1489,#1490,#119,.T.);
#1279=EDGE_CURVE('',#1491,#1490,#1566,.F.);
#1280=EDGE_CURVE('',#1492,#1491,#1567,.T.);
#1281=EDGE_CURVE('',#1489,#1492,#1568,.F.);
#1282=EDGE_CURVE('',#1490,#1489,#120,.T.);
#1283=EDGE_CURVE('',#1491,#1492,#1569,.T.);
#1284=EDGE_CURVE('',#1493,#1493,#121,.F.);
#1285=EDGE_CURVE('',#1494,#1495,#122,.T.);
#1286=EDGE_CURVE('',#1496,#1495,#1570,.F.);
#1287=EDGE_CURVE('',#1497,#1496,#1571,.T.);
#1288=EDGE_CURVE('',#1494,#1497,#1572,.F.);
#1289=EDGE_CURVE('',#1495,#1494,#123,.T.);
#1290=EDGE_CURVE('',#1496,#1497,#1573,.T.);
#1291=EDGE_CURVE('',#1498,#1498,#124,.F.);
#1292=EDGE_CURVE('',#1499,#1500,#125,.T.);
#1293=EDGE_CURVE('',#1501,#1500,#1574,.F.);
#1294=EDGE_CURVE('',#1502,#1501,#1575,.T.);
#1295=EDGE_CURVE('',#1499,#1502,#1576,.F.);
#1296=EDGE_CURVE('',#1500,#1499,#126,.T.);
#1297=EDGE_CURVE('',#1501,#1502,#1577,.T.);
#1298=EDGE_CURVE('',#1503,#1503,#127,.T.);
#1299=VERTEX_POINT('',#2833);
#1300=VERTEX_POINT('',#2834);
#1301=VERTEX_POINT('',#2839);
#1302=VERTEX_POINT('',#2841);
#1303=VERTEX_POINT('',#2854);
#1304=VERTEX_POINT('',#2855);
#1305=VERTEX_POINT('',#2860);
#1306=VERTEX_POINT('',#2862);
#1307=VERTEX_POINT('',#2888);
#1308=VERTEX_POINT('',#2889);
#1309=VERTEX_POINT('',#2891);
#1310=VERTEX_POINT('',#2893);
#1311=VERTEX_POINT('',#2897);
#1312=VERTEX_POINT('',#2898);
#1313=VERTEX_POINT('',#2900);
#1314=VERTEX_POINT('',#2902);
#1315=VERTEX_POINT('',#2909);
#1316=VERTEX_POINT('',#2910);
#1317=VERTEX_POINT('',#2917);
#1318=VERTEX_POINT('',#2919);
#1319=VERTEX_POINT('',#2921);
#1320=VERTEX_POINT('',#2923);
#1321=VERTEX_POINT('',#2931);
#1322=VERTEX_POINT('',#2932);
#1323=VERTEX_POINT('',#2937);
#1324=VERTEX_POINT('',#2945);
#1325=VERTEX_POINT('',#2966);
#1326=VERTEX_POINT('',#2976);
#1327=VERTEX_POINT('',#2977);
#1328=VERTEX_POINT('',#2982);
#1329=VERTEX_POINT('',#2988);
#1330=VERTEX_POINT('',#3009);
#1331=VERTEX_POINT('',#3017);
#1332=VERTEX_POINT('',#3018);
#1333=VERTEX_POINT('',#3023);
#1334=VERTEX_POINT('',#3031);
#1335=VERTEX_POINT('',#3052);
#1336=VERTEX_POINT('',#3060);
#1337=VERTEX_POINT('',#3061);
#1338=VERTEX_POINT('',#3066);
#1339=VERTEX_POINT('',#3074);
#1340=VERTEX_POINT('',#3095);
#1341=VERTEX_POINT('',#3099);
#1342=VERTEX_POINT('',#3100);
#1343=VERTEX_POINT('',#3102);
#1344=VERTEX_POINT('',#3104);
#1345=VERTEX_POINT('',#3108);
#1346=VERTEX_POINT('',#3109);
#1347=VERTEX_POINT('',#3114);
#1348=VERTEX_POINT('',#3115);
#1349=VERTEX_POINT('',#3120);
#1350=VERTEX_POINT('',#3121);
#1351=VERTEX_POINT('',#3123);
#1352=VERTEX_POINT('',#3125);
#1353=VERTEX_POINT('',#3129);
#1354=VERTEX_POINT('',#3130);
#1355=VERTEX_POINT('',#3135);
#1356=VERTEX_POINT('',#3136);
#1357=VERTEX_POINT('',#3138);
#1358=VERTEX_POINT('',#3140);
#1359=VERTEX_POINT('',#3144);
#1360=VERTEX_POINT('',#3145);
#1361=VERTEX_POINT('',#3150);
#1362=VERTEX_POINT('',#3152);
#1363=VERTEX_POINT('',#3156);
#1364=VERTEX_POINT('',#3158);
#1365=VERTEX_POINT('',#3160);
#1366=VERTEX_POINT('',#3162);
#1367=VERTEX_POINT('',#3167);
#1368=VERTEX_POINT('',#3168);
#1369=VERTEX_POINT('',#3173);
#1370=VERTEX_POINT('',#3174);
#1371=VERTEX_POINT('',#3179);
#1372=VERTEX_POINT('',#3180);
#1373=VERTEX_POINT('',#3185);
#1374=VERTEX_POINT('',#3186);
#1375=VERTEX_POINT('',#3188);
#1376=VERTEX_POINT('',#3190);
#1377=VERTEX_POINT('',#3194);
#1378=VERTEX_POINT('',#3196);
#1379=VERTEX_POINT('',#3202);
#1380=VERTEX_POINT('',#3204);
#1381=VERTEX_POINT('',#3208);
#1382=VERTEX_POINT('',#3209);
#1383=VERTEX_POINT('',#3214);
#1384=VERTEX_POINT('',#3216);
#1385=VERTEX_POINT('',#3221);
#1386=VERTEX_POINT('',#3223);
#1387=VERTEX_POINT('',#3232);
#1388=VERTEX_POINT('',#3237);
#1389=VERTEX_POINT('',#3243);
#1390=VERTEX_POINT('',#3246);
#1391=VERTEX_POINT('',#3247);
#1392=VERTEX_POINT('',#3249);
#1393=VERTEX_POINT('',#3251);
#1394=VERTEX_POINT('',#3255);
#1395=VERTEX_POINT('',#3257);
#1396=VERTEX_POINT('',#3261);
#1397=VERTEX_POINT('',#3262);
#1398=VERTEX_POINT('',#3267);
#1399=VERTEX_POINT('',#3281);
#1400=VERTEX_POINT('',#3285);
#1401=VERTEX_POINT('',#3287);
#1402=VERTEX_POINT('',#3288);
#1403=VERTEX_POINT('',#3293);
#1404=VERTEX_POINT('',#3296);
#1405=VERTEX_POINT('',#3297);
#1406=VERTEX_POINT('',#3299);
#1407=VERTEX_POINT('',#3301);
#1408=VERTEX_POINT('',#3308);
#1409=VERTEX_POINT('',#3311);
#1410=VERTEX_POINT('',#3312);
#1411=VERTEX_POINT('',#3314);
#1412=VERTEX_POINT('',#3316);
#1413=VERTEX_POINT('',#3323);
#1414=VERTEX_POINT('',#3326);
#1415=VERTEX_POINT('',#3327);
#1416=VERTEX_POINT('',#3329);
#1417=VERTEX_POINT('',#3331);
#1418=VERTEX_POINT('',#3333);
#1419=VERTEX_POINT('',#3335);
#1420=VERTEX_POINT('',#3337);
#1421=VERTEX_POINT('',#3339);
#1422=VERTEX_POINT('',#3343);
#1423=VERTEX_POINT('',#3344);
#1424=VERTEX_POINT('',#3349);
#1425=VERTEX_POINT('',#3353);
#1426=VERTEX_POINT('',#3357);
#1427=VERTEX_POINT('',#3361);
#1428=VERTEX_POINT('',#3365);
#1429=VERTEX_POINT('',#3369);
#1430=VERTEX_POINT('',#3377);
#1431=VERTEX_POINT('',#3378);
#1432=VERTEX_POINT('',#3380);
#1433=VERTEX_POINT('',#3382);
#1434=VERTEX_POINT('',#3405);
#1435=VERTEX_POINT('',#3406);
#1436=VERTEX_POINT('',#3438);
#1437=VERTEX_POINT('',#3439);
#1438=VERTEX_POINT('',#3465);
#1439=VERTEX_POINT('',#3466);
#1440=VERTEX_POINT('',#3487);
#1441=VERTEX_POINT('',#3488);
#1442=VERTEX_POINT('',#3583);
#1443=VERTEX_POINT('',#3584);
#1444=VERTEX_POINT('',#3602);
#1445=VERTEX_POINT('',#3604);
#1446=VERTEX_POINT('',#3647);
#1447=VERTEX_POINT('',#3648);
#1448=VERTEX_POINT('',#3738);
#1449=VERTEX_POINT('',#3739);
#1450=VERTEX_POINT('',#3839);
#1451=VERTEX_POINT('',#3840);
#1452=VERTEX_POINT('',#3894);
#1453=VERTEX_POINT('',#3895);
#1454=VERTEX_POINT('',#3924);
#1455=VERTEX_POINT('',#3925);
#1456=VERTEX_POINT('',#3927);
#1457=VERTEX_POINT('',#3929);
#1458=VERTEX_POINT('',#3936);
#1459=VERTEX_POINT('',#3937);
#1460=VERTEX_POINT('',#3941);
#1461=VERTEX_POINT('',#3974);
#1462=VERTEX_POINT('',#3982);
#1463=VERTEX_POINT('',#3992);
#1464=VERTEX_POINT('',#3994);
#1465=VERTEX_POINT('',#4004);
#1466=VERTEX_POINT('',#4007);
#1467=VERTEX_POINT('',#4009);
#1468=VERTEX_POINT('',#4011);
#1469=VERTEX_POINT('',#4014);
#1470=VERTEX_POINT('',#4015);
#1471=VERTEX_POINT('',#4017);
#1472=VERTEX_POINT('',#4019);
#1473=VERTEX_POINT('',#4021);
#1474=VERTEX_POINT('',#4023);
#1475=VERTEX_POINT('',#4025);
#1476=VERTEX_POINT('',#4027);
#1477=VERTEX_POINT('',#4029);
#1478=VERTEX_POINT('',#4031);
#1479=VERTEX_POINT('',#4033);
#1480=VERTEX_POINT('',#4035);
#1481=VERTEX_POINT('',#4039);
#1482=VERTEX_POINT('',#4041);
#1483=VERTEX_POINT('',#4092);
#1484=VERTEX_POINT('',#4104);
#1485=VERTEX_POINT('',#4133);
#1486=VERTEX_POINT('',#4168);
#1487=VERTEX_POINT('',#4211);
#1488=VERTEX_POINT('',#4256);
#1489=VERTEX_POINT('',#4266);
#1490=VERTEX_POINT('',#4267);
#1491=VERTEX_POINT('',#4273);
#1492=VERTEX_POINT('',#4281);
#1493=VERTEX_POINT('',#4299);
#1494=VERTEX_POINT('',#4303);
#1495=VERTEX_POINT('',#4304);
#1496=VERTEX_POINT('',#4310);
#1497=VERTEX_POINT('',#4318);
#1498=VERTEX_POINT('',#4336);
#1499=VERTEX_POINT('',#4340);
#1500=VERTEX_POINT('',#4341);
#1501=VERTEX_POINT('',#4347);
#1502=VERTEX_POINT('',#4355);
#1503=VERTEX_POINT('',#4373);
#1504=B_SPLINE_CURVE_WITH_KNOTS('',3,(#2826,#2827,#2828,#2829,#2830,#2831,
#2832),.UNSPECIFIED.,.F.,.F.,(4,1,1,1,4),(0.,0.25,0.5,0.75,1.),
 .UNSPECIFIED.);
#1505=B_SPLINE_CURVE_WITH_KNOTS('',3,(#2835,#2836,#2837,#2838),
 .UNSPECIFIED.,.F.,.F.,(4,4),(0.,1.),.UNSPECIFIED.);
#1506=B_SPLINE_CURVE_WITH_KNOTS('',3,(#2842,#2843,#2844,#2845),
 .UNSPECIFIED.,.F.,.F.,(4,4),(0.,1.),.UNSPECIFIED.);
#1507=B_SPLINE_CURVE_WITH_KNOTS('',3,(#2847,#2848,#2849,#2850,#2851,#2852,
#2853),.UNSPECIFIED.,.F.,.F.,(4,1,1,1,4),(0.,0.25,0.5,0.75,1.),
 .UNSPECIFIED.);
#1508=B_SPLINE_CURVE_WITH_KNOTS('',3,(#2856,#2857,#2858,#2859),
 .UNSPECIFIED.,.F.,.F.,(4,4),(0.,1.),.UNSPECIFIED.);
#1509=B_SPLINE_CURVE_WITH_KNOTS('',3,(#2863,#2864,#2865,#2866),
 .UNSPECIFIED.,.F.,.F.,(4,4),(0.,1.),.UNSPECIFIED.);
#1510=B_SPLINE_CURVE_WITH_KNOTS('',3,(#2868,#2869,#2870,#2871,#2872,#2873,
#2874),.UNSPECIFIED.,.F.,.F.,(4,1,1,1,4),(0.,0.25,0.5,0.75,1.),
 .UNSPECIFIED.);
#1511=B_SPLINE_CURVE_WITH_KNOTS('',3,(#2877,#2878,#2879,#2880,#2881,#2882,
#2883),.UNSPECIFIED.,.F.,.F.,(4,1,1,1,4),(0.,0.25,0.5,0.75,1.),
 .UNSPECIFIED.);
#1512=B_SPLINE_CURVE_WITH_KNOTS('',3,(#2926,#2927,#2928,#2929,#2930),
 .UNSPECIFIED.,.F.,.F.,(4,1,4),(0.,0.5,1.),.UNSPECIFIED.);
#1513=B_SPLINE_CURVE_WITH_KNOTS('',3,(#2933,#2934,#2935,#2936),
 .UNSPECIFIED.,.F.,.F.,(4,4),(0.,1.),.UNSPECIFIED.);
#1514=B_SPLINE_CURVE_WITH_KNOTS('',3,(#2938,#2939,#2940,#2941,#2942,#2943,
#2944),.UNSPECIFIED.,.F.,.F.,(4,1,1,1,4),(0.,0.25,0.5,0.75,1.),
 .UNSPECIFIED.);
#1515=B_SPLINE_CURVE_WITH_KNOTS('',3,(#2946,#2947,#2948,#2949),
 .UNSPECIFIED.,.F.,.F.,(4,4),(0.,1.),.UNSPECIFIED.);
#1516=B_SPLINE_CURVE_WITH_KNOTS('',3,(#2951,#2952,#2953,#2954,#2955),
 .UNSPECIFIED.,.F.,.F.,(4,1,4),(0.,0.5,1.),.UNSPECIFIED.);
#1517=B_SPLINE_CURVE_WITH_KNOTS('',3,(#2956,#2957,#2958,#2959,#2960,#2961,
#2962),.UNSPECIFIED.,.F.,.F.,(4,1,1,1,4),(0.,0.25,0.5,0.75,1.),
 .UNSPECIFIED.);
#1518=B_SPLINE_CURVE_WITH_KNOTS('',3,(#2969,#2970,#2971,#2972,#2973,#2974,
#2975),.UNSPECIFIED.,.F.,.F.,(4,1,1,1,4),(0.,0.25,0.5,0.75,1.),
 .UNSPECIFIED.);
#1519=B_SPLINE_CURVE_WITH_KNOTS('',3,(#2978,#2979,#2980,#2981),
 .UNSPECIFIED.,.F.,.F.,(4,4),(0.,1.),.UNSPECIFIED.);
#1520=B_SPLINE_CURVE_WITH_KNOTS('',3,(#2983,#2984,#2985,#2986,#2987),
 .UNSPECIFIED.,.F.,.F.,(4,1,4),(0.,0.5,1.),.UNSPECIFIED.);
#1521=B_SPLINE_CURVE_WITH_KNOTS('',3,(#2989,#2990,#2991,#2992),
 .UNSPECIFIED.,.F.,.F.,(4,4),(0.,1.),.UNSPECIFIED.);
#1522=B_SPLINE_CURVE_WITH_KNOTS('',3,(#2994,#2995,#2996,#2997,#2998,#2999,
#3000),.UNSPECIFIED.,.F.,.F.,(4,1,1,1,4),(0.,0.25,0.5,0.75,1.),
 .UNSPECIFIED.);
#1523=B_SPLINE_CURVE_WITH_KNOTS('',3,(#3001,#3002,#3003,#3004,#3005),
 .UNSPECIFIED.,.F.,.F.,(4,1,4),(0.,0.5,1.),.UNSPECIFIED.);
#1524=B_SPLINE_CURVE_WITH_KNOTS('',3,(#3012,#3013,#3014,#3015,#3016),
 .UNSPECIFIED.,.F.,.F.,(4,1,4),(0.,0.5,1.),.UNSPECIFIED.);
#1525=B_SPLINE_CURVE_WITH_KNOTS('',3,(#3019,#3020,#3021,#3022),
 .UNSPECIFIED.,.F.,.F.,(4,4),(0.,1.),.UNSPECIFIED.);
#1526=B_SPLINE_CURVE_WITH_KNOTS('',3,(#3024,#3025,#3026,#3027,#3028,#3029,
#3030),.UNSPECIFIED.,.F.,.F.,(4,1,1,1,4),(0.,0.25,0.5,0.75,1.),
 .UNSPECIFIED.);
#1527=B_SPLINE_CURVE_WITH_KNOTS('',3,(#3032,#3033,#3034,#3035),
 .UNSPECIFIED.,.F.,.F.,(4,4),(0.,1.),.UNSPECIFIED.);
#1528=B_SPLINE_CURVE_WITH_KNOTS('',3,(#3037,#3038,#3039,#3040,#3041),
 .UNSPECIFIED.,.F.,.F.,(4,1,4),(0.,0.5,1.),.UNSPECIFIED.);
#1529=B_SPLINE_CURVE_WITH_KNOTS('',3,(#3042,#3043,#3044,#3045,#3046,#3047,
#3048),.UNSPECIFIED.,.F.,.F.,(4,1,1,1,4),(0.,0.25,0.5,0.75,1.),
 .UNSPECIFIED.);
#1530=B_SPLINE_CURVE_WITH_KNOTS('',3,(#3055,#3056,#3057,#3058,#3059),
 .UNSPECIFIED.,.F.,.F.,(4,1,4),(0.,0.5,1.),.UNSPECIFIED.);
#1531=B_SPLINE_CURVE_WITH_KNOTS('',3,(#3062,#3063,#3064,#3065),
 .UNSPECIFIED.,.F.,.F.,(4,4),(0.,1.),.UNSPECIFIED.);
#1532=B_SPLINE_CURVE_WITH_KNOTS('',3,(#3067,#3068,#3069,#3070,#3071,#3072,
#3073),.UNSPECIFIED.,.F.,.F.,(4,1,1,1,4),(0.,0.25,0.5,0.75,1.),
 .UNSPECIFIED.);
#1533=B_SPLINE_CURVE_WITH_KNOTS('',3,(#3075,#3076,#3077,#3078),
 .UNSPECIFIED.,.F.,.F.,(4,4),(0.,1.),.UNSPECIFIED.);
#1534=B_SPLINE_CURVE_WITH_KNOTS('',3,(#3080,#3081,#3082,#3083,#3084),
 .UNSPECIFIED.,.F.,.F.,(4,1,4),(0.,0.5,1.),.UNSPECIFIED.);
#1535=B_SPLINE_CURVE_WITH_KNOTS('',3,(#3085,#3086,#3087,#3088,#3089,#3090,
#3091),.UNSPECIFIED.,.F.,.F.,(4,1,1,1,4),(0.,0.25,0.5,0.75,1.),
 .UNSPECIFIED.);
#1536=B_SPLINE_CURVE_WITH_KNOTS('',3,(#3270,#3271,#3272,#3273,#3274,#3275,
#3276,#3277,#3278,#3279,#3280),.UNSPECIFIED.,.T.,.F.,(1,1,1,1,1,1,1,1,1,
1,1,1,1,1,1),(-0.00269757582798862,-0.00179838388532575,-0.000899191942662874,
0.,0.000899191942662873,0.00179838388532575,0.00269757582798862,0.00359676777065149,
0.00449595971331437,0.00539515165597724,0.00629434359864011,0.00719353554130299,
0.00809272748396586,0.00899191942662873,0.00989111136929161),
 .UNSPECIFIED.);
#1537=B_SPLINE_CURVE_WITH_KNOTS('',2,(#3407,#3408,#3409,#3410,#3411,#3412,
#3413,#3414,#3415,#3416,#3417),.UNSPECIFIED.,.F.,.F.,(3,2,2,2,2,3),(-21.,
-20.,-19.,-18.,-17.,-16.),.UNSPECIFIED.);
#1538=B_SPLINE_CURVE_WITH_KNOTS('',2,(#3418,#3419,#3420,#3421,#3422,#3423,
#3424,#3425,#3426,#3427,#3428),.UNSPECIFIED.,.F.,.F.,(3,2,2,2,2,3),(-21.,
-20.,-19.,-18.,-17.,-16.),.UNSPECIFIED.);
#1539=B_SPLINE_CURVE_WITH_KNOTS('',2,(#3440,#3441,#3442,#3443,#3444),
 .UNSPECIFIED.,.F.,.F.,(3,2,3),(-23.,-22.,-21.),.UNSPECIFIED.);
#1540=B_SPLINE_CURVE_WITH_KNOTS('',2,(#3445,#3446,#3447,#3448,#3449),
 .UNSPECIFIED.,.F.,.F.,(3,2,3),(-23.,-22.,-21.),.UNSPECIFIED.);
#1541=B_SPLINE_CURVE_WITH_KNOTS('',2,(#3467,#3468,#3469,#3470,#3471,#3472,
#3473,#3474,#3475),.UNSPECIFIED.,.F.,.F.,(3,2,2,2,3),(-27.,-26.,-25.,-24.,
-23.),.UNSPECIFIED.);
#1542=B_SPLINE_CURVE_WITH_KNOTS('',2,(#3476,#3477,#3478,#3479,#3480,#3481,
#3482,#3483,#3484),.UNSPECIFIED.,.F.,.F.,(3,2,2,2,3),(-27.,-26.,-25.,-24.,
-23.),.UNSPECIFIED.);
#1543=B_SPLINE_CURVE_WITH_KNOTS('',3,(#3543,#3544,#3545,#3546,#3547,#3548,
#3549,#3550),.UNSPECIFIED.,.F.,.F.,(4,1,1,1,1,4),(0.,0.25,0.375,0.5,0.75,
1.),.UNSPECIFIED.);
#1544=B_SPLINE_CURVE_WITH_KNOTS('',3,(#3551,#3552,#3553,#3554,#3555,#3556,
#3557,#3558),.UNSPECIFIED.,.F.,.F.,(4,1,1,1,1,4),(0.,0.25,0.5,0.625,0.75,
1.),.UNSPECIFIED.);
#1545=B_SPLINE_CURVE_WITH_KNOTS('',2,(#3585,#3586,#3587,#3588,#3589,#3590,
#3591,#3592,#3593,#3594,#3595,#3596,#3597,#3598,#3599,#3600,#3601),
 .UNSPECIFIED.,.F.,.F.,(3,2,2,2,2,2,2,2,3),(-8.,-7.,-6.,-5.,-4.,-3.,-2.,
-1.,0.),.UNSPECIFIED.);
#1546=B_SPLINE_CURVE_WITH_KNOTS('',2,(#3605,#3606,#3607,#3608,#3609,#3610,
#3611,#3612,#3613,#3614,#3615,#3616,#3617,#3618,#3619,#3620,#3621),
 .UNSPECIFIED.,.F.,.F.,(3,2,2,2,2,2,2,2,3),(-8.,-7.,-6.,-5.,-4.,-3.,-2.,
-1.,0.),.UNSPECIFIED.);
#1547=B_SPLINE_CURVE_WITH_KNOTS('',2,(#3649,#3650,#3651,#3652,#3653,#3654,
#3655,#3656,#3657,#3658,#3659,#3660,#3661,#3662,#3663,#3664,#3665,#3666,
#3667,#3668,#3669,#3670,#3671,#3672,#3673,#3674,#3675,#3676,#3677),
 .UNSPECIFIED.,.F.,.F.,(3,2,2,2,2,2,2,2,2,2,2,2,2,2,3),(-22.,-21.,-20.,
-19.,-18.,-17.,-16.,-15.,-14.,-13.,-12.,-11.,-10.,-9.,-8.),
 .UNSPECIFIED.);
#1548=B_SPLINE_CURVE_WITH_KNOTS('',2,(#3678,#3679,#3680,#3681,#3682,#3683,
#3684,#3685,#3686,#3687,#3688,#3689,#3690,#3691,#3692,#3693,#3694,#3695,
#3696,#3697,#3698,#3699,#3700,#3701,#3702,#3703,#3704,#3705,#3706),
 .UNSPECIFIED.,.F.,.F.,(3,2,2,2,2,2,2,2,2,2,2,2,2,2,3),(-22.,-21.,-20.,
-19.,-18.,-17.,-16.,-15.,-14.,-13.,-12.,-11.,-10.,-9.,-8.),
 .UNSPECIFIED.);
#1549=B_SPLINE_CURVE_WITH_KNOTS('',2,(#3740,#3741,#3742,#3743,#3744,#3745,
#3746,#3747,#3748,#3749,#3750,#3751,#3752,#3753,#3754,#3755,#3756,#3757,
#3758,#3759,#3760,#3761,#3762,#3763,#3764,#3765,#3766,#3767,#3768,#3769,
#3770),.UNSPECIFIED.,.F.,.F.,(3,2,2,2,2,2,2,2,2,2,2,2,2,2,2,3),(-37.,-36.,
-35.,-34.,-33.,-32.,-31.,-30.,-29.,-28.,-27.,-26.,-25.,-24.,-23.,-22.),
 .UNSPECIFIED.);
#1550=B_SPLINE_CURVE_WITH_KNOTS('',2,(#3771,#3772,#3773,#3774,#3775,#3776,
#3777,#3778,#3779,#3780,#3781,#3782,#3783,#3784,#3785,#3786,#3787,#3788,
#3789,#3790,#3791,#3792,#3793,#3794,#3795,#3796,#3797,#3798,#3799,#3800,
#3801),.UNSPECIFIED.,.F.,.F.,(3,2,2,2,2,2,2,2,2,2,2,2,2,2,2,3),(-37.,-36.,
-35.,-34.,-33.,-32.,-31.,-30.,-29.,-28.,-27.,-26.,-25.,-24.,-23.,-22.),
 .UNSPECIFIED.);
#1551=B_SPLINE_CURVE_WITH_KNOTS('',2,(#3841,#3842,#3843,#3844,#3845,#3846,
#3847,#3848,#3849,#3850,#3851,#3852,#3853,#3854,#3855,#3856,#3857),
 .UNSPECIFIED.,.F.,.F.,(3,2,2,2,2,2,2,2,3),(-45.,-44.,-43.,-42.,-41.,-40.,
-39.,-38.,-37.),.UNSPECIFIED.);
#1552=B_SPLINE_CURVE_WITH_KNOTS('',2,(#3858,#3859,#3860,#3861,#3862,#3863,
#3864,#3865,#3866,#3867,#3868,#3869,#3870,#3871,#3872,#3873,#3874),
 .UNSPECIFIED.,.F.,.F.,(3,2,2,2,2,2,2,2,3),(-45.,-44.,-43.,-42.,-41.,-40.,
-39.,-38.,-37.),.UNSPECIFIED.);
#1553=B_SPLINE_CURVE_WITH_KNOTS('',2,(#3896,#3897,#3898,#3899,#3900,#3901,
#3902,#3903,#3904,#3905,#3906),.UNSPECIFIED.,.F.,.F.,(3,2,2,2,2,3),(-50.,
-49.,-48.,-47.,-46.,-45.),.UNSPECIFIED.);
#1554=B_SPLINE_CURVE_WITH_KNOTS('',2,(#3907,#3908,#3909,#3910,#3911,#3912,
#3913,#3914,#3915,#3916,#3917),.UNSPECIFIED.,.F.,.F.,(3,2,2,2,2,3),(-50.,
-49.,-48.,-47.,-46.,-45.),.UNSPECIFIED.);
#1555=B_SPLINE_CURVE_WITH_KNOTS('',2,(#3938,#3939,#3940),.UNSPECIFIED.,
 .F.,.F.,(3,3),(-36.,-35.),.UNSPECIFIED.);
#1556=B_SPLINE_CURVE_WITH_KNOTS('',2,(#3942,#3943,#3944,#3945,#3946,#3947,
#3948,#3949,#3950,#3951,#3952,#3953,#3954,#3955,#3956,#3957,#3958,#3959,
#3960,#3961,#3962,#3963,#3964,#3965,#3966,#3967,#3968,#3969,#3970,#3971,
#3972,#3973),.UNSPECIFIED.,.F.,.F.,(3,2,2,2,2,2,1,1,1,2,2,2,2,2,2,2,2,3),
(-35.,-34.,-33.,-32.,-31.,-30.,-29.1,-29.,-28.9,-28.,-27.,-26.,-25.,-24.,
-23.,-22.,-21.,-20.),.UNSPECIFIED.);
#1557=B_SPLINE_CURVE_WITH_KNOTS('',3,(#3975,#3976,#3977,#3978,#3979,#3980,
#3981),.UNSPECIFIED.,.F.,.F.,(4,1,1,1,4),(4.89959836019201E-13,0.000377212248799934,
0.000754424497109907,0.00113163674541988,0.00150884899372986),
 .UNSPECIFIED.);
#1558=B_SPLINE_CURVE_WITH_KNOTS('',3,(#3983,#3984,#3985,#3986,#3987,#3988,
#3989,#3990,#3991),.UNSPECIFIED.,.F.,.F.,(4,1,1,1,1,1,4),(0.,0.000330545612627857,
0.000661091225255713,0.000826364031569641,0.00099163683788357,0.0011569096441975,
0.00132218245051143),.UNSPECIFIED.);
#1559=B_SPLINE_CURVE_WITH_KNOTS('',2,(#3995,#3996,#3997,#3998,#3999,#4000,
#4001,#4002,#4003),.UNSPECIFIED.,.F.,.F.,(3,2,2,2,3),(-5.,-4.,-3.,-2.,-1.),
 .UNSPECIFIED.);
#1560=B_SPLINE_CURVE_WITH_KNOTS('',2,(#4093,#4094,#4095,#4096,#4097,#4098,
#4099,#4100,#4101),.UNSPECIFIED.,.F.,.F.,(3,2,2,2,3),(-5.,-4.,-3.,-2.,-1.),
 .UNSPECIFIED.);
#1561=B_SPLINE_CURVE_WITH_KNOTS('',3,(#4134,#4135,#4136,#4137,#4138,#4139,
#4140,#4141,#4142),.UNSPECIFIED.,.F.,.F.,(4,1,1,1,1,1,4),(0.,0.000326155916807859,
0.000652311833615719,0.000815389792019649,0.000978467750423578,0.00114154570882751,
0.00130462366723144),.UNSPECIFIED.);
#1562=B_SPLINE_CURVE_WITH_KNOTS('',3,(#4169,#4170,#4171,#4172,#4173,#4174,
#4175),.UNSPECIFIED.,.F.,.F.,(4,1,1,1,4),(4.89959836019201E-13,0.00037720959516037,
0.00075441918983078,0.00113162878450119,0.0015088383791716),
 .UNSPECIFIED.);
#1563=B_SPLINE_CURVE_WITH_KNOTS('',2,(#4212,#4213,#4214,#4215,#4216,#4217,
#4218,#4219,#4220,#4221,#4222,#4223,#4224,#4225,#4226,#4227,#4228,#4229,
#4230,#4231,#4232,#4233,#4234,#4235,#4236,#4237,#4238,#4239,#4240,#4241,
#4242,#4243),.UNSPECIFIED.,.F.,.F.,(3,2,2,2,2,2,1,1,1,2,2,2,2,2,2,2,2,3),
(-35.,-34.,-33.,-32.,-31.,-30.,-29.1,-29.,-28.9,-28.,-27.,-26.,-25.,-24.,
-23.,-22.,-21.,-20.),.UNSPECIFIED.);
#1564=B_SPLINE_CURVE_WITH_KNOTS('',3,(#4252,#4253,#4254,#4255),
 .UNSPECIFIED.,.F.,.F.,(4,4),(0.,1.),.UNSPECIFIED.);
#1565=B_SPLINE_CURVE_WITH_KNOTS('',2,(#4257,#4258,#4259),.UNSPECIFIED.,
 .F.,.F.,(3,3),(-36.,-35.),.UNSPECIFIED.);
#1566=B_SPLINE_CURVE_WITH_KNOTS('',3,(#4268,#4269,#4270,#4271,#4272),
 .UNSPECIFIED.,.F.,.F.,(4,1,4),(0.,0.5,1.),.UNSPECIFIED.);
#1567=B_SPLINE_CURVE_WITH_KNOTS('',3,(#4274,#4275,#4276,#4277,#4278,#4279,
#4280),.UNSPECIFIED.,.F.,.F.,(4,1,1,1,4),(0.,0.25,0.5,0.75,1.),
 .UNSPECIFIED.);
#1568=B_SPLINE_CURVE_WITH_KNOTS('',3,(#4282,#4283,#4284,#4285,#4286),
 .UNSPECIFIED.,.F.,.F.,(4,1,4),(0.,0.5,1.),.UNSPECIFIED.);
#1569=B_SPLINE_CURVE_WITH_KNOTS('',3,(#4289,#4290,#4291,#4292,#4293,#4294,
#4295),.UNSPECIFIED.,.F.,.F.,(4,1,1,1,4),(0.,0.25,0.5,0.75,1.),
 .UNSPECIFIED.);
#1570=B_SPLINE_CURVE_WITH_KNOTS('',3,(#4305,#4306,#4307,#4308,#4309),
 .UNSPECIFIED.,.F.,.F.,(4,1,4),(0.,0.5,1.),.UNSPECIFIED.);
#1571=B_SPLINE_CURVE_WITH_KNOTS('',3,(#4311,#4312,#4313,#4314,#4315,#4316,
#4317),.UNSPECIFIED.,.F.,.F.,(4,1,1,1,4),(0.,0.25,0.5,0.75,1.),
 .UNSPECIFIED.);
#1572=B_SPLINE_CURVE_WITH_KNOTS('',3,(#4319,#4320,#4321,#4322,#4323),
 .UNSPECIFIED.,.F.,.F.,(4,1,4),(0.,0.5,1.),.UNSPECIFIED.);
#1573=B_SPLINE_CURVE_WITH_KNOTS('',3,(#4326,#4327,#4328,#4329,#4330,#4331,
#4332),.UNSPECIFIED.,.F.,.F.,(4,1,1,1,4),(0.,0.25,0.5,0.75,1.),
 .UNSPECIFIED.);
#1574=B_SPLINE_CURVE_WITH_KNOTS('',3,(#4342,#4343,#4344,#4345,#4346),
 .UNSPECIFIED.,.F.,.F.,(4,1,4),(0.,0.5,1.),.UNSPECIFIED.);
#1575=B_SPLINE_CURVE_WITH_KNOTS('',3,(#4348,#4349,#4350,#4351,#4352,#4353,
#4354),.UNSPECIFIED.,.F.,.F.,(4,1,1,1,4),(0.,0.25,0.5,0.75,1.),
 .UNSPECIFIED.);
#1576=B_SPLINE_CURVE_WITH_KNOTS('',3,(#4356,#4357,#4358,#4359,#4360),
 .UNSPECIFIED.,.F.,.F.,(4,1,4),(0.,0.5,1.),.UNSPECIFIED.);
#1577=B_SPLINE_CURVE_WITH_KNOTS('',3,(#4363,#4364,#4365,#4366,#4367,#4368,
#4369),.UNSPECIFIED.,.F.,.F.,(4,1,1,1,4),(0.,0.25,0.5,0.75,1.),
 .UNSPECIFIED.);
#1578=EDGE_LOOP('',(#482,#483,#484,#485));
#1579=EDGE_LOOP('',(#486,#487,#488,#489));
#1580=EDGE_LOOP('',(#490,#491,#492,#493));
#1581=EDGE_LOOP('',(#494,#495,#496,#497));
#1582=EDGE_LOOP('',(#498,#499));
#1583=EDGE_LOOP('',(#500,#501,#502,#503));
#1584=EDGE_LOOP('',(#504,#505,#506,#507));
#1585=EDGE_LOOP('',(#508,#509,#510,#511));
#1586=EDGE_LOOP('',(#512,#513,#514,#515,#516,#517));
#1587=EDGE_LOOP('',(#518,#519));
#1588=EDGE_LOOP('',(#520,#521));
#1589=EDGE_LOOP('',(#522,#523));
#1590=EDGE_LOOP('',(#524));
#1591=EDGE_LOOP('',(#525));
#1592=EDGE_LOOP('',(#526));
#1593=EDGE_LOOP('',(#527));
#1594=EDGE_LOOP('',(#528,#529,#530,#531));
#1595=EDGE_LOOP('',(#532,#533,#534,#535));
#1596=EDGE_LOOP('',(#536,#537,#538,#539));
#1597=EDGE_LOOP('',(#540,#541));
#1598=EDGE_LOOP('',(#542));
#1599=EDGE_LOOP('',(#543,#544));
#1600=EDGE_LOOP('',(#545,#546,#547,#548));
#1601=EDGE_LOOP('',(#549,#550,#551,#552));
#1602=EDGE_LOOP('',(#553,#554));
#1603=EDGE_LOOP('',(#555));
#1604=EDGE_LOOP('',(#556,#557));
#1605=EDGE_LOOP('',(#558,#559,#560,#561));
#1606=EDGE_LOOP('',(#562,#563,#564,#565));
#1607=EDGE_LOOP('',(#566,#567));
#1608=EDGE_LOOP('',(#568));
#1609=EDGE_LOOP('',(#569,#570));
#1610=EDGE_LOOP('',(#571,#572,#573,#574));
#1611=EDGE_LOOP('',(#575,#576,#577,#578));
#1612=EDGE_LOOP('',(#579,#580));
#1613=EDGE_LOOP('',(#581));
#1614=EDGE_LOOP('',(#582,#583));
#1615=EDGE_LOOP('',(#584,#585,#586,#587));
#1616=EDGE_LOOP('',(#588,#589,#590,#591));
#1617=EDGE_LOOP('',(#592,#593,#594,#595));
#1618=EDGE_LOOP('',(#596,#597,#598,#599));
#1619=EDGE_LOOP('',(#600,#601,#602,#603));
#1620=EDGE_LOOP('',(#604,#605,#606,#607));
#1621=EDGE_LOOP('',(#608,#609,#610,#611));
#1622=EDGE_LOOP('',(#612,#613,#614,#615));
#1623=EDGE_LOOP('',(#616,#617,#618,#619,#620,#621,#622,#623));
#1624=EDGE_LOOP('',(#624,#625,#626,#627));
#1625=EDGE_LOOP('',(#628,#629,#630,#631));
#1626=EDGE_LOOP('',(#632,#633,#634,#635));
#1627=EDGE_LOOP('',(#636,#637,#638,#639));
#1628=EDGE_LOOP('',(#640,#641,#642,#643,#644,#645,#646,#647));
#1629=EDGE_LOOP('',(#648,#649,#650,#651));
#1630=EDGE_LOOP('',(#652,#653,#654,#655));
#1631=EDGE_LOOP('',(#656,#657,#658,#659));
#1632=EDGE_LOOP('',(#660,#661,#662,#663,#664,#665,#666,#667));
#1633=EDGE_LOOP('',(#668,#669,#670,#671));
#1634=EDGE_LOOP('',(#672,#673,#674,#675,#676,#677,#678,#679));
#1635=EDGE_LOOP('',(#680,#681,#682,#683,#684,#685,#686,#687));
#1636=EDGE_LOOP('',(#688,#689,#690,#691,#692,#693,#694,#695));
#1637=EDGE_LOOP('',(#696,#697,#698,#699));
#1638=EDGE_LOOP('',(#700,#701,#702,#703));
#1639=EDGE_LOOP('',(#704,#705,#706,#707,#708,#709,#710,#711,#712,#713,#714,
#715));
#1640=EDGE_LOOP('',(#716));
#1641=EDGE_LOOP('',(#717,#718,#719,#720));
#1642=EDGE_LOOP('',(#721,#722,#723,#724));
#1643=EDGE_LOOP('',(#725,#726,#727,#728));
#1644=EDGE_LOOP('',(#729));
#1645=EDGE_LOOP('',(#730,#731,#732,#733));
#1646=EDGE_LOOP('',(#734));
#1647=EDGE_LOOP('',(#735));
#1648=EDGE_LOOP('',(#736));
#1649=EDGE_LOOP('',(#737));
#1650=EDGE_LOOP('',(#738,#739,#740,#741,#742,#743));
#1651=EDGE_LOOP('',(#744));
#1652=EDGE_LOOP('',(#745));
#1653=EDGE_LOOP('',(#746,#747,#748,#749));
#1654=EDGE_LOOP('',(#750,#751,#752,#753));
#1655=EDGE_LOOP('',(#754));
#1656=EDGE_LOOP('',(#755,#756));
#1657=EDGE_LOOP('',(#757,#758,#759,#760));
#1658=EDGE_LOOP('',(#761,#762,#763,#764));
#1659=EDGE_LOOP('',(#765,#766));
#1660=EDGE_LOOP('',(#767));
#1661=EDGE_LOOP('',(#768));
#1662=EDGE_LOOP('',(#769));
#1663=EDGE_LOOP('',(#770));
#1664=EDGE_LOOP('',(#771,#772,#773,#774,#775,#776,#777,#778));
#1665=EDGE_LOOP('',(#779,#780,#781,#782));
#1666=EDGE_LOOP('',(#783,#784,#785,#786));
#1667=EDGE_LOOP('',(#787,#788,#789,#790));
#1668=EDGE_LOOP('',(#791,#792,#793,#794));
#1669=EDGE_LOOP('',(#795,#796,#797,#798));
#1670=EDGE_LOOP('',(#799,#800,#801,#802));
#1671=EDGE_LOOP('',(#803,#804,#805,#806));
#1672=EDGE_LOOP('',(#807,#808,#809,#810));
#1673=EDGE_LOOP('',(#811,#812));
#1674=EDGE_LOOP('',(#813,#814));
#1675=EDGE_LOOP('',(#815));
#1676=EDGE_LOOP('',(#816,#817,#818,#819,#820,#821,#822,#823));
#1677=EDGE_LOOP('',(#824,#825,#826,#827));
#1678=EDGE_LOOP('',(#828,#829,#830,#831));
#1679=EDGE_LOOP('',(#832,#833,#834,#835));
#1680=EDGE_LOOP('',(#836,#837,#838,#839));
#1681=EDGE_LOOP('',(#840,#841,#842,#843));
#1682=EDGE_LOOP('',(#844,#845,#846,#847));
#1683=EDGE_LOOP('',(#848,#849,#850,#851,#852,#853));
#1684=EDGE_LOOP('',(#854,#855,#856,#857));
#1685=EDGE_LOOP('',(#858,#859,#860,#861));
#1686=EDGE_LOOP('',(#862,#863,#864,#865));
#1687=EDGE_LOOP('',(#866,#867,#868,#869));
#1688=EDGE_LOOP('',(#870,#871,#872,#873));
#1689=EDGE_LOOP('',(#874,#875,#876,#877));
#1690=EDGE_LOOP('',(#878,#879,#880,#881,#882,#883));
#1691=EDGE_LOOP('',(#884,#885,#886,#887));
#1692=EDGE_LOOP('',(#888,#889,#890,#891));
#1693=EDGE_LOOP('',(#892,#893,#894,#895,#896,#897));
#1694=EDGE_LOOP('',(#898,#899,#900,#901,#902,#903));
#1695=EDGE_LOOP('',(#904,#905,#906,#907,#908,#909,#910,#911));
#1696=EDGE_LOOP('',(#912));
#1697=EDGE_LOOP('',(#913));
#1698=EDGE_LOOP('',(#914));
#1699=EDGE_LOOP('',(#915,#916));
#1700=EDGE_LOOP('',(#917,#918));
#1701=EDGE_LOOP('',(#919,#920,#921,#922,#923,#924,#925,#926,#927,#928,#929,
#930));
#1702=EDGE_LOOP('',(#931,#932,#933,#934));
#1703=EDGE_LOOP('',(#935,#936,#937,#938));
#1704=EDGE_LOOP('',(#939,#940,#941,#942));
#1705=EDGE_LOOP('',(#943,#944,#945,#946));
#1706=EDGE_LOOP('',(#947,#948,#949,#950));
#1707=EDGE_LOOP('',(#951,#952,#953,#954));
#1708=EDGE_LOOP('',(#955,#956,#957,#958));
#1709=EDGE_LOOP('',(#959,#960,#961,#962));
#1710=EDGE_LOOP('',(#963,#964,#965,#966,#967,#968,#969,#970));
#1711=EDGE_LOOP('',(#971,#972,#973,#974));
#1712=EDGE_LOOP('',(#975,#976,#977,#978));
#1713=EDGE_LOOP('',(#979,#980));
#1714=EDGE_LOOP('',(#981));
#1715=EDGE_LOOP('',(#982,#983));
#1716=EDGE_LOOP('',(#984,#985,#986,#987));
#1717=EDGE_LOOP('',(#988,#989,#990,#991));
#1718=EDGE_LOOP('',(#992,#993));
#1719=EDGE_LOOP('',(#994));
#1720=EDGE_LOOP('',(#995,#996));
#1721=EDGE_LOOP('',(#997,#998,#999,#1000));
#1722=EDGE_LOOP('',(#1001,#1002,#1003,#1004));
#1723=EDGE_LOOP('',(#1005,#1006));
#1724=EDGE_LOOP('',(#1007));
#1725=EDGE_LOOP('',(#1008,#1009));
#1726=FACE_BOUND('',#1578,.T.);
#1727=FACE_BOUND('',#1579,.T.);
#1728=FACE_BOUND('',#1580,.T.);
#1729=FACE_BOUND('',#1581,.T.);
#1730=FACE_BOUND('',#1582,.T.);
#1731=FACE_BOUND('',#1583,.T.);
#1732=FACE_BOUND('',#1584,.T.);
#1733=FACE_BOUND('',#1585,.T.);
#1734=FACE_BOUND('',#1586,.T.);
#1735=FACE_BOUND('',#1587,.T.);
#1736=FACE_BOUND('',#1588,.T.);
#1737=FACE_BOUND('',#1589,.T.);
#1738=FACE_BOUND('',#1590,.T.);
#1739=FACE_BOUND('',#1591,.T.);
#1740=FACE_BOUND('',#1592,.T.);
#1741=FACE_BOUND('',#1593,.T.);
#1742=FACE_BOUND('',#1594,.T.);
#1743=FACE_BOUND('',#1595,.T.);
#1744=FACE_BOUND('',#1596,.T.);
#1745=FACE_BOUND('',#1597,.T.);
#1746=FACE_BOUND('',#1598,.T.);
#1747=FACE_BOUND('',#1599,.T.);
#1748=FACE_BOUND('',#1600,.T.);
#1749=FACE_BOUND('',#1601,.T.);
#1750=FACE_BOUND('',#1602,.T.);
#1751=FACE_BOUND('',#1603,.T.);
#1752=FACE_BOUND('',#1604,.T.);
#1753=FACE_BOUND('',#1605,.T.);
#1754=FACE_BOUND('',#1606,.T.);
#1755=FACE_BOUND('',#1607,.T.);
#1756=FACE_BOUND('',#1608,.T.);
#1757=FACE_BOUND('',#1609,.T.);
#1758=FACE_BOUND('',#1610,.T.);
#1759=FACE_BOUND('',#1611,.T.);
#1760=FACE_BOUND('',#1612,.T.);
#1761=FACE_BOUND('',#1613,.T.);
#1762=FACE_BOUND('',#1614,.T.);
#1763=FACE_BOUND('',#1615,.T.);
#1764=FACE_BOUND('',#1616,.T.);
#1765=FACE_BOUND('',#1617,.T.);
#1766=FACE_BOUND('',#1618,.T.);
#1767=FACE_BOUND('',#1619,.T.);
#1768=FACE_BOUND('',#1620,.T.);
#1769=FACE_BOUND('',#1621,.T.);
#1770=FACE_BOUND('',#1622,.T.);
#1771=FACE_BOUND('',#1623,.T.);
#1772=FACE_BOUND('',#1624,.T.);
#1773=FACE_BOUND('',#1625,.T.);
#1774=FACE_BOUND('',#1626,.T.);
#1775=FACE_BOUND('',#1627,.T.);
#1776=FACE_BOUND('',#1628,.T.);
#1777=FACE_BOUND('',#1629,.T.);
#1778=FACE_BOUND('',#1630,.T.);
#1779=FACE_BOUND('',#1631,.T.);
#1780=FACE_BOUND('',#1632,.T.);
#1781=FACE_BOUND('',#1633,.T.);
#1782=FACE_BOUND('',#1634,.T.);
#1783=FACE_BOUND('',#1635,.T.);
#1784=FACE_BOUND('',#1636,.T.);
#1785=FACE_BOUND('',#1637,.T.);
#1786=FACE_BOUND('',#1638,.T.);
#1787=FACE_BOUND('',#1639,.T.);
#1788=FACE_BOUND('',#1640,.T.);
#1789=FACE_BOUND('',#1641,.T.);
#1790=FACE_BOUND('',#1642,.T.);
#1791=FACE_BOUND('',#1643,.T.);
#1792=FACE_BOUND('',#1644,.T.);
#1793=FACE_BOUND('',#1645,.T.);
#1794=FACE_BOUND('',#1646,.T.);
#1795=FACE_BOUND('',#1647,.T.);
#1796=FACE_BOUND('',#1648,.T.);
#1797=FACE_BOUND('',#1649,.T.);
#1798=FACE_BOUND('',#1650,.T.);
#1799=FACE_BOUND('',#1651,.T.);
#1800=FACE_BOUND('',#1652,.T.);
#1801=FACE_BOUND('',#1653,.T.);
#1802=FACE_BOUND('',#1654,.T.);
#1803=FACE_BOUND('',#1655,.T.);
#1804=FACE_BOUND('',#1656,.T.);
#1805=FACE_BOUND('',#1657,.T.);
#1806=FACE_BOUND('',#1658,.T.);
#1807=FACE_BOUND('',#1659,.T.);
#1808=FACE_BOUND('',#1660,.T.);
#1809=FACE_BOUND('',#1661,.T.);
#1810=FACE_BOUND('',#1662,.T.);
#1811=FACE_BOUND('',#1663,.T.);
#1812=FACE_BOUND('',#1664,.T.);
#1813=FACE_BOUND('',#1665,.T.);
#1814=FACE_BOUND('',#1666,.T.);
#1815=FACE_BOUND('',#1667,.T.);
#1816=FACE_BOUND('',#1668,.T.);
#1817=FACE_BOUND('',#1669,.T.);
#1818=FACE_BOUND('',#1670,.T.);
#1819=FACE_BOUND('',#1671,.T.);
#1820=FACE_BOUND('',#1672,.T.);
#1821=FACE_BOUND('',#1673,.T.);
#1822=FACE_BOUND('',#1674,.T.);
#1823=FACE_BOUND('',#1675,.T.);
#1824=FACE_BOUND('',#1676,.T.);
#1825=FACE_BOUND('',#1677,.T.);
#1826=FACE_BOUND('',#1678,.T.);
#1827=FACE_BOUND('',#1679,.T.);
#1828=FACE_BOUND('',#1680,.T.);
#1829=FACE_BOUND('',#1681,.T.);
#1830=FACE_BOUND('',#1682,.T.);
#1831=FACE_BOUND('',#1683,.T.);
#1832=FACE_BOUND('',#1684,.T.);
#1833=FACE_BOUND('',#1685,.T.);
#1834=FACE_BOUND('',#1686,.T.);
#1835=FACE_BOUND('',#1687,.T.);
#1836=FACE_BOUND('',#1688,.T.);
#1837=FACE_BOUND('',#1689,.T.);
#1838=FACE_BOUND('',#1690,.T.);
#1839=FACE_BOUND('',#1691,.T.);
#1840=FACE_BOUND('',#1692,.T.);
#1841=FACE_BOUND('',#1693,.T.);
#1842=FACE_BOUND('',#1694,.T.);
#1843=FACE_BOUND('',#1695,.T.);
#1844=FACE_BOUND('',#1696,.T.);
#1845=FACE_BOUND('',#1697,.T.);
#1846=FACE_BOUND('',#1698,.T.);
#1847=FACE_BOUND('',#1699,.T.);
#1848=FACE_BOUND('',#1700,.T.);
#1849=FACE_BOUND('',#1701,.T.);
#1850=FACE_BOUND('',#1702,.T.);
#1851=FACE_BOUND('',#1703,.T.);
#1852=FACE_BOUND('',#1704,.T.);
#1853=FACE_BOUND('',#1705,.T.);
#1854=FACE_BOUND('',#1706,.T.);
#1855=FACE_BOUND('',#1707,.T.);
#1856=FACE_BOUND('',#1708,.T.);
#1857=FACE_BOUND('',#1709,.T.);
#1858=FACE_BOUND('',#1710,.T.);
#1859=FACE_BOUND('',#1711,.T.);
#1860=FACE_BOUND('',#1712,.T.);
#1861=FACE_BOUND('',#1713,.T.);
#1862=FACE_BOUND('',#1714,.T.);
#1863=FACE_BOUND('',#1715,.T.);
#1864=FACE_BOUND('',#1716,.T.);
#1865=FACE_BOUND('',#1717,.T.);
#1866=FACE_BOUND('',#1718,.T.);
#1867=FACE_BOUND('',#1719,.T.);
#1868=FACE_BOUND('',#1720,.T.);
#1869=FACE_BOUND('',#1721,.T.);
#1870=FACE_BOUND('',#1722,.T.);
#1871=FACE_BOUND('',#1723,.T.);
#1872=FACE_BOUND('',#1724,.T.);
#1873=FACE_BOUND('',#1725,.T.);
#1874=TOROIDAL_SURFACE('',#2115,0.00089984980823747,0.000249981997750894);
#1875=TOROIDAL_SURFACE('',#2117,0.00139981889763316,0.00024998199784186);
#1876=TOROIDAL_SURFACE('',#2119,0.00089984980823747,0.000249981997750894);
#1877=TOROIDAL_SURFACE('',#2121,0.00139981889763276,0.000249981997841352);
#1878=TOROIDAL_SURFACE('',#2139,0.000350314085743265,0.000250079752803175);
#1879=TOROIDAL_SURFACE('',#2140,0.000350314085743259,0.000250079752803179);
#1880=TOROIDAL_SURFACE('',#2145,0.000350314084928281,0.000250079752606291);
#1881=TOROIDAL_SURFACE('',#2146,0.000350314084921895,0.000250079752614356);
#1882=TOROIDAL_SURFACE('',#2151,0.000350314085743258,0.00025007975280318);
#1883=TOROIDAL_SURFACE('',#2152,0.000350314085743259,0.00025007975280318);
#1884=TOROIDAL_SURFACE('',#2157,0.000350314085743257,0.000250079752803182);
#1885=TOROIDAL_SURFACE('',#2158,0.000350314085743258,0.00025007975280318);
#1886=ADVANCED_FACE('',(#1726),#1874,.F.);
#1887=ADVANCED_FACE('',(#1727),#1875,.T.);
#1888=ADVANCED_FACE('',(#1728),#1876,.F.);
#1889=ADVANCED_FACE('',(#1729),#1877,.T.);
#1890=ADVANCED_FACE('',(#1730),#424,.T.);
#1891=ADVANCED_FACE('',(#1731),#425,.T.);
#1892=ADVANCED_FACE('',(#1732),#426,.T.);
#1893=ADVANCED_FACE('',(#1733),#427,.T.);
#1894=ADVANCED_FACE('',(#1734),#128,.T.);
#1895=ADVANCED_FACE('',(#1735,#1736),#129,.F.);
#1896=ADVANCED_FACE('',(#1737,#1738,#1739,#1740,#1741,#1742),#428,.T.);
#1897=ADVANCED_FACE('',(#1743),#1878,.T.);
#1898=ADVANCED_FACE('',(#1744),#1879,.T.);
#1899=ADVANCED_FACE('',(#1745),#429,.T.);
#1900=ADVANCED_FACE('',(#1746,#1747),#130,.T.);
#1901=ADVANCED_FACE('',(#1748),#1880,.T.);
#1902=ADVANCED_FACE('',(#1749),#1881,.T.);
#1903=ADVANCED_FACE('',(#1750),#430,.T.);
#1904=ADVANCED_FACE('',(#1751,#1752),#131,.T.);
#1905=ADVANCED_FACE('',(#1753),#1882,.T.);
#1906=ADVANCED_FACE('',(#1754),#1883,.T.);
#1907=ADVANCED_FACE('',(#1755),#431,.T.);
#1908=ADVANCED_FACE('',(#1756,#1757),#132,.T.);
#1909=ADVANCED_FACE('',(#1758),#1884,.T.);
#1910=ADVANCED_FACE('',(#1759),#1885,.T.);
#1911=ADVANCED_FACE('',(#1760),#432,.T.);
#1912=ADVANCED_FACE('',(#1761,#1762),#133,.T.);
#1913=ADVANCED_FACE('',(#1763),#433,.T.);
#1914=ADVANCED_FACE('',(#1764),#434,.T.);
#1915=ADVANCED_FACE('',(#1765),#435,.T.);
#1916=ADVANCED_FACE('',(#1766),#436,.T.);
#1917=ADVANCED_FACE('',(#1767),#437,.T.);
#1918=ADVANCED_FACE('',(#1768),#438,.T.);
#1919=ADVANCED_FACE('',(#1769),#134,.F.);
#1920=ADVANCED_FACE('',(#1770),#439,.T.);
#1921=ADVANCED_FACE('',(#1771),#135,.F.);
#1922=ADVANCED_FACE('',(#1772),#440,.T.);
#1923=ADVANCED_FACE('',(#1773),#441,.T.);
#1924=ADVANCED_FACE('',(#1774),#442,.T.);
#1925=ADVANCED_FACE('',(#1775),#443,.T.);
#1926=ADVANCED_FACE('',(#1776),#136,.F.);
#1927=ADVANCED_FACE('',(#1777),#444,.T.);
#1928=ADVANCED_FACE('',(#1778),#137,.F.);
#1929=ADVANCED_FACE('',(#1779),#445,.T.);
#1930=ADVANCED_FACE('',(#1780),#138,.F.);
#1931=ADVANCED_FACE('',(#1781),#446,.T.);
#1932=ADVANCED_FACE('',(#1782),#447,.T.);
#1933=ADVANCED_FACE('',(#1783),#448,.T.);
#1934=ADVANCED_FACE('',(#1784),#449,.T.);
#1935=ADVANCED_FACE('',(#1785),#450,.T.);
#1936=ADVANCED_FACE('',(#1786),#139,.F.);
#1937=ADVANCED_FACE('',(#1787,#1788),#451,.T.);
#1938=ADVANCED_FACE('',(#1789),#452,.T.);
#1939=ADVANCED_FACE('',(#1790),#453,.T.);
#1940=ADVANCED_FACE('',(#1791),#454,.T.);
#1941=ADVANCED_FACE('',(#1792,#1793),#455,.T.);
#1942=ADVANCED_FACE('',(#1794,#1795),#140,.F.);
#1943=ADVANCED_FACE('',(#1796),#141,.T.);
#1944=ADVANCED_FACE('',(#1797,#1798),#142,.T.);
#1945=ADVANCED_FACE('',(#1799,#1800),#143,.T.);
#1946=ADVANCED_FACE('',(#1801),#30,.F.);
#1947=ADVANCED_FACE('',(#1802),#31,.F.);
#1948=ADVANCED_FACE('',(#1803,#1804),#144,.F.);
#1949=ADVANCED_FACE('',(#1805),#32,.F.);
#1950=ADVANCED_FACE('',(#1806),#33,.F.);
#1951=ADVANCED_FACE('',(#1807,#1808),#145,.F.);
#1952=ADVANCED_FACE('',(#1809,#1810,#1811,#1812),#456,.T.);
#1953=ADVANCED_FACE('',(#1813),#146,.T.);
#1954=ADVANCED_FACE('',(#1814),#457,.T.);
#1955=ADVANCED_FACE('',(#1815),#147,.T.);
#1956=ADVANCED_FACE('',(#1816),#458,.T.);
#1957=ADVANCED_FACE('',(#1817),#148,.T.);
#1958=ADVANCED_FACE('',(#1818),#459,.T.);
#1959=ADVANCED_FACE('',(#1819),#149,.T.);
#1960=ADVANCED_FACE('',(#1820),#460,.T.);
#1961=ADVANCED_FACE('',(#1821,#1822,#1823,#1824),#461,.T.);
#1962=ADVANCED_FACE('',(#1825),#462,.T.);
#1963=ADVANCED_FACE('',(#1826),#16,.T.);
#1964=ADVANCED_FACE('',(#1827),#17,.T.);
#1965=ADVANCED_FACE('',(#1828),#18,.T.);
#1966=ADVANCED_FACE('',(#1829),#463,.T.);
#1967=ADVANCED_FACE('',(#1830),#19,.T.);
#1968=ADVANCED_FACE('',(#1831),#464,.T.);
#1969=ADVANCED_FACE('',(#1832),#20,.T.);
#1970=ADVANCED_FACE('',(#1833),#21,.T.);
#1971=ADVANCED_FACE('',(#1834),#22,.T.);
#1972=ADVANCED_FACE('',(#1835),#23,.T.);
#1973=ADVANCED_FACE('',(#1836),#24,.T.);
#1974=ADVANCED_FACE('',(#1837),#465,.T.);
#1975=ADVANCED_FACE('',(#1838),#466,.T.);
#1976=ADVANCED_FACE('',(#1839),#150,.T.);
#1977=ADVANCED_FACE('',(#1840),#151,.T.);
#1978=ADVANCED_FACE('',(#1841,#1842,#1843,#1844,#1845,#1846,#1847),#467,
 .T.);
#1979=ADVANCED_FACE('',(#1848,#1849),#468,.T.);
#1980=ADVANCED_FACE('',(#1850),#469,.T.);
#1981=ADVANCED_FACE('',(#1851),#25,.T.);
#1982=ADVANCED_FACE('',(#1852),#470,.T.);
#1983=ADVANCED_FACE('',(#1853),#26,.T.);
#1984=ADVANCED_FACE('',(#1854),#27,.T.);
#1985=ADVANCED_FACE('',(#1855),#28,.T.);
#1986=ADVANCED_FACE('',(#1856),#29,.T.);
#1987=ADVANCED_FACE('',(#1857),#152,.F.);
#1988=ADVANCED_FACE('',(#1858),#471,.T.);
#1989=ADVANCED_FACE('',(#1859),#10,.T.);
#1990=ADVANCED_FACE('',(#1860),#11,.T.);
#1991=ADVANCED_FACE('',(#1861),#472,.T.);
#1992=ADVANCED_FACE('',(#1862,#1863),#153,.T.);
#1993=ADVANCED_FACE('',(#1864),#12,.T.);
#1994=ADVANCED_FACE('',(#1865),#13,.T.);
#1995=ADVANCED_FACE('',(#1866),#473,.T.);
#1996=ADVANCED_FACE('',(#1867,#1868),#154,.T.);
#1997=ADVANCED_FACE('',(#1869),#14,.T.);
#1998=ADVANCED_FACE('',(#1870),#15,.T.);
#1999=ADVANCED_FACE('',(#1871),#474,.T.);
#2000=ADVANCED_FACE('',(#1872,#1873),#155,.T.);
#2001=OPEN_SHELL('',(#1886,#1887,#1888,#1889,#1890,#1891,#1892,#1893,#1894,
#1895,#1896));
#2002=OPEN_SHELL('',(#1897,#1898,#1899,#1900));
#2003=OPEN_SHELL('',(#1901,#1902,#1903,#1904));
#2004=OPEN_SHELL('',(#1905,#1906,#1907,#1908));
#2005=OPEN_SHELL('',(#1909,#1910,#1911,#1912));
#2006=OPEN_SHELL('',(#1913,#1914,#1915,#1916,#1917,#1918,#1919,#1920,#1921,
#1922,#1923,#1924,#1925,#1926,#1927,#1928,#1929,#1930,#1931,#1932,#1933,
#1934,#1935,#1936,#1937,#1938,#1939,#1940,#1941,#1942,#1943,#1944,#1945,
#1946,#1947,#1948,#1949,#1950,#1951,#1952,#1953,#1954,#1955,#1956,#1957,
#1958,#1959,#1960,#1961));
#2007=OPEN_SHELL('',(#1962,#1963,#1964,#1965,#1966,#1967,#1968,#1969,#1970,
#1971,#1972,#1973,#1974,#1975,#1976,#1977,#1978,#1979,#1980,#1981,#1982,
#1983,#1984,#1985,#1986,#1987,#1988));
#2008=OPEN_SHELL('',(#1989,#1990,#1991,#1992));
#2009=OPEN_SHELL('',(#1993,#1994,#1995,#1996));
#2010=OPEN_SHELL('',(#1997,#1998,#1999,#2000));
#2011=STYLED_ITEM('',(#2021),#2084);
#2012=STYLED_ITEM('',(#2022),#2085);
#2013=STYLED_ITEM('',(#2023),#2086);
#2014=STYLED_ITEM('',(#2024),#2087);
#2015=STYLED_ITEM('',(#2025),#2088);
#2016=STYLED_ITEM('',(#2026),#2089);
#2017=STYLED_ITEM('',(#2027),#2090);
#2018=STYLED_ITEM('',(#2028),#2091);
#2019=STYLED_ITEM('',(#2029),#2092);
#2020=STYLED_ITEM('',(#2030),#2093);
#2021=PRESENTATION_STYLE_ASSIGNMENT((#2031));
#2022=PRESENTATION_STYLE_ASSIGNMENT((#2032));
#2023=PRESENTATION_STYLE_ASSIGNMENT((#2033));
#2024=PRESENTATION_STYLE_ASSIGNMENT((#2034));
#2025=PRESENTATION_STYLE_ASSIGNMENT((#2035));
#2026=PRESENTATION_STYLE_ASSIGNMENT((#2036));
#2027=PRESENTATION_STYLE_ASSIGNMENT((#2037));
#2028=PRESENTATION_STYLE_ASSIGNMENT((#2038));
#2029=PRESENTATION_STYLE_ASSIGNMENT((#2039));
#2030=PRESENTATION_STYLE_ASSIGNMENT((#2040));
#2031=SURFACE_STYLE_USAGE(.BOTH.,#2041);
#2032=SURFACE_STYLE_USAGE(.BOTH.,#2042);
#2033=SURFACE_STYLE_USAGE(.BOTH.,#2043);
#2034=SURFACE_STYLE_USAGE(.BOTH.,#2044);
#2035=SURFACE_STYLE_USAGE(.BOTH.,#2045);
#2036=SURFACE_STYLE_USAGE(.BOTH.,#2046);
#2037=SURFACE_STYLE_USAGE(.BOTH.,#2047);
#2038=SURFACE_STYLE_USAGE(.BOTH.,#2048);
#2039=SURFACE_STYLE_USAGE(.BOTH.,#2049);
#2040=SURFACE_STYLE_USAGE(.BOTH.,#2050);
#2041=SURFACE_SIDE_STYLE('',(#2051));
#2042=SURFACE_SIDE_STYLE('',(#2052));
#2043=SURFACE_SIDE_STYLE('',(#2053));
#2044=SURFACE_SIDE_STYLE('',(#2054));
#2045=SURFACE_SIDE_STYLE('',(#2055));
#2046=SURFACE_SIDE_STYLE('',(#2056));
#2047=SURFACE_SIDE_STYLE('',(#2057));
#2048=SURFACE_SIDE_STYLE('',(#2058));
#2049=SURFACE_SIDE_STYLE('',(#2059));
#2050=SURFACE_SIDE_STYLE('',(#2060));
#2051=SURFACE_STYLE_FILL_AREA(#2061);
#2052=SURFACE_STYLE_FILL_AREA(#2062);
#2053=SURFACE_STYLE_FILL_AREA(#2063);
#2054=SURFACE_STYLE_FILL_AREA(#2064);
#2055=SURFACE_STYLE_FILL_AREA(#2065);
#2056=SURFACE_STYLE_FILL_AREA(#2066);
#2057=SURFACE_STYLE_FILL_AREA(#2067);
#2058=SURFACE_STYLE_FILL_AREA(#2068);
#2059=SURFACE_STYLE_FILL_AREA(#2069);
#2060=SURFACE_STYLE_FILL_AREA(#2070);
#2061=FILL_AREA_STYLE('',(#2071));
#2062=FILL_AREA_STYLE('',(#2072));
#2063=FILL_AREA_STYLE('',(#2073));
#2064=FILL_AREA_STYLE('',(#2074));
#2065=FILL_AREA_STYLE('',(#2075));
#2066=FILL_AREA_STYLE('',(#2076));
#2067=FILL_AREA_STYLE('',(#2077));
#2068=FILL_AREA_STYLE('',(#2078));
#2069=FILL_AREA_STYLE('',(#2079));
#2070=FILL_AREA_STYLE('',(#2080));
#2071=FILL_AREA_STYLE_COLOUR('',#2081);
#2072=FILL_AREA_STYLE_COLOUR('',#2082);
#2073=FILL_AREA_STYLE_COLOUR('',#2082);
#2074=FILL_AREA_STYLE_COLOUR('',#2082);
#2075=FILL_AREA_STYLE_COLOUR('',#2082);
#2076=FILL_AREA_STYLE_COLOUR('',#2083);
#2077=FILL_AREA_STYLE_COLOUR('',#2081);
#2078=FILL_AREA_STYLE_COLOUR('',#2082);
#2079=FILL_AREA_STYLE_COLOUR('',#2082);
#2080=FILL_AREA_STYLE_COLOUR('',#2082);
#2081=COLOUR_RGB('',0.117647058823529,0.101960784313725,0.101960784313725);
#2082=COLOUR_RGB('',0.901960784313726,0.901960784313726,0.901960784313726);
#2083=COLOUR_RGB('',0.745098039215686,0.745098039215686,0.745098039215686);
#2084=SHELL_BASED_SURFACE_MODEL('Document',(#2001));
#2085=SHELL_BASED_SURFACE_MODEL('Document',(#2002));
#2086=SHELL_BASED_SURFACE_MODEL('Document',(#2003));
#2087=SHELL_BASED_SURFACE_MODEL('Document',(#2004));
#2088=SHELL_BASED_SURFACE_MODEL('Document',(#2005));
#2089=SHELL_BASED_SURFACE_MODEL('Document',(#2006));
#2090=SHELL_BASED_SURFACE_MODEL('Document',(#2007));
#2091=SHELL_BASED_SURFACE_MODEL('Document',(#2008));
#2092=SHELL_BASED_SURFACE_MODEL('Document',(#2009));
#2093=SHELL_BASED_SURFACE_MODEL('Document',(#2010));
#2094=SHAPE_DEFINITION_REPRESENTATION(#4434,#2104);
#2095=SHAPE_DEFINITION_REPRESENTATION(#4435,#2105);
#2096=SHAPE_DEFINITION_REPRESENTATION(#4436,#2106);
#2097=SHAPE_DEFINITION_REPRESENTATION(#4437,#2107);
#2098=SHAPE_DEFINITION_REPRESENTATION(#4438,#2108);
#2099=SHAPE_DEFINITION_REPRESENTATION(#4439,#2109);
#2100=SHAPE_DEFINITION_REPRESENTATION(#4440,#2110);
#2101=SHAPE_DEFINITION_REPRESENTATION(#4441,#2111);
#2102=SHAPE_DEFINITION_REPRESENTATION(#4442,#2112);
#2103=SHAPE_DEFINITION_REPRESENTATION(#4443,#2113);
#2104=SHAPE_REPRESENTATION('Document',(#2114),#4384);
#2105=SHAPE_REPRESENTATION('Document',(#2138),#4385);
#2106=SHAPE_REPRESENTATION('Document',(#2144),#4386);
#2107=SHAPE_REPRESENTATION('Document',(#2150),#4387);
#2108=SHAPE_REPRESENTATION('Document',(#2156),#4388);
#2109=SHAPE_REPRESENTATION('Document',(#2162),#4389);
#2110=SHAPE_REPRESENTATION('Document',(#2256),#4390);
#2111=SHAPE_REPRESENTATION('Document',(#2282),#4391);
#2112=SHAPE_REPRESENTATION('Document',(#2290),#4392);
#2113=SHAPE_REPRESENTATION('Document',(#2298),#4393);
#2114=AXIS2_PLACEMENT_3D('',#2824,#2306,#2307);
#2115=AXIS2_PLACEMENT_3D('',#2825,#2308,#2309);
#2116=AXIS2_PLACEMENT_3D('',#2840,#2310,#2311);
#2117=AXIS2_PLACEMENT_3D('',#2846,#2312,#2313);
#2118=AXIS2_PLACEMENT_3D('',#2861,#2314,#2315);
#2119=AXIS2_PLACEMENT_3D('',#2867,#2316,#2317);
#2120=AXIS2_PLACEMENT_3D('',#2875,#2318,#2319);
#2121=AXIS2_PLACEMENT_3D('',#2876,#2320,#2321);
#2122=AXIS2_PLACEMENT_3D('',#2884,#2322,#2323);
#2123=AXIS2_PLACEMENT_3D('',#2885,#2324,#2325);
#2124=AXIS2_PLACEMENT_3D('',#2886,#2326,#2327);
#2125=AXIS2_PLACEMENT_3D('',#2895,#2332,#2333);
#2126=AXIS2_PLACEMENT_3D('',#2904,#2338,#2339);
#2127=AXIS2_PLACEMENT_3D('',#2907,#2342,#2343);
#2128=AXIS2_PLACEMENT_3D('',#2908,#2344,#2345);
#2129=AXIS2_PLACEMENT_3D('',#2911,#2346,#2347);
#2130=AXIS2_PLACEMENT_3D('',#2912,#2348,#2349);
#2131=AXIS2_PLACEMENT_3D('',#2913,#2350,#2351);
#2132=AXIS2_PLACEMENT_3D('',#2914,#2352,#2353);
#2133=AXIS2_PLACEMENT_3D('',#2915,#2354,#2355);
#2134=AXIS2_PLACEMENT_3D('',#2916,#2356,#2357);
#2135=AXIS2_PLACEMENT_3D('',#2918,#2358,#2359);
#2136=AXIS2_PLACEMENT_3D('',#2920,#2360,#2361);
#2137=AXIS2_PLACEMENT_3D('',#2922,#2362,#2363);
#2138=AXIS2_PLACEMENT_3D('',#2924,#2364,#2365);
#2139=AXIS2_PLACEMENT_3D('',#2925,#2366,#2367);
#2140=AXIS2_PLACEMENT_3D('',#2950,#2368,#2369);
#2141=AXIS2_PLACEMENT_3D('',#2963,#2370,#2371);
#2142=AXIS2_PLACEMENT_3D('',#2964,#2372,#2373);
#2143=AXIS2_PLACEMENT_3D('',#2965,#2374,#2375);
#2144=AXIS2_PLACEMENT_3D('',#2967,#2376,#2377);
#2145=AXIS2_PLACEMENT_3D('',#2968,#2378,#2379);
#2146=AXIS2_PLACEMENT_3D('',#2993,#2380,#2381);
#2147=AXIS2_PLACEMENT_3D('',#3006,#2382,#2383);
#2148=AXIS2_PLACEMENT_3D('',#3007,#2384,#2385);
#2149=AXIS2_PLACEMENT_3D('',#3008,#2386,#2387);
#2150=AXIS2_PLACEMENT_3D('',#3010,#2388,#2389);
#2151=AXIS2_PLACEMENT_3D('',#3011,#2390,#2391);
#2152=AXIS2_PLACEMENT_3D('',#3036,#2392,#2393);
#2153=AXIS2_PLACEMENT_3D('',#3049,#2394,#2395);
#2154=AXIS2_PLACEMENT_3D('',#3050,#2396,#2397);
#2155=AXIS2_PLACEMENT_3D('',#3051,#2398,#2399);
#2156=AXIS2_PLACEMENT_3D('',#3053,#2400,#2401);
#2157=AXIS2_PLACEMENT_3D('',#3054,#2402,#2403);
#2158=AXIS2_PLACEMENT_3D('',#3079,#2404,#2405);
#2159=AXIS2_PLACEMENT_3D('',#3092,#2406,#2407);
#2160=AXIS2_PLACEMENT_3D('',#3093,#2408,#2409);
#2161=AXIS2_PLACEMENT_3D('',#3094,#2410,#2411);
#2162=AXIS2_PLACEMENT_3D('',#3096,#2412,#2413);
#2163=AXIS2_PLACEMENT_3D('',#3097,#2414,#2415);
#2164=AXIS2_PLACEMENT_3D('',#3106,#2420,#2421);
#2165=AXIS2_PLACEMENT_3D('',#3112,#2425,#2426);
#2166=AXIS2_PLACEMENT_3D('',#3118,#2430,#2431);
#2167=AXIS2_PLACEMENT_3D('',#3127,#2436,#2437);
#2168=AXIS2_PLACEMENT_3D('',#3133,#2441,#2442);
#2169=AXIS2_PLACEMENT_3D('',#3142,#2447,#2448);
#2170=AXIS2_PLACEMENT_3D('',#3146,#2450,#2451);
#2171=AXIS2_PLACEMENT_3D('',#3147,#2452,#2453);
#2172=AXIS2_PLACEMENT_3D('',#3148,#2454,#2455);
#2173=AXIS2_PLACEMENT_3D('',#3154,#2459,#2460);
#2174=AXIS2_PLACEMENT_3D('',#3155,#2461,#2462);
#2175=AXIS2_PLACEMENT_3D('',#3159,#2464,#2465);
#2176=AXIS2_PLACEMENT_3D('',#3163,#2467,#2468);
#2177=AXIS2_PLACEMENT_3D('',#3164,#2469,#2470);
#2178=AXIS2_PLACEMENT_3D('',#3165,#2471,#2472);
#2179=AXIS2_PLACEMENT_3D('',#3171,#2476,#2477);
#2180=AXIS2_PLACEMENT_3D('',#3177,#2481,#2482);
#2181=AXIS2_PLACEMENT_3D('',#3183,#2486,#2487);
#2182=AXIS2_PLACEMENT_3D('',#3192,#2492,#2493);
#2183=AXIS2_PLACEMENT_3D('',#3193,#2494,#2495);
#2184=AXIS2_PLACEMENT_3D('',#3197,#2497,#2498);
#2185=AXIS2_PLACEMENT_3D('',#3198,#2499,#2500);
#2186=AXIS2_PLACEMENT_3D('',#3199,#2501,#2502);
#2187=AXIS2_PLACEMENT_3D('',#3200,#2503,#2504);
#2188=AXIS2_PLACEMENT_3D('',#3206,#2508,#2509);
#2189=AXIS2_PLACEMENT_3D('',#3210,#2511,#2512);
#2190=AXIS2_PLACEMENT_3D('',#3211,#2513,#2514);
#2191=AXIS2_PLACEMENT_3D('',#3212,#2515,#2516);
#2192=AXIS2_PLACEMENT_3D('',#3218,#2520,#2521);
#2193=AXIS2_PLACEMENT_3D('',#3219,#2522,#2523);
#2194=AXIS2_PLACEMENT_3D('',#3220,#2524,#2525);
#2195=AXIS2_PLACEMENT_3D('',#3224,#2527,#2528);
#2196=AXIS2_PLACEMENT_3D('',#3225,#2529,#2530);
#2197=AXIS2_PLACEMENT_3D('',#3226,#2531,#2532);
#2198=AXIS2_PLACEMENT_3D('',#3229,#2535,#2536);
#2199=AXIS2_PLACEMENT_3D('',#3230,#2537,#2538);
#2200=AXIS2_PLACEMENT_3D('',#3233,#2540,#2541);
#2201=AXIS2_PLACEMENT_3D('',#3234,#2542,#2543);
#2202=AXIS2_PLACEMENT_3D('',#3235,#2544,#2545);
#2203=AXIS2_PLACEMENT_3D('',#3239,#2548,#2549);
#2204=AXIS2_PLACEMENT_3D('',#3240,#2550,#2551);
#2205=AXIS2_PLACEMENT_3D('',#3241,#2552,#2553);
#2206=AXIS2_PLACEMENT_3D('',#3242,#2554,#2555);
#2207=AXIS2_PLACEMENT_3D('',#3244,#2556,#2557);
#2208=AXIS2_PLACEMENT_3D('',#3253,#2562,#2563);
#2209=AXIS2_PLACEMENT_3D('',#3254,#2564,#2565);
#2210=AXIS2_PLACEMENT_3D('',#3259,#2568,#2569);
#2211=AXIS2_PLACEMENT_3D('',#3265,#2573,#2574);
#2212=AXIS2_PLACEMENT_3D('',#3266,#2575,#2576);
#2213=AXIS2_PLACEMENT_3D('',#3269,#2578,#2579);
#2214=AXIS2_PLACEMENT_3D('',#3282,#2580,#2581);
#2215=AXIS2_PLACEMENT_3D('',#3283,#2582,#2583);
#2216=AXIS2_PLACEMENT_3D('',#3284,#2584,#2585);
#2217=AXIS2_PLACEMENT_3D('',#3286,#2586,#2587);
#2218=AXIS2_PLACEMENT_3D('',#3289,#2588,#2589);
#2219=AXIS2_PLACEMENT_3D('',#3290,#2590,#2591);
#2220=AXIS2_PLACEMENT_3D('',#3291,#2592,#2593);
#2221=AXIS2_PLACEMENT_3D('',#3292,#2594,#2595);
#2222=AXIS2_PLACEMENT_3D('',#3294,#2596,#2597);
#2223=AXIS2_PLACEMENT_3D('',#3298,#2599,#2600);
#2224=AXIS2_PLACEMENT_3D('',#3302,#2602,#2603);
#2225=AXIS2_PLACEMENT_3D('',#3303,#2604,#2605);
#2226=AXIS2_PLACEMENT_3D('',#3304,#2606,#2607);
#2227=AXIS2_PLACEMENT_3D('',#3305,#2608,#2609);
#2228=AXIS2_PLACEMENT_3D('',#3306,#2610,#2611);
#2229=AXIS2_PLACEMENT_3D('',#3307,#2612,#2613);
#2230=AXIS2_PLACEMENT_3D('',#3309,#2614,#2615);
#2231=AXIS2_PLACEMENT_3D('',#3313,#2617,#2618);
#2232=AXIS2_PLACEMENT_3D('',#3317,#2620,#2621);
#2233=AXIS2_PLACEMENT_3D('',#3318,#2622,#2623);
#2234=AXIS2_PLACEMENT_3D('',#3319,#2624,#2625);
#2235=AXIS2_PLACEMENT_3D('',#3320,#2626,#2627);
#2236=AXIS2_PLACEMENT_3D('',#3321,#2628,#2629);
#2237=AXIS2_PLACEMENT_3D('',#3322,#2630,#2631);
#2238=AXIS2_PLACEMENT_3D('',#3324,#2632,#2633);
#2239=AXIS2_PLACEMENT_3D('',#3328,#2635,#2636);
#2240=AXIS2_PLACEMENT_3D('',#3332,#2638,#2639);
#2241=AXIS2_PLACEMENT_3D('',#3336,#2641,#2642);
#2242=AXIS2_PLACEMENT_3D('',#3340,#2644,#2645);
#2243=AXIS2_PLACEMENT_3D('',#3341,#2646,#2647);
#2244=AXIS2_PLACEMENT_3D('',#3342,#2648,#2649);
#2245=AXIS2_PLACEMENT_3D('',#3347,#2652,#2653);
#2246=AXIS2_PLACEMENT_3D('',#3351,#2656,#2657);
#2247=AXIS2_PLACEMENT_3D('',#3352,#2658,#2659);
#2248=AXIS2_PLACEMENT_3D('',#3355,#2661,#2662);
#2249=AXIS2_PLACEMENT_3D('',#3359,#2665,#2666);
#2250=AXIS2_PLACEMENT_3D('',#3360,#2667,#2668);
#2251=AXIS2_PLACEMENT_3D('',#3363,#2670,#2671);
#2252=AXIS2_PLACEMENT_3D('',#3367,#2674,#2675);
#2253=AXIS2_PLACEMENT_3D('',#3368,#2676,#2677);
#2254=AXIS2_PLACEMENT_3D('',#3371,#2679,#2680);
#2255=AXIS2_PLACEMENT_3D('',#3373,#2682,#2683);
#2256=AXIS2_PLACEMENT_3D('',#3374,#2684,#2685);
#2257=AXIS2_PLACEMENT_3D('',#3375,#2686,#2687);
#2258=AXIS2_PLACEMENT_3D('',#3485,#2695,#2696);
#2259=AXIS2_PLACEMENT_3D('',#3559,#2700,#2701);
#2260=AXIS2_PLACEMENT_3D('',#3918,#2708,#2709);
#2261=AXIS2_PLACEMENT_3D('',#3921,#2712,#2713);
#2262=AXIS2_PLACEMENT_3D('',#3922,#2714,#2715);
#2263=AXIS2_PLACEMENT_3D('',#3923,#2716,#2717);
#2264=AXIS2_PLACEMENT_3D('',#3928,#2719,#2720);
#2265=AXIS2_PLACEMENT_3D('',#3931,#2722,#2723);
#2266=AXIS2_PLACEMENT_3D('',#3932,#2724,#2725);
#2267=AXIS2_PLACEMENT_3D('',#3933,#2726,#2727);
#2268=AXIS2_PLACEMENT_3D('',#3934,#2728,#2729);
#2269=AXIS2_PLACEMENT_3D('',#3935,#2730,#2731);
#2270=AXIS2_PLACEMENT_3D('',#4006,#2734,#2735);
#2271=AXIS2_PLACEMENT_3D('',#4008,#2736,#2737);
#2272=AXIS2_PLACEMENT_3D('',#4010,#2738,#2739);
#2273=AXIS2_PLACEMENT_3D('',#4012,#2740,#2741);
#2274=AXIS2_PLACEMENT_3D('',#4020,#2745,#2746);
#2275=AXIS2_PLACEMENT_3D('',#4028,#2750,#2751);
#2276=AXIS2_PLACEMENT_3D('',#4036,#2755,#2756);
#2277=AXIS2_PLACEMENT_3D('',#4037,#2757,#2758);
#2278=AXIS2_PLACEMENT_3D('',#4102,#2763,#2764);
#2279=AXIS2_PLACEMENT_3D('',#4260,#2770,#2771);
#2280=AXIS2_PLACEMENT_3D('',#4261,#2772,#2773);
#2281=AXIS2_PLACEMENT_3D('',#4262,#2774,#2775);
#2282=AXIS2_PLACEMENT_3D('',#4263,#2776,#2777);
#2283=AXIS2_PLACEMENT_3D('',#4264,#2778,#2779);
#2284=AXIS2_PLACEMENT_3D('',#4265,#2780,#2781);
#2285=AXIS2_PLACEMENT_3D('',#4287,#2782,#2783);
#2286=AXIS2_PLACEMENT_3D('',#4288,#2784,#2785);
#2287=AXIS2_PLACEMENT_3D('',#4296,#2786,#2787);
#2288=AXIS2_PLACEMENT_3D('',#4297,#2788,#2789);
#2289=AXIS2_PLACEMENT_3D('',#4298,#2790,#2791);
#2290=AXIS2_PLACEMENT_3D('',#4300,#2792,#2793);
#2291=AXIS2_PLACEMENT_3D('',#4301,#2794,#2795);
#2292=AXIS2_PLACEMENT_3D('',#4302,#2796,#2797);
#2293=AXIS2_PLACEMENT_3D('',#4324,#2798,#2799);
#2294=AXIS2_PLACEMENT_3D('',#4325,#2800,#2801);
#2295=AXIS2_PLACEMENT_3D('',#4333,#2802,#2803);
#2296=AXIS2_PLACEMENT_3D('',#4334,#2804,#2805);
#2297=AXIS2_PLACEMENT_3D('',#4335,#2806,#2807);
#2298=AXIS2_PLACEMENT_3D('',#4337,#2808,#2809);
#2299=AXIS2_PLACEMENT_3D('',#4338,#2810,#2811);
#2300=AXIS2_PLACEMENT_3D('',#4339,#2812,#2813);
#2301=AXIS2_PLACEMENT_3D('',#4361,#2814,#2815);
#2302=AXIS2_PLACEMENT_3D('',#4362,#2816,#2817);
#2303=AXIS2_PLACEMENT_3D('',#4370,#2818,#2819);
#2304=AXIS2_PLACEMENT_3D('',#4371,#2820,#2821);
#2305=AXIS2_PLACEMENT_3D('',#4372,#2822,#2823);
#2306=DIRECTION('',(0.,0.,1.));
#2307=DIRECTION('',(1.,0.,0.));
#2308=DIRECTION('',(3.34006202355498E-17,1.,2.10553683761164E-16));
#2309=DIRECTION('',(2.62588870240161E-8,0.,1.));
#2310=DIRECTION('',(1.26931114217144E-23,-1.,4.83316158021555E-16));
#2311=DIRECTION('',(0.707106781186548,0.,0.707106781186548));
#2312=DIRECTION('',(-3.21463337691513E-18,1.,-8.44151734288835E-26));
#2313=DIRECTION('',(-2.62596555829297E-8,0.,1.));
#2314=DIRECTION('',(0.,1.,0.));
#2315=DIRECTION('',(0.606706302690623,0.,0.794926073465624));
#2316=DIRECTION('',(-3.34006202355498E-17,1.,-2.10553683761164E-16));
#2317=DIRECTION('',(-2.62588870087361E-8,0.,-1.));
#2318=DIRECTION('',(-1.26931114217144E-23,-1.,-4.83316158021555E-16));
#2319=DIRECTION('',(0.707106781186548,0.,0.707106781186548));
#2320=DIRECTION('',(3.21463337691513E-18,1.,8.44151734288835E-26));
#2321=DIRECTION('',(2.62596555798003E-8,0.,-1.));
#2322=DIRECTION('',(0.,1.,0.));
#2323=DIRECTION('',(0.606706302690623,0.,0.794926073465624));
#2324=DIRECTION('',(0.,-1.,0.));
#2325=DIRECTION('',(-1.,0.,0.));
#2326=DIRECTION('',(1.,0.,0.));
#2327=DIRECTION('',(0.,-1.,0.));
#2328=DIRECTION('',(0.,-1.,0.));
#2329=DIRECTION('',(0.,0.,-1.));
#2330=DIRECTION('',(0.,-1.,0.));
#2331=DIRECTION('',(0.,0.,-1.));
#2332=DIRECTION('',(-1.,0.,0.));
#2333=DIRECTION('',(0.,1.,0.));
#2334=DIRECTION('',(0.,1.,0.));
#2335=DIRECTION('',(0.,0.,1.));
#2336=DIRECTION('',(0.,1.,0.));
#2337=DIRECTION('',(0.,0.,1.));
#2338=DIRECTION('',(0.,0.,1.));
#2339=DIRECTION('',(1.,0.,0.));
#2340=DIRECTION('',(-1.,0.,0.));
#2341=DIRECTION('',(-1.,0.,0.));
#2342=DIRECTION('',(0.,1.,0.));
#2343=DIRECTION('',(1.,0.,0.));
#2344=DIRECTION('',(-1.54074395550979E-33,1.,1.84288935016962E-17));
#2345=DIRECTION('',(0.90943717015844,0.,-0.415841356209562));
#2346=DIRECTION('',(-5.10442443048929E-17,1.,-3.3821362775575E-17));
#2347=DIRECTION('',(0.389830508474194,5.51289240247213E-17,0.920886624217527));
#2348=DIRECTION('',(0.,1.,0.));
#2349=DIRECTION('',(-1.,0.,0.));
#2350=DIRECTION('',(5.10442443048929E-17,1.,-3.3821362775575E-17));
#2351=DIRECTION('',(-1.,5.51289240247212E-17,1.45246338497132E-16));
#2352=DIRECTION('',(0.,-1.,0.));
#2353=DIRECTION('',(-1.,0.,0.));
#2354=DIRECTION('',(0.,-1.,0.));
#2355=DIRECTION('',(-1.,0.,0.));
#2356=DIRECTION('',(0.,-1.,0.));
#2357=DIRECTION('',(-1.,0.,0.));
#2358=DIRECTION('',(0.,-1.,0.));
#2359=DIRECTION('',(-1.,0.,-1.44560289664734E-15));
#2360=DIRECTION('',(0.,-1.,0.));
#2361=DIRECTION('',(-1.,0.,0.));
#2362=DIRECTION('',(0.,-1.,0.));
#2363=DIRECTION('',(-1.,0.,0.));
#2364=DIRECTION('',(0.,0.,1.));
#2365=DIRECTION('',(1.,0.,0.));
#2366=DIRECTION('',(3.73678797233349E-16,1.,3.12058085964772E-16));
#2367=DIRECTION('',(2.34721667148717E-8,0.,1.));
#2368=DIRECTION('',(-2.82764007515786E-16,1.,2.9966248660105E-16));
#2369=DIRECTION('',(-2.34721667148719E-8,0.,-1.));
#2370=DIRECTION('',(0.,-1.,0.));
#2371=DIRECTION('',(-1.,0.,0.));
#2372=DIRECTION('',(0.,-1.,0.));
#2373=DIRECTION('',(-1.,0.,0.));
#2374=DIRECTION('',(0.,-1.,0.));
#2375=DIRECTION('',(-1.,0.,0.));
#2376=DIRECTION('',(0.,0.,1.));
#2377=DIRECTION('',(1.,0.,0.));
#2378=DIRECTION('',(6.82204008774834E-17,1.,-5.23324732763972E-16));
#2379=DIRECTION('',(-2.34739812696855E-8,8.22748135689994E-16,1.));
#2380=DIRECTION('',(2.84952730162286E-16,1.,8.48479227450281E-16));
#2381=DIRECTION('',(2.34739848606543E-8,8.22748135689992E-16,-1.));
#2382=DIRECTION('',(0.,-1.,0.));
#2383=DIRECTION('',(-1.,0.,0.));
#2384=DIRECTION('',(0.,-1.,0.));
#2385=DIRECTION('',(-1.,0.,0.));
#2386=DIRECTION('',(0.,-1.,0.));
#2387=DIRECTION('',(-1.,0.,0.));
#2388=DIRECTION('',(0.,0.,1.));
#2389=DIRECTION('',(1.,0.,0.));
#2390=DIRECTION('',(-1.58391278102198E-16,1.,5.20920526467266E-16));
#2391=DIRECTION('',(2.34721701610767E-8,-8.22748134331323E-16,1.));
#2392=DIRECTION('',(9.73008727121938E-17,1.,2.33878640366543E-16));
#2393=DIRECTION('',(-2.34721674033584E-8,0.,-1.));
#2394=DIRECTION('',(0.,-1.,0.));
#2395=DIRECTION('',(-1.,0.,0.));
#2396=DIRECTION('',(0.,-1.,0.));
#2397=DIRECTION('',(-1.,0.,0.));
#2398=DIRECTION('',(0.,-1.,0.));
#2399=DIRECTION('',(-1.,0.,0.));
#2400=DIRECTION('',(0.,0.,1.));
#2401=DIRECTION('',(1.,0.,0.));
#2402=DIRECTION('',(5.3920004100003E-16,1.,-1.96466825897999E-16));
#2403=DIRECTION('',(2.34721716513607E-8,0.,1.));
#2404=DIRECTION('',(-3.11844517688029E-16,1.,-1.03936994360996E-15));
#2405=DIRECTION('',(-2.34721732968569E-8,-8.22748134331322E-16,-1.));
#2406=DIRECTION('',(0.,-1.,0.));
#2407=DIRECTION('',(-1.,0.,0.));
#2408=DIRECTION('',(0.,-1.,0.));
#2409=DIRECTION('',(-1.,0.,0.));
#2410=DIRECTION('',(0.,-1.,0.));
#2411=DIRECTION('',(-1.,0.,0.));
#2412=DIRECTION('',(0.,0.,1.));
#2413=DIRECTION('',(1.,0.,0.));
#2414=DIRECTION('',(0.500000000000017,0.,-0.866025403784429));
#2415=DIRECTION('',(-0.866025403784429,0.,-0.500000000000017));
#2416=DIRECTION('',(0.,-1.,0.));
#2417=DIRECTION('',(0.866025403784663,0.,0.499999999999611));
#2418=DIRECTION('',(0.,1.,0.));
#2419=DIRECTION('',(-0.866025403784429,0.,-0.500000000000017));
#2420=DIRECTION('',(0.866025403784429,0.,0.500000000000017));
#2421=DIRECTION('',(-0.500000000000017,0.,0.866025403784429));
#2422=DIRECTION('',(0.,-1.,0.));
#2423=DIRECTION('',(-0.499999999999974,0.,0.866025403784454));
#2424=DIRECTION('',(0.500000000000017,0.,-0.866025403784429));
#2425=DIRECTION('',(-0.500000000000016,0.,0.866025403784429));
#2426=DIRECTION('',(-0.866025403784429,0.,-0.500000000000016));
#2427=DIRECTION('',(0.,-1.,0.));
#2428=DIRECTION('',(-0.866025403784662,0.,-0.499999999999613));
#2429=DIRECTION('',(0.866025403784429,0.,0.500000000000016));
#2430=DIRECTION('',(0.,0.,-1.));
#2431=DIRECTION('',(1.,0.,0.));
#2432=DIRECTION('',(0.,-1.,0.));
#2433=DIRECTION('',(1.,0.,0.));
#2434=DIRECTION('',(0.,1.,0.));
#2435=DIRECTION('',(-1.,0.,0.));
#2436=DIRECTION('',(1.,0.,0.));
#2437=DIRECTION('',(0.,-1.,0.));
#2438=DIRECTION('',(0.,-1.,0.));
#2439=DIRECTION('',(0.,0.,1.));
#2440=DIRECTION('',(0.,0.,-1.));
#2441=DIRECTION('',(1.,0.,0.));
#2442=DIRECTION('',(0.,-1.,0.));
#2443=DIRECTION('',(0.,1.,0.));
#2444=DIRECTION('',(0.,0.,-1.));
#2445=DIRECTION('',(0.,-1.,0.));
#2446=DIRECTION('',(0.,0.,1.));
#2447=DIRECTION('',(0.,1.,0.));
#2448=DIRECTION('',(1.,0.,0.));
#2449=DIRECTION('',(0.,-1.,0.));
#2450=DIRECTION('',(0.,1.,0.));
#2451=DIRECTION('',(1.,0.,0.));
#2452=DIRECTION('',(0.,-1.,0.));
#2453=DIRECTION('',(1.,0.,0.));
#2454=DIRECTION('',(-1.,0.,0.));
#2455=DIRECTION('',(0.,1.,0.));
#2456=DIRECTION('',(0.,0.,1.));
#2457=DIRECTION('',(0.,-1.,0.));
#2458=DIRECTION('',(0.,0.,-1.));
#2459=DIRECTION('',(0.,1.,0.));
#2460=DIRECTION('',(1.,0.,0.));
#2461=DIRECTION('',(0.,-1.,0.));
#2462=DIRECTION('',(1.,0.,0.));
#2463=DIRECTION('',(0.,-1.,0.));
#2464=DIRECTION('',(0.,-1.,0.));
#2465=DIRECTION('',(1.,0.,0.));
#2466=DIRECTION('',(0.,-1.,0.));
#2467=DIRECTION('',(1.14467222835052E-15,1.,1.58022808466386E-15));
#2468=DIRECTION('',(0.205128205128195,-1.77920356510441E-15,0.978735111999608));
#2469=DIRECTION('',(0.,-1.,0.));
#2470=DIRECTION('',(1.,0.,0.));
#2471=DIRECTION('',(0.499999999999126,0.,0.866025403784943));
#2472=DIRECTION('',(-0.866025403784943,0.,0.499999999999126));
#2473=DIRECTION('',(0.,-1.,0.));
#2474=DIRECTION('',(-0.866025403784662,0.,0.499999999999613));
#2475=DIRECTION('',(0.866025403784943,0.,-0.499999999999126));
#2476=DIRECTION('',(-0.866025403784429,0.,0.500000000000017));
#2477=DIRECTION('',(-0.500000000000017,0.,-0.866025403784429));
#2478=DIRECTION('',(0.,-1.,0.));
#2479=DIRECTION('',(-0.499999999999974,0.,-0.866025403784454));
#2480=DIRECTION('',(0.500000000000017,0.,0.866025403784429));
#2481=DIRECTION('',(-0.499999999999125,0.,-0.866025403784944));
#2482=DIRECTION('',(-0.866025403784944,0.,0.499999999999125));
#2483=DIRECTION('',(0.,-1.,0.));
#2484=DIRECTION('',(0.866025403785385,0.,-0.499999999998361));
#2485=DIRECTION('',(-0.866025403784944,0.,0.499999999999125));
#2486=DIRECTION('',(0.500000000000017,0.,0.866025403784429));
#2487=DIRECTION('',(-0.866025403784429,0.,0.500000000000017));
#2488=DIRECTION('',(0.,1.,0.));
#2489=DIRECTION('',(0.866025403784429,0.,-0.500000000000017));
#2490=DIRECTION('',(0.,-1.,0.));
#2491=DIRECTION('',(-0.866025403784429,0.,0.500000000000017));
#2492=DIRECTION('',(0.,1.,0.));
#2493=DIRECTION('',(1.,0.,0.));
#2494=DIRECTION('',(0.,-1.,0.));
#2495=DIRECTION('',(1.,0.,0.));
#2496=DIRECTION('',(0.,-1.,0.));
#2497=DIRECTION('',(0.,-1.,0.));
#2498=DIRECTION('',(1.,0.,0.));
#2499=DIRECTION('',(0.,1.,0.));
#2500=DIRECTION('',(0.74504536800336,0.,-0.667013792673538));
#2501=DIRECTION('',(0.,-1.,0.));
#2502=DIRECTION('',(1.,0.,0.));
#2503=DIRECTION('',(-0.500000000000017,0.,0.866025403784429));
#2504=DIRECTION('',(-0.866025403784429,0.,-0.500000000000017));
#2505=DIRECTION('',(0.866025403784429,0.,0.500000000000017));
#2506=DIRECTION('',(0.,-1.,0.));
#2507=DIRECTION('',(-0.866025403784429,0.,-0.500000000000017));
#2508=DIRECTION('',(0.,1.,0.));
#2509=DIRECTION('',(1.,0.,0.));
#2510=DIRECTION('',(0.,1.,0.));
#2511=DIRECTION('',(0.,1.,0.));
#2512=DIRECTION('',(1.,0.,0.));
#2513=DIRECTION('',(0.,-1.,0.));
#2514=DIRECTION('',(1.,0.,0.));
#2515=DIRECTION('',(0.500000000000017,0.,-0.866025403784429));
#2516=DIRECTION('',(-0.866025403784429,0.,-0.500000000000017));
#2517=DIRECTION('',(-0.866025403784429,0.,-0.500000000000017));
#2518=DIRECTION('',(0.,-1.,0.));
#2519=DIRECTION('',(0.866025403784429,0.,0.500000000000017));
#2520=DIRECTION('',(0.,1.,0.));
#2521=DIRECTION('',(1.,0.,0.));
#2522=DIRECTION('',(0.,-1.,0.));
#2523=DIRECTION('',(1.,0.,0.));
#2524=DIRECTION('',(0.,-1.,0.));
#2525=DIRECTION('',(1.,0.,0.));
#2526=DIRECTION('',(0.,-1.,0.));
#2527=DIRECTION('',(-1.94085377926775E-15,1.,2.01201186426255E-16));
#2528=DIRECTION('',(-0.950173573131579,-1.77920356510444E-15,-0.31172131932604));
#2529=DIRECTION('',(0.,-1.,0.));
#2530=DIRECTION('',(1.,0.,0.));
#2531=DIRECTION('',(-1.,0.,0.));
#2532=DIRECTION('',(0.,1.,0.));
#2533=DIRECTION('',(0.,0.,-1.));
#2534=DIRECTION('',(0.,0.,1.));
#2535=DIRECTION('',(0.,1.,0.));
#2536=DIRECTION('',(1.,0.,0.));
#2537=DIRECTION('',(0.,1.,0.));
#2538=DIRECTION('',(1.,0.,0.));
#2539=DIRECTION('',(0.866025403784429,0.,-0.500000000000017));
#2540=DIRECTION('',(0.,1.,0.));
#2541=DIRECTION('',(1.,0.,0.));
#2542=DIRECTION('',(0.,1.,0.));
#2543=DIRECTION('',(1.,0.,0.));
#2544=DIRECTION('',(-0.500000000000017,0.,-0.866025403784429));
#2545=DIRECTION('',(-0.866025403784429,0.,0.500000000000017));
#2546=DIRECTION('',(-0.866025403784429,0.,0.500000000000017));
#2547=DIRECTION('',(0.,-1.,0.));
#2548=DIRECTION('',(0.,1.,0.));
#2549=DIRECTION('',(1.,0.,0.));
#2550=DIRECTION('',(0.,-1.,0.));
#2551=DIRECTION('',(1.,0.,0.));
#2552=DIRECTION('',(0.,1.,0.));
#2553=DIRECTION('',(1.,0.,0.));
#2554=DIRECTION('',(0.,-1.,0.));
#2555=DIRECTION('',(1.,0.,0.));
#2556=DIRECTION('',(1.,0.,0.));
#2557=DIRECTION('',(0.,-1.,0.));
#2558=DIRECTION('',(0.,0.,-1.));
#2559=DIRECTION('',(0.,-1.,0.));
#2560=DIRECTION('',(0.,0.,-1.));
#2561=DIRECTION('',(0.,-1.,0.));
#2562=DIRECTION('',(0.,1.,0.));
#2563=DIRECTION('',(1.,0.,0.));
#2564=DIRECTION('',(0.,1.,0.));
#2565=DIRECTION('',(1.,0.,0.));
#2566=DIRECTION('',(0.,0.,-1.));
#2567=DIRECTION('',(1.,0.,0.));
#2568=DIRECTION('',(-1.,0.,0.));
#2569=DIRECTION('',(0.,1.,0.));
#2570=DIRECTION('',(0.,0.,1.));
#2571=DIRECTION('',(0.,1.,0.));
#2572=DIRECTION('',(0.,1.,0.));
#2573=DIRECTION('',(0.,0.,1.));
#2574=DIRECTION('',(1.,0.,0.));
#2575=DIRECTION('',(0.,0.,-1.));
#2576=DIRECTION('',(0.,-1.,0.));
#2577=DIRECTION('',(-1.,0.,0.));
#2578=DIRECTION('',(0.,0.,-1.));
#2579=DIRECTION('',(1.,0.,0.));
#2580=DIRECTION('',(0.,1.,0.));
#2581=DIRECTION('',(1.,0.,0.));
#2582=DIRECTION('',(0.,1.,0.));
#2583=DIRECTION('',(1.,0.,0.));
#2584=DIRECTION('',(0.,1.,0.));
#2585=DIRECTION('',(-1.,0.,0.));
#2586=DIRECTION('',(-1.54074395550979E-33,1.,1.84288935016962E-17));
#2587=DIRECTION('',(0.90943717015844,0.,-0.415841356209562));
#2588=DIRECTION('',(5.10442443048929E-17,1.,-3.3821362775575E-17));
#2589=DIRECTION('',(-1.,5.51289240247212E-17,1.43482212928341E-16));
#2590=DIRECTION('',(-5.10442443048929E-17,1.,-3.3821362775575E-17));
#2591=DIRECTION('',(0.389830508474194,5.51289240247213E-17,0.920886624217527));
#2592=DIRECTION('',(0.,1.,0.));
#2593=DIRECTION('',(1.,0.,0.));
#2594=DIRECTION('',(0.,1.,0.));
#2595=DIRECTION('',(1.,0.,0.));
#2596=DIRECTION('',(-2.0094320328391E-15,1.,-1.57478069254074E-15));
#2597=DIRECTION('',(1.,2.0094320328391E-15,0.));
#2598=DIRECTION('',(0.707101506232043,-0.707112056101702,0.));
#2599=DIRECTION('',(-1.98254111540206E-15,1.,1.98254111540206E-15));
#2600=DIRECTION('',(1.,1.98254111540206E-15,-9.91270557701033E-16));
#2601=DIRECTION('',(0.707101506231195,0.70711205610255,0.));
#2602=DIRECTION('',(0.,1.,1.95921180439171E-17));
#2603=DIRECTION('',(1.,0.,0.));
#2604=DIRECTION('',(-2.66046505237124E-15,1.,-2.77603016450714E-15));
#2605=DIRECTION('',(0.,2.77603016450714E-15,1.));
#2606=DIRECTION('',(1.98254111540206E-15,-1.,1.98254111540206E-15));
#2607=DIRECTION('',(1.,1.98254111540206E-15,9.91270557701033E-16));
#2608=DIRECTION('',(0.,1.,-1.95921180439178E-17));
#2609=DIRECTION('',(-1.,0.,0.));
#2610=DIRECTION('',(0.,-1.,0.));
#2611=DIRECTION('',(-1.,0.,0.));
#2612=DIRECTION('',(0.,1.,0.));
#2613=DIRECTION('',(-1.,0.,0.));
#2614=DIRECTION('',(2.66046505237124E-15,1.,2.77603016450714E-15));
#2615=DIRECTION('',(0.,-2.77603016450714E-15,1.));
#2616=DIRECTION('',(0.707101506231195,-0.70711205610255,0.));
#2617=DIRECTION('',(-1.98254111540206E-15,1.,1.98254111540206E-15));
#2618=DIRECTION('',(1.,1.98254111540206E-15,9.91270557701033E-16));
#2619=DIRECTION('',(0.707101506232043,0.707112056101702,0.));
#2620=DIRECTION('',(0.,1.,1.95921180439178E-17));
#2621=DIRECTION('',(1.,0.,0.));
#2622=DIRECTION('',(2.0094320328391E-15,1.,1.57478069254074E-15));
#2623=DIRECTION('',(1.,-2.0094320328391E-15,0.));
#2624=DIRECTION('',(1.98254111540206E-15,-1.,1.98254111540206E-15));
#2625=DIRECTION('',(1.,1.98254111540206E-15,-9.91270557701033E-16));
#2626=DIRECTION('',(0.,1.,-1.95921180439171E-17));
#2627=DIRECTION('',(-1.,0.,0.));
#2628=DIRECTION('',(0.,-1.,0.));
#2629=DIRECTION('',(-1.,0.,0.));
#2630=DIRECTION('',(0.,1.,0.));
#2631=DIRECTION('',(-1.,0.,0.));
#2632=DIRECTION('',(0.,-1.,0.));
#2633=DIRECTION('',(-1.,0.,0.));
#2634=DIRECTION('',(0.,0.,-1.));
#2635=DIRECTION('',(0.,1.,0.));
#2636=DIRECTION('',(-1.,0.,0.));
#2637=DIRECTION('',(1.,0.,0.));
#2638=DIRECTION('',(0.,1.,0.));
#2639=DIRECTION('',(-1.,0.,0.));
#2640=DIRECTION('',(0.,0.,1.));
#2641=DIRECTION('',(0.,1.,0.));
#2642=DIRECTION('',(-1.,0.,0.));
#2643=DIRECTION('',(-1.,0.,0.));
#2644=DIRECTION('',(0.,1.,0.));
#2645=DIRECTION('',(-1.,0.,0.));
#2646=DIRECTION('',(0.,-1.,0.));
#2647=DIRECTION('',(-1.,0.,0.));
#2648=DIRECTION('',(0.,-1.,0.));
#2649=DIRECTION('',(1.,0.,0.));
#2650=DIRECTION('',(0.,1.,0.));
#2651=DIRECTION('',(0.,-1.,0.));
#2652=DIRECTION('',(0.,0.,1.));
#2653=DIRECTION('',(1.,0.,0.));
#2654=DIRECTION('',(-1.,0.,0.));
#2655=DIRECTION('',(0.,1.,0.));
#2656=DIRECTION('',(0.,-1.,0.));
#2657=DIRECTION('',(-1.,0.,0.));
#2658=DIRECTION('',(0.,-1.,0.));
#2659=DIRECTION('',(1.,0.,0.));
#2660=DIRECTION('',(0.,1.,0.));
#2661=DIRECTION('',(-1.,0.,0.));
#2662=DIRECTION('',(0.,1.,0.));
#2663=DIRECTION('',(0.,0.,-1.));
#2664=DIRECTION('',(0.,1.,0.));
#2665=DIRECTION('',(0.,-1.,0.));
#2666=DIRECTION('',(-1.,0.,0.));
#2667=DIRECTION('',(0.,-1.,0.));
#2668=DIRECTION('',(1.,0.,0.));
#2669=DIRECTION('',(0.,1.,0.));
#2670=DIRECTION('',(0.,0.,-1.));
#2671=DIRECTION('',(1.,0.,0.));
#2672=DIRECTION('',(1.,0.,0.));
#2673=DIRECTION('',(0.,1.,0.));
#2674=DIRECTION('',(0.,-1.,0.));
#2675=DIRECTION('',(-1.,0.,0.));
#2676=DIRECTION('',(0.,-1.,0.));
#2677=DIRECTION('',(1.,0.,0.));
#2678=DIRECTION('',(0.,1.,0.));
#2679=DIRECTION('',(1.,0.,0.));
#2680=DIRECTION('',(0.,-1.,0.));
#2681=DIRECTION('',(0.,0.,1.));
#2682=DIRECTION('',(0.,1.,0.));
#2683=DIRECTION('',(1.,0.,0.));
#2684=DIRECTION('',(0.,0.,1.));
#2685=DIRECTION('',(1.,0.,0.));
#2686=DIRECTION('',(-1.,0.,0.));
#2687=DIRECTION('',(0.,1.,0.));
#2688=DIRECTION('',(0.,1.,0.));
#2689=DIRECTION('',(0.,0.,1.));
#2690=DIRECTION('',(0.,1.,-3.32488666228921E-14));
#2691=DIRECTION('',(0.,0.,1.));
#2692=DIRECTION('',(0.,1.,0.));
#2693=DIRECTION('',(0.,1.,0.));
#2694=DIRECTION('',(0.,1.,0.));
#2695=DIRECTION('',(1.,0.,0.));
#2696=DIRECTION('',(0.,-1.,0.));
#2697=DIRECTION('',(0.,1.,0.));
#2698=DIRECTION('',(0.,0.,-1.));
#2699=DIRECTION('',(0.,0.,-1.));
#2700=DIRECTION('',(0.,-1.,0.));
#2701=DIRECTION('',(-1.,0.,0.));
#2702=DIRECTION('',(0.,1.,-6.86661375907486E-15));
#2703=DIRECTION('',(4.65303432358363E-15,1.,0.));
#2704=DIRECTION('',(-3.43330687953743E-15,1.,0.));
#2705=DIRECTION('',(0.,1.,0.));
#2706=DIRECTION('',(2.66533034069354E-15,1.,0.));
#2707=DIRECTION('',(0.,1.,0.));
#2708=DIRECTION('',(0.,0.,-1.));
#2709=DIRECTION('',(1.,0.,0.));
#2710=DIRECTION('',(-1.,0.,0.));
#2711=DIRECTION('',(-1.,0.,0.));
#2712=DIRECTION('',(0.,-1.,0.));
#2713=DIRECTION('',(-1.,0.,0.));
#2714=DIRECTION('',(0.,1.,0.));
#2715=DIRECTION('',(1.,0.,0.));
#2716=DIRECTION('',(0.,-1.,0.));
#2717=DIRECTION('',(-1.,0.,0.));
#2718=DIRECTION('',(0.,1.,0.));
#2719=DIRECTION('',(0.,1.,0.));
#2720=DIRECTION('',(-1.,0.,0.));
#2721=DIRECTION('',(0.,-1.,0.));
#2722=DIRECTION('',(0.,1.,0.));
#2723=DIRECTION('',(1.,0.,0.));
#2724=DIRECTION('',(0.,-1.,0.));
#2725=DIRECTION('',(-1.,0.,0.));
#2726=DIRECTION('',(0.,1.,0.));
#2727=DIRECTION('',(-1.,0.,0.));
#2728=DIRECTION('',(0.,-1.,0.));
#2729=DIRECTION('',(-1.,0.,0.));
#2730=DIRECTION('',(0.,-1.,0.));
#2731=DIRECTION('',(-1.,0.,0.));
#2732=DIRECTION('',(1.,0.,0.));
#2733=DIRECTION('',(-1.,0.,0.));
#2734=DIRECTION('',(0.,1.,0.));
#2735=DIRECTION('',(-1.,0.,0.));
#2736=DIRECTION('',(0.,-1.,0.));
#2737=DIRECTION('',(1.,0.,0.));
#2738=DIRECTION('',(0.,-1.,0.));
#2739=DIRECTION('',(1.,0.,0.));
#2740=DIRECTION('',(0.,-1.,0.));
#2741=DIRECTION('',(-1.,0.,0.));
#2742=DIRECTION('',(-0.866025403784662,0.,-0.499999999999613));
#2743=DIRECTION('',(-0.499999999999974,0.,0.866025403784454));
#2744=DIRECTION('',(0.866025403784663,0.,0.499999999999611));
#2745=DIRECTION('',(0.,1.,0.));
#2746=DIRECTION('',(0.985000840725696,0.,0.172549540044801));
#2747=DIRECTION('',(0.866025403785385,0.,-0.499999999998361));
#2748=DIRECTION('',(-0.499999999999974,0.,-0.866025403784454));
#2749=DIRECTION('',(-0.866025403784662,0.,0.499999999999613));
#2750=DIRECTION('',(5.23860043978817E-16,1.,3.02450737408876E-16));
#2751=DIRECTION('',(0.205128205128193,-3.55840713020885E-16,0.978735111999608));
#2752=DIRECTION('',(0.,0.,1.));
#2753=DIRECTION('',(1.,0.,0.));
#2754=DIRECTION('',(0.,0.,-1.));
#2755=DIRECTION('',(-5.23860043978817E-16,1.,3.02450737408876E-16));
#2756=DIRECTION('',(-0.950173573131581,-3.55840713020885E-16,-0.311721319326036));
#2757=DIRECTION('',(0.,0.,-1.));
#2758=DIRECTION('',(1.,0.,0.));
#2759=DIRECTION('',(3.18032637262404E-14,1.,0.));
#2760=DIRECTION('',(-1.,0.,0.));
#2761=DIRECTION('',(0.,-1.,0.));
#2762=DIRECTION('',(0.,1.,-3.32488666228878E-14));
#2763=DIRECTION('',(0.,0.,1.));
#2764=DIRECTION('',(1.,0.,0.));
#2765=DIRECTION('',(0.,1.,0.));
#2766=DIRECTION('',(1.,0.,0.));
#2767=DIRECTION('',(0.,1.,0.));
#2768=DIRECTION('',(0.,1.,0.));
#2769=DIRECTION('',(0.,1.,0.));
#2770=DIRECTION('',(0.,-1.,0.));
#2771=DIRECTION('',(-1.,0.,0.));
#2772=DIRECTION('',(0.,-1.,0.));
#2773=DIRECTION('',(-1.,0.,0.));
#2774=DIRECTION('',(0.,-1.,0.));
#2775=DIRECTION('',(-1.,0.,0.));
#2776=DIRECTION('',(0.,0.,1.));
#2777=DIRECTION('',(1.,0.,0.));
#2778=DIRECTION('',(2.05222373022394E-13,1.,3.92060717038039E-11));
#2779=DIRECTION('',(-3.49657326743755E-6,3.92060945793594E-11,-0.999999999993887));
#2780=DIRECTION('',(-1.44461707645185E-22,-1.,5.04579357331835E-15));
#2781=DIRECTION('',(-0.99999969294318,0.,-0.000783653971160404));
#2782=DIRECTION('',(-1.89086010793567E-13,1.,-3.91949124447041E-11));
#2783=DIRECTION('',(3.49656916573513E-6,3.91945042850541E-11,0.999999999993887));
#2784=DIRECTION('',(-1.75308963096055E-24,-1.,6.12323399573676E-17));
#2785=DIRECTION('',(0.999999692943184,0.,0.000783653965548917));
#2786=DIRECTION('',(0.,1.,0.));
#2787=DIRECTION('',(1.,0.,0.));
#2788=DIRECTION('',(0.,1.,0.));
#2789=DIRECTION('',(1.,0.,0.));
#2790=DIRECTION('',(0.,1.,0.));
#2791=DIRECTION('',(1.,0.,0.));
#2792=DIRECTION('',(0.,0.,1.));
#2793=DIRECTION('',(1.,0.,0.));
#2794=DIRECTION('',(2.06650782883375E-13,1.,3.91794395937532E-11));
#2795=DIRECTION('',(-3.49658098167703E-6,3.91790505625426E-11,-0.999999999993887));
#2796=DIRECTION('',(1.75326535755525E-24,-1.,-6.12323399573676E-17));
#2797=DIRECTION('',(-0.999999692943184,0.,-0.000783653965575311));
#2798=DIRECTION('',(-2.03887969590106E-13,1.,-3.92056220169293E-11));
#2799=DIRECTION('',(3.49656908229052E-6,3.92060945771036E-11,0.999999999993887));
#2800=DIRECTION('',(4.60453697235975E-24,-1.,-1.60812264967663E-16));
#2801=DIRECTION('',(0.999999692943175,0.,0.000783653976828312));
#2802=DIRECTION('',(0.,1.,0.));
#2803=DIRECTION('',(1.,0.,0.));
#2804=DIRECTION('',(0.,1.,0.));
#2805=DIRECTION('',(1.,0.,0.));
#2806=DIRECTION('',(0.,1.,0.));
#2807=DIRECTION('',(1.,0.,0.));
#2808=DIRECTION('',(0.,0.,1.));
#2809=DIRECTION('',(1.,0.,0.));
#2810=DIRECTION('',(2.06594590505185E-13,1.,3.92026859336343E-11));
#2811=DIRECTION('',(-3.49657321539649E-6,3.92022311486735E-11,-0.999999999993887));
#2812=DIRECTION('',(-1.76265203104317E-22,-1.,6.15601659794351E-15));
#2813=DIRECTION('',(-0.999999692943184,0.,-0.000783653965603607));
#2814=DIRECTION('',(-2.05933639079722E-13,1.,-3.92067814504812E-11));
#2815=DIRECTION('',(3.49657321153304E-6,3.92060945793571E-11,0.999999999993887));
#2816=DIRECTION('',(6.81825615187084E-23,-1.,-2.38125831421798E-15));
#2817=DIRECTION('',(0.999999692943184,0.,0.000783653965636547));
#2818=DIRECTION('',(0.,1.,0.));
#2819=DIRECTION('',(1.,0.,0.));
#2820=DIRECTION('',(0.,1.,0.));
#2821=DIRECTION('',(1.,0.,0.));
#2822=DIRECTION('',(0.,1.,0.));
#2823=DIRECTION('',(1.,0.,0.));
#2824=CARTESIAN_POINT('',(0.,0.,0.));
#2825=CARTESIAN_POINT('',(2.52816213371659E-19,0.00275002055108323,2.88043994454773E-19));
#2826=CARTESIAN_POINT('',(-0.00115,0.00275,-4.86460946093892E-18));
#2827=CARTESIAN_POINT('',(-0.00115,0.00275,0.000301069297406857));
#2828=CARTESIAN_POINT('',(-0.000901153366128056,0.00275,0.000900810952999156));
#2829=CARTESIAN_POINT('',(9.56171735964199E-12,0.00275,0.00127459452688055));
#2830=CARTESIAN_POINT('',(0.000901153379643412,0.00275,0.000900810939478662));
#2831=CARTESIAN_POINT('',(0.00115000000451711,0.00275,0.000301069280152782));
#2832=CARTESIAN_POINT('',(0.00115,0.00275,-1.7254080588955E-11));
#2833=CARTESIAN_POINT('',(0.00114991717644418,0.00274999987505627,-2.07535809552251E-11));
#2834=CARTESIAN_POINT('',(-0.00114991717644418,0.00274999987505627,1.27422322048599E-11));
#2835=CARTESIAN_POINT('',(-0.00114983180513333,0.0027499998753084,2.37218210526642E-11));
#2836=CARTESIAN_POINT('',(-0.00114984263094704,0.0028808901830189,2.37238496640324E-11));
#2837=CARTESIAN_POINT('',(-0.00103076067108538,0.00299999178534368,2.12687438302562E-11));
#2838=CARTESIAN_POINT('',(-0.000899870363369672,0.00300000254798904,1.8569183086704E-11));
#2839=CARTESIAN_POINT('',(-0.00089987036316016,0.003,2.3632884093717E-11));
#2840=CARTESIAN_POINT('',(6.01853107621011E-36,0.003,6.11855452579223E-20));
#2841=CARTESIAN_POINT('',(0.00089987036316016,0.003,-2.3632884093717E-11));
#2842=CARTESIAN_POINT('',(0.000899870363369671,0.00300000254798904,-2.41656633122695E-11));
#2843=CARTESIAN_POINT('',(0.00103076067108539,0.00299999178534368,-2.76792580965623E-11));
#2844=CARTESIAN_POINT('',(0.00114984263094705,0.00288089018301888,-3.08749594505219E-11));
#2845=CARTESIAN_POINT('',(0.00114983180513333,0.00274999987530837,-3.08728635662857E-11));
#2846=CARTESIAN_POINT('',(3.86041369343865E-20,0.000249979449005359,4.33680868979281E-19));
#2847=CARTESIAN_POINT('',(0.00115,0.00025,1.7254084825105E-11));
#2848=CARTESIAN_POINT('',(0.00114999999548289,0.00025,0.000301069311785267));
#2849=CARTESIAN_POINT('',(0.0009011533576064,0.00025,0.00090081095801044));
#2850=CARTESIAN_POINT('',(-9.56172585394901E-12,0.00025,0.00127459452437491));
#2851=CARTESIAN_POINT('',(-0.000901153371121768,0.00025,0.000900810944489934));
#2852=CARTESIAN_POINT('',(-0.00115,0.00025,0.000301069294531177));
#2853=CARTESIAN_POINT('',(-0.00115,0.00025,-4.86460946093892E-18));
#2854=CARTESIAN_POINT('',(-0.00114991717644418,0.00025000012494373,-1.27159356030589E-11));
#2855=CARTESIAN_POINT('',(0.00114991717644418,0.000250000124943727,2.1342976548392E-11));
#2856=CARTESIAN_POINT('',(0.00114983690064634,0.000250000124732975,2.3721931526764E-11));
#2857=CARTESIAN_POINT('',(0.00114982607485735,0.000119109816996215,2.37235134310723E-11));
#2858=CARTESIAN_POINT('',(0.0012689080347421,8.2146627930411E-9,2.61822303170605E-11));
#2859=CARTESIAN_POINT('',(0.00139979834248407,-2.54799141133556E-9,2.88854021412635E-11));
#2860=CARTESIAN_POINT('',(0.00139979834269358,0.,3.67622633513747E-11));
#2861=CARTESIAN_POINT('',(-1.05926146941298E-33,0.,-5.84021666425084E-19));
#2862=CARTESIAN_POINT('',(-0.00139979834269358,0.,-3.67622633513747E-11));
#2863=CARTESIAN_POINT('',(-0.00139979834248407,-2.54799141134456E-9,-3.67622665421666E-11));
#2864=CARTESIAN_POINT('',(-0.0012689080347421,8.21466279215815E-9,-3.33225562554479E-11));
#2865=CARTESIAN_POINT('',(-0.00114982607485735,0.000119109816996216,-3.01937481674452E-11));
#2866=CARTESIAN_POINT('',(-0.00114983690064634,0.000250000124732977,-3.01922271813982E-11));
#2867=CARTESIAN_POINT('',(-2.69266968136612E-19,0.00275002055108323,-7.12035599576725E-20));
#2868=CARTESIAN_POINT('',(0.00115,0.00275,-2.07550775923689E-11));
#2869=CARTESIAN_POINT('',(0.00114999999456633,0.00275,-0.00030106931499451));
#2870=CARTESIAN_POINT('',(0.000901153355370657,0.00275,-0.000900810959890562));
#2871=CARTESIAN_POINT('',(-1.15018731718418E-11,0.00275,-0.0012745945241207));
#2872=CARTESIAN_POINT('',(-0.000901153371628397,0.00275,-0.000900810943626642));
#2873=CARTESIAN_POINT('',(-0.00115,0.00275,-0.000301069294239432));
#2874=CARTESIAN_POINT('',(-0.00115,0.00275,-3.92523114670944E-20));
#2875=CARTESIAN_POINT('',(-6.01853107621011E-36,0.003,-6.11855452579223E-20));
#2876=CARTESIAN_POINT('',(-3.47768239388932E-20,0.000249979449004956,-5.42101086227831E-19));
#2877=CARTESIAN_POINT('',(-0.00115,0.00025,-3.92523114670944E-20));
#2878=CARTESIAN_POINT('',(-0.00115,0.00025,-0.000301069297747731));
#2879=CARTESIAN_POINT('',(-0.000901153365536121,0.00025,-0.000900810954007802));
#2880=CARTESIAN_POINT('',(1.1828522011029E-11,0.00025,-0.00127459452717755));
#2881=CARTESIAN_POINT('',(0.000901153382255575,0.00025,-0.000900810937281992));
#2882=CARTESIAN_POINT('',(0.00115000000558798,0.00025,-0.000301069276403217));
#2883=CARTESIAN_POINT('',(0.00115,0.00025,2.13445138206229E-11));
#2884=CARTESIAN_POINT('',(1.05926146941298E-33,0.,5.84021666425084E-19));
#2885=CARTESIAN_POINT('',(0.00144058319863184,0.003,0.00144058319863184));
#2886=CARTESIAN_POINT('',(0.0046,0.0100705831986318,0.0127239369820558));
#2887=CARTESIAN_POINT('',(0.0046,0.0100705831986318,0.0125));
#2888=CARTESIAN_POINT('',(0.0046,0.0015,0.0125));
#2889=CARTESIAN_POINT('',(0.0046,0.,0.0125));
#2890=CARTESIAN_POINT('',(0.0046,0.,0.0127239369820558));
#2891=CARTESIAN_POINT('',(0.0046,0.,0.01086646216576));
#2892=CARTESIAN_POINT('',(0.0046,0.01085,0.0108664621657649));
#2893=CARTESIAN_POINT('',(0.0046,0.0015,0.01086646216576));
#2894=CARTESIAN_POINT('',(0.0046,0.0015,0.01168323108288));
#2895=CARTESIAN_POINT('',(-0.0046,-0.000970583198631844,0.0127239369820558));
#2896=CARTESIAN_POINT('',(-0.0046,0.01085,0.0108664621657649));
#2897=CARTESIAN_POINT('',(-0.0046,0.,0.01086646216576));
#2898=CARTESIAN_POINT('',(-0.0046,0.0015,0.01086646216576));
#2899=CARTESIAN_POINT('',(-0.0046,0.,0.0127239369820558));
#2900=CARTESIAN_POINT('',(-0.0046,0.,0.0125));
#2901=CARTESIAN_POINT('',(-0.0046,-0.000970583198631844,0.0125));
#2902=CARTESIAN_POINT('',(-0.0046,0.0015,0.0125));
#2903=CARTESIAN_POINT('',(-0.0046,0.0015,0.01168323108288));
#2904=CARTESIAN_POINT('',(0.00558058319863184,-0.000970583198631843,0.0125));
#2905=CARTESIAN_POINT('',(0.,0.0015,0.0125));
#2906=CARTESIAN_POINT('',(-0.0142205831986318,0.,0.0125));
#2907=CARTESIAN_POINT('',(0.,0.01085,0.));
#2908=CARTESIAN_POINT('',(1.33490709911127E-18,0.0015,-4.75560654058389E-18));
#2909=CARTESIAN_POINT('',(0.0118,0.0015,-1.37797266343645E-19));
#2910=CARTESIAN_POINT('',(-0.0118,0.0015,-3.05971395650239E-35));
#2911=CARTESIAN_POINT('',(7.40206507199304E-15,0.0015,2.60208521396521E-18));
#2912=CARTESIAN_POINT('',(0.,0.,0.));
#2913=CARTESIAN_POINT('',(-7.39512617808913E-15,0.0015,-2.60208521396521E-18));
#2914=CARTESIAN_POINT('',(3.92523114670944E-20,0.0015,-3.92523114670944E-20));
#2915=CARTESIAN_POINT('',(-0.0142205831986318,0.,0.0149905831986318));
#2916=CARTESIAN_POINT('',(1.00335386227114E-19,0.,0.004));
#2917=CARTESIAN_POINT('',(-0.0006,0.,0.004));
#2918=CARTESIAN_POINT('',(-0.004,0.,8.67361737988403E-19));
#2919=CARTESIAN_POINT('',(-0.0046,0.,-8.66668474974256E-34));
#2920=CARTESIAN_POINT('',(0.004,0.,0.));
#2921=CARTESIAN_POINT('',(0.0034,0.,0.));
#2922=CARTESIAN_POINT('',(1.00335386227114E-19,0.,-0.0045));
#2923=CARTESIAN_POINT('',(-0.0006,0.,-0.0045));
#2924=CARTESIAN_POINT('',(0.,0.,0.));
#2925=CARTESIAN_POINT('',(0.004,-0.00324990898846972,-3.84793482288757E-18));
#2926=CARTESIAN_POINT('',(0.00435022314952406,-0.0035,-8.21908199052229E-12));
#2927=CARTESIAN_POINT('',(0.00435022315368789,-0.0035,0.000177424892639518));
#2928=CARTESIAN_POINT('',(0.00400000001225758,-0.0035,0.000522307901500355));
#2929=CARTESIAN_POINT('',(0.00364977685467326,-0.0035,0.000178851902455996));
#2930=CARTESIAN_POINT('',(0.00364977685047594,-0.0035,8.21908209894251E-12));
#2931=CARTESIAN_POINT('',(0.00364977685047594,-0.0035,8.21908240621869E-12));
#2932=CARTESIAN_POINT('',(0.00435022314952406,-0.0035,-8.21908240621869E-12));
#2933=CARTESIAN_POINT('',(0.00435022315362389,-0.00349998872474087,-8.21908296148888E-12));
#2934=CARTESIAN_POINT('',(0.00448116456949866,-0.00350003633667712,-1.12929173229633E-11));
#2935=CARTESIAN_POINT('',(0.0046003461663188,-0.00338094141996419,-1.40920354766781E-11));
#2936=CARTESIAN_POINT('',(0.00460039382198403,-0.00325000000410532,-1.40946721906226E-11));
#2937=CARTESIAN_POINT('',(0.0046002185954047,-0.00325,-8.05394633179186E-12));
#2938=CARTESIAN_POINT('',(0.0034,-0.00325,8.05101386932311E-12));
#2939=CARTESIAN_POINT('',(0.00340000000210775,-0.00325,0.000157079640730503));
#2940=CARTESIAN_POINT('',(0.00352983303137174,-0.00325,0.00046998832739298));
#2941=CARTESIAN_POINT('',(0.00400000000892328,-0.00325,0.000665005839457944));
#2942=CARTESIAN_POINT('',(0.00447016698124121,-0.00325,0.000469988314775245));
#2943=CARTESIAN_POINT('',(0.00460000000210775,-0.00325,0.000157079624628478));
#2944=CARTESIAN_POINT('',(0.0046,-0.00325,-8.05101193066962E-12));
#2945=CARTESIAN_POINT('',(0.0033997814045953,-0.00325,8.05394633179186E-12));
#2946=CARTESIAN_POINT('',(0.00339960617801597,-0.00325000000410532,1.37593215937911E-11));
#2947=CARTESIAN_POINT('',(0.0033996538336812,-0.00338094141996419,1.37567144374234E-11));
#2948=CARTESIAN_POINT('',(0.00351883543050134,-0.00350003633667712,1.10241661678269E-11));
#2949=CARTESIAN_POINT('',(0.00364977684637612,-0.00349998872474087,8.02346737824981E-12));
#2950=CARTESIAN_POINT('',(0.004,-0.00324990898846972,-2.18049926295296E-19));
#2951=CARTESIAN_POINT('',(0.00364977685047594,-0.0035,8.21908209894251E-12));
#2952=CARTESIAN_POINT('',(0.00364977684631211,-0.0035,-0.000177424892639329));
#2953=CARTESIAN_POINT('',(0.00399999998774242,-0.0035,-0.000522307901500449));
#2954=CARTESIAN_POINT('',(0.00435022314532674,-0.0035,-0.000178851902455997));
#2955=CARTESIAN_POINT('',(0.00435022314952406,-0.0035,-8.21908199052229E-12));
#2956=CARTESIAN_POINT('',(0.0046,-0.00325,-8.05101607443013E-12));
#2957=CARTESIAN_POINT('',(0.00459999999789225,-0.00325,-0.000157079640730506));
#2958=CARTESIAN_POINT('',(0.00447016696862826,-0.00325,-0.000469988327392981));
#2959=CARTESIAN_POINT('',(0.00399999999107671,-0.00325,-0.000665005839457944));
#2960=CARTESIAN_POINT('',(0.00352983301875879,-0.00325,-0.000469988314775244));
#2961=CARTESIAN_POINT('',(0.00339999999789225,-0.00325,-0.000157079624628476));
#2962=CARTESIAN_POINT('',(0.0034,-0.00325,8.05101386932311E-12));
#2963=CARTESIAN_POINT('',(0.00478058319863184,-0.0035,0.000780583198631844));
#2964=CARTESIAN_POINT('',(0.004,-0.00175,0.));
#2965=CARTESIAN_POINT('',(0.004,4.33680868994202E-19,0.));
#2966=CARTESIAN_POINT('',(0.0034,4.33680868994202E-19,0.));
#2967=CARTESIAN_POINT('',(0.,0.,0.));
#2968=CARTESIAN_POINT('',(7.55908170211127E-20,-0.00324990898869645,-0.0045));
#2969=CARTESIAN_POINT('',(-0.0006,-0.00325,-0.00450000000805099));
#2970=CARTESIAN_POINT('',(-0.000600000002107743,-0.00325,-0.0043429203753715));
#2971=CARTESIAN_POINT('',(-0.000470166981241185,-0.00325,-0.00403001168522474));
#2972=CARTESIAN_POINT('',(-8.92325663041973E-12,-0.00325,-0.00383499416054206));
#2973=CARTESIAN_POINT('',(0.000470166968628285,-0.00325,-0.00403001167260704));
#2974=CARTESIAN_POINT('',(0.000599999997892257,-0.00325,-0.00434292035926952));
#2975=CARTESIAN_POINT('',(0.0006,-0.00325,-0.00449999999194901));
#2976=CARTESIAN_POINT('',(0.00060019127048919,-0.00324999987505627,-0.00449999998996297));
#2977=CARTESIAN_POINT('',(-0.000600191270489191,-0.00324999987498861,-0.00450000000653877));
#2978=CARTESIAN_POINT('',(-0.000600393821017715,-0.00324999987908828,-0.00450000001409462));
#2979=CARTESIAN_POINT('',(-0.000600346230914812,-0.00338094133653471,-0.00450000001409199));
#2980=CARTESIAN_POINT('',(-0.000481164610490814,-0.00350003633659477,-0.00450000001129289));
#2981=CARTESIAN_POINT('',(-0.000350223153052281,-0.0034999887247708,-0.00450000000821906));
#2982=CARTESIAN_POINT('',(-0.000350223148952478,-0.0035,-0.00450000000821906));
#2983=CARTESIAN_POINT('',(0.000350223148952478,-0.0035,-0.00449999999178094));
#2984=CARTESIAN_POINT('',(0.000350223144788659,-0.0035,-0.00432257509121284));
#2985=CARTESIAN_POINT('',(-1.22575536146922E-11,-0.0035,-0.00397769209935201));
#2986=CARTESIAN_POINT('',(-0.000350223153149784,-0.0035,-0.00432114811427321));
#2987=CARTESIAN_POINT('',(-0.000350223148952478,-0.0035,-0.00450000000821906));
#2988=CARTESIAN_POINT('',(0.000350223148952478,-0.0035,-0.00449999999178094));
#2989=CARTESIAN_POINT('',(0.000350223153052281,-0.0034999887247708,-0.00449999999354209));
#2990=CARTESIAN_POINT('',(0.000481164610468262,-0.00350003633659476,-0.00449999999112673));
#2991=CARTESIAN_POINT('',(0.000600346230879372,-0.0033809413365798,-0.00449999998892694));
#2992=CARTESIAN_POINT('',(0.00060039382101769,-0.00324999987915594,-0.00449999998892455));
#2993=CARTESIAN_POINT('',(3.02867714718166E-19,-0.00324990898869006,-0.0045));
#2994=CARTESIAN_POINT('',(0.0006,-0.00325,-0.00449999998996616));
#2995=CARTESIAN_POINT('',(0.000600000002626853,-0.00325,-0.0046570796234818));
#2996=CARTESIAN_POINT('',(0.000470166981342372,-0.00325,-0.00496998831569568));
#2997=CARTESIAN_POINT('',(5.56046718522761E-12,-0.00325,-0.0051650058401865));
#2998=CARTESIAN_POINT('',(-0.000470166973482727,-0.00325,-0.00496998832355831));
#2999=CARTESIAN_POINT('',(-0.0006,-0.00325,-0.00465707963351564));
#3000=CARTESIAN_POINT('',(-0.0006,-0.00325,-0.0045));
#3001=CARTESIAN_POINT('',(-0.000350223148952478,-0.0035,-0.00450000000821906));
#3002=CARTESIAN_POINT('',(-0.000350223144788659,-0.0035,-0.00467742490878727));
#3003=CARTESIAN_POINT('',(1.22575511481322E-11,-0.0035,-0.00502230790064787));
#3004=CARTESIAN_POINT('',(0.000350223153149785,-0.0035,-0.00467885188572691));
#3005=CARTESIAN_POINT('',(0.000350223148952478,-0.0035,-0.00449999999178094));
#3006=CARTESIAN_POINT('',(0.000780583198631844,-0.0035,-0.00371941680136816));
#3007=CARTESIAN_POINT('',(3.14018491736755E-19,-0.00175,-0.0045));
#3008=CARTESIAN_POINT('',(3.14018491736755E-19,-6.50521303491303E-19,-0.0045));
#3009=CARTESIAN_POINT('',(-0.0006,-6.50521303491303E-19,-0.0045));
#3010=CARTESIAN_POINT('',(0.,0.,0.));
#3011=CARTESIAN_POINT('',(-4.20359420308096E-19,-0.00324990898846972,0.004));
#3012=CARTESIAN_POINT('',(0.000350223149524056,-0.0035,0.00399999999178092));
#3013=CARTESIAN_POINT('',(0.000350223153687887,-0.0035,0.00417742489263967));
#3014=CARTESIAN_POINT('',(1.22575895559942E-11,-0.0035,0.00452230790150036));
#3015=CARTESIAN_POINT('',(-0.000350223145326733,-0.0035,0.00417885190245585));
#3016=CARTESIAN_POINT('',(-0.000350223149524056,-0.0035,0.00400000000821908));
#3017=CARTESIAN_POINT('',(-0.000350223149524056,-0.0035,0.00400000000821908));
#3018=CARTESIAN_POINT('',(0.000350223149524056,-0.0035,0.00399999999178092));
#3019=CARTESIAN_POINT('',(0.000350223153623881,-0.00349998872474087,0.00399999999178092));
#3020=CARTESIAN_POINT('',(0.000481164569498658,-0.00350003633667712,0.00399999998870709));
#3021=CARTESIAN_POINT('',(0.000600346166318797,-0.0033809414199642,0.00399999998590797));
#3022=CARTESIAN_POINT('',(0.000600393821984029,-0.00325000000410533,0.00399999998590533));
#3023=CARTESIAN_POINT('',(0.000600218595404702,-0.00325,0.00399999999194605));
#3024=CARTESIAN_POINT('',(-0.0006,-0.00325,0.00400000000805102));
#3025=CARTESIAN_POINT('',(-0.000599999997892248,-0.00325,0.00415707964073051));
#3026=CARTESIAN_POINT('',(-0.000470166968628259,-0.00325,0.00446998832739299));
#3027=CARTESIAN_POINT('',(8.9232911987465E-12,-0.00325,0.00466500583945794));
#3028=CARTESIAN_POINT('',(0.000470166981241209,-0.00325,0.00446998831477524));
#3029=CARTESIAN_POINT('',(0.000600000002107751,-0.00325,0.00415707962462847));
#3030=CARTESIAN_POINT('',(0.0006,-0.00325,0.00399999999194898));
#3031=CARTESIAN_POINT('',(-0.000600218595404702,-0.00325,0.00400000000805395));
#3032=CARTESIAN_POINT('',(-0.00060039382198403,-0.00325000000410533,0.00400000001375933));
#3033=CARTESIAN_POINT('',(-0.000600346166318798,-0.0033809414199642,0.00400000001375672));
#3034=CARTESIAN_POINT('',(-0.000481164569498659,-0.00350003633667712,0.00400000001102417));
#3035=CARTESIAN_POINT('',(-0.000350223153623882,-0.00349998872474087,0.00400000000802347));
#3036=CARTESIAN_POINT('',(1.87644147332403E-20,-0.00324990898846972,0.004));
#3037=CARTESIAN_POINT('',(-0.000350223149524056,-0.0035,0.00400000000821908));
#3038=CARTESIAN_POINT('',(-0.000350223153687885,-0.0035,0.00382257510736063));
#3039=CARTESIAN_POINT('',(-1.22575914262429E-11,-0.0035,0.00347769209849941));
#3040=CARTESIAN_POINT('',(0.000350223145326736,-0.0035,0.00382114809754432));
#3041=CARTESIAN_POINT('',(0.000350223149524056,-0.0035,0.00399999999178092));
#3042=CARTESIAN_POINT('',(0.0006,-0.00325,0.00399999999194898));
#3043=CARTESIAN_POINT('',(0.000599999997892249,-0.00325,0.00384292035926949));
#3044=CARTESIAN_POINT('',(0.000470166968628262,-0.00325,0.00353001167260702));
#3045=CARTESIAN_POINT('',(-8.92328660131229E-12,-0.00325,0.00333499416054206));
#3046=CARTESIAN_POINT('',(-0.000470166981241206,-0.00325,0.00353001168522476));
#3047=CARTESIAN_POINT('',(-0.00060000000210775,-0.00325,0.00384292037537152));
#3048=CARTESIAN_POINT('',(-0.0006,-0.00325,0.00400000000805101));
#3049=CARTESIAN_POINT('',(0.000780583198631844,-0.0035,0.00478058319863184));
#3050=CARTESIAN_POINT('',(0.,-0.00175,0.004));
#3051=CARTESIAN_POINT('',(0.,0.,0.004));
#3052=CARTESIAN_POINT('',(-0.0006,0.,0.004));
#3053=CARTESIAN_POINT('',(0.,0.,0.));
#3054=CARTESIAN_POINT('',(-0.004,-0.00324990898846972,-4.68429505957624E-19));
#3055=CARTESIAN_POINT('',(-0.00364977685047594,-0.0035,-8.21908199052229E-12));
#3056=CARTESIAN_POINT('',(-0.00364977684631211,-0.0035,0.000177424892639897));
#3057=CARTESIAN_POINT('',(-0.00399999998774242,-0.0035,0.000522307901500542));
#3058=CARTESIAN_POINT('',(-0.00435022314532674,-0.0035,0.000178851902455239));
#3059=CARTESIAN_POINT('',(-0.00435022314952406,-0.0035,8.21908209894251E-12));
#3060=CARTESIAN_POINT('',(-0.00435022314952406,-0.0035,8.2190823628506E-12));
#3061=CARTESIAN_POINT('',(-0.00364977685047594,-0.0035,-8.2190823628506E-12));
#3062=CARTESIAN_POINT('',(-0.00364977684637612,-0.00349998872474087,-8.21908289451809E-12));
#3063=CARTESIAN_POINT('',(-0.00351883543050134,-0.00350003633667711,-1.12929179717276E-11));
#3064=CARTESIAN_POINT('',(-0.0033996538336812,-0.00338094141996419,-1.40920359717792E-11));
#3065=CARTESIAN_POINT('',(-0.00339960617801597,-0.00325000000410532,-1.40946717749084E-11));
#3066=CARTESIAN_POINT('',(-0.0033997814045953,-0.00325,-8.0539462901585E-12));
#3067=CARTESIAN_POINT('',(-0.0046,-0.00325,8.05101386932311E-12));
#3068=CARTESIAN_POINT('',(-0.00459999999789225,-0.00325,0.000157079640730503));
#3069=CARTESIAN_POINT('',(-0.00447016696862826,-0.00325,0.00046998832739298));
#3070=CARTESIAN_POINT('',(-0.00399999999107672,-0.00325,0.000665005839457944));
#3071=CARTESIAN_POINT('',(-0.0035298330187588,-0.00325,0.000469988314775245));
#3072=CARTESIAN_POINT('',(-0.00339999999789225,-0.00325,0.000157079624628478));
#3073=CARTESIAN_POINT('',(-0.0034,-0.00325,-8.05101193066962E-12));
#3074=CARTESIAN_POINT('',(-0.0046002185954047,-0.00325,8.0539462901585E-12));
#3075=CARTESIAN_POINT('',(-0.00460039382198403,-0.00325000000410532,1.37593220713549E-11));
#3076=CARTESIAN_POINT('',(-0.0046003461663188,-0.00338094141996419,1.37567128487772E-11));
#3077=CARTESIAN_POINT('',(-0.00448116456949866,-0.00350003633667711,1.10241634647547E-11));
#3078=CARTESIAN_POINT('',(-0.00435022315362389,-0.00349998872474087,8.02346545940476E-12));
#3079=CARTESIAN_POINT('',(-0.004,-0.00324990898846972,-2.92251195715855E-19));
#3080=CARTESIAN_POINT('',(-0.00435022314952406,-0.0035,8.21908209894251E-12));
#3081=CARTESIAN_POINT('',(-0.00435022315368789,-0.0035,-0.000177424892639142));
#3082=CARTESIAN_POINT('',(-0.00400000001225759,-0.0035,-0.000522307901500633));
#3083=CARTESIAN_POINT('',(-0.00364977685467326,-0.0035,-0.000178851902455815));
#3084=CARTESIAN_POINT('',(-0.00364977685047594,-0.0035,-8.21908199052229E-12));
#3085=CARTESIAN_POINT('',(-0.0034,-0.00325,-8.05101607443013E-12));
#3086=CARTESIAN_POINT('',(-0.00340000000210775,-0.00325,-0.000157079640730506));
#3087=CARTESIAN_POINT('',(-0.00352983303137174,-0.00325,-0.000469988327392981));
#3088=CARTESIAN_POINT('',(-0.00400000000892329,-0.00325,-0.000665005839457944));
#3089=CARTESIAN_POINT('',(-0.00447016698124121,-0.00325,-0.000469988314775244));
#3090=CARTESIAN_POINT('',(-0.00460000000210775,-0.00325,-0.000157079624628476));
#3091=CARTESIAN_POINT('',(-0.0046,-0.00325,8.05101386932311E-12));
#3092=CARTESIAN_POINT('',(-0.00321941680136816,-0.0035,0.000780583198631844));
#3093=CARTESIAN_POINT('',(-0.004,-0.00175,0.));
#3094=CARTESIAN_POINT('',(-0.004,2.16840434497101E-19,0.));
#3095=CARTESIAN_POINT('',(-0.0046,2.16840434497101E-19,0.));
#3096=CARTESIAN_POINT('',(0.,0.,0.));
#3097=CARTESIAN_POINT('',(-0.00791546502526047,0.0204194168013682,-0.00687939693985365));
#3098=CARTESIAN_POINT('',(-0.00666432482349216,0.0204194168013682,-0.00615705080756872));
#3099=CARTESIAN_POINT('',(-0.006664324823492,0.0262,-0.006157050807569));
#3100=CARTESIAN_POINT('',(-0.006664324823492,0.021,-0.006157050807569));
#3101=CARTESIAN_POINT('',(-0.0069642585807625,0.021,-0.006330217643068));
#3102=CARTESIAN_POINT('',(-0.007264192338033,0.021,-0.006503384478567));
#3103=CARTESIAN_POINT('',(-0.00726419233803284,0.02385,-0.00650338447856691));
#3104=CARTESIAN_POINT('',(-0.007264192338033,0.0262,-0.006503384478567));
#3105=CARTESIAN_POINT('',(-0.00828257230595939,0.0262,-0.00709134642718665));
#3106=CARTESIAN_POINT('',(-0.00642294572930517,0.0204194168013682,-0.00657513166258552));
#3107=CARTESIAN_POINT('',(-0.00866432482349217,0.0204194168013682,-0.00269294919243109));
#3108=CARTESIAN_POINT('',(-0.008664324823492,0.0262,-0.002692949192431));
#3109=CARTESIAN_POINT('',(-0.008664324823492,0.021,-0.002692949192431));
#3110=CARTESIAN_POINT('',(-0.007664324823492,0.021,-0.004425));
#3111=CARTESIAN_POINT('',(-0.00951393893443737,0.0262,-0.00122137438544663));
#3112=CARTESIAN_POINT('',(-0.00801305213626453,0.0204194168013682,-0.00231693673114435));
#3113=CARTESIAN_POINT('',(-0.00926419233803279,0.02385,-0.00303928286342925));
#3114=CARTESIAN_POINT('',(-0.009264192338033,0.0262,-0.003039282863429));
#3115=CARTESIAN_POINT('',(-0.009264192338033,0.021,-0.003039282863429));
#3116=CARTESIAN_POINT('',(-0.0089642585807625,0.021,-0.00286611602793));
#3117=CARTESIAN_POINT('',(-0.0102825723059594,0.0262,-0.00362724481204903));
#3118=CARTESIAN_POINT('',(-0.00246058319863184,0.0204194168013682,0.00885));
#3119=CARTESIAN_POINT('',(0.002,0.0204194168013682,0.00885));
#3120=CARTESIAN_POINT('',(0.002,0.0262,0.00885));
#3121=CARTESIAN_POINT('',(0.002,0.021,0.00885));
#3122=CARTESIAN_POINT('',(0.,0.021,0.00885));
#3123=CARTESIAN_POINT('',(-0.002,0.021,0.00885));
#3124=CARTESIAN_POINT('',(-0.002,0.0204194168013682,0.00885));
#3125=CARTESIAN_POINT('',(-0.002,0.0262,0.00885));
#3126=CARTESIAN_POINT('',(-0.0111321864169046,0.0262,0.00885));
#3127=CARTESIAN_POINT('',(0.002,0.0204194168013682,0.00812015006716856));
#3128=CARTESIAN_POINT('',(0.002,0.02385,0.00954266734199616));
#3129=CARTESIAN_POINT('',(0.002,0.0262,0.009542667341996));
#3130=CARTESIAN_POINT('',(0.002,0.021,0.009542667341996));
#3131=CARTESIAN_POINT('',(0.002,0.021,0.009196333670998));
#3132=CARTESIAN_POINT('',(0.002,0.0262,-0.00215567000506456));
#3133=CARTESIAN_POINT('',(-0.00225,0.0254894168013682,0.00927266269567166));
#3134=CARTESIAN_POINT('',(-0.00225,0.02385,0.00948683298050514));
#3135=CARTESIAN_POINT('',(-0.00225,0.0262,0.009486832980505));
#3136=CARTESIAN_POINT('',(-0.00225,0.0267,0.009486832980505));
#3137=CARTESIAN_POINT('',(-0.00225,0.0267,0.0142205831986318));
#3138=CARTESIAN_POINT('',(-0.00225,0.0267,0.01102270384252));
#3139=CARTESIAN_POINT('',(-0.00225,0.02645,0.0110227038425243));
#3140=CARTESIAN_POINT('',(-0.00225,0.0262,0.01102270384252));
#3141=CARTESIAN_POINT('',(-0.00225,0.0262,-0.00215567000506456));
#3142=CARTESIAN_POINT('',(0.,0.02645,0.));
#3143=CARTESIAN_POINT('',(0.00225,0.02645,0.0110227038425243));
#3144=CARTESIAN_POINT('',(0.00225,0.0267,0.01102270384252));
#3145=CARTESIAN_POINT('',(0.00225,0.0262,0.01102270384252));
#3146=CARTESIAN_POINT('',(0.,0.0262,0.));
#3147=CARTESIAN_POINT('',(0.,0.0267,0.));
#3148=CARTESIAN_POINT('',(0.00225,0.0254894168013682,0.0112368741273533));
#3149=CARTESIAN_POINT('',(0.00225,0.0267,0.0142205831986318));
#3150=CARTESIAN_POINT('',(0.00225,0.0267,0.009486832980505));
#3151=CARTESIAN_POINT('',(0.00225,0.02385,0.00948683298050514));
#3152=CARTESIAN_POINT('',(0.00225,0.0262,0.009486832980505));
#3153=CARTESIAN_POINT('',(0.00225,0.0262,-0.00215567000506456));
#3154=CARTESIAN_POINT('',(0.,0.02385,0.));
#3155=CARTESIAN_POINT('',(0.,0.0267,0.));
#3156=CARTESIAN_POINT('',(0.009340838362577,0.0267,-0.002794859331738));
#3157=CARTESIAN_POINT('',(0.00934083836257731,0.02385,-0.00279485933173818));
#3158=CARTESIAN_POINT('',(0.009340838362577,0.0262,-0.002794859331738));
#3159=CARTESIAN_POINT('',(0.,0.0262,0.));
#3160=CARTESIAN_POINT('',(0.009264192338033,0.0262,-0.003039282863429));
#3161=CARTESIAN_POINT('',(0.00926419233803288,0.02385,-0.00303928286342894));
#3162=CARTESIAN_POINT('',(0.009264192338033,0.021,-0.003039282863429));
#3163=CARTESIAN_POINT('',(9.93129189996722E-17,0.021,-1.82145964977565E-16));
#3164=CARTESIAN_POINT('',(0.,0.0262,0.));
#3165=CARTESIAN_POINT('',(0.00991546502526084,0.0204194168013682,-0.00341529532471497));
#3166=CARTESIAN_POINT('',(0.00866432482349181,0.0204194168013682,-0.00269294919243134));
#3167=CARTESIAN_POINT('',(0.008664324823492,0.0262,-0.002692949192431));
#3168=CARTESIAN_POINT('',(0.008664324823492,0.021,-0.002692949192431));
#3169=CARTESIAN_POINT('',(0.0089642585807625,0.021,-0.00286611602793));
#3170=CARTESIAN_POINT('',(-0.00641570731941467,0.0262,0.00601351142464364));
#3171=CARTESIAN_POINT('',(0.00890570391767883,0.0204194168013682,-0.00227486833741448));
#3172=CARTESIAN_POINT('',(0.00666432482349183,0.0204194168013682,-0.0061570508075689));
#3173=CARTESIAN_POINT('',(0.006664324823492,0.0262,-0.006157050807569));
#3174=CARTESIAN_POINT('',(0.006664324823492,0.021,-0.006157050807569));
#3175=CARTESIAN_POINT('',(0.007664324823492,0.021,-0.004425));
#3176=CARTESIAN_POINT('',(0.00394784572598452,0.0262,-0.0108621306221502));
#3177=CARTESIAN_POINT('',(0.00601305213626401,0.0204194168013682,-0.00578103834628295));
#3178=CARTESIAN_POINT('',(0.00726419233803311,0.02385,-0.00650338447856662));
#3179=CARTESIAN_POINT('',(0.007264192338033,0.0262,-0.006503384478566));
#3180=CARTESIAN_POINT('',(0.007264192338035,0.021,-0.006503384478567));
#3181=CARTESIAN_POINT('',(0.0069642585807635,0.021,-0.006330217643068));
#3182=CARTESIAN_POINT('',(-0.00841570731941111,0.0262,0.002549409809504));
#3183=CARTESIAN_POINT('',(0.0086256225578648,0.0254894168013682,-0.00757808171706476));
#3184=CARTESIAN_POINT('',(0.00842094154601834,0.02645,-0.00745990907977719));
#3185=CARTESIAN_POINT('',(0.008420941546018,0.0262,-0.007459909079777));
#3186=CARTESIAN_POINT('',(0.008420941546018,0.0267,-0.007459909079777));
#3187=CARTESIAN_POINT('',(-0.0179481305522964,0.0267,0.00776428179446614));
#3188=CARTESIAN_POINT('',(0.007090838362577,0.0267,-0.006691973648768));
#3189=CARTESIAN_POINT('',(0.00709083836257746,0.02385,-0.00669197364876759));
#3190=CARTESIAN_POINT('',(0.007090838362577,0.0262,-0.006691973648768));
#3191=CARTESIAN_POINT('',(-0.00854070731939719,0.0262,0.00233290345857081));
#3192=CARTESIAN_POINT('',(0.,0.02385,0.));
#3193=CARTESIAN_POINT('',(0.,0.0267,0.));
#3194=CARTESIAN_POINT('',(-0.007090838362577,0.0267,-0.006691973648768));
#3195=CARTESIAN_POINT('',(-0.00709083836257705,0.02385,-0.00669197364876803));
#3196=CARTESIAN_POINT('',(-0.007090838362577,0.0262,-0.006691973648768));
#3197=CARTESIAN_POINT('',(0.,0.0262,0.));
#3198=CARTESIAN_POINT('',(9.9964481137249E-16,0.021,1.10154940724527E-15));
#3199=CARTESIAN_POINT('',(0.,0.0262,0.));
#3200=CARTESIAN_POINT('',(-0.0068861573507302,0.0254894168013682,-0.00657380101148024));
#3201=CARTESIAN_POINT('',(-0.00338274424565056,0.0267,-0.00455110451217995));
#3202=CARTESIAN_POINT('',(-0.008420941546018,0.0267,-0.007459909079777));
#3203=CARTESIAN_POINT('',(-0.00842094154601794,0.02645,-0.00745990907977764));
#3204=CARTESIAN_POINT('',(-0.008420941546018,0.0262,-0.007459909079777));
#3205=CARTESIAN_POINT('',(-0.00815757230595904,0.0262,-0.00730785277813336));
#3206=CARTESIAN_POINT('',(0.,0.02645,0.));
#3207=CARTESIAN_POINT('',(-0.0106709415460187,0.02645,-0.00356279476274623));
#3208=CARTESIAN_POINT('',(-0.01067094154602,0.0262,-0.003562794762747));
#3209=CARTESIAN_POINT('',(-0.01067094154602,0.0267,-0.003562794762747));
#3210=CARTESIAN_POINT('',(0.,0.0262,0.));
#3211=CARTESIAN_POINT('',(0.,0.0267,0.));
#3212=CARTESIAN_POINT('',(-0.010875622557867,0.0254894168013682,-0.00368096740003485));
#3213=CARTESIAN_POINT('',(-0.00563274424565145,0.0267,-0.000653990195148613));
#3214=CARTESIAN_POINT('',(-0.009340838362577,0.0267,-0.002794859331738));
#3215=CARTESIAN_POINT('',(-0.00934083836257778,0.02385,-0.0027948593317366));
#3216=CARTESIAN_POINT('',(-0.009340838362577,0.0262,-0.002794859331738));
#3217=CARTESIAN_POINT('',(-0.0104075723059599,0.0262,-0.00341073846110202));
#3218=CARTESIAN_POINT('',(0.,0.02385,0.));
#3219=CARTESIAN_POINT('',(0.,0.0267,0.));
#3220=CARTESIAN_POINT('',(0.,0.0262,0.));
#3221=CARTESIAN_POINT('',(-0.002,0.0262,0.009542667341996));
#3222=CARTESIAN_POINT('',(-0.002,0.02385,0.00954266734199616));
#3223=CARTESIAN_POINT('',(-0.002,0.021,0.009542667341996));
#3224=CARTESIAN_POINT('',(-2.12503625807159E-16,0.021,-1.42897846333589E-16));
#3225=CARTESIAN_POINT('',(0.,0.0262,0.));
#3226=CARTESIAN_POINT('',(-0.002,0.0204194168013682,0.0102725172748274));
#3227=CARTESIAN_POINT('',(-0.002,0.021,0.009196333670998));
#3228=CARTESIAN_POINT('',(-0.002,0.0262,-0.00215567000506456));
#3229=CARTESIAN_POINT('',(-0.0111321864169046,0.0262,-0.00215567000506456));
#3230=CARTESIAN_POINT('',(-0.0111321864169046,0.0262,-0.00215567000506456));
#3231=CARTESIAN_POINT('',(-0.00629070731939739,0.0262,0.00623001777560026));
#3232=CARTESIAN_POINT('',(0.01067094154602,0.0262,-0.003562794762747));
#3233=CARTESIAN_POINT('',(0.,0.0262,0.));
#3234=CARTESIAN_POINT('',(-0.0111321864169046,0.0262,-0.00215567000506456));
#3235=CARTESIAN_POINT('',(0.00913615735073005,0.0254894168013682,-0.00267668669445015));
#3236=CARTESIAN_POINT('',(-0.0156981305522966,0.0267,0.0116613961114956));
#3237=CARTESIAN_POINT('',(0.01067094154602,0.0267,-0.003562794762747));
#3238=CARTESIAN_POINT('',(0.0106709415460182,0.02645,-0.00356279476274778));
#3239=CARTESIAN_POINT('',(0.,0.02645,0.));
#3240=CARTESIAN_POINT('',(0.,0.0267,0.));
#3241=CARTESIAN_POINT('',(-0.0142205831986318,0.0267,0.0142205831986318));
#3242=CARTESIAN_POINT('',(0.,0.0267,0.));
#3243=CARTESIAN_POINT('',(0.0118,0.0267,0.));
#3244=CARTESIAN_POINT('',(0.0046,0.0100705831986318,0.0127239369820558));
#3245=CARTESIAN_POINT('',(0.0046,0.0015,0.01168323108288));
#3246=CARTESIAN_POINT('',(0.0046,0.0015,0.0125));
#3247=CARTESIAN_POINT('',(0.0046,0.0015,0.01086646216576));
#3248=CARTESIAN_POINT('',(0.0046,0.01085,0.0108664621657649));
#3249=CARTESIAN_POINT('',(0.0046,0.0091,0.01086646216576));
#3250=CARTESIAN_POINT('',(0.0046,0.0091,0.0130690488651633));
#3251=CARTESIAN_POINT('',(0.0046,0.0091,0.0125));
#3252=CARTESIAN_POINT('',(0.0046,0.0100705831986318,0.0125));
#3253=CARTESIAN_POINT('',(-0.00558058319863184,0.0091,0.0130690488651633));
#3254=CARTESIAN_POINT('',(0.,0.0091,0.));
#3255=CARTESIAN_POINT('',(-0.0046,0.0091,0.01086646216576));
#3256=CARTESIAN_POINT('',(-0.0046,0.0091,0.0127239369820558));
#3257=CARTESIAN_POINT('',(-0.0046,0.0091,0.0125));
#3258=CARTESIAN_POINT('',(-0.00558058319863184,0.0091,0.0125));
#3259=CARTESIAN_POINT('',(-0.0046,-0.000970583198631844,0.0127239369820558));
#3260=CARTESIAN_POINT('',(-0.0046,0.0015,0.01168323108288));
#3261=CARTESIAN_POINT('',(-0.0046,0.0015,0.01086646216576));
#3262=CARTESIAN_POINT('',(-0.0046,0.0015,0.0125));
#3263=CARTESIAN_POINT('',(-0.0046,-0.000970583198631844,0.0125));
#3264=CARTESIAN_POINT('',(-0.0046,0.01085,0.0108664621657649));
#3265=CARTESIAN_POINT('',(0.00558058319863184,-0.000970583198631843,0.0125));
#3266=CARTESIAN_POINT('',(6.2803698347351E-19,0.0065,0.0125));
#3267=CARTESIAN_POINT('',(6.2803698347351E-19,0.00535,0.0125));
#3268=CARTESIAN_POINT('',(0.,0.0015,0.0125));
#3269=CARTESIAN_POINT('',(6.2803698347351E-19,0.0065,0.01212191408316));
#3270=CARTESIAN_POINT('',(-0.000900550717225786,0.00740210368737615,0.0117720484385878));
#3271=CARTESIAN_POINT('',(-0.00127466771374923,0.00649977092450735,0.0117297320067339));
#3272=CARTESIAN_POINT('',(-0.000900778425864947,0.00559881976201252,0.0117719925306529));
#3273=CARTESIAN_POINT('',(-1.16338191610524E-6,0.00522582124792764,0.0118139897493506));
#3274=CARTESIAN_POINT('',(0.000900552427797991,0.00559789697162289,0.0117720483037966));
#3275=CARTESIAN_POINT('',(0.00127466770684291,0.00650023358266977,0.0117297320076481));
#3276=CARTESIAN_POINT('',(0.000900776744819643,0.00740118087686051,0.0117719926635192));
#3277=CARTESIAN_POINT('',(1.16337453902149E-6,0.00777417842760434,0.0118139896824362));
#3278=CARTESIAN_POINT('',(-0.000900550717225786,0.00740210368737615,0.0117720484385878));
#3279=CARTESIAN_POINT('',(-0.00127466771374923,0.00649977092450735,0.0117297320067339));
#3280=CARTESIAN_POINT('',(-0.000900778425864947,0.00559881976201252,0.0117719925306529));
#3281=CARTESIAN_POINT('',(-0.00114999999968128,0.00650000119123634,0.0117438281660294));
#3282=CARTESIAN_POINT('',(0.,0.01085,0.));
#3283=CARTESIAN_POINT('',(0.,0.01085,0.));
#3284=CARTESIAN_POINT('',(0.,0.0217,0.));
#3285=CARTESIAN_POINT('',(-0.0118,0.0217,0.));
#3286=CARTESIAN_POINT('',(1.33490709911127E-18,0.0015,-4.75560654058389E-18));
#3287=CARTESIAN_POINT('',(0.0118,0.0015,-1.37797266343645E-19));
#3288=CARTESIAN_POINT('',(-0.0118,0.0015,-3.05971395650239E-35));
#3289=CARTESIAN_POINT('',(-7.39339145461315E-15,0.0015,-3.46944695195361E-18));
#3290=CARTESIAN_POINT('',(7.40206507199304E-15,0.0015,2.60208521396521E-18));
#3291=CARTESIAN_POINT('',(0.,0.01085,0.));
#3292=CARTESIAN_POINT('',(0.,0.024,0.));
#3293=CARTESIAN_POINT('',(0.0118,0.024,0.));
#3294=CARTESIAN_POINT('',(0.0095,0.0214800844039631,0.012));
#3295=CARTESIAN_POINT('',(0.0071250092884635,0.0233750068992319,0.012));
#3296=CARTESIAN_POINT('',(0.006500018576927,0.0240000069355549,0.012));
#3297=CARTESIAN_POINT('',(0.00775,0.022750006862909,0.012));
#3298=CARTESIAN_POINT('',(0.0095,0.022750006862909,0.012));
#3299=CARTESIAN_POINT('',(0.01125,0.022750006862909,0.012));
#3300=CARTESIAN_POINT('',(0.011874990711535,0.0233750068992319,0.012));
#3301=CARTESIAN_POINT('',(0.01249998142307,0.0240000069355549,0.012));
#3302=CARTESIAN_POINT('',(0.0094999999999985,0.0240000069355549,0.012));
#3303=CARTESIAN_POINT('',(0.0095,0.0214800844039631,0.012));
#3304=CARTESIAN_POINT('',(0.0095,0.022750006862909,0.012));
#3305=CARTESIAN_POINT('',(0.0094999999999985,0.0240000069355549,0.012));
#3306=CARTESIAN_POINT('',(0.0095,0.0222250034314545,0.012));
#3307=CARTESIAN_POINT('',(0.0095,0.0217,0.012));
#3308=CARTESIAN_POINT('',(0.00775,0.0217,0.012));
#3309=CARTESIAN_POINT('',(-0.0095,0.0214800844039631,-0.012));
#3310=CARTESIAN_POINT('',(-0.011874990711535,0.0233750068992319,-0.012));
#3311=CARTESIAN_POINT('',(-0.01249998142307,0.0240000069355549,-0.012));
#3312=CARTESIAN_POINT('',(-0.01125,0.022750006862909,-0.012));
#3313=CARTESIAN_POINT('',(-0.0095,0.022750006862909,-0.012));
#3314=CARTESIAN_POINT('',(-0.00775,0.022750006862909,-0.012));
#3315=CARTESIAN_POINT('',(-0.0071250092884635,0.0233750068992319,-0.012));
#3316=CARTESIAN_POINT('',(-0.006500018576927,0.0240000069355549,-0.012));
#3317=CARTESIAN_POINT('',(-0.0094999999999985,0.0240000069355549,-0.012));
#3318=CARTESIAN_POINT('',(-0.0095,0.0214800844039631,-0.012));
#3319=CARTESIAN_POINT('',(-0.0095,0.022750006862909,-0.012));
#3320=CARTESIAN_POINT('',(-0.0094999999999985,0.0240000069355549,-0.012));
#3321=CARTESIAN_POINT('',(-0.0095,0.0222250034314545,-0.012));
#3322=CARTESIAN_POINT('',(-0.0095,0.0217,-0.012));
#3323=CARTESIAN_POINT('',(-0.01125,0.0217,-0.012));
#3324=CARTESIAN_POINT('',(0.0156605831986318,0.0217,0.0186605831986318));
#3325=CARTESIAN_POINT('',(0.013,0.0217,-0.0144605831986318));
#3326=CARTESIAN_POINT('',(0.013,0.0217,0.012));
#3327=CARTESIAN_POINT('',(0.013,0.0217,-0.012));
#3328=CARTESIAN_POINT('',(0.0095,0.0217,0.012));
#3329=CARTESIAN_POINT('',(0.0095,0.0217,0.0155));
#3330=CARTESIAN_POINT('',(0.0114605831986318,0.0217,0.0155));
#3331=CARTESIAN_POINT('',(-0.0095,0.0217,0.0155));
#3332=CARTESIAN_POINT('',(-0.0095,0.0217,0.012));
#3333=CARTESIAN_POINT('',(-0.013,0.0217,0.012));
#3334=CARTESIAN_POINT('',(-0.013,0.0217,0.0144605831986318));
#3335=CARTESIAN_POINT('',(-0.013,0.0217,-0.012));
#3336=CARTESIAN_POINT('',(-0.0095,0.0217,-0.012));
#3337=CARTESIAN_POINT('',(-0.0095,0.0217,-0.0155));
#3338=CARTESIAN_POINT('',(-0.0114605831986318,0.0217,-0.0155));
#3339=CARTESIAN_POINT('',(0.0095,0.0217,-0.0155));
#3340=CARTESIAN_POINT('',(0.0095,0.0217,-0.012));
#3341=CARTESIAN_POINT('',(0.0095,0.02285,0.012));
#3342=CARTESIAN_POINT('',(0.0095,0.024,0.012));
#3343=CARTESIAN_POINT('',(0.013,0.024,0.012));
#3344=CARTESIAN_POINT('',(0.0095,0.024,0.0155));
#3345=CARTESIAN_POINT('',(0.0095,0.02285,0.0155));
#3346=CARTESIAN_POINT('',(0.013,0.02285,0.012));
#3347=CARTESIAN_POINT('',(0.0114605831986318,0.0242905831986318,0.0155));
#3348=CARTESIAN_POINT('',(0.0114605831986318,0.024,0.0155));
#3349=CARTESIAN_POINT('',(-0.0095,0.024,0.0155));
#3350=CARTESIAN_POINT('',(-0.0095,0.02285,0.0155));
#3351=CARTESIAN_POINT('',(-0.0095,0.02285,0.012));
#3352=CARTESIAN_POINT('',(-0.0095,0.024,0.012));
#3353=CARTESIAN_POINT('',(-0.013,0.024,0.012));
#3354=CARTESIAN_POINT('',(-0.013,0.02285,0.012));
#3355=CARTESIAN_POINT('',(-0.013,0.0242905831986318,0.0144605831986318));
#3356=CARTESIAN_POINT('',(-0.013,0.024,0.0144605831986318));
#3357=CARTESIAN_POINT('',(-0.013,0.024,-0.012));
#3358=CARTESIAN_POINT('',(-0.013,0.02285,-0.012));
#3359=CARTESIAN_POINT('',(-0.0095,0.02285,-0.012));
#3360=CARTESIAN_POINT('',(-0.0095,0.024,-0.012));
#3361=CARTESIAN_POINT('',(-0.0095,0.024,-0.0155));
#3362=CARTESIAN_POINT('',(-0.0095,0.02285,-0.0155));
#3363=CARTESIAN_POINT('',(-0.0114605831986318,0.0242905831986318,-0.0155));
#3364=CARTESIAN_POINT('',(-0.0114605831986318,0.024,-0.0155));
#3365=CARTESIAN_POINT('',(0.0095,0.024,-0.0155));
#3366=CARTESIAN_POINT('',(0.0095,0.02285,-0.0155));
#3367=CARTESIAN_POINT('',(0.0095,0.02285,-0.012));
#3368=CARTESIAN_POINT('',(0.0095,0.024,-0.012));
#3369=CARTESIAN_POINT('',(0.013,0.024,-0.012));
#3370=CARTESIAN_POINT('',(0.013,0.02285,-0.012));
#3371=CARTESIAN_POINT('',(0.013,0.0242905831986318,-0.0144605831986318));
#3372=CARTESIAN_POINT('',(0.013,0.024,-0.0144605831986318));
#3373=CARTESIAN_POINT('',(0.0156605831986318,0.024,0.0186605831986318));
#3374=CARTESIAN_POINT('',(0.,0.,0.));
#3375=CARTESIAN_POINT('',(-0.00403751560352312,0.007,-0.00319515889714689));
#3376=CARTESIAN_POINT('',(-0.00403751560352312,0.00715,-0.00319515889714689));
#3377=CARTESIAN_POINT('',(-0.00403751577018986,0.007,-0.00319515855907582));
#3378=CARTESIAN_POINT('',(-0.00403751560352312,0.0073,-0.00319515889714689));
#3379=CARTESIAN_POINT('',(-0.00403751560352312,0.007,-0.00319515889714689));
#3380=CARTESIAN_POINT('',(-0.00403751560352312,0.007,-0.00197450162015158));
#3381=CARTESIAN_POINT('',(-0.00403751560352312,0.00715,-0.00197450162015159));
#3382=CARTESIAN_POINT('',(-0.00403751560352312,0.0073,-0.00197450162015159));
#3383=CARTESIAN_POINT('',(-0.00403751560352312,0.0073,0.0136628283557793));
#3384=CARTESIAN_POINT('',(-0.00403751597095253,0.0073,-0.00319515861506528));
#3385=CARTESIAN_POINT('',(-0.00403751597095253,0.007,-0.00319515861506528));
#3386=CARTESIAN_POINT('',(-0.00417947879357587,0.0073,-0.00308617142908082));
#3387=CARTESIAN_POINT('',(-0.00417947879357587,0.007,-0.00308617142908082));
#3388=CARTESIAN_POINT('',(-0.00434489724954079,0.0073,-0.00297287481628426));
#3389=CARTESIAN_POINT('',(-0.00434489724954079,0.007,-0.00297287481628426));
#3390=CARTESIAN_POINT('',(-0.00449461771689553,0.0073,-0.00292760259293558));
#3391=CARTESIAN_POINT('',(-0.00449461771689553,0.007,-0.00292760259293558));
#3392=CARTESIAN_POINT('',(-0.00453254231627342,0.0073,-0.00293839940178755));
#3393=CARTESIAN_POINT('',(-0.00453254231627342,0.007,-0.00293839940178755));
#3394=CARTESIAN_POINT('',(-0.00458864151754729,0.0073,-0.00296236253041748));
#3395=CARTESIAN_POINT('',(-0.00458864151754729,0.007,-0.00296236253041748));
#3396=CARTESIAN_POINT('',(-0.00465009403834873,0.0073,-0.00304575408786474));
#3397=CARTESIAN_POINT('',(-0.00465009403834873,0.007,-0.00304575408786474));
#3398=CARTESIAN_POINT('',(-0.00463940463680372,0.0073,-0.00318114860663009));
#3399=CARTESIAN_POINT('',(-0.00463940463680372,0.007,-0.00318114860663009));
#3400=CARTESIAN_POINT('',(-0.00453583886917944,0.0073,-0.00322377504170033));
#3401=CARTESIAN_POINT('',(-0.00453583886917944,0.007,-0.00322377504170033));
#3402=CARTESIAN_POINT('',(-0.00444529562062261,0.0073,-0.00326625212144061));
#3403=CARTESIAN_POINT('',(-0.00444529562062261,0.007,-0.00326625212144061));
#3404=CARTESIAN_POINT('',(-0.00444529561693694,0.00715,-0.00326625212316969));
#3405=CARTESIAN_POINT('',(-0.00444529561693694,0.007,-0.00326625212316969));
#3406=CARTESIAN_POINT('',(-0.00444529561693694,0.0073,-0.00326625212316969));
#3407=CARTESIAN_POINT('',(-0.00444529561693694,0.007,-0.00326625212316969));
#3408=CARTESIAN_POINT('',(-0.00455394752840575,0.007,-0.00321527962149296));
#3409=CARTESIAN_POINT('',(-0.00459687174034405,0.007,-0.00318308646253924));
#3410=CARTESIAN_POINT('',(-0.00463979595228234,0.007,-0.00315089330358552));
#3411=CARTESIAN_POINT('',(-0.00463979595228234,0.007,-0.00308248284080886));
#3412=CARTESIAN_POINT('',(-0.00463979595228234,0.007,-0.0030234620493937));
#3413=CARTESIAN_POINT('',(-0.00459620104953251,0.007,-0.0029785257650208));
#3414=CARTESIAN_POINT('',(-0.00455260614678268,0.007,-0.00293358948064789));
#3415=CARTESIAN_POINT('',(-0.00449626811861366,0.007,-0.00293358948064789));
#3416=CARTESIAN_POINT('',(-0.00437822653578335,0.007,-0.00293358948064789));
#3417=CARTESIAN_POINT('',(-0.00403751560352312,0.007,-0.00319515889714689));
#3418=CARTESIAN_POINT('',(-0.00444529561693694,0.0073,-0.00326625212316969));
#3419=CARTESIAN_POINT('',(-0.00455394752840575,0.0073,-0.00321527962149296));
#3420=CARTESIAN_POINT('',(-0.00459687174034405,0.0073,-0.00318308646253924));
#3421=CARTESIAN_POINT('',(-0.00463979595228234,0.0073,-0.00315089330358552));
#3422=CARTESIAN_POINT('',(-0.00463979595228234,0.0073,-0.00308248284080886));
#3423=CARTESIAN_POINT('',(-0.00463979595228234,0.0073,-0.0030234620493937));
#3424=CARTESIAN_POINT('',(-0.00459620104953251,0.0073,-0.0029785257650208));
#3425=CARTESIAN_POINT('',(-0.00455260614678268,0.0073,-0.00293358948064789));
#3426=CARTESIAN_POINT('',(-0.00449626811861367,0.0073,-0.00293358948064789));
#3427=CARTESIAN_POINT('',(-0.00437822653578335,0.0073,-0.00293358948064789));
#3428=CARTESIAN_POINT('',(-0.00403751560352312,0.0073,-0.00319515889714689));
#3429=CARTESIAN_POINT('',(-0.00444529561223305,0.0073,-0.00326625212538557));
#3430=CARTESIAN_POINT('',(-0.00444529561223305,0.007,-0.00326625212538557));
#3431=CARTESIAN_POINT('',(-0.00422888606077938,0.0073,-0.00336819712144608));
#3432=CARTESIAN_POINT('',(-0.00422888606077938,0.007,-0.00336819712144608));
#3433=CARTESIAN_POINT('',(-0.0041135272451737,0.0073,-0.00347684902417047));
#3434=CARTESIAN_POINT('',(-0.0041135272451737,0.007,-0.00347684902417047));
#3435=CARTESIAN_POINT('',(-0.00401337075408415,0.0073,-0.00361635269924584));
#3436=CARTESIAN_POINT('',(-0.00401337075408415,0.007,-0.00361635269924584));
#3437=CARTESIAN_POINT('',(-0.00401337073430783,0.00715,-0.00361635272679142));
#3438=CARTESIAN_POINT('',(-0.00401337073430783,0.007,-0.00361635272679142));
#3439=CARTESIAN_POINT('',(-0.00401337073430783,0.0073,-0.00361635272679142));
#3440=CARTESIAN_POINT('',(-0.00401337073430783,0.007,-0.00361635272679142));
#3441=CARTESIAN_POINT('',(-0.00408848810519985,0.007,-0.00351172496019182));
#3442=CARTESIAN_POINT('',(-0.00418573827287255,0.007,-0.0034272179179383));
#3443=CARTESIAN_POINT('',(-0.00428298844054525,0.007,-0.00334271087568478));
#3444=CARTESIAN_POINT('',(-0.00444529561693694,0.007,-0.00326625212316969));
#3445=CARTESIAN_POINT('',(-0.00401337073430783,0.0073,-0.00361635272679142));
#3446=CARTESIAN_POINT('',(-0.00408848810519985,0.0073,-0.00351172496019183));
#3447=CARTESIAN_POINT('',(-0.00418573827287255,0.0073,-0.0034272179179383));
#3448=CARTESIAN_POINT('',(-0.00428298844054525,0.0073,-0.00334271087568478));
#3449=CARTESIAN_POINT('',(-0.00444529561693694,0.0073,-0.00326625212316969));
#3450=CARTESIAN_POINT('',(-0.00367265980204761,0.007,-0.00356269738577944));
#3451=CARTESIAN_POINT('',(-0.00367265980204761,0.0073,-0.00356269738577944));
#3452=CARTESIAN_POINT('',(-0.00367265979077516,0.007,-0.00362708371930669));
#3453=CARTESIAN_POINT('',(-0.00367265979077516,0.0073,-0.00362708371930669));
#3454=CARTESIAN_POINT('',(-0.00369820989930591,0.007,-0.0037326696390827));
#3455=CARTESIAN_POINT('',(-0.00369820989930591,0.0073,-0.0037326696390827));
#3456=CARTESIAN_POINT('',(-0.0038407795848747,0.007,-0.00378067198410443));
#3457=CARTESIAN_POINT('',(-0.0038407795848747,0.0073,-0.00378067198410443));
#3458=CARTESIAN_POINT('',(-0.003916280261357,0.007,-0.00376026381542917));
#3459=CARTESIAN_POINT('',(-0.003916280261357,0.0073,-0.00376026381542917));
#3460=CARTESIAN_POINT('',(-0.00396329247162972,0.007,-0.00368610459214676));
#3461=CARTESIAN_POINT('',(-0.00396329247162972,0.0073,-0.00368610459214676));
#3462=CARTESIAN_POINT('',(-0.00401337071899052,0.007,-0.00361635274812624));
#3463=CARTESIAN_POINT('',(-0.00401337071899052,0.0073,-0.00361635274812624));
#3464=CARTESIAN_POINT('',(-0.0036726598020476,0.00715,-0.00356269746186855));
#3465=CARTESIAN_POINT('',(-0.0036726598020476,0.007,-0.00356269746186855));
#3466=CARTESIAN_POINT('',(-0.0036726598020476,0.0073,-0.00356269746186855));
#3467=CARTESIAN_POINT('',(-0.0036726598020476,0.007,-0.00356269746186855));
#3468=CARTESIAN_POINT('',(-0.0036726598020476,0.007,-0.00365927693872972));
#3469=CARTESIAN_POINT('',(-0.0037155840139859,0.007,-0.00371427358527566));
#3470=CARTESIAN_POINT('',(-0.00375850822592419,0.007,-0.0037692702318216));
#3471=CARTESIAN_POINT('',(-0.003829601451947,0.007,-0.0037692702318216));
#3472=CARTESIAN_POINT('',(-0.00389264638823137,0.007,-0.0037692702318216));
#3473=CARTESIAN_POINT('',(-0.00391544987582359,0.007,-0.00374512536260631));
#3474=CARTESIAN_POINT('',(-0.00393825336341581,0.007,-0.00372098049339102));
#3475=CARTESIAN_POINT('',(-0.00401337073430783,0.007,-0.00361635272679142));
#3476=CARTESIAN_POINT('',(-0.0036726598020476,0.0073,-0.00356269746186855));
#3477=CARTESIAN_POINT('',(-0.0036726598020476,0.0073,-0.00365927693872972));
#3478=CARTESIAN_POINT('',(-0.0037155840139859,0.0073,-0.00371427358527566));
#3479=CARTESIAN_POINT('',(-0.00375850822592419,0.0073,-0.0037692702318216));
#3480=CARTESIAN_POINT('',(-0.003829601451947,0.0073,-0.0037692702318216));
#3481=CARTESIAN_POINT('',(-0.00389264638823137,0.0073,-0.0037692702318216));
#3482=CARTESIAN_POINT('',(-0.00391544987582359,0.0073,-0.00374512536260631));
#3483=CARTESIAN_POINT('',(-0.00393825336341581,0.0073,-0.00372098049339102));
#3484=CARTESIAN_POINT('',(-0.00401337073430783,0.0073,-0.00361635272679142));
#3485=CARTESIAN_POINT('',(-0.0036726598020476,0.007,-0.00202681550345138));
#3486=CARTESIAN_POINT('',(-0.0036726598020476,0.00715,-0.00202681550345138));
#3487=CARTESIAN_POINT('',(-0.0036726598020476,0.007,-0.00202681550345138));
#3488=CARTESIAN_POINT('',(-0.0036726598020476,0.0073,-0.00202681550345138));
#3489=CARTESIAN_POINT('',(-0.0036726598020476,0.007,-0.00202681550345138));
#3490=CARTESIAN_POINT('',(-0.0036726598020476,0.0073,0.0136628283557793));
#3491=CARTESIAN_POINT('',(-0.00403751560352312,0.007,-0.00197450162015158));
#3492=CARTESIAN_POINT('',(-0.00403751560352312,0.00711,-0.00197450162015158));
#3493=CARTESIAN_POINT('',(-0.00403751560352312,0.00722,-0.00197450162015158));
#3494=CARTESIAN_POINT('',(-0.00403751560352312,0.00733,-0.00197450162015158));
#3495=CARTESIAN_POINT('',(-0.00403751560352312,0.007,-0.00192084635522871));
#3496=CARTESIAN_POINT('',(-0.00403751560352312,0.00711,-0.00192084635522871));
#3497=CARTESIAN_POINT('',(-0.00403751560352312,0.00722,-0.00192084635522871));
#3498=CARTESIAN_POINT('',(-0.00403751560352312,0.00733,-0.00192084635522871));
#3499=CARTESIAN_POINT('',(-0.00402820976851306,0.007,-0.00187699994342455));
#3500=CARTESIAN_POINT('',(-0.00402820976851306,0.00711,-0.00187699994342455));
#3501=CARTESIAN_POINT('',(-0.00402820976851306,0.00722,-0.00187699994342455));
#3502=CARTESIAN_POINT('',(-0.00402820976851306,0.00733,-0.00187699994342455));
#3503=CARTESIAN_POINT('',(-0.00400029226348288,0.007,-0.00182594360539638));
#3504=CARTESIAN_POINT('',(-0.00400029226348288,0.00711,-0.00182594360539638));
#3505=CARTESIAN_POINT('',(-0.00400029226348288,0.00722,-0.00182594360539638));
#3506=CARTESIAN_POINT('',(-0.00400029226348288,0.00733,-0.00182594360539638));
#3507=CARTESIAN_POINT('',(-0.0039606717277686,0.007,-0.00177732474378924));
#3508=CARTESIAN_POINT('',(-0.0039606717277686,0.00711,-0.00177732474378924));
#3509=CARTESIAN_POINT('',(-0.0039606717277686,0.00722,-0.00177732474378924));
#3510=CARTESIAN_POINT('',(-0.0039606717277686,0.00733,-0.00177732474378924));
#3511=CARTESIAN_POINT('',(-0.0039043362785498,0.00700000000000012,-0.0017572605260856));
#3512=CARTESIAN_POINT('',(-0.0039043362785498,0.00711,-0.0017572605260856));
#3513=CARTESIAN_POINT('',(-0.0039043362785498,0.00722,-0.0017572605260856));
#3514=CARTESIAN_POINT('',(-0.0039043362785498,0.00732999999999984,-0.0017572605260856));
#3515=CARTESIAN_POINT('',(-0.00385642920721558,0.007,-0.0017571975874184));
#3516=CARTESIAN_POINT('',(-0.00385642920721558,0.00711,-0.0017571975874184));
#3517=CARTESIAN_POINT('',(-0.00385642920721558,0.00722,-0.0017571975874184));
#3518=CARTESIAN_POINT('',(-0.00385642920721558,0.00733,-0.0017571975874184));
#3519=CARTESIAN_POINT('',(-0.00385427611634779,0.007,-0.00175719903551944));
#3520=CARTESIAN_POINT('',(-0.00385427611634779,0.00711,-0.00175719903551944));
#3521=CARTESIAN_POINT('',(-0.00385427611634779,0.00722,-0.00175719903551944));
#3522=CARTESIAN_POINT('',(-0.00385427611634779,0.00733,-0.00175719903551944));
#3523=CARTESIAN_POINT('',(-0.00384645881492914,0.007,-0.00175731408194491));
#3524=CARTESIAN_POINT('',(-0.00384645881492914,0.00711,-0.00175731408194491));
#3525=CARTESIAN_POINT('',(-0.00384645881492915,0.00722,-0.00175731408194491));
#3526=CARTESIAN_POINT('',(-0.00384645881492915,0.00733,-0.00175731408194491));
#3527=CARTESIAN_POINT('',(-0.00381748403171379,0.007,-0.00175903914041204));
#3528=CARTESIAN_POINT('',(-0.00381748403171379,0.00711,-0.00175903914041204));
#3529=CARTESIAN_POINT('',(-0.00381748403171379,0.00722,-0.00175903914041204));
#3530=CARTESIAN_POINT('',(-0.00381748403171379,0.00733,-0.00175903914041204));
#3531=CARTESIAN_POINT('',(-0.00371573353961187,0.007,-0.00178669002837873));
#3532=CARTESIAN_POINT('',(-0.00371573353961187,0.00711,-0.00178669002837873));
#3533=CARTESIAN_POINT('',(-0.00371573353961188,0.00722,-0.00178669002837873));
#3534=CARTESIAN_POINT('',(-0.00371573353961188,0.00733,-0.00178669002837873));
#3535=CARTESIAN_POINT('',(-0.0036726598020476,0.007,-0.00189200665033267));
#3536=CARTESIAN_POINT('',(-0.0036726598020476,0.00711,-0.00189200665033267));
#3537=CARTESIAN_POINT('',(-0.0036726598020476,0.00722,-0.00189200665033267));
#3538=CARTESIAN_POINT('',(-0.0036726598020476,0.00733,-0.00189200665033267));
#3539=CARTESIAN_POINT('',(-0.0036726598020476,0.007,-0.00202681550345138));
#3540=CARTESIAN_POINT('',(-0.0036726598020476,0.00711,-0.00202681550345138));
#3541=CARTESIAN_POINT('',(-0.0036726598020476,0.00722,-0.00202681550345138));
#3542=CARTESIAN_POINT('',(-0.0036726598020476,0.00733,-0.00202681550345138));
#3543=CARTESIAN_POINT('',(-0.0036726598020476,0.007,-0.00202681550345138));
#3544=CARTESIAN_POINT('',(-0.0036726598020476,0.007,-0.00189230731943361));
#3545=CARTESIAN_POINT('',(-0.00372828229244852,0.007,-0.00176185926027583));
#3546=CARTESIAN_POINT('',(-0.0038900663153633,0.007,-0.0017549455046238));
#3547=CARTESIAN_POINT('',(-0.00394237690378466,0.007,-0.00177292467051126));
#3548=CARTESIAN_POINT('',(-0.00402135239428224,0.007,-0.00183315482503633));
#3549=CARTESIAN_POINT('',(-0.00403751560352312,0.007,-0.00192056918746748));
#3550=CARTESIAN_POINT('',(-0.00403751560352312,0.007,-0.00197450162015158));
#3551=CARTESIAN_POINT('',(-0.00403751560352312,0.0073,-0.0019745016201516));
#3552=CARTESIAN_POINT('',(-0.00403751560352312,0.0073,-0.00192119688913577));
#3553=CARTESIAN_POINT('',(-0.0040217850762118,0.0073,-0.001833674872194));
#3554=CARTESIAN_POINT('',(-0.00394232331473835,0.0073,-0.00177287402253695));
#3555=CARTESIAN_POINT('',(-0.00389007623926076,0.0073,-0.00175493266154605));
#3556=CARTESIAN_POINT('',(-0.00372827633811005,0.0073,-0.00176198696671677));
#3557=CARTESIAN_POINT('',(-0.0036726598020476,0.0073,-0.0018917073164622));
#3558=CARTESIAN_POINT('',(-0.0036726598020476,0.0073,-0.0020268155034514));
#3559=CARTESIAN_POINT('',(-0.000850415934063213,0.007,0.0024939759105885));
#3560=CARTESIAN_POINT('',(-6.03421509477361E-5,0.0073,0.00102214492467301));
#3561=CARTESIAN_POINT('',(-6.03421509477361E-5,0.007,0.00102214492467301));
#3562=CARTESIAN_POINT('',(2.19292543676951E-5,0.0073,0.00102214492327875));
#3563=CARTESIAN_POINT('',(2.19292543676951E-5,0.007,0.00102214492327875));
#3564=CARTESIAN_POINT('',(0.000173964875808967,0.0073,0.0009815886330857));
#3565=CARTESIAN_POINT('',(0.000173964875808967,0.007,0.0009815886330857));
#3566=CARTESIAN_POINT('',(0.000271830055982001,0.0073,0.000729484278896812));
#3567=CARTESIAN_POINT('',(0.000271830055982001,0.007,0.000729484278896812));
#3568=CARTESIAN_POINT('',(0.000201577628468872,0.0073,0.000580956726079258));
#3569=CARTESIAN_POINT('',(0.000201577628468872,0.007,0.000580956726079258));
#3570=CARTESIAN_POINT('',(9.39206922791769E-5,0.0073,0.000500570329492379));
#3571=CARTESIAN_POINT('',(9.39206922791769E-5,0.007,0.000500570329492379));
#3572=CARTESIAN_POINT('',(-7.0106010236288E-5,0.0073,0.000481446008551957));
#3573=CARTESIAN_POINT('',(-7.0106010236288E-5,0.007,0.000481446008551957));
#3574=CARTESIAN_POINT('',(-0.000160280776425843,0.0073,0.000508380580273273));
#3575=CARTESIAN_POINT('',(-0.000160280776425843,0.007,0.000508380580273273));
#3576=CARTESIAN_POINT('',(-0.000272321755958987,0.0073,0.000583790521272321));
#3577=CARTESIAN_POINT('',(-0.000272321755958987,0.007,0.000583790521272321));
#3578=CARTESIAN_POINT('',(-0.000318334557281426,0.0073,0.000710944388939875));
#3579=CARTESIAN_POINT('',(-0.000318334557281426,0.007,0.000710944388939875));
#3580=CARTESIAN_POINT('',(-0.000348739207281336,0.0073,0.000780696233086655));
#3581=CARTESIAN_POINT('',(-0.000348739207281336,0.007,0.000780696233086655));
#3582=CARTESIAN_POINT('',(-0.000348739207034373,0.00715,0.000780696232520091));
#3583=CARTESIAN_POINT('',(-0.000348739207034373,0.007,0.000780696232520092));
#3584=CARTESIAN_POINT('',(-0.000348739207034373,0.0073,0.00078069623252009));
#3585=CARTESIAN_POINT('',(-0.000348739207034373,0.007,0.000780696232520092));
#3586=CARTESIAN_POINT('',(-0.000325935719442153,0.007,0.000728382349220293));
#3587=CARTESIAN_POINT('',(-0.000298437396169182,0.007,0.000669361557805135));
#3588=CARTESIAN_POINT('',(-0.000270939072896211,0.007,0.000610340930132852));
#3589=CARTESIAN_POINT('',(-0.00024008729556556,0.007,0.000572782080943968));
#3590=CARTESIAN_POINT('',(-0.00020923551823491,0.007,0.000535223395497959));
#3591=CARTESIAN_POINT('',(-0.000156250944123575,0.007,0.000512419907905739));
#3592=CARTESIAN_POINT('',(-0.00010326637001224,0.007,0.000489616420313519));
#3593=CARTESIAN_POINT('',(-2.14420910048626E-5,0.007,0.000489616420313519));
#3594=CARTESIAN_POINT('',(9.92822550715962E-5,0.007,0.000489616420313519));
#3595=CARTESIAN_POINT('',(0.0001703754810944,0.007,0.000564063100394002));
#3596=CARTESIAN_POINT('',(0.000241468707117203,0.007,0.000638509780474485));
#3597=CARTESIAN_POINT('',(0.000241468707117203,0.007,0.000741796165451011));
#3598=CARTESIAN_POINT('',(0.000241468707117203,0.007,0.000877275709381259));
#3599=CARTESIAN_POINT('',(0.000152266829182931,0.007,0.000949710317027134));
#3600=CARTESIAN_POINT('',(6.30649512486585E-5,0.007,0.00102214492467301));
#3601=CARTESIAN_POINT('',(-6.03421580739438E-5,0.007,0.00102214492467301));
#3602=CARTESIAN_POINT('',(-6.03421580739438E-5,0.007,0.00102214492467301));
#3603=CARTESIAN_POINT('',(-6.03421580739431E-5,0.00715,0.00102214492467301));
#3604=CARTESIAN_POINT('',(-6.03421580739424E-5,0.0073,0.00102214492467301));
#3605=CARTESIAN_POINT('',(-0.000348739207034373,0.0073,0.00078069623252009));
#3606=CARTESIAN_POINT('',(-0.000325935719442153,0.0073,0.000728382349220293));
#3607=CARTESIAN_POINT('',(-0.000298437396169182,0.0073,0.000669361557805135));
#3608=CARTESIAN_POINT('',(-0.000270939072896211,0.0073,0.000610340930132852));
#3609=CARTESIAN_POINT('',(-0.00024008729556556,0.0073,0.000572782080943968));
#3610=CARTESIAN_POINT('',(-0.00020923551823491,0.0073,0.000535223395497959));
#3611=CARTESIAN_POINT('',(-0.000156250944123575,0.0073,0.000512419907905739));
#3612=CARTESIAN_POINT('',(-0.00010326637001224,0.0073,0.000489616420313519));
#3613=CARTESIAN_POINT('',(-2.14420910048626E-5,0.0073,0.000489616420313519));
#3614=CARTESIAN_POINT('',(9.92822550715962E-5,0.0073,0.000489616420313519));
#3615=CARTESIAN_POINT('',(0.0001703754810944,0.0073,0.000564063100394002));
#3616=CARTESIAN_POINT('',(0.000241468707117203,0.0073,0.000638509780474485));
#3617=CARTESIAN_POINT('',(0.000241468707117203,0.0073,0.000741796165451011));
#3618=CARTESIAN_POINT('',(0.000241468707117203,0.0073,0.000877275709381259));
#3619=CARTESIAN_POINT('',(0.000152266829182931,0.0073,0.000949710317027134));
#3620=CARTESIAN_POINT('',(6.30649512486586E-5,0.0073,0.00102214492467301));
#3621=CARTESIAN_POINT('',(-6.03421580739424E-5,0.0073,0.00102214492467301));
#3622=CARTESIAN_POINT('',(0.000374265487850437,0.007,0.00113482098096979));
#3623=CARTESIAN_POINT('',(0.000374265487850437,0.0073,0.00113482098096979));
#3624=CARTESIAN_POINT('',(0.000501026051216779,0.007,0.00102840470553876));
#3625=CARTESIAN_POINT('',(0.000501026051216779,0.0073,0.00102840470553876));
#3626=CARTESIAN_POINT('',(0.000616388988556254,0.007,0.000850154346360905));
#3627=CARTESIAN_POINT('',(0.000616388988556254,0.0073,0.000850154346360905));
#3628=CARTESIAN_POINT('',(0.000593588492921871,0.007,0.000587267644843152));
#3629=CARTESIAN_POINT('',(0.000593588492921871,0.0073,0.000587267644843152));
#3630=CARTESIAN_POINT('',(0.000493266330483072,0.007,0.000389918296334766));
#3631=CARTESIAN_POINT('',(0.000493266330483072,0.0073,0.000389918296334766));
#3632=CARTESIAN_POINT('',(0.000233805855558186,0.007,0.000214538785223166));
#3633=CARTESIAN_POINT('',(0.000233805855558186,0.0073,0.000214538785223166));
#3634=CARTESIAN_POINT('',(-0.000289617895004828,0.007,0.000237295661241187));
#3635=CARTESIAN_POINT('',(-0.000289617895004828,0.0073,0.000237295661241187));
#3636=CARTESIAN_POINT('',(-0.000596340946590261,0.007,0.000490274878509328));
#3637=CARTESIAN_POINT('',(-0.000596340946590261,0.0073,0.000490274878509328));
#3638=CARTESIAN_POINT('',(-0.000656387162562093,0.007,0.000780299691041532));
#3639=CARTESIAN_POINT('',(-0.000656387162562093,0.0073,0.000780299691041532));
#3640=CARTESIAN_POINT('',(-0.000436944035663717,0.007,0.000868478400451042));
#3641=CARTESIAN_POINT('',(-0.000436944035663717,0.0073,0.000868478400451042));
#3642=CARTESIAN_POINT('',(-0.000364388659295587,0.007,0.000813560082278762));
#3643=CARTESIAN_POINT('',(-0.000364388659295587,0.0073,0.000813560082278762));
#3644=CARTESIAN_POINT('',(-0.0003487392070303,0.007,0.000780696232511539));
#3645=CARTESIAN_POINT('',(-0.0003487392070303,0.0073,0.000780696232511539));
#3646=CARTESIAN_POINT('',(0.000374265487801307,0.00715,0.00113482098101104));
#3647=CARTESIAN_POINT('',(0.000374265487801308,0.007,0.00113482098101104));
#3648=CARTESIAN_POINT('',(0.000374265487801307,0.0073,0.00113482098101104));
#3649=CARTESIAN_POINT('',(0.000374265487801308,0.007,0.00113482098101104));
#3650=CARTESIAN_POINT('',(0.000482917399270121,0.007,0.00104360703064216));
#3651=CARTESIAN_POINT('',(0.000541267499873742,0.007,0.000947698244592526));
#3652=CARTESIAN_POINT('',(0.000599617600477364,0.007,0.000851789458542895));
#3653=CARTESIAN_POINT('',(0.000599617600477364,0.007,0.000717651296235719));
#3654=CARTESIAN_POINT('',(0.000599617600477364,0.007,0.000615706292882265));
#3655=CARTESIAN_POINT('',(0.000559376151785211,0.007,0.000527175105759528));
#3656=CARTESIAN_POINT('',(0.000519134703093058,0.007,0.000438643918636792));
#3657=CARTESIAN_POINT('',(0.000439993187331824,0.007,0.000371574837483204));
#3658=CARTESIAN_POINT('',(0.00036085167157059,0.007,0.00030450592007249));
#3659=CARTESIAN_POINT('',(0.000253541141724849,0.007,0.000268959143318214));
#3660=CARTESIAN_POINT('',(0.000146230611879108,0.007,0.000233412530306812));
#3661=CARTESIAN_POINT('',(1.61165944411468E-5,0.007,0.000233412530306812));
#3662=CARTESIAN_POINT('',(-0.000132776765719819,0.007,0.000233412530306812));
#3663=CARTESIAN_POINT('',(-0.000253501111796278,0.007,0.000275666051433573));
#3664=CARTESIAN_POINT('',(-0.000374225457872737,0.007,0.000317919572560333));
#3665=CARTESIAN_POINT('',(-0.000455379046068578,0.007,0.000387671416960065));
#3666=CARTESIAN_POINT('',(-0.00053653263426442,0.007,0.000457423425102671));
#3667=CARTESIAN_POINT('',(-0.000578786155391181,0.007,0.000534552704686423));
#3668=CARTESIAN_POINT('',(-0.000621039676517941,0.007,0.000611682148013049));
#3669=CARTESIAN_POINT('',(-0.000621039676517941,0.007,0.000681433992412781));
#3670=CARTESIAN_POINT('',(-0.000621039676517941,0.007,0.000753868600058657));
#3671=CARTESIAN_POINT('',(-0.000576103392145037,0.007,0.000797463502808489));
#3672=CARTESIAN_POINT('',(-0.000531167107772133,0.007,0.000841058405558321));
#3673=CARTESIAN_POINT('',(-0.000477511842849262,0.007,0.000841058405558321));
#3674=CARTESIAN_POINT('',(-0.000431904867664822,0.007,0.000841058405558321));
#3675=CARTESIAN_POINT('',(-0.000397028945464956,0.007,0.00082496182608146));
#3676=CARTESIAN_POINT('',(-0.000362153023265091,0.007,0.000808865246604599));
#3677=CARTESIAN_POINT('',(-0.000348739207034373,0.007,0.000780696232520092));
#3678=CARTESIAN_POINT('',(0.000374265487801307,0.0073,0.00113482098101104));
#3679=CARTESIAN_POINT('',(0.000482917399270121,0.0073,0.00104360703064216));
#3680=CARTESIAN_POINT('',(0.000541267499873742,0.0073,0.000947698244592526));
#3681=CARTESIAN_POINT('',(0.000599617600477364,0.0073,0.000851789458542895));
#3682=CARTESIAN_POINT('',(0.000599617600477364,0.0073,0.000717651296235719));
#3683=CARTESIAN_POINT('',(0.000599617600477364,0.0073,0.000615706292882265));
#3684=CARTESIAN_POINT('',(0.000559376151785211,0.0073,0.000527175105759528));
#3685=CARTESIAN_POINT('',(0.000519134703093058,0.0073,0.000438643918636792));
#3686=CARTESIAN_POINT('',(0.000439993187331824,0.0073,0.000371574837483204));
#3687=CARTESIAN_POINT('',(0.00036085167157059,0.0073,0.00030450592007249));
#3688=CARTESIAN_POINT('',(0.000253541141724849,0.0073,0.000268959143318214));
#3689=CARTESIAN_POINT('',(0.000146230611879108,0.0073,0.000233412530306812));
#3690=CARTESIAN_POINT('',(1.61165944411467E-5,0.0073,0.000233412530306812));
#3691=CARTESIAN_POINT('',(-0.000132776765719819,0.0073,0.000233412530306812));
#3692=CARTESIAN_POINT('',(-0.000253501111796278,0.0073,0.000275666051433573));
#3693=CARTESIAN_POINT('',(-0.000374225457872737,0.0073,0.000317919572560333));
#3694=CARTESIAN_POINT('',(-0.000455379046068578,0.0073,0.000387671416960065));
#3695=CARTESIAN_POINT('',(-0.00053653263426442,0.0073,0.000457423425102671));
#3696=CARTESIAN_POINT('',(-0.000578786155391181,0.0073,0.000534552704686423));
#3697=CARTESIAN_POINT('',(-0.000621039676517941,0.0073,0.000611682148013049));
#3698=CARTESIAN_POINT('',(-0.000621039676517941,0.0073,0.000681433992412781));
#3699=CARTESIAN_POINT('',(-0.000621039676517941,0.0073,0.000753868600058657));
#3700=CARTESIAN_POINT('',(-0.000576103392145037,0.0073,0.000797463502808489));
#3701=CARTESIAN_POINT('',(-0.000531167107772133,0.0073,0.000841058405558321));
#3702=CARTESIAN_POINT('',(-0.000477511842849262,0.0073,0.000841058405558321));
#3703=CARTESIAN_POINT('',(-0.000431904867664822,0.0073,0.000841058405558321));
#3704=CARTESIAN_POINT('',(-0.000397028945464957,0.0073,0.00082496182608146));
#3705=CARTESIAN_POINT('',(-0.000362153023265091,0.0073,0.000808865246604599));
#3706=CARTESIAN_POINT('',(-0.000348739207034373,0.0073,0.00078069623252009));
#3707=CARTESIAN_POINT('',(0.000374265415277097,0.0073,0.00113482094195955));
#3708=CARTESIAN_POINT('',(0.000374265415277097,0.007,0.00113482094195955));
#3709=CARTESIAN_POINT('',(0.000505050140786301,0.0073,0.00120524347182466));
#3710=CARTESIAN_POINT('',(0.000505050140786301,0.007,0.00120524347182466));
#3711=CARTESIAN_POINT('',(0.000644333445322277,0.0073,0.00134381198773907));
#3712=CARTESIAN_POINT('',(0.000644333445322277,0.007,0.00134381198773907));
#3713=CARTESIAN_POINT('',(0.000704846753876477,0.0073,0.00156505925211747));
#3714=CARTESIAN_POINT('',(0.000704846753876477,0.007,0.00156505925211747));
#3715=CARTESIAN_POINT('',(0.000675245449846972,0.0073,0.00187351207327301));
#3716=CARTESIAN_POINT('',(0.000675245449846972,0.007,0.00187351207327301));
#3717=CARTESIAN_POINT('',(0.000461680515836601,0.0073,0.00213236554302826));
#3718=CARTESIAN_POINT('',(0.000461680515836601,0.007,0.00213236554302826));
#3719=CARTESIAN_POINT('',(0.000129539069181376,0.0073,0.00224789332922044));
#3720=CARTESIAN_POINT('',(0.000129539069181376,0.007,0.00224789332922044));
#3721=CARTESIAN_POINT('',(-0.000280190471754927,0.0073,0.00224566737846912));
#3722=CARTESIAN_POINT('',(-0.000280190471754927,0.007,0.00224566737846912));
#3723=CARTESIAN_POINT('',(-0.000615619763911628,0.0073,0.00197526233589275));
#3724=CARTESIAN_POINT('',(-0.000615619763911628,0.007,0.00197526233589275));
#3725=CARTESIAN_POINT('',(-0.000712596888319739,0.0073,0.0017044761708278));
#3726=CARTESIAN_POINT('',(-0.000712596888319739,0.007,0.0017044761708278));
#3727=CARTESIAN_POINT('',(-0.000620927324170397,0.0073,0.00155264616141483));
#3728=CARTESIAN_POINT('',(-0.000620927324170397,0.007,0.00155264616141483));
#3729=CARTESIAN_POINT('',(-0.000478701294898164,0.0073,0.00152687730530787));
#3730=CARTESIAN_POINT('',(-0.000478701294898164,0.007,0.00152687730530787));
#3731=CARTESIAN_POINT('',(-0.00042616955858393,0.0073,0.0015572840834717));
#3732=CARTESIAN_POINT('',(-0.00042616955858393,0.007,0.0015572840834717));
#3733=CARTESIAN_POINT('',(-0.000391663419126205,0.0073,0.00159172909592651));
#3734=CARTESIAN_POINT('',(-0.000391663419126205,0.007,0.00159172909592651));
#3735=CARTESIAN_POINT('',(-0.00038495651085646,0.0073,0.00161101145720396));
#3736=CARTESIAN_POINT('',(-0.00038495651085646,0.007,0.00161101145720396));
#3737=CARTESIAN_POINT('',(-0.000384956510857311,0.00715,0.00161101145720151));
#3738=CARTESIAN_POINT('',(-0.000384956510857311,0.007,0.00161101145720151));
#3739=CARTESIAN_POINT('',(-0.000384956510857311,0.0073,0.00161101145720151));
#3740=CARTESIAN_POINT('',(-0.000384956510857311,0.007,0.00161101145720151));
#3741=CARTESIAN_POINT('',(-0.000395687563841885,0.007,0.00158015967987086));
#3742=CARTESIAN_POINT('',(-0.000430563486041751,0.007,0.00155802688309018));
#3743=CARTESIAN_POINT('',(-0.000465439408241616,0.007,0.00153589408630949));
#3744=CARTESIAN_POINT('',(-0.000502998093687626,0.007,0.00153589408630949));
#3745=CARTESIAN_POINT('',(-0.000578115464579645,0.007,0.00153589408630949));
#3746=CARTESIAN_POINT('',(-0.000628417275444836,0.007,0.00158351313392854));
#3747=CARTESIAN_POINT('',(-0.000678719086310027,0.007,0.00163113218154759));
#3748=CARTESIAN_POINT('',(-0.000678719086310027,0.007,0.00170893231568575));
#3749=CARTESIAN_POINT('',(-0.000678719086310027,0.007,0.00176929448872398));
#3750=CARTESIAN_POINT('',(-0.000636465565183266,0.007,0.00186184982071593));
#3751=CARTESIAN_POINT('',(-0.000594212044056506,0.007,0.00195440515270789));
#3752=CARTESIAN_POINT('',(-0.000511717074237592,0.007,0.00204092426739601));
#3753=CARTESIAN_POINT('',(-0.000429222104418679,0.007,0.00212744338208414));
#3754=CARTESIAN_POINT('',(-0.000301790850226861,0.007,0.00218512279187623));
#3755=CARTESIAN_POINT('',(-0.000174359596035044,0.007,0.00224280220166831));
#3756=CARTESIAN_POINT('',(-1.33938012664321E-5,0.007,0.00224280220166831));
#3757=CARTESIAN_POINT('',(0.000144889230256036,0.007,0.00224280220166831));
#3758=CARTESIAN_POINT('',(0.000275673938505533,0.007,0.00219250039080312));
#3759=CARTESIAN_POINT('',(0.00040645864675503,0.007,0.00214219857993793));
#3760=CARTESIAN_POINT('',(0.000501696741993125,0.007,0.00205299670200366));
#3761=CARTESIAN_POINT('',(0.000596934837231221,0.007,0.00196379482406939));
#3762=CARTESIAN_POINT('',(0.00064589526647334,0.007,0.00184977738610829));
#3763=CARTESIAN_POINT('',(0.000694855695715459,0.007,0.00173575994814719));
#3764=CARTESIAN_POINT('',(0.000694855695715459,0.007,0.00161369422044766));
#3765=CARTESIAN_POINT('',(0.000694855695715459,0.007,0.0015117492170942));
#3766=CARTESIAN_POINT('',(0.000658638391892522,0.007,0.001423888720783));
#3767=CARTESIAN_POINT('',(0.000622421088069584,0.007,0.0013360282244718));
#3768=CARTESIAN_POINT('',(0.000550657171235245,0.007,0.00126359361682593));
#3769=CARTESIAN_POINT('',(0.000478893254400905,0.007,0.00119115900918005));
#3770=CARTESIAN_POINT('',(0.000374265487801308,0.007,0.00113482098101104));
#3771=CARTESIAN_POINT('',(-0.000384956510857311,0.0073,0.00161101145720151));
#3772=CARTESIAN_POINT('',(-0.000395687563841885,0.0073,0.00158015967987086));
#3773=CARTESIAN_POINT('',(-0.000430563486041751,0.0073,0.00155802688309018));
#3774=CARTESIAN_POINT('',(-0.000465439408241616,0.0073,0.00153589408630949));
#3775=CARTESIAN_POINT('',(-0.000502998093687626,0.0073,0.00153589408630949));
#3776=CARTESIAN_POINT('',(-0.000578115464579645,0.0073,0.00153589408630949));
#3777=CARTESIAN_POINT('',(-0.000628417275444836,0.0073,0.00158351313392854));
#3778=CARTESIAN_POINT('',(-0.000678719086310027,0.0073,0.00163113218154759));
#3779=CARTESIAN_POINT('',(-0.000678719086310027,0.0073,0.00170893231568575));
#3780=CARTESIAN_POINT('',(-0.000678719086310027,0.0073,0.00176929448872398));
#3781=CARTESIAN_POINT('',(-0.000636465565183266,0.0073,0.00186184982071593));
#3782=CARTESIAN_POINT('',(-0.000594212044056506,0.0073,0.00195440515270788));
#3783=CARTESIAN_POINT('',(-0.000511717074237592,0.0073,0.00204092426739601));
#3784=CARTESIAN_POINT('',(-0.000429222104418679,0.0073,0.00212744338208414));
#3785=CARTESIAN_POINT('',(-0.000301790850226861,0.0073,0.00218512279187623));
#3786=CARTESIAN_POINT('',(-0.000174359596035044,0.0073,0.00224280220166831));
#3787=CARTESIAN_POINT('',(-1.33938012664321E-5,0.0073,0.00224280220166831));
#3788=CARTESIAN_POINT('',(0.000144889230256036,0.0073,0.00224280220166831));
#3789=CARTESIAN_POINT('',(0.000275673938505533,0.0073,0.00219250039080312));
#3790=CARTESIAN_POINT('',(0.00040645864675503,0.0073,0.00214219857993793));
#3791=CARTESIAN_POINT('',(0.000501696741993125,0.0073,0.00205299670200366));
#3792=CARTESIAN_POINT('',(0.000596934837231221,0.0073,0.00196379482406939));
#3793=CARTESIAN_POINT('',(0.00064589526647334,0.0073,0.00184977738610829));
#3794=CARTESIAN_POINT('',(0.000694855695715459,0.0073,0.00173575994814719));
#3795=CARTESIAN_POINT('',(0.000694855695715459,0.0073,0.00161369422044766));
#3796=CARTESIAN_POINT('',(0.000694855695715459,0.0073,0.0015117492170942));
#3797=CARTESIAN_POINT('',(0.000658638391892522,0.0073,0.001423888720783));
#3798=CARTESIAN_POINT('',(0.000622421088069584,0.0073,0.0013360282244718));
#3799=CARTESIAN_POINT('',(0.000550657171235245,0.0073,0.00126359361682593));
#3800=CARTESIAN_POINT('',(0.000478893254400905,0.0073,0.00119115900918005));
#3801=CARTESIAN_POINT('',(0.000374265487801307,0.0073,0.00113482098101104));
#3802=CARTESIAN_POINT('',(-0.00038495651065536,0.0073,0.00161101145774134));
#3803=CARTESIAN_POINT('',(-0.00038495651065536,0.007,0.00161101145774134));
#3804=CARTESIAN_POINT('',(-0.00033845528107803,0.0073,0.00173531282130069));
#3805=CARTESIAN_POINT('',(-0.00033845528107803,0.007,0.00173531282130069));
#3806=CARTESIAN_POINT('',(-0.000265423919762462,0.0073,0.00187300211851215));
#3807=CARTESIAN_POINT('',(-0.000265423919762462,0.00699999999999999,0.00187300211851215));
#3808=CARTESIAN_POINT('',(-0.000150985752662683,0.0073,0.00196391248288726));
#3809=CARTESIAN_POINT('',(-0.000150985752662683,0.007,0.00196391248288726));
#3810=CARTESIAN_POINT('',(4.86138239576284E-6,0.0073,0.00198410560127024));
#3811=CARTESIAN_POINT('',(4.86138239576284E-6,0.007,0.00198410560127024));
#3812=CARTESIAN_POINT('',(6.72739950204801E-5,0.0073,0.00197096524357087));
#3813=CARTESIAN_POINT('',(6.72739950204801E-5,0.007,0.00197096524357087));
#3814=CARTESIAN_POINT('',(0.000179863397599624,0.0073,0.0019322987145423));
#3815=CARTESIAN_POINT('',(0.000179863397599624,0.007,0.0019322987145423));
#3816=CARTESIAN_POINT('',(0.000288620434095548,0.0073,0.00181905358833032));
#3817=CARTESIAN_POINT('',(0.000288620434095548,0.007,0.00181905358833032));
#3818=CARTESIAN_POINT('',(0.000339351900091626,0.0073,0.00169175474918839));
#3819=CARTESIAN_POINT('',(0.000339351900091626,0.007,0.00169175474918839));
#3820=CARTESIAN_POINT('',(0.000313393885997352,0.0073,0.00148040313484939));
#3821=CARTESIAN_POINT('',(0.000313393885997352,0.007,0.00148040313484939));
#3822=CARTESIAN_POINT('',(0.000248692210806547,0.0073,0.00137817517658407));
#3823=CARTESIAN_POINT('',(0.000248692210806547,0.007,0.00137817517658407));
#3824=CARTESIAN_POINT('',(0.00015865663202492,0.0073,0.00132034569131175));
#3825=CARTESIAN_POINT('',(0.00015865663202492,0.007,0.00132034569131175));
#3826=CARTESIAN_POINT('',(8.12386612376702E-5,0.0073,0.0012979803120596));
#3827=CARTESIAN_POINT('',(8.12386612376702E-5,0.007,0.0012979803120596));
#3828=CARTESIAN_POINT('',(-1.44385000866031E-5,0.0073,0.0012934474752912));
#3829=CARTESIAN_POINT('',(-1.44385000866031E-5,0.007,0.0012934474752912));
#3830=CARTESIAN_POINT('',(-7.26798539019062E-6,0.0073,0.0012949021517151));
#3831=CARTESIAN_POINT('',(-7.26798539019062E-6,0.007,0.0012949021517151));
#3832=CARTESIAN_POINT('',(-4.00069160675089E-5,0.0073,0.00129587042298158));
#3833=CARTESIAN_POINT('',(-4.00069160675089E-5,0.007,0.00129587042298158));
#3834=CARTESIAN_POINT('',(-6.16835392891802E-5,0.0073,0.00129802241178274));
#3835=CARTESIAN_POINT('',(-6.16835392891802E-5,0.007,0.00129802241178274));
#3836=CARTESIAN_POINT('',(-8.04628819589263E-5,0.0073,0.00129981092060495));
#3837=CARTESIAN_POINT('',(-8.04628819589263E-5,0.007,0.00129981092060495));
#3838=CARTESIAN_POINT('',(-8.04628824200198E-5,0.00715,0.00129981092064886));
#3839=CARTESIAN_POINT('',(-8.04628824200202E-5,0.007,0.00129981092064886));
#3840=CARTESIAN_POINT('',(-8.04628824200194E-5,0.0073,0.00129981092064886));
#3841=CARTESIAN_POINT('',(-8.04628824200202E-5,0.007,0.00129981092064886));
#3842=CARTESIAN_POINT('',(-2.41248542510062E-5,0.007,0.00129444539415658));
#3843=CARTESIAN_POINT('',(2.70277821042911E-6,0.007,0.00129444539415658));
#3844=CARTESIAN_POINT('',(0.00015562028324061,0.007,0.00129444539415658));
#3845=CARTESIAN_POINT('',(0.000241468707117203,0.007,0.00138364727209085));
#3846=CARTESIAN_POINT('',(0.000327317130993796,0.007,0.00147284915002512));
#3847=CARTESIAN_POINT('',(0.000327317130993796,0.007,0.00162979079992452));
#3848=CARTESIAN_POINT('',(0.000327317130993796,0.007,0.00173575994814719));
#3849=CARTESIAN_POINT('',(0.000277015320128605,0.007,0.00181624284553149));
#3850=CARTESIAN_POINT('',(0.000226713509263414,0.007,0.0018967257429158));
#3851=CARTESIAN_POINT('',(0.000149584065936787,0.007,0.00193763788241949));
#3852=CARTESIAN_POINT('',(7.24546226101609E-5,0.007,0.00197855002192318));
#3853=CARTESIAN_POINT('',(-1.07110380202885E-5,0.007,0.00197855002192318));
#3854=CARTESIAN_POINT('',(-0.000155580253312039,0.007,0.00197855002192318));
#3855=CARTESIAN_POINT('',(-0.000235392459884809,0.007,0.00188800676236583));
#3856=CARTESIAN_POINT('',(-0.000315204666457579,0.007,0.00179746350280849));
#3857=CARTESIAN_POINT('',(-0.000384956510857311,0.007,0.00161101145720151));
#3858=CARTESIAN_POINT('',(-8.04628824200194E-5,0.0073,0.00129981092064886));
#3859=CARTESIAN_POINT('',(-2.41248542510062E-5,0.0073,0.00129444539415658));
#3860=CARTESIAN_POINT('',(2.70277821042911E-6,0.0073,0.00129444539415658));
#3861=CARTESIAN_POINT('',(0.00015562028324061,0.0073,0.00129444539415658));
#3862=CARTESIAN_POINT('',(0.000241468707117203,0.0073,0.00138364727209085));
#3863=CARTESIAN_POINT('',(0.000327317130993796,0.0073,0.00147284915002512));
#3864=CARTESIAN_POINT('',(0.000327317130993796,0.0073,0.00162979079992452));
#3865=CARTESIAN_POINT('',(0.000327317130993796,0.0073,0.00173575994814719));
#3866=CARTESIAN_POINT('',(0.000277015320128605,0.0073,0.00181624284553149));
#3867=CARTESIAN_POINT('',(0.000226713509263414,0.0073,0.0018967257429158));
#3868=CARTESIAN_POINT('',(0.000149584065936787,0.0073,0.00193763788241949));
#3869=CARTESIAN_POINT('',(7.24546226101609E-5,0.0073,0.00197855002192318));
#3870=CARTESIAN_POINT('',(-1.07110380202885E-5,0.0073,0.00197855002192318));
#3871=CARTESIAN_POINT('',(-0.000155580253312039,0.0073,0.00197855002192318));
#3872=CARTESIAN_POINT('',(-0.000235392459884809,0.0073,0.00188800676236583));
#3873=CARTESIAN_POINT('',(-0.000315204666457579,0.0073,0.00179746350280849));
#3874=CARTESIAN_POINT('',(-0.000384956510857311,0.0073,0.00161101145720151));
#3875=CARTESIAN_POINT('',(-0.000115338804817572,0.007,0.00102214492467301));
#3876=CARTESIAN_POINT('',(-0.000115338804817572,0.0073,0.00102214492467301));
#3877=CARTESIAN_POINT('',(-0.000194703884028088,0.007,0.00102214492470723));
#3878=CARTESIAN_POINT('',(-0.000194703884028088,0.0073,0.00102214492470723));
#3879=CARTESIAN_POINT('',(-0.000305681617270132,0.007,0.00106456362963898));
#3880=CARTESIAN_POINT('',(-0.000305681617270132,0.0073,0.00106456362963898));
#3881=CARTESIAN_POINT('',(-0.000318018906295071,0.007,0.00123912211276057));
#3882=CARTESIAN_POINT('',(-0.000318018906295071,0.0073,0.00123912211276057));
#3883=CARTESIAN_POINT('',(-0.000233118860655565,0.007,0.00130284885891766));
#3884=CARTESIAN_POINT('',(-0.000233118860655565,0.0073,0.00130284885891766));
#3885=CARTESIAN_POINT('',(-0.000144401450930009,0.007,0.00130554555590503));
#3886=CARTESIAN_POINT('',(-0.000144401450930009,0.0073,0.00130554555590503));
#3887=CARTESIAN_POINT('',(-0.00013587070087961,0.007,0.00130422281110842));
#3888=CARTESIAN_POINT('',(-0.00013587070087961,0.0073,0.00130422281110842));
#3889=CARTESIAN_POINT('',(-0.00010393706137911,0.007,0.00130204655673628));
#3890=CARTESIAN_POINT('',(-0.00010393706137911,0.0073,0.00130204655673628));
#3891=CARTESIAN_POINT('',(-8.046288311204E-5,0.007,0.00129981092071477));
#3892=CARTESIAN_POINT('',(-8.046288311204E-5,0.0073,0.00129981092071477));
#3893=CARTESIAN_POINT('',(-0.000115338804619886,0.00715,0.00102214492467301));
#3894=CARTESIAN_POINT('',(-0.000115338804619886,0.007,0.00102214492467301));
#3895=CARTESIAN_POINT('',(-0.000115338804619886,0.0073,0.00102214492467301));
#3896=CARTESIAN_POINT('',(-0.000115338804619886,0.007,0.00102214492467301));
#3897=CARTESIAN_POINT('',(-0.000210576899857981,0.007,0.00102214492467301));
#3898=CARTESIAN_POINT('',(-0.000258866638288565,0.007,0.00106171568255363));
#3899=CARTESIAN_POINT('',(-0.000307156376719148,0.007,0.00110128644043424));
#3900=CARTESIAN_POINT('',(-0.000307156376719148,0.007,0.00116567275834169));
#3901=CARTESIAN_POINT('',(-0.000307156376719148,0.007,0.0012314004578722));
#3902=CARTESIAN_POINT('',(-0.000266914928026995,0.007,0.00126828845250668));
#3903=CARTESIAN_POINT('',(-0.000226673479334842,0.007,0.00130517644714115));
#3904=CARTESIAN_POINT('',(-0.000152897490065895,0.007,0.00130517644714115));
#3905=CARTESIAN_POINT('',(-0.000136800910589034,0.007,0.00130517644714115));
#3906=CARTESIAN_POINT('',(-8.04628824200202E-5,0.007,0.00129981092064886));
#3907=CARTESIAN_POINT('',(-0.000115338804619886,0.0073,0.00102214492467301));
#3908=CARTESIAN_POINT('',(-0.000210576899857981,0.0073,0.00102214492467301));
#3909=CARTESIAN_POINT('',(-0.000258866638288565,0.0073,0.00106171568255363));
#3910=CARTESIAN_POINT('',(-0.000307156376719148,0.0073,0.00110128644043424));
#3911=CARTESIAN_POINT('',(-0.000307156376719148,0.0073,0.00116567275834169));
#3912=CARTESIAN_POINT('',(-0.000307156376719148,0.0073,0.0012314004578722));
#3913=CARTESIAN_POINT('',(-0.000266914928026995,0.0073,0.00126828845250668));
#3914=CARTESIAN_POINT('',(-0.000226673479334842,0.0073,0.00130517644714115));
#3915=CARTESIAN_POINT('',(-0.000152897490065895,0.0073,0.00130517644714115));
#3916=CARTESIAN_POINT('',(-0.000136800910589034,0.0073,0.00130517644714115));
#3917=CARTESIAN_POINT('',(-8.04628824200194E-5,0.0073,0.00129981092064886));
#3918=CARTESIAN_POINT('',(-6.03421580739438E-5,0.007,0.00102214492467301));
#3919=CARTESIAN_POINT('',(-6.03421580739438E-5,0.007,0.00102214492467301));
#3920=CARTESIAN_POINT('',(-0.0136628283557793,0.0073,0.00102214492467301));
#3921=CARTESIAN_POINT('',(-0.000850415934063213,0.007,0.0024939759105885));
#3922=CARTESIAN_POINT('',(0.00579827560573,0.01415,-0.00579827560573));
#3923=CARTESIAN_POINT('',(0.00579827560573,0.021,-0.00579827560573));
#3924=CARTESIAN_POINT('',(0.005244247473094,0.021,-0.006303797937826));
#3925=CARTESIAN_POINT('',(0.006303797937826,0.021,-0.005244247473094));
#3926=CARTESIAN_POINT('',(0.00630379793782639,2.76497574835944E-14,-0.00524424747309428));
#3927=CARTESIAN_POINT('',(0.006303797937826,0.0073,-0.005244247473094));
#3928=CARTESIAN_POINT('',(0.00579827560573,0.0073,-0.00579827560573));
#3929=CARTESIAN_POINT('',(0.005244247473094,0.0073,-0.006303797937826));
#3930=CARTESIAN_POINT('',(0.00524424747309428,2.76497574835944E-14,-0.00630379793782639));
#3931=CARTESIAN_POINT('',(-1.76369092945619E-19,0.01415,-4.07564926556239E-19));
#3932=CARTESIAN_POINT('',(-1.76369092945619E-19,0.021,-4.07564926556239E-19));
#3933=CARTESIAN_POINT('',(-1.76369092945619E-19,0.0073,-4.07564926556239E-19));
#3934=CARTESIAN_POINT('',(-0.0136628283557793,0.0073,0.0136628283557793));
#3935=CARTESIAN_POINT('',(0.00451603085146549,0.0073,-0.00164043342735417));
#3936=CARTESIAN_POINT('',(0.00380019786997509,0.0073,-0.00210729840217009));
#3937=CARTESIAN_POINT('',(0.00386587569329261,0.0073,-0.00219448820766976));
#3938=CARTESIAN_POINT('',(0.00386587569329261,0.0073,-0.00219448820766976));
#3939=CARTESIAN_POINT('',(0.00394099306418463,0.0073,-0.00228570215803864));
#3940=CARTESIAN_POINT('',(0.00414287099845693,0.0073,-0.00245069209767646));
#3941=CARTESIAN_POINT('',(0.00414287099845693,0.0073,-0.00245069209767646));
#3942=CARTESIAN_POINT('',(0.00414287099845693,0.0073,-0.00245069209767646));
#3943=CARTESIAN_POINT('',(0.00434474893272923,0.0073,-0.00261568203731429));
#3944=CARTESIAN_POINT('',(0.00443059735660582,0.0073,-0.00269281148064092));
#3945=CARTESIAN_POINT('',(0.00451644578048242,0.0073,-0.00276994092396754));
#3946=CARTESIAN_POINT('',(0.00459894075030133,0.0073,-0.00290609115870933));
#3947=CARTESIAN_POINT('',(0.00468143572012024,0.0073,-0.00304224139345111));
#3948=CARTESIAN_POINT('',(0.00468143572012024,0.0073,-0.00320857271471201));
#3949=CARTESIAN_POINT('',(0.00468143572012024,0.0073,-0.00331454186293468));
#3950=CARTESIAN_POINT('',(0.00464186496223962,0.0073,-0.00341313341223045));
#3951=CARTESIAN_POINT('',(0.00460229404061613,0.0073,-0.00351172496152623));
#3952=CARTESIAN_POINT('',(0.00453120097833621,0.0073,-0.00358684233241825));
#3953=CARTESIAN_POINT('',(0.00446721707491568,0.0073,-0.00365444796622107));
#3954=CARTESIAN_POINT('',(0.00437560071005989,0.0073,-0.00370059149405473));
#3955=CARTESIAN_POINT('',(0.00435172411716921,0.0073,-0.0037113225470393));
#3956=CARTESIAN_POINT('',(0.00420081868457364,0.0073,-0.00376927023315601));
#3957=CARTESIAN_POINT('',(0.00401611043507665,0.0073,-0.00376927023315601));
#3958=CARTESIAN_POINT('',(0.00384575496894653,0.0073,-0.00376927023315601));
#3959=CARTESIAN_POINT('',(0.00371899440556625,0.0073,-0.00371896842229082));
#3960=CARTESIAN_POINT('',(0.00359223384218597,0.0073,-0.00366866661142562));
#3961=CARTESIAN_POINT('',(0.00350973887236706,0.0073,-0.00358684233241825));
#3962=CARTESIAN_POINT('',(0.00342724390254814,0.0073,-0.00350501805341087));
#3963=CARTESIAN_POINT('',(0.00338566107223292,0.0073,-0.00340441443168049));
#3964=CARTESIAN_POINT('',(0.00334407824191769,0.0073,-0.0033038108099501));
#3965=CARTESIAN_POINT('',(0.00334407824191769,0.0073,-0.00321125547795815));
#3966=CARTESIAN_POINT('',(0.00334407824191769,0.0073,-0.00313479672544306));
#3967=CARTESIAN_POINT('',(0.00338834383547906,0.0073,-0.00309053113188169));
#3968=CARTESIAN_POINT('',(0.00343260942904043,0.0073,-0.00304626553832033));
#3969=CARTESIAN_POINT('',(0.00349967851019402,0.0073,-0.00304626553832033));
#3970=CARTESIAN_POINT('',(0.00357613726270911,0.0073,-0.00304626553832033));
#3971=CARTESIAN_POINT('',(0.00361570802058973,0.0073,-0.00309455527675091));
#3972=CARTESIAN_POINT('',(0.00365527877847034,0.0073,-0.00314284501518149));
#3973=CARTESIAN_POINT('',(0.00368680124661253,0.0073,-0.0032327175839273));
#3974=CARTESIAN_POINT('',(0.00368680124661253,0.0073,-0.0032327175839273));
#3975=CARTESIAN_POINT('',(0.00368680124677553,0.0073,-0.00323271758439202));
#3976=CARTESIAN_POINT('',(0.0037286317277484,0.0073,-0.003351978955552));
#3977=CARTESIAN_POINT('',(0.00391059965507716,0.00729999999999999,-0.00357648796369735));
#3978=CARTESIAN_POINT('',(0.00435948914974192,0.00730000000000001,-0.00339812708177534));
#3979=CARTESIAN_POINT('',(0.00428871039859543,0.0073,-0.00295674399261093));
#3980=CARTESIAN_POINT('',(0.00408562481882862,0.0073,-0.00279548823121439));
#3981=CARTESIAN_POINT('',(0.00398123451291299,0.0073,-0.00272165118556258));
#3982=CARTESIAN_POINT('',(0.00398123451287678,0.0073,-0.00272165118553696));
#3983=CARTESIAN_POINT('',(0.00398123450233454,0.0073,-0.0027216511784324));
#3984=CARTESIAN_POINT('',(0.00388922752914193,0.0073,-0.0026596464700882));
#3985=CARTESIAN_POINT('',(0.00373254126862972,0.0073,-0.0025050505285158));
#3986=CARTESIAN_POINT('',(0.0035281717733625,0.00729999999999999,-0.0023158924223059));
#3987=CARTESIAN_POINT('',(0.00338926355958541,0.0073,-0.00215074312701744));
#3988=CARTESIAN_POINT('',(0.00331643575104476,0.0073,-0.00199233410100261));
#3989=CARTESIAN_POINT('',(0.00338097221566117,0.0073,-0.00182188890454507));
#3990=CARTESIAN_POINT('',(0.0034965775920587,0.0073,-0.00179073233936869));
#3991=CARTESIAN_POINT('',(0.00355199239189572,0.0073,-0.00179073233912515));
#3992=CARTESIAN_POINT('',(0.00355199239349382,0.0073,-0.00179073233912515));
#3993=CARTESIAN_POINT('',(-0.0136628283557793,0.0073,-0.00179073233912515));
#3994=CARTESIAN_POINT('',(0.00453924926807464,0.0073,-0.00179073233912516));
#3995=CARTESIAN_POINT('',(0.00453924926807464,0.0073,-0.00179073233912516));
#3996=CARTESIAN_POINT('',(0.00462778045519737,0.0073,-0.00179073233912515));
#3997=CARTESIAN_POINT('',(0.0046713753579472,0.0073,-0.00183633931430959));
#3998=CARTESIAN_POINT('',(0.00471497026069704,0.0073,-0.00188194628949403));
#3999=CARTESIAN_POINT('',(0.00471497026069704,0.0073,-0.00194767398902455));
#4000=CARTESIAN_POINT('',(0.00471497026069704,0.0073,-0.0020214499782935));
#4001=CARTESIAN_POINT('',(0.00465997361415109,0.0073,-0.00206437419023179));
#4002=CARTESIAN_POINT('',(0.00460497696760515,0.0073,-0.00210729840217009));
#4003=CARTESIAN_POINT('',(0.00450034920100556,0.0073,-0.00210729840217009));
#4004=CARTESIAN_POINT('',(0.00450034920100556,0.0073,-0.00210729840217009));
#4005=CARTESIAN_POINT('',(-0.0136628283557793,0.0073,-0.00210729840217009));
#4006=CARTESIAN_POINT('',(-0.004,0.0073,0.));
#4007=CARTESIAN_POINT('',(-0.00519,0.0073,0.));
#4008=CARTESIAN_POINT('',(0.004,0.0073,0.));
#4009=CARTESIAN_POINT('',(0.00519,0.0073,0.));
#4010=CARTESIAN_POINT('',(-3.64332422746338E-20,0.0073,0.004));
#4011=CARTESIAN_POINT('',(0.00119,0.0073,0.004));
#4012=CARTESIAN_POINT('',(-0.0136628283557793,0.021,0.0136628283557793));
#4013=CARTESIAN_POINT('',(-0.0089642585807625,0.021,-0.00286611602793));
#4014=CARTESIAN_POINT('',(-0.008664324823492,0.021,-0.002692949192431));
#4015=CARTESIAN_POINT('',(-0.009264192338033,0.021,-0.003039282863429));
#4016=CARTESIAN_POINT('',(-0.007664324823492,0.021,-0.004425));
#4017=CARTESIAN_POINT('',(-0.006664324823492,0.021,-0.006157050807569));
#4018=CARTESIAN_POINT('',(-0.0069642585807625,0.021,-0.006330217643068));
#4019=CARTESIAN_POINT('',(-0.007264192338033,0.021,-0.006503384478567));
#4020=CARTESIAN_POINT('',(1.01308638956002E-15,0.021,1.00736273764159E-15));
#4021=CARTESIAN_POINT('',(0.007264192338035,0.021,-0.006503384478567));
#4022=CARTESIAN_POINT('',(0.0069642585807635,0.021,-0.006330217643068));
#4023=CARTESIAN_POINT('',(0.006664324823492,0.021,-0.006157050807569));
#4024=CARTESIAN_POINT('',(0.007664324823492,0.021,-0.004425));
#4025=CARTESIAN_POINT('',(0.008664324823492,0.021,-0.002692949192431));
#4026=CARTESIAN_POINT('',(0.0089642585807625,0.021,-0.00286611602793));
#4027=CARTESIAN_POINT('',(0.009264192338033,0.021,-0.003039282863429));
#4028=CARTESIAN_POINT('',(1.20563281580388E-16,0.021,-1.50920942409982E-16));
#4029=CARTESIAN_POINT('',(0.002,0.021,0.009542667341996));
#4030=CARTESIAN_POINT('',(0.002,0.021,0.009196333670998));
#4031=CARTESIAN_POINT('',(0.002,0.021,0.00885));
#4032=CARTESIAN_POINT('',(0.,0.021,0.00885));
#4033=CARTESIAN_POINT('',(-0.002,0.021,0.00885));
#4034=CARTESIAN_POINT('',(-0.002,0.021,0.009196333670998));
#4035=CARTESIAN_POINT('',(-0.002,0.021,0.009542667341996));
#4036=CARTESIAN_POINT('',(-1.10154940724527E-16,0.021,-1.56992474575901E-16));
#4037=CARTESIAN_POINT('',(0.00450034920100555,0.007,-0.00210729840217009));
#4038=CARTESIAN_POINT('',(0.00450034920100556,0.00715,-0.00210729840217009));
#4039=CARTESIAN_POINT('',(0.00450034920100555,0.007,-0.00210729840217009));
#4040=CARTESIAN_POINT('',(0.00450034920100555,0.007,-0.00210729840217009));
#4041=CARTESIAN_POINT('',(0.00380019786997509,0.007,-0.00210729840217009));
#4042=CARTESIAN_POINT('',(0.00380019786997509,0.007,-0.00210729840217009));
#4043=CARTESIAN_POINT('',(0.00453924926807464,0.007,-0.00179073233912515));
#4044=CARTESIAN_POINT('',(0.00453924926807464,0.00711,-0.00179073233912515));
#4045=CARTESIAN_POINT('',(0.00453924926807464,0.00722,-0.00179073233912515));
#4046=CARTESIAN_POINT('',(0.00453924926807464,0.00733,-0.00179073233912515));
#4047=CARTESIAN_POINT('',(0.00459827005948979,0.007,-0.00179073233912515));
#4048=CARTESIAN_POINT('',(0.00459827005948979,0.00711,-0.00179073233912515));
#4049=CARTESIAN_POINT('',(0.00459827005948979,0.00722,-0.00179073233912515));
#4050=CARTESIAN_POINT('',(0.00459827005948979,0.00733,-0.00179073233912515));
#4051=CARTESIAN_POINT('',(0.00464231208944731,0.007,-0.00180593466418663));
#4052=CARTESIAN_POINT('',(0.00464231208944731,0.00711,-0.00180593466418663));
#4053=CARTESIAN_POINT('',(0.00464231208944731,0.00722,-0.00180593466418663));
#4054=CARTESIAN_POINT('',(0.00464231208944731,0.00733,-0.00180593466418663));
#4055=CARTESIAN_POINT('',(0.00469862217216585,0.007,-0.00186484367379987));
#4056=CARTESIAN_POINT('',(0.00469862217216585,0.00711,-0.00186484367379987));
#4057=CARTESIAN_POINT('',(0.00469862217216585,0.00722,-0.00186484367379987));
#4058=CARTESIAN_POINT('',(0.00469862217216585,0.00733,-0.00186484367379987));
#4059=CARTESIAN_POINT('',(0.00471309704221952,0.007,-0.0018992427767509));
#4060=CARTESIAN_POINT('',(0.00471309704221952,0.00711,-0.0018992427767509));
#4061=CARTESIAN_POINT('',(0.00471309704221952,0.00722,-0.0018992427767509));
#4062=CARTESIAN_POINT('',(0.00471309704221952,0.00733,-0.0018992427767509));
#4063=CARTESIAN_POINT('',(0.00471491349650075,0.007,-0.00194222287959016));
#4064=CARTESIAN_POINT('',(0.00471491349650075,0.00711,-0.00194222287959016));
#4065=CARTESIAN_POINT('',(0.00471491349650075,0.00722,-0.00194222287959016));
#4066=CARTESIAN_POINT('',(0.00471491349650075,0.00733,-0.00194222287959016));
#4067=CARTESIAN_POINT('',(0.00471497026069704,0.007,-0.00194459998947167));
#4068=CARTESIAN_POINT('',(0.00471497026069704,0.00711,-0.00194459998947167));
#4069=CARTESIAN_POINT('',(0.00471497026069704,0.00722,-0.00194459998947167));
#4070=CARTESIAN_POINT('',(0.00471497026069704,0.00733,-0.00194459998947167));
#4071=CARTESIAN_POINT('',(0.00471497026069704,0.007,-0.00199685798187051));
#4072=CARTESIAN_POINT('',(0.00471497026069704,0.00711,-0.00199685798187051));
#4073=CARTESIAN_POINT('',(0.00471497026069704,0.00722,-0.00199685798187051));
#4074=CARTESIAN_POINT('',(0.00471497026069704,0.00733,-0.00199685798187051));
#4075=CARTESIAN_POINT('',(0.00469663804518172,0.007,-0.00203575804893959));
#4076=CARTESIAN_POINT('',(0.00469663804518172,0.00711,-0.00203575804893959));
#4077=CARTESIAN_POINT('',(0.00469663804518172,0.00722,-0.00203575804893959));
#4078=CARTESIAN_POINT('',(0.00469663804518172,0.00733,-0.00203575804893959));
#4079=CARTESIAN_POINT('',(0.00462330918312046,0.007,-0.00209299033152399));
#4080=CARTESIAN_POINT('',(0.00462330918312046,0.00711,-0.00209299033152399));
#4081=CARTESIAN_POINT('',(0.00462330918312046,0.00722,-0.00209299033152399));
#4082=CARTESIAN_POINT('',(0.00462330918312046,0.00733,-0.00209299033152399));
#4083=CARTESIAN_POINT('',(0.00457010104540528,0.007,-0.00210729840217009));
#4084=CARTESIAN_POINT('',(0.00457010104540528,0.00711,-0.00210729840217009));
#4085=CARTESIAN_POINT('',(0.00457010104540528,0.00722,-0.00210729840217009));
#4086=CARTESIAN_POINT('',(0.00457010104540528,0.00733,-0.00210729840217009));
#4087=CARTESIAN_POINT('',(0.00450034920100555,0.007,-0.00210729840217009));
#4088=CARTESIAN_POINT('',(0.00450034920100555,0.00711,-0.00210729840217009));
#4089=CARTESIAN_POINT('',(0.00450034920100555,0.00722,-0.00210729840217009));
#4090=CARTESIAN_POINT('',(0.00450034920100555,0.00733,-0.00210729840217009));
#4091=CARTESIAN_POINT('',(0.00453924926807464,0.00715,-0.00179073233912515));
#4092=CARTESIAN_POINT('',(0.00453924926807464,0.007,-0.00179073233912515));
#4093=CARTESIAN_POINT('',(0.00453924926807464,0.007,-0.00179073233912515));
#4094=CARTESIAN_POINT('',(0.00462778045519737,0.007,-0.00179073233912515));
#4095=CARTESIAN_POINT('',(0.0046713753579472,0.007,-0.00183633931430959));
#4096=CARTESIAN_POINT('',(0.00471497026069704,0.007,-0.00188194628949403));
#4097=CARTESIAN_POINT('',(0.00471497026069704,0.007,-0.00194767398902455));
#4098=CARTESIAN_POINT('',(0.00471497026069704,0.007,-0.0020214499782935));
#4099=CARTESIAN_POINT('',(0.00465997361415109,0.007,-0.00206437419023179));
#4100=CARTESIAN_POINT('',(0.00460497696760515,0.007,-0.00210729840217009));
#4101=CARTESIAN_POINT('',(0.00450034920100555,0.007,-0.00210729840217009));
#4102=CARTESIAN_POINT('',(0.00355199239349382,0.007,-0.00179073233912515));
#4103=CARTESIAN_POINT('',(0.00355199239349382,0.00715,-0.00179073233912515));
#4104=CARTESIAN_POINT('',(0.00355199239349382,0.007,-0.00179073233912515));
#4105=CARTESIAN_POINT('',(0.00355199239349382,0.007,-0.00179073233912515));
#4106=CARTESIAN_POINT('',(0.00398123449179229,0.007,-0.00272165117132784));
#4107=CARTESIAN_POINT('',(0.00398123449179229,0.00730000000000001,-0.00272165117132784));
#4108=CARTESIAN_POINT('',(0.00395038270843187,0.007,-0.00270085974908253));
#4109=CARTESIAN_POINT('',(0.00395038270843187,0.00730000000000001,-0.00270085974908253));
#4110=CARTESIAN_POINT('',(0.00385636120617378,0.007,-0.00262367619850154));
#4111=CARTESIAN_POINT('',(0.00385636120617378,0.00730000000000001,-0.00262367619850154));
#4112=CARTESIAN_POINT('',(0.00367029323565394,0.007,-0.00245054738907315));
#4113=CARTESIAN_POINT('',(0.00367029323565394,0.00730000000000001,-0.00245054738907315));
#4114=CARTESIAN_POINT('',(0.0035155718069016,0.007,-0.00229430918157073));
#4115=CARTESIAN_POINT('',(0.0035155718069016,0.00730000000000001,-0.00229430918157073));
#4116=CARTESIAN_POINT('',(0.00344113582054631,0.007,-0.00221752765300781));
#4117=CARTESIAN_POINT('',(0.00344113582054631,0.00730000000000001,-0.00221752765300781));
#4118=CARTESIAN_POINT('',(0.0034320244389798,0.007,-0.00220418185978991));
#4119=CARTESIAN_POINT('',(0.0034320244389798,0.00730000000000001,-0.00220418185978991));
#4120=CARTESIAN_POINT('',(0.00340152998364992,0.007,-0.00216118778711489));
#4121=CARTESIAN_POINT('',(0.00340152998364992,0.00730000000000001,-0.00216118778711489));
#4122=CARTESIAN_POINT('',(0.00336478817922582,0.007,-0.00208557787037104));
#4123=CARTESIAN_POINT('',(0.00336478817922582,0.00730000000000001,-0.00208557787037104));
#4124=CARTESIAN_POINT('',(0.00333320667325524,0.007,-0.00200315499159333));
#4125=CARTESIAN_POINT('',(0.00333320667325524,0.00730000000000001,-0.00200315499159333));
#4126=CARTESIAN_POINT('',(0.00334483324513167,0.00700000000000001,-0.00187243366979429));
#4127=CARTESIAN_POINT('',(0.00334483324513167,0.00730000000000001,-0.00187243366979429));
#4128=CARTESIAN_POINT('',(0.00345138877240149,0.007,-0.00179073234000943));
#4129=CARTESIAN_POINT('',(0.00345138877240149,0.00730000000000001,-0.00179073234000943));
#4130=CARTESIAN_POINT('',(0.00355199239029761,0.007,-0.00179073233912515));
#4131=CARTESIAN_POINT('',(0.00355199239029761,0.00730000000000001,-0.00179073233912515));
#4132=CARTESIAN_POINT('',(0.00398123451287678,0.00715,-0.00272165118553696));
#4133=CARTESIAN_POINT('',(0.00398124328228878,0.007,-0.00272165739693957));
#4134=CARTESIAN_POINT('',(0.00398124334684785,0.007,-0.00272165728965603));
#4135=CARTESIAN_POINT('',(0.00389029849551981,0.007,-0.00266036836810873));
#4136=CARTESIAN_POINT('',(0.00373526690104924,0.00700000000000001,-0.00250843520267434));
#4137=CARTESIAN_POINT('',(0.00353525499244811,0.007,-0.00232066829040891));
#4138=CARTESIAN_POINT('',(0.003394661630881,0.00699999999999999,-0.00216063727659884));
#4139=CARTESIAN_POINT('',(0.0033171030511437,0.007,-0.00199948971206061));
#4140=CARTESIAN_POINT('',(0.00337731779406306,0.007,-0.00182355745972276));
#4141=CARTESIAN_POINT('',(0.00349548007229054,0.007,-0.00179073233937313));
#4142=CARTESIAN_POINT('',(0.00355199239189823,0.007,-0.00179073233912515));
#4143=CARTESIAN_POINT('',(0.00368680124693853,0.00700000000000001,-0.00323271758485675));
#4144=CARTESIAN_POINT('',(0.00368680124693853,0.00730000000000001,-0.00323271758485675));
#4145=CARTESIAN_POINT('',(0.00369730873628082,0.00700000000000001,-0.0032626751076312));
#4146=CARTESIAN_POINT('',(0.00369730873628082,0.00730000000000001,-0.0032626751076312));
#4147=CARTESIAN_POINT('',(0.00372113352785757,0.007,-0.0033180142452908));
#4148=CARTESIAN_POINT('',(0.00372113352785757,0.0073,-0.0033180142452908));
#4149=CARTESIAN_POINT('',(0.00371284886003986,0.00700000000000001,-0.00332385063266022));
#4150=CARTESIAN_POINT('',(0.00371284886003986,0.00730000000000001,-0.00332385063266022));
#4151=CARTESIAN_POINT('',(0.00384267648134967,0.00700000000000001,-0.00348097196839278));
#4152=CARTESIAN_POINT('',(0.00384267648134967,0.00730000000000001,-0.00348097196839278));
#4153=CARTESIAN_POINT('',(0.00402316819405771,0.007,-0.00350269174965489));
#4154=CARTESIAN_POINT('',(0.00402316819405771,0.00730000000000001,-0.00350269174965489));
#4155=CARTESIAN_POINT('',(0.00408525702074745,0.00700000000000001,-0.00349007961502229));
#4156=CARTESIAN_POINT('',(0.00408525702074745,0.00730000000000001,-0.00349007961502229));
#4157=CARTESIAN_POINT('',(0.00419032215817346,0.00700000000000001,-0.0034532672527841));
#4158=CARTESIAN_POINT('',(0.00419032215817346,0.00730000000000001,-0.0034532672527841));
#4159=CARTESIAN_POINT('',(0.00432366997248513,0.00700000000000001,-0.00332460104650243));
#4160=CARTESIAN_POINT('',(0.00432366997248513,0.00730000000000001,-0.00332460104650243));
#4161=CARTESIAN_POINT('',(0.00432538313695521,0.00700000000000001,-0.00303203919180918));
#4162=CARTESIAN_POINT('',(0.00432538313695521,0.00730000000000001,-0.00303203919180918));
#4163=CARTESIAN_POINT('',(0.0041278922369547,0.00700000000000001,-0.00282538469770138));
#4164=CARTESIAN_POINT('',(0.0041278922369547,0.00730000000000001,-0.00282538469770138));
#4165=CARTESIAN_POINT('',(0.0039812345129492,0.00700000000000001,-0.00272165118558819));
#4166=CARTESIAN_POINT('',(0.0039812345129492,0.00730000000000001,-0.00272165118558819));
#4167=CARTESIAN_POINT('',(0.00368680124661253,0.00715,-0.0032327175839273));
#4168=CARTESIAN_POINT('',(0.00368680124661253,0.007,-0.0032327175839273));
#4169=CARTESIAN_POINT('',(0.00368680124677553,0.007,-0.00323271758439202));
#4170=CARTESIAN_POINT('',(0.00372863143347635,0.007,-0.00335197811656362));
#4171=CARTESIAN_POINT('',(0.00391059656557108,0.007,-0.00357648585418286));
#4172=CARTESIAN_POINT('',(0.00435948443216114,0.00700000000000001,-0.00339813261229879));
#4173=CARTESIAN_POINT('',(0.00428871564118254,0.007,-0.00295675161658106));
#4174=CARTESIAN_POINT('',(0.00408563239200139,0.007,-0.00279549460090185));
#4175=CARTESIAN_POINT('',(0.00398124328677219,0.007,-0.00272165739150555));
#4176=CARTESIAN_POINT('',(0.00414287098516417,0.007,-0.00245069208681261));
#4177=CARTESIAN_POINT('',(0.00414287098516417,0.0073,-0.00245069208681261));
#4178=CARTESIAN_POINT('',(0.00426904469661058,0.007,-0.0025538108010075));
#4179=CARTESIAN_POINT('',(0.00426904469661058,0.0073,-0.0025538108010075));
#4180=CARTESIAN_POINT('',(0.00443752315174994,0.007,-0.00269194155489359));
#4181=CARTESIAN_POINT('',(0.00443752315174994,0.0073,-0.00269194155489359));
#4182=CARTESIAN_POINT('',(0.004581580268407,0.007,-0.00284445089571009));
#4183=CARTESIAN_POINT('',(0.004581580268407,0.0073,-0.00284445089571009));
#4184=CARTESIAN_POINT('',(0.00470574340467766,0.00699999999999999,-0.00316810961391527));
#4185=CARTESIAN_POINT('',(0.00470574340467766,0.0073,-0.00316810961391527));
#4186=CARTESIAN_POINT('',(0.00466665914537066,0.007,-0.0033666677294858));
#4187=CARTESIAN_POINT('',(0.00466665914537066,0.0073,-0.0033666677294858));
#4188=CARTESIAN_POINT('',(0.00458268303697085,0.007,-0.00354547865932858));
#4189=CARTESIAN_POINT('',(0.00458268303697085,0.0073,-0.00354547865932858));
#4190=CARTESIAN_POINT('',(0.00446206681985348,0.007,-0.00365510232487128));
#4191=CARTESIAN_POINT('',(0.00446206681985348,0.0073,-0.00365510232487128));
#4192=CARTESIAN_POINT('',(0.00435202363096271,0.007,-0.00371621085449366));
#4193=CARTESIAN_POINT('',(0.00435202363096271,0.0073,-0.00371621085449366));
#4194=CARTESIAN_POINT('',(0.00418845470440494,0.007,-0.00376311983329068));
#4195=CARTESIAN_POINT('',(0.00418845470440494,0.0073,-0.00376311983329068));
#4196=CARTESIAN_POINT('',(0.00399896282267753,0.007,-0.00377298754061782));
#4197=CARTESIAN_POINT('',(0.00399896282267753,0.0073,-0.00377298754061782));
#4198=CARTESIAN_POINT('',(0.00370838538916865,0.00699999999999999,-0.00374752579233479));
#4199=CARTESIAN_POINT('',(0.00370838538916865,0.0073,-0.00374752579233479));
#4200=CARTESIAN_POINT('',(0.00340660106083805,0.007,-0.00354904835412295));
#4201=CARTESIAN_POINT('',(0.00340660106083805,0.0073,-0.00354904835412295));
#4202=CARTESIAN_POINT('',(0.00328634109731724,0.007,-0.00312712133777427));
#4203=CARTESIAN_POINT('',(0.00328634109731724,0.0073,-0.00312712133777427));
#4204=CARTESIAN_POINT('',(0.00352910359625507,0.007,-0.00299269535646512));
#4205=CARTESIAN_POINT('',(0.00352910359625507,0.0073,-0.00299269535646512));
#4206=CARTESIAN_POINT('',(0.00364739816019021,0.007,-0.00312037687077207));
#4207=CARTESIAN_POINT('',(0.0036473981601902,0.0073,-0.00312037687077207));
#4208=CARTESIAN_POINT('',(0.00368680124557658,0.007,-0.00323271758097372));
#4209=CARTESIAN_POINT('',(0.00368680124557658,0.0073,-0.00323271758097372));
#4210=CARTESIAN_POINT('',(0.00414287099845693,0.00715,-0.00245069209767646));
#4211=CARTESIAN_POINT('',(0.00414287099845693,0.007,-0.00245069209767646));
#4212=CARTESIAN_POINT('',(0.00414287099845693,0.007,-0.00245069209767646));
#4213=CARTESIAN_POINT('',(0.00434474893272923,0.007,-0.00261568203731429));
#4214=CARTESIAN_POINT('',(0.00443059735660582,0.007,-0.00269281148064092));
#4215=CARTESIAN_POINT('',(0.00451644578048242,0.007,-0.00276994092396754));
#4216=CARTESIAN_POINT('',(0.00459894075030133,0.007,-0.00290609115870933));
#4217=CARTESIAN_POINT('',(0.00468143572012024,0.007,-0.00304224139345111));
#4218=CARTESIAN_POINT('',(0.00468143572012024,0.007,-0.00320857271471201));
#4219=CARTESIAN_POINT('',(0.00468143572012024,0.007,-0.00331454186293468));
#4220=CARTESIAN_POINT('',(0.00464186496223962,0.007,-0.00341313341223045));
#4221=CARTESIAN_POINT('',(0.00460229404061613,0.007,-0.00351172496152623));
#4222=CARTESIAN_POINT('',(0.00453120097833621,0.007,-0.00358684233241825));
#4223=CARTESIAN_POINT('',(0.00446721707491568,0.007,-0.00365444796622107));
#4224=CARTESIAN_POINT('',(0.00437560071005989,0.007,-0.00370059149405473));
#4225=CARTESIAN_POINT('',(0.00435172411716921,0.007,-0.0037113225470393));
#4226=CARTESIAN_POINT('',(0.00420081868457364,0.007,-0.00376927023315601));
#4227=CARTESIAN_POINT('',(0.00401611043507665,0.007,-0.00376927023315601));
#4228=CARTESIAN_POINT('',(0.00384575496894653,0.007,-0.00376927023315601));
#4229=CARTESIAN_POINT('',(0.00371899440556625,0.007,-0.00371896842229082));
#4230=CARTESIAN_POINT('',(0.00359223384218597,0.007,-0.00366866661142562));
#4231=CARTESIAN_POINT('',(0.00350973887236706,0.007,-0.00358684233241825));
#4232=CARTESIAN_POINT('',(0.00342724390254814,0.007,-0.00350501805341087));
#4233=CARTESIAN_POINT('',(0.00338566107223292,0.007,-0.00340441443168049));
#4234=CARTESIAN_POINT('',(0.00334407824191769,0.007,-0.0033038108099501));
#4235=CARTESIAN_POINT('',(0.00334407824191769,0.007,-0.00321125547795815));
#4236=CARTESIAN_POINT('',(0.00334407824191769,0.007,-0.00313479672544306));
#4237=CARTESIAN_POINT('',(0.00338834383547906,0.007,-0.00309053113188169));
#4238=CARTESIAN_POINT('',(0.00343260942904043,0.007,-0.00304626553832033));
#4239=CARTESIAN_POINT('',(0.00349967851019402,0.007,-0.00304626553832033));
#4240=CARTESIAN_POINT('',(0.00357613726270911,0.007,-0.00304626553832033));
#4241=CARTESIAN_POINT('',(0.00361570802058973,0.007,-0.00309455527675091));
#4242=CARTESIAN_POINT('',(0.00365527877847034,0.007,-0.00314284501518149));
#4243=CARTESIAN_POINT('',(0.00368680124661253,0.007,-0.0032327175839273));
#4244=CARTESIAN_POINT('',(0.00414287099237196,0.0073,-0.00245069209270336));
#4245=CARTESIAN_POINT('',(0.00414287099237196,0.007,-0.00245069209270336));
#4246=CARTESIAN_POINT('',(0.00400828570615901,0.0073,-0.00234069880201043));
#4247=CARTESIAN_POINT('',(0.00400828570615901,0.007,-0.00234069880201043));
#4248=CARTESIAN_POINT('',(0.00391595393979922,0.0073,-0.00225529750699922));
#4249=CARTESIAN_POINT('',(0.00391595393979922,0.007,-0.00225529750699922));
#4250=CARTESIAN_POINT('',(0.00386587569329261,0.0073,-0.00219448820766975));
#4251=CARTESIAN_POINT('',(0.00386587569329261,0.007,-0.00219448820766975));
#4252=CARTESIAN_POINT('',(0.00386556331895564,0.007,-0.00219475440950246));
#4253=CARTESIAN_POINT('',(0.00386556331895564,0.0071,-0.00219475440950246));
#4254=CARTESIAN_POINT('',(0.00386556331895564,0.00720000000000001,-0.00219475440950246));
#4255=CARTESIAN_POINT('',(0.00386556331895564,0.00730000000000001,-0.00219475440950246));
#4256=CARTESIAN_POINT('',(0.00386587569329261,0.007,-0.00219448820766976));
#4257=CARTESIAN_POINT('',(0.00386587569329261,0.007,-0.00219448820766976));
#4258=CARTESIAN_POINT('',(0.00394099306418463,0.007,-0.00228570215803864));
#4259=CARTESIAN_POINT('',(0.00414287099845693,0.007,-0.00245069209767646));
#4260=CARTESIAN_POINT('',(0.00451603085146549,0.0072,-0.00164043342735417));
#4261=CARTESIAN_POINT('',(0.00451603085146549,0.007,-0.00164043342735417));
#4262=CARTESIAN_POINT('',(-0.000850415934063213,0.007,0.0024939759105885));
#4263=CARTESIAN_POINT('',(0.,0.,0.));
#4264=CARTESIAN_POINT('',(-1.42219047757137E-8,0.0199999676530522,0.00400036344071511));
#4265=CARTESIAN_POINT('',(-4.26539145707443E-15,0.021,0.0040001489826282));
#4266=CARTESIAN_POINT('',(-0.000190119658104484,0.021,0.00399999999455739));
#4267=CARTESIAN_POINT('',(0.000190119658104484,0.021,0.00400000000544369));
#4268=CARTESIAN_POINT('',(0.000190119658608546,0.0209999960412783,0.00400000000544272));
#4269=CARTESIAN_POINT('',(0.000451941931095253,0.0210000293791865,0.00399955044144717));
#4270=CARTESIAN_POINT('',(0.000973529868483961,0.0207833759132298,0.00399912182236383));
#4271=CARTESIAN_POINT('',(0.0011902671179002,0.020261822640171,0.00399968152451453));
#4272=CARTESIAN_POINT('',(0.00119027568006308,0.0199999999846832,0.00400000017842685));
#4273=CARTESIAN_POINT('',(0.00119042824819207,0.02,0.00400000001933868));
#4274=CARTESIAN_POINT('',(-0.00119,0.02,0.00399999998067216));
#4275=CARTESIAN_POINT('',(-0.00118999999493998,0.02,0.00368845870919085));
#4276=CARTESIAN_POINT('',(-0.000932497818480234,0.02,0.00306785648137004));
#4277=CARTESIAN_POINT('',(2.14240295926436E-11,0.02,0.00268107175174146));
#4278=CARTESIAN_POINT('',(0.000932497848762802,0.02,0.00306785651166412));
#4279=CARTESIAN_POINT('',(0.00119000000506103,0.02,0.00368845874785041));
#4280=CARTESIAN_POINT('',(0.00119,0.02,0.00400000001933172));
#4281=CARTESIAN_POINT('',(-0.00119042824819207,0.02,0.00399999998066521));
#4282=CARTESIAN_POINT('',(-0.00119030412384997,0.0199999999856024,0.00400000010428812));
#4283=CARTESIAN_POINT('',(-0.00119029556125644,0.0202618273815411,0.00399968139500181));
#4284=CARTESIAN_POINT('',(-0.000973550049282426,0.0207833899322828,0.00399912160104104));
#4285=CARTESIAN_POINT('',(-0.000451946670445372,0.0210000368228726,0.00399955033368843));
#4286=CARTESIAN_POINT('',(-0.000190119658721773,0.0209999960372521,0.00399999999490632));
#4287=CARTESIAN_POINT('',(1.42219084491125E-8,0.0199999676530522,0.00399963655923324));
#4288=CARTESIAN_POINT('',(4.26539142653644E-15,0.021,0.00399985101737395));
#4289=CARTESIAN_POINT('',(0.00119,0.02,0.00400000001933172));
#4290=CARTESIAN_POINT('',(0.00118999999493897,0.02,0.00431154129081239));
#4291=CARTESIAN_POINT('',(0.000932497818478312,0.02,0.00493214351863109));
#4292=CARTESIAN_POINT('',(-2.14240275785296E-11,0.02,0.00531892824825797));
#4293=CARTESIAN_POINT('',(-0.000932497848760881,0.02,0.00493214348833702));
#4294=CARTESIAN_POINT('',(-0.00119000000506002,0.02,0.00431154125215283));
#4295=CARTESIAN_POINT('',(-0.00119,0.02,0.00399999998067216));
#4296=CARTESIAN_POINT('',(-0.00148858319863184,0.021,0.00548858319863184));
#4297=CARTESIAN_POINT('',(0.,0.01415,0.004));
#4298=CARTESIAN_POINT('',(0.,0.0073,0.004));
#4299=CARTESIAN_POINT('',(0.00119,0.0073,0.004));
#4300=CARTESIAN_POINT('',(0.,0.,0.));
#4301=CARTESIAN_POINT('',(0.00399998577810215,0.0199999676530522,3.63440761667213E-7));
#4302=CARTESIAN_POINT('',(0.00399999999999574,0.021,1.48982626056526E-7));
#4303=CARTESIAN_POINT('',(0.00380988034189552,0.021,-5.44369533146648E-12));
#4304=CARTESIAN_POINT('',(0.00419011965810448,0.021,5.44369556611841E-12));
#4305=CARTESIAN_POINT('',(0.00419011965860854,0.0209999960412782,5.44273252986314E-12));
#4306=CARTESIAN_POINT('',(0.00445194193110098,0.0210000293791957,-4.49558610388232E-7));
#4307=CARTESIAN_POINT('',(0.00497352986850869,0.020783375913247,-8.78177748634548E-7));
#4308=CARTESIAN_POINT('',(0.00519026711793524,0.0202618226401768,-3.18475526266705E-7));
#4309=CARTESIAN_POINT('',(0.00519027568009815,0.0199999999846832,1.78426858039611E-10));
#4310=CARTESIAN_POINT('',(0.00519042824819207,0.02,1.93386822596213E-11));
#4311=CARTESIAN_POINT('',(0.00281,0.02,-1.93317280159297E-11));
#4312=CARTESIAN_POINT('',(0.00281000000506103,0.02,-0.000311541290812716));
#4313=CARTESIAN_POINT('',(0.00306750218152225,0.02,-0.000932143518632055));
#4314=CARTESIAN_POINT('',(0.00400000002142618,0.02,-0.00131892824825826));
#4315=CARTESIAN_POINT('',(0.00493249784876337,0.02,-0.000932143488334924));
#4316=CARTESIAN_POINT('',(0.00519000000506103,0.02,-0.000311541252149263));
#4317=CARTESIAN_POINT('',(0.00519,0.02,1.93317246993998E-11));
#4318=CARTESIAN_POINT('',(0.00280957175180793,0.02,-1.93386825549869E-11));
#4319=CARTESIAN_POINT('',(0.00280969587612881,0.0199999999856024,1.04281761710656E-10));
#4320=CARTESIAN_POINT('',(0.00280970443872238,0.0202618273815446,-3.18605045341338E-7));
#4321=CARTESIAN_POINT('',(0.00302644995070267,0.0207833899322932,-8.78399076595799E-7));
#4322=CARTESIAN_POINT('',(0.00354805332955121,0.0210000368228781,-4.49666371534234E-7));
#4323=CARTESIAN_POINT('',(0.00380988034127823,0.0209999960372521,-5.09469206006647E-12));
#4324=CARTESIAN_POINT('',(0.00400001422190853,0.0199999676530522,-3.6344076678695E-7));
#4325=CARTESIAN_POINT('',(0.00400000000000426,0.021,-1.48982628195711E-7));
#4326=CARTESIAN_POINT('',(0.00519,0.02,1.93317246993998E-11));
#4327=CARTESIAN_POINT('',(0.00518999999493897,0.02,0.000311541290812713));
#4328=CARTESIAN_POINT('',(0.00493249781847775,0.02,0.000932143518632055));
#4329=CARTESIAN_POINT('',(0.00399999997857382,0.02,0.00131892824825826));
#4330=CARTESIAN_POINT('',(0.00306750215123664,0.02,0.000932143488334925));
#4331=CARTESIAN_POINT('',(0.00280999999493897,0.02,0.000311541252149261));
#4332=CARTESIAN_POINT('',(0.00281,0.02,-1.93317266675315E-11));
#4333=CARTESIAN_POINT('',(0.00251141680136816,0.021,0.00148858319863184));
#4334=CARTESIAN_POINT('',(0.004,0.01415,0.));
#4335=CARTESIAN_POINT('',(0.004,0.0073,0.));
#4336=CARTESIAN_POINT('',(0.00519,0.0073,0.));
#4337=CARTESIAN_POINT('',(0.,0.,0.));
#4338=CARTESIAN_POINT('',(-0.00400001422190483,0.0199999676530522,3.63440715164739E-7));
#4339=CARTESIAN_POINT('',(-0.00400000000000426,0.021,1.48982626061693E-7));
#4340=CARTESIAN_POINT('',(-0.00419011965810448,0.021,-5.44369554753732E-12));
#4341=CARTESIAN_POINT('',(-0.00380988034189551,0.021,5.44369554920053E-12));
#4342=CARTESIAN_POINT('',(-0.00380988034139145,0.0209999960412783,5.44273283675376E-12));
#4343=CARTESIAN_POINT('',(-0.00354805806890474,0.0210000293791866,-4.49558552863674E-7));
#4344=CARTESIAN_POINT('',(-0.00302647013151602,0.0207833759132298,-8.78177636252102E-7));
#4345=CARTESIAN_POINT('',(-0.00280973288209977,0.020261822640171,-3.18475485497944E-7));
#4346=CARTESIAN_POINT('',(-0.00280972431993688,0.0199999999846832,1.78426851996931E-10));
#4347=CARTESIAN_POINT('',(-0.00280957175180793,0.02,1.93386820460828E-11));
#4348=CARTESIAN_POINT('',(-0.00519,0.02,-1.93317280159297E-11));
#4349=CARTESIAN_POINT('',(-0.00518999999493897,0.02,-0.000311541290812716));
#4350=CARTESIAN_POINT('',(-0.00493249781847775,0.02,-0.000932143518632055));
#4351=CARTESIAN_POINT('',(-0.00399999997857382,0.02,-0.00131892824825826));
#4352=CARTESIAN_POINT('',(-0.00306750215123663,0.02,-0.000932143488334924));
#4353=CARTESIAN_POINT('',(-0.00280999999493897,0.02,-0.000311541252149263));
#4354=CARTESIAN_POINT('',(-0.00281,0.02,1.93317246993998E-11));
#4355=CARTESIAN_POINT('',(-0.00519042824819207,0.02,-1.93386823706436E-11));
#4356=CARTESIAN_POINT('',(-0.00519030412385012,0.0199999999856024,1.04281747096902E-10));
#4357=CARTESIAN_POINT('',(-0.00519029556125657,0.0202618273815411,-3.18605004601057E-7));
#4358=CARTESIAN_POINT('',(-0.00497355004928251,0.0207833899322829,-8.78398964277327E-7));
#4359=CARTESIAN_POINT('',(-0.00445194667044539,0.0210000368228726,-4.49666314041421E-7));
#4360=CARTESIAN_POINT('',(-0.00419011965872177,0.0209999960372521,-5.09469246055423E-12));
#4361=CARTESIAN_POINT('',(-0.00399998577809517,0.0199999676530522,-3.634407151703E-7));
#4362=CARTESIAN_POINT('',(-0.00399999999999573,0.021,-1.48982626067954E-7));
#4363=CARTESIAN_POINT('',(-0.00281,0.02,1.93317246993998E-11));
#4364=CARTESIAN_POINT('',(-0.00281000000506103,0.02,0.000311541290812713));
#4365=CARTESIAN_POINT('',(-0.00306750218152225,0.02,0.000932143518632055));
#4366=CARTESIAN_POINT('',(-0.00400000002142618,0.02,0.00131892824825826));
#4367=CARTESIAN_POINT('',(-0.00493249784876337,0.02,0.000932143488334925));
#4368=CARTESIAN_POINT('',(-0.00519000000506103,0.02,0.000311541252149261));
#4369=CARTESIAN_POINT('',(-0.00519,0.02,-1.93317266675315E-11));
#4370=CARTESIAN_POINT('',(-0.00548858319863184,0.021,0.00148858319863184));
#4371=CARTESIAN_POINT('',(-0.004,0.01415,0.));
#4372=CARTESIAN_POINT('',(-0.004,0.0073,0.));
#4373=CARTESIAN_POINT('',(-0.00281,0.0073,0.));
#4374=MECHANICAL_DESIGN_GEOMETRIC_PRESENTATION_REPRESENTATION('',(#2011),
#4384);
#4375=MECHANICAL_DESIGN_GEOMETRIC_PRESENTATION_REPRESENTATION('',(#2012),
#4385);
#4376=MECHANICAL_DESIGN_GEOMETRIC_PRESENTATION_REPRESENTATION('',(#2013),
#4386);
#4377=MECHANICAL_DESIGN_GEOMETRIC_PRESENTATION_REPRESENTATION('',(#2014),
#4387);
#4378=MECHANICAL_DESIGN_GEOMETRIC_PRESENTATION_REPRESENTATION('',(#2015),
#4388);
#4379=MECHANICAL_DESIGN_GEOMETRIC_PRESENTATION_REPRESENTATION('',(#2016),
#4389);
#4380=MECHANICAL_DESIGN_GEOMETRIC_PRESENTATION_REPRESENTATION('',(#2017),
#4390);
#4381=MECHANICAL_DESIGN_GEOMETRIC_PRESENTATION_REPRESENTATION('',(#2018),
#4391);
#4382=MECHANICAL_DESIGN_GEOMETRIC_PRESENTATION_REPRESENTATION('',(#2019),
#4392);
#4383=MECHANICAL_DESIGN_GEOMETRIC_PRESENTATION_REPRESENTATION('',(#2020),
#4393);
#4384=(
GEOMETRIC_REPRESENTATION_CONTEXT(3)
GLOBAL_UNCERTAINTY_ASSIGNED_CONTEXT((#4394))
GLOBAL_UNIT_ASSIGNED_CONTEXT((#4424,#4414,#4404))
REPRESENTATION_CONTEXT('Document','TOP_LEVEL_ASSEMBLY_PART')
);
#4385=(
GEOMETRIC_REPRESENTATION_CONTEXT(3)
GLOBAL_UNCERTAINTY_ASSIGNED_CONTEXT((#4395))
GLOBAL_UNIT_ASSIGNED_CONTEXT((#4425,#4415,#4405))
REPRESENTATION_CONTEXT('Document','TOP_LEVEL_ASSEMBLY_PART')
);
#4386=(
GEOMETRIC_REPRESENTATION_CONTEXT(3)
GLOBAL_UNCERTAINTY_ASSIGNED_CONTEXT((#4396))
GLOBAL_UNIT_ASSIGNED_CONTEXT((#4426,#4416,#4406))
REPRESENTATION_CONTEXT('Document','TOP_LEVEL_ASSEMBLY_PART')
);
#4387=(
GEOMETRIC_REPRESENTATION_CONTEXT(3)
GLOBAL_UNCERTAINTY_ASSIGNED_CONTEXT((#4397))
GLOBAL_UNIT_ASSIGNED_CONTEXT((#4427,#4417,#4407))
REPRESENTATION_CONTEXT('Document','TOP_LEVEL_ASSEMBLY_PART')
);
#4388=(
GEOMETRIC_REPRESENTATION_CONTEXT(3)
GLOBAL_UNCERTAINTY_ASSIGNED_CONTEXT((#4398))
GLOBAL_UNIT_ASSIGNED_CONTEXT((#4428,#4418,#4408))
REPRESENTATION_CONTEXT('Document','TOP_LEVEL_ASSEMBLY_PART')
);
#4389=(
GEOMETRIC_REPRESENTATION_CONTEXT(3)
GLOBAL_UNCERTAINTY_ASSIGNED_CONTEXT((#4399))
GLOBAL_UNIT_ASSIGNED_CONTEXT((#4429,#4419,#4409))
REPRESENTATION_CONTEXT('Document','TOP_LEVEL_ASSEMBLY_PART')
);
#4390=(
GEOMETRIC_REPRESENTATION_CONTEXT(3)
GLOBAL_UNCERTAINTY_ASSIGNED_CONTEXT((#4400))
GLOBAL_UNIT_ASSIGNED_CONTEXT((#4430,#4420,#4410))
REPRESENTATION_CONTEXT('Document','TOP_LEVEL_ASSEMBLY_PART')
);
#4391=(
GEOMETRIC_REPRESENTATION_CONTEXT(3)
GLOBAL_UNCERTAINTY_ASSIGNED_CONTEXT((#4401))
GLOBAL_UNIT_ASSIGNED_CONTEXT((#4431,#4421,#4411))
REPRESENTATION_CONTEXT('Document','TOP_LEVEL_ASSEMBLY_PART')
);
#4392=(
GEOMETRIC_REPRESENTATION_CONTEXT(3)
GLOBAL_UNCERTAINTY_ASSIGNED_CONTEXT((#4402))
GLOBAL_UNIT_ASSIGNED_CONTEXT((#4432,#4422,#4412))
REPRESENTATION_CONTEXT('Document','TOP_LEVEL_ASSEMBLY_PART')
);
#4393=(
GEOMETRIC_REPRESENTATION_CONTEXT(3)
GLOBAL_UNCERTAINTY_ASSIGNED_CONTEXT((#4403))
GLOBAL_UNIT_ASSIGNED_CONTEXT((#4433,#4423,#4413))
REPRESENTATION_CONTEXT('Document','TOP_LEVEL_ASSEMBLY_PART')
);
#4394=UNCERTAINTY_MEASURE_WITH_UNIT(LENGTH_MEASURE(2.E-5),#4424,
'DISTANCE_ACCURACY_VALUE','Maximum Tolerance applied to model');
#4395=UNCERTAINTY_MEASURE_WITH_UNIT(LENGTH_MEASURE(2.E-5),#4425,
'DISTANCE_ACCURACY_VALUE','Maximum Tolerance applied to model');
#4396=UNCERTAINTY_MEASURE_WITH_UNIT(LENGTH_MEASURE(2.E-5),#4426,
'DISTANCE_ACCURACY_VALUE','Maximum Tolerance applied to model');
#4397=UNCERTAINTY_MEASURE_WITH_UNIT(LENGTH_MEASURE(2.E-5),#4427,
'DISTANCE_ACCURACY_VALUE','Maximum Tolerance applied to model');
#4398=UNCERTAINTY_MEASURE_WITH_UNIT(LENGTH_MEASURE(2.E-5),#4428,
'DISTANCE_ACCURACY_VALUE','Maximum Tolerance applied to model');
#4399=UNCERTAINTY_MEASURE_WITH_UNIT(LENGTH_MEASURE(2.E-5),#4429,
'DISTANCE_ACCURACY_VALUE','Maximum Tolerance applied to model');
#4400=UNCERTAINTY_MEASURE_WITH_UNIT(LENGTH_MEASURE(2.E-5),#4430,
'DISTANCE_ACCURACY_VALUE','Maximum Tolerance applied to model');
#4401=UNCERTAINTY_MEASURE_WITH_UNIT(LENGTH_MEASURE(2.E-5),#4431,
'DISTANCE_ACCURACY_VALUE','Maximum Tolerance applied to model');
#4402=UNCERTAINTY_MEASURE_WITH_UNIT(LENGTH_MEASURE(2.E-5),#4432,
'DISTANCE_ACCURACY_VALUE','Maximum Tolerance applied to model');
#4403=UNCERTAINTY_MEASURE_WITH_UNIT(LENGTH_MEASURE(2.E-5),#4433,
'DISTANCE_ACCURACY_VALUE','Maximum Tolerance applied to model');
#4404=(
NAMED_UNIT(*)
SI_UNIT($,.STERADIAN.)
SOLID_ANGLE_UNIT()
);
#4405=(
NAMED_UNIT(*)
SI_UNIT($,.STERADIAN.)
SOLID_ANGLE_UNIT()
);
#4406=(
NAMED_UNIT(*)
SI_UNIT($,.STERADIAN.)
SOLID_ANGLE_UNIT()
);
#4407=(
NAMED_UNIT(*)
SI_UNIT($,.STERADIAN.)
SOLID_ANGLE_UNIT()
);
#4408=(
NAMED_UNIT(*)
SI_UNIT($,.STERADIAN.)
SOLID_ANGLE_UNIT()
);
#4409=(
NAMED_UNIT(*)
SI_UNIT($,.STERADIAN.)
SOLID_ANGLE_UNIT()
);
#4410=(
NAMED_UNIT(*)
SI_UNIT($,.STERADIAN.)
SOLID_ANGLE_UNIT()
);
#4411=(
NAMED_UNIT(*)
SI_UNIT($,.STERADIAN.)
SOLID_ANGLE_UNIT()
);
#4412=(
NAMED_UNIT(*)
SI_UNIT($,.STERADIAN.)
SOLID_ANGLE_UNIT()
);
#4413=(
NAMED_UNIT(*)
SI_UNIT($,.STERADIAN.)
SOLID_ANGLE_UNIT()
);
#4414=(
NAMED_UNIT(*)
PLANE_ANGLE_UNIT()
SI_UNIT($,.RADIAN.)
);
#4415=(
NAMED_UNIT(*)
PLANE_ANGLE_UNIT()
SI_UNIT($,.RADIAN.)
);
#4416=(
NAMED_UNIT(*)
PLANE_ANGLE_UNIT()
SI_UNIT($,.RADIAN.)
);
#4417=(
NAMED_UNIT(*)
PLANE_ANGLE_UNIT()
SI_UNIT($,.RADIAN.)
);
#4418=(
NAMED_UNIT(*)
PLANE_ANGLE_UNIT()
SI_UNIT($,.RADIAN.)
);
#4419=(
NAMED_UNIT(*)
PLANE_ANGLE_UNIT()
SI_UNIT($,.RADIAN.)
);
#4420=(
NAMED_UNIT(*)
PLANE_ANGLE_UNIT()
SI_UNIT($,.RADIAN.)
);
#4421=(
NAMED_UNIT(*)
PLANE_ANGLE_UNIT()
SI_UNIT($,.RADIAN.)
);
#4422=(
NAMED_UNIT(*)
PLANE_ANGLE_UNIT()
SI_UNIT($,.RADIAN.)
);
#4423=(
NAMED_UNIT(*)
PLANE_ANGLE_UNIT()
SI_UNIT($,.RADIAN.)
);
#4424=(
LENGTH_UNIT()
NAMED_UNIT(*)
SI_UNIT($,.METRE.)
);
#4425=(
LENGTH_UNIT()
NAMED_UNIT(*)
SI_UNIT($,.METRE.)
);
#4426=(
LENGTH_UNIT()
NAMED_UNIT(*)
SI_UNIT($,.METRE.)
);
#4427=(
LENGTH_UNIT()
NAMED_UNIT(*)
SI_UNIT($,.METRE.)
);
#4428=(
LENGTH_UNIT()
NAMED_UNIT(*)
SI_UNIT($,.METRE.)
);
#4429=(
LENGTH_UNIT()
NAMED_UNIT(*)
SI_UNIT($,.METRE.)
);
#4430=(
LENGTH_UNIT()
NAMED_UNIT(*)
SI_UNIT($,.METRE.)
);
#4431=(
LENGTH_UNIT()
NAMED_UNIT(*)
SI_UNIT($,.METRE.)
);
#4432=(
LENGTH_UNIT()
NAMED_UNIT(*)
SI_UNIT($,.METRE.)
);
#4433=(
LENGTH_UNIT()
NAMED_UNIT(*)
SI_UNIT($,.METRE.)
);
#4434=PRODUCT_DEFINITION_SHAPE('','',#4444);
#4435=PRODUCT_DEFINITION_SHAPE('','',#4445);
#4436=PRODUCT_DEFINITION_SHAPE('','',#4446);
#4437=PRODUCT_DEFINITION_SHAPE('','',#4447);
#4438=PRODUCT_DEFINITION_SHAPE('','',#4448);
#4439=PRODUCT_DEFINITION_SHAPE('','',#4449);
#4440=PRODUCT_DEFINITION_SHAPE('','',#4450);
#4441=PRODUCT_DEFINITION_SHAPE('','',#4451);
#4442=PRODUCT_DEFINITION_SHAPE('','',#4452);
#4443=PRODUCT_DEFINITION_SHAPE('','',#4453);
#4444=PRODUCT_DEFINITION('','',#4464,#4454);
#4445=PRODUCT_DEFINITION('','',#4465,#4455);
#4446=PRODUCT_DEFINITION('','',#4466,#4456);
#4447=PRODUCT_DEFINITION('','',#4467,#4457);
#4448=PRODUCT_DEFINITION('','',#4468,#4458);
#4449=PRODUCT_DEFINITION('','',#4469,#4459);
#4450=PRODUCT_DEFINITION('','',#4470,#4460);
#4451=PRODUCT_DEFINITION('','',#4471,#4461);
#4452=PRODUCT_DEFINITION('','',#4472,#4462);
#4453=PRODUCT_DEFINITION('','',#4473,#4463);
#4454=PRODUCT_DEFINITION_CONTEXT('',#4524,'design');
#4455=PRODUCT_DEFINITION_CONTEXT('',#4525,'design');
#4456=PRODUCT_DEFINITION_CONTEXT('',#4526,'design');
#4457=PRODUCT_DEFINITION_CONTEXT('',#4527,'design');
#4458=PRODUCT_DEFINITION_CONTEXT('',#4528,'design');
#4459=PRODUCT_DEFINITION_CONTEXT('',#4529,'design');
#4460=PRODUCT_DEFINITION_CONTEXT('',#4530,'design');
#4461=PRODUCT_DEFINITION_CONTEXT('',#4531,'design');
#4462=PRODUCT_DEFINITION_CONTEXT('',#4532,'design');
#4463=PRODUCT_DEFINITION_CONTEXT('',#4533,'design');
#4464=PRODUCT_DEFINITION_FORMATION_WITH_SPECIFIED_SOURCE('','',#4484,
 .NOT_KNOWN.);
#4465=PRODUCT_DEFINITION_FORMATION_WITH_SPECIFIED_SOURCE('','',#4485,
 .NOT_KNOWN.);
#4466=PRODUCT_DEFINITION_FORMATION_WITH_SPECIFIED_SOURCE('','',#4486,
 .NOT_KNOWN.);
#4467=PRODUCT_DEFINITION_FORMATION_WITH_SPECIFIED_SOURCE('','',#4487,
 .NOT_KNOWN.);
#4468=PRODUCT_DEFINITION_FORMATION_WITH_SPECIFIED_SOURCE('','',#4488,
 .NOT_KNOWN.);
#4469=PRODUCT_DEFINITION_FORMATION_WITH_SPECIFIED_SOURCE('','',#4489,
 .NOT_KNOWN.);
#4470=PRODUCT_DEFINITION_FORMATION_WITH_SPECIFIED_SOURCE('','',#4490,
 .NOT_KNOWN.);
#4471=PRODUCT_DEFINITION_FORMATION_WITH_SPECIFIED_SOURCE('','',#4491,
 .NOT_KNOWN.);
#4472=PRODUCT_DEFINITION_FORMATION_WITH_SPECIFIED_SOURCE('','',#4492,
 .NOT_KNOWN.);
#4473=PRODUCT_DEFINITION_FORMATION_WITH_SPECIFIED_SOURCE('','',#4493,
 .NOT_KNOWN.);
#4474=PRODUCT_RELATED_PRODUCT_CATEGORY('','',(#4484));
#4475=PRODUCT_RELATED_PRODUCT_CATEGORY('','',(#4485));
#4476=PRODUCT_RELATED_PRODUCT_CATEGORY('','',(#4486));
#4477=PRODUCT_RELATED_PRODUCT_CATEGORY('','',(#4487));
#4478=PRODUCT_RELATED_PRODUCT_CATEGORY('','',(#4488));
#4479=PRODUCT_RELATED_PRODUCT_CATEGORY('','',(#4489));
#4480=PRODUCT_RELATED_PRODUCT_CATEGORY('','',(#4490));
#4481=PRODUCT_RELATED_PRODUCT_CATEGORY('','',(#4491));
#4482=PRODUCT_RELATED_PRODUCT_CATEGORY('','',(#4492));
#4483=PRODUCT_RELATED_PRODUCT_CATEGORY('','',(#4493));
#4484=PRODUCT('Document','Document','Document',(#4504));
#4485=PRODUCT('Document','Document','Document',(#4505));
#4486=PRODUCT('Document','Document','Document',(#4506));
#4487=PRODUCT('Document','Document','Document',(#4507));
#4488=PRODUCT('Document','Document','Document',(#4508));
#4489=PRODUCT('Document','Document','Document',(#4509));
#4490=PRODUCT('Document','Document','Document',(#4510));
#4491=PRODUCT('Document','Document','Document',(#4511));
#4492=PRODUCT('Document','Document','Document',(#4512));
#4493=PRODUCT('Document','Document','Document',(#4513));
#4494=PRODUCT_CATEGORY('','');
#4495=PRODUCT_CATEGORY('','');
#4496=PRODUCT_CATEGORY('','');
#4497=PRODUCT_CATEGORY('','');
#4498=PRODUCT_CATEGORY('','');
#4499=PRODUCT_CATEGORY('','');
#4500=PRODUCT_CATEGORY('','');
#4501=PRODUCT_CATEGORY('','');
#4502=PRODUCT_CATEGORY('','');
#4503=PRODUCT_CATEGORY('','');
#4504=PRODUCT_CONTEXT('',#4524,'mechanical');
#4505=PRODUCT_CONTEXT('',#4525,'mechanical');
#4506=PRODUCT_CONTEXT('',#4526,'mechanical');
#4507=PRODUCT_CONTEXT('',#4527,'mechanical');
#4508=PRODUCT_CONTEXT('',#4528,'mechanical');
#4509=PRODUCT_CONTEXT('',#4529,'mechanical');
#4510=PRODUCT_CONTEXT('',#4530,'mechanical');
#4511=PRODUCT_CONTEXT('',#4531,'mechanical');
#4512=PRODUCT_CONTEXT('',#4532,'mechanical');
#4513=PRODUCT_CONTEXT('',#4533,'mechanical');
#4514=APPLICATION_PROTOCOL_DEFINITION('international standard',
'ap242_managed_model_based_3d_engineering',2020,#4524);
#4515=APPLICATION_PROTOCOL_DEFINITION('international standard',
'ap242_managed_model_based_3d_engineering',2020,#4525);
#4516=APPLICATION_PROTOCOL_DEFINITION('international standard',
'ap242_managed_model_based_3d_engineering',2020,#4526);
#4517=APPLICATION_PROTOCOL_DEFINITION('international standard',
'ap242_managed_model_based_3d_engineering',2020,#4527);
#4518=APPLICATION_PROTOCOL_DEFINITION('international standard',
'ap242_managed_model_based_3d_engineering',2020,#4528);
#4519=APPLICATION_PROTOCOL_DEFINITION('international standard',
'ap242_managed_model_based_3d_engineering',2020,#4529);
#4520=APPLICATION_PROTOCOL_DEFINITION('international standard',
'ap242_managed_model_based_3d_engineering',2020,#4530);
#4521=APPLICATION_PROTOCOL_DEFINITION('international standard',
'ap242_managed_model_based_3d_engineering',2020,#4531);
#4522=APPLICATION_PROTOCOL_DEFINITION('international standard',
'ap242_managed_model_based_3d_engineering',2020,#4532);
#4523=APPLICATION_PROTOCOL_DEFINITION('international standard',
'ap242_managed_model_based_3d_engineering',2020,#4533);
#4524=APPLICATION_CONTEXT('managed model based 3d engineering');
#4525=APPLICATION_CONTEXT('managed model based 3d engineering');
#4526=APPLICATION_CONTEXT('managed model based 3d engineering');
#4527=APPLICATION_CONTEXT('managed model based 3d engineering');
#4528=APPLICATION_CONTEXT('managed model based 3d engineering');
#4529=APPLICATION_CONTEXT('managed model based 3d engineering');
#4530=APPLICATION_CONTEXT('managed model based 3d engineering');
#4531=APPLICATION_CONTEXT('managed model based 3d engineering');
#4532=APPLICATION_CONTEXT('managed model based 3d engineering');
#4533=APPLICATION_CONTEXT('managed model based 3d engineering');
ENDSEC;
END-ISO-10303-21;
