ISO-10303-21;
HEADER;
/* Generated by software containing ST-Developer
 * from STEP Tools, Inc. (www.steptools.com) 
 */
/* OPTION: using custom renumber hook */

FILE_DESCRIPTION(
/* description */ ('STEP AP242 Edition 2',
'CAx-IF Rec.Pracs.---Representation and Presentation of Product Manufa
cturing Information (PMI)---4.0---2014-10-13',
'CAx-IF Rec.Pracs.---3D Tessellated Geometry---0.4---2014-09-14','2;1',
'CAx-IF Rec.Pracs.---User Defined Attributes---1.5---2016-08-15'),
/* implementation_level */ '2;1');

FILE_NAME(
/* name */ 'JogEncoder - JogEncoder',
/* time_stamp */ '2026-06-20T19:56:06Z',
/* author */ (''),
/* organization */ (''),
/* preprocessor_version */ 'ST-DEVELOPER v20',
/* originating_system */ 'ONSHAPE BY PTC INC, 1.216',
/* authorisation */ '  ');

FILE_SCHEMA (('AP242_MANAGED_MODEL_BASED_3D_ENGINEERING_MIM_LF { 1 0 10303 442 3 1 4 }'));
ENDSEC;

DATA;
#10=MANIFOLD_SURFACE_SHAPE_REPRESENTATION('',(#95),#17282);
#11=MANIFOLD_SURFACE_SHAPE_REPRESENTATION('',(#96),#17283);
#12=MANIFOLD_SURFACE_SHAPE_REPRESENTATION('',(#97),#17284);
#13=MANIFOLD_SURFACE_SHAPE_REPRESENTATION('',(#98),#17285);
#14=MANIFOLD_SURFACE_SHAPE_REPRESENTATION('',(#99),#17286);
#15=MANIFOLD_SURFACE_SHAPE_REPRESENTATION('',(#100),#17287);
#16=MANIFOLD_SURFACE_SHAPE_REPRESENTATION('',(#101),#17288);
#17=MANIFOLD_SURFACE_SHAPE_REPRESENTATION('',(#102),#17289);
#18=MANIFOLD_SURFACE_SHAPE_REPRESENTATION('',(#103),#17290);
#19=MANIFOLD_SURFACE_SHAPE_REPRESENTATION('',(#104),#17291);
#20=MANIFOLD_SURFACE_SHAPE_REPRESENTATION('',(#105),#17292);
#21=MANIFOLD_SURFACE_SHAPE_REPRESENTATION('',(#106),#17293);
#22=MANIFOLD_SURFACE_SHAPE_REPRESENTATION('',(#107),#17294);
#23=MANIFOLD_SURFACE_SHAPE_REPRESENTATION('',(#108),#17295);
#24=MANIFOLD_SURFACE_SHAPE_REPRESENTATION('',(#109),#17296);
#25=MANIFOLD_SURFACE_SHAPE_REPRESENTATION('',(#110),#17297);
#26=MANIFOLD_SURFACE_SHAPE_REPRESENTATION('',(#111),#17298);
#27=MANIFOLD_SURFACE_SHAPE_REPRESENTATION('',(#112),#17299);
#28=MANIFOLD_SURFACE_SHAPE_REPRESENTATION('',(#113),#17300);
#29=MANIFOLD_SURFACE_SHAPE_REPRESENTATION('',(#114),#17301);
#30=MANIFOLD_SURFACE_SHAPE_REPRESENTATION('',(#115),#17302);
#31=OPEN_SHELL('',(#9470));
#32=OPEN_SHELL('',(#9471));
#33=OPEN_SHELL('',(#9472));
#34=OPEN_SHELL('',(#9473));
#35=OPEN_SHELL('',(#9474));
#36=OPEN_SHELL('',(#9475));
#37=OPEN_SHELL('',(#9476));
#38=OPEN_SHELL('',(#9477));
#39=OPEN_SHELL('',(#9478));
#40=OPEN_SHELL('',(#9479));
#41=OPEN_SHELL('',(#9480));
#42=OPEN_SHELL('',(#9481));
#43=OPEN_SHELL('',(#9482));
#44=OPEN_SHELL('',(#9483));
#45=OPEN_SHELL('',(#9484));
#46=OPEN_SHELL('',(#9485));
#47=OPEN_SHELL('',(#9486));
#48=OPEN_SHELL('',(#9487));
#49=OPEN_SHELL('',(#9488));
#50=OPEN_SHELL('',(#9489));
#51=OPEN_SHELL('',(#9490));
#52=SURFACE_STYLE_RENDERING_WITH_PROPERTIES(.CONSTANT_SHADING.,#94,(#73));
#53=SURFACE_STYLE_RENDERING_WITH_PROPERTIES(.CONSTANT_SHADING.,#94,(#74));
#54=SURFACE_STYLE_RENDERING_WITH_PROPERTIES(.CONSTANT_SHADING.,#94,(#75));
#55=SURFACE_STYLE_RENDERING_WITH_PROPERTIES(.CONSTANT_SHADING.,#94,(#76));
#56=SURFACE_STYLE_RENDERING_WITH_PROPERTIES(.CONSTANT_SHADING.,#94,(#77));
#57=SURFACE_STYLE_RENDERING_WITH_PROPERTIES(.CONSTANT_SHADING.,#94,(#78));
#58=SURFACE_STYLE_RENDERING_WITH_PROPERTIES(.CONSTANT_SHADING.,#94,(#79));
#59=SURFACE_STYLE_RENDERING_WITH_PROPERTIES(.CONSTANT_SHADING.,#94,(#80));
#60=SURFACE_STYLE_RENDERING_WITH_PROPERTIES(.CONSTANT_SHADING.,#94,(#81));
#61=SURFACE_STYLE_RENDERING_WITH_PROPERTIES(.CONSTANT_SHADING.,#94,(#82));
#62=SURFACE_STYLE_RENDERING_WITH_PROPERTIES(.CONSTANT_SHADING.,#94,(#83));
#63=SURFACE_STYLE_RENDERING_WITH_PROPERTIES(.CONSTANT_SHADING.,#94,(#84));
#64=SURFACE_STYLE_RENDERING_WITH_PROPERTIES(.CONSTANT_SHADING.,#94,(#85));
#65=SURFACE_STYLE_RENDERING_WITH_PROPERTIES(.CONSTANT_SHADING.,#94,(#86));
#66=SURFACE_STYLE_RENDERING_WITH_PROPERTIES(.CONSTANT_SHADING.,#94,(#87));
#67=SURFACE_STYLE_RENDERING_WITH_PROPERTIES(.CONSTANT_SHADING.,#94,(#88));
#68=SURFACE_STYLE_RENDERING_WITH_PROPERTIES(.CONSTANT_SHADING.,#94,(#89));
#69=SURFACE_STYLE_RENDERING_WITH_PROPERTIES(.CONSTANT_SHADING.,#94,(#90));
#70=SURFACE_STYLE_RENDERING_WITH_PROPERTIES(.CONSTANT_SHADING.,#94,(#91));
#71=SURFACE_STYLE_RENDERING_WITH_PROPERTIES(.CONSTANT_SHADING.,#94,(#92));
#72=SURFACE_STYLE_RENDERING_WITH_PROPERTIES(.CONSTANT_SHADING.,#94,(#93));
#73=SURFACE_STYLE_TRANSPARENT(0.101960784313725);
#74=SURFACE_STYLE_TRANSPARENT(0.101960784313725);
#75=SURFACE_STYLE_TRANSPARENT(0.101960784313725);
#76=SURFACE_STYLE_TRANSPARENT(0.101960784313725);
#77=SURFACE_STYLE_TRANSPARENT(0.101960784313725);
#78=SURFACE_STYLE_TRANSPARENT(0.101960784313725);
#79=SURFACE_STYLE_TRANSPARENT(0.101960784313725);
#80=SURFACE_STYLE_TRANSPARENT(0.101960784313725);
#81=SURFACE_STYLE_TRANSPARENT(0.101960784313725);
#82=SURFACE_STYLE_TRANSPARENT(0.101960784313725);
#83=SURFACE_STYLE_TRANSPARENT(0.101960784313725);
#84=SURFACE_STYLE_TRANSPARENT(0.101960784313725);
#85=SURFACE_STYLE_TRANSPARENT(0.101960784313725);
#86=SURFACE_STYLE_TRANSPARENT(0.101960784313725);
#87=SURFACE_STYLE_TRANSPARENT(0.101960784313725);
#88=SURFACE_STYLE_TRANSPARENT(0.101960784313725);
#89=SURFACE_STYLE_TRANSPARENT(0.101960784313725);
#90=SURFACE_STYLE_TRANSPARENT(0.101960784313725);
#91=SURFACE_STYLE_TRANSPARENT(0.101960784313725);
#92=SURFACE_STYLE_TRANSPARENT(0.101960784313725);
#93=SURFACE_STYLE_TRANSPARENT(0.101960784313725);
#94=DRAUGHTING_PRE_DEFINED_COLOUR('white');
#95=SHELL_BASED_SURFACE_MODEL('DJ but to separate PCBs_silkscreen',(#31));
#96=SHELL_BASED_SURFACE_MODEL('DJ but to separate PCBs_silkscreen',(#32));
#97=SHELL_BASED_SURFACE_MODEL('DJ but to separate PCBs_silkscreen',(#33));
#98=SHELL_BASED_SURFACE_MODEL('DJ but to separate PCBs_silkscreen',(#34));
#99=SHELL_BASED_SURFACE_MODEL('DJ but to separate PCBs_silkscreen',(#35));
#100=SHELL_BASED_SURFACE_MODEL('DJ but to separate PCBs_silkscreen',(#36));
#101=SHELL_BASED_SURFACE_MODEL('DJ but to separate PCBs_silkscreen',(#37));
#102=SHELL_BASED_SURFACE_MODEL('DJ but to separate PCBs_silkscreen',(#38));
#103=SHELL_BASED_SURFACE_MODEL('DJ but to separate PCBs_silkscreen',(#39));
#104=SHELL_BASED_SURFACE_MODEL('DJ but to separate PCBs_silkscreen',(#40));
#105=SHELL_BASED_SURFACE_MODEL('DJ but to separate PCBs_silkscreen',(#41));
#106=SHELL_BASED_SURFACE_MODEL('DJ but to separate PCBs_silkscreen',(#42));
#107=SHELL_BASED_SURFACE_MODEL('DJ but to separate PCBs_silkscreen',(#43));
#108=SHELL_BASED_SURFACE_MODEL('DJ but to separate PCBs_silkscreen',(#44));
#109=SHELL_BASED_SURFACE_MODEL('DJ but to separate PCBs_silkscreen',(#45));
#110=SHELL_BASED_SURFACE_MODEL('DJ but to separate PCBs_silkscreen',(#46));
#111=SHELL_BASED_SURFACE_MODEL('DJ but to separate PCBs_silkscreen',(#47));
#112=SHELL_BASED_SURFACE_MODEL('DJ but to separate PCBs_silkscreen',(#48));
#113=SHELL_BASED_SURFACE_MODEL('DJ but to separate PCBs_silkscreen',(#49));
#114=SHELL_BASED_SURFACE_MODEL('DJ but to separate PCBs_silkscreen',(#50));
#115=SHELL_BASED_SURFACE_MODEL('DJ but to separate PCBs_silkscreen',(#51));
#116=SPHERICAL_SURFACE('',#10469,0.0040625);
#117=SPHERICAL_SURFACE('',#10473,0.0040625);
#118=B_SPLINE_CURVE_WITH_KNOTS('',5,(#14611,#14612,#14613,#14614,#14615,
#14616,#14617,#14618,#14619,#14620,#14621,#14622,#14623,#14624,#14625,#14626,
#14627,#14628,#14629,#14630,#14631,#14632,#14633,#14634,#14635,#14636,#14637,
#14638,#14639,#14640,#14641,#14642,#14643,#14644,#14645,#14646,#14647,#14648,
#14649,#14650,#14651,#14652,#14653,#14654,#14655,#14656,#14657,#14658,#14659,
#14660,#14661,#14662,#14663,#14664,#14665,#14666,#14667,#14668,#14669,#14670,
#14671,#14672,#14673,#14674,#14675,#14676),.UNSPECIFIED.,.F.,.F.,(6,4,4,
4,4,4,4,4,4,4,4,4,4,4,4,4,6),(0.,0.03325173242866,0.06796162379438,0.104353223139,
0.142719448974,0.183458916982,0.227141624031,0.274639597112,0.327423968533,
0.388394434256,0.465250428949,0.57079606445,0.667777353984,0.767658198427,
0.855125533021,0.924423461291,1.),.UNSPECIFIED.);
#119=B_SPLINE_CURVE_WITH_KNOTS('',5,(#14678,#14679,#14680,#14681,#14682,
#14683,#14684,#14685,#14686,#14687,#14688,#14689,#14690,#14691,#14692,#14693,
#14694,#14695,#14696,#14697,#14698,#14699,#14700,#14701,#14702,#14703,#14704,
#14705,#14706,#14707,#14708,#14709,#14710,#14711,#14712,#14713,#14714,#14715,
#14716,#14717,#14718,#14719,#14720,#14721,#14722,#14723,#14724,#14725,#14726,
#14727,#14728,#14729,#14730,#14731,#14732,#14733,#14734,#14735,#14736,#14737,
#14738,#14739,#14740,#14741,#14742,#14743,#14744,#14745,#14746,#14747),
 .UNSPECIFIED.,.F.,.F.,(6,4,4,4,4,4,4,4,4,4,4,4,4,4,4,4,4,6),(0.,0.05594768412347,
0.119101425264,0.193821840227,0.28889852017,0.383175868227,0.483792191699,
0.57221443361,0.636027605088,0.689467182713,0.736773180293,0.779860368159,
0.819791050441,0.857229872113,0.892627240808,0.926306320701,0.958509143391,
1.),.UNSPECIFIED.);
#120=B_SPLINE_CURVE_WITH_KNOTS('',8,(#14751,#14752,#14753,#14754,#14755,
#14756,#14757,#14758,#14759,#14760,#14761,#14762,#14763,#14764,#14765,#14766,
#14767,#14768,#14769,#14770,#14771,#14772,#14773),.UNSPECIFIED.,.F.,.F.,
(9,7,7,9),(0.,0.471456843336,0.733423267168,1.),.UNSPECIFIED.);
#121=B_SPLINE_CURVE_WITH_KNOTS('',8,(#14775,#14776,#14777,#14778,#14779,
#14780,#14781,#14782,#14783,#14784,#14785,#14786,#14787,#14788,#14789,#14790),
 .UNSPECIFIED.,.F.,.F.,(9,7,9),(0.,0.500553494455,1.),.UNSPECIFIED.);
#122=B_SPLINE_CURVE_WITH_KNOTS('',5,(#14794,#14795,#14796,#14797,#14798,
#14799,#14800,#14801,#14802,#14803,#14804,#14805,#14806,#14807,#14808,#14809,
#14810,#14811,#14812,#14813,#14814,#14815,#14816,#14817,#14818,#14819,#14820,
#14821,#14822,#14823,#14824,#14825,#14826,#14827,#14828,#14829,#14830,#14831,
#14832,#14833,#14834,#14835,#14836,#14837,#14838,#14839,#14840,#14841,#14842,
#14843,#14844,#14845,#14846,#14847,#14848,#14849,#14850,#14851,#14852,#14853,
#14854,#14855,#14856,#14857,#14858,#14859),.UNSPECIFIED.,.F.,.F.,(6,4,4,
4,4,4,4,4,4,4,4,4,4,4,4,4,6),(0.,0.03325173242868,0.06796162379442,0.104353223139,
0.142719448974,0.183458916982,0.227141624031,0.274639597112,0.327423968533,
0.388394434256,0.465250428949,0.57079606445,0.667777353985,0.767658198428,
0.855125533022,0.924423461292,1.),.UNSPECIFIED.);
#123=B_SPLINE_CURVE_WITH_KNOTS('',8,(#14863,#14864,#14865,#14866,#14867,
#14868,#14869,#14870,#14871,#14872,#14873,#14874,#14875,#14876,#14877,#14878,
#14879,#14880,#14881,#14882,#14883,#14884,#14885),.UNSPECIFIED.,.F.,.F.,
(9,7,7,9),(0.,0.471456843339,0.73342326718,1.),.UNSPECIFIED.);
#124=B_SPLINE_CURVE_WITH_KNOTS('',5,(#14889,#14890,#14891,#14892,#14893,
#14894,#14895,#14896,#14897,#14898,#14899,#14900,#14901,#14902,#14903,#14904,
#14905,#14906,#14907,#14908,#14909,#14910,#14911,#14912,#14913,#14914,#14915,
#14916,#14917,#14918,#14919,#14920,#14921,#14922,#14923,#14924,#14925,#14926,
#14927,#14928,#14929,#14930,#14931,#14932,#14933,#14934,#14935,#14936,#14937,
#14938,#14939,#14940,#14941,#14942,#14943,#14944,#14945,#14946,#14947,#14948,
#14949,#14950,#14951,#14952,#14953,#14954,#14955,#14956,#14957,#14958),
 .UNSPECIFIED.,.F.,.F.,(6,4,4,4,4,4,4,4,4,4,4,4,4,4,4,4,4,6),(0.,0.05594768412347,
0.119101425264,0.193821840227,0.28889852017,0.383175868228,0.4837921917,
0.572214433611,0.636027605089,0.689467182714,0.736773180293,0.779860368159,
0.819791050442,0.857229872113,0.892627240808,0.926306320701,0.958509143391,
1.),.UNSPECIFIED.);
#125=B_SPLINE_CURVE_WITH_KNOTS('',8,(#14960,#14961,#14962,#14963,#14964,
#14965,#14966,#14967,#14968,#14969,#14970,#14971,#14972,#14973,#14974,#14975),
 .UNSPECIFIED.,.F.,.F.,(9,7,9),(0.,0.500553494458,1.),.UNSPECIFIED.);
#126=TOROIDAL_SURFACE('',#10465,0.0007,0.00035);
#127=TOROIDAL_SURFACE('',#10474,0.0007,0.00035);
#128=SHAPE_REPRESENTATION_RELATIONSHIP('','',#10213,#181);
#129=SHAPE_REPRESENTATION_RELATIONSHIP('','',#10214,#182);
#130=SHAPE_REPRESENTATION_RELATIONSHIP('','',#10215,#183);
#131=SHAPE_REPRESENTATION_RELATIONSHIP('','',#10216,#184);
#132=SHAPE_REPRESENTATION_RELATIONSHIP('','',#10217,#185);
#133=SHAPE_REPRESENTATION_RELATIONSHIP('','',#10218,#186);
#134=SHAPE_REPRESENTATION_RELATIONSHIP('','',#10219,#187);
#135=SHAPE_REPRESENTATION_RELATIONSHIP('','',#10220,#188);
#136=SHAPE_REPRESENTATION_RELATIONSHIP('','',#10221,#189);
#137=SHAPE_REPRESENTATION_RELATIONSHIP('','',#10222,#190);
#138=SHAPE_REPRESENTATION_RELATIONSHIP('','',#10223,#191);
#139=SHAPE_REPRESENTATION_RELATIONSHIP('','',#10224,#192);
#140=SHAPE_REPRESENTATION_RELATIONSHIP('','',#10225,#193);
#141=SHAPE_REPRESENTATION_RELATIONSHIP('','',#10226,#194);
#142=SHAPE_REPRESENTATION_RELATIONSHIP('','',#10227,#195);
#143=SHAPE_REPRESENTATION_RELATIONSHIP('','',#10228,#196);
#144=SHAPE_REPRESENTATION_RELATIONSHIP('','',#10229,#197);
#145=SHAPE_REPRESENTATION_RELATIONSHIP('','',#10230,#198);
#146=SHAPE_REPRESENTATION_RELATIONSHIP('','',#10231,#199);
#147=SHAPE_REPRESENTATION_RELATIONSHIP('','',#10232,#200);
#148=SHAPE_REPRESENTATION_RELATIONSHIP('','',#10233,#201);
#149=SHAPE_REPRESENTATION_RELATIONSHIP('','',#10234,#202);
#150=SHAPE_REPRESENTATION_RELATIONSHIP('','',#10235,#203);
#151=SHAPE_REPRESENTATION_RELATIONSHIP('','',#10236,#204);
#152=SHAPE_REPRESENTATION_RELATIONSHIP('','',#10237,#205);
#153=SHAPE_REPRESENTATION_RELATIONSHIP('','',#10238,#206);
#154=SHAPE_REPRESENTATION_RELATIONSHIP('','',#10239,#207);
#155=SHAPE_REPRESENTATION_RELATIONSHIP('','',#10240,#208);
#156=SHAPE_REPRESENTATION_RELATIONSHIP('','',#10241,#209);
#157=SHAPE_REPRESENTATION_RELATIONSHIP('','',#10242,#210);
#158=SHAPE_REPRESENTATION_RELATIONSHIP('','',#10243,#211);
#159=SHAPE_REPRESENTATION_RELATIONSHIP('','',#10244,#10);
#160=SHAPE_REPRESENTATION_RELATIONSHIP('','',#10245,#11);
#161=SHAPE_REPRESENTATION_RELATIONSHIP('','',#10246,#12);
#162=SHAPE_REPRESENTATION_RELATIONSHIP('','',#10247,#13);
#163=SHAPE_REPRESENTATION_RELATIONSHIP('','',#10248,#14);
#164=SHAPE_REPRESENTATION_RELATIONSHIP('','',#10249,#15);
#165=SHAPE_REPRESENTATION_RELATIONSHIP('','',#10250,#16);
#166=SHAPE_REPRESENTATION_RELATIONSHIP('','',#10251,#17);
#167=SHAPE_REPRESENTATION_RELATIONSHIP('','',#10252,#18);
#168=SHAPE_REPRESENTATION_RELATIONSHIP('','',#10253,#19);
#169=SHAPE_REPRESENTATION_RELATIONSHIP('','',#10254,#20);
#170=SHAPE_REPRESENTATION_RELATIONSHIP('','',#10255,#21);
#171=SHAPE_REPRESENTATION_RELATIONSHIP('','',#10256,#22);
#172=SHAPE_REPRESENTATION_RELATIONSHIP('','',#10257,#23);
#173=SHAPE_REPRESENTATION_RELATIONSHIP('','',#10258,#24);
#174=SHAPE_REPRESENTATION_RELATIONSHIP('','',#10259,#25);
#175=SHAPE_REPRESENTATION_RELATIONSHIP('','',#10260,#26);
#176=SHAPE_REPRESENTATION_RELATIONSHIP('','',#10261,#27);
#177=SHAPE_REPRESENTATION_RELATIONSHIP('','',#10262,#28);
#178=SHAPE_REPRESENTATION_RELATIONSHIP('','',#10263,#29);
#179=SHAPE_REPRESENTATION_RELATIONSHIP('','',#10264,#30);
#180=SHAPE_REPRESENTATION_RELATIONSHIP('','',#10265,#212);
#181=ADVANCED_BREP_SHAPE_REPRESENTATION('',(#10128),#17251);
#182=ADVANCED_BREP_SHAPE_REPRESENTATION('',(#10129),#17252);
#183=ADVANCED_BREP_SHAPE_REPRESENTATION('',(#10130),#17253);
#184=ADVANCED_BREP_SHAPE_REPRESENTATION('',(#10131),#17254);
#185=ADVANCED_BREP_SHAPE_REPRESENTATION('',(#10132),#17255);
#186=ADVANCED_BREP_SHAPE_REPRESENTATION('',(#10133),#17256);
#187=ADVANCED_BREP_SHAPE_REPRESENTATION('',(#10134),#17257);
#188=ADVANCED_BREP_SHAPE_REPRESENTATION('',(#10135),#17258);
#189=ADVANCED_BREP_SHAPE_REPRESENTATION('',(#10136),#17259);
#190=ADVANCED_BREP_SHAPE_REPRESENTATION('',(#10137),#17260);
#191=ADVANCED_BREP_SHAPE_REPRESENTATION('',(#10138),#17261);
#192=ADVANCED_BREP_SHAPE_REPRESENTATION('',(#10139),#17262);
#193=ADVANCED_BREP_SHAPE_REPRESENTATION('',(#10140),#17263);
#194=ADVANCED_BREP_SHAPE_REPRESENTATION('',(#10141),#17264);
#195=ADVANCED_BREP_SHAPE_REPRESENTATION('',(#10142),#17265);
#196=ADVANCED_BREP_SHAPE_REPRESENTATION('',(#10143),#17266);
#197=ADVANCED_BREP_SHAPE_REPRESENTATION('',(#10144),#17267);
#198=ADVANCED_BREP_SHAPE_REPRESENTATION('',(#10145),#17268);
#199=ADVANCED_BREP_SHAPE_REPRESENTATION('',(#10146),#17269);
#200=ADVANCED_BREP_SHAPE_REPRESENTATION('',(#10147),#17270);
#201=ADVANCED_BREP_SHAPE_REPRESENTATION('',(#10148),#17271);
#202=ADVANCED_BREP_SHAPE_REPRESENTATION('',(#10149),#17272);
#203=ADVANCED_BREP_SHAPE_REPRESENTATION('',(#10150),#17273);
#204=ADVANCED_BREP_SHAPE_REPRESENTATION('',(#10151),#17274);
#205=ADVANCED_BREP_SHAPE_REPRESENTATION('',(#10152),#17275);
#206=ADVANCED_BREP_SHAPE_REPRESENTATION('',(#10153),#17276);
#207=ADVANCED_BREP_SHAPE_REPRESENTATION('',(#10154),#17277);
#208=ADVANCED_BREP_SHAPE_REPRESENTATION('',(#10155),#17278);
#209=ADVANCED_BREP_SHAPE_REPRESENTATION('',(#10156),#17279);
#210=ADVANCED_BREP_SHAPE_REPRESENTATION('',(#10157),#17280);
#211=ADVANCED_BREP_SHAPE_REPRESENTATION('',(#10158),#17281);
#212=ADVANCED_BREP_SHAPE_REPRESENTATION('',(#10159),#17303);
#213=OVER_RIDING_STYLED_ITEM('',(#9595),#9128,#9541);
#214=OVER_RIDING_STYLED_ITEM('',(#9596),#9130,#9541);
#215=OVER_RIDING_STYLED_ITEM('',(#9597),#9131,#9541);
#216=OVER_RIDING_STYLED_ITEM('',(#9598),#9158,#9541);
#217=OVER_RIDING_STYLED_ITEM('',(#9599),#9159,#9541);
#218=OVER_RIDING_STYLED_ITEM('',(#9600),#9160,#9541);
#219=OVER_RIDING_STYLED_ITEM('',(#9601),#9161,#9541);
#220=OVER_RIDING_STYLED_ITEM('',(#9602),#9162,#9541);
#221=OVER_RIDING_STYLED_ITEM('',(#9603),#9163,#9541);
#222=OVER_RIDING_STYLED_ITEM('',(#9604),#9164,#9541);
#223=OVER_RIDING_STYLED_ITEM('',(#9605),#9165,#9541);
#224=OVER_RIDING_STYLED_ITEM('',(#9606),#9166,#9541);
#225=OVER_RIDING_STYLED_ITEM('',(#9607),#9168,#9541);
#226=OVER_RIDING_STYLED_ITEM('',(#9608),#9170,#9541);
#227=OVER_RIDING_STYLED_ITEM('',(#9609),#9172,#9541);
#228=OVER_RIDING_STYLED_ITEM('',(#9610),#9174,#9541);
#229=OVER_RIDING_STYLED_ITEM('',(#9611),#9175,#9541);
#230=OVER_RIDING_STYLED_ITEM('',(#9612),#9177,#9541);
#231=OVER_RIDING_STYLED_ITEM('',(#9613),#9179,#9541);
#232=OVER_RIDING_STYLED_ITEM('',(#9614),#9181,#9541);
#233=OVER_RIDING_STYLED_ITEM('',(#9615),#9183,#9541);
#234=OVER_RIDING_STYLED_ITEM('',(#9616),#9184,#9541);
#235=OVER_RIDING_STYLED_ITEM('',(#9617),#9186,#9541);
#236=OVER_RIDING_STYLED_ITEM('',(#9618),#9187,#9541);
#237=OVER_RIDING_STYLED_ITEM('',(#9619),#9188,#9541);
#238=OVER_RIDING_STYLED_ITEM('',(#9620),#9189,#9541);
#239=OVER_RIDING_STYLED_ITEM('',(#9621),#9190,#9541);
#240=OVER_RIDING_STYLED_ITEM('',(#9622),#9191,#9541);
#241=OVER_RIDING_STYLED_ITEM('',(#9623),#9192,#9541);
#242=OVER_RIDING_STYLED_ITEM('',(#9624),#9193,#9541);
#243=OVER_RIDING_STYLED_ITEM('',(#9625),#9194,#9541);
#244=OVER_RIDING_STYLED_ITEM('',(#9626),#9195,#9541);
#245=OVER_RIDING_STYLED_ITEM('',(#9627),#9196,#9541);
#246=OVER_RIDING_STYLED_ITEM('',(#9629),#9200,#9542);
#247=OVER_RIDING_STYLED_ITEM('',(#9630),#9201,#9542);
#248=CIRCLE('',#10269,0.00029);
#249=CIRCLE('',#10270,0.00029);
#250=CIRCLE('',#10275,0.0001);
#251=CIRCLE('',#10276,0.0001);
#252=CIRCLE('',#10279,0.00029);
#253=CIRCLE('',#10280,0.00029);
#254=CIRCLE('',#10283,0.00029);
#255=CIRCLE('',#10284,0.00029);
#256=CIRCLE('',#10289,0.0001);
#257=CIRCLE('',#10290,0.0001);
#258=CIRCLE('',#10293,0.00029);
#259=CIRCLE('',#10294,0.00029);
#260=CIRCLE('',#10297,0.00029);
#261=CIRCLE('',#10298,0.00029);
#262=CIRCLE('',#10303,0.0001);
#263=CIRCLE('',#10304,0.0001);
#264=CIRCLE('',#10307,0.00029);
#265=CIRCLE('',#10308,0.00029);
#266=CIRCLE('',#10311,0.00029);
#267=CIRCLE('',#10312,0.00029);
#268=CIRCLE('',#10317,0.0001);
#269=CIRCLE('',#10318,0.0001);
#270=CIRCLE('',#10322,0.00029);
#271=CIRCLE('',#10323,0.00029);
#272=CIRCLE('',#10328,0.0001);
#273=CIRCLE('',#10329,0.0001);
#274=CIRCLE('',#10333,0.00029);
#275=CIRCLE('',#10334,0.00029);
#276=CIRCLE('',#10339,0.0001);
#277=CIRCLE('',#10340,0.0001);
#278=CIRCLE('',#10343,0.00029);
#279=CIRCLE('',#10344,0.00029);
#280=CIRCLE('',#10347,0.00029);
#281=CIRCLE('',#10348,0.00029);
#282=CIRCLE('',#10353,0.0001);
#283=CIRCLE('',#10354,0.0001);
#284=CIRCLE('',#10357,0.00029);
#285=CIRCLE('',#10358,0.00029);
#286=CIRCLE('',#10361,0.00029);
#287=CIRCLE('',#10362,0.00029);
#288=CIRCLE('',#10367,0.0001);
#289=CIRCLE('',#10368,0.0001);
#290=CIRCLE('',#10371,0.00029);
#291=CIRCLE('',#10372,0.00029);
#292=CIRCLE('',#10375,0.00029);
#293=CIRCLE('',#10376,0.00029);
#294=CIRCLE('',#10381,0.00029);
#295=CIRCLE('',#10382,0.00029);
#296=CIRCLE('',#10384,0.0001);
#297=CIRCLE('',#10386,0.0001);
#298=CIRCLE('',#10389,0.0001);
#299=CIRCLE('',#10391,0.0001);
#300=CIRCLE('',#10394,0.0001);
#301=CIRCLE('',#10396,0.0001);
#302=CIRCLE('',#10399,0.0001);
#303=CIRCLE('',#10401,0.0001);
#304=CIRCLE('',#10404,0.0001);
#305=CIRCLE('',#10406,0.0001);
#306=CIRCLE('',#10409,0.0001);
#307=CIRCLE('',#10411,0.0001);
#308=CIRCLE('',#10414,0.0001);
#309=CIRCLE('',#10416,0.0001);
#310=CIRCLE('',#10419,0.0001);
#311=CIRCLE('',#10421,0.0001);
#312=CIRCLE('',#10464,0.00035);
#313=CIRCLE('',#10466,0.000646351613027504);
#314=CIRCLE('',#10467,0.00035);
#315=CIRCLE('',#10470,0.00375);
#316=CIRCLE('',#10471,0.000646351619127799);
#317=CIRCLE('',#10472,0.00375);
#318=CIRCLE('',#10475,0.00035);
#319=CIRCLE('',#10477,0.00035);
#320=CIRCLE('',#10481,0.000137255);
#321=CIRCLE('',#10482,0.000299999588569);
#322=CIRCLE('',#10483,0.000150000292066);
#323=CIRCLE('',#10485,0.000137255);
#324=CIRCLE('',#10486,0.000150000292066);
#325=CIRCLE('',#10487,0.000299999588569);
#326=CIRCLE('',#10503,0.000137255);
#327=CIRCLE('',#10504,0.000150000415027);
#328=CIRCLE('',#10505,0.000299999660343);
#329=CIRCLE('',#10507,0.000137255);
#330=CIRCLE('',#10508,0.000299999660343);
#331=CIRCLE('',#10509,0.000150000415027);
#332=CIRCLE('',#10521,0.000137255);
#333=CIRCLE('',#10522,0.000299999588569);
#334=CIRCLE('',#10523,0.000150000292066);
#335=CIRCLE('',#10525,0.000137255);
#336=CIRCLE('',#10526,0.000150000292066);
#337=CIRCLE('',#10527,0.000299999588569);
#338=CIRCLE('',#10543,0.000137255);
#339=CIRCLE('',#10544,0.000150000415027);
#340=CIRCLE('',#10545,0.000299999641111);
#341=CIRCLE('',#10547,0.000137255);
#342=CIRCLE('',#10548,0.000299999641111);
#343=CIRCLE('',#10549,0.000150000415027);
#344=CIRCLE('',#10564,0.000385908325999);
#345=CIRCLE('',#10565,0.000150000166887);
#346=CIRCLE('',#10567,0.000150000166887);
#347=CIRCLE('',#10568,0.000385908325999);
#348=CIRCLE('',#10579,0.000385407031905);
#349=CIRCLE('',#10580,0.000150000292066);
#350=CIRCLE('',#10582,0.000150000292066);
#351=CIRCLE('',#10583,0.000385407031905);
#352=CIRCLE('',#10597,0.000150000415027);
#353=CIRCLE('',#10598,0.000385569784767);
#354=CIRCLE('',#10600,0.000385569784767);
#355=CIRCLE('',#10601,0.000150000415027);
#356=CIRCLE('',#10619,0.000150000166887);
#357=CIRCLE('',#10620,0.000385655602655);
#358=CIRCLE('',#10622,0.000385655602655);
#359=CIRCLE('',#10623,0.000150000166887);
#360=CIRCLE('',#10633,0.000150000415027);
#361=CIRCLE('',#10634,0.000385288227076);
#362=CIRCLE('',#10636,0.000385288227076);
#363=CIRCLE('',#10637,0.000150000415027);
#364=CIRCLE('',#10649,0.000150000058649);
#365=CIRCLE('',#10650,0.000150000058649);
#366=CIRCLE('',#10651,0.000150000058649);
#367=CIRCLE('',#10652,0.000150000058649);
#368=CIRCLE('',#10654,0.000150000058649);
#369=CIRCLE('',#10655,0.000150000058649);
#370=CIRCLE('',#10656,0.000150000058649);
#371=CIRCLE('',#10657,0.000150000058649);
#372=CIRCLE('',#10668,0.000500001333575);
#373=CIRCLE('',#10669,0.000500001333575);
#374=CIRCLE('',#10670,0.000500001333575);
#375=CIRCLE('',#10671,0.000500001333575);
#376=CIRCLE('',#10673,0.000500001333575);
#377=CIRCLE('',#10674,0.000500001333575);
#378=CIRCLE('',#10675,0.000500001333575);
#379=CIRCLE('',#10676,0.000500001333575);
#380=CIRCLE('',#10687,0.000150000058649);
#381=CIRCLE('',#10688,0.000150000058649);
#382=CIRCLE('',#10689,0.000150000058649);
#383=CIRCLE('',#10690,0.000150000058649);
#384=CIRCLE('',#10692,0.000150000058649);
#385=CIRCLE('',#10693,0.000150000058649);
#386=CIRCLE('',#10694,0.000150000058649);
#387=CIRCLE('',#10695,0.000150000058649);
#388=CIRCLE('',#10706,0.000500001333575);
#389=CIRCLE('',#10707,0.000500001333575);
#390=CIRCLE('',#10708,0.000500001333575);
#391=CIRCLE('',#10709,0.000500001333575);
#392=CIRCLE('',#10711,0.000500001333575);
#393=CIRCLE('',#10712,0.000500001333575);
#394=CIRCLE('',#10713,0.000500001333575);
#395=CIRCLE('',#10714,0.000500001333575);
#396=CIRCLE('',#10725,0.000150000058649);
#397=CIRCLE('',#10726,0.000150000058649);
#398=CIRCLE('',#10727,0.000150000058649);
#399=CIRCLE('',#10728,0.000150000058649);
#400=CIRCLE('',#10730,0.000150000058649);
#401=CIRCLE('',#10731,0.000150000058649);
#402=CIRCLE('',#10732,0.000150000058649);
#403=CIRCLE('',#10733,0.000150000058649);
#404=CIRCLE('',#10744,0.000150000058649);
#405=CIRCLE('',#10745,0.000150000058649);
#406=CIRCLE('',#10746,0.000150000058649);
#407=CIRCLE('',#10747,0.000150000058649);
#408=CIRCLE('',#10749,0.000150000058649);
#409=CIRCLE('',#10750,0.000150000058649);
#410=CIRCLE('',#10751,0.000150000058649);
#411=CIRCLE('',#10752,0.000150000058649);
#412=CIRCLE('',#10763,0.000500001333575);
#413=CIRCLE('',#10764,0.000500001333575);
#414=CIRCLE('',#10765,0.000500001333575);
#415=CIRCLE('',#10766,0.000500001333575);
#416=CIRCLE('',#10768,0.000500001333575);
#417=CIRCLE('',#10769,0.000500001333575);
#418=CIRCLE('',#10770,0.000500001333575);
#419=CIRCLE('',#10771,0.000500001333575);
#420=CIRCLE('',#10782,0.000375);
#421=CIRCLE('',#10783,0.000375);
#422=CIRCLE('',#10785,0.000999999);
#423=CIRCLE('',#10787,0.000999999);
#424=CIRCLE('',#10791,0.000375);
#425=CIRCLE('',#10792,0.000375);
#426=CIRCLE('',#10794,0.000999999);
#427=CIRCLE('',#10796,0.000999999);
#428=CIRCLE('',#10800,0.000375);
#429=CIRCLE('',#10801,0.000375);
#430=CIRCLE('',#10803,0.0004);
#431=CIRCLE('',#10805,0.0004);
#432=CIRCLE('',#10809,0.000150000058649);
#433=CIRCLE('',#10810,0.000150000058649);
#434=CIRCLE('',#10811,0.000150000058649);
#435=CIRCLE('',#10812,0.000150000058649);
#436=CIRCLE('',#10814,0.000150000058649);
#437=CIRCLE('',#10815,0.000150000058649);
#438=CIRCLE('',#10816,0.000150000058649);
#439=CIRCLE('',#10817,0.000150000058649);
#440=CIRCLE('',#10828,0.000375);
#441=CIRCLE('',#10829,0.000375);
#442=CIRCLE('',#10831,0.000999999);
#443=CIRCLE('',#10833,0.000999999);
#444=CIRCLE('',#10837,0.000375);
#445=CIRCLE('',#10838,0.000375);
#446=CIRCLE('',#10840,0.000999999);
#447=CIRCLE('',#10842,0.000999999);
#448=CIRCLE('',#10846,0.000375);
#449=CIRCLE('',#10847,0.000375);
#450=CIRCLE('',#10849,0.0004);
#451=CIRCLE('',#10851,0.0004);
#452=CIRCLE('',#10855,0.000500001333575);
#453=CIRCLE('',#10856,0.000500001333575);
#454=CIRCLE('',#10857,0.000500001333575);
#455=CIRCLE('',#10858,0.000500001333575);
#456=CIRCLE('',#10860,0.000500001333575);
#457=CIRCLE('',#10861,0.000500001333575);
#458=CIRCLE('',#10862,0.000500001333575);
#459=CIRCLE('',#10863,0.000500001333575);
#460=CIRCLE('',#10874,0.000150000058649);
#461=CIRCLE('',#10875,0.000150000058649);
#462=CIRCLE('',#10876,0.000150000058649);
#463=CIRCLE('',#10877,0.000150000058649);
#464=CIRCLE('',#10879,0.000150000058649);
#465=CIRCLE('',#10880,0.000150000058649);
#466=CIRCLE('',#10881,0.000150000058649);
#467=CIRCLE('',#10882,0.000150000058649);
#468=CIRCLE('',#10893,0.000150000058649);
#469=CIRCLE('',#10894,0.000150000058649);
#470=CIRCLE('',#10895,0.000150000058649);
#471=CIRCLE('',#10896,0.000150000058649);
#472=CIRCLE('',#10898,0.000150000058649);
#473=CIRCLE('',#10899,0.000150000058649);
#474=CIRCLE('',#10900,0.000150000058649);
#475=CIRCLE('',#10901,0.000150000058649);
#476=CIRCLE('',#10912,0.000150000058649);
#477=CIRCLE('',#10913,0.000150000058649);
#478=CIRCLE('',#10914,0.000150000058649);
#479=CIRCLE('',#10915,0.000150000058649);
#480=CIRCLE('',#10917,0.000150000058649);
#481=CIRCLE('',#10918,0.000150000058649);
#482=CIRCLE('',#10919,0.000150000058649);
#483=CIRCLE('',#10920,0.000150000058649);
#484=CIRCLE('',#10931,0.00015);
#485=CIRCLE('',#10933,0.00015);
#486=CIRCLE('',#10937,0.00015);
#487=CIRCLE('',#10939,0.00015);
#488=CIRCLE('',#10943,5.99993201626E-5);
#489=CIRCLE('',#10944,5.99993201626E-5);
#490=CIRCLE('',#10945,6.000007318647E-5);
#491=CIRCLE('',#10946,6.00002084163E-5);
#492=CIRCLE('',#10949,6.000007318647E-5);
#493=CIRCLE('',#10950,6.000007318647E-5);
#494=CIRCLE('',#10951,5.99993201626E-5);
#495=CIRCLE('',#10952,5.99993201626E-5);
#496=CIRCLE('',#10955,6.000027696174E-5);
#497=CIRCLE('',#10956,5.999941814203E-5);
#498=CIRCLE('',#10959,0.000348628446662);
#499=CIRCLE('',#10960,0.000348635327447);
#500=CIRCLE('',#10961,7.500006711464E-5);
#501=CIRCLE('',#10962,0.000186867760544);
#502=CIRCLE('',#10963,0.000186867373533);
#503=CIRCLE('',#10964,7.500000000003E-5);
#504=CIRCLE('',#10967,0.000305621483548);
#505=CIRCLE('',#10968,0.000252889603602);
#506=CIRCLE('',#10969,0.000305621483548);
#507=CIRCLE('',#10970,0.000252889603602);
#508=CIRCLE('',#10971,0.000348628078749);
#509=CIRCLE('',#10972,7.500006711464E-5);
#510=CIRCLE('',#10973,0.000610117599579);
#511=CIRCLE('',#10974,0.000397581403297);
#512=CIRCLE('',#10977,5.000014378935E-5);
#513=CIRCLE('',#10978,5.000014378935E-5);
#514=CIRCLE('',#10979,5.000014378935E-5);
#515=CIRCLE('',#10980,5.000014378935E-5);
#516=CIRCLE('',#10983,0.000276539244011);
#517=CIRCLE('',#10984,0.000276541452568);
#518=CIRCLE('',#10985,0.000276533704151);
#519=CIRCLE('',#10986,0.000276533529165);
#520=CIRCLE('',#10987,0.000121388261152);
#521=CIRCLE('',#10988,0.000276541452568);
#522=CIRCLE('',#10989,0.000121386151233);
#523=CIRCLE('',#10990,0.000276531951055);
#524=CIRCLE('',#10991,0.000375848670025);
#525=CIRCLE('',#10992,0.000375853827532);
#526=CIRCLE('',#10993,0.000375856722056);
#527=CIRCLE('',#10994,0.00037585005919);
#528=CIRCLE('',#10997,5.000026658741E-5);
#529=CIRCLE('',#10998,0.00032750706928);
#530=CIRCLE('',#10999,0.000639216739852);
#531=CIRCLE('',#11000,0.000327515752221);
#532=CIRCLE('',#11001,5.000060920129E-5);
#533=CIRCLE('',#11004,7.500029440362E-5);
#534=CIRCLE('',#11005,7.500006711464E-5);
#535=CIRCLE('',#11006,7.500006711464E-5);
#536=CIRCLE('',#11007,7.500039913536E-5);
#537=CIRCLE('',#11010,0.000611738044646);
#538=CIRCLE('',#11011,7.500074938985E-5);
#539=CIRCLE('',#11012,7.500074938985E-5);
#540=CIRCLE('',#11015,7.500032701752E-5);
#541=CIRCLE('',#11016,7.500006711464E-5);
#542=CIRCLE('',#11017,7.500032701752E-5);
#543=CIRCLE('',#11018,7.500006711464E-5);
#544=CIRCLE('',#11021,0.000768531889865);
#545=CIRCLE('',#11022,0.000461065893219);
#546=CIRCLE('',#11023,7.500074938985E-5);
#547=CIRCLE('',#11024,7.500006711464E-5);
#548=CIRCLE('',#11025,0.000299306284995);
#549=CIRCLE('',#11026,0.000611712714363);
#550=CIRCLE('',#11027,7.500029440469E-5);
#551=CIRCLE('',#11030,7.500029440362E-5);
#552=CIRCLE('',#11031,7.500006711464E-5);
#553=CIRCLE('',#11032,7.500006711464E-5);
#554=CIRCLE('',#11033,7.500039913536E-5);
#555=CIRCLE('',#11036,0.000611738044646);
#556=CIRCLE('',#11037,7.500074938985E-5);
#557=CIRCLE('',#11038,7.500074938985E-5);
#558=CIRCLE('',#11041,0.000611738044646);
#559=CIRCLE('',#11042,7.500074938985E-5);
#560=CIRCLE('',#11043,7.500074938985E-5);
#561=CIRCLE('',#11046,7.499962911995E-5);
#562=CIRCLE('',#11047,7.499975943128E-5);
#563=CIRCLE('',#11048,7.500008071053E-5);
#564=CIRCLE('',#11051,7.500029440362E-5);
#565=CIRCLE('',#11052,7.500006711464E-5);
#566=CIRCLE('',#11053,7.500006711464E-5);
#567=CIRCLE('',#11054,7.500039913536E-5);
#568=CIRCLE('',#11057,0.00018686440374);
#569=CIRCLE('',#11058,0.00018686440374);
#570=CIRCLE('',#11059,0.000186872595955);
#571=CIRCLE('',#11060,0.00017500770603);
#572=CIRCLE('',#11061,7.500074938986E-5);
#573=CIRCLE('',#11062,7.500074938985E-5);
#574=CIRCLE('',#11063,0.000348632713765);
#575=CIRCLE('',#11064,0.000348628078749);
#576=CIRCLE('',#11067,7.500074830908E-5);
#577=CIRCLE('',#11068,7.500006711464E-5);
#578=CIRCLE('',#11069,0.000348628078749);
#579=CIRCLE('',#11070,7.500003178656E-5);
#580=CIRCLE('',#11071,0.000305621483548);
#581=CIRCLE('',#11074,7.500061792065E-5);
#582=CIRCLE('',#11075,7.499988769954E-5);
#583=CIRCLE('',#11076,7.4999731078E-5);
#584=CIRCLE('',#11079,5.000014378935E-5);
#585=CIRCLE('',#11080,5.000014378935E-5);
#586=CIRCLE('',#11081,5.000014378935E-5);
#587=CIRCLE('',#11082,5.000014378935E-5);
#588=CIRCLE('',#11085,0.0016);
#589=CIRCLE('',#11086,0.0016);
#590=CIRCLE('',#11088,0.00015);
#591=CIRCLE('',#11089,0.00015);
#592=CIRCLE('',#11091,0.00015);
#593=CIRCLE('',#11092,0.00015);
#594=CIRCLE('',#11094,0.0016);
#595=CIRCLE('',#11095,0.0016);
#596=CIRCLE('',#11097,0.0004);
#597=CIRCLE('',#11098,0.0004);
#598=CIRCLE('',#11100,0.0016);
#599=CIRCLE('',#11101,0.0016);
#600=CIRCLE('',#11103,0.0004);
#601=CIRCLE('',#11104,0.0004);
#602=CIRCLE('',#11106,0.0016);
#603=CIRCLE('',#11107,0.0016);
#604=CIRCLE('',#11109,0.003199998975043);
#605=CIRCLE('',#11110,0.003199998975043);
#606=CIRCLE('',#11114,0.003199998975043);
#607=CIRCLE('',#11115,0.003199998975043);
#608=CIRCLE('',#11117,0.003199998975043);
#609=CIRCLE('',#11118,0.003199998975043);
#610=CIRCLE('',#11120,0.003199998975043);
#611=CIRCLE('',#11122,0.003199998975043);
#612=CYLINDRICAL_SURFACE('',#10268,0.00029);
#613=CYLINDRICAL_SURFACE('',#10274,0.0001);
#614=CYLINDRICAL_SURFACE('',#10278,0.00029);
#615=CYLINDRICAL_SURFACE('',#10282,0.00029);
#616=CYLINDRICAL_SURFACE('',#10288,0.0001);
#617=CYLINDRICAL_SURFACE('',#10292,0.00029);
#618=CYLINDRICAL_SURFACE('',#10296,0.00029);
#619=CYLINDRICAL_SURFACE('',#10302,0.0001);
#620=CYLINDRICAL_SURFACE('',#10306,0.00029);
#621=CYLINDRICAL_SURFACE('',#10310,0.00029);
#622=CYLINDRICAL_SURFACE('',#10316,0.0001);
#623=CYLINDRICAL_SURFACE('',#10321,0.00029);
#624=CYLINDRICAL_SURFACE('',#10327,0.0001);
#625=CYLINDRICAL_SURFACE('',#10332,0.00029);
#626=CYLINDRICAL_SURFACE('',#10338,0.0001);
#627=CYLINDRICAL_SURFACE('',#10342,0.00029);
#628=CYLINDRICAL_SURFACE('',#10346,0.00029);
#629=CYLINDRICAL_SURFACE('',#10352,0.0001);
#630=CYLINDRICAL_SURFACE('',#10356,0.00029);
#631=CYLINDRICAL_SURFACE('',#10360,0.00029);
#632=CYLINDRICAL_SURFACE('',#10366,0.0001);
#633=CYLINDRICAL_SURFACE('',#10370,0.00029);
#634=CYLINDRICAL_SURFACE('',#10374,0.00029);
#635=CYLINDRICAL_SURFACE('',#10380,0.00029);
#636=CYLINDRICAL_SURFACE('',#10385,0.0001);
#637=CYLINDRICAL_SURFACE('',#10390,0.0001);
#638=CYLINDRICAL_SURFACE('',#10395,0.0001);
#639=CYLINDRICAL_SURFACE('',#10400,0.0001);
#640=CYLINDRICAL_SURFACE('',#10405,0.0001);
#641=CYLINDRICAL_SURFACE('',#10410,0.0001);
#642=CYLINDRICAL_SURFACE('',#10415,0.0001);
#643=CYLINDRICAL_SURFACE('',#10420,0.0001);
#644=CYLINDRICAL_SURFACE('',#10468,0.00035);
#645=CYLINDRICAL_SURFACE('',#10476,0.00035);
#646=CYLINDRICAL_SURFACE('',#10488,0.000137255);
#647=CYLINDRICAL_SURFACE('',#10490,0.000299999588569);
#648=CYLINDRICAL_SURFACE('',#10495,0.000150000292066);
#649=CYLINDRICAL_SURFACE('',#10510,0.000137255);
#650=CYLINDRICAL_SURFACE('',#10515,0.000299999660343);
#651=CYLINDRICAL_SURFACE('',#10518,0.000150000415027);
#652=CYLINDRICAL_SURFACE('',#10528,0.000137255);
#653=CYLINDRICAL_SURFACE('',#10530,0.000299999588569);
#654=CYLINDRICAL_SURFACE('',#10535,0.000150000292066);
#655=CYLINDRICAL_SURFACE('',#10550,0.000137255);
#656=CYLINDRICAL_SURFACE('',#10557,0.000299999641111);
#657=CYLINDRICAL_SURFACE('',#10561,0.000150000415027);
#658=CYLINDRICAL_SURFACE('',#10572,0.000385908325999);
#659=CYLINDRICAL_SURFACE('',#10576,0.000150000166887);
#660=CYLINDRICAL_SURFACE('',#10587,0.000385407031905);
#661=CYLINDRICAL_SURFACE('',#10592,0.000150000292066);
#662=CYLINDRICAL_SURFACE('',#10610,0.000385569784767);
#663=CYLINDRICAL_SURFACE('',#10616,0.000150000415027);
#664=CYLINDRICAL_SURFACE('',#10626,0.000150000166887);
#665=CYLINDRICAL_SURFACE('',#10630,0.000385655602655);
#666=CYLINDRICAL_SURFACE('',#10642,0.000385288227076);
#667=CYLINDRICAL_SURFACE('',#10646,0.000150000415027);
#668=CYLINDRICAL_SURFACE('',#10659,0.000150000058649);
#669=CYLINDRICAL_SURFACE('',#10661,0.000150000058649);
#670=CYLINDRICAL_SURFACE('',#10663,0.000150000058649);
#671=CYLINDRICAL_SURFACE('',#10665,0.000150000058649);
#672=CYLINDRICAL_SURFACE('',#10678,0.000500001333575);
#673=CYLINDRICAL_SURFACE('',#10680,0.000500001333575);
#674=CYLINDRICAL_SURFACE('',#10682,0.000500001333575);
#675=CYLINDRICAL_SURFACE('',#10684,0.000500001333575);
#676=CYLINDRICAL_SURFACE('',#10697,0.000150000058649);
#677=CYLINDRICAL_SURFACE('',#10699,0.000150000058649);
#678=CYLINDRICAL_SURFACE('',#10701,0.000150000058649);
#679=CYLINDRICAL_SURFACE('',#10703,0.000150000058649);
#680=CYLINDRICAL_SURFACE('',#10716,0.000500001333575);
#681=CYLINDRICAL_SURFACE('',#10718,0.000500001333575);
#682=CYLINDRICAL_SURFACE('',#10720,0.000500001333575);
#683=CYLINDRICAL_SURFACE('',#10722,0.000500001333575);
#684=CYLINDRICAL_SURFACE('',#10735,0.000150000058649);
#685=CYLINDRICAL_SURFACE('',#10737,0.000150000058649);
#686=CYLINDRICAL_SURFACE('',#10739,0.000150000058649);
#687=CYLINDRICAL_SURFACE('',#10741,0.000150000058649);
#688=CYLINDRICAL_SURFACE('',#10754,0.000150000058649);
#689=CYLINDRICAL_SURFACE('',#10756,0.000150000058649);
#690=CYLINDRICAL_SURFACE('',#10758,0.000150000058649);
#691=CYLINDRICAL_SURFACE('',#10760,0.000150000058649);
#692=CYLINDRICAL_SURFACE('',#10773,0.000500001333575);
#693=CYLINDRICAL_SURFACE('',#10775,0.000500001333575);
#694=CYLINDRICAL_SURFACE('',#10777,0.000500001333575);
#695=CYLINDRICAL_SURFACE('',#10779,0.000500001333575);
#696=CYLINDRICAL_SURFACE('',#10781,0.000375);
#697=CYLINDRICAL_SURFACE('',#10788,0.000999999);
#698=CYLINDRICAL_SURFACE('',#10790,0.000375);
#699=CYLINDRICAL_SURFACE('',#10797,0.000999999);
#700=CYLINDRICAL_SURFACE('',#10799,0.000375);
#701=CYLINDRICAL_SURFACE('',#10806,0.0004);
#702=CYLINDRICAL_SURFACE('',#10819,0.000150000058649);
#703=CYLINDRICAL_SURFACE('',#10821,0.000150000058649);
#704=CYLINDRICAL_SURFACE('',#10823,0.000150000058649);
#705=CYLINDRICAL_SURFACE('',#10825,0.000150000058649);
#706=CYLINDRICAL_SURFACE('',#10827,0.000375);
#707=CYLINDRICAL_SURFACE('',#10834,0.000999999);
#708=CYLINDRICAL_SURFACE('',#10836,0.000375);
#709=CYLINDRICAL_SURFACE('',#10843,0.000999999);
#710=CYLINDRICAL_SURFACE('',#10845,0.000375);
#711=CYLINDRICAL_SURFACE('',#10852,0.0004);
#712=CYLINDRICAL_SURFACE('',#10865,0.000500001333575);
#713=CYLINDRICAL_SURFACE('',#10867,0.000500001333575);
#714=CYLINDRICAL_SURFACE('',#10869,0.000500001333575);
#715=CYLINDRICAL_SURFACE('',#10871,0.000500001333575);
#716=CYLINDRICAL_SURFACE('',#10884,0.000150000058649);
#717=CYLINDRICAL_SURFACE('',#10886,0.000150000058649);
#718=CYLINDRICAL_SURFACE('',#10888,0.000150000058649);
#719=CYLINDRICAL_SURFACE('',#10890,0.000150000058649);
#720=CYLINDRICAL_SURFACE('',#10903,0.000150000058649);
#721=CYLINDRICAL_SURFACE('',#10905,0.000150000058649);
#722=CYLINDRICAL_SURFACE('',#10907,0.000150000058649);
#723=CYLINDRICAL_SURFACE('',#10909,0.000150000058649);
#724=CYLINDRICAL_SURFACE('',#10922,0.000150000058649);
#725=CYLINDRICAL_SURFACE('',#10924,0.000150000058649);
#726=CYLINDRICAL_SURFACE('',#10926,0.000150000058649);
#727=CYLINDRICAL_SURFACE('',#10928,0.000150000058649);
#728=CYLINDRICAL_SURFACE('',#10934,0.00015);
#729=CYLINDRICAL_SURFACE('',#10940,0.00015);
#730=CYLINDRICAL_SURFACE('',#11084,0.0016);
#731=CYLINDRICAL_SURFACE('',#11087,0.00015);
#732=CYLINDRICAL_SURFACE('',#11090,0.00015);
#733=CYLINDRICAL_SURFACE('',#11093,0.0016);
#734=CYLINDRICAL_SURFACE('',#11096,0.0004);
#735=CYLINDRICAL_SURFACE('',#11099,0.0016);
#736=CYLINDRICAL_SURFACE('',#11102,0.0004);
#737=CYLINDRICAL_SURFACE('',#11105,0.0016);
#738=CYLINDRICAL_SURFACE('',#11108,0.003199998975043);
#739=CYLINDRICAL_SURFACE('',#11113,0.003199998975043);
#740=CYLINDRICAL_SURFACE('',#11116,0.003199998975043);
#741=CYLINDRICAL_SURFACE('',#11125,0.003199998975043);
#742=ORIENTED_EDGE('',*,*,#3166,.T.);
#743=ORIENTED_EDGE('',*,*,#3167,.T.);
#744=ORIENTED_EDGE('',*,*,#3168,.F.);
#745=ORIENTED_EDGE('',*,*,#3169,.F.);
#746=ORIENTED_EDGE('',*,*,#3170,.T.);
#747=ORIENTED_EDGE('',*,*,#3171,.T.);
#748=ORIENTED_EDGE('',*,*,#3172,.F.);
#749=ORIENTED_EDGE('',*,*,#3167,.F.);
#750=ORIENTED_EDGE('',*,*,#3173,.T.);
#751=ORIENTED_EDGE('',*,*,#3174,.T.);
#752=ORIENTED_EDGE('',*,*,#3175,.F.);
#753=ORIENTED_EDGE('',*,*,#3171,.F.);
#754=ORIENTED_EDGE('',*,*,#3176,.T.);
#755=ORIENTED_EDGE('',*,*,#3177,.T.);
#756=ORIENTED_EDGE('',*,*,#3178,.F.);
#757=ORIENTED_EDGE('',*,*,#3174,.F.);
#758=ORIENTED_EDGE('',*,*,#3179,.T.);
#759=ORIENTED_EDGE('',*,*,#3180,.T.);
#760=ORIENTED_EDGE('',*,*,#3181,.F.);
#761=ORIENTED_EDGE('',*,*,#3177,.F.);
#762=ORIENTED_EDGE('',*,*,#3182,.T.);
#763=ORIENTED_EDGE('',*,*,#3183,.T.);
#764=ORIENTED_EDGE('',*,*,#3184,.F.);
#765=ORIENTED_EDGE('',*,*,#3180,.F.);
#766=ORIENTED_EDGE('',*,*,#3185,.T.);
#767=ORIENTED_EDGE('',*,*,#3186,.T.);
#768=ORIENTED_EDGE('',*,*,#3187,.F.);
#769=ORIENTED_EDGE('',*,*,#3183,.F.);
#770=ORIENTED_EDGE('',*,*,#3188,.T.);
#771=ORIENTED_EDGE('',*,*,#3189,.T.);
#772=ORIENTED_EDGE('',*,*,#3190,.F.);
#773=ORIENTED_EDGE('',*,*,#3186,.F.);
#774=ORIENTED_EDGE('',*,*,#3191,.T.);
#775=ORIENTED_EDGE('',*,*,#3192,.T.);
#776=ORIENTED_EDGE('',*,*,#3193,.F.);
#777=ORIENTED_EDGE('',*,*,#3194,.F.);
#778=ORIENTED_EDGE('',*,*,#3195,.T.);
#779=ORIENTED_EDGE('',*,*,#3196,.T.);
#780=ORIENTED_EDGE('',*,*,#3197,.F.);
#781=ORIENTED_EDGE('',*,*,#3192,.F.);
#782=ORIENTED_EDGE('',*,*,#3198,.T.);
#783=ORIENTED_EDGE('',*,*,#3199,.T.);
#784=ORIENTED_EDGE('',*,*,#3200,.F.);
#785=ORIENTED_EDGE('',*,*,#3196,.F.);
#786=ORIENTED_EDGE('',*,*,#3201,.T.);
#787=ORIENTED_EDGE('',*,*,#3202,.T.);
#788=ORIENTED_EDGE('',*,*,#3203,.F.);
#789=ORIENTED_EDGE('',*,*,#3199,.F.);
#790=ORIENTED_EDGE('',*,*,#3204,.T.);
#791=ORIENTED_EDGE('',*,*,#3205,.T.);
#792=ORIENTED_EDGE('',*,*,#3206,.F.);
#793=ORIENTED_EDGE('',*,*,#3202,.F.);
#794=ORIENTED_EDGE('',*,*,#3207,.T.);
#795=ORIENTED_EDGE('',*,*,#3208,.T.);
#796=ORIENTED_EDGE('',*,*,#3209,.F.);
#797=ORIENTED_EDGE('',*,*,#3205,.F.);
#798=ORIENTED_EDGE('',*,*,#3210,.T.);
#799=ORIENTED_EDGE('',*,*,#3211,.T.);
#800=ORIENTED_EDGE('',*,*,#3212,.F.);
#801=ORIENTED_EDGE('',*,*,#3208,.F.);
#802=ORIENTED_EDGE('',*,*,#3213,.T.);
#803=ORIENTED_EDGE('',*,*,#3214,.T.);
#804=ORIENTED_EDGE('',*,*,#3215,.F.);
#805=ORIENTED_EDGE('',*,*,#3211,.F.);
#806=ORIENTED_EDGE('',*,*,#3216,.T.);
#807=ORIENTED_EDGE('',*,*,#3217,.T.);
#808=ORIENTED_EDGE('',*,*,#3218,.F.);
#809=ORIENTED_EDGE('',*,*,#3219,.F.);
#810=ORIENTED_EDGE('',*,*,#3220,.T.);
#811=ORIENTED_EDGE('',*,*,#3221,.T.);
#812=ORIENTED_EDGE('',*,*,#3222,.F.);
#813=ORIENTED_EDGE('',*,*,#3217,.F.);
#814=ORIENTED_EDGE('',*,*,#3223,.T.);
#815=ORIENTED_EDGE('',*,*,#3224,.T.);
#816=ORIENTED_EDGE('',*,*,#3225,.F.);
#817=ORIENTED_EDGE('',*,*,#3221,.F.);
#818=ORIENTED_EDGE('',*,*,#3226,.T.);
#819=ORIENTED_EDGE('',*,*,#3227,.T.);
#820=ORIENTED_EDGE('',*,*,#3228,.F.);
#821=ORIENTED_EDGE('',*,*,#3224,.F.);
#822=ORIENTED_EDGE('',*,*,#3229,.T.);
#823=ORIENTED_EDGE('',*,*,#3230,.T.);
#824=ORIENTED_EDGE('',*,*,#3231,.F.);
#825=ORIENTED_EDGE('',*,*,#3227,.F.);
#826=ORIENTED_EDGE('',*,*,#3232,.T.);
#827=ORIENTED_EDGE('',*,*,#3233,.T.);
#828=ORIENTED_EDGE('',*,*,#3234,.F.);
#829=ORIENTED_EDGE('',*,*,#3230,.F.);
#830=ORIENTED_EDGE('',*,*,#3235,.T.);
#831=ORIENTED_EDGE('',*,*,#3236,.T.);
#832=ORIENTED_EDGE('',*,*,#3237,.F.);
#833=ORIENTED_EDGE('',*,*,#3233,.F.);
#834=ORIENTED_EDGE('',*,*,#3238,.T.);
#835=ORIENTED_EDGE('',*,*,#3239,.T.);
#836=ORIENTED_EDGE('',*,*,#3240,.F.);
#837=ORIENTED_EDGE('',*,*,#3236,.F.);
#838=ORIENTED_EDGE('',*,*,#3241,.T.);
#839=ORIENTED_EDGE('',*,*,#3242,.T.);
#840=ORIENTED_EDGE('',*,*,#3243,.F.);
#841=ORIENTED_EDGE('',*,*,#3244,.F.);
#842=ORIENTED_EDGE('',*,*,#3245,.T.);
#843=ORIENTED_EDGE('',*,*,#3246,.T.);
#844=ORIENTED_EDGE('',*,*,#3247,.F.);
#845=ORIENTED_EDGE('',*,*,#3242,.F.);
#846=ORIENTED_EDGE('',*,*,#3248,.T.);
#847=ORIENTED_EDGE('',*,*,#3249,.T.);
#848=ORIENTED_EDGE('',*,*,#3250,.F.);
#849=ORIENTED_EDGE('',*,*,#3246,.F.);
#850=ORIENTED_EDGE('',*,*,#3251,.T.);
#851=ORIENTED_EDGE('',*,*,#3252,.T.);
#852=ORIENTED_EDGE('',*,*,#3253,.F.);
#853=ORIENTED_EDGE('',*,*,#3249,.F.);
#854=ORIENTED_EDGE('',*,*,#3254,.T.);
#855=ORIENTED_EDGE('',*,*,#3255,.T.);
#856=ORIENTED_EDGE('',*,*,#3256,.F.);
#857=ORIENTED_EDGE('',*,*,#3252,.F.);
#858=ORIENTED_EDGE('',*,*,#3257,.T.);
#859=ORIENTED_EDGE('',*,*,#3258,.T.);
#860=ORIENTED_EDGE('',*,*,#3259,.F.);
#861=ORIENTED_EDGE('',*,*,#3255,.F.);
#862=ORIENTED_EDGE('',*,*,#3260,.T.);
#863=ORIENTED_EDGE('',*,*,#3261,.T.);
#864=ORIENTED_EDGE('',*,*,#3262,.F.);
#865=ORIENTED_EDGE('',*,*,#3258,.F.);
#866=ORIENTED_EDGE('',*,*,#3263,.T.);
#867=ORIENTED_EDGE('',*,*,#3264,.T.);
#868=ORIENTED_EDGE('',*,*,#3265,.F.);
#869=ORIENTED_EDGE('',*,*,#3266,.F.);
#870=ORIENTED_EDGE('',*,*,#3267,.T.);
#871=ORIENTED_EDGE('',*,*,#3268,.T.);
#872=ORIENTED_EDGE('',*,*,#3269,.F.);
#873=ORIENTED_EDGE('',*,*,#3264,.F.);
#874=ORIENTED_EDGE('',*,*,#3270,.T.);
#875=ORIENTED_EDGE('',*,*,#3271,.T.);
#876=ORIENTED_EDGE('',*,*,#3272,.F.);
#877=ORIENTED_EDGE('',*,*,#3268,.F.);
#878=ORIENTED_EDGE('',*,*,#3273,.T.);
#879=ORIENTED_EDGE('',*,*,#3274,.T.);
#880=ORIENTED_EDGE('',*,*,#3275,.F.);
#881=ORIENTED_EDGE('',*,*,#3271,.F.);
#882=ORIENTED_EDGE('',*,*,#3276,.T.);
#883=ORIENTED_EDGE('',*,*,#3277,.T.);
#884=ORIENTED_EDGE('',*,*,#3278,.F.);
#885=ORIENTED_EDGE('',*,*,#3274,.F.);
#886=ORIENTED_EDGE('',*,*,#3279,.T.);
#887=ORIENTED_EDGE('',*,*,#3280,.T.);
#888=ORIENTED_EDGE('',*,*,#3281,.F.);
#889=ORIENTED_EDGE('',*,*,#3277,.F.);
#890=ORIENTED_EDGE('',*,*,#3282,.T.);
#891=ORIENTED_EDGE('',*,*,#3283,.T.);
#892=ORIENTED_EDGE('',*,*,#3284,.F.);
#893=ORIENTED_EDGE('',*,*,#3280,.F.);
#894=ORIENTED_EDGE('',*,*,#3285,.T.);
#895=ORIENTED_EDGE('',*,*,#3286,.T.);
#896=ORIENTED_EDGE('',*,*,#3287,.F.);
#897=ORIENTED_EDGE('',*,*,#3288,.F.);
#898=ORIENTED_EDGE('',*,*,#3289,.T.);
#899=ORIENTED_EDGE('',*,*,#3290,.T.);
#900=ORIENTED_EDGE('',*,*,#3291,.F.);
#901=ORIENTED_EDGE('',*,*,#3286,.F.);
#902=ORIENTED_EDGE('',*,*,#3292,.T.);
#903=ORIENTED_EDGE('',*,*,#3293,.T.);
#904=ORIENTED_EDGE('',*,*,#3294,.F.);
#905=ORIENTED_EDGE('',*,*,#3290,.F.);
#906=ORIENTED_EDGE('',*,*,#3295,.T.);
#907=ORIENTED_EDGE('',*,*,#3296,.T.);
#908=ORIENTED_EDGE('',*,*,#3297,.F.);
#909=ORIENTED_EDGE('',*,*,#3293,.F.);
#910=ORIENTED_EDGE('',*,*,#3298,.T.);
#911=ORIENTED_EDGE('',*,*,#3299,.T.);
#912=ORIENTED_EDGE('',*,*,#3300,.F.);
#913=ORIENTED_EDGE('',*,*,#3296,.F.);
#914=ORIENTED_EDGE('',*,*,#3301,.T.);
#915=ORIENTED_EDGE('',*,*,#3302,.T.);
#916=ORIENTED_EDGE('',*,*,#3303,.F.);
#917=ORIENTED_EDGE('',*,*,#3299,.F.);
#918=ORIENTED_EDGE('',*,*,#3304,.T.);
#919=ORIENTED_EDGE('',*,*,#3305,.T.);
#920=ORIENTED_EDGE('',*,*,#3306,.F.);
#921=ORIENTED_EDGE('',*,*,#3302,.F.);
#922=ORIENTED_EDGE('',*,*,#3307,.T.);
#923=ORIENTED_EDGE('',*,*,#3308,.T.);
#924=ORIENTED_EDGE('',*,*,#3309,.F.);
#925=ORIENTED_EDGE('',*,*,#3305,.F.);
#926=ORIENTED_EDGE('',*,*,#3310,.T.);
#927=ORIENTED_EDGE('',*,*,#3311,.T.);
#928=ORIENTED_EDGE('',*,*,#3312,.F.);
#929=ORIENTED_EDGE('',*,*,#3313,.F.);
#930=ORIENTED_EDGE('',*,*,#3314,.T.);
#931=ORIENTED_EDGE('',*,*,#3315,.T.);
#932=ORIENTED_EDGE('',*,*,#3316,.F.);
#933=ORIENTED_EDGE('',*,*,#3311,.F.);
#934=ORIENTED_EDGE('',*,*,#3317,.T.);
#935=ORIENTED_EDGE('',*,*,#3318,.T.);
#936=ORIENTED_EDGE('',*,*,#3319,.F.);
#937=ORIENTED_EDGE('',*,*,#3315,.F.);
#938=ORIENTED_EDGE('',*,*,#3320,.T.);
#939=ORIENTED_EDGE('',*,*,#3321,.T.);
#940=ORIENTED_EDGE('',*,*,#3322,.F.);
#941=ORIENTED_EDGE('',*,*,#3318,.F.);
#942=ORIENTED_EDGE('',*,*,#3323,.T.);
#943=ORIENTED_EDGE('',*,*,#3324,.T.);
#944=ORIENTED_EDGE('',*,*,#3325,.F.);
#945=ORIENTED_EDGE('',*,*,#3321,.F.);
#946=ORIENTED_EDGE('',*,*,#3326,.T.);
#947=ORIENTED_EDGE('',*,*,#3327,.T.);
#948=ORIENTED_EDGE('',*,*,#3328,.F.);
#949=ORIENTED_EDGE('',*,*,#3324,.F.);
#950=ORIENTED_EDGE('',*,*,#3329,.T.);
#951=ORIENTED_EDGE('',*,*,#3330,.T.);
#952=ORIENTED_EDGE('',*,*,#3331,.F.);
#953=ORIENTED_EDGE('',*,*,#3327,.F.);
#954=ORIENTED_EDGE('',*,*,#3332,.T.);
#955=ORIENTED_EDGE('',*,*,#3333,.T.);
#956=ORIENTED_EDGE('',*,*,#3334,.F.);
#957=ORIENTED_EDGE('',*,*,#3330,.F.);
#958=ORIENTED_EDGE('',*,*,#3335,.T.);
#959=ORIENTED_EDGE('',*,*,#3336,.T.);
#960=ORIENTED_EDGE('',*,*,#3337,.F.);
#961=ORIENTED_EDGE('',*,*,#3338,.F.);
#962=ORIENTED_EDGE('',*,*,#3339,.T.);
#963=ORIENTED_EDGE('',*,*,#3340,.T.);
#964=ORIENTED_EDGE('',*,*,#3341,.F.);
#965=ORIENTED_EDGE('',*,*,#3336,.F.);
#966=ORIENTED_EDGE('',*,*,#3342,.T.);
#967=ORIENTED_EDGE('',*,*,#3343,.T.);
#968=ORIENTED_EDGE('',*,*,#3344,.F.);
#969=ORIENTED_EDGE('',*,*,#3340,.F.);
#970=ORIENTED_EDGE('',*,*,#3345,.T.);
#971=ORIENTED_EDGE('',*,*,#3346,.T.);
#972=ORIENTED_EDGE('',*,*,#3347,.F.);
#973=ORIENTED_EDGE('',*,*,#3343,.F.);
#974=ORIENTED_EDGE('',*,*,#3348,.T.);
#975=ORIENTED_EDGE('',*,*,#3349,.T.);
#976=ORIENTED_EDGE('',*,*,#3350,.F.);
#977=ORIENTED_EDGE('',*,*,#3346,.F.);
#978=ORIENTED_EDGE('',*,*,#3351,.T.);
#979=ORIENTED_EDGE('',*,*,#3352,.T.);
#980=ORIENTED_EDGE('',*,*,#3353,.F.);
#981=ORIENTED_EDGE('',*,*,#3349,.F.);
#982=ORIENTED_EDGE('',*,*,#3354,.T.);
#983=ORIENTED_EDGE('',*,*,#3355,.T.);
#984=ORIENTED_EDGE('',*,*,#3356,.F.);
#985=ORIENTED_EDGE('',*,*,#3352,.F.);
#986=ORIENTED_EDGE('',*,*,#3357,.T.);
#987=ORIENTED_EDGE('',*,*,#3358,.T.);
#988=ORIENTED_EDGE('',*,*,#3359,.F.);
#989=ORIENTED_EDGE('',*,*,#3355,.F.);
#990=ORIENTED_EDGE('',*,*,#3360,.T.);
#991=ORIENTED_EDGE('',*,*,#3361,.T.);
#992=ORIENTED_EDGE('',*,*,#3362,.F.);
#993=ORIENTED_EDGE('',*,*,#3363,.F.);
#994=ORIENTED_EDGE('',*,*,#3364,.T.);
#995=ORIENTED_EDGE('',*,*,#3365,.T.);
#996=ORIENTED_EDGE('',*,*,#3366,.F.);
#997=ORIENTED_EDGE('',*,*,#3261,.F.);
#998=ORIENTED_EDGE('',*,*,#3367,.T.);
#999=ORIENTED_EDGE('',*,*,#3368,.T.);
#1000=ORIENTED_EDGE('',*,*,#3360,.F.);
#1001=ORIENTED_EDGE('',*,*,#3369,.F.);
#1002=ORIENTED_EDGE('',*,*,#3362,.T.);
#1003=ORIENTED_EDGE('',*,*,#3370,.T.);
#1004=ORIENTED_EDGE('',*,*,#3371,.F.);
#1005=ORIENTED_EDGE('',*,*,#3372,.F.);
#1006=ORIENTED_EDGE('',*,*,#3373,.F.);
#1007=ORIENTED_EDGE('',*,*,#3374,.F.);
#1008=ORIENTED_EDGE('',*,*,#3375,.F.);
#1009=ORIENTED_EDGE('',*,*,#3370,.F.);
#1010=ORIENTED_EDGE('',*,*,#3361,.F.);
#1011=ORIENTED_EDGE('',*,*,#3368,.F.);
#1012=ORIENTED_EDGE('',*,*,#3376,.F.);
#1013=ORIENTED_EDGE('',*,*,#3377,.F.);
#1014=ORIENTED_EDGE('',*,*,#3378,.T.);
#1015=ORIENTED_EDGE('',*,*,#3379,.T.);
#1016=ORIENTED_EDGE('',*,*,#3380,.F.);
#1017=ORIENTED_EDGE('',*,*,#3283,.F.);
#1018=ORIENTED_EDGE('',*,*,#3381,.F.);
#1019=ORIENTED_EDGE('',*,*,#3382,.T.);
#1020=ORIENTED_EDGE('',*,*,#3383,.T.);
#1021=ORIENTED_EDGE('',*,*,#3168,.T.);
#1022=ORIENTED_EDGE('',*,*,#3172,.T.);
#1023=ORIENTED_EDGE('',*,*,#3175,.T.);
#1024=ORIENTED_EDGE('',*,*,#3178,.T.);
#1025=ORIENTED_EDGE('',*,*,#3181,.T.);
#1026=ORIENTED_EDGE('',*,*,#3184,.T.);
#1027=ORIENTED_EDGE('',*,*,#3187,.T.);
#1028=ORIENTED_EDGE('',*,*,#3190,.T.);
#1029=ORIENTED_EDGE('',*,*,#3384,.T.);
#1030=ORIENTED_EDGE('',*,*,#3385,.T.);
#1031=ORIENTED_EDGE('',*,*,#3169,.T.);
#1032=ORIENTED_EDGE('',*,*,#3383,.F.);
#1033=ORIENTED_EDGE('',*,*,#3386,.F.);
#1034=ORIENTED_EDGE('',*,*,#3387,.F.);
#1035=ORIENTED_EDGE('',*,*,#3188,.F.);
#1036=ORIENTED_EDGE('',*,*,#3185,.F.);
#1037=ORIENTED_EDGE('',*,*,#3182,.F.);
#1038=ORIENTED_EDGE('',*,*,#3179,.F.);
#1039=ORIENTED_EDGE('',*,*,#3176,.F.);
#1040=ORIENTED_EDGE('',*,*,#3173,.F.);
#1041=ORIENTED_EDGE('',*,*,#3170,.F.);
#1042=ORIENTED_EDGE('',*,*,#3166,.F.);
#1043=ORIENTED_EDGE('',*,*,#3385,.F.);
#1044=ORIENTED_EDGE('',*,*,#3388,.F.);
#1045=ORIENTED_EDGE('',*,*,#3389,.T.);
#1046=ORIENTED_EDGE('',*,*,#3390,.F.);
#1047=ORIENTED_EDGE('',*,*,#3391,.T.);
#1048=ORIENTED_EDGE('',*,*,#3392,.T.);
#1049=ORIENTED_EDGE('',*,*,#3193,.T.);
#1050=ORIENTED_EDGE('',*,*,#3197,.T.);
#1051=ORIENTED_EDGE('',*,*,#3200,.T.);
#1052=ORIENTED_EDGE('',*,*,#3203,.T.);
#1053=ORIENTED_EDGE('',*,*,#3206,.T.);
#1054=ORIENTED_EDGE('',*,*,#3209,.T.);
#1055=ORIENTED_EDGE('',*,*,#3212,.T.);
#1056=ORIENTED_EDGE('',*,*,#3215,.T.);
#1057=ORIENTED_EDGE('',*,*,#3393,.T.);
#1058=ORIENTED_EDGE('',*,*,#3394,.T.);
#1059=ORIENTED_EDGE('',*,*,#3194,.T.);
#1060=ORIENTED_EDGE('',*,*,#3392,.F.);
#1061=ORIENTED_EDGE('',*,*,#3395,.F.);
#1062=ORIENTED_EDGE('',*,*,#3396,.F.);
#1063=ORIENTED_EDGE('',*,*,#3213,.F.);
#1064=ORIENTED_EDGE('',*,*,#3210,.F.);
#1065=ORIENTED_EDGE('',*,*,#3207,.F.);
#1066=ORIENTED_EDGE('',*,*,#3204,.F.);
#1067=ORIENTED_EDGE('',*,*,#3201,.F.);
#1068=ORIENTED_EDGE('',*,*,#3198,.F.);
#1069=ORIENTED_EDGE('',*,*,#3195,.F.);
#1070=ORIENTED_EDGE('',*,*,#3191,.F.);
#1071=ORIENTED_EDGE('',*,*,#3394,.F.);
#1072=ORIENTED_EDGE('',*,*,#3397,.F.);
#1073=ORIENTED_EDGE('',*,*,#3398,.T.);
#1074=ORIENTED_EDGE('',*,*,#3399,.F.);
#1075=ORIENTED_EDGE('',*,*,#3400,.T.);
#1076=ORIENTED_EDGE('',*,*,#3401,.T.);
#1077=ORIENTED_EDGE('',*,*,#3218,.T.);
#1078=ORIENTED_EDGE('',*,*,#3222,.T.);
#1079=ORIENTED_EDGE('',*,*,#3225,.T.);
#1080=ORIENTED_EDGE('',*,*,#3228,.T.);
#1081=ORIENTED_EDGE('',*,*,#3231,.T.);
#1082=ORIENTED_EDGE('',*,*,#3234,.T.);
#1083=ORIENTED_EDGE('',*,*,#3237,.T.);
#1084=ORIENTED_EDGE('',*,*,#3240,.T.);
#1085=ORIENTED_EDGE('',*,*,#3402,.T.);
#1086=ORIENTED_EDGE('',*,*,#3403,.T.);
#1087=ORIENTED_EDGE('',*,*,#3219,.T.);
#1088=ORIENTED_EDGE('',*,*,#3401,.F.);
#1089=ORIENTED_EDGE('',*,*,#3404,.F.);
#1090=ORIENTED_EDGE('',*,*,#3405,.F.);
#1091=ORIENTED_EDGE('',*,*,#3238,.F.);
#1092=ORIENTED_EDGE('',*,*,#3235,.F.);
#1093=ORIENTED_EDGE('',*,*,#3232,.F.);
#1094=ORIENTED_EDGE('',*,*,#3229,.F.);
#1095=ORIENTED_EDGE('',*,*,#3226,.F.);
#1096=ORIENTED_EDGE('',*,*,#3223,.F.);
#1097=ORIENTED_EDGE('',*,*,#3220,.F.);
#1098=ORIENTED_EDGE('',*,*,#3216,.F.);
#1099=ORIENTED_EDGE('',*,*,#3403,.F.);
#1100=ORIENTED_EDGE('',*,*,#3406,.F.);
#1101=ORIENTED_EDGE('',*,*,#3407,.T.);
#1102=ORIENTED_EDGE('',*,*,#3408,.F.);
#1103=ORIENTED_EDGE('',*,*,#3409,.T.);
#1104=ORIENTED_EDGE('',*,*,#3410,.T.);
#1105=ORIENTED_EDGE('',*,*,#3243,.T.);
#1106=ORIENTED_EDGE('',*,*,#3247,.T.);
#1107=ORIENTED_EDGE('',*,*,#3250,.T.);
#1108=ORIENTED_EDGE('',*,*,#3253,.T.);
#1109=ORIENTED_EDGE('',*,*,#3256,.T.);
#1110=ORIENTED_EDGE('',*,*,#3259,.T.);
#1111=ORIENTED_EDGE('',*,*,#3262,.T.);
#1112=ORIENTED_EDGE('',*,*,#3366,.T.);
#1113=ORIENTED_EDGE('',*,*,#3411,.T.);
#1114=ORIENTED_EDGE('',*,*,#3412,.T.);
#1115=ORIENTED_EDGE('',*,*,#3244,.T.);
#1116=ORIENTED_EDGE('',*,*,#3410,.F.);
#1117=ORIENTED_EDGE('',*,*,#3413,.F.);
#1118=ORIENTED_EDGE('',*,*,#3414,.F.);
#1119=ORIENTED_EDGE('',*,*,#3364,.F.);
#1120=ORIENTED_EDGE('',*,*,#3260,.F.);
#1121=ORIENTED_EDGE('',*,*,#3257,.F.);
#1122=ORIENTED_EDGE('',*,*,#3254,.F.);
#1123=ORIENTED_EDGE('',*,*,#3251,.F.);
#1124=ORIENTED_EDGE('',*,*,#3248,.F.);
#1125=ORIENTED_EDGE('',*,*,#3245,.F.);
#1126=ORIENTED_EDGE('',*,*,#3241,.F.);
#1127=ORIENTED_EDGE('',*,*,#3412,.F.);
#1128=ORIENTED_EDGE('',*,*,#3415,.F.);
#1129=ORIENTED_EDGE('',*,*,#3416,.T.);
#1130=ORIENTED_EDGE('',*,*,#3417,.F.);
#1131=ORIENTED_EDGE('',*,*,#3418,.T.);
#1132=ORIENTED_EDGE('',*,*,#3419,.T.);
#1133=ORIENTED_EDGE('',*,*,#3265,.T.);
#1134=ORIENTED_EDGE('',*,*,#3269,.T.);
#1135=ORIENTED_EDGE('',*,*,#3272,.T.);
#1136=ORIENTED_EDGE('',*,*,#3275,.T.);
#1137=ORIENTED_EDGE('',*,*,#3278,.T.);
#1138=ORIENTED_EDGE('',*,*,#3281,.T.);
#1139=ORIENTED_EDGE('',*,*,#3284,.T.);
#1140=ORIENTED_EDGE('',*,*,#3380,.T.);
#1141=ORIENTED_EDGE('',*,*,#3420,.T.);
#1142=ORIENTED_EDGE('',*,*,#3421,.T.);
#1143=ORIENTED_EDGE('',*,*,#3266,.T.);
#1144=ORIENTED_EDGE('',*,*,#3419,.F.);
#1145=ORIENTED_EDGE('',*,*,#3422,.F.);
#1146=ORIENTED_EDGE('',*,*,#3423,.F.);
#1147=ORIENTED_EDGE('',*,*,#3378,.F.);
#1148=ORIENTED_EDGE('',*,*,#3282,.F.);
#1149=ORIENTED_EDGE('',*,*,#3279,.F.);
#1150=ORIENTED_EDGE('',*,*,#3276,.F.);
#1151=ORIENTED_EDGE('',*,*,#3273,.F.);
#1152=ORIENTED_EDGE('',*,*,#3270,.F.);
#1153=ORIENTED_EDGE('',*,*,#3267,.F.);
#1154=ORIENTED_EDGE('',*,*,#3263,.F.);
#1155=ORIENTED_EDGE('',*,*,#3421,.F.);
#1156=ORIENTED_EDGE('',*,*,#3424,.F.);
#1157=ORIENTED_EDGE('',*,*,#3425,.T.);
#1158=ORIENTED_EDGE('',*,*,#3426,.F.);
#1159=ORIENTED_EDGE('',*,*,#3427,.T.);
#1160=ORIENTED_EDGE('',*,*,#3428,.T.);
#1161=ORIENTED_EDGE('',*,*,#3287,.T.);
#1162=ORIENTED_EDGE('',*,*,#3291,.T.);
#1163=ORIENTED_EDGE('',*,*,#3294,.T.);
#1164=ORIENTED_EDGE('',*,*,#3297,.T.);
#1165=ORIENTED_EDGE('',*,*,#3300,.T.);
#1166=ORIENTED_EDGE('',*,*,#3303,.T.);
#1167=ORIENTED_EDGE('',*,*,#3306,.T.);
#1168=ORIENTED_EDGE('',*,*,#3309,.T.);
#1169=ORIENTED_EDGE('',*,*,#3429,.T.);
#1170=ORIENTED_EDGE('',*,*,#3430,.T.);
#1171=ORIENTED_EDGE('',*,*,#3288,.T.);
#1172=ORIENTED_EDGE('',*,*,#3428,.F.);
#1173=ORIENTED_EDGE('',*,*,#3431,.F.);
#1174=ORIENTED_EDGE('',*,*,#3432,.F.);
#1175=ORIENTED_EDGE('',*,*,#3307,.F.);
#1176=ORIENTED_EDGE('',*,*,#3304,.F.);
#1177=ORIENTED_EDGE('',*,*,#3301,.F.);
#1178=ORIENTED_EDGE('',*,*,#3298,.F.);
#1179=ORIENTED_EDGE('',*,*,#3295,.F.);
#1180=ORIENTED_EDGE('',*,*,#3292,.F.);
#1181=ORIENTED_EDGE('',*,*,#3289,.F.);
#1182=ORIENTED_EDGE('',*,*,#3285,.F.);
#1183=ORIENTED_EDGE('',*,*,#3430,.F.);
#1184=ORIENTED_EDGE('',*,*,#3433,.F.);
#1185=ORIENTED_EDGE('',*,*,#3434,.T.);
#1186=ORIENTED_EDGE('',*,*,#3435,.F.);
#1187=ORIENTED_EDGE('',*,*,#3436,.T.);
#1188=ORIENTED_EDGE('',*,*,#3437,.T.);
#1189=ORIENTED_EDGE('',*,*,#3312,.T.);
#1190=ORIENTED_EDGE('',*,*,#3316,.T.);
#1191=ORIENTED_EDGE('',*,*,#3319,.T.);
#1192=ORIENTED_EDGE('',*,*,#3322,.T.);
#1193=ORIENTED_EDGE('',*,*,#3325,.T.);
#1194=ORIENTED_EDGE('',*,*,#3328,.T.);
#1195=ORIENTED_EDGE('',*,*,#3331,.T.);
#1196=ORIENTED_EDGE('',*,*,#3334,.T.);
#1197=ORIENTED_EDGE('',*,*,#3438,.T.);
#1198=ORIENTED_EDGE('',*,*,#3439,.T.);
#1199=ORIENTED_EDGE('',*,*,#3313,.T.);
#1200=ORIENTED_EDGE('',*,*,#3437,.F.);
#1201=ORIENTED_EDGE('',*,*,#3440,.F.);
#1202=ORIENTED_EDGE('',*,*,#3441,.F.);
#1203=ORIENTED_EDGE('',*,*,#3332,.F.);
#1204=ORIENTED_EDGE('',*,*,#3329,.F.);
#1205=ORIENTED_EDGE('',*,*,#3326,.F.);
#1206=ORIENTED_EDGE('',*,*,#3323,.F.);
#1207=ORIENTED_EDGE('',*,*,#3320,.F.);
#1208=ORIENTED_EDGE('',*,*,#3317,.F.);
#1209=ORIENTED_EDGE('',*,*,#3314,.F.);
#1210=ORIENTED_EDGE('',*,*,#3310,.F.);
#1211=ORIENTED_EDGE('',*,*,#3439,.F.);
#1212=ORIENTED_EDGE('',*,*,#3442,.F.);
#1213=ORIENTED_EDGE('',*,*,#3443,.T.);
#1214=ORIENTED_EDGE('',*,*,#3444,.F.);
#1215=ORIENTED_EDGE('',*,*,#3445,.T.);
#1216=ORIENTED_EDGE('',*,*,#3446,.T.);
#1217=ORIENTED_EDGE('',*,*,#3337,.T.);
#1218=ORIENTED_EDGE('',*,*,#3341,.T.);
#1219=ORIENTED_EDGE('',*,*,#3344,.T.);
#1220=ORIENTED_EDGE('',*,*,#3347,.T.);
#1221=ORIENTED_EDGE('',*,*,#3350,.T.);
#1222=ORIENTED_EDGE('',*,*,#3353,.T.);
#1223=ORIENTED_EDGE('',*,*,#3356,.T.);
#1224=ORIENTED_EDGE('',*,*,#3359,.T.);
#1225=ORIENTED_EDGE('',*,*,#3447,.T.);
#1226=ORIENTED_EDGE('',*,*,#3448,.T.);
#1227=ORIENTED_EDGE('',*,*,#3338,.T.);
#1228=ORIENTED_EDGE('',*,*,#3446,.F.);
#1229=ORIENTED_EDGE('',*,*,#3449,.F.);
#1230=ORIENTED_EDGE('',*,*,#3450,.F.);
#1231=ORIENTED_EDGE('',*,*,#3357,.F.);
#1232=ORIENTED_EDGE('',*,*,#3354,.F.);
#1233=ORIENTED_EDGE('',*,*,#3351,.F.);
#1234=ORIENTED_EDGE('',*,*,#3348,.F.);
#1235=ORIENTED_EDGE('',*,*,#3345,.F.);
#1236=ORIENTED_EDGE('',*,*,#3342,.F.);
#1237=ORIENTED_EDGE('',*,*,#3339,.F.);
#1238=ORIENTED_EDGE('',*,*,#3335,.F.);
#1239=ORIENTED_EDGE('',*,*,#3448,.F.);
#1240=ORIENTED_EDGE('',*,*,#3451,.F.);
#1241=ORIENTED_EDGE('',*,*,#3452,.T.);
#1242=ORIENTED_EDGE('',*,*,#3453,.T.);
#1243=ORIENTED_EDGE('',*,*,#3376,.T.);
#1244=ORIENTED_EDGE('',*,*,#3367,.F.);
#1245=ORIENTED_EDGE('',*,*,#3454,.F.);
#1246=ORIENTED_EDGE('',*,*,#3455,.T.);
#1247=ORIENTED_EDGE('',*,*,#3377,.T.);
#1248=ORIENTED_EDGE('',*,*,#3453,.F.);
#1249=ORIENTED_EDGE('',*,*,#3456,.F.);
#1250=ORIENTED_EDGE('',*,*,#3457,.T.);
#1251=ORIENTED_EDGE('',*,*,#3373,.T.);
#1252=ORIENTED_EDGE('',*,*,#3455,.F.);
#1253=ORIENTED_EDGE('',*,*,#3458,.F.);
#1254=ORIENTED_EDGE('',*,*,#3459,.T.);
#1255=ORIENTED_EDGE('',*,*,#3374,.T.);
#1256=ORIENTED_EDGE('',*,*,#3457,.F.);
#1257=ORIENTED_EDGE('',*,*,#3460,.F.);
#1258=ORIENTED_EDGE('',*,*,#3371,.T.);
#1259=ORIENTED_EDGE('',*,*,#3375,.T.);
#1260=ORIENTED_EDGE('',*,*,#3459,.F.);
#1261=ORIENTED_EDGE('',*,*,#3461,.F.);
#1262=ORIENTED_EDGE('',*,*,#3462,.T.);
#1263=ORIENTED_EDGE('',*,*,#3463,.T.);
#1264=ORIENTED_EDGE('',*,*,#3464,.F.);
#1265=ORIENTED_EDGE('',*,*,#3465,.F.);
#1266=ORIENTED_EDGE('',*,*,#3466,.T.);
#1267=ORIENTED_EDGE('',*,*,#3467,.T.);
#1268=ORIENTED_EDGE('',*,*,#3462,.F.);
#1269=ORIENTED_EDGE('',*,*,#3468,.F.);
#1270=ORIENTED_EDGE('',*,*,#3464,.T.);
#1271=ORIENTED_EDGE('',*,*,#3469,.T.);
#1272=ORIENTED_EDGE('',*,*,#3470,.F.);
#1273=ORIENTED_EDGE('',*,*,#3471,.F.);
#1274=ORIENTED_EDGE('',*,*,#3472,.T.);
#1275=ORIENTED_EDGE('',*,*,#3466,.F.);
#1276=ORIENTED_EDGE('',*,*,#3473,.F.);
#1277=ORIENTED_EDGE('',*,*,#3381,.T.);
#1278=ORIENTED_EDGE('',*,*,#3386,.T.);
#1279=ORIENTED_EDGE('',*,*,#3382,.F.);
#1280=ORIENTED_EDGE('',*,*,#3474,.F.);
#1281=ORIENTED_EDGE('',*,*,#3388,.T.);
#1282=ORIENTED_EDGE('',*,*,#3475,.T.);
#1283=ORIENTED_EDGE('',*,*,#3389,.F.);
#1284=ORIENTED_EDGE('',*,*,#3476,.F.);
#1285=ORIENTED_EDGE('',*,*,#3390,.T.);
#1286=ORIENTED_EDGE('',*,*,#3395,.T.);
#1287=ORIENTED_EDGE('',*,*,#3391,.F.);
#1288=ORIENTED_EDGE('',*,*,#3477,.F.);
#1289=ORIENTED_EDGE('',*,*,#3397,.T.);
#1290=ORIENTED_EDGE('',*,*,#3478,.T.);
#1291=ORIENTED_EDGE('',*,*,#3398,.F.);
#1292=ORIENTED_EDGE('',*,*,#3479,.F.);
#1293=ORIENTED_EDGE('',*,*,#3399,.T.);
#1294=ORIENTED_EDGE('',*,*,#3404,.T.);
#1295=ORIENTED_EDGE('',*,*,#3400,.F.);
#1296=ORIENTED_EDGE('',*,*,#3480,.F.);
#1297=ORIENTED_EDGE('',*,*,#3406,.T.);
#1298=ORIENTED_EDGE('',*,*,#3481,.T.);
#1299=ORIENTED_EDGE('',*,*,#3407,.F.);
#1300=ORIENTED_EDGE('',*,*,#3482,.F.);
#1301=ORIENTED_EDGE('',*,*,#3408,.T.);
#1302=ORIENTED_EDGE('',*,*,#3413,.T.);
#1303=ORIENTED_EDGE('',*,*,#3409,.F.);
#1304=ORIENTED_EDGE('',*,*,#3483,.F.);
#1305=ORIENTED_EDGE('',*,*,#3415,.T.);
#1306=ORIENTED_EDGE('',*,*,#3484,.T.);
#1307=ORIENTED_EDGE('',*,*,#3416,.F.);
#1308=ORIENTED_EDGE('',*,*,#3485,.F.);
#1309=ORIENTED_EDGE('',*,*,#3486,.T.);
#1310=ORIENTED_EDGE('',*,*,#3487,.T.);
#1311=ORIENTED_EDGE('',*,*,#3488,.F.);
#1312=ORIENTED_EDGE('',*,*,#3489,.F.);
#1313=ORIENTED_EDGE('',*,*,#3417,.T.);
#1314=ORIENTED_EDGE('',*,*,#3422,.T.);
#1315=ORIENTED_EDGE('',*,*,#3418,.F.);
#1316=ORIENTED_EDGE('',*,*,#3490,.F.);
#1317=ORIENTED_EDGE('',*,*,#3424,.T.);
#1318=ORIENTED_EDGE('',*,*,#3491,.T.);
#1319=ORIENTED_EDGE('',*,*,#3425,.F.);
#1320=ORIENTED_EDGE('',*,*,#3492,.F.);
#1321=ORIENTED_EDGE('',*,*,#3426,.T.);
#1322=ORIENTED_EDGE('',*,*,#3431,.T.);
#1323=ORIENTED_EDGE('',*,*,#3427,.F.);
#1324=ORIENTED_EDGE('',*,*,#3493,.F.);
#1325=ORIENTED_EDGE('',*,*,#3433,.T.);
#1326=ORIENTED_EDGE('',*,*,#3494,.T.);
#1327=ORIENTED_EDGE('',*,*,#3434,.F.);
#1328=ORIENTED_EDGE('',*,*,#3495,.F.);
#1329=ORIENTED_EDGE('',*,*,#3435,.T.);
#1330=ORIENTED_EDGE('',*,*,#3440,.T.);
#1331=ORIENTED_EDGE('',*,*,#3436,.F.);
#1332=ORIENTED_EDGE('',*,*,#3496,.F.);
#1333=ORIENTED_EDGE('',*,*,#3442,.T.);
#1334=ORIENTED_EDGE('',*,*,#3497,.T.);
#1335=ORIENTED_EDGE('',*,*,#3443,.F.);
#1336=ORIENTED_EDGE('',*,*,#3498,.F.);
#1337=ORIENTED_EDGE('',*,*,#3444,.T.);
#1338=ORIENTED_EDGE('',*,*,#3449,.T.);
#1339=ORIENTED_EDGE('',*,*,#3445,.F.);
#1340=ORIENTED_EDGE('',*,*,#3499,.F.);
#1341=ORIENTED_EDGE('',*,*,#3451,.T.);
#1342=ORIENTED_EDGE('',*,*,#3500,.T.);
#1343=ORIENTED_EDGE('',*,*,#3452,.F.);
#1344=ORIENTED_EDGE('',*,*,#3501,.F.);
#1345=ORIENTED_EDGE('',*,*,#3470,.T.);
#1346=ORIENTED_EDGE('',*,*,#3488,.T.);
#1347=ORIENTED_EDGE('',*,*,#3502,.T.);
#1348=ORIENTED_EDGE('',*,*,#3503,.F.);
#1349=ORIENTED_EDGE('',*,*,#3504,.F.);
#1350=ORIENTED_EDGE('',*,*,#3454,.T.);
#1351=ORIENTED_EDGE('',*,*,#3369,.T.);
#1352=ORIENTED_EDGE('',*,*,#3363,.T.);
#1353=ORIENTED_EDGE('',*,*,#3372,.T.);
#1354=ORIENTED_EDGE('',*,*,#3461,.T.);
#1355=ORIENTED_EDGE('',*,*,#3460,.T.);
#1356=ORIENTED_EDGE('',*,*,#3458,.T.);
#1357=ORIENTED_EDGE('',*,*,#3456,.T.);
#1358=ORIENTED_EDGE('',*,*,#3487,.F.);
#1359=ORIENTED_EDGE('',*,*,#3420,.F.);
#1360=ORIENTED_EDGE('',*,*,#3379,.F.);
#1361=ORIENTED_EDGE('',*,*,#3423,.T.);
#1362=ORIENTED_EDGE('',*,*,#3491,.F.);
#1363=ORIENTED_EDGE('',*,*,#3429,.F.);
#1364=ORIENTED_EDGE('',*,*,#3308,.F.);
#1365=ORIENTED_EDGE('',*,*,#3432,.T.);
#1366=ORIENTED_EDGE('',*,*,#3494,.F.);
#1367=ORIENTED_EDGE('',*,*,#3438,.F.);
#1368=ORIENTED_EDGE('',*,*,#3333,.F.);
#1369=ORIENTED_EDGE('',*,*,#3441,.T.);
#1370=ORIENTED_EDGE('',*,*,#3497,.F.);
#1371=ORIENTED_EDGE('',*,*,#3447,.F.);
#1372=ORIENTED_EDGE('',*,*,#3358,.F.);
#1373=ORIENTED_EDGE('',*,*,#3450,.T.);
#1374=ORIENTED_EDGE('',*,*,#3500,.F.);
#1375=ORIENTED_EDGE('',*,*,#3469,.F.);
#1376=ORIENTED_EDGE('',*,*,#3463,.F.);
#1377=ORIENTED_EDGE('',*,*,#3467,.F.);
#1378=ORIENTED_EDGE('',*,*,#3472,.F.);
#1379=ORIENTED_EDGE('',*,*,#3384,.F.);
#1380=ORIENTED_EDGE('',*,*,#3189,.F.);
#1381=ORIENTED_EDGE('',*,*,#3387,.T.);
#1382=ORIENTED_EDGE('',*,*,#3475,.F.);
#1383=ORIENTED_EDGE('',*,*,#3393,.F.);
#1384=ORIENTED_EDGE('',*,*,#3214,.F.);
#1385=ORIENTED_EDGE('',*,*,#3396,.T.);
#1386=ORIENTED_EDGE('',*,*,#3478,.F.);
#1387=ORIENTED_EDGE('',*,*,#3402,.F.);
#1388=ORIENTED_EDGE('',*,*,#3239,.F.);
#1389=ORIENTED_EDGE('',*,*,#3405,.T.);
#1390=ORIENTED_EDGE('',*,*,#3481,.F.);
#1391=ORIENTED_EDGE('',*,*,#3411,.F.);
#1392=ORIENTED_EDGE('',*,*,#3365,.F.);
#1393=ORIENTED_EDGE('',*,*,#3414,.T.);
#1394=ORIENTED_EDGE('',*,*,#3484,.F.);
#1395=ORIENTED_EDGE('',*,*,#3505,.F.);
#1396=ORIENTED_EDGE('',*,*,#3506,.F.);
#1397=ORIENTED_EDGE('',*,*,#3502,.F.);
#1398=ORIENTED_EDGE('',*,*,#3507,.T.);
#1399=ORIENTED_EDGE('',*,*,#3505,.T.);
#1400=ORIENTED_EDGE('',*,*,#3486,.F.);
#1401=ORIENTED_EDGE('',*,*,#3508,.F.);
#1402=ORIENTED_EDGE('',*,*,#3509,.T.);
#1403=ORIENTED_EDGE('',*,*,#3465,.T.);
#1404=ORIENTED_EDGE('',*,*,#3510,.F.);
#1405=ORIENTED_EDGE('',*,*,#3511,.F.);
#1406=ORIENTED_EDGE('',*,*,#3512,.T.);
#1407=ORIENTED_EDGE('',*,*,#3468,.T.);
#1408=ORIENTED_EDGE('',*,*,#3509,.F.);
#1409=ORIENTED_EDGE('',*,*,#3513,.F.);
#1410=ORIENTED_EDGE('',*,*,#3510,.T.);
#1411=ORIENTED_EDGE('',*,*,#3471,.T.);
#1412=ORIENTED_EDGE('',*,*,#3514,.F.);
#1413=ORIENTED_EDGE('',*,*,#3515,.F.);
#1414=ORIENTED_EDGE('',*,*,#3516,.T.);
#1415=ORIENTED_EDGE('',*,*,#3485,.T.);
#1416=ORIENTED_EDGE('',*,*,#3483,.T.);
#1417=ORIENTED_EDGE('',*,*,#3482,.T.);
#1418=ORIENTED_EDGE('',*,*,#3480,.T.);
#1419=ORIENTED_EDGE('',*,*,#3479,.T.);
#1420=ORIENTED_EDGE('',*,*,#3477,.T.);
#1421=ORIENTED_EDGE('',*,*,#3476,.T.);
#1422=ORIENTED_EDGE('',*,*,#3474,.T.);
#1423=ORIENTED_EDGE('',*,*,#3473,.T.);
#1424=ORIENTED_EDGE('',*,*,#3512,.F.);
#1425=ORIENTED_EDGE('',*,*,#3517,.F.);
#1426=ORIENTED_EDGE('',*,*,#3514,.T.);
#1427=ORIENTED_EDGE('',*,*,#3501,.T.);
#1428=ORIENTED_EDGE('',*,*,#3499,.T.);
#1429=ORIENTED_EDGE('',*,*,#3498,.T.);
#1430=ORIENTED_EDGE('',*,*,#3496,.T.);
#1431=ORIENTED_EDGE('',*,*,#3495,.T.);
#1432=ORIENTED_EDGE('',*,*,#3493,.T.);
#1433=ORIENTED_EDGE('',*,*,#3492,.T.);
#1434=ORIENTED_EDGE('',*,*,#3490,.T.);
#1435=ORIENTED_EDGE('',*,*,#3489,.T.);
#1436=ORIENTED_EDGE('',*,*,#3518,.F.);
#1437=ORIENTED_EDGE('',*,*,#3519,.F.);
#1438=ORIENTED_EDGE('',*,*,#3518,.T.);
#1439=ORIENTED_EDGE('',*,*,#3504,.T.);
#1440=ORIENTED_EDGE('',*,*,#3520,.F.);
#1441=ORIENTED_EDGE('',*,*,#3521,.F.);
#1442=ORIENTED_EDGE('',*,*,#3503,.T.);
#1443=ORIENTED_EDGE('',*,*,#3506,.T.);
#1444=ORIENTED_EDGE('',*,*,#3507,.F.);
#1445=ORIENTED_EDGE('',*,*,#3522,.F.);
#1446=ORIENTED_EDGE('',*,*,#3523,.T.);
#1447=ORIENTED_EDGE('',*,*,#3508,.T.);
#1448=ORIENTED_EDGE('',*,*,#3516,.F.);
#1449=ORIENTED_EDGE('',*,*,#3524,.F.);
#1450=ORIENTED_EDGE('',*,*,#3525,.T.);
#1451=ORIENTED_EDGE('',*,*,#3524,.T.);
#1452=ORIENTED_EDGE('',*,*,#3517,.T.);
#1453=ORIENTED_EDGE('',*,*,#3513,.T.);
#1454=ORIENTED_EDGE('',*,*,#3511,.T.);
#1455=ORIENTED_EDGE('',*,*,#3515,.T.);
#1456=ORIENTED_EDGE('',*,*,#3519,.T.);
#1457=ORIENTED_EDGE('',*,*,#3521,.T.);
#1458=ORIENTED_EDGE('',*,*,#3520,.T.);
#1459=ORIENTED_EDGE('',*,*,#3522,.T.);
#1460=ORIENTED_EDGE('',*,*,#3523,.F.);
#1461=ORIENTED_EDGE('',*,*,#3525,.F.);
#1462=ORIENTED_EDGE('',*,*,#3526,.F.);
#1463=ORIENTED_EDGE('',*,*,#3527,.F.);
#1464=ORIENTED_EDGE('',*,*,#3528,.T.);
#1465=ORIENTED_EDGE('',*,*,#3529,.T.);
#1466=ORIENTED_EDGE('',*,*,#3530,.T.);
#1467=ORIENTED_EDGE('',*,*,#3531,.F.);
#1468=ORIENTED_EDGE('',*,*,#3530,.F.);
#1469=ORIENTED_EDGE('',*,*,#3532,.F.);
#1470=ORIENTED_EDGE('',*,*,#3526,.T.);
#1471=ORIENTED_EDGE('',*,*,#3533,.F.);
#1472=ORIENTED_EDGE('',*,*,#3534,.F.);
#1473=ORIENTED_EDGE('',*,*,#3535,.T.);
#1474=ORIENTED_EDGE('',*,*,#3536,.T.);
#1475=ORIENTED_EDGE('',*,*,#3537,.F.);
#1476=ORIENTED_EDGE('',*,*,#3532,.T.);
#1477=ORIENTED_EDGE('',*,*,#3529,.F.);
#1478=ORIENTED_EDGE('',*,*,#3538,.F.);
#1479=ORIENTED_EDGE('',*,*,#3533,.T.);
#1480=ORIENTED_EDGE('',*,*,#3528,.F.);
#1481=ORIENTED_EDGE('',*,*,#3527,.T.);
#1482=ORIENTED_EDGE('',*,*,#3531,.T.);
#1483=ORIENTED_EDGE('',*,*,#3537,.T.);
#1484=ORIENTED_EDGE('',*,*,#3539,.T.);
#1485=ORIENTED_EDGE('',*,*,#3534,.T.);
#1486=ORIENTED_EDGE('',*,*,#3538,.T.);
#1487=ORIENTED_EDGE('',*,*,#3540,.T.);
#1488=ORIENTED_EDGE('',*,*,#3535,.F.);
#1489=ORIENTED_EDGE('',*,*,#3536,.F.);
#1490=ORIENTED_EDGE('',*,*,#3540,.F.);
#1491=ORIENTED_EDGE('',*,*,#3539,.F.);
#1492=ORIENTED_EDGE('',*,*,#3541,.T.);
#1493=ORIENTED_EDGE('',*,*,#3541,.F.);
#1494=ORIENTED_EDGE('',*,*,#3542,.F.);
#1495=ORIENTED_EDGE('',*,*,#3543,.F.);
#1496=ORIENTED_EDGE('',*,*,#3544,.F.);
#1497=ORIENTED_EDGE('',*,*,#3545,.F.);
#1498=ORIENTED_EDGE('',*,*,#3546,.F.);
#1499=ORIENTED_EDGE('',*,*,#3547,.F.);
#1500=ORIENTED_EDGE('',*,*,#3548,.F.);
#1501=ORIENTED_EDGE('',*,*,#3549,.F.);
#1502=ORIENTED_EDGE('',*,*,#3550,.F.);
#1503=ORIENTED_EDGE('',*,*,#3551,.F.);
#1504=ORIENTED_EDGE('',*,*,#3552,.F.);
#1505=ORIENTED_EDGE('',*,*,#3553,.F.);
#1506=ORIENTED_EDGE('',*,*,#3554,.F.);
#1507=ORIENTED_EDGE('',*,*,#3555,.T.);
#1508=ORIENTED_EDGE('',*,*,#3556,.T.);
#1509=ORIENTED_EDGE('',*,*,#3557,.T.);
#1510=ORIENTED_EDGE('',*,*,#3558,.T.);
#1511=ORIENTED_EDGE('',*,*,#3559,.T.);
#1512=ORIENTED_EDGE('',*,*,#3560,.T.);
#1513=ORIENTED_EDGE('',*,*,#3561,.T.);
#1514=ORIENTED_EDGE('',*,*,#3562,.T.);
#1515=ORIENTED_EDGE('',*,*,#3563,.T.);
#1516=ORIENTED_EDGE('',*,*,#3564,.T.);
#1517=ORIENTED_EDGE('',*,*,#3565,.T.);
#1518=ORIENTED_EDGE('',*,*,#3566,.T.);
#1519=ORIENTED_EDGE('',*,*,#3567,.T.);
#1520=ORIENTED_EDGE('',*,*,#3542,.T.);
#1521=ORIENTED_EDGE('',*,*,#3555,.F.);
#1522=ORIENTED_EDGE('',*,*,#3568,.T.);
#1523=ORIENTED_EDGE('',*,*,#3543,.T.);
#1524=ORIENTED_EDGE('',*,*,#3569,.F.);
#1525=ORIENTED_EDGE('',*,*,#3567,.F.);
#1526=ORIENTED_EDGE('',*,*,#3570,.T.);
#1527=ORIENTED_EDGE('',*,*,#3544,.T.);
#1528=ORIENTED_EDGE('',*,*,#3568,.F.);
#1529=ORIENTED_EDGE('',*,*,#3566,.F.);
#1530=ORIENTED_EDGE('',*,*,#3571,.T.);
#1531=ORIENTED_EDGE('',*,*,#3545,.T.);
#1532=ORIENTED_EDGE('',*,*,#3570,.F.);
#1533=ORIENTED_EDGE('',*,*,#3565,.F.);
#1534=ORIENTED_EDGE('',*,*,#3572,.T.);
#1535=ORIENTED_EDGE('',*,*,#3546,.T.);
#1536=ORIENTED_EDGE('',*,*,#3571,.F.);
#1537=ORIENTED_EDGE('',*,*,#3564,.F.);
#1538=ORIENTED_EDGE('',*,*,#3573,.T.);
#1539=ORIENTED_EDGE('',*,*,#3547,.T.);
#1540=ORIENTED_EDGE('',*,*,#3572,.F.);
#1541=ORIENTED_EDGE('',*,*,#3563,.F.);
#1542=ORIENTED_EDGE('',*,*,#3574,.T.);
#1543=ORIENTED_EDGE('',*,*,#3548,.T.);
#1544=ORIENTED_EDGE('',*,*,#3573,.F.);
#1545=ORIENTED_EDGE('',*,*,#3562,.F.);
#1546=ORIENTED_EDGE('',*,*,#3575,.T.);
#1547=ORIENTED_EDGE('',*,*,#3549,.T.);
#1548=ORIENTED_EDGE('',*,*,#3574,.F.);
#1549=ORIENTED_EDGE('',*,*,#3561,.F.);
#1550=ORIENTED_EDGE('',*,*,#3576,.T.);
#1551=ORIENTED_EDGE('',*,*,#3550,.T.);
#1552=ORIENTED_EDGE('',*,*,#3575,.F.);
#1553=ORIENTED_EDGE('',*,*,#3560,.F.);
#1554=ORIENTED_EDGE('',*,*,#3577,.T.);
#1555=ORIENTED_EDGE('',*,*,#3551,.T.);
#1556=ORIENTED_EDGE('',*,*,#3576,.F.);
#1557=ORIENTED_EDGE('',*,*,#3559,.F.);
#1558=ORIENTED_EDGE('',*,*,#3578,.T.);
#1559=ORIENTED_EDGE('',*,*,#3552,.T.);
#1560=ORIENTED_EDGE('',*,*,#3577,.F.);
#1561=ORIENTED_EDGE('',*,*,#3558,.F.);
#1562=ORIENTED_EDGE('',*,*,#3579,.T.);
#1563=ORIENTED_EDGE('',*,*,#3553,.T.);
#1564=ORIENTED_EDGE('',*,*,#3578,.F.);
#1565=ORIENTED_EDGE('',*,*,#3557,.F.);
#1566=ORIENTED_EDGE('',*,*,#3569,.T.);
#1567=ORIENTED_EDGE('',*,*,#3554,.T.);
#1568=ORIENTED_EDGE('',*,*,#3579,.F.);
#1569=ORIENTED_EDGE('',*,*,#3556,.F.);
#1570=ORIENTED_EDGE('',*,*,#3580,.T.);
#1571=ORIENTED_EDGE('',*,*,#3581,.T.);
#1572=ORIENTED_EDGE('',*,*,#3582,.T.);
#1573=ORIENTED_EDGE('',*,*,#3583,.T.);
#1574=ORIENTED_EDGE('',*,*,#3584,.T.);
#1575=ORIENTED_EDGE('',*,*,#3585,.T.);
#1576=ORIENTED_EDGE('',*,*,#3586,.T.);
#1577=ORIENTED_EDGE('',*,*,#3587,.T.);
#1578=ORIENTED_EDGE('',*,*,#3588,.T.);
#1579=ORIENTED_EDGE('',*,*,#3589,.F.);
#1580=ORIENTED_EDGE('',*,*,#3590,.F.);
#1581=ORIENTED_EDGE('',*,*,#3591,.F.);
#1582=ORIENTED_EDGE('',*,*,#3592,.F.);
#1583=ORIENTED_EDGE('',*,*,#3593,.F.);
#1584=ORIENTED_EDGE('',*,*,#3594,.F.);
#1585=ORIENTED_EDGE('',*,*,#3595,.F.);
#1586=ORIENTED_EDGE('',*,*,#3596,.F.);
#1587=ORIENTED_EDGE('',*,*,#3597,.F.);
#1588=ORIENTED_EDGE('',*,*,#3580,.F.);
#1589=ORIENTED_EDGE('',*,*,#3589,.T.);
#1590=ORIENTED_EDGE('',*,*,#3590,.T.);
#1591=ORIENTED_EDGE('',*,*,#3598,.T.);
#1592=ORIENTED_EDGE('',*,*,#3588,.F.);
#1593=ORIENTED_EDGE('',*,*,#3599,.F.);
#1594=ORIENTED_EDGE('',*,*,#3591,.T.);
#1595=ORIENTED_EDGE('',*,*,#3599,.T.);
#1596=ORIENTED_EDGE('',*,*,#3587,.F.);
#1597=ORIENTED_EDGE('',*,*,#3600,.F.);
#1598=ORIENTED_EDGE('',*,*,#3592,.T.);
#1599=ORIENTED_EDGE('',*,*,#3600,.T.);
#1600=ORIENTED_EDGE('',*,*,#3586,.F.);
#1601=ORIENTED_EDGE('',*,*,#3601,.F.);
#1602=ORIENTED_EDGE('',*,*,#3593,.T.);
#1603=ORIENTED_EDGE('',*,*,#3601,.T.);
#1604=ORIENTED_EDGE('',*,*,#3585,.F.);
#1605=ORIENTED_EDGE('',*,*,#3602,.F.);
#1606=ORIENTED_EDGE('',*,*,#3594,.T.);
#1607=ORIENTED_EDGE('',*,*,#3602,.T.);
#1608=ORIENTED_EDGE('',*,*,#3584,.F.);
#1609=ORIENTED_EDGE('',*,*,#3603,.F.);
#1610=ORIENTED_EDGE('',*,*,#3595,.T.);
#1611=ORIENTED_EDGE('',*,*,#3603,.T.);
#1612=ORIENTED_EDGE('',*,*,#3583,.F.);
#1613=ORIENTED_EDGE('',*,*,#3604,.F.);
#1614=ORIENTED_EDGE('',*,*,#3596,.T.);
#1615=ORIENTED_EDGE('',*,*,#3604,.T.);
#1616=ORIENTED_EDGE('',*,*,#3582,.F.);
#1617=ORIENTED_EDGE('',*,*,#3605,.F.);
#1618=ORIENTED_EDGE('',*,*,#3597,.T.);
#1619=ORIENTED_EDGE('',*,*,#3605,.T.);
#1620=ORIENTED_EDGE('',*,*,#3581,.F.);
#1621=ORIENTED_EDGE('',*,*,#3598,.F.);
#1622=ORIENTED_EDGE('',*,*,#3606,.F.);
#1623=ORIENTED_EDGE('',*,*,#3607,.F.);
#1624=ORIENTED_EDGE('',*,*,#3608,.F.);
#1625=ORIENTED_EDGE('',*,*,#3609,.F.);
#1626=ORIENTED_EDGE('',*,*,#3610,.F.);
#1627=ORIENTED_EDGE('',*,*,#3611,.F.);
#1628=ORIENTED_EDGE('',*,*,#3612,.F.);
#1629=ORIENTED_EDGE('',*,*,#3613,.F.);
#1630=ORIENTED_EDGE('',*,*,#3614,.F.);
#1631=ORIENTED_EDGE('',*,*,#3615,.F.);
#1632=ORIENTED_EDGE('',*,*,#3616,.F.);
#1633=ORIENTED_EDGE('',*,*,#3617,.F.);
#1634=ORIENTED_EDGE('',*,*,#3618,.F.);
#1635=ORIENTED_EDGE('',*,*,#3619,.T.);
#1636=ORIENTED_EDGE('',*,*,#3620,.T.);
#1637=ORIENTED_EDGE('',*,*,#3621,.T.);
#1638=ORIENTED_EDGE('',*,*,#3622,.T.);
#1639=ORIENTED_EDGE('',*,*,#3623,.T.);
#1640=ORIENTED_EDGE('',*,*,#3624,.T.);
#1641=ORIENTED_EDGE('',*,*,#3625,.T.);
#1642=ORIENTED_EDGE('',*,*,#3626,.T.);
#1643=ORIENTED_EDGE('',*,*,#3627,.T.);
#1644=ORIENTED_EDGE('',*,*,#3628,.T.);
#1645=ORIENTED_EDGE('',*,*,#3629,.T.);
#1646=ORIENTED_EDGE('',*,*,#3630,.T.);
#1647=ORIENTED_EDGE('',*,*,#3631,.T.);
#1648=ORIENTED_EDGE('',*,*,#3606,.T.);
#1649=ORIENTED_EDGE('',*,*,#3619,.F.);
#1650=ORIENTED_EDGE('',*,*,#3632,.T.);
#1651=ORIENTED_EDGE('',*,*,#3607,.T.);
#1652=ORIENTED_EDGE('',*,*,#3633,.F.);
#1653=ORIENTED_EDGE('',*,*,#3631,.F.);
#1654=ORIENTED_EDGE('',*,*,#3634,.T.);
#1655=ORIENTED_EDGE('',*,*,#3608,.T.);
#1656=ORIENTED_EDGE('',*,*,#3632,.F.);
#1657=ORIENTED_EDGE('',*,*,#3630,.F.);
#1658=ORIENTED_EDGE('',*,*,#3635,.T.);
#1659=ORIENTED_EDGE('',*,*,#3609,.T.);
#1660=ORIENTED_EDGE('',*,*,#3634,.F.);
#1661=ORIENTED_EDGE('',*,*,#3629,.F.);
#1662=ORIENTED_EDGE('',*,*,#3636,.T.);
#1663=ORIENTED_EDGE('',*,*,#3610,.T.);
#1664=ORIENTED_EDGE('',*,*,#3635,.F.);
#1665=ORIENTED_EDGE('',*,*,#3628,.F.);
#1666=ORIENTED_EDGE('',*,*,#3637,.T.);
#1667=ORIENTED_EDGE('',*,*,#3611,.T.);
#1668=ORIENTED_EDGE('',*,*,#3636,.F.);
#1669=ORIENTED_EDGE('',*,*,#3627,.F.);
#1670=ORIENTED_EDGE('',*,*,#3638,.T.);
#1671=ORIENTED_EDGE('',*,*,#3612,.T.);
#1672=ORIENTED_EDGE('',*,*,#3637,.F.);
#1673=ORIENTED_EDGE('',*,*,#3626,.F.);
#1674=ORIENTED_EDGE('',*,*,#3639,.T.);
#1675=ORIENTED_EDGE('',*,*,#3613,.T.);
#1676=ORIENTED_EDGE('',*,*,#3638,.F.);
#1677=ORIENTED_EDGE('',*,*,#3625,.F.);
#1678=ORIENTED_EDGE('',*,*,#3640,.T.);
#1679=ORIENTED_EDGE('',*,*,#3614,.T.);
#1680=ORIENTED_EDGE('',*,*,#3639,.F.);
#1681=ORIENTED_EDGE('',*,*,#3624,.F.);
#1682=ORIENTED_EDGE('',*,*,#3641,.T.);
#1683=ORIENTED_EDGE('',*,*,#3615,.T.);
#1684=ORIENTED_EDGE('',*,*,#3640,.F.);
#1685=ORIENTED_EDGE('',*,*,#3623,.F.);
#1686=ORIENTED_EDGE('',*,*,#3642,.T.);
#1687=ORIENTED_EDGE('',*,*,#3616,.T.);
#1688=ORIENTED_EDGE('',*,*,#3641,.F.);
#1689=ORIENTED_EDGE('',*,*,#3622,.F.);
#1690=ORIENTED_EDGE('',*,*,#3643,.T.);
#1691=ORIENTED_EDGE('',*,*,#3617,.T.);
#1692=ORIENTED_EDGE('',*,*,#3642,.F.);
#1693=ORIENTED_EDGE('',*,*,#3621,.F.);
#1694=ORIENTED_EDGE('',*,*,#3633,.T.);
#1695=ORIENTED_EDGE('',*,*,#3618,.T.);
#1696=ORIENTED_EDGE('',*,*,#3643,.F.);
#1697=ORIENTED_EDGE('',*,*,#3620,.F.);
#1698=ORIENTED_EDGE('',*,*,#3644,.T.);
#1699=ORIENTED_EDGE('',*,*,#3645,.T.);
#1700=ORIENTED_EDGE('',*,*,#3646,.T.);
#1701=ORIENTED_EDGE('',*,*,#3647,.T.);
#1702=ORIENTED_EDGE('',*,*,#3648,.T.);
#1703=ORIENTED_EDGE('',*,*,#3649,.T.);
#1704=ORIENTED_EDGE('',*,*,#3650,.T.);
#1705=ORIENTED_EDGE('',*,*,#3651,.T.);
#1706=ORIENTED_EDGE('',*,*,#3652,.T.);
#1707=ORIENTED_EDGE('',*,*,#3653,.T.);
#1708=ORIENTED_EDGE('',*,*,#3654,.T.);
#1709=ORIENTED_EDGE('',*,*,#3655,.T.);
#1710=ORIENTED_EDGE('',*,*,#3656,.F.);
#1711=ORIENTED_EDGE('',*,*,#3657,.F.);
#1712=ORIENTED_EDGE('',*,*,#3658,.F.);
#1713=ORIENTED_EDGE('',*,*,#3659,.F.);
#1714=ORIENTED_EDGE('',*,*,#3660,.F.);
#1715=ORIENTED_EDGE('',*,*,#3661,.F.);
#1716=ORIENTED_EDGE('',*,*,#3662,.F.);
#1717=ORIENTED_EDGE('',*,*,#3663,.F.);
#1718=ORIENTED_EDGE('',*,*,#3664,.F.);
#1719=ORIENTED_EDGE('',*,*,#3665,.F.);
#1720=ORIENTED_EDGE('',*,*,#3666,.F.);
#1721=ORIENTED_EDGE('',*,*,#3667,.F.);
#1722=ORIENTED_EDGE('',*,*,#3644,.F.);
#1723=ORIENTED_EDGE('',*,*,#3656,.T.);
#1724=ORIENTED_EDGE('',*,*,#3657,.T.);
#1725=ORIENTED_EDGE('',*,*,#3668,.T.);
#1726=ORIENTED_EDGE('',*,*,#3655,.F.);
#1727=ORIENTED_EDGE('',*,*,#3669,.F.);
#1728=ORIENTED_EDGE('',*,*,#3658,.T.);
#1729=ORIENTED_EDGE('',*,*,#3669,.T.);
#1730=ORIENTED_EDGE('',*,*,#3654,.F.);
#1731=ORIENTED_EDGE('',*,*,#3670,.F.);
#1732=ORIENTED_EDGE('',*,*,#3659,.T.);
#1733=ORIENTED_EDGE('',*,*,#3670,.T.);
#1734=ORIENTED_EDGE('',*,*,#3653,.F.);
#1735=ORIENTED_EDGE('',*,*,#3671,.F.);
#1736=ORIENTED_EDGE('',*,*,#3660,.T.);
#1737=ORIENTED_EDGE('',*,*,#3671,.T.);
#1738=ORIENTED_EDGE('',*,*,#3652,.F.);
#1739=ORIENTED_EDGE('',*,*,#3672,.F.);
#1740=ORIENTED_EDGE('',*,*,#3661,.T.);
#1741=ORIENTED_EDGE('',*,*,#3672,.T.);
#1742=ORIENTED_EDGE('',*,*,#3651,.F.);
#1743=ORIENTED_EDGE('',*,*,#3673,.F.);
#1744=ORIENTED_EDGE('',*,*,#3662,.T.);
#1745=ORIENTED_EDGE('',*,*,#3673,.T.);
#1746=ORIENTED_EDGE('',*,*,#3650,.F.);
#1747=ORIENTED_EDGE('',*,*,#3674,.F.);
#1748=ORIENTED_EDGE('',*,*,#3663,.T.);
#1749=ORIENTED_EDGE('',*,*,#3674,.T.);
#1750=ORIENTED_EDGE('',*,*,#3649,.F.);
#1751=ORIENTED_EDGE('',*,*,#3675,.F.);
#1752=ORIENTED_EDGE('',*,*,#3664,.T.);
#1753=ORIENTED_EDGE('',*,*,#3675,.T.);
#1754=ORIENTED_EDGE('',*,*,#3648,.F.);
#1755=ORIENTED_EDGE('',*,*,#3676,.F.);
#1756=ORIENTED_EDGE('',*,*,#3665,.T.);
#1757=ORIENTED_EDGE('',*,*,#3676,.T.);
#1758=ORIENTED_EDGE('',*,*,#3647,.F.);
#1759=ORIENTED_EDGE('',*,*,#3677,.F.);
#1760=ORIENTED_EDGE('',*,*,#3666,.T.);
#1761=ORIENTED_EDGE('',*,*,#3677,.T.);
#1762=ORIENTED_EDGE('',*,*,#3646,.F.);
#1763=ORIENTED_EDGE('',*,*,#3678,.F.);
#1764=ORIENTED_EDGE('',*,*,#3667,.T.);
#1765=ORIENTED_EDGE('',*,*,#3678,.T.);
#1766=ORIENTED_EDGE('',*,*,#3645,.F.);
#1767=ORIENTED_EDGE('',*,*,#3668,.F.);
#1768=ORIENTED_EDGE('',*,*,#3679,.F.);
#1769=ORIENTED_EDGE('',*,*,#3680,.F.);
#1770=ORIENTED_EDGE('',*,*,#3681,.F.);
#1771=ORIENTED_EDGE('',*,*,#3682,.F.);
#1772=ORIENTED_EDGE('',*,*,#3683,.F.);
#1773=ORIENTED_EDGE('',*,*,#3684,.F.);
#1774=ORIENTED_EDGE('',*,*,#3685,.F.);
#1775=ORIENTED_EDGE('',*,*,#3686,.F.);
#1776=ORIENTED_EDGE('',*,*,#3687,.T.);
#1777=ORIENTED_EDGE('',*,*,#3688,.T.);
#1778=ORIENTED_EDGE('',*,*,#3689,.T.);
#1779=ORIENTED_EDGE('',*,*,#3690,.T.);
#1780=ORIENTED_EDGE('',*,*,#3691,.T.);
#1781=ORIENTED_EDGE('',*,*,#3692,.T.);
#1782=ORIENTED_EDGE('',*,*,#3693,.T.);
#1783=ORIENTED_EDGE('',*,*,#3694,.T.);
#1784=ORIENTED_EDGE('',*,*,#3695,.T.);
#1785=ORIENTED_EDGE('',*,*,#3679,.T.);
#1786=ORIENTED_EDGE('',*,*,#3696,.F.);
#1787=ORIENTED_EDGE('',*,*,#3694,.F.);
#1788=ORIENTED_EDGE('',*,*,#3697,.T.);
#1789=ORIENTED_EDGE('',*,*,#3680,.T.);
#1790=ORIENTED_EDGE('',*,*,#3695,.F.);
#1791=ORIENTED_EDGE('',*,*,#3693,.F.);
#1792=ORIENTED_EDGE('',*,*,#3698,.T.);
#1793=ORIENTED_EDGE('',*,*,#3681,.T.);
#1794=ORIENTED_EDGE('',*,*,#3697,.F.);
#1795=ORIENTED_EDGE('',*,*,#3692,.F.);
#1796=ORIENTED_EDGE('',*,*,#3699,.T.);
#1797=ORIENTED_EDGE('',*,*,#3682,.T.);
#1798=ORIENTED_EDGE('',*,*,#3698,.F.);
#1799=ORIENTED_EDGE('',*,*,#3691,.F.);
#1800=ORIENTED_EDGE('',*,*,#3700,.T.);
#1801=ORIENTED_EDGE('',*,*,#3683,.T.);
#1802=ORIENTED_EDGE('',*,*,#3699,.F.);
#1803=ORIENTED_EDGE('',*,*,#3690,.F.);
#1804=ORIENTED_EDGE('',*,*,#3701,.T.);
#1805=ORIENTED_EDGE('',*,*,#3684,.T.);
#1806=ORIENTED_EDGE('',*,*,#3700,.F.);
#1807=ORIENTED_EDGE('',*,*,#3689,.F.);
#1808=ORIENTED_EDGE('',*,*,#3702,.T.);
#1809=ORIENTED_EDGE('',*,*,#3685,.T.);
#1810=ORIENTED_EDGE('',*,*,#3701,.F.);
#1811=ORIENTED_EDGE('',*,*,#3688,.F.);
#1812=ORIENTED_EDGE('',*,*,#3696,.T.);
#1813=ORIENTED_EDGE('',*,*,#3686,.T.);
#1814=ORIENTED_EDGE('',*,*,#3702,.F.);
#1815=ORIENTED_EDGE('',*,*,#3687,.F.);
#1816=ORIENTED_EDGE('',*,*,#3703,.F.);
#1817=ORIENTED_EDGE('',*,*,#3704,.F.);
#1818=ORIENTED_EDGE('',*,*,#3705,.F.);
#1819=ORIENTED_EDGE('',*,*,#3706,.F.);
#1820=ORIENTED_EDGE('',*,*,#3707,.F.);
#1821=ORIENTED_EDGE('',*,*,#3708,.F.);
#1822=ORIENTED_EDGE('',*,*,#3709,.F.);
#1823=ORIENTED_EDGE('',*,*,#3710,.F.);
#1824=ORIENTED_EDGE('',*,*,#3711,.F.);
#1825=ORIENTED_EDGE('',*,*,#3712,.F.);
#1826=ORIENTED_EDGE('',*,*,#3713,.F.);
#1827=ORIENTED_EDGE('',*,*,#3714,.T.);
#1828=ORIENTED_EDGE('',*,*,#3715,.T.);
#1829=ORIENTED_EDGE('',*,*,#3716,.T.);
#1830=ORIENTED_EDGE('',*,*,#3717,.T.);
#1831=ORIENTED_EDGE('',*,*,#3718,.T.);
#1832=ORIENTED_EDGE('',*,*,#3719,.T.);
#1833=ORIENTED_EDGE('',*,*,#3720,.T.);
#1834=ORIENTED_EDGE('',*,*,#3721,.T.);
#1835=ORIENTED_EDGE('',*,*,#3722,.T.);
#1836=ORIENTED_EDGE('',*,*,#3723,.T.);
#1837=ORIENTED_EDGE('',*,*,#3724,.T.);
#1838=ORIENTED_EDGE('',*,*,#3725,.T.);
#1839=ORIENTED_EDGE('',*,*,#3703,.T.);
#1840=ORIENTED_EDGE('',*,*,#3726,.F.);
#1841=ORIENTED_EDGE('',*,*,#3724,.F.);
#1842=ORIENTED_EDGE('',*,*,#3727,.T.);
#1843=ORIENTED_EDGE('',*,*,#3704,.T.);
#1844=ORIENTED_EDGE('',*,*,#3725,.F.);
#1845=ORIENTED_EDGE('',*,*,#3723,.F.);
#1846=ORIENTED_EDGE('',*,*,#3728,.T.);
#1847=ORIENTED_EDGE('',*,*,#3705,.T.);
#1848=ORIENTED_EDGE('',*,*,#3727,.F.);
#1849=ORIENTED_EDGE('',*,*,#3722,.F.);
#1850=ORIENTED_EDGE('',*,*,#3729,.T.);
#1851=ORIENTED_EDGE('',*,*,#3706,.T.);
#1852=ORIENTED_EDGE('',*,*,#3728,.F.);
#1853=ORIENTED_EDGE('',*,*,#3721,.F.);
#1854=ORIENTED_EDGE('',*,*,#3730,.T.);
#1855=ORIENTED_EDGE('',*,*,#3707,.T.);
#1856=ORIENTED_EDGE('',*,*,#3729,.F.);
#1857=ORIENTED_EDGE('',*,*,#3720,.F.);
#1858=ORIENTED_EDGE('',*,*,#3731,.T.);
#1859=ORIENTED_EDGE('',*,*,#3708,.T.);
#1860=ORIENTED_EDGE('',*,*,#3730,.F.);
#1861=ORIENTED_EDGE('',*,*,#3719,.F.);
#1862=ORIENTED_EDGE('',*,*,#3732,.T.);
#1863=ORIENTED_EDGE('',*,*,#3709,.T.);
#1864=ORIENTED_EDGE('',*,*,#3731,.F.);
#1865=ORIENTED_EDGE('',*,*,#3718,.F.);
#1866=ORIENTED_EDGE('',*,*,#3733,.T.);
#1867=ORIENTED_EDGE('',*,*,#3710,.T.);
#1868=ORIENTED_EDGE('',*,*,#3732,.F.);
#1869=ORIENTED_EDGE('',*,*,#3717,.F.);
#1870=ORIENTED_EDGE('',*,*,#3734,.T.);
#1871=ORIENTED_EDGE('',*,*,#3711,.T.);
#1872=ORIENTED_EDGE('',*,*,#3733,.F.);
#1873=ORIENTED_EDGE('',*,*,#3716,.F.);
#1874=ORIENTED_EDGE('',*,*,#3735,.T.);
#1875=ORIENTED_EDGE('',*,*,#3712,.T.);
#1876=ORIENTED_EDGE('',*,*,#3734,.F.);
#1877=ORIENTED_EDGE('',*,*,#3715,.F.);
#1878=ORIENTED_EDGE('',*,*,#3726,.T.);
#1879=ORIENTED_EDGE('',*,*,#3713,.T.);
#1880=ORIENTED_EDGE('',*,*,#3735,.F.);
#1881=ORIENTED_EDGE('',*,*,#3714,.F.);
#1882=ORIENTED_EDGE('',*,*,#3736,.T.);
#1883=ORIENTED_EDGE('',*,*,#3737,.T.);
#1884=ORIENTED_EDGE('',*,*,#3738,.T.);
#1885=ORIENTED_EDGE('',*,*,#3739,.T.);
#1886=ORIENTED_EDGE('',*,*,#3740,.T.);
#1887=ORIENTED_EDGE('',*,*,#3741,.T.);
#1888=ORIENTED_EDGE('',*,*,#3742,.T.);
#1889=ORIENTED_EDGE('',*,*,#3743,.T.);
#1890=ORIENTED_EDGE('',*,*,#3744,.T.);
#1891=ORIENTED_EDGE('',*,*,#3745,.T.);
#1892=ORIENTED_EDGE('',*,*,#3746,.T.);
#1893=ORIENTED_EDGE('',*,*,#3747,.T.);
#1894=ORIENTED_EDGE('',*,*,#3748,.T.);
#1895=ORIENTED_EDGE('',*,*,#3749,.T.);
#1896=ORIENTED_EDGE('',*,*,#3750,.T.);
#1897=ORIENTED_EDGE('',*,*,#3751,.F.);
#1898=ORIENTED_EDGE('',*,*,#3752,.F.);
#1899=ORIENTED_EDGE('',*,*,#3753,.F.);
#1900=ORIENTED_EDGE('',*,*,#3754,.F.);
#1901=ORIENTED_EDGE('',*,*,#3755,.F.);
#1902=ORIENTED_EDGE('',*,*,#3756,.F.);
#1903=ORIENTED_EDGE('',*,*,#3757,.F.);
#1904=ORIENTED_EDGE('',*,*,#3758,.F.);
#1905=ORIENTED_EDGE('',*,*,#3759,.F.);
#1906=ORIENTED_EDGE('',*,*,#3760,.F.);
#1907=ORIENTED_EDGE('',*,*,#3761,.F.);
#1908=ORIENTED_EDGE('',*,*,#3762,.F.);
#1909=ORIENTED_EDGE('',*,*,#3763,.F.);
#1910=ORIENTED_EDGE('',*,*,#3764,.F.);
#1911=ORIENTED_EDGE('',*,*,#3765,.F.);
#1912=ORIENTED_EDGE('',*,*,#3751,.T.);
#1913=ORIENTED_EDGE('',*,*,#3766,.T.);
#1914=ORIENTED_EDGE('',*,*,#3750,.F.);
#1915=ORIENTED_EDGE('',*,*,#3767,.F.);
#1916=ORIENTED_EDGE('',*,*,#3752,.T.);
#1917=ORIENTED_EDGE('',*,*,#3767,.T.);
#1918=ORIENTED_EDGE('',*,*,#3749,.F.);
#1919=ORIENTED_EDGE('',*,*,#3768,.F.);
#1920=ORIENTED_EDGE('',*,*,#3753,.T.);
#1921=ORIENTED_EDGE('',*,*,#3768,.T.);
#1922=ORIENTED_EDGE('',*,*,#3748,.F.);
#1923=ORIENTED_EDGE('',*,*,#3769,.F.);
#1924=ORIENTED_EDGE('',*,*,#3754,.T.);
#1925=ORIENTED_EDGE('',*,*,#3769,.T.);
#1926=ORIENTED_EDGE('',*,*,#3747,.F.);
#1927=ORIENTED_EDGE('',*,*,#3770,.F.);
#1928=ORIENTED_EDGE('',*,*,#3755,.T.);
#1929=ORIENTED_EDGE('',*,*,#3770,.T.);
#1930=ORIENTED_EDGE('',*,*,#3746,.F.);
#1931=ORIENTED_EDGE('',*,*,#3771,.F.);
#1932=ORIENTED_EDGE('',*,*,#3756,.T.);
#1933=ORIENTED_EDGE('',*,*,#3771,.T.);
#1934=ORIENTED_EDGE('',*,*,#3745,.F.);
#1935=ORIENTED_EDGE('',*,*,#3772,.F.);
#1936=ORIENTED_EDGE('',*,*,#3757,.T.);
#1937=ORIENTED_EDGE('',*,*,#3772,.T.);
#1938=ORIENTED_EDGE('',*,*,#3744,.F.);
#1939=ORIENTED_EDGE('',*,*,#3773,.F.);
#1940=ORIENTED_EDGE('',*,*,#3758,.T.);
#1941=ORIENTED_EDGE('',*,*,#3773,.T.);
#1942=ORIENTED_EDGE('',*,*,#3743,.F.);
#1943=ORIENTED_EDGE('',*,*,#3774,.F.);
#1944=ORIENTED_EDGE('',*,*,#3759,.T.);
#1945=ORIENTED_EDGE('',*,*,#3774,.T.);
#1946=ORIENTED_EDGE('',*,*,#3742,.F.);
#1947=ORIENTED_EDGE('',*,*,#3775,.F.);
#1948=ORIENTED_EDGE('',*,*,#3760,.T.);
#1949=ORIENTED_EDGE('',*,*,#3775,.T.);
#1950=ORIENTED_EDGE('',*,*,#3741,.F.);
#1951=ORIENTED_EDGE('',*,*,#3776,.F.);
#1952=ORIENTED_EDGE('',*,*,#3761,.T.);
#1953=ORIENTED_EDGE('',*,*,#3776,.T.);
#1954=ORIENTED_EDGE('',*,*,#3740,.F.);
#1955=ORIENTED_EDGE('',*,*,#3777,.F.);
#1956=ORIENTED_EDGE('',*,*,#3762,.T.);
#1957=ORIENTED_EDGE('',*,*,#3777,.T.);
#1958=ORIENTED_EDGE('',*,*,#3739,.F.);
#1959=ORIENTED_EDGE('',*,*,#3778,.F.);
#1960=ORIENTED_EDGE('',*,*,#3763,.T.);
#1961=ORIENTED_EDGE('',*,*,#3778,.T.);
#1962=ORIENTED_EDGE('',*,*,#3738,.F.);
#1963=ORIENTED_EDGE('',*,*,#3779,.F.);
#1964=ORIENTED_EDGE('',*,*,#3764,.T.);
#1965=ORIENTED_EDGE('',*,*,#3779,.T.);
#1966=ORIENTED_EDGE('',*,*,#3737,.F.);
#1967=ORIENTED_EDGE('',*,*,#3780,.F.);
#1968=ORIENTED_EDGE('',*,*,#3765,.T.);
#1969=ORIENTED_EDGE('',*,*,#3780,.T.);
#1970=ORIENTED_EDGE('',*,*,#3736,.F.);
#1971=ORIENTED_EDGE('',*,*,#3766,.F.);
#1972=ORIENTED_EDGE('',*,*,#3781,.F.);
#1973=ORIENTED_EDGE('',*,*,#3782,.F.);
#1974=ORIENTED_EDGE('',*,*,#3783,.F.);
#1975=ORIENTED_EDGE('',*,*,#3784,.F.);
#1976=ORIENTED_EDGE('',*,*,#3785,.F.);
#1977=ORIENTED_EDGE('',*,*,#3786,.F.);
#1978=ORIENTED_EDGE('',*,*,#3787,.F.);
#1979=ORIENTED_EDGE('',*,*,#3788,.T.);
#1980=ORIENTED_EDGE('',*,*,#3789,.T.);
#1981=ORIENTED_EDGE('',*,*,#3790,.T.);
#1982=ORIENTED_EDGE('',*,*,#3791,.T.);
#1983=ORIENTED_EDGE('',*,*,#3792,.T.);
#1984=ORIENTED_EDGE('',*,*,#3793,.T.);
#1985=ORIENTED_EDGE('',*,*,#3794,.T.);
#1986=ORIENTED_EDGE('',*,*,#3795,.T.);
#1987=ORIENTED_EDGE('',*,*,#3781,.T.);
#1988=ORIENTED_EDGE('',*,*,#3796,.F.);
#1989=ORIENTED_EDGE('',*,*,#3794,.F.);
#1990=ORIENTED_EDGE('',*,*,#3797,.T.);
#1991=ORIENTED_EDGE('',*,*,#3782,.T.);
#1992=ORIENTED_EDGE('',*,*,#3795,.F.);
#1993=ORIENTED_EDGE('',*,*,#3793,.F.);
#1994=ORIENTED_EDGE('',*,*,#3798,.T.);
#1995=ORIENTED_EDGE('',*,*,#3783,.T.);
#1996=ORIENTED_EDGE('',*,*,#3797,.F.);
#1997=ORIENTED_EDGE('',*,*,#3792,.F.);
#1998=ORIENTED_EDGE('',*,*,#3799,.T.);
#1999=ORIENTED_EDGE('',*,*,#3784,.T.);
#2000=ORIENTED_EDGE('',*,*,#3798,.F.);
#2001=ORIENTED_EDGE('',*,*,#3791,.F.);
#2002=ORIENTED_EDGE('',*,*,#3800,.T.);
#2003=ORIENTED_EDGE('',*,*,#3785,.T.);
#2004=ORIENTED_EDGE('',*,*,#3799,.F.);
#2005=ORIENTED_EDGE('',*,*,#3790,.F.);
#2006=ORIENTED_EDGE('',*,*,#3801,.T.);
#2007=ORIENTED_EDGE('',*,*,#3786,.T.);
#2008=ORIENTED_EDGE('',*,*,#3800,.F.);
#2009=ORIENTED_EDGE('',*,*,#3789,.F.);
#2010=ORIENTED_EDGE('',*,*,#3796,.T.);
#2011=ORIENTED_EDGE('',*,*,#3787,.T.);
#2012=ORIENTED_EDGE('',*,*,#3801,.F.);
#2013=ORIENTED_EDGE('',*,*,#3788,.F.);
#2014=ORIENTED_EDGE('',*,*,#3802,.T.);
#2015=ORIENTED_EDGE('',*,*,#3803,.T.);
#2016=ORIENTED_EDGE('',*,*,#3804,.T.);
#2017=ORIENTED_EDGE('',*,*,#3805,.T.);
#2018=ORIENTED_EDGE('',*,*,#3806,.T.);
#2019=ORIENTED_EDGE('',*,*,#3807,.T.);
#2020=ORIENTED_EDGE('',*,*,#3808,.T.);
#2021=ORIENTED_EDGE('',*,*,#3809,.T.);
#2022=ORIENTED_EDGE('',*,*,#3810,.T.);
#2023=ORIENTED_EDGE('',*,*,#3811,.F.);
#2024=ORIENTED_EDGE('',*,*,#3812,.F.);
#2025=ORIENTED_EDGE('',*,*,#3813,.F.);
#2026=ORIENTED_EDGE('',*,*,#3814,.F.);
#2027=ORIENTED_EDGE('',*,*,#3815,.F.);
#2028=ORIENTED_EDGE('',*,*,#3816,.F.);
#2029=ORIENTED_EDGE('',*,*,#3817,.F.);
#2030=ORIENTED_EDGE('',*,*,#3818,.F.);
#2031=ORIENTED_EDGE('',*,*,#3819,.F.);
#2032=ORIENTED_EDGE('',*,*,#3811,.T.);
#2033=ORIENTED_EDGE('',*,*,#3820,.T.);
#2034=ORIENTED_EDGE('',*,*,#3810,.F.);
#2035=ORIENTED_EDGE('',*,*,#3821,.F.);
#2036=ORIENTED_EDGE('',*,*,#3812,.T.);
#2037=ORIENTED_EDGE('',*,*,#3821,.T.);
#2038=ORIENTED_EDGE('',*,*,#3809,.F.);
#2039=ORIENTED_EDGE('',*,*,#3822,.F.);
#2040=ORIENTED_EDGE('',*,*,#3813,.T.);
#2041=ORIENTED_EDGE('',*,*,#3822,.T.);
#2042=ORIENTED_EDGE('',*,*,#3808,.F.);
#2043=ORIENTED_EDGE('',*,*,#3823,.F.);
#2044=ORIENTED_EDGE('',*,*,#3814,.T.);
#2045=ORIENTED_EDGE('',*,*,#3823,.T.);
#2046=ORIENTED_EDGE('',*,*,#3807,.F.);
#2047=ORIENTED_EDGE('',*,*,#3824,.F.);
#2048=ORIENTED_EDGE('',*,*,#3815,.T.);
#2049=ORIENTED_EDGE('',*,*,#3824,.T.);
#2050=ORIENTED_EDGE('',*,*,#3806,.F.);
#2051=ORIENTED_EDGE('',*,*,#3825,.F.);
#2052=ORIENTED_EDGE('',*,*,#3816,.T.);
#2053=ORIENTED_EDGE('',*,*,#3825,.T.);
#2054=ORIENTED_EDGE('',*,*,#3805,.F.);
#2055=ORIENTED_EDGE('',*,*,#3826,.F.);
#2056=ORIENTED_EDGE('',*,*,#3817,.T.);
#2057=ORIENTED_EDGE('',*,*,#3826,.T.);
#2058=ORIENTED_EDGE('',*,*,#3804,.F.);
#2059=ORIENTED_EDGE('',*,*,#3827,.F.);
#2060=ORIENTED_EDGE('',*,*,#3818,.T.);
#2061=ORIENTED_EDGE('',*,*,#3827,.T.);
#2062=ORIENTED_EDGE('',*,*,#3803,.F.);
#2063=ORIENTED_EDGE('',*,*,#3828,.F.);
#2064=ORIENTED_EDGE('',*,*,#3819,.T.);
#2065=ORIENTED_EDGE('',*,*,#3828,.T.);
#2066=ORIENTED_EDGE('',*,*,#3802,.F.);
#2067=ORIENTED_EDGE('',*,*,#3820,.F.);
#2068=ORIENTED_EDGE('',*,*,#3829,.F.);
#2069=ORIENTED_EDGE('',*,*,#3830,.F.);
#2070=ORIENTED_EDGE('',*,*,#3831,.F.);
#2071=ORIENTED_EDGE('',*,*,#3832,.F.);
#2072=ORIENTED_EDGE('',*,*,#3833,.F.);
#2073=ORIENTED_EDGE('',*,*,#3834,.F.);
#2074=ORIENTED_EDGE('',*,*,#3835,.F.);
#2075=ORIENTED_EDGE('',*,*,#3836,.F.);
#2076=ORIENTED_EDGE('',*,*,#3837,.T.);
#2077=ORIENTED_EDGE('',*,*,#3838,.T.);
#2078=ORIENTED_EDGE('',*,*,#3839,.T.);
#2079=ORIENTED_EDGE('',*,*,#3840,.T.);
#2080=ORIENTED_EDGE('',*,*,#3841,.T.);
#2081=ORIENTED_EDGE('',*,*,#3842,.T.);
#2082=ORIENTED_EDGE('',*,*,#3843,.T.);
#2083=ORIENTED_EDGE('',*,*,#3844,.T.);
#2084=ORIENTED_EDGE('',*,*,#3845,.T.);
#2085=ORIENTED_EDGE('',*,*,#3829,.T.);
#2086=ORIENTED_EDGE('',*,*,#3846,.F.);
#2087=ORIENTED_EDGE('',*,*,#3844,.F.);
#2088=ORIENTED_EDGE('',*,*,#3847,.T.);
#2089=ORIENTED_EDGE('',*,*,#3830,.T.);
#2090=ORIENTED_EDGE('',*,*,#3845,.F.);
#2091=ORIENTED_EDGE('',*,*,#3843,.F.);
#2092=ORIENTED_EDGE('',*,*,#3848,.T.);
#2093=ORIENTED_EDGE('',*,*,#3831,.T.);
#2094=ORIENTED_EDGE('',*,*,#3847,.F.);
#2095=ORIENTED_EDGE('',*,*,#3842,.F.);
#2096=ORIENTED_EDGE('',*,*,#3849,.T.);
#2097=ORIENTED_EDGE('',*,*,#3832,.T.);
#2098=ORIENTED_EDGE('',*,*,#3848,.F.);
#2099=ORIENTED_EDGE('',*,*,#3841,.F.);
#2100=ORIENTED_EDGE('',*,*,#3850,.T.);
#2101=ORIENTED_EDGE('',*,*,#3833,.T.);
#2102=ORIENTED_EDGE('',*,*,#3849,.F.);
#2103=ORIENTED_EDGE('',*,*,#3840,.F.);
#2104=ORIENTED_EDGE('',*,*,#3851,.T.);
#2105=ORIENTED_EDGE('',*,*,#3834,.T.);
#2106=ORIENTED_EDGE('',*,*,#3850,.F.);
#2107=ORIENTED_EDGE('',*,*,#3839,.F.);
#2108=ORIENTED_EDGE('',*,*,#3852,.T.);
#2109=ORIENTED_EDGE('',*,*,#3835,.T.);
#2110=ORIENTED_EDGE('',*,*,#3851,.F.);
#2111=ORIENTED_EDGE('',*,*,#3838,.F.);
#2112=ORIENTED_EDGE('',*,*,#3846,.T.);
#2113=ORIENTED_EDGE('',*,*,#3836,.T.);
#2114=ORIENTED_EDGE('',*,*,#3852,.F.);
#2115=ORIENTED_EDGE('',*,*,#3837,.F.);
#2116=ORIENTED_EDGE('',*,*,#3853,.T.);
#2117=ORIENTED_EDGE('',*,*,#3854,.T.);
#2118=ORIENTED_EDGE('',*,*,#3855,.T.);
#2119=ORIENTED_EDGE('',*,*,#3856,.T.);
#2120=ORIENTED_EDGE('',*,*,#3857,.T.);
#2121=ORIENTED_EDGE('',*,*,#3858,.T.);
#2122=ORIENTED_EDGE('',*,*,#3859,.T.);
#2123=ORIENTED_EDGE('',*,*,#3860,.T.);
#2124=ORIENTED_EDGE('',*,*,#3861,.F.);
#2125=ORIENTED_EDGE('',*,*,#3862,.F.);
#2126=ORIENTED_EDGE('',*,*,#3863,.F.);
#2127=ORIENTED_EDGE('',*,*,#3864,.F.);
#2128=ORIENTED_EDGE('',*,*,#3865,.F.);
#2129=ORIENTED_EDGE('',*,*,#3866,.F.);
#2130=ORIENTED_EDGE('',*,*,#3867,.F.);
#2131=ORIENTED_EDGE('',*,*,#3868,.F.);
#2132=ORIENTED_EDGE('',*,*,#3861,.T.);
#2133=ORIENTED_EDGE('',*,*,#3869,.T.);
#2134=ORIENTED_EDGE('',*,*,#3860,.F.);
#2135=ORIENTED_EDGE('',*,*,#3870,.F.);
#2136=ORIENTED_EDGE('',*,*,#3862,.T.);
#2137=ORIENTED_EDGE('',*,*,#3870,.T.);
#2138=ORIENTED_EDGE('',*,*,#3859,.F.);
#2139=ORIENTED_EDGE('',*,*,#3871,.F.);
#2140=ORIENTED_EDGE('',*,*,#3863,.T.);
#2141=ORIENTED_EDGE('',*,*,#3871,.T.);
#2142=ORIENTED_EDGE('',*,*,#3858,.F.);
#2143=ORIENTED_EDGE('',*,*,#3872,.F.);
#2144=ORIENTED_EDGE('',*,*,#3864,.T.);
#2145=ORIENTED_EDGE('',*,*,#3872,.T.);
#2146=ORIENTED_EDGE('',*,*,#3857,.F.);
#2147=ORIENTED_EDGE('',*,*,#3873,.F.);
#2148=ORIENTED_EDGE('',*,*,#3865,.T.);
#2149=ORIENTED_EDGE('',*,*,#3873,.T.);
#2150=ORIENTED_EDGE('',*,*,#3856,.F.);
#2151=ORIENTED_EDGE('',*,*,#3874,.F.);
#2152=ORIENTED_EDGE('',*,*,#3866,.T.);
#2153=ORIENTED_EDGE('',*,*,#3874,.T.);
#2154=ORIENTED_EDGE('',*,*,#3855,.F.);
#2155=ORIENTED_EDGE('',*,*,#3875,.F.);
#2156=ORIENTED_EDGE('',*,*,#3867,.T.);
#2157=ORIENTED_EDGE('',*,*,#3875,.T.);
#2158=ORIENTED_EDGE('',*,*,#3854,.F.);
#2159=ORIENTED_EDGE('',*,*,#3876,.F.);
#2160=ORIENTED_EDGE('',*,*,#3868,.T.);
#2161=ORIENTED_EDGE('',*,*,#3876,.T.);
#2162=ORIENTED_EDGE('',*,*,#3853,.F.);
#2163=ORIENTED_EDGE('',*,*,#3869,.F.);
#2164=ORIENTED_EDGE('',*,*,#3877,.F.);
#2165=ORIENTED_EDGE('',*,*,#3878,.F.);
#2166=ORIENTED_EDGE('',*,*,#3879,.F.);
#2167=ORIENTED_EDGE('',*,*,#3880,.F.);
#2168=ORIENTED_EDGE('',*,*,#3881,.F.);
#2169=ORIENTED_EDGE('',*,*,#3882,.F.);
#2170=ORIENTED_EDGE('',*,*,#3883,.F.);
#2171=ORIENTED_EDGE('',*,*,#3884,.F.);
#2172=ORIENTED_EDGE('',*,*,#3885,.T.);
#2173=ORIENTED_EDGE('',*,*,#3886,.T.);
#2174=ORIENTED_EDGE('',*,*,#3887,.T.);
#2175=ORIENTED_EDGE('',*,*,#3888,.T.);
#2176=ORIENTED_EDGE('',*,*,#3889,.T.);
#2177=ORIENTED_EDGE('',*,*,#3890,.T.);
#2178=ORIENTED_EDGE('',*,*,#3891,.T.);
#2179=ORIENTED_EDGE('',*,*,#3892,.T.);
#2180=ORIENTED_EDGE('',*,*,#3893,.T.);
#2181=ORIENTED_EDGE('',*,*,#3877,.T.);
#2182=ORIENTED_EDGE('',*,*,#3894,.F.);
#2183=ORIENTED_EDGE('',*,*,#3892,.F.);
#2184=ORIENTED_EDGE('',*,*,#3895,.T.);
#2185=ORIENTED_EDGE('',*,*,#3878,.T.);
#2186=ORIENTED_EDGE('',*,*,#3893,.F.);
#2187=ORIENTED_EDGE('',*,*,#3891,.F.);
#2188=ORIENTED_EDGE('',*,*,#3896,.T.);
#2189=ORIENTED_EDGE('',*,*,#3879,.T.);
#2190=ORIENTED_EDGE('',*,*,#3895,.F.);
#2191=ORIENTED_EDGE('',*,*,#3890,.F.);
#2192=ORIENTED_EDGE('',*,*,#3897,.T.);
#2193=ORIENTED_EDGE('',*,*,#3880,.T.);
#2194=ORIENTED_EDGE('',*,*,#3896,.F.);
#2195=ORIENTED_EDGE('',*,*,#3889,.F.);
#2196=ORIENTED_EDGE('',*,*,#3898,.T.);
#2197=ORIENTED_EDGE('',*,*,#3881,.T.);
#2198=ORIENTED_EDGE('',*,*,#3897,.F.);
#2199=ORIENTED_EDGE('',*,*,#3888,.F.);
#2200=ORIENTED_EDGE('',*,*,#3899,.T.);
#2201=ORIENTED_EDGE('',*,*,#3882,.T.);
#2202=ORIENTED_EDGE('',*,*,#3898,.F.);
#2203=ORIENTED_EDGE('',*,*,#3887,.F.);
#2204=ORIENTED_EDGE('',*,*,#3900,.T.);
#2205=ORIENTED_EDGE('',*,*,#3883,.T.);
#2206=ORIENTED_EDGE('',*,*,#3899,.F.);
#2207=ORIENTED_EDGE('',*,*,#3886,.F.);
#2208=ORIENTED_EDGE('',*,*,#3894,.T.);
#2209=ORIENTED_EDGE('',*,*,#3884,.T.);
#2210=ORIENTED_EDGE('',*,*,#3900,.F.);
#2211=ORIENTED_EDGE('',*,*,#3885,.F.);
#2212=ORIENTED_EDGE('',*,*,#3901,.T.);
#2213=ORIENTED_EDGE('',*,*,#3902,.T.);
#2214=ORIENTED_EDGE('',*,*,#3903,.T.);
#2215=ORIENTED_EDGE('',*,*,#3904,.T.);
#2216=ORIENTED_EDGE('',*,*,#3905,.T.);
#2217=ORIENTED_EDGE('',*,*,#3906,.T.);
#2218=ORIENTED_EDGE('',*,*,#3907,.T.);
#2219=ORIENTED_EDGE('',*,*,#3908,.T.);
#2220=ORIENTED_EDGE('',*,*,#3909,.F.);
#2221=ORIENTED_EDGE('',*,*,#3910,.F.);
#2222=ORIENTED_EDGE('',*,*,#3911,.F.);
#2223=ORIENTED_EDGE('',*,*,#3912,.F.);
#2224=ORIENTED_EDGE('',*,*,#3913,.F.);
#2225=ORIENTED_EDGE('',*,*,#3914,.F.);
#2226=ORIENTED_EDGE('',*,*,#3915,.F.);
#2227=ORIENTED_EDGE('',*,*,#3916,.F.);
#2228=ORIENTED_EDGE('',*,*,#3909,.T.);
#2229=ORIENTED_EDGE('',*,*,#3917,.T.);
#2230=ORIENTED_EDGE('',*,*,#3908,.F.);
#2231=ORIENTED_EDGE('',*,*,#3918,.F.);
#2232=ORIENTED_EDGE('',*,*,#3910,.T.);
#2233=ORIENTED_EDGE('',*,*,#3918,.T.);
#2234=ORIENTED_EDGE('',*,*,#3907,.F.);
#2235=ORIENTED_EDGE('',*,*,#3919,.F.);
#2236=ORIENTED_EDGE('',*,*,#3911,.T.);
#2237=ORIENTED_EDGE('',*,*,#3919,.T.);
#2238=ORIENTED_EDGE('',*,*,#3906,.F.);
#2239=ORIENTED_EDGE('',*,*,#3920,.F.);
#2240=ORIENTED_EDGE('',*,*,#3912,.T.);
#2241=ORIENTED_EDGE('',*,*,#3920,.T.);
#2242=ORIENTED_EDGE('',*,*,#3905,.F.);
#2243=ORIENTED_EDGE('',*,*,#3921,.F.);
#2244=ORIENTED_EDGE('',*,*,#3913,.T.);
#2245=ORIENTED_EDGE('',*,*,#3921,.T.);
#2246=ORIENTED_EDGE('',*,*,#3904,.F.);
#2247=ORIENTED_EDGE('',*,*,#3922,.F.);
#2248=ORIENTED_EDGE('',*,*,#3914,.T.);
#2249=ORIENTED_EDGE('',*,*,#3922,.T.);
#2250=ORIENTED_EDGE('',*,*,#3903,.F.);
#2251=ORIENTED_EDGE('',*,*,#3923,.F.);
#2252=ORIENTED_EDGE('',*,*,#3915,.T.);
#2253=ORIENTED_EDGE('',*,*,#3923,.T.);
#2254=ORIENTED_EDGE('',*,*,#3902,.F.);
#2255=ORIENTED_EDGE('',*,*,#3924,.F.);
#2256=ORIENTED_EDGE('',*,*,#3916,.T.);
#2257=ORIENTED_EDGE('',*,*,#3924,.T.);
#2258=ORIENTED_EDGE('',*,*,#3901,.F.);
#2259=ORIENTED_EDGE('',*,*,#3917,.F.);
#2260=ORIENTED_EDGE('',*,*,#3925,.F.);
#2261=ORIENTED_EDGE('',*,*,#3926,.F.);
#2262=ORIENTED_EDGE('',*,*,#3927,.F.);
#2263=ORIENTED_EDGE('',*,*,#3928,.F.);
#2264=ORIENTED_EDGE('',*,*,#3929,.F.);
#2265=ORIENTED_EDGE('',*,*,#3930,.F.);
#2266=ORIENTED_EDGE('',*,*,#3931,.F.);
#2267=ORIENTED_EDGE('',*,*,#3932,.F.);
#2268=ORIENTED_EDGE('',*,*,#3933,.T.);
#2269=ORIENTED_EDGE('',*,*,#3934,.T.);
#2270=ORIENTED_EDGE('',*,*,#3935,.T.);
#2271=ORIENTED_EDGE('',*,*,#3936,.T.);
#2272=ORIENTED_EDGE('',*,*,#3937,.T.);
#2273=ORIENTED_EDGE('',*,*,#3938,.T.);
#2274=ORIENTED_EDGE('',*,*,#3939,.T.);
#2275=ORIENTED_EDGE('',*,*,#3940,.T.);
#2276=ORIENTED_EDGE('',*,*,#3941,.T.);
#2277=ORIENTED_EDGE('',*,*,#3925,.T.);
#2278=ORIENTED_EDGE('',*,*,#3942,.F.);
#2279=ORIENTED_EDGE('',*,*,#3940,.F.);
#2280=ORIENTED_EDGE('',*,*,#3943,.T.);
#2281=ORIENTED_EDGE('',*,*,#3926,.T.);
#2282=ORIENTED_EDGE('',*,*,#3941,.F.);
#2283=ORIENTED_EDGE('',*,*,#3939,.F.);
#2284=ORIENTED_EDGE('',*,*,#3944,.T.);
#2285=ORIENTED_EDGE('',*,*,#3927,.T.);
#2286=ORIENTED_EDGE('',*,*,#3943,.F.);
#2287=ORIENTED_EDGE('',*,*,#3938,.F.);
#2288=ORIENTED_EDGE('',*,*,#3945,.T.);
#2289=ORIENTED_EDGE('',*,*,#3928,.T.);
#2290=ORIENTED_EDGE('',*,*,#3944,.F.);
#2291=ORIENTED_EDGE('',*,*,#3937,.F.);
#2292=ORIENTED_EDGE('',*,*,#3946,.T.);
#2293=ORIENTED_EDGE('',*,*,#3929,.T.);
#2294=ORIENTED_EDGE('',*,*,#3945,.F.);
#2295=ORIENTED_EDGE('',*,*,#3936,.F.);
#2296=ORIENTED_EDGE('',*,*,#3947,.T.);
#2297=ORIENTED_EDGE('',*,*,#3930,.T.);
#2298=ORIENTED_EDGE('',*,*,#3946,.F.);
#2299=ORIENTED_EDGE('',*,*,#3935,.F.);
#2300=ORIENTED_EDGE('',*,*,#3948,.T.);
#2301=ORIENTED_EDGE('',*,*,#3931,.T.);
#2302=ORIENTED_EDGE('',*,*,#3947,.F.);
#2303=ORIENTED_EDGE('',*,*,#3934,.F.);
#2304=ORIENTED_EDGE('',*,*,#3942,.T.);
#2305=ORIENTED_EDGE('',*,*,#3932,.T.);
#2306=ORIENTED_EDGE('',*,*,#3948,.F.);
#2307=ORIENTED_EDGE('',*,*,#3933,.F.);
#2308=ORIENTED_EDGE('',*,*,#3949,.F.);
#2309=ORIENTED_EDGE('',*,*,#3950,.F.);
#2310=ORIENTED_EDGE('',*,*,#3951,.F.);
#2311=ORIENTED_EDGE('',*,*,#3952,.F.);
#2312=ORIENTED_EDGE('',*,*,#3953,.F.);
#2313=ORIENTED_EDGE('',*,*,#3954,.F.);
#2314=ORIENTED_EDGE('',*,*,#3955,.F.);
#2315=ORIENTED_EDGE('',*,*,#3956,.F.);
#2316=ORIENTED_EDGE('',*,*,#3957,.T.);
#2317=ORIENTED_EDGE('',*,*,#3958,.T.);
#2318=ORIENTED_EDGE('',*,*,#3959,.T.);
#2319=ORIENTED_EDGE('',*,*,#3960,.T.);
#2320=ORIENTED_EDGE('',*,*,#3961,.T.);
#2321=ORIENTED_EDGE('',*,*,#3962,.T.);
#2322=ORIENTED_EDGE('',*,*,#3963,.T.);
#2323=ORIENTED_EDGE('',*,*,#3964,.T.);
#2324=ORIENTED_EDGE('',*,*,#3965,.T.);
#2325=ORIENTED_EDGE('',*,*,#3949,.T.);
#2326=ORIENTED_EDGE('',*,*,#3966,.F.);
#2327=ORIENTED_EDGE('',*,*,#3964,.F.);
#2328=ORIENTED_EDGE('',*,*,#3967,.T.);
#2329=ORIENTED_EDGE('',*,*,#3950,.T.);
#2330=ORIENTED_EDGE('',*,*,#3965,.F.);
#2331=ORIENTED_EDGE('',*,*,#3963,.F.);
#2332=ORIENTED_EDGE('',*,*,#3968,.T.);
#2333=ORIENTED_EDGE('',*,*,#3951,.T.);
#2334=ORIENTED_EDGE('',*,*,#3967,.F.);
#2335=ORIENTED_EDGE('',*,*,#3962,.F.);
#2336=ORIENTED_EDGE('',*,*,#3969,.T.);
#2337=ORIENTED_EDGE('',*,*,#3952,.T.);
#2338=ORIENTED_EDGE('',*,*,#3968,.F.);
#2339=ORIENTED_EDGE('',*,*,#3961,.F.);
#2340=ORIENTED_EDGE('',*,*,#3970,.T.);
#2341=ORIENTED_EDGE('',*,*,#3953,.T.);
#2342=ORIENTED_EDGE('',*,*,#3969,.F.);
#2343=ORIENTED_EDGE('',*,*,#3960,.F.);
#2344=ORIENTED_EDGE('',*,*,#3971,.T.);
#2345=ORIENTED_EDGE('',*,*,#3954,.T.);
#2346=ORIENTED_EDGE('',*,*,#3970,.F.);
#2347=ORIENTED_EDGE('',*,*,#3959,.F.);
#2348=ORIENTED_EDGE('',*,*,#3972,.T.);
#2349=ORIENTED_EDGE('',*,*,#3955,.T.);
#2350=ORIENTED_EDGE('',*,*,#3971,.F.);
#2351=ORIENTED_EDGE('',*,*,#3958,.F.);
#2352=ORIENTED_EDGE('',*,*,#3966,.T.);
#2353=ORIENTED_EDGE('',*,*,#3956,.T.);
#2354=ORIENTED_EDGE('',*,*,#3972,.F.);
#2355=ORIENTED_EDGE('',*,*,#3957,.F.);
#2356=ORIENTED_EDGE('',*,*,#3973,.T.);
#2357=ORIENTED_EDGE('',*,*,#3974,.T.);
#2358=ORIENTED_EDGE('',*,*,#3975,.T.);
#2359=ORIENTED_EDGE('',*,*,#3976,.T.);
#2360=ORIENTED_EDGE('',*,*,#3977,.T.);
#2361=ORIENTED_EDGE('',*,*,#3978,.T.);
#2362=ORIENTED_EDGE('',*,*,#3979,.T.);
#2363=ORIENTED_EDGE('',*,*,#3980,.T.);
#2364=ORIENTED_EDGE('',*,*,#3981,.F.);
#2365=ORIENTED_EDGE('',*,*,#3982,.F.);
#2366=ORIENTED_EDGE('',*,*,#3983,.F.);
#2367=ORIENTED_EDGE('',*,*,#3984,.F.);
#2368=ORIENTED_EDGE('',*,*,#3985,.F.);
#2369=ORIENTED_EDGE('',*,*,#3986,.F.);
#2370=ORIENTED_EDGE('',*,*,#3987,.F.);
#2371=ORIENTED_EDGE('',*,*,#3988,.F.);
#2372=ORIENTED_EDGE('',*,*,#3981,.T.);
#2373=ORIENTED_EDGE('',*,*,#3989,.T.);
#2374=ORIENTED_EDGE('',*,*,#3980,.F.);
#2375=ORIENTED_EDGE('',*,*,#3990,.F.);
#2376=ORIENTED_EDGE('',*,*,#3982,.T.);
#2377=ORIENTED_EDGE('',*,*,#3990,.T.);
#2378=ORIENTED_EDGE('',*,*,#3979,.F.);
#2379=ORIENTED_EDGE('',*,*,#3991,.F.);
#2380=ORIENTED_EDGE('',*,*,#3983,.T.);
#2381=ORIENTED_EDGE('',*,*,#3991,.T.);
#2382=ORIENTED_EDGE('',*,*,#3978,.F.);
#2383=ORIENTED_EDGE('',*,*,#3992,.F.);
#2384=ORIENTED_EDGE('',*,*,#3984,.T.);
#2385=ORIENTED_EDGE('',*,*,#3992,.T.);
#2386=ORIENTED_EDGE('',*,*,#3977,.F.);
#2387=ORIENTED_EDGE('',*,*,#3993,.F.);
#2388=ORIENTED_EDGE('',*,*,#3985,.T.);
#2389=ORIENTED_EDGE('',*,*,#3993,.T.);
#2390=ORIENTED_EDGE('',*,*,#3976,.F.);
#2391=ORIENTED_EDGE('',*,*,#3994,.F.);
#2392=ORIENTED_EDGE('',*,*,#3986,.T.);
#2393=ORIENTED_EDGE('',*,*,#3994,.T.);
#2394=ORIENTED_EDGE('',*,*,#3975,.F.);
#2395=ORIENTED_EDGE('',*,*,#3995,.F.);
#2396=ORIENTED_EDGE('',*,*,#3987,.T.);
#2397=ORIENTED_EDGE('',*,*,#3995,.T.);
#2398=ORIENTED_EDGE('',*,*,#3974,.F.);
#2399=ORIENTED_EDGE('',*,*,#3996,.F.);
#2400=ORIENTED_EDGE('',*,*,#3988,.T.);
#2401=ORIENTED_EDGE('',*,*,#3996,.T.);
#2402=ORIENTED_EDGE('',*,*,#3973,.F.);
#2403=ORIENTED_EDGE('',*,*,#3989,.F.);
#2404=ORIENTED_EDGE('',*,*,#3997,.F.);
#2405=ORIENTED_EDGE('',*,*,#3998,.T.);
#2406=ORIENTED_EDGE('',*,*,#3997,.T.);
#2407=ORIENTED_EDGE('',*,*,#3999,.T.);
#2408=ORIENTED_EDGE('',*,*,#3998,.F.);
#2409=ORIENTED_EDGE('',*,*,#4000,.F.);
#2410=ORIENTED_EDGE('',*,*,#3999,.F.);
#2411=ORIENTED_EDGE('',*,*,#4000,.T.);
#2412=ORIENTED_EDGE('',*,*,#4001,.F.);
#2413=ORIENTED_EDGE('',*,*,#4002,.T.);
#2414=ORIENTED_EDGE('',*,*,#4002,.F.);
#2415=ORIENTED_EDGE('',*,*,#4003,.F.);
#2416=ORIENTED_EDGE('',*,*,#4001,.T.);
#2417=ORIENTED_EDGE('',*,*,#4004,.T.);
#2418=ORIENTED_EDGE('',*,*,#4003,.T.);
#2419=ORIENTED_EDGE('',*,*,#4004,.F.);
#2420=ORIENTED_EDGE('',*,*,#4005,.F.);
#2421=ORIENTED_EDGE('',*,*,#4006,.T.);
#2422=ORIENTED_EDGE('',*,*,#4005,.T.);
#2423=ORIENTED_EDGE('',*,*,#4007,.T.);
#2424=ORIENTED_EDGE('',*,*,#4006,.F.);
#2425=ORIENTED_EDGE('',*,*,#4008,.F.);
#2426=ORIENTED_EDGE('',*,*,#4007,.F.);
#2427=ORIENTED_EDGE('',*,*,#4008,.T.);
#2428=ORIENTED_EDGE('',*,*,#4009,.F.);
#2429=ORIENTED_EDGE('',*,*,#4010,.F.);
#2430=ORIENTED_EDGE('',*,*,#4011,.F.);
#2431=ORIENTED_EDGE('',*,*,#4012,.F.);
#2432=ORIENTED_EDGE('',*,*,#4013,.F.);
#2433=ORIENTED_EDGE('',*,*,#4014,.F.);
#2434=ORIENTED_EDGE('',*,*,#4015,.F.);
#2435=ORIENTED_EDGE('',*,*,#4016,.F.);
#2436=ORIENTED_EDGE('',*,*,#4017,.T.);
#2437=ORIENTED_EDGE('',*,*,#4018,.T.);
#2438=ORIENTED_EDGE('',*,*,#4019,.T.);
#2439=ORIENTED_EDGE('',*,*,#4020,.T.);
#2440=ORIENTED_EDGE('',*,*,#4021,.T.);
#2441=ORIENTED_EDGE('',*,*,#4022,.T.);
#2442=ORIENTED_EDGE('',*,*,#4023,.T.);
#2443=ORIENTED_EDGE('',*,*,#4024,.T.);
#2444=ORIENTED_EDGE('',*,*,#4025,.T.);
#2445=ORIENTED_EDGE('',*,*,#4009,.T.);
#2446=ORIENTED_EDGE('',*,*,#4026,.F.);
#2447=ORIENTED_EDGE('',*,*,#4024,.F.);
#2448=ORIENTED_EDGE('',*,*,#4027,.T.);
#2449=ORIENTED_EDGE('',*,*,#4010,.T.);
#2450=ORIENTED_EDGE('',*,*,#4025,.F.);
#2451=ORIENTED_EDGE('',*,*,#4023,.F.);
#2452=ORIENTED_EDGE('',*,*,#4028,.T.);
#2453=ORIENTED_EDGE('',*,*,#4011,.T.);
#2454=ORIENTED_EDGE('',*,*,#4027,.F.);
#2455=ORIENTED_EDGE('',*,*,#4022,.F.);
#2456=ORIENTED_EDGE('',*,*,#4029,.T.);
#2457=ORIENTED_EDGE('',*,*,#4012,.T.);
#2458=ORIENTED_EDGE('',*,*,#4028,.F.);
#2459=ORIENTED_EDGE('',*,*,#4021,.F.);
#2460=ORIENTED_EDGE('',*,*,#4030,.T.);
#2461=ORIENTED_EDGE('',*,*,#4013,.T.);
#2462=ORIENTED_EDGE('',*,*,#4029,.F.);
#2463=ORIENTED_EDGE('',*,*,#4020,.F.);
#2464=ORIENTED_EDGE('',*,*,#4031,.T.);
#2465=ORIENTED_EDGE('',*,*,#4014,.T.);
#2466=ORIENTED_EDGE('',*,*,#4030,.F.);
#2467=ORIENTED_EDGE('',*,*,#4019,.F.);
#2468=ORIENTED_EDGE('',*,*,#4032,.T.);
#2469=ORIENTED_EDGE('',*,*,#4015,.T.);
#2470=ORIENTED_EDGE('',*,*,#4031,.F.);
#2471=ORIENTED_EDGE('',*,*,#4018,.F.);
#2472=ORIENTED_EDGE('',*,*,#4026,.T.);
#2473=ORIENTED_EDGE('',*,*,#4016,.T.);
#2474=ORIENTED_EDGE('',*,*,#4032,.F.);
#2475=ORIENTED_EDGE('',*,*,#4017,.F.);
#2476=ORIENTED_EDGE('',*,*,#4033,.F.);
#2477=ORIENTED_EDGE('',*,*,#4034,.T.);
#2478=ORIENTED_EDGE('',*,*,#4033,.T.);
#2479=ORIENTED_EDGE('',*,*,#4035,.T.);
#2480=ORIENTED_EDGE('',*,*,#4034,.F.);
#2481=ORIENTED_EDGE('',*,*,#4036,.F.);
#2482=ORIENTED_EDGE('',*,*,#4035,.F.);
#2483=ORIENTED_EDGE('',*,*,#4036,.T.);
#2484=ORIENTED_EDGE('',*,*,#4037,.F.);
#2485=ORIENTED_EDGE('',*,*,#4038,.T.);
#2486=ORIENTED_EDGE('',*,*,#4038,.F.);
#2487=ORIENTED_EDGE('',*,*,#4039,.F.);
#2488=ORIENTED_EDGE('',*,*,#4037,.T.);
#2489=ORIENTED_EDGE('',*,*,#4040,.T.);
#2490=ORIENTED_EDGE('',*,*,#4039,.T.);
#2491=ORIENTED_EDGE('',*,*,#4040,.F.);
#2492=ORIENTED_EDGE('',*,*,#4041,.F.);
#2493=ORIENTED_EDGE('',*,*,#4042,.T.);
#2494=ORIENTED_EDGE('',*,*,#4041,.T.);
#2495=ORIENTED_EDGE('',*,*,#4043,.T.);
#2496=ORIENTED_EDGE('',*,*,#4042,.F.);
#2497=ORIENTED_EDGE('',*,*,#4044,.F.);
#2498=ORIENTED_EDGE('',*,*,#4043,.F.);
#2499=ORIENTED_EDGE('',*,*,#4044,.T.);
#2500=ORIENTED_EDGE('',*,*,#4045,.T.);
#2501=ORIENTED_EDGE('',*,*,#4046,.T.);
#2502=ORIENTED_EDGE('',*,*,#4047,.T.);
#2503=ORIENTED_EDGE('',*,*,#4048,.T.);
#2504=ORIENTED_EDGE('',*,*,#4049,.T.);
#2505=ORIENTED_EDGE('',*,*,#4050,.T.);
#2506=ORIENTED_EDGE('',*,*,#4051,.T.);
#2507=ORIENTED_EDGE('',*,*,#4052,.T.);
#2508=ORIENTED_EDGE('',*,*,#4053,.F.);
#2509=ORIENTED_EDGE('',*,*,#4054,.F.);
#2510=ORIENTED_EDGE('',*,*,#4055,.F.);
#2511=ORIENTED_EDGE('',*,*,#4056,.F.);
#2512=ORIENTED_EDGE('',*,*,#4057,.F.);
#2513=ORIENTED_EDGE('',*,*,#4058,.F.);
#2514=ORIENTED_EDGE('',*,*,#4059,.F.);
#2515=ORIENTED_EDGE('',*,*,#4060,.F.);
#2516=ORIENTED_EDGE('',*,*,#4053,.T.);
#2517=ORIENTED_EDGE('',*,*,#4061,.T.);
#2518=ORIENTED_EDGE('',*,*,#4052,.F.);
#2519=ORIENTED_EDGE('',*,*,#4062,.F.);
#2520=ORIENTED_EDGE('',*,*,#4054,.T.);
#2521=ORIENTED_EDGE('',*,*,#4062,.T.);
#2522=ORIENTED_EDGE('',*,*,#4051,.F.);
#2523=ORIENTED_EDGE('',*,*,#4063,.F.);
#2524=ORIENTED_EDGE('',*,*,#4055,.T.);
#2525=ORIENTED_EDGE('',*,*,#4063,.T.);
#2526=ORIENTED_EDGE('',*,*,#4050,.F.);
#2527=ORIENTED_EDGE('',*,*,#4064,.F.);
#2528=ORIENTED_EDGE('',*,*,#4056,.T.);
#2529=ORIENTED_EDGE('',*,*,#4064,.T.);
#2530=ORIENTED_EDGE('',*,*,#4049,.F.);
#2531=ORIENTED_EDGE('',*,*,#4065,.F.);
#2532=ORIENTED_EDGE('',*,*,#4057,.T.);
#2533=ORIENTED_EDGE('',*,*,#4065,.T.);
#2534=ORIENTED_EDGE('',*,*,#4048,.F.);
#2535=ORIENTED_EDGE('',*,*,#4066,.F.);
#2536=ORIENTED_EDGE('',*,*,#4058,.T.);
#2537=ORIENTED_EDGE('',*,*,#4066,.T.);
#2538=ORIENTED_EDGE('',*,*,#4047,.F.);
#2539=ORIENTED_EDGE('',*,*,#4067,.F.);
#2540=ORIENTED_EDGE('',*,*,#4059,.T.);
#2541=ORIENTED_EDGE('',*,*,#4067,.T.);
#2542=ORIENTED_EDGE('',*,*,#4046,.F.);
#2543=ORIENTED_EDGE('',*,*,#4068,.F.);
#2544=ORIENTED_EDGE('',*,*,#4060,.T.);
#2545=ORIENTED_EDGE('',*,*,#4068,.T.);
#2546=ORIENTED_EDGE('',*,*,#4045,.F.);
#2547=ORIENTED_EDGE('',*,*,#4061,.F.);
#2548=ORIENTED_EDGE('',*,*,#4069,.F.);
#2549=ORIENTED_EDGE('',*,*,#4070,.F.);
#2550=ORIENTED_EDGE('',*,*,#4071,.F.);
#2551=ORIENTED_EDGE('',*,*,#4072,.F.);
#2552=ORIENTED_EDGE('',*,*,#4073,.F.);
#2553=ORIENTED_EDGE('',*,*,#4074,.F.);
#2554=ORIENTED_EDGE('',*,*,#4075,.F.);
#2555=ORIENTED_EDGE('',*,*,#4076,.F.);
#2556=ORIENTED_EDGE('',*,*,#4077,.T.);
#2557=ORIENTED_EDGE('',*,*,#4078,.T.);
#2558=ORIENTED_EDGE('',*,*,#4079,.T.);
#2559=ORIENTED_EDGE('',*,*,#4080,.T.);
#2560=ORIENTED_EDGE('',*,*,#4081,.T.);
#2561=ORIENTED_EDGE('',*,*,#4082,.T.);
#2562=ORIENTED_EDGE('',*,*,#4083,.T.);
#2563=ORIENTED_EDGE('',*,*,#4084,.T.);
#2564=ORIENTED_EDGE('',*,*,#4085,.T.);
#2565=ORIENTED_EDGE('',*,*,#4069,.T.);
#2566=ORIENTED_EDGE('',*,*,#4086,.F.);
#2567=ORIENTED_EDGE('',*,*,#4084,.F.);
#2568=ORIENTED_EDGE('',*,*,#4087,.T.);
#2569=ORIENTED_EDGE('',*,*,#4070,.T.);
#2570=ORIENTED_EDGE('',*,*,#4085,.F.);
#2571=ORIENTED_EDGE('',*,*,#4083,.F.);
#2572=ORIENTED_EDGE('',*,*,#4088,.T.);
#2573=ORIENTED_EDGE('',*,*,#4071,.T.);
#2574=ORIENTED_EDGE('',*,*,#4087,.F.);
#2575=ORIENTED_EDGE('',*,*,#4082,.F.);
#2576=ORIENTED_EDGE('',*,*,#4089,.T.);
#2577=ORIENTED_EDGE('',*,*,#4072,.T.);
#2578=ORIENTED_EDGE('',*,*,#4088,.F.);
#2579=ORIENTED_EDGE('',*,*,#4081,.F.);
#2580=ORIENTED_EDGE('',*,*,#4090,.T.);
#2581=ORIENTED_EDGE('',*,*,#4073,.T.);
#2582=ORIENTED_EDGE('',*,*,#4089,.F.);
#2583=ORIENTED_EDGE('',*,*,#4080,.F.);
#2584=ORIENTED_EDGE('',*,*,#4091,.T.);
#2585=ORIENTED_EDGE('',*,*,#4074,.T.);
#2586=ORIENTED_EDGE('',*,*,#4090,.F.);
#2587=ORIENTED_EDGE('',*,*,#4079,.F.);
#2588=ORIENTED_EDGE('',*,*,#4092,.T.);
#2589=ORIENTED_EDGE('',*,*,#4075,.T.);
#2590=ORIENTED_EDGE('',*,*,#4091,.F.);
#2591=ORIENTED_EDGE('',*,*,#4078,.F.);
#2592=ORIENTED_EDGE('',*,*,#4086,.T.);
#2593=ORIENTED_EDGE('',*,*,#4076,.T.);
#2594=ORIENTED_EDGE('',*,*,#4092,.F.);
#2595=ORIENTED_EDGE('',*,*,#4077,.F.);
#2596=ORIENTED_EDGE('',*,*,#4093,.F.);
#2597=ORIENTED_EDGE('',*,*,#4094,.F.);
#2598=ORIENTED_EDGE('',*,*,#4095,.F.);
#2599=ORIENTED_EDGE('',*,*,#4096,.F.);
#2600=ORIENTED_EDGE('',*,*,#4097,.F.);
#2601=ORIENTED_EDGE('',*,*,#4098,.F.);
#2602=ORIENTED_EDGE('',*,*,#4099,.F.);
#2603=ORIENTED_EDGE('',*,*,#4100,.F.);
#2604=ORIENTED_EDGE('',*,*,#4101,.T.);
#2605=ORIENTED_EDGE('',*,*,#4102,.T.);
#2606=ORIENTED_EDGE('',*,*,#4103,.T.);
#2607=ORIENTED_EDGE('',*,*,#4104,.T.);
#2608=ORIENTED_EDGE('',*,*,#4105,.T.);
#2609=ORIENTED_EDGE('',*,*,#4106,.T.);
#2610=ORIENTED_EDGE('',*,*,#4107,.T.);
#2611=ORIENTED_EDGE('',*,*,#4108,.T.);
#2612=ORIENTED_EDGE('',*,*,#4109,.T.);
#2613=ORIENTED_EDGE('',*,*,#4093,.T.);
#2614=ORIENTED_EDGE('',*,*,#4110,.F.);
#2615=ORIENTED_EDGE('',*,*,#4108,.F.);
#2616=ORIENTED_EDGE('',*,*,#4111,.T.);
#2617=ORIENTED_EDGE('',*,*,#4094,.T.);
#2618=ORIENTED_EDGE('',*,*,#4109,.F.);
#2619=ORIENTED_EDGE('',*,*,#4107,.F.);
#2620=ORIENTED_EDGE('',*,*,#4112,.T.);
#2621=ORIENTED_EDGE('',*,*,#4095,.T.);
#2622=ORIENTED_EDGE('',*,*,#4111,.F.);
#2623=ORIENTED_EDGE('',*,*,#4106,.F.);
#2624=ORIENTED_EDGE('',*,*,#4113,.T.);
#2625=ORIENTED_EDGE('',*,*,#4096,.T.);
#2626=ORIENTED_EDGE('',*,*,#4112,.F.);
#2627=ORIENTED_EDGE('',*,*,#4105,.F.);
#2628=ORIENTED_EDGE('',*,*,#4114,.T.);
#2629=ORIENTED_EDGE('',*,*,#4097,.T.);
#2630=ORIENTED_EDGE('',*,*,#4113,.F.);
#2631=ORIENTED_EDGE('',*,*,#4104,.F.);
#2632=ORIENTED_EDGE('',*,*,#4115,.T.);
#2633=ORIENTED_EDGE('',*,*,#4098,.T.);
#2634=ORIENTED_EDGE('',*,*,#4114,.F.);
#2635=ORIENTED_EDGE('',*,*,#4103,.F.);
#2636=ORIENTED_EDGE('',*,*,#4116,.T.);
#2637=ORIENTED_EDGE('',*,*,#4099,.T.);
#2638=ORIENTED_EDGE('',*,*,#4115,.F.);
#2639=ORIENTED_EDGE('',*,*,#4102,.F.);
#2640=ORIENTED_EDGE('',*,*,#4110,.T.);
#2641=ORIENTED_EDGE('',*,*,#4100,.T.);
#2642=ORIENTED_EDGE('',*,*,#4116,.F.);
#2643=ORIENTED_EDGE('',*,*,#4101,.F.);
#2644=ORIENTED_EDGE('',*,*,#4117,.F.);
#2645=ORIENTED_EDGE('',*,*,#4118,.F.);
#2646=ORIENTED_EDGE('',*,*,#4119,.F.);
#2647=ORIENTED_EDGE('',*,*,#4120,.F.);
#2648=ORIENTED_EDGE('',*,*,#4121,.F.);
#2649=ORIENTED_EDGE('',*,*,#4122,.F.);
#2650=ORIENTED_EDGE('',*,*,#4123,.F.);
#2651=ORIENTED_EDGE('',*,*,#4124,.F.);
#2652=ORIENTED_EDGE('',*,*,#4125,.T.);
#2653=ORIENTED_EDGE('',*,*,#4126,.T.);
#2654=ORIENTED_EDGE('',*,*,#4127,.T.);
#2655=ORIENTED_EDGE('',*,*,#4128,.T.);
#2656=ORIENTED_EDGE('',*,*,#4129,.T.);
#2657=ORIENTED_EDGE('',*,*,#4130,.T.);
#2658=ORIENTED_EDGE('',*,*,#4131,.T.);
#2659=ORIENTED_EDGE('',*,*,#4132,.T.);
#2660=ORIENTED_EDGE('',*,*,#4133,.T.);
#2661=ORIENTED_EDGE('',*,*,#4117,.T.);
#2662=ORIENTED_EDGE('',*,*,#4134,.F.);
#2663=ORIENTED_EDGE('',*,*,#4132,.F.);
#2664=ORIENTED_EDGE('',*,*,#4135,.T.);
#2665=ORIENTED_EDGE('',*,*,#4118,.T.);
#2666=ORIENTED_EDGE('',*,*,#4133,.F.);
#2667=ORIENTED_EDGE('',*,*,#4131,.F.);
#2668=ORIENTED_EDGE('',*,*,#4136,.T.);
#2669=ORIENTED_EDGE('',*,*,#4119,.T.);
#2670=ORIENTED_EDGE('',*,*,#4135,.F.);
#2671=ORIENTED_EDGE('',*,*,#4130,.F.);
#2672=ORIENTED_EDGE('',*,*,#4137,.T.);
#2673=ORIENTED_EDGE('',*,*,#4120,.T.);
#2674=ORIENTED_EDGE('',*,*,#4136,.F.);
#2675=ORIENTED_EDGE('',*,*,#4129,.F.);
#2676=ORIENTED_EDGE('',*,*,#4138,.T.);
#2677=ORIENTED_EDGE('',*,*,#4121,.T.);
#2678=ORIENTED_EDGE('',*,*,#4137,.F.);
#2679=ORIENTED_EDGE('',*,*,#4128,.F.);
#2680=ORIENTED_EDGE('',*,*,#4139,.T.);
#2681=ORIENTED_EDGE('',*,*,#4122,.T.);
#2682=ORIENTED_EDGE('',*,*,#4138,.F.);
#2683=ORIENTED_EDGE('',*,*,#4127,.F.);
#2684=ORIENTED_EDGE('',*,*,#4140,.T.);
#2685=ORIENTED_EDGE('',*,*,#4123,.T.);
#2686=ORIENTED_EDGE('',*,*,#4139,.F.);
#2687=ORIENTED_EDGE('',*,*,#4126,.F.);
#2688=ORIENTED_EDGE('',*,*,#4134,.T.);
#2689=ORIENTED_EDGE('',*,*,#4124,.T.);
#2690=ORIENTED_EDGE('',*,*,#4140,.F.);
#2691=ORIENTED_EDGE('',*,*,#4125,.F.);
#2692=ORIENTED_EDGE('',*,*,#4141,.T.);
#2693=ORIENTED_EDGE('',*,*,#4142,.F.);
#2694=ORIENTED_EDGE('',*,*,#4141,.F.);
#2695=ORIENTED_EDGE('',*,*,#4142,.T.);
#2696=ORIENTED_EDGE('',*,*,#4143,.T.);
#2697=ORIENTED_EDGE('',*,*,#4144,.F.);
#2698=ORIENTED_EDGE('',*,*,#4143,.F.);
#2699=ORIENTED_EDGE('',*,*,#4144,.T.);
#2700=ORIENTED_EDGE('',*,*,#4145,.F.);
#2701=ORIENTED_EDGE('',*,*,#4146,.F.);
#2702=ORIENTED_EDGE('',*,*,#4147,.F.);
#2703=ORIENTED_EDGE('',*,*,#4148,.F.);
#2704=ORIENTED_EDGE('',*,*,#4149,.F.);
#2705=ORIENTED_EDGE('',*,*,#4150,.F.);
#2706=ORIENTED_EDGE('',*,*,#4151,.F.);
#2707=ORIENTED_EDGE('',*,*,#4152,.F.);
#2708=ORIENTED_EDGE('',*,*,#4153,.F.);
#2709=ORIENTED_EDGE('',*,*,#4154,.F.);
#2710=ORIENTED_EDGE('',*,*,#4155,.F.);
#2711=ORIENTED_EDGE('',*,*,#4156,.F.);
#2712=ORIENTED_EDGE('',*,*,#4157,.F.);
#2713=ORIENTED_EDGE('',*,*,#4158,.F.);
#2714=ORIENTED_EDGE('',*,*,#4159,.F.);
#2715=ORIENTED_EDGE('',*,*,#4160,.F.);
#2716=ORIENTED_EDGE('',*,*,#4161,.F.);
#2717=ORIENTED_EDGE('',*,*,#4162,.F.);
#2718=ORIENTED_EDGE('',*,*,#4163,.F.);
#2719=ORIENTED_EDGE('',*,*,#4164,.F.);
#2720=ORIENTED_EDGE('',*,*,#4165,.F.);
#2721=ORIENTED_EDGE('',*,*,#4166,.F.);
#2722=ORIENTED_EDGE('',*,*,#4167,.F.);
#2723=ORIENTED_EDGE('',*,*,#4168,.F.);
#2724=ORIENTED_EDGE('',*,*,#4169,.F.);
#2725=ORIENTED_EDGE('',*,*,#4170,.F.);
#2726=ORIENTED_EDGE('',*,*,#4171,.F.);
#2727=ORIENTED_EDGE('',*,*,#4172,.F.);
#2728=ORIENTED_EDGE('',*,*,#4173,.F.);
#2729=ORIENTED_EDGE('',*,*,#4174,.F.);
#2730=ORIENTED_EDGE('',*,*,#4175,.F.);
#2731=ORIENTED_EDGE('',*,*,#4176,.F.);
#2732=ORIENTED_EDGE('',*,*,#4177,.F.);
#2733=ORIENTED_EDGE('',*,*,#4178,.F.);
#2734=ORIENTED_EDGE('',*,*,#4179,.F.);
#2735=ORIENTED_EDGE('',*,*,#4180,.F.);
#2736=ORIENTED_EDGE('',*,*,#4181,.F.);
#2737=ORIENTED_EDGE('',*,*,#4182,.F.);
#2738=ORIENTED_EDGE('',*,*,#4183,.F.);
#2739=ORIENTED_EDGE('',*,*,#4184,.F.);
#2740=ORIENTED_EDGE('',*,*,#4185,.F.);
#2741=ORIENTED_EDGE('',*,*,#4186,.F.);
#2742=ORIENTED_EDGE('',*,*,#4187,.F.);
#2743=ORIENTED_EDGE('',*,*,#4188,.F.);
#2744=ORIENTED_EDGE('',*,*,#4189,.F.);
#2745=ORIENTED_EDGE('',*,*,#4190,.F.);
#2746=ORIENTED_EDGE('',*,*,#4191,.F.);
#2747=ORIENTED_EDGE('',*,*,#4192,.F.);
#2748=ORIENTED_EDGE('',*,*,#4193,.F.);
#2749=ORIENTED_EDGE('',*,*,#4194,.F.);
#2750=ORIENTED_EDGE('',*,*,#4195,.F.);
#2751=ORIENTED_EDGE('',*,*,#4196,.F.);
#2752=ORIENTED_EDGE('',*,*,#4197,.F.);
#2753=ORIENTED_EDGE('',*,*,#4198,.F.);
#2754=ORIENTED_EDGE('',*,*,#4199,.F.);
#2755=ORIENTED_EDGE('',*,*,#4200,.F.);
#2756=ORIENTED_EDGE('',*,*,#4201,.F.);
#2757=ORIENTED_EDGE('',*,*,#4202,.F.);
#2758=ORIENTED_EDGE('',*,*,#4203,.F.);
#2759=ORIENTED_EDGE('',*,*,#4204,.F.);
#2760=ORIENTED_EDGE('',*,*,#4205,.F.);
#2761=ORIENTED_EDGE('',*,*,#4206,.F.);
#2762=ORIENTED_EDGE('',*,*,#4207,.F.);
#2763=ORIENTED_EDGE('',*,*,#4208,.F.);
#2764=ORIENTED_EDGE('',*,*,#4209,.F.);
#2765=ORIENTED_EDGE('',*,*,#4210,.F.);
#2766=ORIENTED_EDGE('',*,*,#4211,.F.);
#2767=ORIENTED_EDGE('',*,*,#4212,.F.);
#2768=ORIENTED_EDGE('',*,*,#4213,.F.);
#2769=ORIENTED_EDGE('',*,*,#4214,.T.);
#2770=ORIENTED_EDGE('',*,*,#4215,.T.);
#2771=ORIENTED_EDGE('',*,*,#4216,.T.);
#2772=ORIENTED_EDGE('',*,*,#4217,.T.);
#2773=ORIENTED_EDGE('',*,*,#4218,.T.);
#2774=ORIENTED_EDGE('',*,*,#4219,.T.);
#2775=ORIENTED_EDGE('',*,*,#4220,.T.);
#2776=ORIENTED_EDGE('',*,*,#4221,.T.);
#2777=ORIENTED_EDGE('',*,*,#4222,.T.);
#2778=ORIENTED_EDGE('',*,*,#4223,.T.);
#2779=ORIENTED_EDGE('',*,*,#4224,.T.);
#2780=ORIENTED_EDGE('',*,*,#4225,.T.);
#2781=ORIENTED_EDGE('',*,*,#4226,.T.);
#2782=ORIENTED_EDGE('',*,*,#4227,.T.);
#2783=ORIENTED_EDGE('',*,*,#4228,.T.);
#2784=ORIENTED_EDGE('',*,*,#4229,.T.);
#2785=ORIENTED_EDGE('',*,*,#4230,.T.);
#2786=ORIENTED_EDGE('',*,*,#4231,.T.);
#2787=ORIENTED_EDGE('',*,*,#4232,.T.);
#2788=ORIENTED_EDGE('',*,*,#4233,.T.);
#2789=ORIENTED_EDGE('',*,*,#4234,.T.);
#2790=ORIENTED_EDGE('',*,*,#4235,.T.);
#2791=ORIENTED_EDGE('',*,*,#4236,.T.);
#2792=ORIENTED_EDGE('',*,*,#4237,.T.);
#2793=ORIENTED_EDGE('',*,*,#4238,.T.);
#2794=ORIENTED_EDGE('',*,*,#4239,.T.);
#2795=ORIENTED_EDGE('',*,*,#4240,.T.);
#2796=ORIENTED_EDGE('',*,*,#4241,.T.);
#2797=ORIENTED_EDGE('',*,*,#4242,.T.);
#2798=ORIENTED_EDGE('',*,*,#4243,.T.);
#2799=ORIENTED_EDGE('',*,*,#4244,.T.);
#2800=ORIENTED_EDGE('',*,*,#4245,.T.);
#2801=ORIENTED_EDGE('',*,*,#4246,.T.);
#2802=ORIENTED_EDGE('',*,*,#4247,.T.);
#2803=ORIENTED_EDGE('',*,*,#4248,.T.);
#2804=ORIENTED_EDGE('',*,*,#4249,.T.);
#2805=ORIENTED_EDGE('',*,*,#4250,.T.);
#2806=ORIENTED_EDGE('',*,*,#4251,.T.);
#2807=ORIENTED_EDGE('',*,*,#4252,.T.);
#2808=ORIENTED_EDGE('',*,*,#4253,.T.);
#2809=ORIENTED_EDGE('',*,*,#4254,.T.);
#2810=ORIENTED_EDGE('',*,*,#4255,.T.);
#2811=ORIENTED_EDGE('',*,*,#4256,.T.);
#2812=ORIENTED_EDGE('',*,*,#4257,.T.);
#2813=ORIENTED_EDGE('',*,*,#4258,.T.);
#2814=ORIENTED_EDGE('',*,*,#4259,.T.);
#2815=ORIENTED_EDGE('',*,*,#4260,.T.);
#2816=ORIENTED_EDGE('',*,*,#4261,.T.);
#2817=ORIENTED_EDGE('',*,*,#4262,.T.);
#2818=ORIENTED_EDGE('',*,*,#4263,.T.);
#2819=ORIENTED_EDGE('',*,*,#4264,.T.);
#2820=ORIENTED_EDGE('',*,*,#4265,.T.);
#2821=ORIENTED_EDGE('',*,*,#4266,.T.);
#2822=ORIENTED_EDGE('',*,*,#4267,.T.);
#2823=ORIENTED_EDGE('',*,*,#4268,.T.);
#2824=ORIENTED_EDGE('',*,*,#4269,.T.);
#2825=ORIENTED_EDGE('',*,*,#4270,.T.);
#2826=ORIENTED_EDGE('',*,*,#4271,.T.);
#2827=ORIENTED_EDGE('',*,*,#4272,.T.);
#2828=ORIENTED_EDGE('',*,*,#4273,.T.);
#2829=ORIENTED_EDGE('',*,*,#4274,.T.);
#2830=ORIENTED_EDGE('',*,*,#4275,.T.);
#2831=ORIENTED_EDGE('',*,*,#4276,.T.);
#2832=ORIENTED_EDGE('',*,*,#4277,.T.);
#2833=ORIENTED_EDGE('',*,*,#4278,.T.);
#2834=ORIENTED_EDGE('',*,*,#4279,.T.);
#2835=ORIENTED_EDGE('',*,*,#4280,.T.);
#2836=ORIENTED_EDGE('',*,*,#4281,.T.);
#2837=ORIENTED_EDGE('',*,*,#4282,.T.);
#2838=ORIENTED_EDGE('',*,*,#4283,.T.);
#2839=ORIENTED_EDGE('',*,*,#4284,.T.);
#2840=ORIENTED_EDGE('',*,*,#4285,.T.);
#2841=ORIENTED_EDGE('',*,*,#4286,.T.);
#2842=ORIENTED_EDGE('',*,*,#4287,.T.);
#2843=ORIENTED_EDGE('',*,*,#4288,.T.);
#2844=ORIENTED_EDGE('',*,*,#4289,.T.);
#2845=ORIENTED_EDGE('',*,*,#4290,.T.);
#2846=ORIENTED_EDGE('',*,*,#4291,.T.);
#2847=ORIENTED_EDGE('',*,*,#4292,.T.);
#2848=ORIENTED_EDGE('',*,*,#4293,.T.);
#2849=ORIENTED_EDGE('',*,*,#4294,.T.);
#2850=ORIENTED_EDGE('',*,*,#4295,.T.);
#2851=ORIENTED_EDGE('',*,*,#4296,.T.);
#2852=ORIENTED_EDGE('',*,*,#4297,.T.);
#2853=ORIENTED_EDGE('',*,*,#4298,.T.);
#2854=ORIENTED_EDGE('',*,*,#4299,.T.);
#2855=ORIENTED_EDGE('',*,*,#4300,.T.);
#2856=ORIENTED_EDGE('',*,*,#4301,.T.);
#2857=ORIENTED_EDGE('',*,*,#4302,.T.);
#2858=ORIENTED_EDGE('',*,*,#4303,.T.);
#2859=ORIENTED_EDGE('',*,*,#4304,.T.);
#2860=ORIENTED_EDGE('',*,*,#4305,.T.);
#2861=ORIENTED_EDGE('',*,*,#4306,.T.);
#2862=ORIENTED_EDGE('',*,*,#4307,.T.);
#2863=ORIENTED_EDGE('',*,*,#4308,.T.);
#2864=ORIENTED_EDGE('',*,*,#4309,.T.);
#2865=ORIENTED_EDGE('',*,*,#4310,.T.);
#2866=ORIENTED_EDGE('',*,*,#4311,.T.);
#2867=ORIENTED_EDGE('',*,*,#4312,.T.);
#2868=ORIENTED_EDGE('',*,*,#4313,.T.);
#2869=ORIENTED_EDGE('',*,*,#4314,.T.);
#2870=ORIENTED_EDGE('',*,*,#4315,.T.);
#2871=ORIENTED_EDGE('',*,*,#4316,.T.);
#2872=ORIENTED_EDGE('',*,*,#4317,.T.);
#2873=ORIENTED_EDGE('',*,*,#4318,.T.);
#2874=ORIENTED_EDGE('',*,*,#4319,.T.);
#2875=ORIENTED_EDGE('',*,*,#4320,.T.);
#2876=ORIENTED_EDGE('',*,*,#4321,.T.);
#2877=ORIENTED_EDGE('',*,*,#4322,.T.);
#2878=ORIENTED_EDGE('',*,*,#4323,.T.);
#2879=ORIENTED_EDGE('',*,*,#4324,.T.);
#2880=ORIENTED_EDGE('',*,*,#4325,.T.);
#2881=ORIENTED_EDGE('',*,*,#4326,.T.);
#2882=ORIENTED_EDGE('',*,*,#4327,.T.);
#2883=ORIENTED_EDGE('',*,*,#4328,.T.);
#2884=ORIENTED_EDGE('',*,*,#4329,.T.);
#2885=ORIENTED_EDGE('',*,*,#4330,.T.);
#2886=ORIENTED_EDGE('',*,*,#4331,.T.);
#2887=ORIENTED_EDGE('',*,*,#4332,.T.);
#2888=ORIENTED_EDGE('',*,*,#4333,.T.);
#2889=ORIENTED_EDGE('',*,*,#4334,.T.);
#2890=ORIENTED_EDGE('',*,*,#4335,.T.);
#2891=ORIENTED_EDGE('',*,*,#4336,.T.);
#2892=ORIENTED_EDGE('',*,*,#4337,.T.);
#2893=ORIENTED_EDGE('',*,*,#4338,.T.);
#2894=ORIENTED_EDGE('',*,*,#4339,.T.);
#2895=ORIENTED_EDGE('',*,*,#4340,.T.);
#2896=ORIENTED_EDGE('',*,*,#4341,.T.);
#2897=ORIENTED_EDGE('',*,*,#4342,.T.);
#2898=ORIENTED_EDGE('',*,*,#4343,.T.);
#2899=ORIENTED_EDGE('',*,*,#4344,.T.);
#2900=ORIENTED_EDGE('',*,*,#4345,.T.);
#2901=ORIENTED_EDGE('',*,*,#4346,.T.);
#2902=ORIENTED_EDGE('',*,*,#4347,.T.);
#2903=ORIENTED_EDGE('',*,*,#4348,.T.);
#2904=ORIENTED_EDGE('',*,*,#4349,.T.);
#2905=ORIENTED_EDGE('',*,*,#4350,.T.);
#2906=ORIENTED_EDGE('',*,*,#4351,.T.);
#2907=ORIENTED_EDGE('',*,*,#4352,.T.);
#2908=ORIENTED_EDGE('',*,*,#4353,.T.);
#2909=ORIENTED_EDGE('',*,*,#4354,.T.);
#2910=ORIENTED_EDGE('',*,*,#4355,.T.);
#2911=ORIENTED_EDGE('',*,*,#4356,.T.);
#2912=ORIENTED_EDGE('',*,*,#4357,.T.);
#2913=ORIENTED_EDGE('',*,*,#4358,.T.);
#2914=ORIENTED_EDGE('',*,*,#4359,.T.);
#2915=ORIENTED_EDGE('',*,*,#4360,.T.);
#2916=ORIENTED_EDGE('',*,*,#4361,.T.);
#2917=ORIENTED_EDGE('',*,*,#4362,.T.);
#2918=ORIENTED_EDGE('',*,*,#4363,.T.);
#2919=ORIENTED_EDGE('',*,*,#4364,.T.);
#2920=ORIENTED_EDGE('',*,*,#4365,.T.);
#2921=ORIENTED_EDGE('',*,*,#4366,.T.);
#2922=ORIENTED_EDGE('',*,*,#4367,.T.);
#2923=ORIENTED_EDGE('',*,*,#4368,.T.);
#2924=ORIENTED_EDGE('',*,*,#4369,.T.);
#2925=ORIENTED_EDGE('',*,*,#4370,.T.);
#2926=ORIENTED_EDGE('',*,*,#4371,.T.);
#2927=ORIENTED_EDGE('',*,*,#4372,.T.);
#2928=ORIENTED_EDGE('',*,*,#4373,.T.);
#2929=ORIENTED_EDGE('',*,*,#4374,.T.);
#2930=ORIENTED_EDGE('',*,*,#4375,.T.);
#2931=ORIENTED_EDGE('',*,*,#4376,.T.);
#2932=ORIENTED_EDGE('',*,*,#4377,.T.);
#2933=ORIENTED_EDGE('',*,*,#4378,.T.);
#2934=ORIENTED_EDGE('',*,*,#4379,.T.);
#2935=ORIENTED_EDGE('',*,*,#4380,.T.);
#2936=ORIENTED_EDGE('',*,*,#4381,.T.);
#2937=ORIENTED_EDGE('',*,*,#4382,.T.);
#2938=ORIENTED_EDGE('',*,*,#4383,.T.);
#2939=ORIENTED_EDGE('',*,*,#4384,.T.);
#2940=ORIENTED_EDGE('',*,*,#4385,.T.);
#2941=ORIENTED_EDGE('',*,*,#4386,.T.);
#2942=ORIENTED_EDGE('',*,*,#4387,.T.);
#2943=ORIENTED_EDGE('',*,*,#4388,.T.);
#2944=ORIENTED_EDGE('',*,*,#4389,.T.);
#2945=ORIENTED_EDGE('',*,*,#4390,.T.);
#2946=ORIENTED_EDGE('',*,*,#4391,.T.);
#2947=ORIENTED_EDGE('',*,*,#4392,.T.);
#2948=ORIENTED_EDGE('',*,*,#4393,.T.);
#2949=ORIENTED_EDGE('',*,*,#4394,.T.);
#2950=ORIENTED_EDGE('',*,*,#4395,.T.);
#2951=ORIENTED_EDGE('',*,*,#4396,.T.);
#2952=ORIENTED_EDGE('',*,*,#4397,.T.);
#2953=ORIENTED_EDGE('',*,*,#4398,.T.);
#2954=ORIENTED_EDGE('',*,*,#4399,.T.);
#2955=ORIENTED_EDGE('',*,*,#4400,.T.);
#2956=ORIENTED_EDGE('',*,*,#4401,.T.);
#2957=ORIENTED_EDGE('',*,*,#4402,.T.);
#2958=ORIENTED_EDGE('',*,*,#4403,.T.);
#2959=ORIENTED_EDGE('',*,*,#4404,.T.);
#2960=ORIENTED_EDGE('',*,*,#4405,.T.);
#2961=ORIENTED_EDGE('',*,*,#4406,.T.);
#2962=ORIENTED_EDGE('',*,*,#4407,.T.);
#2963=ORIENTED_EDGE('',*,*,#4408,.T.);
#2964=ORIENTED_EDGE('',*,*,#4409,.T.);
#2965=ORIENTED_EDGE('',*,*,#4410,.T.);
#2966=ORIENTED_EDGE('',*,*,#4411,.T.);
#2967=ORIENTED_EDGE('',*,*,#4412,.T.);
#2968=ORIENTED_EDGE('',*,*,#4413,.T.);
#2969=ORIENTED_EDGE('',*,*,#4414,.T.);
#2970=ORIENTED_EDGE('',*,*,#4415,.T.);
#2971=ORIENTED_EDGE('',*,*,#4416,.T.);
#2972=ORIENTED_EDGE('',*,*,#4417,.T.);
#2973=ORIENTED_EDGE('',*,*,#4418,.T.);
#2974=ORIENTED_EDGE('',*,*,#4419,.T.);
#2975=ORIENTED_EDGE('',*,*,#4420,.T.);
#2976=ORIENTED_EDGE('',*,*,#4421,.T.);
#2977=ORIENTED_EDGE('',*,*,#4422,.T.);
#2978=ORIENTED_EDGE('',*,*,#4423,.T.);
#2979=ORIENTED_EDGE('',*,*,#4424,.T.);
#2980=ORIENTED_EDGE('',*,*,#4425,.T.);
#2981=ORIENTED_EDGE('',*,*,#4426,.T.);
#2982=ORIENTED_EDGE('',*,*,#4427,.T.);
#2983=ORIENTED_EDGE('',*,*,#4428,.T.);
#2984=ORIENTED_EDGE('',*,*,#4429,.T.);
#2985=ORIENTED_EDGE('',*,*,#4430,.T.);
#2986=ORIENTED_EDGE('',*,*,#4431,.T.);
#2987=ORIENTED_EDGE('',*,*,#4432,.T.);
#2988=ORIENTED_EDGE('',*,*,#4433,.T.);
#2989=ORIENTED_EDGE('',*,*,#4434,.T.);
#2990=ORIENTED_EDGE('',*,*,#4435,.T.);
#2991=ORIENTED_EDGE('',*,*,#4436,.T.);
#2992=ORIENTED_EDGE('',*,*,#4437,.T.);
#2993=ORIENTED_EDGE('',*,*,#4438,.T.);
#2994=ORIENTED_EDGE('',*,*,#4439,.T.);
#2995=ORIENTED_EDGE('',*,*,#4440,.T.);
#2996=ORIENTED_EDGE('',*,*,#4441,.T.);
#2997=ORIENTED_EDGE('',*,*,#4442,.T.);
#2998=ORIENTED_EDGE('',*,*,#4443,.T.);
#2999=ORIENTED_EDGE('',*,*,#4444,.T.);
#3000=ORIENTED_EDGE('',*,*,#4445,.T.);
#3001=ORIENTED_EDGE('',*,*,#4446,.T.);
#3002=ORIENTED_EDGE('',*,*,#4447,.T.);
#3003=ORIENTED_EDGE('',*,*,#4448,.T.);
#3004=ORIENTED_EDGE('',*,*,#4449,.T.);
#3005=ORIENTED_EDGE('',*,*,#4450,.T.);
#3006=ORIENTED_EDGE('',*,*,#4451,.T.);
#3007=ORIENTED_EDGE('',*,*,#4452,.T.);
#3008=ORIENTED_EDGE('',*,*,#4453,.T.);
#3009=ORIENTED_EDGE('',*,*,#4454,.T.);
#3010=ORIENTED_EDGE('',*,*,#4455,.T.);
#3011=ORIENTED_EDGE('',*,*,#4456,.T.);
#3012=ORIENTED_EDGE('',*,*,#4457,.T.);
#3013=ORIENTED_EDGE('',*,*,#4458,.T.);
#3014=ORIENTED_EDGE('',*,*,#4459,.T.);
#3015=ORIENTED_EDGE('',*,*,#4460,.T.);
#3016=ORIENTED_EDGE('',*,*,#4461,.T.);
#3017=ORIENTED_EDGE('',*,*,#4462,.T.);
#3018=ORIENTED_EDGE('',*,*,#4463,.T.);
#3019=ORIENTED_EDGE('',*,*,#4464,.T.);
#3020=ORIENTED_EDGE('',*,*,#4465,.T.);
#3021=ORIENTED_EDGE('',*,*,#4466,.T.);
#3022=ORIENTED_EDGE('',*,*,#4467,.T.);
#3023=ORIENTED_EDGE('',*,*,#4468,.T.);
#3024=ORIENTED_EDGE('',*,*,#4469,.T.);
#3025=ORIENTED_EDGE('',*,*,#4470,.T.);
#3026=ORIENTED_EDGE('',*,*,#4471,.T.);
#3027=ORIENTED_EDGE('',*,*,#4472,.T.);
#3028=ORIENTED_EDGE('',*,*,#4473,.T.);
#3029=ORIENTED_EDGE('',*,*,#4474,.T.);
#3030=ORIENTED_EDGE('',*,*,#4475,.T.);
#3031=ORIENTED_EDGE('',*,*,#4476,.T.);
#3032=ORIENTED_EDGE('',*,*,#4477,.T.);
#3033=ORIENTED_EDGE('',*,*,#4478,.T.);
#3034=ORIENTED_EDGE('',*,*,#4479,.T.);
#3035=ORIENTED_EDGE('',*,*,#4480,.T.);
#3036=ORIENTED_EDGE('',*,*,#4481,.T.);
#3037=ORIENTED_EDGE('',*,*,#4482,.T.);
#3038=ORIENTED_EDGE('',*,*,#4483,.T.);
#3039=ORIENTED_EDGE('',*,*,#4484,.T.);
#3040=ORIENTED_EDGE('',*,*,#4485,.T.);
#3041=ORIENTED_EDGE('',*,*,#4486,.T.);
#3042=ORIENTED_EDGE('',*,*,#4487,.T.);
#3043=ORIENTED_EDGE('',*,*,#4488,.T.);
#3044=ORIENTED_EDGE('',*,*,#4489,.T.);
#3045=ORIENTED_EDGE('',*,*,#4490,.T.);
#3046=ORIENTED_EDGE('',*,*,#4491,.T.);
#3047=ORIENTED_EDGE('',*,*,#4492,.T.);
#3048=ORIENTED_EDGE('',*,*,#4493,.T.);
#3049=ORIENTED_EDGE('',*,*,#4494,.T.);
#3050=ORIENTED_EDGE('',*,*,#4495,.T.);
#3051=ORIENTED_EDGE('',*,*,#4496,.T.);
#3052=ORIENTED_EDGE('',*,*,#4497,.T.);
#3053=ORIENTED_EDGE('',*,*,#4498,.T.);
#3054=ORIENTED_EDGE('',*,*,#4499,.T.);
#3055=ORIENTED_EDGE('',*,*,#4500,.T.);
#3056=ORIENTED_EDGE('',*,*,#4501,.T.);
#3057=ORIENTED_EDGE('',*,*,#4502,.T.);
#3058=ORIENTED_EDGE('',*,*,#4503,.T.);
#3059=ORIENTED_EDGE('',*,*,#4504,.T.);
#3060=ORIENTED_EDGE('',*,*,#4505,.T.);
#3061=ORIENTED_EDGE('',*,*,#4506,.T.);
#3062=ORIENTED_EDGE('',*,*,#4507,.T.);
#3063=ORIENTED_EDGE('',*,*,#4508,.T.);
#3064=ORIENTED_EDGE('',*,*,#4509,.T.);
#3065=ORIENTED_EDGE('',*,*,#4510,.T.);
#3066=ORIENTED_EDGE('',*,*,#4511,.T.);
#3067=ORIENTED_EDGE('',*,*,#4512,.T.);
#3068=ORIENTED_EDGE('',*,*,#4513,.T.);
#3069=ORIENTED_EDGE('',*,*,#4514,.T.);
#3070=ORIENTED_EDGE('',*,*,#4515,.T.);
#3071=ORIENTED_EDGE('',*,*,#4516,.T.);
#3072=ORIENTED_EDGE('',*,*,#4517,.T.);
#3073=ORIENTED_EDGE('',*,*,#4518,.T.);
#3074=ORIENTED_EDGE('',*,*,#4519,.T.);
#3075=ORIENTED_EDGE('',*,*,#4520,.T.);
#3076=ORIENTED_EDGE('',*,*,#4521,.T.);
#3077=ORIENTED_EDGE('',*,*,#4522,.T.);
#3078=ORIENTED_EDGE('',*,*,#4523,.T.);
#3079=ORIENTED_EDGE('',*,*,#4524,.T.);
#3080=ORIENTED_EDGE('',*,*,#4525,.T.);
#3081=ORIENTED_EDGE('',*,*,#4526,.T.);
#3082=ORIENTED_EDGE('',*,*,#4527,.T.);
#3083=ORIENTED_EDGE('',*,*,#4528,.T.);
#3084=ORIENTED_EDGE('',*,*,#4529,.T.);
#3085=ORIENTED_EDGE('',*,*,#4530,.T.);
#3086=ORIENTED_EDGE('',*,*,#4531,.F.);
#3087=ORIENTED_EDGE('',*,*,#4532,.T.);
#3088=ORIENTED_EDGE('',*,*,#4533,.F.);
#3089=ORIENTED_EDGE('',*,*,#4534,.T.);
#3090=ORIENTED_EDGE('',*,*,#4535,.F.);
#3091=ORIENTED_EDGE('',*,*,#4536,.T.);
#3092=ORIENTED_EDGE('',*,*,#4537,.F.);
#3093=ORIENTED_EDGE('',*,*,#4538,.T.);
#3094=ORIENTED_EDGE('',*,*,#4539,.F.);
#3095=ORIENTED_EDGE('',*,*,#4540,.T.);
#3096=ORIENTED_EDGE('',*,*,#4541,.F.);
#3097=ORIENTED_EDGE('',*,*,#4542,.T.);
#3098=ORIENTED_EDGE('',*,*,#4543,.F.);
#3099=ORIENTED_EDGE('',*,*,#4544,.T.);
#3100=ORIENTED_EDGE('',*,*,#4545,.F.);
#3101=ORIENTED_EDGE('',*,*,#4546,.T.);
#3102=ORIENTED_EDGE('',*,*,#4547,.T.);
#3103=ORIENTED_EDGE('',*,*,#4548,.T.);
#3104=ORIENTED_EDGE('',*,*,#4549,.F.);
#3105=ORIENTED_EDGE('',*,*,#4550,.F.);
#3106=ORIENTED_EDGE('',*,*,#4551,.T.);
#3107=ORIENTED_EDGE('',*,*,#4552,.T.);
#3108=ORIENTED_EDGE('',*,*,#4547,.F.);
#3109=ORIENTED_EDGE('',*,*,#4553,.F.);
#3110=ORIENTED_EDGE('',*,*,#4549,.T.);
#3111=ORIENTED_EDGE('',*,*,#4554,.T.);
#3112=ORIENTED_EDGE('',*,*,#4555,.F.);
#3113=ORIENTED_EDGE('',*,*,#4556,.F.);
#3114=ORIENTED_EDGE('',*,*,#4557,.T.);
#3115=ORIENTED_EDGE('',*,*,#4558,.T.);
#3116=ORIENTED_EDGE('',*,*,#4551,.F.);
#3117=ORIENTED_EDGE('',*,*,#4559,.F.);
#3118=ORIENTED_EDGE('',*,*,#4555,.T.);
#3119=ORIENTED_EDGE('',*,*,#4560,.T.);
#3120=ORIENTED_EDGE('',*,*,#4561,.F.);
#3121=ORIENTED_EDGE('',*,*,#4562,.F.);
#3122=ORIENTED_EDGE('',*,*,#4531,.T.);
#3123=ORIENTED_EDGE('',*,*,#4533,.T.);
#3124=ORIENTED_EDGE('',*,*,#4535,.T.);
#3125=ORIENTED_EDGE('',*,*,#4537,.T.);
#3126=ORIENTED_EDGE('',*,*,#4539,.T.);
#3127=ORIENTED_EDGE('',*,*,#4541,.T.);
#3128=ORIENTED_EDGE('',*,*,#4543,.T.);
#3129=ORIENTED_EDGE('',*,*,#4545,.T.);
#3130=ORIENTED_EDGE('',*,*,#4563,.F.);
#3131=ORIENTED_EDGE('',*,*,#4564,.F.);
#3132=ORIENTED_EDGE('',*,*,#4560,.F.);
#3133=ORIENTED_EDGE('',*,*,#4554,.F.);
#3134=ORIENTED_EDGE('',*,*,#4548,.F.);
#3135=ORIENTED_EDGE('',*,*,#4552,.F.);
#3136=ORIENTED_EDGE('',*,*,#4558,.F.);
#3137=ORIENTED_EDGE('',*,*,#4565,.F.);
#3138=ORIENTED_EDGE('',*,*,#4532,.F.);
#3139=ORIENTED_EDGE('',*,*,#4534,.F.);
#3140=ORIENTED_EDGE('',*,*,#4536,.F.);
#3141=ORIENTED_EDGE('',*,*,#4538,.F.);
#3142=ORIENTED_EDGE('',*,*,#4540,.F.);
#3143=ORIENTED_EDGE('',*,*,#4542,.F.);
#3144=ORIENTED_EDGE('',*,*,#4544,.F.);
#3145=ORIENTED_EDGE('',*,*,#4546,.F.);
#3146=ORIENTED_EDGE('',*,*,#4566,.T.);
#3147=ORIENTED_EDGE('',*,*,#4559,.T.);
#3148=ORIENTED_EDGE('',*,*,#4553,.T.);
#3149=ORIENTED_EDGE('',*,*,#4550,.T.);
#3150=ORIENTED_EDGE('',*,*,#4556,.T.);
#3151=ORIENTED_EDGE('',*,*,#4562,.T.);
#3152=ORIENTED_EDGE('',*,*,#4567,.T.);
#3153=ORIENTED_EDGE('',*,*,#4568,.T.);
#3154=ORIENTED_EDGE('',*,*,#4569,.T.);
#3155=ORIENTED_EDGE('',*,*,#4565,.T.);
#3156=ORIENTED_EDGE('',*,*,#4557,.F.);
#3157=ORIENTED_EDGE('',*,*,#4566,.F.);
#3158=ORIENTED_EDGE('',*,*,#4561,.T.);
#3159=ORIENTED_EDGE('',*,*,#4564,.T.);
#3160=ORIENTED_EDGE('',*,*,#4570,.F.);
#3161=ORIENTED_EDGE('',*,*,#4567,.F.);
#3162=ORIENTED_EDGE('',*,*,#4570,.T.);
#3163=ORIENTED_EDGE('',*,*,#4563,.T.);
#3164=ORIENTED_EDGE('',*,*,#4569,.F.);
#3165=ORIENTED_EDGE('',*,*,#4568,.F.);
#3166=EDGE_CURVE('',#4571,#4572,#5647,.T.);
#3167=EDGE_CURVE('',#4572,#4573,#5648,.F.);
#3168=EDGE_CURVE('',#4574,#4573,#5649,.T.);
#3169=EDGE_CURVE('',#4571,#4574,#5650,.T.);
#3170=EDGE_CURVE('',#4572,#4575,#248,.F.);
#3171=EDGE_CURVE('',#4575,#4576,#5651,.T.);
#3172=EDGE_CURVE('',#4573,#4576,#249,.F.);
#3173=EDGE_CURVE('',#4575,#4577,#5652,.T.);
#3174=EDGE_CURVE('',#4577,#4578,#5653,.T.);
#3175=EDGE_CURVE('',#4576,#4578,#5654,.T.);
#3176=EDGE_CURVE('',#4577,#4579,#5655,.T.);
#3177=EDGE_CURVE('',#4579,#4580,#5656,.T.);
#3178=EDGE_CURVE('',#4578,#4580,#5657,.T.);
#3179=EDGE_CURVE('',#4579,#4581,#5658,.T.);
#3180=EDGE_CURVE('',#4581,#4582,#5659,.T.);
#3181=EDGE_CURVE('',#4580,#4582,#5660,.T.);
#3182=EDGE_CURVE('',#4581,#4583,#250,.T.);
#3183=EDGE_CURVE('',#4583,#4584,#5661,.T.);
#3184=EDGE_CURVE('',#4582,#4584,#251,.T.);
#3185=EDGE_CURVE('',#4583,#4585,#5662,.T.);
#3186=EDGE_CURVE('',#4585,#4586,#5663,.F.);
#3187=EDGE_CURVE('',#4584,#4586,#5664,.T.);
#3188=EDGE_CURVE('',#4585,#4587,#252,.F.);
#3189=EDGE_CURVE('',#4587,#4588,#5665,.T.);
#3190=EDGE_CURVE('',#4586,#4588,#253,.F.);
#3191=EDGE_CURVE('',#4589,#4590,#5666,.T.);
#3192=EDGE_CURVE('',#4590,#4591,#5667,.F.);
#3193=EDGE_CURVE('',#4592,#4591,#5668,.T.);
#3194=EDGE_CURVE('',#4589,#4592,#5669,.T.);
#3195=EDGE_CURVE('',#4590,#4593,#254,.F.);
#3196=EDGE_CURVE('',#4593,#4594,#5670,.T.);
#3197=EDGE_CURVE('',#4591,#4594,#255,.F.);
#3198=EDGE_CURVE('',#4593,#4595,#5671,.T.);
#3199=EDGE_CURVE('',#4595,#4596,#5672,.T.);
#3200=EDGE_CURVE('',#4594,#4596,#5673,.T.);
#3201=EDGE_CURVE('',#4595,#4597,#5674,.T.);
#3202=EDGE_CURVE('',#4597,#4598,#5675,.T.);
#3203=EDGE_CURVE('',#4596,#4598,#5676,.T.);
#3204=EDGE_CURVE('',#4597,#4599,#5677,.T.);
#3205=EDGE_CURVE('',#4599,#4600,#5678,.T.);
#3206=EDGE_CURVE('',#4598,#4600,#5679,.T.);
#3207=EDGE_CURVE('',#4599,#4601,#256,.T.);
#3208=EDGE_CURVE('',#4601,#4602,#5680,.T.);
#3209=EDGE_CURVE('',#4600,#4602,#257,.T.);
#3210=EDGE_CURVE('',#4601,#4603,#5681,.T.);
#3211=EDGE_CURVE('',#4603,#4604,#5682,.F.);
#3212=EDGE_CURVE('',#4602,#4604,#5683,.T.);
#3213=EDGE_CURVE('',#4603,#4605,#258,.F.);
#3214=EDGE_CURVE('',#4605,#4606,#5684,.T.);
#3215=EDGE_CURVE('',#4604,#4606,#259,.F.);
#3216=EDGE_CURVE('',#4607,#4608,#5685,.T.);
#3217=EDGE_CURVE('',#4608,#4609,#5686,.F.);
#3218=EDGE_CURVE('',#4610,#4609,#5687,.T.);
#3219=EDGE_CURVE('',#4607,#4610,#5688,.T.);
#3220=EDGE_CURVE('',#4608,#4611,#260,.F.);
#3221=EDGE_CURVE('',#4611,#4612,#5689,.T.);
#3222=EDGE_CURVE('',#4609,#4612,#261,.F.);
#3223=EDGE_CURVE('',#4611,#4613,#5690,.T.);
#3224=EDGE_CURVE('',#4613,#4614,#5691,.T.);
#3225=EDGE_CURVE('',#4612,#4614,#5692,.T.);
#3226=EDGE_CURVE('',#4613,#4615,#5693,.T.);
#3227=EDGE_CURVE('',#4615,#4616,#5694,.T.);
#3228=EDGE_CURVE('',#4614,#4616,#5695,.T.);
#3229=EDGE_CURVE('',#4615,#4617,#5696,.T.);
#3230=EDGE_CURVE('',#4617,#4618,#5697,.T.);
#3231=EDGE_CURVE('',#4616,#4618,#5698,.T.);
#3232=EDGE_CURVE('',#4617,#4619,#262,.T.);
#3233=EDGE_CURVE('',#4619,#4620,#5699,.T.);
#3234=EDGE_CURVE('',#4618,#4620,#263,.T.);
#3235=EDGE_CURVE('',#4619,#4621,#5700,.T.);
#3236=EDGE_CURVE('',#4621,#4622,#5701,.F.);
#3237=EDGE_CURVE('',#4620,#4622,#5702,.T.);
#3238=EDGE_CURVE('',#4621,#4623,#264,.F.);
#3239=EDGE_CURVE('',#4623,#4624,#5703,.T.);
#3240=EDGE_CURVE('',#4622,#4624,#265,.F.);
#3241=EDGE_CURVE('',#4625,#4626,#5704,.T.);
#3242=EDGE_CURVE('',#4626,#4627,#5705,.F.);
#3243=EDGE_CURVE('',#4628,#4627,#5706,.T.);
#3244=EDGE_CURVE('',#4625,#4628,#5707,.T.);
#3245=EDGE_CURVE('',#4626,#4629,#266,.F.);
#3246=EDGE_CURVE('',#4629,#4630,#5708,.T.);
#3247=EDGE_CURVE('',#4627,#4630,#267,.F.);
#3248=EDGE_CURVE('',#4629,#4631,#5709,.T.);
#3249=EDGE_CURVE('',#4631,#4632,#5710,.T.);
#3250=EDGE_CURVE('',#4630,#4632,#5711,.T.);
#3251=EDGE_CURVE('',#4631,#4633,#5712,.T.);
#3252=EDGE_CURVE('',#4633,#4634,#5713,.T.);
#3253=EDGE_CURVE('',#4632,#4634,#5714,.T.);
#3254=EDGE_CURVE('',#4633,#4635,#5715,.T.);
#3255=EDGE_CURVE('',#4635,#4636,#5716,.T.);
#3256=EDGE_CURVE('',#4634,#4636,#5717,.T.);
#3257=EDGE_CURVE('',#4635,#4637,#268,.T.);
#3258=EDGE_CURVE('',#4637,#4638,#5718,.T.);
#3259=EDGE_CURVE('',#4636,#4638,#269,.T.);
#3260=EDGE_CURVE('',#4637,#4639,#5719,.T.);
#3261=EDGE_CURVE('',#4639,#4640,#5720,.F.);
#3262=EDGE_CURVE('',#4638,#4640,#5721,.T.);
#3263=EDGE_CURVE('',#4641,#4642,#5722,.T.);
#3264=EDGE_CURVE('',#4642,#4643,#5723,.T.);
#3265=EDGE_CURVE('',#4644,#4643,#5724,.T.);
#3266=EDGE_CURVE('',#4641,#4644,#5725,.T.);
#3267=EDGE_CURVE('',#4642,#4645,#270,.T.);
#3268=EDGE_CURVE('',#4645,#4646,#5726,.T.);
#3269=EDGE_CURVE('',#4643,#4646,#271,.T.);
#3270=EDGE_CURVE('',#4645,#4647,#5727,.T.);
#3271=EDGE_CURVE('',#4647,#4648,#5728,.T.);
#3272=EDGE_CURVE('',#4646,#4648,#5729,.T.);
#3273=EDGE_CURVE('',#4647,#4649,#5730,.T.);
#3274=EDGE_CURVE('',#4649,#4650,#5731,.T.);
#3275=EDGE_CURVE('',#4648,#4650,#5732,.T.);
#3276=EDGE_CURVE('',#4649,#4651,#5733,.T.);
#3277=EDGE_CURVE('',#4651,#4652,#5734,.T.);
#3278=EDGE_CURVE('',#4650,#4652,#5735,.T.);
#3279=EDGE_CURVE('',#4651,#4653,#272,.T.);
#3280=EDGE_CURVE('',#4653,#4654,#5736,.T.);
#3281=EDGE_CURVE('',#4652,#4654,#273,.T.);
#3282=EDGE_CURVE('',#4653,#4655,#5737,.T.);
#3283=EDGE_CURVE('',#4655,#4656,#5738,.T.);
#3284=EDGE_CURVE('',#4654,#4656,#5739,.T.);
#3285=EDGE_CURVE('',#4657,#4658,#5740,.T.);
#3286=EDGE_CURVE('',#4658,#4659,#5741,.T.);
#3287=EDGE_CURVE('',#4660,#4659,#5742,.T.);
#3288=EDGE_CURVE('',#4657,#4660,#5743,.T.);
#3289=EDGE_CURVE('',#4658,#4661,#274,.T.);
#3290=EDGE_CURVE('',#4661,#4662,#5744,.T.);
#3291=EDGE_CURVE('',#4659,#4662,#275,.T.);
#3292=EDGE_CURVE('',#4661,#4663,#5745,.T.);
#3293=EDGE_CURVE('',#4663,#4664,#5746,.T.);
#3294=EDGE_CURVE('',#4662,#4664,#5747,.T.);
#3295=EDGE_CURVE('',#4663,#4665,#5748,.T.);
#3296=EDGE_CURVE('',#4665,#4666,#5749,.T.);
#3297=EDGE_CURVE('',#4664,#4666,#5750,.T.);
#3298=EDGE_CURVE('',#4665,#4667,#5751,.T.);
#3299=EDGE_CURVE('',#4667,#4668,#5752,.T.);
#3300=EDGE_CURVE('',#4666,#4668,#5753,.T.);
#3301=EDGE_CURVE('',#4667,#4669,#276,.T.);
#3302=EDGE_CURVE('',#4669,#4670,#5754,.T.);
#3303=EDGE_CURVE('',#4668,#4670,#277,.T.);
#3304=EDGE_CURVE('',#4669,#4671,#5755,.T.);
#3305=EDGE_CURVE('',#4671,#4672,#5756,.T.);
#3306=EDGE_CURVE('',#4670,#4672,#5757,.T.);
#3307=EDGE_CURVE('',#4671,#4673,#278,.T.);
#3308=EDGE_CURVE('',#4673,#4674,#5758,.T.);
#3309=EDGE_CURVE('',#4672,#4674,#279,.T.);
#3310=EDGE_CURVE('',#4675,#4676,#5759,.T.);
#3311=EDGE_CURVE('',#4676,#4677,#5760,.T.);
#3312=EDGE_CURVE('',#4678,#4677,#5761,.T.);
#3313=EDGE_CURVE('',#4675,#4678,#5762,.T.);
#3314=EDGE_CURVE('',#4676,#4679,#280,.T.);
#3315=EDGE_CURVE('',#4679,#4680,#5763,.T.);
#3316=EDGE_CURVE('',#4677,#4680,#281,.T.);
#3317=EDGE_CURVE('',#4679,#4681,#5764,.T.);
#3318=EDGE_CURVE('',#4681,#4682,#5765,.T.);
#3319=EDGE_CURVE('',#4680,#4682,#5766,.T.);
#3320=EDGE_CURVE('',#4681,#4683,#5767,.T.);
#3321=EDGE_CURVE('',#4683,#4684,#5768,.T.);
#3322=EDGE_CURVE('',#4682,#4684,#5769,.T.);
#3323=EDGE_CURVE('',#4683,#4685,#5770,.T.);
#3324=EDGE_CURVE('',#4685,#4686,#5771,.T.);
#3325=EDGE_CURVE('',#4684,#4686,#5772,.T.);
#3326=EDGE_CURVE('',#4685,#4687,#282,.T.);
#3327=EDGE_CURVE('',#4687,#4688,#5773,.T.);
#3328=EDGE_CURVE('',#4686,#4688,#283,.T.);
#3329=EDGE_CURVE('',#4687,#4689,#5774,.T.);
#3330=EDGE_CURVE('',#4689,#4690,#5775,.T.);
#3331=EDGE_CURVE('',#4688,#4690,#5776,.T.);
#3332=EDGE_CURVE('',#4689,#4691,#284,.T.);
#3333=EDGE_CURVE('',#4691,#4692,#5777,.T.);
#3334=EDGE_CURVE('',#4690,#4692,#285,.T.);
#3335=EDGE_CURVE('',#4693,#4694,#5778,.T.);
#3336=EDGE_CURVE('',#4694,#4695,#5779,.T.);
#3337=EDGE_CURVE('',#4696,#4695,#5780,.T.);
#3338=EDGE_CURVE('',#4693,#4696,#5781,.T.);
#3339=EDGE_CURVE('',#4694,#4697,#286,.T.);
#3340=EDGE_CURVE('',#4697,#4698,#5782,.T.);
#3341=EDGE_CURVE('',#4695,#4698,#287,.T.);
#3342=EDGE_CURVE('',#4697,#4699,#5783,.T.);
#3343=EDGE_CURVE('',#4699,#4700,#5784,.T.);
#3344=EDGE_CURVE('',#4698,#4700,#5785,.T.);
#3345=EDGE_CURVE('',#4699,#4701,#5786,.T.);
#3346=EDGE_CURVE('',#4701,#4702,#5787,.T.);
#3347=EDGE_CURVE('',#4700,#4702,#5788,.T.);
#3348=EDGE_CURVE('',#4701,#4703,#5789,.T.);
#3349=EDGE_CURVE('',#4703,#4704,#5790,.T.);
#3350=EDGE_CURVE('',#4702,#4704,#5791,.T.);
#3351=EDGE_CURVE('',#4703,#4705,#288,.T.);
#3352=EDGE_CURVE('',#4705,#4706,#5792,.T.);
#3353=EDGE_CURVE('',#4704,#4706,#289,.T.);
#3354=EDGE_CURVE('',#4705,#4707,#5793,.T.);
#3355=EDGE_CURVE('',#4707,#4708,#5794,.T.);
#3356=EDGE_CURVE('',#4706,#4708,#5795,.T.);
#3357=EDGE_CURVE('',#4707,#4709,#290,.T.);
#3358=EDGE_CURVE('',#4709,#4710,#5796,.T.);
#3359=EDGE_CURVE('',#4708,#4710,#291,.T.);
#3360=EDGE_CURVE('',#4711,#4712,#5797,.T.);
#3361=EDGE_CURVE('',#4712,#4713,#5798,.T.);
#3362=EDGE_CURVE('',#4714,#4713,#5799,.T.);
#3363=EDGE_CURVE('',#4711,#4714,#5800,.T.);
#3364=EDGE_CURVE('',#4639,#4715,#292,.F.);
#3365=EDGE_CURVE('',#4715,#4716,#5801,.T.);
#3366=EDGE_CURVE('',#4640,#4716,#293,.F.);
#3367=EDGE_CURVE('',#4717,#4718,#5802,.T.);
#3368=EDGE_CURVE('',#4718,#4712,#5803,.T.);
#3369=EDGE_CURVE('',#4717,#4711,#5804,.T.);
#3370=EDGE_CURVE('',#4713,#4719,#5805,.T.);
#3371=EDGE_CURVE('',#4720,#4719,#5806,.T.);
#3372=EDGE_CURVE('',#4714,#4720,#5807,.T.);
#3373=EDGE_CURVE('',#4721,#4722,#5808,.T.);
#3374=EDGE_CURVE('',#4723,#4721,#5809,.T.);
#3375=EDGE_CURVE('',#4719,#4723,#5810,.T.);
#3376=EDGE_CURVE('',#4724,#4718,#5811,.T.);
#3377=EDGE_CURVE('',#4722,#4724,#5812,.T.);
#3378=EDGE_CURVE('',#4655,#4725,#294,.T.);
#3379=EDGE_CURVE('',#4725,#4726,#5813,.T.);
#3380=EDGE_CURVE('',#4656,#4726,#295,.T.);
#3381=EDGE_CURVE('',#4727,#4728,#5814,.T.);
#3382=EDGE_CURVE('',#4727,#4729,#5815,.T.);
#3383=EDGE_CURVE('',#4729,#4574,#296,.T.);
#3384=EDGE_CURVE('',#4588,#4728,#5816,.T.);
#3385=EDGE_CURVE('',#4730,#4571,#297,.T.);
#3386=EDGE_CURVE('',#4730,#4729,#5817,.T.);
#3387=EDGE_CURVE('',#4587,#4731,#5818,.T.);
#3388=EDGE_CURVE('',#4732,#4730,#5819,.T.);
#3389=EDGE_CURVE('',#4732,#4731,#5820,.T.);
#3390=EDGE_CURVE('',#4733,#4734,#5821,.T.);
#3391=EDGE_CURVE('',#4733,#4735,#5822,.T.);
#3392=EDGE_CURVE('',#4735,#4592,#298,.T.);
#3393=EDGE_CURVE('',#4606,#4734,#5823,.T.);
#3394=EDGE_CURVE('',#4736,#4589,#299,.T.);
#3395=EDGE_CURVE('',#4736,#4735,#5824,.T.);
#3396=EDGE_CURVE('',#4605,#4737,#5825,.T.);
#3397=EDGE_CURVE('',#4738,#4736,#5826,.T.);
#3398=EDGE_CURVE('',#4738,#4737,#5827,.T.);
#3399=EDGE_CURVE('',#4739,#4740,#5828,.T.);
#3400=EDGE_CURVE('',#4739,#4741,#5829,.T.);
#3401=EDGE_CURVE('',#4741,#4610,#300,.T.);
#3402=EDGE_CURVE('',#4624,#4740,#5830,.T.);
#3403=EDGE_CURVE('',#4742,#4607,#301,.T.);
#3404=EDGE_CURVE('',#4742,#4741,#5831,.T.);
#3405=EDGE_CURVE('',#4623,#4743,#5832,.T.);
#3406=EDGE_CURVE('',#4744,#4742,#5833,.T.);
#3407=EDGE_CURVE('',#4744,#4743,#5834,.T.);
#3408=EDGE_CURVE('',#4745,#4746,#5835,.T.);
#3409=EDGE_CURVE('',#4745,#4747,#5836,.T.);
#3410=EDGE_CURVE('',#4747,#4628,#302,.T.);
#3411=EDGE_CURVE('',#4716,#4746,#5837,.T.);
#3412=EDGE_CURVE('',#4748,#4625,#303,.T.);
#3413=EDGE_CURVE('',#4748,#4747,#5838,.T.);
#3414=EDGE_CURVE('',#4715,#4749,#5839,.T.);
#3415=EDGE_CURVE('',#4750,#4748,#5840,.T.);
#3416=EDGE_CURVE('',#4750,#4749,#5841,.T.);
#3417=EDGE_CURVE('',#4751,#4752,#5842,.T.);
#3418=EDGE_CURVE('',#4751,#4753,#5843,.T.);
#3419=EDGE_CURVE('',#4753,#4644,#304,.T.);
#3420=EDGE_CURVE('',#4726,#4752,#5844,.T.);
#3421=EDGE_CURVE('',#4754,#4641,#305,.T.);
#3422=EDGE_CURVE('',#4754,#4753,#5845,.T.);
#3423=EDGE_CURVE('',#4725,#4755,#5846,.T.);
#3424=EDGE_CURVE('',#4756,#4754,#5847,.T.);
#3425=EDGE_CURVE('',#4756,#4755,#5848,.T.);
#3426=EDGE_CURVE('',#4757,#4758,#5849,.T.);
#3427=EDGE_CURVE('',#4757,#4759,#5850,.T.);
#3428=EDGE_CURVE('',#4759,#4660,#306,.T.);
#3429=EDGE_CURVE('',#4674,#4758,#5851,.T.);
#3430=EDGE_CURVE('',#4760,#4657,#307,.T.);
#3431=EDGE_CURVE('',#4760,#4759,#5852,.T.);
#3432=EDGE_CURVE('',#4673,#4761,#5853,.T.);
#3433=EDGE_CURVE('',#4762,#4760,#5854,.T.);
#3434=EDGE_CURVE('',#4762,#4761,#5855,.T.);
#3435=EDGE_CURVE('',#4763,#4764,#5856,.T.);
#3436=EDGE_CURVE('',#4763,#4765,#5857,.T.);
#3437=EDGE_CURVE('',#4765,#4678,#308,.T.);
#3438=EDGE_CURVE('',#4692,#4764,#5858,.T.);
#3439=EDGE_CURVE('',#4766,#4675,#309,.T.);
#3440=EDGE_CURVE('',#4766,#4765,#5859,.T.);
#3441=EDGE_CURVE('',#4691,#4767,#5860,.T.);
#3442=EDGE_CURVE('',#4768,#4766,#5861,.T.);
#3443=EDGE_CURVE('',#4768,#4767,#5862,.T.);
#3444=EDGE_CURVE('',#4769,#4770,#5863,.T.);
#3445=EDGE_CURVE('',#4769,#4771,#5864,.T.);
#3446=EDGE_CURVE('',#4771,#4696,#310,.T.);
#3447=EDGE_CURVE('',#4710,#4770,#5865,.T.);
#3448=EDGE_CURVE('',#4772,#4693,#311,.T.);
#3449=EDGE_CURVE('',#4772,#4771,#5866,.T.);
#3450=EDGE_CURVE('',#4709,#4773,#5867,.T.);
#3451=EDGE_CURVE('',#4774,#4772,#5868,.T.);
#3452=EDGE_CURVE('',#4774,#4773,#5869,.T.);
#3453=EDGE_CURVE('',#4775,#4724,#5870,.T.);
#3454=EDGE_CURVE('',#4775,#4717,#5871,.T.);
#3455=EDGE_CURVE('',#4776,#4722,#5872,.T.);
#3456=EDGE_CURVE('',#4776,#4775,#5873,.T.);
#3457=EDGE_CURVE('',#4777,#4721,#5874,.T.);
#3458=EDGE_CURVE('',#4777,#4776,#5875,.T.);
#3459=EDGE_CURVE('',#4778,#4723,#5876,.T.);
#3460=EDGE_CURVE('',#4778,#4777,#5877,.T.);
#3461=EDGE_CURVE('',#4720,#4778,#5878,.T.);
#3462=EDGE_CURVE('',#4779,#4780,#5879,.T.);
#3463=EDGE_CURVE('',#4780,#4781,#5880,.T.);
#3464=EDGE_CURVE('',#4782,#4781,#5881,.T.);
#3465=EDGE_CURVE('',#4779,#4782,#5882,.T.);
#3466=EDGE_CURVE('',#4783,#4784,#5883,.T.);
#3467=EDGE_CURVE('',#4784,#4780,#5884,.T.);
#3468=EDGE_CURVE('',#4783,#4779,#5885,.T.);
#3469=EDGE_CURVE('',#4781,#4785,#5886,.T.);
#3470=EDGE_CURVE('',#4786,#4785,#5887,.T.);
#3471=EDGE_CURVE('',#4782,#4786,#5888,.T.);
#3472=EDGE_CURVE('',#4728,#4784,#5889,.T.);
#3473=EDGE_CURVE('',#4727,#4783,#5890,.T.);
#3474=EDGE_CURVE('',#4732,#4727,#5891,.T.);
#3475=EDGE_CURVE('',#4734,#4731,#5892,.T.);
#3476=EDGE_CURVE('',#4733,#4732,#5893,.T.);
#3477=EDGE_CURVE('',#4738,#4733,#5894,.T.);
#3478=EDGE_CURVE('',#4740,#4737,#5895,.T.);
#3479=EDGE_CURVE('',#4739,#4738,#5896,.T.);
#3480=EDGE_CURVE('',#4744,#4739,#5897,.T.);
#3481=EDGE_CURVE('',#4746,#4743,#5898,.T.);
#3482=EDGE_CURVE('',#4745,#4744,#5899,.T.);
#3483=EDGE_CURVE('',#4750,#4745,#5900,.T.);
#3484=EDGE_CURVE('',#4787,#4749,#5901,.T.);
#3485=EDGE_CURVE('',#4788,#4750,#5902,.T.);
#3486=EDGE_CURVE('',#4788,#4787,#5903,.T.);
#3487=EDGE_CURVE('',#4752,#4789,#5904,.T.);
#3488=EDGE_CURVE('',#4790,#4789,#5905,.T.);
#3489=EDGE_CURVE('',#4751,#4790,#5906,.T.);
#3490=EDGE_CURVE('',#4756,#4751,#5907,.T.);
#3491=EDGE_CURVE('',#4758,#4755,#5908,.T.);
#3492=EDGE_CURVE('',#4757,#4756,#5909,.T.);
#3493=EDGE_CURVE('',#4762,#4757,#5910,.T.);
#3494=EDGE_CURVE('',#4764,#4761,#5911,.T.);
#3495=EDGE_CURVE('',#4763,#4762,#5912,.T.);
#3496=EDGE_CURVE('',#4768,#4763,#5913,.T.);
#3497=EDGE_CURVE('',#4770,#4767,#5914,.T.);
#3498=EDGE_CURVE('',#4769,#4768,#5915,.T.);
#3499=EDGE_CURVE('',#4774,#4769,#5916,.T.);
#3500=EDGE_CURVE('',#4785,#4773,#5917,.T.);
#3501=EDGE_CURVE('',#4786,#4774,#5918,.T.);
#3502=EDGE_CURVE('',#4789,#4791,#5919,.T.);
#3503=EDGE_CURVE('',#4792,#4791,#5920,.T.);
#3504=EDGE_CURVE('',#4790,#4792,#5921,.T.);
#3505=EDGE_CURVE('',#4793,#4787,#5922,.T.);
#3506=EDGE_CURVE('',#4791,#4793,#5923,.T.);
#3507=EDGE_CURVE('',#4794,#4793,#5924,.T.);
#3508=EDGE_CURVE('',#4794,#4788,#5925,.T.);
#3509=EDGE_CURVE('',#4795,#4779,#5926,.T.);
#3510=EDGE_CURVE('',#4796,#4782,#5927,.T.);
#3511=EDGE_CURVE('',#4795,#4796,#5928,.T.);
#3512=EDGE_CURVE('',#4797,#4783,#5929,.T.);
#3513=EDGE_CURVE('',#4797,#4795,#5930,.T.);
#3514=EDGE_CURVE('',#4798,#4786,#5931,.T.);
#3515=EDGE_CURVE('',#4796,#4798,#5932,.T.);
#3516=EDGE_CURVE('',#4799,#4788,#5933,.T.);
#3517=EDGE_CURVE('',#4799,#4797,#5934,.T.);
#3518=EDGE_CURVE('',#4800,#4790,#5935,.T.);
#3519=EDGE_CURVE('',#4798,#4800,#5936,.T.);
#3520=EDGE_CURVE('',#4801,#4792,#5937,.T.);
#3521=EDGE_CURVE('',#4800,#4801,#5938,.T.);
#3522=EDGE_CURVE('',#4792,#4794,#5939,.T.);
#3523=EDGE_CURVE('',#4802,#4794,#5940,.T.);
#3524=EDGE_CURVE('',#4802,#4799,#5941,.T.);
#3525=EDGE_CURVE('',#4801,#4802,#5942,.T.);
#3526=EDGE_CURVE('',#4803,#4803,#312,.T.);
#3527=EDGE_CURVE('',#4804,#4805,#313,.T.);
#3528=EDGE_CURVE('',#4804,#4806,#118,.T.);
#3529=EDGE_CURVE('',#4806,#4807,#119,.T.);
#3530=EDGE_CURVE('',#4807,#4805,#314,.T.);
#3531=EDGE_CURVE('',#4805,#4808,#120,.T.);
#3532=EDGE_CURVE('',#4808,#4807,#121,.T.);
#3533=EDGE_CURVE('',#4809,#4806,#315,.T.);
#3534=EDGE_CURVE('',#4810,#4809,#122,.T.);
#3535=EDGE_CURVE('',#4810,#4811,#316,.T.);
#3536=EDGE_CURVE('',#4811,#4812,#123,.T.);
#3537=EDGE_CURVE('',#4808,#4812,#317,.T.);
#3538=EDGE_CURVE('',#4809,#4813,#124,.T.);
#3539=EDGE_CURVE('',#4812,#4813,#125,.T.);
#3540=EDGE_CURVE('',#4813,#4811,#318,.T.);
#3541=EDGE_CURVE('',#4814,#4814,#319,.T.);
#3542=EDGE_CURVE('',#4815,#4815,#320,.T.);
#3543=EDGE_CURVE('',#4816,#4817,#5943,.T.);
#3544=EDGE_CURVE('',#4818,#4816,#321,.T.);
#3545=EDGE_CURVE('',#4819,#4818,#5944,.T.);
#3546=EDGE_CURVE('',#4820,#4819,#5945,.T.);
#3547=EDGE_CURVE('',#4821,#4820,#5946,.T.);
#3548=EDGE_CURVE('',#4822,#4821,#5947,.T.);
#3549=EDGE_CURVE('',#4823,#4822,#322,.T.);
#3550=EDGE_CURVE('',#4824,#4823,#5948,.T.);
#3551=EDGE_CURVE('',#4825,#4824,#5949,.T.);
#3552=EDGE_CURVE('',#4826,#4825,#5950,.T.);
#3553=EDGE_CURVE('',#4827,#4826,#5951,.T.);
#3554=EDGE_CURVE('',#4817,#4827,#5952,.T.);
#3555=EDGE_CURVE('',#4828,#4828,#323,.T.);
#3556=EDGE_CURVE('',#4829,#4830,#5953,.T.);
#3557=EDGE_CURVE('',#4830,#4831,#5954,.T.);
#3558=EDGE_CURVE('',#4831,#4832,#5955,.T.);
#3559=EDGE_CURVE('',#4832,#4833,#5956,.T.);
#3560=EDGE_CURVE('',#4833,#4834,#5957,.T.);
#3561=EDGE_CURVE('',#4834,#4835,#324,.T.);
#3562=EDGE_CURVE('',#4835,#4836,#5958,.T.);
#3563=EDGE_CURVE('',#4836,#4837,#5959,.T.);
#3564=EDGE_CURVE('',#4837,#4838,#5960,.T.);
#3565=EDGE_CURVE('',#4838,#4839,#5961,.T.);
#3566=EDGE_CURVE('',#4839,#4840,#325,.T.);
#3567=EDGE_CURVE('',#4840,#4829,#5962,.T.);
#3568=EDGE_CURVE('',#4840,#4816,#5963,.T.);
#3569=EDGE_CURVE('',#4829,#4817,#5964,.T.);
#3570=EDGE_CURVE('',#4839,#4818,#5965,.T.);
#3571=EDGE_CURVE('',#4838,#4819,#5966,.T.);
#3572=EDGE_CURVE('',#4837,#4820,#5967,.T.);
#3573=EDGE_CURVE('',#4836,#4821,#5968,.T.);
#3574=EDGE_CURVE('',#4835,#4822,#5969,.T.);
#3575=EDGE_CURVE('',#4834,#4823,#5970,.T.);
#3576=EDGE_CURVE('',#4833,#4824,#5971,.T.);
#3577=EDGE_CURVE('',#4832,#4825,#5972,.T.);
#3578=EDGE_CURVE('',#4831,#4826,#5973,.T.);
#3579=EDGE_CURVE('',#4830,#4827,#5974,.T.);
#3580=EDGE_CURVE('',#4841,#4841,#326,.T.);
#3581=EDGE_CURVE('',#4842,#4843,#327,.T.);
#3582=EDGE_CURVE('',#4843,#4844,#5975,.T.);
#3583=EDGE_CURVE('',#4844,#4845,#5976,.T.);
#3584=EDGE_CURVE('',#4845,#4846,#328,.T.);
#3585=EDGE_CURVE('',#4846,#4847,#5977,.T.);
#3586=EDGE_CURVE('',#4847,#4848,#5978,.T.);
#3587=EDGE_CURVE('',#4848,#4849,#5979,.T.);
#3588=EDGE_CURVE('',#4849,#4842,#5980,.T.);
#3589=EDGE_CURVE('',#4850,#4850,#329,.T.);
#3590=EDGE_CURVE('',#4851,#4852,#5981,.T.);
#3591=EDGE_CURVE('',#4853,#4851,#5982,.T.);
#3592=EDGE_CURVE('',#4854,#4853,#5983,.T.);
#3593=EDGE_CURVE('',#4855,#4854,#5984,.T.);
#3594=EDGE_CURVE('',#4856,#4855,#330,.T.);
#3595=EDGE_CURVE('',#4857,#4856,#5985,.T.);
#3596=EDGE_CURVE('',#4858,#4857,#5986,.T.);
#3597=EDGE_CURVE('',#4852,#4858,#331,.T.);
#3598=EDGE_CURVE('',#4852,#4842,#5987,.T.);
#3599=EDGE_CURVE('',#4851,#4849,#5988,.T.);
#3600=EDGE_CURVE('',#4853,#4848,#5989,.T.);
#3601=EDGE_CURVE('',#4854,#4847,#5990,.T.);
#3602=EDGE_CURVE('',#4855,#4846,#5991,.T.);
#3603=EDGE_CURVE('',#4856,#4845,#5992,.T.);
#3604=EDGE_CURVE('',#4857,#4844,#5993,.T.);
#3605=EDGE_CURVE('',#4858,#4843,#5994,.T.);
#3606=EDGE_CURVE('',#4859,#4859,#332,.T.);
#3607=EDGE_CURVE('',#4860,#4861,#5995,.T.);
#3608=EDGE_CURVE('',#4862,#4860,#333,.T.);
#3609=EDGE_CURVE('',#4863,#4862,#5996,.T.);
#3610=EDGE_CURVE('',#4864,#4863,#5997,.T.);
#3611=EDGE_CURVE('',#4865,#4864,#5998,.T.);
#3612=EDGE_CURVE('',#4866,#4865,#5999,.T.);
#3613=EDGE_CURVE('',#4867,#4866,#334,.T.);
#3614=EDGE_CURVE('',#4868,#4867,#6000,.T.);
#3615=EDGE_CURVE('',#4869,#4868,#6001,.T.);
#3616=EDGE_CURVE('',#4870,#4869,#6002,.T.);
#3617=EDGE_CURVE('',#4871,#4870,#6003,.T.);
#3618=EDGE_CURVE('',#4861,#4871,#6004,.T.);
#3619=EDGE_CURVE('',#4872,#4872,#335,.T.);
#3620=EDGE_CURVE('',#4873,#4874,#6005,.T.);
#3621=EDGE_CURVE('',#4874,#4875,#6006,.T.);
#3622=EDGE_CURVE('',#4875,#4876,#6007,.T.);
#3623=EDGE_CURVE('',#4876,#4877,#6008,.T.);
#3624=EDGE_CURVE('',#4877,#4878,#6009,.T.);
#3625=EDGE_CURVE('',#4878,#4879,#336,.T.);
#3626=EDGE_CURVE('',#4879,#4880,#6010,.T.);
#3627=EDGE_CURVE('',#4880,#4881,#6011,.T.);
#3628=EDGE_CURVE('',#4881,#4882,#6012,.T.);
#3629=EDGE_CURVE('',#4882,#4883,#6013,.T.);
#3630=EDGE_CURVE('',#4883,#4884,#337,.T.);
#3631=EDGE_CURVE('',#4884,#4873,#6014,.T.);
#3632=EDGE_CURVE('',#4884,#4860,#6015,.T.);
#3633=EDGE_CURVE('',#4873,#4861,#6016,.T.);
#3634=EDGE_CURVE('',#4883,#4862,#6017,.T.);
#3635=EDGE_CURVE('',#4882,#4863,#6018,.T.);
#3636=EDGE_CURVE('',#4881,#4864,#6019,.T.);
#3637=EDGE_CURVE('',#4880,#4865,#6020,.T.);
#3638=EDGE_CURVE('',#4879,#4866,#6021,.T.);
#3639=EDGE_CURVE('',#4878,#4867,#6022,.T.);
#3640=EDGE_CURVE('',#4877,#4868,#6023,.T.);
#3641=EDGE_CURVE('',#4876,#4869,#6024,.T.);
#3642=EDGE_CURVE('',#4875,#4870,#6025,.T.);
#3643=EDGE_CURVE('',#4874,#4871,#6026,.T.);
#3644=EDGE_CURVE('',#4885,#4885,#338,.T.);
#3645=EDGE_CURVE('',#4886,#4887,#339,.T.);
#3646=EDGE_CURVE('',#4887,#4888,#6027,.T.);
#3647=EDGE_CURVE('',#4888,#4889,#6028,.T.);
#3648=EDGE_CURVE('',#4889,#4890,#6029,.T.);
#3649=EDGE_CURVE('',#4890,#4891,#340,.T.);
#3650=EDGE_CURVE('',#4891,#4892,#6030,.T.);
#3651=EDGE_CURVE('',#4892,#4893,#6031,.T.);
#3652=EDGE_CURVE('',#4893,#4894,#6032,.T.);
#3653=EDGE_CURVE('',#4894,#4895,#6033,.T.);
#3654=EDGE_CURVE('',#4895,#4896,#6034,.T.);
#3655=EDGE_CURVE('',#4896,#4886,#6035,.T.);
#3656=EDGE_CURVE('',#4897,#4897,#341,.T.);
#3657=EDGE_CURVE('',#4898,#4899,#6036,.T.);
#3658=EDGE_CURVE('',#4900,#4898,#6037,.T.);
#3659=EDGE_CURVE('',#4901,#4900,#6038,.T.);
#3660=EDGE_CURVE('',#4902,#4901,#6039,.T.);
#3661=EDGE_CURVE('',#4903,#4902,#6040,.T.);
#3662=EDGE_CURVE('',#4904,#4903,#6041,.T.);
#3663=EDGE_CURVE('',#4905,#4904,#342,.T.);
#3664=EDGE_CURVE('',#4906,#4905,#6042,.T.);
#3665=EDGE_CURVE('',#4907,#4906,#6043,.T.);
#3666=EDGE_CURVE('',#4908,#4907,#6044,.T.);
#3667=EDGE_CURVE('',#4899,#4908,#343,.T.);
#3668=EDGE_CURVE('',#4899,#4886,#6045,.T.);
#3669=EDGE_CURVE('',#4898,#4896,#6046,.T.);
#3670=EDGE_CURVE('',#4900,#4895,#6047,.T.);
#3671=EDGE_CURVE('',#4901,#4894,#6048,.T.);
#3672=EDGE_CURVE('',#4902,#4893,#6049,.T.);
#3673=EDGE_CURVE('',#4903,#4892,#6050,.T.);
#3674=EDGE_CURVE('',#4904,#4891,#6051,.T.);
#3675=EDGE_CURVE('',#4905,#4890,#6052,.T.);
#3676=EDGE_CURVE('',#4906,#4889,#6053,.T.);
#3677=EDGE_CURVE('',#4907,#4888,#6054,.T.);
#3678=EDGE_CURVE('',#4908,#4887,#6055,.T.);
#3679=EDGE_CURVE('',#4909,#4910,#6056,.T.);
#3680=EDGE_CURVE('',#4911,#4909,#6057,.T.);
#3681=EDGE_CURVE('',#4912,#4911,#6058,.T.);
#3682=EDGE_CURVE('',#4913,#4912,#344,.T.);
#3683=EDGE_CURVE('',#4914,#4913,#6059,.T.);
#3684=EDGE_CURVE('',#4915,#4914,#6060,.T.);
#3685=EDGE_CURVE('',#4916,#4915,#6061,.T.);
#3686=EDGE_CURVE('',#4910,#4916,#345,.T.);
#3687=EDGE_CURVE('',#4917,#4918,#346,.T.);
#3688=EDGE_CURVE('',#4918,#4919,#6062,.T.);
#3689=EDGE_CURVE('',#4919,#4920,#6063,.T.);
#3690=EDGE_CURVE('',#4920,#4921,#6064,.T.);
#3691=EDGE_CURVE('',#4921,#4922,#347,.T.);
#3692=EDGE_CURVE('',#4922,#4923,#6065,.T.);
#3693=EDGE_CURVE('',#4923,#4924,#6066,.T.);
#3694=EDGE_CURVE('',#4924,#4917,#6067,.T.);
#3695=EDGE_CURVE('',#4924,#4909,#6068,.T.);
#3696=EDGE_CURVE('',#4917,#4910,#6069,.T.);
#3697=EDGE_CURVE('',#4923,#4911,#6070,.T.);
#3698=EDGE_CURVE('',#4922,#4912,#6071,.T.);
#3699=EDGE_CURVE('',#4921,#4913,#6072,.T.);
#3700=EDGE_CURVE('',#4920,#4914,#6073,.T.);
#3701=EDGE_CURVE('',#4919,#4915,#6074,.T.);
#3702=EDGE_CURVE('',#4918,#4916,#6075,.T.);
#3703=EDGE_CURVE('',#4925,#4926,#6076,.T.);
#3704=EDGE_CURVE('',#4927,#4925,#6077,.T.);
#3705=EDGE_CURVE('',#4928,#4927,#6078,.T.);
#3706=EDGE_CURVE('',#4929,#4928,#348,.T.);
#3707=EDGE_CURVE('',#4930,#4929,#6079,.T.);
#3708=EDGE_CURVE('',#4931,#4930,#6080,.T.);
#3709=EDGE_CURVE('',#4932,#4931,#6081,.T.);
#3710=EDGE_CURVE('',#4933,#4932,#6082,.T.);
#3711=EDGE_CURVE('',#4934,#4933,#349,.T.);
#3712=EDGE_CURVE('',#4935,#4934,#6083,.T.);
#3713=EDGE_CURVE('',#4926,#4935,#6084,.T.);
#3714=EDGE_CURVE('',#4936,#4937,#6085,.T.);
#3715=EDGE_CURVE('',#4937,#4938,#6086,.T.);
#3716=EDGE_CURVE('',#4938,#4939,#350,.T.);
#3717=EDGE_CURVE('',#4939,#4940,#6087,.T.);
#3718=EDGE_CURVE('',#4940,#4941,#6088,.T.);
#3719=EDGE_CURVE('',#4941,#4942,#6089,.T.);
#3720=EDGE_CURVE('',#4942,#4943,#6090,.T.);
#3721=EDGE_CURVE('',#4943,#4944,#351,.T.);
#3722=EDGE_CURVE('',#4944,#4945,#6091,.T.);
#3723=EDGE_CURVE('',#4945,#4946,#6092,.T.);
#3724=EDGE_CURVE('',#4946,#4936,#6093,.T.);
#3725=EDGE_CURVE('',#4946,#4925,#6094,.T.);
#3726=EDGE_CURVE('',#4936,#4926,#6095,.T.);
#3727=EDGE_CURVE('',#4945,#4927,#6096,.T.);
#3728=EDGE_CURVE('',#4944,#4928,#6097,.T.);
#3729=EDGE_CURVE('',#4943,#4929,#6098,.T.);
#3730=EDGE_CURVE('',#4942,#4930,#6099,.T.);
#3731=EDGE_CURVE('',#4941,#4931,#6100,.T.);
#3732=EDGE_CURVE('',#4940,#4932,#6101,.T.);
#3733=EDGE_CURVE('',#4939,#4933,#6102,.T.);
#3734=EDGE_CURVE('',#4938,#4934,#6103,.T.);
#3735=EDGE_CURVE('',#4937,#4935,#6104,.T.);
#3736=EDGE_CURVE('',#4947,#4948,#352,.T.);
#3737=EDGE_CURVE('',#4948,#4949,#6105,.T.);
#3738=EDGE_CURVE('',#4949,#4950,#6106,.T.);
#3739=EDGE_CURVE('',#4950,#4951,#6107,.T.);
#3740=EDGE_CURVE('',#4951,#4952,#6108,.T.);
#3741=EDGE_CURVE('',#4952,#4953,#6109,.T.);
#3742=EDGE_CURVE('',#4953,#4954,#353,.T.);
#3743=EDGE_CURVE('',#4954,#4955,#6110,.T.);
#3744=EDGE_CURVE('',#4955,#4956,#6111,.T.);
#3745=EDGE_CURVE('',#4956,#4957,#6112,.T.);
#3746=EDGE_CURVE('',#4957,#4958,#6113,.T.);
#3747=EDGE_CURVE('',#4958,#4959,#6114,.T.);
#3748=EDGE_CURVE('',#4959,#4960,#6115,.T.);
#3749=EDGE_CURVE('',#4960,#4961,#6116,.T.);
#3750=EDGE_CURVE('',#4961,#4947,#6117,.T.);
#3751=EDGE_CURVE('',#4962,#4963,#6118,.T.);
#3752=EDGE_CURVE('',#4964,#4962,#6119,.T.);
#3753=EDGE_CURVE('',#4965,#4964,#6120,.T.);
#3754=EDGE_CURVE('',#4966,#4965,#6121,.T.);
#3755=EDGE_CURVE('',#4967,#4966,#6122,.T.);
#3756=EDGE_CURVE('',#4968,#4967,#6123,.T.);
#3757=EDGE_CURVE('',#4969,#4968,#6124,.T.);
#3758=EDGE_CURVE('',#4970,#4969,#6125,.T.);
#3759=EDGE_CURVE('',#4971,#4970,#354,.T.);
#3760=EDGE_CURVE('',#4972,#4971,#6126,.T.);
#3761=EDGE_CURVE('',#4973,#4972,#6127,.T.);
#3762=EDGE_CURVE('',#4974,#4973,#6128,.T.);
#3763=EDGE_CURVE('',#4975,#4974,#6129,.T.);
#3764=EDGE_CURVE('',#4976,#4975,#6130,.T.);
#3765=EDGE_CURVE('',#4963,#4976,#355,.T.);
#3766=EDGE_CURVE('',#4963,#4947,#6131,.T.);
#3767=EDGE_CURVE('',#4962,#4961,#6132,.T.);
#3768=EDGE_CURVE('',#4964,#4960,#6133,.T.);
#3769=EDGE_CURVE('',#4965,#4959,#6134,.T.);
#3770=EDGE_CURVE('',#4966,#4958,#6135,.T.);
#3771=EDGE_CURVE('',#4967,#4957,#6136,.T.);
#3772=EDGE_CURVE('',#4968,#4956,#6137,.T.);
#3773=EDGE_CURVE('',#4969,#4955,#6138,.T.);
#3774=EDGE_CURVE('',#4970,#4954,#6139,.T.);
#3775=EDGE_CURVE('',#4971,#4953,#6140,.T.);
#3776=EDGE_CURVE('',#4972,#4952,#6141,.T.);
#3777=EDGE_CURVE('',#4973,#4951,#6142,.T.);
#3778=EDGE_CURVE('',#4974,#4950,#6143,.T.);
#3779=EDGE_CURVE('',#4975,#4949,#6144,.T.);
#3780=EDGE_CURVE('',#4976,#4948,#6145,.T.);
#3781=EDGE_CURVE('',#4977,#4978,#6146,.T.);
#3782=EDGE_CURVE('',#4979,#4977,#6147,.T.);
#3783=EDGE_CURVE('',#4980,#4979,#356,.T.);
#3784=EDGE_CURVE('',#4981,#4980,#6148,.T.);
#3785=EDGE_CURVE('',#4982,#4981,#6149,.T.);
#3786=EDGE_CURVE('',#4983,#4982,#6150,.T.);
#3787=EDGE_CURVE('',#4978,#4983,#357,.T.);
#3788=EDGE_CURVE('',#4984,#4985,#358,.T.);
#3789=EDGE_CURVE('',#4985,#4986,#6151,.T.);
#3790=EDGE_CURVE('',#4986,#4987,#6152,.T.);
#3791=EDGE_CURVE('',#4987,#4988,#6153,.T.);
#3792=EDGE_CURVE('',#4988,#4989,#359,.T.);
#3793=EDGE_CURVE('',#4989,#4990,#6154,.T.);
#3794=EDGE_CURVE('',#4990,#4984,#6155,.T.);
#3795=EDGE_CURVE('',#4990,#4977,#6156,.T.);
#3796=EDGE_CURVE('',#4984,#4978,#6157,.T.);
#3797=EDGE_CURVE('',#4989,#4979,#6158,.T.);
#3798=EDGE_CURVE('',#4988,#4980,#6159,.T.);
#3799=EDGE_CURVE('',#4987,#4981,#6160,.T.);
#3800=EDGE_CURVE('',#4986,#4982,#6161,.T.);
#3801=EDGE_CURVE('',#4985,#4983,#6162,.T.);
#3802=EDGE_CURVE('',#4991,#4992,#360,.T.);
#3803=EDGE_CURVE('',#4992,#4993,#6163,.T.);
#3804=EDGE_CURVE('',#4993,#4994,#6164,.T.);
#3805=EDGE_CURVE('',#4994,#4995,#6165,.T.);
#3806=EDGE_CURVE('',#4995,#4996,#361,.T.);
#3807=EDGE_CURVE('',#4996,#4997,#6166,.T.);
#3808=EDGE_CURVE('',#4997,#4998,#6167,.T.);
#3809=EDGE_CURVE('',#4998,#4999,#6168,.T.);
#3810=EDGE_CURVE('',#4999,#4991,#6169,.T.);
#3811=EDGE_CURVE('',#5000,#5001,#6170,.T.);
#3812=EDGE_CURVE('',#5002,#5000,#6171,.T.);
#3813=EDGE_CURVE('',#5003,#5002,#6172,.T.);
#3814=EDGE_CURVE('',#5004,#5003,#6173,.T.);
#3815=EDGE_CURVE('',#5005,#5004,#362,.T.);
#3816=EDGE_CURVE('',#5006,#5005,#6174,.T.);
#3817=EDGE_CURVE('',#5007,#5006,#6175,.T.);
#3818=EDGE_CURVE('',#5008,#5007,#6176,.T.);
#3819=EDGE_CURVE('',#5001,#5008,#363,.T.);
#3820=EDGE_CURVE('',#5001,#4991,#6177,.T.);
#3821=EDGE_CURVE('',#5000,#4999,#6178,.T.);
#3822=EDGE_CURVE('',#5002,#4998,#6179,.T.);
#3823=EDGE_CURVE('',#5003,#4997,#6180,.T.);
#3824=EDGE_CURVE('',#5004,#4996,#6181,.T.);
#3825=EDGE_CURVE('',#5005,#4995,#6182,.T.);
#3826=EDGE_CURVE('',#5006,#4994,#6183,.T.);
#3827=EDGE_CURVE('',#5007,#4993,#6184,.T.);
#3828=EDGE_CURVE('',#5008,#4992,#6185,.T.);
#3829=EDGE_CURVE('',#5009,#5010,#6186,.T.);
#3830=EDGE_CURVE('',#5011,#5009,#364,.T.);
#3831=EDGE_CURVE('',#5012,#5011,#6187,.T.);
#3832=EDGE_CURVE('',#5013,#5012,#365,.T.);
#3833=EDGE_CURVE('',#5014,#5013,#6188,.T.);
#3834=EDGE_CURVE('',#5015,#5014,#366,.T.);
#3835=EDGE_CURVE('',#5016,#5015,#6189,.T.);
#3836=EDGE_CURVE('',#5010,#5016,#367,.T.);
#3837=EDGE_CURVE('',#5017,#5018,#368,.T.);
#3838=EDGE_CURVE('',#5018,#5019,#6190,.T.);
#3839=EDGE_CURVE('',#5019,#5020,#369,.T.);
#3840=EDGE_CURVE('',#5020,#5021,#6191,.T.);
#3841=EDGE_CURVE('',#5021,#5022,#370,.T.);
#3842=EDGE_CURVE('',#5022,#5023,#6192,.T.);
#3843=EDGE_CURVE('',#5023,#5024,#371,.T.);
#3844=EDGE_CURVE('',#5024,#5017,#6193,.T.);
#3845=EDGE_CURVE('',#5024,#5009,#6194,.T.);
#3846=EDGE_CURVE('',#5017,#5010,#6195,.T.);
#3847=EDGE_CURVE('',#5023,#5011,#6196,.T.);
#3848=EDGE_CURVE('',#5022,#5012,#6197,.T.);
#3849=EDGE_CURVE('',#5021,#5013,#6198,.T.);
#3850=EDGE_CURVE('',#5020,#5014,#6199,.T.);
#3851=EDGE_CURVE('',#5019,#5015,#6200,.T.);
#3852=EDGE_CURVE('',#5018,#5016,#6201,.T.);
#3853=EDGE_CURVE('',#5025,#5026,#372,.T.);
#3854=EDGE_CURVE('',#5026,#5027,#6202,.T.);
#3855=EDGE_CURVE('',#5027,#5028,#373,.T.);
#3856=EDGE_CURVE('',#5028,#5029,#6203,.T.);
#3857=EDGE_CURVE('',#5029,#5030,#374,.T.);
#3858=EDGE_CURVE('',#5030,#5031,#6204,.T.);
#3859=EDGE_CURVE('',#5031,#5032,#375,.T.);
#3860=EDGE_CURVE('',#5032,#5025,#6205,.T.);
#3861=EDGE_CURVE('',#5033,#5034,#6206,.T.);
#3862=EDGE_CURVE('',#5035,#5033,#376,.T.);
#3863=EDGE_CURVE('',#5036,#5035,#6207,.T.);
#3864=EDGE_CURVE('',#5037,#5036,#377,.T.);
#3865=EDGE_CURVE('',#5038,#5037,#6208,.T.);
#3866=EDGE_CURVE('',#5039,#5038,#378,.T.);
#3867=EDGE_CURVE('',#5040,#5039,#6209,.T.);
#3868=EDGE_CURVE('',#5034,#5040,#379,.T.);
#3869=EDGE_CURVE('',#5034,#5025,#6210,.T.);
#3870=EDGE_CURVE('',#5033,#5032,#6211,.T.);
#3871=EDGE_CURVE('',#5035,#5031,#6212,.T.);
#3872=EDGE_CURVE('',#5036,#5030,#6213,.T.);
#3873=EDGE_CURVE('',#5037,#5029,#6214,.T.);
#3874=EDGE_CURVE('',#5038,#5028,#6215,.T.);
#3875=EDGE_CURVE('',#5039,#5027,#6216,.T.);
#3876=EDGE_CURVE('',#5040,#5026,#6217,.T.);
#3877=EDGE_CURVE('',#5041,#5042,#6218,.T.);
#3878=EDGE_CURVE('',#5043,#5041,#380,.T.);
#3879=EDGE_CURVE('',#5044,#5043,#6219,.T.);
#3880=EDGE_CURVE('',#5045,#5044,#381,.T.);
#3881=EDGE_CURVE('',#5046,#5045,#6220,.T.);
#3882=EDGE_CURVE('',#5047,#5046,#382,.T.);
#3883=EDGE_CURVE('',#5048,#5047,#6221,.T.);
#3884=EDGE_CURVE('',#5042,#5048,#383,.T.);
#3885=EDGE_CURVE('',#5049,#5050,#384,.T.);
#3886=EDGE_CURVE('',#5050,#5051,#6222,.T.);
#3887=EDGE_CURVE('',#5051,#5052,#385,.T.);
#3888=EDGE_CURVE('',#5052,#5053,#6223,.T.);
#3889=EDGE_CURVE('',#5053,#5054,#386,.T.);
#3890=EDGE_CURVE('',#5054,#5055,#6224,.T.);
#3891=EDGE_CURVE('',#5055,#5056,#387,.T.);
#3892=EDGE_CURVE('',#5056,#5049,#6225,.T.);
#3893=EDGE_CURVE('',#5056,#5041,#6226,.T.);
#3894=EDGE_CURVE('',#5049,#5042,#6227,.T.);
#3895=EDGE_CURVE('',#5055,#5043,#6228,.T.);
#3896=EDGE_CURVE('',#5054,#5044,#6229,.T.);
#3897=EDGE_CURVE('',#5053,#5045,#6230,.T.);
#3898=EDGE_CURVE('',#5052,#5046,#6231,.T.);
#3899=EDGE_CURVE('',#5051,#5047,#6232,.T.);
#3900=EDGE_CURVE('',#5050,#5048,#6233,.T.);
#3901=EDGE_CURVE('',#5057,#5058,#388,.T.);
#3902=EDGE_CURVE('',#5058,#5059,#6234,.T.);
#3903=EDGE_CURVE('',#5059,#5060,#389,.T.);
#3904=EDGE_CURVE('',#5060,#5061,#6235,.T.);
#3905=EDGE_CURVE('',#5061,#5062,#390,.T.);
#3906=EDGE_CURVE('',#5062,#5063,#6236,.T.);
#3907=EDGE_CURVE('',#5063,#5064,#391,.T.);
#3908=EDGE_CURVE('',#5064,#5057,#6237,.T.);
#3909=EDGE_CURVE('',#5065,#5066,#6238,.T.);
#3910=EDGE_CURVE('',#5067,#5065,#392,.T.);
#3911=EDGE_CURVE('',#5068,#5067,#6239,.T.);
#3912=EDGE_CURVE('',#5069,#5068,#393,.T.);
#3913=EDGE_CURVE('',#5070,#5069,#6240,.T.);
#3914=EDGE_CURVE('',#5071,#5070,#394,.T.);
#3915=EDGE_CURVE('',#5072,#5071,#6241,.T.);
#3916=EDGE_CURVE('',#5066,#5072,#395,.T.);
#3917=EDGE_CURVE('',#5066,#5057,#6242,.T.);
#3918=EDGE_CURVE('',#5065,#5064,#6243,.T.);
#3919=EDGE_CURVE('',#5067,#5063,#6244,.T.);
#3920=EDGE_CURVE('',#5068,#5062,#6245,.T.);
#3921=EDGE_CURVE('',#5069,#5061,#6246,.T.);
#3922=EDGE_CURVE('',#5070,#5060,#6247,.T.);
#3923=EDGE_CURVE('',#5071,#5059,#6248,.T.);
#3924=EDGE_CURVE('',#5072,#5058,#6249,.T.);
#3925=EDGE_CURVE('',#5073,#5074,#6250,.T.);
#3926=EDGE_CURVE('',#5075,#5073,#396,.T.);
#3927=EDGE_CURVE('',#5076,#5075,#6251,.T.);
#3928=EDGE_CURVE('',#5077,#5076,#397,.T.);
#3929=EDGE_CURVE('',#5078,#5077,#6252,.T.);
#3930=EDGE_CURVE('',#5079,#5078,#398,.T.);
#3931=EDGE_CURVE('',#5080,#5079,#6253,.T.);
#3932=EDGE_CURVE('',#5074,#5080,#399,.T.);
#3933=EDGE_CURVE('',#5081,#5082,#400,.T.);
#3934=EDGE_CURVE('',#5082,#5083,#6254,.T.);
#3935=EDGE_CURVE('',#5083,#5084,#401,.T.);
#3936=EDGE_CURVE('',#5084,#5085,#6255,.T.);
#3937=EDGE_CURVE('',#5085,#5086,#402,.T.);
#3938=EDGE_CURVE('',#5086,#5087,#6256,.T.);
#3939=EDGE_CURVE('',#5087,#5088,#403,.T.);
#3940=EDGE_CURVE('',#5088,#5081,#6257,.T.);
#3941=EDGE_CURVE('',#5088,#5073,#6258,.T.);
#3942=EDGE_CURVE('',#5081,#5074,#6259,.T.);
#3943=EDGE_CURVE('',#5087,#5075,#6260,.T.);
#3944=EDGE_CURVE('',#5086,#5076,#6261,.T.);
#3945=EDGE_CURVE('',#5085,#5077,#6262,.T.);
#3946=EDGE_CURVE('',#5084,#5078,#6263,.T.);
#3947=EDGE_CURVE('',#5083,#5079,#6264,.T.);
#3948=EDGE_CURVE('',#5082,#5080,#6265,.T.);
#3949=EDGE_CURVE('',#5089,#5090,#6266,.T.);
#3950=EDGE_CURVE('',#5091,#5089,#404,.T.);
#3951=EDGE_CURVE('',#5092,#5091,#6267,.T.);
#3952=EDGE_CURVE('',#5093,#5092,#405,.T.);
#3953=EDGE_CURVE('',#5094,#5093,#6268,.T.);
#3954=EDGE_CURVE('',#5095,#5094,#406,.T.);
#3955=EDGE_CURVE('',#5096,#5095,#6269,.T.);
#3956=EDGE_CURVE('',#5090,#5096,#407,.T.);
#3957=EDGE_CURVE('',#5097,#5098,#408,.T.);
#3958=EDGE_CURVE('',#5098,#5099,#6270,.T.);
#3959=EDGE_CURVE('',#5099,#5100,#409,.T.);
#3960=EDGE_CURVE('',#5100,#5101,#6271,.T.);
#3961=EDGE_CURVE('',#5101,#5102,#410,.T.);
#3962=EDGE_CURVE('',#5102,#5103,#6272,.T.);
#3963=EDGE_CURVE('',#5103,#5104,#411,.T.);
#3964=EDGE_CURVE('',#5104,#5097,#6273,.T.);
#3965=EDGE_CURVE('',#5104,#5089,#6274,.T.);
#3966=EDGE_CURVE('',#5097,#5090,#6275,.T.);
#3967=EDGE_CURVE('',#5103,#5091,#6276,.T.);
#3968=EDGE_CURVE('',#5102,#5092,#6277,.T.);
#3969=EDGE_CURVE('',#5101,#5093,#6278,.T.);
#3970=EDGE_CURVE('',#5100,#5094,#6279,.T.);
#3971=EDGE_CURVE('',#5099,#5095,#6280,.T.);
#3972=EDGE_CURVE('',#5098,#5096,#6281,.T.);
#3973=EDGE_CURVE('',#5105,#5106,#412,.T.);
#3974=EDGE_CURVE('',#5106,#5107,#6282,.T.);
#3975=EDGE_CURVE('',#5107,#5108,#413,.T.);
#3976=EDGE_CURVE('',#5108,#5109,#6283,.T.);
#3977=EDGE_CURVE('',#5109,#5110,#414,.T.);
#3978=EDGE_CURVE('',#5110,#5111,#6284,.T.);
#3979=EDGE_CURVE('',#5111,#5112,#415,.T.);
#3980=EDGE_CURVE('',#5112,#5105,#6285,.T.);
#3981=EDGE_CURVE('',#5113,#5114,#6286,.T.);
#3982=EDGE_CURVE('',#5115,#5113,#416,.T.);
#3983=EDGE_CURVE('',#5116,#5115,#6287,.T.);
#3984=EDGE_CURVE('',#5117,#5116,#417,.T.);
#3985=EDGE_CURVE('',#5118,#5117,#6288,.T.);
#3986=EDGE_CURVE('',#5119,#5118,#418,.T.);
#3987=EDGE_CURVE('',#5120,#5119,#6289,.T.);
#3988=EDGE_CURVE('',#5114,#5120,#419,.T.);
#3989=EDGE_CURVE('',#5114,#5105,#6290,.T.);
#3990=EDGE_CURVE('',#5113,#5112,#6291,.T.);
#3991=EDGE_CURVE('',#5115,#5111,#6292,.T.);
#3992=EDGE_CURVE('',#5116,#5110,#6293,.T.);
#3993=EDGE_CURVE('',#5117,#5109,#6294,.T.);
#3994=EDGE_CURVE('',#5118,#5108,#6295,.T.);
#3995=EDGE_CURVE('',#5119,#5107,#6296,.T.);
#3996=EDGE_CURVE('',#5120,#5106,#6297,.T.);
#3997=EDGE_CURVE('',#5121,#5121,#420,.T.);
#3998=EDGE_CURVE('',#5122,#5122,#421,.T.);
#3999=EDGE_CURVE('',#5123,#5123,#422,.T.);
#4000=EDGE_CURVE('',#5124,#5124,#423,.T.);
#4001=EDGE_CURVE('',#5125,#5125,#424,.T.);
#4002=EDGE_CURVE('',#5126,#5126,#425,.T.);
#4003=EDGE_CURVE('',#5127,#5127,#426,.T.);
#4004=EDGE_CURVE('',#5128,#5128,#427,.T.);
#4005=EDGE_CURVE('',#5129,#5129,#428,.T.);
#4006=EDGE_CURVE('',#5130,#5130,#429,.T.);
#4007=EDGE_CURVE('',#5131,#5131,#430,.T.);
#4008=EDGE_CURVE('',#5132,#5132,#431,.T.);
#4009=EDGE_CURVE('',#5133,#5134,#6298,.T.);
#4010=EDGE_CURVE('',#5135,#5133,#432,.T.);
#4011=EDGE_CURVE('',#5136,#5135,#6299,.T.);
#4012=EDGE_CURVE('',#5137,#5136,#433,.T.);
#4013=EDGE_CURVE('',#5138,#5137,#6300,.T.);
#4014=EDGE_CURVE('',#5139,#5138,#434,.T.);
#4015=EDGE_CURVE('',#5140,#5139,#6301,.T.);
#4016=EDGE_CURVE('',#5134,#5140,#435,.T.);
#4017=EDGE_CURVE('',#5141,#5142,#436,.T.);
#4018=EDGE_CURVE('',#5142,#5143,#6302,.T.);
#4019=EDGE_CURVE('',#5143,#5144,#437,.T.);
#4020=EDGE_CURVE('',#5144,#5145,#6303,.T.);
#4021=EDGE_CURVE('',#5145,#5146,#438,.T.);
#4022=EDGE_CURVE('',#5146,#5147,#6304,.T.);
#4023=EDGE_CURVE('',#5147,#5148,#439,.T.);
#4024=EDGE_CURVE('',#5148,#5141,#6305,.T.);
#4025=EDGE_CURVE('',#5148,#5133,#6306,.T.);
#4026=EDGE_CURVE('',#5141,#5134,#6307,.T.);
#4027=EDGE_CURVE('',#5147,#5135,#6308,.T.);
#4028=EDGE_CURVE('',#5146,#5136,#6309,.T.);
#4029=EDGE_CURVE('',#5145,#5137,#6310,.T.);
#4030=EDGE_CURVE('',#5144,#5138,#6311,.T.);
#4031=EDGE_CURVE('',#5143,#5139,#6312,.T.);
#4032=EDGE_CURVE('',#5142,#5140,#6313,.T.);
#4033=EDGE_CURVE('',#5149,#5149,#440,.T.);
#4034=EDGE_CURVE('',#5150,#5150,#441,.T.);
#4035=EDGE_CURVE('',#5151,#5151,#442,.T.);
#4036=EDGE_CURVE('',#5152,#5152,#443,.T.);
#4037=EDGE_CURVE('',#5153,#5153,#444,.T.);
#4038=EDGE_CURVE('',#5154,#5154,#445,.T.);
#4039=EDGE_CURVE('',#5155,#5155,#446,.T.);
#4040=EDGE_CURVE('',#5156,#5156,#447,.T.);
#4041=EDGE_CURVE('',#5157,#5157,#448,.T.);
#4042=EDGE_CURVE('',#5158,#5158,#449,.T.);
#4043=EDGE_CURVE('',#5159,#5159,#450,.T.);
#4044=EDGE_CURVE('',#5160,#5160,#451,.T.);
#4045=EDGE_CURVE('',#5161,#5162,#452,.T.);
#4046=EDGE_CURVE('',#5162,#5163,#6314,.T.);
#4047=EDGE_CURVE('',#5163,#5164,#453,.T.);
#4048=EDGE_CURVE('',#5164,#5165,#6315,.T.);
#4049=EDGE_CURVE('',#5165,#5166,#454,.T.);
#4050=EDGE_CURVE('',#5166,#5167,#6316,.T.);
#4051=EDGE_CURVE('',#5167,#5168,#455,.T.);
#4052=EDGE_CURVE('',#5168,#5161,#6317,.T.);
#4053=EDGE_CURVE('',#5169,#5170,#6318,.T.);
#4054=EDGE_CURVE('',#5171,#5169,#456,.T.);
#4055=EDGE_CURVE('',#5172,#5171,#6319,.T.);
#4056=EDGE_CURVE('',#5173,#5172,#457,.T.);
#4057=EDGE_CURVE('',#5174,#5173,#6320,.T.);
#4058=EDGE_CURVE('',#5175,#5174,#458,.T.);
#4059=EDGE_CURVE('',#5176,#5175,#6321,.T.);
#4060=EDGE_CURVE('',#5170,#5176,#459,.T.);
#4061=EDGE_CURVE('',#5170,#5161,#6322,.T.);
#4062=EDGE_CURVE('',#5169,#5168,#6323,.T.);
#4063=EDGE_CURVE('',#5171,#5167,#6324,.T.);
#4064=EDGE_CURVE('',#5172,#5166,#6325,.T.);
#4065=EDGE_CURVE('',#5173,#5165,#6326,.T.);
#4066=EDGE_CURVE('',#5174,#5164,#6327,.T.);
#4067=EDGE_CURVE('',#5175,#5163,#6328,.T.);
#4068=EDGE_CURVE('',#5176,#5162,#6329,.T.);
#4069=EDGE_CURVE('',#5177,#5178,#6330,.T.);
#4070=EDGE_CURVE('',#5179,#5177,#460,.T.);
#4071=EDGE_CURVE('',#5180,#5179,#6331,.T.);
#4072=EDGE_CURVE('',#5181,#5180,#461,.T.);
#4073=EDGE_CURVE('',#5182,#5181,#6332,.T.);
#4074=EDGE_CURVE('',#5183,#5182,#462,.T.);
#4075=EDGE_CURVE('',#5184,#5183,#6333,.T.);
#4076=EDGE_CURVE('',#5178,#5184,#463,.T.);
#4077=EDGE_CURVE('',#5185,#5186,#464,.T.);
#4078=EDGE_CURVE('',#5186,#5187,#6334,.T.);
#4079=EDGE_CURVE('',#5187,#5188,#465,.T.);
#4080=EDGE_CURVE('',#5188,#5189,#6335,.T.);
#4081=EDGE_CURVE('',#5189,#5190,#466,.T.);
#4082=EDGE_CURVE('',#5190,#5191,#6336,.T.);
#4083=EDGE_CURVE('',#5191,#5192,#467,.T.);
#4084=EDGE_CURVE('',#5192,#5185,#6337,.T.);
#4085=EDGE_CURVE('',#5192,#5177,#6338,.T.);
#4086=EDGE_CURVE('',#5185,#5178,#6339,.T.);
#4087=EDGE_CURVE('',#5191,#5179,#6340,.T.);
#4088=EDGE_CURVE('',#5190,#5180,#6341,.T.);
#4089=EDGE_CURVE('',#5189,#5181,#6342,.T.);
#4090=EDGE_CURVE('',#5188,#5182,#6343,.T.);
#4091=EDGE_CURVE('',#5187,#5183,#6344,.T.);
#4092=EDGE_CURVE('',#5186,#5184,#6345,.T.);
#4093=EDGE_CURVE('',#5193,#5194,#6346,.T.);
#4094=EDGE_CURVE('',#5195,#5193,#468,.T.);
#4095=EDGE_CURVE('',#5196,#5195,#6347,.T.);
#4096=EDGE_CURVE('',#5197,#5196,#469,.T.);
#4097=EDGE_CURVE('',#5198,#5197,#6348,.T.);
#4098=EDGE_CURVE('',#5199,#5198,#470,.T.);
#4099=EDGE_CURVE('',#5200,#5199,#6349,.T.);
#4100=EDGE_CURVE('',#5194,#5200,#471,.T.);
#4101=EDGE_CURVE('',#5201,#5202,#472,.T.);
#4102=EDGE_CURVE('',#5202,#5203,#6350,.T.);
#4103=EDGE_CURVE('',#5203,#5204,#473,.T.);
#4104=EDGE_CURVE('',#5204,#5205,#6351,.T.);
#4105=EDGE_CURVE('',#5205,#5206,#474,.T.);
#4106=EDGE_CURVE('',#5206,#5207,#6352,.T.);
#4107=EDGE_CURVE('',#5207,#5208,#475,.T.);
#4108=EDGE_CURVE('',#5208,#5201,#6353,.T.);
#4109=EDGE_CURVE('',#5208,#5193,#6354,.T.);
#4110=EDGE_CURVE('',#5201,#5194,#6355,.T.);
#4111=EDGE_CURVE('',#5207,#5195,#6356,.T.);
#4112=EDGE_CURVE('',#5206,#5196,#6357,.T.);
#4113=EDGE_CURVE('',#5205,#5197,#6358,.T.);
#4114=EDGE_CURVE('',#5204,#5198,#6359,.T.);
#4115=EDGE_CURVE('',#5203,#5199,#6360,.T.);
#4116=EDGE_CURVE('',#5202,#5200,#6361,.T.);
#4117=EDGE_CURVE('',#5209,#5210,#6362,.T.);
#4118=EDGE_CURVE('',#5211,#5209,#476,.T.);
#4119=EDGE_CURVE('',#5212,#5211,#6363,.T.);
#4120=EDGE_CURVE('',#5213,#5212,#477,.T.);
#4121=EDGE_CURVE('',#5214,#5213,#6364,.T.);
#4122=EDGE_CURVE('',#5215,#5214,#478,.T.);
#4123=EDGE_CURVE('',#5216,#5215,#6365,.T.);
#4124=EDGE_CURVE('',#5210,#5216,#479,.T.);
#4125=EDGE_CURVE('',#5217,#5218,#480,.T.);
#4126=EDGE_CURVE('',#5218,#5219,#6366,.T.);
#4127=EDGE_CURVE('',#5219,#5220,#481,.T.);
#4128=EDGE_CURVE('',#5220,#5221,#6367,.T.);
#4129=EDGE_CURVE('',#5221,#5222,#482,.T.);
#4130=EDGE_CURVE('',#5222,#5223,#6368,.T.);
#4131=EDGE_CURVE('',#5223,#5224,#483,.T.);
#4132=EDGE_CURVE('',#5224,#5217,#6369,.T.);
#4133=EDGE_CURVE('',#5224,#5209,#6370,.T.);
#4134=EDGE_CURVE('',#5217,#5210,#6371,.T.);
#4135=EDGE_CURVE('',#5223,#5211,#6372,.T.);
#4136=EDGE_CURVE('',#5222,#5212,#6373,.T.);
#4137=EDGE_CURVE('',#5221,#5213,#6374,.T.);
#4138=EDGE_CURVE('',#5220,#5214,#6375,.T.);
#4139=EDGE_CURVE('',#5219,#5215,#6376,.T.);
#4140=EDGE_CURVE('',#5218,#5216,#6377,.T.);
#4141=EDGE_CURVE('',#5225,#5225,#484,.T.);
#4142=EDGE_CURVE('',#5226,#5226,#485,.T.);
#4143=EDGE_CURVE('',#5227,#5227,#486,.T.);
#4144=EDGE_CURVE('',#5228,#5228,#487,.T.);
#4145=EDGE_CURVE('',#5229,#5230,#6378,.T.);
#4146=EDGE_CURVE('',#5231,#5229,#6379,.T.);
#4147=EDGE_CURVE('',#5232,#5231,#488,.T.);
#4148=EDGE_CURVE('',#5233,#5232,#6380,.T.);
#4149=EDGE_CURVE('',#5234,#5233,#489,.T.);
#4150=EDGE_CURVE('',#5235,#5234,#6381,.T.);
#4151=EDGE_CURVE('',#5236,#5235,#490,.T.);
#4152=EDGE_CURVE('',#5237,#5236,#6382,.T.);
#4153=EDGE_CURVE('',#5238,#5237,#6383,.T.);
#4154=EDGE_CURVE('',#5239,#5238,#6384,.T.);
#4155=EDGE_CURVE('',#5230,#5239,#491,.T.);
#4156=EDGE_CURVE('',#5240,#5241,#6385,.T.);
#4157=EDGE_CURVE('',#5242,#5240,#492,.T.);
#4158=EDGE_CURVE('',#5243,#5242,#6386,.T.);
#4159=EDGE_CURVE('',#5244,#5243,#6387,.T.);
#4160=EDGE_CURVE('',#5245,#5244,#6388,.T.);
#4161=EDGE_CURVE('',#5246,#5245,#493,.T.);
#4162=EDGE_CURVE('',#5247,#5246,#6389,.T.);
#4163=EDGE_CURVE('',#5248,#5247,#494,.T.);
#4164=EDGE_CURVE('',#5249,#5248,#6390,.T.);
#4165=EDGE_CURVE('',#5241,#5249,#495,.T.);
#4166=EDGE_CURVE('',#5250,#5251,#6391,.T.);
#4167=EDGE_CURVE('',#5252,#5250,#6392,.T.);
#4168=EDGE_CURVE('',#5253,#5252,#6393,.T.);
#4169=EDGE_CURVE('',#5254,#5253,#6394,.T.);
#4170=EDGE_CURVE('',#5255,#5254,#496,.T.);
#4171=EDGE_CURVE('',#5256,#5255,#6395,.T.);
#4172=EDGE_CURVE('',#5251,#5256,#497,.T.);
#4173=EDGE_CURVE('',#5257,#5258,#6396,.T.);
#4174=EDGE_CURVE('',#5259,#5257,#6397,.T.);
#4175=EDGE_CURVE('',#5260,#5259,#6398,.T.);
#4176=EDGE_CURVE('',#5261,#5260,#498,.T.);
#4177=EDGE_CURVE('',#5262,#5261,#6399,.T.);
#4178=EDGE_CURVE('',#5263,#5262,#499,.T.);
#4179=EDGE_CURVE('',#5264,#5263,#6400,.T.);
#4180=EDGE_CURVE('',#5265,#5264,#500,.T.);
#4181=EDGE_CURVE('',#5266,#5265,#6401,.T.);
#4182=EDGE_CURVE('',#5267,#5266,#501,.T.);
#4183=EDGE_CURVE('',#5268,#5267,#6402,.T.);
#4184=EDGE_CURVE('',#5269,#5268,#502,.T.);
#4185=EDGE_CURVE('',#5270,#5269,#6403,.T.);
#4186=EDGE_CURVE('',#5258,#5270,#503,.T.);
#4187=EDGE_CURVE('',#5271,#5272,#6404,.T.);
#4188=EDGE_CURVE('',#5273,#5271,#504,.T.);
#4189=EDGE_CURVE('',#5274,#5273,#6405,.T.);
#4190=EDGE_CURVE('',#5275,#5274,#505,.T.);
#4191=EDGE_CURVE('',#5276,#5275,#6406,.T.);
#4192=EDGE_CURVE('',#5277,#5276,#506,.T.);
#4193=EDGE_CURVE('',#5278,#5277,#6407,.T.);
#4194=EDGE_CURVE('',#5272,#5278,#507,.T.);
#4195=EDGE_CURVE('',#5279,#5280,#6408,.T.);
#4196=EDGE_CURVE('',#5281,#5279,#6409,.T.);
#4197=EDGE_CURVE('',#5282,#5281,#6410,.T.);
#4198=EDGE_CURVE('',#5283,#5282,#508,.T.);
#4199=EDGE_CURVE('',#5284,#5283,#6411,.T.);
#4200=EDGE_CURVE('',#5285,#5284,#6412,.T.);
#4201=EDGE_CURVE('',#5286,#5285,#6413,.T.);
#4202=EDGE_CURVE('',#5287,#5286,#6414,.T.);
#4203=EDGE_CURVE('',#5288,#5287,#6415,.T.);
#4204=EDGE_CURVE('',#5289,#5288,#6416,.T.);
#4205=EDGE_CURVE('',#5290,#5289,#6417,.T.);
#4206=EDGE_CURVE('',#5291,#5290,#509,.T.);
#4207=EDGE_CURVE('',#5292,#5291,#6418,.T.);
#4208=EDGE_CURVE('',#5293,#5292,#6419,.T.);
#4209=EDGE_CURVE('',#5294,#5293,#510,.T.);
#4210=EDGE_CURVE('',#5295,#5294,#6420,.T.);
#4211=EDGE_CURVE('',#5296,#5295,#6421,.T.);
#4212=EDGE_CURVE('',#5297,#5296,#6422,.T.);
#4213=EDGE_CURVE('',#5280,#5297,#511,.T.);
#4214=EDGE_CURVE('',#5298,#5299,#6423,.T.);
#4215=EDGE_CURVE('',#5299,#5300,#6424,.T.);
#4216=EDGE_CURVE('',#5300,#5301,#6425,.T.);
#4217=EDGE_CURVE('',#5301,#5298,#6426,.T.);
#4218=EDGE_CURVE('',#5302,#5303,#512,.T.);
#4219=EDGE_CURVE('',#5303,#5304,#6427,.T.);
#4220=EDGE_CURVE('',#5304,#5305,#513,.T.);
#4221=EDGE_CURVE('',#5305,#5306,#6428,.T.);
#4222=EDGE_CURVE('',#5306,#5307,#514,.T.);
#4223=EDGE_CURVE('',#5307,#5308,#6429,.T.);
#4224=EDGE_CURVE('',#5308,#5309,#515,.T.);
#4225=EDGE_CURVE('',#5309,#5302,#6430,.T.);
#4226=EDGE_CURVE('',#5310,#5311,#516,.T.);
#4227=EDGE_CURVE('',#5311,#5312,#6431,.T.);
#4228=EDGE_CURVE('',#5312,#5313,#517,.T.);
#4229=EDGE_CURVE('',#5313,#5314,#6432,.T.);
#4230=EDGE_CURVE('',#5314,#5315,#518,.T.);
#4231=EDGE_CURVE('',#5315,#5316,#6433,.T.);
#4232=EDGE_CURVE('',#5316,#5317,#519,.T.);
#4233=EDGE_CURVE('',#5317,#5310,#6434,.T.);
#4234=EDGE_CURVE('',#5318,#5319,#520,.T.);
#4235=EDGE_CURVE('',#5319,#5320,#6435,.T.);
#4236=EDGE_CURVE('',#5320,#5321,#521,.T.);
#4237=EDGE_CURVE('',#5321,#5322,#6436,.T.);
#4238=EDGE_CURVE('',#5322,#5323,#522,.T.);
#4239=EDGE_CURVE('',#5323,#5324,#6437,.T.);
#4240=EDGE_CURVE('',#5324,#5325,#523,.T.);
#4241=EDGE_CURVE('',#5325,#5318,#6438,.T.);
#4242=EDGE_CURVE('',#5326,#5327,#6439,.T.);
#4243=EDGE_CURVE('',#5327,#5328,#6440,.T.);
#4244=EDGE_CURVE('',#5328,#5329,#6441,.T.);
#4245=EDGE_CURVE('',#5329,#5330,#6442,.T.);
#4246=EDGE_CURVE('',#5330,#5331,#6443,.T.);
#4247=EDGE_CURVE('',#5331,#5332,#6444,.T.);
#4248=EDGE_CURVE('',#5332,#5333,#6445,.T.);
#4249=EDGE_CURVE('',#5333,#5334,#6446,.T.);
#4250=EDGE_CURVE('',#5334,#5335,#524,.T.);
#4251=EDGE_CURVE('',#5335,#5336,#6447,.T.);
#4252=EDGE_CURVE('',#5336,#5337,#525,.T.);
#4253=EDGE_CURVE('',#5337,#5338,#6448,.T.);
#4254=EDGE_CURVE('',#5338,#5339,#526,.T.);
#4255=EDGE_CURVE('',#5339,#5340,#6449,.T.);
#4256=EDGE_CURVE('',#5340,#5341,#6450,.T.);
#4257=EDGE_CURVE('',#5341,#5342,#6451,.T.);
#4258=EDGE_CURVE('',#5342,#5343,#6452,.T.);
#4259=EDGE_CURVE('',#5343,#5344,#6453,.T.);
#4260=EDGE_CURVE('',#5344,#5345,#6454,.T.);
#4261=EDGE_CURVE('',#5345,#5346,#6455,.T.);
#4262=EDGE_CURVE('',#5346,#5347,#6456,.T.);
#4263=EDGE_CURVE('',#5347,#5348,#527,.T.);
#4264=EDGE_CURVE('',#5348,#5326,#6457,.T.);
#4265=EDGE_CURVE('',#5349,#5350,#6458,.T.);
#4266=EDGE_CURVE('',#5350,#5351,#6459,.T.);
#4267=EDGE_CURVE('',#5351,#5352,#6460,.T.);
#4268=EDGE_CURVE('',#5352,#5353,#6461,.T.);
#4269=EDGE_CURVE('',#5353,#5354,#6462,.T.);
#4270=EDGE_CURVE('',#5354,#5355,#6463,.T.);
#4271=EDGE_CURVE('',#5355,#5356,#6464,.T.);
#4272=EDGE_CURVE('',#5356,#5357,#6465,.T.);
#4273=EDGE_CURVE('',#5357,#5358,#6466,.T.);
#4274=EDGE_CURVE('',#5358,#5359,#6467,.T.);
#4275=EDGE_CURVE('',#5359,#5360,#528,.T.);
#4276=EDGE_CURVE('',#5360,#5361,#6468,.T.);
#4277=EDGE_CURVE('',#5361,#5362,#529,.T.);
#4278=EDGE_CURVE('',#5362,#5363,#6469,.T.);
#4279=EDGE_CURVE('',#5363,#5364,#530,.T.);
#4280=EDGE_CURVE('',#5364,#5365,#6470,.T.);
#4281=EDGE_CURVE('',#5365,#5366,#6471,.T.);
#4282=EDGE_CURVE('',#5366,#5367,#6472,.T.);
#4283=EDGE_CURVE('',#5367,#5368,#531,.T.);
#4284=EDGE_CURVE('',#5368,#5369,#6473,.T.);
#4285=EDGE_CURVE('',#5369,#5370,#532,.T.);
#4286=EDGE_CURVE('',#5370,#5371,#6474,.T.);
#4287=EDGE_CURVE('',#5371,#5372,#6475,.T.);
#4288=EDGE_CURVE('',#5372,#5373,#6476,.T.);
#4289=EDGE_CURVE('',#5373,#5374,#6477,.T.);
#4290=EDGE_CURVE('',#5374,#5375,#6478,.T.);
#4291=EDGE_CURVE('',#5375,#5349,#6479,.T.);
#4292=EDGE_CURVE('',#5376,#5377,#533,.T.);
#4293=EDGE_CURVE('',#5377,#5378,#6480,.T.);
#4294=EDGE_CURVE('',#5378,#5379,#6481,.T.);
#4295=EDGE_CURVE('',#5379,#5380,#6482,.T.);
#4296=EDGE_CURVE('',#5380,#5381,#6483,.T.);
#4297=EDGE_CURVE('',#5381,#5382,#534,.T.);
#4298=EDGE_CURVE('',#5382,#5383,#6484,.T.);
#4299=EDGE_CURVE('',#5383,#5384,#535,.T.);
#4300=EDGE_CURVE('',#5384,#5385,#6485,.T.);
#4301=EDGE_CURVE('',#5385,#5386,#6486,.T.);
#4302=EDGE_CURVE('',#5386,#5387,#536,.T.);
#4303=EDGE_CURVE('',#5387,#5388,#6487,.T.);
#4304=EDGE_CURVE('',#5388,#5389,#6488,.T.);
#4305=EDGE_CURVE('',#5389,#5376,#6489,.T.);
#4306=EDGE_CURVE('',#5390,#5391,#6490,.T.);
#4307=EDGE_CURVE('',#5391,#5392,#6491,.T.);
#4308=EDGE_CURVE('',#5392,#5393,#6492,.T.);
#4309=EDGE_CURVE('',#5393,#5394,#6493,.T.);
#4310=EDGE_CURVE('',#5394,#5395,#6494,.T.);
#4311=EDGE_CURVE('',#5395,#5396,#537,.T.);
#4312=EDGE_CURVE('',#5396,#5397,#6495,.T.);
#4313=EDGE_CURVE('',#5397,#5398,#6496,.T.);
#4314=EDGE_CURVE('',#5398,#5399,#6497,.T.);
#4315=EDGE_CURVE('',#5399,#5390,#6498,.T.);
#4316=EDGE_CURVE('',#5400,#5401,#538,.T.);
#4317=EDGE_CURVE('',#5401,#5402,#6499,.T.);
#4318=EDGE_CURVE('',#5402,#5403,#539,.T.);
#4319=EDGE_CURVE('',#5403,#5404,#6500,.T.);
#4320=EDGE_CURVE('',#5404,#5405,#6501,.T.);
#4321=EDGE_CURVE('',#5405,#5406,#6502,.T.);
#4322=EDGE_CURVE('',#5406,#5407,#6503,.T.);
#4323=EDGE_CURVE('',#5407,#5408,#6504,.T.);
#4324=EDGE_CURVE('',#5408,#5409,#6505,.T.);
#4325=EDGE_CURVE('',#5409,#5410,#6506,.T.);
#4326=EDGE_CURVE('',#5410,#5411,#6507,.T.);
#4327=EDGE_CURVE('',#5411,#5412,#6508,.T.);
#4328=EDGE_CURVE('',#5412,#5413,#6509,.T.);
#4329=EDGE_CURVE('',#5413,#5400,#6510,.T.);
#4330=EDGE_CURVE('',#5414,#5415,#540,.T.);
#4331=EDGE_CURVE('',#5415,#5416,#6511,.T.);
#4332=EDGE_CURVE('',#5416,#5417,#541,.T.);
#4333=EDGE_CURVE('',#5417,#5418,#6512,.T.);
#4334=EDGE_CURVE('',#5418,#5419,#6513,.T.);
#4335=EDGE_CURVE('',#5419,#5420,#542,.T.);
#4336=EDGE_CURVE('',#5420,#5421,#6514,.T.);
#4337=EDGE_CURVE('',#5421,#5422,#543,.T.);
#4338=EDGE_CURVE('',#5422,#5423,#6515,.T.);
#4339=EDGE_CURVE('',#5423,#5414,#6516,.T.);
#4340=EDGE_CURVE('',#5424,#5425,#544,.T.);
#4341=EDGE_CURVE('',#5425,#5426,#6517,.T.);
#4342=EDGE_CURVE('',#5426,#5427,#6518,.T.);
#4343=EDGE_CURVE('',#5427,#5428,#6519,.T.);
#4344=EDGE_CURVE('',#5428,#5429,#545,.T.);
#4345=EDGE_CURVE('',#5429,#5430,#6520,.T.);
#4346=EDGE_CURVE('',#5430,#5431,#6521,.T.);
#4347=EDGE_CURVE('',#5431,#5432,#6522,.T.);
#4348=EDGE_CURVE('',#5432,#5433,#546,.T.);
#4349=EDGE_CURVE('',#5433,#5434,#6523,.T.);
#4350=EDGE_CURVE('',#5434,#5435,#547,.T.);
#4351=EDGE_CURVE('',#5435,#5436,#6524,.T.);
#4352=EDGE_CURVE('',#5436,#5437,#6525,.T.);
#4353=EDGE_CURVE('',#5437,#5438,#6526,.T.);
#4354=EDGE_CURVE('',#5438,#5439,#548,.T.);
#4355=EDGE_CURVE('',#5439,#5440,#6527,.T.);
#4356=EDGE_CURVE('',#5440,#5441,#549,.T.);
#4357=EDGE_CURVE('',#5441,#5442,#6528,.T.);
#4358=EDGE_CURVE('',#5442,#5443,#6529,.T.);
#4359=EDGE_CURVE('',#5443,#5444,#6530,.T.);
#4360=EDGE_CURVE('',#5444,#5445,#6531,.T.);
#4361=EDGE_CURVE('',#5445,#5446,#6532,.T.);
#4362=EDGE_CURVE('',#5446,#5447,#6533,.T.);
#4363=EDGE_CURVE('',#5447,#5448,#550,.T.);
#4364=EDGE_CURVE('',#5448,#5449,#6534,.T.);
#4365=EDGE_CURVE('',#5449,#5450,#6535,.T.);
#4366=EDGE_CURVE('',#5450,#5451,#6536,.T.);
#4367=EDGE_CURVE('',#5451,#5424,#6537,.T.);
#4368=EDGE_CURVE('',#5452,#5453,#551,.T.);
#4369=EDGE_CURVE('',#5453,#5454,#6538,.T.);
#4370=EDGE_CURVE('',#5454,#5455,#6539,.T.);
#4371=EDGE_CURVE('',#5455,#5456,#6540,.T.);
#4372=EDGE_CURVE('',#5456,#5457,#6541,.T.);
#4373=EDGE_CURVE('',#5457,#5458,#552,.T.);
#4374=EDGE_CURVE('',#5458,#5459,#6542,.T.);
#4375=EDGE_CURVE('',#5459,#5460,#553,.T.);
#4376=EDGE_CURVE('',#5460,#5461,#6543,.T.);
#4377=EDGE_CURVE('',#5461,#5462,#6544,.T.);
#4378=EDGE_CURVE('',#5462,#5463,#554,.T.);
#4379=EDGE_CURVE('',#5463,#5464,#6545,.T.);
#4380=EDGE_CURVE('',#5464,#5465,#6546,.T.);
#4381=EDGE_CURVE('',#5465,#5452,#6547,.T.);
#4382=EDGE_CURVE('',#5466,#5467,#6548,.T.);
#4383=EDGE_CURVE('',#5467,#5468,#6549,.T.);
#4384=EDGE_CURVE('',#5468,#5469,#6550,.T.);
#4385=EDGE_CURVE('',#5469,#5470,#6551,.T.);
#4386=EDGE_CURVE('',#5470,#5471,#6552,.T.);
#4387=EDGE_CURVE('',#5471,#5472,#555,.T.);
#4388=EDGE_CURVE('',#5472,#5473,#6553,.T.);
#4389=EDGE_CURVE('',#5473,#5474,#6554,.T.);
#4390=EDGE_CURVE('',#5474,#5475,#6555,.T.);
#4391=EDGE_CURVE('',#5475,#5466,#6556,.T.);
#4392=EDGE_CURVE('',#5476,#5477,#556,.T.);
#4393=EDGE_CURVE('',#5477,#5478,#6557,.T.);
#4394=EDGE_CURVE('',#5478,#5479,#557,.T.);
#4395=EDGE_CURVE('',#5479,#5480,#6558,.T.);
#4396=EDGE_CURVE('',#5480,#5481,#6559,.T.);
#4397=EDGE_CURVE('',#5481,#5482,#6560,.T.);
#4398=EDGE_CURVE('',#5482,#5483,#6561,.T.);
#4399=EDGE_CURVE('',#5483,#5484,#6562,.T.);
#4400=EDGE_CURVE('',#5484,#5485,#6563,.T.);
#4401=EDGE_CURVE('',#5485,#5486,#6564,.T.);
#4402=EDGE_CURVE('',#5486,#5487,#6565,.T.);
#4403=EDGE_CURVE('',#5487,#5488,#6566,.T.);
#4404=EDGE_CURVE('',#5488,#5489,#6567,.T.);
#4405=EDGE_CURVE('',#5489,#5476,#6568,.T.);
#4406=EDGE_CURVE('',#5490,#5491,#6569,.T.);
#4407=EDGE_CURVE('',#5491,#5492,#6570,.T.);
#4408=EDGE_CURVE('',#5492,#5493,#6571,.T.);
#4409=EDGE_CURVE('',#5493,#5494,#6572,.T.);
#4410=EDGE_CURVE('',#5494,#5495,#6573,.T.);
#4411=EDGE_CURVE('',#5495,#5496,#558,.T.);
#4412=EDGE_CURVE('',#5496,#5497,#6574,.T.);
#4413=EDGE_CURVE('',#5497,#5498,#6575,.T.);
#4414=EDGE_CURVE('',#5498,#5499,#6576,.T.);
#4415=EDGE_CURVE('',#5499,#5490,#6577,.T.);
#4416=EDGE_CURVE('',#5500,#5501,#559,.T.);
#4417=EDGE_CURVE('',#5501,#5502,#6578,.T.);
#4418=EDGE_CURVE('',#5502,#5503,#560,.T.);
#4419=EDGE_CURVE('',#5503,#5504,#6579,.T.);
#4420=EDGE_CURVE('',#5504,#5505,#6580,.T.);
#4421=EDGE_CURVE('',#5505,#5506,#6581,.T.);
#4422=EDGE_CURVE('',#5506,#5507,#6582,.T.);
#4423=EDGE_CURVE('',#5507,#5508,#6583,.T.);
#4424=EDGE_CURVE('',#5508,#5509,#6584,.T.);
#4425=EDGE_CURVE('',#5509,#5510,#6585,.T.);
#4426=EDGE_CURVE('',#5510,#5511,#6586,.T.);
#4427=EDGE_CURVE('',#5511,#5512,#6587,.T.);
#4428=EDGE_CURVE('',#5512,#5513,#6588,.T.);
#4429=EDGE_CURVE('',#5513,#5500,#6589,.T.);
#4430=EDGE_CURVE('',#5514,#5515,#561,.T.);
#4431=EDGE_CURVE('',#5515,#5516,#6590,.T.);
#4432=EDGE_CURVE('',#5516,#5517,#562,.T.);
#4433=EDGE_CURVE('',#5517,#5518,#6591,.T.);
#4434=EDGE_CURVE('',#5518,#5519,#6592,.T.);
#4435=EDGE_CURVE('',#5519,#5520,#563,.T.);
#4436=EDGE_CURVE('',#5520,#5514,#6593,.T.);
#4437=EDGE_CURVE('',#5521,#5522,#564,.T.);
#4438=EDGE_CURVE('',#5522,#5523,#6594,.T.);
#4439=EDGE_CURVE('',#5523,#5524,#6595,.T.);
#4440=EDGE_CURVE('',#5524,#5525,#6596,.T.);
#4441=EDGE_CURVE('',#5525,#5526,#6597,.T.);
#4442=EDGE_CURVE('',#5526,#5527,#565,.T.);
#4443=EDGE_CURVE('',#5527,#5528,#6598,.T.);
#4444=EDGE_CURVE('',#5528,#5529,#566,.T.);
#4445=EDGE_CURVE('',#5529,#5530,#6599,.T.);
#4446=EDGE_CURVE('',#5530,#5531,#6600,.T.);
#4447=EDGE_CURVE('',#5531,#5532,#567,.T.);
#4448=EDGE_CURVE('',#5532,#5533,#6601,.T.);
#4449=EDGE_CURVE('',#5533,#5534,#6602,.T.);
#4450=EDGE_CURVE('',#5534,#5521,#6603,.T.);
#4451=EDGE_CURVE('',#5535,#5536,#568,.T.);
#4452=EDGE_CURVE('',#5536,#5537,#6604,.T.);
#4453=EDGE_CURVE('',#5537,#5538,#6605,.T.);
#4454=EDGE_CURVE('',#5538,#5539,#6606,.T.);
#4455=EDGE_CURVE('',#5539,#5540,#569,.T.);
#4456=EDGE_CURVE('',#5540,#5535,#6607,.T.);
#4457=EDGE_CURVE('',#5541,#5542,#570,.T.);
#4458=EDGE_CURVE('',#5542,#5543,#6608,.T.);
#4459=EDGE_CURVE('',#5543,#5544,#6609,.T.);
#4460=EDGE_CURVE('',#5544,#5545,#6610,.T.);
#4461=EDGE_CURVE('',#5545,#5546,#571,.T.);
#4462=EDGE_CURVE('',#5546,#5541,#6611,.T.);
#4463=EDGE_CURVE('',#5547,#5548,#572,.T.);
#4464=EDGE_CURVE('',#5548,#5549,#6612,.T.);
#4465=EDGE_CURVE('',#5549,#5550,#573,.T.);
#4466=EDGE_CURVE('',#5550,#5551,#6613,.T.);
#4467=EDGE_CURVE('',#5551,#5552,#574,.T.);
#4468=EDGE_CURVE('',#5552,#5553,#6614,.T.);
#4469=EDGE_CURVE('',#5553,#5554,#6615,.T.);
#4470=EDGE_CURVE('',#5554,#5555,#6616,.T.);
#4471=EDGE_CURVE('',#5555,#5556,#6617,.T.);
#4472=EDGE_CURVE('',#5556,#5557,#6618,.T.);
#4473=EDGE_CURVE('',#5557,#5558,#6619,.T.);
#4474=EDGE_CURVE('',#5558,#5559,#6620,.T.);
#4475=EDGE_CURVE('',#5559,#5560,#575,.T.);
#4476=EDGE_CURVE('',#5560,#5547,#6621,.T.);
#4477=EDGE_CURVE('',#5561,#5562,#576,.T.);
#4478=EDGE_CURVE('',#5562,#5563,#6622,.T.);
#4479=EDGE_CURVE('',#5563,#5564,#577,.T.);
#4480=EDGE_CURVE('',#5564,#5565,#6623,.T.);
#4481=EDGE_CURVE('',#5565,#5566,#6624,.T.);
#4482=EDGE_CURVE('',#5566,#5567,#6625,.T.);
#4483=EDGE_CURVE('',#5567,#5568,#6626,.T.);
#4484=EDGE_CURVE('',#5568,#5569,#578,.T.);
#4485=EDGE_CURVE('',#5569,#5570,#6627,.T.);
#4486=EDGE_CURVE('',#5570,#5571,#6628,.T.);
#4487=EDGE_CURVE('',#5571,#5572,#6629,.T.);
#4488=EDGE_CURVE('',#5572,#5573,#579,.T.);
#4489=EDGE_CURVE('',#5573,#5574,#6630,.T.);
#4490=EDGE_CURVE('',#5574,#5575,#580,.T.);
#4491=EDGE_CURVE('',#5575,#5576,#6631,.T.);
#4492=EDGE_CURVE('',#5576,#5577,#6632,.T.);
#4493=EDGE_CURVE('',#5577,#5578,#6633,.T.);
#4494=EDGE_CURVE('',#5578,#5579,#6634,.T.);
#4495=EDGE_CURVE('',#5579,#5561,#6635,.T.);
#4496=EDGE_CURVE('',#5580,#5581,#6636,.T.);
#4497=EDGE_CURVE('',#5581,#5582,#6637,.T.);
#4498=EDGE_CURVE('',#5582,#5580,#6638,.T.);
#4499=EDGE_CURVE('',#5583,#5584,#581,.T.);
#4500=EDGE_CURVE('',#5584,#5585,#6639,.T.);
#4501=EDGE_CURVE('',#5585,#5586,#582,.T.);
#4502=EDGE_CURVE('',#5586,#5587,#6640,.T.);
#4503=EDGE_CURVE('',#5587,#5588,#6641,.T.);
#4504=EDGE_CURVE('',#5588,#5589,#6642,.T.);
#4505=EDGE_CURVE('',#5589,#5590,#583,.T.);
#4506=EDGE_CURVE('',#5590,#5583,#6643,.T.);
#4507=EDGE_CURVE('',#5591,#5592,#6644,.T.);
#4508=EDGE_CURVE('',#5592,#5593,#6645,.T.);
#4509=EDGE_CURVE('',#5593,#5594,#6646,.T.);
#4510=EDGE_CURVE('',#5594,#5591,#6647,.T.);
#4511=EDGE_CURVE('',#5595,#5596,#6648,.T.);
#4512=EDGE_CURVE('',#5596,#5597,#6649,.T.);
#4513=EDGE_CURVE('',#5597,#5598,#6650,.T.);
#4514=EDGE_CURVE('',#5598,#5595,#6651,.T.);
#4515=EDGE_CURVE('',#5599,#5600,#6652,.T.);
#4516=EDGE_CURVE('',#5600,#5601,#6653,.T.);
#4517=EDGE_CURVE('',#5601,#5602,#6654,.T.);
#4518=EDGE_CURVE('',#5602,#5599,#6655,.T.);
#4519=EDGE_CURVE('',#5603,#5604,#6656,.T.);
#4520=EDGE_CURVE('',#5604,#5605,#6657,.T.);
#4521=EDGE_CURVE('',#5605,#5606,#6658,.T.);
#4522=EDGE_CURVE('',#5606,#5603,#6659,.T.);
#4523=EDGE_CURVE('',#5607,#5608,#584,.T.);
#4524=EDGE_CURVE('',#5608,#5609,#6660,.T.);
#4525=EDGE_CURVE('',#5609,#5610,#585,.T.);
#4526=EDGE_CURVE('',#5610,#5611,#6661,.T.);
#4527=EDGE_CURVE('',#5611,#5612,#586,.T.);
#4528=EDGE_CURVE('',#5612,#5613,#6662,.T.);
#4529=EDGE_CURVE('',#5613,#5614,#587,.T.);
#4530=EDGE_CURVE('',#5614,#5607,#6663,.T.);
#4531=EDGE_CURVE('',#5615,#5615,#588,.T.);
#4532=EDGE_CURVE('',#5616,#5616,#589,.T.);
#4533=EDGE_CURVE('',#5617,#5617,#590,.T.);
#4534=EDGE_CURVE('',#5618,#5618,#591,.T.);
#4535=EDGE_CURVE('',#5619,#5619,#592,.T.);
#4536=EDGE_CURVE('',#5620,#5620,#593,.T.);
#4537=EDGE_CURVE('',#5621,#5621,#594,.T.);
#4538=EDGE_CURVE('',#5622,#5622,#595,.T.);
#4539=EDGE_CURVE('',#5623,#5623,#596,.T.);
#4540=EDGE_CURVE('',#5624,#5624,#597,.T.);
#4541=EDGE_CURVE('',#5625,#5625,#598,.T.);
#4542=EDGE_CURVE('',#5626,#5626,#599,.T.);
#4543=EDGE_CURVE('',#5627,#5627,#600,.T.);
#4544=EDGE_CURVE('',#5628,#5628,#601,.T.);
#4545=EDGE_CURVE('',#5629,#5629,#602,.T.);
#4546=EDGE_CURVE('',#5630,#5630,#603,.T.);
#4547=EDGE_CURVE('',#5631,#5632,#6664,.T.);
#4548=EDGE_CURVE('',#5632,#5633,#604,.T.);
#4549=EDGE_CURVE('',#5634,#5633,#6665,.T.);
#4550=EDGE_CURVE('',#5631,#5634,#605,.T.);
#4551=EDGE_CURVE('',#5635,#5636,#6666,.T.);
#4552=EDGE_CURVE('',#5636,#5632,#6667,.T.);
#4553=EDGE_CURVE('',#5635,#5631,#6668,.T.);
#4554=EDGE_CURVE('',#5633,#5637,#6669,.T.);
#4555=EDGE_CURVE('',#5638,#5637,#6670,.T.);
#4556=EDGE_CURVE('',#5634,#5638,#6671,.T.);
#4557=EDGE_CURVE('',#5639,#5640,#6672,.T.);
#4558=EDGE_CURVE('',#5640,#5636,#606,.T.);
#4559=EDGE_CURVE('',#5639,#5635,#607,.T.);
#4560=EDGE_CURVE('',#5637,#5641,#608,.T.);
#4561=EDGE_CURVE('',#5642,#5641,#6673,.T.);
#4562=EDGE_CURVE('',#5638,#5642,#609,.T.);
#4563=EDGE_CURVE('',#5643,#5644,#610,.T.);
#4564=EDGE_CURVE('',#5641,#5643,#6674,.T.);
#4565=EDGE_CURVE('',#5644,#5640,#6675,.T.);
#4566=EDGE_CURVE('',#5645,#5639,#6676,.T.);
#4567=EDGE_CURVE('',#5642,#5646,#6677,.T.);
#4568=EDGE_CURVE('',#5646,#5645,#611,.T.);
#4569=EDGE_CURVE('',#5645,#5644,#6678,.T.);
#4570=EDGE_CURVE('',#5646,#5643,#6679,.T.);
#4571=VERTEX_POINT('',#13882);
#4572=VERTEX_POINT('',#13883);
#4573=VERTEX_POINT('',#13885);
#4574=VERTEX_POINT('',#13887);
#4575=VERTEX_POINT('',#13891);
#4576=VERTEX_POINT('',#13893);
#4577=VERTEX_POINT('',#13897);
#4578=VERTEX_POINT('',#13899);
#4579=VERTEX_POINT('',#13903);
#4580=VERTEX_POINT('',#13905);
#4581=VERTEX_POINT('',#13909);
#4582=VERTEX_POINT('',#13911);
#4583=VERTEX_POINT('',#13915);
#4584=VERTEX_POINT('',#13917);
#4585=VERTEX_POINT('',#13921);
#4586=VERTEX_POINT('',#13923);
#4587=VERTEX_POINT('',#13927);
#4588=VERTEX_POINT('',#13929);
#4589=VERTEX_POINT('',#13933);
#4590=VERTEX_POINT('',#13934);
#4591=VERTEX_POINT('',#13936);
#4592=VERTEX_POINT('',#13938);
#4593=VERTEX_POINT('',#13942);
#4594=VERTEX_POINT('',#13944);
#4595=VERTEX_POINT('',#13948);
#4596=VERTEX_POINT('',#13950);
#4597=VERTEX_POINT('',#13954);
#4598=VERTEX_POINT('',#13956);
#4599=VERTEX_POINT('',#13960);
#4600=VERTEX_POINT('',#13962);
#4601=VERTEX_POINT('',#13966);
#4602=VERTEX_POINT('',#13968);
#4603=VERTEX_POINT('',#13972);
#4604=VERTEX_POINT('',#13974);
#4605=VERTEX_POINT('',#13978);
#4606=VERTEX_POINT('',#13980);
#4607=VERTEX_POINT('',#13984);
#4608=VERTEX_POINT('',#13985);
#4609=VERTEX_POINT('',#13987);
#4610=VERTEX_POINT('',#13989);
#4611=VERTEX_POINT('',#13993);
#4612=VERTEX_POINT('',#13995);
#4613=VERTEX_POINT('',#13999);
#4614=VERTEX_POINT('',#14001);
#4615=VERTEX_POINT('',#14005);
#4616=VERTEX_POINT('',#14007);
#4617=VERTEX_POINT('',#14011);
#4618=VERTEX_POINT('',#14013);
#4619=VERTEX_POINT('',#14017);
#4620=VERTEX_POINT('',#14019);
#4621=VERTEX_POINT('',#14023);
#4622=VERTEX_POINT('',#14025);
#4623=VERTEX_POINT('',#14029);
#4624=VERTEX_POINT('',#14031);
#4625=VERTEX_POINT('',#14035);
#4626=VERTEX_POINT('',#14036);
#4627=VERTEX_POINT('',#14038);
#4628=VERTEX_POINT('',#14040);
#4629=VERTEX_POINT('',#14044);
#4630=VERTEX_POINT('',#14046);
#4631=VERTEX_POINT('',#14050);
#4632=VERTEX_POINT('',#14052);
#4633=VERTEX_POINT('',#14056);
#4634=VERTEX_POINT('',#14058);
#4635=VERTEX_POINT('',#14062);
#4636=VERTEX_POINT('',#14064);
#4637=VERTEX_POINT('',#14068);
#4638=VERTEX_POINT('',#14070);
#4639=VERTEX_POINT('',#14074);
#4640=VERTEX_POINT('',#14076);
#4641=VERTEX_POINT('',#14080);
#4642=VERTEX_POINT('',#14081);
#4643=VERTEX_POINT('',#14083);
#4644=VERTEX_POINT('',#14085);
#4645=VERTEX_POINT('',#14089);
#4646=VERTEX_POINT('',#14091);
#4647=VERTEX_POINT('',#14095);
#4648=VERTEX_POINT('',#14097);
#4649=VERTEX_POINT('',#14101);
#4650=VERTEX_POINT('',#14103);
#4651=VERTEX_POINT('',#14107);
#4652=VERTEX_POINT('',#14109);
#4653=VERTEX_POINT('',#14113);
#4654=VERTEX_POINT('',#14115);
#4655=VERTEX_POINT('',#14119);
#4656=VERTEX_POINT('',#14121);
#4657=VERTEX_POINT('',#14125);
#4658=VERTEX_POINT('',#14126);
#4659=VERTEX_POINT('',#14128);
#4660=VERTEX_POINT('',#14130);
#4661=VERTEX_POINT('',#14134);
#4662=VERTEX_POINT('',#14136);
#4663=VERTEX_POINT('',#14140);
#4664=VERTEX_POINT('',#14142);
#4665=VERTEX_POINT('',#14146);
#4666=VERTEX_POINT('',#14148);
#4667=VERTEX_POINT('',#14152);
#4668=VERTEX_POINT('',#14154);
#4669=VERTEX_POINT('',#14158);
#4670=VERTEX_POINT('',#14160);
#4671=VERTEX_POINT('',#14164);
#4672=VERTEX_POINT('',#14166);
#4673=VERTEX_POINT('',#14170);
#4674=VERTEX_POINT('',#14172);
#4675=VERTEX_POINT('',#14176);
#4676=VERTEX_POINT('',#14177);
#4677=VERTEX_POINT('',#14179);
#4678=VERTEX_POINT('',#14181);
#4679=VERTEX_POINT('',#14185);
#4680=VERTEX_POINT('',#14187);
#4681=VERTEX_POINT('',#14191);
#4682=VERTEX_POINT('',#14193);
#4683=VERTEX_POINT('',#14197);
#4684=VERTEX_POINT('',#14199);
#4685=VERTEX_POINT('',#14203);
#4686=VERTEX_POINT('',#14205);
#4687=VERTEX_POINT('',#14209);
#4688=VERTEX_POINT('',#14211);
#4689=VERTEX_POINT('',#14215);
#4690=VERTEX_POINT('',#14217);
#4691=VERTEX_POINT('',#14221);
#4692=VERTEX_POINT('',#14223);
#4693=VERTEX_POINT('',#14227);
#4694=VERTEX_POINT('',#14228);
#4695=VERTEX_POINT('',#14230);
#4696=VERTEX_POINT('',#14232);
#4697=VERTEX_POINT('',#14236);
#4698=VERTEX_POINT('',#14238);
#4699=VERTEX_POINT('',#14242);
#4700=VERTEX_POINT('',#14244);
#4701=VERTEX_POINT('',#14248);
#4702=VERTEX_POINT('',#14250);
#4703=VERTEX_POINT('',#14254);
#4704=VERTEX_POINT('',#14256);
#4705=VERTEX_POINT('',#14260);
#4706=VERTEX_POINT('',#14262);
#4707=VERTEX_POINT('',#14266);
#4708=VERTEX_POINT('',#14268);
#4709=VERTEX_POINT('',#14272);
#4710=VERTEX_POINT('',#14274);
#4711=VERTEX_POINT('',#14278);
#4712=VERTEX_POINT('',#14279);
#4713=VERTEX_POINT('',#14281);
#4714=VERTEX_POINT('',#14283);
#4715=VERTEX_POINT('',#14287);
#4716=VERTEX_POINT('',#14289);
#4717=VERTEX_POINT('',#14293);
#4718=VERTEX_POINT('',#14294);
#4719=VERTEX_POINT('',#14299);
#4720=VERTEX_POINT('',#14301);
#4721=VERTEX_POINT('',#14305);
#4722=VERTEX_POINT('',#14306);
#4723=VERTEX_POINT('',#14308);
#4724=VERTEX_POINT('',#14311);
#4725=VERTEX_POINT('',#14315);
#4726=VERTEX_POINT('',#14317);
#4727=VERTEX_POINT('',#14321);
#4728=VERTEX_POINT('',#14322);
#4729=VERTEX_POINT('',#14324);
#4730=VERTEX_POINT('',#14329);
#4731=VERTEX_POINT('',#14333);
#4732=VERTEX_POINT('',#14335);
#4733=VERTEX_POINT('',#14339);
#4734=VERTEX_POINT('',#14340);
#4735=VERTEX_POINT('',#14342);
#4736=VERTEX_POINT('',#14347);
#4737=VERTEX_POINT('',#14351);
#4738=VERTEX_POINT('',#14353);
#4739=VERTEX_POINT('',#14357);
#4740=VERTEX_POINT('',#14358);
#4741=VERTEX_POINT('',#14360);
#4742=VERTEX_POINT('',#14365);
#4743=VERTEX_POINT('',#14369);
#4744=VERTEX_POINT('',#14371);
#4745=VERTEX_POINT('',#14375);
#4746=VERTEX_POINT('',#14376);
#4747=VERTEX_POINT('',#14378);
#4748=VERTEX_POINT('',#14383);
#4749=VERTEX_POINT('',#14387);
#4750=VERTEX_POINT('',#14389);
#4751=VERTEX_POINT('',#14393);
#4752=VERTEX_POINT('',#14394);
#4753=VERTEX_POINT('',#14396);
#4754=VERTEX_POINT('',#14401);
#4755=VERTEX_POINT('',#14405);
#4756=VERTEX_POINT('',#14407);
#4757=VERTEX_POINT('',#14411);
#4758=VERTEX_POINT('',#14412);
#4759=VERTEX_POINT('',#14414);
#4760=VERTEX_POINT('',#14419);
#4761=VERTEX_POINT('',#14423);
#4762=VERTEX_POINT('',#14425);
#4763=VERTEX_POINT('',#14429);
#4764=VERTEX_POINT('',#14430);
#4765=VERTEX_POINT('',#14432);
#4766=VERTEX_POINT('',#14437);
#4767=VERTEX_POINT('',#14441);
#4768=VERTEX_POINT('',#14443);
#4769=VERTEX_POINT('',#14447);
#4770=VERTEX_POINT('',#14448);
#4771=VERTEX_POINT('',#14450);
#4772=VERTEX_POINT('',#14455);
#4773=VERTEX_POINT('',#14459);
#4774=VERTEX_POINT('',#14461);
#4775=VERTEX_POINT('',#14465);
#4776=VERTEX_POINT('',#14469);
#4777=VERTEX_POINT('',#14473);
#4778=VERTEX_POINT('',#14477);
#4779=VERTEX_POINT('',#14483);
#4780=VERTEX_POINT('',#14484);
#4781=VERTEX_POINT('',#14486);
#4782=VERTEX_POINT('',#14488);
#4783=VERTEX_POINT('',#14492);
#4784=VERTEX_POINT('',#14493);
#4785=VERTEX_POINT('',#14498);
#4786=VERTEX_POINT('',#14500);
#4787=VERTEX_POINT('',#14524);
#4788=VERTEX_POINT('',#14526);
#4789=VERTEX_POINT('',#14530);
#4790=VERTEX_POINT('',#14532);
#4791=VERTEX_POINT('',#14556);
#4792=VERTEX_POINT('',#14558);
#4793=VERTEX_POINT('',#14562);
#4794=VERTEX_POINT('',#14566);
#4795=VERTEX_POINT('',#14570);
#4796=VERTEX_POINT('',#14572);
#4797=VERTEX_POINT('',#14576);
#4798=VERTEX_POINT('',#14580);
#4799=VERTEX_POINT('',#14584);
#4800=VERTEX_POINT('',#14588);
#4801=VERTEX_POINT('',#14592);
#4802=VERTEX_POINT('',#14598);
#4803=VERTEX_POINT('',#14606);
#4804=VERTEX_POINT('',#14609);
#4805=VERTEX_POINT('',#14610);
#4806=VERTEX_POINT('',#14677);
#4807=VERTEX_POINT('',#14748);
#4808=VERTEX_POINT('',#14774);
#4809=VERTEX_POINT('',#14793);
#4810=VERTEX_POINT('',#14860);
#4811=VERTEX_POINT('',#14862);
#4812=VERTEX_POINT('',#14886);
#4813=VERTEX_POINT('',#14959);
#4814=VERTEX_POINT('',#14980);
#4815=VERTEX_POINT('',#14985);
#4816=VERTEX_POINT('',#14987);
#4817=VERTEX_POINT('',#14988);
#4818=VERTEX_POINT('',#14990);
#4819=VERTEX_POINT('',#14992);
#4820=VERTEX_POINT('',#14994);
#4821=VERTEX_POINT('',#14996);
#4822=VERTEX_POINT('',#14998);
#4823=VERTEX_POINT('',#15000);
#4824=VERTEX_POINT('',#15002);
#4825=VERTEX_POINT('',#15004);
#4826=VERTEX_POINT('',#15006);
#4827=VERTEX_POINT('',#15008);
#4828=VERTEX_POINT('',#15012);
#4829=VERTEX_POINT('',#15014);
#4830=VERTEX_POINT('',#15015);
#4831=VERTEX_POINT('',#15017);
#4832=VERTEX_POINT('',#15019);
#4833=VERTEX_POINT('',#15021);
#4834=VERTEX_POINT('',#15023);
#4835=VERTEX_POINT('',#15025);
#4836=VERTEX_POINT('',#15027);
#4837=VERTEX_POINT('',#15029);
#4838=VERTEX_POINT('',#15031);
#4839=VERTEX_POINT('',#15033);
#4840=VERTEX_POINT('',#15035);
#4841=VERTEX_POINT('',#15065);
#4842=VERTEX_POINT('',#15067);
#4843=VERTEX_POINT('',#15068);
#4844=VERTEX_POINT('',#15070);
#4845=VERTEX_POINT('',#15072);
#4846=VERTEX_POINT('',#15074);
#4847=VERTEX_POINT('',#15076);
#4848=VERTEX_POINT('',#15078);
#4849=VERTEX_POINT('',#15080);
#4850=VERTEX_POINT('',#15084);
#4851=VERTEX_POINT('',#15086);
#4852=VERTEX_POINT('',#15087);
#4853=VERTEX_POINT('',#15089);
#4854=VERTEX_POINT('',#15091);
#4855=VERTEX_POINT('',#15093);
#4856=VERTEX_POINT('',#15095);
#4857=VERTEX_POINT('',#15097);
#4858=VERTEX_POINT('',#15099);
#4859=VERTEX_POINT('',#15121);
#4860=VERTEX_POINT('',#15123);
#4861=VERTEX_POINT('',#15124);
#4862=VERTEX_POINT('',#15126);
#4863=VERTEX_POINT('',#15128);
#4864=VERTEX_POINT('',#15130);
#4865=VERTEX_POINT('',#15132);
#4866=VERTEX_POINT('',#15134);
#4867=VERTEX_POINT('',#15136);
#4868=VERTEX_POINT('',#15138);
#4869=VERTEX_POINT('',#15140);
#4870=VERTEX_POINT('',#15142);
#4871=VERTEX_POINT('',#15144);
#4872=VERTEX_POINT('',#15148);
#4873=VERTEX_POINT('',#15150);
#4874=VERTEX_POINT('',#15151);
#4875=VERTEX_POINT('',#15153);
#4876=VERTEX_POINT('',#15155);
#4877=VERTEX_POINT('',#15157);
#4878=VERTEX_POINT('',#15159);
#4879=VERTEX_POINT('',#15161);
#4880=VERTEX_POINT('',#15163);
#4881=VERTEX_POINT('',#15165);
#4882=VERTEX_POINT('',#15167);
#4883=VERTEX_POINT('',#15169);
#4884=VERTEX_POINT('',#15171);
#4885=VERTEX_POINT('',#15201);
#4886=VERTEX_POINT('',#15203);
#4887=VERTEX_POINT('',#15204);
#4888=VERTEX_POINT('',#15206);
#4889=VERTEX_POINT('',#15208);
#4890=VERTEX_POINT('',#15210);
#4891=VERTEX_POINT('',#15212);
#4892=VERTEX_POINT('',#15214);
#4893=VERTEX_POINT('',#15216);
#4894=VERTEX_POINT('',#15218);
#4895=VERTEX_POINT('',#15220);
#4896=VERTEX_POINT('',#15222);
#4897=VERTEX_POINT('',#15226);
#4898=VERTEX_POINT('',#15228);
#4899=VERTEX_POINT('',#15229);
#4900=VERTEX_POINT('',#15231);
#4901=VERTEX_POINT('',#15233);
#4902=VERTEX_POINT('',#15235);
#4903=VERTEX_POINT('',#15237);
#4904=VERTEX_POINT('',#15239);
#4905=VERTEX_POINT('',#15241);
#4906=VERTEX_POINT('',#15243);
#4907=VERTEX_POINT('',#15245);
#4908=VERTEX_POINT('',#15247);
#4909=VERTEX_POINT('',#15275);
#4910=VERTEX_POINT('',#15276);
#4911=VERTEX_POINT('',#15278);
#4912=VERTEX_POINT('',#15280);
#4913=VERTEX_POINT('',#15282);
#4914=VERTEX_POINT('',#15284);
#4915=VERTEX_POINT('',#15286);
#4916=VERTEX_POINT('',#15288);
#4917=VERTEX_POINT('',#15292);
#4918=VERTEX_POINT('',#15293);
#4919=VERTEX_POINT('',#15295);
#4920=VERTEX_POINT('',#15297);
#4921=VERTEX_POINT('',#15299);
#4922=VERTEX_POINT('',#15301);
#4923=VERTEX_POINT('',#15303);
#4924=VERTEX_POINT('',#15305);
#4925=VERTEX_POINT('',#15326);
#4926=VERTEX_POINT('',#15327);
#4927=VERTEX_POINT('',#15329);
#4928=VERTEX_POINT('',#15331);
#4929=VERTEX_POINT('',#15333);
#4930=VERTEX_POINT('',#15335);
#4931=VERTEX_POINT('',#15337);
#4932=VERTEX_POINT('',#15339);
#4933=VERTEX_POINT('',#15341);
#4934=VERTEX_POINT('',#15343);
#4935=VERTEX_POINT('',#15345);
#4936=VERTEX_POINT('',#15349);
#4937=VERTEX_POINT('',#15350);
#4938=VERTEX_POINT('',#15352);
#4939=VERTEX_POINT('',#15354);
#4940=VERTEX_POINT('',#15356);
#4941=VERTEX_POINT('',#15358);
#4942=VERTEX_POINT('',#15360);
#4943=VERTEX_POINT('',#15362);
#4944=VERTEX_POINT('',#15364);
#4945=VERTEX_POINT('',#15366);
#4946=VERTEX_POINT('',#15368);
#4947=VERTEX_POINT('',#15395);
#4948=VERTEX_POINT('',#15396);
#4949=VERTEX_POINT('',#15398);
#4950=VERTEX_POINT('',#15400);
#4951=VERTEX_POINT('',#15402);
#4952=VERTEX_POINT('',#15404);
#4953=VERTEX_POINT('',#15406);
#4954=VERTEX_POINT('',#15408);
#4955=VERTEX_POINT('',#15410);
#4956=VERTEX_POINT('',#15412);
#4957=VERTEX_POINT('',#15414);
#4958=VERTEX_POINT('',#15416);
#4959=VERTEX_POINT('',#15418);
#4960=VERTEX_POINT('',#15420);
#4961=VERTEX_POINT('',#15422);
#4962=VERTEX_POINT('',#15426);
#4963=VERTEX_POINT('',#15427);
#4964=VERTEX_POINT('',#15429);
#4965=VERTEX_POINT('',#15431);
#4966=VERTEX_POINT('',#15433);
#4967=VERTEX_POINT('',#15435);
#4968=VERTEX_POINT('',#15437);
#4969=VERTEX_POINT('',#15439);
#4970=VERTEX_POINT('',#15441);
#4971=VERTEX_POINT('',#15443);
#4972=VERTEX_POINT('',#15445);
#4973=VERTEX_POINT('',#15447);
#4974=VERTEX_POINT('',#15449);
#4975=VERTEX_POINT('',#15451);
#4976=VERTEX_POINT('',#15453);
#4977=VERTEX_POINT('',#15488);
#4978=VERTEX_POINT('',#15489);
#4979=VERTEX_POINT('',#15491);
#4980=VERTEX_POINT('',#15493);
#4981=VERTEX_POINT('',#15495);
#4982=VERTEX_POINT('',#15497);
#4983=VERTEX_POINT('',#15499);
#4984=VERTEX_POINT('',#15503);
#4985=VERTEX_POINT('',#15504);
#4986=VERTEX_POINT('',#15506);
#4987=VERTEX_POINT('',#15508);
#4988=VERTEX_POINT('',#15510);
#4989=VERTEX_POINT('',#15512);
#4990=VERTEX_POINT('',#15514);
#4991=VERTEX_POINT('',#15533);
#4992=VERTEX_POINT('',#15534);
#4993=VERTEX_POINT('',#15536);
#4994=VERTEX_POINT('',#15538);
#4995=VERTEX_POINT('',#15540);
#4996=VERTEX_POINT('',#15542);
#4997=VERTEX_POINT('',#15544);
#4998=VERTEX_POINT('',#15546);
#4999=VERTEX_POINT('',#15548);
#5000=VERTEX_POINT('',#15552);
#5001=VERTEX_POINT('',#15553);
#5002=VERTEX_POINT('',#15555);
#5003=VERTEX_POINT('',#15557);
#5004=VERTEX_POINT('',#15559);
#5005=VERTEX_POINT('',#15561);
#5006=VERTEX_POINT('',#15563);
#5007=VERTEX_POINT('',#15565);
#5008=VERTEX_POINT('',#15567);
#5009=VERTEX_POINT('',#15590);
#5010=VERTEX_POINT('',#15591);
#5011=VERTEX_POINT('',#15593);
#5012=VERTEX_POINT('',#15595);
#5013=VERTEX_POINT('',#15597);
#5014=VERTEX_POINT('',#15599);
#5015=VERTEX_POINT('',#15601);
#5016=VERTEX_POINT('',#15603);
#5017=VERTEX_POINT('',#15607);
#5018=VERTEX_POINT('',#15608);
#5019=VERTEX_POINT('',#15610);
#5020=VERTEX_POINT('',#15612);
#5021=VERTEX_POINT('',#15614);
#5022=VERTEX_POINT('',#15616);
#5023=VERTEX_POINT('',#15618);
#5024=VERTEX_POINT('',#15620);
#5025=VERTEX_POINT('',#15641);
#5026=VERTEX_POINT('',#15642);
#5027=VERTEX_POINT('',#15644);
#5028=VERTEX_POINT('',#15646);
#5029=VERTEX_POINT('',#15648);
#5030=VERTEX_POINT('',#15650);
#5031=VERTEX_POINT('',#15652);
#5032=VERTEX_POINT('',#15654);
#5033=VERTEX_POINT('',#15658);
#5034=VERTEX_POINT('',#15659);
#5035=VERTEX_POINT('',#15661);
#5036=VERTEX_POINT('',#15663);
#5037=VERTEX_POINT('',#15665);
#5038=VERTEX_POINT('',#15667);
#5039=VERTEX_POINT('',#15669);
#5040=VERTEX_POINT('',#15671);
#5041=VERTEX_POINT('',#15692);
#5042=VERTEX_POINT('',#15693);
#5043=VERTEX_POINT('',#15695);
#5044=VERTEX_POINT('',#15697);
#5045=VERTEX_POINT('',#15699);
#5046=VERTEX_POINT('',#15701);
#5047=VERTEX_POINT('',#15703);
#5048=VERTEX_POINT('',#15705);
#5049=VERTEX_POINT('',#15709);
#5050=VERTEX_POINT('',#15710);
#5051=VERTEX_POINT('',#15712);
#5052=VERTEX_POINT('',#15714);
#5053=VERTEX_POINT('',#15716);
#5054=VERTEX_POINT('',#15718);
#5055=VERTEX_POINT('',#15720);
#5056=VERTEX_POINT('',#15722);
#5057=VERTEX_POINT('',#15743);
#5058=VERTEX_POINT('',#15744);
#5059=VERTEX_POINT('',#15746);
#5060=VERTEX_POINT('',#15748);
#5061=VERTEX_POINT('',#15750);
#5062=VERTEX_POINT('',#15752);
#5063=VERTEX_POINT('',#15754);
#5064=VERTEX_POINT('',#15756);
#5065=VERTEX_POINT('',#15760);
#5066=VERTEX_POINT('',#15761);
#5067=VERTEX_POINT('',#15763);
#5068=VERTEX_POINT('',#15765);
#5069=VERTEX_POINT('',#15767);
#5070=VERTEX_POINT('',#15769);
#5071=VERTEX_POINT('',#15771);
#5072=VERTEX_POINT('',#15773);
#5073=VERTEX_POINT('',#15794);
#5074=VERTEX_POINT('',#15795);
#5075=VERTEX_POINT('',#15797);
#5076=VERTEX_POINT('',#15799);
#5077=VERTEX_POINT('',#15801);
#5078=VERTEX_POINT('',#15803);
#5079=VERTEX_POINT('',#15805);
#5080=VERTEX_POINT('',#15807);
#5081=VERTEX_POINT('',#15811);
#5082=VERTEX_POINT('',#15812);
#5083=VERTEX_POINT('',#15814);
#5084=VERTEX_POINT('',#15816);
#5085=VERTEX_POINT('',#15818);
#5086=VERTEX_POINT('',#15820);
#5087=VERTEX_POINT('',#15822);
#5088=VERTEX_POINT('',#15824);
#5089=VERTEX_POINT('',#15845);
#5090=VERTEX_POINT('',#15846);
#5091=VERTEX_POINT('',#15848);
#5092=VERTEX_POINT('',#15850);
#5093=VERTEX_POINT('',#15852);
#5094=VERTEX_POINT('',#15854);
#5095=VERTEX_POINT('',#15856);
#5096=VERTEX_POINT('',#15858);
#5097=VERTEX_POINT('',#15862);
#5098=VERTEX_POINT('',#15863);
#5099=VERTEX_POINT('',#15865);
#5100=VERTEX_POINT('',#15867);
#5101=VERTEX_POINT('',#15869);
#5102=VERTEX_POINT('',#15871);
#5103=VERTEX_POINT('',#15873);
#5104=VERTEX_POINT('',#15875);
#5105=VERTEX_POINT('',#15896);
#5106=VERTEX_POINT('',#15897);
#5107=VERTEX_POINT('',#15899);
#5108=VERTEX_POINT('',#15901);
#5109=VERTEX_POINT('',#15903);
#5110=VERTEX_POINT('',#15905);
#5111=VERTEX_POINT('',#15907);
#5112=VERTEX_POINT('',#15909);
#5113=VERTEX_POINT('',#15913);
#5114=VERTEX_POINT('',#15914);
#5115=VERTEX_POINT('',#15916);
#5116=VERTEX_POINT('',#15918);
#5117=VERTEX_POINT('',#15920);
#5118=VERTEX_POINT('',#15922);
#5119=VERTEX_POINT('',#15924);
#5120=VERTEX_POINT('',#15926);
#5121=VERTEX_POINT('',#15947);
#5122=VERTEX_POINT('',#15949);
#5123=VERTEX_POINT('',#15952);
#5124=VERTEX_POINT('',#15955);
#5125=VERTEX_POINT('',#15960);
#5126=VERTEX_POINT('',#15962);
#5127=VERTEX_POINT('',#15965);
#5128=VERTEX_POINT('',#15968);
#5129=VERTEX_POINT('',#15973);
#5130=VERTEX_POINT('',#15975);
#5131=VERTEX_POINT('',#15978);
#5132=VERTEX_POINT('',#15981);
#5133=VERTEX_POINT('',#15986);
#5134=VERTEX_POINT('',#15987);
#5135=VERTEX_POINT('',#15989);
#5136=VERTEX_POINT('',#15991);
#5137=VERTEX_POINT('',#15993);
#5138=VERTEX_POINT('',#15995);
#5139=VERTEX_POINT('',#15997);
#5140=VERTEX_POINT('',#15999);
#5141=VERTEX_POINT('',#16003);
#5142=VERTEX_POINT('',#16004);
#5143=VERTEX_POINT('',#16006);
#5144=VERTEX_POINT('',#16008);
#5145=VERTEX_POINT('',#16010);
#5146=VERTEX_POINT('',#16012);
#5147=VERTEX_POINT('',#16014);
#5148=VERTEX_POINT('',#16016);
#5149=VERTEX_POINT('',#16037);
#5150=VERTEX_POINT('',#16039);
#5151=VERTEX_POINT('',#16042);
#5152=VERTEX_POINT('',#16045);
#5153=VERTEX_POINT('',#16050);
#5154=VERTEX_POINT('',#16052);
#5155=VERTEX_POINT('',#16055);
#5156=VERTEX_POINT('',#16058);
#5157=VERTEX_POINT('',#16063);
#5158=VERTEX_POINT('',#16065);
#5159=VERTEX_POINT('',#16068);
#5160=VERTEX_POINT('',#16071);
#5161=VERTEX_POINT('',#16076);
#5162=VERTEX_POINT('',#16077);
#5163=VERTEX_POINT('',#16079);
#5164=VERTEX_POINT('',#16081);
#5165=VERTEX_POINT('',#16083);
#5166=VERTEX_POINT('',#16085);
#5167=VERTEX_POINT('',#16087);
#5168=VERTEX_POINT('',#16089);
#5169=VERTEX_POINT('',#16093);
#5170=VERTEX_POINT('',#16094);
#5171=VERTEX_POINT('',#16096);
#5172=VERTEX_POINT('',#16098);
#5173=VERTEX_POINT('',#16100);
#5174=VERTEX_POINT('',#16102);
#5175=VERTEX_POINT('',#16104);
#5176=VERTEX_POINT('',#16106);
#5177=VERTEX_POINT('',#16127);
#5178=VERTEX_POINT('',#16128);
#5179=VERTEX_POINT('',#16130);
#5180=VERTEX_POINT('',#16132);
#5181=VERTEX_POINT('',#16134);
#5182=VERTEX_POINT('',#16136);
#5183=VERTEX_POINT('',#16138);
#5184=VERTEX_POINT('',#16140);
#5185=VERTEX_POINT('',#16144);
#5186=VERTEX_POINT('',#16145);
#5187=VERTEX_POINT('',#16147);
#5188=VERTEX_POINT('',#16149);
#5189=VERTEX_POINT('',#16151);
#5190=VERTEX_POINT('',#16153);
#5191=VERTEX_POINT('',#16155);
#5192=VERTEX_POINT('',#16157);
#5193=VERTEX_POINT('',#16178);
#5194=VERTEX_POINT('',#16179);
#5195=VERTEX_POINT('',#16181);
#5196=VERTEX_POINT('',#16183);
#5197=VERTEX_POINT('',#16185);
#5198=VERTEX_POINT('',#16187);
#5199=VERTEX_POINT('',#16189);
#5200=VERTEX_POINT('',#16191);
#5201=VERTEX_POINT('',#16195);
#5202=VERTEX_POINT('',#16196);
#5203=VERTEX_POINT('',#16198);
#5204=VERTEX_POINT('',#16200);
#5205=VERTEX_POINT('',#16202);
#5206=VERTEX_POINT('',#16204);
#5207=VERTEX_POINT('',#16206);
#5208=VERTEX_POINT('',#16208);
#5209=VERTEX_POINT('',#16229);
#5210=VERTEX_POINT('',#16230);
#5211=VERTEX_POINT('',#16232);
#5212=VERTEX_POINT('',#16234);
#5213=VERTEX_POINT('',#16236);
#5214=VERTEX_POINT('',#16238);
#5215=VERTEX_POINT('',#16240);
#5216=VERTEX_POINT('',#16242);
#5217=VERTEX_POINT('',#16246);
#5218=VERTEX_POINT('',#16247);
#5219=VERTEX_POINT('',#16249);
#5220=VERTEX_POINT('',#16251);
#5221=VERTEX_POINT('',#16253);
#5222=VERTEX_POINT('',#16255);
#5223=VERTEX_POINT('',#16257);
#5224=VERTEX_POINT('',#16259);
#5225=VERTEX_POINT('',#16280);
#5226=VERTEX_POINT('',#16283);
#5227=VERTEX_POINT('',#16288);
#5228=VERTEX_POINT('',#16291);
#5229=VERTEX_POINT('',#16296);
#5230=VERTEX_POINT('',#16297);
#5231=VERTEX_POINT('',#16299);
#5232=VERTEX_POINT('',#16301);
#5233=VERTEX_POINT('',#16303);
#5234=VERTEX_POINT('',#16305);
#5235=VERTEX_POINT('',#16307);
#5236=VERTEX_POINT('',#16309);
#5237=VERTEX_POINT('',#16311);
#5238=VERTEX_POINT('',#16313);
#5239=VERTEX_POINT('',#16315);
#5240=VERTEX_POINT('',#16320);
#5241=VERTEX_POINT('',#16321);
#5242=VERTEX_POINT('',#16323);
#5243=VERTEX_POINT('',#16325);
#5244=VERTEX_POINT('',#16327);
#5245=VERTEX_POINT('',#16329);
#5246=VERTEX_POINT('',#16331);
#5247=VERTEX_POINT('',#16333);
#5248=VERTEX_POINT('',#16335);
#5249=VERTEX_POINT('',#16337);
#5250=VERTEX_POINT('',#16342);
#5251=VERTEX_POINT('',#16343);
#5252=VERTEX_POINT('',#16345);
#5253=VERTEX_POINT('',#16347);
#5254=VERTEX_POINT('',#16349);
#5255=VERTEX_POINT('',#16351);
#5256=VERTEX_POINT('',#16353);
#5257=VERTEX_POINT('',#16358);
#5258=VERTEX_POINT('',#16359);
#5259=VERTEX_POINT('',#16361);
#5260=VERTEX_POINT('',#16363);
#5261=VERTEX_POINT('',#16365);
#5262=VERTEX_POINT('',#16367);
#5263=VERTEX_POINT('',#16369);
#5264=VERTEX_POINT('',#16371);
#5265=VERTEX_POINT('',#16373);
#5266=VERTEX_POINT('',#16375);
#5267=VERTEX_POINT('',#16377);
#5268=VERTEX_POINT('',#16379);
#5269=VERTEX_POINT('',#16381);
#5270=VERTEX_POINT('',#16383);
#5271=VERTEX_POINT('',#16388);
#5272=VERTEX_POINT('',#16389);
#5273=VERTEX_POINT('',#16391);
#5274=VERTEX_POINT('',#16393);
#5275=VERTEX_POINT('',#16395);
#5276=VERTEX_POINT('',#16397);
#5277=VERTEX_POINT('',#16399);
#5278=VERTEX_POINT('',#16401);
#5279=VERTEX_POINT('',#16404);
#5280=VERTEX_POINT('',#16405);
#5281=VERTEX_POINT('',#16407);
#5282=VERTEX_POINT('',#16409);
#5283=VERTEX_POINT('',#16411);
#5284=VERTEX_POINT('',#16413);
#5285=VERTEX_POINT('',#16415);
#5286=VERTEX_POINT('',#16417);
#5287=VERTEX_POINT('',#16419);
#5288=VERTEX_POINT('',#16421);
#5289=VERTEX_POINT('',#16423);
#5290=VERTEX_POINT('',#16425);
#5291=VERTEX_POINT('',#16427);
#5292=VERTEX_POINT('',#16429);
#5293=VERTEX_POINT('',#16431);
#5294=VERTEX_POINT('',#16433);
#5295=VERTEX_POINT('',#16435);
#5296=VERTEX_POINT('',#16437);
#5297=VERTEX_POINT('',#16439);
#5298=VERTEX_POINT('',#16444);
#5299=VERTEX_POINT('',#16445);
#5300=VERTEX_POINT('',#16447);
#5301=VERTEX_POINT('',#16449);
#5302=VERTEX_POINT('',#16452);
#5303=VERTEX_POINT('',#16453);
#5304=VERTEX_POINT('',#16455);
#5305=VERTEX_POINT('',#16457);
#5306=VERTEX_POINT('',#16459);
#5307=VERTEX_POINT('',#16461);
#5308=VERTEX_POINT('',#16463);
#5309=VERTEX_POINT('',#16465);
#5310=VERTEX_POINT('',#16470);
#5311=VERTEX_POINT('',#16471);
#5312=VERTEX_POINT('',#16473);
#5313=VERTEX_POINT('',#16475);
#5314=VERTEX_POINT('',#16477);
#5315=VERTEX_POINT('',#16479);
#5316=VERTEX_POINT('',#16481);
#5317=VERTEX_POINT('',#16483);
#5318=VERTEX_POINT('',#16486);
#5319=VERTEX_POINT('',#16487);
#5320=VERTEX_POINT('',#16489);
#5321=VERTEX_POINT('',#16491);
#5322=VERTEX_POINT('',#16493);
#5323=VERTEX_POINT('',#16495);
#5324=VERTEX_POINT('',#16497);
#5325=VERTEX_POINT('',#16499);
#5326=VERTEX_POINT('',#16502);
#5327=VERTEX_POINT('',#16503);
#5328=VERTEX_POINT('',#16505);
#5329=VERTEX_POINT('',#16507);
#5330=VERTEX_POINT('',#16509);
#5331=VERTEX_POINT('',#16511);
#5332=VERTEX_POINT('',#16513);
#5333=VERTEX_POINT('',#16515);
#5334=VERTEX_POINT('',#16517);
#5335=VERTEX_POINT('',#16519);
#5336=VERTEX_POINT('',#16521);
#5337=VERTEX_POINT('',#16523);
#5338=VERTEX_POINT('',#16525);
#5339=VERTEX_POINT('',#16527);
#5340=VERTEX_POINT('',#16529);
#5341=VERTEX_POINT('',#16531);
#5342=VERTEX_POINT('',#16533);
#5343=VERTEX_POINT('',#16535);
#5344=VERTEX_POINT('',#16537);
#5345=VERTEX_POINT('',#16539);
#5346=VERTEX_POINT('',#16541);
#5347=VERTEX_POINT('',#16543);
#5348=VERTEX_POINT('',#16545);
#5349=VERTEX_POINT('',#16550);
#5350=VERTEX_POINT('',#16551);
#5351=VERTEX_POINT('',#16553);
#5352=VERTEX_POINT('',#16555);
#5353=VERTEX_POINT('',#16557);
#5354=VERTEX_POINT('',#16559);
#5355=VERTEX_POINT('',#16561);
#5356=VERTEX_POINT('',#16563);
#5357=VERTEX_POINT('',#16565);
#5358=VERTEX_POINT('',#16567);
#5359=VERTEX_POINT('',#16569);
#5360=VERTEX_POINT('',#16571);
#5361=VERTEX_POINT('',#16573);
#5362=VERTEX_POINT('',#16575);
#5363=VERTEX_POINT('',#16577);
#5364=VERTEX_POINT('',#16579);
#5365=VERTEX_POINT('',#16581);
#5366=VERTEX_POINT('',#16583);
#5367=VERTEX_POINT('',#16585);
#5368=VERTEX_POINT('',#16587);
#5369=VERTEX_POINT('',#16589);
#5370=VERTEX_POINT('',#16591);
#5371=VERTEX_POINT('',#16593);
#5372=VERTEX_POINT('',#16595);
#5373=VERTEX_POINT('',#16597);
#5374=VERTEX_POINT('',#16599);
#5375=VERTEX_POINT('',#16601);
#5376=VERTEX_POINT('',#16606);
#5377=VERTEX_POINT('',#16607);
#5378=VERTEX_POINT('',#16609);
#5379=VERTEX_POINT('',#16611);
#5380=VERTEX_POINT('',#16613);
#5381=VERTEX_POINT('',#16615);
#5382=VERTEX_POINT('',#16617);
#5383=VERTEX_POINT('',#16619);
#5384=VERTEX_POINT('',#16621);
#5385=VERTEX_POINT('',#16623);
#5386=VERTEX_POINT('',#16625);
#5387=VERTEX_POINT('',#16627);
#5388=VERTEX_POINT('',#16629);
#5389=VERTEX_POINT('',#16631);
#5390=VERTEX_POINT('',#16636);
#5391=VERTEX_POINT('',#16637);
#5392=VERTEX_POINT('',#16639);
#5393=VERTEX_POINT('',#16641);
#5394=VERTEX_POINT('',#16643);
#5395=VERTEX_POINT('',#16645);
#5396=VERTEX_POINT('',#16647);
#5397=VERTEX_POINT('',#16649);
#5398=VERTEX_POINT('',#16651);
#5399=VERTEX_POINT('',#16653);
#5400=VERTEX_POINT('',#16656);
#5401=VERTEX_POINT('',#16657);
#5402=VERTEX_POINT('',#16659);
#5403=VERTEX_POINT('',#16661);
#5404=VERTEX_POINT('',#16663);
#5405=VERTEX_POINT('',#16665);
#5406=VERTEX_POINT('',#16667);
#5407=VERTEX_POINT('',#16669);
#5408=VERTEX_POINT('',#16671);
#5409=VERTEX_POINT('',#16673);
#5410=VERTEX_POINT('',#16675);
#5411=VERTEX_POINT('',#16677);
#5412=VERTEX_POINT('',#16679);
#5413=VERTEX_POINT('',#16681);
#5414=VERTEX_POINT('',#16686);
#5415=VERTEX_POINT('',#16687);
#5416=VERTEX_POINT('',#16689);
#5417=VERTEX_POINT('',#16691);
#5418=VERTEX_POINT('',#16693);
#5419=VERTEX_POINT('',#16695);
#5420=VERTEX_POINT('',#16697);
#5421=VERTEX_POINT('',#16699);
#5422=VERTEX_POINT('',#16701);
#5423=VERTEX_POINT('',#16703);
#5424=VERTEX_POINT('',#16708);
#5425=VERTEX_POINT('',#16709);
#5426=VERTEX_POINT('',#16711);
#5427=VERTEX_POINT('',#16713);
#5428=VERTEX_POINT('',#16715);
#5429=VERTEX_POINT('',#16717);
#5430=VERTEX_POINT('',#16719);
#5431=VERTEX_POINT('',#16721);
#5432=VERTEX_POINT('',#16723);
#5433=VERTEX_POINT('',#16725);
#5434=VERTEX_POINT('',#16727);
#5435=VERTEX_POINT('',#16729);
#5436=VERTEX_POINT('',#16731);
#5437=VERTEX_POINT('',#16733);
#5438=VERTEX_POINT('',#16735);
#5439=VERTEX_POINT('',#16737);
#5440=VERTEX_POINT('',#16739);
#5441=VERTEX_POINT('',#16741);
#5442=VERTEX_POINT('',#16743);
#5443=VERTEX_POINT('',#16745);
#5444=VERTEX_POINT('',#16747);
#5445=VERTEX_POINT('',#16749);
#5446=VERTEX_POINT('',#16751);
#5447=VERTEX_POINT('',#16753);
#5448=VERTEX_POINT('',#16755);
#5449=VERTEX_POINT('',#16757);
#5450=VERTEX_POINT('',#16759);
#5451=VERTEX_POINT('',#16761);
#5452=VERTEX_POINT('',#16766);
#5453=VERTEX_POINT('',#16767);
#5454=VERTEX_POINT('',#16769);
#5455=VERTEX_POINT('',#16771);
#5456=VERTEX_POINT('',#16773);
#5457=VERTEX_POINT('',#16775);
#5458=VERTEX_POINT('',#16777);
#5459=VERTEX_POINT('',#16779);
#5460=VERTEX_POINT('',#16781);
#5461=VERTEX_POINT('',#16783);
#5462=VERTEX_POINT('',#16785);
#5463=VERTEX_POINT('',#16787);
#5464=VERTEX_POINT('',#16789);
#5465=VERTEX_POINT('',#16791);
#5466=VERTEX_POINT('',#16796);
#5467=VERTEX_POINT('',#16797);
#5468=VERTEX_POINT('',#16799);
#5469=VERTEX_POINT('',#16801);
#5470=VERTEX_POINT('',#16803);
#5471=VERTEX_POINT('',#16805);
#5472=VERTEX_POINT('',#16807);
#5473=VERTEX_POINT('',#16809);
#5474=VERTEX_POINT('',#16811);
#5475=VERTEX_POINT('',#16813);
#5476=VERTEX_POINT('',#16816);
#5477=VERTEX_POINT('',#16817);
#5478=VERTEX_POINT('',#16819);
#5479=VERTEX_POINT('',#16821);
#5480=VERTEX_POINT('',#16823);
#5481=VERTEX_POINT('',#16825);
#5482=VERTEX_POINT('',#16827);
#5483=VERTEX_POINT('',#16829);
#5484=VERTEX_POINT('',#16831);
#5485=VERTEX_POINT('',#16833);
#5486=VERTEX_POINT('',#16835);
#5487=VERTEX_POINT('',#16837);
#5488=VERTEX_POINT('',#16839);
#5489=VERTEX_POINT('',#16841);
#5490=VERTEX_POINT('',#16846);
#5491=VERTEX_POINT('',#16847);
#5492=VERTEX_POINT('',#16849);
#5493=VERTEX_POINT('',#16851);
#5494=VERTEX_POINT('',#16853);
#5495=VERTEX_POINT('',#16855);
#5496=VERTEX_POINT('',#16857);
#5497=VERTEX_POINT('',#16859);
#5498=VERTEX_POINT('',#16861);
#5499=VERTEX_POINT('',#16863);
#5500=VERTEX_POINT('',#16866);
#5501=VERTEX_POINT('',#16867);
#5502=VERTEX_POINT('',#16869);
#5503=VERTEX_POINT('',#16871);
#5504=VERTEX_POINT('',#16873);
#5505=VERTEX_POINT('',#16875);
#5506=VERTEX_POINT('',#16877);
#5507=VERTEX_POINT('',#16879);
#5508=VERTEX_POINT('',#16881);
#5509=VERTEX_POINT('',#16883);
#5510=VERTEX_POINT('',#16885);
#5511=VERTEX_POINT('',#16887);
#5512=VERTEX_POINT('',#16889);
#5513=VERTEX_POINT('',#16891);
#5514=VERTEX_POINT('',#16896);
#5515=VERTEX_POINT('',#16897);
#5516=VERTEX_POINT('',#16899);
#5517=VERTEX_POINT('',#16901);
#5518=VERTEX_POINT('',#16903);
#5519=VERTEX_POINT('',#16905);
#5520=VERTEX_POINT('',#16907);
#5521=VERTEX_POINT('',#16912);
#5522=VERTEX_POINT('',#16913);
#5523=VERTEX_POINT('',#16915);
#5524=VERTEX_POINT('',#16917);
#5525=VERTEX_POINT('',#16919);
#5526=VERTEX_POINT('',#16921);
#5527=VERTEX_POINT('',#16923);
#5528=VERTEX_POINT('',#16925);
#5529=VERTEX_POINT('',#16927);
#5530=VERTEX_POINT('',#16929);
#5531=VERTEX_POINT('',#16931);
#5532=VERTEX_POINT('',#16933);
#5533=VERTEX_POINT('',#16935);
#5534=VERTEX_POINT('',#16937);
#5535=VERTEX_POINT('',#16942);
#5536=VERTEX_POINT('',#16943);
#5537=VERTEX_POINT('',#16945);
#5538=VERTEX_POINT('',#16947);
#5539=VERTEX_POINT('',#16949);
#5540=VERTEX_POINT('',#16951);
#5541=VERTEX_POINT('',#16954);
#5542=VERTEX_POINT('',#16955);
#5543=VERTEX_POINT('',#16957);
#5544=VERTEX_POINT('',#16959);
#5545=VERTEX_POINT('',#16961);
#5546=VERTEX_POINT('',#16963);
#5547=VERTEX_POINT('',#16966);
#5548=VERTEX_POINT('',#16967);
#5549=VERTEX_POINT('',#16969);
#5550=VERTEX_POINT('',#16971);
#5551=VERTEX_POINT('',#16973);
#5552=VERTEX_POINT('',#16975);
#5553=VERTEX_POINT('',#16977);
#5554=VERTEX_POINT('',#16979);
#5555=VERTEX_POINT('',#16981);
#5556=VERTEX_POINT('',#16983);
#5557=VERTEX_POINT('',#16985);
#5558=VERTEX_POINT('',#16987);
#5559=VERTEX_POINT('',#16989);
#5560=VERTEX_POINT('',#16991);
#5561=VERTEX_POINT('',#16996);
#5562=VERTEX_POINT('',#16997);
#5563=VERTEX_POINT('',#16999);
#5564=VERTEX_POINT('',#17001);
#5565=VERTEX_POINT('',#17003);
#5566=VERTEX_POINT('',#17005);
#5567=VERTEX_POINT('',#17007);
#5568=VERTEX_POINT('',#17009);
#5569=VERTEX_POINT('',#17011);
#5570=VERTEX_POINT('',#17013);
#5571=VERTEX_POINT('',#17015);
#5572=VERTEX_POINT('',#17017);
#5573=VERTEX_POINT('',#17019);
#5574=VERTEX_POINT('',#17021);
#5575=VERTEX_POINT('',#17023);
#5576=VERTEX_POINT('',#17025);
#5577=VERTEX_POINT('',#17027);
#5578=VERTEX_POINT('',#17029);
#5579=VERTEX_POINT('',#17031);
#5580=VERTEX_POINT('',#17036);
#5581=VERTEX_POINT('',#17037);
#5582=VERTEX_POINT('',#17039);
#5583=VERTEX_POINT('',#17042);
#5584=VERTEX_POINT('',#17043);
#5585=VERTEX_POINT('',#17045);
#5586=VERTEX_POINT('',#17047);
#5587=VERTEX_POINT('',#17049);
#5588=VERTEX_POINT('',#17051);
#5589=VERTEX_POINT('',#17053);
#5590=VERTEX_POINT('',#17055);
#5591=VERTEX_POINT('',#17060);
#5592=VERTEX_POINT('',#17061);
#5593=VERTEX_POINT('',#17063);
#5594=VERTEX_POINT('',#17065);
#5595=VERTEX_POINT('',#17068);
#5596=VERTEX_POINT('',#17069);
#5597=VERTEX_POINT('',#17071);
#5598=VERTEX_POINT('',#17073);
#5599=VERTEX_POINT('',#17076);
#5600=VERTEX_POINT('',#17077);
#5601=VERTEX_POINT('',#17079);
#5602=VERTEX_POINT('',#17081);
#5603=VERTEX_POINT('',#17084);
#5604=VERTEX_POINT('',#17085);
#5605=VERTEX_POINT('',#17087);
#5606=VERTEX_POINT('',#17089);
#5607=VERTEX_POINT('',#17092);
#5608=VERTEX_POINT('',#17093);
#5609=VERTEX_POINT('',#17095);
#5610=VERTEX_POINT('',#17097);
#5611=VERTEX_POINT('',#17099);
#5612=VERTEX_POINT('',#17101);
#5613=VERTEX_POINT('',#17103);
#5614=VERTEX_POINT('',#17105);
#5615=VERTEX_POINT('',#17110);
#5616=VERTEX_POINT('',#17112);
#5617=VERTEX_POINT('',#17115);
#5618=VERTEX_POINT('',#17117);
#5619=VERTEX_POINT('',#17120);
#5620=VERTEX_POINT('',#17122);
#5621=VERTEX_POINT('',#17125);
#5622=VERTEX_POINT('',#17127);
#5623=VERTEX_POINT('',#17130);
#5624=VERTEX_POINT('',#17132);
#5625=VERTEX_POINT('',#17135);
#5626=VERTEX_POINT('',#17137);
#5627=VERTEX_POINT('',#17140);
#5628=VERTEX_POINT('',#17142);
#5629=VERTEX_POINT('',#17145);
#5630=VERTEX_POINT('',#17147);
#5631=VERTEX_POINT('',#17150);
#5632=VERTEX_POINT('',#17151);
#5633=VERTEX_POINT('',#17153);
#5634=VERTEX_POINT('',#17155);
#5635=VERTEX_POINT('',#17159);
#5636=VERTEX_POINT('',#17160);
#5637=VERTEX_POINT('',#17165);
#5638=VERTEX_POINT('',#17167);
#5639=VERTEX_POINT('',#17171);
#5640=VERTEX_POINT('',#17172);
#5641=VERTEX_POINT('',#17177);
#5642=VERTEX_POINT('',#17179);
#5643=VERTEX_POINT('',#17183);
#5644=VERTEX_POINT('',#17184);
#5645=VERTEX_POINT('',#17189);
#5646=VERTEX_POINT('',#17191);
#5647=LINE('',#13881,#6680);
#5648=LINE('',#13884,#6681);
#5649=LINE('',#13886,#6682);
#5650=LINE('',#13888,#6683);
#5651=LINE('',#13892,#6684);
#5652=LINE('',#13896,#6685);
#5653=LINE('',#13898,#6686);
#5654=LINE('',#13900,#6687);
#5655=LINE('',#13902,#6688);
#5656=LINE('',#13904,#6689);
#5657=LINE('',#13906,#6690);
#5658=LINE('',#13908,#6691);
#5659=LINE('',#13910,#6692);
#5660=LINE('',#13912,#6693);
#5661=LINE('',#13916,#6694);
#5662=LINE('',#13920,#6695);
#5663=LINE('',#13922,#6696);
#5664=LINE('',#13924,#6697);
#5665=LINE('',#13928,#6698);
#5666=LINE('',#13932,#6699);
#5667=LINE('',#13935,#6700);
#5668=LINE('',#13937,#6701);
#5669=LINE('',#13939,#6702);
#5670=LINE('',#13943,#6703);
#5671=LINE('',#13947,#6704);
#5672=LINE('',#13949,#6705);
#5673=LINE('',#13951,#6706);
#5674=LINE('',#13953,#6707);
#5675=LINE('',#13955,#6708);
#5676=LINE('',#13957,#6709);
#5677=LINE('',#13959,#6710);
#5678=LINE('',#13961,#6711);
#5679=LINE('',#13963,#6712);
#5680=LINE('',#13967,#6713);
#5681=LINE('',#13971,#6714);
#5682=LINE('',#13973,#6715);
#5683=LINE('',#13975,#6716);
#5684=LINE('',#13979,#6717);
#5685=LINE('',#13983,#6718);
#5686=LINE('',#13986,#6719);
#5687=LINE('',#13988,#6720);
#5688=LINE('',#13990,#6721);
#5689=LINE('',#13994,#6722);
#5690=LINE('',#13998,#6723);
#5691=LINE('',#14000,#6724);
#5692=LINE('',#14002,#6725);
#5693=LINE('',#14004,#6726);
#5694=LINE('',#14006,#6727);
#5695=LINE('',#14008,#6728);
#5696=LINE('',#14010,#6729);
#5697=LINE('',#14012,#6730);
#5698=LINE('',#14014,#6731);
#5699=LINE('',#14018,#6732);
#5700=LINE('',#14022,#6733);
#5701=LINE('',#14024,#6734);
#5702=LINE('',#14026,#6735);
#5703=LINE('',#14030,#6736);
#5704=LINE('',#14034,#6737);
#5705=LINE('',#14037,#6738);
#5706=LINE('',#14039,#6739);
#5707=LINE('',#14041,#6740);
#5708=LINE('',#14045,#6741);
#5709=LINE('',#14049,#6742);
#5710=LINE('',#14051,#6743);
#5711=LINE('',#14053,#6744);
#5712=LINE('',#14055,#6745);
#5713=LINE('',#14057,#6746);
#5714=LINE('',#14059,#6747);
#5715=LINE('',#14061,#6748);
#5716=LINE('',#14063,#6749);
#5717=LINE('',#14065,#6750);
#5718=LINE('',#14069,#6751);
#5719=LINE('',#14073,#6752);
#5720=LINE('',#14075,#6753);
#5721=LINE('',#14077,#6754);
#5722=LINE('',#14079,#6755);
#5723=LINE('',#14082,#6756);
#5724=LINE('',#14084,#6757);
#5725=LINE('',#14086,#6758);
#5726=LINE('',#14090,#6759);
#5727=LINE('',#14094,#6760);
#5728=LINE('',#14096,#6761);
#5729=LINE('',#14098,#6762);
#5730=LINE('',#14100,#6763);
#5731=LINE('',#14102,#6764);
#5732=LINE('',#14104,#6765);
#5733=LINE('',#14106,#6766);
#5734=LINE('',#14108,#6767);
#5735=LINE('',#14110,#6768);
#5736=LINE('',#14114,#6769);
#5737=LINE('',#14118,#6770);
#5738=LINE('',#14120,#6771);
#5739=LINE('',#14122,#6772);
#5740=LINE('',#14124,#6773);
#5741=LINE('',#14127,#6774);
#5742=LINE('',#14129,#6775);
#5743=LINE('',#14131,#6776);
#5744=LINE('',#14135,#6777);
#5745=LINE('',#14139,#6778);
#5746=LINE('',#14141,#6779);
#5747=LINE('',#14143,#6780);
#5748=LINE('',#14145,#6781);
#5749=LINE('',#14147,#6782);
#5750=LINE('',#14149,#6783);
#5751=LINE('',#14151,#6784);
#5752=LINE('',#14153,#6785);
#5753=LINE('',#14155,#6786);
#5754=LINE('',#14159,#6787);
#5755=LINE('',#14163,#6788);
#5756=LINE('',#14165,#6789);
#5757=LINE('',#14167,#6790);
#5758=LINE('',#14171,#6791);
#5759=LINE('',#14175,#6792);
#5760=LINE('',#14178,#6793);
#5761=LINE('',#14180,#6794);
#5762=LINE('',#14182,#6795);
#5763=LINE('',#14186,#6796);
#5764=LINE('',#14190,#6797);
#5765=LINE('',#14192,#6798);
#5766=LINE('',#14194,#6799);
#5767=LINE('',#14196,#6800);
#5768=LINE('',#14198,#6801);
#5769=LINE('',#14200,#6802);
#5770=LINE('',#14202,#6803);
#5771=LINE('',#14204,#6804);
#5772=LINE('',#14206,#6805);
#5773=LINE('',#14210,#6806);
#5774=LINE('',#14214,#6807);
#5775=LINE('',#14216,#6808);
#5776=LINE('',#14218,#6809);
#5777=LINE('',#14222,#6810);
#5778=LINE('',#14226,#6811);
#5779=LINE('',#14229,#6812);
#5780=LINE('',#14231,#6813);
#5781=LINE('',#14233,#6814);
#5782=LINE('',#14237,#6815);
#5783=LINE('',#14241,#6816);
#5784=LINE('',#14243,#6817);
#5785=LINE('',#14245,#6818);
#5786=LINE('',#14247,#6819);
#5787=LINE('',#14249,#6820);
#5788=LINE('',#14251,#6821);
#5789=LINE('',#14253,#6822);
#5790=LINE('',#14255,#6823);
#5791=LINE('',#14257,#6824);
#5792=LINE('',#14261,#6825);
#5793=LINE('',#14265,#6826);
#5794=LINE('',#14267,#6827);
#5795=LINE('',#14269,#6828);
#5796=LINE('',#14273,#6829);
#5797=LINE('',#14277,#6830);
#5798=LINE('',#14280,#6831);
#5799=LINE('',#14282,#6832);
#5800=LINE('',#14284,#6833);
#5801=LINE('',#14288,#6834);
#5802=LINE('',#14292,#6835);
#5803=LINE('',#14295,#6836);
#5804=LINE('',#14296,#6837);
#5805=LINE('',#14298,#6838);
#5806=LINE('',#14300,#6839);
#5807=LINE('',#14302,#6840);
#5808=LINE('',#14304,#6841);
#5809=LINE('',#14307,#6842);
#5810=LINE('',#14309,#6843);
#5811=LINE('',#14310,#6844);
#5812=LINE('',#14312,#6845);
#5813=LINE('',#14316,#6846);
#5814=LINE('',#14320,#6847);
#5815=LINE('',#14323,#6848);
#5816=LINE('',#14326,#6849);
#5817=LINE('',#14330,#6850);
#5818=LINE('',#14332,#6851);
#5819=LINE('',#14334,#6852);
#5820=LINE('',#14336,#6853);
#5821=LINE('',#14338,#6854);
#5822=LINE('',#14341,#6855);
#5823=LINE('',#14344,#6856);
#5824=LINE('',#14348,#6857);
#5825=LINE('',#14350,#6858);
#5826=LINE('',#14352,#6859);
#5827=LINE('',#14354,#6860);
#5828=LINE('',#14356,#6861);
#5829=LINE('',#14359,#6862);
#5830=LINE('',#14362,#6863);
#5831=LINE('',#14366,#6864);
#5832=LINE('',#14368,#6865);
#5833=LINE('',#14370,#6866);
#5834=LINE('',#14372,#6867);
#5835=LINE('',#14374,#6868);
#5836=LINE('',#14377,#6869);
#5837=LINE('',#14380,#6870);
#5838=LINE('',#14384,#6871);
#5839=LINE('',#14386,#6872);
#5840=LINE('',#14388,#6873);
#5841=LINE('',#14390,#6874);
#5842=LINE('',#14392,#6875);
#5843=LINE('',#14395,#6876);
#5844=LINE('',#14398,#6877);
#5845=LINE('',#14402,#6878);
#5846=LINE('',#14404,#6879);
#5847=LINE('',#14406,#6880);
#5848=LINE('',#14408,#6881);
#5849=LINE('',#14410,#6882);
#5850=LINE('',#14413,#6883);
#5851=LINE('',#14416,#6884);
#5852=LINE('',#14420,#6885);
#5853=LINE('',#14422,#6886);
#5854=LINE('',#14424,#6887);
#5855=LINE('',#14426,#6888);
#5856=LINE('',#14428,#6889);
#5857=LINE('',#14431,#6890);
#5858=LINE('',#14434,#6891);
#5859=LINE('',#14438,#6892);
#5860=LINE('',#14440,#6893);
#5861=LINE('',#14442,#6894);
#5862=LINE('',#14444,#6895);
#5863=LINE('',#14446,#6896);
#5864=LINE('',#14449,#6897);
#5865=LINE('',#14452,#6898);
#5866=LINE('',#14456,#6899);
#5867=LINE('',#14458,#6900);
#5868=LINE('',#14460,#6901);
#5869=LINE('',#14462,#6902);
#5870=LINE('',#14464,#6903);
#5871=LINE('',#14466,#6904);
#5872=LINE('',#14468,#6905);
#5873=LINE('',#14470,#6906);
#5874=LINE('',#14472,#6907);
#5875=LINE('',#14474,#6908);
#5876=LINE('',#14476,#6909);
#5877=LINE('',#14478,#6910);
#5878=LINE('',#14480,#6911);
#5879=LINE('',#14482,#6912);
#5880=LINE('',#14485,#6913);
#5881=LINE('',#14487,#6914);
#5882=LINE('',#14489,#6915);
#5883=LINE('',#14491,#6916);
#5884=LINE('',#14494,#6917);
#5885=LINE('',#14495,#6918);
#5886=LINE('',#14497,#6919);
#5887=LINE('',#14499,#6920);
#5888=LINE('',#14501,#6921);
#5889=LINE('',#14503,#6922);
#5890=LINE('',#14504,#6923);
#5891=LINE('',#14506,#6924);
#5892=LINE('',#14508,#6925);
#5893=LINE('',#14509,#6926);
#5894=LINE('',#14511,#6927);
#5895=LINE('',#14513,#6928);
#5896=LINE('',#14514,#6929);
#5897=LINE('',#14516,#6930);
#5898=LINE('',#14518,#6931);
#5899=LINE('',#14519,#6932);
#5900=LINE('',#14521,#6933);
#5901=LINE('',#14523,#6934);
#5902=LINE('',#14525,#6935);
#5903=LINE('',#14527,#6936);
#5904=LINE('',#14529,#6937);
#5905=LINE('',#14531,#6938);
#5906=LINE('',#14533,#6939);
#5907=LINE('',#14535,#6940);
#5908=LINE('',#14537,#6941);
#5909=LINE('',#14538,#6942);
#5910=LINE('',#14540,#6943);
#5911=LINE('',#14542,#6944);
#5912=LINE('',#14543,#6945);
#5913=LINE('',#14545,#6946);
#5914=LINE('',#14547,#6947);
#5915=LINE('',#14548,#6948);
#5916=LINE('',#14550,#6949);
#5917=LINE('',#14552,#6950);
#5918=LINE('',#14553,#6951);
#5919=LINE('',#14555,#6952);
#5920=LINE('',#14557,#6953);
#5921=LINE('',#14559,#6954);
#5922=LINE('',#14561,#6955);
#5923=LINE('',#14563,#6956);
#5924=LINE('',#14565,#6957);
#5925=LINE('',#14567,#6958);
#5926=LINE('',#14569,#6959);
#5927=LINE('',#14571,#6960);
#5928=LINE('',#14573,#6961);
#5929=LINE('',#14575,#6962);
#5930=LINE('',#14577,#6963);
#5931=LINE('',#14579,#6964);
#5932=LINE('',#14581,#6965);
#5933=LINE('',#14583,#6966);
#5934=LINE('',#14585,#6967);
#5935=LINE('',#14587,#6968);
#5936=LINE('',#14589,#6969);
#5937=LINE('',#14591,#6970);
#5938=LINE('',#14593,#6971);
#5939=LINE('',#14595,#6972);
#5940=LINE('',#14597,#6973);
#5941=LINE('',#14599,#6974);
#5942=LINE('',#14601,#6975);
#5943=LINE('',#14986,#6976);
#5944=LINE('',#14991,#6977);
#5945=LINE('',#14993,#6978);
#5946=LINE('',#14995,#6979);
#5947=LINE('',#14997,#6980);
#5948=LINE('',#15001,#6981);
#5949=LINE('',#15003,#6982);
#5950=LINE('',#15005,#6983);
#5951=LINE('',#15007,#6984);
#5952=LINE('',#15009,#6985);
#5953=LINE('',#15013,#6986);
#5954=LINE('',#15016,#6987);
#5955=LINE('',#15018,#6988);
#5956=LINE('',#15020,#6989);
#5957=LINE('',#15022,#6990);
#5958=LINE('',#15026,#6991);
#5959=LINE('',#15028,#6992);
#5960=LINE('',#15030,#6993);
#5961=LINE('',#15032,#6994);
#5962=LINE('',#15036,#6995);
#5963=LINE('',#15039,#6996);
#5964=LINE('',#15040,#6997);
#5965=LINE('',#15042,#6998);
#5966=LINE('',#15044,#6999);
#5967=LINE('',#15046,#7000);
#5968=LINE('',#15048,#7001);
#5969=LINE('',#15050,#7002);
#5970=LINE('',#15052,#7003);
#5971=LINE('',#15054,#7004);
#5972=LINE('',#15056,#7005);
#5973=LINE('',#15058,#7006);
#5974=LINE('',#15060,#7007);
#5975=LINE('',#15069,#7008);
#5976=LINE('',#15071,#7009);
#5977=LINE('',#15075,#7010);
#5978=LINE('',#15077,#7011);
#5979=LINE('',#15079,#7012);
#5980=LINE('',#15081,#7013);
#5981=LINE('',#15085,#7014);
#5982=LINE('',#15088,#7015);
#5983=LINE('',#15090,#7016);
#5984=LINE('',#15092,#7017);
#5985=LINE('',#15096,#7018);
#5986=LINE('',#15098,#7019);
#5987=LINE('',#15103,#7020);
#5988=LINE('',#15104,#7021);
#5989=LINE('',#15106,#7022);
#5990=LINE('',#15108,#7023);
#5991=LINE('',#15110,#7024);
#5992=LINE('',#15112,#7025);
#5993=LINE('',#15114,#7026);
#5994=LINE('',#15116,#7027);
#5995=LINE('',#15122,#7028);
#5996=LINE('',#15127,#7029);
#5997=LINE('',#15129,#7030);
#5998=LINE('',#15131,#7031);
#5999=LINE('',#15133,#7032);
#6000=LINE('',#15137,#7033);
#6001=LINE('',#15139,#7034);
#6002=LINE('',#15141,#7035);
#6003=LINE('',#15143,#7036);
#6004=LINE('',#15145,#7037);
#6005=LINE('',#15149,#7038);
#6006=LINE('',#15152,#7039);
#6007=LINE('',#15154,#7040);
#6008=LINE('',#15156,#7041);
#6009=LINE('',#15158,#7042);
#6010=LINE('',#15162,#7043);
#6011=LINE('',#15164,#7044);
#6012=LINE('',#15166,#7045);
#6013=LINE('',#15168,#7046);
#6014=LINE('',#15172,#7047);
#6015=LINE('',#15175,#7048);
#6016=LINE('',#15176,#7049);
#6017=LINE('',#15178,#7050);
#6018=LINE('',#15180,#7051);
#6019=LINE('',#15182,#7052);
#6020=LINE('',#15184,#7053);
#6021=LINE('',#15186,#7054);
#6022=LINE('',#15188,#7055);
#6023=LINE('',#15190,#7056);
#6024=LINE('',#15192,#7057);
#6025=LINE('',#15194,#7058);
#6026=LINE('',#15196,#7059);
#6027=LINE('',#15205,#7060);
#6028=LINE('',#15207,#7061);
#6029=LINE('',#15209,#7062);
#6030=LINE('',#15213,#7063);
#6031=LINE('',#15215,#7064);
#6032=LINE('',#15217,#7065);
#6033=LINE('',#15219,#7066);
#6034=LINE('',#15221,#7067);
#6035=LINE('',#15223,#7068);
#6036=LINE('',#15227,#7069);
#6037=LINE('',#15230,#7070);
#6038=LINE('',#15232,#7071);
#6039=LINE('',#15234,#7072);
#6040=LINE('',#15236,#7073);
#6041=LINE('',#15238,#7074);
#6042=LINE('',#15242,#7075);
#6043=LINE('',#15244,#7076);
#6044=LINE('',#15246,#7077);
#6045=LINE('',#15251,#7078);
#6046=LINE('',#15252,#7079);
#6047=LINE('',#15254,#7080);
#6048=LINE('',#15256,#7081);
#6049=LINE('',#15258,#7082);
#6050=LINE('',#15260,#7083);
#6051=LINE('',#15262,#7084);
#6052=LINE('',#15264,#7085);
#6053=LINE('',#15266,#7086);
#6054=LINE('',#15268,#7087);
#6055=LINE('',#15270,#7088);
#6056=LINE('',#15274,#7089);
#6057=LINE('',#15277,#7090);
#6058=LINE('',#15279,#7091);
#6059=LINE('',#15283,#7092);
#6060=LINE('',#15285,#7093);
#6061=LINE('',#15287,#7094);
#6062=LINE('',#15294,#7095);
#6063=LINE('',#15296,#7096);
#6064=LINE('',#15298,#7097);
#6065=LINE('',#15302,#7098);
#6066=LINE('',#15304,#7099);
#6067=LINE('',#15306,#7100);
#6068=LINE('',#15308,#7101);
#6069=LINE('',#15309,#7102);
#6070=LINE('',#15311,#7103);
#6071=LINE('',#15313,#7104);
#6072=LINE('',#15315,#7105);
#6073=LINE('',#15317,#7106);
#6074=LINE('',#15319,#7107);
#6075=LINE('',#15321,#7108);
#6076=LINE('',#15325,#7109);
#6077=LINE('',#15328,#7110);
#6078=LINE('',#15330,#7111);
#6079=LINE('',#15334,#7112);
#6080=LINE('',#15336,#7113);
#6081=LINE('',#15338,#7114);
#6082=LINE('',#15340,#7115);
#6083=LINE('',#15344,#7116);
#6084=LINE('',#15346,#7117);
#6085=LINE('',#15348,#7118);
#6086=LINE('',#15351,#7119);
#6087=LINE('',#15355,#7120);
#6088=LINE('',#15357,#7121);
#6089=LINE('',#15359,#7122);
#6090=LINE('',#15361,#7123);
#6091=LINE('',#15365,#7124);
#6092=LINE('',#15367,#7125);
#6093=LINE('',#15369,#7126);
#6094=LINE('',#15371,#7127);
#6095=LINE('',#15372,#7128);
#6096=LINE('',#15374,#7129);
#6097=LINE('',#15376,#7130);
#6098=LINE('',#15378,#7131);
#6099=LINE('',#15380,#7132);
#6100=LINE('',#15382,#7133);
#6101=LINE('',#15384,#7134);
#6102=LINE('',#15386,#7135);
#6103=LINE('',#15388,#7136);
#6104=LINE('',#15390,#7137);
#6105=LINE('',#15397,#7138);
#6106=LINE('',#15399,#7139);
#6107=LINE('',#15401,#7140);
#6108=LINE('',#15403,#7141);
#6109=LINE('',#15405,#7142);
#6110=LINE('',#15409,#7143);
#6111=LINE('',#15411,#7144);
#6112=LINE('',#15413,#7145);
#6113=LINE('',#15415,#7146);
#6114=LINE('',#15417,#7147);
#6115=LINE('',#15419,#7148);
#6116=LINE('',#15421,#7149);
#6117=LINE('',#15423,#7150);
#6118=LINE('',#15425,#7151);
#6119=LINE('',#15428,#7152);
#6120=LINE('',#15430,#7153);
#6121=LINE('',#15432,#7154);
#6122=LINE('',#15434,#7155);
#6123=LINE('',#15436,#7156);
#6124=LINE('',#15438,#7157);
#6125=LINE('',#15440,#7158);
#6126=LINE('',#15444,#7159);
#6127=LINE('',#15446,#7160);
#6128=LINE('',#15448,#7161);
#6129=LINE('',#15450,#7162);
#6130=LINE('',#15452,#7163);
#6131=LINE('',#15456,#7164);
#6132=LINE('',#15457,#7165);
#6133=LINE('',#15459,#7166);
#6134=LINE('',#15461,#7167);
#6135=LINE('',#15463,#7168);
#6136=LINE('',#15465,#7169);
#6137=LINE('',#15467,#7170);
#6138=LINE('',#15469,#7171);
#6139=LINE('',#15471,#7172);
#6140=LINE('',#15473,#7173);
#6141=LINE('',#15475,#7174);
#6142=LINE('',#15477,#7175);
#6143=LINE('',#15479,#7176);
#6144=LINE('',#15481,#7177);
#6145=LINE('',#15483,#7178);
#6146=LINE('',#15487,#7179);
#6147=LINE('',#15490,#7180);
#6148=LINE('',#15494,#7181);
#6149=LINE('',#15496,#7182);
#6150=LINE('',#15498,#7183);
#6151=LINE('',#15505,#7184);
#6152=LINE('',#15507,#7185);
#6153=LINE('',#15509,#7186);
#6154=LINE('',#15513,#7187);
#6155=LINE('',#15515,#7188);
#6156=LINE('',#15517,#7189);
#6157=LINE('',#15518,#7190);
#6158=LINE('',#15520,#7191);
#6159=LINE('',#15522,#7192);
#6160=LINE('',#15524,#7193);
#6161=LINE('',#15526,#7194);
#6162=LINE('',#15528,#7195);
#6163=LINE('',#15535,#7196);
#6164=LINE('',#15537,#7197);
#6165=LINE('',#15539,#7198);
#6166=LINE('',#15543,#7199);
#6167=LINE('',#15545,#7200);
#6168=LINE('',#15547,#7201);
#6169=LINE('',#15549,#7202);
#6170=LINE('',#15551,#7203);
#6171=LINE('',#15554,#7204);
#6172=LINE('',#15556,#7205);
#6173=LINE('',#15558,#7206);
#6174=LINE('',#15562,#7207);
#6175=LINE('',#15564,#7208);
#6176=LINE('',#15566,#7209);
#6177=LINE('',#15570,#7210);
#6178=LINE('',#15571,#7211);
#6179=LINE('',#15573,#7212);
#6180=LINE('',#15575,#7213);
#6181=LINE('',#15577,#7214);
#6182=LINE('',#15579,#7215);
#6183=LINE('',#15581,#7216);
#6184=LINE('',#15583,#7217);
#6185=LINE('',#15585,#7218);
#6186=LINE('',#15589,#7219);
#6187=LINE('',#15594,#7220);
#6188=LINE('',#15598,#7221);
#6189=LINE('',#15602,#7222);
#6190=LINE('',#15609,#7223);
#6191=LINE('',#15613,#7224);
#6192=LINE('',#15617,#7225);
#6193=LINE('',#15621,#7226);
#6194=LINE('',#15623,#7227);
#6195=LINE('',#15624,#7228);
#6196=LINE('',#15626,#7229);
#6197=LINE('',#15628,#7230);
#6198=LINE('',#15630,#7231);
#6199=LINE('',#15632,#7232);
#6200=LINE('',#15634,#7233);
#6201=LINE('',#15636,#7234);
#6202=LINE('',#15643,#7235);
#6203=LINE('',#15647,#7236);
#6204=LINE('',#15651,#7237);
#6205=LINE('',#15655,#7238);
#6206=LINE('',#15657,#7239);
#6207=LINE('',#15662,#7240);
#6208=LINE('',#15666,#7241);
#6209=LINE('',#15670,#7242);
#6210=LINE('',#15674,#7243);
#6211=LINE('',#15675,#7244);
#6212=LINE('',#15677,#7245);
#6213=LINE('',#15679,#7246);
#6214=LINE('',#15681,#7247);
#6215=LINE('',#15683,#7248);
#6216=LINE('',#15685,#7249);
#6217=LINE('',#15687,#7250);
#6218=LINE('',#15691,#7251);
#6219=LINE('',#15696,#7252);
#6220=LINE('',#15700,#7253);
#6221=LINE('',#15704,#7254);
#6222=LINE('',#15711,#7255);
#6223=LINE('',#15715,#7256);
#6224=LINE('',#15719,#7257);
#6225=LINE('',#15723,#7258);
#6226=LINE('',#15725,#7259);
#6227=LINE('',#15726,#7260);
#6228=LINE('',#15728,#7261);
#6229=LINE('',#15730,#7262);
#6230=LINE('',#15732,#7263);
#6231=LINE('',#15734,#7264);
#6232=LINE('',#15736,#7265);
#6233=LINE('',#15738,#7266);
#6234=LINE('',#15745,#7267);
#6235=LINE('',#15749,#7268);
#6236=LINE('',#15753,#7269);
#6237=LINE('',#15757,#7270);
#6238=LINE('',#15759,#7271);
#6239=LINE('',#15764,#7272);
#6240=LINE('',#15768,#7273);
#6241=LINE('',#15772,#7274);
#6242=LINE('',#15776,#7275);
#6243=LINE('',#15777,#7276);
#6244=LINE('',#15779,#7277);
#6245=LINE('',#15781,#7278);
#6246=LINE('',#15783,#7279);
#6247=LINE('',#15785,#7280);
#6248=LINE('',#15787,#7281);
#6249=LINE('',#15789,#7282);
#6250=LINE('',#15793,#7283);
#6251=LINE('',#15798,#7284);
#6252=LINE('',#15802,#7285);
#6253=LINE('',#15806,#7286);
#6254=LINE('',#15813,#7287);
#6255=LINE('',#15817,#7288);
#6256=LINE('',#15821,#7289);
#6257=LINE('',#15825,#7290);
#6258=LINE('',#15827,#7291);
#6259=LINE('',#15828,#7292);
#6260=LINE('',#15830,#7293);
#6261=LINE('',#15832,#7294);
#6262=LINE('',#15834,#7295);
#6263=LINE('',#15836,#7296);
#6264=LINE('',#15838,#7297);
#6265=LINE('',#15840,#7298);
#6266=LINE('',#15844,#7299);
#6267=LINE('',#15849,#7300);
#6268=LINE('',#15853,#7301);
#6269=LINE('',#15857,#7302);
#6270=LINE('',#15864,#7303);
#6271=LINE('',#15868,#7304);
#6272=LINE('',#15872,#7305);
#6273=LINE('',#15876,#7306);
#6274=LINE('',#15878,#7307);
#6275=LINE('',#15879,#7308);
#6276=LINE('',#15881,#7309);
#6277=LINE('',#15883,#7310);
#6278=LINE('',#15885,#7311);
#6279=LINE('',#15887,#7312);
#6280=LINE('',#15889,#7313);
#6281=LINE('',#15891,#7314);
#6282=LINE('',#15898,#7315);
#6283=LINE('',#15902,#7316);
#6284=LINE('',#15906,#7317);
#6285=LINE('',#15910,#7318);
#6286=LINE('',#15912,#7319);
#6287=LINE('',#15917,#7320);
#6288=LINE('',#15921,#7321);
#6289=LINE('',#15925,#7322);
#6290=LINE('',#15929,#7323);
#6291=LINE('',#15930,#7324);
#6292=LINE('',#15932,#7325);
#6293=LINE('',#15934,#7326);
#6294=LINE('',#15936,#7327);
#6295=LINE('',#15938,#7328);
#6296=LINE('',#15940,#7329);
#6297=LINE('',#15942,#7330);
#6298=LINE('',#15985,#7331);
#6299=LINE('',#15990,#7332);
#6300=LINE('',#15994,#7333);
#6301=LINE('',#15998,#7334);
#6302=LINE('',#16005,#7335);
#6303=LINE('',#16009,#7336);
#6304=LINE('',#16013,#7337);
#6305=LINE('',#16017,#7338);
#6306=LINE('',#16019,#7339);
#6307=LINE('',#16020,#7340);
#6308=LINE('',#16022,#7341);
#6309=LINE('',#16024,#7342);
#6310=LINE('',#16026,#7343);
#6311=LINE('',#16028,#7344);
#6312=LINE('',#16030,#7345);
#6313=LINE('',#16032,#7346);
#6314=LINE('',#16078,#7347);
#6315=LINE('',#16082,#7348);
#6316=LINE('',#16086,#7349);
#6317=LINE('',#16090,#7350);
#6318=LINE('',#16092,#7351);
#6319=LINE('',#16097,#7352);
#6320=LINE('',#16101,#7353);
#6321=LINE('',#16105,#7354);
#6322=LINE('',#16109,#7355);
#6323=LINE('',#16110,#7356);
#6324=LINE('',#16112,#7357);
#6325=LINE('',#16114,#7358);
#6326=LINE('',#16116,#7359);
#6327=LINE('',#16118,#7360);
#6328=LINE('',#16120,#7361);
#6329=LINE('',#16122,#7362);
#6330=LINE('',#16126,#7363);
#6331=LINE('',#16131,#7364);
#6332=LINE('',#16135,#7365);
#6333=LINE('',#16139,#7366);
#6334=LINE('',#16146,#7367);
#6335=LINE('',#16150,#7368);
#6336=LINE('',#16154,#7369);
#6337=LINE('',#16158,#7370);
#6338=LINE('',#16160,#7371);
#6339=LINE('',#16161,#7372);
#6340=LINE('',#16163,#7373);
#6341=LINE('',#16165,#7374);
#6342=LINE('',#16167,#7375);
#6343=LINE('',#16169,#7376);
#6344=LINE('',#16171,#7377);
#6345=LINE('',#16173,#7378);
#6346=LINE('',#16177,#7379);
#6347=LINE('',#16182,#7380);
#6348=LINE('',#16186,#7381);
#6349=LINE('',#16190,#7382);
#6350=LINE('',#16197,#7383);
#6351=LINE('',#16201,#7384);
#6352=LINE('',#16205,#7385);
#6353=LINE('',#16209,#7386);
#6354=LINE('',#16211,#7387);
#6355=LINE('',#16212,#7388);
#6356=LINE('',#16214,#7389);
#6357=LINE('',#16216,#7390);
#6358=LINE('',#16218,#7391);
#6359=LINE('',#16220,#7392);
#6360=LINE('',#16222,#7393);
#6361=LINE('',#16224,#7394);
#6362=LINE('',#16228,#7395);
#6363=LINE('',#16233,#7396);
#6364=LINE('',#16237,#7397);
#6365=LINE('',#16241,#7398);
#6366=LINE('',#16248,#7399);
#6367=LINE('',#16252,#7400);
#6368=LINE('',#16256,#7401);
#6369=LINE('',#16260,#7402);
#6370=LINE('',#16262,#7403);
#6371=LINE('',#16263,#7404);
#6372=LINE('',#16265,#7405);
#6373=LINE('',#16267,#7406);
#6374=LINE('',#16269,#7407);
#6375=LINE('',#16271,#7408);
#6376=LINE('',#16273,#7409);
#6377=LINE('',#16275,#7410);
#6378=LINE('',#16295,#7411);
#6379=LINE('',#16298,#7412);
#6380=LINE('',#16302,#7413);
#6381=LINE('',#16306,#7414);
#6382=LINE('',#16310,#7415);
#6383=LINE('',#16312,#7416);
#6384=LINE('',#16314,#7417);
#6385=LINE('',#16319,#7418);
#6386=LINE('',#16324,#7419);
#6387=LINE('',#16326,#7420);
#6388=LINE('',#16328,#7421);
#6389=LINE('',#16332,#7422);
#6390=LINE('',#16336,#7423);
#6391=LINE('',#16341,#7424);
#6392=LINE('',#16344,#7425);
#6393=LINE('',#16346,#7426);
#6394=LINE('',#16348,#7427);
#6395=LINE('',#16352,#7428);
#6396=LINE('',#16357,#7429);
#6397=LINE('',#16360,#7430);
#6398=LINE('',#16362,#7431);
#6399=LINE('',#16366,#7432);
#6400=LINE('',#16370,#7433);
#6401=LINE('',#16374,#7434);
#6402=LINE('',#16378,#7435);
#6403=LINE('',#16382,#7436);
#6404=LINE('',#16387,#7437);
#6405=LINE('',#16392,#7438);
#6406=LINE('',#16396,#7439);
#6407=LINE('',#16400,#7440);
#6408=LINE('',#16403,#7441);
#6409=LINE('',#16406,#7442);
#6410=LINE('',#16408,#7443);
#6411=LINE('',#16412,#7444);
#6412=LINE('',#16414,#7445);
#6413=LINE('',#16416,#7446);
#6414=LINE('',#16418,#7447);
#6415=LINE('',#16420,#7448);
#6416=LINE('',#16422,#7449);
#6417=LINE('',#16424,#7450);
#6418=LINE('',#16428,#7451);
#6419=LINE('',#16430,#7452);
#6420=LINE('',#16434,#7453);
#6421=LINE('',#16436,#7454);
#6422=LINE('',#16438,#7455);
#6423=LINE('',#16443,#7456);
#6424=LINE('',#16446,#7457);
#6425=LINE('',#16448,#7458);
#6426=LINE('',#16450,#7459);
#6427=LINE('',#16454,#7460);
#6428=LINE('',#16458,#7461);
#6429=LINE('',#16462,#7462);
#6430=LINE('',#16466,#7463);
#6431=LINE('',#16472,#7464);
#6432=LINE('',#16476,#7465);
#6433=LINE('',#16480,#7466);
#6434=LINE('',#16484,#7467);
#6435=LINE('',#16488,#7468);
#6436=LINE('',#16492,#7469);
#6437=LINE('',#16496,#7470);
#6438=LINE('',#16500,#7471);
#6439=LINE('',#16501,#7472);
#6440=LINE('',#16504,#7473);
#6441=LINE('',#16506,#7474);
#6442=LINE('',#16508,#7475);
#6443=LINE('',#16510,#7476);
#6444=LINE('',#16512,#7477);
#6445=LINE('',#16514,#7478);
#6446=LINE('',#16516,#7479);
#6447=LINE('',#16520,#7480);
#6448=LINE('',#16524,#7481);
#6449=LINE('',#16528,#7482);
#6450=LINE('',#16530,#7483);
#6451=LINE('',#16532,#7484);
#6452=LINE('',#16534,#7485);
#6453=LINE('',#16536,#7486);
#6454=LINE('',#16538,#7487);
#6455=LINE('',#16540,#7488);
#6456=LINE('',#16542,#7489);
#6457=LINE('',#16546,#7490);
#6458=LINE('',#16549,#7491);
#6459=LINE('',#16552,#7492);
#6460=LINE('',#16554,#7493);
#6461=LINE('',#16556,#7494);
#6462=LINE('',#16558,#7495);
#6463=LINE('',#16560,#7496);
#6464=LINE('',#16562,#7497);
#6465=LINE('',#16564,#7498);
#6466=LINE('',#16566,#7499);
#6467=LINE('',#16568,#7500);
#6468=LINE('',#16572,#7501);
#6469=LINE('',#16576,#7502);
#6470=LINE('',#16580,#7503);
#6471=LINE('',#16582,#7504);
#6472=LINE('',#16584,#7505);
#6473=LINE('',#16588,#7506);
#6474=LINE('',#16592,#7507);
#6475=LINE('',#16594,#7508);
#6476=LINE('',#16596,#7509);
#6477=LINE('',#16598,#7510);
#6478=LINE('',#16600,#7511);
#6479=LINE('',#16602,#7512);
#6480=LINE('',#16608,#7513);
#6481=LINE('',#16610,#7514);
#6482=LINE('',#16612,#7515);
#6483=LINE('',#16614,#7516);
#6484=LINE('',#16618,#7517);
#6485=LINE('',#16622,#7518);
#6486=LINE('',#16624,#7519);
#6487=LINE('',#16628,#7520);
#6488=LINE('',#16630,#7521);
#6489=LINE('',#16632,#7522);
#6490=LINE('',#16635,#7523);
#6491=LINE('',#16638,#7524);
#6492=LINE('',#16640,#7525);
#6493=LINE('',#16642,#7526);
#6494=LINE('',#16644,#7527);
#6495=LINE('',#16648,#7528);
#6496=LINE('',#16650,#7529);
#6497=LINE('',#16652,#7530);
#6498=LINE('',#16654,#7531);
#6499=LINE('',#16658,#7532);
#6500=LINE('',#16662,#7533);
#6501=LINE('',#16664,#7534);
#6502=LINE('',#16666,#7535);
#6503=LINE('',#16668,#7536);
#6504=LINE('',#16670,#7537);
#6505=LINE('',#16672,#7538);
#6506=LINE('',#16674,#7539);
#6507=LINE('',#16676,#7540);
#6508=LINE('',#16678,#7541);
#6509=LINE('',#16680,#7542);
#6510=LINE('',#16682,#7543);
#6511=LINE('',#16688,#7544);
#6512=LINE('',#16692,#7545);
#6513=LINE('',#16694,#7546);
#6514=LINE('',#16698,#7547);
#6515=LINE('',#16702,#7548);
#6516=LINE('',#16704,#7549);
#6517=LINE('',#16710,#7550);
#6518=LINE('',#16712,#7551);
#6519=LINE('',#16714,#7552);
#6520=LINE('',#16718,#7553);
#6521=LINE('',#16720,#7554);
#6522=LINE('',#16722,#7555);
#6523=LINE('',#16726,#7556);
#6524=LINE('',#16730,#7557);
#6525=LINE('',#16732,#7558);
#6526=LINE('',#16734,#7559);
#6527=LINE('',#16738,#7560);
#6528=LINE('',#16742,#7561);
#6529=LINE('',#16744,#7562);
#6530=LINE('',#16746,#7563);
#6531=LINE('',#16748,#7564);
#6532=LINE('',#16750,#7565);
#6533=LINE('',#16752,#7566);
#6534=LINE('',#16756,#7567);
#6535=LINE('',#16758,#7568);
#6536=LINE('',#16760,#7569);
#6537=LINE('',#16762,#7570);
#6538=LINE('',#16768,#7571);
#6539=LINE('',#16770,#7572);
#6540=LINE('',#16772,#7573);
#6541=LINE('',#16774,#7574);
#6542=LINE('',#16778,#7575);
#6543=LINE('',#16782,#7576);
#6544=LINE('',#16784,#7577);
#6545=LINE('',#16788,#7578);
#6546=LINE('',#16790,#7579);
#6547=LINE('',#16792,#7580);
#6548=LINE('',#16795,#7581);
#6549=LINE('',#16798,#7582);
#6550=LINE('',#16800,#7583);
#6551=LINE('',#16802,#7584);
#6552=LINE('',#16804,#7585);
#6553=LINE('',#16808,#7586);
#6554=LINE('',#16810,#7587);
#6555=LINE('',#16812,#7588);
#6556=LINE('',#16814,#7589);
#6557=LINE('',#16818,#7590);
#6558=LINE('',#16822,#7591);
#6559=LINE('',#16824,#7592);
#6560=LINE('',#16826,#7593);
#6561=LINE('',#16828,#7594);
#6562=LINE('',#16830,#7595);
#6563=LINE('',#16832,#7596);
#6564=LINE('',#16834,#7597);
#6565=LINE('',#16836,#7598);
#6566=LINE('',#16838,#7599);
#6567=LINE('',#16840,#7600);
#6568=LINE('',#16842,#7601);
#6569=LINE('',#16845,#7602);
#6570=LINE('',#16848,#7603);
#6571=LINE('',#16850,#7604);
#6572=LINE('',#16852,#7605);
#6573=LINE('',#16854,#7606);
#6574=LINE('',#16858,#7607);
#6575=LINE('',#16860,#7608);
#6576=LINE('',#16862,#7609);
#6577=LINE('',#16864,#7610);
#6578=LINE('',#16868,#7611);
#6579=LINE('',#16872,#7612);
#6580=LINE('',#16874,#7613);
#6581=LINE('',#16876,#7614);
#6582=LINE('',#16878,#7615);
#6583=LINE('',#16880,#7616);
#6584=LINE('',#16882,#7617);
#6585=LINE('',#16884,#7618);
#6586=LINE('',#16886,#7619);
#6587=LINE('',#16888,#7620);
#6588=LINE('',#16890,#7621);
#6589=LINE('',#16892,#7622);
#6590=LINE('',#16898,#7623);
#6591=LINE('',#16902,#7624);
#6592=LINE('',#16904,#7625);
#6593=LINE('',#16908,#7626);
#6594=LINE('',#16914,#7627);
#6595=LINE('',#16916,#7628);
#6596=LINE('',#16918,#7629);
#6597=LINE('',#16920,#7630);
#6598=LINE('',#16924,#7631);
#6599=LINE('',#16928,#7632);
#6600=LINE('',#16930,#7633);
#6601=LINE('',#16934,#7634);
#6602=LINE('',#16936,#7635);
#6603=LINE('',#16938,#7636);
#6604=LINE('',#16944,#7637);
#6605=LINE('',#16946,#7638);
#6606=LINE('',#16948,#7639);
#6607=LINE('',#16952,#7640);
#6608=LINE('',#16956,#7641);
#6609=LINE('',#16958,#7642);
#6610=LINE('',#16960,#7643);
#6611=LINE('',#16964,#7644);
#6612=LINE('',#16968,#7645);
#6613=LINE('',#16972,#7646);
#6614=LINE('',#16976,#7647);
#6615=LINE('',#16978,#7648);
#6616=LINE('',#16980,#7649);
#6617=LINE('',#16982,#7650);
#6618=LINE('',#16984,#7651);
#6619=LINE('',#16986,#7652);
#6620=LINE('',#16988,#7653);
#6621=LINE('',#16992,#7654);
#6622=LINE('',#16998,#7655);
#6623=LINE('',#17002,#7656);
#6624=LINE('',#17004,#7657);
#6625=LINE('',#17006,#7658);
#6626=LINE('',#17008,#7659);
#6627=LINE('',#17012,#7660);
#6628=LINE('',#17014,#7661);
#6629=LINE('',#17016,#7662);
#6630=LINE('',#17020,#7663);
#6631=LINE('',#17024,#7664);
#6632=LINE('',#17026,#7665);
#6633=LINE('',#17028,#7666);
#6634=LINE('',#17030,#7667);
#6635=LINE('',#17032,#7668);
#6636=LINE('',#17035,#7669);
#6637=LINE('',#17038,#7670);
#6638=LINE('',#17040,#7671);
#6639=LINE('',#17044,#7672);
#6640=LINE('',#17048,#7673);
#6641=LINE('',#17050,#7674);
#6642=LINE('',#17052,#7675);
#6643=LINE('',#17056,#7676);
#6644=LINE('',#17059,#7677);
#6645=LINE('',#17062,#7678);
#6646=LINE('',#17064,#7679);
#6647=LINE('',#17066,#7680);
#6648=LINE('',#17067,#7681);
#6649=LINE('',#17070,#7682);
#6650=LINE('',#17072,#7683);
#6651=LINE('',#17074,#7684);
#6652=LINE('',#17075,#7685);
#6653=LINE('',#17078,#7686);
#6654=LINE('',#17080,#7687);
#6655=LINE('',#17082,#7688);
#6656=LINE('',#17083,#7689);
#6657=LINE('',#17086,#7690);
#6658=LINE('',#17088,#7691);
#6659=LINE('',#17090,#7692);
#6660=LINE('',#17094,#7693);
#6661=LINE('',#17098,#7694);
#6662=LINE('',#17102,#7695);
#6663=LINE('',#17106,#7696);
#6664=LINE('',#17149,#7697);
#6665=LINE('',#17154,#7698);
#6666=LINE('',#17158,#7699);
#6667=LINE('',#17161,#7700);
#6668=LINE('',#17162,#7701);
#6669=LINE('',#17164,#7702);
#6670=LINE('',#17166,#7703);
#6671=LINE('',#17168,#7704);
#6672=LINE('',#17170,#7705);
#6673=LINE('',#17178,#7706);
#6674=LINE('',#17185,#7707);
#6675=LINE('',#17186,#7708);
#6676=LINE('',#17188,#7709);
#6677=LINE('',#17190,#7710);
#6678=LINE('',#17194,#7711);
#6679=LINE('',#17196,#7712);
#6680=VECTOR('',#11130,1.);
#6681=VECTOR('',#11131,1.);
#6682=VECTOR('',#11132,1.);
#6683=VECTOR('',#11133,1.);
#6684=VECTOR('',#11138,1.);
#6685=VECTOR('',#11143,1.);
#6686=VECTOR('',#11144,1.);
#6687=VECTOR('',#11145,1.);
#6688=VECTOR('',#11148,1.);
#6689=VECTOR('',#11149,1.);
#6690=VECTOR('',#11150,1.);
#6691=VECTOR('',#11153,1.);
#6692=VECTOR('',#11154,1.);
#6693=VECTOR('',#11155,1.);
#6694=VECTOR('',#11160,1.);
#6695=VECTOR('',#11165,1.);
#6696=VECTOR('',#11166,1.);
#6697=VECTOR('',#11167,1.);
#6698=VECTOR('',#11172,1.);
#6699=VECTOR('',#11177,1.);
#6700=VECTOR('',#11178,1.);
#6701=VECTOR('',#11179,1.);
#6702=VECTOR('',#11180,1.);
#6703=VECTOR('',#11185,1.);
#6704=VECTOR('',#11190,1.);
#6705=VECTOR('',#11191,1.);
#6706=VECTOR('',#11192,1.);
#6707=VECTOR('',#11195,1.);
#6708=VECTOR('',#11196,1.);
#6709=VECTOR('',#11197,1.);
#6710=VECTOR('',#11200,1.);
#6711=VECTOR('',#11201,1.);
#6712=VECTOR('',#11202,1.);
#6713=VECTOR('',#11207,1.);
#6714=VECTOR('',#11212,1.);
#6715=VECTOR('',#11213,1.);
#6716=VECTOR('',#11214,1.);
#6717=VECTOR('',#11219,1.);
#6718=VECTOR('',#11224,1.);
#6719=VECTOR('',#11225,1.);
#6720=VECTOR('',#11226,1.);
#6721=VECTOR('',#11227,1.);
#6722=VECTOR('',#11232,1.);
#6723=VECTOR('',#11237,1.);
#6724=VECTOR('',#11238,1.);
#6725=VECTOR('',#11239,1.);
#6726=VECTOR('',#11242,1.);
#6727=VECTOR('',#11243,1.);
#6728=VECTOR('',#11244,1.);
#6729=VECTOR('',#11247,1.);
#6730=VECTOR('',#11248,1.);
#6731=VECTOR('',#11249,1.);
#6732=VECTOR('',#11254,1.);
#6733=VECTOR('',#11259,1.);
#6734=VECTOR('',#11260,1.);
#6735=VECTOR('',#11261,1.);
#6736=VECTOR('',#11266,1.);
#6737=VECTOR('',#11271,1.);
#6738=VECTOR('',#11272,1.);
#6739=VECTOR('',#11273,1.);
#6740=VECTOR('',#11274,1.);
#6741=VECTOR('',#11279,1.);
#6742=VECTOR('',#11284,1.);
#6743=VECTOR('',#11285,1.);
#6744=VECTOR('',#11286,1.);
#6745=VECTOR('',#11289,1.);
#6746=VECTOR('',#11290,1.);
#6747=VECTOR('',#11291,1.);
#6748=VECTOR('',#11294,1.);
#6749=VECTOR('',#11295,1.);
#6750=VECTOR('',#11296,1.);
#6751=VECTOR('',#11301,1.);
#6752=VECTOR('',#11306,1.);
#6753=VECTOR('',#11307,1.);
#6754=VECTOR('',#11308,1.);
#6755=VECTOR('',#11311,1.);
#6756=VECTOR('',#11312,1.);
#6757=VECTOR('',#11313,1.);
#6758=VECTOR('',#11314,1.);
#6759=VECTOR('',#11319,1.);
#6760=VECTOR('',#11324,1.);
#6761=VECTOR('',#11325,1.);
#6762=VECTOR('',#11326,1.);
#6763=VECTOR('',#11329,1.);
#6764=VECTOR('',#11330,1.);
#6765=VECTOR('',#11331,1.);
#6766=VECTOR('',#11334,1.);
#6767=VECTOR('',#11335,1.);
#6768=VECTOR('',#11336,1.);
#6769=VECTOR('',#11341,1.);
#6770=VECTOR('',#11346,1.);
#6771=VECTOR('',#11347,1.);
#6772=VECTOR('',#11348,1.);
#6773=VECTOR('',#11351,1.);
#6774=VECTOR('',#11352,1.);
#6775=VECTOR('',#11353,1.);
#6776=VECTOR('',#11354,1.);
#6777=VECTOR('',#11359,1.);
#6778=VECTOR('',#11364,1.);
#6779=VECTOR('',#11365,1.);
#6780=VECTOR('',#11366,1.);
#6781=VECTOR('',#11369,1.);
#6782=VECTOR('',#11370,1.);
#6783=VECTOR('',#11371,1.);
#6784=VECTOR('',#11374,1.);
#6785=VECTOR('',#11375,1.);
#6786=VECTOR('',#11376,1.);
#6787=VECTOR('',#11381,1.);
#6788=VECTOR('',#11386,1.);
#6789=VECTOR('',#11387,1.);
#6790=VECTOR('',#11388,1.);
#6791=VECTOR('',#11393,1.);
#6792=VECTOR('',#11398,1.);
#6793=VECTOR('',#11399,1.);
#6794=VECTOR('',#11400,1.);
#6795=VECTOR('',#11401,1.);
#6796=VECTOR('',#11406,1.);
#6797=VECTOR('',#11411,1.);
#6798=VECTOR('',#11412,1.);
#6799=VECTOR('',#11413,1.);
#6800=VECTOR('',#11416,1.);
#6801=VECTOR('',#11417,1.);
#6802=VECTOR('',#11418,1.);
#6803=VECTOR('',#11421,1.);
#6804=VECTOR('',#11422,1.);
#6805=VECTOR('',#11423,1.);
#6806=VECTOR('',#11428,1.);
#6807=VECTOR('',#11433,1.);
#6808=VECTOR('',#11434,1.);
#6809=VECTOR('',#11435,1.);
#6810=VECTOR('',#11440,1.);
#6811=VECTOR('',#11445,1.);
#6812=VECTOR('',#11446,1.);
#6813=VECTOR('',#11447,1.);
#6814=VECTOR('',#11448,1.);
#6815=VECTOR('',#11453,1.);
#6816=VECTOR('',#11458,1.);
#6817=VECTOR('',#11459,1.);
#6818=VECTOR('',#11460,1.);
#6819=VECTOR('',#11463,1.);
#6820=VECTOR('',#11464,1.);
#6821=VECTOR('',#11465,1.);
#6822=VECTOR('',#11468,1.);
#6823=VECTOR('',#11469,1.);
#6824=VECTOR('',#11470,1.);
#6825=VECTOR('',#11475,1.);
#6826=VECTOR('',#11480,1.);
#6827=VECTOR('',#11481,1.);
#6828=VECTOR('',#11482,1.);
#6829=VECTOR('',#11487,1.);
#6830=VECTOR('',#11492,1.);
#6831=VECTOR('',#11493,1.);
#6832=VECTOR('',#11494,1.);
#6833=VECTOR('',#11495,1.);
#6834=VECTOR('',#11500,1.);
#6835=VECTOR('',#11505,1.);
#6836=VECTOR('',#11506,1.);
#6837=VECTOR('',#11507,1.);
#6838=VECTOR('',#11510,1.);
#6839=VECTOR('',#11511,1.);
#6840=VECTOR('',#11512,1.);
#6841=VECTOR('',#11515,1.);
#6842=VECTOR('',#11516,1.);
#6843=VECTOR('',#11517,1.);
#6844=VECTOR('',#11518,1.);
#6845=VECTOR('',#11519,1.);
#6846=VECTOR('',#11524,1.);
#6847=VECTOR('',#11529,1.);
#6848=VECTOR('',#11530,1.);
#6849=VECTOR('',#11533,1.);
#6850=VECTOR('',#11538,1.);
#6851=VECTOR('',#11541,1.);
#6852=VECTOR('',#11542,1.);
#6853=VECTOR('',#11543,1.);
#6854=VECTOR('',#11546,1.);
#6855=VECTOR('',#11547,1.);
#6856=VECTOR('',#11550,1.);
#6857=VECTOR('',#11555,1.);
#6858=VECTOR('',#11558,1.);
#6859=VECTOR('',#11559,1.);
#6860=VECTOR('',#11560,1.);
#6861=VECTOR('',#11563,1.);
#6862=VECTOR('',#11564,1.);
#6863=VECTOR('',#11567,1.);
#6864=VECTOR('',#11572,1.);
#6865=VECTOR('',#11575,1.);
#6866=VECTOR('',#11576,1.);
#6867=VECTOR('',#11577,1.);
#6868=VECTOR('',#11580,1.);
#6869=VECTOR('',#11581,1.);
#6870=VECTOR('',#11584,1.);
#6871=VECTOR('',#11589,1.);
#6872=VECTOR('',#11592,1.);
#6873=VECTOR('',#11593,1.);
#6874=VECTOR('',#11594,1.);
#6875=VECTOR('',#11597,1.);
#6876=VECTOR('',#11598,1.);
#6877=VECTOR('',#11601,1.);
#6878=VECTOR('',#11606,1.);
#6879=VECTOR('',#11609,1.);
#6880=VECTOR('',#11610,1.);
#6881=VECTOR('',#11611,1.);
#6882=VECTOR('',#11614,1.);
#6883=VECTOR('',#11615,1.);
#6884=VECTOR('',#11618,1.);
#6885=VECTOR('',#11623,1.);
#6886=VECTOR('',#11626,1.);
#6887=VECTOR('',#11627,1.);
#6888=VECTOR('',#11628,1.);
#6889=VECTOR('',#11631,1.);
#6890=VECTOR('',#11632,1.);
#6891=VECTOR('',#11635,1.);
#6892=VECTOR('',#11640,1.);
#6893=VECTOR('',#11643,1.);
#6894=VECTOR('',#11644,1.);
#6895=VECTOR('',#11645,1.);
#6896=VECTOR('',#11648,1.);
#6897=VECTOR('',#11649,1.);
#6898=VECTOR('',#11652,1.);
#6899=VECTOR('',#11657,1.);
#6900=VECTOR('',#11660,1.);
#6901=VECTOR('',#11661,1.);
#6902=VECTOR('',#11662,1.);
#6903=VECTOR('',#11665,1.);
#6904=VECTOR('',#11666,1.);
#6905=VECTOR('',#11669,1.);
#6906=VECTOR('',#11670,1.);
#6907=VECTOR('',#11673,1.);
#6908=VECTOR('',#11674,1.);
#6909=VECTOR('',#11677,1.);
#6910=VECTOR('',#11678,1.);
#6911=VECTOR('',#11681,1.);
#6912=VECTOR('',#11684,1.);
#6913=VECTOR('',#11685,1.);
#6914=VECTOR('',#11686,1.);
#6915=VECTOR('',#11687,1.);
#6916=VECTOR('',#11690,1.);
#6917=VECTOR('',#11691,1.);
#6918=VECTOR('',#11692,1.);
#6919=VECTOR('',#11695,1.);
#6920=VECTOR('',#11696,1.);
#6921=VECTOR('',#11697,1.);
#6922=VECTOR('',#11700,1.);
#6923=VECTOR('',#11701,1.);
#6924=VECTOR('',#11704,1.);
#6925=VECTOR('',#11707,1.);
#6926=VECTOR('',#11708,1.);
#6927=VECTOR('',#11711,1.);
#6928=VECTOR('',#11714,1.);
#6929=VECTOR('',#11715,1.);
#6930=VECTOR('',#11718,1.);
#6931=VECTOR('',#11721,1.);
#6932=VECTOR('',#11722,1.);
#6933=VECTOR('',#11725,1.);
#6934=VECTOR('',#11728,1.);
#6935=VECTOR('',#11729,1.);
#6936=VECTOR('',#11730,1.);
#6937=VECTOR('',#11733,1.);
#6938=VECTOR('',#11734,1.);
#6939=VECTOR('',#11735,1.);
#6940=VECTOR('',#11738,1.);
#6941=VECTOR('',#11741,1.);
#6942=VECTOR('',#11742,1.);
#6943=VECTOR('',#11745,1.);
#6944=VECTOR('',#11748,1.);
#6945=VECTOR('',#11749,1.);
#6946=VECTOR('',#11752,1.);
#6947=VECTOR('',#11755,1.);
#6948=VECTOR('',#11756,1.);
#6949=VECTOR('',#11759,1.);
#6950=VECTOR('',#11762,1.);
#6951=VECTOR('',#11763,1.);
#6952=VECTOR('',#11766,1.);
#6953=VECTOR('',#11767,1.);
#6954=VECTOR('',#11768,1.);
#6955=VECTOR('',#11771,1.);
#6956=VECTOR('',#11772,1.);
#6957=VECTOR('',#11775,1.);
#6958=VECTOR('',#11776,1.);
#6959=VECTOR('',#11779,1.);
#6960=VECTOR('',#11780,1.);
#6961=VECTOR('',#11781,1.);
#6962=VECTOR('',#11784,1.);
#6963=VECTOR('',#11785,1.);
#6964=VECTOR('',#11788,1.);
#6965=VECTOR('',#11789,1.);
#6966=VECTOR('',#11792,1.);
#6967=VECTOR('',#11793,1.);
#6968=VECTOR('',#11796,1.);
#6969=VECTOR('',#11797,1.);
#6970=VECTOR('',#11800,1.);
#6971=VECTOR('',#11801,1.);
#6972=VECTOR('',#11804,1.);
#6973=VECTOR('',#11807,1.);
#6974=VECTOR('',#11808,1.);
#6975=VECTOR('',#11811,1.);
#6976=VECTOR('',#11854,1.);
#6977=VECTOR('',#11857,1.);
#6978=VECTOR('',#11858,1.);
#6979=VECTOR('',#11859,1.);
#6980=VECTOR('',#11860,1.);
#6981=VECTOR('',#11863,1.);
#6982=VECTOR('',#11864,1.);
#6983=VECTOR('',#11865,1.);
#6984=VECTOR('',#11866,1.);
#6985=VECTOR('',#11867,1.);
#6986=VECTOR('',#11872,1.);
#6987=VECTOR('',#11873,1.);
#6988=VECTOR('',#11874,1.);
#6989=VECTOR('',#11875,1.);
#6990=VECTOR('',#11876,1.);
#6991=VECTOR('',#11879,1.);
#6992=VECTOR('',#11880,1.);
#6993=VECTOR('',#11881,1.);
#6994=VECTOR('',#11882,1.);
#6995=VECTOR('',#11885,1.);
#6996=VECTOR('',#11890,1.);
#6997=VECTOR('',#11891,1.);
#6998=VECTOR('',#11894,1.);
#6999=VECTOR('',#11897,1.);
#7000=VECTOR('',#11900,1.);
#7001=VECTOR('',#11903,1.);
#7002=VECTOR('',#11906,1.);
#7003=VECTOR('',#11909,1.);
#7004=VECTOR('',#11912,1.);
#7005=VECTOR('',#11915,1.);
#7006=VECTOR('',#11918,1.);
#7007=VECTOR('',#11921,1.);
#7008=VECTOR('',#11932,1.);
#7009=VECTOR('',#11933,1.);
#7010=VECTOR('',#11936,1.);
#7011=VECTOR('',#11937,1.);
#7012=VECTOR('',#11938,1.);
#7013=VECTOR('',#11939,1.);
#7014=VECTOR('',#11944,1.);
#7015=VECTOR('',#11945,1.);
#7016=VECTOR('',#11946,1.);
#7017=VECTOR('',#11947,1.);
#7018=VECTOR('',#11950,1.);
#7019=VECTOR('',#11951,1.);
#7020=VECTOR('',#11958,1.);
#7021=VECTOR('',#11959,1.);
#7022=VECTOR('',#11962,1.);
#7023=VECTOR('',#11965,1.);
#7024=VECTOR('',#11968,1.);
#7025=VECTOR('',#11971,1.);
#7026=VECTOR('',#11974,1.);
#7027=VECTOR('',#11977,1.);
#7028=VECTOR('',#11986,1.);
#7029=VECTOR('',#11989,1.);
#7030=VECTOR('',#11990,1.);
#7031=VECTOR('',#11991,1.);
#7032=VECTOR('',#11992,1.);
#7033=VECTOR('',#11995,1.);
#7034=VECTOR('',#11996,1.);
#7035=VECTOR('',#11997,1.);
#7036=VECTOR('',#11998,1.);
#7037=VECTOR('',#11999,1.);
#7038=VECTOR('',#12004,1.);
#7039=VECTOR('',#12005,1.);
#7040=VECTOR('',#12006,1.);
#7041=VECTOR('',#12007,1.);
#7042=VECTOR('',#12008,1.);
#7043=VECTOR('',#12011,1.);
#7044=VECTOR('',#12012,1.);
#7045=VECTOR('',#12013,1.);
#7046=VECTOR('',#12014,1.);
#7047=VECTOR('',#12017,1.);
#7048=VECTOR('',#12022,1.);
#7049=VECTOR('',#12023,1.);
#7050=VECTOR('',#12026,1.);
#7051=VECTOR('',#12029,1.);
#7052=VECTOR('',#12032,1.);
#7053=VECTOR('',#12035,1.);
#7054=VECTOR('',#12038,1.);
#7055=VECTOR('',#12041,1.);
#7056=VECTOR('',#12044,1.);
#7057=VECTOR('',#12047,1.);
#7058=VECTOR('',#12050,1.);
#7059=VECTOR('',#12053,1.);
#7060=VECTOR('',#12064,1.);
#7061=VECTOR('',#12065,1.);
#7062=VECTOR('',#12066,1.);
#7063=VECTOR('',#12069,1.);
#7064=VECTOR('',#12070,1.);
#7065=VECTOR('',#12071,1.);
#7066=VECTOR('',#12072,1.);
#7067=VECTOR('',#12073,1.);
#7068=VECTOR('',#12074,1.);
#7069=VECTOR('',#12079,1.);
#7070=VECTOR('',#12080,1.);
#7071=VECTOR('',#12081,1.);
#7072=VECTOR('',#12082,1.);
#7073=VECTOR('',#12083,1.);
#7074=VECTOR('',#12084,1.);
#7075=VECTOR('',#12087,1.);
#7076=VECTOR('',#12088,1.);
#7077=VECTOR('',#12089,1.);
#7078=VECTOR('',#12096,1.);
#7079=VECTOR('',#12097,1.);
#7080=VECTOR('',#12100,1.);
#7081=VECTOR('',#12103,1.);
#7082=VECTOR('',#12106,1.);
#7083=VECTOR('',#12109,1.);
#7084=VECTOR('',#12112,1.);
#7085=VECTOR('',#12115,1.);
#7086=VECTOR('',#12118,1.);
#7087=VECTOR('',#12121,1.);
#7088=VECTOR('',#12124,1.);
#7089=VECTOR('',#12131,1.);
#7090=VECTOR('',#12132,1.);
#7091=VECTOR('',#12133,1.);
#7092=VECTOR('',#12136,1.);
#7093=VECTOR('',#12137,1.);
#7094=VECTOR('',#12138,1.);
#7095=VECTOR('',#12145,1.);
#7096=VECTOR('',#12146,1.);
#7097=VECTOR('',#12147,1.);
#7098=VECTOR('',#12150,1.);
#7099=VECTOR('',#12151,1.);
#7100=VECTOR('',#12152,1.);
#7101=VECTOR('',#12155,1.);
#7102=VECTOR('',#12156,1.);
#7103=VECTOR('',#12159,1.);
#7104=VECTOR('',#12162,1.);
#7105=VECTOR('',#12165,1.);
#7106=VECTOR('',#12168,1.);
#7107=VECTOR('',#12171,1.);
#7108=VECTOR('',#12174,1.);
#7109=VECTOR('',#12181,1.);
#7110=VECTOR('',#12182,1.);
#7111=VECTOR('',#12183,1.);
#7112=VECTOR('',#12186,1.);
#7113=VECTOR('',#12187,1.);
#7114=VECTOR('',#12188,1.);
#7115=VECTOR('',#12189,1.);
#7116=VECTOR('',#12192,1.);
#7117=VECTOR('',#12193,1.);
#7118=VECTOR('',#12196,1.);
#7119=VECTOR('',#12197,1.);
#7120=VECTOR('',#12200,1.);
#7121=VECTOR('',#12201,1.);
#7122=VECTOR('',#12202,1.);
#7123=VECTOR('',#12203,1.);
#7124=VECTOR('',#12206,1.);
#7125=VECTOR('',#12207,1.);
#7126=VECTOR('',#12208,1.);
#7127=VECTOR('',#12211,1.);
#7128=VECTOR('',#12212,1.);
#7129=VECTOR('',#12215,1.);
#7130=VECTOR('',#12218,1.);
#7131=VECTOR('',#12221,1.);
#7132=VECTOR('',#12224,1.);
#7133=VECTOR('',#12227,1.);
#7134=VECTOR('',#12230,1.);
#7135=VECTOR('',#12233,1.);
#7136=VECTOR('',#12236,1.);
#7137=VECTOR('',#12239,1.);
#7138=VECTOR('',#12248,1.);
#7139=VECTOR('',#12249,1.);
#7140=VECTOR('',#12250,1.);
#7141=VECTOR('',#12251,1.);
#7142=VECTOR('',#12252,1.);
#7143=VECTOR('',#12255,1.);
#7144=VECTOR('',#12256,1.);
#7145=VECTOR('',#12257,1.);
#7146=VECTOR('',#12258,1.);
#7147=VECTOR('',#12259,1.);
#7148=VECTOR('',#12260,1.);
#7149=VECTOR('',#12261,1.);
#7150=VECTOR('',#12262,1.);
#7151=VECTOR('',#12265,1.);
#7152=VECTOR('',#12266,1.);
#7153=VECTOR('',#12267,1.);
#7154=VECTOR('',#12268,1.);
#7155=VECTOR('',#12269,1.);
#7156=VECTOR('',#12270,1.);
#7157=VECTOR('',#12271,1.);
#7158=VECTOR('',#12272,1.);
#7159=VECTOR('',#12275,1.);
#7160=VECTOR('',#12276,1.);
#7161=VECTOR('',#12277,1.);
#7162=VECTOR('',#12278,1.);
#7163=VECTOR('',#12279,1.);
#7164=VECTOR('',#12284,1.);
#7165=VECTOR('',#12285,1.);
#7166=VECTOR('',#12288,1.);
#7167=VECTOR('',#12291,1.);
#7168=VECTOR('',#12294,1.);
#7169=VECTOR('',#12297,1.);
#7170=VECTOR('',#12300,1.);
#7171=VECTOR('',#12303,1.);
#7172=VECTOR('',#12306,1.);
#7173=VECTOR('',#12309,1.);
#7174=VECTOR('',#12312,1.);
#7175=VECTOR('',#12315,1.);
#7176=VECTOR('',#12318,1.);
#7177=VECTOR('',#12321,1.);
#7178=VECTOR('',#12324,1.);
#7179=VECTOR('',#12331,1.);
#7180=VECTOR('',#12332,1.);
#7181=VECTOR('',#12335,1.);
#7182=VECTOR('',#12336,1.);
#7183=VECTOR('',#12337,1.);
#7184=VECTOR('',#12344,1.);
#7185=VECTOR('',#12345,1.);
#7186=VECTOR('',#12346,1.);
#7187=VECTOR('',#12349,1.);
#7188=VECTOR('',#12350,1.);
#7189=VECTOR('',#12353,1.);
#7190=VECTOR('',#12354,1.);
#7191=VECTOR('',#12357,1.);
#7192=VECTOR('',#12360,1.);
#7193=VECTOR('',#12363,1.);
#7194=VECTOR('',#12366,1.);
#7195=VECTOR('',#12369,1.);
#7196=VECTOR('',#12378,1.);
#7197=VECTOR('',#12379,1.);
#7198=VECTOR('',#12380,1.);
#7199=VECTOR('',#12383,1.);
#7200=VECTOR('',#12384,1.);
#7201=VECTOR('',#12385,1.);
#7202=VECTOR('',#12386,1.);
#7203=VECTOR('',#12389,1.);
#7204=VECTOR('',#12390,1.);
#7205=VECTOR('',#12391,1.);
#7206=VECTOR('',#12392,1.);
#7207=VECTOR('',#12395,1.);
#7208=VECTOR('',#12396,1.);
#7209=VECTOR('',#12397,1.);
#7210=VECTOR('',#12402,1.);
#7211=VECTOR('',#12403,1.);
#7212=VECTOR('',#12406,1.);
#7213=VECTOR('',#12409,1.);
#7214=VECTOR('',#12412,1.);
#7215=VECTOR('',#12415,1.);
#7216=VECTOR('',#12418,1.);
#7217=VECTOR('',#12421,1.);
#7218=VECTOR('',#12424,1.);
#7219=VECTOR('',#12431,1.);
#7220=VECTOR('',#12434,1.);
#7221=VECTOR('',#12437,1.);
#7222=VECTOR('',#12440,1.);
#7223=VECTOR('',#12447,1.);
#7224=VECTOR('',#12450,1.);
#7225=VECTOR('',#12453,1.);
#7226=VECTOR('',#12456,1.);
#7227=VECTOR('',#12459,1.);
#7228=VECTOR('',#12460,1.);
#7229=VECTOR('',#12463,1.);
#7230=VECTOR('',#12466,1.);
#7231=VECTOR('',#12469,1.);
#7232=VECTOR('',#12472,1.);
#7233=VECTOR('',#12475,1.);
#7234=VECTOR('',#12478,1.);
#7235=VECTOR('',#12487,1.);
#7236=VECTOR('',#12490,1.);
#7237=VECTOR('',#12493,1.);
#7238=VECTOR('',#12496,1.);
#7239=VECTOR('',#12499,1.);
#7240=VECTOR('',#12502,1.);
#7241=VECTOR('',#12505,1.);
#7242=VECTOR('',#12508,1.);
#7243=VECTOR('',#12513,1.);
#7244=VECTOR('',#12514,1.);
#7245=VECTOR('',#12517,1.);
#7246=VECTOR('',#12520,1.);
#7247=VECTOR('',#12523,1.);
#7248=VECTOR('',#12526,1.);
#7249=VECTOR('',#12529,1.);
#7250=VECTOR('',#12532,1.);
#7251=VECTOR('',#12539,1.);
#7252=VECTOR('',#12542,1.);
#7253=VECTOR('',#12545,1.);
#7254=VECTOR('',#12548,1.);
#7255=VECTOR('',#12555,1.);
#7256=VECTOR('',#12558,1.);
#7257=VECTOR('',#12561,1.);
#7258=VECTOR('',#12564,1.);
#7259=VECTOR('',#12567,1.);
#7260=VECTOR('',#12568,1.);
#7261=VECTOR('',#12571,1.);
#7262=VECTOR('',#12574,1.);
#7263=VECTOR('',#12577,1.);
#7264=VECTOR('',#12580,1.);
#7265=VECTOR('',#12583,1.);
#7266=VECTOR('',#12586,1.);
#7267=VECTOR('',#12595,1.);
#7268=VECTOR('',#12598,1.);
#7269=VECTOR('',#12601,1.);
#7270=VECTOR('',#12604,1.);
#7271=VECTOR('',#12607,1.);
#7272=VECTOR('',#12610,1.);
#7273=VECTOR('',#12613,1.);
#7274=VECTOR('',#12616,1.);
#7275=VECTOR('',#12621,1.);
#7276=VECTOR('',#12622,1.);
#7277=VECTOR('',#12625,1.);
#7278=VECTOR('',#12628,1.);
#7279=VECTOR('',#12631,1.);
#7280=VECTOR('',#12634,1.);
#7281=VECTOR('',#12637,1.);
#7282=VECTOR('',#12640,1.);
#7283=VECTOR('',#12647,1.);
#7284=VECTOR('',#12650,1.);
#7285=VECTOR('',#12653,1.);
#7286=VECTOR('',#12656,1.);
#7287=VECTOR('',#12663,1.);
#7288=VECTOR('',#12666,1.);
#7289=VECTOR('',#12669,1.);
#7290=VECTOR('',#12672,1.);
#7291=VECTOR('',#12675,1.);
#7292=VECTOR('',#12676,1.);
#7293=VECTOR('',#12679,1.);
#7294=VECTOR('',#12682,1.);
#7295=VECTOR('',#12685,1.);
#7296=VECTOR('',#12688,1.);
#7297=VECTOR('',#12691,1.);
#7298=VECTOR('',#12694,1.);
#7299=VECTOR('',#12701,1.);
#7300=VECTOR('',#12704,1.);
#7301=VECTOR('',#12707,1.);
#7302=VECTOR('',#12710,1.);
#7303=VECTOR('',#12717,1.);
#7304=VECTOR('',#12720,1.);
#7305=VECTOR('',#12723,1.);
#7306=VECTOR('',#12726,1.);
#7307=VECTOR('',#12729,1.);
#7308=VECTOR('',#12730,1.);
#7309=VECTOR('',#12733,1.);
#7310=VECTOR('',#12736,1.);
#7311=VECTOR('',#12739,1.);
#7312=VECTOR('',#12742,1.);
#7313=VECTOR('',#12745,1.);
#7314=VECTOR('',#12748,1.);
#7315=VECTOR('',#12757,1.);
#7316=VECTOR('',#12760,1.);
#7317=VECTOR('',#12763,1.);
#7318=VECTOR('',#12766,1.);
#7319=VECTOR('',#12769,1.);
#7320=VECTOR('',#12772,1.);
#7321=VECTOR('',#12775,1.);
#7322=VECTOR('',#12778,1.);
#7323=VECTOR('',#12783,1.);
#7324=VECTOR('',#12784,1.);
#7325=VECTOR('',#12787,1.);
#7326=VECTOR('',#12790,1.);
#7327=VECTOR('',#12793,1.);
#7328=VECTOR('',#12796,1.);
#7329=VECTOR('',#12799,1.);
#7330=VECTOR('',#12802,1.);
#7331=VECTOR('',#12863,1.);
#7332=VECTOR('',#12866,1.);
#7333=VECTOR('',#12869,1.);
#7334=VECTOR('',#12872,1.);
#7335=VECTOR('',#12879,1.);
#7336=VECTOR('',#12882,1.);
#7337=VECTOR('',#12885,1.);
#7338=VECTOR('',#12888,1.);
#7339=VECTOR('',#12891,1.);
#7340=VECTOR('',#12892,1.);
#7341=VECTOR('',#12895,1.);
#7342=VECTOR('',#12898,1.);
#7343=VECTOR('',#12901,1.);
#7344=VECTOR('',#12904,1.);
#7345=VECTOR('',#12907,1.);
#7346=VECTOR('',#12910,1.);
#7347=VECTOR('',#12973,1.);
#7348=VECTOR('',#12976,1.);
#7349=VECTOR('',#12979,1.);
#7350=VECTOR('',#12982,1.);
#7351=VECTOR('',#12985,1.);
#7352=VECTOR('',#12988,1.);
#7353=VECTOR('',#12991,1.);
#7354=VECTOR('',#12994,1.);
#7355=VECTOR('',#12999,1.);
#7356=VECTOR('',#13000,1.);
#7357=VECTOR('',#13003,1.);
#7358=VECTOR('',#13006,1.);
#7359=VECTOR('',#13009,1.);
#7360=VECTOR('',#13012,1.);
#7361=VECTOR('',#13015,1.);
#7362=VECTOR('',#13018,1.);
#7363=VECTOR('',#13025,1.);
#7364=VECTOR('',#13028,1.);
#7365=VECTOR('',#13031,1.);
#7366=VECTOR('',#13034,1.);
#7367=VECTOR('',#13041,1.);
#7368=VECTOR('',#13044,1.);
#7369=VECTOR('',#13047,1.);
#7370=VECTOR('',#13050,1.);
#7371=VECTOR('',#13053,1.);
#7372=VECTOR('',#13054,1.);
#7373=VECTOR('',#13057,1.);
#7374=VECTOR('',#13060,1.);
#7375=VECTOR('',#13063,1.);
#7376=VECTOR('',#13066,1.);
#7377=VECTOR('',#13069,1.);
#7378=VECTOR('',#13072,1.);
#7379=VECTOR('',#13079,1.);
#7380=VECTOR('',#13082,1.);
#7381=VECTOR('',#13085,1.);
#7382=VECTOR('',#13088,1.);
#7383=VECTOR('',#13095,1.);
#7384=VECTOR('',#13098,1.);
#7385=VECTOR('',#13101,1.);
#7386=VECTOR('',#13104,1.);
#7387=VECTOR('',#13107,1.);
#7388=VECTOR('',#13108,1.);
#7389=VECTOR('',#13111,1.);
#7390=VECTOR('',#13114,1.);
#7391=VECTOR('',#13117,1.);
#7392=VECTOR('',#13120,1.);
#7393=VECTOR('',#13123,1.);
#7394=VECTOR('',#13126,1.);
#7395=VECTOR('',#13133,1.);
#7396=VECTOR('',#13136,1.);
#7397=VECTOR('',#13139,1.);
#7398=VECTOR('',#13142,1.);
#7399=VECTOR('',#13149,1.);
#7400=VECTOR('',#13152,1.);
#7401=VECTOR('',#13155,1.);
#7402=VECTOR('',#13158,1.);
#7403=VECTOR('',#13161,1.);
#7404=VECTOR('',#13162,1.);
#7405=VECTOR('',#13165,1.);
#7406=VECTOR('',#13168,1.);
#7407=VECTOR('',#13171,1.);
#7408=VECTOR('',#13174,1.);
#7409=VECTOR('',#13177,1.);
#7410=VECTOR('',#13180,1.);
#7411=VECTOR('',#13211,1.);
#7412=VECTOR('',#13212,1.);
#7413=VECTOR('',#13215,1.);
#7414=VECTOR('',#13218,1.);
#7415=VECTOR('',#13221,1.);
#7416=VECTOR('',#13222,1.);
#7417=VECTOR('',#13223,1.);
#7418=VECTOR('',#13230,1.);
#7419=VECTOR('',#13233,1.);
#7420=VECTOR('',#13234,1.);
#7421=VECTOR('',#13235,1.);
#7422=VECTOR('',#13238,1.);
#7423=VECTOR('',#13241,1.);
#7424=VECTOR('',#13248,1.);
#7425=VECTOR('',#13249,1.);
#7426=VECTOR('',#13250,1.);
#7427=VECTOR('',#13251,1.);
#7428=VECTOR('',#13254,1.);
#7429=VECTOR('',#13261,1.);
#7430=VECTOR('',#13262,1.);
#7431=VECTOR('',#13263,1.);
#7432=VECTOR('',#13266,1.);
#7433=VECTOR('',#13269,1.);
#7434=VECTOR('',#13272,1.);
#7435=VECTOR('',#13275,1.);
#7436=VECTOR('',#13278,1.);
#7437=VECTOR('',#13285,1.);
#7438=VECTOR('',#13288,1.);
#7439=VECTOR('',#13291,1.);
#7440=VECTOR('',#13294,1.);
#7441=VECTOR('',#13297,1.);
#7442=VECTOR('',#13298,1.);
#7443=VECTOR('',#13299,1.);
#7444=VECTOR('',#13302,1.);
#7445=VECTOR('',#13303,1.);
#7446=VECTOR('',#13304,1.);
#7447=VECTOR('',#13305,1.);
#7448=VECTOR('',#13306,1.);
#7449=VECTOR('',#13307,1.);
#7450=VECTOR('',#13308,1.);
#7451=VECTOR('',#13311,1.);
#7452=VECTOR('',#13312,1.);
#7453=VECTOR('',#13315,1.);
#7454=VECTOR('',#13316,1.);
#7455=VECTOR('',#13317,1.);
#7456=VECTOR('',#13324,1.);
#7457=VECTOR('',#13325,1.);
#7458=VECTOR('',#13326,1.);
#7459=VECTOR('',#13327,1.);
#7460=VECTOR('',#13330,1.);
#7461=VECTOR('',#13333,1.);
#7462=VECTOR('',#13336,1.);
#7463=VECTOR('',#13339,1.);
#7464=VECTOR('',#13346,1.);
#7465=VECTOR('',#13349,1.);
#7466=VECTOR('',#13352,1.);
#7467=VECTOR('',#13355,1.);
#7468=VECTOR('',#13358,1.);
#7469=VECTOR('',#13361,1.);
#7470=VECTOR('',#13364,1.);
#7471=VECTOR('',#13367,1.);
#7472=VECTOR('',#13368,1.);
#7473=VECTOR('',#13369,1.);
#7474=VECTOR('',#13370,1.);
#7475=VECTOR('',#13371,1.);
#7476=VECTOR('',#13372,1.);
#7477=VECTOR('',#13373,1.);
#7478=VECTOR('',#13374,1.);
#7479=VECTOR('',#13375,1.);
#7480=VECTOR('',#13378,1.);
#7481=VECTOR('',#13381,1.);
#7482=VECTOR('',#13384,1.);
#7483=VECTOR('',#13385,1.);
#7484=VECTOR('',#13386,1.);
#7485=VECTOR('',#13387,1.);
#7486=VECTOR('',#13388,1.);
#7487=VECTOR('',#13389,1.);
#7488=VECTOR('',#13390,1.);
#7489=VECTOR('',#13391,1.);
#7490=VECTOR('',#13394,1.);
#7491=VECTOR('',#13399,1.);
#7492=VECTOR('',#13400,1.);
#7493=VECTOR('',#13401,1.);
#7494=VECTOR('',#13402,1.);
#7495=VECTOR('',#13403,1.);
#7496=VECTOR('',#13404,1.);
#7497=VECTOR('',#13405,1.);
#7498=VECTOR('',#13406,1.);
#7499=VECTOR('',#13407,1.);
#7500=VECTOR('',#13408,1.);
#7501=VECTOR('',#13411,1.);
#7502=VECTOR('',#13414,1.);
#7503=VECTOR('',#13417,1.);
#7504=VECTOR('',#13418,1.);
#7505=VECTOR('',#13419,1.);
#7506=VECTOR('',#13422,1.);
#7507=VECTOR('',#13425,1.);
#7508=VECTOR('',#13426,1.);
#7509=VECTOR('',#13427,1.);
#7510=VECTOR('',#13428,1.);
#7511=VECTOR('',#13429,1.);
#7512=VECTOR('',#13430,1.);
#7513=VECTOR('',#13437,1.);
#7514=VECTOR('',#13438,1.);
#7515=VECTOR('',#13439,1.);
#7516=VECTOR('',#13440,1.);
#7517=VECTOR('',#13443,1.);
#7518=VECTOR('',#13446,1.);
#7519=VECTOR('',#13447,1.);
#7520=VECTOR('',#13450,1.);
#7521=VECTOR('',#13451,1.);
#7522=VECTOR('',#13452,1.);
#7523=VECTOR('',#13457,1.);
#7524=VECTOR('',#13458,1.);
#7525=VECTOR('',#13459,1.);
#7526=VECTOR('',#13460,1.);
#7527=VECTOR('',#13461,1.);
#7528=VECTOR('',#13464,1.);
#7529=VECTOR('',#13465,1.);
#7530=VECTOR('',#13466,1.);
#7531=VECTOR('',#13467,1.);
#7532=VECTOR('',#13470,1.);
#7533=VECTOR('',#13473,1.);
#7534=VECTOR('',#13474,1.);
#7535=VECTOR('',#13475,1.);
#7536=VECTOR('',#13476,1.);
#7537=VECTOR('',#13477,1.);
#7538=VECTOR('',#13478,1.);
#7539=VECTOR('',#13479,1.);
#7540=VECTOR('',#13480,1.);
#7541=VECTOR('',#13481,1.);
#7542=VECTOR('',#13482,1.);
#7543=VECTOR('',#13483,1.);
#7544=VECTOR('',#13490,1.);
#7545=VECTOR('',#13493,1.);
#7546=VECTOR('',#13494,1.);
#7547=VECTOR('',#13497,1.);
#7548=VECTOR('',#13500,1.);
#7549=VECTOR('',#13501,1.);
#7550=VECTOR('',#13508,1.);
#7551=VECTOR('',#13509,1.);
#7552=VECTOR('',#13510,1.);
#7553=VECTOR('',#13513,1.);
#7554=VECTOR('',#13514,1.);
#7555=VECTOR('',#13515,1.);
#7556=VECTOR('',#13518,1.);
#7557=VECTOR('',#13521,1.);
#7558=VECTOR('',#13522,1.);
#7559=VECTOR('',#13523,1.);
#7560=VECTOR('',#13526,1.);
#7561=VECTOR('',#13529,1.);
#7562=VECTOR('',#13530,1.);
#7563=VECTOR('',#13531,1.);
#7564=VECTOR('',#13532,1.);
#7565=VECTOR('',#13533,1.);
#7566=VECTOR('',#13534,1.);
#7567=VECTOR('',#13537,1.);
#7568=VECTOR('',#13538,1.);
#7569=VECTOR('',#13539,1.);
#7570=VECTOR('',#13540,1.);
#7571=VECTOR('',#13547,1.);
#7572=VECTOR('',#13548,1.);
#7573=VECTOR('',#13549,1.);
#7574=VECTOR('',#13550,1.);
#7575=VECTOR('',#13553,1.);
#7576=VECTOR('',#13556,1.);
#7577=VECTOR('',#13557,1.);
#7578=VECTOR('',#13560,1.);
#7579=VECTOR('',#13561,1.);
#7580=VECTOR('',#13562,1.);
#7581=VECTOR('',#13567,1.);
#7582=VECTOR('',#13568,1.);
#7583=VECTOR('',#13569,1.);
#7584=VECTOR('',#13570,1.);
#7585=VECTOR('',#13571,1.);
#7586=VECTOR('',#13574,1.);
#7587=VECTOR('',#13575,1.);
#7588=VECTOR('',#13576,1.);
#7589=VECTOR('',#13577,1.);
#7590=VECTOR('',#13580,1.);
#7591=VECTOR('',#13583,1.);
#7592=VECTOR('',#13584,1.);
#7593=VECTOR('',#13585,1.);
#7594=VECTOR('',#13586,1.);
#7595=VECTOR('',#13587,1.);
#7596=VECTOR('',#13588,1.);
#7597=VECTOR('',#13589,1.);
#7598=VECTOR('',#13590,1.);
#7599=VECTOR('',#13591,1.);
#7600=VECTOR('',#13592,1.);
#7601=VECTOR('',#13593,1.);
#7602=VECTOR('',#13598,1.);
#7603=VECTOR('',#13599,1.);
#7604=VECTOR('',#13600,1.);
#7605=VECTOR('',#13601,1.);
#7606=VECTOR('',#13602,1.);
#7607=VECTOR('',#13605,1.);
#7608=VECTOR('',#13606,1.);
#7609=VECTOR('',#13607,1.);
#7610=VECTOR('',#13608,1.);
#7611=VECTOR('',#13611,1.);
#7612=VECTOR('',#13614,1.);
#7613=VECTOR('',#13615,1.);
#7614=VECTOR('',#13616,1.);
#7615=VECTOR('',#13617,1.);
#7616=VECTOR('',#13618,1.);
#7617=VECTOR('',#13619,1.);
#7618=VECTOR('',#13620,1.);
#7619=VECTOR('',#13621,1.);
#7620=VECTOR('',#13622,1.);
#7621=VECTOR('',#13623,1.);
#7622=VECTOR('',#13624,1.);
#7623=VECTOR('',#13631,1.);
#7624=VECTOR('',#13634,1.);
#7625=VECTOR('',#13635,1.);
#7626=VECTOR('',#13638,1.);
#7627=VECTOR('',#13645,1.);
#7628=VECTOR('',#13646,1.);
#7629=VECTOR('',#13647,1.);
#7630=VECTOR('',#13648,1.);
#7631=VECTOR('',#13651,1.);
#7632=VECTOR('',#13654,1.);
#7633=VECTOR('',#13655,1.);
#7634=VECTOR('',#13658,1.);
#7635=VECTOR('',#13659,1.);
#7636=VECTOR('',#13660,1.);
#7637=VECTOR('',#13667,1.);
#7638=VECTOR('',#13668,1.);
#7639=VECTOR('',#13669,1.);
#7640=VECTOR('',#13672,1.);
#7641=VECTOR('',#13675,1.);
#7642=VECTOR('',#13676,1.);
#7643=VECTOR('',#13677,1.);
#7644=VECTOR('',#13680,1.);
#7645=VECTOR('',#13683,1.);
#7646=VECTOR('',#13686,1.);
#7647=VECTOR('',#13689,1.);
#7648=VECTOR('',#13690,1.);
#7649=VECTOR('',#13691,1.);
#7650=VECTOR('',#13692,1.);
#7651=VECTOR('',#13693,1.);
#7652=VECTOR('',#13694,1.);
#7653=VECTOR('',#13695,1.);
#7654=VECTOR('',#13698,1.);
#7655=VECTOR('',#13705,1.);
#7656=VECTOR('',#13708,1.);
#7657=VECTOR('',#13709,1.);
#7658=VECTOR('',#13710,1.);
#7659=VECTOR('',#13711,1.);
#7660=VECTOR('',#13714,1.);
#7661=VECTOR('',#13715,1.);
#7662=VECTOR('',#13716,1.);
#7663=VECTOR('',#13719,1.);
#7664=VECTOR('',#13722,1.);
#7665=VECTOR('',#13723,1.);
#7666=VECTOR('',#13724,1.);
#7667=VECTOR('',#13725,1.);
#7668=VECTOR('',#13726,1.);
#7669=VECTOR('',#13731,1.);
#7670=VECTOR('',#13732,1.);
#7671=VECTOR('',#13733,1.);
#7672=VECTOR('',#13736,1.);
#7673=VECTOR('',#13739,1.);
#7674=VECTOR('',#13740,1.);
#7675=VECTOR('',#13741,1.);
#7676=VECTOR('',#13744,1.);
#7677=VECTOR('',#13749,1.);
#7678=VECTOR('',#13750,1.);
#7679=VECTOR('',#13751,1.);
#7680=VECTOR('',#13752,1.);
#7681=VECTOR('',#13753,1.);
#7682=VECTOR('',#13754,1.);
#7683=VECTOR('',#13755,1.);
#7684=VECTOR('',#13756,1.);
#7685=VECTOR('',#13757,1.);
#7686=VECTOR('',#13758,1.);
#7687=VECTOR('',#13759,1.);
#7688=VECTOR('',#13760,1.);
#7689=VECTOR('',#13761,1.);
#7690=VECTOR('',#13762,1.);
#7691=VECTOR('',#13763,1.);
#7692=VECTOR('',#13764,1.);
#7693=VECTOR('',#13767,1.);
#7694=VECTOR('',#13770,1.);
#7695=VECTOR('',#13773,1.);
#7696=VECTOR('',#13776,1.);
#7697=VECTOR('',#13829,1.);
#7698=VECTOR('',#13832,1.);
#7699=VECTOR('',#13837,1.);
#7700=VECTOR('',#13838,1.);
#7701=VECTOR('',#13839,1.);
#7702=VECTOR('',#13842,1.);
#7703=VECTOR('',#13843,1.);
#7704=VECTOR('',#13844,1.);
#7705=VECTOR('',#13847,1.);
#7706=VECTOR('',#13856,1.);
#7707=VECTOR('',#13863,1.);
#7708=VECTOR('',#13864,1.);
#7709=VECTOR('',#13867,1.);
#7710=VECTOR('',#13868,1.);
#7711=VECTOR('',#13873,1.);
#7712=VECTOR('',#13876,1.);
#7713=EDGE_LOOP('',(#742,#743,#744,#745));
#7714=EDGE_LOOP('',(#746,#747,#748,#749));
#7715=EDGE_LOOP('',(#750,#751,#752,#753));
#7716=EDGE_LOOP('',(#754,#755,#756,#757));
#7717=EDGE_LOOP('',(#758,#759,#760,#761));
#7718=EDGE_LOOP('',(#762,#763,#764,#765));
#7719=EDGE_LOOP('',(#766,#767,#768,#769));
#7720=EDGE_LOOP('',(#770,#771,#772,#773));
#7721=EDGE_LOOP('',(#774,#775,#776,#777));
#7722=EDGE_LOOP('',(#778,#779,#780,#781));
#7723=EDGE_LOOP('',(#782,#783,#784,#785));
#7724=EDGE_LOOP('',(#786,#787,#788,#789));
#7725=EDGE_LOOP('',(#790,#791,#792,#793));
#7726=EDGE_LOOP('',(#794,#795,#796,#797));
#7727=EDGE_LOOP('',(#798,#799,#800,#801));
#7728=EDGE_LOOP('',(#802,#803,#804,#805));
#7729=EDGE_LOOP('',(#806,#807,#808,#809));
#7730=EDGE_LOOP('',(#810,#811,#812,#813));
#7731=EDGE_LOOP('',(#814,#815,#816,#817));
#7732=EDGE_LOOP('',(#818,#819,#820,#821));
#7733=EDGE_LOOP('',(#822,#823,#824,#825));
#7734=EDGE_LOOP('',(#826,#827,#828,#829));
#7735=EDGE_LOOP('',(#830,#831,#832,#833));
#7736=EDGE_LOOP('',(#834,#835,#836,#837));
#7737=EDGE_LOOP('',(#838,#839,#840,#841));
#7738=EDGE_LOOP('',(#842,#843,#844,#845));
#7739=EDGE_LOOP('',(#846,#847,#848,#849));
#7740=EDGE_LOOP('',(#850,#851,#852,#853));
#7741=EDGE_LOOP('',(#854,#855,#856,#857));
#7742=EDGE_LOOP('',(#858,#859,#860,#861));
#7743=EDGE_LOOP('',(#862,#863,#864,#865));
#7744=EDGE_LOOP('',(#866,#867,#868,#869));
#7745=EDGE_LOOP('',(#870,#871,#872,#873));
#7746=EDGE_LOOP('',(#874,#875,#876,#877));
#7747=EDGE_LOOP('',(#878,#879,#880,#881));
#7748=EDGE_LOOP('',(#882,#883,#884,#885));
#7749=EDGE_LOOP('',(#886,#887,#888,#889));
#7750=EDGE_LOOP('',(#890,#891,#892,#893));
#7751=EDGE_LOOP('',(#894,#895,#896,#897));
#7752=EDGE_LOOP('',(#898,#899,#900,#901));
#7753=EDGE_LOOP('',(#902,#903,#904,#905));
#7754=EDGE_LOOP('',(#906,#907,#908,#909));
#7755=EDGE_LOOP('',(#910,#911,#912,#913));
#7756=EDGE_LOOP('',(#914,#915,#916,#917));
#7757=EDGE_LOOP('',(#918,#919,#920,#921));
#7758=EDGE_LOOP('',(#922,#923,#924,#925));
#7759=EDGE_LOOP('',(#926,#927,#928,#929));
#7760=EDGE_LOOP('',(#930,#931,#932,#933));
#7761=EDGE_LOOP('',(#934,#935,#936,#937));
#7762=EDGE_LOOP('',(#938,#939,#940,#941));
#7763=EDGE_LOOP('',(#942,#943,#944,#945));
#7764=EDGE_LOOP('',(#946,#947,#948,#949));
#7765=EDGE_LOOP('',(#950,#951,#952,#953));
#7766=EDGE_LOOP('',(#954,#955,#956,#957));
#7767=EDGE_LOOP('',(#958,#959,#960,#961));
#7768=EDGE_LOOP('',(#962,#963,#964,#965));
#7769=EDGE_LOOP('',(#966,#967,#968,#969));
#7770=EDGE_LOOP('',(#970,#971,#972,#973));
#7771=EDGE_LOOP('',(#974,#975,#976,#977));
#7772=EDGE_LOOP('',(#978,#979,#980,#981));
#7773=EDGE_LOOP('',(#982,#983,#984,#985));
#7774=EDGE_LOOP('',(#986,#987,#988,#989));
#7775=EDGE_LOOP('',(#990,#991,#992,#993));
#7776=EDGE_LOOP('',(#994,#995,#996,#997));
#7777=EDGE_LOOP('',(#998,#999,#1000,#1001));
#7778=EDGE_LOOP('',(#1002,#1003,#1004,#1005));
#7779=EDGE_LOOP('',(#1006,#1007,#1008,#1009,#1010,#1011,#1012,#1013));
#7780=EDGE_LOOP('',(#1014,#1015,#1016,#1017));
#7781=EDGE_LOOP('',(#1018,#1019,#1020,#1021,#1022,#1023,#1024,#1025,#1026,
#1027,#1028,#1029));
#7782=EDGE_LOOP('',(#1030,#1031,#1032,#1033));
#7783=EDGE_LOOP('',(#1034,#1035,#1036,#1037,#1038,#1039,#1040,#1041,#1042,
#1043,#1044,#1045));
#7784=EDGE_LOOP('',(#1046,#1047,#1048,#1049,#1050,#1051,#1052,#1053,#1054,
#1055,#1056,#1057));
#7785=EDGE_LOOP('',(#1058,#1059,#1060,#1061));
#7786=EDGE_LOOP('',(#1062,#1063,#1064,#1065,#1066,#1067,#1068,#1069,#1070,
#1071,#1072,#1073));
#7787=EDGE_LOOP('',(#1074,#1075,#1076,#1077,#1078,#1079,#1080,#1081,#1082,
#1083,#1084,#1085));
#7788=EDGE_LOOP('',(#1086,#1087,#1088,#1089));
#7789=EDGE_LOOP('',(#1090,#1091,#1092,#1093,#1094,#1095,#1096,#1097,#1098,
#1099,#1100,#1101));
#7790=EDGE_LOOP('',(#1102,#1103,#1104,#1105,#1106,#1107,#1108,#1109,#1110,
#1111,#1112,#1113));
#7791=EDGE_LOOP('',(#1114,#1115,#1116,#1117));
#7792=EDGE_LOOP('',(#1118,#1119,#1120,#1121,#1122,#1123,#1124,#1125,#1126,
#1127,#1128,#1129));
#7793=EDGE_LOOP('',(#1130,#1131,#1132,#1133,#1134,#1135,#1136,#1137,#1138,
#1139,#1140,#1141));
#7794=EDGE_LOOP('',(#1142,#1143,#1144,#1145));
#7795=EDGE_LOOP('',(#1146,#1147,#1148,#1149,#1150,#1151,#1152,#1153,#1154,
#1155,#1156,#1157));
#7796=EDGE_LOOP('',(#1158,#1159,#1160,#1161,#1162,#1163,#1164,#1165,#1166,
#1167,#1168,#1169));
#7797=EDGE_LOOP('',(#1170,#1171,#1172,#1173));
#7798=EDGE_LOOP('',(#1174,#1175,#1176,#1177,#1178,#1179,#1180,#1181,#1182,
#1183,#1184,#1185));
#7799=EDGE_LOOP('',(#1186,#1187,#1188,#1189,#1190,#1191,#1192,#1193,#1194,
#1195,#1196,#1197));
#7800=EDGE_LOOP('',(#1198,#1199,#1200,#1201));
#7801=EDGE_LOOP('',(#1202,#1203,#1204,#1205,#1206,#1207,#1208,#1209,#1210,
#1211,#1212,#1213));
#7802=EDGE_LOOP('',(#1214,#1215,#1216,#1217,#1218,#1219,#1220,#1221,#1222,
#1223,#1224,#1225));
#7803=EDGE_LOOP('',(#1226,#1227,#1228,#1229));
#7804=EDGE_LOOP('',(#1230,#1231,#1232,#1233,#1234,#1235,#1236,#1237,#1238,
#1239,#1240,#1241));
#7805=EDGE_LOOP('',(#1242,#1243,#1244,#1245));
#7806=EDGE_LOOP('',(#1246,#1247,#1248,#1249));
#7807=EDGE_LOOP('',(#1250,#1251,#1252,#1253));
#7808=EDGE_LOOP('',(#1254,#1255,#1256,#1257));
#7809=EDGE_LOOP('',(#1258,#1259,#1260,#1261));
#7810=EDGE_LOOP('',(#1262,#1263,#1264,#1265));
#7811=EDGE_LOOP('',(#1266,#1267,#1268,#1269));
#7812=EDGE_LOOP('',(#1270,#1271,#1272,#1273));
#7813=EDGE_LOOP('',(#1274,#1275,#1276,#1277));
#7814=EDGE_LOOP('',(#1278,#1279,#1280,#1281));
#7815=EDGE_LOOP('',(#1282,#1283,#1284,#1285));
#7816=EDGE_LOOP('',(#1286,#1287,#1288,#1289));
#7817=EDGE_LOOP('',(#1290,#1291,#1292,#1293));
#7818=EDGE_LOOP('',(#1294,#1295,#1296,#1297));
#7819=EDGE_LOOP('',(#1298,#1299,#1300,#1301));
#7820=EDGE_LOOP('',(#1302,#1303,#1304,#1305));
#7821=EDGE_LOOP('',(#1306,#1307,#1308,#1309));
#7822=EDGE_LOOP('',(#1310,#1311,#1312,#1313));
#7823=EDGE_LOOP('',(#1314,#1315,#1316,#1317));
#7824=EDGE_LOOP('',(#1318,#1319,#1320,#1321));
#7825=EDGE_LOOP('',(#1322,#1323,#1324,#1325));
#7826=EDGE_LOOP('',(#1326,#1327,#1328,#1329));
#7827=EDGE_LOOP('',(#1330,#1331,#1332,#1333));
#7828=EDGE_LOOP('',(#1334,#1335,#1336,#1337));
#7829=EDGE_LOOP('',(#1338,#1339,#1340,#1341));
#7830=EDGE_LOOP('',(#1342,#1343,#1344,#1345));
#7831=EDGE_LOOP('',(#1346,#1347,#1348,#1349));
#7832=EDGE_LOOP('',(#1350,#1351,#1352,#1353,#1354,#1355,#1356,#1357));
#7833=EDGE_LOOP('',(#1358,#1359,#1360,#1361,#1362,#1363,#1364,#1365,#1366,
#1367,#1368,#1369,#1370,#1371,#1372,#1373,#1374,#1375,#1376,#1377,#1378,
#1379,#1380,#1381,#1382,#1383,#1384,#1385,#1386,#1387,#1388,#1389,#1390,
#1391,#1392,#1393,#1394,#1395,#1396,#1397));
#7834=EDGE_LOOP('',(#1398,#1399,#1400,#1401));
#7835=EDGE_LOOP('',(#1402,#1403,#1404,#1405));
#7836=EDGE_LOOP('',(#1406,#1407,#1408,#1409));
#7837=EDGE_LOOP('',(#1410,#1411,#1412,#1413));
#7838=EDGE_LOOP('',(#1414,#1415,#1416,#1417,#1418,#1419,#1420,#1421,#1422,
#1423,#1424,#1425));
#7839=EDGE_LOOP('',(#1426,#1427,#1428,#1429,#1430,#1431,#1432,#1433,#1434,
#1435,#1436,#1437));
#7840=EDGE_LOOP('',(#1438,#1439,#1440,#1441));
#7841=EDGE_LOOP('',(#1442,#1443,#1444,#1445));
#7842=EDGE_LOOP('',(#1446,#1447,#1448,#1449));
#7843=EDGE_LOOP('',(#1450,#1451,#1452,#1453,#1454,#1455,#1456,#1457));
#7844=EDGE_LOOP('',(#1458,#1459,#1460,#1461));
#7845=EDGE_LOOP('',(#1462));
#7846=EDGE_LOOP('',(#1463,#1464,#1465,#1466));
#7847=EDGE_LOOP('',(#1467,#1468,#1469));
#7848=EDGE_LOOP('',(#1470));
#7849=EDGE_LOOP('',(#1471,#1472,#1473,#1474,#1475,#1476,#1477));
#7850=EDGE_LOOP('',(#1478,#1479,#1480,#1481,#1482,#1483,#1484));
#7851=EDGE_LOOP('',(#1485,#1486,#1487,#1488));
#7852=EDGE_LOOP('',(#1489,#1490,#1491));
#7853=EDGE_LOOP('',(#1492));
#7854=EDGE_LOOP('',(#1493));
#7855=EDGE_LOOP('',(#1494));
#7856=EDGE_LOOP('',(#1495,#1496,#1497,#1498,#1499,#1500,#1501,#1502,#1503,
#1504,#1505,#1506));
#7857=EDGE_LOOP('',(#1507));
#7858=EDGE_LOOP('',(#1508,#1509,#1510,#1511,#1512,#1513,#1514,#1515,#1516,
#1517,#1518,#1519));
#7859=EDGE_LOOP('',(#1520));
#7860=EDGE_LOOP('',(#1521));
#7861=EDGE_LOOP('',(#1522,#1523,#1524,#1525));
#7862=EDGE_LOOP('',(#1526,#1527,#1528,#1529));
#7863=EDGE_LOOP('',(#1530,#1531,#1532,#1533));
#7864=EDGE_LOOP('',(#1534,#1535,#1536,#1537));
#7865=EDGE_LOOP('',(#1538,#1539,#1540,#1541));
#7866=EDGE_LOOP('',(#1542,#1543,#1544,#1545));
#7867=EDGE_LOOP('',(#1546,#1547,#1548,#1549));
#7868=EDGE_LOOP('',(#1550,#1551,#1552,#1553));
#7869=EDGE_LOOP('',(#1554,#1555,#1556,#1557));
#7870=EDGE_LOOP('',(#1558,#1559,#1560,#1561));
#7871=EDGE_LOOP('',(#1562,#1563,#1564,#1565));
#7872=EDGE_LOOP('',(#1566,#1567,#1568,#1569));
#7873=EDGE_LOOP('',(#1570));
#7874=EDGE_LOOP('',(#1571,#1572,#1573,#1574,#1575,#1576,#1577,#1578));
#7875=EDGE_LOOP('',(#1579));
#7876=EDGE_LOOP('',(#1580,#1581,#1582,#1583,#1584,#1585,#1586,#1587));
#7877=EDGE_LOOP('',(#1588));
#7878=EDGE_LOOP('',(#1589));
#7879=EDGE_LOOP('',(#1590,#1591,#1592,#1593));
#7880=EDGE_LOOP('',(#1594,#1595,#1596,#1597));
#7881=EDGE_LOOP('',(#1598,#1599,#1600,#1601));
#7882=EDGE_LOOP('',(#1602,#1603,#1604,#1605));
#7883=EDGE_LOOP('',(#1606,#1607,#1608,#1609));
#7884=EDGE_LOOP('',(#1610,#1611,#1612,#1613));
#7885=EDGE_LOOP('',(#1614,#1615,#1616,#1617));
#7886=EDGE_LOOP('',(#1618,#1619,#1620,#1621));
#7887=EDGE_LOOP('',(#1622));
#7888=EDGE_LOOP('',(#1623,#1624,#1625,#1626,#1627,#1628,#1629,#1630,#1631,
#1632,#1633,#1634));
#7889=EDGE_LOOP('',(#1635));
#7890=EDGE_LOOP('',(#1636,#1637,#1638,#1639,#1640,#1641,#1642,#1643,#1644,
#1645,#1646,#1647));
#7891=EDGE_LOOP('',(#1648));
#7892=EDGE_LOOP('',(#1649));
#7893=EDGE_LOOP('',(#1650,#1651,#1652,#1653));
#7894=EDGE_LOOP('',(#1654,#1655,#1656,#1657));
#7895=EDGE_LOOP('',(#1658,#1659,#1660,#1661));
#7896=EDGE_LOOP('',(#1662,#1663,#1664,#1665));
#7897=EDGE_LOOP('',(#1666,#1667,#1668,#1669));
#7898=EDGE_LOOP('',(#1670,#1671,#1672,#1673));
#7899=EDGE_LOOP('',(#1674,#1675,#1676,#1677));
#7900=EDGE_LOOP('',(#1678,#1679,#1680,#1681));
#7901=EDGE_LOOP('',(#1682,#1683,#1684,#1685));
#7902=EDGE_LOOP('',(#1686,#1687,#1688,#1689));
#7903=EDGE_LOOP('',(#1690,#1691,#1692,#1693));
#7904=EDGE_LOOP('',(#1694,#1695,#1696,#1697));
#7905=EDGE_LOOP('',(#1698));
#7906=EDGE_LOOP('',(#1699,#1700,#1701,#1702,#1703,#1704,#1705,#1706,#1707,
#1708,#1709));
#7907=EDGE_LOOP('',(#1710));
#7908=EDGE_LOOP('',(#1711,#1712,#1713,#1714,#1715,#1716,#1717,#1718,#1719,
#1720,#1721));
#7909=EDGE_LOOP('',(#1722));
#7910=EDGE_LOOP('',(#1723));
#7911=EDGE_LOOP('',(#1724,#1725,#1726,#1727));
#7912=EDGE_LOOP('',(#1728,#1729,#1730,#1731));
#7913=EDGE_LOOP('',(#1732,#1733,#1734,#1735));
#7914=EDGE_LOOP('',(#1736,#1737,#1738,#1739));
#7915=EDGE_LOOP('',(#1740,#1741,#1742,#1743));
#7916=EDGE_LOOP('',(#1744,#1745,#1746,#1747));
#7917=EDGE_LOOP('',(#1748,#1749,#1750,#1751));
#7918=EDGE_LOOP('',(#1752,#1753,#1754,#1755));
#7919=EDGE_LOOP('',(#1756,#1757,#1758,#1759));
#7920=EDGE_LOOP('',(#1760,#1761,#1762,#1763));
#7921=EDGE_LOOP('',(#1764,#1765,#1766,#1767));
#7922=EDGE_LOOP('',(#1768,#1769,#1770,#1771,#1772,#1773,#1774,#1775));
#7923=EDGE_LOOP('',(#1776,#1777,#1778,#1779,#1780,#1781,#1782,#1783));
#7924=EDGE_LOOP('',(#1784,#1785,#1786,#1787));
#7925=EDGE_LOOP('',(#1788,#1789,#1790,#1791));
#7926=EDGE_LOOP('',(#1792,#1793,#1794,#1795));
#7927=EDGE_LOOP('',(#1796,#1797,#1798,#1799));
#7928=EDGE_LOOP('',(#1800,#1801,#1802,#1803));
#7929=EDGE_LOOP('',(#1804,#1805,#1806,#1807));
#7930=EDGE_LOOP('',(#1808,#1809,#1810,#1811));
#7931=EDGE_LOOP('',(#1812,#1813,#1814,#1815));
#7932=EDGE_LOOP('',(#1816,#1817,#1818,#1819,#1820,#1821,#1822,#1823,#1824,
#1825,#1826));
#7933=EDGE_LOOP('',(#1827,#1828,#1829,#1830,#1831,#1832,#1833,#1834,#1835,
#1836,#1837));
#7934=EDGE_LOOP('',(#1838,#1839,#1840,#1841));
#7935=EDGE_LOOP('',(#1842,#1843,#1844,#1845));
#7936=EDGE_LOOP('',(#1846,#1847,#1848,#1849));
#7937=EDGE_LOOP('',(#1850,#1851,#1852,#1853));
#7938=EDGE_LOOP('',(#1854,#1855,#1856,#1857));
#7939=EDGE_LOOP('',(#1858,#1859,#1860,#1861));
#7940=EDGE_LOOP('',(#1862,#1863,#1864,#1865));
#7941=EDGE_LOOP('',(#1866,#1867,#1868,#1869));
#7942=EDGE_LOOP('',(#1870,#1871,#1872,#1873));
#7943=EDGE_LOOP('',(#1874,#1875,#1876,#1877));
#7944=EDGE_LOOP('',(#1878,#1879,#1880,#1881));
#7945=EDGE_LOOP('',(#1882,#1883,#1884,#1885,#1886,#1887,#1888,#1889,#1890,
#1891,#1892,#1893,#1894,#1895,#1896));
#7946=EDGE_LOOP('',(#1897,#1898,#1899,#1900,#1901,#1902,#1903,#1904,#1905,
#1906,#1907,#1908,#1909,#1910,#1911));
#7947=EDGE_LOOP('',(#1912,#1913,#1914,#1915));
#7948=EDGE_LOOP('',(#1916,#1917,#1918,#1919));
#7949=EDGE_LOOP('',(#1920,#1921,#1922,#1923));
#7950=EDGE_LOOP('',(#1924,#1925,#1926,#1927));
#7951=EDGE_LOOP('',(#1928,#1929,#1930,#1931));
#7952=EDGE_LOOP('',(#1932,#1933,#1934,#1935));
#7953=EDGE_LOOP('',(#1936,#1937,#1938,#1939));
#7954=EDGE_LOOP('',(#1940,#1941,#1942,#1943));
#7955=EDGE_LOOP('',(#1944,#1945,#1946,#1947));
#7956=EDGE_LOOP('',(#1948,#1949,#1950,#1951));
#7957=EDGE_LOOP('',(#1952,#1953,#1954,#1955));
#7958=EDGE_LOOP('',(#1956,#1957,#1958,#1959));
#7959=EDGE_LOOP('',(#1960,#1961,#1962,#1963));
#7960=EDGE_LOOP('',(#1964,#1965,#1966,#1967));
#7961=EDGE_LOOP('',(#1968,#1969,#1970,#1971));
#7962=EDGE_LOOP('',(#1972,#1973,#1974,#1975,#1976,#1977,#1978));
#7963=EDGE_LOOP('',(#1979,#1980,#1981,#1982,#1983,#1984,#1985));
#7964=EDGE_LOOP('',(#1986,#1987,#1988,#1989));
#7965=EDGE_LOOP('',(#1990,#1991,#1992,#1993));
#7966=EDGE_LOOP('',(#1994,#1995,#1996,#1997));
#7967=EDGE_LOOP('',(#1998,#1999,#2000,#2001));
#7968=EDGE_LOOP('',(#2002,#2003,#2004,#2005));
#7969=EDGE_LOOP('',(#2006,#2007,#2008,#2009));
#7970=EDGE_LOOP('',(#2010,#2011,#2012,#2013));
#7971=EDGE_LOOP('',(#2014,#2015,#2016,#2017,#2018,#2019,#2020,#2021,#2022));
#7972=EDGE_LOOP('',(#2023,#2024,#2025,#2026,#2027,#2028,#2029,#2030,#2031));
#7973=EDGE_LOOP('',(#2032,#2033,#2034,#2035));
#7974=EDGE_LOOP('',(#2036,#2037,#2038,#2039));
#7975=EDGE_LOOP('',(#2040,#2041,#2042,#2043));
#7976=EDGE_LOOP('',(#2044,#2045,#2046,#2047));
#7977=EDGE_LOOP('',(#2048,#2049,#2050,#2051));
#7978=EDGE_LOOP('',(#2052,#2053,#2054,#2055));
#7979=EDGE_LOOP('',(#2056,#2057,#2058,#2059));
#7980=EDGE_LOOP('',(#2060,#2061,#2062,#2063));
#7981=EDGE_LOOP('',(#2064,#2065,#2066,#2067));
#7982=EDGE_LOOP('',(#2068,#2069,#2070,#2071,#2072,#2073,#2074,#2075));
#7983=EDGE_LOOP('',(#2076,#2077,#2078,#2079,#2080,#2081,#2082,#2083));
#7984=EDGE_LOOP('',(#2084,#2085,#2086,#2087));
#7985=EDGE_LOOP('',(#2088,#2089,#2090,#2091));
#7986=EDGE_LOOP('',(#2092,#2093,#2094,#2095));
#7987=EDGE_LOOP('',(#2096,#2097,#2098,#2099));
#7988=EDGE_LOOP('',(#2100,#2101,#2102,#2103));
#7989=EDGE_LOOP('',(#2104,#2105,#2106,#2107));
#7990=EDGE_LOOP('',(#2108,#2109,#2110,#2111));
#7991=EDGE_LOOP('',(#2112,#2113,#2114,#2115));
#7992=EDGE_LOOP('',(#2116,#2117,#2118,#2119,#2120,#2121,#2122,#2123));
#7993=EDGE_LOOP('',(#2124,#2125,#2126,#2127,#2128,#2129,#2130,#2131));
#7994=EDGE_LOOP('',(#2132,#2133,#2134,#2135));
#7995=EDGE_LOOP('',(#2136,#2137,#2138,#2139));
#7996=EDGE_LOOP('',(#2140,#2141,#2142,#2143));
#7997=EDGE_LOOP('',(#2144,#2145,#2146,#2147));
#7998=EDGE_LOOP('',(#2148,#2149,#2150,#2151));
#7999=EDGE_LOOP('',(#2152,#2153,#2154,#2155));
#8000=EDGE_LOOP('',(#2156,#2157,#2158,#2159));
#8001=EDGE_LOOP('',(#2160,#2161,#2162,#2163));
#8002=EDGE_LOOP('',(#2164,#2165,#2166,#2167,#2168,#2169,#2170,#2171));
#8003=EDGE_LOOP('',(#2172,#2173,#2174,#2175,#2176,#2177,#2178,#2179));
#8004=EDGE_LOOP('',(#2180,#2181,#2182,#2183));
#8005=EDGE_LOOP('',(#2184,#2185,#2186,#2187));
#8006=EDGE_LOOP('',(#2188,#2189,#2190,#2191));
#8007=EDGE_LOOP('',(#2192,#2193,#2194,#2195));
#8008=EDGE_LOOP('',(#2196,#2197,#2198,#2199));
#8009=EDGE_LOOP('',(#2200,#2201,#2202,#2203));
#8010=EDGE_LOOP('',(#2204,#2205,#2206,#2207));
#8011=EDGE_LOOP('',(#2208,#2209,#2210,#2211));
#8012=EDGE_LOOP('',(#2212,#2213,#2214,#2215,#2216,#2217,#2218,#2219));
#8013=EDGE_LOOP('',(#2220,#2221,#2222,#2223,#2224,#2225,#2226,#2227));
#8014=EDGE_LOOP('',(#2228,#2229,#2230,#2231));
#8015=EDGE_LOOP('',(#2232,#2233,#2234,#2235));
#8016=EDGE_LOOP('',(#2236,#2237,#2238,#2239));
#8017=EDGE_LOOP('',(#2240,#2241,#2242,#2243));
#8018=EDGE_LOOP('',(#2244,#2245,#2246,#2247));
#8019=EDGE_LOOP('',(#2248,#2249,#2250,#2251));
#8020=EDGE_LOOP('',(#2252,#2253,#2254,#2255));
#8021=EDGE_LOOP('',(#2256,#2257,#2258,#2259));
#8022=EDGE_LOOP('',(#2260,#2261,#2262,#2263,#2264,#2265,#2266,#2267));
#8023=EDGE_LOOP('',(#2268,#2269,#2270,#2271,#2272,#2273,#2274,#2275));
#8024=EDGE_LOOP('',(#2276,#2277,#2278,#2279));
#8025=EDGE_LOOP('',(#2280,#2281,#2282,#2283));
#8026=EDGE_LOOP('',(#2284,#2285,#2286,#2287));
#8027=EDGE_LOOP('',(#2288,#2289,#2290,#2291));
#8028=EDGE_LOOP('',(#2292,#2293,#2294,#2295));
#8029=EDGE_LOOP('',(#2296,#2297,#2298,#2299));
#8030=EDGE_LOOP('',(#2300,#2301,#2302,#2303));
#8031=EDGE_LOOP('',(#2304,#2305,#2306,#2307));
#8032=EDGE_LOOP('',(#2308,#2309,#2310,#2311,#2312,#2313,#2314,#2315));
#8033=EDGE_LOOP('',(#2316,#2317,#2318,#2319,#2320,#2321,#2322,#2323));
#8034=EDGE_LOOP('',(#2324,#2325,#2326,#2327));
#8035=EDGE_LOOP('',(#2328,#2329,#2330,#2331));
#8036=EDGE_LOOP('',(#2332,#2333,#2334,#2335));
#8037=EDGE_LOOP('',(#2336,#2337,#2338,#2339));
#8038=EDGE_LOOP('',(#2340,#2341,#2342,#2343));
#8039=EDGE_LOOP('',(#2344,#2345,#2346,#2347));
#8040=EDGE_LOOP('',(#2348,#2349,#2350,#2351));
#8041=EDGE_LOOP('',(#2352,#2353,#2354,#2355));
#8042=EDGE_LOOP('',(#2356,#2357,#2358,#2359,#2360,#2361,#2362,#2363));
#8043=EDGE_LOOP('',(#2364,#2365,#2366,#2367,#2368,#2369,#2370,#2371));
#8044=EDGE_LOOP('',(#2372,#2373,#2374,#2375));
#8045=EDGE_LOOP('',(#2376,#2377,#2378,#2379));
#8046=EDGE_LOOP('',(#2380,#2381,#2382,#2383));
#8047=EDGE_LOOP('',(#2384,#2385,#2386,#2387));
#8048=EDGE_LOOP('',(#2388,#2389,#2390,#2391));
#8049=EDGE_LOOP('',(#2392,#2393,#2394,#2395));
#8050=EDGE_LOOP('',(#2396,#2397,#2398,#2399));
#8051=EDGE_LOOP('',(#2400,#2401,#2402,#2403));
#8052=EDGE_LOOP('',(#2404));
#8053=EDGE_LOOP('',(#2405));
#8054=EDGE_LOOP('',(#2406));
#8055=EDGE_LOOP('',(#2407));
#8056=EDGE_LOOP('',(#2408));
#8057=EDGE_LOOP('',(#2409));
#8058=EDGE_LOOP('',(#2410));
#8059=EDGE_LOOP('',(#2411));
#8060=EDGE_LOOP('',(#2412));
#8061=EDGE_LOOP('',(#2413));
#8062=EDGE_LOOP('',(#2414));
#8063=EDGE_LOOP('',(#2415));
#8064=EDGE_LOOP('',(#2416));
#8065=EDGE_LOOP('',(#2417));
#8066=EDGE_LOOP('',(#2418));
#8067=EDGE_LOOP('',(#2419));
#8068=EDGE_LOOP('',(#2420));
#8069=EDGE_LOOP('',(#2421));
#8070=EDGE_LOOP('',(#2422));
#8071=EDGE_LOOP('',(#2423));
#8072=EDGE_LOOP('',(#2424));
#8073=EDGE_LOOP('',(#2425));
#8074=EDGE_LOOP('',(#2426));
#8075=EDGE_LOOP('',(#2427));
#8076=EDGE_LOOP('',(#2428,#2429,#2430,#2431,#2432,#2433,#2434,#2435));
#8077=EDGE_LOOP('',(#2436,#2437,#2438,#2439,#2440,#2441,#2442,#2443));
#8078=EDGE_LOOP('',(#2444,#2445,#2446,#2447));
#8079=EDGE_LOOP('',(#2448,#2449,#2450,#2451));
#8080=EDGE_LOOP('',(#2452,#2453,#2454,#2455));
#8081=EDGE_LOOP('',(#2456,#2457,#2458,#2459));
#8082=EDGE_LOOP('',(#2460,#2461,#2462,#2463));
#8083=EDGE_LOOP('',(#2464,#2465,#2466,#2467));
#8084=EDGE_LOOP('',(#2468,#2469,#2470,#2471));
#8085=EDGE_LOOP('',(#2472,#2473,#2474,#2475));
#8086=EDGE_LOOP('',(#2476));
#8087=EDGE_LOOP('',(#2477));
#8088=EDGE_LOOP('',(#2478));
#8089=EDGE_LOOP('',(#2479));
#8090=EDGE_LOOP('',(#2480));
#8091=EDGE_LOOP('',(#2481));
#8092=EDGE_LOOP('',(#2482));
#8093=EDGE_LOOP('',(#2483));
#8094=EDGE_LOOP('',(#2484));
#8095=EDGE_LOOP('',(#2485));
#8096=EDGE_LOOP('',(#2486));
#8097=EDGE_LOOP('',(#2487));
#8098=EDGE_LOOP('',(#2488));
#8099=EDGE_LOOP('',(#2489));
#8100=EDGE_LOOP('',(#2490));
#8101=EDGE_LOOP('',(#2491));
#8102=EDGE_LOOP('',(#2492));
#8103=EDGE_LOOP('',(#2493));
#8104=EDGE_LOOP('',(#2494));
#8105=EDGE_LOOP('',(#2495));
#8106=EDGE_LOOP('',(#2496));
#8107=EDGE_LOOP('',(#2497));
#8108=EDGE_LOOP('',(#2498));
#8109=EDGE_LOOP('',(#2499));
#8110=EDGE_LOOP('',(#2500,#2501,#2502,#2503,#2504,#2505,#2506,#2507));
#8111=EDGE_LOOP('',(#2508,#2509,#2510,#2511,#2512,#2513,#2514,#2515));
#8112=EDGE_LOOP('',(#2516,#2517,#2518,#2519));
#8113=EDGE_LOOP('',(#2520,#2521,#2522,#2523));
#8114=EDGE_LOOP('',(#2524,#2525,#2526,#2527));
#8115=EDGE_LOOP('',(#2528,#2529,#2530,#2531));
#8116=EDGE_LOOP('',(#2532,#2533,#2534,#2535));
#8117=EDGE_LOOP('',(#2536,#2537,#2538,#2539));
#8118=EDGE_LOOP('',(#2540,#2541,#2542,#2543));
#8119=EDGE_LOOP('',(#2544,#2545,#2546,#2547));
#8120=EDGE_LOOP('',(#2548,#2549,#2550,#2551,#2552,#2553,#2554,#2555));
#8121=EDGE_LOOP('',(#2556,#2557,#2558,#2559,#2560,#2561,#2562,#2563));
#8122=EDGE_LOOP('',(#2564,#2565,#2566,#2567));
#8123=EDGE_LOOP('',(#2568,#2569,#2570,#2571));
#8124=EDGE_LOOP('',(#2572,#2573,#2574,#2575));
#8125=EDGE_LOOP('',(#2576,#2577,#2578,#2579));
#8126=EDGE_LOOP('',(#2580,#2581,#2582,#2583));
#8127=EDGE_LOOP('',(#2584,#2585,#2586,#2587));
#8128=EDGE_LOOP('',(#2588,#2589,#2590,#2591));
#8129=EDGE_LOOP('',(#2592,#2593,#2594,#2595));
#8130=EDGE_LOOP('',(#2596,#2597,#2598,#2599,#2600,#2601,#2602,#2603));
#8131=EDGE_LOOP('',(#2604,#2605,#2606,#2607,#2608,#2609,#2610,#2611));
#8132=EDGE_LOOP('',(#2612,#2613,#2614,#2615));
#8133=EDGE_LOOP('',(#2616,#2617,#2618,#2619));
#8134=EDGE_LOOP('',(#2620,#2621,#2622,#2623));
#8135=EDGE_LOOP('',(#2624,#2625,#2626,#2627));
#8136=EDGE_LOOP('',(#2628,#2629,#2630,#2631));
#8137=EDGE_LOOP('',(#2632,#2633,#2634,#2635));
#8138=EDGE_LOOP('',(#2636,#2637,#2638,#2639));
#8139=EDGE_LOOP('',(#2640,#2641,#2642,#2643));
#8140=EDGE_LOOP('',(#2644,#2645,#2646,#2647,#2648,#2649,#2650,#2651));
#8141=EDGE_LOOP('',(#2652,#2653,#2654,#2655,#2656,#2657,#2658,#2659));
#8142=EDGE_LOOP('',(#2660,#2661,#2662,#2663));
#8143=EDGE_LOOP('',(#2664,#2665,#2666,#2667));
#8144=EDGE_LOOP('',(#2668,#2669,#2670,#2671));
#8145=EDGE_LOOP('',(#2672,#2673,#2674,#2675));
#8146=EDGE_LOOP('',(#2676,#2677,#2678,#2679));
#8147=EDGE_LOOP('',(#2680,#2681,#2682,#2683));
#8148=EDGE_LOOP('',(#2684,#2685,#2686,#2687));
#8149=EDGE_LOOP('',(#2688,#2689,#2690,#2691));
#8150=EDGE_LOOP('',(#2692));
#8151=EDGE_LOOP('',(#2693));
#8152=EDGE_LOOP('',(#2694));
#8153=EDGE_LOOP('',(#2695));
#8154=EDGE_LOOP('',(#2696));
#8155=EDGE_LOOP('',(#2697));
#8156=EDGE_LOOP('',(#2698));
#8157=EDGE_LOOP('',(#2699));
#8158=EDGE_LOOP('',(#2700,#2701,#2702,#2703,#2704,#2705,#2706,#2707,#2708,
#2709,#2710));
#8159=EDGE_LOOP('',(#2711,#2712,#2713,#2714,#2715,#2716,#2717,#2718,#2719,
#2720));
#8160=EDGE_LOOP('',(#2721,#2722,#2723,#2724,#2725,#2726,#2727));
#8161=EDGE_LOOP('',(#2728,#2729,#2730,#2731,#2732,#2733,#2734,#2735,#2736,
#2737,#2738,#2739,#2740,#2741));
#8162=EDGE_LOOP('',(#2742,#2743,#2744,#2745,#2746,#2747,#2748,#2749));
#8163=EDGE_LOOP('',(#2750,#2751,#2752,#2753,#2754,#2755,#2756,#2757,#2758,
#2759,#2760,#2761,#2762,#2763,#2764,#2765,#2766,#2767,#2768));
#8164=EDGE_LOOP('',(#2769,#2770,#2771,#2772));
#8165=EDGE_LOOP('',(#2773,#2774,#2775,#2776,#2777,#2778,#2779,#2780));
#8166=EDGE_LOOP('',(#2781,#2782,#2783,#2784,#2785,#2786,#2787,#2788));
#8167=EDGE_LOOP('',(#2789,#2790,#2791,#2792,#2793,#2794,#2795,#2796));
#8168=EDGE_LOOP('',(#2797,#2798,#2799,#2800,#2801,#2802,#2803,#2804,#2805,
#2806,#2807,#2808,#2809,#2810,#2811,#2812,#2813,#2814,#2815,#2816,#2817,
#2818,#2819));
#8169=EDGE_LOOP('',(#2820,#2821,#2822,#2823,#2824,#2825,#2826,#2827,#2828,
#2829,#2830,#2831,#2832,#2833,#2834,#2835,#2836,#2837,#2838,#2839,#2840,
#2841,#2842,#2843,#2844,#2845,#2846));
#8170=EDGE_LOOP('',(#2847,#2848,#2849,#2850,#2851,#2852,#2853,#2854,#2855,
#2856,#2857,#2858,#2859,#2860));
#8171=EDGE_LOOP('',(#2861,#2862,#2863,#2864,#2865,#2866,#2867,#2868,#2869,
#2870));
#8172=EDGE_LOOP('',(#2871,#2872,#2873,#2874,#2875,#2876,#2877,#2878,#2879,
#2880,#2881,#2882,#2883,#2884));
#8173=EDGE_LOOP('',(#2885,#2886,#2887,#2888,#2889,#2890,#2891,#2892,#2893,
#2894));
#8174=EDGE_LOOP('',(#2895,#2896,#2897,#2898,#2899,#2900,#2901,#2902,#2903,
#2904,#2905,#2906,#2907,#2908,#2909,#2910,#2911,#2912,#2913,#2914,#2915,
#2916,#2917,#2918,#2919,#2920,#2921,#2922));
#8175=EDGE_LOOP('',(#2923,#2924,#2925,#2926,#2927,#2928,#2929,#2930,#2931,
#2932,#2933,#2934,#2935,#2936));
#8176=EDGE_LOOP('',(#2937,#2938,#2939,#2940,#2941,#2942,#2943,#2944,#2945,
#2946));
#8177=EDGE_LOOP('',(#2947,#2948,#2949,#2950,#2951,#2952,#2953,#2954,#2955,
#2956,#2957,#2958,#2959,#2960));
#8178=EDGE_LOOP('',(#2961,#2962,#2963,#2964,#2965,#2966,#2967,#2968,#2969,
#2970));
#8179=EDGE_LOOP('',(#2971,#2972,#2973,#2974,#2975,#2976,#2977,#2978,#2979,
#2980,#2981,#2982,#2983,#2984));
#8180=EDGE_LOOP('',(#2985,#2986,#2987,#2988,#2989,#2990,#2991));
#8181=EDGE_LOOP('',(#2992,#2993,#2994,#2995,#2996,#2997,#2998,#2999,#3000,
#3001,#3002,#3003,#3004,#3005));
#8182=EDGE_LOOP('',(#3006,#3007,#3008,#3009,#3010,#3011));
#8183=EDGE_LOOP('',(#3012,#3013,#3014,#3015,#3016,#3017));
#8184=EDGE_LOOP('',(#3018,#3019,#3020,#3021,#3022,#3023,#3024,#3025,#3026,
#3027,#3028,#3029,#3030,#3031));
#8185=EDGE_LOOP('',(#3032,#3033,#3034,#3035,#3036,#3037,#3038,#3039,#3040,
#3041,#3042,#3043,#3044,#3045,#3046,#3047,#3048,#3049,#3050));
#8186=EDGE_LOOP('',(#3051,#3052,#3053));
#8187=EDGE_LOOP('',(#3054,#3055,#3056,#3057,#3058,#3059,#3060,#3061));
#8188=EDGE_LOOP('',(#3062,#3063,#3064,#3065));
#8189=EDGE_LOOP('',(#3066,#3067,#3068,#3069));
#8190=EDGE_LOOP('',(#3070,#3071,#3072,#3073));
#8191=EDGE_LOOP('',(#3074,#3075,#3076,#3077));
#8192=EDGE_LOOP('',(#3078,#3079,#3080,#3081,#3082,#3083,#3084,#3085));
#8193=EDGE_LOOP('',(#3086));
#8194=EDGE_LOOP('',(#3087));
#8195=EDGE_LOOP('',(#3088));
#8196=EDGE_LOOP('',(#3089));
#8197=EDGE_LOOP('',(#3090));
#8198=EDGE_LOOP('',(#3091));
#8199=EDGE_LOOP('',(#3092));
#8200=EDGE_LOOP('',(#3093));
#8201=EDGE_LOOP('',(#3094));
#8202=EDGE_LOOP('',(#3095));
#8203=EDGE_LOOP('',(#3096));
#8204=EDGE_LOOP('',(#3097));
#8205=EDGE_LOOP('',(#3098));
#8206=EDGE_LOOP('',(#3099));
#8207=EDGE_LOOP('',(#3100));
#8208=EDGE_LOOP('',(#3101));
#8209=EDGE_LOOP('',(#3102,#3103,#3104,#3105));
#8210=EDGE_LOOP('',(#3106,#3107,#3108,#3109));
#8211=EDGE_LOOP('',(#3110,#3111,#3112,#3113));
#8212=EDGE_LOOP('',(#3114,#3115,#3116,#3117));
#8213=EDGE_LOOP('',(#3118,#3119,#3120,#3121));
#8214=EDGE_LOOP('',(#3122));
#8215=EDGE_LOOP('',(#3123));
#8216=EDGE_LOOP('',(#3124));
#8217=EDGE_LOOP('',(#3125));
#8218=EDGE_LOOP('',(#3126));
#8219=EDGE_LOOP('',(#3127));
#8220=EDGE_LOOP('',(#3128));
#8221=EDGE_LOOP('',(#3129));
#8222=EDGE_LOOP('',(#3130,#3131,#3132,#3133,#3134,#3135,#3136,#3137));
#8223=EDGE_LOOP('',(#3138));
#8224=EDGE_LOOP('',(#3139));
#8225=EDGE_LOOP('',(#3140));
#8226=EDGE_LOOP('',(#3141));
#8227=EDGE_LOOP('',(#3142));
#8228=EDGE_LOOP('',(#3143));
#8229=EDGE_LOOP('',(#3144));
#8230=EDGE_LOOP('',(#3145));
#8231=EDGE_LOOP('',(#3146,#3147,#3148,#3149,#3150,#3151,#3152,#3153));
#8232=EDGE_LOOP('',(#3154,#3155,#3156,#3157));
#8233=EDGE_LOOP('',(#3158,#3159,#3160,#3161));
#8234=EDGE_LOOP('',(#3162,#3163,#3164,#3165));
#8235=FACE_BOUND('',#7713,.T.);
#8236=FACE_BOUND('',#7714,.T.);
#8237=FACE_BOUND('',#7715,.T.);
#8238=FACE_BOUND('',#7716,.T.);
#8239=FACE_BOUND('',#7717,.T.);
#8240=FACE_BOUND('',#7718,.T.);
#8241=FACE_BOUND('',#7719,.T.);
#8242=FACE_BOUND('',#7720,.T.);
#8243=FACE_BOUND('',#7721,.T.);
#8244=FACE_BOUND('',#7722,.T.);
#8245=FACE_BOUND('',#7723,.T.);
#8246=FACE_BOUND('',#7724,.T.);
#8247=FACE_BOUND('',#7725,.T.);
#8248=FACE_BOUND('',#7726,.T.);
#8249=FACE_BOUND('',#7727,.T.);
#8250=FACE_BOUND('',#7728,.T.);
#8251=FACE_BOUND('',#7729,.T.);
#8252=FACE_BOUND('',#7730,.T.);
#8253=FACE_BOUND('',#7731,.T.);
#8254=FACE_BOUND('',#7732,.T.);
#8255=FACE_BOUND('',#7733,.T.);
#8256=FACE_BOUND('',#7734,.T.);
#8257=FACE_BOUND('',#7735,.T.);
#8258=FACE_BOUND('',#7736,.T.);
#8259=FACE_BOUND('',#7737,.T.);
#8260=FACE_BOUND('',#7738,.T.);
#8261=FACE_BOUND('',#7739,.T.);
#8262=FACE_BOUND('',#7740,.T.);
#8263=FACE_BOUND('',#7741,.T.);
#8264=FACE_BOUND('',#7742,.T.);
#8265=FACE_BOUND('',#7743,.T.);
#8266=FACE_BOUND('',#7744,.T.);
#8267=FACE_BOUND('',#7745,.T.);
#8268=FACE_BOUND('',#7746,.T.);
#8269=FACE_BOUND('',#7747,.T.);
#8270=FACE_BOUND('',#7748,.T.);
#8271=FACE_BOUND('',#7749,.T.);
#8272=FACE_BOUND('',#7750,.T.);
#8273=FACE_BOUND('',#7751,.T.);
#8274=FACE_BOUND('',#7752,.T.);
#8275=FACE_BOUND('',#7753,.T.);
#8276=FACE_BOUND('',#7754,.T.);
#8277=FACE_BOUND('',#7755,.T.);
#8278=FACE_BOUND('',#7756,.T.);
#8279=FACE_BOUND('',#7757,.T.);
#8280=FACE_BOUND('',#7758,.T.);
#8281=FACE_BOUND('',#7759,.T.);
#8282=FACE_BOUND('',#7760,.T.);
#8283=FACE_BOUND('',#7761,.T.);
#8284=FACE_BOUND('',#7762,.T.);
#8285=FACE_BOUND('',#7763,.T.);
#8286=FACE_BOUND('',#7764,.T.);
#8287=FACE_BOUND('',#7765,.T.);
#8288=FACE_BOUND('',#7766,.T.);
#8289=FACE_BOUND('',#7767,.T.);
#8290=FACE_BOUND('',#7768,.T.);
#8291=FACE_BOUND('',#7769,.T.);
#8292=FACE_BOUND('',#7770,.T.);
#8293=FACE_BOUND('',#7771,.T.);
#8294=FACE_BOUND('',#7772,.T.);
#8295=FACE_BOUND('',#7773,.T.);
#8296=FACE_BOUND('',#7774,.T.);
#8297=FACE_BOUND('',#7775,.T.);
#8298=FACE_BOUND('',#7776,.T.);
#8299=FACE_BOUND('',#7777,.T.);
#8300=FACE_BOUND('',#7778,.T.);
#8301=FACE_BOUND('',#7779,.T.);
#8302=FACE_BOUND('',#7780,.T.);
#8303=FACE_BOUND('',#7781,.T.);
#8304=FACE_BOUND('',#7782,.T.);
#8305=FACE_BOUND('',#7783,.T.);
#8306=FACE_BOUND('',#7784,.T.);
#8307=FACE_BOUND('',#7785,.T.);
#8308=FACE_BOUND('',#7786,.T.);
#8309=FACE_BOUND('',#7787,.T.);
#8310=FACE_BOUND('',#7788,.T.);
#8311=FACE_BOUND('',#7789,.T.);
#8312=FACE_BOUND('',#7790,.T.);
#8313=FACE_BOUND('',#7791,.T.);
#8314=FACE_BOUND('',#7792,.T.);
#8315=FACE_BOUND('',#7793,.T.);
#8316=FACE_BOUND('',#7794,.T.);
#8317=FACE_BOUND('',#7795,.T.);
#8318=FACE_BOUND('',#7796,.T.);
#8319=FACE_BOUND('',#7797,.T.);
#8320=FACE_BOUND('',#7798,.T.);
#8321=FACE_BOUND('',#7799,.T.);
#8322=FACE_BOUND('',#7800,.T.);
#8323=FACE_BOUND('',#7801,.T.);
#8324=FACE_BOUND('',#7802,.T.);
#8325=FACE_BOUND('',#7803,.T.);
#8326=FACE_BOUND('',#7804,.T.);
#8327=FACE_BOUND('',#7805,.T.);
#8328=FACE_BOUND('',#7806,.T.);
#8329=FACE_BOUND('',#7807,.T.);
#8330=FACE_BOUND('',#7808,.T.);
#8331=FACE_BOUND('',#7809,.T.);
#8332=FACE_BOUND('',#7810,.T.);
#8333=FACE_BOUND('',#7811,.T.);
#8334=FACE_BOUND('',#7812,.T.);
#8335=FACE_BOUND('',#7813,.T.);
#8336=FACE_BOUND('',#7814,.T.);
#8337=FACE_BOUND('',#7815,.T.);
#8338=FACE_BOUND('',#7816,.T.);
#8339=FACE_BOUND('',#7817,.T.);
#8340=FACE_BOUND('',#7818,.T.);
#8341=FACE_BOUND('',#7819,.T.);
#8342=FACE_BOUND('',#7820,.T.);
#8343=FACE_BOUND('',#7821,.T.);
#8344=FACE_BOUND('',#7822,.T.);
#8345=FACE_BOUND('',#7823,.T.);
#8346=FACE_BOUND('',#7824,.T.);
#8347=FACE_BOUND('',#7825,.T.);
#8348=FACE_BOUND('',#7826,.T.);
#8349=FACE_BOUND('',#7827,.T.);
#8350=FACE_BOUND('',#7828,.T.);
#8351=FACE_BOUND('',#7829,.T.);
#8352=FACE_BOUND('',#7830,.T.);
#8353=FACE_BOUND('',#7831,.T.);
#8354=FACE_BOUND('',#7832,.T.);
#8355=FACE_BOUND('',#7833,.T.);
#8356=FACE_BOUND('',#7834,.T.);
#8357=FACE_BOUND('',#7835,.T.);
#8358=FACE_BOUND('',#7836,.T.);
#8359=FACE_BOUND('',#7837,.T.);
#8360=FACE_BOUND('',#7838,.T.);
#8361=FACE_BOUND('',#7839,.T.);
#8362=FACE_BOUND('',#7840,.T.);
#8363=FACE_BOUND('',#7841,.T.);
#8364=FACE_BOUND('',#7842,.T.);
#8365=FACE_BOUND('',#7843,.T.);
#8366=FACE_BOUND('',#7844,.T.);
#8367=FACE_BOUND('',#7845,.T.);
#8368=FACE_BOUND('',#7846,.T.);
#8369=FACE_BOUND('',#7847,.T.);
#8370=FACE_BOUND('',#7848,.T.);
#8371=FACE_BOUND('',#7849,.T.);
#8372=FACE_BOUND('',#7850,.T.);
#8373=FACE_BOUND('',#7851,.T.);
#8374=FACE_BOUND('',#7852,.T.);
#8375=FACE_BOUND('',#7853,.T.);
#8376=FACE_BOUND('',#7854,.T.);
#8377=FACE_BOUND('',#7855,.T.);
#8378=FACE_BOUND('',#7856,.T.);
#8379=FACE_BOUND('',#7857,.T.);
#8380=FACE_BOUND('',#7858,.T.);
#8381=FACE_BOUND('',#7859,.T.);
#8382=FACE_BOUND('',#7860,.T.);
#8383=FACE_BOUND('',#7861,.T.);
#8384=FACE_BOUND('',#7862,.T.);
#8385=FACE_BOUND('',#7863,.T.);
#8386=FACE_BOUND('',#7864,.T.);
#8387=FACE_BOUND('',#7865,.T.);
#8388=FACE_BOUND('',#7866,.T.);
#8389=FACE_BOUND('',#7867,.T.);
#8390=FACE_BOUND('',#7868,.T.);
#8391=FACE_BOUND('',#7869,.T.);
#8392=FACE_BOUND('',#7870,.T.);
#8393=FACE_BOUND('',#7871,.T.);
#8394=FACE_BOUND('',#7872,.T.);
#8395=FACE_BOUND('',#7873,.T.);
#8396=FACE_BOUND('',#7874,.T.);
#8397=FACE_BOUND('',#7875,.T.);
#8398=FACE_BOUND('',#7876,.T.);
#8399=FACE_BOUND('',#7877,.T.);
#8400=FACE_BOUND('',#7878,.T.);
#8401=FACE_BOUND('',#7879,.T.);
#8402=FACE_BOUND('',#7880,.T.);
#8403=FACE_BOUND('',#7881,.T.);
#8404=FACE_BOUND('',#7882,.T.);
#8405=FACE_BOUND('',#7883,.T.);
#8406=FACE_BOUND('',#7884,.T.);
#8407=FACE_BOUND('',#7885,.T.);
#8408=FACE_BOUND('',#7886,.T.);
#8409=FACE_BOUND('',#7887,.T.);
#8410=FACE_BOUND('',#7888,.T.);
#8411=FACE_BOUND('',#7889,.T.);
#8412=FACE_BOUND('',#7890,.T.);
#8413=FACE_BOUND('',#7891,.T.);
#8414=FACE_BOUND('',#7892,.T.);
#8415=FACE_BOUND('',#7893,.T.);
#8416=FACE_BOUND('',#7894,.T.);
#8417=FACE_BOUND('',#7895,.T.);
#8418=FACE_BOUND('',#7896,.T.);
#8419=FACE_BOUND('',#7897,.T.);
#8420=FACE_BOUND('',#7898,.T.);
#8421=FACE_BOUND('',#7899,.T.);
#8422=FACE_BOUND('',#7900,.T.);
#8423=FACE_BOUND('',#7901,.T.);
#8424=FACE_BOUND('',#7902,.T.);
#8425=FACE_BOUND('',#7903,.T.);
#8426=FACE_BOUND('',#7904,.T.);
#8427=FACE_BOUND('',#7905,.T.);
#8428=FACE_BOUND('',#7906,.T.);
#8429=FACE_BOUND('',#7907,.T.);
#8430=FACE_BOUND('',#7908,.T.);
#8431=FACE_BOUND('',#7909,.T.);
#8432=FACE_BOUND('',#7910,.T.);
#8433=FACE_BOUND('',#7911,.T.);
#8434=FACE_BOUND('',#7912,.T.);
#8435=FACE_BOUND('',#7913,.T.);
#8436=FACE_BOUND('',#7914,.T.);
#8437=FACE_BOUND('',#7915,.T.);
#8438=FACE_BOUND('',#7916,.T.);
#8439=FACE_BOUND('',#7917,.T.);
#8440=FACE_BOUND('',#7918,.T.);
#8441=FACE_BOUND('',#7919,.T.);
#8442=FACE_BOUND('',#7920,.T.);
#8443=FACE_BOUND('',#7921,.T.);
#8444=FACE_BOUND('',#7922,.T.);
#8445=FACE_BOUND('',#7923,.T.);
#8446=FACE_BOUND('',#7924,.T.);
#8447=FACE_BOUND('',#7925,.T.);
#8448=FACE_BOUND('',#7926,.T.);
#8449=FACE_BOUND('',#7927,.T.);
#8450=FACE_BOUND('',#7928,.T.);
#8451=FACE_BOUND('',#7929,.T.);
#8452=FACE_BOUND('',#7930,.T.);
#8453=FACE_BOUND('',#7931,.T.);
#8454=FACE_BOUND('',#7932,.T.);
#8455=FACE_BOUND('',#7933,.T.);
#8456=FACE_BOUND('',#7934,.T.);
#8457=FACE_BOUND('',#7935,.T.);
#8458=FACE_BOUND('',#7936,.T.);
#8459=FACE_BOUND('',#7937,.T.);
#8460=FACE_BOUND('',#7938,.T.);
#8461=FACE_BOUND('',#7939,.T.);
#8462=FACE_BOUND('',#7940,.T.);
#8463=FACE_BOUND('',#7941,.T.);
#8464=FACE_BOUND('',#7942,.T.);
#8465=FACE_BOUND('',#7943,.T.);
#8466=FACE_BOUND('',#7944,.T.);
#8467=FACE_BOUND('',#7945,.T.);
#8468=FACE_BOUND('',#7946,.T.);
#8469=FACE_BOUND('',#7947,.T.);
#8470=FACE_BOUND('',#7948,.T.);
#8471=FACE_BOUND('',#7949,.T.);
#8472=FACE_BOUND('',#7950,.T.);
#8473=FACE_BOUND('',#7951,.T.);
#8474=FACE_BOUND('',#7952,.T.);
#8475=FACE_BOUND('',#7953,.T.);
#8476=FACE_BOUND('',#7954,.T.);
#8477=FACE_BOUND('',#7955,.T.);
#8478=FACE_BOUND('',#7956,.T.);
#8479=FACE_BOUND('',#7957,.T.);
#8480=FACE_BOUND('',#7958,.T.);
#8481=FACE_BOUND('',#7959,.T.);
#8482=FACE_BOUND('',#7960,.T.);
#8483=FACE_BOUND('',#7961,.T.);
#8484=FACE_BOUND('',#7962,.T.);
#8485=FACE_BOUND('',#7963,.T.);
#8486=FACE_BOUND('',#7964,.T.);
#8487=FACE_BOUND('',#7965,.T.);
#8488=FACE_BOUND('',#7966,.T.);
#8489=FACE_BOUND('',#7967,.T.);
#8490=FACE_BOUND('',#7968,.T.);
#8491=FACE_BOUND('',#7969,.T.);
#8492=FACE_BOUND('',#7970,.T.);
#8493=FACE_BOUND('',#7971,.T.);
#8494=FACE_BOUND('',#7972,.T.);
#8495=FACE_BOUND('',#7973,.T.);
#8496=FACE_BOUND('',#7974,.T.);
#8497=FACE_BOUND('',#7975,.T.);
#8498=FACE_BOUND('',#7976,.T.);
#8499=FACE_BOUND('',#7977,.T.);
#8500=FACE_BOUND('',#7978,.T.);
#8501=FACE_BOUND('',#7979,.T.);
#8502=FACE_BOUND('',#7980,.T.);
#8503=FACE_BOUND('',#7981,.T.);
#8504=FACE_BOUND('',#7982,.T.);
#8505=FACE_BOUND('',#7983,.T.);
#8506=FACE_BOUND('',#7984,.T.);
#8507=FACE_BOUND('',#7985,.T.);
#8508=FACE_BOUND('',#7986,.T.);
#8509=FACE_BOUND('',#7987,.T.);
#8510=FACE_BOUND('',#7988,.T.);
#8511=FACE_BOUND('',#7989,.T.);
#8512=FACE_BOUND('',#7990,.T.);
#8513=FACE_BOUND('',#7991,.T.);
#8514=FACE_BOUND('',#7992,.T.);
#8515=FACE_BOUND('',#7993,.T.);
#8516=FACE_BOUND('',#7994,.T.);
#8517=FACE_BOUND('',#7995,.T.);
#8518=FACE_BOUND('',#7996,.T.);
#8519=FACE_BOUND('',#7997,.T.);
#8520=FACE_BOUND('',#7998,.T.);
#8521=FACE_BOUND('',#7999,.T.);
#8522=FACE_BOUND('',#8000,.T.);
#8523=FACE_BOUND('',#8001,.T.);
#8524=FACE_BOUND('',#8002,.T.);
#8525=FACE_BOUND('',#8003,.T.);
#8526=FACE_BOUND('',#8004,.T.);
#8527=FACE_BOUND('',#8005,.T.);
#8528=FACE_BOUND('',#8006,.T.);
#8529=FACE_BOUND('',#8007,.T.);
#8530=FACE_BOUND('',#8008,.T.);
#8531=FACE_BOUND('',#8009,.T.);
#8532=FACE_BOUND('',#8010,.T.);
#8533=FACE_BOUND('',#8011,.T.);
#8534=FACE_BOUND('',#8012,.T.);
#8535=FACE_BOUND('',#8013,.T.);
#8536=FACE_BOUND('',#8014,.T.);
#8537=FACE_BOUND('',#8015,.T.);
#8538=FACE_BOUND('',#8016,.T.);
#8539=FACE_BOUND('',#8017,.T.);
#8540=FACE_BOUND('',#8018,.T.);
#8541=FACE_BOUND('',#8019,.T.);
#8542=FACE_BOUND('',#8020,.T.);
#8543=FACE_BOUND('',#8021,.T.);
#8544=FACE_BOUND('',#8022,.T.);
#8545=FACE_BOUND('',#8023,.T.);
#8546=FACE_BOUND('',#8024,.T.);
#8547=FACE_BOUND('',#8025,.T.);
#8548=FACE_BOUND('',#8026,.T.);
#8549=FACE_BOUND('',#8027,.T.);
#8550=FACE_BOUND('',#8028,.T.);
#8551=FACE_BOUND('',#8029,.T.);
#8552=FACE_BOUND('',#8030,.T.);
#8553=FACE_BOUND('',#8031,.T.);
#8554=FACE_BOUND('',#8032,.T.);
#8555=FACE_BOUND('',#8033,.T.);
#8556=FACE_BOUND('',#8034,.T.);
#8557=FACE_BOUND('',#8035,.T.);
#8558=FACE_BOUND('',#8036,.T.);
#8559=FACE_BOUND('',#8037,.T.);
#8560=FACE_BOUND('',#8038,.T.);
#8561=FACE_BOUND('',#8039,.T.);
#8562=FACE_BOUND('',#8040,.T.);
#8563=FACE_BOUND('',#8041,.T.);
#8564=FACE_BOUND('',#8042,.T.);
#8565=FACE_BOUND('',#8043,.T.);
#8566=FACE_BOUND('',#8044,.T.);
#8567=FACE_BOUND('',#8045,.T.);
#8568=FACE_BOUND('',#8046,.T.);
#8569=FACE_BOUND('',#8047,.T.);
#8570=FACE_BOUND('',#8048,.T.);
#8571=FACE_BOUND('',#8049,.T.);
#8572=FACE_BOUND('',#8050,.T.);
#8573=FACE_BOUND('',#8051,.T.);
#8574=FACE_BOUND('',#8052,.T.);
#8575=FACE_BOUND('',#8053,.T.);
#8576=FACE_BOUND('',#8054,.T.);
#8577=FACE_BOUND('',#8055,.T.);
#8578=FACE_BOUND('',#8056,.T.);
#8579=FACE_BOUND('',#8057,.T.);
#8580=FACE_BOUND('',#8058,.T.);
#8581=FACE_BOUND('',#8059,.T.);
#8582=FACE_BOUND('',#8060,.T.);
#8583=FACE_BOUND('',#8061,.T.);
#8584=FACE_BOUND('',#8062,.T.);
#8585=FACE_BOUND('',#8063,.T.);
#8586=FACE_BOUND('',#8064,.T.);
#8587=FACE_BOUND('',#8065,.T.);
#8588=FACE_BOUND('',#8066,.T.);
#8589=FACE_BOUND('',#8067,.T.);
#8590=FACE_BOUND('',#8068,.T.);
#8591=FACE_BOUND('',#8069,.T.);
#8592=FACE_BOUND('',#8070,.T.);
#8593=FACE_BOUND('',#8071,.T.);
#8594=FACE_BOUND('',#8072,.T.);
#8595=FACE_BOUND('',#8073,.T.);
#8596=FACE_BOUND('',#8074,.T.);
#8597=FACE_BOUND('',#8075,.T.);
#8598=FACE_BOUND('',#8076,.T.);
#8599=FACE_BOUND('',#8077,.T.);
#8600=FACE_BOUND('',#8078,.T.);
#8601=FACE_BOUND('',#8079,.T.);
#8602=FACE_BOUND('',#8080,.T.);
#8603=FACE_BOUND('',#8081,.T.);
#8604=FACE_BOUND('',#8082,.T.);
#8605=FACE_BOUND('',#8083,.T.);
#8606=FACE_BOUND('',#8084,.T.);
#8607=FACE_BOUND('',#8085,.T.);
#8608=FACE_BOUND('',#8086,.T.);
#8609=FACE_BOUND('',#8087,.T.);
#8610=FACE_BOUND('',#8088,.T.);
#8611=FACE_BOUND('',#8089,.T.);
#8612=FACE_BOUND('',#8090,.T.);
#8613=FACE_BOUND('',#8091,.T.);
#8614=FACE_BOUND('',#8092,.T.);
#8615=FACE_BOUND('',#8093,.T.);
#8616=FACE_BOUND('',#8094,.T.);
#8617=FACE_BOUND('',#8095,.T.);
#8618=FACE_BOUND('',#8096,.T.);
#8619=FACE_BOUND('',#8097,.T.);
#8620=FACE_BOUND('',#8098,.T.);
#8621=FACE_BOUND('',#8099,.T.);
#8622=FACE_BOUND('',#8100,.T.);
#8623=FACE_BOUND('',#8101,.T.);
#8624=FACE_BOUND('',#8102,.T.);
#8625=FACE_BOUND('',#8103,.T.);
#8626=FACE_BOUND('',#8104,.T.);
#8627=FACE_BOUND('',#8105,.T.);
#8628=FACE_BOUND('',#8106,.T.);
#8629=FACE_BOUND('',#8107,.T.);
#8630=FACE_BOUND('',#8108,.T.);
#8631=FACE_BOUND('',#8109,.T.);
#8632=FACE_BOUND('',#8110,.T.);
#8633=FACE_BOUND('',#8111,.T.);
#8634=FACE_BOUND('',#8112,.T.);
#8635=FACE_BOUND('',#8113,.T.);
#8636=FACE_BOUND('',#8114,.T.);
#8637=FACE_BOUND('',#8115,.T.);
#8638=FACE_BOUND('',#8116,.T.);
#8639=FACE_BOUND('',#8117,.T.);
#8640=FACE_BOUND('',#8118,.T.);
#8641=FACE_BOUND('',#8119,.T.);
#8642=FACE_BOUND('',#8120,.T.);
#8643=FACE_BOUND('',#8121,.T.);
#8644=FACE_BOUND('',#8122,.T.);
#8645=FACE_BOUND('',#8123,.T.);
#8646=FACE_BOUND('',#8124,.T.);
#8647=FACE_BOUND('',#8125,.T.);
#8648=FACE_BOUND('',#8126,.T.);
#8649=FACE_BOUND('',#8127,.T.);
#8650=FACE_BOUND('',#8128,.T.);
#8651=FACE_BOUND('',#8129,.T.);
#8652=FACE_BOUND('',#8130,.T.);
#8653=FACE_BOUND('',#8131,.T.);
#8654=FACE_BOUND('',#8132,.T.);
#8655=FACE_BOUND('',#8133,.T.);
#8656=FACE_BOUND('',#8134,.T.);
#8657=FACE_BOUND('',#8135,.T.);
#8658=FACE_BOUND('',#8136,.T.);
#8659=FACE_BOUND('',#8137,.T.);
#8660=FACE_BOUND('',#8138,.T.);
#8661=FACE_BOUND('',#8139,.T.);
#8662=FACE_BOUND('',#8140,.T.);
#8663=FACE_BOUND('',#8141,.T.);
#8664=FACE_BOUND('',#8142,.T.);
#8665=FACE_BOUND('',#8143,.T.);
#8666=FACE_BOUND('',#8144,.T.);
#8667=FACE_BOUND('',#8145,.T.);
#8668=FACE_BOUND('',#8146,.T.);
#8669=FACE_BOUND('',#8147,.T.);
#8670=FACE_BOUND('',#8148,.T.);
#8671=FACE_BOUND('',#8149,.T.);
#8672=FACE_BOUND('',#8150,.T.);
#8673=FACE_BOUND('',#8151,.T.);
#8674=FACE_BOUND('',#8152,.T.);
#8675=FACE_BOUND('',#8153,.T.);
#8676=FACE_BOUND('',#8154,.T.);
#8677=FACE_BOUND('',#8155,.T.);
#8678=FACE_BOUND('',#8156,.T.);
#8679=FACE_BOUND('',#8157,.T.);
#8680=FACE_BOUND('',#8158,.T.);
#8681=FACE_BOUND('',#8159,.T.);
#8682=FACE_BOUND('',#8160,.T.);
#8683=FACE_BOUND('',#8161,.T.);
#8684=FACE_BOUND('',#8162,.T.);
#8685=FACE_BOUND('',#8163,.T.);
#8686=FACE_BOUND('',#8164,.T.);
#8687=FACE_BOUND('',#8165,.T.);
#8688=FACE_BOUND('',#8166,.T.);
#8689=FACE_BOUND('',#8167,.T.);
#8690=FACE_BOUND('',#8168,.T.);
#8691=FACE_BOUND('',#8169,.T.);
#8692=FACE_BOUND('',#8170,.T.);
#8693=FACE_BOUND('',#8171,.T.);
#8694=FACE_BOUND('',#8172,.T.);
#8695=FACE_BOUND('',#8173,.T.);
#8696=FACE_BOUND('',#8174,.T.);
#8697=FACE_BOUND('',#8175,.T.);
#8698=FACE_BOUND('',#8176,.T.);
#8699=FACE_BOUND('',#8177,.T.);
#8700=FACE_BOUND('',#8178,.T.);
#8701=FACE_BOUND('',#8179,.T.);
#8702=FACE_BOUND('',#8180,.T.);
#8703=FACE_BOUND('',#8181,.T.);
#8704=FACE_BOUND('',#8182,.T.);
#8705=FACE_BOUND('',#8183,.T.);
#8706=FACE_BOUND('',#8184,.T.);
#8707=FACE_BOUND('',#8185,.T.);
#8708=FACE_BOUND('',#8186,.T.);
#8709=FACE_BOUND('',#8187,.T.);
#8710=FACE_BOUND('',#8188,.T.);
#8711=FACE_BOUND('',#8189,.T.);
#8712=FACE_BOUND('',#8190,.T.);
#8713=FACE_BOUND('',#8191,.T.);
#8714=FACE_BOUND('',#8192,.T.);
#8715=FACE_BOUND('',#8193,.T.);
#8716=FACE_BOUND('',#8194,.T.);
#8717=FACE_BOUND('',#8195,.T.);
#8718=FACE_BOUND('',#8196,.T.);
#8719=FACE_BOUND('',#8197,.T.);
#8720=FACE_BOUND('',#8198,.T.);
#8721=FACE_BOUND('',#8199,.T.);
#8722=FACE_BOUND('',#8200,.T.);
#8723=FACE_BOUND('',#8201,.T.);
#8724=FACE_BOUND('',#8202,.T.);
#8725=FACE_BOUND('',#8203,.T.);
#8726=FACE_BOUND('',#8204,.T.);
#8727=FACE_BOUND('',#8205,.T.);
#8728=FACE_BOUND('',#8206,.T.);
#8729=FACE_BOUND('',#8207,.T.);
#8730=FACE_BOUND('',#8208,.T.);
#8731=FACE_BOUND('',#8209,.T.);
#8732=FACE_BOUND('',#8210,.T.);
#8733=FACE_BOUND('',#8211,.T.);
#8734=FACE_BOUND('',#8212,.T.);
#8735=FACE_BOUND('',#8213,.T.);
#8736=FACE_BOUND('',#8214,.T.);
#8737=FACE_BOUND('',#8215,.T.);
#8738=FACE_BOUND('',#8216,.T.);
#8739=FACE_BOUND('',#8217,.T.);
#8740=FACE_BOUND('',#8218,.T.);
#8741=FACE_BOUND('',#8219,.T.);
#8742=FACE_BOUND('',#8220,.T.);
#8743=FACE_BOUND('',#8221,.T.);
#8744=FACE_BOUND('',#8222,.T.);
#8745=FACE_BOUND('',#8223,.T.);
#8746=FACE_BOUND('',#8224,.T.);
#8747=FACE_BOUND('',#8225,.T.);
#8748=FACE_BOUND('',#8226,.T.);
#8749=FACE_BOUND('',#8227,.T.);
#8750=FACE_BOUND('',#8228,.T.);
#8751=FACE_BOUND('',#8229,.T.);
#8752=FACE_BOUND('',#8230,.T.);
#8753=FACE_BOUND('',#8231,.T.);
#8754=FACE_BOUND('',#8232,.T.);
#8755=FACE_BOUND('',#8233,.T.);
#8756=FACE_BOUND('',#8234,.T.);
#8757=PLANE('',#10267);
#8758=PLANE('',#10271);
#8759=PLANE('',#10272);
#8760=PLANE('',#10273);
#8761=PLANE('',#10277);
#8762=PLANE('',#10281);
#8763=PLANE('',#10285);
#8764=PLANE('',#10286);
#8765=PLANE('',#10287);
#8766=PLANE('',#10291);
#8767=PLANE('',#10295);
#8768=PLANE('',#10299);
#8769=PLANE('',#10300);
#8770=PLANE('',#10301);
#8771=PLANE('',#10305);
#8772=PLANE('',#10309);
#8773=PLANE('',#10313);
#8774=PLANE('',#10314);
#8775=PLANE('',#10315);
#8776=PLANE('',#10319);
#8777=PLANE('',#10320);
#8778=PLANE('',#10324);
#8779=PLANE('',#10325);
#8780=PLANE('',#10326);
#8781=PLANE('',#10330);
#8782=PLANE('',#10331);
#8783=PLANE('',#10335);
#8784=PLANE('',#10336);
#8785=PLANE('',#10337);
#8786=PLANE('',#10341);
#8787=PLANE('',#10345);
#8788=PLANE('',#10349);
#8789=PLANE('',#10350);
#8790=PLANE('',#10351);
#8791=PLANE('',#10355);
#8792=PLANE('',#10359);
#8793=PLANE('',#10363);
#8794=PLANE('',#10364);
#8795=PLANE('',#10365);
#8796=PLANE('',#10369);
#8797=PLANE('',#10373);
#8798=PLANE('',#10377);
#8799=PLANE('',#10378);
#8800=PLANE('',#10379);
#8801=PLANE('',#10383);
#8802=PLANE('',#10387);
#8803=PLANE('',#10388);
#8804=PLANE('',#10392);
#8805=PLANE('',#10393);
#8806=PLANE('',#10397);
#8807=PLANE('',#10398);
#8808=PLANE('',#10402);
#8809=PLANE('',#10403);
#8810=PLANE('',#10407);
#8811=PLANE('',#10408);
#8812=PLANE('',#10412);
#8813=PLANE('',#10413);
#8814=PLANE('',#10417);
#8815=PLANE('',#10418);
#8816=PLANE('',#10422);
#8817=PLANE('',#10423);
#8818=PLANE('',#10424);
#8819=PLANE('',#10425);
#8820=PLANE('',#10426);
#8821=PLANE('',#10427);
#8822=PLANE('',#10428);
#8823=PLANE('',#10429);
#8824=PLANE('',#10430);
#8825=PLANE('',#10431);
#8826=PLANE('',#10432);
#8827=PLANE('',#10433);
#8828=PLANE('',#10434);
#8829=PLANE('',#10435);
#8830=PLANE('',#10436);
#8831=PLANE('',#10437);
#8832=PLANE('',#10438);
#8833=PLANE('',#10439);
#8834=PLANE('',#10440);
#8835=PLANE('',#10441);
#8836=PLANE('',#10442);
#8837=PLANE('',#10443);
#8838=PLANE('',#10444);
#8839=PLANE('',#10445);
#8840=PLANE('',#10446);
#8841=PLANE('',#10447);
#8842=PLANE('',#10448);
#8843=PLANE('',#10449);
#8844=PLANE('',#10450);
#8845=PLANE('',#10451);
#8846=PLANE('',#10452);
#8847=PLANE('',#10453);
#8848=PLANE('',#10454);
#8849=PLANE('',#10455);
#8850=PLANE('',#10456);
#8851=PLANE('',#10457);
#8852=PLANE('',#10458);
#8853=PLANE('',#10459);
#8854=PLANE('',#10460);
#8855=PLANE('',#10461);
#8856=PLANE('',#10463);
#8857=PLANE('',#10478);
#8858=PLANE('',#10480);
#8859=PLANE('',#10484);
#8860=PLANE('',#10489);
#8861=PLANE('',#10491);
#8862=PLANE('',#10492);
#8863=PLANE('',#10493);
#8864=PLANE('',#10494);
#8865=PLANE('',#10496);
#8866=PLANE('',#10497);
#8867=PLANE('',#10498);
#8868=PLANE('',#10499);
#8869=PLANE('',#10500);
#8870=PLANE('',#10502);
#8871=PLANE('',#10506);
#8872=PLANE('',#10511);
#8873=PLANE('',#10512);
#8874=PLANE('',#10513);
#8875=PLANE('',#10514);
#8876=PLANE('',#10516);
#8877=PLANE('',#10517);
#8878=PLANE('',#10520);
#8879=PLANE('',#10524);
#8880=PLANE('',#10529);
#8881=PLANE('',#10531);
#8882=PLANE('',#10532);
#8883=PLANE('',#10533);
#8884=PLANE('',#10534);
#8885=PLANE('',#10536);
#8886=PLANE('',#10537);
#8887=PLANE('',#10538);
#8888=PLANE('',#10539);
#8889=PLANE('',#10540);
#8890=PLANE('',#10542);
#8891=PLANE('',#10546);
#8892=PLANE('',#10551);
#8893=PLANE('',#10552);
#8894=PLANE('',#10553);
#8895=PLANE('',#10554);
#8896=PLANE('',#10555);
#8897=PLANE('',#10556);
#8898=PLANE('',#10558);
#8899=PLANE('',#10559);
#8900=PLANE('',#10560);
#8901=PLANE('',#10563);
#8902=PLANE('',#10566);
#8903=PLANE('',#10569);
#8904=PLANE('',#10570);
#8905=PLANE('',#10571);
#8906=PLANE('',#10573);
#8907=PLANE('',#10574);
#8908=PLANE('',#10575);
#8909=PLANE('',#10578);
#8910=PLANE('',#10581);
#8911=PLANE('',#10584);
#8912=PLANE('',#10585);
#8913=PLANE('',#10586);
#8914=PLANE('',#10588);
#8915=PLANE('',#10589);
#8916=PLANE('',#10590);
#8917=PLANE('',#10591);
#8918=PLANE('',#10593);
#8919=PLANE('',#10594);
#8920=PLANE('',#10596);
#8921=PLANE('',#10599);
#8922=PLANE('',#10602);
#8923=PLANE('',#10603);
#8924=PLANE('',#10604);
#8925=PLANE('',#10605);
#8926=PLANE('',#10606);
#8927=PLANE('',#10607);
#8928=PLANE('',#10608);
#8929=PLANE('',#10609);
#8930=PLANE('',#10611);
#8931=PLANE('',#10612);
#8932=PLANE('',#10613);
#8933=PLANE('',#10614);
#8934=PLANE('',#10615);
#8935=PLANE('',#10618);
#8936=PLANE('',#10621);
#8937=PLANE('',#10624);
#8938=PLANE('',#10625);
#8939=PLANE('',#10627);
#8940=PLANE('',#10628);
#8941=PLANE('',#10629);
#8942=PLANE('',#10632);
#8943=PLANE('',#10635);
#8944=PLANE('',#10638);
#8945=PLANE('',#10639);
#8946=PLANE('',#10640);
#8947=PLANE('',#10641);
#8948=PLANE('',#10643);
#8949=PLANE('',#10644);
#8950=PLANE('',#10645);
#8951=PLANE('',#10648);
#8952=PLANE('',#10653);
#8953=PLANE('',#10658);
#8954=PLANE('',#10660);
#8955=PLANE('',#10662);
#8956=PLANE('',#10664);
#8957=PLANE('',#10667);
#8958=PLANE('',#10672);
#8959=PLANE('',#10677);
#8960=PLANE('',#10679);
#8961=PLANE('',#10681);
#8962=PLANE('',#10683);
#8963=PLANE('',#10686);
#8964=PLANE('',#10691);
#8965=PLANE('',#10696);
#8966=PLANE('',#10698);
#8967=PLANE('',#10700);
#8968=PLANE('',#10702);
#8969=PLANE('',#10705);
#8970=PLANE('',#10710);
#8971=PLANE('',#10715);
#8972=PLANE('',#10717);
#8973=PLANE('',#10719);
#8974=PLANE('',#10721);
#8975=PLANE('',#10724);
#8976=PLANE('',#10729);
#8977=PLANE('',#10734);
#8978=PLANE('',#10736);
#8979=PLANE('',#10738);
#8980=PLANE('',#10740);
#8981=PLANE('',#10743);
#8982=PLANE('',#10748);
#8983=PLANE('',#10753);
#8984=PLANE('',#10755);
#8985=PLANE('',#10757);
#8986=PLANE('',#10759);
#8987=PLANE('',#10762);
#8988=PLANE('',#10767);
#8989=PLANE('',#10772);
#8990=PLANE('',#10774);
#8991=PLANE('',#10776);
#8992=PLANE('',#10778);
#8993=PLANE('',#10784);
#8994=PLANE('',#10786);
#8995=PLANE('',#10793);
#8996=PLANE('',#10795);
#8997=PLANE('',#10802);
#8998=PLANE('',#10804);
#8999=PLANE('',#10808);
#9000=PLANE('',#10813);
#9001=PLANE('',#10818);
#9002=PLANE('',#10820);
#9003=PLANE('',#10822);
#9004=PLANE('',#10824);
#9005=PLANE('',#10830);
#9006=PLANE('',#10832);
#9007=PLANE('',#10839);
#9008=PLANE('',#10841);
#9009=PLANE('',#10848);
#9010=PLANE('',#10850);
#9011=PLANE('',#10854);
#9012=PLANE('',#10859);
#9013=PLANE('',#10864);
#9014=PLANE('',#10866);
#9015=PLANE('',#10868);
#9016=PLANE('',#10870);
#9017=PLANE('',#10873);
#9018=PLANE('',#10878);
#9019=PLANE('',#10883);
#9020=PLANE('',#10885);
#9021=PLANE('',#10887);
#9022=PLANE('',#10889);
#9023=PLANE('',#10892);
#9024=PLANE('',#10897);
#9025=PLANE('',#10902);
#9026=PLANE('',#10904);
#9027=PLANE('',#10906);
#9028=PLANE('',#10908);
#9029=PLANE('',#10911);
#9030=PLANE('',#10916);
#9031=PLANE('',#10921);
#9032=PLANE('',#10923);
#9033=PLANE('',#10925);
#9034=PLANE('',#10927);
#9035=PLANE('',#10930);
#9036=PLANE('',#10932);
#9037=PLANE('',#10936);
#9038=PLANE('',#10938);
#9039=PLANE('',#10942);
#9040=PLANE('',#10948);
#9041=PLANE('',#10954);
#9042=PLANE('',#10958);
#9043=PLANE('',#10966);
#9044=PLANE('',#10976);
#9045=PLANE('',#10982);
#9046=PLANE('',#10996);
#9047=PLANE('',#11003);
#9048=PLANE('',#11009);
#9049=PLANE('',#11014);
#9050=PLANE('',#11020);
#9051=PLANE('',#11029);
#9052=PLANE('',#11035);
#9053=PLANE('',#11040);
#9054=PLANE('',#11045);
#9055=PLANE('',#11050);
#9056=PLANE('',#11056);
#9057=PLANE('',#11066);
#9058=PLANE('',#11073);
#9059=PLANE('',#11078);
#9060=PLANE('',#11111);
#9061=PLANE('',#11112);
#9062=PLANE('',#11119);
#9063=PLANE('',#11121);
#9064=PLANE('',#11123);
#9065=PLANE('',#11124);
#9066=ADVANCED_FACE('',(#8235),#8757,.F.);
#9067=ADVANCED_FACE('',(#8236),#612,.T.);
#9068=ADVANCED_FACE('',(#8237),#8758,.F.);
#9069=ADVANCED_FACE('',(#8238),#8759,.F.);
#9070=ADVANCED_FACE('',(#8239),#8760,.F.);
#9071=ADVANCED_FACE('',(#8240),#613,.F.);
#9072=ADVANCED_FACE('',(#8241),#8761,.F.);
#9073=ADVANCED_FACE('',(#8242),#614,.T.);
#9074=ADVANCED_FACE('',(#8243),#8762,.F.);
#9075=ADVANCED_FACE('',(#8244),#615,.T.);
#9076=ADVANCED_FACE('',(#8245),#8763,.F.);
#9077=ADVANCED_FACE('',(#8246),#8764,.F.);
#9078=ADVANCED_FACE('',(#8247),#8765,.F.);
#9079=ADVANCED_FACE('',(#8248),#616,.F.);
#9080=ADVANCED_FACE('',(#8249),#8766,.F.);
#9081=ADVANCED_FACE('',(#8250),#617,.T.);
#9082=ADVANCED_FACE('',(#8251),#8767,.F.);
#9083=ADVANCED_FACE('',(#8252),#618,.T.);
#9084=ADVANCED_FACE('',(#8253),#8768,.F.);
#9085=ADVANCED_FACE('',(#8254),#8769,.F.);
#9086=ADVANCED_FACE('',(#8255),#8770,.F.);
#9087=ADVANCED_FACE('',(#8256),#619,.F.);
#9088=ADVANCED_FACE('',(#8257),#8771,.F.);
#9089=ADVANCED_FACE('',(#8258),#620,.T.);
#9090=ADVANCED_FACE('',(#8259),#8772,.F.);
#9091=ADVANCED_FACE('',(#8260),#621,.T.);
#9092=ADVANCED_FACE('',(#8261),#8773,.F.);
#9093=ADVANCED_FACE('',(#8262),#8774,.F.);
#9094=ADVANCED_FACE('',(#8263),#8775,.F.);
#9095=ADVANCED_FACE('',(#8264),#622,.F.);
#9096=ADVANCED_FACE('',(#8265),#8776,.F.);
#9097=ADVANCED_FACE('',(#8266),#8777,.F.);
#9098=ADVANCED_FACE('',(#8267),#623,.T.);
#9099=ADVANCED_FACE('',(#8268),#8778,.F.);
#9100=ADVANCED_FACE('',(#8269),#8779,.F.);
#9101=ADVANCED_FACE('',(#8270),#8780,.F.);
#9102=ADVANCED_FACE('',(#8271),#624,.F.);
#9103=ADVANCED_FACE('',(#8272),#8781,.F.);
#9104=ADVANCED_FACE('',(#8273),#8782,.F.);
#9105=ADVANCED_FACE('',(#8274),#625,.T.);
#9106=ADVANCED_FACE('',(#8275),#8783,.F.);
#9107=ADVANCED_FACE('',(#8276),#8784,.F.);
#9108=ADVANCED_FACE('',(#8277),#8785,.F.);
#9109=ADVANCED_FACE('',(#8278),#626,.F.);
#9110=ADVANCED_FACE('',(#8279),#8786,.F.);
#9111=ADVANCED_FACE('',(#8280),#627,.T.);
#9112=ADVANCED_FACE('',(#8281),#8787,.F.);
#9113=ADVANCED_FACE('',(#8282),#628,.T.);
#9114=ADVANCED_FACE('',(#8283),#8788,.F.);
#9115=ADVANCED_FACE('',(#8284),#8789,.F.);
#9116=ADVANCED_FACE('',(#8285),#8790,.F.);
#9117=ADVANCED_FACE('',(#8286),#629,.F.);
#9118=ADVANCED_FACE('',(#8287),#8791,.F.);
#9119=ADVANCED_FACE('',(#8288),#630,.T.);
#9120=ADVANCED_FACE('',(#8289),#8792,.F.);
#9121=ADVANCED_FACE('',(#8290),#631,.T.);
#9122=ADVANCED_FACE('',(#8291),#8793,.F.);
#9123=ADVANCED_FACE('',(#8292),#8794,.F.);
#9124=ADVANCED_FACE('',(#8293),#8795,.F.);
#9125=ADVANCED_FACE('',(#8294),#632,.F.);
#9126=ADVANCED_FACE('',(#8295),#8796,.F.);
#9127=ADVANCED_FACE('',(#8296),#633,.T.);
#9128=ADVANCED_FACE('',(#8297),#8797,.F.);
#9129=ADVANCED_FACE('',(#8298),#634,.T.);
#9130=ADVANCED_FACE('',(#8299),#8798,.F.);
#9131=ADVANCED_FACE('',(#8300),#8799,.F.);
#9132=ADVANCED_FACE('',(#8301),#8800,.T.);
#9133=ADVANCED_FACE('',(#8302),#635,.T.);
#9134=ADVANCED_FACE('',(#8303),#8801,.F.);
#9135=ADVANCED_FACE('',(#8304),#636,.F.);
#9136=ADVANCED_FACE('',(#8305),#8802,.T.);
#9137=ADVANCED_FACE('',(#8306),#8803,.F.);
#9138=ADVANCED_FACE('',(#8307),#637,.F.);
#9139=ADVANCED_FACE('',(#8308),#8804,.T.);
#9140=ADVANCED_FACE('',(#8309),#8805,.F.);
#9141=ADVANCED_FACE('',(#8310),#638,.F.);
#9142=ADVANCED_FACE('',(#8311),#8806,.T.);
#9143=ADVANCED_FACE('',(#8312),#8807,.F.);
#9144=ADVANCED_FACE('',(#8313),#639,.F.);
#9145=ADVANCED_FACE('',(#8314),#8808,.T.);
#9146=ADVANCED_FACE('',(#8315),#8809,.T.);
#9147=ADVANCED_FACE('',(#8316),#640,.F.);
#9148=ADVANCED_FACE('',(#8317),#8810,.F.);
#9149=ADVANCED_FACE('',(#8318),#8811,.T.);
#9150=ADVANCED_FACE('',(#8319),#641,.F.);
#9151=ADVANCED_FACE('',(#8320),#8812,.F.);
#9152=ADVANCED_FACE('',(#8321),#8813,.T.);
#9153=ADVANCED_FACE('',(#8322),#642,.F.);
#9154=ADVANCED_FACE('',(#8323),#8814,.F.);
#9155=ADVANCED_FACE('',(#8324),#8815,.T.);
#9156=ADVANCED_FACE('',(#8325),#643,.F.);
#9157=ADVANCED_FACE('',(#8326),#8816,.F.);
#9158=ADVANCED_FACE('',(#8327),#8817,.F.);
#9159=ADVANCED_FACE('',(#8328),#8818,.F.);
#9160=ADVANCED_FACE('',(#8329),#8819,.F.);
#9161=ADVANCED_FACE('',(#8330),#8820,.F.);
#9162=ADVANCED_FACE('',(#8331),#8821,.F.);
#9163=ADVANCED_FACE('',(#8332),#8822,.F.);
#9164=ADVANCED_FACE('',(#8333),#8823,.F.);
#9165=ADVANCED_FACE('',(#8334),#8824,.F.);
#9166=ADVANCED_FACE('',(#8335),#8825,.F.);
#9167=ADVANCED_FACE('',(#8336),#8826,.F.);
#9168=ADVANCED_FACE('',(#8337),#8827,.F.);
#9169=ADVANCED_FACE('',(#8338),#8828,.F.);
#9170=ADVANCED_FACE('',(#8339),#8829,.F.);
#9171=ADVANCED_FACE('',(#8340),#8830,.F.);
#9172=ADVANCED_FACE('',(#8341),#8831,.F.);
#9173=ADVANCED_FACE('',(#8342),#8832,.F.);
#9174=ADVANCED_FACE('',(#8343),#8833,.F.);
#9175=ADVANCED_FACE('',(#8344),#8834,.F.);
#9176=ADVANCED_FACE('',(#8345),#8835,.F.);
#9177=ADVANCED_FACE('',(#8346),#8836,.F.);
#9178=ADVANCED_FACE('',(#8347),#8837,.F.);
#9179=ADVANCED_FACE('',(#8348),#8838,.F.);
#9180=ADVANCED_FACE('',(#8349),#8839,.F.);
#9181=ADVANCED_FACE('',(#8350),#8840,.F.);
#9182=ADVANCED_FACE('',(#8351),#8841,.F.);
#9183=ADVANCED_FACE('',(#8352),#8842,.F.);
#9184=ADVANCED_FACE('',(#8353),#8843,.F.);
#9185=ADVANCED_FACE('',(#8354,#8355),#8844,.F.);
#9186=ADVANCED_FACE('',(#8356),#8845,.F.);
#9187=ADVANCED_FACE('',(#8357),#8846,.F.);
#9188=ADVANCED_FACE('',(#8358),#8847,.F.);
#9189=ADVANCED_FACE('',(#8359),#8848,.F.);
#9190=ADVANCED_FACE('',(#8360),#8849,.F.);
#9191=ADVANCED_FACE('',(#8361),#8850,.F.);
#9192=ADVANCED_FACE('',(#8362),#8851,.F.);
#9193=ADVANCED_FACE('',(#8363),#8852,.F.);
#9194=ADVANCED_FACE('',(#8364),#8853,.F.);
#9195=ADVANCED_FACE('',(#8365),#8854,.F.);
#9196=ADVANCED_FACE('',(#8366),#8855,.F.);
#9197=ADVANCED_FACE('',(#8367),#8856,.T.);
#9198=ADVANCED_FACE('',(#8368),#126,.T.);
#9199=ADVANCED_FACE('',(#8369,#8370),#644,.T.);
#9200=ADVANCED_FACE('',(#8371),#116,.T.);
#9201=ADVANCED_FACE('',(#8372),#117,.T.);
#9202=ADVANCED_FACE('',(#8373),#127,.T.);
#9203=ADVANCED_FACE('',(#8374,#8375),#645,.T.);
#9204=ADVANCED_FACE('',(#8376),#8857,.T.);
#9205=ADVANCED_FACE('',(#8377,#8378),#8858,.T.);
#9206=ADVANCED_FACE('',(#8379,#8380),#8859,.F.);
#9207=ADVANCED_FACE('',(#8381,#8382),#646,.F.);
#9208=ADVANCED_FACE('',(#8383),#8860,.T.);
#9209=ADVANCED_FACE('',(#8384),#647,.T.);
#9210=ADVANCED_FACE('',(#8385),#8861,.T.);
#9211=ADVANCED_FACE('',(#8386),#8862,.T.);
#9212=ADVANCED_FACE('',(#8387),#8863,.T.);
#9213=ADVANCED_FACE('',(#8388),#8864,.T.);
#9214=ADVANCED_FACE('',(#8389),#648,.T.);
#9215=ADVANCED_FACE('',(#8390),#8865,.T.);
#9216=ADVANCED_FACE('',(#8391),#8866,.T.);
#9217=ADVANCED_FACE('',(#8392),#8867,.T.);
#9218=ADVANCED_FACE('',(#8393),#8868,.T.);
#9219=ADVANCED_FACE('',(#8394),#8869,.T.);
#9220=ADVANCED_FACE('',(#8395,#8396),#8870,.T.);
#9221=ADVANCED_FACE('',(#8397,#8398),#8871,.F.);
#9222=ADVANCED_FACE('',(#8399,#8400),#649,.F.);
#9223=ADVANCED_FACE('',(#8401),#8872,.F.);
#9224=ADVANCED_FACE('',(#8402),#8873,.F.);
#9225=ADVANCED_FACE('',(#8403),#8874,.F.);
#9226=ADVANCED_FACE('',(#8404),#8875,.F.);
#9227=ADVANCED_FACE('',(#8405),#650,.T.);
#9228=ADVANCED_FACE('',(#8406),#8876,.F.);
#9229=ADVANCED_FACE('',(#8407),#8877,.F.);
#9230=ADVANCED_FACE('',(#8408),#651,.T.);
#9231=ADVANCED_FACE('',(#8409,#8410),#8878,.T.);
#9232=ADVANCED_FACE('',(#8411,#8412),#8879,.F.);
#9233=ADVANCED_FACE('',(#8413,#8414),#652,.F.);
#9234=ADVANCED_FACE('',(#8415),#8880,.T.);
#9235=ADVANCED_FACE('',(#8416),#653,.T.);
#9236=ADVANCED_FACE('',(#8417),#8881,.T.);
#9237=ADVANCED_FACE('',(#8418),#8882,.T.);
#9238=ADVANCED_FACE('',(#8419),#8883,.T.);
#9239=ADVANCED_FACE('',(#8420),#8884,.T.);
#9240=ADVANCED_FACE('',(#8421),#654,.T.);
#9241=ADVANCED_FACE('',(#8422),#8885,.T.);
#9242=ADVANCED_FACE('',(#8423),#8886,.T.);
#9243=ADVANCED_FACE('',(#8424),#8887,.T.);
#9244=ADVANCED_FACE('',(#8425),#8888,.T.);
#9245=ADVANCED_FACE('',(#8426),#8889,.T.);
#9246=ADVANCED_FACE('',(#8427,#8428),#8890,.T.);
#9247=ADVANCED_FACE('',(#8429,#8430),#8891,.F.);
#9248=ADVANCED_FACE('',(#8431,#8432),#655,.F.);
#9249=ADVANCED_FACE('',(#8433),#8892,.F.);
#9250=ADVANCED_FACE('',(#8434),#8893,.F.);
#9251=ADVANCED_FACE('',(#8435),#8894,.F.);
#9252=ADVANCED_FACE('',(#8436),#8895,.F.);
#9253=ADVANCED_FACE('',(#8437),#8896,.F.);
#9254=ADVANCED_FACE('',(#8438),#8897,.F.);
#9255=ADVANCED_FACE('',(#8439),#656,.T.);
#9256=ADVANCED_FACE('',(#8440),#8898,.F.);
#9257=ADVANCED_FACE('',(#8441),#8899,.F.);
#9258=ADVANCED_FACE('',(#8442),#8900,.F.);
#9259=ADVANCED_FACE('',(#8443),#657,.T.);
#9260=ADVANCED_FACE('',(#8444),#8901,.T.);
#9261=ADVANCED_FACE('',(#8445),#8902,.F.);
#9262=ADVANCED_FACE('',(#8446),#8903,.T.);
#9263=ADVANCED_FACE('',(#8447),#8904,.T.);
#9264=ADVANCED_FACE('',(#8448),#8905,.T.);
#9265=ADVANCED_FACE('',(#8449),#658,.F.);
#9266=ADVANCED_FACE('',(#8450),#8906,.T.);
#9267=ADVANCED_FACE('',(#8451),#8907,.T.);
#9268=ADVANCED_FACE('',(#8452),#8908,.T.);
#9269=ADVANCED_FACE('',(#8453),#659,.T.);
#9270=ADVANCED_FACE('',(#8454),#8909,.T.);
#9271=ADVANCED_FACE('',(#8455),#8910,.F.);
#9272=ADVANCED_FACE('',(#8456),#8911,.T.);
#9273=ADVANCED_FACE('',(#8457),#8912,.T.);
#9274=ADVANCED_FACE('',(#8458),#8913,.T.);
#9275=ADVANCED_FACE('',(#8459),#660,.F.);
#9276=ADVANCED_FACE('',(#8460),#8914,.T.);
#9277=ADVANCED_FACE('',(#8461),#8915,.T.);
#9278=ADVANCED_FACE('',(#8462),#8916,.T.);
#9279=ADVANCED_FACE('',(#8463),#8917,.T.);
#9280=ADVANCED_FACE('',(#8464),#661,.T.);
#9281=ADVANCED_FACE('',(#8465),#8918,.T.);
#9282=ADVANCED_FACE('',(#8466),#8919,.T.);
#9283=ADVANCED_FACE('',(#8467),#8920,.T.);
#9284=ADVANCED_FACE('',(#8468),#8921,.F.);
#9285=ADVANCED_FACE('',(#8469),#8922,.F.);
#9286=ADVANCED_FACE('',(#8470),#8923,.F.);
#9287=ADVANCED_FACE('',(#8471),#8924,.F.);
#9288=ADVANCED_FACE('',(#8472),#8925,.F.);
#9289=ADVANCED_FACE('',(#8473),#8926,.F.);
#9290=ADVANCED_FACE('',(#8474),#8927,.F.);
#9291=ADVANCED_FACE('',(#8475),#8928,.F.);
#9292=ADVANCED_FACE('',(#8476),#8929,.F.);
#9293=ADVANCED_FACE('',(#8477),#662,.F.);
#9294=ADVANCED_FACE('',(#8478),#8930,.F.);
#9295=ADVANCED_FACE('',(#8479),#8931,.F.);
#9296=ADVANCED_FACE('',(#8480),#8932,.F.);
#9297=ADVANCED_FACE('',(#8481),#8933,.F.);
#9298=ADVANCED_FACE('',(#8482),#8934,.F.);
#9299=ADVANCED_FACE('',(#8483),#663,.T.);
#9300=ADVANCED_FACE('',(#8484),#8935,.T.);
#9301=ADVANCED_FACE('',(#8485),#8936,.F.);
#9302=ADVANCED_FACE('',(#8486),#8937,.T.);
#9303=ADVANCED_FACE('',(#8487),#8938,.T.);
#9304=ADVANCED_FACE('',(#8488),#664,.T.);
#9305=ADVANCED_FACE('',(#8489),#8939,.T.);
#9306=ADVANCED_FACE('',(#8490),#8940,.T.);
#9307=ADVANCED_FACE('',(#8491),#8941,.T.);
#9308=ADVANCED_FACE('',(#8492),#665,.F.);
#9309=ADVANCED_FACE('',(#8493),#8942,.T.);
#9310=ADVANCED_FACE('',(#8494),#8943,.F.);
#9311=ADVANCED_FACE('',(#8495),#8944,.F.);
#9312=ADVANCED_FACE('',(#8496),#8945,.F.);
#9313=ADVANCED_FACE('',(#8497),#8946,.F.);
#9314=ADVANCED_FACE('',(#8498),#8947,.F.);
#9315=ADVANCED_FACE('',(#8499),#666,.F.);
#9316=ADVANCED_FACE('',(#8500),#8948,.F.);
#9317=ADVANCED_FACE('',(#8501),#8949,.F.);
#9318=ADVANCED_FACE('',(#8502),#8950,.F.);
#9319=ADVANCED_FACE('',(#8503),#667,.T.);
#9320=ADVANCED_FACE('',(#8504),#8951,.T.);
#9321=ADVANCED_FACE('',(#8505),#8952,.F.);
#9322=ADVANCED_FACE('',(#8506),#8953,.T.);
#9323=ADVANCED_FACE('',(#8507),#668,.T.);
#9324=ADVANCED_FACE('',(#8508),#8954,.T.);
#9325=ADVANCED_FACE('',(#8509),#669,.T.);
#9326=ADVANCED_FACE('',(#8510),#8955,.T.);
#9327=ADVANCED_FACE('',(#8511),#670,.T.);
#9328=ADVANCED_FACE('',(#8512),#8956,.T.);
#9329=ADVANCED_FACE('',(#8513),#671,.T.);
#9330=ADVANCED_FACE('',(#8514),#8957,.T.);
#9331=ADVANCED_FACE('',(#8515),#8958,.F.);
#9332=ADVANCED_FACE('',(#8516),#8959,.F.);
#9333=ADVANCED_FACE('',(#8517),#672,.T.);
#9334=ADVANCED_FACE('',(#8518),#8960,.F.);
#9335=ADVANCED_FACE('',(#8519),#673,.T.);
#9336=ADVANCED_FACE('',(#8520),#8961,.F.);
#9337=ADVANCED_FACE('',(#8521),#674,.T.);
#9338=ADVANCED_FACE('',(#8522),#8962,.F.);
#9339=ADVANCED_FACE('',(#8523),#675,.T.);
#9340=ADVANCED_FACE('',(#8524),#8963,.T.);
#9341=ADVANCED_FACE('',(#8525),#8964,.F.);
#9342=ADVANCED_FACE('',(#8526),#8965,.T.);
#9343=ADVANCED_FACE('',(#8527),#676,.T.);
#9344=ADVANCED_FACE('',(#8528),#8966,.T.);
#9345=ADVANCED_FACE('',(#8529),#677,.T.);
#9346=ADVANCED_FACE('',(#8530),#8967,.T.);
#9347=ADVANCED_FACE('',(#8531),#678,.T.);
#9348=ADVANCED_FACE('',(#8532),#8968,.T.);
#9349=ADVANCED_FACE('',(#8533),#679,.T.);
#9350=ADVANCED_FACE('',(#8534),#8969,.T.);
#9351=ADVANCED_FACE('',(#8535),#8970,.F.);
#9352=ADVANCED_FACE('',(#8536),#8971,.F.);
#9353=ADVANCED_FACE('',(#8537),#680,.T.);
#9354=ADVANCED_FACE('',(#8538),#8972,.F.);
#9355=ADVANCED_FACE('',(#8539),#681,.T.);
#9356=ADVANCED_FACE('',(#8540),#8973,.F.);
#9357=ADVANCED_FACE('',(#8541),#682,.T.);
#9358=ADVANCED_FACE('',(#8542),#8974,.F.);
#9359=ADVANCED_FACE('',(#8543),#683,.T.);
#9360=ADVANCED_FACE('',(#8544),#8975,.T.);
#9361=ADVANCED_FACE('',(#8545),#8976,.F.);
#9362=ADVANCED_FACE('',(#8546),#8977,.T.);
#9363=ADVANCED_FACE('',(#8547),#684,.T.);
#9364=ADVANCED_FACE('',(#8548),#8978,.T.);
#9365=ADVANCED_FACE('',(#8549),#685,.T.);
#9366=ADVANCED_FACE('',(#8550),#8979,.T.);
#9367=ADVANCED_FACE('',(#8551),#686,.T.);
#9368=ADVANCED_FACE('',(#8552),#8980,.T.);
#9369=ADVANCED_FACE('',(#8553),#687,.T.);
#9370=ADVANCED_FACE('',(#8554),#8981,.T.);
#9371=ADVANCED_FACE('',(#8555),#8982,.F.);
#9372=ADVANCED_FACE('',(#8556),#8983,.T.);
#9373=ADVANCED_FACE('',(#8557),#688,.T.);
#9374=ADVANCED_FACE('',(#8558),#8984,.T.);
#9375=ADVANCED_FACE('',(#8559),#689,.T.);
#9376=ADVANCED_FACE('',(#8560),#8985,.T.);
#9377=ADVANCED_FACE('',(#8561),#690,.T.);
#9378=ADVANCED_FACE('',(#8562),#8986,.T.);
#9379=ADVANCED_FACE('',(#8563),#691,.T.);
#9380=ADVANCED_FACE('',(#8564),#8987,.T.);
#9381=ADVANCED_FACE('',(#8565),#8988,.F.);
#9382=ADVANCED_FACE('',(#8566),#8989,.F.);
#9383=ADVANCED_FACE('',(#8567),#692,.T.);
#9384=ADVANCED_FACE('',(#8568),#8990,.F.);
#9385=ADVANCED_FACE('',(#8569),#693,.T.);
#9386=ADVANCED_FACE('',(#8570),#8991,.F.);
#9387=ADVANCED_FACE('',(#8571),#694,.T.);
#9388=ADVANCED_FACE('',(#8572),#8992,.F.);
#9389=ADVANCED_FACE('',(#8573),#695,.T.);
#9390=ADVANCED_FACE('',(#8574,#8575),#696,.F.);
#9391=ADVANCED_FACE('',(#8576,#8577),#8993,.T.);
#9392=ADVANCED_FACE('',(#8578,#8579),#8994,.F.);
#9393=ADVANCED_FACE('',(#8580,#8581),#697,.T.);
#9394=ADVANCED_FACE('',(#8582,#8583),#698,.F.);
#9395=ADVANCED_FACE('',(#8584,#8585),#8995,.T.);
#9396=ADVANCED_FACE('',(#8586,#8587),#8996,.F.);
#9397=ADVANCED_FACE('',(#8588,#8589),#699,.T.);
#9398=ADVANCED_FACE('',(#8590,#8591),#700,.F.);
#9399=ADVANCED_FACE('',(#8592,#8593),#8997,.T.);
#9400=ADVANCED_FACE('',(#8594,#8595),#8998,.F.);
#9401=ADVANCED_FACE('',(#8596,#8597),#701,.T.);
#9402=ADVANCED_FACE('',(#8598),#8999,.T.);
#9403=ADVANCED_FACE('',(#8599),#9000,.F.);
#9404=ADVANCED_FACE('',(#8600),#9001,.T.);
#9405=ADVANCED_FACE('',(#8601),#702,.T.);
#9406=ADVANCED_FACE('',(#8602),#9002,.T.);
#9407=ADVANCED_FACE('',(#8603),#703,.T.);
#9408=ADVANCED_FACE('',(#8604),#9003,.T.);
#9409=ADVANCED_FACE('',(#8605),#704,.T.);
#9410=ADVANCED_FACE('',(#8606),#9004,.T.);
#9411=ADVANCED_FACE('',(#8607),#705,.T.);
#9412=ADVANCED_FACE('',(#8608,#8609),#706,.F.);
#9413=ADVANCED_FACE('',(#8610,#8611),#9005,.T.);
#9414=ADVANCED_FACE('',(#8612,#8613),#9006,.F.);
#9415=ADVANCED_FACE('',(#8614,#8615),#707,.T.);
#9416=ADVANCED_FACE('',(#8616,#8617),#708,.F.);
#9417=ADVANCED_FACE('',(#8618,#8619),#9007,.T.);
#9418=ADVANCED_FACE('',(#8620,#8621),#9008,.F.);
#9419=ADVANCED_FACE('',(#8622,#8623),#709,.T.);
#9420=ADVANCED_FACE('',(#8624,#8625),#710,.F.);
#9421=ADVANCED_FACE('',(#8626,#8627),#9009,.T.);
#9422=ADVANCED_FACE('',(#8628,#8629),#9010,.F.);
#9423=ADVANCED_FACE('',(#8630,#8631),#711,.T.);
#9424=ADVANCED_FACE('',(#8632),#9011,.T.);
#9425=ADVANCED_FACE('',(#8633),#9012,.F.);
#9426=ADVANCED_FACE('',(#8634),#9013,.F.);
#9427=ADVANCED_FACE('',(#8635),#712,.T.);
#9428=ADVANCED_FACE('',(#8636),#9014,.F.);
#9429=ADVANCED_FACE('',(#8637),#713,.T.);
#9430=ADVANCED_FACE('',(#8638),#9015,.F.);
#9431=ADVANCED_FACE('',(#8639),#714,.T.);
#9432=ADVANCED_FACE('',(#8640),#9016,.F.);
#9433=ADVANCED_FACE('',(#8641),#715,.T.);
#9434=ADVANCED_FACE('',(#8642),#9017,.T.);
#9435=ADVANCED_FACE('',(#8643),#9018,.F.);
#9436=ADVANCED_FACE('',(#8644),#9019,.T.);
#9437=ADVANCED_FACE('',(#8645),#716,.T.);
#9438=ADVANCED_FACE('',(#8646),#9020,.T.);
#9439=ADVANCED_FACE('',(#8647),#717,.T.);
#9440=ADVANCED_FACE('',(#8648),#9021,.T.);
#9441=ADVANCED_FACE('',(#8649),#718,.T.);
#9442=ADVANCED_FACE('',(#8650),#9022,.T.);
#9443=ADVANCED_FACE('',(#8651),#719,.T.);
#9444=ADVANCED_FACE('',(#8652),#9023,.T.);
#9445=ADVANCED_FACE('',(#8653),#9024,.F.);
#9446=ADVANCED_FACE('',(#8654),#9025,.T.);
#9447=ADVANCED_FACE('',(#8655),#720,.T.);
#9448=ADVANCED_FACE('',(#8656),#9026,.T.);
#9449=ADVANCED_FACE('',(#8657),#721,.T.);
#9450=ADVANCED_FACE('',(#8658),#9027,.T.);
#9451=ADVANCED_FACE('',(#8659),#722,.T.);
#9452=ADVANCED_FACE('',(#8660),#9028,.T.);
#9453=ADVANCED_FACE('',(#8661),#723,.T.);
#9454=ADVANCED_FACE('',(#8662),#9029,.T.);
#9455=ADVANCED_FACE('',(#8663),#9030,.F.);
#9456=ADVANCED_FACE('',(#8664),#9031,.T.);
#9457=ADVANCED_FACE('',(#8665),#724,.T.);
#9458=ADVANCED_FACE('',(#8666),#9032,.T.);
#9459=ADVANCED_FACE('',(#8667),#725,.T.);
#9460=ADVANCED_FACE('',(#8668),#9033,.T.);
#9461=ADVANCED_FACE('',(#8669),#726,.T.);
#9462=ADVANCED_FACE('',(#8670),#9034,.T.);
#9463=ADVANCED_FACE('',(#8671),#727,.T.);
#9464=ADVANCED_FACE('',(#8672),#9035,.T.);
#9465=ADVANCED_FACE('',(#8673),#9036,.F.);
#9466=ADVANCED_FACE('',(#8674,#8675),#728,.T.);
#9467=ADVANCED_FACE('',(#8676),#9037,.T.);
#9468=ADVANCED_FACE('',(#8677),#9038,.F.);
#9469=ADVANCED_FACE('',(#8678,#8679),#729,.T.);
#9470=ADVANCED_FACE('',(#8680),#9039,.T.);
#9471=ADVANCED_FACE('',(#8681),#9040,.T.);
#9472=ADVANCED_FACE('',(#8682),#9041,.T.);
#9473=ADVANCED_FACE('',(#8683),#9042,.T.);
#9474=ADVANCED_FACE('',(#8684,#8685),#9043,.T.);
#9475=ADVANCED_FACE('',(#8686,#8687),#9044,.T.);
#9476=ADVANCED_FACE('',(#8688,#8689,#8690),#9045,.T.);
#9477=ADVANCED_FACE('',(#8691),#9046,.T.);
#9478=ADVANCED_FACE('',(#8692),#9047,.T.);
#9479=ADVANCED_FACE('',(#8693,#8694),#9048,.T.);
#9480=ADVANCED_FACE('',(#8695),#9049,.T.);
#9481=ADVANCED_FACE('',(#8696),#9050,.T.);
#9482=ADVANCED_FACE('',(#8697),#9051,.T.);
#9483=ADVANCED_FACE('',(#8698,#8699),#9052,.T.);
#9484=ADVANCED_FACE('',(#8700,#8701),#9053,.T.);
#9485=ADVANCED_FACE('',(#8702),#9054,.T.);
#9486=ADVANCED_FACE('',(#8703),#9055,.T.);
#9487=ADVANCED_FACE('',(#8704,#8705,#8706),#9056,.T.);
#9488=ADVANCED_FACE('',(#8707),#9057,.T.);
#9489=ADVANCED_FACE('',(#8708,#8709),#9058,.T.);
#9490=ADVANCED_FACE('',(#8710,#8711,#8712,#8713,#8714),#9059,.T.);
#9491=ADVANCED_FACE('',(#8715,#8716),#730,.F.);
#9492=ADVANCED_FACE('',(#8717,#8718),#731,.F.);
#9493=ADVANCED_FACE('',(#8719,#8720),#732,.F.);
#9494=ADVANCED_FACE('',(#8721,#8722),#733,.F.);
#9495=ADVANCED_FACE('',(#8723,#8724),#734,.F.);
#9496=ADVANCED_FACE('',(#8725,#8726),#735,.F.);
#9497=ADVANCED_FACE('',(#8727,#8728),#736,.F.);
#9498=ADVANCED_FACE('',(#8729,#8730),#737,.F.);
#9499=ADVANCED_FACE('',(#8731),#738,.T.);
#9500=ADVANCED_FACE('',(#8732),#9060,.T.);
#9501=ADVANCED_FACE('',(#8733),#9061,.T.);
#9502=ADVANCED_FACE('',(#8734),#739,.T.);
#9503=ADVANCED_FACE('',(#8735),#740,.T.);
#9504=ADVANCED_FACE('',(#8736,#8737,#8738,#8739,#8740,#8741,#8742,#8743,
#8744),#9062,.T.);
#9505=ADVANCED_FACE('',(#8745,#8746,#8747,#8748,#8749,#8750,#8751,#8752,
#8753),#9063,.F.);
#9506=ADVANCED_FACE('',(#8754),#9064,.T.);
#9507=ADVANCED_FACE('',(#8755),#9065,.T.);
#9508=ADVANCED_FACE('',(#8756),#741,.T.);
#9509=CLOSED_SHELL('',(#9066,#9067,#9068,#9069,#9070,#9071,#9072,#9073,
#9074,#9075,#9076,#9077,#9078,#9079,#9080,#9081,#9082,#9083,#9084,#9085,
#9086,#9087,#9088,#9089,#9090,#9091,#9092,#9093,#9094,#9095,#9096,#9097,
#9098,#9099,#9100,#9101,#9102,#9103,#9104,#9105,#9106,#9107,#9108,#9109,
#9110,#9111,#9112,#9113,#9114,#9115,#9116,#9117,#9118,#9119,#9120,#9121,
#9122,#9123,#9124,#9125,#9126,#9127,#9128,#9129,#9130,#9131,#9132,#9133,
#9134,#9135,#9136,#9137,#9138,#9139,#9140,#9141,#9142,#9143,#9144,#9145,
#9146,#9147,#9148,#9149,#9150,#9151,#9152,#9153,#9154,#9155,#9156,#9157,
#9158,#9159,#9160,#9161,#9162,#9163,#9164,#9165,#9166,#9167,#9168,#9169,
#9170,#9171,#9172,#9173,#9174,#9175,#9176,#9177,#9178,#9179,#9180,#9181,
#9182,#9183,#9184,#9185,#9186,#9187,#9188,#9189,#9190,#9191,#9192,#9193,
#9194,#9195,#9196));
#9510=CLOSED_SHELL('',(#9197,#9198,#9199,#9200,#9201,#9202,#9203,#9204));
#9511=CLOSED_SHELL('',(#9205,#9206,#9207,#9208,#9209,#9210,#9211,#9212,
#9213,#9214,#9215,#9216,#9217,#9218,#9219));
#9512=CLOSED_SHELL('',(#9220,#9221,#9222,#9223,#9224,#9225,#9226,#9227,
#9228,#9229,#9230));
#9513=CLOSED_SHELL('',(#9231,#9232,#9233,#9234,#9235,#9236,#9237,#9238,
#9239,#9240,#9241,#9242,#9243,#9244,#9245));
#9514=CLOSED_SHELL('',(#9246,#9247,#9248,#9249,#9250,#9251,#9252,#9253,
#9254,#9255,#9256,#9257,#9258,#9259));
#9515=CLOSED_SHELL('',(#9260,#9261,#9262,#9263,#9264,#9265,#9266,#9267,
#9268,#9269));
#9516=CLOSED_SHELL('',(#9270,#9271,#9272,#9273,#9274,#9275,#9276,#9277,
#9278,#9279,#9280,#9281,#9282));
#9517=CLOSED_SHELL('',(#9283,#9284,#9285,#9286,#9287,#9288,#9289,#9290,
#9291,#9292,#9293,#9294,#9295,#9296,#9297,#9298,#9299));
#9518=CLOSED_SHELL('',(#9300,#9301,#9302,#9303,#9304,#9305,#9306,#9307,
#9308));
#9519=CLOSED_SHELL('',(#9309,#9310,#9311,#9312,#9313,#9314,#9315,#9316,
#9317,#9318,#9319));
#9520=CLOSED_SHELL('',(#9320,#9321,#9322,#9323,#9324,#9325,#9326,#9327,
#9328,#9329));
#9521=CLOSED_SHELL('',(#9330,#9331,#9332,#9333,#9334,#9335,#9336,#9337,
#9338,#9339));
#9522=CLOSED_SHELL('',(#9340,#9341,#9342,#9343,#9344,#9345,#9346,#9347,
#9348,#9349));
#9523=CLOSED_SHELL('',(#9350,#9351,#9352,#9353,#9354,#9355,#9356,#9357,
#9358,#9359));
#9524=CLOSED_SHELL('',(#9360,#9361,#9362,#9363,#9364,#9365,#9366,#9367,
#9368,#9369));
#9525=CLOSED_SHELL('',(#9370,#9371,#9372,#9373,#9374,#9375,#9376,#9377,
#9378,#9379));
#9526=CLOSED_SHELL('',(#9380,#9381,#9382,#9383,#9384,#9385,#9386,#9387,
#9388,#9389));
#9527=CLOSED_SHELL('',(#9390,#9391,#9392,#9393));
#9528=CLOSED_SHELL('',(#9394,#9395,#9396,#9397));
#9529=CLOSED_SHELL('',(#9398,#9399,#9400,#9401));
#9530=CLOSED_SHELL('',(#9402,#9403,#9404,#9405,#9406,#9407,#9408,#9409,
#9410,#9411));
#9531=CLOSED_SHELL('',(#9412,#9413,#9414,#9415));
#9532=CLOSED_SHELL('',(#9416,#9417,#9418,#9419));
#9533=CLOSED_SHELL('',(#9420,#9421,#9422,#9423));
#9534=CLOSED_SHELL('',(#9424,#9425,#9426,#9427,#9428,#9429,#9430,#9431,
#9432,#9433));
#9535=CLOSED_SHELL('',(#9434,#9435,#9436,#9437,#9438,#9439,#9440,#9441,
#9442,#9443));
#9536=CLOSED_SHELL('',(#9444,#9445,#9446,#9447,#9448,#9449,#9450,#9451,
#9452,#9453));
#9537=CLOSED_SHELL('',(#9454,#9455,#9456,#9457,#9458,#9459,#9460,#9461,
#9462,#9463));
#9538=CLOSED_SHELL('',(#9464,#9465,#9466));
#9539=CLOSED_SHELL('',(#9467,#9468,#9469));
#9540=CLOSED_SHELL('',(#9491,#9492,#9493,#9494,#9495,#9496,#9497,#9498,
#9499,#9500,#9501,#9502,#9503,#9504,#9505,#9506,#9507,#9508));
#9541=STYLED_ITEM('',(#9594),#10128);
#9542=STYLED_ITEM('',(#9628),#10129);
#9543=STYLED_ITEM('',(#9631),#10130);
#9544=STYLED_ITEM('',(#9632),#10131);
#9545=STYLED_ITEM('',(#9633),#10132);
#9546=STYLED_ITEM('',(#9634),#10133);
#9547=STYLED_ITEM('',(#9635),#10134);
#9548=STYLED_ITEM('',(#9636),#10135);
#9549=STYLED_ITEM('',(#9637),#10136);
#9550=STYLED_ITEM('',(#9638),#10137);
#9551=STYLED_ITEM('',(#9639),#10138);
#9552=STYLED_ITEM('',(#9640),#10139);
#9553=STYLED_ITEM('',(#9641),#10140);
#9554=STYLED_ITEM('',(#9642),#10141);
#9555=STYLED_ITEM('',(#9643),#10142);
#9556=STYLED_ITEM('',(#9644),#10143);
#9557=STYLED_ITEM('',(#9645),#10144);
#9558=STYLED_ITEM('',(#9646),#10145);
#9559=STYLED_ITEM('',(#9647),#10146);
#9560=STYLED_ITEM('',(#9648),#10147);
#9561=STYLED_ITEM('',(#9649),#10148);
#9562=STYLED_ITEM('',(#9650),#10149);
#9563=STYLED_ITEM('',(#9651),#10150);
#9564=STYLED_ITEM('',(#9652),#10151);
#9565=STYLED_ITEM('',(#9653),#10152);
#9566=STYLED_ITEM('',(#9654),#10153);
#9567=STYLED_ITEM('',(#9655),#10154);
#9568=STYLED_ITEM('',(#9656),#10155);
#9569=STYLED_ITEM('',(#9657),#10156);
#9570=STYLED_ITEM('',(#9658),#10157);
#9571=STYLED_ITEM('',(#9659),#10158);
#9572=STYLED_ITEM('',(#9660),#95);
#9573=STYLED_ITEM('',(#9661),#96);
#9574=STYLED_ITEM('',(#9662),#97);
#9575=STYLED_ITEM('',(#9663),#98);
#9576=STYLED_ITEM('',(#9664),#99);
#9577=STYLED_ITEM('',(#9665),#100);
#9578=STYLED_ITEM('',(#9666),#101);
#9579=STYLED_ITEM('',(#9667),#102);
#9580=STYLED_ITEM('',(#9668),#103);
#9581=STYLED_ITEM('',(#9669),#104);
#9582=STYLED_ITEM('',(#9670),#105);
#9583=STYLED_ITEM('',(#9671),#106);
#9584=STYLED_ITEM('',(#9672),#107);
#9585=STYLED_ITEM('',(#9673),#108);
#9586=STYLED_ITEM('',(#9674),#109);
#9587=STYLED_ITEM('',(#9675),#110);
#9588=STYLED_ITEM('',(#9676),#111);
#9589=STYLED_ITEM('',(#9677),#112);
#9590=STYLED_ITEM('',(#9678),#113);
#9591=STYLED_ITEM('',(#9679),#114);
#9592=STYLED_ITEM('',(#9680),#115);
#9593=STYLED_ITEM('',(#9681),#10159);
#9594=PRESENTATION_STYLE_ASSIGNMENT((#9682));
#9595=PRESENTATION_STYLE_ASSIGNMENT((#9683));
#9596=PRESENTATION_STYLE_ASSIGNMENT((#9684));
#9597=PRESENTATION_STYLE_ASSIGNMENT((#9685));
#9598=PRESENTATION_STYLE_ASSIGNMENT((#9686));
#9599=PRESENTATION_STYLE_ASSIGNMENT((#9687));
#9600=PRESENTATION_STYLE_ASSIGNMENT((#9688));
#9601=PRESENTATION_STYLE_ASSIGNMENT((#9689));
#9602=PRESENTATION_STYLE_ASSIGNMENT((#9690));
#9603=PRESENTATION_STYLE_ASSIGNMENT((#9691));
#9604=PRESENTATION_STYLE_ASSIGNMENT((#9692));
#9605=PRESENTATION_STYLE_ASSIGNMENT((#9693));
#9606=PRESENTATION_STYLE_ASSIGNMENT((#9694));
#9607=PRESENTATION_STYLE_ASSIGNMENT((#9695));
#9608=PRESENTATION_STYLE_ASSIGNMENT((#9696));
#9609=PRESENTATION_STYLE_ASSIGNMENT((#9697));
#9610=PRESENTATION_STYLE_ASSIGNMENT((#9698));
#9611=PRESENTATION_STYLE_ASSIGNMENT((#9699));
#9612=PRESENTATION_STYLE_ASSIGNMENT((#9700));
#9613=PRESENTATION_STYLE_ASSIGNMENT((#9701));
#9614=PRESENTATION_STYLE_ASSIGNMENT((#9702));
#9615=PRESENTATION_STYLE_ASSIGNMENT((#9703));
#9616=PRESENTATION_STYLE_ASSIGNMENT((#9704));
#9617=PRESENTATION_STYLE_ASSIGNMENT((#9705));
#9618=PRESENTATION_STYLE_ASSIGNMENT((#9706));
#9619=PRESENTATION_STYLE_ASSIGNMENT((#9707));
#9620=PRESENTATION_STYLE_ASSIGNMENT((#9708));
#9621=PRESENTATION_STYLE_ASSIGNMENT((#9709));
#9622=PRESENTATION_STYLE_ASSIGNMENT((#9710));
#9623=PRESENTATION_STYLE_ASSIGNMENT((#9711));
#9624=PRESENTATION_STYLE_ASSIGNMENT((#9712));
#9625=PRESENTATION_STYLE_ASSIGNMENT((#9713));
#9626=PRESENTATION_STYLE_ASSIGNMENT((#9714));
#9627=PRESENTATION_STYLE_ASSIGNMENT((#9715));
#9628=PRESENTATION_STYLE_ASSIGNMENT((#9716));
#9629=PRESENTATION_STYLE_ASSIGNMENT((#9717));
#9630=PRESENTATION_STYLE_ASSIGNMENT((#9718));
#9631=PRESENTATION_STYLE_ASSIGNMENT((#9719));
#9632=PRESENTATION_STYLE_ASSIGNMENT((#9720));
#9633=PRESENTATION_STYLE_ASSIGNMENT((#9721));
#9634=PRESENTATION_STYLE_ASSIGNMENT((#9722));
#9635=PRESENTATION_STYLE_ASSIGNMENT((#9723));
#9636=PRESENTATION_STYLE_ASSIGNMENT((#9724));
#9637=PRESENTATION_STYLE_ASSIGNMENT((#9725));
#9638=PRESENTATION_STYLE_ASSIGNMENT((#9726));
#9639=PRESENTATION_STYLE_ASSIGNMENT((#9727));
#9640=PRESENTATION_STYLE_ASSIGNMENT((#9728));
#9641=PRESENTATION_STYLE_ASSIGNMENT((#9729));
#9642=PRESENTATION_STYLE_ASSIGNMENT((#9730));
#9643=PRESENTATION_STYLE_ASSIGNMENT((#9731));
#9644=PRESENTATION_STYLE_ASSIGNMENT((#9732));
#9645=PRESENTATION_STYLE_ASSIGNMENT((#9733));
#9646=PRESENTATION_STYLE_ASSIGNMENT((#9734));
#9647=PRESENTATION_STYLE_ASSIGNMENT((#9735));
#9648=PRESENTATION_STYLE_ASSIGNMENT((#9736));
#9649=PRESENTATION_STYLE_ASSIGNMENT((#9737));
#9650=PRESENTATION_STYLE_ASSIGNMENT((#9738));
#9651=PRESENTATION_STYLE_ASSIGNMENT((#9739));
#9652=PRESENTATION_STYLE_ASSIGNMENT((#9740));
#9653=PRESENTATION_STYLE_ASSIGNMENT((#9741));
#9654=PRESENTATION_STYLE_ASSIGNMENT((#9742));
#9655=PRESENTATION_STYLE_ASSIGNMENT((#9743));
#9656=PRESENTATION_STYLE_ASSIGNMENT((#9744));
#9657=PRESENTATION_STYLE_ASSIGNMENT((#9745));
#9658=PRESENTATION_STYLE_ASSIGNMENT((#9746));
#9659=PRESENTATION_STYLE_ASSIGNMENT((#9747));
#9660=PRESENTATION_STYLE_ASSIGNMENT((#9748));
#9661=PRESENTATION_STYLE_ASSIGNMENT((#9749));
#9662=PRESENTATION_STYLE_ASSIGNMENT((#9750));
#9663=PRESENTATION_STYLE_ASSIGNMENT((#9751));
#9664=PRESENTATION_STYLE_ASSIGNMENT((#9752));
#9665=PRESENTATION_STYLE_ASSIGNMENT((#9753));
#9666=PRESENTATION_STYLE_ASSIGNMENT((#9754));
#9667=PRESENTATION_STYLE_ASSIGNMENT((#9755));
#9668=PRESENTATION_STYLE_ASSIGNMENT((#9756));
#9669=PRESENTATION_STYLE_ASSIGNMENT((#9757));
#9670=PRESENTATION_STYLE_ASSIGNMENT((#9758));
#9671=PRESENTATION_STYLE_ASSIGNMENT((#9759));
#9672=PRESENTATION_STYLE_ASSIGNMENT((#9760));
#9673=PRESENTATION_STYLE_ASSIGNMENT((#9761));
#9674=PRESENTATION_STYLE_ASSIGNMENT((#9762));
#9675=PRESENTATION_STYLE_ASSIGNMENT((#9763));
#9676=PRESENTATION_STYLE_ASSIGNMENT((#9764));
#9677=PRESENTATION_STYLE_ASSIGNMENT((#9765));
#9678=PRESENTATION_STYLE_ASSIGNMENT((#9766));
#9679=PRESENTATION_STYLE_ASSIGNMENT((#9767));
#9680=PRESENTATION_STYLE_ASSIGNMENT((#9768));
#9681=PRESENTATION_STYLE_ASSIGNMENT((#9769));
#9682=SURFACE_STYLE_USAGE(.BOTH.,#9770);
#9683=SURFACE_STYLE_USAGE(.BOTH.,#9771);
#9684=SURFACE_STYLE_USAGE(.BOTH.,#9772);
#9685=SURFACE_STYLE_USAGE(.BOTH.,#9773);
#9686=SURFACE_STYLE_USAGE(.BOTH.,#9774);
#9687=SURFACE_STYLE_USAGE(.BOTH.,#9775);
#9688=SURFACE_STYLE_USAGE(.BOTH.,#9776);
#9689=SURFACE_STYLE_USAGE(.BOTH.,#9777);
#9690=SURFACE_STYLE_USAGE(.BOTH.,#9778);
#9691=SURFACE_STYLE_USAGE(.BOTH.,#9779);
#9692=SURFACE_STYLE_USAGE(.BOTH.,#9780);
#9693=SURFACE_STYLE_USAGE(.BOTH.,#9781);
#9694=SURFACE_STYLE_USAGE(.BOTH.,#9782);
#9695=SURFACE_STYLE_USAGE(.BOTH.,#9783);
#9696=SURFACE_STYLE_USAGE(.BOTH.,#9784);
#9697=SURFACE_STYLE_USAGE(.BOTH.,#9785);
#9698=SURFACE_STYLE_USAGE(.BOTH.,#9786);
#9699=SURFACE_STYLE_USAGE(.BOTH.,#9787);
#9700=SURFACE_STYLE_USAGE(.BOTH.,#9788);
#9701=SURFACE_STYLE_USAGE(.BOTH.,#9789);
#9702=SURFACE_STYLE_USAGE(.BOTH.,#9790);
#9703=SURFACE_STYLE_USAGE(.BOTH.,#9791);
#9704=SURFACE_STYLE_USAGE(.BOTH.,#9792);
#9705=SURFACE_STYLE_USAGE(.BOTH.,#9793);
#9706=SURFACE_STYLE_USAGE(.BOTH.,#9794);
#9707=SURFACE_STYLE_USAGE(.BOTH.,#9795);
#9708=SURFACE_STYLE_USAGE(.BOTH.,#9796);
#9709=SURFACE_STYLE_USAGE(.BOTH.,#9797);
#9710=SURFACE_STYLE_USAGE(.BOTH.,#9798);
#9711=SURFACE_STYLE_USAGE(.BOTH.,#9799);
#9712=SURFACE_STYLE_USAGE(.BOTH.,#9800);
#9713=SURFACE_STYLE_USAGE(.BOTH.,#9801);
#9714=SURFACE_STYLE_USAGE(.BOTH.,#9802);
#9715=SURFACE_STYLE_USAGE(.BOTH.,#9803);
#9716=SURFACE_STYLE_USAGE(.BOTH.,#9804);
#9717=SURFACE_STYLE_USAGE(.BOTH.,#9805);
#9718=SURFACE_STYLE_USAGE(.BOTH.,#9806);
#9719=SURFACE_STYLE_USAGE(.BOTH.,#9807);
#9720=SURFACE_STYLE_USAGE(.BOTH.,#9808);
#9721=SURFACE_STYLE_USAGE(.BOTH.,#9809);
#9722=SURFACE_STYLE_USAGE(.BOTH.,#9810);
#9723=SURFACE_STYLE_USAGE(.BOTH.,#9811);
#9724=SURFACE_STYLE_USAGE(.BOTH.,#9812);
#9725=SURFACE_STYLE_USAGE(.BOTH.,#9813);
#9726=SURFACE_STYLE_USAGE(.BOTH.,#9814);
#9727=SURFACE_STYLE_USAGE(.BOTH.,#9815);
#9728=SURFACE_STYLE_USAGE(.BOTH.,#9816);
#9729=SURFACE_STYLE_USAGE(.BOTH.,#9817);
#9730=SURFACE_STYLE_USAGE(.BOTH.,#9818);
#9731=SURFACE_STYLE_USAGE(.BOTH.,#9819);
#9732=SURFACE_STYLE_USAGE(.BOTH.,#9820);
#9733=SURFACE_STYLE_USAGE(.BOTH.,#9821);
#9734=SURFACE_STYLE_USAGE(.BOTH.,#9822);
#9735=SURFACE_STYLE_USAGE(.BOTH.,#9823);
#9736=SURFACE_STYLE_USAGE(.BOTH.,#9824);
#9737=SURFACE_STYLE_USAGE(.BOTH.,#9825);
#9738=SURFACE_STYLE_USAGE(.BOTH.,#9826);
#9739=SURFACE_STYLE_USAGE(.BOTH.,#9827);
#9740=SURFACE_STYLE_USAGE(.BOTH.,#9828);
#9741=SURFACE_STYLE_USAGE(.BOTH.,#9829);
#9742=SURFACE_STYLE_USAGE(.BOTH.,#9830);
#9743=SURFACE_STYLE_USAGE(.BOTH.,#9831);
#9744=SURFACE_STYLE_USAGE(.BOTH.,#9832);
#9745=SURFACE_STYLE_USAGE(.BOTH.,#9833);
#9746=SURFACE_STYLE_USAGE(.BOTH.,#9834);
#9747=SURFACE_STYLE_USAGE(.BOTH.,#9835);
#9748=SURFACE_STYLE_USAGE(.BOTH.,#9836);
#9749=SURFACE_STYLE_USAGE(.BOTH.,#9837);
#9750=SURFACE_STYLE_USAGE(.BOTH.,#9838);
#9751=SURFACE_STYLE_USAGE(.BOTH.,#9839);
#9752=SURFACE_STYLE_USAGE(.BOTH.,#9840);
#9753=SURFACE_STYLE_USAGE(.BOTH.,#9841);
#9754=SURFACE_STYLE_USAGE(.BOTH.,#9842);
#9755=SURFACE_STYLE_USAGE(.BOTH.,#9843);
#9756=SURFACE_STYLE_USAGE(.BOTH.,#9844);
#9757=SURFACE_STYLE_USAGE(.BOTH.,#9845);
#9758=SURFACE_STYLE_USAGE(.BOTH.,#9846);
#9759=SURFACE_STYLE_USAGE(.BOTH.,#9847);
#9760=SURFACE_STYLE_USAGE(.BOTH.,#9848);
#9761=SURFACE_STYLE_USAGE(.BOTH.,#9849);
#9762=SURFACE_STYLE_USAGE(.BOTH.,#9850);
#9763=SURFACE_STYLE_USAGE(.BOTH.,#9851);
#9764=SURFACE_STYLE_USAGE(.BOTH.,#9852);
#9765=SURFACE_STYLE_USAGE(.BOTH.,#9853);
#9766=SURFACE_STYLE_USAGE(.BOTH.,#9854);
#9767=SURFACE_STYLE_USAGE(.BOTH.,#9855);
#9768=SURFACE_STYLE_USAGE(.BOTH.,#9856);
#9769=SURFACE_STYLE_USAGE(.BOTH.,#9857);
#9770=SURFACE_SIDE_STYLE('',(#9858));
#9771=SURFACE_SIDE_STYLE('',(#9859));
#9772=SURFACE_SIDE_STYLE('',(#9860));
#9773=SURFACE_SIDE_STYLE('',(#9861));
#9774=SURFACE_SIDE_STYLE('',(#9862));
#9775=SURFACE_SIDE_STYLE('',(#9863));
#9776=SURFACE_SIDE_STYLE('',(#9864));
#9777=SURFACE_SIDE_STYLE('',(#9865));
#9778=SURFACE_SIDE_STYLE('',(#9866));
#9779=SURFACE_SIDE_STYLE('',(#9867));
#9780=SURFACE_SIDE_STYLE('',(#9868));
#9781=SURFACE_SIDE_STYLE('',(#9869));
#9782=SURFACE_SIDE_STYLE('',(#9870));
#9783=SURFACE_SIDE_STYLE('',(#9871));
#9784=SURFACE_SIDE_STYLE('',(#9872));
#9785=SURFACE_SIDE_STYLE('',(#9873));
#9786=SURFACE_SIDE_STYLE('',(#9874));
#9787=SURFACE_SIDE_STYLE('',(#9875));
#9788=SURFACE_SIDE_STYLE('',(#9876));
#9789=SURFACE_SIDE_STYLE('',(#9877));
#9790=SURFACE_SIDE_STYLE('',(#9878));
#9791=SURFACE_SIDE_STYLE('',(#9879));
#9792=SURFACE_SIDE_STYLE('',(#9880));
#9793=SURFACE_SIDE_STYLE('',(#9881));
#9794=SURFACE_SIDE_STYLE('',(#9882));
#9795=SURFACE_SIDE_STYLE('',(#9883));
#9796=SURFACE_SIDE_STYLE('',(#9884));
#9797=SURFACE_SIDE_STYLE('',(#9885));
#9798=SURFACE_SIDE_STYLE('',(#9886));
#9799=SURFACE_SIDE_STYLE('',(#9887));
#9800=SURFACE_SIDE_STYLE('',(#9888));
#9801=SURFACE_SIDE_STYLE('',(#9889));
#9802=SURFACE_SIDE_STYLE('',(#9890));
#9803=SURFACE_SIDE_STYLE('',(#9891));
#9804=SURFACE_SIDE_STYLE('',(#9892));
#9805=SURFACE_SIDE_STYLE('',(#9893));
#9806=SURFACE_SIDE_STYLE('',(#9894));
#9807=SURFACE_SIDE_STYLE('',(#9895));
#9808=SURFACE_SIDE_STYLE('',(#9896));
#9809=SURFACE_SIDE_STYLE('',(#9897));
#9810=SURFACE_SIDE_STYLE('',(#9898));
#9811=SURFACE_SIDE_STYLE('',(#9899));
#9812=SURFACE_SIDE_STYLE('',(#9900));
#9813=SURFACE_SIDE_STYLE('',(#9901));
#9814=SURFACE_SIDE_STYLE('',(#9902));
#9815=SURFACE_SIDE_STYLE('',(#9903));
#9816=SURFACE_SIDE_STYLE('',(#9904));
#9817=SURFACE_SIDE_STYLE('',(#9905));
#9818=SURFACE_SIDE_STYLE('',(#9906));
#9819=SURFACE_SIDE_STYLE('',(#9907));
#9820=SURFACE_SIDE_STYLE('',(#9908));
#9821=SURFACE_SIDE_STYLE('',(#9909));
#9822=SURFACE_SIDE_STYLE('',(#9910));
#9823=SURFACE_SIDE_STYLE('',(#9911));
#9824=SURFACE_SIDE_STYLE('',(#9912));
#9825=SURFACE_SIDE_STYLE('',(#9913));
#9826=SURFACE_SIDE_STYLE('',(#9914));
#9827=SURFACE_SIDE_STYLE('',(#9915));
#9828=SURFACE_SIDE_STYLE('',(#9916));
#9829=SURFACE_SIDE_STYLE('',(#9917));
#9830=SURFACE_SIDE_STYLE('',(#9918));
#9831=SURFACE_SIDE_STYLE('',(#9919));
#9832=SURFACE_SIDE_STYLE('',(#9920));
#9833=SURFACE_SIDE_STYLE('',(#9921));
#9834=SURFACE_SIDE_STYLE('',(#9922));
#9835=SURFACE_SIDE_STYLE('',(#9923));
#9836=SURFACE_SIDE_STYLE('',(#9924,#52));
#9837=SURFACE_SIDE_STYLE('',(#9925,#53));
#9838=SURFACE_SIDE_STYLE('',(#9926,#54));
#9839=SURFACE_SIDE_STYLE('',(#9927,#55));
#9840=SURFACE_SIDE_STYLE('',(#9928,#56));
#9841=SURFACE_SIDE_STYLE('',(#9929,#57));
#9842=SURFACE_SIDE_STYLE('',(#9930,#58));
#9843=SURFACE_SIDE_STYLE('',(#9931,#59));
#9844=SURFACE_SIDE_STYLE('',(#9932,#60));
#9845=SURFACE_SIDE_STYLE('',(#9933,#61));
#9846=SURFACE_SIDE_STYLE('',(#9934,#62));
#9847=SURFACE_SIDE_STYLE('',(#9935,#63));
#9848=SURFACE_SIDE_STYLE('',(#9936,#64));
#9849=SURFACE_SIDE_STYLE('',(#9937,#65));
#9850=SURFACE_SIDE_STYLE('',(#9938,#66));
#9851=SURFACE_SIDE_STYLE('',(#9939,#67));
#9852=SURFACE_SIDE_STYLE('',(#9940,#68));
#9853=SURFACE_SIDE_STYLE('',(#9941,#69));
#9854=SURFACE_SIDE_STYLE('',(#9942,#70));
#9855=SURFACE_SIDE_STYLE('',(#9943,#71));
#9856=SURFACE_SIDE_STYLE('',(#9944,#72));
#9857=SURFACE_SIDE_STYLE('',(#9945));
#9858=SURFACE_STYLE_FILL_AREA(#9946);
#9859=SURFACE_STYLE_FILL_AREA(#9947);
#9860=SURFACE_STYLE_FILL_AREA(#9948);
#9861=SURFACE_STYLE_FILL_AREA(#9949);
#9862=SURFACE_STYLE_FILL_AREA(#9950);
#9863=SURFACE_STYLE_FILL_AREA(#9951);
#9864=SURFACE_STYLE_FILL_AREA(#9952);
#9865=SURFACE_STYLE_FILL_AREA(#9953);
#9866=SURFACE_STYLE_FILL_AREA(#9954);
#9867=SURFACE_STYLE_FILL_AREA(#9955);
#9868=SURFACE_STYLE_FILL_AREA(#9956);
#9869=SURFACE_STYLE_FILL_AREA(#9957);
#9870=SURFACE_STYLE_FILL_AREA(#9958);
#9871=SURFACE_STYLE_FILL_AREA(#9959);
#9872=SURFACE_STYLE_FILL_AREA(#9960);
#9873=SURFACE_STYLE_FILL_AREA(#9961);
#9874=SURFACE_STYLE_FILL_AREA(#9962);
#9875=SURFACE_STYLE_FILL_AREA(#9963);
#9876=SURFACE_STYLE_FILL_AREA(#9964);
#9877=SURFACE_STYLE_FILL_AREA(#9965);
#9878=SURFACE_STYLE_FILL_AREA(#9966);
#9879=SURFACE_STYLE_FILL_AREA(#9967);
#9880=SURFACE_STYLE_FILL_AREA(#9968);
#9881=SURFACE_STYLE_FILL_AREA(#9969);
#9882=SURFACE_STYLE_FILL_AREA(#9970);
#9883=SURFACE_STYLE_FILL_AREA(#9971);
#9884=SURFACE_STYLE_FILL_AREA(#9972);
#9885=SURFACE_STYLE_FILL_AREA(#9973);
#9886=SURFACE_STYLE_FILL_AREA(#9974);
#9887=SURFACE_STYLE_FILL_AREA(#9975);
#9888=SURFACE_STYLE_FILL_AREA(#9976);
#9889=SURFACE_STYLE_FILL_AREA(#9977);
#9890=SURFACE_STYLE_FILL_AREA(#9978);
#9891=SURFACE_STYLE_FILL_AREA(#9979);
#9892=SURFACE_STYLE_FILL_AREA(#9980);
#9893=SURFACE_STYLE_FILL_AREA(#9981);
#9894=SURFACE_STYLE_FILL_AREA(#9982);
#9895=SURFACE_STYLE_FILL_AREA(#9983);
#9896=SURFACE_STYLE_FILL_AREA(#9984);
#9897=SURFACE_STYLE_FILL_AREA(#9985);
#9898=SURFACE_STYLE_FILL_AREA(#9986);
#9899=SURFACE_STYLE_FILL_AREA(#9987);
#9900=SURFACE_STYLE_FILL_AREA(#9988);
#9901=SURFACE_STYLE_FILL_AREA(#9989);
#9902=SURFACE_STYLE_FILL_AREA(#9990);
#9903=SURFACE_STYLE_FILL_AREA(#9991);
#9904=SURFACE_STYLE_FILL_AREA(#9992);
#9905=SURFACE_STYLE_FILL_AREA(#9993);
#9906=SURFACE_STYLE_FILL_AREA(#9994);
#9907=SURFACE_STYLE_FILL_AREA(#9995);
#9908=SURFACE_STYLE_FILL_AREA(#9996);
#9909=SURFACE_STYLE_FILL_AREA(#9997);
#9910=SURFACE_STYLE_FILL_AREA(#9998);
#9911=SURFACE_STYLE_FILL_AREA(#9999);
#9912=SURFACE_STYLE_FILL_AREA(#10000);
#9913=SURFACE_STYLE_FILL_AREA(#10001);
#9914=SURFACE_STYLE_FILL_AREA(#10002);
#9915=SURFACE_STYLE_FILL_AREA(#10003);
#9916=SURFACE_STYLE_FILL_AREA(#10004);
#9917=SURFACE_STYLE_FILL_AREA(#10005);
#9918=SURFACE_STYLE_FILL_AREA(#10006);
#9919=SURFACE_STYLE_FILL_AREA(#10007);
#9920=SURFACE_STYLE_FILL_AREA(#10008);
#9921=SURFACE_STYLE_FILL_AREA(#10009);
#9922=SURFACE_STYLE_FILL_AREA(#10010);
#9923=SURFACE_STYLE_FILL_AREA(#10011);
#9924=SURFACE_STYLE_FILL_AREA(#10012);
#9925=SURFACE_STYLE_FILL_AREA(#10013);
#9926=SURFACE_STYLE_FILL_AREA(#10014);
#9927=SURFACE_STYLE_FILL_AREA(#10015);
#9928=SURFACE_STYLE_FILL_AREA(#10016);
#9929=SURFACE_STYLE_FILL_AREA(#10017);
#9930=SURFACE_STYLE_FILL_AREA(#10018);
#9931=SURFACE_STYLE_FILL_AREA(#10019);
#9932=SURFACE_STYLE_FILL_AREA(#10020);
#9933=SURFACE_STYLE_FILL_AREA(#10021);
#9934=SURFACE_STYLE_FILL_AREA(#10022);
#9935=SURFACE_STYLE_FILL_AREA(#10023);
#9936=SURFACE_STYLE_FILL_AREA(#10024);
#9937=SURFACE_STYLE_FILL_AREA(#10025);
#9938=SURFACE_STYLE_FILL_AREA(#10026);
#9939=SURFACE_STYLE_FILL_AREA(#10027);
#9940=SURFACE_STYLE_FILL_AREA(#10028);
#9941=SURFACE_STYLE_FILL_AREA(#10029);
#9942=SURFACE_STYLE_FILL_AREA(#10030);
#9943=SURFACE_STYLE_FILL_AREA(#10031);
#9944=SURFACE_STYLE_FILL_AREA(#10032);
#9945=SURFACE_STYLE_FILL_AREA(#10033);
#9946=FILL_AREA_STYLE('',(#10034));
#9947=FILL_AREA_STYLE('',(#10035));
#9948=FILL_AREA_STYLE('',(#10036));
#9949=FILL_AREA_STYLE('',(#10037));
#9950=FILL_AREA_STYLE('',(#10038));
#9951=FILL_AREA_STYLE('',(#10039));
#9952=FILL_AREA_STYLE('',(#10040));
#9953=FILL_AREA_STYLE('',(#10041));
#9954=FILL_AREA_STYLE('',(#10042));
#9955=FILL_AREA_STYLE('',(#10043));
#9956=FILL_AREA_STYLE('',(#10044));
#9957=FILL_AREA_STYLE('',(#10045));
#9958=FILL_AREA_STYLE('',(#10046));
#9959=FILL_AREA_STYLE('',(#10047));
#9960=FILL_AREA_STYLE('',(#10048));
#9961=FILL_AREA_STYLE('',(#10049));
#9962=FILL_AREA_STYLE('',(#10050));
#9963=FILL_AREA_STYLE('',(#10051));
#9964=FILL_AREA_STYLE('',(#10052));
#9965=FILL_AREA_STYLE('',(#10053));
#9966=FILL_AREA_STYLE('',(#10054));
#9967=FILL_AREA_STYLE('',(#10055));
#9968=FILL_AREA_STYLE('',(#10056));
#9969=FILL_AREA_STYLE('',(#10057));
#9970=FILL_AREA_STYLE('',(#10058));
#9971=FILL_AREA_STYLE('',(#10059));
#9972=FILL_AREA_STYLE('',(#10060));
#9973=FILL_AREA_STYLE('',(#10061));
#9974=FILL_AREA_STYLE('',(#10062));
#9975=FILL_AREA_STYLE('',(#10063));
#9976=FILL_AREA_STYLE('',(#10064));
#9977=FILL_AREA_STYLE('',(#10065));
#9978=FILL_AREA_STYLE('',(#10066));
#9979=FILL_AREA_STYLE('',(#10067));
#9980=FILL_AREA_STYLE('',(#10068));
#9981=FILL_AREA_STYLE('',(#10069));
#9982=FILL_AREA_STYLE('',(#10070));
#9983=FILL_AREA_STYLE('',(#10071));
#9984=FILL_AREA_STYLE('',(#10072));
#9985=FILL_AREA_STYLE('',(#10073));
#9986=FILL_AREA_STYLE('',(#10074));
#9987=FILL_AREA_STYLE('',(#10075));
#9988=FILL_AREA_STYLE('',(#10076));
#9989=FILL_AREA_STYLE('',(#10077));
#9990=FILL_AREA_STYLE('',(#10078));
#9991=FILL_AREA_STYLE('',(#10079));
#9992=FILL_AREA_STYLE('',(#10080));
#9993=FILL_AREA_STYLE('',(#10081));
#9994=FILL_AREA_STYLE('',(#10082));
#9995=FILL_AREA_STYLE('',(#10083));
#9996=FILL_AREA_STYLE('',(#10084));
#9997=FILL_AREA_STYLE('',(#10085));
#9998=FILL_AREA_STYLE('',(#10086));
#9999=FILL_AREA_STYLE('',(#10087));
#10000=FILL_AREA_STYLE('',(#10088));
#10001=FILL_AREA_STYLE('',(#10089));
#10002=FILL_AREA_STYLE('',(#10090));
#10003=FILL_AREA_STYLE('',(#10091));
#10004=FILL_AREA_STYLE('',(#10092));
#10005=FILL_AREA_STYLE('',(#10093));
#10006=FILL_AREA_STYLE('',(#10094));
#10007=FILL_AREA_STYLE('',(#10095));
#10008=FILL_AREA_STYLE('',(#10096));
#10009=FILL_AREA_STYLE('',(#10097));
#10010=FILL_AREA_STYLE('',(#10098));
#10011=FILL_AREA_STYLE('',(#10099));
#10012=FILL_AREA_STYLE('',(#10100));
#10013=FILL_AREA_STYLE('',(#10101));
#10014=FILL_AREA_STYLE('',(#10102));
#10015=FILL_AREA_STYLE('',(#10103));
#10016=FILL_AREA_STYLE('',(#10104));
#10017=FILL_AREA_STYLE('',(#10105));
#10018=FILL_AREA_STYLE('',(#10106));
#10019=FILL_AREA_STYLE('',(#10107));
#10020=FILL_AREA_STYLE('',(#10108));
#10021=FILL_AREA_STYLE('',(#10109));
#10022=FILL_AREA_STYLE('',(#10110));
#10023=FILL_AREA_STYLE('',(#10111));
#10024=FILL_AREA_STYLE('',(#10112));
#10025=FILL_AREA_STYLE('',(#10113));
#10026=FILL_AREA_STYLE('',(#10114));
#10027=FILL_AREA_STYLE('',(#10115));
#10028=FILL_AREA_STYLE('',(#10116));
#10029=FILL_AREA_STYLE('',(#10117));
#10030=FILL_AREA_STYLE('',(#10118));
#10031=FILL_AREA_STYLE('',(#10119));
#10032=FILL_AREA_STYLE('',(#10120));
#10033=FILL_AREA_STYLE('',(#10121));
#10034=FILL_AREA_STYLE_COLOUR('',#10122);
#10035=FILL_AREA_STYLE_COLOUR('',#10123);
#10036=FILL_AREA_STYLE_COLOUR('',#10123);
#10037=FILL_AREA_STYLE_COLOUR('',#10123);
#10038=FILL_AREA_STYLE_COLOUR('',#10123);
#10039=FILL_AREA_STYLE_COLOUR('',#10123);
#10040=FILL_AREA_STYLE_COLOUR('',#10123);
#10041=FILL_AREA_STYLE_COLOUR('',#10123);
#10042=FILL_AREA_STYLE_COLOUR('',#10123);
#10043=FILL_AREA_STYLE_COLOUR('',#10123);
#10044=FILL_AREA_STYLE_COLOUR('',#10123);
#10045=FILL_AREA_STYLE_COLOUR('',#10123);
#10046=FILL_AREA_STYLE_COLOUR('',#10123);
#10047=FILL_AREA_STYLE_COLOUR('',#10123);
#10048=FILL_AREA_STYLE_COLOUR('',#10123);
#10049=FILL_AREA_STYLE_COLOUR('',#10123);
#10050=FILL_AREA_STYLE_COLOUR('',#10123);
#10051=FILL_AREA_STYLE_COLOUR('',#10123);
#10052=FILL_AREA_STYLE_COLOUR('',#10123);
#10053=FILL_AREA_STYLE_COLOUR('',#10123);
#10054=FILL_AREA_STYLE_COLOUR('',#10123);
#10055=FILL_AREA_STYLE_COLOUR('',#10123);
#10056=FILL_AREA_STYLE_COLOUR('',#10123);
#10057=FILL_AREA_STYLE_COLOUR('',#10123);
#10058=FILL_AREA_STYLE_COLOUR('',#10123);
#10059=FILL_AREA_STYLE_COLOUR('',#10123);
#10060=FILL_AREA_STYLE_COLOUR('',#10123);
#10061=FILL_AREA_STYLE_COLOUR('',#10123);
#10062=FILL_AREA_STYLE_COLOUR('',#10123);
#10063=FILL_AREA_STYLE_COLOUR('',#10123);
#10064=FILL_AREA_STYLE_COLOUR('',#10123);
#10065=FILL_AREA_STYLE_COLOUR('',#10123);
#10066=FILL_AREA_STYLE_COLOUR('',#10123);
#10067=FILL_AREA_STYLE_COLOUR('',#10123);
#10068=FILL_AREA_STYLE_COLOUR('',#10122);
#10069=FILL_AREA_STYLE_COLOUR('',#10124);
#10070=FILL_AREA_STYLE_COLOUR('',#10124);
#10071=FILL_AREA_STYLE_COLOUR('',#10125);
#10072=FILL_AREA_STYLE_COLOUR('',#10125);
#10073=FILL_AREA_STYLE_COLOUR('',#10125);
#10074=FILL_AREA_STYLE_COLOUR('',#10125);
#10075=FILL_AREA_STYLE_COLOUR('',#10125);
#10076=FILL_AREA_STYLE_COLOUR('',#10125);
#10077=FILL_AREA_STYLE_COLOUR('',#10125);
#10078=FILL_AREA_STYLE_COLOUR('',#10125);
#10079=FILL_AREA_STYLE_COLOUR('',#10125);
#10080=FILL_AREA_STYLE_COLOUR('',#10126);
#10081=FILL_AREA_STYLE_COLOUR('',#10126);
#10082=FILL_AREA_STYLE_COLOUR('',#10126);
#10083=FILL_AREA_STYLE_COLOUR('',#10126);
#10084=FILL_AREA_STYLE_COLOUR('',#10126);
#10085=FILL_AREA_STYLE_COLOUR('',#10126);
#10086=FILL_AREA_STYLE_COLOUR('',#10126);
#10087=FILL_AREA_STYLE_COLOUR('',#10126);
#10088=FILL_AREA_STYLE_COLOUR('',#10126);
#10089=FILL_AREA_STYLE_COLOUR('',#10126);
#10090=FILL_AREA_STYLE_COLOUR('',#10126);
#10091=FILL_AREA_STYLE_COLOUR('',#10126);
#10092=FILL_AREA_STYLE_COLOUR('',#10126);
#10093=FILL_AREA_STYLE_COLOUR('',#10126);
#10094=FILL_AREA_STYLE_COLOUR('',#10126);
#10095=FILL_AREA_STYLE_COLOUR('',#10126);
#10096=FILL_AREA_STYLE_COLOUR('',#10126);
#10097=FILL_AREA_STYLE_COLOUR('',#10126);
#10098=FILL_AREA_STYLE_COLOUR('',#10125);
#10099=FILL_AREA_STYLE_COLOUR('',#10125);
#10100=FILL_AREA_STYLE_COLOUR('',#94);
#10101=FILL_AREA_STYLE_COLOUR('',#94);
#10102=FILL_AREA_STYLE_COLOUR('',#94);
#10103=FILL_AREA_STYLE_COLOUR('',#94);
#10104=FILL_AREA_STYLE_COLOUR('',#94);
#10105=FILL_AREA_STYLE_COLOUR('',#94);
#10106=FILL_AREA_STYLE_COLOUR('',#94);
#10107=FILL_AREA_STYLE_COLOUR('',#94);
#10108=FILL_AREA_STYLE_COLOUR('',#94);
#10109=FILL_AREA_STYLE_COLOUR('',#94);
#10110=FILL_AREA_STYLE_COLOUR('',#94);
#10111=FILL_AREA_STYLE_COLOUR('',#94);
#10112=FILL_AREA_STYLE_COLOUR('',#94);
#10113=FILL_AREA_STYLE_COLOUR('',#94);
#10114=FILL_AREA_STYLE_COLOUR('',#94);
#10115=FILL_AREA_STYLE_COLOUR('',#94);
#10116=FILL_AREA_STYLE_COLOUR('',#94);
#10117=FILL_AREA_STYLE_COLOUR('',#94);
#10118=FILL_AREA_STYLE_COLOUR('',#94);
#10119=FILL_AREA_STYLE_COLOUR('',#94);
#10120=FILL_AREA_STYLE_COLOUR('',#94);
#10121=FILL_AREA_STYLE_COLOUR('',#10127);
#10122=COLOUR_RGB('',0.823529411764706,0.819607843137255,0.780392156862745);
#10123=COLOUR_RGB('',0.149019607843137,0.145098039215686,0.145098039215686);
#10124=COLOUR_RGB('',0.807843137254902,0.427450980392157,0.149019607843137);
#10125=COLOUR_RGB('',0.854901960784314,0.803921568627451,0.);
#10126=COLOUR_RGB('',0.737254901960784,0.737254901960784,0.737254901960784);
#10127=COLOUR_RGB('',0.313725490196078,0.486274509803922,0.411764705882353);
#10128=MANIFOLD_SOLID_BREP('SO-8_3.9x4.9mm_P1.27mm',#9509);
#10129=MANIFOLD_SOLID_BREP('C_Disc_D7.5mm_W5.0mm_P5.00mm',#9510);
#10130=MANIFOLD_SOLID_BREP('DJ but to separate PCBs_copper',#9511);
#10131=MANIFOLD_SOLID_BREP('DJ but to separate PCBs_copper',#9512);
#10132=MANIFOLD_SOLID_BREP('DJ but to separate PCBs_copper',#9513);
#10133=MANIFOLD_SOLID_BREP('DJ but to separate PCBs_copper',#9514);
#10134=MANIFOLD_SOLID_BREP('DJ but to separate PCBs_copper',#9515);
#10135=MANIFOLD_SOLID_BREP('DJ but to separate PCBs_copper',#9516);
#10136=MANIFOLD_SOLID_BREP('DJ but to separate PCBs_copper',#9517);
#10137=MANIFOLD_SOLID_BREP('DJ but to separate PCBs_copper',#9518);
#10138=MANIFOLD_SOLID_BREP('DJ but to separate PCBs_copper',#9519);
#10139=MANIFOLD_SOLID_BREP('DJ but to separate PCBs_pad',#9520);
#10140=MANIFOLD_SOLID_BREP('DJ but to separate PCBs_pad',#9521);
#10141=MANIFOLD_SOLID_BREP('DJ but to separate PCBs_pad',#9522);
#10142=MANIFOLD_SOLID_BREP('DJ but to separate PCBs_pad',#9523);
#10143=MANIFOLD_SOLID_BREP('DJ but to separate PCBs_pad',#9524);
#10144=MANIFOLD_SOLID_BREP('DJ but to separate PCBs_pad',#9525);
#10145=MANIFOLD_SOLID_BREP('DJ but to separate PCBs_pad',#9526);
#10146=MANIFOLD_SOLID_BREP('DJ but to separate PCBs_pad',#9527);
#10147=MANIFOLD_SOLID_BREP('DJ but to separate PCBs_pad',#9528);
#10148=MANIFOLD_SOLID_BREP('DJ but to separate PCBs_pad',#9529);
#10149=MANIFOLD_SOLID_BREP('DJ but to separate PCBs_pad',#9530);
#10150=MANIFOLD_SOLID_BREP('DJ but to separate PCBs_pad',#9531);
#10151=MANIFOLD_SOLID_BREP('DJ but to separate PCBs_pad',#9532);
#10152=MANIFOLD_SOLID_BREP('DJ but to separate PCBs_pad',#9533);
#10153=MANIFOLD_SOLID_BREP('DJ but to separate PCBs_pad',#9534);
#10154=MANIFOLD_SOLID_BREP('DJ but to separate PCBs_pad',#9535);
#10155=MANIFOLD_SOLID_BREP('DJ but to separate PCBs_pad',#9536);
#10156=MANIFOLD_SOLID_BREP('DJ but to separate PCBs_pad',#9537);
#10157=MANIFOLD_SOLID_BREP('DJ but to separate PCBs_via',#9538);
#10158=MANIFOLD_SOLID_BREP('DJ but to separate PCBs_via',#9539);
#10159=MANIFOLD_SOLID_BREP('DJ but to separate PCBs_PCB',#9540);
#10160=SHAPE_DEFINITION_REPRESENTATION(#17516,#10213);
#10161=SHAPE_DEFINITION_REPRESENTATION(#17517,#10214);
#10162=SHAPE_DEFINITION_REPRESENTATION(#17518,#10215);
#10163=SHAPE_DEFINITION_REPRESENTATION(#17519,#10216);
#10164=SHAPE_DEFINITION_REPRESENTATION(#17520,#10217);
#10165=SHAPE_DEFINITION_REPRESENTATION(#17521,#10218);
#10166=SHAPE_DEFINITION_REPRESENTATION(#17522,#10219);
#10167=SHAPE_DEFINITION_REPRESENTATION(#17523,#10220);
#10168=SHAPE_DEFINITION_REPRESENTATION(#17524,#10221);
#10169=SHAPE_DEFINITION_REPRESENTATION(#17525,#10222);
#10170=SHAPE_DEFINITION_REPRESENTATION(#17526,#10223);
#10171=SHAPE_DEFINITION_REPRESENTATION(#17527,#10224);
#10172=SHAPE_DEFINITION_REPRESENTATION(#17528,#10225);
#10173=SHAPE_DEFINITION_REPRESENTATION(#17529,#10226);
#10174=SHAPE_DEFINITION_REPRESENTATION(#17530,#10227);
#10175=SHAPE_DEFINITION_REPRESENTATION(#17531,#10228);
#10176=SHAPE_DEFINITION_REPRESENTATION(#17532,#10229);
#10177=SHAPE_DEFINITION_REPRESENTATION(#17533,#10230);
#10178=SHAPE_DEFINITION_REPRESENTATION(#17534,#10231);
#10179=SHAPE_DEFINITION_REPRESENTATION(#17535,#10232);
#10180=SHAPE_DEFINITION_REPRESENTATION(#17536,#10233);
#10181=SHAPE_DEFINITION_REPRESENTATION(#17537,#10234);
#10182=SHAPE_DEFINITION_REPRESENTATION(#17538,#10235);
#10183=SHAPE_DEFINITION_REPRESENTATION(#17539,#10236);
#10184=SHAPE_DEFINITION_REPRESENTATION(#17540,#10237);
#10185=SHAPE_DEFINITION_REPRESENTATION(#17541,#10238);
#10186=SHAPE_DEFINITION_REPRESENTATION(#17542,#10239);
#10187=SHAPE_DEFINITION_REPRESENTATION(#17543,#10240);
#10188=SHAPE_DEFINITION_REPRESENTATION(#17544,#10241);
#10189=SHAPE_DEFINITION_REPRESENTATION(#17545,#10242);
#10190=SHAPE_DEFINITION_REPRESENTATION(#17546,#10243);
#10191=SHAPE_DEFINITION_REPRESENTATION(#17547,#10244);
#10192=SHAPE_DEFINITION_REPRESENTATION(#17548,#10245);
#10193=SHAPE_DEFINITION_REPRESENTATION(#17549,#10246);
#10194=SHAPE_DEFINITION_REPRESENTATION(#17550,#10247);
#10195=SHAPE_DEFINITION_REPRESENTATION(#17551,#10248);
#10196=SHAPE_DEFINITION_REPRESENTATION(#17552,#10249);
#10197=SHAPE_DEFINITION_REPRESENTATION(#17553,#10250);
#10198=SHAPE_DEFINITION_REPRESENTATION(#17554,#10251);
#10199=SHAPE_DEFINITION_REPRESENTATION(#17555,#10252);
#10200=SHAPE_DEFINITION_REPRESENTATION(#17556,#10253);
#10201=SHAPE_DEFINITION_REPRESENTATION(#17557,#10254);
#10202=SHAPE_DEFINITION_REPRESENTATION(#17558,#10255);
#10203=SHAPE_DEFINITION_REPRESENTATION(#17559,#10256);
#10204=SHAPE_DEFINITION_REPRESENTATION(#17560,#10257);
#10205=SHAPE_DEFINITION_REPRESENTATION(#17561,#10258);
#10206=SHAPE_DEFINITION_REPRESENTATION(#17562,#10259);
#10207=SHAPE_DEFINITION_REPRESENTATION(#17563,#10260);
#10208=SHAPE_DEFINITION_REPRESENTATION(#17564,#10261);
#10209=SHAPE_DEFINITION_REPRESENTATION(#17565,#10262);
#10210=SHAPE_DEFINITION_REPRESENTATION(#17566,#10263);
#10211=SHAPE_DEFINITION_REPRESENTATION(#17567,#10264);
#10212=SHAPE_DEFINITION_REPRESENTATION(#17568,#10265);
#10213=SHAPE_REPRESENTATION('SO-8_3.9x4.9mm_P1.27mm',(#10266),#17251);
#10214=SHAPE_REPRESENTATION('C_Disc_D7.5mm_W5.0mm_P5.00mm',(#10462),#17252);
#10215=SHAPE_REPRESENTATION('DJ but to separate PCBs_copper',(#10479),#17253);
#10216=SHAPE_REPRESENTATION('DJ but to separate PCBs_copper',(#10501),#17254);
#10217=SHAPE_REPRESENTATION('DJ but to separate PCBs_copper',(#10519),#17255);
#10218=SHAPE_REPRESENTATION('DJ but to separate PCBs_copper',(#10541),#17256);
#10219=SHAPE_REPRESENTATION('DJ but to separate PCBs_copper',(#10562),#17257);
#10220=SHAPE_REPRESENTATION('DJ but to separate PCBs_copper',(#10577),#17258);
#10221=SHAPE_REPRESENTATION('DJ but to separate PCBs_copper',(#10595),#17259);
#10222=SHAPE_REPRESENTATION('DJ but to separate PCBs_copper',(#10617),#17260);
#10223=SHAPE_REPRESENTATION('DJ but to separate PCBs_copper',(#10631),#17261);
#10224=SHAPE_REPRESENTATION('DJ but to separate PCBs_pad',(#10647),#17262);
#10225=SHAPE_REPRESENTATION('DJ but to separate PCBs_pad',(#10666),#17263);
#10226=SHAPE_REPRESENTATION('DJ but to separate PCBs_pad',(#10685),#17264);
#10227=SHAPE_REPRESENTATION('DJ but to separate PCBs_pad',(#10704),#17265);
#10228=SHAPE_REPRESENTATION('DJ but to separate PCBs_pad',(#10723),#17266);
#10229=SHAPE_REPRESENTATION('DJ but to separate PCBs_pad',(#10742),#17267);
#10230=SHAPE_REPRESENTATION('DJ but to separate PCBs_pad',(#10761),#17268);
#10231=SHAPE_REPRESENTATION('DJ but to separate PCBs_pad',(#10780),#17269);
#10232=SHAPE_REPRESENTATION('DJ but to separate PCBs_pad',(#10789),#17270);
#10233=SHAPE_REPRESENTATION('DJ but to separate PCBs_pad',(#10798),#17271);
#10234=SHAPE_REPRESENTATION('DJ but to separate PCBs_pad',(#10807),#17272);
#10235=SHAPE_REPRESENTATION('DJ but to separate PCBs_pad',(#10826),#17273);
#10236=SHAPE_REPRESENTATION('DJ but to separate PCBs_pad',(#10835),#17274);
#10237=SHAPE_REPRESENTATION('DJ but to separate PCBs_pad',(#10844),#17275);
#10238=SHAPE_REPRESENTATION('DJ but to separate PCBs_pad',(#10853),#17276);
#10239=SHAPE_REPRESENTATION('DJ but to separate PCBs_pad',(#10872),#17277);
#10240=SHAPE_REPRESENTATION('DJ but to separate PCBs_pad',(#10891),#17278);
#10241=SHAPE_REPRESENTATION('DJ but to separate PCBs_pad',(#10910),#17279);
#10242=SHAPE_REPRESENTATION('DJ but to separate PCBs_via',(#10929),#17280);
#10243=SHAPE_REPRESENTATION('DJ but to separate PCBs_via',(#10935),#17281);
#10244=SHAPE_REPRESENTATION('DJ but to separate PCBs_silkscreen',(#10941),
#17282);
#10245=SHAPE_REPRESENTATION('DJ but to separate PCBs_silkscreen',(#10947),
#17283);
#10246=SHAPE_REPRESENTATION('DJ but to separate PCBs_silkscreen',(#10953),
#17284);
#10247=SHAPE_REPRESENTATION('DJ but to separate PCBs_silkscreen',(#10957),
#17285);
#10248=SHAPE_REPRESENTATION('DJ but to separate PCBs_silkscreen',(#10965),
#17286);
#10249=SHAPE_REPRESENTATION('DJ but to separate PCBs_silkscreen',(#10975),
#17287);
#10250=SHAPE_REPRESENTATION('DJ but to separate PCBs_silkscreen',(#10981),
#17288);
#10251=SHAPE_REPRESENTATION('DJ but to separate PCBs_silkscreen',(#10995),
#17289);
#10252=SHAPE_REPRESENTATION('DJ but to separate PCBs_silkscreen',(#11002),
#17290);
#10253=SHAPE_REPRESENTATION('DJ but to separate PCBs_silkscreen',(#11008),
#17291);
#10254=SHAPE_REPRESENTATION('DJ but to separate PCBs_silkscreen',(#11013),
#17292);
#10255=SHAPE_REPRESENTATION('DJ but to separate PCBs_silkscreen',(#11019),
#17293);
#10256=SHAPE_REPRESENTATION('DJ but to separate PCBs_silkscreen',(#11028),
#17294);
#10257=SHAPE_REPRESENTATION('DJ but to separate PCBs_silkscreen',(#11034),
#17295);
#10258=SHAPE_REPRESENTATION('DJ but to separate PCBs_silkscreen',(#11039),
#17296);
#10259=SHAPE_REPRESENTATION('DJ but to separate PCBs_silkscreen',(#11044),
#17297);
#10260=SHAPE_REPRESENTATION('DJ but to separate PCBs_silkscreen',(#11049),
#17298);
#10261=SHAPE_REPRESENTATION('DJ but to separate PCBs_silkscreen',(#11055),
#17299);
#10262=SHAPE_REPRESENTATION('DJ but to separate PCBs_silkscreen',(#11065),
#17300);
#10263=SHAPE_REPRESENTATION('DJ but to separate PCBs_silkscreen',(#11072),
#17301);
#10264=SHAPE_REPRESENTATION('DJ but to separate PCBs_silkscreen',(#11077),
#17302);
#10265=SHAPE_REPRESENTATION('DJ but to separate PCBs_PCB',(#11083),#17303);
#10266=AXIS2_PLACEMENT_3D('',#13879,#11126,#11127);
#10267=AXIS2_PLACEMENT_3D('',#13880,#11128,#11129);
#10268=AXIS2_PLACEMENT_3D('',#13889,#11134,#11135);
#10269=AXIS2_PLACEMENT_3D('',#13890,#11136,#11137);
#10270=AXIS2_PLACEMENT_3D('',#13894,#11139,#11140);
#10271=AXIS2_PLACEMENT_3D('',#13895,#11141,#11142);
#10272=AXIS2_PLACEMENT_3D('',#13901,#11146,#11147);
#10273=AXIS2_PLACEMENT_3D('',#13907,#11151,#11152);
#10274=AXIS2_PLACEMENT_3D('',#13913,#11156,#11157);
#10275=AXIS2_PLACEMENT_3D('',#13914,#11158,#11159);
#10276=AXIS2_PLACEMENT_3D('',#13918,#11161,#11162);
#10277=AXIS2_PLACEMENT_3D('',#13919,#11163,#11164);
#10278=AXIS2_PLACEMENT_3D('',#13925,#11168,#11169);
#10279=AXIS2_PLACEMENT_3D('',#13926,#11170,#11171);
#10280=AXIS2_PLACEMENT_3D('',#13930,#11173,#11174);
#10281=AXIS2_PLACEMENT_3D('',#13931,#11175,#11176);
#10282=AXIS2_PLACEMENT_3D('',#13940,#11181,#11182);
#10283=AXIS2_PLACEMENT_3D('',#13941,#11183,#11184);
#10284=AXIS2_PLACEMENT_3D('',#13945,#11186,#11187);
#10285=AXIS2_PLACEMENT_3D('',#13946,#11188,#11189);
#10286=AXIS2_PLACEMENT_3D('',#13952,#11193,#11194);
#10287=AXIS2_PLACEMENT_3D('',#13958,#11198,#11199);
#10288=AXIS2_PLACEMENT_3D('',#13964,#11203,#11204);
#10289=AXIS2_PLACEMENT_3D('',#13965,#11205,#11206);
#10290=AXIS2_PLACEMENT_3D('',#13969,#11208,#11209);
#10291=AXIS2_PLACEMENT_3D('',#13970,#11210,#11211);
#10292=AXIS2_PLACEMENT_3D('',#13976,#11215,#11216);
#10293=AXIS2_PLACEMENT_3D('',#13977,#11217,#11218);
#10294=AXIS2_PLACEMENT_3D('',#13981,#11220,#11221);
#10295=AXIS2_PLACEMENT_3D('',#13982,#11222,#11223);
#10296=AXIS2_PLACEMENT_3D('',#13991,#11228,#11229);
#10297=AXIS2_PLACEMENT_3D('',#13992,#11230,#11231);
#10298=AXIS2_PLACEMENT_3D('',#13996,#11233,#11234);
#10299=AXIS2_PLACEMENT_3D('',#13997,#11235,#11236);
#10300=AXIS2_PLACEMENT_3D('',#14003,#11240,#11241);
#10301=AXIS2_PLACEMENT_3D('',#14009,#11245,#11246);
#10302=AXIS2_PLACEMENT_3D('',#14015,#11250,#11251);
#10303=AXIS2_PLACEMENT_3D('',#14016,#11252,#11253);
#10304=AXIS2_PLACEMENT_3D('',#14020,#11255,#11256);
#10305=AXIS2_PLACEMENT_3D('',#14021,#11257,#11258);
#10306=AXIS2_PLACEMENT_3D('',#14027,#11262,#11263);
#10307=AXIS2_PLACEMENT_3D('',#14028,#11264,#11265);
#10308=AXIS2_PLACEMENT_3D('',#14032,#11267,#11268);
#10309=AXIS2_PLACEMENT_3D('',#14033,#11269,#11270);
#10310=AXIS2_PLACEMENT_3D('',#14042,#11275,#11276);
#10311=AXIS2_PLACEMENT_3D('',#14043,#11277,#11278);
#10312=AXIS2_PLACEMENT_3D('',#14047,#11280,#11281);
#10313=AXIS2_PLACEMENT_3D('',#14048,#11282,#11283);
#10314=AXIS2_PLACEMENT_3D('',#14054,#11287,#11288);
#10315=AXIS2_PLACEMENT_3D('',#14060,#11292,#11293);
#10316=AXIS2_PLACEMENT_3D('',#14066,#11297,#11298);
#10317=AXIS2_PLACEMENT_3D('',#14067,#11299,#11300);
#10318=AXIS2_PLACEMENT_3D('',#14071,#11302,#11303);
#10319=AXIS2_PLACEMENT_3D('',#14072,#11304,#11305);
#10320=AXIS2_PLACEMENT_3D('',#14078,#11309,#11310);
#10321=AXIS2_PLACEMENT_3D('',#14087,#11315,#11316);
#10322=AXIS2_PLACEMENT_3D('',#14088,#11317,#11318);
#10323=AXIS2_PLACEMENT_3D('',#14092,#11320,#11321);
#10324=AXIS2_PLACEMENT_3D('',#14093,#11322,#11323);
#10325=AXIS2_PLACEMENT_3D('',#14099,#11327,#11328);
#10326=AXIS2_PLACEMENT_3D('',#14105,#11332,#11333);
#10327=AXIS2_PLACEMENT_3D('',#14111,#11337,#11338);
#10328=AXIS2_PLACEMENT_3D('',#14112,#11339,#11340);
#10329=AXIS2_PLACEMENT_3D('',#14116,#11342,#11343);
#10330=AXIS2_PLACEMENT_3D('',#14117,#11344,#11345);
#10331=AXIS2_PLACEMENT_3D('',#14123,#11349,#11350);
#10332=AXIS2_PLACEMENT_3D('',#14132,#11355,#11356);
#10333=AXIS2_PLACEMENT_3D('',#14133,#11357,#11358);
#10334=AXIS2_PLACEMENT_3D('',#14137,#11360,#11361);
#10335=AXIS2_PLACEMENT_3D('',#14138,#11362,#11363);
#10336=AXIS2_PLACEMENT_3D('',#14144,#11367,#11368);
#10337=AXIS2_PLACEMENT_3D('',#14150,#11372,#11373);
#10338=AXIS2_PLACEMENT_3D('',#14156,#11377,#11378);
#10339=AXIS2_PLACEMENT_3D('',#14157,#11379,#11380);
#10340=AXIS2_PLACEMENT_3D('',#14161,#11382,#11383);
#10341=AXIS2_PLACEMENT_3D('',#14162,#11384,#11385);
#10342=AXIS2_PLACEMENT_3D('',#14168,#11389,#11390);
#10343=AXIS2_PLACEMENT_3D('',#14169,#11391,#11392);
#10344=AXIS2_PLACEMENT_3D('',#14173,#11394,#11395);
#10345=AXIS2_PLACEMENT_3D('',#14174,#11396,#11397);
#10346=AXIS2_PLACEMENT_3D('',#14183,#11402,#11403);
#10347=AXIS2_PLACEMENT_3D('',#14184,#11404,#11405);
#10348=AXIS2_PLACEMENT_3D('',#14188,#11407,#11408);
#10349=AXIS2_PLACEMENT_3D('',#14189,#11409,#11410);
#10350=AXIS2_PLACEMENT_3D('',#14195,#11414,#11415);
#10351=AXIS2_PLACEMENT_3D('',#14201,#11419,#11420);
#10352=AXIS2_PLACEMENT_3D('',#14207,#11424,#11425);
#10353=AXIS2_PLACEMENT_3D('',#14208,#11426,#11427);
#10354=AXIS2_PLACEMENT_3D('',#14212,#11429,#11430);
#10355=AXIS2_PLACEMENT_3D('',#14213,#11431,#11432);
#10356=AXIS2_PLACEMENT_3D('',#14219,#11436,#11437);
#10357=AXIS2_PLACEMENT_3D('',#14220,#11438,#11439);
#10358=AXIS2_PLACEMENT_3D('',#14224,#11441,#11442);
#10359=AXIS2_PLACEMENT_3D('',#14225,#11443,#11444);
#10360=AXIS2_PLACEMENT_3D('',#14234,#11449,#11450);
#10361=AXIS2_PLACEMENT_3D('',#14235,#11451,#11452);
#10362=AXIS2_PLACEMENT_3D('',#14239,#11454,#11455);
#10363=AXIS2_PLACEMENT_3D('',#14240,#11456,#11457);
#10364=AXIS2_PLACEMENT_3D('',#14246,#11461,#11462);
#10365=AXIS2_PLACEMENT_3D('',#14252,#11466,#11467);
#10366=AXIS2_PLACEMENT_3D('',#14258,#11471,#11472);
#10367=AXIS2_PLACEMENT_3D('',#14259,#11473,#11474);
#10368=AXIS2_PLACEMENT_3D('',#14263,#11476,#11477);
#10369=AXIS2_PLACEMENT_3D('',#14264,#11478,#11479);
#10370=AXIS2_PLACEMENT_3D('',#14270,#11483,#11484);
#10371=AXIS2_PLACEMENT_3D('',#14271,#11485,#11486);
#10372=AXIS2_PLACEMENT_3D('',#14275,#11488,#11489);
#10373=AXIS2_PLACEMENT_3D('',#14276,#11490,#11491);
#10374=AXIS2_PLACEMENT_3D('',#14285,#11496,#11497);
#10375=AXIS2_PLACEMENT_3D('',#14286,#11498,#11499);
#10376=AXIS2_PLACEMENT_3D('',#14290,#11501,#11502);
#10377=AXIS2_PLACEMENT_3D('',#14291,#11503,#11504);
#10378=AXIS2_PLACEMENT_3D('',#14297,#11508,#11509);
#10379=AXIS2_PLACEMENT_3D('',#14303,#11513,#11514);
#10380=AXIS2_PLACEMENT_3D('',#14313,#11520,#11521);
#10381=AXIS2_PLACEMENT_3D('',#14314,#11522,#11523);
#10382=AXIS2_PLACEMENT_3D('',#14318,#11525,#11526);
#10383=AXIS2_PLACEMENT_3D('',#14319,#11527,#11528);
#10384=AXIS2_PLACEMENT_3D('',#14325,#11531,#11532);
#10385=AXIS2_PLACEMENT_3D('',#14327,#11534,#11535);
#10386=AXIS2_PLACEMENT_3D('',#14328,#11536,#11537);
#10387=AXIS2_PLACEMENT_3D('',#14331,#11539,#11540);
#10388=AXIS2_PLACEMENT_3D('',#14337,#11544,#11545);
#10389=AXIS2_PLACEMENT_3D('',#14343,#11548,#11549);
#10390=AXIS2_PLACEMENT_3D('',#14345,#11551,#11552);
#10391=AXIS2_PLACEMENT_3D('',#14346,#11553,#11554);
#10392=AXIS2_PLACEMENT_3D('',#14349,#11556,#11557);
#10393=AXIS2_PLACEMENT_3D('',#14355,#11561,#11562);
#10394=AXIS2_PLACEMENT_3D('',#14361,#11565,#11566);
#10395=AXIS2_PLACEMENT_3D('',#14363,#11568,#11569);
#10396=AXIS2_PLACEMENT_3D('',#14364,#11570,#11571);
#10397=AXIS2_PLACEMENT_3D('',#14367,#11573,#11574);
#10398=AXIS2_PLACEMENT_3D('',#14373,#11578,#11579);
#10399=AXIS2_PLACEMENT_3D('',#14379,#11582,#11583);
#10400=AXIS2_PLACEMENT_3D('',#14381,#11585,#11586);
#10401=AXIS2_PLACEMENT_3D('',#14382,#11587,#11588);
#10402=AXIS2_PLACEMENT_3D('',#14385,#11590,#11591);
#10403=AXIS2_PLACEMENT_3D('',#14391,#11595,#11596);
#10404=AXIS2_PLACEMENT_3D('',#14397,#11599,#11600);
#10405=AXIS2_PLACEMENT_3D('',#14399,#11602,#11603);
#10406=AXIS2_PLACEMENT_3D('',#14400,#11604,#11605);
#10407=AXIS2_PLACEMENT_3D('',#14403,#11607,#11608);
#10408=AXIS2_PLACEMENT_3D('',#14409,#11612,#11613);
#10409=AXIS2_PLACEMENT_3D('',#14415,#11616,#11617);
#10410=AXIS2_PLACEMENT_3D('',#14417,#11619,#11620);
#10411=AXIS2_PLACEMENT_3D('',#14418,#11621,#11622);
#10412=AXIS2_PLACEMENT_3D('',#14421,#11624,#11625);
#10413=AXIS2_PLACEMENT_3D('',#14427,#11629,#11630);
#10414=AXIS2_PLACEMENT_3D('',#14433,#11633,#11634);
#10415=AXIS2_PLACEMENT_3D('',#14435,#11636,#11637);
#10416=AXIS2_PLACEMENT_3D('',#14436,#11638,#11639);
#10417=AXIS2_PLACEMENT_3D('',#14439,#11641,#11642);
#10418=AXIS2_PLACEMENT_3D('',#14445,#11646,#11647);
#10419=AXIS2_PLACEMENT_3D('',#14451,#11650,#11651);
#10420=AXIS2_PLACEMENT_3D('',#14453,#11653,#11654);
#10421=AXIS2_PLACEMENT_3D('',#14454,#11655,#11656);
#10422=AXIS2_PLACEMENT_3D('',#14457,#11658,#11659);
#10423=AXIS2_PLACEMENT_3D('',#14463,#11663,#11664);
#10424=AXIS2_PLACEMENT_3D('',#14467,#11667,#11668);
#10425=AXIS2_PLACEMENT_3D('',#14471,#11671,#11672);
#10426=AXIS2_PLACEMENT_3D('',#14475,#11675,#11676);
#10427=AXIS2_PLACEMENT_3D('',#14479,#11679,#11680);
#10428=AXIS2_PLACEMENT_3D('',#14481,#11682,#11683);
#10429=AXIS2_PLACEMENT_3D('',#14490,#11688,#11689);
#10430=AXIS2_PLACEMENT_3D('',#14496,#11693,#11694);
#10431=AXIS2_PLACEMENT_3D('',#14502,#11698,#11699);
#10432=AXIS2_PLACEMENT_3D('',#14505,#11702,#11703);
#10433=AXIS2_PLACEMENT_3D('',#14507,#11705,#11706);
#10434=AXIS2_PLACEMENT_3D('',#14510,#11709,#11710);
#10435=AXIS2_PLACEMENT_3D('',#14512,#11712,#11713);
#10436=AXIS2_PLACEMENT_3D('',#14515,#11716,#11717);
#10437=AXIS2_PLACEMENT_3D('',#14517,#11719,#11720);
#10438=AXIS2_PLACEMENT_3D('',#14520,#11723,#11724);
#10439=AXIS2_PLACEMENT_3D('',#14522,#11726,#11727);
#10440=AXIS2_PLACEMENT_3D('',#14528,#11731,#11732);
#10441=AXIS2_PLACEMENT_3D('',#14534,#11736,#11737);
#10442=AXIS2_PLACEMENT_3D('',#14536,#11739,#11740);
#10443=AXIS2_PLACEMENT_3D('',#14539,#11743,#11744);
#10444=AXIS2_PLACEMENT_3D('',#14541,#11746,#11747);
#10445=AXIS2_PLACEMENT_3D('',#14544,#11750,#11751);
#10446=AXIS2_PLACEMENT_3D('',#14546,#11753,#11754);
#10447=AXIS2_PLACEMENT_3D('',#14549,#11757,#11758);
#10448=AXIS2_PLACEMENT_3D('',#14551,#11760,#11761);
#10449=AXIS2_PLACEMENT_3D('',#14554,#11764,#11765);
#10450=AXIS2_PLACEMENT_3D('',#14560,#11769,#11770);
#10451=AXIS2_PLACEMENT_3D('',#14564,#11773,#11774);
#10452=AXIS2_PLACEMENT_3D('',#14568,#11777,#11778);
#10453=AXIS2_PLACEMENT_3D('',#14574,#11782,#11783);
#10454=AXIS2_PLACEMENT_3D('',#14578,#11786,#11787);
#10455=AXIS2_PLACEMENT_3D('',#14582,#11790,#11791);
#10456=AXIS2_PLACEMENT_3D('',#14586,#11794,#11795);
#10457=AXIS2_PLACEMENT_3D('',#14590,#11798,#11799);
#10458=AXIS2_PLACEMENT_3D('',#14594,#11802,#11803);
#10459=AXIS2_PLACEMENT_3D('',#14596,#11805,#11806);
#10460=AXIS2_PLACEMENT_3D('',#14600,#11809,#11810);
#10461=AXIS2_PLACEMENT_3D('',#14602,#11812,#11813);
#10462=AXIS2_PLACEMENT_3D('',#14603,#11814,#11815);
#10463=AXIS2_PLACEMENT_3D('',#14604,#11816,#11817);
#10464=AXIS2_PLACEMENT_3D('',#14605,#11818,#11819);
#10465=AXIS2_PLACEMENT_3D('',#14607,#11820,#11821);
#10466=AXIS2_PLACEMENT_3D('',#14608,#11822,#11823);
#10467=AXIS2_PLACEMENT_3D('',#14749,#11824,#11825);
#10468=AXIS2_PLACEMENT_3D('',#14750,#11826,#11827);
#10469=AXIS2_PLACEMENT_3D('',#14791,#11828,#11829);
#10470=AXIS2_PLACEMENT_3D('',#14792,#11830,#11831);
#10471=AXIS2_PLACEMENT_3D('',#14861,#11832,#11833);
#10472=AXIS2_PLACEMENT_3D('',#14887,#11834,#11835);
#10473=AXIS2_PLACEMENT_3D('',#14888,#11836,#11837);
#10474=AXIS2_PLACEMENT_3D('',#14976,#11838,#11839);
#10475=AXIS2_PLACEMENT_3D('',#14977,#11840,#11841);
#10476=AXIS2_PLACEMENT_3D('',#14978,#11842,#11843);
#10477=AXIS2_PLACEMENT_3D('',#14979,#11844,#11845);
#10478=AXIS2_PLACEMENT_3D('',#14981,#11846,#11847);
#10479=AXIS2_PLACEMENT_3D('',#14982,#11848,#11849);
#10480=AXIS2_PLACEMENT_3D('',#14983,#11850,#11851);
#10481=AXIS2_PLACEMENT_3D('',#14984,#11852,#11853);
#10482=AXIS2_PLACEMENT_3D('',#14989,#11855,#11856);
#10483=AXIS2_PLACEMENT_3D('',#14999,#11861,#11862);
#10484=AXIS2_PLACEMENT_3D('',#15010,#11868,#11869);
#10485=AXIS2_PLACEMENT_3D('',#15011,#11870,#11871);
#10486=AXIS2_PLACEMENT_3D('',#15024,#11877,#11878);
#10487=AXIS2_PLACEMENT_3D('',#15034,#11883,#11884);
#10488=AXIS2_PLACEMENT_3D('',#15037,#11886,#11887);
#10489=AXIS2_PLACEMENT_3D('',#15038,#11888,#11889);
#10490=AXIS2_PLACEMENT_3D('',#15041,#11892,#11893);
#10491=AXIS2_PLACEMENT_3D('',#15043,#11895,#11896);
#10492=AXIS2_PLACEMENT_3D('',#15045,#11898,#11899);
#10493=AXIS2_PLACEMENT_3D('',#15047,#11901,#11902);
#10494=AXIS2_PLACEMENT_3D('',#15049,#11904,#11905);
#10495=AXIS2_PLACEMENT_3D('',#15051,#11907,#11908);
#10496=AXIS2_PLACEMENT_3D('',#15053,#11910,#11911);
#10497=AXIS2_PLACEMENT_3D('',#15055,#11913,#11914);
#10498=AXIS2_PLACEMENT_3D('',#15057,#11916,#11917);
#10499=AXIS2_PLACEMENT_3D('',#15059,#11919,#11920);
#10500=AXIS2_PLACEMENT_3D('',#15061,#11922,#11923);
#10501=AXIS2_PLACEMENT_3D('',#15062,#11924,#11925);
#10502=AXIS2_PLACEMENT_3D('',#15063,#11926,#11927);
#10503=AXIS2_PLACEMENT_3D('',#15064,#11928,#11929);
#10504=AXIS2_PLACEMENT_3D('',#15066,#11930,#11931);
#10505=AXIS2_PLACEMENT_3D('',#15073,#11934,#11935);
#10506=AXIS2_PLACEMENT_3D('',#15082,#11940,#11941);
#10507=AXIS2_PLACEMENT_3D('',#15083,#11942,#11943);
#10508=AXIS2_PLACEMENT_3D('',#15094,#11948,#11949);
#10509=AXIS2_PLACEMENT_3D('',#15100,#11952,#11953);
#10510=AXIS2_PLACEMENT_3D('',#15101,#11954,#11955);
#10511=AXIS2_PLACEMENT_3D('',#15102,#11956,#11957);
#10512=AXIS2_PLACEMENT_3D('',#15105,#11960,#11961);
#10513=AXIS2_PLACEMENT_3D('',#15107,#11963,#11964);
#10514=AXIS2_PLACEMENT_3D('',#15109,#11966,#11967);
#10515=AXIS2_PLACEMENT_3D('',#15111,#11969,#11970);
#10516=AXIS2_PLACEMENT_3D('',#15113,#11972,#11973);
#10517=AXIS2_PLACEMENT_3D('',#15115,#11975,#11976);
#10518=AXIS2_PLACEMENT_3D('',#15117,#11978,#11979);
#10519=AXIS2_PLACEMENT_3D('',#15118,#11980,#11981);
#10520=AXIS2_PLACEMENT_3D('',#15119,#11982,#11983);
#10521=AXIS2_PLACEMENT_3D('',#15120,#11984,#11985);
#10522=AXIS2_PLACEMENT_3D('',#15125,#11987,#11988);
#10523=AXIS2_PLACEMENT_3D('',#15135,#11993,#11994);
#10524=AXIS2_PLACEMENT_3D('',#15146,#12000,#12001);
#10525=AXIS2_PLACEMENT_3D('',#15147,#12002,#12003);
#10526=AXIS2_PLACEMENT_3D('',#15160,#12009,#12010);
#10527=AXIS2_PLACEMENT_3D('',#15170,#12015,#12016);
#10528=AXIS2_PLACEMENT_3D('',#15173,#12018,#12019);
#10529=AXIS2_PLACEMENT_3D('',#15174,#12020,#12021);
#10530=AXIS2_PLACEMENT_3D('',#15177,#12024,#12025);
#10531=AXIS2_PLACEMENT_3D('',#15179,#12027,#12028);
#10532=AXIS2_PLACEMENT_3D('',#15181,#12030,#12031);
#10533=AXIS2_PLACEMENT_3D('',#15183,#12033,#12034);
#10534=AXIS2_PLACEMENT_3D('',#15185,#12036,#12037);
#10535=AXIS2_PLACEMENT_3D('',#15187,#12039,#12040);
#10536=AXIS2_PLACEMENT_3D('',#15189,#12042,#12043);
#10537=AXIS2_PLACEMENT_3D('',#15191,#12045,#12046);
#10538=AXIS2_PLACEMENT_3D('',#15193,#12048,#12049);
#10539=AXIS2_PLACEMENT_3D('',#15195,#12051,#12052);
#10540=AXIS2_PLACEMENT_3D('',#15197,#12054,#12055);
#10541=AXIS2_PLACEMENT_3D('',#15198,#12056,#12057);
#10542=AXIS2_PLACEMENT_3D('',#15199,#12058,#12059);
#10543=AXIS2_PLACEMENT_3D('',#15200,#12060,#12061);
#10544=AXIS2_PLACEMENT_3D('',#15202,#12062,#12063);
#10545=AXIS2_PLACEMENT_3D('',#15211,#12067,#12068);
#10546=AXIS2_PLACEMENT_3D('',#15224,#12075,#12076);
#10547=AXIS2_PLACEMENT_3D('',#15225,#12077,#12078);
#10548=AXIS2_PLACEMENT_3D('',#15240,#12085,#12086);
#10549=AXIS2_PLACEMENT_3D('',#15248,#12090,#12091);
#10550=AXIS2_PLACEMENT_3D('',#15249,#12092,#12093);
#10551=AXIS2_PLACEMENT_3D('',#15250,#12094,#12095);
#10552=AXIS2_PLACEMENT_3D('',#15253,#12098,#12099);
#10553=AXIS2_PLACEMENT_3D('',#15255,#12101,#12102);
#10554=AXIS2_PLACEMENT_3D('',#15257,#12104,#12105);
#10555=AXIS2_PLACEMENT_3D('',#15259,#12107,#12108);
#10556=AXIS2_PLACEMENT_3D('',#15261,#12110,#12111);
#10557=AXIS2_PLACEMENT_3D('',#15263,#12113,#12114);
#10558=AXIS2_PLACEMENT_3D('',#15265,#12116,#12117);
#10559=AXIS2_PLACEMENT_3D('',#15267,#12119,#12120);
#10560=AXIS2_PLACEMENT_3D('',#15269,#12122,#12123);
#10561=AXIS2_PLACEMENT_3D('',#15271,#12125,#12126);
#10562=AXIS2_PLACEMENT_3D('',#15272,#12127,#12128);
#10563=AXIS2_PLACEMENT_3D('',#15273,#12129,#12130);
#10564=AXIS2_PLACEMENT_3D('',#15281,#12134,#12135);
#10565=AXIS2_PLACEMENT_3D('',#15289,#12139,#12140);
#10566=AXIS2_PLACEMENT_3D('',#15290,#12141,#12142);
#10567=AXIS2_PLACEMENT_3D('',#15291,#12143,#12144);
#10568=AXIS2_PLACEMENT_3D('',#15300,#12148,#12149);
#10569=AXIS2_PLACEMENT_3D('',#15307,#12153,#12154);
#10570=AXIS2_PLACEMENT_3D('',#15310,#12157,#12158);
#10571=AXIS2_PLACEMENT_3D('',#15312,#12160,#12161);
#10572=AXIS2_PLACEMENT_3D('',#15314,#12163,#12164);
#10573=AXIS2_PLACEMENT_3D('',#15316,#12166,#12167);
#10574=AXIS2_PLACEMENT_3D('',#15318,#12169,#12170);
#10575=AXIS2_PLACEMENT_3D('',#15320,#12172,#12173);
#10576=AXIS2_PLACEMENT_3D('',#15322,#12175,#12176);
#10577=AXIS2_PLACEMENT_3D('',#15323,#12177,#12178);
#10578=AXIS2_PLACEMENT_3D('',#15324,#12179,#12180);
#10579=AXIS2_PLACEMENT_3D('',#15332,#12184,#12185);
#10580=AXIS2_PLACEMENT_3D('',#15342,#12190,#12191);
#10581=AXIS2_PLACEMENT_3D('',#15347,#12194,#12195);
#10582=AXIS2_PLACEMENT_3D('',#15353,#12198,#12199);
#10583=AXIS2_PLACEMENT_3D('',#15363,#12204,#12205);
#10584=AXIS2_PLACEMENT_3D('',#15370,#12209,#12210);
#10585=AXIS2_PLACEMENT_3D('',#15373,#12213,#12214);
#10586=AXIS2_PLACEMENT_3D('',#15375,#12216,#12217);
#10587=AXIS2_PLACEMENT_3D('',#15377,#12219,#12220);
#10588=AXIS2_PLACEMENT_3D('',#15379,#12222,#12223);
#10589=AXIS2_PLACEMENT_3D('',#15381,#12225,#12226);
#10590=AXIS2_PLACEMENT_3D('',#15383,#12228,#12229);
#10591=AXIS2_PLACEMENT_3D('',#15385,#12231,#12232);
#10592=AXIS2_PLACEMENT_3D('',#15387,#12234,#12235);
#10593=AXIS2_PLACEMENT_3D('',#15389,#12237,#12238);
#10594=AXIS2_PLACEMENT_3D('',#15391,#12240,#12241);
#10595=AXIS2_PLACEMENT_3D('',#15392,#12242,#12243);
#10596=AXIS2_PLACEMENT_3D('',#15393,#12244,#12245);
#10597=AXIS2_PLACEMENT_3D('',#15394,#12246,#12247);
#10598=AXIS2_PLACEMENT_3D('',#15407,#12253,#12254);
#10599=AXIS2_PLACEMENT_3D('',#15424,#12263,#12264);
#10600=AXIS2_PLACEMENT_3D('',#15442,#12273,#12274);
#10601=AXIS2_PLACEMENT_3D('',#15454,#12280,#12281);
#10602=AXIS2_PLACEMENT_3D('',#15455,#12282,#12283);
#10603=AXIS2_PLACEMENT_3D('',#15458,#12286,#12287);
#10604=AXIS2_PLACEMENT_3D('',#15460,#12289,#12290);
#10605=AXIS2_PLACEMENT_3D('',#15462,#12292,#12293);
#10606=AXIS2_PLACEMENT_3D('',#15464,#12295,#12296);
#10607=AXIS2_PLACEMENT_3D('',#15466,#12298,#12299);
#10608=AXIS2_PLACEMENT_3D('',#15468,#12301,#12302);
#10609=AXIS2_PLACEMENT_3D('',#15470,#12304,#12305);
#10610=AXIS2_PLACEMENT_3D('',#15472,#12307,#12308);
#10611=AXIS2_PLACEMENT_3D('',#15474,#12310,#12311);
#10612=AXIS2_PLACEMENT_3D('',#15476,#12313,#12314);
#10613=AXIS2_PLACEMENT_3D('',#15478,#12316,#12317);
#10614=AXIS2_PLACEMENT_3D('',#15480,#12319,#12320);
#10615=AXIS2_PLACEMENT_3D('',#15482,#12322,#12323);
#10616=AXIS2_PLACEMENT_3D('',#15484,#12325,#12326);
#10617=AXIS2_PLACEMENT_3D('',#15485,#12327,#12328);
#10618=AXIS2_PLACEMENT_3D('',#15486,#12329,#12330);
#10619=AXIS2_PLACEMENT_3D('',#15492,#12333,#12334);
#10620=AXIS2_PLACEMENT_3D('',#15500,#12338,#12339);
#10621=AXIS2_PLACEMENT_3D('',#15501,#12340,#12341);
#10622=AXIS2_PLACEMENT_3D('',#15502,#12342,#12343);
#10623=AXIS2_PLACEMENT_3D('',#15511,#12347,#12348);
#10624=AXIS2_PLACEMENT_3D('',#15516,#12351,#12352);
#10625=AXIS2_PLACEMENT_3D('',#15519,#12355,#12356);
#10626=AXIS2_PLACEMENT_3D('',#15521,#12358,#12359);
#10627=AXIS2_PLACEMENT_3D('',#15523,#12361,#12362);
#10628=AXIS2_PLACEMENT_3D('',#15525,#12364,#12365);
#10629=AXIS2_PLACEMENT_3D('',#15527,#12367,#12368);
#10630=AXIS2_PLACEMENT_3D('',#15529,#12370,#12371);
#10631=AXIS2_PLACEMENT_3D('',#15530,#12372,#12373);
#10632=AXIS2_PLACEMENT_3D('',#15531,#12374,#12375);
#10633=AXIS2_PLACEMENT_3D('',#15532,#12376,#12377);
#10634=AXIS2_PLACEMENT_3D('',#15541,#12381,#12382);
#10635=AXIS2_PLACEMENT_3D('',#15550,#12387,#12388);
#10636=AXIS2_PLACEMENT_3D('',#15560,#12393,#12394);
#10637=AXIS2_PLACEMENT_3D('',#15568,#12398,#12399);
#10638=AXIS2_PLACEMENT_3D('',#15569,#12400,#12401);
#10639=AXIS2_PLACEMENT_3D('',#15572,#12404,#12405);
#10640=AXIS2_PLACEMENT_3D('',#15574,#12407,#12408);
#10641=AXIS2_PLACEMENT_3D('',#15576,#12410,#12411);
#10642=AXIS2_PLACEMENT_3D('',#15578,#12413,#12414);
#10643=AXIS2_PLACEMENT_3D('',#15580,#12416,#12417);
#10644=AXIS2_PLACEMENT_3D('',#15582,#12419,#12420);
#10645=AXIS2_PLACEMENT_3D('',#15584,#12422,#12423);
#10646=AXIS2_PLACEMENT_3D('',#15586,#12425,#12426);
#10647=AXIS2_PLACEMENT_3D('',#15587,#12427,#12428);
#10648=AXIS2_PLACEMENT_3D('',#15588,#12429,#12430);
#10649=AXIS2_PLACEMENT_3D('',#15592,#12432,#12433);
#10650=AXIS2_PLACEMENT_3D('',#15596,#12435,#12436);
#10651=AXIS2_PLACEMENT_3D('',#15600,#12438,#12439);
#10652=AXIS2_PLACEMENT_3D('',#15604,#12441,#12442);
#10653=AXIS2_PLACEMENT_3D('',#15605,#12443,#12444);
#10654=AXIS2_PLACEMENT_3D('',#15606,#12445,#12446);
#10655=AXIS2_PLACEMENT_3D('',#15611,#12448,#12449);
#10656=AXIS2_PLACEMENT_3D('',#15615,#12451,#12452);
#10657=AXIS2_PLACEMENT_3D('',#15619,#12454,#12455);
#10658=AXIS2_PLACEMENT_3D('',#15622,#12457,#12458);
#10659=AXIS2_PLACEMENT_3D('',#15625,#12461,#12462);
#10660=AXIS2_PLACEMENT_3D('',#15627,#12464,#12465);
#10661=AXIS2_PLACEMENT_3D('',#15629,#12467,#12468);
#10662=AXIS2_PLACEMENT_3D('',#15631,#12470,#12471);
#10663=AXIS2_PLACEMENT_3D('',#15633,#12473,#12474);
#10664=AXIS2_PLACEMENT_3D('',#15635,#12476,#12477);
#10665=AXIS2_PLACEMENT_3D('',#15637,#12479,#12480);
#10666=AXIS2_PLACEMENT_3D('',#15638,#12481,#12482);
#10667=AXIS2_PLACEMENT_3D('',#15639,#12483,#12484);
#10668=AXIS2_PLACEMENT_3D('',#15640,#12485,#12486);
#10669=AXIS2_PLACEMENT_3D('',#15645,#12488,#12489);
#10670=AXIS2_PLACEMENT_3D('',#15649,#12491,#12492);
#10671=AXIS2_PLACEMENT_3D('',#15653,#12494,#12495);
#10672=AXIS2_PLACEMENT_3D('',#15656,#12497,#12498);
#10673=AXIS2_PLACEMENT_3D('',#15660,#12500,#12501);
#10674=AXIS2_PLACEMENT_3D('',#15664,#12503,#12504);
#10675=AXIS2_PLACEMENT_3D('',#15668,#12506,#12507);
#10676=AXIS2_PLACEMENT_3D('',#15672,#12509,#12510);
#10677=AXIS2_PLACEMENT_3D('',#15673,#12511,#12512);
#10678=AXIS2_PLACEMENT_3D('',#15676,#12515,#12516);
#10679=AXIS2_PLACEMENT_3D('',#15678,#12518,#12519);
#10680=AXIS2_PLACEMENT_3D('',#15680,#12521,#12522);
#10681=AXIS2_PLACEMENT_3D('',#15682,#12524,#12525);
#10682=AXIS2_PLACEMENT_3D('',#15684,#12527,#12528);
#10683=AXIS2_PLACEMENT_3D('',#15686,#12530,#12531);
#10684=AXIS2_PLACEMENT_3D('',#15688,#12533,#12534);
#10685=AXIS2_PLACEMENT_3D('',#15689,#12535,#12536);
#10686=AXIS2_PLACEMENT_3D('',#15690,#12537,#12538);
#10687=AXIS2_PLACEMENT_3D('',#15694,#12540,#12541);
#10688=AXIS2_PLACEMENT_3D('',#15698,#12543,#12544);
#10689=AXIS2_PLACEMENT_3D('',#15702,#12546,#12547);
#10690=AXIS2_PLACEMENT_3D('',#15706,#12549,#12550);
#10691=AXIS2_PLACEMENT_3D('',#15707,#12551,#12552);
#10692=AXIS2_PLACEMENT_3D('',#15708,#12553,#12554);
#10693=AXIS2_PLACEMENT_3D('',#15713,#12556,#12557);
#10694=AXIS2_PLACEMENT_3D('',#15717,#12559,#12560);
#10695=AXIS2_PLACEMENT_3D('',#15721,#12562,#12563);
#10696=AXIS2_PLACEMENT_3D('',#15724,#12565,#12566);
#10697=AXIS2_PLACEMENT_3D('',#15727,#12569,#12570);
#10698=AXIS2_PLACEMENT_3D('',#15729,#12572,#12573);
#10699=AXIS2_PLACEMENT_3D('',#15731,#12575,#12576);
#10700=AXIS2_PLACEMENT_3D('',#15733,#12578,#12579);
#10701=AXIS2_PLACEMENT_3D('',#15735,#12581,#12582);
#10702=AXIS2_PLACEMENT_3D('',#15737,#12584,#12585);
#10703=AXIS2_PLACEMENT_3D('',#15739,#12587,#12588);
#10704=AXIS2_PLACEMENT_3D('',#15740,#12589,#12590);
#10705=AXIS2_PLACEMENT_3D('',#15741,#12591,#12592);
#10706=AXIS2_PLACEMENT_3D('',#15742,#12593,#12594);
#10707=AXIS2_PLACEMENT_3D('',#15747,#12596,#12597);
#10708=AXIS2_PLACEMENT_3D('',#15751,#12599,#12600);
#10709=AXIS2_PLACEMENT_3D('',#15755,#12602,#12603);
#10710=AXIS2_PLACEMENT_3D('',#15758,#12605,#12606);
#10711=AXIS2_PLACEMENT_3D('',#15762,#12608,#12609);
#10712=AXIS2_PLACEMENT_3D('',#15766,#12611,#12612);
#10713=AXIS2_PLACEMENT_3D('',#15770,#12614,#12615);
#10714=AXIS2_PLACEMENT_3D('',#15774,#12617,#12618);
#10715=AXIS2_PLACEMENT_3D('',#15775,#12619,#12620);
#10716=AXIS2_PLACEMENT_3D('',#15778,#12623,#12624);
#10717=AXIS2_PLACEMENT_3D('',#15780,#12626,#12627);
#10718=AXIS2_PLACEMENT_3D('',#15782,#12629,#12630);
#10719=AXIS2_PLACEMENT_3D('',#15784,#12632,#12633);
#10720=AXIS2_PLACEMENT_3D('',#15786,#12635,#12636);
#10721=AXIS2_PLACEMENT_3D('',#15788,#12638,#12639);
#10722=AXIS2_PLACEMENT_3D('',#15790,#12641,#12642);
#10723=AXIS2_PLACEMENT_3D('',#15791,#12643,#12644);
#10724=AXIS2_PLACEMENT_3D('',#15792,#12645,#12646);
#10725=AXIS2_PLACEMENT_3D('',#15796,#12648,#12649);
#10726=AXIS2_PLACEMENT_3D('',#15800,#12651,#12652);
#10727=AXIS2_PLACEMENT_3D('',#15804,#12654,#12655);
#10728=AXIS2_PLACEMENT_3D('',#15808,#12657,#12658);
#10729=AXIS2_PLACEMENT_3D('',#15809,#12659,#12660);
#10730=AXIS2_PLACEMENT_3D('',#15810,#12661,#12662);
#10731=AXIS2_PLACEMENT_3D('',#15815,#12664,#12665);
#10732=AXIS2_PLACEMENT_3D('',#15819,#12667,#12668);
#10733=AXIS2_PLACEMENT_3D('',#15823,#12670,#12671);
#10734=AXIS2_PLACEMENT_3D('',#15826,#12673,#12674);
#10735=AXIS2_PLACEMENT_3D('',#15829,#12677,#12678);
#10736=AXIS2_PLACEMENT_3D('',#15831,#12680,#12681);
#10737=AXIS2_PLACEMENT_3D('',#15833,#12683,#12684);
#10738=AXIS2_PLACEMENT_3D('',#15835,#12686,#12687);
#10739=AXIS2_PLACEMENT_3D('',#15837,#12689,#12690);
#10740=AXIS2_PLACEMENT_3D('',#15839,#12692,#12693);
#10741=AXIS2_PLACEMENT_3D('',#15841,#12695,#12696);
#10742=AXIS2_PLACEMENT_3D('',#15842,#12697,#12698);
#10743=AXIS2_PLACEMENT_3D('',#15843,#12699,#12700);
#10744=AXIS2_PLACEMENT_3D('',#15847,#12702,#12703);
#10745=AXIS2_PLACEMENT_3D('',#15851,#12705,#12706);
#10746=AXIS2_PLACEMENT_3D('',#15855,#12708,#12709);
#10747=AXIS2_PLACEMENT_3D('',#15859,#12711,#12712);
#10748=AXIS2_PLACEMENT_3D('',#15860,#12713,#12714);
#10749=AXIS2_PLACEMENT_3D('',#15861,#12715,#12716);
#10750=AXIS2_PLACEMENT_3D('',#15866,#12718,#12719);
#10751=AXIS2_PLACEMENT_3D('',#15870,#12721,#12722);
#10752=AXIS2_PLACEMENT_3D('',#15874,#12724,#12725);
#10753=AXIS2_PLACEMENT_3D('',#15877,#12727,#12728);
#10754=AXIS2_PLACEMENT_3D('',#15880,#12731,#12732);
#10755=AXIS2_PLACEMENT_3D('',#15882,#12734,#12735);
#10756=AXIS2_PLACEMENT_3D('',#15884,#12737,#12738);
#10757=AXIS2_PLACEMENT_3D('',#15886,#12740,#12741);
#10758=AXIS2_PLACEMENT_3D('',#15888,#12743,#12744);
#10759=AXIS2_PLACEMENT_3D('',#15890,#12746,#12747);
#10760=AXIS2_PLACEMENT_3D('',#15892,#12749,#12750);
#10761=AXIS2_PLACEMENT_3D('',#15893,#12751,#12752);
#10762=AXIS2_PLACEMENT_3D('',#15894,#12753,#12754);
#10763=AXIS2_PLACEMENT_3D('',#15895,#12755,#12756);
#10764=AXIS2_PLACEMENT_3D('',#15900,#12758,#12759);
#10765=AXIS2_PLACEMENT_3D('',#15904,#12761,#12762);
#10766=AXIS2_PLACEMENT_3D('',#15908,#12764,#12765);
#10767=AXIS2_PLACEMENT_3D('',#15911,#12767,#12768);
#10768=AXIS2_PLACEMENT_3D('',#15915,#12770,#12771);
#10769=AXIS2_PLACEMENT_3D('',#15919,#12773,#12774);
#10770=AXIS2_PLACEMENT_3D('',#15923,#12776,#12777);
#10771=AXIS2_PLACEMENT_3D('',#15927,#12779,#12780);
#10772=AXIS2_PLACEMENT_3D('',#15928,#12781,#12782);
#10773=AXIS2_PLACEMENT_3D('',#15931,#12785,#12786);
#10774=AXIS2_PLACEMENT_3D('',#15933,#12788,#12789);
#10775=AXIS2_PLACEMENT_3D('',#15935,#12791,#12792);
#10776=AXIS2_PLACEMENT_3D('',#15937,#12794,#12795);
#10777=AXIS2_PLACEMENT_3D('',#15939,#12797,#12798);
#10778=AXIS2_PLACEMENT_3D('',#15941,#12800,#12801);
#10779=AXIS2_PLACEMENT_3D('',#15943,#12803,#12804);
#10780=AXIS2_PLACEMENT_3D('',#15944,#12805,#12806);
#10781=AXIS2_PLACEMENT_3D('',#15945,#12807,#12808);
#10782=AXIS2_PLACEMENT_3D('',#15946,#12809,#12810);
#10783=AXIS2_PLACEMENT_3D('',#15948,#12811,#12812);
#10784=AXIS2_PLACEMENT_3D('',#15950,#12813,#12814);
#10785=AXIS2_PLACEMENT_3D('',#15951,#12815,#12816);
#10786=AXIS2_PLACEMENT_3D('',#15953,#12817,#12818);
#10787=AXIS2_PLACEMENT_3D('',#15954,#12819,#12820);
#10788=AXIS2_PLACEMENT_3D('',#15956,#12821,#12822);
#10789=AXIS2_PLACEMENT_3D('',#15957,#12823,#12824);
#10790=AXIS2_PLACEMENT_3D('',#15958,#12825,#12826);
#10791=AXIS2_PLACEMENT_3D('',#15959,#12827,#12828);
#10792=AXIS2_PLACEMENT_3D('',#15961,#12829,#12830);
#10793=AXIS2_PLACEMENT_3D('',#15963,#12831,#12832);
#10794=AXIS2_PLACEMENT_3D('',#15964,#12833,#12834);
#10795=AXIS2_PLACEMENT_3D('',#15966,#12835,#12836);
#10796=AXIS2_PLACEMENT_3D('',#15967,#12837,#12838);
#10797=AXIS2_PLACEMENT_3D('',#15969,#12839,#12840);
#10798=AXIS2_PLACEMENT_3D('',#15970,#12841,#12842);
#10799=AXIS2_PLACEMENT_3D('',#15971,#12843,#12844);
#10800=AXIS2_PLACEMENT_3D('',#15972,#12845,#12846);
#10801=AXIS2_PLACEMENT_3D('',#15974,#12847,#12848);
#10802=AXIS2_PLACEMENT_3D('',#15976,#12849,#12850);
#10803=AXIS2_PLACEMENT_3D('',#15977,#12851,#12852);
#10804=AXIS2_PLACEMENT_3D('',#15979,#12853,#12854);
#10805=AXIS2_PLACEMENT_3D('',#15980,#12855,#12856);
#10806=AXIS2_PLACEMENT_3D('',#15982,#12857,#12858);
#10807=AXIS2_PLACEMENT_3D('',#15983,#12859,#12860);
#10808=AXIS2_PLACEMENT_3D('',#15984,#12861,#12862);
#10809=AXIS2_PLACEMENT_3D('',#15988,#12864,#12865);
#10810=AXIS2_PLACEMENT_3D('',#15992,#12867,#12868);
#10811=AXIS2_PLACEMENT_3D('',#15996,#12870,#12871);
#10812=AXIS2_PLACEMENT_3D('',#16000,#12873,#12874);
#10813=AXIS2_PLACEMENT_3D('',#16001,#12875,#12876);
#10814=AXIS2_PLACEMENT_3D('',#16002,#12877,#12878);
#10815=AXIS2_PLACEMENT_3D('',#16007,#12880,#12881);
#10816=AXIS2_PLACEMENT_3D('',#16011,#12883,#12884);
#10817=AXIS2_PLACEMENT_3D('',#16015,#12886,#12887);
#10818=AXIS2_PLACEMENT_3D('',#16018,#12889,#12890);
#10819=AXIS2_PLACEMENT_3D('',#16021,#12893,#12894);
#10820=AXIS2_PLACEMENT_3D('',#16023,#12896,#12897);
#10821=AXIS2_PLACEMENT_3D('',#16025,#12899,#12900);
#10822=AXIS2_PLACEMENT_3D('',#16027,#12902,#12903);
#10823=AXIS2_PLACEMENT_3D('',#16029,#12905,#12906);
#10824=AXIS2_PLACEMENT_3D('',#16031,#12908,#12909);
#10825=AXIS2_PLACEMENT_3D('',#16033,#12911,#12912);
#10826=AXIS2_PLACEMENT_3D('',#16034,#12913,#12914);
#10827=AXIS2_PLACEMENT_3D('',#16035,#12915,#12916);
#10828=AXIS2_PLACEMENT_3D('',#16036,#12917,#12918);
#10829=AXIS2_PLACEMENT_3D('',#16038,#12919,#12920);
#10830=AXIS2_PLACEMENT_3D('',#16040,#12921,#12922);
#10831=AXIS2_PLACEMENT_3D('',#16041,#12923,#12924);
#10832=AXIS2_PLACEMENT_3D('',#16043,#12925,#12926);
#10833=AXIS2_PLACEMENT_3D('',#16044,#12927,#12928);
#10834=AXIS2_PLACEMENT_3D('',#16046,#12929,#12930);
#10835=AXIS2_PLACEMENT_3D('',#16047,#12931,#12932);
#10836=AXIS2_PLACEMENT_3D('',#16048,#12933,#12934);
#10837=AXIS2_PLACEMENT_3D('',#16049,#12935,#12936);
#10838=AXIS2_PLACEMENT_3D('',#16051,#12937,#12938);
#10839=AXIS2_PLACEMENT_3D('',#16053,#12939,#12940);
#10840=AXIS2_PLACEMENT_3D('',#16054,#12941,#12942);
#10841=AXIS2_PLACEMENT_3D('',#16056,#12943,#12944);
#10842=AXIS2_PLACEMENT_3D('',#16057,#12945,#12946);
#10843=AXIS2_PLACEMENT_3D('',#16059,#12947,#12948);
#10844=AXIS2_PLACEMENT_3D('',#16060,#12949,#12950);
#10845=AXIS2_PLACEMENT_3D('',#16061,#12951,#12952);
#10846=AXIS2_PLACEMENT_3D('',#16062,#12953,#12954);
#10847=AXIS2_PLACEMENT_3D('',#16064,#12955,#12956);
#10848=AXIS2_PLACEMENT_3D('',#16066,#12957,#12958);
#10849=AXIS2_PLACEMENT_3D('',#16067,#12959,#12960);
#10850=AXIS2_PLACEMENT_3D('',#16069,#12961,#12962);
#10851=AXIS2_PLACEMENT_3D('',#16070,#12963,#12964);
#10852=AXIS2_PLACEMENT_3D('',#16072,#12965,#12966);
#10853=AXIS2_PLACEMENT_3D('',#16073,#12967,#12968);
#10854=AXIS2_PLACEMENT_3D('',#16074,#12969,#12970);
#10855=AXIS2_PLACEMENT_3D('',#16075,#12971,#12972);
#10856=AXIS2_PLACEMENT_3D('',#16080,#12974,#12975);
#10857=AXIS2_PLACEMENT_3D('',#16084,#12977,#12978);
#10858=AXIS2_PLACEMENT_3D('',#16088,#12980,#12981);
#10859=AXIS2_PLACEMENT_3D('',#16091,#12983,#12984);
#10860=AXIS2_PLACEMENT_3D('',#16095,#12986,#12987);
#10861=AXIS2_PLACEMENT_3D('',#16099,#12989,#12990);
#10862=AXIS2_PLACEMENT_3D('',#16103,#12992,#12993);
#10863=AXIS2_PLACEMENT_3D('',#16107,#12995,#12996);
#10864=AXIS2_PLACEMENT_3D('',#16108,#12997,#12998);
#10865=AXIS2_PLACEMENT_3D('',#16111,#13001,#13002);
#10866=AXIS2_PLACEMENT_3D('',#16113,#13004,#13005);
#10867=AXIS2_PLACEMENT_3D('',#16115,#13007,#13008);
#10868=AXIS2_PLACEMENT_3D('',#16117,#13010,#13011);
#10869=AXIS2_PLACEMENT_3D('',#16119,#13013,#13014);
#10870=AXIS2_PLACEMENT_3D('',#16121,#13016,#13017);
#10871=AXIS2_PLACEMENT_3D('',#16123,#13019,#13020);
#10872=AXIS2_PLACEMENT_3D('',#16124,#13021,#13022);
#10873=AXIS2_PLACEMENT_3D('',#16125,#13023,#13024);
#10874=AXIS2_PLACEMENT_3D('',#16129,#13026,#13027);
#10875=AXIS2_PLACEMENT_3D('',#16133,#13029,#13030);
#10876=AXIS2_PLACEMENT_3D('',#16137,#13032,#13033);
#10877=AXIS2_PLACEMENT_3D('',#16141,#13035,#13036);
#10878=AXIS2_PLACEMENT_3D('',#16142,#13037,#13038);
#10879=AXIS2_PLACEMENT_3D('',#16143,#13039,#13040);
#10880=AXIS2_PLACEMENT_3D('',#16148,#13042,#13043);
#10881=AXIS2_PLACEMENT_3D('',#16152,#13045,#13046);
#10882=AXIS2_PLACEMENT_3D('',#16156,#13048,#13049);
#10883=AXIS2_PLACEMENT_3D('',#16159,#13051,#13052);
#10884=AXIS2_PLACEMENT_3D('',#16162,#13055,#13056);
#10885=AXIS2_PLACEMENT_3D('',#16164,#13058,#13059);
#10886=AXIS2_PLACEMENT_3D('',#16166,#13061,#13062);
#10887=AXIS2_PLACEMENT_3D('',#16168,#13064,#13065);
#10888=AXIS2_PLACEMENT_3D('',#16170,#13067,#13068);
#10889=AXIS2_PLACEMENT_3D('',#16172,#13070,#13071);
#10890=AXIS2_PLACEMENT_3D('',#16174,#13073,#13074);
#10891=AXIS2_PLACEMENT_3D('',#16175,#13075,#13076);
#10892=AXIS2_PLACEMENT_3D('',#16176,#13077,#13078);
#10893=AXIS2_PLACEMENT_3D('',#16180,#13080,#13081);
#10894=AXIS2_PLACEMENT_3D('',#16184,#13083,#13084);
#10895=AXIS2_PLACEMENT_3D('',#16188,#13086,#13087);
#10896=AXIS2_PLACEMENT_3D('',#16192,#13089,#13090);
#10897=AXIS2_PLACEMENT_3D('',#16193,#13091,#13092);
#10898=AXIS2_PLACEMENT_3D('',#16194,#13093,#13094);
#10899=AXIS2_PLACEMENT_3D('',#16199,#13096,#13097);
#10900=AXIS2_PLACEMENT_3D('',#16203,#13099,#13100);
#10901=AXIS2_PLACEMENT_3D('',#16207,#13102,#13103);
#10902=AXIS2_PLACEMENT_3D('',#16210,#13105,#13106);
#10903=AXIS2_PLACEMENT_3D('',#16213,#13109,#13110);
#10904=AXIS2_PLACEMENT_3D('',#16215,#13112,#13113);
#10905=AXIS2_PLACEMENT_3D('',#16217,#13115,#13116);
#10906=AXIS2_PLACEMENT_3D('',#16219,#13118,#13119);
#10907=AXIS2_PLACEMENT_3D('',#16221,#13121,#13122);
#10908=AXIS2_PLACEMENT_3D('',#16223,#13124,#13125);
#10909=AXIS2_PLACEMENT_3D('',#16225,#13127,#13128);
#10910=AXIS2_PLACEMENT_3D('',#16226,#13129,#13130);
#10911=AXIS2_PLACEMENT_3D('',#16227,#13131,#13132);
#10912=AXIS2_PLACEMENT_3D('',#16231,#13134,#13135);
#10913=AXIS2_PLACEMENT_3D('',#16235,#13137,#13138);
#10914=AXIS2_PLACEMENT_3D('',#16239,#13140,#13141);
#10915=AXIS2_PLACEMENT_3D('',#16243,#13143,#13144);
#10916=AXIS2_PLACEMENT_3D('',#16244,#13145,#13146);
#10917=AXIS2_PLACEMENT_3D('',#16245,#13147,#13148);
#10918=AXIS2_PLACEMENT_3D('',#16250,#13150,#13151);
#10919=AXIS2_PLACEMENT_3D('',#16254,#13153,#13154);
#10920=AXIS2_PLACEMENT_3D('',#16258,#13156,#13157);
#10921=AXIS2_PLACEMENT_3D('',#16261,#13159,#13160);
#10922=AXIS2_PLACEMENT_3D('',#16264,#13163,#13164);
#10923=AXIS2_PLACEMENT_3D('',#16266,#13166,#13167);
#10924=AXIS2_PLACEMENT_3D('',#16268,#13169,#13170);
#10925=AXIS2_PLACEMENT_3D('',#16270,#13172,#13173);
#10926=AXIS2_PLACEMENT_3D('',#16272,#13175,#13176);
#10927=AXIS2_PLACEMENT_3D('',#16274,#13178,#13179);
#10928=AXIS2_PLACEMENT_3D('',#16276,#13181,#13182);
#10929=AXIS2_PLACEMENT_3D('',#16277,#13183,#13184);
#10930=AXIS2_PLACEMENT_3D('',#16278,#13185,#13186);
#10931=AXIS2_PLACEMENT_3D('',#16279,#13187,#13188);
#10932=AXIS2_PLACEMENT_3D('',#16281,#13189,#13190);
#10933=AXIS2_PLACEMENT_3D('',#16282,#13191,#13192);
#10934=AXIS2_PLACEMENT_3D('',#16284,#13193,#13194);
#10935=AXIS2_PLACEMENT_3D('',#16285,#13195,#13196);
#10936=AXIS2_PLACEMENT_3D('',#16286,#13197,#13198);
#10937=AXIS2_PLACEMENT_3D('',#16287,#13199,#13200);
#10938=AXIS2_PLACEMENT_3D('',#16289,#13201,#13202);
#10939=AXIS2_PLACEMENT_3D('',#16290,#13203,#13204);
#10940=AXIS2_PLACEMENT_3D('',#16292,#13205,#13206);
#10941=AXIS2_PLACEMENT_3D('',#16293,#13207,#13208);
#10942=AXIS2_PLACEMENT_3D('',#16294,#13209,#13210);
#10943=AXIS2_PLACEMENT_3D('',#16300,#13213,#13214);
#10944=AXIS2_PLACEMENT_3D('',#16304,#13216,#13217);
#10945=AXIS2_PLACEMENT_3D('',#16308,#13219,#13220);
#10946=AXIS2_PLACEMENT_3D('',#16316,#13224,#13225);
#10947=AXIS2_PLACEMENT_3D('',#16317,#13226,#13227);
#10948=AXIS2_PLACEMENT_3D('',#16318,#13228,#13229);
#10949=AXIS2_PLACEMENT_3D('',#16322,#13231,#13232);
#10950=AXIS2_PLACEMENT_3D('',#16330,#13236,#13237);
#10951=AXIS2_PLACEMENT_3D('',#16334,#13239,#13240);
#10952=AXIS2_PLACEMENT_3D('',#16338,#13242,#13243);
#10953=AXIS2_PLACEMENT_3D('',#16339,#13244,#13245);
#10954=AXIS2_PLACEMENT_3D('',#16340,#13246,#13247);
#10955=AXIS2_PLACEMENT_3D('',#16350,#13252,#13253);
#10956=AXIS2_PLACEMENT_3D('',#16354,#13255,#13256);
#10957=AXIS2_PLACEMENT_3D('',#16355,#13257,#13258);
#10958=AXIS2_PLACEMENT_3D('',#16356,#13259,#13260);
#10959=AXIS2_PLACEMENT_3D('',#16364,#13264,#13265);
#10960=AXIS2_PLACEMENT_3D('',#16368,#13267,#13268);
#10961=AXIS2_PLACEMENT_3D('',#16372,#13270,#13271);
#10962=AXIS2_PLACEMENT_3D('',#16376,#13273,#13274);
#10963=AXIS2_PLACEMENT_3D('',#16380,#13276,#13277);
#10964=AXIS2_PLACEMENT_3D('',#16384,#13279,#13280);
#10965=AXIS2_PLACEMENT_3D('',#16385,#13281,#13282);
#10966=AXIS2_PLACEMENT_3D('',#16386,#13283,#13284);
#10967=AXIS2_PLACEMENT_3D('',#16390,#13286,#13287);
#10968=AXIS2_PLACEMENT_3D('',#16394,#13289,#13290);
#10969=AXIS2_PLACEMENT_3D('',#16398,#13292,#13293);
#10970=AXIS2_PLACEMENT_3D('',#16402,#13295,#13296);
#10971=AXIS2_PLACEMENT_3D('',#16410,#13300,#13301);
#10972=AXIS2_PLACEMENT_3D('',#16426,#13309,#13310);
#10973=AXIS2_PLACEMENT_3D('',#16432,#13313,#13314);
#10974=AXIS2_PLACEMENT_3D('',#16440,#13318,#13319);
#10975=AXIS2_PLACEMENT_3D('',#16441,#13320,#13321);
#10976=AXIS2_PLACEMENT_3D('',#16442,#13322,#13323);
#10977=AXIS2_PLACEMENT_3D('',#16451,#13328,#13329);
#10978=AXIS2_PLACEMENT_3D('',#16456,#13331,#13332);
#10979=AXIS2_PLACEMENT_3D('',#16460,#13334,#13335);
#10980=AXIS2_PLACEMENT_3D('',#16464,#13337,#13338);
#10981=AXIS2_PLACEMENT_3D('',#16467,#13340,#13341);
#10982=AXIS2_PLACEMENT_3D('',#16468,#13342,#13343);
#10983=AXIS2_PLACEMENT_3D('',#16469,#13344,#13345);
#10984=AXIS2_PLACEMENT_3D('',#16474,#13347,#13348);
#10985=AXIS2_PLACEMENT_3D('',#16478,#13350,#13351);
#10986=AXIS2_PLACEMENT_3D('',#16482,#13353,#13354);
#10987=AXIS2_PLACEMENT_3D('',#16485,#13356,#13357);
#10988=AXIS2_PLACEMENT_3D('',#16490,#13359,#13360);
#10989=AXIS2_PLACEMENT_3D('',#16494,#13362,#13363);
#10990=AXIS2_PLACEMENT_3D('',#16498,#13365,#13366);
#10991=AXIS2_PLACEMENT_3D('',#16518,#13376,#13377);
#10992=AXIS2_PLACEMENT_3D('',#16522,#13379,#13380);
#10993=AXIS2_PLACEMENT_3D('',#16526,#13382,#13383);
#10994=AXIS2_PLACEMENT_3D('',#16544,#13392,#13393);
#10995=AXIS2_PLACEMENT_3D('',#16547,#13395,#13396);
#10996=AXIS2_PLACEMENT_3D('',#16548,#13397,#13398);
#10997=AXIS2_PLACEMENT_3D('',#16570,#13409,#13410);
#10998=AXIS2_PLACEMENT_3D('',#16574,#13412,#13413);
#10999=AXIS2_PLACEMENT_3D('',#16578,#13415,#13416);
#11000=AXIS2_PLACEMENT_3D('',#16586,#13420,#13421);
#11001=AXIS2_PLACEMENT_3D('',#16590,#13423,#13424);
#11002=AXIS2_PLACEMENT_3D('',#16603,#13431,#13432);
#11003=AXIS2_PLACEMENT_3D('',#16604,#13433,#13434);
#11004=AXIS2_PLACEMENT_3D('',#16605,#13435,#13436);
#11005=AXIS2_PLACEMENT_3D('',#16616,#13441,#13442);
#11006=AXIS2_PLACEMENT_3D('',#16620,#13444,#13445);
#11007=AXIS2_PLACEMENT_3D('',#16626,#13448,#13449);
#11008=AXIS2_PLACEMENT_3D('',#16633,#13453,#13454);
#11009=AXIS2_PLACEMENT_3D('',#16634,#13455,#13456);
#11010=AXIS2_PLACEMENT_3D('',#16646,#13462,#13463);
#11011=AXIS2_PLACEMENT_3D('',#16655,#13468,#13469);
#11012=AXIS2_PLACEMENT_3D('',#16660,#13471,#13472);
#11013=AXIS2_PLACEMENT_3D('',#16683,#13484,#13485);
#11014=AXIS2_PLACEMENT_3D('',#16684,#13486,#13487);
#11015=AXIS2_PLACEMENT_3D('',#16685,#13488,#13489);
#11016=AXIS2_PLACEMENT_3D('',#16690,#13491,#13492);
#11017=AXIS2_PLACEMENT_3D('',#16696,#13495,#13496);
#11018=AXIS2_PLACEMENT_3D('',#16700,#13498,#13499);
#11019=AXIS2_PLACEMENT_3D('',#16705,#13502,#13503);
#11020=AXIS2_PLACEMENT_3D('',#16706,#13504,#13505);
#11021=AXIS2_PLACEMENT_3D('',#16707,#13506,#13507);
#11022=AXIS2_PLACEMENT_3D('',#16716,#13511,#13512);
#11023=AXIS2_PLACEMENT_3D('',#16724,#13516,#13517);
#11024=AXIS2_PLACEMENT_3D('',#16728,#13519,#13520);
#11025=AXIS2_PLACEMENT_3D('',#16736,#13524,#13525);
#11026=AXIS2_PLACEMENT_3D('',#16740,#13527,#13528);
#11027=AXIS2_PLACEMENT_3D('',#16754,#13535,#13536);
#11028=AXIS2_PLACEMENT_3D('',#16763,#13541,#13542);
#11029=AXIS2_PLACEMENT_3D('',#16764,#13543,#13544);
#11030=AXIS2_PLACEMENT_3D('',#16765,#13545,#13546);
#11031=AXIS2_PLACEMENT_3D('',#16776,#13551,#13552);
#11032=AXIS2_PLACEMENT_3D('',#16780,#13554,#13555);
#11033=AXIS2_PLACEMENT_3D('',#16786,#13558,#13559);
#11034=AXIS2_PLACEMENT_3D('',#16793,#13563,#13564);
#11035=AXIS2_PLACEMENT_3D('',#16794,#13565,#13566);
#11036=AXIS2_PLACEMENT_3D('',#16806,#13572,#13573);
#11037=AXIS2_PLACEMENT_3D('',#16815,#13578,#13579);
#11038=AXIS2_PLACEMENT_3D('',#16820,#13581,#13582);
#11039=AXIS2_PLACEMENT_3D('',#16843,#13594,#13595);
#11040=AXIS2_PLACEMENT_3D('',#16844,#13596,#13597);
#11041=AXIS2_PLACEMENT_3D('',#16856,#13603,#13604);
#11042=AXIS2_PLACEMENT_3D('',#16865,#13609,#13610);
#11043=AXIS2_PLACEMENT_3D('',#16870,#13612,#13613);
#11044=AXIS2_PLACEMENT_3D('',#16893,#13625,#13626);
#11045=AXIS2_PLACEMENT_3D('',#16894,#13627,#13628);
#11046=AXIS2_PLACEMENT_3D('',#16895,#13629,#13630);
#11047=AXIS2_PLACEMENT_3D('',#16900,#13632,#13633);
#11048=AXIS2_PLACEMENT_3D('',#16906,#13636,#13637);
#11049=AXIS2_PLACEMENT_3D('',#16909,#13639,#13640);
#11050=AXIS2_PLACEMENT_3D('',#16910,#13641,#13642);
#11051=AXIS2_PLACEMENT_3D('',#16911,#13643,#13644);
#11052=AXIS2_PLACEMENT_3D('',#16922,#13649,#13650);
#11053=AXIS2_PLACEMENT_3D('',#16926,#13652,#13653);
#11054=AXIS2_PLACEMENT_3D('',#16932,#13656,#13657);
#11055=AXIS2_PLACEMENT_3D('',#16939,#13661,#13662);
#11056=AXIS2_PLACEMENT_3D('',#16940,#13663,#13664);
#11057=AXIS2_PLACEMENT_3D('',#16941,#13665,#13666);
#11058=AXIS2_PLACEMENT_3D('',#16950,#13670,#13671);
#11059=AXIS2_PLACEMENT_3D('',#16953,#13673,#13674);
#11060=AXIS2_PLACEMENT_3D('',#16962,#13678,#13679);
#11061=AXIS2_PLACEMENT_3D('',#16965,#13681,#13682);
#11062=AXIS2_PLACEMENT_3D('',#16970,#13684,#13685);
#11063=AXIS2_PLACEMENT_3D('',#16974,#13687,#13688);
#11064=AXIS2_PLACEMENT_3D('',#16990,#13696,#13697);
#11065=AXIS2_PLACEMENT_3D('',#16993,#13699,#13700);
#11066=AXIS2_PLACEMENT_3D('',#16994,#13701,#13702);
#11067=AXIS2_PLACEMENT_3D('',#16995,#13703,#13704);
#11068=AXIS2_PLACEMENT_3D('',#17000,#13706,#13707);
#11069=AXIS2_PLACEMENT_3D('',#17010,#13712,#13713);
#11070=AXIS2_PLACEMENT_3D('',#17018,#13717,#13718);
#11071=AXIS2_PLACEMENT_3D('',#17022,#13720,#13721);
#11072=AXIS2_PLACEMENT_3D('',#17033,#13727,#13728);
#11073=AXIS2_PLACEMENT_3D('',#17034,#13729,#13730);
#11074=AXIS2_PLACEMENT_3D('',#17041,#13734,#13735);
#11075=AXIS2_PLACEMENT_3D('',#17046,#13737,#13738);
#11076=AXIS2_PLACEMENT_3D('',#17054,#13742,#13743);
#11077=AXIS2_PLACEMENT_3D('',#17057,#13745,#13746);
#11078=AXIS2_PLACEMENT_3D('',#17058,#13747,#13748);
#11079=AXIS2_PLACEMENT_3D('',#17091,#13765,#13766);
#11080=AXIS2_PLACEMENT_3D('',#17096,#13768,#13769);
#11081=AXIS2_PLACEMENT_3D('',#17100,#13771,#13772);
#11082=AXIS2_PLACEMENT_3D('',#17104,#13774,#13775);
#11083=AXIS2_PLACEMENT_3D('',#17107,#13777,#13778);
#11084=AXIS2_PLACEMENT_3D('',#17108,#13779,#13780);
#11085=AXIS2_PLACEMENT_3D('',#17109,#13781,#13782);
#11086=AXIS2_PLACEMENT_3D('',#17111,#13783,#13784);
#11087=AXIS2_PLACEMENT_3D('',#17113,#13785,#13786);
#11088=AXIS2_PLACEMENT_3D('',#17114,#13787,#13788);
#11089=AXIS2_PLACEMENT_3D('',#17116,#13789,#13790);
#11090=AXIS2_PLACEMENT_3D('',#17118,#13791,#13792);
#11091=AXIS2_PLACEMENT_3D('',#17119,#13793,#13794);
#11092=AXIS2_PLACEMENT_3D('',#17121,#13795,#13796);
#11093=AXIS2_PLACEMENT_3D('',#17123,#13797,#13798);
#11094=AXIS2_PLACEMENT_3D('',#17124,#13799,#13800);
#11095=AXIS2_PLACEMENT_3D('',#17126,#13801,#13802);
#11096=AXIS2_PLACEMENT_3D('',#17128,#13803,#13804);
#11097=AXIS2_PLACEMENT_3D('',#17129,#13805,#13806);
#11098=AXIS2_PLACEMENT_3D('',#17131,#13807,#13808);
#11099=AXIS2_PLACEMENT_3D('',#17133,#13809,#13810);
#11100=AXIS2_PLACEMENT_3D('',#17134,#13811,#13812);
#11101=AXIS2_PLACEMENT_3D('',#17136,#13813,#13814);
#11102=AXIS2_PLACEMENT_3D('',#17138,#13815,#13816);
#11103=AXIS2_PLACEMENT_3D('',#17139,#13817,#13818);
#11104=AXIS2_PLACEMENT_3D('',#17141,#13819,#13820);
#11105=AXIS2_PLACEMENT_3D('',#17143,#13821,#13822);
#11106=AXIS2_PLACEMENT_3D('',#17144,#13823,#13824);
#11107=AXIS2_PLACEMENT_3D('',#17146,#13825,#13826);
#11108=AXIS2_PLACEMENT_3D('',#17148,#13827,#13828);
#11109=AXIS2_PLACEMENT_3D('',#17152,#13830,#13831);
#11110=AXIS2_PLACEMENT_3D('',#17156,#13833,#13834);
#11111=AXIS2_PLACEMENT_3D('',#17157,#13835,#13836);
#11112=AXIS2_PLACEMENT_3D('',#17163,#13840,#13841);
#11113=AXIS2_PLACEMENT_3D('',#17169,#13845,#13846);
#11114=AXIS2_PLACEMENT_3D('',#17173,#13848,#13849);
#11115=AXIS2_PLACEMENT_3D('',#17174,#13850,#13851);
#11116=AXIS2_PLACEMENT_3D('',#17175,#13852,#13853);
#11117=AXIS2_PLACEMENT_3D('',#17176,#13854,#13855);
#11118=AXIS2_PLACEMENT_3D('',#17180,#13857,#13858);
#11119=AXIS2_PLACEMENT_3D('',#17181,#13859,#13860);
#11120=AXIS2_PLACEMENT_3D('',#17182,#13861,#13862);
#11121=AXIS2_PLACEMENT_3D('',#17187,#13865,#13866);
#11122=AXIS2_PLACEMENT_3D('',#17192,#13869,#13870);
#11123=AXIS2_PLACEMENT_3D('',#17193,#13871,#13872);
#11124=AXIS2_PLACEMENT_3D('',#17195,#13874,#13875);
#11125=AXIS2_PLACEMENT_3D('',#17197,#13877,#13878);
#11126=DIRECTION('',(0.,0.,1.));
#11127=DIRECTION('',(1.,0.,0.));
#11128=DIRECTION('',(0.986573647205013,0.163316988218002,-1.09531677861501E-16));
#11129=DIRECTION('',(0.163316988218002,-0.986573647205013,-1.81318280631902E-17));
#11130=DIRECTION('',(0.163316988218002,-0.986573647205013,-1.81318280631902E-17));
#11131=DIRECTION('',(0.,0.,-1.));
#11132=DIRECTION('',(0.163316988218002,-0.986573647205013,-1.81318280631902E-17));
#11133=DIRECTION('',(1.110223024625E-16,0.,1.));
#11134=DIRECTION('',(0.,0.,-1.));
#11135=DIRECTION('',(-0.98480775301219,-0.173648177667033,0.));
#11136=DIRECTION('',(1.144237745222E-17,0.,-1.));
#11137=DIRECTION('',(-1.,0.,-1.144237745222E-17));
#11138=DIRECTION('',(1.110223024625E-16,0.,1.));
#11139=DIRECTION('',(1.144237745222E-17,0.,-1.));
#11140=DIRECTION('',(-1.,0.,-1.144237745222E-17));
#11141=DIRECTION('',(0.,1.,0.));
#11142=DIRECTION('',(-1.,0.,-1.144237745222E-17));
#11143=DIRECTION('',(1.,0.,-1.110223024625E-16));
#11144=DIRECTION('',(1.110223024625E-16,0.,1.));
#11145=DIRECTION('',(1.,0.,-1.110223024625E-16));
#11146=DIRECTION('',(-1.,0.,0.));
#11147=DIRECTION('',(0.,1.,0.));
#11148=DIRECTION('',(0.,1.,0.));
#11149=DIRECTION('',(1.110223024625E-16,0.,1.));
#11150=DIRECTION('',(0.,1.,0.));
#11151=DIRECTION('',(0.,-1.,0.));
#11152=DIRECTION('',(1.,0.,1.144237745222E-17));
#11153=DIRECTION('',(-1.,0.,1.110223024625E-16));
#11154=DIRECTION('',(1.110223024625E-16,0.,1.));
#11155=DIRECTION('',(-1.,0.,1.110223024625E-16));
#11156=DIRECTION('',(0.,0.,-1.));
#11157=DIRECTION('',(0.,-1.,0.));
#11158=DIRECTION('',(-1.110223024625E-16,0.,-1.));
#11159=DIRECTION('',(0.,-1.,0.));
#11160=DIRECTION('',(1.110223024625E-16,0.,1.));
#11161=DIRECTION('',(-1.110223024625E-16,0.,-1.));
#11162=DIRECTION('',(0.,-1.,0.));
#11163=DIRECTION('',(-0.986573647205013,-0.163316988218002,1.09531677861501E-16));
#11164=DIRECTION('',(-0.163316988218002,0.986573647205013,1.81318280631902E-17));
#11165=DIRECTION('',(-0.163316988218002,0.986573647205013,1.81318280631902E-17));
#11166=DIRECTION('',(0.,0.,-1.));
#11167=DIRECTION('',(-0.163316988218002,0.986573647205013,1.81318280631902E-17));
#11168=DIRECTION('',(0.,0.,-1.));
#11169=DIRECTION('',(0.98480775301219,0.173648177667033,0.));
#11170=DIRECTION('',(1.144237745222E-17,0.,-1.));
#11171=DIRECTION('',(-1.,0.,-1.144237745222E-17));
#11172=DIRECTION('',(1.110223024625E-16,0.,1.));
#11173=DIRECTION('',(1.144237745222E-17,0.,-1.));
#11174=DIRECTION('',(-1.,0.,-1.144237745222E-17));
#11175=DIRECTION('',(0.986573647205013,0.163316988218002,-1.09531677861501E-16));
#11176=DIRECTION('',(0.163316988218002,-0.986573647205013,-1.81318280631902E-17));
#11177=DIRECTION('',(0.163316988218002,-0.986573647205013,-1.81318280631902E-17));
#11178=DIRECTION('',(0.,0.,-1.));
#11179=DIRECTION('',(0.163316988218002,-0.986573647205013,-1.81318280631902E-17));
#11180=DIRECTION('',(1.110223024625E-16,0.,1.));
#11181=DIRECTION('',(0.,0.,-1.));
#11182=DIRECTION('',(-0.98480775301219,-0.173648177667033,0.));
#11183=DIRECTION('',(1.144237745222E-17,0.,-1.));
#11184=DIRECTION('',(-1.,0.,-1.144237745222E-17));
#11185=DIRECTION('',(1.110223024625E-16,0.,1.));
#11186=DIRECTION('',(1.144237745222E-17,0.,-1.));
#11187=DIRECTION('',(-1.,0.,-1.144237745222E-17));
#11188=DIRECTION('',(0.,1.,0.));
#11189=DIRECTION('',(-1.,0.,-1.144237745222E-17));
#11190=DIRECTION('',(1.,0.,-1.110223024625E-16));
#11191=DIRECTION('',(1.110223024625E-16,0.,1.));
#11192=DIRECTION('',(1.,0.,-1.110223024625E-16));
#11193=DIRECTION('',(-1.,0.,0.));
#11194=DIRECTION('',(0.,1.,0.));
#11195=DIRECTION('',(0.,1.,0.));
#11196=DIRECTION('',(1.110223024625E-16,0.,1.));
#11197=DIRECTION('',(0.,1.,0.));
#11198=DIRECTION('',(0.,-1.,0.));
#11199=DIRECTION('',(1.,0.,1.144237745222E-17));
#11200=DIRECTION('',(-1.,0.,1.110223024625E-16));
#11201=DIRECTION('',(1.110223024625E-16,0.,1.));
#11202=DIRECTION('',(-1.,0.,1.110223024625E-16));
#11203=DIRECTION('',(0.,0.,-1.));
#11204=DIRECTION('',(0.,-1.,0.));
#11205=DIRECTION('',(-1.110223024625E-16,0.,-1.));
#11206=DIRECTION('',(0.,-1.,0.));
#11207=DIRECTION('',(1.110223024625E-16,0.,1.));
#11208=DIRECTION('',(-1.110223024625E-16,0.,-1.));
#11209=DIRECTION('',(0.,-1.,0.));
#11210=DIRECTION('',(-0.986573647205013,-0.163316988218002,1.09531677861501E-16));
#11211=DIRECTION('',(-0.163316988218002,0.986573647205013,1.81318280631902E-17));
#11212=DIRECTION('',(-0.163316988218002,0.986573647205013,1.81318280631902E-17));
#11213=DIRECTION('',(0.,0.,-1.));
#11214=DIRECTION('',(-0.163316988218002,0.986573647205013,1.81318280631902E-17));
#11215=DIRECTION('',(0.,0.,-1.));
#11216=DIRECTION('',(0.98480775301219,0.173648177667033,0.));
#11217=DIRECTION('',(1.144237745222E-17,0.,-1.));
#11218=DIRECTION('',(-1.,0.,-1.144237745222E-17));
#11219=DIRECTION('',(1.110223024625E-16,0.,1.));
#11220=DIRECTION('',(1.144237745222E-17,0.,-1.));
#11221=DIRECTION('',(-1.,0.,-1.144237745222E-17));
#11222=DIRECTION('',(0.986573647205013,0.163316988218002,-1.09531677861501E-16));
#11223=DIRECTION('',(0.163316988218002,-0.986573647205013,-1.81318280631902E-17));
#11224=DIRECTION('',(0.163316988218002,-0.986573647205013,-1.81318280631902E-17));
#11225=DIRECTION('',(0.,0.,-1.));
#11226=DIRECTION('',(0.163316988218002,-0.986573647205013,-1.81318280631902E-17));
#11227=DIRECTION('',(1.110223024625E-16,0.,1.));
#11228=DIRECTION('',(0.,0.,-1.));
#11229=DIRECTION('',(-0.98480775301219,-0.173648177667033,0.));
#11230=DIRECTION('',(1.144237745222E-17,0.,-1.));
#11231=DIRECTION('',(-1.,0.,-1.144237745222E-17));
#11232=DIRECTION('',(1.110223024625E-16,0.,1.));
#11233=DIRECTION('',(1.144237745222E-17,0.,-1.));
#11234=DIRECTION('',(-1.,0.,-1.144237745222E-17));
#11235=DIRECTION('',(0.,1.,0.));
#11236=DIRECTION('',(-1.,0.,-1.144237745222E-17));
#11237=DIRECTION('',(1.,0.,-1.110223024625E-16));
#11238=DIRECTION('',(1.110223024625E-16,0.,1.));
#11239=DIRECTION('',(1.,0.,-1.110223024625E-16));
#11240=DIRECTION('',(-1.,0.,0.));
#11241=DIRECTION('',(0.,1.,0.));
#11242=DIRECTION('',(0.,1.,0.));
#11243=DIRECTION('',(1.110223024625E-16,0.,1.));
#11244=DIRECTION('',(0.,1.,0.));
#11245=DIRECTION('',(0.,-1.,0.));
#11246=DIRECTION('',(1.,0.,1.144237745222E-17));
#11247=DIRECTION('',(-1.,0.,1.110223024625E-16));
#11248=DIRECTION('',(1.110223024625E-16,0.,1.));
#11249=DIRECTION('',(-1.,0.,1.110223024625E-16));
#11250=DIRECTION('',(0.,0.,-1.));
#11251=DIRECTION('',(0.,-1.,0.));
#11252=DIRECTION('',(-1.110223024625E-16,0.,-1.));
#11253=DIRECTION('',(0.,-1.,0.));
#11254=DIRECTION('',(1.110223024625E-16,0.,1.));
#11255=DIRECTION('',(-1.110223024625E-16,0.,-1.));
#11256=DIRECTION('',(0.,-1.,0.));
#11257=DIRECTION('',(-0.986573647205013,-0.163316988218002,1.09531677861501E-16));
#11258=DIRECTION('',(-0.163316988218002,0.986573647205013,1.81318280631902E-17));
#11259=DIRECTION('',(-0.163316988218002,0.986573647205013,1.81318280631902E-17));
#11260=DIRECTION('',(0.,0.,-1.));
#11261=DIRECTION('',(-0.163316988218002,0.986573647205013,1.81318280631902E-17));
#11262=DIRECTION('',(0.,0.,-1.));
#11263=DIRECTION('',(0.98480775301219,0.173648177667033,0.));
#11264=DIRECTION('',(1.144237745222E-17,0.,-1.));
#11265=DIRECTION('',(-1.,0.,-1.144237745222E-17));
#11266=DIRECTION('',(1.110223024625E-16,0.,1.));
#11267=DIRECTION('',(1.144237745222E-17,0.,-1.));
#11268=DIRECTION('',(-1.,0.,-1.144237745222E-17));
#11269=DIRECTION('',(0.986573647205013,0.163316988218002,-1.09531677861501E-16));
#11270=DIRECTION('',(0.163316988218002,-0.986573647205013,-1.81318280631902E-17));
#11271=DIRECTION('',(0.163316988218002,-0.986573647205013,-1.81318280631902E-17));
#11272=DIRECTION('',(0.,0.,-1.));
#11273=DIRECTION('',(0.163316988218002,-0.986573647205013,-1.81318280631902E-17));
#11274=DIRECTION('',(1.110223024625E-16,0.,1.));
#11275=DIRECTION('',(0.,0.,-1.));
#11276=DIRECTION('',(-0.98480775301219,-0.173648177667033,0.));
#11277=DIRECTION('',(1.144237745222E-17,0.,-1.));
#11278=DIRECTION('',(-1.,0.,-1.144237745222E-17));
#11279=DIRECTION('',(1.110223024625E-16,0.,1.));
#11280=DIRECTION('',(1.144237745222E-17,0.,-1.));
#11281=DIRECTION('',(-1.,0.,-1.144237745222E-17));
#11282=DIRECTION('',(0.,1.,0.));
#11283=DIRECTION('',(-1.,0.,-1.144237745222E-17));
#11284=DIRECTION('',(1.,0.,-1.110223024625E-16));
#11285=DIRECTION('',(1.110223024625E-16,0.,1.));
#11286=DIRECTION('',(1.,0.,-1.110223024625E-16));
#11287=DIRECTION('',(-1.,0.,0.));
#11288=DIRECTION('',(0.,1.,0.));
#11289=DIRECTION('',(0.,1.,0.));
#11290=DIRECTION('',(1.110223024625E-16,0.,1.));
#11291=DIRECTION('',(0.,1.,0.));
#11292=DIRECTION('',(0.,-1.,0.));
#11293=DIRECTION('',(1.,0.,1.144237745222E-17));
#11294=DIRECTION('',(-1.,0.,1.110223024625E-16));
#11295=DIRECTION('',(1.110223024625E-16,0.,1.));
#11296=DIRECTION('',(-1.,0.,1.110223024625E-16));
#11297=DIRECTION('',(0.,0.,-1.));
#11298=DIRECTION('',(0.,-1.,0.));
#11299=DIRECTION('',(-1.110223024625E-16,0.,-1.));
#11300=DIRECTION('',(0.,-1.,0.));
#11301=DIRECTION('',(1.110223024625E-16,0.,1.));
#11302=DIRECTION('',(-1.110223024625E-16,0.,-1.));
#11303=DIRECTION('',(0.,-1.,0.));
#11304=DIRECTION('',(-0.986573647205013,-0.163316988218002,1.09531677861501E-16));
#11305=DIRECTION('',(-0.163316988218002,0.986573647205013,1.81318280631902E-17));
#11306=DIRECTION('',(-0.163316988218002,0.986573647205013,1.81318280631902E-17));
#11307=DIRECTION('',(0.,0.,-1.));
#11308=DIRECTION('',(-0.163316988218002,0.986573647205013,1.81318280631902E-17));
#11309=DIRECTION('',(-0.986573647205013,0.163316988218002,-1.12887480557301E-17));
#11310=DIRECTION('',(-0.163316988218002,-0.986573647205013,-1.86873462354803E-18));
#11311=DIRECTION('',(-0.163316988218002,-0.986573647205013,-1.86873462354803E-18));
#11312=DIRECTION('',(1.144237745222E-17,0.,-1.));
#11313=DIRECTION('',(-0.163316988218002,-0.986573647205013,-1.86873462354803E-18));
#11314=DIRECTION('',(1.144237745222E-17,0.,-1.));
#11315=DIRECTION('',(-1.144237745222E-17,0.,1.));
#11316=DIRECTION('',(0.98480775301219,-0.173648177667033,1.12685420278422E-17));
#11317=DIRECTION('',(1.144237745222E-17,-3.851859888774E-34,-1.));
#11318=DIRECTION('',(0.98480775301219,-0.173648177667033,1.12685420278422E-17));
#11319=DIRECTION('',(1.144237745222E-17,0.,-1.));
#11320=DIRECTION('',(1.144237745222E-17,-3.851859888774E-34,-1.));
#11321=DIRECTION('',(0.98480775301219,-0.173648177667033,1.12685420278422E-17));
#11322=DIRECTION('',(0.,1.,0.));
#11323=DIRECTION('',(-1.,0.,-1.144237745222E-17));
#11324=DIRECTION('',(-1.,0.,-1.144237745222E-17));
#11325=DIRECTION('',(1.144237745222E-17,0.,-1.));
#11326=DIRECTION('',(-1.,0.,-1.144237745222E-17));
#11327=DIRECTION('',(1.,0.,1.144237745222E-17));
#11328=DIRECTION('',(0.,1.,0.));
#11329=DIRECTION('',(0.,1.,0.));
#11330=DIRECTION('',(1.144237745222E-17,0.,-1.));
#11331=DIRECTION('',(0.,1.,0.));
#11332=DIRECTION('',(0.,-1.,0.));
#11333=DIRECTION('',(1.,0.,1.144237745222E-17));
#11334=DIRECTION('',(1.,0.,1.144237745222E-17));
#11335=DIRECTION('',(1.144237745222E-17,0.,-1.));
#11336=DIRECTION('',(1.,0.,1.144237745222E-17));
#11337=DIRECTION('',(-1.144237745222E-17,0.,1.));
#11338=DIRECTION('',(0.,-1.,0.));
#11339=DIRECTION('',(-1.144237745222E-17,0.,1.));
#11340=DIRECTION('',(0.,-1.,0.));
#11341=DIRECTION('',(1.144237745222E-17,0.,-1.));
#11342=DIRECTION('',(-1.144237745222E-17,0.,1.));
#11343=DIRECTION('',(0.,-1.,0.));
#11344=DIRECTION('',(0.986573647205013,-0.163316988218002,1.12887480557301E-17));
#11345=DIRECTION('',(0.163316988218002,0.986573647205013,1.86873462354803E-18));
#11346=DIRECTION('',(0.163316988218002,0.986573647205013,1.86873462354803E-18));
#11347=DIRECTION('',(1.144237745222E-17,0.,-1.));
#11348=DIRECTION('',(0.163316988218002,0.986573647205013,1.86873462354803E-18));
#11349=DIRECTION('',(-0.986573647205013,0.163316988218002,-1.12887480557301E-17));
#11350=DIRECTION('',(-0.163316988218002,-0.986573647205013,-1.86873462354803E-18));
#11351=DIRECTION('',(-0.163316988218002,-0.986573647205013,-1.86873462354803E-18));
#11352=DIRECTION('',(1.144237745222E-17,0.,-1.));
#11353=DIRECTION('',(-0.163316988218002,-0.986573647205013,-1.86873462354803E-18));
#11354=DIRECTION('',(1.144237745222E-17,0.,-1.));
#11355=DIRECTION('',(-1.144237745222E-17,0.,1.));
#11356=DIRECTION('',(0.98480775301219,-0.173648177667033,1.12685420278422E-17));
#11357=DIRECTION('',(1.144237745222E-17,-3.851859888774E-34,-1.));
#11358=DIRECTION('',(0.98480775301219,-0.173648177667033,1.12685420278422E-17));
#11359=DIRECTION('',(1.144237745222E-17,0.,-1.));
#11360=DIRECTION('',(1.144237745222E-17,-3.851859888774E-34,-1.));
#11361=DIRECTION('',(0.98480775301219,-0.173648177667033,1.12685420278422E-17));
#11362=DIRECTION('',(0.,1.,0.));
#11363=DIRECTION('',(-1.,0.,-1.144237745222E-17));
#11364=DIRECTION('',(-1.,0.,-1.144237745222E-17));
#11365=DIRECTION('',(1.144237745222E-17,0.,-1.));
#11366=DIRECTION('',(-1.,0.,-1.144237745222E-17));
#11367=DIRECTION('',(1.,0.,1.144237745222E-17));
#11368=DIRECTION('',(0.,1.,0.));
#11369=DIRECTION('',(0.,1.,0.));
#11370=DIRECTION('',(1.144237745222E-17,0.,-1.));
#11371=DIRECTION('',(0.,1.,0.));
#11372=DIRECTION('',(0.,-1.,0.));
#11373=DIRECTION('',(1.,0.,1.144237745222E-17));
#11374=DIRECTION('',(1.,0.,1.144237745222E-17));
#11375=DIRECTION('',(1.144237745222E-17,0.,-1.));
#11376=DIRECTION('',(1.,0.,1.144237745222E-17));
#11377=DIRECTION('',(-1.144237745222E-17,0.,1.));
#11378=DIRECTION('',(0.,-1.,0.));
#11379=DIRECTION('',(-1.144237745222E-17,0.,1.));
#11380=DIRECTION('',(0.,-1.,0.));
#11381=DIRECTION('',(1.144237745222E-17,0.,-1.));
#11382=DIRECTION('',(-1.144237745222E-17,0.,1.));
#11383=DIRECTION('',(0.,-1.,0.));
#11384=DIRECTION('',(0.986573647205013,-0.163316988218002,1.12887480557301E-17));
#11385=DIRECTION('',(0.163316988218002,0.986573647205013,1.86873462354803E-18));
#11386=DIRECTION('',(0.163316988218002,0.986573647205013,1.86873462354803E-18));
#11387=DIRECTION('',(1.144237745222E-17,0.,-1.));
#11388=DIRECTION('',(0.163316988218002,0.986573647205013,1.86873462354803E-18));
#11389=DIRECTION('',(-1.144237745222E-17,0.,1.));
#11390=DIRECTION('',(-0.98480775301219,0.173648177667033,-1.12685420278422E-17));
#11391=DIRECTION('',(1.144237745222E-17,-1.155557966632E-33,-1.));
#11392=DIRECTION('',(-0.98480775301219,0.173648177667033,-1.12685420278422E-17));
#11393=DIRECTION('',(1.144237745222E-17,0.,-1.));
#11394=DIRECTION('',(1.144237745222E-17,-1.155557966632E-33,-1.));
#11395=DIRECTION('',(-0.98480775301219,0.173648177667033,-1.12685420278422E-17));
#11396=DIRECTION('',(-0.986573647205013,0.163316988218002,-1.12887480557301E-17));
#11397=DIRECTION('',(-0.163316988218002,-0.986573647205013,-1.86873462354803E-18));
#11398=DIRECTION('',(-0.163316988218002,-0.986573647205013,-1.86873462354803E-18));
#11399=DIRECTION('',(1.144237745222E-17,0.,-1.));
#11400=DIRECTION('',(-0.163316988218002,-0.986573647205013,-1.86873462354803E-18));
#11401=DIRECTION('',(1.144237745222E-17,0.,-1.));
#11402=DIRECTION('',(-1.144237745222E-17,0.,1.));
#11403=DIRECTION('',(0.98480775301219,-0.173648177667033,1.12685420278422E-17));
#11404=DIRECTION('',(1.144237745222E-17,-3.851859888774E-34,-1.));
#11405=DIRECTION('',(0.98480775301219,-0.173648177667033,1.12685420278422E-17));
#11406=DIRECTION('',(1.144237745222E-17,0.,-1.));
#11407=DIRECTION('',(1.144237745222E-17,-3.851859888774E-34,-1.));
#11408=DIRECTION('',(0.98480775301219,-0.173648177667033,1.12685420278422E-17));
#11409=DIRECTION('',(0.,1.,0.));
#11410=DIRECTION('',(-1.,0.,-1.144237745222E-17));
#11411=DIRECTION('',(-1.,0.,-1.144237745222E-17));
#11412=DIRECTION('',(1.144237745222E-17,0.,-1.));
#11413=DIRECTION('',(-1.,0.,-1.144237745222E-17));
#11414=DIRECTION('',(1.,0.,1.144237745222E-17));
#11415=DIRECTION('',(0.,1.,0.));
#11416=DIRECTION('',(0.,1.,0.));
#11417=DIRECTION('',(1.144237745222E-17,0.,-1.));
#11418=DIRECTION('',(0.,1.,0.));
#11419=DIRECTION('',(0.,-1.,0.));
#11420=DIRECTION('',(1.,0.,1.144237745222E-17));
#11421=DIRECTION('',(1.,0.,1.144237745222E-17));
#11422=DIRECTION('',(1.144237745222E-17,0.,-1.));
#11423=DIRECTION('',(1.,0.,1.144237745222E-17));
#11424=DIRECTION('',(-1.144237745222E-17,0.,1.));
#11425=DIRECTION('',(0.,-1.,0.));
#11426=DIRECTION('',(-1.144237745222E-17,0.,1.));
#11427=DIRECTION('',(0.,-1.,0.));
#11428=DIRECTION('',(1.144237745222E-17,0.,-1.));
#11429=DIRECTION('',(-1.144237745222E-17,0.,1.));
#11430=DIRECTION('',(0.,-1.,0.));
#11431=DIRECTION('',(0.986573647205013,-0.163316988218002,1.12887480557301E-17));
#11432=DIRECTION('',(0.163316988218002,0.986573647205013,1.86873462354803E-18));
#11433=DIRECTION('',(0.163316988218002,0.986573647205013,1.86873462354803E-18));
#11434=DIRECTION('',(1.144237745222E-17,0.,-1.));
#11435=DIRECTION('',(0.163316988218002,0.986573647205013,1.86873462354803E-18));
#11436=DIRECTION('',(-1.144237745222E-17,0.,1.));
#11437=DIRECTION('',(-0.98480775301219,0.173648177667033,-1.12685420278422E-17));
#11438=DIRECTION('',(1.144237745222E-17,-1.155557966632E-33,-1.));
#11439=DIRECTION('',(-0.98480775301219,0.173648177667033,-1.12685420278422E-17));
#11440=DIRECTION('',(1.144237745222E-17,0.,-1.));
#11441=DIRECTION('',(1.144237745222E-17,-1.155557966632E-33,-1.));
#11442=DIRECTION('',(-0.98480775301219,0.173648177667033,-1.12685420278422E-17));
#11443=DIRECTION('',(-0.986573647205013,0.163316988218002,-1.12887480557301E-17));
#11444=DIRECTION('',(-0.163316988218002,-0.986573647205013,-1.86873462354803E-18));
#11445=DIRECTION('',(-0.163316988218002,-0.986573647205013,-1.86873462354803E-18));
#11446=DIRECTION('',(1.144237745222E-17,0.,-1.));
#11447=DIRECTION('',(-0.163316988218002,-0.986573647205013,-1.86873462354803E-18));
#11448=DIRECTION('',(1.144237745222E-17,0.,-1.));
#11449=DIRECTION('',(-1.144237745222E-17,0.,1.));
#11450=DIRECTION('',(0.98480775301219,-0.173648177667033,1.12685420278422E-17));
#11451=DIRECTION('',(1.144237745222E-17,-3.851859888774E-34,-1.));
#11452=DIRECTION('',(0.98480775301219,-0.173648177667033,1.12685420278422E-17));
#11453=DIRECTION('',(1.144237745222E-17,0.,-1.));
#11454=DIRECTION('',(1.144237745222E-17,-3.851859888774E-34,-1.));
#11455=DIRECTION('',(0.98480775301219,-0.173648177667033,1.12685420278422E-17));
#11456=DIRECTION('',(0.,1.,0.));
#11457=DIRECTION('',(-1.,0.,-1.144237745222E-17));
#11458=DIRECTION('',(-1.,0.,-1.144237745222E-17));
#11459=DIRECTION('',(1.144237745222E-17,0.,-1.));
#11460=DIRECTION('',(-1.,0.,-1.144237745222E-17));
#11461=DIRECTION('',(1.,0.,1.144237745222E-17));
#11462=DIRECTION('',(0.,1.,0.));
#11463=DIRECTION('',(0.,1.,0.));
#11464=DIRECTION('',(1.144237745222E-17,0.,-1.));
#11465=DIRECTION('',(0.,1.,0.));
#11466=DIRECTION('',(0.,-1.,0.));
#11467=DIRECTION('',(1.,0.,1.144237745222E-17));
#11468=DIRECTION('',(1.,0.,1.144237745222E-17));
#11469=DIRECTION('',(1.144237745222E-17,0.,-1.));
#11470=DIRECTION('',(1.,0.,1.144237745222E-17));
#11471=DIRECTION('',(-1.144237745222E-17,0.,1.));
#11472=DIRECTION('',(0.,-1.,0.));
#11473=DIRECTION('',(-1.144237745222E-17,0.,1.));
#11474=DIRECTION('',(0.,-1.,0.));
#11475=DIRECTION('',(1.144237745222E-17,0.,-1.));
#11476=DIRECTION('',(-1.144237745222E-17,0.,1.));
#11477=DIRECTION('',(0.,-1.,0.));
#11478=DIRECTION('',(0.986573647205013,-0.163316988218002,1.12887480557301E-17));
#11479=DIRECTION('',(0.163316988218002,0.986573647205013,1.86873462354803E-18));
#11480=DIRECTION('',(0.163316988218002,0.986573647205013,1.86873462354803E-18));
#11481=DIRECTION('',(1.144237745222E-17,0.,-1.));
#11482=DIRECTION('',(0.163316988218002,0.986573647205013,1.86873462354803E-18));
#11483=DIRECTION('',(-1.144237745222E-17,0.,1.));
#11484=DIRECTION('',(-0.98480775301219,0.173648177667033,-1.12685420278422E-17));
#11485=DIRECTION('',(1.144237745222E-17,-1.155557966632E-33,-1.));
#11486=DIRECTION('',(-0.98480775301219,0.173648177667033,-1.12685420278422E-17));
#11487=DIRECTION('',(1.144237745222E-17,0.,-1.));
#11488=DIRECTION('',(1.144237745222E-17,-1.155557966632E-33,-1.));
#11489=DIRECTION('',(-0.98480775301219,0.173648177667033,-1.12685420278422E-17));
#11490=DIRECTION('',(0.,-0.15643446504006,-0.987688340595165));
#11491=DIRECTION('',(-1.,0.,0.));
#11492=DIRECTION('',(-0.0779790608142124,0.984680826650474,-0.155958121627162));
#11493=DIRECTION('',(-1.,0.,1.110223024625E-16));
#11494=DIRECTION('',(0.0779790608142124,0.984680826650474,-0.155958121627162));
#11495=DIRECTION('',(-1.,0.,1.110223024625E-16));
#11496=DIRECTION('',(0.,0.,-1.));
#11497=DIRECTION('',(0.98480775301219,0.173648177667033,0.));
#11498=DIRECTION('',(1.144237745222E-17,0.,-1.));
#11499=DIRECTION('',(-1.,0.,-1.144237745222E-17));
#11500=DIRECTION('',(1.110223024625E-16,0.,1.));
#11501=DIRECTION('',(1.144237745222E-17,0.,-1.));
#11502=DIRECTION('',(-1.,0.,-1.144237745222E-17));
#11503=DIRECTION('',(-0.697335374529771,-0.16567060952036,-0.697335374529772));
#11504=DIRECTION('',(-0.707106781186548,0.,0.707106781186547));
#11505=DIRECTION('',(-0.155958121627162,0.984680826650474,-0.0779790608142129));
#11506=DIRECTION('',(-0.707106781186548,0.,0.707106781186548));
#11507=DIRECTION('',(-0.707106781186548,0.,0.707106781186548));
#11508=DIRECTION('',(0.697335374529771,-0.16567060952036,-0.697335374529772));
#11509=DIRECTION('',(-0.707106781186548,0.,-0.707106781186547));
#11510=DIRECTION('',(-0.707106781186548,0.,-0.707106781186548));
#11511=DIRECTION('',(0.155958121627162,0.984680826650474,-0.0779790608142129));
#11512=DIRECTION('',(-0.707106781186548,0.,-0.707106781186548));
#11513=DIRECTION('',(0.,1.,0.));
#11514=DIRECTION('',(0.596635914482821,0.,0.802512046980759));
#11515=DIRECTION('',(1.,0.,-1.110223024625E-16));
#11516=DIRECTION('',(0.707106781186548,0.,-0.707106781186548));
#11517=DIRECTION('',(-1.110223024625E-16,0.,-1.));
#11518=DIRECTION('',(1.110223024625E-16,0.,1.));
#11519=DIRECTION('',(0.707106781186548,0.,0.707106781186548));
#11520=DIRECTION('',(-1.144237745222E-17,0.,1.));
#11521=DIRECTION('',(-0.98480775301219,0.173648177667033,-1.12685420278422E-17));
#11522=DIRECTION('',(1.144237745222E-17,-1.155557966632E-33,-1.));
#11523=DIRECTION('',(-0.98480775301219,0.173648177667033,-1.12685420278422E-17));
#11524=DIRECTION('',(1.144237745222E-17,0.,-1.));
#11525=DIRECTION('',(1.144237745222E-17,-1.155557966632E-33,-1.));
#11526=DIRECTION('',(-0.98480775301219,0.173648177667033,-1.12685420278422E-17));
#11527=DIRECTION('',(1.144237745222E-17,0.,-1.));
#11528=DIRECTION('',(0.,1.,0.));
#11529=DIRECTION('',(0.,1.,0.));
#11530=DIRECTION('',(1.,0.,-1.110223024625E-16));
#11531=DIRECTION('',(-1.110223024625E-16,0.,-1.));
#11532=DIRECTION('',(-4.440892098501E-15,1.,4.930380657631E-31));
#11533=DIRECTION('',(-1.,0.,1.110223024625E-16));
#11534=DIRECTION('',(0.,0.,-1.));
#11535=DIRECTION('',(-4.440892098501E-15,1.,0.));
#11536=DIRECTION('',(-1.110223024625E-16,0.,-1.));
#11537=DIRECTION('',(-4.440892098501E-15,1.,4.930380657631E-31));
#11538=DIRECTION('',(1.110223024625E-16,0.,1.));
#11539=DIRECTION('',(1.144237745222E-17,0.,-1.));
#11540=DIRECTION('',(0.,1.,0.));
#11541=DIRECTION('',(-1.,0.,1.110223024625E-16));
#11542=DIRECTION('',(1.,0.,-1.110223024625E-16));
#11543=DIRECTION('',(0.,1.,0.));
#11544=DIRECTION('',(1.144237745222E-17,0.,-1.));
#11545=DIRECTION('',(0.,1.,0.));
#11546=DIRECTION('',(0.,1.,0.));
#11547=DIRECTION('',(1.,0.,-1.110223024625E-16));
#11548=DIRECTION('',(-1.110223024625E-16,0.,-1.));
#11549=DIRECTION('',(-4.440892098501E-15,1.,4.930380657631E-31));
#11550=DIRECTION('',(-1.,0.,1.110223024625E-16));
#11551=DIRECTION('',(0.,0.,-1.));
#11552=DIRECTION('',(-4.440892098501E-15,1.,0.));
#11553=DIRECTION('',(-1.110223024625E-16,0.,-1.));
#11554=DIRECTION('',(-4.440892098501E-15,1.,4.930380657631E-31));
#11555=DIRECTION('',(1.110223024625E-16,0.,1.));
#11556=DIRECTION('',(1.144237745222E-17,0.,-1.));
#11557=DIRECTION('',(0.,1.,0.));
#11558=DIRECTION('',(-1.,0.,1.110223024625E-16));
#11559=DIRECTION('',(1.,0.,-1.110223024625E-16));
#11560=DIRECTION('',(0.,1.,0.));
#11561=DIRECTION('',(1.144237745222E-17,0.,-1.));
#11562=DIRECTION('',(0.,1.,0.));
#11563=DIRECTION('',(0.,1.,0.));
#11564=DIRECTION('',(1.,0.,-1.110223024625E-16));
#11565=DIRECTION('',(-1.110223024625E-16,0.,-1.));
#11566=DIRECTION('',(-4.440892098501E-15,1.,4.930380657631E-31));
#11567=DIRECTION('',(-1.,0.,1.110223024625E-16));
#11568=DIRECTION('',(0.,0.,-1.));
#11569=DIRECTION('',(-4.440892098501E-15,1.,0.));
#11570=DIRECTION('',(-1.110223024625E-16,0.,-1.));
#11571=DIRECTION('',(-4.440892098501E-15,1.,4.930380657631E-31));
#11572=DIRECTION('',(1.110223024625E-16,0.,1.));
#11573=DIRECTION('',(1.144237745222E-17,0.,-1.));
#11574=DIRECTION('',(0.,1.,0.));
#11575=DIRECTION('',(-1.,0.,1.110223024625E-16));
#11576=DIRECTION('',(1.,0.,-1.110223024625E-16));
#11577=DIRECTION('',(0.,1.,0.));
#11578=DIRECTION('',(1.144237745222E-17,0.,-1.));
#11579=DIRECTION('',(0.,1.,0.));
#11580=DIRECTION('',(0.,1.,0.));
#11581=DIRECTION('',(1.,0.,-1.110223024625E-16));
#11582=DIRECTION('',(-1.110223024625E-16,0.,-1.));
#11583=DIRECTION('',(-4.440892098501E-15,1.,4.930380657631E-31));
#11584=DIRECTION('',(-1.,0.,1.110223024625E-16));
#11585=DIRECTION('',(0.,0.,-1.));
#11586=DIRECTION('',(-4.440892098501E-15,1.,0.));
#11587=DIRECTION('',(-1.110223024625E-16,0.,-1.));
#11588=DIRECTION('',(-4.440892098501E-15,1.,4.930380657631E-31));
#11589=DIRECTION('',(1.110223024625E-16,0.,1.));
#11590=DIRECTION('',(1.144237745222E-17,0.,-1.));
#11591=DIRECTION('',(0.,1.,0.));
#11592=DIRECTION('',(-1.,0.,1.110223024625E-16));
#11593=DIRECTION('',(1.,0.,-1.110223024625E-16));
#11594=DIRECTION('',(0.,1.,0.));
#11595=DIRECTION('',(1.144237745222E-17,0.,-1.));
#11596=DIRECTION('',(0.,1.,0.));
#11597=DIRECTION('',(0.,1.,0.));
#11598=DIRECTION('',(-1.,0.,-1.144237745222E-17));
#11599=DIRECTION('',(-1.144237745222E-17,-2.189528850508E-47,1.));
#11600=DIRECTION('',(4.440892098501E-15,1.,5.081436361563E-32));
#11601=DIRECTION('',(1.,0.,1.144237745222E-17));
#11602=DIRECTION('',(-1.144237745222E-17,0.,1.));
#11603=DIRECTION('',(4.440892098501E-15,1.,5.081436361563E-32));
#11604=DIRECTION('',(-1.144237745222E-17,-2.189528850508E-47,1.));
#11605=DIRECTION('',(4.440892098501E-15,1.,5.081436361563E-32));
#11606=DIRECTION('',(1.144237745222E-17,0.,-1.));
#11607=DIRECTION('',(1.144237745222E-17,0.,-1.));
#11608=DIRECTION('',(0.,1.,0.));
#11609=DIRECTION('',(1.,0.,1.144237745222E-17));
#11610=DIRECTION('',(-1.,0.,-1.144237745222E-17));
#11611=DIRECTION('',(0.,1.,0.));
#11612=DIRECTION('',(1.144237745222E-17,0.,-1.));
#11613=DIRECTION('',(0.,1.,0.));
#11614=DIRECTION('',(0.,1.,0.));
#11615=DIRECTION('',(-1.,0.,-1.144237745222E-17));
#11616=DIRECTION('',(-1.144237745222E-17,-2.189528850508E-47,1.));
#11617=DIRECTION('',(4.440892098501E-15,1.,5.081436361563E-32));
#11618=DIRECTION('',(1.,0.,1.144237745222E-17));
#11619=DIRECTION('',(-1.144237745222E-17,0.,1.));
#11620=DIRECTION('',(4.440892098501E-15,1.,5.081436361563E-32));
#11621=DIRECTION('',(-1.144237745222E-17,-2.189528850508E-47,1.));
#11622=DIRECTION('',(4.440892098501E-15,1.,5.081436361563E-32));
#11623=DIRECTION('',(1.144237745222E-17,0.,-1.));
#11624=DIRECTION('',(1.144237745222E-17,0.,-1.));
#11625=DIRECTION('',(0.,1.,0.));
#11626=DIRECTION('',(1.,0.,1.144237745222E-17));
#11627=DIRECTION('',(-1.,0.,-1.144237745222E-17));
#11628=DIRECTION('',(0.,1.,0.));
#11629=DIRECTION('',(1.144237745222E-17,0.,-1.));
#11630=DIRECTION('',(0.,1.,0.));
#11631=DIRECTION('',(0.,1.,0.));
#11632=DIRECTION('',(-1.,0.,-1.144237745222E-17));
#11633=DIRECTION('',(-1.144237745222E-17,-2.189528850508E-47,1.));
#11634=DIRECTION('',(4.440892098501E-15,1.,5.081436361563E-32));
#11635=DIRECTION('',(1.,0.,1.144237745222E-17));
#11636=DIRECTION('',(-1.144237745222E-17,0.,1.));
#11637=DIRECTION('',(4.440892098501E-15,1.,5.081436361563E-32));
#11638=DIRECTION('',(-1.144237745222E-17,-2.189528850508E-47,1.));
#11639=DIRECTION('',(4.440892098501E-15,1.,5.081436361563E-32));
#11640=DIRECTION('',(1.144237745222E-17,0.,-1.));
#11641=DIRECTION('',(1.144237745222E-17,0.,-1.));
#11642=DIRECTION('',(0.,1.,0.));
#11643=DIRECTION('',(1.,0.,1.144237745222E-17));
#11644=DIRECTION('',(-1.,0.,-1.144237745222E-17));
#11645=DIRECTION('',(0.,1.,0.));
#11646=DIRECTION('',(1.144237745222E-17,0.,-1.));
#11647=DIRECTION('',(0.,1.,0.));
#11648=DIRECTION('',(0.,1.,0.));
#11649=DIRECTION('',(-1.,0.,-1.144237745222E-17));
#11650=DIRECTION('',(-1.144237745222E-17,-2.189528850508E-47,1.));
#11651=DIRECTION('',(4.440892098501E-15,1.,5.081436361563E-32));
#11652=DIRECTION('',(1.,0.,1.144237745222E-17));
#11653=DIRECTION('',(-1.144237745222E-17,0.,1.));
#11654=DIRECTION('',(4.440892098501E-15,1.,5.081436361563E-32));
#11655=DIRECTION('',(-1.144237745222E-17,-2.189528850508E-47,1.));
#11656=DIRECTION('',(4.440892098501E-15,1.,5.081436361563E-32));
#11657=DIRECTION('',(1.144237745222E-17,0.,-1.));
#11658=DIRECTION('',(1.144237745222E-17,0.,-1.));
#11659=DIRECTION('',(0.,1.,0.));
#11660=DIRECTION('',(1.,0.,1.144237745222E-17));
#11661=DIRECTION('',(-1.,0.,-1.144237745222E-17));
#11662=DIRECTION('',(0.,1.,0.));
#11663=DIRECTION('',(-0.987688340595165,-0.15643446504006,0.));
#11664=DIRECTION('',(0.,0.,1.));
#11665=DIRECTION('',(-0.155958121627162,0.984680826650474,0.0779790608142129));
#11666=DIRECTION('',(1.110223024625E-16,0.,1.));
#11667=DIRECTION('',(-0.697335374529771,-0.16567060952036,0.697335374529772));
#11668=DIRECTION('',(0.707106781186548,0.,0.707106781186547));
#11669=DIRECTION('',(-0.0779790608142124,0.984680826650474,0.155958121627162));
#11670=DIRECTION('',(0.707106781186548,0.,0.707106781186548));
#11671=DIRECTION('',(0.,-0.15643446504006,0.987688340595165));
#11672=DIRECTION('',(1.,0.,0.));
#11673=DIRECTION('',(0.0779790608142124,0.984680826650474,0.155958121627162));
#11674=DIRECTION('',(1.,0.,-1.110223024625E-16));
#11675=DIRECTION('',(0.697335374529771,-0.16567060952036,0.697335374529772));
#11676=DIRECTION('',(0.707106781186548,0.,-0.707106781186547));
#11677=DIRECTION('',(0.155958121627162,0.984680826650474,0.0779790608142129));
#11678=DIRECTION('',(0.707106781186548,0.,-0.707106781186548));
#11679=DIRECTION('',(0.987688340595165,-0.15643446504006,0.));
#11680=DIRECTION('',(0.,0.,-1.));
#11681=DIRECTION('',(-1.110223024625E-16,0.,-1.));
#11682=DIRECTION('',(0.,0.,-1.));
#11683=DIRECTION('',(-1.,0.,0.));
#11684=DIRECTION('',(0.,1.,0.));
#11685=DIRECTION('',(-1.,0.,1.110223024625E-16));
#11686=DIRECTION('',(0.,1.,0.));
#11687=DIRECTION('',(-1.,0.,1.110223024625E-16));
#11688=DIRECTION('',(-0.707106781186548,0.,-0.707106781186548));
#11689=DIRECTION('',(-0.707106781186548,0.,0.707106781186548));
#11690=DIRECTION('',(0.,1.,0.));
#11691=DIRECTION('',(-0.707106781186548,0.,0.707106781186548));
#11692=DIRECTION('',(-0.707106781186548,0.,0.707106781186548));
#11693=DIRECTION('',(0.707106781186548,0.,-0.707106781186548));
#11694=DIRECTION('',(-0.707106781186548,0.,-0.707106781186548));
#11695=DIRECTION('',(-0.707106781186548,0.,-0.707106781186548));
#11696=DIRECTION('',(0.,1.,0.));
#11697=DIRECTION('',(-0.707106781186548,0.,-0.707106781186548));
#11698=DIRECTION('',(-1.,0.,0.));
#11699=DIRECTION('',(0.,0.,1.));
#11700=DIRECTION('',(1.110223024625E-16,0.,1.));
#11701=DIRECTION('',(1.110223024625E-16,0.,1.));
#11702=DIRECTION('',(0.,1.,0.));
#11703=DIRECTION('',(-1.,0.,-1.144237745222E-17));
#11704=DIRECTION('',(1.110223024625E-16,0.,1.));
#11705=DIRECTION('',(-1.,0.,0.));
#11706=DIRECTION('',(0.,0.,1.));
#11707=DIRECTION('',(1.110223024625E-16,0.,1.));
#11708=DIRECTION('',(1.110223024625E-16,0.,1.));
#11709=DIRECTION('',(0.,1.,0.));
#11710=DIRECTION('',(-1.,0.,-1.144237745222E-17));
#11711=DIRECTION('',(1.110223024625E-16,0.,1.));
#11712=DIRECTION('',(-1.,0.,0.));
#11713=DIRECTION('',(0.,0.,1.));
#11714=DIRECTION('',(1.110223024625E-16,0.,1.));
#11715=DIRECTION('',(1.110223024625E-16,0.,1.));
#11716=DIRECTION('',(0.,1.,0.));
#11717=DIRECTION('',(-1.,0.,-1.144237745222E-17));
#11718=DIRECTION('',(1.110223024625E-16,0.,1.));
#11719=DIRECTION('',(-1.,0.,0.));
#11720=DIRECTION('',(0.,0.,1.));
#11721=DIRECTION('',(1.110223024625E-16,0.,1.));
#11722=DIRECTION('',(1.110223024625E-16,0.,1.));
#11723=DIRECTION('',(0.,1.,0.));
#11724=DIRECTION('',(-1.,0.,-1.144237745222E-17));
#11725=DIRECTION('',(1.110223024625E-16,0.,1.));
#11726=DIRECTION('',(-1.,0.,0.));
#11727=DIRECTION('',(0.,0.,1.));
#11728=DIRECTION('',(1.110223024625E-16,0.,1.));
#11729=DIRECTION('',(1.110223024625E-16,0.,1.));
#11730=DIRECTION('',(0.,1.,0.));
#11731=DIRECTION('',(1.,0.,0.));
#11732=DIRECTION('',(0.,0.,-1.));
#11733=DIRECTION('',(-1.110223024625E-16,0.,-1.));
#11734=DIRECTION('',(0.,1.,0.));
#11735=DIRECTION('',(-1.110223024625E-16,0.,-1.));
#11736=DIRECTION('',(0.,1.,0.));
#11737=DIRECTION('',(-1.,0.,-1.144237745222E-17));
#11738=DIRECTION('',(-1.110223024625E-16,0.,-1.));
#11739=DIRECTION('',(1.,0.,0.));
#11740=DIRECTION('',(0.,0.,-1.));
#11741=DIRECTION('',(-1.110223024625E-16,0.,-1.));
#11742=DIRECTION('',(-1.110223024625E-16,0.,-1.));
#11743=DIRECTION('',(0.,1.,0.));
#11744=DIRECTION('',(-1.,0.,-1.144237745222E-17));
#11745=DIRECTION('',(-1.110223024625E-16,0.,-1.));
#11746=DIRECTION('',(1.,0.,0.));
#11747=DIRECTION('',(0.,0.,-1.));
#11748=DIRECTION('',(-1.110223024625E-16,0.,-1.));
#11749=DIRECTION('',(-1.110223024625E-16,0.,-1.));
#11750=DIRECTION('',(0.,1.,0.));
#11751=DIRECTION('',(-1.,0.,-1.144237745222E-17));
#11752=DIRECTION('',(-1.110223024625E-16,0.,-1.));
#11753=DIRECTION('',(1.,0.,0.));
#11754=DIRECTION('',(0.,0.,-1.));
#11755=DIRECTION('',(-1.110223024625E-16,0.,-1.));
#11756=DIRECTION('',(-1.110223024625E-16,0.,-1.));
#11757=DIRECTION('',(0.,1.,0.));
#11758=DIRECTION('',(-1.,0.,-1.144237745222E-17));
#11759=DIRECTION('',(-1.110223024625E-16,0.,-1.));
#11760=DIRECTION('',(1.,0.,0.));
#11761=DIRECTION('',(0.,0.,-1.));
#11762=DIRECTION('',(-1.110223024625E-16,0.,-1.));
#11763=DIRECTION('',(-1.110223024625E-16,0.,-1.));
#11764=DIRECTION('',(0.707106781186548,0.,0.707106781186548));
#11765=DIRECTION('',(0.707106781186548,0.,-0.707106781186548));
#11766=DIRECTION('',(0.707106781186548,0.,-0.707106781186548));
#11767=DIRECTION('',(0.,1.,0.));
#11768=DIRECTION('',(0.707106781186548,0.,-0.707106781186548));
#11769=DIRECTION('',(1.056799485453E-32,-1.,-2.825121699139E-27));
#11770=DIRECTION('',(1.,1.056799485485E-32,-1.115802992483E-16));
#11771=DIRECTION('',(0.707106781186548,0.,0.707106781186548));
#11772=DIRECTION('',(1.,0.,-1.110223024625E-16));
#11773=DIRECTION('',(-0.707106781186548,0.,0.707106781186548));
#11774=DIRECTION('',(0.707106781186548,0.,0.707106781186548));
#11775=DIRECTION('',(0.,1.,0.));
#11776=DIRECTION('',(0.707106781186548,0.,0.707106781186548));
#11777=DIRECTION('',(0.,0.156434465040061,-0.987688340595165));
#11778=DIRECTION('',(-1.,0.,0.));
#11779=DIRECTION('',(0.0779790608142124,0.984680826650474,0.155958121627163));
#11780=DIRECTION('',(-0.0779790608142124,0.984680826650474,0.155958121627163));
#11781=DIRECTION('',(-1.,0.,1.110223024625E-16));
#11782=DIRECTION('',(-0.697335374529771,0.16567060952036,-0.697335374529771));
#11783=DIRECTION('',(-0.707106781186548,0.,0.707106781186548));
#11784=DIRECTION('',(0.155958121627162,0.984680826650474,0.0779790608142124));
#11785=DIRECTION('',(-0.707106781186548,0.,0.707106781186548));
#11786=DIRECTION('',(0.697335374529771,0.16567060952036,-0.697335374529771));
#11787=DIRECTION('',(-0.707106781186548,0.,-0.707106781186548));
#11788=DIRECTION('',(-0.155958121627162,0.984680826650474,0.0779790608142124));
#11789=DIRECTION('',(-0.707106781186548,0.,-0.707106781186548));
#11790=DIRECTION('',(-0.987688340595165,0.15643446504006,0.));
#11791=DIRECTION('',(0.,0.,1.));
#11792=DIRECTION('',(0.155958121627162,0.984680826650474,-0.0779790608142124));
#11793=DIRECTION('',(1.110223024625E-16,0.,1.));
#11794=DIRECTION('',(0.987688340595165,0.15643446504006,0.));
#11795=DIRECTION('',(0.,0.,-1.));
#11796=DIRECTION('',(-0.155958121627162,0.984680826650474,-0.0779790608142124));
#11797=DIRECTION('',(-1.110223024625E-16,0.,-1.));
#11798=DIRECTION('',(0.697335374529771,0.16567060952036,0.697335374529771));
#11799=DIRECTION('',(0.707106781186548,0.,-0.707106781186548));
#11800=DIRECTION('',(-0.0779790608142124,0.984680826650474,-0.155958121627163));
#11801=DIRECTION('',(0.707106781186548,0.,-0.707106781186548));
#11802=DIRECTION('',(0.,0.,1.));
#11803=DIRECTION('',(1.,0.,0.));
#11804=DIRECTION('',(1.,0.,-1.110223024625E-16));
#11805=DIRECTION('',(-0.697335374529771,0.16567060952036,0.697335374529771));
#11806=DIRECTION('',(0.707106781186548,0.,0.707106781186548));
#11807=DIRECTION('',(0.0779790608142124,0.984680826650474,-0.155958121627163));
#11808=DIRECTION('',(0.707106781186548,0.,0.707106781186548));
#11809=DIRECTION('',(0.,1.,0.));
#11810=DIRECTION('',(0.592560915935237,0.,0.805525642612322));
#11811=DIRECTION('',(1.,0.,-1.110223024625E-16));
#11812=DIRECTION('',(0.,0.156434465040061,0.987688340595165));
#11813=DIRECTION('',(1.,0.,0.));
#11814=DIRECTION('',(0.,0.,1.));
#11815=DIRECTION('',(1.,0.,0.));
#11816=DIRECTION('',(-1.224646799147E-16,1.,-1.359631073447E-32));
#11817=DIRECTION('',(1.,1.224646799147E-16,2.22044604925E-16));
#11818=DIRECTION('',(1.224646799147E-16,-1.,1.359631073447E-32));
#11819=DIRECTION('',(-1.,-1.224646799147E-16,-2.22044604925E-16));
#11820=DIRECTION('',(1.,1.224646799147E-16,1.110223024625E-16));
#11821=DIRECTION('',(-1.110223024625E-16,0.,1.));
#11822=DIRECTION('',(0.324405139395453,-0.677821250378779,-0.659787585567329));
#11823=DIRECTION('',(-0.945918232765535,-0.232424035149369,-0.226313421622782));
#11824=DIRECTION('',(1.224646799147E-16,-1.,1.359631073447E-32));
#11825=DIRECTION('',(-1.,-1.224646799147E-16,-2.22044604925E-16));
#11826=DIRECTION('',(-1.224646799147E-16,1.,-1.359631073447E-32));
#11827=DIRECTION('',(-1.,-1.224646799147E-16,-2.22044604925E-16));
#11828=DIRECTION('',(-1.,-1.224646799147E-16,-1.110223024625E-16));
#11829=DIRECTION('',(-1.110223024625E-16,0.,1.));
#11830=DIRECTION('',(-1.,-1.224646799147E-16,-1.110223024625E-16));
#11831=DIRECTION('',(-1.110223024625E-16,0.,1.));
#11832=DIRECTION('',(-0.324405136447071,-0.677821251091739,0.659787586284546));
#11833=DIRECTION('',(0.945918233776687,-0.232424032989796,0.226313419614371));
#11834=DIRECTION('',(-1.,-1.224646799147E-16,-1.110223024625E-16));
#11835=DIRECTION('',(-1.110223024625E-16,0.,1.));
#11836=DIRECTION('',(-1.,-1.224646799147E-16,-1.110223024625E-16));
#11837=DIRECTION('',(-1.110223024625E-16,0.,1.));
#11838=DIRECTION('',(-1.,-1.224646799147E-16,-9.957992501028E-17));
#11839=DIRECTION('',(1.110223024625E-16,0.,-1.));
#11840=DIRECTION('',(1.224646799147E-16,-1.,1.359631073447E-32));
#11841=DIRECTION('',(1.,1.224646799147E-16,9.957992501028E-17));
#11842=DIRECTION('',(-1.224646799147E-16,1.,-1.359631073447E-32));
#11843=DIRECTION('',(1.,1.224646799147E-16,9.957992501028E-17));
#11844=DIRECTION('',(1.224646799147E-16,-1.,1.359631073447E-32));
#11845=DIRECTION('',(1.,1.224646799147E-16,9.957992501028E-17));
#11846=DIRECTION('',(-1.224646799147E-16,1.,-1.359631073447E-32));
#11847=DIRECTION('',(1.,1.224646799147E-16,2.22044604925E-16));
#11848=DIRECTION('',(0.,0.,1.));
#11849=DIRECTION('',(1.,0.,0.));
#11850=DIRECTION('',(0.,1.,0.));
#11851=DIRECTION('',(1.,0.,0.));
#11852=DIRECTION('',(0.,1.,0.));
#11853=DIRECTION('',(1.,0.,0.));
#11854=DIRECTION('',(-0.866034421105165,0.,0.499984381217095));
#11855=DIRECTION('',(0.,-1.,0.));
#11856=DIRECTION('',(-0.60876083487709,0.,0.793353796184117));
#11857=DIRECTION('',(-0.866034421105165,0.,-0.499984381217095));
#11858=DIRECTION('',(0.,0.,-1.));
#11859=DIRECTION('',(0.707106781186548,0.,-0.707106781186548));
#11860=DIRECTION('',(0.999994739370563,0.,-0.00324364474009759));
#11861=DIRECTION('',(0.,-1.,0.));
#11862=DIRECTION('',(-0.195092953465931,0.,0.980784756971651));
#11863=DIRECTION('',(-1.,0.,0.));
#11864=DIRECTION('',(-0.923879179302722,0.,0.382684285084885));
#11865=DIRECTION('',(-0.707106781186548,0.,0.707106781186548));
#11866=DIRECTION('',(-0.382672203496074,0.,0.923884183581178));
#11867=DIRECTION('',(-0.00221047836721436,0.,0.99999755688971));
#11868=DIRECTION('',(0.,1.,0.));
#11869=DIRECTION('',(1.,0.,0.));
#11870=DIRECTION('',(0.,1.,0.));
#11871=DIRECTION('',(1.,0.,0.));
#11872=DIRECTION('',(-0.00221047836721436,0.,0.99999755688971));
#11873=DIRECTION('',(-0.382672203496074,0.,0.923884183581178));
#11874=DIRECTION('',(-0.707106781186548,0.,0.707106781186548));
#11875=DIRECTION('',(-0.923879179302722,0.,0.382684285084885));
#11876=DIRECTION('',(-1.,0.,0.));
#11877=DIRECTION('',(0.,-1.,0.));
#11878=DIRECTION('',(-0.195092953465931,0.,0.980784756971651));
#11879=DIRECTION('',(0.999994739370563,0.,-0.00324364474009759));
#11880=DIRECTION('',(0.707106781186548,0.,-0.707106781186548));
#11881=DIRECTION('',(0.,0.,-1.));
#11882=DIRECTION('',(-0.866034421105165,0.,-0.499984381217095));
#11883=DIRECTION('',(0.,-1.,0.));
#11884=DIRECTION('',(-0.60876083487709,0.,0.793353796184117));
#11885=DIRECTION('',(-0.866034421105165,0.,0.499984381217095));
#11886=DIRECTION('',(0.,-1.,0.));
#11887=DIRECTION('',(1.,0.,0.));
#11888=DIRECTION('',(0.499984381217095,0.,0.866034421105165));
#11889=DIRECTION('',(-0.866034421105165,0.,0.499984381217095));
#11890=DIRECTION('',(0.,1.,0.));
#11891=DIRECTION('',(0.,1.,0.));
#11892=DIRECTION('',(0.,-1.,0.));
#11893=DIRECTION('',(-0.60876083487709,0.,0.793353796184117));
#11894=DIRECTION('',(0.,1.,0.));
#11895=DIRECTION('',(-0.499984381217095,0.,0.866034421105165));
#11896=DIRECTION('',(-0.866034421105165,0.,-0.499984381217095));
#11897=DIRECTION('',(0.,1.,0.));
#11898=DIRECTION('',(-1.,0.,0.));
#11899=DIRECTION('',(0.,0.,-1.));
#11900=DIRECTION('',(0.,1.,0.));
#11901=DIRECTION('',(-0.707106781186548,0.,-0.707106781186548));
#11902=DIRECTION('',(0.707106781186548,0.,-0.707106781186548));
#11903=DIRECTION('',(0.,1.,0.));
#11904=DIRECTION('',(-0.00324364474009759,0.,-0.999994739370563));
#11905=DIRECTION('',(0.999994739370563,0.,-0.00324364474009759));
#11906=DIRECTION('',(0.,1.,0.));
#11907=DIRECTION('',(0.,-1.,0.));
#11908=DIRECTION('',(-0.195092953465931,0.,0.980784756971651));
#11909=DIRECTION('',(0.,1.,0.));
#11910=DIRECTION('',(0.,0.,1.));
#11911=DIRECTION('',(-1.,0.,0.));
#11912=DIRECTION('',(0.,1.,0.));
#11913=DIRECTION('',(0.382684285084885,0.,0.923879179302722));
#11914=DIRECTION('',(-0.923879179302722,0.,0.382684285084885));
#11915=DIRECTION('',(0.,1.,0.));
#11916=DIRECTION('',(0.707106781186548,0.,0.707106781186548));
#11917=DIRECTION('',(-0.707106781186548,0.,0.707106781186548));
#11918=DIRECTION('',(0.,1.,0.));
#11919=DIRECTION('',(0.923884183581178,0.,0.382672203496074));
#11920=DIRECTION('',(-0.382672203496074,0.,0.923884183581178));
#11921=DIRECTION('',(0.,1.,0.));
#11922=DIRECTION('',(0.99999755688971,0.,0.00221047836721436));
#11923=DIRECTION('',(-0.00221047836721436,0.,0.99999755688971));
#11924=DIRECTION('',(0.,0.,1.));
#11925=DIRECTION('',(1.,0.,0.));
#11926=DIRECTION('',(0.,-1.,0.));
#11927=DIRECTION('',(-1.,0.,0.));
#11928=DIRECTION('',(0.,1.,0.));
#11929=DIRECTION('',(1.,0.,0.));
#11930=DIRECTION('',(0.,-1.,0.));
#11931=DIRECTION('',(-0.555571796151882,0.,-0.831468567848823));
#11932=DIRECTION('',(0.000396291875685247,0.,0.999999921476372));
#11933=DIRECTION('',(0.866022927952457,0.,0.500004288242264));
#11934=DIRECTION('',(0.,-1.,0.));
#11935=DIRECTION('',(0.608760689232159,0.,-0.793353907941208));
#11936=DIRECTION('',(0.866022927952457,0.,-0.500004288242264));
#11937=DIRECTION('',(0.000396291875685247,0.,-0.999999921476372));
#11938=DIRECTION('',(0.382692828060019,0.,-0.923875640631046));
#11939=DIRECTION('',(0.707106781186548,0.,-0.707106781186548));
#11940=DIRECTION('',(0.,-1.,0.));
#11941=DIRECTION('',(-1.,0.,0.));
#11942=DIRECTION('',(0.,1.,0.));
#11943=DIRECTION('',(1.,0.,0.));
#11944=DIRECTION('',(0.707106781186548,0.,-0.707106781186548));
#11945=DIRECTION('',(0.382692828060019,0.,-0.923875640631046));
#11946=DIRECTION('',(0.000396291875685247,0.,-0.999999921476372));
#11947=DIRECTION('',(0.866022927952457,0.,-0.500004288242264));
#11948=DIRECTION('',(0.,-1.,0.));
#11949=DIRECTION('',(0.608760689232159,0.,-0.793353907941208));
#11950=DIRECTION('',(0.866022927952457,0.,0.500004288242264));
#11951=DIRECTION('',(0.000396291875685247,0.,0.999999921476372));
#11952=DIRECTION('',(0.,-1.,0.));
#11953=DIRECTION('',(-0.555571796151882,0.,-0.831468567848823));
#11954=DIRECTION('',(0.,1.,0.));
#11955=DIRECTION('',(1.,0.,0.));
#11956=DIRECTION('',(0.707106781186548,0.,0.707106781186548));
#11957=DIRECTION('',(0.707106781186548,0.,-0.707106781186548));
#11958=DIRECTION('',(0.,-1.,0.));
#11959=DIRECTION('',(0.,-1.,0.));
#11960=DIRECTION('',(0.923875640631046,0.,0.382692828060019));
#11961=DIRECTION('',(0.382692828060019,0.,-0.923875640631046));
#11962=DIRECTION('',(0.,-1.,0.));
#11963=DIRECTION('',(0.999999921476372,0.,0.000396291875685247));
#11964=DIRECTION('',(0.000396291875685247,0.,-0.999999921476372));
#11965=DIRECTION('',(0.,-1.,0.));
#11966=DIRECTION('',(0.500004288242264,0.,0.866022927952457));
#11967=DIRECTION('',(0.866022927952457,0.,-0.500004288242264));
#11968=DIRECTION('',(0.,-1.,0.));
#11969=DIRECTION('',(0.,1.,0.));
#11970=DIRECTION('',(0.608760689232159,0.,-0.793353907941208));
#11971=DIRECTION('',(0.,-1.,0.));
#11972=DIRECTION('',(-0.500004288242264,0.,0.866022927952457));
#11973=DIRECTION('',(0.866022927952457,0.,0.500004288242264));
#11974=DIRECTION('',(0.,-1.,0.));
#11975=DIRECTION('',(-0.999999921476372,0.,0.000396291875685247));
#11976=DIRECTION('',(0.000396291875685247,0.,0.999999921476372));
#11977=DIRECTION('',(0.,-1.,0.));
#11978=DIRECTION('',(0.,1.,0.));
#11979=DIRECTION('',(-0.555571796151882,0.,-0.831468567848823));
#11980=DIRECTION('',(0.,0.,1.));
#11981=DIRECTION('',(1.,0.,0.));
#11982=DIRECTION('',(0.,1.,0.));
#11983=DIRECTION('',(1.,0.,0.));
#11984=DIRECTION('',(0.,1.,0.));
#11985=DIRECTION('',(1.,0.,0.));
#11986=DIRECTION('',(-0.866034421105165,0.,0.499984381217095));
#11987=DIRECTION('',(0.,-1.,0.));
#11988=DIRECTION('',(-0.60876083487709,0.,0.793353796184117));
#11989=DIRECTION('',(-0.866034421105165,0.,-0.499984381217095));
#11990=DIRECTION('',(0.,0.,-1.));
#11991=DIRECTION('',(0.707106781186548,0.,-0.707106781186548));
#11992=DIRECTION('',(0.999996063566914,0.,-0.00280586006004976));
#11993=DIRECTION('',(0.,-1.,0.));
#11994=DIRECTION('',(-0.195092953465931,0.,0.980784756971651));
#11995=DIRECTION('',(-1.,0.,0.));
#11996=DIRECTION('',(-0.923879179302722,0.,0.382684285084885));
#11997=DIRECTION('',(-0.707106781186548,0.,0.707106781186548));
#11998=DIRECTION('',(-0.382678244203967,0.,0.923881681500921));
#11999=DIRECTION('',(-0.0022649695914362,0.,0.999997434953085));
#12000=DIRECTION('',(0.,1.,0.));
#12001=DIRECTION('',(1.,0.,0.));
#12002=DIRECTION('',(0.,1.,0.));
#12003=DIRECTION('',(1.,0.,0.));
#12004=DIRECTION('',(-0.0022649695914362,0.,0.999997434953085));
#12005=DIRECTION('',(-0.382678244203967,0.,0.923881681500921));
#12006=DIRECTION('',(-0.707106781186548,0.,0.707106781186548));
#12007=DIRECTION('',(-0.923879179302722,0.,0.382684285084885));
#12008=DIRECTION('',(-1.,0.,0.));
#12009=DIRECTION('',(0.,-1.,0.));
#12010=DIRECTION('',(-0.195092953465931,0.,0.980784756971651));
#12011=DIRECTION('',(0.999996063566914,0.,-0.00280586006004976));
#12012=DIRECTION('',(0.707106781186548,0.,-0.707106781186548));
#12013=DIRECTION('',(0.,0.,-1.));
#12014=DIRECTION('',(-0.866034421105165,0.,-0.499984381217095));
#12015=DIRECTION('',(0.,-1.,0.));
#12016=DIRECTION('',(-0.60876083487709,0.,0.793353796184117));
#12017=DIRECTION('',(-0.866034421105165,0.,0.499984381217095));
#12018=DIRECTION('',(0.,-1.,0.));
#12019=DIRECTION('',(1.,0.,0.));
#12020=DIRECTION('',(0.499984381217095,0.,0.866034421105165));
#12021=DIRECTION('',(-0.866034421105165,0.,0.499984381217095));
#12022=DIRECTION('',(0.,1.,0.));
#12023=DIRECTION('',(0.,1.,0.));
#12024=DIRECTION('',(0.,-1.,0.));
#12025=DIRECTION('',(-0.60876083487709,0.,0.793353796184117));
#12026=DIRECTION('',(0.,1.,0.));
#12027=DIRECTION('',(-0.499984381217095,0.,0.866034421105165));
#12028=DIRECTION('',(-0.866034421105165,0.,-0.499984381217095));
#12029=DIRECTION('',(0.,1.,0.));
#12030=DIRECTION('',(-1.,0.,0.));
#12031=DIRECTION('',(0.,0.,-1.));
#12032=DIRECTION('',(0.,1.,0.));
#12033=DIRECTION('',(-0.707106781186548,0.,-0.707106781186548));
#12034=DIRECTION('',(0.707106781186548,0.,-0.707106781186548));
#12035=DIRECTION('',(0.,1.,0.));
#12036=DIRECTION('',(-0.00280586006004976,0.,-0.999996063566914));
#12037=DIRECTION('',(0.999996063566914,0.,-0.00280586006004976));
#12038=DIRECTION('',(0.,1.,0.));
#12039=DIRECTION('',(0.,-1.,0.));
#12040=DIRECTION('',(-0.195092953465931,0.,0.980784756971651));
#12041=DIRECTION('',(0.,1.,0.));
#12042=DIRECTION('',(0.,0.,1.));
#12043=DIRECTION('',(-1.,0.,0.));
#12044=DIRECTION('',(0.,1.,0.));
#12045=DIRECTION('',(0.382684285084885,0.,0.923879179302722));
#12046=DIRECTION('',(-0.923879179302722,0.,0.382684285084885));
#12047=DIRECTION('',(0.,1.,0.));
#12048=DIRECTION('',(0.707106781186548,0.,0.707106781186548));
#12049=DIRECTION('',(-0.707106781186548,0.,0.707106781186548));
#12050=DIRECTION('',(0.,1.,0.));
#12051=DIRECTION('',(0.923881681500921,0.,0.382678244203967));
#12052=DIRECTION('',(-0.382678244203967,0.,0.923881681500921));
#12053=DIRECTION('',(0.,1.,0.));
#12054=DIRECTION('',(0.999997434953085,0.,0.0022649695914362));
#12055=DIRECTION('',(-0.0022649695914362,0.,0.999997434953085));
#12056=DIRECTION('',(0.,0.,1.));
#12057=DIRECTION('',(1.,0.,0.));
#12058=DIRECTION('',(0.,-1.,0.));
#12059=DIRECTION('',(-1.,0.,0.));
#12060=DIRECTION('',(0.,1.,0.));
#12061=DIRECTION('',(1.,0.,0.));
#12062=DIRECTION('',(0.,-1.,0.));
#12063=DIRECTION('',(-0.555571796151882,0.,-0.831468567848823));
#12064=DIRECTION('',(0.000574431672220465,0.,0.999999835014113));
#12065=DIRECTION('',(0.707106781186548,0.,0.707106781186548));
#12066=DIRECTION('',(0.965935612621606,0.,-0.258782519249894));
#12067=DIRECTION('',(0.,-1.,0.));
#12068=DIRECTION('',(-0.13052705164906,0.,-0.991444748227456));
#12069=DIRECTION('',(0.258782519249894,0.,-0.965935612621606));
#12070=DIRECTION('',(-0.70658990400541,0.,-0.70762328081941));
#12071=DIRECTION('',(-0.382678244203967,0.,-0.923881681500921));
#12072=DIRECTION('',(0.,0.,-1.));
#12073=DIRECTION('',(0.382692828060019,0.,-0.923875640631046));
#12074=DIRECTION('',(0.707106781186548,0.,-0.707106781186548));
#12075=DIRECTION('',(0.,-1.,0.));
#12076=DIRECTION('',(-1.,0.,0.));
#12077=DIRECTION('',(0.,1.,0.));
#12078=DIRECTION('',(1.,0.,0.));
#12079=DIRECTION('',(0.707106781186548,0.,-0.707106781186548));
#12080=DIRECTION('',(0.382692828060019,0.,-0.923875640631046));
#12081=DIRECTION('',(0.,0.,-1.));
#12082=DIRECTION('',(-0.382678244203967,0.,-0.923881681500921));
#12083=DIRECTION('',(-0.70658990400541,0.,-0.70762328081941));
#12084=DIRECTION('',(0.258782519249894,0.,-0.965935612621606));
#12085=DIRECTION('',(0.,-1.,0.));
#12086=DIRECTION('',(-0.13052705164906,0.,-0.991444748227456));
#12087=DIRECTION('',(0.965935612621606,0.,-0.258782519249894));
#12088=DIRECTION('',(0.707106781186548,0.,0.707106781186548));
#12089=DIRECTION('',(0.000574431672220465,0.,0.999999835014113));
#12090=DIRECTION('',(0.,-1.,0.));
#12091=DIRECTION('',(-0.555571796151882,0.,-0.831468567848823));
#12092=DIRECTION('',(0.,1.,0.));
#12093=DIRECTION('',(1.,0.,0.));
#12094=DIRECTION('',(0.707106781186548,0.,0.707106781186548));
#12095=DIRECTION('',(0.707106781186548,0.,-0.707106781186548));
#12096=DIRECTION('',(0.,-1.,0.));
#12097=DIRECTION('',(0.,-1.,0.));
#12098=DIRECTION('',(0.923875640631046,0.,0.382692828060019));
#12099=DIRECTION('',(0.382692828060019,0.,-0.923875640631046));
#12100=DIRECTION('',(0.,-1.,0.));
#12101=DIRECTION('',(1.,0.,0.));
#12102=DIRECTION('',(0.,0.,-1.));
#12103=DIRECTION('',(0.,-1.,0.));
#12104=DIRECTION('',(0.923881681500921,0.,-0.382678244203967));
#12105=DIRECTION('',(-0.382678244203967,0.,-0.923881681500921));
#12106=DIRECTION('',(0.,-1.,0.));
#12107=DIRECTION('',(0.70762328081941,0.,-0.70658990400541));
#12108=DIRECTION('',(-0.70658990400541,0.,-0.70762328081941));
#12109=DIRECTION('',(0.,-1.,0.));
#12110=DIRECTION('',(0.965935612621606,0.,0.258782519249894));
#12111=DIRECTION('',(0.258782519249894,0.,-0.965935612621606));
#12112=DIRECTION('',(0.,-1.,0.));
#12113=DIRECTION('',(0.,1.,0.));
#12114=DIRECTION('',(-0.13052705164906,0.,-0.991444748227456));
#12115=DIRECTION('',(0.,-1.,0.));
#12116=DIRECTION('',(0.258782519249894,0.,0.965935612621606));
#12117=DIRECTION('',(0.965935612621606,0.,-0.258782519249894));
#12118=DIRECTION('',(0.,-1.,0.));
#12119=DIRECTION('',(-0.707106781186548,0.,0.707106781186548));
#12120=DIRECTION('',(0.707106781186548,0.,0.707106781186548));
#12121=DIRECTION('',(0.,-1.,0.));
#12122=DIRECTION('',(-0.999999835014113,0.,0.000574431672220465));
#12123=DIRECTION('',(0.000574431672220465,0.,0.999999835014113));
#12124=DIRECTION('',(0.,-1.,0.));
#12125=DIRECTION('',(0.,1.,0.));
#12126=DIRECTION('',(-0.555571796151882,0.,-0.831468567848823));
#12127=DIRECTION('',(0.,0.,1.));
#12128=DIRECTION('',(1.,0.,0.));
#12129=DIRECTION('',(0.,1.,0.));
#12130=DIRECTION('',(1.,0.,0.));
#12131=DIRECTION('',(0.709622712134184,0.,-0.704581866374182));
#12132=DIRECTION('',(1.,0.,0.));
#12133=DIRECTION('',(-0.500022136813861,0.,-0.86601262271176));
#12134=DIRECTION('',(0.,1.,0.));
#12135=DIRECTION('',(0.924268562301083,0.,0.381742877788034));
#12136=DIRECTION('',(-1.,0.,0.));
#12137=DIRECTION('',(-0.923879179302722,0.,0.382684285084885));
#12138=DIRECTION('',(-0.707106781186548,0.,0.707106781186548));
#12139=DIRECTION('',(0.,-1.,0.));
#12140=DIRECTION('',(-0.555566048556925,0.,-0.831472408255887));
#12141=DIRECTION('',(0.,1.,0.));
#12142=DIRECTION('',(1.,0.,0.));
#12143=DIRECTION('',(0.,-1.,0.));
#12144=DIRECTION('',(-0.555566048556925,0.,-0.831472408255887));
#12145=DIRECTION('',(-0.707106781186548,0.,0.707106781186548));
#12146=DIRECTION('',(-0.923879179302722,0.,0.382684285084885));
#12147=DIRECTION('',(-1.,0.,0.));
#12148=DIRECTION('',(0.,1.,0.));
#12149=DIRECTION('',(0.924268562301083,0.,0.381742877788034));
#12150=DIRECTION('',(-0.500022136813861,0.,-0.86601262271176));
#12151=DIRECTION('',(1.,0.,0.));
#12152=DIRECTION('',(0.709622712134184,0.,-0.704581866374182));
#12153=DIRECTION('',(-0.704581866374182,0.,-0.709622712134184));
#12154=DIRECTION('',(0.709622712134184,0.,-0.704581866374182));
#12155=DIRECTION('',(0.,1.,0.));
#12156=DIRECTION('',(0.,1.,0.));
#12157=DIRECTION('',(0.,0.,-1.));
#12158=DIRECTION('',(1.,0.,0.));
#12159=DIRECTION('',(0.,1.,0.));
#12160=DIRECTION('',(-0.86601262271176,0.,0.500022136813861));
#12161=DIRECTION('',(-0.500022136813861,0.,-0.86601262271176));
#12162=DIRECTION('',(0.,1.,0.));
#12163=DIRECTION('',(0.,-1.,0.));
#12164=DIRECTION('',(0.924268562301083,0.,0.381742877788034));
#12165=DIRECTION('',(0.,1.,0.));
#12166=DIRECTION('',(0.,0.,1.));
#12167=DIRECTION('',(-1.,0.,0.));
#12168=DIRECTION('',(0.,1.,0.));
#12169=DIRECTION('',(0.382684285084885,0.,0.923879179302722));
#12170=DIRECTION('',(-0.923879179302722,0.,0.382684285084885));
#12171=DIRECTION('',(0.,1.,0.));
#12172=DIRECTION('',(0.707106781186548,0.,0.707106781186548));
#12173=DIRECTION('',(-0.707106781186548,0.,0.707106781186548));
#12174=DIRECTION('',(0.,1.,0.));
#12175=DIRECTION('',(0.,-1.,0.));
#12176=DIRECTION('',(-0.555566048556925,0.,-0.831472408255887));
#12177=DIRECTION('',(0.,0.,1.));
#12178=DIRECTION('',(1.,0.,0.));
#12179=DIRECTION('',(0.,1.,0.));
#12180=DIRECTION('',(1.,0.,0.));
#12181=DIRECTION('',(0.707106781186548,0.,-0.707106781186548));
#12182=DIRECTION('',(0.382684285084885,0.,-0.923879179302722));
#12183=DIRECTION('',(0.,0.,-1.));
#12184=DIRECTION('',(0.,1.,0.));
#12185=DIRECTION('',(0.384137763006958,0.,-0.923275787092898));
#12186=DIRECTION('',(-0.866136199690904,0.,-0.499808046738945));
#12187=DIRECTION('',(0.,0.,1.));
#12188=DIRECTION('',(-0.707106781186548,0.,0.707106781186548));
#12189=DIRECTION('',(-0.99999851329509,0.,0.00172435715864615));
#12190=DIRECTION('',(0.,-1.,0.));
#12191=DIRECTION('',(0.195092953465931,0.,-0.980784756971651));
#12192=DIRECTION('',(1.,0.,0.));
#12193=DIRECTION('',(0.923881681500921,0.,-0.382678244203967));
#12194=DIRECTION('',(0.,1.,0.));
#12195=DIRECTION('',(1.,0.,0.));
#12196=DIRECTION('',(0.923881681500921,0.,-0.382678244203967));
#12197=DIRECTION('',(1.,0.,0.));
#12198=DIRECTION('',(0.,-1.,0.));
#12199=DIRECTION('',(0.195092953465931,0.,-0.980784756971651));
#12200=DIRECTION('',(-0.99999851329509,0.,0.00172435715864615));
#12201=DIRECTION('',(-0.707106781186548,0.,0.707106781186548));
#12202=DIRECTION('',(0.,0.,1.));
#12203=DIRECTION('',(-0.866136199690904,0.,-0.499808046738945));
#12204=DIRECTION('',(0.,1.,0.));
#12205=DIRECTION('',(0.384137763006958,0.,-0.923275787092898));
#12206=DIRECTION('',(0.,0.,-1.));
#12207=DIRECTION('',(0.382684285084885,0.,-0.923879179302722));
#12208=DIRECTION('',(0.707106781186548,0.,-0.707106781186548));
#12209=DIRECTION('',(-0.707106781186548,0.,-0.707106781186548));
#12210=DIRECTION('',(0.707106781186548,0.,-0.707106781186548));
#12211=DIRECTION('',(0.,1.,0.));
#12212=DIRECTION('',(0.,1.,0.));
#12213=DIRECTION('',(-0.923879179302722,0.,-0.382684285084885));
#12214=DIRECTION('',(0.382684285084885,0.,-0.923879179302722));
#12215=DIRECTION('',(0.,1.,0.));
#12216=DIRECTION('',(-1.,0.,0.));
#12217=DIRECTION('',(0.,0.,-1.));
#12218=DIRECTION('',(0.,1.,0.));
#12219=DIRECTION('',(0.,-1.,0.));
#12220=DIRECTION('',(0.384137763006958,0.,-0.923275787092898));
#12221=DIRECTION('',(0.,1.,0.));
#12222=DIRECTION('',(-0.499808046738945,0.,0.866136199690904));
#12223=DIRECTION('',(-0.866136199690904,0.,-0.499808046738945));
#12224=DIRECTION('',(0.,1.,0.));
#12225=DIRECTION('',(1.,0.,0.));
#12226=DIRECTION('',(0.,0.,1.));
#12227=DIRECTION('',(0.,1.,0.));
#12228=DIRECTION('',(0.707106781186548,0.,0.707106781186548));
#12229=DIRECTION('',(-0.707106781186548,0.,0.707106781186548));
#12230=DIRECTION('',(0.,1.,0.));
#12231=DIRECTION('',(0.00172435715864615,0.,0.99999851329509));
#12232=DIRECTION('',(-0.99999851329509,0.,0.00172435715864615));
#12233=DIRECTION('',(0.,1.,0.));
#12234=DIRECTION('',(0.,-1.,0.));
#12235=DIRECTION('',(0.195092953465931,0.,-0.980784756971651));
#12236=DIRECTION('',(0.,1.,0.));
#12237=DIRECTION('',(0.,0.,-1.));
#12238=DIRECTION('',(1.,0.,0.));
#12239=DIRECTION('',(0.,1.,0.));
#12240=DIRECTION('',(-0.382678244203967,0.,-0.923881681500921));
#12241=DIRECTION('',(0.923881681500921,0.,-0.382678244203967));
#12242=DIRECTION('',(0.,0.,1.));
#12243=DIRECTION('',(1.,0.,0.));
#12244=DIRECTION('',(0.,-1.,0.));
#12245=DIRECTION('',(-1.,0.,0.));
#12246=DIRECTION('',(0.,-1.,0.));
#12247=DIRECTION('',(-0.555571796151882,0.,-0.831468567848823));
#12248=DIRECTION('',(0.,0.,1.));
#12249=DIRECTION('',(-0.382684285084885,0.,0.923879179302722));
#12250=DIRECTION('',(-0.706614227817078,0.,0.707598991694078));
#12251=DIRECTION('',(0.,0.,1.));
#12252=DIRECTION('',(0.706524732335244,0.,0.707688351323245));
#12253=DIRECTION('',(0.,1.,0.));
#12254=DIRECTION('',(-0.383125295026065,0.,-0.923696383186158));
#12255=DIRECTION('',(-0.707106781186548,0.,-0.707106781186548));
#12256=DIRECTION('',(-0.382678244203967,0.,-0.923881681500921));
#12257=DIRECTION('',(0.,0.,-1.));
#12258=DIRECTION('',(0.382684285084885,0.,-0.923879179302722));
#12259=DIRECTION('',(0.706614227817078,0.,-0.707598991694078));
#12260=DIRECTION('',(0.000717427074419217,0.,-0.999999742649163));
#12261=DIRECTION('',(0.382684285084885,0.,-0.923879179302722));
#12262=DIRECTION('',(0.707106781186548,0.,-0.707106781186548));
#12263=DIRECTION('',(0.,-1.,0.));
#12264=DIRECTION('',(-1.,0.,0.));
#12265=DIRECTION('',(0.707106781186548,0.,-0.707106781186548));
#12266=DIRECTION('',(0.382684285084885,0.,-0.923879179302722));
#12267=DIRECTION('',(0.000717427074419217,0.,-0.999999742649163));
#12268=DIRECTION('',(0.706614227817078,0.,-0.707598991694078));
#12269=DIRECTION('',(0.382684285084885,0.,-0.923879179302722));
#12270=DIRECTION('',(0.,0.,-1.));
#12271=DIRECTION('',(-0.382678244203967,0.,-0.923881681500921));
#12272=DIRECTION('',(-0.707106781186548,0.,-0.707106781186548));
#12273=DIRECTION('',(0.,1.,0.));
#12274=DIRECTION('',(-0.383125295026065,0.,-0.923696383186158));
#12275=DIRECTION('',(0.706524732335244,0.,0.707688351323245));
#12276=DIRECTION('',(0.,0.,1.));
#12277=DIRECTION('',(-0.706614227817078,0.,0.707598991694078));
#12278=DIRECTION('',(-0.382684285084885,0.,0.923879179302722));
#12279=DIRECTION('',(0.,0.,1.));
#12280=DIRECTION('',(0.,-1.,0.));
#12281=DIRECTION('',(-0.555571796151882,0.,-0.831468567848823));
#12282=DIRECTION('',(0.707106781186548,0.,0.707106781186548));
#12283=DIRECTION('',(0.707106781186548,0.,-0.707106781186548));
#12284=DIRECTION('',(0.,-1.,0.));
#12285=DIRECTION('',(0.,-1.,0.));
#12286=DIRECTION('',(0.923879179302722,0.,0.382684285084885));
#12287=DIRECTION('',(0.382684285084885,0.,-0.923879179302722));
#12288=DIRECTION('',(0.,-1.,0.));
#12289=DIRECTION('',(0.999999742649163,0.,0.000717427074419217));
#12290=DIRECTION('',(0.000717427074419217,0.,-0.999999742649163));
#12291=DIRECTION('',(0.,-1.,0.));
#12292=DIRECTION('',(0.707598991694078,0.,0.706614227817078));
#12293=DIRECTION('',(0.706614227817078,0.,-0.707598991694078));
#12294=DIRECTION('',(0.,-1.,0.));
#12295=DIRECTION('',(0.923879179302722,0.,0.382684285084885));
#12296=DIRECTION('',(0.382684285084885,0.,-0.923879179302722));
#12297=DIRECTION('',(0.,-1.,0.));
#12298=DIRECTION('',(1.,0.,0.));
#12299=DIRECTION('',(0.,0.,-1.));
#12300=DIRECTION('',(0.,-1.,0.));
#12301=DIRECTION('',(0.923881681500921,0.,-0.382678244203967));
#12302=DIRECTION('',(-0.382678244203967,0.,-0.923881681500921));
#12303=DIRECTION('',(0.,-1.,0.));
#12304=DIRECTION('',(0.707106781186548,0.,-0.707106781186548));
#12305=DIRECTION('',(-0.707106781186548,0.,-0.707106781186548));
#12306=DIRECTION('',(0.,-1.,0.));
#12307=DIRECTION('',(0.,1.,0.));
#12308=DIRECTION('',(-0.383125295026065,0.,-0.923696383186158));
#12309=DIRECTION('',(0.,-1.,0.));
#12310=DIRECTION('',(-0.707688351323245,0.,0.706524732335244));
#12311=DIRECTION('',(0.706524732335244,0.,0.707688351323245));
#12312=DIRECTION('',(0.,-1.,0.));
#12313=DIRECTION('',(-1.,0.,0.));
#12314=DIRECTION('',(0.,0.,1.));
#12315=DIRECTION('',(0.,-1.,0.));
#12316=DIRECTION('',(-0.707598991694078,0.,-0.706614227817078));
#12317=DIRECTION('',(-0.706614227817078,0.,0.707598991694078));
#12318=DIRECTION('',(0.,-1.,0.));
#12319=DIRECTION('',(-0.923879179302722,0.,-0.382684285084885));
#12320=DIRECTION('',(-0.382684285084885,0.,0.923879179302722));
#12321=DIRECTION('',(0.,-1.,0.));
#12322=DIRECTION('',(-1.,0.,0.));
#12323=DIRECTION('',(0.,0.,1.));
#12324=DIRECTION('',(0.,-1.,0.));
#12325=DIRECTION('',(0.,1.,0.));
#12326=DIRECTION('',(-0.555571796151882,0.,-0.831468567848823));
#12327=DIRECTION('',(0.,0.,1.));
#12328=DIRECTION('',(1.,0.,0.));
#12329=DIRECTION('',(0.,1.,0.));
#12330=DIRECTION('',(1.,0.,0.));
#12331=DIRECTION('',(-0.999999469149891,0.,-0.00103038824530989));
#12332=DIRECTION('',(-0.709622712134184,0.,-0.704581866374182));
#12333=DIRECTION('',(0.,-1.,0.));
#12334=DIRECTION('',(0.831472408255887,0.,-0.555566048556925));
#12335=DIRECTION('',(0.707106781186548,0.,0.707106781186548));
#12336=DIRECTION('',(0.923879179302722,0.,0.382684285084885));
#12337=DIRECTION('',(1.,0.,0.));
#12338=DIRECTION('',(0.,1.,0.));
#12339=DIRECTION('',(0.924025380704069,0.,0.382331133724028));
#12340=DIRECTION('',(0.,1.,0.));
#12341=DIRECTION('',(1.,0.,0.));
#12342=DIRECTION('',(0.,1.,0.));
#12343=DIRECTION('',(0.924025380704069,0.,0.382331133724028));
#12344=DIRECTION('',(1.,0.,0.));
#12345=DIRECTION('',(0.923879179302722,0.,0.382684285084885));
#12346=DIRECTION('',(0.707106781186548,0.,0.707106781186548));
#12347=DIRECTION('',(0.,-1.,0.));
#12348=DIRECTION('',(0.831472408255887,0.,-0.555566048556925));
#12349=DIRECTION('',(-0.709622712134184,0.,-0.704581866374182));
#12350=DIRECTION('',(-0.999999469149891,0.,-0.00103038824530989));
#12351=DIRECTION('',(-0.00103038824530989,0.,0.999999469149891));
#12352=DIRECTION('',(-0.999999469149891,0.,-0.00103038824530989));
#12353=DIRECTION('',(0.,1.,0.));
#12354=DIRECTION('',(0.,1.,0.));
#12355=DIRECTION('',(-0.704581866374182,0.,0.709622712134184));
#12356=DIRECTION('',(-0.709622712134184,0.,-0.704581866374182));
#12357=DIRECTION('',(0.,1.,0.));
#12358=DIRECTION('',(0.,-1.,0.));
#12359=DIRECTION('',(0.831472408255887,0.,-0.555566048556925));
#12360=DIRECTION('',(0.,1.,0.));
#12361=DIRECTION('',(0.707106781186548,0.,-0.707106781186548));
#12362=DIRECTION('',(0.707106781186548,0.,0.707106781186548));
#12363=DIRECTION('',(0.,1.,0.));
#12364=DIRECTION('',(0.382684285084885,0.,-0.923879179302722));
#12365=DIRECTION('',(0.923879179302722,0.,0.382684285084885));
#12366=DIRECTION('',(0.,1.,0.));
#12367=DIRECTION('',(0.,0.,-1.));
#12368=DIRECTION('',(1.,0.,0.));
#12369=DIRECTION('',(0.,1.,0.));
#12370=DIRECTION('',(0.,-1.,0.));
#12371=DIRECTION('',(0.924025380704069,0.,0.382331133724028));
#12372=DIRECTION('',(0.,0.,1.));
#12373=DIRECTION('',(1.,0.,0.));
#12374=DIRECTION('',(0.,-1.,0.));
#12375=DIRECTION('',(-1.,0.,0.));
#12376=DIRECTION('',(0.,-1.,0.));
#12377=DIRECTION('',(-0.555571796151882,0.,-0.831468567848823));
#12378=DIRECTION('',(0.,0.,1.));
#12379=DIRECTION('',(-0.382672203496074,0.,0.923884183581178));
#12380=DIRECTION('',(-0.707106781186548,0.,0.707106781186548));
#12381=DIRECTION('',(0.,1.,0.));
#12382=DIRECTION('',(0.923567080583313,0.,-0.38343688876113));
#12383=DIRECTION('',(0.706744428296739,0.,-0.707468948485738));
#12384=DIRECTION('',(0.000645156534486778,0.,-0.999999791886501));
#12385=DIRECTION('',(0.382672203496074,0.,-0.923884183581178));
#12386=DIRECTION('',(0.707106781186548,0.,-0.707106781186548));
#12387=DIRECTION('',(0.,-1.,0.));
#12388=DIRECTION('',(-1.,0.,0.));
#12389=DIRECTION('',(0.707106781186548,0.,-0.707106781186548));
#12390=DIRECTION('',(0.382672203496074,0.,-0.923884183581178));
#12391=DIRECTION('',(0.000645156534486778,0.,-0.999999791886501));
#12392=DIRECTION('',(0.706744428296739,0.,-0.707468948485738));
#12393=DIRECTION('',(0.,1.,0.));
#12394=DIRECTION('',(0.923567080583313,0.,-0.38343688876113));
#12395=DIRECTION('',(-0.707106781186548,0.,0.707106781186548));
#12396=DIRECTION('',(-0.382672203496074,0.,0.923884183581178));
#12397=DIRECTION('',(0.,0.,1.));
#12398=DIRECTION('',(0.,-1.,0.));
#12399=DIRECTION('',(-0.555571796151882,0.,-0.831468567848823));
#12400=DIRECTION('',(0.707106781186548,0.,0.707106781186548));
#12401=DIRECTION('',(0.707106781186548,0.,-0.707106781186548));
#12402=DIRECTION('',(0.,-1.,0.));
#12403=DIRECTION('',(0.,-1.,0.));
#12404=DIRECTION('',(0.923884183581178,0.,0.382672203496074));
#12405=DIRECTION('',(0.382672203496074,0.,-0.923884183581178));
#12406=DIRECTION('',(0.,-1.,0.));
#12407=DIRECTION('',(0.999999791886501,0.,0.000645156534486778));
#12408=DIRECTION('',(0.000645156534486778,0.,-0.999999791886501));
#12409=DIRECTION('',(0.,-1.,0.));
#12410=DIRECTION('',(0.707468948485738,0.,0.706744428296739));
#12411=DIRECTION('',(0.706744428296739,0.,-0.707468948485738));
#12412=DIRECTION('',(0.,-1.,0.));
#12413=DIRECTION('',(0.,1.,0.));
#12414=DIRECTION('',(0.923567080583313,0.,-0.38343688876113));
#12415=DIRECTION('',(0.,-1.,0.));
#12416=DIRECTION('',(-0.707106781186548,0.,-0.707106781186548));
#12417=DIRECTION('',(-0.707106781186548,0.,0.707106781186548));
#12418=DIRECTION('',(0.,-1.,0.));
#12419=DIRECTION('',(-0.923884183581178,0.,-0.382672203496074));
#12420=DIRECTION('',(-0.382672203496074,0.,0.923884183581178));
#12421=DIRECTION('',(0.,-1.,0.));
#12422=DIRECTION('',(-1.,0.,0.));
#12423=DIRECTION('',(0.,0.,1.));
#12424=DIRECTION('',(0.,-1.,0.));
#12425=DIRECTION('',(0.,1.,0.));
#12426=DIRECTION('',(-0.555571796151882,0.,-0.831468567848823));
#12427=DIRECTION('',(0.,0.,1.));
#12428=DIRECTION('',(1.,0.,0.));
#12429=DIRECTION('',(0.,1.,0.));
#12430=DIRECTION('',(1.,0.,0.));
#12431=DIRECTION('',(0.,0.,-1.));
#12432=DIRECTION('',(0.,-1.,0.));
#12433=DIRECTION('',(-3.9099536160647E-7,0.,0.999999999999924));
#12434=DIRECTION('',(-1.,0.,0.));
#12435=DIRECTION('',(0.,-1.,0.));
#12436=DIRECTION('',(0.999999999999924,0.,3.9099537344877E-7));
#12437=DIRECTION('',(0.,0.,1.));
#12438=DIRECTION('',(0.,-1.,0.));
#12439=DIRECTION('',(3.9099534976407E-7,0.,-0.999999999999924));
#12440=DIRECTION('',(1.,0.,0.));
#12441=DIRECTION('',(0.,-1.,0.));
#12442=DIRECTION('',(-0.999999999999924,0.,-3.9099536160647E-7));
#12443=DIRECTION('',(0.,1.,0.));
#12444=DIRECTION('',(1.,0.,0.));
#12445=DIRECTION('',(0.,-1.,0.));
#12446=DIRECTION('',(-0.999999999999924,0.,-3.9099536160647E-7));
#12447=DIRECTION('',(1.,0.,0.));
#12448=DIRECTION('',(0.,-1.,0.));
#12449=DIRECTION('',(3.9099534976407E-7,0.,-0.999999999999924));
#12450=DIRECTION('',(0.,0.,1.));
#12451=DIRECTION('',(0.,-1.,0.));
#12452=DIRECTION('',(0.999999999999924,0.,3.9099537344877E-7));
#12453=DIRECTION('',(-1.,0.,0.));
#12454=DIRECTION('',(0.,-1.,0.));
#12455=DIRECTION('',(-3.9099536160647E-7,0.,0.999999999999924));
#12456=DIRECTION('',(0.,0.,-1.));
#12457=DIRECTION('',(-1.,0.,0.));
#12458=DIRECTION('',(0.,0.,-1.));
#12459=DIRECTION('',(0.,1.,0.));
#12460=DIRECTION('',(0.,1.,0.));
#12461=DIRECTION('',(0.,-1.,0.));
#12462=DIRECTION('',(-3.9099536160647E-7,0.,0.999999999999924));
#12463=DIRECTION('',(0.,1.,0.));
#12464=DIRECTION('',(0.,0.,1.));
#12465=DIRECTION('',(-1.,0.,0.));
#12466=DIRECTION('',(0.,1.,0.));
#12467=DIRECTION('',(0.,-1.,0.));
#12468=DIRECTION('',(0.999999999999924,0.,3.9099537344877E-7));
#12469=DIRECTION('',(0.,1.,0.));
#12470=DIRECTION('',(1.,0.,0.));
#12471=DIRECTION('',(0.,0.,1.));
#12472=DIRECTION('',(0.,1.,0.));
#12473=DIRECTION('',(0.,-1.,0.));
#12474=DIRECTION('',(3.9099534976407E-7,0.,-0.999999999999924));
#12475=DIRECTION('',(0.,1.,0.));
#12476=DIRECTION('',(0.,0.,-1.));
#12477=DIRECTION('',(1.,0.,0.));
#12478=DIRECTION('',(0.,1.,0.));
#12479=DIRECTION('',(0.,-1.,0.));
#12480=DIRECTION('',(-0.999999999999924,0.,-3.9099536160647E-7));
#12481=DIRECTION('',(0.,0.,1.));
#12482=DIRECTION('',(1.,0.,0.));
#12483=DIRECTION('',(0.,-1.,0.));
#12484=DIRECTION('',(-1.,0.,0.));
#12485=DIRECTION('',(0.,-1.,0.));
#12486=DIRECTION('',(-0.999999999996443,0.,-2.66713917328018E-6));
#12487=DIRECTION('',(1.,0.,0.));
#12488=DIRECTION('',(0.,-1.,0.));
#12489=DIRECTION('',(2.66713918749118E-6,0.,-0.999999999996443));
#12490=DIRECTION('',(0.,0.,1.));
#12491=DIRECTION('',(0.,-1.,0.));
#12492=DIRECTION('',(0.999999999996443,0.,2.66713918527018E-6));
#12493=DIRECTION('',(-1.,0.,0.));
#12494=DIRECTION('',(0.,-1.,0.));
#12495=DIRECTION('',(-2.66713917328018E-6,0.,0.999999999996443));
#12496=DIRECTION('',(0.,0.,-1.));
#12497=DIRECTION('',(0.,-1.,0.));
#12498=DIRECTION('',(-1.,0.,0.));
#12499=DIRECTION('',(0.,0.,-1.));
#12500=DIRECTION('',(0.,-1.,0.));
#12501=DIRECTION('',(-2.66713917328018E-6,0.,0.999999999996443));
#12502=DIRECTION('',(-1.,0.,0.));
#12503=DIRECTION('',(0.,-1.,0.));
#12504=DIRECTION('',(0.999999999996443,0.,2.66713918527018E-6));
#12505=DIRECTION('',(0.,0.,1.));
#12506=DIRECTION('',(0.,-1.,0.));
#12507=DIRECTION('',(2.66713918749118E-6,0.,-0.999999999996443));
#12508=DIRECTION('',(1.,0.,0.));
#12509=DIRECTION('',(0.,-1.,0.));
#12510=DIRECTION('',(-0.999999999996443,0.,-2.66713917328018E-6));
#12511=DIRECTION('',(1.,0.,0.));
#12512=DIRECTION('',(0.,0.,-1.));
#12513=DIRECTION('',(0.,-1.,0.));
#12514=DIRECTION('',(0.,-1.,0.));
#12515=DIRECTION('',(0.,1.,0.));
#12516=DIRECTION('',(-2.66713917328018E-6,0.,0.999999999996443));
#12517=DIRECTION('',(0.,-1.,0.));
#12518=DIRECTION('',(0.,0.,-1.));
#12519=DIRECTION('',(-1.,0.,0.));
#12520=DIRECTION('',(0.,-1.,0.));
#12521=DIRECTION('',(0.,1.,0.));
#12522=DIRECTION('',(0.999999999996443,0.,2.66713918527018E-6));
#12523=DIRECTION('',(0.,-1.,0.));
#12524=DIRECTION('',(-1.,0.,0.));
#12525=DIRECTION('',(0.,0.,1.));
#12526=DIRECTION('',(0.,-1.,0.));
#12527=DIRECTION('',(0.,1.,0.));
#12528=DIRECTION('',(2.66713918749118E-6,0.,-0.999999999996443));
#12529=DIRECTION('',(0.,-1.,0.));
#12530=DIRECTION('',(0.,0.,1.));
#12531=DIRECTION('',(1.,0.,0.));
#12532=DIRECTION('',(0.,-1.,0.));
#12533=DIRECTION('',(0.,1.,0.));
#12534=DIRECTION('',(-0.999999999996443,0.,-2.66713917328018E-6));
#12535=DIRECTION('',(0.,0.,1.));
#12536=DIRECTION('',(1.,0.,0.));
#12537=DIRECTION('',(0.,1.,0.));
#12538=DIRECTION('',(1.,0.,0.));
#12539=DIRECTION('',(0.,0.,-1.));
#12540=DIRECTION('',(0.,-1.,0.));
#12541=DIRECTION('',(-3.9099533792167E-7,0.,0.999999999999924));
#12542=DIRECTION('',(-1.,0.,0.));
#12543=DIRECTION('',(0.,-1.,0.));
#12544=DIRECTION('',(0.999999999999924,0.,3.9099536160647E-7));
#12545=DIRECTION('',(0.,0.,1.));
#12546=DIRECTION('',(0.,-1.,0.));
#12547=DIRECTION('',(3.9099537344877E-7,0.,-0.999999999999924));
#12548=DIRECTION('',(1.,0.,0.));
#12549=DIRECTION('',(0.,-1.,0.));
#12550=DIRECTION('',(-0.999999999999924,0.,-3.9099536160647E-7));
#12551=DIRECTION('',(0.,1.,0.));
#12552=DIRECTION('',(1.,0.,0.));
#12553=DIRECTION('',(0.,-1.,0.));
#12554=DIRECTION('',(-0.999999999999924,0.,-3.9099536160647E-7));
#12555=DIRECTION('',(1.,0.,0.));
#12556=DIRECTION('',(0.,-1.,0.));
#12557=DIRECTION('',(3.9099537344877E-7,0.,-0.999999999999924));
#12558=DIRECTION('',(0.,0.,1.));
#12559=DIRECTION('',(0.,-1.,0.));
#12560=DIRECTION('',(0.999999999999924,0.,3.9099536160647E-7));
#12561=DIRECTION('',(-1.,0.,0.));
#12562=DIRECTION('',(0.,-1.,0.));
#12563=DIRECTION('',(-3.9099533792167E-7,0.,0.999999999999924));
#12564=DIRECTION('',(0.,0.,-1.));
#12565=DIRECTION('',(-1.,0.,0.));
#12566=DIRECTION('',(0.,0.,-1.));
#12567=DIRECTION('',(0.,1.,0.));
#12568=DIRECTION('',(0.,1.,0.));
#12569=DIRECTION('',(0.,-1.,0.));
#12570=DIRECTION('',(-3.9099533792167E-7,0.,0.999999999999924));
#12571=DIRECTION('',(0.,1.,0.));
#12572=DIRECTION('',(0.,0.,1.));
#12573=DIRECTION('',(-1.,0.,0.));
#12574=DIRECTION('',(0.,1.,0.));
#12575=DIRECTION('',(0.,-1.,0.));
#12576=DIRECTION('',(0.999999999999924,0.,3.9099536160647E-7));
#12577=DIRECTION('',(0.,1.,0.));
#12578=DIRECTION('',(1.,0.,0.));
#12579=DIRECTION('',(0.,0.,1.));
#12580=DIRECTION('',(0.,1.,0.));
#12581=DIRECTION('',(0.,-1.,0.));
#12582=DIRECTION('',(3.9099537344877E-7,0.,-0.999999999999924));
#12583=DIRECTION('',(0.,1.,0.));
#12584=DIRECTION('',(0.,0.,-1.));
#12585=DIRECTION('',(1.,0.,0.));
#12586=DIRECTION('',(0.,1.,0.));
#12587=DIRECTION('',(0.,-1.,0.));
#12588=DIRECTION('',(-0.999999999999924,0.,-3.9099536160647E-7));
#12589=DIRECTION('',(0.,0.,1.));
#12590=DIRECTION('',(1.,0.,0.));
#12591=DIRECTION('',(0.,-1.,0.));
#12592=DIRECTION('',(-1.,0.,0.));
#12593=DIRECTION('',(0.,-1.,0.));
#12594=DIRECTION('',(-0.999999999996443,0.,-2.66713918038518E-6));
#12595=DIRECTION('',(1.,0.,0.));
#12596=DIRECTION('',(0.,-1.,0.));
#12597=DIRECTION('',(2.66713918038518E-6,0.,-0.999999999996443));
#12598=DIRECTION('',(0.,0.,1.));
#12599=DIRECTION('',(0.,-1.,0.));
#12600=DIRECTION('',(0.999999999996443,0.,2.66713917905318E-6));
#12601=DIRECTION('',(-1.,0.,0.));
#12602=DIRECTION('',(0.,-1.,0.));
#12603=DIRECTION('',(-2.66713918038518E-6,0.,0.999999999996443));
#12604=DIRECTION('',(0.,0.,-1.));
#12605=DIRECTION('',(0.,-1.,0.));
#12606=DIRECTION('',(-1.,0.,0.));
#12607=DIRECTION('',(0.,0.,-1.));
#12608=DIRECTION('',(0.,-1.,0.));
#12609=DIRECTION('',(-2.66713918038518E-6,0.,0.999999999996443));
#12610=DIRECTION('',(-1.,0.,0.));
#12611=DIRECTION('',(0.,-1.,0.));
#12612=DIRECTION('',(0.999999999996443,0.,2.66713917905318E-6));
#12613=DIRECTION('',(0.,0.,1.));
#12614=DIRECTION('',(0.,-1.,0.));
#12615=DIRECTION('',(2.66713918038518E-6,0.,-0.999999999996443));
#12616=DIRECTION('',(1.,0.,0.));
#12617=DIRECTION('',(0.,-1.,0.));
#12618=DIRECTION('',(-0.999999999996443,0.,-2.66713918038518E-6));
#12619=DIRECTION('',(1.,0.,0.));
#12620=DIRECTION('',(0.,0.,-1.));
#12621=DIRECTION('',(0.,-1.,0.));
#12622=DIRECTION('',(0.,-1.,0.));
#12623=DIRECTION('',(0.,1.,0.));
#12624=DIRECTION('',(-2.66713918038518E-6,0.,0.999999999996443));
#12625=DIRECTION('',(0.,-1.,0.));
#12626=DIRECTION('',(0.,0.,-1.));
#12627=DIRECTION('',(-1.,0.,0.));
#12628=DIRECTION('',(0.,-1.,0.));
#12629=DIRECTION('',(0.,1.,0.));
#12630=DIRECTION('',(0.999999999996443,0.,2.66713917905318E-6));
#12631=DIRECTION('',(0.,-1.,0.));
#12632=DIRECTION('',(-1.,0.,0.));
#12633=DIRECTION('',(0.,0.,1.));
#12634=DIRECTION('',(0.,-1.,0.));
#12635=DIRECTION('',(0.,1.,0.));
#12636=DIRECTION('',(2.66713918038518E-6,0.,-0.999999999996443));
#12637=DIRECTION('',(0.,-1.,0.));
#12638=DIRECTION('',(0.,0.,1.));
#12639=DIRECTION('',(1.,0.,0.));
#12640=DIRECTION('',(0.,-1.,0.));
#12641=DIRECTION('',(0.,1.,0.));
#12642=DIRECTION('',(-0.999999999996443,0.,-2.66713918038518E-6));
#12643=DIRECTION('',(0.,0.,1.));
#12644=DIRECTION('',(1.,0.,0.));
#12645=DIRECTION('',(0.,1.,0.));
#12646=DIRECTION('',(1.,0.,0.));
#12647=DIRECTION('',(0.,0.,-1.));
#12648=DIRECTION('',(0.,-1.,0.));
#12649=DIRECTION('',(-3.9099534384287E-7,0.,0.999999999999924));
#12650=DIRECTION('',(-1.,0.,0.));
#12651=DIRECTION('',(0.,-1.,0.));
#12652=DIRECTION('',(0.999999999999924,0.,3.9099536160647E-7));
#12653=DIRECTION('',(0.,0.,1.));
#12654=DIRECTION('',(0.,-1.,0.));
#12655=DIRECTION('',(3.9099536160647E-7,0.,-0.999999999999924));
#12656=DIRECTION('',(1.,0.,0.));
#12657=DIRECTION('',(0.,-1.,0.));
#12658=DIRECTION('',(-0.999999999999924,0.,-3.9099537344877E-7));
#12659=DIRECTION('',(0.,1.,0.));
#12660=DIRECTION('',(1.,0.,0.));
#12661=DIRECTION('',(0.,-1.,0.));
#12662=DIRECTION('',(-0.999999999999924,0.,-3.9099537344877E-7));
#12663=DIRECTION('',(1.,0.,0.));
#12664=DIRECTION('',(0.,-1.,0.));
#12665=DIRECTION('',(3.9099536160647E-7,0.,-0.999999999999924));
#12666=DIRECTION('',(0.,0.,1.));
#12667=DIRECTION('',(0.,-1.,0.));
#12668=DIRECTION('',(0.999999999999924,0.,3.9099536160647E-7));
#12669=DIRECTION('',(-1.,0.,0.));
#12670=DIRECTION('',(0.,-1.,0.));
#12671=DIRECTION('',(-3.9099534384287E-7,0.,0.999999999999924));
#12672=DIRECTION('',(0.,0.,-1.));
#12673=DIRECTION('',(-1.,0.,0.));
#12674=DIRECTION('',(0.,0.,-1.));
#12675=DIRECTION('',(0.,1.,0.));
#12676=DIRECTION('',(0.,1.,0.));
#12677=DIRECTION('',(0.,-1.,0.));
#12678=DIRECTION('',(-3.9099534384287E-7,0.,0.999999999999924));
#12679=DIRECTION('',(0.,1.,0.));
#12680=DIRECTION('',(0.,0.,1.));
#12681=DIRECTION('',(-1.,0.,0.));
#12682=DIRECTION('',(0.,1.,0.));
#12683=DIRECTION('',(0.,-1.,0.));
#12684=DIRECTION('',(0.999999999999924,0.,3.9099536160647E-7));
#12685=DIRECTION('',(0.,1.,0.));
#12686=DIRECTION('',(1.,0.,0.));
#12687=DIRECTION('',(0.,0.,1.));
#12688=DIRECTION('',(0.,1.,0.));
#12689=DIRECTION('',(0.,-1.,0.));
#12690=DIRECTION('',(3.9099536160647E-7,0.,-0.999999999999924));
#12691=DIRECTION('',(0.,1.,0.));
#12692=DIRECTION('',(0.,0.,-1.));
#12693=DIRECTION('',(1.,0.,0.));
#12694=DIRECTION('',(0.,1.,0.));
#12695=DIRECTION('',(0.,-1.,0.));
#12696=DIRECTION('',(-0.999999999999924,0.,-3.9099537344877E-7));
#12697=DIRECTION('',(0.,0.,1.));
#12698=DIRECTION('',(1.,0.,0.));
#12699=DIRECTION('',(0.,1.,0.));
#12700=DIRECTION('',(1.,0.,0.));
#12701=DIRECTION('',(0.,0.,-1.));
#12702=DIRECTION('',(0.,-1.,0.));
#12703=DIRECTION('',(-3.9099536752757E-7,0.,0.999999999999924));
#12704=DIRECTION('',(-1.,0.,0.));
#12705=DIRECTION('',(0.,-1.,0.));
#12706=DIRECTION('',(0.999999999999924,0.,3.9099536160647E-7));
#12707=DIRECTION('',(0.,0.,1.));
#12708=DIRECTION('',(0.,-1.,0.));
#12709=DIRECTION('',(3.9099534976407E-7,0.,-0.999999999999924));
#12710=DIRECTION('',(1.,0.,0.));
#12711=DIRECTION('',(0.,-1.,0.));
#12712=DIRECTION('',(-0.999999999999924,0.,-3.9099536160647E-7));
#12713=DIRECTION('',(0.,1.,0.));
#12714=DIRECTION('',(1.,0.,0.));
#12715=DIRECTION('',(0.,-1.,0.));
#12716=DIRECTION('',(-0.999999999999924,0.,-3.9099536160647E-7));
#12717=DIRECTION('',(1.,0.,0.));
#12718=DIRECTION('',(0.,-1.,0.));
#12719=DIRECTION('',(3.9099534976407E-7,0.,-0.999999999999924));
#12720=DIRECTION('',(0.,0.,1.));
#12721=DIRECTION('',(0.,-1.,0.));
#12722=DIRECTION('',(0.999999999999924,0.,3.9099536160647E-7));
#12723=DIRECTION('',(-1.,0.,0.));
#12724=DIRECTION('',(0.,-1.,0.));
#12725=DIRECTION('',(-3.9099536752757E-7,0.,0.999999999999924));
#12726=DIRECTION('',(0.,0.,-1.));
#12727=DIRECTION('',(-1.,0.,0.));
#12728=DIRECTION('',(0.,0.,-1.));
#12729=DIRECTION('',(0.,1.,0.));
#12730=DIRECTION('',(0.,1.,0.));
#12731=DIRECTION('',(0.,-1.,0.));
#12732=DIRECTION('',(-3.9099536752757E-7,0.,0.999999999999924));
#12733=DIRECTION('',(0.,1.,0.));
#12734=DIRECTION('',(0.,0.,1.));
#12735=DIRECTION('',(-1.,0.,0.));
#12736=DIRECTION('',(0.,1.,0.));
#12737=DIRECTION('',(0.,-1.,0.));
#12738=DIRECTION('',(0.999999999999924,0.,3.9099536160647E-7));
#12739=DIRECTION('',(0.,1.,0.));
#12740=DIRECTION('',(1.,0.,0.));
#12741=DIRECTION('',(0.,0.,1.));
#12742=DIRECTION('',(0.,1.,0.));
#12743=DIRECTION('',(0.,-1.,0.));
#12744=DIRECTION('',(3.9099534976407E-7,0.,-0.999999999999924));
#12745=DIRECTION('',(0.,1.,0.));
#12746=DIRECTION('',(0.,0.,-1.));
#12747=DIRECTION('',(1.,0.,0.));
#12748=DIRECTION('',(0.,1.,0.));
#12749=DIRECTION('',(0.,-1.,0.));
#12750=DIRECTION('',(-0.999999999999924,0.,-3.9099536160647E-7));
#12751=DIRECTION('',(0.,0.,1.));
#12752=DIRECTION('',(1.,0.,0.));
#12753=DIRECTION('',(0.,-1.,0.));
#12754=DIRECTION('',(-1.,0.,0.));
#12755=DIRECTION('',(0.,-1.,0.));
#12756=DIRECTION('',(-0.999999999996443,0.,-2.66713918038518E-6));
#12757=DIRECTION('',(1.,0.,0.));
#12758=DIRECTION('',(0.,-1.,0.));
#12759=DIRECTION('',(2.66713918038518E-6,0.,-0.999999999996443));
#12760=DIRECTION('',(0.,0.,1.));
#12761=DIRECTION('',(0.,-1.,0.));
#12762=DIRECTION('',(0.999999999996443,0.,2.66713917905318E-6));
#12763=DIRECTION('',(-1.,0.,0.));
#12764=DIRECTION('',(0.,-1.,0.));
#12765=DIRECTION('',(-2.66713917860918E-6,0.,0.999999999996443));
#12766=DIRECTION('',(0.,0.,-1.));
#12767=DIRECTION('',(0.,-1.,0.));
#12768=DIRECTION('',(-1.,0.,0.));
#12769=DIRECTION('',(0.,0.,-1.));
#12770=DIRECTION('',(0.,-1.,0.));
#12771=DIRECTION('',(-2.66713917860918E-6,0.,0.999999999996443));
#12772=DIRECTION('',(-1.,0.,0.));
#12773=DIRECTION('',(0.,-1.,0.));
#12774=DIRECTION('',(0.999999999996443,0.,2.66713917905318E-6));
#12775=DIRECTION('',(0.,0.,1.));
#12776=DIRECTION('',(0.,-1.,0.));
#12777=DIRECTION('',(2.66713918038518E-6,0.,-0.999999999996443));
#12778=DIRECTION('',(1.,0.,0.));
#12779=DIRECTION('',(0.,-1.,0.));
#12780=DIRECTION('',(-0.999999999996443,0.,-2.66713918038518E-6));
#12781=DIRECTION('',(1.,0.,0.));
#12782=DIRECTION('',(0.,0.,-1.));
#12783=DIRECTION('',(0.,-1.,0.));
#12784=DIRECTION('',(0.,-1.,0.));
#12785=DIRECTION('',(0.,1.,0.));
#12786=DIRECTION('',(-2.66713917860918E-6,0.,0.999999999996443));
#12787=DIRECTION('',(0.,-1.,0.));
#12788=DIRECTION('',(0.,0.,-1.));
#12789=DIRECTION('',(-1.,0.,0.));
#12790=DIRECTION('',(0.,-1.,0.));
#12791=DIRECTION('',(0.,1.,0.));
#12792=DIRECTION('',(0.999999999996443,0.,2.66713917905318E-6));
#12793=DIRECTION('',(0.,-1.,0.));
#12794=DIRECTION('',(-1.,0.,0.));
#12795=DIRECTION('',(0.,0.,1.));
#12796=DIRECTION('',(0.,-1.,0.));
#12797=DIRECTION('',(0.,1.,0.));
#12798=DIRECTION('',(2.66713918038518E-6,0.,-0.999999999996443));
#12799=DIRECTION('',(0.,-1.,0.));
#12800=DIRECTION('',(0.,0.,1.));
#12801=DIRECTION('',(1.,0.,0.));
#12802=DIRECTION('',(0.,-1.,0.));
#12803=DIRECTION('',(0.,1.,0.));
#12804=DIRECTION('',(-0.999999999996443,0.,-2.66713918038518E-6));
#12805=DIRECTION('',(0.,0.,1.));
#12806=DIRECTION('',(1.,0.,0.));
#12807=DIRECTION('',(0.,-1.,0.));
#12808=DIRECTION('',(0.,0.,1.));
#12809=DIRECTION('',(0.,-1.,0.));
#12810=DIRECTION('',(0.,0.,1.));
#12811=DIRECTION('',(0.,-1.,0.));
#12812=DIRECTION('',(0.,0.,1.));
#12813=DIRECTION('',(0.,1.,0.));
#12814=DIRECTION('',(1.,0.,0.));
#12815=DIRECTION('',(0.,1.,0.));
#12816=DIRECTION('',(1.,0.,0.));
#12817=DIRECTION('',(0.,1.,0.));
#12818=DIRECTION('',(1.,0.,0.));
#12819=DIRECTION('',(0.,1.,0.));
#12820=DIRECTION('',(1.,0.,0.));
#12821=DIRECTION('',(0.,-1.,0.));
#12822=DIRECTION('',(1.,0.,0.));
#12823=DIRECTION('',(0.,0.,1.));
#12824=DIRECTION('',(1.,0.,0.));
#12825=DIRECTION('',(0.,-1.,0.));
#12826=DIRECTION('',(0.,0.,1.));
#12827=DIRECTION('',(0.,-1.,0.));
#12828=DIRECTION('',(0.,0.,1.));
#12829=DIRECTION('',(0.,-1.,0.));
#12830=DIRECTION('',(0.,0.,1.));
#12831=DIRECTION('',(0.,-1.,0.));
#12832=DIRECTION('',(-1.,0.,0.));
#12833=DIRECTION('',(0.,1.,0.));
#12834=DIRECTION('',(1.,0.,0.));
#12835=DIRECTION('',(0.,-1.,0.));
#12836=DIRECTION('',(-1.,0.,0.));
#12837=DIRECTION('',(0.,1.,0.));
#12838=DIRECTION('',(1.,0.,0.));
#12839=DIRECTION('',(0.,1.,0.));
#12840=DIRECTION('',(1.,0.,0.));
#12841=DIRECTION('',(0.,0.,1.));
#12842=DIRECTION('',(1.,0.,0.));
#12843=DIRECTION('',(0.,-1.,0.));
#12844=DIRECTION('',(0.,0.,1.));
#12845=DIRECTION('',(0.,-1.,0.));
#12846=DIRECTION('',(0.,0.,1.));
#12847=DIRECTION('',(0.,-1.,0.));
#12848=DIRECTION('',(0.,0.,1.));
#12849=DIRECTION('',(0.,1.,0.));
#12850=DIRECTION('',(1.,0.,0.));
#12851=DIRECTION('',(0.,1.,0.));
#12852=DIRECTION('',(0.,0.,1.));
#12853=DIRECTION('',(0.,1.,0.));
#12854=DIRECTION('',(1.,0.,0.));
#12855=DIRECTION('',(0.,1.,0.));
#12856=DIRECTION('',(0.,0.,1.));
#12857=DIRECTION('',(0.,-1.,0.));
#12858=DIRECTION('',(0.,0.,1.));
#12859=DIRECTION('',(0.,0.,1.));
#12860=DIRECTION('',(1.,0.,0.));
#12861=DIRECTION('',(0.,1.,0.));
#12862=DIRECTION('',(1.,0.,0.));
#12863=DIRECTION('',(0.,0.,-1.));
#12864=DIRECTION('',(0.,-1.,0.));
#12865=DIRECTION('',(-3.9099536160647E-7,0.,0.999999999999924));
#12866=DIRECTION('',(-1.,0.,0.));
#12867=DIRECTION('',(0.,-1.,0.));
#12868=DIRECTION('',(0.999999999999924,0.,3.9099534976407E-7));
#12869=DIRECTION('',(0.,0.,1.));
#12870=DIRECTION('',(0.,-1.,0.));
#12871=DIRECTION('',(3.9099536160647E-7,0.,-0.999999999999924));
#12872=DIRECTION('',(1.,0.,0.));
#12873=DIRECTION('',(0.,-1.,0.));
#12874=DIRECTION('',(-0.999999999999924,0.,-3.9099537344877E-7));
#12875=DIRECTION('',(0.,1.,0.));
#12876=DIRECTION('',(1.,0.,0.));
#12877=DIRECTION('',(0.,-1.,0.));
#12878=DIRECTION('',(-0.999999999999924,0.,-3.9099537344877E-7));
#12879=DIRECTION('',(1.,0.,0.));
#12880=DIRECTION('',(0.,-1.,0.));
#12881=DIRECTION('',(3.9099536160647E-7,0.,-0.999999999999924));
#12882=DIRECTION('',(0.,0.,1.));
#12883=DIRECTION('',(0.,-1.,0.));
#12884=DIRECTION('',(0.999999999999924,0.,3.9099534976407E-7));
#12885=DIRECTION('',(-1.,0.,0.));
#12886=DIRECTION('',(0.,-1.,0.));
#12887=DIRECTION('',(-3.9099536160647E-7,0.,0.999999999999924));
#12888=DIRECTION('',(0.,0.,-1.));
#12889=DIRECTION('',(-1.,0.,0.));
#12890=DIRECTION('',(0.,0.,-1.));
#12891=DIRECTION('',(0.,1.,0.));
#12892=DIRECTION('',(0.,1.,0.));
#12893=DIRECTION('',(0.,-1.,0.));
#12894=DIRECTION('',(-3.9099536160647E-7,0.,0.999999999999924));
#12895=DIRECTION('',(0.,1.,0.));
#12896=DIRECTION('',(0.,0.,1.));
#12897=DIRECTION('',(-1.,0.,0.));
#12898=DIRECTION('',(0.,1.,0.));
#12899=DIRECTION('',(0.,-1.,0.));
#12900=DIRECTION('',(0.999999999999924,0.,3.9099534976407E-7));
#12901=DIRECTION('',(0.,1.,0.));
#12902=DIRECTION('',(1.,0.,0.));
#12903=DIRECTION('',(0.,0.,1.));
#12904=DIRECTION('',(0.,1.,0.));
#12905=DIRECTION('',(0.,-1.,0.));
#12906=DIRECTION('',(3.9099536160647E-7,0.,-0.999999999999924));
#12907=DIRECTION('',(0.,1.,0.));
#12908=DIRECTION('',(0.,0.,-1.));
#12909=DIRECTION('',(1.,0.,0.));
#12910=DIRECTION('',(0.,1.,0.));
#12911=DIRECTION('',(0.,-1.,0.));
#12912=DIRECTION('',(-0.999999999999924,0.,-3.9099537344877E-7));
#12913=DIRECTION('',(0.,0.,1.));
#12914=DIRECTION('',(1.,0.,0.));
#12915=DIRECTION('',(0.,-1.,0.));
#12916=DIRECTION('',(0.,0.,1.));
#12917=DIRECTION('',(0.,-1.,0.));
#12918=DIRECTION('',(0.,0.,1.));
#12919=DIRECTION('',(0.,-1.,0.));
#12920=DIRECTION('',(0.,0.,1.));
#12921=DIRECTION('',(0.,1.,0.));
#12922=DIRECTION('',(1.,0.,0.));
#12923=DIRECTION('',(0.,1.,0.));
#12924=DIRECTION('',(1.,0.,0.));
#12925=DIRECTION('',(0.,1.,0.));
#12926=DIRECTION('',(1.,0.,0.));
#12927=DIRECTION('',(0.,1.,0.));
#12928=DIRECTION('',(1.,0.,0.));
#12929=DIRECTION('',(0.,-1.,0.));
#12930=DIRECTION('',(1.,0.,0.));
#12931=DIRECTION('',(0.,0.,1.));
#12932=DIRECTION('',(1.,0.,0.));
#12933=DIRECTION('',(0.,-1.,0.));
#12934=DIRECTION('',(0.,0.,1.));
#12935=DIRECTION('',(0.,-1.,0.));
#12936=DIRECTION('',(0.,0.,1.));
#12937=DIRECTION('',(0.,-1.,0.));
#12938=DIRECTION('',(0.,0.,1.));
#12939=DIRECTION('',(0.,-1.,0.));
#12940=DIRECTION('',(-1.,0.,0.));
#12941=DIRECTION('',(0.,1.,0.));
#12942=DIRECTION('',(1.,0.,0.));
#12943=DIRECTION('',(0.,-1.,0.));
#12944=DIRECTION('',(-1.,0.,0.));
#12945=DIRECTION('',(0.,1.,0.));
#12946=DIRECTION('',(1.,0.,0.));
#12947=DIRECTION('',(0.,1.,0.));
#12948=DIRECTION('',(1.,0.,0.));
#12949=DIRECTION('',(0.,0.,1.));
#12950=DIRECTION('',(1.,0.,0.));
#12951=DIRECTION('',(0.,-1.,0.));
#12952=DIRECTION('',(0.,0.,1.));
#12953=DIRECTION('',(0.,-1.,0.));
#12954=DIRECTION('',(0.,0.,1.));
#12955=DIRECTION('',(0.,-1.,0.));
#12956=DIRECTION('',(0.,0.,1.));
#12957=DIRECTION('',(0.,1.,0.));
#12958=DIRECTION('',(1.,0.,0.));
#12959=DIRECTION('',(0.,1.,0.));
#12960=DIRECTION('',(0.,0.,1.));
#12961=DIRECTION('',(0.,1.,0.));
#12962=DIRECTION('',(1.,0.,0.));
#12963=DIRECTION('',(0.,1.,0.));
#12964=DIRECTION('',(0.,0.,1.));
#12965=DIRECTION('',(0.,-1.,0.));
#12966=DIRECTION('',(0.,0.,1.));
#12967=DIRECTION('',(0.,0.,1.));
#12968=DIRECTION('',(1.,0.,0.));
#12969=DIRECTION('',(0.,-1.,0.));
#12970=DIRECTION('',(-1.,0.,0.));
#12971=DIRECTION('',(0.,-1.,0.));
#12972=DIRECTION('',(-0.999999999996443,0.,-2.66713918038518E-6));
#12973=DIRECTION('',(1.,0.,0.));
#12974=DIRECTION('',(0.,-1.,0.));
#12975=DIRECTION('',(2.66713917328018E-6,0.,-0.999999999996443));
#12976=DIRECTION('',(0.,0.,1.));
#12977=DIRECTION('',(0.,-1.,0.));
#12978=DIRECTION('',(0.999999999996443,0.,2.66713917328018E-6));
#12979=DIRECTION('',(-1.,0.,0.));
#12980=DIRECTION('',(0.,-1.,0.));
#12981=DIRECTION('',(-2.66713917860918E-6,0.,0.999999999996443));
#12982=DIRECTION('',(0.,0.,-1.));
#12983=DIRECTION('',(0.,-1.,0.));
#12984=DIRECTION('',(-1.,0.,0.));
#12985=DIRECTION('',(0.,0.,-1.));
#12986=DIRECTION('',(0.,-1.,0.));
#12987=DIRECTION('',(-2.66713917860918E-6,0.,0.999999999996443));
#12988=DIRECTION('',(-1.,0.,0.));
#12989=DIRECTION('',(0.,-1.,0.));
#12990=DIRECTION('',(0.999999999996443,0.,2.66713917328018E-6));
#12991=DIRECTION('',(0.,0.,1.));
#12992=DIRECTION('',(0.,-1.,0.));
#12993=DIRECTION('',(2.66713917328018E-6,0.,-0.999999999996443));
#12994=DIRECTION('',(1.,0.,0.));
#12995=DIRECTION('',(0.,-1.,0.));
#12996=DIRECTION('',(-0.999999999996443,0.,-2.66713918038518E-6));
#12997=DIRECTION('',(1.,0.,0.));
#12998=DIRECTION('',(0.,0.,-1.));
#12999=DIRECTION('',(0.,-1.,0.));
#13000=DIRECTION('',(0.,-1.,0.));
#13001=DIRECTION('',(0.,1.,0.));
#13002=DIRECTION('',(-2.66713917860918E-6,0.,0.999999999996443));
#13003=DIRECTION('',(0.,-1.,0.));
#13004=DIRECTION('',(0.,0.,-1.));
#13005=DIRECTION('',(-1.,0.,0.));
#13006=DIRECTION('',(0.,-1.,0.));
#13007=DIRECTION('',(0.,1.,0.));
#13008=DIRECTION('',(0.999999999996443,0.,2.66713917328018E-6));
#13009=DIRECTION('',(0.,-1.,0.));
#13010=DIRECTION('',(-1.,0.,0.));
#13011=DIRECTION('',(0.,0.,1.));
#13012=DIRECTION('',(0.,-1.,0.));
#13013=DIRECTION('',(0.,1.,0.));
#13014=DIRECTION('',(2.66713917328018E-6,0.,-0.999999999996443));
#13015=DIRECTION('',(0.,-1.,0.));
#13016=DIRECTION('',(0.,0.,1.));
#13017=DIRECTION('',(1.,0.,0.));
#13018=DIRECTION('',(0.,-1.,0.));
#13019=DIRECTION('',(0.,1.,0.));
#13020=DIRECTION('',(-0.999999999996443,0.,-2.66713918038518E-6));
#13021=DIRECTION('',(0.,0.,1.));
#13022=DIRECTION('',(1.,0.,0.));
#13023=DIRECTION('',(0.,1.,0.));
#13024=DIRECTION('',(1.,0.,0.));
#13025=DIRECTION('',(0.,0.,-1.));
#13026=DIRECTION('',(0.,-1.,0.));
#13027=DIRECTION('',(-3.9099536752757E-7,0.,0.999999999999924));
#13028=DIRECTION('',(-1.,0.,0.));
#13029=DIRECTION('',(0.,-1.,0.));
#13030=DIRECTION('',(0.999999999999924,0.,3.9099536160647E-7));
#13031=DIRECTION('',(0.,0.,1.));
#13032=DIRECTION('',(0.,-1.,0.));
#13033=DIRECTION('',(3.9099533792167E-7,0.,-0.999999999999924));
#13034=DIRECTION('',(1.,0.,0.));
#13035=DIRECTION('',(0.,-1.,0.));
#13036=DIRECTION('',(-0.999999999999924,0.,-3.9099536160647E-7));
#13037=DIRECTION('',(0.,1.,0.));
#13038=DIRECTION('',(1.,0.,0.));
#13039=DIRECTION('',(0.,-1.,0.));
#13040=DIRECTION('',(-0.999999999999924,0.,-3.9099536160647E-7));
#13041=DIRECTION('',(1.,0.,0.));
#13042=DIRECTION('',(0.,-1.,0.));
#13043=DIRECTION('',(3.9099533792167E-7,0.,-0.999999999999924));
#13044=DIRECTION('',(0.,0.,1.));
#13045=DIRECTION('',(0.,-1.,0.));
#13046=DIRECTION('',(0.999999999999924,0.,3.9099536160647E-7));
#13047=DIRECTION('',(-1.,0.,0.));
#13048=DIRECTION('',(0.,-1.,0.));
#13049=DIRECTION('',(-3.9099536752757E-7,0.,0.999999999999924));
#13050=DIRECTION('',(0.,0.,-1.));
#13051=DIRECTION('',(-1.,0.,0.));
#13052=DIRECTION('',(0.,0.,-1.));
#13053=DIRECTION('',(0.,1.,0.));
#13054=DIRECTION('',(0.,1.,0.));
#13055=DIRECTION('',(0.,-1.,0.));
#13056=DIRECTION('',(-3.9099536752757E-7,0.,0.999999999999924));
#13057=DIRECTION('',(0.,1.,0.));
#13058=DIRECTION('',(0.,0.,1.));
#13059=DIRECTION('',(-1.,0.,0.));
#13060=DIRECTION('',(0.,1.,0.));
#13061=DIRECTION('',(0.,-1.,0.));
#13062=DIRECTION('',(0.999999999999924,0.,3.9099536160647E-7));
#13063=DIRECTION('',(0.,1.,0.));
#13064=DIRECTION('',(1.,0.,0.));
#13065=DIRECTION('',(0.,0.,1.));
#13066=DIRECTION('',(0.,1.,0.));
#13067=DIRECTION('',(0.,-1.,0.));
#13068=DIRECTION('',(3.9099533792167E-7,0.,-0.999999999999924));
#13069=DIRECTION('',(0.,1.,0.));
#13070=DIRECTION('',(0.,0.,-1.));
#13071=DIRECTION('',(1.,0.,0.));
#13072=DIRECTION('',(0.,1.,0.));
#13073=DIRECTION('',(0.,-1.,0.));
#13074=DIRECTION('',(-0.999999999999924,0.,-3.9099536160647E-7));
#13075=DIRECTION('',(0.,0.,1.));
#13076=DIRECTION('',(1.,0.,0.));
#13077=DIRECTION('',(0.,1.,0.));
#13078=DIRECTION('',(1.,0.,0.));
#13079=DIRECTION('',(0.,0.,-1.));
#13080=DIRECTION('',(0.,-1.,0.));
#13081=DIRECTION('',(-3.9099536160647E-7,0.,0.999999999999924));
#13082=DIRECTION('',(-1.,0.,0.));
#13083=DIRECTION('',(0.,-1.,0.));
#13084=DIRECTION('',(0.999999999999924,0.,3.9099537344877E-7));
#13085=DIRECTION('',(0.,0.,1.));
#13086=DIRECTION('',(0.,-1.,0.));
#13087=DIRECTION('',(3.9099537344877E-7,0.,-0.999999999999924));
#13088=DIRECTION('',(1.,0.,0.));
#13089=DIRECTION('',(0.,-1.,0.));
#13090=DIRECTION('',(-0.999999999999924,0.,-3.9099534976407E-7));
#13091=DIRECTION('',(0.,1.,0.));
#13092=DIRECTION('',(1.,0.,0.));
#13093=DIRECTION('',(0.,-1.,0.));
#13094=DIRECTION('',(-0.999999999999924,0.,-3.9099534976407E-7));
#13095=DIRECTION('',(1.,0.,0.));
#13096=DIRECTION('',(0.,-1.,0.));
#13097=DIRECTION('',(3.9099537344877E-7,0.,-0.999999999999924));
#13098=DIRECTION('',(0.,0.,1.));
#13099=DIRECTION('',(0.,-1.,0.));
#13100=DIRECTION('',(0.999999999999924,0.,3.9099537344877E-7));
#13101=DIRECTION('',(-1.,0.,0.));
#13102=DIRECTION('',(0.,-1.,0.));
#13103=DIRECTION('',(-3.9099536160647E-7,0.,0.999999999999924));
#13104=DIRECTION('',(0.,0.,-1.));
#13105=DIRECTION('',(-1.,0.,0.));
#13106=DIRECTION('',(0.,0.,-1.));
#13107=DIRECTION('',(0.,1.,0.));
#13108=DIRECTION('',(0.,1.,0.));
#13109=DIRECTION('',(0.,-1.,0.));
#13110=DIRECTION('',(-3.9099536160647E-7,0.,0.999999999999924));
#13111=DIRECTION('',(0.,1.,0.));
#13112=DIRECTION('',(0.,0.,1.));
#13113=DIRECTION('',(-1.,0.,0.));
#13114=DIRECTION('',(0.,1.,0.));
#13115=DIRECTION('',(0.,-1.,0.));
#13116=DIRECTION('',(0.999999999999924,0.,3.9099537344877E-7));
#13117=DIRECTION('',(0.,1.,0.));
#13118=DIRECTION('',(1.,0.,0.));
#13119=DIRECTION('',(0.,0.,1.));
#13120=DIRECTION('',(0.,1.,0.));
#13121=DIRECTION('',(0.,-1.,0.));
#13122=DIRECTION('',(3.9099537344877E-7,0.,-0.999999999999924));
#13123=DIRECTION('',(0.,1.,0.));
#13124=DIRECTION('',(0.,0.,-1.));
#13125=DIRECTION('',(1.,0.,0.));
#13126=DIRECTION('',(0.,1.,0.));
#13127=DIRECTION('',(0.,-1.,0.));
#13128=DIRECTION('',(-0.999999999999924,0.,-3.9099534976407E-7));
#13129=DIRECTION('',(0.,0.,1.));
#13130=DIRECTION('',(1.,0.,0.));
#13131=DIRECTION('',(0.,1.,0.));
#13132=DIRECTION('',(1.,0.,0.));
#13133=DIRECTION('',(0.,0.,-1.));
#13134=DIRECTION('',(0.,-1.,0.));
#13135=DIRECTION('',(-3.9099534976407E-7,0.,0.999999999999924));
#13136=DIRECTION('',(-1.,0.,0.));
#13137=DIRECTION('',(0.,-1.,0.));
#13138=DIRECTION('',(0.999999999999924,0.,3.9099536160647E-7));
#13139=DIRECTION('',(0.,0.,1.));
#13140=DIRECTION('',(0.,-1.,0.));
#13141=DIRECTION('',(3.9099537344877E-7,0.,-0.999999999999924));
#13142=DIRECTION('',(1.,0.,0.));
#13143=DIRECTION('',(0.,-1.,0.));
#13144=DIRECTION('',(-0.999999999999924,0.,-3.9099536160647E-7));
#13145=DIRECTION('',(0.,1.,0.));
#13146=DIRECTION('',(1.,0.,0.));
#13147=DIRECTION('',(0.,-1.,0.));
#13148=DIRECTION('',(-0.999999999999924,0.,-3.9099536160647E-7));
#13149=DIRECTION('',(1.,0.,0.));
#13150=DIRECTION('',(0.,-1.,0.));
#13151=DIRECTION('',(3.9099537344877E-7,0.,-0.999999999999924));
#13152=DIRECTION('',(0.,0.,1.));
#13153=DIRECTION('',(0.,-1.,0.));
#13154=DIRECTION('',(0.999999999999924,0.,3.9099536160647E-7));
#13155=DIRECTION('',(-1.,0.,0.));
#13156=DIRECTION('',(0.,-1.,0.));
#13157=DIRECTION('',(-3.9099534976407E-7,0.,0.999999999999924));
#13158=DIRECTION('',(0.,0.,-1.));
#13159=DIRECTION('',(-1.,0.,0.));
#13160=DIRECTION('',(0.,0.,-1.));
#13161=DIRECTION('',(0.,1.,0.));
#13162=DIRECTION('',(0.,1.,0.));
#13163=DIRECTION('',(0.,-1.,0.));
#13164=DIRECTION('',(-3.9099534976407E-7,0.,0.999999999999924));
#13165=DIRECTION('',(0.,1.,0.));
#13166=DIRECTION('',(0.,0.,1.));
#13167=DIRECTION('',(-1.,0.,0.));
#13168=DIRECTION('',(0.,1.,0.));
#13169=DIRECTION('',(0.,-1.,0.));
#13170=DIRECTION('',(0.999999999999924,0.,3.9099536160647E-7));
#13171=DIRECTION('',(0.,1.,0.));
#13172=DIRECTION('',(1.,0.,0.));
#13173=DIRECTION('',(0.,0.,1.));
#13174=DIRECTION('',(0.,1.,0.));
#13175=DIRECTION('',(0.,-1.,0.));
#13176=DIRECTION('',(3.9099537344877E-7,0.,-0.999999999999924));
#13177=DIRECTION('',(0.,1.,0.));
#13178=DIRECTION('',(0.,0.,-1.));
#13179=DIRECTION('',(1.,0.,0.));
#13180=DIRECTION('',(0.,1.,0.));
#13181=DIRECTION('',(0.,-1.,0.));
#13182=DIRECTION('',(-0.999999999999924,0.,-3.9099536160647E-7));
#13183=DIRECTION('',(0.,0.,1.));
#13184=DIRECTION('',(1.,0.,0.));
#13185=DIRECTION('',(0.,1.,0.));
#13186=DIRECTION('',(1.,0.,0.));
#13187=DIRECTION('',(0.,1.,0.));
#13188=DIRECTION('',(-1.184237892934E-14,0.,1.));
#13189=DIRECTION('',(0.,1.,0.));
#13190=DIRECTION('',(1.,0.,0.));
#13191=DIRECTION('',(0.,1.,0.));
#13192=DIRECTION('',(-1.184237892934E-14,0.,1.));
#13193=DIRECTION('',(0.,-1.,0.));
#13194=DIRECTION('',(-1.184237892934E-14,0.,1.));
#13195=DIRECTION('',(0.,0.,1.));
#13196=DIRECTION('',(1.,0.,0.));
#13197=DIRECTION('',(0.,1.,0.));
#13198=DIRECTION('',(1.,0.,0.));
#13199=DIRECTION('',(0.,1.,0.));
#13200=DIRECTION('',(0.,0.,1.));
#13201=DIRECTION('',(0.,1.,0.));
#13202=DIRECTION('',(1.,0.,0.));
#13203=DIRECTION('',(0.,1.,0.));
#13204=DIRECTION('',(0.,0.,1.));
#13205=DIRECTION('',(0.,-1.,0.));
#13206=DIRECTION('',(0.,0.,1.));
#13207=DIRECTION('',(0.,0.,1.));
#13208=DIRECTION('',(1.,0.,0.));
#13209=DIRECTION('',(0.,1.,0.));
#13210=DIRECTION('',(1.,0.,0.));
#13211=DIRECTION('',(0.195081000118001,0.,-0.980787134598003));
#13212=DIRECTION('',(0.,0.,-1.));
#13213=DIRECTION('',(0.,-1.,0.));
#13214=DIRECTION('',(1.13308159141778E-5,0.,0.999999999935806));
#13215=DIRECTION('',(-1.,0.,0.));
#13216=DIRECTION('',(0.,-1.,0.));
#13217=DIRECTION('',(0.999999999935806,0.,-1.13308159141778E-5));
#13218=DIRECTION('',(0.,0.,1.));
#13219=DIRECTION('',(0.,-1.,0.));
#13220=DIRECTION('',(-0.923880986636719,0.,-0.382679921776884));
#13221=DIRECTION('',(0.0785508953971714,0.,-0.996910104689637));
#13222=DIRECTION('',(1.,0.,0.));
#13223=DIRECTION('',(0.0785508953971714,0.,0.996910104689637));
#13224=DIRECTION('',(0.,-1.,0.));
#13225=DIRECTION('',(-0.923880124138759,0.,-0.3826820040469));
#13226=DIRECTION('',(0.,0.,1.));
#13227=DIRECTION('',(1.,0.,0.));
#13228=DIRECTION('',(0.,1.,0.));
#13229=DIRECTION('',(1.,0.,0.));
#13230=DIRECTION('',(0.,0.,-1.));
#13231=DIRECTION('',(0.,-1.,0.));
#13232=DIRECTION('',(0.923880986636719,0.,0.382679921776884));
#13233=DIRECTION('',(-0.0785508953971714,0.,0.996910104689637));
#13234=DIRECTION('',(-1.,0.,0.));
#13235=DIRECTION('',(-0.0785508953971714,0.,-0.996910104689637));
#13236=DIRECTION('',(0.,-1.,0.));
#13237=DIRECTION('',(0.999999999995664,0.,-2.94476933725101E-6));
#13238=DIRECTION('',(0.,0.,1.));
#13239=DIRECTION('',(0.,-1.,0.));
#13240=DIRECTION('',(-1.13308159141778E-5,0.,-0.999999999935806));
#13241=DIRECTION('',(1.,0.,0.));
#13242=DIRECTION('',(0.,-1.,0.));
#13243=DIRECTION('',(-0.999999999935806,0.,1.13308159437878E-5));
#13244=DIRECTION('',(0.,0.,1.));
#13245=DIRECTION('',(1.,0.,0.));
#13246=DIRECTION('',(0.,1.,0.));
#13247=DIRECTION('',(1.,0.,0.));
#13248=DIRECTION('',(-0.593692353742973,0.,-0.804692108266963));
#13249=DIRECTION('',(-0.972256295266034,0.,-0.233918140202008));
#13250=DIRECTION('',(-0.852882175679054,0.,0.522103432673033));
#13251=DIRECTION('',(-0.588171697675106,0.,0.808736084303145));
#13252=DIRECTION('',(0.,-1.,0.));
#13253=DIRECTION('',(1.54744015023942E-5,0.,-0.999999999880271));
#13254=DIRECTION('',(1.,0.,0.));
#13255=DIRECTION('',(0.,-1.,0.));
#13256=DIRECTION('',(-0.808728541890187,0.,0.588182068353136));
#13257=DIRECTION('',(0.,0.,1.));
#13258=DIRECTION('',(1.,0.,0.));
#13259=DIRECTION('',(0.,1.,0.));
#13260=DIRECTION('',(1.,0.,0.));
#13261=DIRECTION('',(0.707106781186548,0.,-0.707106781186548));
#13262=DIRECTION('',(0.382692828060019,0.,-0.923875640631046));
#13263=DIRECTION('',(0.,0.,-1.));
#13264=DIRECTION('',(0.,-1.,0.));
#13265=DIRECTION('',(-0.267263369124145,0.,0.963623521674524));
#13266=DIRECTION('',(-0.999985241086909,0.,-0.0054330109844805));
#13267=DIRECTION('',(0.,-1.,0.));
#13268=DIRECTION('',(0.963621561731545,0.,0.267270435637874));
#13269=DIRECTION('',(-0.00321099759870475,0.,0.999994844733922));
#13270=DIRECTION('',(0.,-1.,0.));
#13271=DIRECTION('',(-0.980784894138293,0.,-0.195092263891058));
#13272=DIRECTION('',(0.00178684072116772,0.,-0.999998403598844));
#13273=DIRECTION('',(0.,1.,0.));
#13274=DIRECTION('',(0.254399317356008,0.,0.967099264465028));
#13275=DIRECTION('',(1.,0.,0.));
#13276=DIRECTION('',(0.,1.,0.));
#13277=DIRECTION('',(-0.967101482011899,0.,0.254390887199973));
#13278=DIRECTION('',(0.,0.,1.));
#13279=DIRECTION('',(0.,-1.,0.));
#13280=DIRECTION('',(-0.555573333333001,0.,-0.831467540731001));
#13281=DIRECTION('',(0.,0.,1.));
#13282=DIRECTION('',(1.,0.,0.));
#13283=DIRECTION('',(0.,1.,0.));
#13284=DIRECTION('',(1.,0.,0.));
#13285=DIRECTION('',(-0.707106781186548,0.,-0.707106781186548));
#13286=DIRECTION('',(0.,1.,0.));
#13287=DIRECTION('',(0.831328992485229,0.,0.555780627814153));
#13288=DIRECTION('',(0.707106781186548,0.,-0.707106781186548));
#13289=DIRECTION('',(0.,1.,0.));
#13290=DIRECTION('',(-0.577520775546777,0.,0.816375988017684));
#13291=DIRECTION('',(0.707106781186548,0.,0.707106781186548));
#13292=DIRECTION('',(0.,1.,0.));
#13293=DIRECTION('',(-0.831328992485229,0.,-0.555780627814153));
#13294=DIRECTION('',(-0.707106781186548,0.,0.707106781186548));
#13295=DIRECTION('',(0.,1.,0.));
#13296=DIRECTION('',(0.577520775546777,0.,-0.816375988017684));
#13297=DIRECTION('',(0.718400113327704,0.,-0.695630129573714));
#13298=DIRECTION('',(0.452134906199789,0.,-0.891949565051583));
#13299=DIRECTION('',(0.00448376624114432,0.,-0.999989947869625));
#13300=DIRECTION('',(0.,-1.,0.));
#13301=DIRECTION('',(-0.267261978829992,0.,0.963623907274969));
#13302=DIRECTION('',(-0.999985241086909,0.,-0.0054330109844805));
#13303=DIRECTION('',(-0.908006922209701,0.,0.418955163733862));
#13304=DIRECTION('',(0.242535625036098,0.,-0.970142500145391));
#13305=DIRECTION('',(0.554704772589916,0.,-0.832047243409874));
#13306=DIRECTION('',(0.707096308710998,0.,-0.707117253506998));
#13307=DIRECTION('',(0.894424580097873,0.,-0.447218817265936));
#13308=DIRECTION('',(1.,0.,0.));
#13309=DIRECTION('',(0.,-1.,0.));
#13310=DIRECTION('',(-0.195092263891058,0.,0.980784894138293));
#13311=DIRECTION('',(-1.,0.,0.));
#13312=DIRECTION('',(-0.903657062662352,0.,0.428256830769166));
#13313=DIRECTION('',(0.,-1.,0.));
#13314=DIRECTION('',(0.996809978792541,0.,0.0798114414079532));
#13315=DIRECTION('',(-0.00192858544988668,0.,0.999998140277352));
#13316=DIRECTION('',(0.434228424706856,0.,0.900802794831701));
#13317=DIRECTION('',(0.695630129573714,0.,0.718400113327704));
#13318=DIRECTION('',(0.,-1.,0.));
#13319=DIRECTION('',(-0.579387940977954,0.,-0.815051908683936));
#13320=DIRECTION('',(0.,0.,1.));
#13321=DIRECTION('',(1.,0.,0.));
#13322=DIRECTION('',(0.,-1.,0.));
#13323=DIRECTION('',(-1.,0.,0.));
#13324=DIRECTION('',(0.,0.,-1.));
#13325=DIRECTION('',(-1.,0.,0.));
#13326=DIRECTION('',(0.,0.,1.));
#13327=DIRECTION('',(1.,0.,0.));
#13328=DIRECTION('',(0.,-1.,0.));
#13329=DIRECTION('',(-0.999999999995865,0.,-2.87577459505961E-6));
#13330=DIRECTION('',(1.,0.,0.));
#13331=DIRECTION('',(0.,-1.,0.));
#13332=DIRECTION('',(2.87577459505961E-6,0.,-0.999999999995865));
#13333=DIRECTION('',(0.,0.,1.));
#13334=DIRECTION('',(0.,-1.,0.));
#13335=DIRECTION('',(0.999999999995865,0.,2.87577461282261E-6));
#13336=DIRECTION('',(-1.,0.,0.));
#13337=DIRECTION('',(0.,-1.,0.));
#13338=DIRECTION('',(-2.87577465723161E-6,0.,0.999999999995865));
#13339=DIRECTION('',(0.,0.,-1.));
#13340=DIRECTION('',(0.,0.,1.));
#13341=DIRECTION('',(1.,0.,0.));
#13342=DIRECTION('',(0.,-1.,0.));
#13343=DIRECTION('',(-1.,0.,0.));
#13344=DIRECTION('',(0.,1.,0.));
#13345=DIRECTION('',(0.581680551616925,0.,-0.813417319627895));
#13346=DIRECTION('',(-0.707116562783891,0.,0.707096999453891));
#13347=DIRECTION('',(0.,1.,0.));
#13348=DIRECTION('',(-0.813418055766024,0.,-0.581679522206018));
#13349=DIRECTION('',(0.707116562783891,0.,0.707096999453891));
#13350=DIRECTION('',(0.,1.,0.));
#13351=DIRECTION('',(-0.581692204551055,0.,0.813408986405077));
#13352=DIRECTION('',(0.707116562242898,0.,-0.707096999994898));
#13353=DIRECTION('',(0.,1.,0.));
#13354=DIRECTION('',(0.813411309215152,0.,0.581688956437109));
#13355=DIRECTION('',(-0.707116562242898,0.,-0.707096999994898));
#13356=DIRECTION('',(0.,1.,0.));
#13357=DIRECTION('',(0.736722802938063,0.,-0.676194876963058));
#13358=DIRECTION('',(-0.707116562783891,0.,0.707096999453891));
#13359=DIRECTION('',(0.,1.,0.));
#13360=DIRECTION('',(-0.813418055766024,0.,-0.581679522206018));
#13361=DIRECTION('',(0.707116562783891,0.,0.707096999453891));
#13362=DIRECTION('',(0.,1.,0.));
#13363=DIRECTION('',(-0.736735608562908,0.,0.676180924808916));
#13364=DIRECTION('',(0.707096999453891,0.,-0.707116562783891));
#13365=DIRECTION('',(0.,1.,0.));
#13366=DIRECTION('',(0.813406349224071,0.,0.581695892234051));
#13367=DIRECTION('',(-0.707096999453891,0.,-0.707116562783891));
#13368=DIRECTION('',(0.902779519658128,0.,-0.430103637378062));
#13369=DIRECTION('',(0.999591528081157,0.,-0.0285793104951245));
#13370=DIRECTION('',(0.972234133224691,0.,0.234010235230926));
#13371=DIRECTION('',(0.884848162195543,0.,0.465879522901759));
#13372=DIRECTION('',(0.684966035929952,0.,0.728574999311949));
#13373=DIRECTION('',(0.44715185444812,0.,0.89445805886224));
#13374=DIRECTION('',(0.546621198811222,0.,-0.83738000036434));
#13375=DIRECTION('',(0.728574999311949,0.,-0.684966035929952));
#13376=DIRECTION('',(0.,-1.,0.));
#13377=DIRECTION('',(-0.566239465039135,0.,-0.824240782922196));
#13378=DIRECTION('',(0.684966417830729,0.,0.728574640269712));
#13379=DIRECTION('',(0.,-1.,0.));
#13380=DIRECTION('',(0.82424668390011,0.,-0.566230875244076));
#13381=DIRECTION('',(-0.728586278170763,0.,0.684954038794777));
#13382=DIRECTION('',(0.,-1.,0.));
#13383=DIRECTION('',(0.566223072668347,0.,0.824252043963505));
#13384=DIRECTION('',(-0.684960037332741,0.,-0.728580638815725));
#13385=DIRECTION('',(-0.447275330159868,0.,-0.894396321006735));
#13386=DIRECTION('',(-0.546517895511944,0.,0.837447425146914));
#13387=DIRECTION('',(-0.728580638815725,0.,0.684960037332741));
#13388=DIRECTION('',(-0.902786113267844,0.,0.430089797240925));
#13389=DIRECTION('',(-1.,0.,0.));
#13390=DIRECTION('',(-0.893344973043049,0.,-0.449371515718024));
#13391=DIRECTION('',(-0.684960037332741,0.,-0.728580638815725));
#13392=DIRECTION('',(0.,-1.,0.));
#13393=DIRECTION('',(-0.824245783295734,0.,0.566232186226818));
#13394=DIRECTION('',(0.728574999311949,0.,-0.684966035929952));
#13395=DIRECTION('',(0.,0.,1.));
#13396=DIRECTION('',(1.,0.,0.));
#13397=DIRECTION('',(0.,-1.,0.));
#13398=DIRECTION('',(-1.,0.,0.));
#13399=DIRECTION('',(0.898918699137015,0.,-0.438115478318008));
#13400=DIRECTION('',(0.971854365690289,0.,-0.23558245242107));
#13401=DIRECTION('',(0.999967782355256,0.,0.00802709483639005));
#13402=DIRECTION('',(0.970146914664677,0.,0.24251796627592));
#13403=DIRECTION('',(0.884851532383215,0.,0.465873121825113));
#13404=DIRECTION('',(0.696158994835589,0.,0.717887633205576));
#13405=DIRECTION('',(0.314498165034936,0.,0.949258080918808));
#13406=DIRECTION('',(-0.0231005425920226,0.,0.999733146860678));
#13407=DIRECTION('',(-0.329348077600981,0.,0.944208580653946));
#13408=DIRECTION('',(-0.68666609521076,0.,0.726972952514746));
#13409=DIRECTION('',(0.,-1.,0.));
#13410=DIRECTION('',(0.707098111954905,0.,0.707115450311905));
#13411=DIRECTION('',(0.670201435316843,0.,-0.742179247957826));
#13412=DIRECTION('',(0.,1.,0.));
#13413=DIRECTION('',(0.86653257447256,0.,0.499120523899747));
#13414=DIRECTION('',(-0.707111137612628,0.,-0.707102424733628));
#13415=DIRECTION('',(0.,1.,0.));
#13416=DIRECTION('',(0.511009871986159,0.,-0.859574843008268));
#13417=DIRECTION('',(-0.970143455616921,0.,0.24253180311798));
#13418=DIRECTION('',(-0.894427190999916,0.,0.447213595499958));
#13419=DIRECTION('',(-0.707106781186548,0.,0.707106781186548));
#13420=DIRECTION('',(0.,1.,0.));
#13421=DIRECTION('',(-0.866536678914962,0.,-0.499113398031978));
#13422=DIRECTION('',(0.670207373290167,0.,0.742173885816185));
#13423=DIRECTION('',(0.,-1.,0.));
#13424=DIRECTION('',(0.923878743437634,0.,-0.382685337351849));
#13425=DIRECTION('',(-0.737505544245823,0.,-0.675341078423838));
#13426=DIRECTION('',(-0.525735638668878,0.,-0.850648010773802));
#13427=DIRECTION('',(-0.301564730906962,0.,-0.953445705361879));
#13428=DIRECTION('',(0.0231007505021793,0.,-0.999733142056537));
#13429=DIRECTION('',(0.329338983659012,0.,-0.944211752650034));
#13430=DIRECTION('',(0.708520947271783,0.,-0.705689781190783));
#13431=DIRECTION('',(0.,0.,1.));
#13432=DIRECTION('',(1.,0.,0.));
#13433=DIRECTION('',(0.,-1.,0.));
#13434=DIRECTION('',(-1.,0.,0.));
#13435=DIRECTION('',(0.,-1.,0.));
#13436=DIRECTION('',(-0.789992214662271,0.,-0.61311687366521));
#13437=DIRECTION('',(-0.463137346103022,0.,0.886286521755042));
#13438=DIRECTION('',(-0.701700468364112,0.,0.712472071521113));
#13439=DIRECTION('',(1.,0.,0.));
#13440=DIRECTION('',(0.00639448021665745,0.,-0.999979555102382));
#13441=DIRECTION('',(0.,-1.,0.));
#13442=DIRECTION('',(-0.980784894138293,0.,-0.195092263891058));
#13443=DIRECTION('',(-0.00245878518261136,0.,0.999996977183144));
#13444=DIRECTION('',(0.,-1.,0.));
#13445=DIRECTION('',(0.980784894138293,0.,0.195092263891058));
#13446=DIRECTION('',(0.,0.,-1.));
#13447=DIRECTION('',(-0.999998824069641,0.,-0.00153357729992545));
#13448=DIRECTION('',(0.,-1.,0.));
#13449=DIRECTION('',(-0.195095165010081,0.,0.980784317059408));
#13450=DIRECTION('',(0.832049357773427,0.,-0.554701601069285));
#13451=DIRECTION('',(0.707111125621702,0.,-0.707102436724702));
#13452=DIRECTION('',(0.459000129049874,0.,-0.888436200034757));
#13453=DIRECTION('',(0.,0.,1.));
#13454=DIRECTION('',(1.,0.,0.));
#13455=DIRECTION('',(0.,-1.,0.));
#13456=DIRECTION('',(-1.,0.,0.));
#13457=DIRECTION('',(0.,0.,-1.));
#13458=DIRECTION('',(-1.,0.,0.));
#13459=DIRECTION('',(0.,0.,1.));
#13460=DIRECTION('',(0.316225280684053,0.,0.948684126491158));
#13461=DIRECTION('',(0.707106781186548,0.,0.707106781186548));
#13462=DIRECTION('',(0.,1.,0.));
#13463=DIRECTION('',(-0.509025679674182,0.,0.860751333099309));
#13464=DIRECTION('',(0.970141842435882,0.,-0.242538255858971));
#13465=DIRECTION('',(0.894424867414243,0.,-0.447218242641121));
#13466=DIRECTION('',(0.707111551601956,0.,-0.707102010738956));
#13467=DIRECTION('',(0.316230251386153,0.,-0.948682469590458));
#13468=DIRECTION('',(0.,-1.,0.));
#13469=DIRECTION('',(-0.980783081613717,0.,-0.195101375751944));
#13470=DIRECTION('',(0.999998991490024,0.,0.00142021791815903));
#13471=DIRECTION('',(0.,-1.,0.));
#13472=DIRECTION('',(0.195101375751944,0.,-0.980783081613717));
#13473=DIRECTION('',(-0.00864214240102863,0.,0.999962655990073));
#13474=DIRECTION('',(-0.32651961332699,0.,0.945190426375973));
#13475=DIRECTION('',(-0.710341525922237,0.,0.703857170561235));
#13476=DIRECTION('',(-0.898025665436074,0.,0.439943069292036));
#13477=DIRECTION('',(-0.972621461126354,0.,0.232395123349085));
#13478=DIRECTION('',(-0.999903370449093,0.,-0.0139014303056613));
#13479=DIRECTION('',(-0.968070616291672,0.,-0.250677645338915));
#13480=DIRECTION('',(-0.886288266155888,0.,-0.463134007900942));
#13481=DIRECTION('',(-0.698604113258017,0.,-0.715508415701017));
#13482=DIRECTION('',(-0.312270244693024,0.,-0.949993312755073));
#13483=DIRECTION('',(0.00273706169567097,0.,-0.999996254239622));
#13484=DIRECTION('',(0.,0.,1.));
#13485=DIRECTION('',(1.,0.,0.));
#13486=DIRECTION('',(0.,-1.,0.));
#13487=DIRECTION('',(-1.,0.,0.));
#13488=DIRECTION('',(0.,-1.,0.));
#13489=DIRECTION('',(-0.655994485533717,0.,0.754765682148675));
#13490=DIRECTION('',(0.999998991490024,0.,0.00142021791815803));
#13491=DIRECTION('',(0.,-1.,0.));
#13492=DIRECTION('',(0.195092263891058,0.,-0.980784894138293));
#13493=DIRECTION('',(-1.,0.,0.));
#13494=DIRECTION('',(0.867433885145471,0.,0.49755246447127));
#13495=DIRECTION('',(0.,-1.,0.));
#13496=DIRECTION('',(0.655994485533717,0.,-0.754765682148675));
#13497=DIRECTION('',(-0.999998991490024,0.,-0.00142021791815903));
#13498=DIRECTION('',(0.,-1.,0.));
#13499=DIRECTION('',(-0.195092263891058,0.,0.980784894138293));
#13500=DIRECTION('',(1.,0.,0.));
#13501=DIRECTION('',(-0.867433885145471,0.,-0.49755246447127));
#13502=DIRECTION('',(0.,0.,1.));
#13503=DIRECTION('',(1.,0.,0.));
#13504=DIRECTION('',(0.,-1.,0.));
#13505=DIRECTION('',(-1.,0.,0.));
#13506=DIRECTION('',(0.,-1.,0.));
#13507=DIRECTION('',(-0.516483899693182,0.,-0.856296900238301));
#13508=DIRECTION('',(0.970224909194934,0.,0.242205750504983));
#13509=DIRECTION('',(0.886284927964761,0.,0.463140396059875));
#13510=DIRECTION('',(0.698613449619005,0.,0.715499299798005));
#13511=DIRECTION('',(0.,-1.,0.));
#13512=DIRECTION('',(0.86985145690819,0.,-0.493313736799108));
#13513=DIRECTION('',(-0.707111956697607,0.,0.707101605637607));
#13514=DIRECTION('',(-0.956943820699088,0.,0.290273188610026));
#13515=DIRECTION('',(-0.999991425254192,0.,-0.00414118558990679));
#13516=DIRECTION('',(0.,-1.,0.));
#13517=DIRECTION('',(-0.195101375751944,0.,0.980783081613717));
#13518=DIRECTION('',(0.00702539363871819,0.,-0.999975321617599));
#13519=DIRECTION('',(0.,-1.,0.));
#13520=DIRECTION('',(-0.980784894138293,0.,-0.195092263891058));
#13521=DIRECTION('',(0.,0.,1.));
#13522=DIRECTION('',(1.,0.,0.));
#13523=DIRECTION('',(0.707106781186548,0.,-0.707106781186548));
#13524=DIRECTION('',(0.,1.,0.));
#13525=DIRECTION('',(0.865429776441207,0.,0.50103024065312));
#13526=DIRECTION('',(-0.707111551601956,0.,-0.707102010738956));
#13527=DIRECTION('',(0.,1.,0.));
#13528=DIRECTION('',(0.509037453188213,0.,-0.86074437044436));
#13529=DIRECTION('',(-0.970143157848647,0.,0.242532994207912));
#13530=DIRECTION('',(-0.894424867414243,0.,0.447218242641121));
#13531=DIRECTION('',(-0.707111551666955,0.,0.707102010673955));
#13532=DIRECTION('',(-0.316225280684053,0.,0.948684126491158));
#13533=DIRECTION('',(0.,0.,1.));
#13534=DIRECTION('',(0.434711748000772,0.,0.900569650915527));
#13535=DIRECTION('',(0.,-1.,0.));
#13536=DIRECTION('',(0.964488827731916,0.,-0.264123647521977));
#13537=DIRECTION('',(-0.428256830769166,0.,-0.903657062662352));
#13538=DIRECTION('',(0.0043574574955761,0.,-0.999990506237021));
#13539=DIRECTION('',(0.326533133634141,0.,-0.94518575562641));
#13540=DIRECTION('',(0.710332505874954,0.,-0.703866273589955));
#13541=DIRECTION('',(0.,0.,1.));
#13542=DIRECTION('',(1.,0.,0.));
#13543=DIRECTION('',(0.,-1.,0.));
#13544=DIRECTION('',(-1.,0.,0.));
#13545=DIRECTION('',(0.,-1.,0.));
#13546=DIRECTION('',(-0.789992214662271,0.,-0.61311687366521));
#13547=DIRECTION('',(-0.463137346103022,0.,0.886286521755042));
#13548=DIRECTION('',(-0.701700468364112,0.,0.712472071521113));
#13549=DIRECTION('',(1.,0.,0.));
#13550=DIRECTION('',(0.00639448021665745,0.,-0.999979555102382));
#13551=DIRECTION('',(0.,-1.,0.));
#13552=DIRECTION('',(-0.980784894138293,0.,-0.195092263891058));
#13553=DIRECTION('',(-0.00245878518261136,0.,0.999996977183144));
#13554=DIRECTION('',(0.,-1.,0.));
#13555=DIRECTION('',(0.980784894138293,0.,0.195092263891058));
#13556=DIRECTION('',(0.,0.,-1.));
#13557=DIRECTION('',(-0.999998824069641,0.,-0.00153357729992545));
#13558=DIRECTION('',(0.,-1.,0.));
#13559=DIRECTION('',(-0.195095165010081,0.,0.980784317059408));
#13560=DIRECTION('',(0.832049357773427,0.,-0.554701601069285));
#13561=DIRECTION('',(0.707111125621702,0.,-0.707102436724702));
#13562=DIRECTION('',(0.459000129049874,0.,-0.888436200034757));
#13563=DIRECTION('',(0.,0.,1.));
#13564=DIRECTION('',(1.,0.,0.));
#13565=DIRECTION('',(0.,-1.,0.));
#13566=DIRECTION('',(-1.,0.,0.));
#13567=DIRECTION('',(0.,0.,-1.));
#13568=DIRECTION('',(-1.,0.,0.));
#13569=DIRECTION('',(0.,0.,1.));
#13570=DIRECTION('',(0.316225280684053,0.,0.948684126491158));
#13571=DIRECTION('',(0.707106781186548,0.,0.707106781186548));
#13572=DIRECTION('',(0.,1.,0.));
#13573=DIRECTION('',(-0.509025679674182,0.,0.860751333099309));
#13574=DIRECTION('',(0.970141842435882,0.,-0.242538255858971));
#13575=DIRECTION('',(0.894424867414243,0.,-0.447218242641121));
#13576=DIRECTION('',(0.707111551601956,0.,-0.707102010738956));
#13577=DIRECTION('',(0.316230251386153,0.,-0.948682469590458));
#13578=DIRECTION('',(0.,-1.,0.));
#13579=DIRECTION('',(-0.980783081613717,0.,-0.195101375751944));
#13580=DIRECTION('',(0.999998991490024,0.,0.00142021791815803));
#13581=DIRECTION('',(0.,-1.,0.));
#13582=DIRECTION('',(0.195101375751944,0.,-0.980783081613717));
#13583=DIRECTION('',(-0.00864214240102863,0.,0.999962655990073));
#13584=DIRECTION('',(-0.32651961332699,0.,0.945190426375973));
#13585=DIRECTION('',(-0.710341525922237,0.,0.703857170561235));
#13586=DIRECTION('',(-0.898025665436074,0.,0.439943069292036));
#13587=DIRECTION('',(-0.972621461126354,0.,0.232395123349085));
#13588=DIRECTION('',(-0.999903370449093,0.,-0.0139014303056613));
#13589=DIRECTION('',(-0.968070616291672,0.,-0.250677645338915));
#13590=DIRECTION('',(-0.886288266155888,0.,-0.463134007900942));
#13591=DIRECTION('',(-0.698604113258017,0.,-0.715508415701017));
#13592=DIRECTION('',(-0.312270244693024,0.,-0.949993312755073));
#13593=DIRECTION('',(0.00273706169567097,0.,-0.999996254239622));
#13594=DIRECTION('',(0.,0.,1.));
#13595=DIRECTION('',(1.,0.,0.));
#13596=DIRECTION('',(0.,-1.,0.));
#13597=DIRECTION('',(-1.,0.,0.));
#13598=DIRECTION('',(0.,0.,-1.));
#13599=DIRECTION('',(-1.,0.,0.));
#13600=DIRECTION('',(0.,0.,1.));
#13601=DIRECTION('',(0.316225280684053,0.,0.948684126491158));
#13602=DIRECTION('',(0.707106781186548,0.,0.707106781186548));
#13603=DIRECTION('',(0.,1.,0.));
#13604=DIRECTION('',(-0.509025679674182,0.,0.860751333099309));
#13605=DIRECTION('',(0.970141842435882,0.,-0.242538255858971));
#13606=DIRECTION('',(0.894424867414243,0.,-0.447218242641121));
#13607=DIRECTION('',(0.707111551601956,0.,-0.707102010738956));
#13608=DIRECTION('',(0.316230251386153,0.,-0.948682469590458));
#13609=DIRECTION('',(0.,-1.,0.));
#13610=DIRECTION('',(-0.980783081613717,0.,-0.195101375751944));
#13611=DIRECTION('',(0.999998991490024,0.,0.00142021791815803));
#13612=DIRECTION('',(0.,-1.,0.));
#13613=DIRECTION('',(0.195101375751944,0.,-0.980783081613717));
#13614=DIRECTION('',(-0.00864214240102863,0.,0.999962655990073));
#13615=DIRECTION('',(-0.32651961332699,0.,0.945190426375973));
#13616=DIRECTION('',(-0.710341525922237,0.,0.703857170561235));
#13617=DIRECTION('',(-0.898025665436074,0.,0.439943069292036));
#13618=DIRECTION('',(-0.972621461126354,0.,0.232395123349085));
#13619=DIRECTION('',(-0.999903370449093,0.,-0.0139014303056613));
#13620=DIRECTION('',(-0.968070616291672,0.,-0.250677645338915));
#13621=DIRECTION('',(-0.886288266155888,0.,-0.463134007900942));
#13622=DIRECTION('',(-0.698604113258017,0.,-0.715508415701017));
#13623=DIRECTION('',(-0.312270244693024,0.,-0.949993312755073));
#13624=DIRECTION('',(0.00273706169567097,0.,-0.999996254239622));
#13625=DIRECTION('',(0.,0.,1.));
#13626=DIRECTION('',(1.,0.,0.));
#13627=DIRECTION('',(0.,-1.,0.));
#13628=DIRECTION('',(-1.,0.,0.));
#13629=DIRECTION('',(0.,-1.,0.));
#13630=DIRECTION('',(0.495225804886844,0.,-0.868764296097726));
#13631=DIRECTION('',(-0.948683390356073,0.,0.316227489100024));
#13632=DIRECTION('',(0.,-1.,0.));
#13633=DIRECTION('',(0.125073224367014,0.,0.992147513501112));
#13634=DIRECTION('',(0.948683298050514,0.,-0.316227766016838));
#13635=DIRECTION('',(-0.948141929214269,0.,-0.317847262165091));
#13636=DIRECTION('',(0.,-1.,0.));
#13637=DIRECTION('',(-0.495248936642139,0.,0.868751109786244));
#13638=DIRECTION('',(0.948256133626482,0.,0.317506385825161));
#13639=DIRECTION('',(0.,0.,1.));
#13640=DIRECTION('',(1.,0.,0.));
#13641=DIRECTION('',(0.,-1.,0.));
#13642=DIRECTION('',(-1.,0.,0.));
#13643=DIRECTION('',(0.,-1.,0.));
#13644=DIRECTION('',(-0.789992214662271,0.,-0.61311687366521));
#13645=DIRECTION('',(-0.463137346103022,0.,0.886286521755042));
#13646=DIRECTION('',(-0.701700468364112,0.,0.712472071521113));
#13647=DIRECTION('',(1.,0.,0.));
#13648=DIRECTION('',(0.00639448021665745,0.,-0.999979555102382));
#13649=DIRECTION('',(0.,-1.,0.));
#13650=DIRECTION('',(-0.980784894138293,0.,-0.195092263891058));
#13651=DIRECTION('',(-0.00245878518261136,0.,0.999996977183144));
#13652=DIRECTION('',(0.,-1.,0.));
#13653=DIRECTION('',(0.980784894138293,0.,0.195092263891058));
#13654=DIRECTION('',(0.,0.,-1.));
#13655=DIRECTION('',(-0.999998824069641,0.,-0.00153357729992645));
#13656=DIRECTION('',(0.,-1.,0.));
#13657=DIRECTION('',(-0.195095165010081,0.,0.980784317059408));
#13658=DIRECTION('',(0.832049357773427,0.,-0.554701601069285));
#13659=DIRECTION('',(0.707111125621702,0.,-0.707102436724702));
#13660=DIRECTION('',(0.459000129049874,0.,-0.888436200034757));
#13661=DIRECTION('',(0.,0.,1.));
#13662=DIRECTION('',(1.,0.,0.));
#13663=DIRECTION('',(0.,-1.,0.));
#13664=DIRECTION('',(-1.,0.,0.));
#13665=DIRECTION('',(0.,1.,0.));
#13666=DIRECTION('',(0.25438766853801,0.,0.967102328658036));
#13667=DIRECTION('',(0.,0.,-1.));
#13668=DIRECTION('',(-1.,0.,0.));
#13669=DIRECTION('',(0.,0.,1.));
#13670=DIRECTION('',(0.,1.,0.));
#13671=DIRECTION('',(-0.967102328658036,0.,0.25438766853801));
#13672=DIRECTION('',(1.,0.,0.));
#13673=DIRECTION('',(0.,1.,0.));
#13674=DIRECTION('',(0.254406656561029,0.,0.96709733382811));
#13675=DIRECTION('',(0.,0.,-1.));
#13676=DIRECTION('',(-1.,0.,0.));
#13677=DIRECTION('',(0.,0.,1.));
#13678=DIRECTION('',(0.,1.,0.));
#13679=DIRECTION('',(-0.999539547412825,0.,-0.0303429259921447));
#13680=DIRECTION('',(1.,0.,0.));
#13681=DIRECTION('',(0.,-1.,0.));
#13682=DIRECTION('',(-0.980783081613717,0.,-0.195101375751944));
#13683=DIRECTION('',(0.999998991490024,0.,0.00142021791815803));
#13684=DIRECTION('',(0.,-1.,0.));
#13685=DIRECTION('',(0.195101375751944,0.,-0.980783081613717));
#13686=DIRECTION('',(-0.0066446948837558,0.,0.999977923771271));
#13687=DIRECTION('',(0.,-1.,0.));
#13688=DIRECTION('',(0.963621636162476,0.,0.267270167283132));
#13689=DIRECTION('',(-0.999976248864832,0.,-0.00689214815713784));
#13690=DIRECTION('',(-0.891945147823047,0.,-0.452143620186024));
#13691=DIRECTION('',(-0.692493969626135,0.,-0.721423663343141));
#13692=DIRECTION('',(-0.407659802944979,0.,-0.913133881236953));
#13693=DIRECTION('',(-0.754925383799996,0.,0.655810692878996));
#13694=DIRECTION('',(-0.903657062662352,0.,0.428256830769166));
#13695=DIRECTION('',(-0.999955604649331,0.,-0.00942277721222812));
#13696=DIRECTION('',(0.,-1.,0.));
#13697=DIRECTION('',(-0.267261978829992,0.,0.963623907274969));
#13698=DIRECTION('',(0.,0.,-1.));
#13699=DIRECTION('',(0.,0.,1.));
#13700=DIRECTION('',(1.,0.,0.));
#13701=DIRECTION('',(0.,-1.,0.));
#13702=DIRECTION('',(-1.,0.,0.));
#13703=DIRECTION('',(0.,-1.,0.));
#13704=DIRECTION('',(-0.555557812845331,0.,-0.831477911063495));
#13705=DIRECTION('',(-0.0022740161409509,0.,0.999997414421953));
#13706=DIRECTION('',(0.,-1.,0.));
#13707=DIRECTION('',(0.980784894138293,0.,0.195092263891058));
#13708=DIRECTION('',(0.,0.,-1.));
#13709=DIRECTION('',(-0.710012491885996,0.,0.704189080691996));
#13710=DIRECTION('',(-0.94999494559391,0.,0.312265277201971));
#13711=DIRECTION('',(-0.999875429933169,0.,-0.0157836819519427));
#13712=DIRECTION('',(0.,-1.,0.));
#13713=DIRECTION('',(-0.267261978829992,0.,0.963623907274969));
#13714=DIRECTION('',(0.00448376624114432,0.,-0.999989947869625));
#13715=DIRECTION('',(0.452134906199789,0.,-0.891949565051583));
#13716=DIRECTION('',(0.712723159846347,0.,-0.701445434384342));
#13717=DIRECTION('',(0.,-1.,0.));
#13718=DIRECTION('',(-0.555566431205819,0.,-0.831472152580729));
#13719=DIRECTION('',(-0.707106781186548,0.,0.707106781186548));
#13720=DIRECTION('',(0.,1.,0.));
#13721=DIRECTION('',(-0.831328992485229,0.,-0.555780627814153));
#13722=DIRECTION('',(0.707106781186548,0.,0.707106781186548));
#13723=DIRECTION('',(0.894427190999916,0.,0.447213595499958));
#13724=DIRECTION('',(1.,0.,0.));
#13725=DIRECTION('',(0.948680812676914,0.,-0.316235222039972));
#13726=DIRECTION('',(0.708372027934706,0.,-0.705839266433707));
#13727=DIRECTION('',(0.,0.,1.));
#13728=DIRECTION('',(1.,0.,0.));
#13729=DIRECTION('',(0.,-1.,0.));
#13730=DIRECTION('',(-1.,0.,0.));
#13731=DIRECTION('',(0.94868353397385,0.,0.31622705824595));
#13732=DIRECTION('',(0.,0.,-1.));
#13733=DIRECTION('',(-0.948682826202958,0.,0.316229181555986));
#13734=DIRECTION('',(0.,-1.,0.));
#13735=DIRECTION('',(-0.495245897336936,0.,0.868752842395887));
#13736=DIRECTION('',(0.948683390356073,0.,-0.316227489100024));
#13737=DIRECTION('',(0.,-1.,0.));
#13738=DIRECTION('',(-0.125077438981931,0.,-0.992146982184455));
#13739=DIRECTION('',(-0.948684512064323,0.,0.316224123952108));
#13740=DIRECTION('',(0.,0.,1.));
#13741=DIRECTION('',(0.946927936569638,0.,0.321445925380877));
#13742=DIRECTION('',(0.,-1.,0.));
#13743=DIRECTION('',(0.495226594030112,0.,-0.868763846258196));
#13744=DIRECTION('',(-0.948256227953989,0.,-0.317506104108996));
#13745=DIRECTION('',(0.,0.,1.));
#13746=DIRECTION('',(1.,0.,0.));
#13747=DIRECTION('',(0.,-1.,0.));
#13748=DIRECTION('',(-1.,0.,0.));
#13749=DIRECTION('',(0.,0.,-1.));
#13750=DIRECTION('',(-1.,0.,0.));
#13751=DIRECTION('',(0.,0.,1.));
#13752=DIRECTION('',(1.,0.,0.));
#13753=DIRECTION('',(0.,0.,-1.));
#13754=DIRECTION('',(-1.,0.,0.));
#13755=DIRECTION('',(0.,0.,1.));
#13756=DIRECTION('',(1.,0.,0.));
#13757=DIRECTION('',(0.,0.,-1.));
#13758=DIRECTION('',(-1.,0.,0.));
#13759=DIRECTION('',(0.,0.,1.));
#13760=DIRECTION('',(1.,0.,0.));
#13761=DIRECTION('',(0.,0.,-1.));
#13762=DIRECTION('',(-1.,0.,0.));
#13763=DIRECTION('',(0.,0.,1.));
#13764=DIRECTION('',(1.,0.,0.));
#13765=DIRECTION('',(0.,-1.,0.));
#13766=DIRECTION('',(-0.999999999995865,0.,-2.87577460838161E-6));
#13767=DIRECTION('',(1.,0.,0.));
#13768=DIRECTION('',(0.,-1.,0.));
#13769=DIRECTION('',(2.87577461282261E-6,0.,-0.999999999995865));
#13770=DIRECTION('',(0.,0.,1.));
#13771=DIRECTION('',(0.,-1.,0.));
#13772=DIRECTION('',(0.999999999995865,0.,2.87577463058661E-6));
#13773=DIRECTION('',(-1.,0.,0.));
#13774=DIRECTION('',(0.,-1.,0.));
#13775=DIRECTION('',(-2.87577460394061E-6,0.,0.999999999995865));
#13776=DIRECTION('',(0.,0.,-1.));
#13777=DIRECTION('',(0.,0.,1.));
#13778=DIRECTION('',(1.,0.,0.));
#13779=DIRECTION('',(0.,-1.,0.));
#13780=DIRECTION('',(0.,0.,1.));
#13781=DIRECTION('',(0.,-1.,0.));
#13782=DIRECTION('',(0.,0.,1.));
#13783=DIRECTION('',(0.,-1.,0.));
#13784=DIRECTION('',(0.,0.,1.));
#13785=DIRECTION('',(0.,-1.,0.));
#13786=DIRECTION('',(-1.184237892934E-14,0.,1.));
#13787=DIRECTION('',(0.,-1.,0.));
#13788=DIRECTION('',(-1.184237892934E-14,0.,1.));
#13789=DIRECTION('',(0.,-1.,0.));
#13790=DIRECTION('',(-1.184237892934E-14,0.,1.));
#13791=DIRECTION('',(0.,-1.,0.));
#13792=DIRECTION('',(0.,0.,1.));
#13793=DIRECTION('',(0.,-1.,0.));
#13794=DIRECTION('',(0.,0.,1.));
#13795=DIRECTION('',(0.,-1.,0.));
#13796=DIRECTION('',(0.,0.,1.));
#13797=DIRECTION('',(0.,-1.,0.));
#13798=DIRECTION('',(1.387778780781E-16,0.,1.));
#13799=DIRECTION('',(0.,-1.,0.));
#13800=DIRECTION('',(1.387778780781E-16,0.,1.));
#13801=DIRECTION('',(0.,-1.,0.));
#13802=DIRECTION('',(1.387778780781E-16,0.,1.));
#13803=DIRECTION('',(0.,-1.,0.));
#13804=DIRECTION('',(0.,0.,1.));
#13805=DIRECTION('',(0.,-1.,0.));
#13806=DIRECTION('',(0.,0.,1.));
#13807=DIRECTION('',(0.,-1.,0.));
#13808=DIRECTION('',(0.,0.,1.));
#13809=DIRECTION('',(0.,-1.,0.));
#13810=DIRECTION('',(0.,0.,1.));
#13811=DIRECTION('',(0.,-1.,0.));
#13812=DIRECTION('',(0.,0.,1.));
#13813=DIRECTION('',(0.,-1.,0.));
#13814=DIRECTION('',(0.,0.,1.));
#13815=DIRECTION('',(0.,-1.,0.));
#13816=DIRECTION('',(0.,0.,1.));
#13817=DIRECTION('',(0.,-1.,0.));
#13818=DIRECTION('',(0.,0.,1.));
#13819=DIRECTION('',(0.,-1.,0.));
#13820=DIRECTION('',(0.,0.,1.));
#13821=DIRECTION('',(0.,-1.,0.));
#13822=DIRECTION('',(0.,0.,1.));
#13823=DIRECTION('',(0.,-1.,0.));
#13824=DIRECTION('',(0.,0.,1.));
#13825=DIRECTION('',(0.,-1.,0.));
#13826=DIRECTION('',(0.,0.,1.));
#13827=DIRECTION('',(0.,-1.,0.));
#13828=DIRECTION('',(3.20299139953883E-7,0.,0.999999999999949));
#13829=DIRECTION('',(0.,1.,0.));
#13830=DIRECTION('',(0.,-1.,0.));
#13831=DIRECTION('',(3.20299139953883E-7,0.,0.999999999999949));
#13832=DIRECTION('',(0.,1.,0.));
#13833=DIRECTION('',(0.,-1.,0.));
#13834=DIRECTION('',(3.20299139953883E-7,0.,0.999999999999949));
#13835=DIRECTION('',(0.,0.,1.));
#13836=DIRECTION('',(-1.,0.,0.));
#13837=DIRECTION('',(0.,1.,0.));
#13838=DIRECTION('',(-1.,0.,0.));
#13839=DIRECTION('',(-1.,0.,0.));
#13840=DIRECTION('',(-1.,0.,0.));
#13841=DIRECTION('',(0.,0.,-1.));
#13842=DIRECTION('',(0.,0.,-1.));
#13843=DIRECTION('',(0.,1.,0.));
#13844=DIRECTION('',(0.,0.,-1.));
#13845=DIRECTION('',(0.,-1.,0.));
#13846=DIRECTION('',(0.999999999999949,0.,-3.20299139884483E-7));
#13847=DIRECTION('',(0.,1.,0.));
#13848=DIRECTION('',(0.,-1.,0.));
#13849=DIRECTION('',(0.999999999999949,0.,-3.20299139884483E-7));
#13850=DIRECTION('',(0.,-1.,0.));
#13851=DIRECTION('',(0.999999999999949,0.,-3.20299139884483E-7));
#13852=DIRECTION('',(0.,-1.,0.));
#13853=DIRECTION('',(-0.999999999999949,0.,3.20299140508983E-7));
#13854=DIRECTION('',(0.,-1.,0.));
#13855=DIRECTION('',(-0.999999999999949,0.,3.20299140508983E-7));
#13856=DIRECTION('',(0.,1.,0.));
#13857=DIRECTION('',(0.,-1.,0.));
#13858=DIRECTION('',(-0.999999999999949,0.,3.20299140508983E-7));
#13859=DIRECTION('',(0.,1.,0.));
#13860=DIRECTION('',(1.,0.,0.));
#13861=DIRECTION('',(0.,-1.,0.));
#13862=DIRECTION('',(-3.20299139884483E-7,0.,-0.999999999999949));
#13863=DIRECTION('',(1.,0.,0.));
#13864=DIRECTION('',(0.,0.,1.));
#13865=DIRECTION('',(0.,1.,0.));
#13866=DIRECTION('',(1.,0.,0.));
#13867=DIRECTION('',(0.,0.,1.));
#13868=DIRECTION('',(1.,0.,0.));
#13869=DIRECTION('',(0.,-1.,0.));
#13870=DIRECTION('',(-3.20299139884483E-7,0.,-0.999999999999949));
#13871=DIRECTION('',(1.,0.,0.));
#13872=DIRECTION('',(0.,0.,1.));
#13873=DIRECTION('',(0.,1.,0.));
#13874=DIRECTION('',(0.,0.,-1.));
#13875=DIRECTION('',(1.,0.,0.));
#13876=DIRECTION('',(0.,1.,0.));
#13877=DIRECTION('',(0.,-1.,0.));
#13878=DIRECTION('',(-3.20299139884483E-7,0.,-0.999999999999949));
#13879=CARTESIAN_POINT('',(0.,0.,0.));
#13880=CARTESIAN_POINT('',(0.012398480775301,0.002392364817767,0.01195));
#13881=CARTESIAN_POINT('',(0.012398480775301,0.002392364817767,0.01195));
#13882=CARTESIAN_POINT('',(0.0123984807753011,0.00239236481776701,0.01195));
#13883=CARTESIAN_POINT('',(0.0124903100081494,0.00183763807341678,0.01195));
#13884=CARTESIAN_POINT('',(0.0124903100081494,0.00183763807341678,0.01195));
#13885=CARTESIAN_POINT('',(0.0124903100081494,0.00183763807341678,0.01236));
#13886=CARTESIAN_POINT('',(0.012398480775301,0.002392364817767,0.01236));
#13887=CARTESIAN_POINT('',(0.0123984807753011,0.00239236481776701,0.01236));
#13888=CARTESIAN_POINT('',(0.012398480775301,0.002392364817767,0.01195));
#13889=CARTESIAN_POINT('',(0.0127764163658388,0.001885,0.01195));
#13890=CARTESIAN_POINT('',(0.0127764163658388,0.001885,0.01195));
#13891=CARTESIAN_POINT('',(0.012776400220547,0.00159500000022472,0.01195));
#13892=CARTESIAN_POINT('',(0.012776400220547,0.001595,0.01195));
#13893=CARTESIAN_POINT('',(0.012776400220547,0.001595,0.01236));
#13894=CARTESIAN_POINT('',(0.0127764163658388,0.001885,0.01236));
#13895=CARTESIAN_POINT('',(0.007723599779453,0.001595,0.01236));
#13896=CARTESIAN_POINT('',(0.012776400220547,0.001595,0.01195));
#13897=CARTESIAN_POINT('',(0.0132475,0.001595,0.01195));
#13898=CARTESIAN_POINT('',(0.0132475,0.001595,0.01195));
#13899=CARTESIAN_POINT('',(0.0132475,0.001595,0.01236));
#13900=CARTESIAN_POINT('',(0.012776400220547,0.001595,0.01236));
#13901=CARTESIAN_POINT('',(0.0132475,0.001595,0.01195));
#13902=CARTESIAN_POINT('',(0.0132475,0.001595,0.01195));
#13903=CARTESIAN_POINT('',(0.0132475,0.001785,0.01195));
#13904=CARTESIAN_POINT('',(0.0132475,0.001785,0.01195));
#13905=CARTESIAN_POINT('',(0.0132475,0.001785,0.01236));
#13906=CARTESIAN_POINT('',(0.0132475,0.001595,0.01236));
#13907=CARTESIAN_POINT('',(0.0072525,0.001785,0.01236));
#13908=CARTESIAN_POINT('',(0.0132475,0.001785,0.01195));
#13909=CARTESIAN_POINT('',(0.012776400220547,0.001785,0.01195));
#13910=CARTESIAN_POINT('',(0.012776400220547,0.001785,0.01195));
#13911=CARTESIAN_POINT('',(0.012776400220547,0.001785,0.01236));
#13912=CARTESIAN_POINT('',(0.0132475,0.001785,0.01236));
#13913=CARTESIAN_POINT('',(0.012776400220547,0.001885,0.01195));
#13914=CARTESIAN_POINT('',(0.012776400220547,0.001885,0.01195));
#13915=CARTESIAN_POINT('',(0.0126779194452459,0.00186763518223299,0.01195));
#13916=CARTESIAN_POINT('',(0.012677919445246,0.001867635182233,0.01195));
#13917=CARTESIAN_POINT('',(0.0126779194452459,0.00186763518223299,0.01236));
#13918=CARTESIAN_POINT('',(0.012776400220547,0.001885,0.01236));
#13919=CARTESIAN_POINT('',(0.012677919445246,0.001867635182233,0.01195));
#13920=CARTESIAN_POINT('',(0.012677919445246,0.001867635182233,0.01195));
#13921=CARTESIAN_POINT('',(0.0125860902123976,0.00242236192658322,0.01195));
#13922=CARTESIAN_POINT('',(0.0125860902123976,0.00242236192658322,0.01195));
#13923=CARTESIAN_POINT('',(0.0125860902123976,0.00242236192658322,0.01236));
#13924=CARTESIAN_POINT('',(0.012677919445246,0.001867635182233,0.01236));
#13925=CARTESIAN_POINT('',(0.0122999838547082,0.002375,0.01195));
#13926=CARTESIAN_POINT('',(0.0122999838547082,0.002375,0.01195));
#13927=CARTESIAN_POINT('',(0.0123,0.00266499999977529,0.01195));
#13928=CARTESIAN_POINT('',(0.0123,0.002665,0.01195));
#13929=CARTESIAN_POINT('',(0.0123,0.002665,0.01236));
#13930=CARTESIAN_POINT('',(0.0122999838547082,0.002375,0.01236));
#13931=CARTESIAN_POINT('',(0.012398480775301,0.002392364817767,0.01195));
#13932=CARTESIAN_POINT('',(0.012398480775301,0.002392364817767,0.01068));
#13933=CARTESIAN_POINT('',(0.0123984807753011,0.00239236481776701,0.01068));
#13934=CARTESIAN_POINT('',(0.0124903100081494,0.00183763807341678,0.01068));
#13935=CARTESIAN_POINT('',(0.0124903100081494,0.00183763807341678,0.01195));
#13936=CARTESIAN_POINT('',(0.0124903100081494,0.00183763807341678,0.01109));
#13937=CARTESIAN_POINT('',(0.012398480775301,0.002392364817767,0.01109));
#13938=CARTESIAN_POINT('',(0.0123984807753011,0.00239236481776701,0.01109));
#13939=CARTESIAN_POINT('',(0.012398480775301,0.002392364817767,0.01068));
#13940=CARTESIAN_POINT('',(0.0127764163658388,0.001885,0.01195));
#13941=CARTESIAN_POINT('',(0.0127764163658388,0.001885,0.01068));
#13942=CARTESIAN_POINT('',(0.012776400220547,0.00159500000022472,0.01068));
#13943=CARTESIAN_POINT('',(0.012776400220547,0.001595,0.01068));
#13944=CARTESIAN_POINT('',(0.012776400220547,0.001595,0.01109));
#13945=CARTESIAN_POINT('',(0.0127764163658388,0.001885,0.01109));
#13946=CARTESIAN_POINT('',(0.007723599779453,0.001595,0.01236));
#13947=CARTESIAN_POINT('',(0.012776400220547,0.001595,0.01068));
#13948=CARTESIAN_POINT('',(0.0132475,0.001595,0.01068));
#13949=CARTESIAN_POINT('',(0.0132475,0.001595,0.01068));
#13950=CARTESIAN_POINT('',(0.0132475,0.001595,0.01109));
#13951=CARTESIAN_POINT('',(0.012776400220547,0.001595,0.01109));
#13952=CARTESIAN_POINT('',(0.0132475,0.001595,0.01195));
#13953=CARTESIAN_POINT('',(0.0132475,0.001595,0.01068));
#13954=CARTESIAN_POINT('',(0.0132475,0.001785,0.01068));
#13955=CARTESIAN_POINT('',(0.0132475,0.001785,0.01068));
#13956=CARTESIAN_POINT('',(0.0132475,0.001785,0.01109));
#13957=CARTESIAN_POINT('',(0.0132475,0.001595,0.01109));
#13958=CARTESIAN_POINT('',(0.0072525,0.001785,0.01236));
#13959=CARTESIAN_POINT('',(0.0132475,0.001785,0.01068));
#13960=CARTESIAN_POINT('',(0.012776400220547,0.001785,0.01068));
#13961=CARTESIAN_POINT('',(0.012776400220547,0.001785,0.01068));
#13962=CARTESIAN_POINT('',(0.012776400220547,0.001785,0.01109));
#13963=CARTESIAN_POINT('',(0.0132475,0.001785,0.01109));
#13964=CARTESIAN_POINT('',(0.012776400220547,0.001885,0.01195));
#13965=CARTESIAN_POINT('',(0.012776400220547,0.001885,0.01068));
#13966=CARTESIAN_POINT('',(0.0126779194452459,0.00186763518223299,0.01068));
#13967=CARTESIAN_POINT('',(0.012677919445246,0.001867635182233,0.01068));
#13968=CARTESIAN_POINT('',(0.0126779194452459,0.00186763518223299,0.01109));
#13969=CARTESIAN_POINT('',(0.012776400220547,0.001885,0.01109));
#13970=CARTESIAN_POINT('',(0.012677919445246,0.001867635182233,0.01195));
#13971=CARTESIAN_POINT('',(0.012677919445246,0.001867635182233,0.01068));
#13972=CARTESIAN_POINT('',(0.0125860902123976,0.00242236192658322,0.01068));
#13973=CARTESIAN_POINT('',(0.0125860902123976,0.00242236192658322,0.01195));
#13974=CARTESIAN_POINT('',(0.0125860902123976,0.00242236192658322,0.01109));
#13975=CARTESIAN_POINT('',(0.012677919445246,0.001867635182233,0.01109));
#13976=CARTESIAN_POINT('',(0.0122999838547082,0.002375,0.01195));
#13977=CARTESIAN_POINT('',(0.0122999838547082,0.002375,0.01068));
#13978=CARTESIAN_POINT('',(0.0123,0.00266499999977529,0.01068));
#13979=CARTESIAN_POINT('',(0.0123,0.002665,0.01068));
#13980=CARTESIAN_POINT('',(0.0123,0.002665,0.01109));
#13981=CARTESIAN_POINT('',(0.0122999838547082,0.002375,0.01109));
#13982=CARTESIAN_POINT('',(0.012398480775301,0.002392364817767,0.01195));
#13983=CARTESIAN_POINT('',(0.012398480775301,0.002392364817767,0.00941));
#13984=CARTESIAN_POINT('',(0.0123984807753011,0.00239236481776701,0.00941));
#13985=CARTESIAN_POINT('',(0.0124903100081494,0.00183763807341678,0.00941));
#13986=CARTESIAN_POINT('',(0.0124903100081494,0.00183763807341678,0.01195));
#13987=CARTESIAN_POINT('',(0.0124903100081494,0.00183763807341678,0.00982));
#13988=CARTESIAN_POINT('',(0.012398480775301,0.002392364817767,0.00982));
#13989=CARTESIAN_POINT('',(0.0123984807753011,0.00239236481776701,0.00982));
#13990=CARTESIAN_POINT('',(0.012398480775301,0.002392364817767,0.00941));
#13991=CARTESIAN_POINT('',(0.0127764163658388,0.001885,0.01195));
#13992=CARTESIAN_POINT('',(0.0127764163658388,0.001885,0.00941));
#13993=CARTESIAN_POINT('',(0.012776400220547,0.00159500000022472,0.00941));
#13994=CARTESIAN_POINT('',(0.012776400220547,0.001595,0.00941));
#13995=CARTESIAN_POINT('',(0.012776400220547,0.001595,0.00982));
#13996=CARTESIAN_POINT('',(0.0127764163658388,0.001885,0.00982));
#13997=CARTESIAN_POINT('',(0.007723599779453,0.001595,0.01236));
#13998=CARTESIAN_POINT('',(0.012776400220547,0.001595,0.00941));
#13999=CARTESIAN_POINT('',(0.0132475,0.001595,0.00941));
#14000=CARTESIAN_POINT('',(0.0132475,0.001595,0.00941));
#14001=CARTESIAN_POINT('',(0.0132475,0.001595,0.00982));
#14002=CARTESIAN_POINT('',(0.012776400220547,0.001595,0.00982));
#14003=CARTESIAN_POINT('',(0.0132475,0.001595,0.01195));
#14004=CARTESIAN_POINT('',(0.0132475,0.001595,0.00941));
#14005=CARTESIAN_POINT('',(0.0132475,0.001785,0.00941));
#14006=CARTESIAN_POINT('',(0.0132475,0.001785,0.00941));
#14007=CARTESIAN_POINT('',(0.0132475,0.001785,0.00982));
#14008=CARTESIAN_POINT('',(0.0132475,0.001595,0.00982));
#14009=CARTESIAN_POINT('',(0.0072525,0.001785,0.01236));
#14010=CARTESIAN_POINT('',(0.0132475,0.001785,0.00941));
#14011=CARTESIAN_POINT('',(0.012776400220547,0.001785,0.00941));
#14012=CARTESIAN_POINT('',(0.012776400220547,0.001785,0.00941));
#14013=CARTESIAN_POINT('',(0.012776400220547,0.001785,0.00982));
#14014=CARTESIAN_POINT('',(0.0132475,0.001785,0.00982));
#14015=CARTESIAN_POINT('',(0.012776400220547,0.001885,0.01195));
#14016=CARTESIAN_POINT('',(0.012776400220547,0.001885,0.00941));
#14017=CARTESIAN_POINT('',(0.0126779194452459,0.00186763518223299,0.00941));
#14018=CARTESIAN_POINT('',(0.012677919445246,0.001867635182233,0.00941));
#14019=CARTESIAN_POINT('',(0.0126779194452459,0.00186763518223299,0.00982));
#14020=CARTESIAN_POINT('',(0.012776400220547,0.001885,0.00982));
#14021=CARTESIAN_POINT('',(0.012677919445246,0.001867635182233,0.01195));
#14022=CARTESIAN_POINT('',(0.012677919445246,0.001867635182233,0.00941));
#14023=CARTESIAN_POINT('',(0.0125860902123976,0.00242236192658322,0.00941));
#14024=CARTESIAN_POINT('',(0.0125860902123976,0.00242236192658322,0.01195));
#14025=CARTESIAN_POINT('',(0.0125860902123976,0.00242236192658322,0.00982));
#14026=CARTESIAN_POINT('',(0.012677919445246,0.001867635182233,0.00982));
#14027=CARTESIAN_POINT('',(0.0122999838547082,0.002375,0.01195));
#14028=CARTESIAN_POINT('',(0.0122999838547082,0.002375,0.00941));
#14029=CARTESIAN_POINT('',(0.0123,0.00266499999977529,0.00941));
#14030=CARTESIAN_POINT('',(0.0123,0.002665,0.00941));
#14031=CARTESIAN_POINT('',(0.0123,0.002665,0.00982));
#14032=CARTESIAN_POINT('',(0.0122999838547082,0.002375,0.00982));
#14033=CARTESIAN_POINT('',(0.012398480775301,0.002392364817767,0.01195));
#14034=CARTESIAN_POINT('',(0.012398480775301,0.002392364817767,0.00814));
#14035=CARTESIAN_POINT('',(0.0123984807753011,0.00239236481776701,0.00814));
#14036=CARTESIAN_POINT('',(0.0124903100081494,0.00183763807341678,0.00814));
#14037=CARTESIAN_POINT('',(0.0124903100081494,0.00183763807341678,0.01195));
#14038=CARTESIAN_POINT('',(0.0124903100081494,0.00183763807341678,0.00855));
#14039=CARTESIAN_POINT('',(0.012398480775301,0.002392364817767,0.00855));
#14040=CARTESIAN_POINT('',(0.0123984807753011,0.00239236481776701,0.00855));
#14041=CARTESIAN_POINT('',(0.012398480775301,0.002392364817767,0.00814));
#14042=CARTESIAN_POINT('',(0.0127764163658388,0.001885,0.01195));
#14043=CARTESIAN_POINT('',(0.0127764163658388,0.001885,0.00814));
#14044=CARTESIAN_POINT('',(0.012776400220547,0.00159500000022472,0.00814));
#14045=CARTESIAN_POINT('',(0.012776400220547,0.001595,0.00814));
#14046=CARTESIAN_POINT('',(0.012776400220547,0.001595,0.00855));
#14047=CARTESIAN_POINT('',(0.0127764163658388,0.001885,0.00855));
#14048=CARTESIAN_POINT('',(0.007723599779453,0.001595,0.01236));
#14049=CARTESIAN_POINT('',(0.012776400220547,0.001595,0.00814));
#14050=CARTESIAN_POINT('',(0.0132475,0.001595,0.00814));
#14051=CARTESIAN_POINT('',(0.0132475,0.001595,0.00814));
#14052=CARTESIAN_POINT('',(0.0132475,0.001595,0.00855));
#14053=CARTESIAN_POINT('',(0.012776400220547,0.001595,0.00855));
#14054=CARTESIAN_POINT('',(0.0132475,0.001595,0.01195));
#14055=CARTESIAN_POINT('',(0.0132475,0.001595,0.00814));
#14056=CARTESIAN_POINT('',(0.0132475,0.001785,0.00814));
#14057=CARTESIAN_POINT('',(0.0132475,0.001785,0.00814));
#14058=CARTESIAN_POINT('',(0.0132475,0.001785,0.00855));
#14059=CARTESIAN_POINT('',(0.0132475,0.001595,0.00855));
#14060=CARTESIAN_POINT('',(0.0072525,0.001785,0.01236));
#14061=CARTESIAN_POINT('',(0.0132475,0.001785,0.00814));
#14062=CARTESIAN_POINT('',(0.012776400220547,0.001785,0.00814));
#14063=CARTESIAN_POINT('',(0.012776400220547,0.001785,0.00814));
#14064=CARTESIAN_POINT('',(0.012776400220547,0.001785,0.00855));
#14065=CARTESIAN_POINT('',(0.0132475,0.001785,0.00855));
#14066=CARTESIAN_POINT('',(0.012776400220547,0.001885,0.01195));
#14067=CARTESIAN_POINT('',(0.012776400220547,0.001885,0.00814));
#14068=CARTESIAN_POINT('',(0.0126779194452459,0.00186763518223299,0.00814));
#14069=CARTESIAN_POINT('',(0.012677919445246,0.001867635182233,0.00814));
#14070=CARTESIAN_POINT('',(0.0126779194452459,0.00186763518223299,0.00855));
#14071=CARTESIAN_POINT('',(0.012776400220547,0.001885,0.00855));
#14072=CARTESIAN_POINT('',(0.012677919445246,0.001867635182233,0.01195));
#14073=CARTESIAN_POINT('',(0.012677919445246,0.001867635182233,0.00814));
#14074=CARTESIAN_POINT('',(0.0125860902123976,0.00242236192658322,0.00814));
#14075=CARTESIAN_POINT('',(0.0125860902123976,0.00242236192658322,0.01195));
#14076=CARTESIAN_POINT('',(0.0125860902123976,0.00242236192658322,0.00855));
#14077=CARTESIAN_POINT('',(0.012677919445246,0.001867635182233,0.00855));
#14078=CARTESIAN_POINT('',(0.008101519224699,0.002392364817767,0.01236));
#14079=CARTESIAN_POINT('',(0.008101519224699,0.002392364817767,0.00855));
#14080=CARTESIAN_POINT('',(0.00810151922469895,0.00239236481776701,0.00855));
#14081=CARTESIAN_POINT('',(0.00800919402782559,0.00183464202847234,0.00855));
#14082=CARTESIAN_POINT('',(0.008009194027826,0.001834642028477,0.00855));
#14083=CARTESIAN_POINT('',(0.00800919402782559,0.00183464202847234,0.00814));
#14084=CARTESIAN_POINT('',(0.008101519224699,0.002392364817767,0.00814));
#14085=CARTESIAN_POINT('',(0.00810151922469895,0.00239236481776701,0.00814));
#14086=CARTESIAN_POINT('',(0.008101519224699,0.002392364817767,0.00855));
#14087=CARTESIAN_POINT('',(0.007723599779453,0.001885,0.01236));
#14088=CARTESIAN_POINT('',(0.007723599779453,0.001885,0.00855));
#14089=CARTESIAN_POINT('',(0.007723599779453,0.001595,0.00855));
#14090=CARTESIAN_POINT('',(0.007723599779453,0.001595,0.00855));
#14091=CARTESIAN_POINT('',(0.007723599779453,0.001595,0.00814));
#14092=CARTESIAN_POINT('',(0.007723599779453,0.001885,0.00814));
#14093=CARTESIAN_POINT('',(0.007723599779453,0.001595,0.01236));
#14094=CARTESIAN_POINT('',(0.007723599779453,0.001595,0.00855));
#14095=CARTESIAN_POINT('',(0.0072525,0.001595,0.00855));
#14096=CARTESIAN_POINT('',(0.0072525,0.001595,0.00855));
#14097=CARTESIAN_POINT('',(0.0072525,0.001595,0.00814));
#14098=CARTESIAN_POINT('',(0.007723599779453,0.001595,0.00814));
#14099=CARTESIAN_POINT('',(0.0072525,0.001595,0.01236));
#14100=CARTESIAN_POINT('',(0.0072525,0.001595,0.00855));
#14101=CARTESIAN_POINT('',(0.0072525,0.001785,0.00855));
#14102=CARTESIAN_POINT('',(0.0072525,0.001785,0.00855));
#14103=CARTESIAN_POINT('',(0.0072525,0.001785,0.00814));
#14104=CARTESIAN_POINT('',(0.0072525,0.001595,0.00814));
#14105=CARTESIAN_POINT('',(0.0072525,0.001785,0.01236));
#14106=CARTESIAN_POINT('',(0.0072525,0.001785,0.00855));
#14107=CARTESIAN_POINT('',(0.007723599779453,0.001785,0.00855));
#14108=CARTESIAN_POINT('',(0.007723599779453,0.001785,0.00855));
#14109=CARTESIAN_POINT('',(0.007723599779453,0.001785,0.00814));
#14110=CARTESIAN_POINT('',(0.0072525,0.001785,0.00814));
#14111=CARTESIAN_POINT('',(0.007723599779453,0.001885,0.01236));
#14112=CARTESIAN_POINT('',(0.007723599779453,0.001885,0.00855));
#14113=CARTESIAN_POINT('',(0.00782208055475406,0.00186763518223299,0.00855));
#14114=CARTESIAN_POINT('',(0.007822080554754,0.001867635182233,0.00855));
#14115=CARTESIAN_POINT('',(0.00782208055475406,0.00186763518223299,0.00814));
#14116=CARTESIAN_POINT('',(0.007723599779453,0.001885,0.00814));
#14117=CARTESIAN_POINT('',(0.007822080554754,0.001867635182233,0.01236));
#14118=CARTESIAN_POINT('',(0.007822080554754,0.001867635182233,0.00855));
#14119=CARTESIAN_POINT('',(0.00791440575162708,0.00242535797152763,0.00855));
#14120=CARTESIAN_POINT('',(0.007914405751626,0.002425357971523,0.00855));
#14121=CARTESIAN_POINT('',(0.00791440575162708,0.00242535797152763,0.00814));
#14122=CARTESIAN_POINT('',(0.007822080554754,0.001867635182233,0.00814));
#14123=CARTESIAN_POINT('',(0.008101519224699,0.002392364817767,0.01236));
#14124=CARTESIAN_POINT('',(0.008101519224699,0.002392364817767,0.00982));
#14125=CARTESIAN_POINT('',(0.00810151922469895,0.00239236481776701,0.00982));
#14126=CARTESIAN_POINT('',(0.00800919402782559,0.00183464202847234,0.00982));
#14127=CARTESIAN_POINT('',(0.008009194027826,0.001834642028477,0.00982));
#14128=CARTESIAN_POINT('',(0.00800919402782559,0.00183464202847234,0.00941));
#14129=CARTESIAN_POINT('',(0.008101519224699,0.002392364817767,0.00941));
#14130=CARTESIAN_POINT('',(0.00810151922469895,0.00239236481776701,0.00941));
#14131=CARTESIAN_POINT('',(0.008101519224699,0.002392364817767,0.00982));
#14132=CARTESIAN_POINT('',(0.007723599779453,0.001885,0.01236));
#14133=CARTESIAN_POINT('',(0.007723599779453,0.001885,0.00982));
#14134=CARTESIAN_POINT('',(0.007723599779453,0.001595,0.00982));
#14135=CARTESIAN_POINT('',(0.007723599779453,0.001595,0.00982));
#14136=CARTESIAN_POINT('',(0.007723599779453,0.001595,0.00941));
#14137=CARTESIAN_POINT('',(0.007723599779453,0.001885,0.00941));
#14138=CARTESIAN_POINT('',(0.007723599779453,0.001595,0.01236));
#14139=CARTESIAN_POINT('',(0.007723599779453,0.001595,0.00982));
#14140=CARTESIAN_POINT('',(0.0072525,0.001595,0.00982));
#14141=CARTESIAN_POINT('',(0.0072525,0.001595,0.00982));
#14142=CARTESIAN_POINT('',(0.0072525,0.001595,0.00941));
#14143=CARTESIAN_POINT('',(0.007723599779453,0.001595,0.00941));
#14144=CARTESIAN_POINT('',(0.0072525,0.001595,0.01236));
#14145=CARTESIAN_POINT('',(0.0072525,0.001595,0.00982));
#14146=CARTESIAN_POINT('',(0.0072525,0.001785,0.00982));
#14147=CARTESIAN_POINT('',(0.0072525,0.001785,0.00982));
#14148=CARTESIAN_POINT('',(0.0072525,0.001785,0.00941));
#14149=CARTESIAN_POINT('',(0.0072525,0.001595,0.00941));
#14150=CARTESIAN_POINT('',(0.0072525,0.001785,0.01236));
#14151=CARTESIAN_POINT('',(0.0072525,0.001785,0.00982));
#14152=CARTESIAN_POINT('',(0.007723599779453,0.001785,0.00982));
#14153=CARTESIAN_POINT('',(0.007723599779453,0.001785,0.00982));
#14154=CARTESIAN_POINT('',(0.007723599779453,0.001785,0.00941));
#14155=CARTESIAN_POINT('',(0.0072525,0.001785,0.00941));
#14156=CARTESIAN_POINT('',(0.007723599779453,0.001885,0.01236));
#14157=CARTESIAN_POINT('',(0.007723599779453,0.001885,0.00982));
#14158=CARTESIAN_POINT('',(0.00782208055475406,0.00186763518223299,0.00982));
#14159=CARTESIAN_POINT('',(0.007822080554754,0.001867635182233,0.00982));
#14160=CARTESIAN_POINT('',(0.00782208055475406,0.00186763518223299,0.00941));
#14161=CARTESIAN_POINT('',(0.007723599779453,0.001885,0.00941));
#14162=CARTESIAN_POINT('',(0.007822080554754,0.001867635182233,0.01236));
#14163=CARTESIAN_POINT('',(0.007822080554754,0.001867635182233,0.00982));
#14164=CARTESIAN_POINT('',(0.00791440575162708,0.00242535797152763,0.00982));
#14165=CARTESIAN_POINT('',(0.007914405751626,0.002425357971523,0.00982));
#14166=CARTESIAN_POINT('',(0.00791440575162708,0.00242535797152763,0.00941));
#14167=CARTESIAN_POINT('',(0.007822080554754,0.001867635182233,0.00941));
#14168=CARTESIAN_POINT('',(0.0082,0.002375,0.01236));
#14169=CARTESIAN_POINT('',(0.0082,0.002375,0.00982));
#14170=CARTESIAN_POINT('',(0.0082,0.002665,0.00982));
#14171=CARTESIAN_POINT('',(0.0082,0.002665,0.00982));
#14172=CARTESIAN_POINT('',(0.0082,0.002665,0.00941));
#14173=CARTESIAN_POINT('',(0.0082,0.002375,0.00941));
#14174=CARTESIAN_POINT('',(0.008101519224699,0.002392364817767,0.01236));
#14175=CARTESIAN_POINT('',(0.008101519224699,0.002392364817767,0.01109));
#14176=CARTESIAN_POINT('',(0.00810151922469895,0.00239236481776701,0.01109));
#14177=CARTESIAN_POINT('',(0.00800919402782559,0.00183464202847234,0.01109));
#14178=CARTESIAN_POINT('',(0.008009194027826,0.001834642028477,0.01109));
#14179=CARTESIAN_POINT('',(0.00800919402782559,0.00183464202847234,0.01068));
#14180=CARTESIAN_POINT('',(0.008101519224699,0.002392364817767,0.01068));
#14181=CARTESIAN_POINT('',(0.00810151922469895,0.00239236481776701,0.01068));
#14182=CARTESIAN_POINT('',(0.008101519224699,0.002392364817767,0.01109));
#14183=CARTESIAN_POINT('',(0.007723599779453,0.001885,0.01236));
#14184=CARTESIAN_POINT('',(0.007723599779453,0.001885,0.01109));
#14185=CARTESIAN_POINT('',(0.007723599779453,0.001595,0.01109));
#14186=CARTESIAN_POINT('',(0.007723599779453,0.001595,0.01109));
#14187=CARTESIAN_POINT('',(0.007723599779453,0.001595,0.01068));
#14188=CARTESIAN_POINT('',(0.007723599779453,0.001885,0.01068));
#14189=CARTESIAN_POINT('',(0.007723599779453,0.001595,0.01236));
#14190=CARTESIAN_POINT('',(0.007723599779453,0.001595,0.01109));
#14191=CARTESIAN_POINT('',(0.0072525,0.001595,0.01109));
#14192=CARTESIAN_POINT('',(0.0072525,0.001595,0.01109));
#14193=CARTESIAN_POINT('',(0.0072525,0.001595,0.01068));
#14194=CARTESIAN_POINT('',(0.007723599779453,0.001595,0.01068));
#14195=CARTESIAN_POINT('',(0.0072525,0.001595,0.01236));
#14196=CARTESIAN_POINT('',(0.0072525,0.001595,0.01109));
#14197=CARTESIAN_POINT('',(0.0072525,0.001785,0.01109));
#14198=CARTESIAN_POINT('',(0.0072525,0.001785,0.01109));
#14199=CARTESIAN_POINT('',(0.0072525,0.001785,0.01068));
#14200=CARTESIAN_POINT('',(0.0072525,0.001595,0.01068));
#14201=CARTESIAN_POINT('',(0.0072525,0.001785,0.01236));
#14202=CARTESIAN_POINT('',(0.0072525,0.001785,0.01109));
#14203=CARTESIAN_POINT('',(0.007723599779453,0.001785,0.01109));
#14204=CARTESIAN_POINT('',(0.007723599779453,0.001785,0.01109));
#14205=CARTESIAN_POINT('',(0.007723599779453,0.001785,0.01068));
#14206=CARTESIAN_POINT('',(0.0072525,0.001785,0.01068));
#14207=CARTESIAN_POINT('',(0.007723599779453,0.001885,0.01236));
#14208=CARTESIAN_POINT('',(0.007723599779453,0.001885,0.01109));
#14209=CARTESIAN_POINT('',(0.00782208055475406,0.00186763518223299,0.01109));
#14210=CARTESIAN_POINT('',(0.007822080554754,0.001867635182233,0.01109));
#14211=CARTESIAN_POINT('',(0.00782208055475406,0.00186763518223299,0.01068));
#14212=CARTESIAN_POINT('',(0.007723599779453,0.001885,0.01068));
#14213=CARTESIAN_POINT('',(0.007822080554754,0.001867635182233,0.01236));
#14214=CARTESIAN_POINT('',(0.007822080554754,0.001867635182233,0.01109));
#14215=CARTESIAN_POINT('',(0.00791440575162708,0.00242535797152763,0.01109));
#14216=CARTESIAN_POINT('',(0.007914405751626,0.002425357971523,0.01109));
#14217=CARTESIAN_POINT('',(0.00791440575162708,0.00242535797152763,0.01068));
#14218=CARTESIAN_POINT('',(0.007822080554754,0.001867635182233,0.01068));
#14219=CARTESIAN_POINT('',(0.0082,0.002375,0.01236));
#14220=CARTESIAN_POINT('',(0.0082,0.002375,0.01109));
#14221=CARTESIAN_POINT('',(0.0082,0.002665,0.01109));
#14222=CARTESIAN_POINT('',(0.0082,0.002665,0.01109));
#14223=CARTESIAN_POINT('',(0.0082,0.002665,0.01068));
#14224=CARTESIAN_POINT('',(0.0082,0.002375,0.01068));
#14225=CARTESIAN_POINT('',(0.008101519224699,0.002392364817767,0.01236));
#14226=CARTESIAN_POINT('',(0.008101519224699,0.002392364817767,0.01236));
#14227=CARTESIAN_POINT('',(0.008101519224699,0.002392364817767,0.01236));
#14228=CARTESIAN_POINT('',(0.008009194027826,0.001834642028477,0.01236));
#14229=CARTESIAN_POINT('',(0.008009194027826,0.001834642028477,0.01236));
#14230=CARTESIAN_POINT('',(0.008009194027826,0.001834642028477,0.01195));
#14231=CARTESIAN_POINT('',(0.008101519224699,0.002392364817767,0.01195));
#14232=CARTESIAN_POINT('',(0.008101519224699,0.002392364817767,0.01195));
#14233=CARTESIAN_POINT('',(0.008101519224699,0.002392364817767,0.01236));
#14234=CARTESIAN_POINT('',(0.007723599779453,0.001885,0.01236));
#14235=CARTESIAN_POINT('',(0.007723599779453,0.001885,0.01236));
#14236=CARTESIAN_POINT('',(0.007723599779453,0.001595,0.01236));
#14237=CARTESIAN_POINT('',(0.007723599779453,0.001595,0.01236));
#14238=CARTESIAN_POINT('',(0.007723599779453,0.001595,0.01195));
#14239=CARTESIAN_POINT('',(0.007723599779453,0.001885,0.01195));
#14240=CARTESIAN_POINT('',(0.007723599779453,0.001595,0.01236));
#14241=CARTESIAN_POINT('',(0.007723599779453,0.001595,0.01236));
#14242=CARTESIAN_POINT('',(0.0072525,0.001595,0.01236));
#14243=CARTESIAN_POINT('',(0.0072525,0.001595,0.01236));
#14244=CARTESIAN_POINT('',(0.0072525,0.001595,0.01195));
#14245=CARTESIAN_POINT('',(0.007723599779453,0.001595,0.01195));
#14246=CARTESIAN_POINT('',(0.0072525,0.001595,0.01236));
#14247=CARTESIAN_POINT('',(0.0072525,0.001595,0.01236));
#14248=CARTESIAN_POINT('',(0.0072525,0.001785,0.01236));
#14249=CARTESIAN_POINT('',(0.0072525,0.001785,0.01236));
#14250=CARTESIAN_POINT('',(0.0072525,0.001785,0.01195));
#14251=CARTESIAN_POINT('',(0.0072525,0.001595,0.01195));
#14252=CARTESIAN_POINT('',(0.0072525,0.001785,0.01236));
#14253=CARTESIAN_POINT('',(0.0072525,0.001785,0.01236));
#14254=CARTESIAN_POINT('',(0.007723599779453,0.001785,0.01236));
#14255=CARTESIAN_POINT('',(0.007723599779453,0.001785,0.01236));
#14256=CARTESIAN_POINT('',(0.007723599779453,0.001785,0.01195));
#14257=CARTESIAN_POINT('',(0.0072525,0.001785,0.01195));
#14258=CARTESIAN_POINT('',(0.007723599779453,0.001885,0.01236));
#14259=CARTESIAN_POINT('',(0.007723599779453,0.001885,0.01236));
#14260=CARTESIAN_POINT('',(0.007822080554754,0.001867635182233,0.01236));
#14261=CARTESIAN_POINT('',(0.007822080554754,0.001867635182233,0.01236));
#14262=CARTESIAN_POINT('',(0.007822080554754,0.001867635182233,0.01195));
#14263=CARTESIAN_POINT('',(0.007723599779453,0.001885,0.01195));
#14264=CARTESIAN_POINT('',(0.007822080554754,0.001867635182233,0.01236));
#14265=CARTESIAN_POINT('',(0.007822080554754,0.001867635182233,0.01236));
#14266=CARTESIAN_POINT('',(0.007914405751626,0.002425357971523,0.01236));
#14267=CARTESIAN_POINT('',(0.007914405751626,0.002425357971523,0.01236));
#14268=CARTESIAN_POINT('',(0.007914405751626,0.002425357971523,0.01195));
#14269=CARTESIAN_POINT('',(0.007822080554754,0.001867635182233,0.01195));
#14270=CARTESIAN_POINT('',(0.0082,0.002375,0.01236));
#14271=CARTESIAN_POINT('',(0.0082,0.002375,0.01236));
#14272=CARTESIAN_POINT('',(0.0082,0.002665,0.01236));
#14273=CARTESIAN_POINT('',(0.0082,0.002665,0.01236));
#14274=CARTESIAN_POINT('',(0.0082,0.002665,0.01195));
#14275=CARTESIAN_POINT('',(0.0082,0.002375,0.01195));
#14276=CARTESIAN_POINT('',(0.0119875,0.002665,0.0126275));
#14277=CARTESIAN_POINT('',(0.0119566150341365,0.003055,0.0125657300682735));
#14278=CARTESIAN_POINT('',(0.0119875,0.002665,0.0126275));
#14279=CARTESIAN_POINT('',(0.011925730068273,0.003445,0.012503960136547));
#14280=CARTESIAN_POINT('',(0.011925730068273,0.003445,0.012503960136547));
#14281=CARTESIAN_POINT('',(0.008574269931727,0.003445,0.012503960136547));
#14282=CARTESIAN_POINT('',(0.0085433849658635,0.003055,0.0125657300682735));
#14283=CARTESIAN_POINT('',(0.0085125,0.002665,0.0126275));
#14284=CARTESIAN_POINT('',(0.0119875,0.002665,0.0126275));
#14285=CARTESIAN_POINT('',(0.0122999838547082,0.002375,0.01195));
#14286=CARTESIAN_POINT('',(0.0122999838547082,0.002375,0.00814));
#14287=CARTESIAN_POINT('',(0.0123,0.00266499999977529,0.00814));
#14288=CARTESIAN_POINT('',(0.0123,0.002665,0.00814));
#14289=CARTESIAN_POINT('',(0.0123,0.00266499999977529,0.00855));
#14290=CARTESIAN_POINT('',(0.0122999838547082,0.002375,0.00855));
#14291=CARTESIAN_POINT('',(0.012125,0.002665,0.01249));
#14292=CARTESIAN_POINT('',(0.0120632300682735,0.003055,0.0124591150341365));
#14293=CARTESIAN_POINT('',(0.012125,0.002665,0.01249));
#14294=CARTESIAN_POINT('',(0.012001460136547,0.003445,0.012428230068273));
#14295=CARTESIAN_POINT('',(0.012001460136547,0.003445,0.012428230068273));
#14296=CARTESIAN_POINT('',(0.012125,0.002665,0.01249));
#14297=CARTESIAN_POINT('',(0.0085125,0.002665,0.0126275));
#14298=CARTESIAN_POINT('',(0.008574269931727,0.003445,0.012503960136547));
#14299=CARTESIAN_POINT('',(0.008498539863453,0.003445,0.012428230068273));
#14300=CARTESIAN_POINT('',(0.0084367699317265,0.003055,0.0124591150341365));
#14301=CARTESIAN_POINT('',(0.008375,0.002665,0.01249));
#14302=CARTESIAN_POINT('',(0.0085125,0.002665,0.0126275));
#14303=CARTESIAN_POINT('',(0.008574269931727,0.003445,0.007996039863453));
#14304=CARTESIAN_POINT('',(0.008574269931727,0.003445,0.007996039863453));
#14305=CARTESIAN_POINT('',(0.008574269931727,0.003445,0.007996039863453));
#14306=CARTESIAN_POINT('',(0.011925730068273,0.003445,0.007996039863453));
#14307=CARTESIAN_POINT('',(0.008498539863453,0.003445,0.008071769931727));
#14308=CARTESIAN_POINT('',(0.008498539863453,0.003445,0.008071769931727));
#14309=CARTESIAN_POINT('',(0.008498539863453,0.003445,0.012428230068273));
#14310=CARTESIAN_POINT('',(0.012001460136547,0.003445,0.008071769931727));
#14311=CARTESIAN_POINT('',(0.012001460136547,0.003445,0.008071769931727));
#14312=CARTESIAN_POINT('',(0.011925730068273,0.003445,0.007996039863453));
#14313=CARTESIAN_POINT('',(0.0082,0.002375,0.01236));
#14314=CARTESIAN_POINT('',(0.0082,0.002375,0.00855));
#14315=CARTESIAN_POINT('',(0.0082,0.002665,0.00855));
#14316=CARTESIAN_POINT('',(0.0082,0.002665,0.00855));
#14317=CARTESIAN_POINT('',(0.0082,0.002665,0.00814));
#14318=CARTESIAN_POINT('',(0.0082,0.002375,0.00814));
#14319=CARTESIAN_POINT('',(0.00788571661642,0.002081745383416,0.01236));
#14320=CARTESIAN_POINT('',(0.0122,0.002373372691708,0.01236));
#14321=CARTESIAN_POINT('',(0.0122,0.002475,0.01236));
#14322=CARTESIAN_POINT('',(0.0122,0.002665,0.01236));
#14323=CARTESIAN_POINT('',(0.01205,0.002475,0.01236));
#14324=CARTESIAN_POINT('',(0.0123,0.002475,0.01236));
#14325=CARTESIAN_POINT('',(0.0123,0.002375,0.01236));
#14326=CARTESIAN_POINT('',(0.0123,0.002665,0.01236));
#14327=CARTESIAN_POINT('',(0.0123,0.002375,0.01195));
#14328=CARTESIAN_POINT('',(0.0123,0.002375,0.01195));
#14329=CARTESIAN_POINT('',(0.0123,0.002475,0.01195));
#14330=CARTESIAN_POINT('',(0.0123,0.002475,0.01195));
#14331=CARTESIAN_POINT('',(0.00788571661642,0.002081745383416,0.01195));
#14332=CARTESIAN_POINT('',(0.0123,0.002665,0.01195));
#14333=CARTESIAN_POINT('',(0.0122,0.002665,0.01195));
#14334=CARTESIAN_POINT('',(0.01205,0.002475,0.01195));
#14335=CARTESIAN_POINT('',(0.0122,0.002475,0.01195));
#14336=CARTESIAN_POINT('',(0.0122,0.002373372691708,0.01195));
#14337=CARTESIAN_POINT('',(0.00788571661642,0.002081745383416,0.01109));
#14338=CARTESIAN_POINT('',(0.0122,0.002373372691708,0.01109));
#14339=CARTESIAN_POINT('',(0.0122,0.002475,0.01109));
#14340=CARTESIAN_POINT('',(0.0122,0.002665,0.01109));
#14341=CARTESIAN_POINT('',(0.01205,0.002475,0.01109));
#14342=CARTESIAN_POINT('',(0.0123,0.002475,0.01109));
#14343=CARTESIAN_POINT('',(0.0123,0.002375,0.01109));
#14344=CARTESIAN_POINT('',(0.0123,0.002665,0.01109));
#14345=CARTESIAN_POINT('',(0.0123,0.002375,0.01195));
#14346=CARTESIAN_POINT('',(0.0123,0.002375,0.01068));
#14347=CARTESIAN_POINT('',(0.0123,0.002475,0.01068));
#14348=CARTESIAN_POINT('',(0.0123,0.002475,0.01068));
#14349=CARTESIAN_POINT('',(0.00788571661642,0.002081745383416,0.01068));
#14350=CARTESIAN_POINT('',(0.0123,0.002665,0.01068));
#14351=CARTESIAN_POINT('',(0.0122,0.002665,0.01068));
#14352=CARTESIAN_POINT('',(0.01205,0.002475,0.01068));
#14353=CARTESIAN_POINT('',(0.0122,0.002475,0.01068));
#14354=CARTESIAN_POINT('',(0.0122,0.002373372691708,0.01068));
#14355=CARTESIAN_POINT('',(0.00788571661642,0.002081745383416,0.00982));
#14356=CARTESIAN_POINT('',(0.0122,0.002373372691708,0.00982));
#14357=CARTESIAN_POINT('',(0.0122,0.002475,0.00982));
#14358=CARTESIAN_POINT('',(0.0122,0.002665,0.00982));
#14359=CARTESIAN_POINT('',(0.01205,0.002475,0.00982));
#14360=CARTESIAN_POINT('',(0.0123,0.002475,0.00982));
#14361=CARTESIAN_POINT('',(0.0123,0.002375,0.00982));
#14362=CARTESIAN_POINT('',(0.0123,0.002665,0.00982));
#14363=CARTESIAN_POINT('',(0.0123,0.002375,0.01195));
#14364=CARTESIAN_POINT('',(0.0123,0.002375,0.00941));
#14365=CARTESIAN_POINT('',(0.0123,0.002475,0.00941));
#14366=CARTESIAN_POINT('',(0.0123,0.002475,0.00941));
#14367=CARTESIAN_POINT('',(0.00788571661642,0.002081745383416,0.00941));
#14368=CARTESIAN_POINT('',(0.0123,0.002665,0.00941));
#14369=CARTESIAN_POINT('',(0.0122,0.002665,0.00941));
#14370=CARTESIAN_POINT('',(0.01205,0.002475,0.00941));
#14371=CARTESIAN_POINT('',(0.0122,0.002475,0.00941));
#14372=CARTESIAN_POINT('',(0.0122,0.002373372691708,0.00941));
#14373=CARTESIAN_POINT('',(0.00788571661642,0.002081745383416,0.00855));
#14374=CARTESIAN_POINT('',(0.0122,0.002373372691708,0.00855));
#14375=CARTESIAN_POINT('',(0.0122,0.002475,0.00855));
#14376=CARTESIAN_POINT('',(0.0122,0.002665,0.00855));
#14377=CARTESIAN_POINT('',(0.01205,0.002475,0.00855));
#14378=CARTESIAN_POINT('',(0.0123,0.002475,0.00855));
#14379=CARTESIAN_POINT('',(0.0123,0.002375,0.00855));
#14380=CARTESIAN_POINT('',(0.0123,0.002665,0.00855));
#14381=CARTESIAN_POINT('',(0.0123,0.002375,0.01195));
#14382=CARTESIAN_POINT('',(0.0123,0.002375,0.00814));
#14383=CARTESIAN_POINT('',(0.0123,0.002475,0.00814));
#14384=CARTESIAN_POINT('',(0.0123,0.002475,0.00814));
#14385=CARTESIAN_POINT('',(0.00788571661642,0.002081745383416,0.00814));
#14386=CARTESIAN_POINT('',(0.0123,0.002665,0.00814));
#14387=CARTESIAN_POINT('',(0.0122,0.002665,0.00814));
#14388=CARTESIAN_POINT('',(0.01205,0.002475,0.00814));
#14389=CARTESIAN_POINT('',(0.0122,0.002475,0.00814));
#14390=CARTESIAN_POINT('',(0.0122,0.002373372691708,0.00814));
#14391=CARTESIAN_POINT('',(0.00788571661642,0.002081745383416,0.00814));
#14392=CARTESIAN_POINT('',(0.0083,0.002373372691708,0.00814));
#14393=CARTESIAN_POINT('',(0.0083,0.002475,0.00814));
#14394=CARTESIAN_POINT('',(0.0083,0.002665,0.00814));
#14395=CARTESIAN_POINT('',(0.00845,0.002475,0.00814));
#14396=CARTESIAN_POINT('',(0.0082,0.002475,0.00814));
#14397=CARTESIAN_POINT('',(0.0082,0.002375,0.00814));
#14398=CARTESIAN_POINT('',(0.0082,0.002665,0.00814));
#14399=CARTESIAN_POINT('',(0.0082,0.002375,0.01236));
#14400=CARTESIAN_POINT('',(0.0082,0.002375,0.00855));
#14401=CARTESIAN_POINT('',(0.0082,0.002475,0.00855));
#14402=CARTESIAN_POINT('',(0.0082,0.002475,0.00855));
#14403=CARTESIAN_POINT('',(0.00788571661642,0.002081745383416,0.00855));
#14404=CARTESIAN_POINT('',(0.0082,0.002665,0.00855));
#14405=CARTESIAN_POINT('',(0.0083,0.002665,0.00855));
#14406=CARTESIAN_POINT('',(0.00845,0.002475,0.00855));
#14407=CARTESIAN_POINT('',(0.0083,0.002475,0.00855));
#14408=CARTESIAN_POINT('',(0.0083,0.002373372691708,0.00855));
#14409=CARTESIAN_POINT('',(0.00788571661642,0.002081745383416,0.00941));
#14410=CARTESIAN_POINT('',(0.0083,0.002373372691708,0.00941));
#14411=CARTESIAN_POINT('',(0.0083,0.002475,0.00941));
#14412=CARTESIAN_POINT('',(0.0083,0.002665,0.00941));
#14413=CARTESIAN_POINT('',(0.00845,0.002475,0.00941));
#14414=CARTESIAN_POINT('',(0.0082,0.002475,0.00941));
#14415=CARTESIAN_POINT('',(0.0082,0.002375,0.00941));
#14416=CARTESIAN_POINT('',(0.0082,0.002665,0.00941));
#14417=CARTESIAN_POINT('',(0.0082,0.002375,0.01236));
#14418=CARTESIAN_POINT('',(0.0082,0.002375,0.00982));
#14419=CARTESIAN_POINT('',(0.0082,0.002475,0.00982));
#14420=CARTESIAN_POINT('',(0.0082,0.002475,0.00982));
#14421=CARTESIAN_POINT('',(0.00788571661642,0.002081745383416,0.00982));
#14422=CARTESIAN_POINT('',(0.0082,0.002665,0.00982));
#14423=CARTESIAN_POINT('',(0.0083,0.002665,0.00982));
#14424=CARTESIAN_POINT('',(0.00845,0.002475,0.00982));
#14425=CARTESIAN_POINT('',(0.0083,0.002475,0.00982));
#14426=CARTESIAN_POINT('',(0.0083,0.002373372691708,0.00982));
#14427=CARTESIAN_POINT('',(0.00788571661642,0.002081745383416,0.01068));
#14428=CARTESIAN_POINT('',(0.0083,0.002373372691708,0.01068));
#14429=CARTESIAN_POINT('',(0.0083,0.002475,0.01068));
#14430=CARTESIAN_POINT('',(0.0083,0.002665,0.01068));
#14431=CARTESIAN_POINT('',(0.00845,0.002475,0.01068));
#14432=CARTESIAN_POINT('',(0.0082,0.002475,0.01068));
#14433=CARTESIAN_POINT('',(0.0082,0.002375,0.01068));
#14434=CARTESIAN_POINT('',(0.0082,0.002665,0.01068));
#14435=CARTESIAN_POINT('',(0.0082,0.002375,0.01236));
#14436=CARTESIAN_POINT('',(0.0082,0.002375,0.01109));
#14437=CARTESIAN_POINT('',(0.0082,0.002475,0.01109));
#14438=CARTESIAN_POINT('',(0.0082,0.002475,0.01109));
#14439=CARTESIAN_POINT('',(0.00788571661642,0.002081745383416,0.01109));
#14440=CARTESIAN_POINT('',(0.0082,0.002665,0.01109));
#14441=CARTESIAN_POINT('',(0.0083,0.002665,0.01109));
#14442=CARTESIAN_POINT('',(0.00845,0.002475,0.01109));
#14443=CARTESIAN_POINT('',(0.0083,0.002475,0.01109));
#14444=CARTESIAN_POINT('',(0.0083,0.002373372691708,0.01109));
#14445=CARTESIAN_POINT('',(0.00788571661642,0.002081745383416,0.01195));
#14446=CARTESIAN_POINT('',(0.0083,0.002373372691708,0.01195));
#14447=CARTESIAN_POINT('',(0.0083,0.002475,0.01195));
#14448=CARTESIAN_POINT('',(0.0083,0.002665,0.01195));
#14449=CARTESIAN_POINT('',(0.00845,0.002475,0.01195));
#14450=CARTESIAN_POINT('',(0.0082,0.002475,0.01195));
#14451=CARTESIAN_POINT('',(0.0082,0.002375,0.01195));
#14452=CARTESIAN_POINT('',(0.0082,0.002665,0.01195));
#14453=CARTESIAN_POINT('',(0.0082,0.002375,0.01236));
#14454=CARTESIAN_POINT('',(0.0082,0.002375,0.01236));
#14455=CARTESIAN_POINT('',(0.0082,0.002475,0.01236));
#14456=CARTESIAN_POINT('',(0.0082,0.002475,0.01236));
#14457=CARTESIAN_POINT('',(0.00788571661642,0.002081745383416,0.01236));
#14458=CARTESIAN_POINT('',(0.0082,0.002665,0.01236));
#14459=CARTESIAN_POINT('',(0.0083,0.002665,0.01236));
#14460=CARTESIAN_POINT('',(0.00845,0.002475,0.01236));
#14461=CARTESIAN_POINT('',(0.0083,0.002475,0.01236));
#14462=CARTESIAN_POINT('',(0.0083,0.002373372691708,0.01236));
#14463=CARTESIAN_POINT('',(0.012125,0.002665,0.00801));
#14464=CARTESIAN_POINT('',(0.0120632300682735,0.003055,0.0080408849658635));
#14465=CARTESIAN_POINT('',(0.012125,0.002665,0.00801));
#14466=CARTESIAN_POINT('',(0.012125,0.002665,0.00801));
#14467=CARTESIAN_POINT('',(0.0119875,0.002665,0.0078725));
#14468=CARTESIAN_POINT('',(0.0119566150341365,0.003055,0.0079342699317265));
#14469=CARTESIAN_POINT('',(0.0119875,0.002665,0.0078725));
#14470=CARTESIAN_POINT('',(0.0119875,0.002665,0.0078725));
#14471=CARTESIAN_POINT('',(0.0085125,0.002665,0.0078725));
#14472=CARTESIAN_POINT('',(0.0085433849658635,0.003055,0.0079342699317265));
#14473=CARTESIAN_POINT('',(0.0085125,0.002665,0.0078725));
#14474=CARTESIAN_POINT('',(0.0085125,0.002665,0.0078725));
#14475=CARTESIAN_POINT('',(0.008375,0.002665,0.00801));
#14476=CARTESIAN_POINT('',(0.0084367699317265,0.003055,0.0080408849658635));
#14477=CARTESIAN_POINT('',(0.008375,0.002665,0.00801));
#14478=CARTESIAN_POINT('',(0.008375,0.002665,0.00801));
#14479=CARTESIAN_POINT('',(0.008375,0.002665,0.01249));
#14480=CARTESIAN_POINT('',(0.008375,0.002665,0.01249));
#14481=CARTESIAN_POINT('',(0.012025,0.002665,0.0127025));
#14482=CARTESIAN_POINT('',(0.012025,0.002665,0.0127025));
#14483=CARTESIAN_POINT('',(0.012025,0.002475,0.0127025));
#14484=CARTESIAN_POINT('',(0.012025,0.002665,0.0127025));
#14485=CARTESIAN_POINT('',(0.012025,0.002665,0.0127025));
#14486=CARTESIAN_POINT('',(0.008475,0.002665,0.0127025));
#14487=CARTESIAN_POINT('',(0.008475,0.002665,0.0127025));
#14488=CARTESIAN_POINT('',(0.008475,0.002475,0.0127025));
#14489=CARTESIAN_POINT('',(0.012025,0.002475,0.0127025));
#14490=CARTESIAN_POINT('',(0.0122,0.002665,0.0125275));
#14491=CARTESIAN_POINT('',(0.0122,0.002665,0.0125275));
#14492=CARTESIAN_POINT('',(0.0122,0.002475,0.0125275));
#14493=CARTESIAN_POINT('',(0.0122,0.002665,0.0125275));
#14494=CARTESIAN_POINT('',(0.0122,0.002665,0.0125275));
#14495=CARTESIAN_POINT('',(0.0122,0.002475,0.0125275));
#14496=CARTESIAN_POINT('',(0.008475,0.002665,0.0127025));
#14497=CARTESIAN_POINT('',(0.008475,0.002665,0.0127025));
#14498=CARTESIAN_POINT('',(0.0083,0.002665,0.0125275));
#14499=CARTESIAN_POINT('',(0.0083,0.002665,0.0125275));
#14500=CARTESIAN_POINT('',(0.0083,0.002475,0.0125275));
#14501=CARTESIAN_POINT('',(0.008475,0.002475,0.0127025));
#14502=CARTESIAN_POINT('',(0.0122,0.002665,0.0079725));
#14503=CARTESIAN_POINT('',(0.0122,0.002665,0.0079725));
#14504=CARTESIAN_POINT('',(0.0122,0.002475,0.0079725));
#14505=CARTESIAN_POINT('',(0.00845,0.002475,0.01236));
#14506=CARTESIAN_POINT('',(0.0122,0.002475,0.0079725));
#14507=CARTESIAN_POINT('',(0.0122,0.002665,0.0079725));
#14508=CARTESIAN_POINT('',(0.0122,0.002665,0.0079725));
#14509=CARTESIAN_POINT('',(0.0122,0.002475,0.0079725));
#14510=CARTESIAN_POINT('',(0.00845,0.002475,0.01236));
#14511=CARTESIAN_POINT('',(0.0122,0.002475,0.0079725));
#14512=CARTESIAN_POINT('',(0.0122,0.002665,0.0079725));
#14513=CARTESIAN_POINT('',(0.0122,0.002665,0.0079725));
#14514=CARTESIAN_POINT('',(0.0122,0.002475,0.0079725));
#14515=CARTESIAN_POINT('',(0.00845,0.002475,0.01236));
#14516=CARTESIAN_POINT('',(0.0122,0.002475,0.0079725));
#14517=CARTESIAN_POINT('',(0.0122,0.002665,0.0079725));
#14518=CARTESIAN_POINT('',(0.0122,0.002665,0.0079725));
#14519=CARTESIAN_POINT('',(0.0122,0.002475,0.0079725));
#14520=CARTESIAN_POINT('',(0.00845,0.002475,0.01236));
#14521=CARTESIAN_POINT('',(0.0122,0.002475,0.0079725));
#14522=CARTESIAN_POINT('',(0.0122,0.002665,0.0079725));
#14523=CARTESIAN_POINT('',(0.0122,0.002665,0.0079725));
#14524=CARTESIAN_POINT('',(0.0122,0.002665,0.0079725));
#14525=CARTESIAN_POINT('',(0.0122,0.002475,0.0079725));
#14526=CARTESIAN_POINT('',(0.0122,0.002475,0.0079725));
#14527=CARTESIAN_POINT('',(0.0122,0.002665,0.0079725));
#14528=CARTESIAN_POINT('',(0.0083,0.002665,0.0125275));
#14529=CARTESIAN_POINT('',(0.0083,0.002665,0.0125275));
#14530=CARTESIAN_POINT('',(0.0083,0.002665,0.0079725));
#14531=CARTESIAN_POINT('',(0.0083,0.002665,0.0079725));
#14532=CARTESIAN_POINT('',(0.0083,0.002475,0.0079725));
#14533=CARTESIAN_POINT('',(0.0083,0.002475,0.0125275));
#14534=CARTESIAN_POINT('',(0.00845,0.002475,0.01236));
#14535=CARTESIAN_POINT('',(0.0083,0.002475,0.0125275));
#14536=CARTESIAN_POINT('',(0.0083,0.002665,0.0125275));
#14537=CARTESIAN_POINT('',(0.0083,0.002665,0.0125275));
#14538=CARTESIAN_POINT('',(0.0083,0.002475,0.0125275));
#14539=CARTESIAN_POINT('',(0.00845,0.002475,0.01236));
#14540=CARTESIAN_POINT('',(0.0083,0.002475,0.0125275));
#14541=CARTESIAN_POINT('',(0.0083,0.002665,0.0125275));
#14542=CARTESIAN_POINT('',(0.0083,0.002665,0.0125275));
#14543=CARTESIAN_POINT('',(0.0083,0.002475,0.0125275));
#14544=CARTESIAN_POINT('',(0.00845,0.002475,0.01236));
#14545=CARTESIAN_POINT('',(0.0083,0.002475,0.0125275));
#14546=CARTESIAN_POINT('',(0.0083,0.002665,0.0125275));
#14547=CARTESIAN_POINT('',(0.0083,0.002665,0.0125275));
#14548=CARTESIAN_POINT('',(0.0083,0.002475,0.0125275));
#14549=CARTESIAN_POINT('',(0.00845,0.002475,0.01236));
#14550=CARTESIAN_POINT('',(0.0083,0.002475,0.0125275));
#14551=CARTESIAN_POINT('',(0.0083,0.002665,0.0125275));
#14552=CARTESIAN_POINT('',(0.0083,0.002665,0.0125275));
#14553=CARTESIAN_POINT('',(0.0083,0.002475,0.0125275));
#14554=CARTESIAN_POINT('',(0.0083,0.002665,0.0079725));
#14555=CARTESIAN_POINT('',(0.0083,0.002665,0.0079725));
#14556=CARTESIAN_POINT('',(0.008475,0.002665,0.0077975));
#14557=CARTESIAN_POINT('',(0.008475,0.002665,0.0077975));
#14558=CARTESIAN_POINT('',(0.008475,0.002475,0.0077975));
#14559=CARTESIAN_POINT('',(0.0083,0.002475,0.0079725));
#14560=CARTESIAN_POINT('',(0.01025,0.002665,0.007835));
#14561=CARTESIAN_POINT('',(0.012025,0.002665,0.0077975));
#14562=CARTESIAN_POINT('',(0.012025,0.002665,0.0077975));
#14563=CARTESIAN_POINT('',(0.008475,0.002665,0.0077975));
#14564=CARTESIAN_POINT('',(0.012025,0.002665,0.0077975));
#14565=CARTESIAN_POINT('',(0.012025,0.002665,0.0077975));
#14566=CARTESIAN_POINT('',(0.012025,0.002475,0.0077975));
#14567=CARTESIAN_POINT('',(0.012025,0.002475,0.0077975));
#14568=CARTESIAN_POINT('',(0.011963230068273,0.001695,0.012578960136547));
#14569=CARTESIAN_POINT('',(0.0119941150341365,0.002085,0.0126407300682735));
#14570=CARTESIAN_POINT('',(0.011963230068273,0.001695,0.012578960136547));
#14571=CARTESIAN_POINT('',(0.0085058849658635,0.002085,0.0126407300682735));
#14572=CARTESIAN_POINT('',(0.008536769931727,0.001695,0.012578960136547));
#14573=CARTESIAN_POINT('',(0.011963230068273,0.001695,0.012578960136547));
#14574=CARTESIAN_POINT('',(0.012076460136547,0.001695,0.012465730068273));
#14575=CARTESIAN_POINT('',(0.0121382300682735,0.002085,0.0124966150341365));
#14576=CARTESIAN_POINT('',(0.012076460136547,0.001695,0.012465730068273));
#14577=CARTESIAN_POINT('',(0.012076460136547,0.001695,0.012465730068273));
#14578=CARTESIAN_POINT('',(0.008536769931727,0.001695,0.012578960136547));
#14579=CARTESIAN_POINT('',(0.0083617699317265,0.002085,0.0124966150341365));
#14580=CARTESIAN_POINT('',(0.008423539863453,0.001695,0.012465730068273));
#14581=CARTESIAN_POINT('',(0.008536769931727,0.001695,0.012578960136547));
#14582=CARTESIAN_POINT('',(0.012076460136547,0.001695,0.008034269931727));
#14583=CARTESIAN_POINT('',(0.0121382300682735,0.002085,0.0080033849658635));
#14584=CARTESIAN_POINT('',(0.012076460136547,0.001695,0.008034269931727));
#14585=CARTESIAN_POINT('',(0.012076460136547,0.001695,0.008034269931727));
#14586=CARTESIAN_POINT('',(0.008423539863453,0.001695,0.012465730068273));
#14587=CARTESIAN_POINT('',(0.0083617699317265,0.002085,0.0080033849658635));
#14588=CARTESIAN_POINT('',(0.008423539863453,0.001695,0.008034269931727));
#14589=CARTESIAN_POINT('',(0.008423539863453,0.001695,0.012465730068273));
#14590=CARTESIAN_POINT('',(0.008423539863453,0.001695,0.008034269931727));
#14591=CARTESIAN_POINT('',(0.0085058849658635,0.002085,0.0078592699317265));
#14592=CARTESIAN_POINT('',(0.008536769931727,0.001695,0.007921039863453));
#14593=CARTESIAN_POINT('',(0.008423539863453,0.001695,0.008034269931727));
#14594=CARTESIAN_POINT('',(0.008475,0.002665,0.0077975));
#14595=CARTESIAN_POINT('',(0.008475,0.002475,0.0077975));
#14596=CARTESIAN_POINT('',(0.011963230068273,0.001695,0.007921039863453));
#14597=CARTESIAN_POINT('',(0.0119941150341365,0.002085,0.0078592699317265));
#14598=CARTESIAN_POINT('',(0.011963230068273,0.001695,0.007921039863453));
#14599=CARTESIAN_POINT('',(0.011963230068273,0.001695,0.007921039863453));
#14600=CARTESIAN_POINT('',(0.008536769931727,0.001695,0.007921039863453));
#14601=CARTESIAN_POINT('',(0.008536769931727,0.001695,0.007921039863453));
#14602=CARTESIAN_POINT('',(0.008536769931727,0.001695,0.007921039863453));
#14603=CARTESIAN_POINT('',(0.,0.,0.));
#14604=CARTESIAN_POINT('',(0.0039,0.001915,0.01275));
#14605=CARTESIAN_POINT('',(0.00425,0.001915,0.01275));
#14606=CARTESIAN_POINT('',(0.0039,0.001915,0.01275));
#14607=CARTESIAN_POINT('',(0.00425,-0.00136,0.01205));
#14608=CARTESIAN_POINT('',(0.00451139577554013,-0.00121642500851684,0.0128962464316406));
#14609=CARTESIAN_POINT('',(0.0039,-0.00136665266263901,0.012749968386486));
#14610=CARTESIAN_POINT('',(0.00390006670685333,-0.00136000013333333,0.01274316696645));
#14611=CARTESIAN_POINT('',(0.0039,-0.001366652658542,0.0127499683865249));
#14612=CARTESIAN_POINT('',(0.003900000000198,-0.001368992540107,0.0127523722684601));
#14613=CARTESIAN_POINT('',(0.003900021019871,-0.001371329303566,0.012754783400288));
#14614=CARTESIAN_POINT('',(0.003900063641433,-0.001373662740356,0.0127572019929282));
#14615=CARTESIAN_POINT('',(0.003900128468283,-0.001375992626767,0.0127596282557122));
#14616=CARTESIAN_POINT('',(0.003900307625246,-0.001380746825412,0.012764603279282));
#14617=CARTESIAN_POINT('',(0.00390042400202,-0.001383170797538,0.0127671527459561));
#14618=CARTESIAN_POINT('',(0.003900565965557,-0.001385590368805,0.0127697110329607));
#14619=CARTESIAN_POINT('',(0.003900734255584,-0.001388005246083,0.0127722783741378));
#14620=CARTESIAN_POINT('',(0.003901134493152,-0.001392941742246,0.0127775564656682));
#14621=CARTESIAN_POINT('',(0.003901369130384,-0.001395462863271,0.012780268137154));
#14622=CARTESIAN_POINT('',(0.003901634438902,-0.001397978115288,0.01278299028166));
#14623=CARTESIAN_POINT('',(0.003901931345688,-0.001400487104172,0.0127857231605444));
#14624=CARTESIAN_POINT('',(0.003902608168913,-0.001405627480049,0.0127913597830656));
#14625=CARTESIAN_POINT('',(0.003902991716059,-0.001408258120229,0.0127942647510103));
#14626=CARTESIAN_POINT('',(0.003903412593889,-0.001410880826242,0.0127971822343111));
#14627=CARTESIAN_POINT('',(0.003903871994752,-0.001413495051383,0.0128001125232264));
#14628=CARTESIAN_POINT('',(0.003904901222033,-0.001418866498096,0.0128061813422871));
#14629=CARTESIAN_POINT('',(0.003905476122274,-0.001421622560008,0.0128093215399519));
#14630=CARTESIAN_POINT('',(0.00390609736749,-0.001424367675068,0.0128124768268116));
#14631=CARTESIAN_POINT('',(0.003906766541126,-0.001427101054783,0.0128156475180074));
#14632=CARTESIAN_POINT('',(0.003908256012478,-0.001432739175868,0.0128222504994583));
#14633=CARTESIAN_POINT('',(0.003909083736842,-0.001435642026872,0.0128256851369798));
#14634=CARTESIAN_POINT('',(0.003909970543783,-0.001438529321568,0.0128291381849792));
#14635=CARTESIAN_POINT('',(0.003910918622362,-0.001441399863989,0.0128326099630982));
#14636=CARTESIAN_POINT('',(0.003913030323043,-0.001447353925539,0.0128398964152311));
#14637=CARTESIAN_POINT('',(0.003914205539802,-0.001450434140952,0.012843714547222));
#14638=CARTESIAN_POINT('',(0.003915458926211,-0.001453491272395,0.0128475555000706));
#14639=CARTESIAN_POINT('',(0.003916793671816,-0.00145652337765,0.01285141952688));
#14640=CARTESIAN_POINT('',(0.003919790660082,-0.001462867605697,0.012859626665));
#14641=CARTESIAN_POINT('',(0.003921472817271,-0.001466173317587,0.012863975215338));
#14642=CARTESIAN_POINT('',(0.003923264310064,-0.001469442424477,0.012868352645262));
#14643=CARTESIAN_POINT('',(0.003925170134525,-0.00147267144393,0.012872758895553));
#14644=CARTESIAN_POINT('',(0.003929535222358,-0.00147953528708,0.012882316126102));
#14645=CARTESIAN_POINT('',(0.003932034456131,-0.00148315533824,0.01288747656886));
#14646=CARTESIAN_POINT('',(0.00393470156697,-0.001486710447066,0.012892674495926));
#14647=CARTESIAN_POINT('',(0.003937545269933,-0.00149019328505,0.012897908540493));
#14648=CARTESIAN_POINT('',(0.003944393536752,-0.001497883685173,0.012909816841149));
#14649=CARTESIAN_POINT('',(0.003948507299508,-0.001502043520249,0.012916510772384));
#14650=CARTESIAN_POINT('',(0.003952934855045,-0.001506057702561,0.01292325398461));
#14651=CARTESIAN_POINT('',(0.003957694382476,-0.001509904976251,0.012930037751437));
#14652=CARTESIAN_POINT('',(0.00396981961372,-0.001518579243064,0.012946202492471));
#14653=CARTESIAN_POINT('',(0.003977494158636,-0.00152323531565,0.012955606656142));
#14654=CARTESIAN_POINT('',(0.003985871109093,-0.001527463679084,0.012965027553918));
#14655=CARTESIAN_POINT('',(0.003994981699058,-0.001531176904472,0.012974400753815));
#14656=CARTESIAN_POINT('',(0.004013836355419,-0.001537150582979,0.012992115090832));
#14657=CARTESIAN_POINT('',(0.004023472115913,-0.001539505444241,0.013000481144964));
#14658=CARTESIAN_POINT('',(0.00403369000531,-0.001541285747369,0.013008648157105));
#14659=CARTESIAN_POINT('',(0.004044425355854,-0.001542429173465,0.013016514518106));
#14660=CARTESIAN_POINT('',(0.004066983071709,-0.00154342910641,0.013031664230299));
#14661=CARTESIAN_POINT('',(0.004078842459138,-0.0015432467872,0.013038932649209));
#14662=CARTESIAN_POINT('',(0.004090978418434,-0.001542357903501,0.013045679119569));
#14663=CARTESIAN_POINT('',(0.004103252838095,-0.001540798330851,0.013051850356535));
#14664=CARTESIAN_POINT('',(0.004126293218527,-0.001536734036753,0.013062308030444));
#14665=CARTESIAN_POINT('',(0.004137061070368,-0.001534370158765,0.013066735211925));
#14666=CARTESIAN_POINT('',(0.004147763055118,-0.001531580595429,0.013070697681459));
#14667=CARTESIAN_POINT('',(0.00415834551903469,-0.001528415161827,0.013074209469366));
#14668=CARTESIAN_POINT('',(0.00417703802676331,-0.001522145923632,0.013079732762806));
#14669=CARTESIAN_POINT('',(0.00418520499395859,-0.001519165937582,0.013081904394772));
#14670=CARTESIAN_POINT('',(0.00419325997078232,-0.001515998772814,0.013083816690022));
#14671=CARTESIAN_POINT('',(0.00420119292828956,-0.001512664222946,0.013085482372057));
#14672=CARTESIAN_POINT('',(0.00421751174593964,-0.001505377566165,0.013088475454756));
#14673=CARTESIAN_POINT('',(0.00422587308065942,-0.001501397045775,0.0130897584199));
#14674=CARTESIAN_POINT('',(0.00423407628786032,-0.001497258743072,0.013090779576393));
#14675=CARTESIAN_POINT('',(0.00424211841586991,-0.00149298080848,0.013091554503685));
#14676=CARTESIAN_POINT('',(0.00425,-0.001488578028761,0.013092097735589));
#14677=CARTESIAN_POINT('',(0.00425,-0.00148857802876103,0.013092097735589));
#14678=CARTESIAN_POINT('',(0.00425,-0.001488578028761,0.013092097735589));
#14679=CARTESIAN_POINT('',(0.00425591527894188,-0.001491882398762,0.013091690029703));
#14680=CARTESIAN_POINT('',(0.0042619173512055,-0.001495114400352,0.013091152050827));
#14681=CARTESIAN_POINT('',(0.00426800598199145,-0.001498267857309,0.01309047802971));
#14682=CARTESIAN_POINT('',(0.0042741799836399,-0.001501335646331,0.013089661885102));
#14683=CARTESIAN_POINT('',(0.00428750037857635,-0.00150766680523,0.013087608314108));
#14684=CARTESIAN_POINT('',(0.00429466943637624,-0.001510904448975,0.013086330241233));
#14685=CARTESIAN_POINT('',(0.004301941413888,-0.001514010953294,0.013084853678298));
#14686=CARTESIAN_POINT('',(0.00430931041622369,-0.001516972952534,0.013083169514473));
#14687=CARTESIAN_POINT('',(0.00432559063755891,-0.001523091097621,0.013079020087614));
#14688=CARTESIAN_POINT('',(0.00433453682834395,-0.001526183379541,0.013076468384872));
#14689=CARTESIAN_POINT('',(0.00434359123730673,-0.001529027548043,0.013073599488582));
#14690=CARTESIAN_POINT('',(0.004352729882915,-0.0015315949941,0.013070401051297));
#14691=CARTESIAN_POINT('',(0.004373609579579,-0.001536737300235,0.013062373009836));
#14692=CARTESIAN_POINT('',(0.004385383377474,-0.00153912408448,0.013057335587075));
#14693=CARTESIAN_POINT('',(0.004397161662725,-0.001540959532819,0.013051748743208));
#14694=CARTESIAN_POINT('',(0.004408843082499,-0.001542189675591,0.013045624864843));
#14695=CARTESIAN_POINT('',(0.004431673376213,-0.00154339165469,0.013032471466311));
#14696=CARTESIAN_POINT('',(0.004442828683199,-0.001543374172164,0.013025448426972));
#14697=CARTESIAN_POINT('',(0.004453653627016,-0.001542720003999,0.013018006700399));
#14698=CARTESIAN_POINT('',(0.004464047252013,-0.001541443395267,0.013010224317792));
#14699=CARTESIAN_POINT('',(0.004484472954759,-0.001537623150526,0.012993641207171));
#14700=CARTESIAN_POINT('',(0.004494435202559,-0.001534999724543,0.012984805910928));
#14701=CARTESIAN_POINT('',(0.004503739903612,-0.001531783252095,0.012975800353227));
#14702=CARTESIAN_POINT('',(0.004512377323574,-0.001528055439188,0.012966709625938));
#14703=CARTESIAN_POINT('',(0.004527381814037,-0.001520222886524,0.012949577660786));
#14704=CARTESIAN_POINT('',(0.004533897265545,-0.001516218621076,0.012941542735377));
#14705=CARTESIAN_POINT('',(0.004539923221329,-0.001511920910183,0.012933523172274));
#14706=CARTESIAN_POINT('',(0.004545484600339,-0.001507372284964,0.012925543860206));
#14707=CARTESIAN_POINT('',(0.004554307518722,-0.001499165526186,0.01291189867971));
#14708=CARTESIAN_POINT('',(0.004557778179824,-0.00149561204251,0.012906207280298));
#14709=CARTESIAN_POINT('',(0.004561031616801,-0.00149195769128,0.012900549490747));
#14710=CARTESIAN_POINT('',(0.004564078205567,-0.001488213244793,0.012894928916447));
#14711=CARTESIAN_POINT('',(0.004569314972084,-0.001481184031881,0.012884673350294));
#14712=CARTESIAN_POINT('',(0.004571563815714,-0.00147792352933,0.012880026737047));
#14713=CARTESIAN_POINT('',(0.004573680758309,-0.001474611481287,0.012875408804553));
#14714=CARTESIAN_POINT('',(0.004575671503307,-0.001471252517649,0.012870820257278));
#14715=CARTESIAN_POINT('',(0.004579196814684,-0.001464839146613,0.012862225653615));
#14716=CARTESIAN_POINT('',(0.004580757507428,-0.001461794049784,0.012858213209598));
#14717=CARTESIAN_POINT('',(0.00458222730186,-0.001458718072419,0.012854224172869));
#14718=CARTESIAN_POINT('',(0.004583609747335,-0.001455613666432,0.012850258547633));
#14719=CARTESIAN_POINT('',(0.00458609083917,-0.001449631484252,0.012842725369148));
#14720=CARTESIAN_POINT('',(0.00458720379955,-0.001446758195114,0.0128391538632657));
#14721=CARTESIAN_POINT('',(0.004588249600673,-0.001443864732946,0.0128356015253807));
#14722=CARTESIAN_POINT('',(0.004589230636914,-0.001440952559729,0.0128320681593123));
#14723=CARTESIAN_POINT('',(0.004591000411168,-0.001435308007242,0.0128252963093479));
#14724=CARTESIAN_POINT('',(0.004591797972223,-0.001432578089672,0.0128220551893376));
#14725=CARTESIAN_POINT('',(0.004592543651766,-0.001429834258614,0.0128188299217062));
#14726=CARTESIAN_POINT('',(0.004593239159949,-0.001427077456594,0.0128156202583064));
#14727=CARTESIAN_POINT('',(0.004594492702272,-0.001421712401651,0.0128094309151325));
#14728=CARTESIAN_POINT('',(0.004595056607563,-0.00141910561673,0.0128064493845953));
#14729=CARTESIAN_POINT('',(0.004595579169731,-0.001416488878036,0.0128034810916402));
#14730=CARTESIAN_POINT('',(0.004596061663792,-0.001413862828178,0.0128005257858025));
#14731=CARTESIAN_POINT('',(0.004596924752784,-0.001408736943737,0.0127948010640997));
#14732=CARTESIAN_POINT('',(0.004597309470015,-0.001406238036186,0.0127920302999345));
#14733=CARTESIAN_POINT('',(0.004597660481421,-0.001403731823886,0.012789270679843));
#14734=CARTESIAN_POINT('',(0.004597978770137,-0.001401218763932,0.0127865219678576));
#14735=CARTESIAN_POINT('',(0.004598537874674,-0.001396302090733,0.0127811787816329));
#14736=CARTESIAN_POINT('',(0.004598781701658,-0.001393899087232,0.012778583297861));
#14737=CARTESIAN_POINT('',(0.004598997567195,-0.001391490626906,0.0127759972558038));
#14738=CARTESIAN_POINT('',(0.004599186250286,-0.001389077045938,0.0127734204388206));
#14739=CARTESIAN_POINT('',(0.00459950363588,-0.001384346269663,0.0127683973661417));
#14740=CARTESIAN_POINT('',(0.004599634605311,-0.001382029487297,0.0127659503387859));
#14741=CARTESIAN_POINT('',(0.004599742061371,-0.001379708579807,0.0127635113489035));
#14742=CARTESIAN_POINT('',(0.004599826635416,-0.001377383801255,0.0127610801994725));
#14743=CARTESIAN_POINT('',(0.004599969205717,-0.001372055406696,0.0127555341855986));
#14744=CARTESIAN_POINT('',(0.004600012501572,-0.001369049392585,0.0127524243645194));
#14745=CARTESIAN_POINT('',(0.004600020124614,-0.001366037850429,0.0127493267991391));
#14746=CARTESIAN_POINT('',(0.004599993322152,-0.001363021244798,0.0127462410557798));
#14747=CARTESIAN_POINT('',(0.004599933287848,-0.00136,0.012743166695095));
#14748=CARTESIAN_POINT('',(0.00459993329182198,-0.0013600002,0.0127431668986112));
#14749=CARTESIAN_POINT('',(0.00425,-0.00136,0.01275));
#14750=CARTESIAN_POINT('',(0.00425,0.001915,0.01275));
#14751=CARTESIAN_POINT('',(0.003900066704204,-0.0013600004,0.0127431671021275));
#14752=CARTESIAN_POINT('',(0.003900701250299,-0.001328064901708,0.0127106701351707));
#14753=CARTESIAN_POINT('',(0.003904766896189,-0.001295450831285,0.0126791524466388));
#14754=CARTESIAN_POINT('',(0.003911923628445,-0.00126249001877,0.012648708649008));
#14755=CARTESIAN_POINT('',(0.003921970149908,-0.001229457340554,0.012619487439155));
#14756=CARTESIAN_POINT('',(0.003934728024303,-0.001196587685525,0.012591632106066));
#14757=CARTESIAN_POINT('',(0.003950066638762,-0.001164076982656,0.012565291876839));
#14758=CARTESIAN_POINT('',(0.003967883496966,-0.001132089675655,0.012540612240504));
#14759=CARTESIAN_POINT('',(0.003999412524917,-0.001083351266657,0.012505063339835));
#14760=CARTESIAN_POINT('',(0.004011421349993,-0.001066160266835,0.012492940947258));
#14761=CARTESIAN_POINT('',(0.004024165994218,-0.001049215857022,0.012481425513967));
#14762=CARTESIAN_POINT('',(0.004037636057728,-0.001032550680762,0.012470554806178));
#14763=CARTESIAN_POINT('',(0.004051821222924,-0.001016200559769,0.012460371595707));
#14764=CARTESIAN_POINT('',(0.004066711108137,-0.001000204470007,0.012450923653781));
#14765=CARTESIAN_POINT('',(0.004082295861603,-0.000984604907251,0.012442264615313));
#14766=CARTESIAN_POINT('',(0.004115125492073,-0.000954025644098,0.01242650938421));
#14767=CARTESIAN_POINT('',(0.004132386912714,-0.00093906910555,0.012419447282895));
#14768=CARTESIAN_POINT('',(0.00415034721807631,-0.000924622539313,0.0124133296788));
#14769=CARTESIAN_POINT('',(0.00416899593308789,-0.000910744518961,0.012408232287186));
#14770=CARTESIAN_POINT('',(0.00418831489398368,-0.000897506080026,0.01240424265652));
#14771=CARTESIAN_POINT('',(0.00420827794271313,-0.000884990647598,0.012401460218355));
#14772=CARTESIAN_POINT('',(0.00422885206899188,-0.000873296490335,0.0124));
#14773=CARTESIAN_POINT('',(0.00425,-0.000862541700853,0.0124));
#14774=CARTESIAN_POINT('',(0.00425,-0.000862541700853,0.0124));
#14775=CARTESIAN_POINT('',(0.00425,-0.000862541700853,0.0124));
#14776=CARTESIAN_POINT('',(0.00428971742515395,-0.000882740014633,0.0124));
#14777=CARTESIAN_POINT('',(0.00432733712444893,-0.000906214135298,0.012405150479773));
#14778=CARTESIAN_POINT('',(0.004362737515263,-0.000932216713637,0.012414503150237));
#14779=CARTESIAN_POINT('',(0.004395719280081,-0.000960262882434,0.012427495241348));
#14780=CARTESIAN_POINT('',(0.004426179468945,-0.000989916341251,0.012443584552261));
#14781=CARTESIAN_POINT('',(0.004454045554846,-0.001020865369022,0.01246238290755));
#14782=CARTESIAN_POINT('',(0.004479296458832,-0.001052870802918,0.012483573218841));
#14783=CARTESIAN_POINT('',(0.004524455894736,-0.001118714126399,0.012530388128931));
#14784=CARTESIAN_POINT('',(0.004544280030762,-0.00115240748944,0.012555902937334));
#14785=CARTESIAN_POINT('',(0.004561354582404,-0.001186748947318,0.012583337938862));
#14786=CARTESIAN_POINT('',(0.004575562723812,-0.001221545215709,0.012612515436093));
#14787=CARTESIAN_POINT('',(0.004586757995991,-0.001256567751395,0.012643253617184));
#14788=CARTESIAN_POINT('',(0.004594733230572,-0.001291542566949,0.0126753817523152));
#14789=CARTESIAN_POINT('',(0.004599260691764,-0.001326149518108,0.0127087210765711));
#14790=CARTESIAN_POINT('',(0.004599933295796,-0.0013600004,0.0127431671021275));
#14791=CARTESIAN_POINT('',(0.0026875,-0.003935,0.01025));
#14792=CARTESIAN_POINT('',(0.00425,-0.003935,0.01025));
#14793=CARTESIAN_POINT('',(0.00425,-0.001488578028761,0.007407902264411));
#14794=CARTESIAN_POINT('',(0.0046,-0.001366652658542,0.007750031613475));
#14795=CARTESIAN_POINT('',(0.004599999999802,-0.001368992540107,0.00774762773154));
#14796=CARTESIAN_POINT('',(0.004599978980129,-0.001371329303566,0.007745216599712));
#14797=CARTESIAN_POINT('',(0.004599936358567,-0.001373662740356,0.007742798007072));
#14798=CARTESIAN_POINT('',(0.004599871531717,-0.001375992626767,0.007740371744288));
#14799=CARTESIAN_POINT('',(0.004599692374754,-0.001380746825412,0.007735396720718));
#14800=CARTESIAN_POINT('',(0.00459957599798,-0.001383170797538,0.007732847254044));
#14801=CARTESIAN_POINT('',(0.004599434034443,-0.001385590368805,0.007730288967039));
#14802=CARTESIAN_POINT('',(0.004599265744416,-0.001388005246083,0.007727721625862));
#14803=CARTESIAN_POINT('',(0.004598865506848,-0.001392941742246,0.007722443534332));
#14804=CARTESIAN_POINT('',(0.004598630869616,-0.001395462863271,0.007719731862846));
#14805=CARTESIAN_POINT('',(0.004598365561098,-0.001397978115288,0.00771700971834));
#14806=CARTESIAN_POINT('',(0.004598068654312,-0.001400487104172,0.007714276839456));
#14807=CARTESIAN_POINT('',(0.004597391831087,-0.001405627480049,0.007708640216934));
#14808=CARTESIAN_POINT('',(0.004597008283941,-0.001408258120229,0.00770573524899));
#14809=CARTESIAN_POINT('',(0.004596587406111,-0.001410880826242,0.007702817765689));
#14810=CARTESIAN_POINT('',(0.004596128005248,-0.001413495051383,0.007699887476774));
#14811=CARTESIAN_POINT('',(0.004595098777967,-0.001418866498096,0.007693818657713));
#14812=CARTESIAN_POINT('',(0.004594523877726,-0.001421622560008,0.007690678460048));
#14813=CARTESIAN_POINT('',(0.00459390263251,-0.001424367675068,0.007687523173188));
#14814=CARTESIAN_POINT('',(0.004593233458874,-0.001427101054783,0.007684352481993));
#14815=CARTESIAN_POINT('',(0.004591743987522,-0.001432739175868,0.007677749500542));
#14816=CARTESIAN_POINT('',(0.004590916263158,-0.001435642026872,0.00767431486302));
#14817=CARTESIAN_POINT('',(0.004590029456217,-0.001438529321568,0.007670861815021));
#14818=CARTESIAN_POINT('',(0.004589081377638,-0.001441399863989,0.007667390036902));
#14819=CARTESIAN_POINT('',(0.004586969676957,-0.001447353925539,0.007660103584769));
#14820=CARTESIAN_POINT('',(0.004585794460198,-0.001450434140952,0.007656285452778));
#14821=CARTESIAN_POINT('',(0.004584541073789,-0.001453491272395,0.007652444499929));
#14822=CARTESIAN_POINT('',(0.004583206328184,-0.00145652337765,0.00764858047312));
#14823=CARTESIAN_POINT('',(0.004580209339918,-0.001462867605697,0.007640373335));
#14824=CARTESIAN_POINT('',(0.004578527182729,-0.001466173317587,0.007636024784662));
#14825=CARTESIAN_POINT('',(0.004576735689936,-0.001469442424477,0.007631647354738));
#14826=CARTESIAN_POINT('',(0.004574829865475,-0.00147267144393,0.007627241104447));
#14827=CARTESIAN_POINT('',(0.004570464777642,-0.00147953528708,0.007617683873898));
#14828=CARTESIAN_POINT('',(0.004567965543869,-0.00148315533824,0.00761252343114));
#14829=CARTESIAN_POINT('',(0.00456529843303,-0.001486710447066,0.007607325504074));
#14830=CARTESIAN_POINT('',(0.004562454730067,-0.00149019328505,0.007602091459507));
#14831=CARTESIAN_POINT('',(0.004555606463248,-0.001497883685173,0.007590183158851));
#14832=CARTESIAN_POINT('',(0.004551492700492,-0.001502043520249,0.007583489227617));
#14833=CARTESIAN_POINT('',(0.004547065144955,-0.001506057702561,0.00757674601539));
#14834=CARTESIAN_POINT('',(0.004542305617524,-0.001509904976251,0.007569962248563));
#14835=CARTESIAN_POINT('',(0.00453018038628,-0.001518579243064,0.007553797507529));
#14836=CARTESIAN_POINT('',(0.004522505841364,-0.00152323531565,0.007544393343858));
#14837=CARTESIAN_POINT('',(0.004514128890907,-0.001527463679084,0.007534972446082));
#14838=CARTESIAN_POINT('',(0.004505018300942,-0.001531176904472,0.007525599246185));
#14839=CARTESIAN_POINT('',(0.004486163644581,-0.001537150582979,0.007507884909168));
#14840=CARTESIAN_POINT('',(0.004476527884087,-0.001539505444241,0.007499518855036));
#14841=CARTESIAN_POINT('',(0.004466309994689,-0.001541285747369,0.007491351842895));
#14842=CARTESIAN_POINT('',(0.004455574644146,-0.001542429173465,0.007483485481893));
#14843=CARTESIAN_POINT('',(0.00443301692829,-0.00154342910641,0.0074683357697));
#14844=CARTESIAN_POINT('',(0.004421157540862,-0.0015432467872,0.007461067350791));
#14845=CARTESIAN_POINT('',(0.004409021581565,-0.001542357903501,0.007454320880431));
#14846=CARTESIAN_POINT('',(0.004396747161905,-0.001540798330851,0.007448149643465));
#14847=CARTESIAN_POINT('',(0.004373706781473,-0.001536734036753,0.007437691969555));
#14848=CARTESIAN_POINT('',(0.004362938929632,-0.001534370158765,0.007433264788075));
#14849=CARTESIAN_POINT('',(0.004352236944882,-0.001531580595429,0.007429302318541));
#14850=CARTESIAN_POINT('',(0.0043416544809648,-0.001528415161827,0.007425790530634));
#14851=CARTESIAN_POINT('',(0.00432296197323624,-0.001522145923632,0.007420267237193));
#14852=CARTESIAN_POINT('',(0.00431479500604098,-0.001519165937582,0.007418095605228));
#14853=CARTESIAN_POINT('',(0.00430674002921726,-0.001515998772814,0.007416183309978));
#14854=CARTESIAN_POINT('',(0.00429880707171004,-0.001512664222946,0.007414517627943));
#14855=CARTESIAN_POINT('',(0.00428248825406006,-0.001505377566165,0.007411524545243));
#14856=CARTESIAN_POINT('',(0.00427412691934036,-0.001501397045775,0.0074102415801));
#14857=CARTESIAN_POINT('',(0.00426592371213953,-0.001497258743072,0.007409220423607));
#14858=CARTESIAN_POINT('',(0.00425788158413002,-0.00149298080848,0.007408445496315));
#14859=CARTESIAN_POINT('',(0.00425,-0.001488578028761,0.007407902264411));
#14860=CARTESIAN_POINT('',(0.0046,-0.001366652658542,0.007750031613475));
#14861=CARTESIAN_POINT('',(0.00398860421803593,-0.00121642500849483,0.0076037535682769));
#14862=CARTESIAN_POINT('',(0.004599933287848,-0.00136,0.007756833304905));
#14863=CARTESIAN_POINT('',(0.004599933295796,-0.0013600004,0.007756832897873));
#14864=CARTESIAN_POINT('',(0.004599298749701,-0.001328064901708,0.007789329864829));
#14865=CARTESIAN_POINT('',(0.004595233103811,-0.001295450831285,0.007820847553362));
#14866=CARTESIAN_POINT('',(0.004588076371555,-0.00126249001877,0.007851291350993));
#14867=CARTESIAN_POINT('',(0.004578029850092,-0.001229457340553,0.007880512560846));
#14868=CARTESIAN_POINT('',(0.004565271975697,-0.001196587685524,0.007908367893934));
#14869=CARTESIAN_POINT('',(0.004549933361237,-0.001164076982655,0.007934708123163));
#14870=CARTESIAN_POINT('',(0.004532116503034,-0.001132089675653,0.007959387759497));
#14871=CARTESIAN_POINT('',(0.004500587475082,-0.001083351266654,0.007994936660167));
#14872=CARTESIAN_POINT('',(0.004488578650005,-0.001066160266832,0.008007059052744));
#14873=CARTESIAN_POINT('',(0.004475834005779,-0.001049215857019,0.008018574486035));
#14874=CARTESIAN_POINT('',(0.004462363942269,-0.001032550680758,0.008029445193825));
#14875=CARTESIAN_POINT('',(0.004448178777072,-0.001016200559765,0.008039628404296));
#14876=CARTESIAN_POINT('',(0.004433288891859,-0.001000204470002,0.008049076346222));
#14877=CARTESIAN_POINT('',(0.004417704138392,-0.000984604907246,0.00805773538469));
#14878=CARTESIAN_POINT('',(0.004384874507921,-0.000954025644093,0.008073490615792));
#14879=CARTESIAN_POINT('',(0.004367613087281,-0.000939069105546,0.008080552717107));
#14880=CARTESIAN_POINT('',(0.00434965278191929,-0.00092462253931,0.008086670321201));
#14881=CARTESIAN_POINT('',(0.00433100406690846,-0.000910744518959,0.008091767712815));
#14882=CARTESIAN_POINT('',(0.00431168510601349,-0.000897506080024,0.00809575734348));
#14883=CARTESIAN_POINT('',(0.00429172205728493,-0.000884990647597,0.008098539781645));
#14884=CARTESIAN_POINT('',(0.00427114793100712,-0.000873296490334,0.0081));
#14885=CARTESIAN_POINT('',(0.00425,-0.000862541700853,0.0081));
#14886=CARTESIAN_POINT('',(0.00425,-0.000862541700853,0.0081));
#14887=CARTESIAN_POINT('',(0.00425,-0.003935,0.01025));
#14888=CARTESIAN_POINT('',(0.0058125,-0.003935,0.01025));
#14889=CARTESIAN_POINT('',(0.00425,-0.001488578028761,0.007407902264411));
#14890=CARTESIAN_POINT('',(0.00424408472105812,-0.001491882398762,0.007408309970297));
#14891=CARTESIAN_POINT('',(0.0042380826487945,-0.001495114400352,0.007408847949173));
#14892=CARTESIAN_POINT('',(0.00423199401800855,-0.001498267857309,0.00740952197029));
#14893=CARTESIAN_POINT('',(0.0042258200163601,-0.001501335646331,0.007410338114898));
#14894=CARTESIAN_POINT('',(0.00421249962142365,-0.00150766680523,0.007412391685892));
#14895=CARTESIAN_POINT('',(0.00420533056362375,-0.001510904448975,0.007413669758767));
#14896=CARTESIAN_POINT('',(0.004198058586112,-0.001514010953294,0.007415146321702));
#14897=CARTESIAN_POINT('',(0.0041906895837763,-0.001516972952534,0.007416830485527));
#14898=CARTESIAN_POINT('',(0.00417440936244108,-0.001523091097621,0.007420979912386));
#14899=CARTESIAN_POINT('',(0.00416546317165604,-0.001526183379541,0.007423531615128));
#14900=CARTESIAN_POINT('',(0.00415640876269327,-0.001529027548043,0.007426400511418));
#14901=CARTESIAN_POINT('',(0.004147270117085,-0.0015315949941,0.007429598948703));
#14902=CARTESIAN_POINT('',(0.004126390420421,-0.001536737300235,0.007437626990164));
#14903=CARTESIAN_POINT('',(0.004114616622526,-0.00153912408448,0.007442664412925));
#14904=CARTESIAN_POINT('',(0.004102838337275,-0.001540959532819,0.007448251256792));
#14905=CARTESIAN_POINT('',(0.004091156917501,-0.001542189675591,0.007454375135157));
#14906=CARTESIAN_POINT('',(0.004068326623787,-0.00154339165469,0.007467528533689));
#14907=CARTESIAN_POINT('',(0.004057171316801,-0.001543374172164,0.007474551573028));
#14908=CARTESIAN_POINT('',(0.004046346372983,-0.001542720003999,0.007481993299601));
#14909=CARTESIAN_POINT('',(0.004035952747986,-0.001541443395267,0.007489775682208));
#14910=CARTESIAN_POINT('',(0.004015527045241,-0.001537623150526,0.007506358792829));
#14911=CARTESIAN_POINT('',(0.004005564797441,-0.001534999724543,0.007515194089073));
#14912=CARTESIAN_POINT('',(0.003996260096388,-0.001531783252095,0.007524199646773));
#14913=CARTESIAN_POINT('',(0.003987622676426,-0.001528055439188,0.007533290374062));
#14914=CARTESIAN_POINT('',(0.003972618185962,-0.001520222886524,0.007550422339215));
#14915=CARTESIAN_POINT('',(0.003966102734454,-0.001516218621075,0.007558457264624));
#14916=CARTESIAN_POINT('',(0.003960076778671,-0.001511920910183,0.007566476827726));
#14917=CARTESIAN_POINT('',(0.003954515399661,-0.001507372284964,0.007574456139794));
#14918=CARTESIAN_POINT('',(0.003945692481277,-0.001499165526186,0.007588101320291));
#14919=CARTESIAN_POINT('',(0.003942221820175,-0.00149561204251,0.007593792719702));
#14920=CARTESIAN_POINT('',(0.003938968383199,-0.00149195769128,0.007599450509253));
#14921=CARTESIAN_POINT('',(0.003935921794433,-0.001488213244793,0.007605071083553));
#14922=CARTESIAN_POINT('',(0.003930685027916,-0.001481184031881,0.007615326649706));
#14923=CARTESIAN_POINT('',(0.003928436184286,-0.00147792352933,0.007619973262953));
#14924=CARTESIAN_POINT('',(0.003926319241691,-0.001474611481287,0.007624591195447));
#14925=CARTESIAN_POINT('',(0.003924328496693,-0.001471252517649,0.007629179742722));
#14926=CARTESIAN_POINT('',(0.003920803185316,-0.001464839146613,0.007637774346386));
#14927=CARTESIAN_POINT('',(0.003919242492572,-0.001461794049784,0.007641786790402));
#14928=CARTESIAN_POINT('',(0.00391777269814,-0.001458718072419,0.007645775827131));
#14929=CARTESIAN_POINT('',(0.003916390252665,-0.001455613666432,0.007649741452367));
#14930=CARTESIAN_POINT('',(0.00391390916083,-0.001449631484252,0.007657274630852));
#14931=CARTESIAN_POINT('',(0.00391279620045,-0.001446758195114,0.007660846136734));
#14932=CARTESIAN_POINT('',(0.003911750399327,-0.001443864732946,0.007664398474619));
#14933=CARTESIAN_POINT('',(0.003910769363086,-0.001440952559728,0.007667931840688));
#14934=CARTESIAN_POINT('',(0.003908999588832,-0.001435308007242,0.007674703690652));
#14935=CARTESIAN_POINT('',(0.003908202027777,-0.001432578089672,0.007677944810663));
#14936=CARTESIAN_POINT('',(0.003907456348234,-0.001429834258614,0.007681170078294));
#14937=CARTESIAN_POINT('',(0.003906760840051,-0.001427077456594,0.007684379741694));
#14938=CARTESIAN_POINT('',(0.003905507297728,-0.001421712401651,0.007690569084868));
#14939=CARTESIAN_POINT('',(0.003904943392437,-0.00141910561673,0.007693550615405));
#14940=CARTESIAN_POINT('',(0.003904420830269,-0.001416488878036,0.00769651890836));
#14941=CARTESIAN_POINT('',(0.003903938336208,-0.001413862828178,0.007699474214198));
#14942=CARTESIAN_POINT('',(0.003903075247216,-0.001408736943737,0.0077051989359));
#14943=CARTESIAN_POINT('',(0.003902690529985,-0.001406238036186,0.007707969700066));
#14944=CARTESIAN_POINT('',(0.003902339518579,-0.001403731823886,0.007710729320157));
#14945=CARTESIAN_POINT('',(0.003902021229863,-0.001401218763932,0.007713478032143));
#14946=CARTESIAN_POINT('',(0.003901462125326,-0.001396302090733,0.007718821218367));
#14947=CARTESIAN_POINT('',(0.003901218298342,-0.001393899087232,0.007721416702139));
#14948=CARTESIAN_POINT('',(0.003901002432805,-0.001391490626906,0.007724002744196));
#14949=CARTESIAN_POINT('',(0.003900813749714,-0.001389077045938,0.00772657956118));
#14950=CARTESIAN_POINT('',(0.00390049636412,-0.001384346269663,0.007731602633858));
#14951=CARTESIAN_POINT('',(0.003900365394689,-0.001382029487297,0.007734049661214));
#14952=CARTESIAN_POINT('',(0.003900257938629,-0.001379708579807,0.007736488651097));
#14953=CARTESIAN_POINT('',(0.003900173364584,-0.001377383801255,0.007738919800528));
#14954=CARTESIAN_POINT('',(0.003900030794283,-0.001372055406696,0.007744465814401));
#14955=CARTESIAN_POINT('',(0.003899987498428,-0.001369049392585,0.007747575635481));
#14956=CARTESIAN_POINT('',(0.003899979875386,-0.001366037850429,0.007750673200861));
#14957=CARTESIAN_POINT('',(0.003900006677848,-0.001363021244798,0.00775375894422));
#14958=CARTESIAN_POINT('',(0.003900066712152,-0.00136,0.007756833304905));
#14959=CARTESIAN_POINT('',(0.003900066712152,-0.00136,0.007756833304905));
#14960=CARTESIAN_POINT('',(0.00425,-0.000862541700853,0.0081));
#14961=CARTESIAN_POINT('',(0.00421028257484588,-0.000882740014633,0.0081));
#14962=CARTESIAN_POINT('',(0.00417266287555058,-0.000906214135299,0.008094849520227));
#14963=CARTESIAN_POINT('',(0.004137262484737,-0.000932216713637,0.008085496849762));
#14964=CARTESIAN_POINT('',(0.004104280719918,-0.000960262882435,0.008072504758652));
#14965=CARTESIAN_POINT('',(0.004073820531054,-0.000989916341251,0.008056415447738));
#14966=CARTESIAN_POINT('',(0.004045954445153,-0.001020865369023,0.008037617092449));
#14967=CARTESIAN_POINT('',(0.004020703541167,-0.001052870802919,0.008016426781158));
#14968=CARTESIAN_POINT('',(0.003975544105263,-0.0011187141264,0.007969611871068));
#14969=CARTESIAN_POINT('',(0.003955719969237,-0.001152407489441,0.007944097062665));
#14970=CARTESIAN_POINT('',(0.003938645417595,-0.001186748947318,0.007916662061137));
#14971=CARTESIAN_POINT('',(0.003924437276188,-0.001221545215709,0.007887484563906));
#14972=CARTESIAN_POINT('',(0.003913242004009,-0.001256567751395,0.007856746382815));
#14973=CARTESIAN_POINT('',(0.003905266769428,-0.001291542566949,0.007824618247684));
#14974=CARTESIAN_POINT('',(0.003900739308236,-0.001326149518108,0.007791278923429));
#14975=CARTESIAN_POINT('',(0.003900066704204,-0.0013600004,0.007756832897873));
#14976=CARTESIAN_POINT('',(0.00425,-0.00136,0.00845));
#14977=CARTESIAN_POINT('',(0.00425,-0.00136,0.00775));
#14978=CARTESIAN_POINT('',(0.00425,0.001915,0.00775));
#14979=CARTESIAN_POINT('',(0.00425,0.001915,0.00775));
#14980=CARTESIAN_POINT('',(0.0046,0.001915,0.00775));
#14981=CARTESIAN_POINT('',(0.0039,0.001915,0.01275));
#14982=CARTESIAN_POINT('',(0.,0.,0.));
#14983=CARTESIAN_POINT('',(0.,0.001545,0.));
#14984=CARTESIAN_POINT('',(0.015850003,0.001545,0.00725));
#14985=CARTESIAN_POINT('',(0.015987258,0.001545,0.00725));
#14986=CARTESIAN_POINT('',(0.016032631,0.001545,0.007488006));
#14987=CARTESIAN_POINT('',(0.016032631,0.001545,0.007488006));
#14988=CARTESIAN_POINT('',(0.016000003,0.001545,0.007506843));
#14989=CARTESIAN_POINT('',(0.015850003,0.001545,0.007250000187555));
#14990=CARTESIAN_POINT('',(0.015667375,0.001545,0.007488006));
#14991=CARTESIAN_POINT('',(0.015700003,0.001545,0.007506843));
#14992=CARTESIAN_POINT('',(0.015700003,0.001545,0.007506843));
#14993=CARTESIAN_POINT('',(0.015700003,0.001545,0.008719235));
#14994=CARTESIAN_POINT('',(0.015700003,0.001545,0.008719235));
#14995=CARTESIAN_POINT('',(0.013684238,0.001545,0.010735));
#14996=CARTESIAN_POINT('',(0.013684238,0.001545,0.010735));
#14997=CARTESIAN_POINT('',(0.012795736,0.001545,0.010737882));
#14998=CARTESIAN_POINT('',(0.012795736,0.001545,0.010737882));
#14999=CARTESIAN_POINT('',(0.012825,0.001545,0.010885));
#15000=CARTESIAN_POINT('',(0.012795736,0.001545,0.011032118));
#15001=CARTESIAN_POINT('',(0.013775634,0.001545,0.011032118));
#15002=CARTESIAN_POINT('',(0.013775634,0.001545,0.011032118));
#15003=CARTESIAN_POINT('',(0.013829705,0.001545,0.011009721));
#15004=CARTESIAN_POINT('',(0.0138297049999988,0.001545,0.0110097210000005));
#15005=CARTESIAN_POINT('',(0.0159747237499998,0.001545,0.00886470274999972));
#15006=CARTESIAN_POINT('',(0.015974724,0.001545,0.008864703));
#15007=CARTESIAN_POINT('',(0.015997121,0.001545,0.00881063));
#15008=CARTESIAN_POINT('',(0.015997121,0.001545,0.00881063));
#15009=CARTESIAN_POINT('',(0.016000003,0.001545,0.007506843));
#15010=CARTESIAN_POINT('',(0.,0.00151,0.));
#15011=CARTESIAN_POINT('',(0.015850003,0.00151,0.00725));
#15012=CARTESIAN_POINT('',(0.015987258,0.00151,0.00725));
#15013=CARTESIAN_POINT('',(0.016000003,0.00151,0.007506843));
#15014=CARTESIAN_POINT('',(0.016000003,0.00151,0.007506843));
#15015=CARTESIAN_POINT('',(0.015997121,0.00151,0.00881063));
#15016=CARTESIAN_POINT('',(0.015997121,0.00151,0.00881063));
#15017=CARTESIAN_POINT('',(0.015974724,0.00151,0.008864703));
#15018=CARTESIAN_POINT('',(0.0124197132499997,0.00151,0.0124197132499997));
#15019=CARTESIAN_POINT('',(0.0138297049999988,0.00151,0.0110097210000005));
#15020=CARTESIAN_POINT('',(0.013829705,0.00151,0.011009721));
#15021=CARTESIAN_POINT('',(0.013775634,0.00151,0.011032118));
#15022=CARTESIAN_POINT('',(0.013775634,0.00151,0.011032118));
#15023=CARTESIAN_POINT('',(0.012795736,0.00151,0.011032118));
#15024=CARTESIAN_POINT('',(0.012825,0.00151,0.010885));
#15025=CARTESIAN_POINT('',(0.012795736,0.00151,0.010737882));
#15026=CARTESIAN_POINT('',(0.012795736,0.00151,0.010737882));
#15027=CARTESIAN_POINT('',(0.013684238,0.00151,0.010735));
#15028=CARTESIAN_POINT('',(0.013684238,0.00151,0.010735));
#15029=CARTESIAN_POINT('',(0.015700003,0.00151,0.008719235));
#15030=CARTESIAN_POINT('',(0.015700003,0.00151,0.008719235));
#15031=CARTESIAN_POINT('',(0.015700003,0.00151,0.007506843));
#15032=CARTESIAN_POINT('',(0.015700003,0.00151,0.007506843));
#15033=CARTESIAN_POINT('',(0.015667375,0.00151,0.007488006));
#15034=CARTESIAN_POINT('',(0.015850003,0.00151,0.007250000187555));
#15035=CARTESIAN_POINT('',(0.016032631,0.00151,0.007488006));
#15036=CARTESIAN_POINT('',(0.016032631,0.00151,0.007488006));
#15037=CARTESIAN_POINT('',(0.015850003,0.00151,0.00725));
#15038=CARTESIAN_POINT('',(0.016032631,0.00151,0.007488006));
#15039=CARTESIAN_POINT('',(0.016032631,0.00151,0.007488006));
#15040=CARTESIAN_POINT('',(0.016000003,0.00151,0.007506843));
#15041=CARTESIAN_POINT('',(0.015850003,0.00151,0.007250000187555));
#15042=CARTESIAN_POINT('',(0.015667375,0.00151,0.007488006));
#15043=CARTESIAN_POINT('',(0.015700003,0.00151,0.007506843));
#15044=CARTESIAN_POINT('',(0.015700003,0.00151,0.007506843));
#15045=CARTESIAN_POINT('',(0.015700003,0.00151,0.008719235));
#15046=CARTESIAN_POINT('',(0.015700003,0.00151,0.008719235));
#15047=CARTESIAN_POINT('',(0.013684238,0.00151,0.010735));
#15048=CARTESIAN_POINT('',(0.013684238,0.00151,0.010735));
#15049=CARTESIAN_POINT('',(0.012795736,0.00151,0.010737882));
#15050=CARTESIAN_POINT('',(0.012795736,0.00151,0.010737882));
#15051=CARTESIAN_POINT('',(0.012825,0.00151,0.010885));
#15052=CARTESIAN_POINT('',(0.012795736,0.00151,0.011032118));
#15053=CARTESIAN_POINT('',(0.013775634,0.00151,0.011032118));
#15054=CARTESIAN_POINT('',(0.013775634,0.00151,0.011032118));
#15055=CARTESIAN_POINT('',(0.013829705,0.00151,0.011009721));
#15056=CARTESIAN_POINT('',(0.0138297058535541,0.00151,0.0110097206464454));
#15057=CARTESIAN_POINT('',(0.0159747237499998,0.00151,0.00886470274999972));
#15058=CARTESIAN_POINT('',(0.015974724353533,0.00151,0.00886470214646645));
#15059=CARTESIAN_POINT('',(0.015997121,0.00151,0.00881063));
#15060=CARTESIAN_POINT('',(0.015997121,0.00151,0.00881063));
#15061=CARTESIAN_POINT('',(0.016000003,0.00151,0.007506843));
#15062=CARTESIAN_POINT('',(0.,0.,0.));
#15063=CARTESIAN_POINT('',(0.,-3.5E-5,0.));
#15064=CARTESIAN_POINT('',(0.015850003,-3.5E-5,0.00725));
#15065=CARTESIAN_POINT('',(0.015987258,-3.5E-5,0.00725));
#15066=CARTESIAN_POINT('',(0.015850003,-3.5E-5,-0.000249996369741));
#15067=CARTESIAN_POINT('',(0.0157666670000006,-3.5E-5,-0.000374717000000566));
#15068=CARTESIAN_POINT('',(0.015997121,-3.5E-5,-0.000279261));
#15069=CARTESIAN_POINT('',(0.015997121,-3.5E-5,-0.000279261));
#15070=CARTESIAN_POINT('',(0.016000003,-3.5E-5,0.006993156));
#15071=CARTESIAN_POINT('',(0.016000003,-3.5E-5,0.006993156));
#15072=CARTESIAN_POINT('',(0.016032631,-3.5E-5,0.007011994));
#15073=CARTESIAN_POINT('',(0.015850003,-3.5E-5,0.007249999902914));
#15074=CARTESIAN_POINT('',(0.015667375,-3.5E-5,0.007011994));
#15075=CARTESIAN_POINT('',(0.015667375,-3.5E-5,0.007011994));
#15076=CARTESIAN_POINT('',(0.015700003,-3.5E-5,0.006993156));
#15077=CARTESIAN_POINT('',(0.015700003,-3.5E-5,0.006993156));
#15078=CARTESIAN_POINT('',(0.015702885,-3.5E-5,-0.000279261));
#15079=CARTESIAN_POINT('',(0.015702885,-3.5E-5,-0.000279261));
#15080=CARTESIAN_POINT('',(0.015725283,-3.5E-5,-0.000333333000000009));
#15081=CARTESIAN_POINT('',(0.015725283,-3.5E-5,-0.000333333));
#15082=CARTESIAN_POINT('',(0.,0.,0.));
#15083=CARTESIAN_POINT('',(0.015850003,0.,0.00725));
#15084=CARTESIAN_POINT('',(0.015987258,0.,0.00725));
#15085=CARTESIAN_POINT('',(0.015725283,0.,-0.000333333));
#15086=CARTESIAN_POINT('',(0.015725283,0.,-0.000333333000000009));
#15087=CARTESIAN_POINT('',(0.0157666670000006,0.,-0.000374717000000566));
#15088=CARTESIAN_POINT('',(0.015702885,0.,-0.000279261));
#15089=CARTESIAN_POINT('',(0.015702885,0.,-0.000279261));
#15090=CARTESIAN_POINT('',(0.015700003,0.,0.006993156));
#15091=CARTESIAN_POINT('',(0.015700003,0.,0.006993156));
#15092=CARTESIAN_POINT('',(0.015667375,0.,0.007011994));
#15093=CARTESIAN_POINT('',(0.015667375,0.,0.007011994));
#15094=CARTESIAN_POINT('',(0.015850003,0.,0.007249999902914));
#15095=CARTESIAN_POINT('',(0.016032631,0.,0.007011994));
#15096=CARTESIAN_POINT('',(0.016000003,0.,0.006993156));
#15097=CARTESIAN_POINT('',(0.016000003,0.,0.006993156));
#15098=CARTESIAN_POINT('',(0.015997121,0.,-0.000279261));
#15099=CARTESIAN_POINT('',(0.015997121,0.,-0.000279261));
#15100=CARTESIAN_POINT('',(0.015850003,0.,-0.000249996369741));
#15101=CARTESIAN_POINT('',(0.015850003,0.,0.00725));
#15102=CARTESIAN_POINT('',(0.015725283,0.,-0.000333333));
#15103=CARTESIAN_POINT('',(0.015766667,0.,-0.000374717));
#15104=CARTESIAN_POINT('',(0.015725283,0.,-0.000333333));
#15105=CARTESIAN_POINT('',(0.015702885,0.,-0.000279261));
#15106=CARTESIAN_POINT('',(0.015702885,0.,-0.000279261));
#15107=CARTESIAN_POINT('',(0.015700003,0.,0.006993156));
#15108=CARTESIAN_POINT('',(0.015700003,0.,0.006993156));
#15109=CARTESIAN_POINT('',(0.015667375,0.,0.007011994));
#15110=CARTESIAN_POINT('',(0.015667375,0.,0.007011994));
#15111=CARTESIAN_POINT('',(0.015850003,0.,0.007249999902914));
#15112=CARTESIAN_POINT('',(0.016032631,0.,0.007011994));
#15113=CARTESIAN_POINT('',(0.016000003,0.,0.006993156));
#15114=CARTESIAN_POINT('',(0.016000003,0.,0.006993156));
#15115=CARTESIAN_POINT('',(0.015997121,0.,-0.000279261));
#15116=CARTESIAN_POINT('',(0.015997121,0.,-0.000279261));
#15117=CARTESIAN_POINT('',(0.015850003,0.,-0.000249996369741));
#15118=CARTESIAN_POINT('',(0.,0.,0.));
#15119=CARTESIAN_POINT('',(0.,0.001545,0.));
#15120=CARTESIAN_POINT('',(0.01475,0.001545,0.00725));
#15121=CARTESIAN_POINT('',(0.014887255,0.001545,0.00725));
#15122=CARTESIAN_POINT('',(0.014932628,0.001545,0.007488006));
#15123=CARTESIAN_POINT('',(0.014932628,0.001545,0.007488006));
#15124=CARTESIAN_POINT('',(0.0149,0.001545,0.007506843));
#15125=CARTESIAN_POINT('',(0.01475,0.001545,0.007250000187555));
#15126=CARTESIAN_POINT('',(0.014567372,0.001545,0.007488006));
#15127=CARTESIAN_POINT('',(0.0146,0.001545,0.007506843));
#15128=CARTESIAN_POINT('',(0.0146,0.001545,0.007506843));
#15129=CARTESIAN_POINT('',(0.0146,0.001545,0.008687868));
#15130=CARTESIAN_POINT('',(0.0146,0.001545,0.008687868));
#15131=CARTESIAN_POINT('',(0.013822868,0.001545,0.009465));
#15132=CARTESIAN_POINT('',(0.013822868,0.001545,0.009465));
#15133=CARTESIAN_POINT('',(0.012795736,0.001545,0.009467882));
#15134=CARTESIAN_POINT('',(0.012795736,0.001545,0.009467882));
#15135=CARTESIAN_POINT('',(0.012825,0.001545,0.009615));
#15136=CARTESIAN_POINT('',(0.012795736,0.001545,0.009762118));
#15137=CARTESIAN_POINT('',(0.013914264,0.001545,0.009762118));
#15138=CARTESIAN_POINT('',(0.013914264,0.001545,0.009762118));
#15139=CARTESIAN_POINT('',(0.013968335,0.001545,0.009739721));
#15140=CARTESIAN_POINT('',(0.013968335,0.001545,0.009739721));
#15141=CARTESIAN_POINT('',(0.014874721,0.001545,0.008833335));
#15142=CARTESIAN_POINT('',(0.014874721,0.001545,0.008833335));
#15143=CARTESIAN_POINT('',(0.014897118,0.001545,0.008779263));
#15144=CARTESIAN_POINT('',(0.014897118,0.001545,0.008779263));
#15145=CARTESIAN_POINT('',(0.0149,0.001545,0.007506843));
#15146=CARTESIAN_POINT('',(0.,0.00151,0.));
#15147=CARTESIAN_POINT('',(0.01475,0.00151,0.00725));
#15148=CARTESIAN_POINT('',(0.014887255,0.00151,0.00725));
#15149=CARTESIAN_POINT('',(0.0149,0.00151,0.007506843));
#15150=CARTESIAN_POINT('',(0.0149,0.00151,0.007506843));
#15151=CARTESIAN_POINT('',(0.014897118,0.00151,0.008779263));
#15152=CARTESIAN_POINT('',(0.014897118,0.00151,0.008779263));
#15153=CARTESIAN_POINT('',(0.014874721,0.00151,0.008833335));
#15154=CARTESIAN_POINT('',(0.014874721,0.00151,0.008833335));
#15155=CARTESIAN_POINT('',(0.013968335,0.00151,0.009739721));
#15156=CARTESIAN_POINT('',(0.013968335,0.00151,0.009739721));
#15157=CARTESIAN_POINT('',(0.013914264,0.00151,0.009762118));
#15158=CARTESIAN_POINT('',(0.013914264,0.00151,0.009762118));
#15159=CARTESIAN_POINT('',(0.012795736,0.00151,0.009762118));
#15160=CARTESIAN_POINT('',(0.012825,0.00151,0.009615));
#15161=CARTESIAN_POINT('',(0.012795736,0.00151,0.009467882));
#15162=CARTESIAN_POINT('',(0.012795736,0.00151,0.009467882));
#15163=CARTESIAN_POINT('',(0.013822868,0.00151,0.009465));
#15164=CARTESIAN_POINT('',(0.013822868,0.00151,0.009465));
#15165=CARTESIAN_POINT('',(0.0146,0.00151,0.008687868));
#15166=CARTESIAN_POINT('',(0.0146,0.00151,0.008687868));
#15167=CARTESIAN_POINT('',(0.0146,0.00151,0.007506843));
#15168=CARTESIAN_POINT('',(0.0146,0.00151,0.007506843));
#15169=CARTESIAN_POINT('',(0.014567372,0.00151,0.007488006));
#15170=CARTESIAN_POINT('',(0.01475,0.00151,0.007250000187555));
#15171=CARTESIAN_POINT('',(0.014932628,0.00151,0.007488006));
#15172=CARTESIAN_POINT('',(0.014932628,0.00151,0.007488006));
#15173=CARTESIAN_POINT('',(0.01475,0.00151,0.00725));
#15174=CARTESIAN_POINT('',(0.014932628,0.00151,0.007488006));
#15175=CARTESIAN_POINT('',(0.014932628,0.00151,0.007488006));
#15176=CARTESIAN_POINT('',(0.0149,0.00151,0.007506843));
#15177=CARTESIAN_POINT('',(0.01475,0.00151,0.007250000187555));
#15178=CARTESIAN_POINT('',(0.014567372,0.00151,0.007488006));
#15179=CARTESIAN_POINT('',(0.0146,0.00151,0.007506843));
#15180=CARTESIAN_POINT('',(0.0146,0.00151,0.007506843));
#15181=CARTESIAN_POINT('',(0.0146,0.00151,0.008687868));
#15182=CARTESIAN_POINT('',(0.0146,0.00151,0.008687868));
#15183=CARTESIAN_POINT('',(0.013822868,0.00151,0.009465));
#15184=CARTESIAN_POINT('',(0.013822868,0.00151,0.009465));
#15185=CARTESIAN_POINT('',(0.012795736,0.00151,0.009467882));
#15186=CARTESIAN_POINT('',(0.012795736,0.00151,0.009467882));
#15187=CARTESIAN_POINT('',(0.012825,0.00151,0.009615));
#15188=CARTESIAN_POINT('',(0.012795736,0.00151,0.009762118));
#15189=CARTESIAN_POINT('',(0.013914264,0.00151,0.009762118));
#15190=CARTESIAN_POINT('',(0.013914264,0.00151,0.009762118));
#15191=CARTESIAN_POINT('',(0.013968335,0.00151,0.009739721));
#15192=CARTESIAN_POINT('',(0.013968335,0.00151,0.009739721));
#15193=CARTESIAN_POINT('',(0.014874721,0.00151,0.008833335));
#15194=CARTESIAN_POINT('',(0.014874721,0.00151,0.008833335));
#15195=CARTESIAN_POINT('',(0.014897118,0.00151,0.008779263));
#15196=CARTESIAN_POINT('',(0.014897118,0.00151,0.008779263));
#15197=CARTESIAN_POINT('',(0.0149,0.00151,0.007506843));
#15198=CARTESIAN_POINT('',(0.,0.,0.));
#15199=CARTESIAN_POINT('',(0.,-3.5E-5,0.));
#15200=CARTESIAN_POINT('',(0.01475,-3.5E-5,0.00725));
#15201=CARTESIAN_POINT('',(0.014887255,-3.5E-5,0.00725));
#15202=CARTESIAN_POINT('',(0.0118,-3.5E-5,-0.000749999369741));
#15203=CARTESIAN_POINT('',(0.0117166640000004,-3.5E-5,-0.000874720000000423));
#15204=CARTESIAN_POINT('',(0.011947118,-3.5E-5,-0.000779264));
#15205=CARTESIAN_POINT('',(0.011947118,-3.5E-5,-0.000779264));
#15206=CARTESIAN_POINT('',(0.01195,-3.5E-5,0.004237868));
#15207=CARTESIAN_POINT('',(0.01195,-3.5E-5,0.004237868));
#15208=CARTESIAN_POINT('',(0.014674449,-3.5E-5,0.006962317));
#15209=CARTESIAN_POINT('',(0.014674449,-3.5E-5,0.006962317));
#15210=CARTESIAN_POINT('',(0.014710842,-3.5E-5,0.006952567));
#15211=CARTESIAN_POINT('',(0.01475000006865,-3.5E-5,0.00725000006865));
#15212=CARTESIAN_POINT('',(0.014452567,-3.5E-5,0.007210842));
#15213=CARTESIAN_POINT('',(0.014452567,-3.5E-5,0.007210842));
#15214=CARTESIAN_POINT('',(0.014462317,-3.5E-5,0.007174449));
#15215=CARTESIAN_POINT('',(0.014462317,-3.5E-5,0.007174449));
#15216=CARTESIAN_POINT('',(0.011675279,-3.5E-5,0.004383335));
#15217=CARTESIAN_POINT('',(0.011675279,-3.5E-5,0.004383335));
#15218=CARTESIAN_POINT('',(0.011652882,-3.5E-5,0.004329263));
#15219=CARTESIAN_POINT('',(0.011652882,-3.5E-5,0.004329263));
#15220=CARTESIAN_POINT('',(0.011652882,-3.5E-5,-0.000779264));
#15221=CARTESIAN_POINT('',(0.011652882,-3.5E-5,-0.000779264));
#15222=CARTESIAN_POINT('',(0.01167528,-3.5E-5,-0.000833336));
#15223=CARTESIAN_POINT('',(0.01167528,-3.5E-5,-0.000833336));
#15224=CARTESIAN_POINT('',(0.,0.,0.));
#15225=CARTESIAN_POINT('',(0.01475,0.,0.00725));
#15226=CARTESIAN_POINT('',(0.014887255,0.,0.00725));
#15227=CARTESIAN_POINT('',(0.01167528,0.,-0.000833336));
#15228=CARTESIAN_POINT('',(0.01167528,0.,-0.000833336));
#15229=CARTESIAN_POINT('',(0.0117166640000004,0.,-0.000874720000000423));
#15230=CARTESIAN_POINT('',(0.011652882,0.,-0.000779264));
#15231=CARTESIAN_POINT('',(0.011652882,0.,-0.000779264));
#15232=CARTESIAN_POINT('',(0.011652882,0.,0.004329263));
#15233=CARTESIAN_POINT('',(0.011652882,0.,0.004329263));
#15234=CARTESIAN_POINT('',(0.011675279,0.,0.004383335));
#15235=CARTESIAN_POINT('',(0.011675279,0.,0.004383335));
#15236=CARTESIAN_POINT('',(0.014462317,0.,0.007174449));
#15237=CARTESIAN_POINT('',(0.014462317,0.,0.007174449));
#15238=CARTESIAN_POINT('',(0.014452567,0.,0.007210842));
#15239=CARTESIAN_POINT('',(0.014452567,0.,0.007210842));
#15240=CARTESIAN_POINT('',(0.01475000006865,0.,0.00725000006865));
#15241=CARTESIAN_POINT('',(0.014710842,0.,0.006952567));
#15242=CARTESIAN_POINT('',(0.014674449,0.,0.006962317));
#15243=CARTESIAN_POINT('',(0.014674449,0.,0.006962317));
#15244=CARTESIAN_POINT('',(0.01195,0.,0.004237868));
#15245=CARTESIAN_POINT('',(0.01195,0.,0.004237868));
#15246=CARTESIAN_POINT('',(0.011947118,0.,-0.000779264));
#15247=CARTESIAN_POINT('',(0.011947118,0.,-0.000779264));
#15248=CARTESIAN_POINT('',(0.0118,0.,-0.000749999369741));
#15249=CARTESIAN_POINT('',(0.01475,0.,0.00725));
#15250=CARTESIAN_POINT('',(0.01167528,0.,-0.000833336));
#15251=CARTESIAN_POINT('',(0.011716664,0.,-0.00087472));
#15252=CARTESIAN_POINT('',(0.01167528,0.,-0.000833336));
#15253=CARTESIAN_POINT('',(0.011652882,0.,-0.000779264));
#15254=CARTESIAN_POINT('',(0.011652882,0.,-0.000779264));
#15255=CARTESIAN_POINT('',(0.011652882,0.,0.004329263));
#15256=CARTESIAN_POINT('',(0.011652882,0.,0.004329263));
#15257=CARTESIAN_POINT('',(0.011675279,0.,0.004383335));
#15258=CARTESIAN_POINT('',(0.011675279,0.,0.004383335));
#15259=CARTESIAN_POINT('',(0.014462317,0.,0.007174449));
#15260=CARTESIAN_POINT('',(0.014462317,0.,0.007174449));
#15261=CARTESIAN_POINT('',(0.014452567,0.,0.007210842));
#15262=CARTESIAN_POINT('',(0.014452567,0.,0.007210842));
#15263=CARTESIAN_POINT('',(0.01475000006865,0.,0.00725000006865));
#15264=CARTESIAN_POINT('',(0.014710842,0.,0.006952567));
#15265=CARTESIAN_POINT('',(0.014674449,0.,0.006962317));
#15266=CARTESIAN_POINT('',(0.014674449,0.,0.006962317));
#15267=CARTESIAN_POINT('',(0.01195,0.,0.004237868));
#15268=CARTESIAN_POINT('',(0.01195,0.,0.004237868));
#15269=CARTESIAN_POINT('',(0.011947118,0.,-0.000779264));
#15270=CARTESIAN_POINT('',(0.011947118,0.,-0.000779264));
#15271=CARTESIAN_POINT('',(0.0118,0.,-0.000749999369741));
#15272=CARTESIAN_POINT('',(0.,0.,0.));
#15273=CARTESIAN_POINT('',(0.,0.001545,0.));
#15274=CARTESIAN_POINT('',(0.007017868,0.001545,0.0126));
#15275=CARTESIAN_POINT('',(0.007017868,0.001545,0.0126));
#15276=CARTESIAN_POINT('',(0.007591665,0.001545,0.012030279));
#15277=CARTESIAN_POINT('',(0.004606892,0.001545,0.0126));
#15278=CARTESIAN_POINT('',(0.004606892,0.001545,0.0126));
#15279=CARTESIAN_POINT('',(0.004607903,0.001545,0.012601751));
#15280=CARTESIAN_POINT('',(0.004607903,0.001545,0.012601751));
#15281=CARTESIAN_POINT('',(0.004251523066349,0.001545,0.01274980024507));
#15282=CARTESIAN_POINT('',(0.004608206,0.001545,0.012897118));
#15283=CARTESIAN_POINT('',(0.007109264,0.001545,0.012897118));
#15284=CARTESIAN_POINT('',(0.007109264,0.001545,0.012897118));
#15285=CARTESIAN_POINT('',(0.007163335,0.001545,0.012874721));
#15286=CARTESIAN_POINT('',(0.007163335,0.001545,0.012874721));
#15287=CARTESIAN_POINT('',(0.007799721,0.001545,0.012238335));
#15288=CARTESIAN_POINT('',(0.00779972100000103,0.001545,0.012238334999999));
#15289=CARTESIAN_POINT('',(0.007675,0.001545,0.012155));
#15290=CARTESIAN_POINT('',(0.,0.00151,0.));
#15291=CARTESIAN_POINT('',(0.007675,0.00151,0.012155));
#15292=CARTESIAN_POINT('',(0.007591665,0.00151,0.012030279));
#15293=CARTESIAN_POINT('',(0.00779972100000103,0.00151,0.012238334999999));
#15294=CARTESIAN_POINT('',(0.007799721,0.00151,0.012238335));
#15295=CARTESIAN_POINT('',(0.007163335,0.00151,0.012874721));
#15296=CARTESIAN_POINT('',(0.007163335,0.00151,0.012874721));
#15297=CARTESIAN_POINT('',(0.007109264,0.00151,0.012897118));
#15298=CARTESIAN_POINT('',(0.007109264,0.00151,0.012897118));
#15299=CARTESIAN_POINT('',(0.004608206,0.00151,0.012897118));
#15300=CARTESIAN_POINT('',(0.004251523066349,0.00151,0.01274980024507));
#15301=CARTESIAN_POINT('',(0.004607903,0.00151,0.012601751));
#15302=CARTESIAN_POINT('',(0.004607903,0.00151,0.012601751));
#15303=CARTESIAN_POINT('',(0.004606892,0.00151,0.0126));
#15304=CARTESIAN_POINT('',(0.004606892,0.00151,0.0126));
#15305=CARTESIAN_POINT('',(0.007017868,0.00151,0.0126));
#15306=CARTESIAN_POINT('',(0.007017868,0.00151,0.0126));
#15307=CARTESIAN_POINT('',(0.007017868,0.00151,0.0126));
#15308=CARTESIAN_POINT('',(0.007017868,0.00151,0.0126));
#15309=CARTESIAN_POINT('',(0.007591665,0.00151,0.012030279));
#15310=CARTESIAN_POINT('',(0.004606892,0.00151,0.0126));
#15311=CARTESIAN_POINT('',(0.004606892,0.00151,0.0126));
#15312=CARTESIAN_POINT('',(0.004607903,0.00151,0.012601751));
#15313=CARTESIAN_POINT('',(0.004607903,0.00151,0.012601751));
#15314=CARTESIAN_POINT('',(0.004251523066349,0.00151,0.01274980024507));
#15315=CARTESIAN_POINT('',(0.004608206,0.00151,0.012897118));
#15316=CARTESIAN_POINT('',(0.007109264,0.00151,0.012897118));
#15317=CARTESIAN_POINT('',(0.007109264,0.00151,0.012897118));
#15318=CARTESIAN_POINT('',(0.007163335,0.00151,0.012874721));
#15319=CARTESIAN_POINT('',(0.007163335,0.00151,0.012874721));
#15320=CARTESIAN_POINT('',(0.007799721,0.00151,0.012238335));
#15321=CARTESIAN_POINT('',(0.007799721,0.00151,0.012238335));
#15322=CARTESIAN_POINT('',(0.007675,0.00151,0.012155));
#15323=CARTESIAN_POINT('',(0.,0.,0.));
#15324=CARTESIAN_POINT('',(0.,0.001545,0.));
#15325=CARTESIAN_POINT('',(0.00412527875000052,0.001545,0.0112524517500006));
#15326=CARTESIAN_POINT('',(0.004125279,0.001545,0.011252452));
#15327=CARTESIAN_POINT('',(0.00588745100000255,0.001545,0.00949027899999894));
#15328=CARTESIAN_POINT('',(0.004102882,0.001545,0.011306523));
#15329=CARTESIAN_POINT('',(0.004102882,0.001545,0.011306523));
#15330=CARTESIAN_POINT('',(0.004102882,0.001545,0.012391792));
#15331=CARTESIAN_POINT('',(0.004102882,0.001545,0.012391792));
#15332=CARTESIAN_POINT('',(0.004250198604917,0.001545,0.01274793298073));
#15333=CARTESIAN_POINT('',(0.004398248,0.001545,0.012392096));
#15334=CARTESIAN_POINT('',(0.0044,0.001545,0.012393107));
#15335=CARTESIAN_POINT('',(0.0044,0.001545,0.012393107));
#15336=CARTESIAN_POINT('',(0.0044,0.001545,0.011397919));
#15337=CARTESIAN_POINT('',(0.0044,0.001545,0.011397919));
#15338=CARTESIAN_POINT('',(0.006032919,0.001545,0.009765));
#15339=CARTESIAN_POINT('',(0.006032919,0.001545,0.009765));
#15340=CARTESIAN_POINT('',(0.007704264,0.001545,0.009762118));
#15341=CARTESIAN_POINT('',(0.007704264,0.001545,0.009762118));
#15342=CARTESIAN_POINT('',(0.007675,0.001545,0.009615));
#15343=CARTESIAN_POINT('',(0.007704264,0.001545,0.009467882));
#15344=CARTESIAN_POINT('',(0.005941523,0.001545,0.009467882));
#15345=CARTESIAN_POINT('',(0.005941523,0.001545,0.009467882));
#15346=CARTESIAN_POINT('',(0.005887451,0.001545,0.009490279));
#15347=CARTESIAN_POINT('',(0.,0.00151,0.));
#15348=CARTESIAN_POINT('',(0.005887451,0.00151,0.009490279));
#15349=CARTESIAN_POINT('',(0.00588745100000255,0.00151,0.00949027899999894));
#15350=CARTESIAN_POINT('',(0.005941523,0.00151,0.009467882));
#15351=CARTESIAN_POINT('',(0.005941523,0.00151,0.009467882));
#15352=CARTESIAN_POINT('',(0.007704264,0.00151,0.009467882));
#15353=CARTESIAN_POINT('',(0.007675,0.00151,0.009615));
#15354=CARTESIAN_POINT('',(0.007704264,0.00151,0.009762118));
#15355=CARTESIAN_POINT('',(0.007704264,0.00151,0.009762118));
#15356=CARTESIAN_POINT('',(0.006032919,0.00151,0.009765));
#15357=CARTESIAN_POINT('',(0.006032919,0.00151,0.009765));
#15358=CARTESIAN_POINT('',(0.0044,0.00151,0.011397919));
#15359=CARTESIAN_POINT('',(0.0044,0.00151,0.011397919));
#15360=CARTESIAN_POINT('',(0.0044,0.00151,0.012393107));
#15361=CARTESIAN_POINT('',(0.0044,0.00151,0.012393107));
#15362=CARTESIAN_POINT('',(0.004398248,0.00151,0.012392096));
#15363=CARTESIAN_POINT('',(0.004250198604917,0.00151,0.01274793298073));
#15364=CARTESIAN_POINT('',(0.004102882,0.00151,0.012391792));
#15365=CARTESIAN_POINT('',(0.004102882,0.00151,0.012391792));
#15366=CARTESIAN_POINT('',(0.004102882,0.00151,0.011306523));
#15367=CARTESIAN_POINT('',(0.004102882,0.00151,0.011306523));
#15368=CARTESIAN_POINT('',(0.004125279,0.00151,0.011252452));
#15369=CARTESIAN_POINT('',(0.00768886525000056,0.00151,0.00768886525000056));
#15370=CARTESIAN_POINT('',(0.00412527875000052,0.00151,0.0112524517500006));
#15371=CARTESIAN_POINT('',(0.00412527935355414,0.00151,0.011252451146447));
#15372=CARTESIAN_POINT('',(0.00588745185354572,0.00151,0.0094902786464554));
#15373=CARTESIAN_POINT('',(0.004102882,0.00151,0.011306523));
#15374=CARTESIAN_POINT('',(0.004102882,0.00151,0.011306523));
#15375=CARTESIAN_POINT('',(0.004102882,0.00151,0.012391792));
#15376=CARTESIAN_POINT('',(0.004102882,0.00151,0.012391792));
#15377=CARTESIAN_POINT('',(0.004250198604917,0.00151,0.01274793298073));
#15378=CARTESIAN_POINT('',(0.004398248,0.00151,0.012392096));
#15379=CARTESIAN_POINT('',(0.0044,0.00151,0.012393107));
#15380=CARTESIAN_POINT('',(0.0044,0.00151,0.012393107));
#15381=CARTESIAN_POINT('',(0.0044,0.00151,0.011397919));
#15382=CARTESIAN_POINT('',(0.0044,0.00151,0.011397919));
#15383=CARTESIAN_POINT('',(0.006032919,0.00151,0.009765));
#15384=CARTESIAN_POINT('',(0.006032919,0.00151,0.009765));
#15385=CARTESIAN_POINT('',(0.007704264,0.00151,0.009762118));
#15386=CARTESIAN_POINT('',(0.007704264,0.00151,0.009762118));
#15387=CARTESIAN_POINT('',(0.007675,0.00151,0.009615));
#15388=CARTESIAN_POINT('',(0.007704264,0.00151,0.009467882));
#15389=CARTESIAN_POINT('',(0.005941523,0.00151,0.009467882));
#15390=CARTESIAN_POINT('',(0.005941523,0.00151,0.009467882));
#15391=CARTESIAN_POINT('',(0.005887451,0.00151,0.009490279));
#15392=CARTESIAN_POINT('',(0.,0.,0.));
#15393=CARTESIAN_POINT('',(0.,-3.5E-5,0.));
#15394=CARTESIAN_POINT('',(0.0047,-3.5E-5,-0.000749999369741));
#15395=CARTESIAN_POINT('',(0.00461666400000042,-3.5E-5,-0.000874720000000423));
#15396=CARTESIAN_POINT('',(0.004847118,-3.5E-5,-0.000779264));
#15397=CARTESIAN_POINT('',(0.004847118,-3.5E-5,-0.000779264));
#15398=CARTESIAN_POINT('',(0.004847118,-3.5E-5,0.003329263));
#15399=CARTESIAN_POINT('',(0.00531434541148615,-3.5E-5,0.0022012796911644));
#15400=CARTESIAN_POINT('',(0.004824721,-3.5E-5,0.003383335));
#15401=CARTESIAN_POINT('',(0.004824721,-3.5E-5,0.003383335));
#15402=CARTESIAN_POINT('',(0.0019,-3.5E-5,0.006312132));
#15403=CARTESIAN_POINT('',(0.0019,-3.5E-5,0.006312132));
#15404=CARTESIAN_POINT('',(0.0019,-3.5E-5,0.010187868));
#15405=CARTESIAN_POINT('',(0.0019,-3.5E-5,0.010187868));
#15406=CARTESIAN_POINT('',(0.004101023,-3.5E-5,0.012392516));
#15407=CARTESIAN_POINT('',(0.004248744537542,-3.5E-5,0.01274866541565));
#15408=CARTESIAN_POINT('',(0.00389268099999892,-3.5E-5,0.0126007369999989));
#15409=CARTESIAN_POINT('',(0.003892681,-3.5E-5,0.012600737));
#15410=CARTESIAN_POINT('',(0.001625279,-3.5E-5,0.010333335));
#15411=CARTESIAN_POINT('',(0.001625279,-3.5E-5,0.010333335));
#15412=CARTESIAN_POINT('',(0.001602882,-3.5E-5,0.010279263));
#15413=CARTESIAN_POINT('',(0.001602882,-3.5E-5,0.010279263));
#15414=CARTESIAN_POINT('',(0.001602882,-3.5E-5,0.006220736));
#15415=CARTESIAN_POINT('',(0.001602882,-3.5E-5,0.006220736));
#15416=CARTESIAN_POINT('',(0.001625279,-3.5E-5,0.006166665));
#15417=CARTESIAN_POINT('',(0.001625279,-3.5E-5,0.006166665));
#15418=CARTESIAN_POINT('',(0.00455,-3.5E-5,0.003237868));
#15419=CARTESIAN_POINT('',(0.00455,-3.5E-5,0.003237868));
#15420=CARTESIAN_POINT('',(0.004552882,-3.5E-5,-0.000779264));
#15421=CARTESIAN_POINT('',(0.00361061320870993,-3.5E-5,0.00149556886381618));
#15422=CARTESIAN_POINT('',(0.00457528,-3.5E-5,-0.000833336000000009));
#15423=CARTESIAN_POINT('',(0.00457528,-3.5E-5,-0.000833336));
#15424=CARTESIAN_POINT('',(0.,0.,0.));
#15425=CARTESIAN_POINT('',(0.00457528,0.,-0.000833336));
#15426=CARTESIAN_POINT('',(0.00457528,0.,-0.000833336000000009));
#15427=CARTESIAN_POINT('',(0.00461666400000057,0.,-0.000874720000000564));
#15428=CARTESIAN_POINT('',(0.00455288224999888,0.,-0.000779263896445449));
#15429=CARTESIAN_POINT('',(0.004552882,0.,-0.000779264));
#15430=CARTESIAN_POINT('',(0.00455,0.,0.003237868));
#15431=CARTESIAN_POINT('',(0.00455,0.,0.003237868));
#15432=CARTESIAN_POINT('',(0.001625279,0.,0.006166665));
#15433=CARTESIAN_POINT('',(0.001625279,0.,0.006166665));
#15434=CARTESIAN_POINT('',(0.001602882,0.,0.006220736));
#15435=CARTESIAN_POINT('',(0.001602882,0.,0.006220736));
#15436=CARTESIAN_POINT('',(0.001602882,0.,0.010279263));
#15437=CARTESIAN_POINT('',(0.001602882,0.,0.010279263));
#15438=CARTESIAN_POINT('',(0.001625279,0.,0.010333335));
#15439=CARTESIAN_POINT('',(0.001625279,0.,0.010333335));
#15440=CARTESIAN_POINT('',(0.003892681,0.,0.012600737));
#15441=CARTESIAN_POINT('',(0.00389268099999892,0.,0.0126007369999989));
#15442=CARTESIAN_POINT('',(0.004248744537542,0.,0.01274866541565));
#15443=CARTESIAN_POINT('',(0.004101023,0.,0.012392516));
#15444=CARTESIAN_POINT('',(0.0019,0.,0.010187868));
#15445=CARTESIAN_POINT('',(0.0019,0.,0.010187868));
#15446=CARTESIAN_POINT('',(0.0019,0.,0.006312132));
#15447=CARTESIAN_POINT('',(0.0019,0.,0.006312132));
#15448=CARTESIAN_POINT('',(0.004824721,0.,0.003383335));
#15449=CARTESIAN_POINT('',(0.004824721,0.,0.003383335));
#15450=CARTESIAN_POINT('',(0.00484711817677724,0.,0.00332926307322305));
#15451=CARTESIAN_POINT('',(0.004847118,0.,0.003329263));
#15452=CARTESIAN_POINT('',(0.004847118,0.,-0.000779264));
#15453=CARTESIAN_POINT('',(0.004847118,0.,-0.000779264));
#15454=CARTESIAN_POINT('',(0.0047,0.,-0.000749999369741));
#15455=CARTESIAN_POINT('',(0.00457528,0.,-0.000833336));
#15456=CARTESIAN_POINT('',(0.004616664,0.,-0.00087472));
#15457=CARTESIAN_POINT('',(0.00457527949999999,0.,-0.00083333549999999));
#15458=CARTESIAN_POINT('',(0.00455288224999888,0.,-0.000779263896445449));
#15459=CARTESIAN_POINT('',(0.00455288199949183,0.,-0.000779263291669498));
#15460=CARTESIAN_POINT('',(0.00455,0.,0.003237868));
#15461=CARTESIAN_POINT('',(0.00455,0.,0.003237868));
#15462=CARTESIAN_POINT('',(0.001625279,0.,0.006166665));
#15463=CARTESIAN_POINT('',(0.001625279,0.,0.006166665));
#15464=CARTESIAN_POINT('',(0.001602882,0.,0.006220736));
#15465=CARTESIAN_POINT('',(0.001602882,0.,0.006220736));
#15466=CARTESIAN_POINT('',(0.001602882,0.,0.010279263));
#15467=CARTESIAN_POINT('',(0.001602882,0.,0.010279263));
#15468=CARTESIAN_POINT('',(0.001625279,0.,0.010333335));
#15469=CARTESIAN_POINT('',(0.001625279,0.,0.010333335));
#15470=CARTESIAN_POINT('',(0.003892681,0.,0.012600737));
#15471=CARTESIAN_POINT('',(0.003892681,0.,0.012600737));
#15472=CARTESIAN_POINT('',(0.004248744537542,0.,0.01274866541565));
#15473=CARTESIAN_POINT('',(0.004101023,0.,0.012392516));
#15474=CARTESIAN_POINT('',(0.0019,0.,0.010187868));
#15475=CARTESIAN_POINT('',(0.0019,0.,0.010187868));
#15476=CARTESIAN_POINT('',(0.0019,0.,0.006312132));
#15477=CARTESIAN_POINT('',(0.0019,0.,0.006312132));
#15478=CARTESIAN_POINT('',(0.004824721,0.,0.003383335));
#15479=CARTESIAN_POINT('',(0.00482472064609628,0.,0.00338333535439694));
#15480=CARTESIAN_POINT('',(0.00484711817677724,0.,0.00332926307322305));
#15481=CARTESIAN_POINT('',(0.004847118,0.,0.00332926349999995));
#15482=CARTESIAN_POINT('',(0.004847118,0.,-0.000779264));
#15483=CARTESIAN_POINT('',(0.004847118,0.,-0.000779264));
#15484=CARTESIAN_POINT('',(0.0047,0.,-0.000749999369741));
#15485=CARTESIAN_POINT('',(0.,0.,0.));
#15486=CARTESIAN_POINT('',(0.,0.001545,0.));
#15487=CARTESIAN_POINT('',(0.007017868,0.001545,0.0079));
#15488=CARTESIAN_POINT('',(0.007017868,0.001545,0.0079));
#15489=CARTESIAN_POINT('',(0.004608098,0.001545,0.007897517));
#15490=CARTESIAN_POINT('',(0.007591665,0.001545,0.008469721));
#15491=CARTESIAN_POINT('',(0.007591665,0.001545,0.008469721));
#15492=CARTESIAN_POINT('',(0.007675,0.001545,0.008345));
#15493=CARTESIAN_POINT('',(0.00779972100000103,0.001545,0.00826166500000103));
#15494=CARTESIAN_POINT('',(0.007163335,0.001545,0.007625279));
#15495=CARTESIAN_POINT('',(0.007163335,0.001545,0.007625279));
#15496=CARTESIAN_POINT('',(0.007109264,0.001545,0.007602882));
#15497=CARTESIAN_POINT('',(0.007109264,0.001545,0.007602882));
#15498=CARTESIAN_POINT('',(0.004608206,0.001545,0.007602882));
#15499=CARTESIAN_POINT('',(0.004608206,0.001545,0.007602882));
#15500=CARTESIAN_POINT('',(0.004251742434936,0.001545,0.00775006885621));
#15501=CARTESIAN_POINT('',(0.,0.00151,0.));
#15502=CARTESIAN_POINT('',(0.004251742434936,0.00151,0.00775006885621));
#15503=CARTESIAN_POINT('',(0.004608098,0.00151,0.007897517));
#15504=CARTESIAN_POINT('',(0.004608206,0.00151,0.007602882));
#15505=CARTESIAN_POINT('',(0.004608206,0.00151,0.007602882));
#15506=CARTESIAN_POINT('',(0.007109264,0.00151,0.007602882));
#15507=CARTESIAN_POINT('',(0.007109264,0.00151,0.007602882));
#15508=CARTESIAN_POINT('',(0.007163335,0.00151,0.007625279));
#15509=CARTESIAN_POINT('',(0.007163335,0.00151,0.007625279));
#15510=CARTESIAN_POINT('',(0.00779972100000103,0.00151,0.00826166500000103));
#15511=CARTESIAN_POINT('',(0.007675,0.00151,0.008345));
#15512=CARTESIAN_POINT('',(0.007591665,0.00151,0.008469721));
#15513=CARTESIAN_POINT('',(0.007591665,0.00151,0.008469721));
#15514=CARTESIAN_POINT('',(0.007017868,0.00151,0.0079));
#15515=CARTESIAN_POINT('',(0.007017868,0.00151,0.0079));
#15516=CARTESIAN_POINT('',(0.007017868,0.00151,0.0079));
#15517=CARTESIAN_POINT('',(0.007017868,0.00151,0.0079));
#15518=CARTESIAN_POINT('',(0.004608098,0.00151,0.007897517));
#15519=CARTESIAN_POINT('',(0.007591665,0.00151,0.008469721));
#15520=CARTESIAN_POINT('',(0.007591665,0.00151,0.008469721));
#15521=CARTESIAN_POINT('',(0.007675,0.00151,0.008345));
#15522=CARTESIAN_POINT('',(0.007799721,0.00151,0.008261665));
#15523=CARTESIAN_POINT('',(0.007163335,0.00151,0.007625279));
#15524=CARTESIAN_POINT('',(0.007163335,0.00151,0.007625279));
#15525=CARTESIAN_POINT('',(0.007109264,0.00151,0.007602882));
#15526=CARTESIAN_POINT('',(0.007109264,0.00151,0.007602882));
#15527=CARTESIAN_POINT('',(0.004608206,0.00151,0.007602882));
#15528=CARTESIAN_POINT('',(0.004608206,0.00151,0.007602882));
#15529=CARTESIAN_POINT('',(0.004251742434936,0.00151,0.00775006885621));
#15530=CARTESIAN_POINT('',(0.,0.,0.));
#15531=CARTESIAN_POINT('',(0.,-3.5E-5,0.));
#15532=CARTESIAN_POINT('',(0.00825,-3.5E-5,-0.000749999369741));
#15533=CARTESIAN_POINT('',(0.00816666400000042,-3.5E-5,-0.000874720000000423));
#15534=CARTESIAN_POINT('',(0.008397118,-3.5E-5,-0.000779264));
#15535=CARTESIAN_POINT('',(0.008397118,-3.5E-5,-0.000779264));
#15536=CARTESIAN_POINT('',(0.008397118,-3.5E-5,0.003779263));
#15537=CARTESIAN_POINT('',(0.008397118,-3.5E-5,0.003779263));
#15538=CARTESIAN_POINT('',(0.008374721,-3.5E-5,0.003833336));
#15539=CARTESIAN_POINT('',(0.00610402800000086,-3.5E-5,0.00610402800000086));
#15540=CARTESIAN_POINT('',(0.00460731800000059,-3.5E-5,0.0076007370000017));
#15541=CARTESIAN_POINT('',(0.004251478476936,-3.5E-5,0.007748470719066));
#15542=CARTESIAN_POINT('',(0.004399084,-3.5E-5,0.007392578));
#15543=CARTESIAN_POINT('',(0.004399084,-3.5E-5,0.007392578));
#15544=CARTESIAN_POINT('',(0.0081,-3.5E-5,0.003687868));
#15545=CARTESIAN_POINT('',(0.0081,-3.5E-5,0.003687868));
#15546=CARTESIAN_POINT('',(0.008102882,-3.5E-5,-0.000779264));
#15547=CARTESIAN_POINT('',(0.00664080791288331,-3.5E-5,0.00275061814259744));
#15548=CARTESIAN_POINT('',(0.00812528,-3.5E-5,-0.000833336));
#15549=CARTESIAN_POINT('',(0.00812528,-3.5E-5,-0.000833336));
#15550=CARTESIAN_POINT('',(0.,0.,0.));
#15551=CARTESIAN_POINT('',(0.00812528,0.,-0.000833336));
#15552=CARTESIAN_POINT('',(0.00812528,0.,-0.000833336));
#15553=CARTESIAN_POINT('',(0.00816666400000056,0.,-0.000874720000000564));
#15554=CARTESIAN_POINT('',(0.00810288260355061,0.,-0.000779263750001851));
#15555=CARTESIAN_POINT('',(0.008102882,0.,-0.000779264));
#15556=CARTESIAN_POINT('',(0.0081,0.,0.003687868));
#15557=CARTESIAN_POINT('',(0.0081,0.,0.003687868));
#15558=CARTESIAN_POINT('',(0.004399084,0.,0.007392578));
#15559=CARTESIAN_POINT('',(0.004399084,0.,0.007392578));
#15560=CARTESIAN_POINT('',(0.004251478476936,0.,0.007748470719066));
#15561=CARTESIAN_POINT('',(0.00460731800000059,0.,0.0076007370000017));
#15562=CARTESIAN_POINT('',(0.00837472050000093,0.,0.00383333550000079));
#15563=CARTESIAN_POINT('',(0.008374721,0.,0.003833336));
#15564=CARTESIAN_POINT('',(0.008397118,0.,0.003779263));
#15565=CARTESIAN_POINT('',(0.008397118,0.,0.003779263));
#15566=CARTESIAN_POINT('',(0.008397118,0.,-0.000779264));
#15567=CARTESIAN_POINT('',(0.008397118,0.,-0.000779264));
#15568=CARTESIAN_POINT('',(0.00825,0.,-0.000749999369741));
#15569=CARTESIAN_POINT('',(0.00812528,0.,-0.000833336));
#15570=CARTESIAN_POINT('',(0.008166664,0.,-0.00087472));
#15571=CARTESIAN_POINT('',(0.0081252787929347,0.,-0.000833334792934694));
#15572=CARTESIAN_POINT('',(0.00810288260355061,0.,-0.000779263750001851));
#15573=CARTESIAN_POINT('',(0.0081028819988969,0.,-0.000779262290188477));
#15574=CARTESIAN_POINT('',(0.0081,0.,0.003687868));
#15575=CARTESIAN_POINT('',(0.0081,0.,0.003687868));
#15576=CARTESIAN_POINT('',(0.004399084,0.,0.007392578));
#15577=CARTESIAN_POINT('',(0.004399084,0.,0.007392578));
#15578=CARTESIAN_POINT('',(0.004251478476936,0.,0.007748470719066));
#15579=CARTESIAN_POINT('',(0.00460731829337067,0.,0.00760073770663105));
#15580=CARTESIAN_POINT('',(0.00837472050000093,0.,0.00383333550000079));
#15581=CARTESIAN_POINT('',(0.00837472170706412,0.,0.00383333429293761));
#15582=CARTESIAN_POINT('',(0.008397118,0.,0.003779263));
#15583=CARTESIAN_POINT('',(0.008397118,0.,0.003779263));
#15584=CARTESIAN_POINT('',(0.008397118,0.,-0.000779264));
#15585=CARTESIAN_POINT('',(0.008397118,0.,-0.000779264));
#15586=CARTESIAN_POINT('',(0.00825,0.,-0.000749999369741));
#15587=CARTESIAN_POINT('',(0.,0.,0.));
#15588=CARTESIAN_POINT('',(0.,0.00155,0.));
#15589=CARTESIAN_POINT('',(0.01195,0.00155,0.011035));
#15590=CARTESIAN_POINT('',(0.01195,0.00155,0.011035));
#15591=CARTESIAN_POINT('',(0.01195,0.00155,0.010735));
#15592=CARTESIAN_POINT('',(0.012100000058649,0.00155,0.01103499994135));
#15593=CARTESIAN_POINT('',(0.0121,0.00155,0.011185));
#15594=CARTESIAN_POINT('',(0.01355,0.00155,0.011185));
#15595=CARTESIAN_POINT('',(0.01355,0.00155,0.011185));
#15596=CARTESIAN_POINT('',(0.013549999941351,0.00155,0.01103499994135));
#15597=CARTESIAN_POINT('',(0.0137,0.00155,0.011035));
#15598=CARTESIAN_POINT('',(0.0137,0.00155,0.010735));
#15599=CARTESIAN_POINT('',(0.0137,0.00155,0.010735));
#15600=CARTESIAN_POINT('',(0.013549999941351,0.00155,0.01073500005864));
#15601=CARTESIAN_POINT('',(0.01355,0.00155,0.010585));
#15602=CARTESIAN_POINT('',(0.0121,0.00155,0.010585));
#15603=CARTESIAN_POINT('',(0.0121,0.00155,0.010585));
#15604=CARTESIAN_POINT('',(0.012100000058649,0.00155,0.01073500005864));
#15605=CARTESIAN_POINT('',(0.,0.00151,0.));
#15606=CARTESIAN_POINT('',(0.012100000058649,0.00151,0.01073500005864));
#15607=CARTESIAN_POINT('',(0.01195,0.00151,0.010735));
#15608=CARTESIAN_POINT('',(0.0121,0.00151,0.010585));
#15609=CARTESIAN_POINT('',(0.0121,0.00151,0.010585));
#15610=CARTESIAN_POINT('',(0.01355,0.00151,0.010585));
#15611=CARTESIAN_POINT('',(0.013549999941351,0.00151,0.01073500005864));
#15612=CARTESIAN_POINT('',(0.0137,0.00151,0.010735));
#15613=CARTESIAN_POINT('',(0.0137,0.00151,0.010735));
#15614=CARTESIAN_POINT('',(0.0137,0.00151,0.011035));
#15615=CARTESIAN_POINT('',(0.013549999941351,0.00151,0.01103499994135));
#15616=CARTESIAN_POINT('',(0.01355,0.00151,0.011185));
#15617=CARTESIAN_POINT('',(0.01355,0.00151,0.011185));
#15618=CARTESIAN_POINT('',(0.0121,0.00151,0.011185));
#15619=CARTESIAN_POINT('',(0.012100000058649,0.00151,0.01103499994135));
#15620=CARTESIAN_POINT('',(0.01195,0.00151,0.011035));
#15621=CARTESIAN_POINT('',(0.01195,0.00151,0.011035));
#15622=CARTESIAN_POINT('',(0.01195,0.00151,0.011035));
#15623=CARTESIAN_POINT('',(0.01195,0.00151,0.011035));
#15624=CARTESIAN_POINT('',(0.01195,0.00151,0.010735));
#15625=CARTESIAN_POINT('',(0.012100000058649,0.00151,0.01103499994135));
#15626=CARTESIAN_POINT('',(0.0121,0.00151,0.011185));
#15627=CARTESIAN_POINT('',(0.01355,0.00151,0.011185));
#15628=CARTESIAN_POINT('',(0.01355,0.00151,0.011185));
#15629=CARTESIAN_POINT('',(0.013549999941351,0.00151,0.01103499994135));
#15630=CARTESIAN_POINT('',(0.0137,0.00151,0.011035));
#15631=CARTESIAN_POINT('',(0.0137,0.00151,0.010735));
#15632=CARTESIAN_POINT('',(0.0137,0.00151,0.010735));
#15633=CARTESIAN_POINT('',(0.013549999941351,0.00151,0.01073500005864));
#15634=CARTESIAN_POINT('',(0.01355,0.00151,0.010585));
#15635=CARTESIAN_POINT('',(0.0121,0.00151,0.010585));
#15636=CARTESIAN_POINT('',(0.0121,0.00151,0.010585));
#15637=CARTESIAN_POINT('',(0.012100000058649,0.00151,0.01073500005864));
#15638=CARTESIAN_POINT('',(0.,0.,0.));
#15639=CARTESIAN_POINT('',(0.,-4.E-5,0.));
#15640=CARTESIAN_POINT('',(0.014800001333573,-4.E-5,-0.002249998666427));
#15641=CARTESIAN_POINT('',(0.0143,-4.E-5,-0.00225));
#15642=CARTESIAN_POINT('',(0.0148,-4.E-5,-0.00275));
#15643=CARTESIAN_POINT('',(0.0148,-4.E-5,-0.00275));
#15644=CARTESIAN_POINT('',(0.0158,-4.E-5,-0.00275));
#15645=CARTESIAN_POINT('',(0.015799998666427,-4.E-5,-0.002249998666427));
#15646=CARTESIAN_POINT('',(0.0163,-4.E-5,-0.00225));
#15647=CARTESIAN_POINT('',(0.0163,-4.E-5,-0.00225));
#15648=CARTESIAN_POINT('',(0.0163,-4.E-5,0.00075));
#15649=CARTESIAN_POINT('',(0.015799998666427,-4.E-5,0.000749998666427));
#15650=CARTESIAN_POINT('',(0.0158,-4.E-5,0.00125));
#15651=CARTESIAN_POINT('',(0.0158,-4.E-5,0.00125));
#15652=CARTESIAN_POINT('',(0.0148,-4.E-5,0.00125));
#15653=CARTESIAN_POINT('',(0.014800001333573,-4.E-5,0.000749998666427));
#15654=CARTESIAN_POINT('',(0.0143,-4.E-5,0.00075));
#15655=CARTESIAN_POINT('',(0.0143,-4.E-5,0.00075));
#15656=CARTESIAN_POINT('',(0.,0.,0.));
#15657=CARTESIAN_POINT('',(0.0143,0.,0.00075));
#15658=CARTESIAN_POINT('',(0.0143,0.,0.00075));
#15659=CARTESIAN_POINT('',(0.0143,0.,-0.00225));
#15660=CARTESIAN_POINT('',(0.014800001333573,0.,0.000749998666427));
#15661=CARTESIAN_POINT('',(0.0148,0.,0.00125));
#15662=CARTESIAN_POINT('',(0.0158,0.,0.00125));
#15663=CARTESIAN_POINT('',(0.0158,0.,0.00125));
#15664=CARTESIAN_POINT('',(0.015799998666427,0.,0.000749998666427));
#15665=CARTESIAN_POINT('',(0.0163,0.,0.00075));
#15666=CARTESIAN_POINT('',(0.0163,0.,-0.00225));
#15667=CARTESIAN_POINT('',(0.0163,0.,-0.00225));
#15668=CARTESIAN_POINT('',(0.015799998666427,0.,-0.002249998666427));
#15669=CARTESIAN_POINT('',(0.0158,0.,-0.00275));
#15670=CARTESIAN_POINT('',(0.0148,0.,-0.00275));
#15671=CARTESIAN_POINT('',(0.0148,0.,-0.00275));
#15672=CARTESIAN_POINT('',(0.014800001333573,0.,-0.002249998666427));
#15673=CARTESIAN_POINT('',(0.0143,0.,0.00075));
#15674=CARTESIAN_POINT('',(0.0143,0.,-0.00225));
#15675=CARTESIAN_POINT('',(0.0143,0.,0.00075));
#15676=CARTESIAN_POINT('',(0.014800001333573,0.,0.000749998666427));
#15677=CARTESIAN_POINT('',(0.0148,0.,0.00125));
#15678=CARTESIAN_POINT('',(0.0158,0.,0.00125));
#15679=CARTESIAN_POINT('',(0.0158,0.,0.00125));
#15680=CARTESIAN_POINT('',(0.015799998666427,0.,0.000749998666427));
#15681=CARTESIAN_POINT('',(0.0163,0.,0.00075));
#15682=CARTESIAN_POINT('',(0.0163,0.,-0.00225));
#15683=CARTESIAN_POINT('',(0.0163,0.,-0.00225));
#15684=CARTESIAN_POINT('',(0.015799998666427,0.,-0.002249998666427));
#15685=CARTESIAN_POINT('',(0.0158,0.,-0.00275));
#15686=CARTESIAN_POINT('',(0.0148,0.,-0.00275));
#15687=CARTESIAN_POINT('',(0.0148,0.,-0.00275));
#15688=CARTESIAN_POINT('',(0.014800001333573,0.,-0.002249998666427));
#15689=CARTESIAN_POINT('',(0.,0.,0.));
#15690=CARTESIAN_POINT('',(0.,0.00155,0.));
#15691=CARTESIAN_POINT('',(0.01195,0.00155,0.009765));
#15692=CARTESIAN_POINT('',(0.01195,0.00155,0.009765));
#15693=CARTESIAN_POINT('',(0.01195,0.00155,0.009465));
#15694=CARTESIAN_POINT('',(0.012100000058649,0.00155,0.009764999941351));
#15695=CARTESIAN_POINT('',(0.0121,0.00155,0.009915));
#15696=CARTESIAN_POINT('',(0.01355,0.00155,0.009915));
#15697=CARTESIAN_POINT('',(0.01355,0.00155,0.009915));
#15698=CARTESIAN_POINT('',(0.013549999941351,0.00155,0.009764999941351));
#15699=CARTESIAN_POINT('',(0.0137,0.00155,0.009765));
#15700=CARTESIAN_POINT('',(0.0137,0.00155,0.009465));
#15701=CARTESIAN_POINT('',(0.0137,0.00155,0.009465));
#15702=CARTESIAN_POINT('',(0.013549999941351,0.00155,0.009465000058649));
#15703=CARTESIAN_POINT('',(0.01355,0.00155,0.009315));
#15704=CARTESIAN_POINT('',(0.0121,0.00155,0.009315));
#15705=CARTESIAN_POINT('',(0.0121,0.00155,0.009315));
#15706=CARTESIAN_POINT('',(0.012100000058649,0.00155,0.009465000058649));
#15707=CARTESIAN_POINT('',(0.,0.00151,0.));
#15708=CARTESIAN_POINT('',(0.012100000058649,0.00151,0.009465000058649));
#15709=CARTESIAN_POINT('',(0.01195,0.00151,0.009465));
#15710=CARTESIAN_POINT('',(0.0121,0.00151,0.009315));
#15711=CARTESIAN_POINT('',(0.0121,0.00151,0.009315));
#15712=CARTESIAN_POINT('',(0.01355,0.00151,0.009315));
#15713=CARTESIAN_POINT('',(0.013549999941351,0.00151,0.009465000058649));
#15714=CARTESIAN_POINT('',(0.0137,0.00151,0.009465));
#15715=CARTESIAN_POINT('',(0.0137,0.00151,0.009465));
#15716=CARTESIAN_POINT('',(0.0137,0.00151,0.009765));
#15717=CARTESIAN_POINT('',(0.013549999941351,0.00151,0.009764999941351));
#15718=CARTESIAN_POINT('',(0.01355,0.00151,0.009915));
#15719=CARTESIAN_POINT('',(0.01355,0.00151,0.009915));
#15720=CARTESIAN_POINT('',(0.0121,0.00151,0.009915));
#15721=CARTESIAN_POINT('',(0.012100000058649,0.00151,0.009764999941351));
#15722=CARTESIAN_POINT('',(0.01195,0.00151,0.009765));
#15723=CARTESIAN_POINT('',(0.01195,0.00151,0.009765));
#15724=CARTESIAN_POINT('',(0.01195,0.00151,0.009765));
#15725=CARTESIAN_POINT('',(0.01195,0.00151,0.009765));
#15726=CARTESIAN_POINT('',(0.01195,0.00151,0.009465));
#15727=CARTESIAN_POINT('',(0.012100000058649,0.00151,0.009764999941351));
#15728=CARTESIAN_POINT('',(0.0121,0.00151,0.009915));
#15729=CARTESIAN_POINT('',(0.01355,0.00151,0.009915));
#15730=CARTESIAN_POINT('',(0.01355,0.00151,0.009915));
#15731=CARTESIAN_POINT('',(0.013549999941351,0.00151,0.009764999941351));
#15732=CARTESIAN_POINT('',(0.0137,0.00151,0.009765));
#15733=CARTESIAN_POINT('',(0.0137,0.00151,0.009465));
#15734=CARTESIAN_POINT('',(0.0137,0.00151,0.009465));
#15735=CARTESIAN_POINT('',(0.013549999941351,0.00151,0.009465000058649));
#15736=CARTESIAN_POINT('',(0.01355,0.00151,0.009315));
#15737=CARTESIAN_POINT('',(0.0121,0.00151,0.009315));
#15738=CARTESIAN_POINT('',(0.0121,0.00151,0.009315));
#15739=CARTESIAN_POINT('',(0.012100000058649,0.00151,0.009465000058649));
#15740=CARTESIAN_POINT('',(0.,0.,0.));
#15741=CARTESIAN_POINT('',(0.,-4.E-5,0.));
#15742=CARTESIAN_POINT('',(0.011250001333573,-4.E-5,-0.002249998666427));
#15743=CARTESIAN_POINT('',(0.01075,-4.E-5,-0.00225));
#15744=CARTESIAN_POINT('',(0.01125,-4.E-5,-0.00275));
#15745=CARTESIAN_POINT('',(0.01125,-4.E-5,-0.00275));
#15746=CARTESIAN_POINT('',(0.01225,-4.E-5,-0.00275));
#15747=CARTESIAN_POINT('',(0.012249998666427,-4.E-5,-0.002249998666427));
#15748=CARTESIAN_POINT('',(0.01275,-4.E-5,-0.00225));
#15749=CARTESIAN_POINT('',(0.01275,-4.E-5,-0.00225));
#15750=CARTESIAN_POINT('',(0.01275,-4.E-5,0.00075));
#15751=CARTESIAN_POINT('',(0.012249998666427,-4.E-5,0.000749998666427));
#15752=CARTESIAN_POINT('',(0.01225,-4.E-5,0.00125));
#15753=CARTESIAN_POINT('',(0.01225,-4.E-5,0.00125));
#15754=CARTESIAN_POINT('',(0.01125,-4.E-5,0.00125));
#15755=CARTESIAN_POINT('',(0.011250001333573,-4.E-5,0.000749998666427));
#15756=CARTESIAN_POINT('',(0.01075,-4.E-5,0.00075));
#15757=CARTESIAN_POINT('',(0.01075,-4.E-5,0.00075));
#15758=CARTESIAN_POINT('',(0.,0.,0.));
#15759=CARTESIAN_POINT('',(0.01075,0.,0.00075));
#15760=CARTESIAN_POINT('',(0.01075,0.,0.00075));
#15761=CARTESIAN_POINT('',(0.01075,0.,-0.00225));
#15762=CARTESIAN_POINT('',(0.011250001333573,0.,0.000749998666427));
#15763=CARTESIAN_POINT('',(0.01125,0.,0.00125));
#15764=CARTESIAN_POINT('',(0.01225,0.,0.00125));
#15765=CARTESIAN_POINT('',(0.01225,0.,0.00125));
#15766=CARTESIAN_POINT('',(0.012249998666427,0.,0.000749998666427));
#15767=CARTESIAN_POINT('',(0.01275,0.,0.00075));
#15768=CARTESIAN_POINT('',(0.01275,0.,-0.00225));
#15769=CARTESIAN_POINT('',(0.01275,0.,-0.00225));
#15770=CARTESIAN_POINT('',(0.012249998666427,0.,-0.002249998666427));
#15771=CARTESIAN_POINT('',(0.01225,0.,-0.00275));
#15772=CARTESIAN_POINT('',(0.01125,0.,-0.00275));
#15773=CARTESIAN_POINT('',(0.01125,0.,-0.00275));
#15774=CARTESIAN_POINT('',(0.011250001333573,0.,-0.002249998666427));
#15775=CARTESIAN_POINT('',(0.01075,0.,0.00075));
#15776=CARTESIAN_POINT('',(0.01075,0.,-0.00225));
#15777=CARTESIAN_POINT('',(0.01075,0.,0.00075));
#15778=CARTESIAN_POINT('',(0.011250001333573,0.,0.000749998666427));
#15779=CARTESIAN_POINT('',(0.01125,0.,0.00125));
#15780=CARTESIAN_POINT('',(0.01225,0.,0.00125));
#15781=CARTESIAN_POINT('',(0.01225,0.,0.00125));
#15782=CARTESIAN_POINT('',(0.012249998666427,0.,0.000749998666427));
#15783=CARTESIAN_POINT('',(0.01275,0.,0.00075));
#15784=CARTESIAN_POINT('',(0.01275,0.,-0.00225));
#15785=CARTESIAN_POINT('',(0.01275,0.,-0.00225));
#15786=CARTESIAN_POINT('',(0.012249998666427,0.,-0.002249998666427));
#15787=CARTESIAN_POINT('',(0.01225,0.,-0.00275));
#15788=CARTESIAN_POINT('',(0.01125,0.,-0.00275));
#15789=CARTESIAN_POINT('',(0.01125,0.,-0.00275));
#15790=CARTESIAN_POINT('',(0.011250001333573,0.,-0.002249998666427));
#15791=CARTESIAN_POINT('',(0.,0.,0.));
#15792=CARTESIAN_POINT('',(0.,0.00155,0.));
#15793=CARTESIAN_POINT('',(0.0068,0.00155,0.009765));
#15794=CARTESIAN_POINT('',(0.0068,0.00155,0.009765));
#15795=CARTESIAN_POINT('',(0.0068,0.00155,0.009465));
#15796=CARTESIAN_POINT('',(0.006950000058649,0.00155,0.009764999941351));
#15797=CARTESIAN_POINT('',(0.00695,0.00155,0.009915));
#15798=CARTESIAN_POINT('',(0.0084,0.00155,0.009915));
#15799=CARTESIAN_POINT('',(0.0084,0.00155,0.009915));
#15800=CARTESIAN_POINT('',(0.008399999941351,0.00155,0.009764999941351));
#15801=CARTESIAN_POINT('',(0.00855,0.00155,0.009765));
#15802=CARTESIAN_POINT('',(0.00855,0.00155,0.009465));
#15803=CARTESIAN_POINT('',(0.00855,0.00155,0.009465));
#15804=CARTESIAN_POINT('',(0.008399999941351,0.00155,0.009465000058649));
#15805=CARTESIAN_POINT('',(0.0084,0.00155,0.009315));
#15806=CARTESIAN_POINT('',(0.00695,0.00155,0.009315));
#15807=CARTESIAN_POINT('',(0.00695,0.00155,0.009315));
#15808=CARTESIAN_POINT('',(0.006950000058649,0.00155,0.009465000058649));
#15809=CARTESIAN_POINT('',(0.,0.00151,0.));
#15810=CARTESIAN_POINT('',(0.006950000058649,0.00151,0.009465000058649));
#15811=CARTESIAN_POINT('',(0.0068,0.00151,0.009465));
#15812=CARTESIAN_POINT('',(0.00695,0.00151,0.009315));
#15813=CARTESIAN_POINT('',(0.00695,0.00151,0.009315));
#15814=CARTESIAN_POINT('',(0.0084,0.00151,0.009315));
#15815=CARTESIAN_POINT('',(0.008399999941351,0.00151,0.009465000058649));
#15816=CARTESIAN_POINT('',(0.00855,0.00151,0.009465));
#15817=CARTESIAN_POINT('',(0.00855,0.00151,0.009465));
#15818=CARTESIAN_POINT('',(0.00855,0.00151,0.009765));
#15819=CARTESIAN_POINT('',(0.008399999941351,0.00151,0.009764999941351));
#15820=CARTESIAN_POINT('',(0.0084,0.00151,0.009915));
#15821=CARTESIAN_POINT('',(0.0084,0.00151,0.009915));
#15822=CARTESIAN_POINT('',(0.00695,0.00151,0.009915));
#15823=CARTESIAN_POINT('',(0.006950000058649,0.00151,0.009764999941351));
#15824=CARTESIAN_POINT('',(0.0068,0.00151,0.009765));
#15825=CARTESIAN_POINT('',(0.0068,0.00151,0.009765));
#15826=CARTESIAN_POINT('',(0.0068,0.00151,0.009765));
#15827=CARTESIAN_POINT('',(0.0068,0.00151,0.009765));
#15828=CARTESIAN_POINT('',(0.0068,0.00151,0.009465));
#15829=CARTESIAN_POINT('',(0.006950000058649,0.00151,0.009764999941351));
#15830=CARTESIAN_POINT('',(0.00695,0.00151,0.009915));
#15831=CARTESIAN_POINT('',(0.0084,0.00151,0.009915));
#15832=CARTESIAN_POINT('',(0.0084,0.00151,0.009915));
#15833=CARTESIAN_POINT('',(0.008399999941351,0.00151,0.009764999941351));
#15834=CARTESIAN_POINT('',(0.00855,0.00151,0.009765));
#15835=CARTESIAN_POINT('',(0.00855,0.00151,0.009465));
#15836=CARTESIAN_POINT('',(0.00855,0.00151,0.009465));
#15837=CARTESIAN_POINT('',(0.008399999941351,0.00151,0.009465000058649));
#15838=CARTESIAN_POINT('',(0.0084,0.00151,0.009315));
#15839=CARTESIAN_POINT('',(0.00695,0.00151,0.009315));
#15840=CARTESIAN_POINT('',(0.00695,0.00151,0.009315));
#15841=CARTESIAN_POINT('',(0.006950000058649,0.00151,0.009465000058649));
#15842=CARTESIAN_POINT('',(0.,0.,0.));
#15843=CARTESIAN_POINT('',(0.,0.00155,0.));
#15844=CARTESIAN_POINT('',(0.0068,0.00155,0.012305));
#15845=CARTESIAN_POINT('',(0.0068,0.00155,0.012305));
#15846=CARTESIAN_POINT('',(0.0068,0.00155,0.012005));
#15847=CARTESIAN_POINT('',(0.006950000058649,0.00155,0.01230499994135));
#15848=CARTESIAN_POINT('',(0.00695,0.00155,0.012455));
#15849=CARTESIAN_POINT('',(0.0084,0.00155,0.012455));
#15850=CARTESIAN_POINT('',(0.0084,0.00155,0.012455));
#15851=CARTESIAN_POINT('',(0.008399999941351,0.00155,0.01230499994135));
#15852=CARTESIAN_POINT('',(0.00855,0.00155,0.012305));
#15853=CARTESIAN_POINT('',(0.00855,0.00155,0.012005));
#15854=CARTESIAN_POINT('',(0.00855,0.00155,0.012005));
#15855=CARTESIAN_POINT('',(0.008399999941351,0.00155,0.01200500005864));
#15856=CARTESIAN_POINT('',(0.0084,0.00155,0.011855));
#15857=CARTESIAN_POINT('',(0.00695,0.00155,0.011855));
#15858=CARTESIAN_POINT('',(0.00695,0.00155,0.011855));
#15859=CARTESIAN_POINT('',(0.006950000058649,0.00155,0.01200500005864));
#15860=CARTESIAN_POINT('',(0.,0.00151,0.));
#15861=CARTESIAN_POINT('',(0.006950000058649,0.00151,0.01200500005864));
#15862=CARTESIAN_POINT('',(0.0068,0.00151,0.012005));
#15863=CARTESIAN_POINT('',(0.00695,0.00151,0.011855));
#15864=CARTESIAN_POINT('',(0.00695,0.00151,0.011855));
#15865=CARTESIAN_POINT('',(0.0084,0.00151,0.011855));
#15866=CARTESIAN_POINT('',(0.008399999941351,0.00151,0.01200500005864));
#15867=CARTESIAN_POINT('',(0.00855,0.00151,0.012005));
#15868=CARTESIAN_POINT('',(0.00855,0.00151,0.012005));
#15869=CARTESIAN_POINT('',(0.00855,0.00151,0.012305));
#15870=CARTESIAN_POINT('',(0.008399999941351,0.00151,0.01230499994135));
#15871=CARTESIAN_POINT('',(0.0084,0.00151,0.012455));
#15872=CARTESIAN_POINT('',(0.0084,0.00151,0.012455));
#15873=CARTESIAN_POINT('',(0.00695,0.00151,0.012455));
#15874=CARTESIAN_POINT('',(0.006950000058649,0.00151,0.01230499994135));
#15875=CARTESIAN_POINT('',(0.0068,0.00151,0.012305));
#15876=CARTESIAN_POINT('',(0.0068,0.00151,0.012305));
#15877=CARTESIAN_POINT('',(0.0068,0.00151,0.012305));
#15878=CARTESIAN_POINT('',(0.0068,0.00151,0.012305));
#15879=CARTESIAN_POINT('',(0.0068,0.00151,0.012005));
#15880=CARTESIAN_POINT('',(0.006950000058649,0.00151,0.01230499994135));
#15881=CARTESIAN_POINT('',(0.00695,0.00151,0.012455));
#15882=CARTESIAN_POINT('',(0.0084,0.00151,0.012455));
#15883=CARTESIAN_POINT('',(0.0084,0.00151,0.012455));
#15884=CARTESIAN_POINT('',(0.008399999941351,0.00151,0.01230499994135));
#15885=CARTESIAN_POINT('',(0.00855,0.00151,0.012305));
#15886=CARTESIAN_POINT('',(0.00855,0.00151,0.012005));
#15887=CARTESIAN_POINT('',(0.00855,0.00151,0.012005));
#15888=CARTESIAN_POINT('',(0.008399999941351,0.00151,0.01200500005864));
#15889=CARTESIAN_POINT('',(0.0084,0.00151,0.011855));
#15890=CARTESIAN_POINT('',(0.00695,0.00151,0.011855));
#15891=CARTESIAN_POINT('',(0.00695,0.00151,0.011855));
#15892=CARTESIAN_POINT('',(0.006950000058649,0.00151,0.01200500005864));
#15893=CARTESIAN_POINT('',(0.,0.,0.));
#15894=CARTESIAN_POINT('',(0.,-4.E-5,0.));
#15895=CARTESIAN_POINT('',(0.004150001333573,-4.E-5,-0.002249998666427));
#15896=CARTESIAN_POINT('',(0.00365,-4.E-5,-0.00225));
#15897=CARTESIAN_POINT('',(0.00415,-4.E-5,-0.00275));
#15898=CARTESIAN_POINT('',(0.00415,-4.E-5,-0.00275));
#15899=CARTESIAN_POINT('',(0.00515,-4.E-5,-0.00275));
#15900=CARTESIAN_POINT('',(0.005149998666427,-4.E-5,-0.002249998666427));
#15901=CARTESIAN_POINT('',(0.00565,-4.E-5,-0.00225));
#15902=CARTESIAN_POINT('',(0.00565,-4.E-5,-0.00225));
#15903=CARTESIAN_POINT('',(0.00565,-4.E-5,0.00075));
#15904=CARTESIAN_POINT('',(0.005149998666427,-4.E-5,0.000749998666427));
#15905=CARTESIAN_POINT('',(0.00515,-4.E-5,0.00125));
#15906=CARTESIAN_POINT('',(0.00515,-4.E-5,0.00125));
#15907=CARTESIAN_POINT('',(0.00415,-4.E-5,0.00125));
#15908=CARTESIAN_POINT('',(0.004150001333573,-4.E-5,0.000749998666427));
#15909=CARTESIAN_POINT('',(0.00365,-4.E-5,0.00075));
#15910=CARTESIAN_POINT('',(0.00365,-4.E-5,0.00075));
#15911=CARTESIAN_POINT('',(0.,0.,0.));
#15912=CARTESIAN_POINT('',(0.00365,0.,0.00075));
#15913=CARTESIAN_POINT('',(0.00365,0.,0.00075));
#15914=CARTESIAN_POINT('',(0.00365,0.,-0.00225));
#15915=CARTESIAN_POINT('',(0.004150001333573,0.,0.000749998666427));
#15916=CARTESIAN_POINT('',(0.00415,0.,0.00125));
#15917=CARTESIAN_POINT('',(0.00515,0.,0.00125));
#15918=CARTESIAN_POINT('',(0.00515,0.,0.00125));
#15919=CARTESIAN_POINT('',(0.005149998666427,0.,0.000749998666427));
#15920=CARTESIAN_POINT('',(0.00565,0.,0.00075));
#15921=CARTESIAN_POINT('',(0.00565,0.,-0.00225));
#15922=CARTESIAN_POINT('',(0.00565,0.,-0.00225));
#15923=CARTESIAN_POINT('',(0.005149998666427,0.,-0.002249998666427));
#15924=CARTESIAN_POINT('',(0.00515,0.,-0.00275));
#15925=CARTESIAN_POINT('',(0.00415,0.,-0.00275));
#15926=CARTESIAN_POINT('',(0.00415,0.,-0.00275));
#15927=CARTESIAN_POINT('',(0.004150001333573,0.,-0.002249998666427));
#15928=CARTESIAN_POINT('',(0.00365,0.,0.00075));
#15929=CARTESIAN_POINT('',(0.00365,0.,-0.00225));
#15930=CARTESIAN_POINT('',(0.00365,0.,0.00075));
#15931=CARTESIAN_POINT('',(0.004150001333573,0.,0.000749998666427));
#15932=CARTESIAN_POINT('',(0.00415,0.,0.00125));
#15933=CARTESIAN_POINT('',(0.00515,0.,0.00125));
#15934=CARTESIAN_POINT('',(0.00515,0.,0.00125));
#15935=CARTESIAN_POINT('',(0.005149998666427,0.,0.000749998666427));
#15936=CARTESIAN_POINT('',(0.00565,0.,0.00075));
#15937=CARTESIAN_POINT('',(0.00565,0.,-0.00225));
#15938=CARTESIAN_POINT('',(0.00565,0.,-0.00225));
#15939=CARTESIAN_POINT('',(0.005149998666427,0.,-0.002249998666427));
#15940=CARTESIAN_POINT('',(0.00515,0.,-0.00275));
#15941=CARTESIAN_POINT('',(0.00415,0.,-0.00275));
#15942=CARTESIAN_POINT('',(0.00415,0.,-0.00275));
#15943=CARTESIAN_POINT('',(0.004150001333573,0.,-0.002249998666427));
#15944=CARTESIAN_POINT('',(0.,0.,0.));
#15945=CARTESIAN_POINT('',(0.00425,-4.6E-5,0.01275));
#15946=CARTESIAN_POINT('',(0.00425,0.00155,0.01275));
#15947=CARTESIAN_POINT('',(0.00425,0.00155,0.013125));
#15948=CARTESIAN_POINT('',(0.00425,0.00151,0.01275));
#15949=CARTESIAN_POINT('',(0.00425,0.00151,0.013125));
#15950=CARTESIAN_POINT('',(0.,0.00155,0.));
#15951=CARTESIAN_POINT('',(0.00425,0.00155,0.01275));
#15952=CARTESIAN_POINT('',(0.005249999,0.00155,0.01275));
#15953=CARTESIAN_POINT('',(0.,0.00151,0.));
#15954=CARTESIAN_POINT('',(0.00425,0.00151,0.01275));
#15955=CARTESIAN_POINT('',(0.005249999,0.00151,0.01275));
#15956=CARTESIAN_POINT('',(0.00425,0.00151,0.01275));
#15957=CARTESIAN_POINT('',(0.,0.,0.));
#15958=CARTESIAN_POINT('',(0.00425,-4.6E-5,0.01275));
#15959=CARTESIAN_POINT('',(0.00425,0.,0.01275));
#15960=CARTESIAN_POINT('',(0.00425,0.,0.013125));
#15961=CARTESIAN_POINT('',(0.00425,-4.E-5,0.01275));
#15962=CARTESIAN_POINT('',(0.00425,-4.E-5,0.013125));
#15963=CARTESIAN_POINT('',(0.,-4.E-5,0.));
#15964=CARTESIAN_POINT('',(0.00425,-4.E-5,0.01275));
#15965=CARTESIAN_POINT('',(0.005249999,-4.E-5,0.01275));
#15966=CARTESIAN_POINT('',(0.,0.,0.));
#15967=CARTESIAN_POINT('',(0.00425,0.,0.01275));
#15968=CARTESIAN_POINT('',(0.005249999,0.,0.01275));
#15969=CARTESIAN_POINT('',(0.00425,0.,0.01275));
#15970=CARTESIAN_POINT('',(0.,0.,0.));
#15971=CARTESIAN_POINT('',(0.00425,-4.6E-5,0.01275));
#15972=CARTESIAN_POINT('',(0.00425,0.00155,0.01275));
#15973=CARTESIAN_POINT('',(0.00425,0.00155,0.013125));
#15974=CARTESIAN_POINT('',(0.00425,-4.E-5,0.01275));
#15975=CARTESIAN_POINT('',(0.00425,-4.E-5,0.013125));
#15976=CARTESIAN_POINT('',(0.00425,0.00155,0.01315));
#15977=CARTESIAN_POINT('',(0.00425,0.00155,0.01275));
#15978=CARTESIAN_POINT('',(0.00425,0.00155,0.01315));
#15979=CARTESIAN_POINT('',(0.00425,-4.E-5,0.01315));
#15980=CARTESIAN_POINT('',(0.00425,-4.E-5,0.01275));
#15981=CARTESIAN_POINT('',(0.00425,-4.E-5,0.01315));
#15982=CARTESIAN_POINT('',(0.00425,-4.E-5,0.01275));
#15983=CARTESIAN_POINT('',(0.,0.,0.));
#15984=CARTESIAN_POINT('',(0.,0.00155,0.));
#15985=CARTESIAN_POINT('',(0.0068,0.00155,0.008495));
#15986=CARTESIAN_POINT('',(0.0068,0.00155,0.008495));
#15987=CARTESIAN_POINT('',(0.0068,0.00155,0.008195));
#15988=CARTESIAN_POINT('',(0.006950000058649,0.00155,0.008494999941351));
#15989=CARTESIAN_POINT('',(0.00695,0.00155,0.008645));
#15990=CARTESIAN_POINT('',(0.0084,0.00155,0.008645));
#15991=CARTESIAN_POINT('',(0.0084,0.00155,0.008645));
#15992=CARTESIAN_POINT('',(0.008399999941351,0.00155,0.008494999941351));
#15993=CARTESIAN_POINT('',(0.00855,0.00155,0.008495));
#15994=CARTESIAN_POINT('',(0.00855,0.00155,0.008195));
#15995=CARTESIAN_POINT('',(0.00855,0.00155,0.008195));
#15996=CARTESIAN_POINT('',(0.008399999941351,0.00155,0.008195000058649));
#15997=CARTESIAN_POINT('',(0.0084,0.00155,0.008045));
#15998=CARTESIAN_POINT('',(0.00695,0.00155,0.008045));
#15999=CARTESIAN_POINT('',(0.00695,0.00155,0.008045));
#16000=CARTESIAN_POINT('',(0.006950000058649,0.00155,0.008195000058649));
#16001=CARTESIAN_POINT('',(0.,0.00151,0.));
#16002=CARTESIAN_POINT('',(0.006950000058649,0.00151,0.008195000058649));
#16003=CARTESIAN_POINT('',(0.0068,0.00151,0.008195));
#16004=CARTESIAN_POINT('',(0.00695,0.00151,0.008045));
#16005=CARTESIAN_POINT('',(0.00695,0.00151,0.008045));
#16006=CARTESIAN_POINT('',(0.0084,0.00151,0.008045));
#16007=CARTESIAN_POINT('',(0.008399999941351,0.00151,0.008195000058649));
#16008=CARTESIAN_POINT('',(0.00855,0.00151,0.008195));
#16009=CARTESIAN_POINT('',(0.00855,0.00151,0.008195));
#16010=CARTESIAN_POINT('',(0.00855,0.00151,0.008495));
#16011=CARTESIAN_POINT('',(0.008399999941351,0.00151,0.008494999941351));
#16012=CARTESIAN_POINT('',(0.0084,0.00151,0.008645));
#16013=CARTESIAN_POINT('',(0.0084,0.00151,0.008645));
#16014=CARTESIAN_POINT('',(0.00695,0.00151,0.008645));
#16015=CARTESIAN_POINT('',(0.006950000058649,0.00151,0.008494999941351));
#16016=CARTESIAN_POINT('',(0.0068,0.00151,0.008495));
#16017=CARTESIAN_POINT('',(0.0068,0.00151,0.008495));
#16018=CARTESIAN_POINT('',(0.0068,0.00151,0.008495));
#16019=CARTESIAN_POINT('',(0.0068,0.00151,0.008495));
#16020=CARTESIAN_POINT('',(0.0068,0.00151,0.008195));
#16021=CARTESIAN_POINT('',(0.006950000058649,0.00151,0.008494999941351));
#16022=CARTESIAN_POINT('',(0.00695,0.00151,0.008645));
#16023=CARTESIAN_POINT('',(0.0084,0.00151,0.008645));
#16024=CARTESIAN_POINT('',(0.0084,0.00151,0.008645));
#16025=CARTESIAN_POINT('',(0.008399999941351,0.00151,0.008494999941351));
#16026=CARTESIAN_POINT('',(0.00855,0.00151,0.008495));
#16027=CARTESIAN_POINT('',(0.00855,0.00151,0.008195));
#16028=CARTESIAN_POINT('',(0.00855,0.00151,0.008195));
#16029=CARTESIAN_POINT('',(0.008399999941351,0.00151,0.008195000058649));
#16030=CARTESIAN_POINT('',(0.0084,0.00151,0.008045));
#16031=CARTESIAN_POINT('',(0.00695,0.00151,0.008045));
#16032=CARTESIAN_POINT('',(0.00695,0.00151,0.008045));
#16033=CARTESIAN_POINT('',(0.006950000058649,0.00151,0.008195000058649));
#16034=CARTESIAN_POINT('',(0.,0.,0.));
#16035=CARTESIAN_POINT('',(0.00425,-4.6E-5,0.00775));
#16036=CARTESIAN_POINT('',(0.00425,0.00155,0.00775));
#16037=CARTESIAN_POINT('',(0.00425,0.00155,0.008125));
#16038=CARTESIAN_POINT('',(0.00425,0.00151,0.00775));
#16039=CARTESIAN_POINT('',(0.00425,0.00151,0.008125));
#16040=CARTESIAN_POINT('',(0.,0.00155,0.));
#16041=CARTESIAN_POINT('',(0.00425,0.00155,0.00775));
#16042=CARTESIAN_POINT('',(0.005249999,0.00155,0.00775));
#16043=CARTESIAN_POINT('',(0.,0.00151,0.));
#16044=CARTESIAN_POINT('',(0.00425,0.00151,0.00775));
#16045=CARTESIAN_POINT('',(0.005249999,0.00151,0.00775));
#16046=CARTESIAN_POINT('',(0.00425,0.00151,0.00775));
#16047=CARTESIAN_POINT('',(0.,0.,0.));
#16048=CARTESIAN_POINT('',(0.00425,-4.6E-5,0.00775));
#16049=CARTESIAN_POINT('',(0.00425,0.,0.00775));
#16050=CARTESIAN_POINT('',(0.00425,0.,0.008125));
#16051=CARTESIAN_POINT('',(0.00425,-4.E-5,0.00775));
#16052=CARTESIAN_POINT('',(0.00425,-4.E-5,0.008125));
#16053=CARTESIAN_POINT('',(0.,-4.E-5,0.));
#16054=CARTESIAN_POINT('',(0.00425,-4.E-5,0.00775));
#16055=CARTESIAN_POINT('',(0.005249999,-4.E-5,0.00775));
#16056=CARTESIAN_POINT('',(0.,0.,0.));
#16057=CARTESIAN_POINT('',(0.00425,0.,0.00775));
#16058=CARTESIAN_POINT('',(0.005249999,0.,0.00775));
#16059=CARTESIAN_POINT('',(0.00425,0.,0.00775));
#16060=CARTESIAN_POINT('',(0.,0.,0.));
#16061=CARTESIAN_POINT('',(0.00425,-4.6E-5,0.00775));
#16062=CARTESIAN_POINT('',(0.00425,0.00155,0.00775));
#16063=CARTESIAN_POINT('',(0.00425,0.00155,0.008125));
#16064=CARTESIAN_POINT('',(0.00425,-4.E-5,0.00775));
#16065=CARTESIAN_POINT('',(0.00425,-4.E-5,0.008125));
#16066=CARTESIAN_POINT('',(0.00425,0.00155,0.00815));
#16067=CARTESIAN_POINT('',(0.00425,0.00155,0.00775));
#16068=CARTESIAN_POINT('',(0.00425,0.00155,0.00815));
#16069=CARTESIAN_POINT('',(0.00425,-4.E-5,0.00815));
#16070=CARTESIAN_POINT('',(0.00425,-4.E-5,0.00775));
#16071=CARTESIAN_POINT('',(0.00425,-4.E-5,0.00815));
#16072=CARTESIAN_POINT('',(0.00425,-4.E-5,0.00775));
#16073=CARTESIAN_POINT('',(0.,0.,0.));
#16074=CARTESIAN_POINT('',(0.,-4.E-5,0.));
#16075=CARTESIAN_POINT('',(0.007700001333573,-4.E-5,-0.002249998666427));
#16076=CARTESIAN_POINT('',(0.0072,-4.E-5,-0.00225));
#16077=CARTESIAN_POINT('',(0.0077,-4.E-5,-0.00275));
#16078=CARTESIAN_POINT('',(0.0077,-4.E-5,-0.00275));
#16079=CARTESIAN_POINT('',(0.0087,-4.E-5,-0.00275));
#16080=CARTESIAN_POINT('',(0.008699998666427,-4.E-5,-0.002249998666427));
#16081=CARTESIAN_POINT('',(0.0092,-4.E-5,-0.00225));
#16082=CARTESIAN_POINT('',(0.0092,-4.E-5,-0.00225));
#16083=CARTESIAN_POINT('',(0.0092,-4.E-5,0.00075));
#16084=CARTESIAN_POINT('',(0.008699998666427,-4.E-5,0.000749998666427));
#16085=CARTESIAN_POINT('',(0.0087,-4.E-5,0.00125));
#16086=CARTESIAN_POINT('',(0.0087,-4.E-5,0.00125));
#16087=CARTESIAN_POINT('',(0.0077,-4.E-5,0.00125));
#16088=CARTESIAN_POINT('',(0.007700001333573,-4.E-5,0.000749998666427));
#16089=CARTESIAN_POINT('',(0.0072,-4.E-5,0.00075));
#16090=CARTESIAN_POINT('',(0.0072,-4.E-5,0.00075));
#16091=CARTESIAN_POINT('',(0.,0.,0.));
#16092=CARTESIAN_POINT('',(0.0072,0.,0.00075));
#16093=CARTESIAN_POINT('',(0.0072,0.,0.00075));
#16094=CARTESIAN_POINT('',(0.0072,0.,-0.00225));
#16095=CARTESIAN_POINT('',(0.007700001333573,0.,0.000749998666427));
#16096=CARTESIAN_POINT('',(0.0077,0.,0.00125));
#16097=CARTESIAN_POINT('',(0.0087,0.,0.00125));
#16098=CARTESIAN_POINT('',(0.0087,0.,0.00125));
#16099=CARTESIAN_POINT('',(0.008699998666427,0.,0.000749998666427));
#16100=CARTESIAN_POINT('',(0.0092,0.,0.00075));
#16101=CARTESIAN_POINT('',(0.0092,0.,-0.00225));
#16102=CARTESIAN_POINT('',(0.0092,0.,-0.00225));
#16103=CARTESIAN_POINT('',(0.008699998666427,0.,-0.002249998666427));
#16104=CARTESIAN_POINT('',(0.0087,0.,-0.00275));
#16105=CARTESIAN_POINT('',(0.0077,0.,-0.00275));
#16106=CARTESIAN_POINT('',(0.0077,0.,-0.00275));
#16107=CARTESIAN_POINT('',(0.007700001333573,0.,-0.002249998666427));
#16108=CARTESIAN_POINT('',(0.0072,0.,0.00075));
#16109=CARTESIAN_POINT('',(0.0072,0.,-0.00225));
#16110=CARTESIAN_POINT('',(0.0072,0.,0.00075));
#16111=CARTESIAN_POINT('',(0.007700001333573,0.,0.000749998666427));
#16112=CARTESIAN_POINT('',(0.0077,0.,0.00125));
#16113=CARTESIAN_POINT('',(0.0087,0.,0.00125));
#16114=CARTESIAN_POINT('',(0.0087,0.,0.00125));
#16115=CARTESIAN_POINT('',(0.008699998666427,0.,0.000749998666427));
#16116=CARTESIAN_POINT('',(0.0092,0.,0.00075));
#16117=CARTESIAN_POINT('',(0.0092,0.,-0.00225));
#16118=CARTESIAN_POINT('',(0.0092,0.,-0.00225));
#16119=CARTESIAN_POINT('',(0.008699998666427,0.,-0.002249998666427));
#16120=CARTESIAN_POINT('',(0.0087,0.,-0.00275));
#16121=CARTESIAN_POINT('',(0.0077,0.,-0.00275));
#16122=CARTESIAN_POINT('',(0.0077,0.,-0.00275));
#16123=CARTESIAN_POINT('',(0.007700001333573,0.,-0.002249998666427));
#16124=CARTESIAN_POINT('',(0.,0.,0.));
#16125=CARTESIAN_POINT('',(0.,0.00155,0.));
#16126=CARTESIAN_POINT('',(0.0068,0.00155,0.011035));
#16127=CARTESIAN_POINT('',(0.0068,0.00155,0.011035));
#16128=CARTESIAN_POINT('',(0.0068,0.00155,0.010735));
#16129=CARTESIAN_POINT('',(0.006950000058649,0.00155,0.01103499994135));
#16130=CARTESIAN_POINT('',(0.00695,0.00155,0.011185));
#16131=CARTESIAN_POINT('',(0.0084,0.00155,0.011185));
#16132=CARTESIAN_POINT('',(0.0084,0.00155,0.011185));
#16133=CARTESIAN_POINT('',(0.008399999941351,0.00155,0.01103499994135));
#16134=CARTESIAN_POINT('',(0.00855,0.00155,0.011035));
#16135=CARTESIAN_POINT('',(0.00855,0.00155,0.010735));
#16136=CARTESIAN_POINT('',(0.00855,0.00155,0.010735));
#16137=CARTESIAN_POINT('',(0.008399999941351,0.00155,0.01073500005864));
#16138=CARTESIAN_POINT('',(0.0084,0.00155,0.010585));
#16139=CARTESIAN_POINT('',(0.00695,0.00155,0.010585));
#16140=CARTESIAN_POINT('',(0.00695,0.00155,0.010585));
#16141=CARTESIAN_POINT('',(0.006950000058649,0.00155,0.01073500005864));
#16142=CARTESIAN_POINT('',(0.,0.00151,0.));
#16143=CARTESIAN_POINT('',(0.006950000058649,0.00151,0.01073500005864));
#16144=CARTESIAN_POINT('',(0.0068,0.00151,0.010735));
#16145=CARTESIAN_POINT('',(0.00695,0.00151,0.010585));
#16146=CARTESIAN_POINT('',(0.00695,0.00151,0.010585));
#16147=CARTESIAN_POINT('',(0.0084,0.00151,0.010585));
#16148=CARTESIAN_POINT('',(0.008399999941351,0.00151,0.01073500005864));
#16149=CARTESIAN_POINT('',(0.00855,0.00151,0.010735));
#16150=CARTESIAN_POINT('',(0.00855,0.00151,0.010735));
#16151=CARTESIAN_POINT('',(0.00855,0.00151,0.011035));
#16152=CARTESIAN_POINT('',(0.008399999941351,0.00151,0.01103499994135));
#16153=CARTESIAN_POINT('',(0.0084,0.00151,0.011185));
#16154=CARTESIAN_POINT('',(0.0084,0.00151,0.011185));
#16155=CARTESIAN_POINT('',(0.00695,0.00151,0.011185));
#16156=CARTESIAN_POINT('',(0.006950000058649,0.00151,0.01103499994135));
#16157=CARTESIAN_POINT('',(0.0068,0.00151,0.011035));
#16158=CARTESIAN_POINT('',(0.0068,0.00151,0.011035));
#16159=CARTESIAN_POINT('',(0.0068,0.00151,0.011035));
#16160=CARTESIAN_POINT('',(0.0068,0.00151,0.011035));
#16161=CARTESIAN_POINT('',(0.0068,0.00151,0.010735));
#16162=CARTESIAN_POINT('',(0.006950000058649,0.00151,0.01103499994135));
#16163=CARTESIAN_POINT('',(0.00695,0.00151,0.011185));
#16164=CARTESIAN_POINT('',(0.0084,0.00151,0.011185));
#16165=CARTESIAN_POINT('',(0.0084,0.00151,0.011185));
#16166=CARTESIAN_POINT('',(0.008399999941351,0.00151,0.01103499994135));
#16167=CARTESIAN_POINT('',(0.00855,0.00151,0.011035));
#16168=CARTESIAN_POINT('',(0.00855,0.00151,0.010735));
#16169=CARTESIAN_POINT('',(0.00855,0.00151,0.010735));
#16170=CARTESIAN_POINT('',(0.008399999941351,0.00151,0.01073500005864));
#16171=CARTESIAN_POINT('',(0.0084,0.00151,0.010585));
#16172=CARTESIAN_POINT('',(0.00695,0.00151,0.010585));
#16173=CARTESIAN_POINT('',(0.00695,0.00151,0.010585));
#16174=CARTESIAN_POINT('',(0.006950000058649,0.00151,0.01073500005864));
#16175=CARTESIAN_POINT('',(0.,0.,0.));
#16176=CARTESIAN_POINT('',(0.,0.00155,0.));
#16177=CARTESIAN_POINT('',(0.01195,0.00155,0.012305));
#16178=CARTESIAN_POINT('',(0.01195,0.00155,0.012305));
#16179=CARTESIAN_POINT('',(0.01195,0.00155,0.012005));
#16180=CARTESIAN_POINT('',(0.012100000058649,0.00155,0.01230499994135));
#16181=CARTESIAN_POINT('',(0.0121,0.00155,0.012455));
#16182=CARTESIAN_POINT('',(0.01355,0.00155,0.012455));
#16183=CARTESIAN_POINT('',(0.01355,0.00155,0.012455));
#16184=CARTESIAN_POINT('',(0.013549999941351,0.00155,0.01230499994135));
#16185=CARTESIAN_POINT('',(0.0137,0.00155,0.012305));
#16186=CARTESIAN_POINT('',(0.0137,0.00155,0.012005));
#16187=CARTESIAN_POINT('',(0.0137,0.00155,0.012005));
#16188=CARTESIAN_POINT('',(0.013549999941351,0.00155,0.01200500005864));
#16189=CARTESIAN_POINT('',(0.01355,0.00155,0.011855));
#16190=CARTESIAN_POINT('',(0.0121,0.00155,0.011855));
#16191=CARTESIAN_POINT('',(0.0121,0.00155,0.011855));
#16192=CARTESIAN_POINT('',(0.012100000058649,0.00155,0.01200500005864));
#16193=CARTESIAN_POINT('',(0.,0.00151,0.));
#16194=CARTESIAN_POINT('',(0.012100000058649,0.00151,0.01200500005864));
#16195=CARTESIAN_POINT('',(0.01195,0.00151,0.012005));
#16196=CARTESIAN_POINT('',(0.0121,0.00151,0.011855));
#16197=CARTESIAN_POINT('',(0.0121,0.00151,0.011855));
#16198=CARTESIAN_POINT('',(0.01355,0.00151,0.011855));
#16199=CARTESIAN_POINT('',(0.013549999941351,0.00151,0.01200500005864));
#16200=CARTESIAN_POINT('',(0.0137,0.00151,0.012005));
#16201=CARTESIAN_POINT('',(0.0137,0.00151,0.012005));
#16202=CARTESIAN_POINT('',(0.0137,0.00151,0.012305));
#16203=CARTESIAN_POINT('',(0.013549999941351,0.00151,0.01230499994135));
#16204=CARTESIAN_POINT('',(0.01355,0.00151,0.012455));
#16205=CARTESIAN_POINT('',(0.01355,0.00151,0.012455));
#16206=CARTESIAN_POINT('',(0.0121,0.00151,0.012455));
#16207=CARTESIAN_POINT('',(0.012100000058649,0.00151,0.01230499994135));
#16208=CARTESIAN_POINT('',(0.01195,0.00151,0.012305));
#16209=CARTESIAN_POINT('',(0.01195,0.00151,0.012305));
#16210=CARTESIAN_POINT('',(0.01195,0.00151,0.012305));
#16211=CARTESIAN_POINT('',(0.01195,0.00151,0.012305));
#16212=CARTESIAN_POINT('',(0.01195,0.00151,0.012005));
#16213=CARTESIAN_POINT('',(0.012100000058649,0.00151,0.01230499994135));
#16214=CARTESIAN_POINT('',(0.0121,0.00151,0.012455));
#16215=CARTESIAN_POINT('',(0.01355,0.00151,0.012455));
#16216=CARTESIAN_POINT('',(0.01355,0.00151,0.012455));
#16217=CARTESIAN_POINT('',(0.013549999941351,0.00151,0.01230499994135));
#16218=CARTESIAN_POINT('',(0.0137,0.00151,0.012305));
#16219=CARTESIAN_POINT('',(0.0137,0.00151,0.012005));
#16220=CARTESIAN_POINT('',(0.0137,0.00151,0.012005));
#16221=CARTESIAN_POINT('',(0.013549999941351,0.00151,0.01200500005864));
#16222=CARTESIAN_POINT('',(0.01355,0.00151,0.011855));
#16223=CARTESIAN_POINT('',(0.0121,0.00151,0.011855));
#16224=CARTESIAN_POINT('',(0.0121,0.00151,0.011855));
#16225=CARTESIAN_POINT('',(0.012100000058649,0.00151,0.01200500005864));
#16226=CARTESIAN_POINT('',(0.,0.,0.));
#16227=CARTESIAN_POINT('',(0.,0.00155,0.));
#16228=CARTESIAN_POINT('',(0.01195,0.00155,0.008495));
#16229=CARTESIAN_POINT('',(0.01195,0.00155,0.008495));
#16230=CARTESIAN_POINT('',(0.01195,0.00155,0.008195));
#16231=CARTESIAN_POINT('',(0.012100000058649,0.00155,0.008494999941351));
#16232=CARTESIAN_POINT('',(0.0121,0.00155,0.008645));
#16233=CARTESIAN_POINT('',(0.01355,0.00155,0.008645));
#16234=CARTESIAN_POINT('',(0.01355,0.00155,0.008645));
#16235=CARTESIAN_POINT('',(0.013549999941351,0.00155,0.008494999941351));
#16236=CARTESIAN_POINT('',(0.0137,0.00155,0.008495));
#16237=CARTESIAN_POINT('',(0.0137,0.00155,0.008195));
#16238=CARTESIAN_POINT('',(0.0137,0.00155,0.008195));
#16239=CARTESIAN_POINT('',(0.013549999941351,0.00155,0.008195000058649));
#16240=CARTESIAN_POINT('',(0.01355,0.00155,0.008045));
#16241=CARTESIAN_POINT('',(0.0121,0.00155,0.008045));
#16242=CARTESIAN_POINT('',(0.0121,0.00155,0.008045));
#16243=CARTESIAN_POINT('',(0.012100000058649,0.00155,0.008195000058649));
#16244=CARTESIAN_POINT('',(0.,0.00151,0.));
#16245=CARTESIAN_POINT('',(0.012100000058649,0.00151,0.008195000058649));
#16246=CARTESIAN_POINT('',(0.01195,0.00151,0.008195));
#16247=CARTESIAN_POINT('',(0.0121,0.00151,0.008045));
#16248=CARTESIAN_POINT('',(0.0121,0.00151,0.008045));
#16249=CARTESIAN_POINT('',(0.01355,0.00151,0.008045));
#16250=CARTESIAN_POINT('',(0.013549999941351,0.00151,0.008195000058649));
#16251=CARTESIAN_POINT('',(0.0137,0.00151,0.008195));
#16252=CARTESIAN_POINT('',(0.0137,0.00151,0.008195));
#16253=CARTESIAN_POINT('',(0.0137,0.00151,0.008495));
#16254=CARTESIAN_POINT('',(0.013549999941351,0.00151,0.008494999941351));
#16255=CARTESIAN_POINT('',(0.01355,0.00151,0.008645));
#16256=CARTESIAN_POINT('',(0.01355,0.00151,0.008645));
#16257=CARTESIAN_POINT('',(0.0121,0.00151,0.008645));
#16258=CARTESIAN_POINT('',(0.012100000058649,0.00151,0.008494999941351));
#16259=CARTESIAN_POINT('',(0.01195,0.00151,0.008495));
#16260=CARTESIAN_POINT('',(0.01195,0.00151,0.008495));
#16261=CARTESIAN_POINT('',(0.01195,0.00151,0.008495));
#16262=CARTESIAN_POINT('',(0.01195,0.00151,0.008495));
#16263=CARTESIAN_POINT('',(0.01195,0.00151,0.008195));
#16264=CARTESIAN_POINT('',(0.012100000058649,0.00151,0.008494999941351));
#16265=CARTESIAN_POINT('',(0.0121,0.00151,0.008645));
#16266=CARTESIAN_POINT('',(0.01355,0.00151,0.008645));
#16267=CARTESIAN_POINT('',(0.01355,0.00151,0.008645));
#16268=CARTESIAN_POINT('',(0.013549999941351,0.00151,0.008494999941351));
#16269=CARTESIAN_POINT('',(0.0137,0.00151,0.008495));
#16270=CARTESIAN_POINT('',(0.0137,0.00151,0.008195));
#16271=CARTESIAN_POINT('',(0.0137,0.00151,0.008195));
#16272=CARTESIAN_POINT('',(0.013549999941351,0.00151,0.008195000058649));
#16273=CARTESIAN_POINT('',(0.01355,0.00151,0.008045));
#16274=CARTESIAN_POINT('',(0.0121,0.00151,0.008045));
#16275=CARTESIAN_POINT('',(0.0121,0.00151,0.008045));
#16276=CARTESIAN_POINT('',(0.012100000058649,0.00151,0.008195000058649));
#16277=CARTESIAN_POINT('',(0.,0.,0.));
#16278=CARTESIAN_POINT('',(0.015850003,0.001545,0.0074));
#16279=CARTESIAN_POINT('',(0.015850003,0.001545,0.00725));
#16280=CARTESIAN_POINT('',(0.015850003,0.001545,0.0074));
#16281=CARTESIAN_POINT('',(0.015850003,-3.5E-5,0.0074));
#16282=CARTESIAN_POINT('',(0.015850003,-3.5E-5,0.00725));
#16283=CARTESIAN_POINT('',(0.015850003,-3.5E-5,0.0074));
#16284=CARTESIAN_POINT('',(0.015850003,-3.5E-5,0.00725));
#16285=CARTESIAN_POINT('',(0.,0.,0.));
#16286=CARTESIAN_POINT('',(0.01475,0.001545,0.0074));
#16287=CARTESIAN_POINT('',(0.01475,0.001545,0.00725));
#16288=CARTESIAN_POINT('',(0.01475,0.001545,0.0074));
#16289=CARTESIAN_POINT('',(0.01475,-3.5E-5,0.0074));
#16290=CARTESIAN_POINT('',(0.01475,-3.5E-5,0.00725));
#16291=CARTESIAN_POINT('',(0.01475,-3.5E-5,0.0074));
#16292=CARTESIAN_POINT('',(0.01475,-3.5E-5,0.00725));
#16293=CARTESIAN_POINT('',(0.,0.,0.));
#16294=CARTESIAN_POINT('',(0.,0.001585,0.));
#16295=CARTESIAN_POINT('',(0.00813,0.001585,0.012715));
#16296=CARTESIAN_POINT('',(0.00813,0.001585,0.012715));
#16297=CARTESIAN_POINT('',(0.008134567,0.001585,0.012692039));
#16298=CARTESIAN_POINT('',(0.00813,0.001585,0.01281));
#16299=CARTESIAN_POINT('',(0.00813,0.001585,0.01281));
#16300=CARTESIAN_POINT('',(0.008189999320159,0.001585,0.01281000067984));
#16301=CARTESIAN_POINT('',(0.00819,0.001585,0.01287));
#16302=CARTESIAN_POINT('',(0.01231,0.001585,0.01287));
#16303=CARTESIAN_POINT('',(0.01231,0.001585,0.01287));
#16304=CARTESIAN_POINT('',(0.012310000679841,0.001585,0.01281000067984));
#16305=CARTESIAN_POINT('',(0.01237,0.001585,0.01281));
#16306=CARTESIAN_POINT('',(0.01237,0.001585,0.012715));
#16307=CARTESIAN_POINT('',(0.01237,0.001585,0.012715));
#16308=CARTESIAN_POINT('',(0.012309999926814,0.001585,0.01271499982331));
#16309=CARTESIAN_POINT('',(0.012254567,0.001585,0.012692039));
#16310=CARTESIAN_POINT('',(0.01225,0.001585,0.01275));
#16311=CARTESIAN_POINT('',(0.01225,0.001585,0.01275));
#16312=CARTESIAN_POINT('',(0.00825,0.001585,0.01275));
#16313=CARTESIAN_POINT('',(0.00825,0.001585,0.01275));
#16314=CARTESIAN_POINT('',(0.008245433,0.001585,0.012692039));
#16315=CARTESIAN_POINT('',(0.008245433,0.001585,0.012692039));
#16316=CARTESIAN_POINT('',(0.00819,0.001585,0.012715));
#16317=CARTESIAN_POINT('',(0.,0.,0.));
#16318=CARTESIAN_POINT('',(0.,0.001585,0.));
#16319=CARTESIAN_POINT('',(0.00813,0.001585,0.007785));
#16320=CARTESIAN_POINT('',(0.00813,0.001585,0.007785));
#16321=CARTESIAN_POINT('',(0.00813,0.001585,0.00769));
#16322=CARTESIAN_POINT('',(0.008190000073186,0.001585,0.007785000176686));
#16323=CARTESIAN_POINT('',(0.008245433,0.001585,0.007807961));
#16324=CARTESIAN_POINT('',(0.00825,0.001585,0.00775));
#16325=CARTESIAN_POINT('',(0.00825,0.001585,0.00775));
#16326=CARTESIAN_POINT('',(0.01225,0.001585,0.00775));
#16327=CARTESIAN_POINT('',(0.01225,0.001585,0.00775));
#16328=CARTESIAN_POINT('',(0.012254567,0.001585,0.007807961));
#16329=CARTESIAN_POINT('',(0.012254567,0.001585,0.007807961));
#16330=CARTESIAN_POINT('',(0.012309999926814,0.001585,0.007785000176686));
#16331=CARTESIAN_POINT('',(0.01237,0.001585,0.007785));
#16332=CARTESIAN_POINT('',(0.01237,0.001585,0.00769));
#16333=CARTESIAN_POINT('',(0.01237,0.001585,0.00769));
#16334=CARTESIAN_POINT('',(0.012310000679841,0.001585,0.007689999320159));
#16335=CARTESIAN_POINT('',(0.01231,0.001585,0.00763));
#16336=CARTESIAN_POINT('',(0.00819,0.001585,0.00763));
#16337=CARTESIAN_POINT('',(0.00819,0.001585,0.00763));
#16338=CARTESIAN_POINT('',(0.008189999320159,0.001585,0.007689999320159));
#16339=CARTESIAN_POINT('',(0.,0.,0.));
#16340=CARTESIAN_POINT('',(0.,0.001585,0.));
#16341=CARTESIAN_POINT('',(0.00761471,0.001585,0.007828524));
#16342=CARTESIAN_POINT('',(0.00761471,0.001585,0.007828524));
#16343=CARTESIAN_POINT('',(0.007361476,0.001585,0.00748529));
#16344=CARTESIAN_POINT('',(0.007659358,0.001585,0.007839266));
#16345=CARTESIAN_POINT('',(0.007659358,0.001585,0.007839266));
#16346=CARTESIAN_POINT('',(0.007698524,0.001585,0.00781529));
#16347=CARTESIAN_POINT('',(0.007698524,0.001585,0.00781529));
#16348=CARTESIAN_POINT('',(0.007938524,0.001585,0.00748529));
#16349=CARTESIAN_POINT('',(0.007938524,0.001585,0.00748529));
#16350=CARTESIAN_POINT('',(0.007889999071532,0.001585,0.007450000276955));
#16351=CARTESIAN_POINT('',(0.00789,0.001585,0.00739));
#16352=CARTESIAN_POINT('',(0.00741,0.001585,0.00739));
#16353=CARTESIAN_POINT('',(0.00741,0.001585,0.00739));
#16354=CARTESIAN_POINT('',(0.007409999241948,0.001585,0.007449999418137));
#16355=CARTESIAN_POINT('',(0.,0.,0.));
#16356=CARTESIAN_POINT('',(0.,0.001585,0.));
#16357=CARTESIAN_POINT('',(0.009425735,0.001585,0.006263151));
#16358=CARTESIAN_POINT('',(0.009425735,0.001585,0.006263151));
#16359=CARTESIAN_POINT('',(0.009446427,0.001585,0.006242459));
#16360=CARTESIAN_POINT('',(0.009414536,0.001585,0.006290187));
#16361=CARTESIAN_POINT('',(0.009414536,0.001585,0.006290187));
#16362=CARTESIAN_POINT('',(0.009414536,0.001585,0.007128974));
#16363=CARTESIAN_POINT('',(0.009414536,0.001585,0.007128974));
#16364=CARTESIAN_POINT('',(0.009751936613227,0.001585,0.007041209428472));
#16365=CARTESIAN_POINT('',(0.009658761,0.001585,0.007377156));
#16366=CARTESIAN_POINT('',(0.009883679,0.001585,0.007378378));
#16367=CARTESIAN_POINT('',(0.009883679,0.001585,0.007378378));
#16368=CARTESIAN_POINT('',(0.009795907481291,0.001585,0.007040972084155));
#16369=CARTESIAN_POINT('',(0.01013186,0.001585,0.007134152));
#16370=CARTESIAN_POINT('',(0.010134523,0.001585,0.006304819));
#16371=CARTESIAN_POINT('',(0.010134523,0.001585,0.006304819));
#16372=CARTESIAN_POINT('',(0.010059522932885,0.001585,0.006304818932885));
#16373=CARTESIAN_POINT('',(0.009985964,0.001585,0.006290187));
#16374=CARTESIAN_POINT('',(0.009984523,0.001585,0.007096637));
#16375=CARTESIAN_POINT('',(0.009984523,0.001585,0.007096637));
#16376=CARTESIAN_POINT('',(0.009803802969282,0.001585,0.007049099326226));
#16377=CARTESIAN_POINT('',(0.009851342,0.001585,0.007229819));
#16378=CARTESIAN_POINT('',(0.009696276,0.001585,0.007229819));
#16379=CARTESIAN_POINT('',(0.009696276,0.001585,0.007229819));
#16380=CARTESIAN_POINT('',(0.009743814713883,0.001585,0.007049099643058));
#16381=CARTESIAN_POINT('',(0.009563095,0.001585,0.007096637));
#16382=CARTESIAN_POINT('',(0.009563095,0.001585,0.006304819));
#16383=CARTESIAN_POINT('',(0.009563095,0.001585,0.006304819));
#16384=CARTESIAN_POINT('',(0.009488095,0.001585,0.006304819065555));
#16385=CARTESIAN_POINT('',(0.,0.,0.));
#16386=CARTESIAN_POINT('',(0.,0.001585,0.));
#16387=CARTESIAN_POINT('',(0.010950265,0.001585,0.006444484));
#16388=CARTESIAN_POINT('',(0.010950265,0.001585,0.006444484));
#16389=CARTESIAN_POINT('',(0.010919858,0.001585,0.006414077));
#16390=CARTESIAN_POINT('',(0.010696193,0.001585,0.0066143425));
#16391=CARTESIAN_POINT('',(0.010950265,0.001585,0.006784201));
#16392=CARTESIAN_POINT('',(0.010919858,0.001585,0.006814608));
#16393=CARTESIAN_POINT('',(0.010919858,0.001585,0.006814608));
#16394=CARTESIAN_POINT('',(0.010773809,0.001585,0.006608155));
#16395=CARTESIAN_POINT('',(0.01062776,0.001585,0.006814608));
#16396=CARTESIAN_POINT('',(0.010597353,0.001585,0.006784201));
#16397=CARTESIAN_POINT('',(0.010597353,0.001585,0.006784201));
#16398=CARTESIAN_POINT('',(0.010851425,0.001585,0.0066143425));
#16399=CARTESIAN_POINT('',(0.010597353,0.001585,0.006444484));
#16400=CARTESIAN_POINT('',(0.01062776,0.001585,0.006414077));
#16401=CARTESIAN_POINT('',(0.01062776,0.001585,0.006414077));
#16402=CARTESIAN_POINT('',(0.010773809,0.001585,0.00662053));
#16403=CARTESIAN_POINT('',(0.010477962,0.001585,0.006352773));
#16404=CARTESIAN_POINT('',(0.010477962,0.001585,0.006352773));
#16405=CARTESIAN_POINT('',(0.010543492,0.001585,0.00628932));
#16406=CARTESIAN_POINT('',(0.010415758,0.001585,0.006475486));
#16407=CARTESIAN_POINT('',(0.010415758,0.001585,0.006475486));
#16408=CARTESIAN_POINT('',(0.010414536,0.001585,0.006748022));
#16409=CARTESIAN_POINT('',(0.010414536,0.001585,0.006748022));
#16410=CARTESIAN_POINT('',(0.010751936030202,0.001585,0.00666025664857));
#16411=CARTESIAN_POINT('',(0.010658761,0.001585,0.006996203));
#16412=CARTESIAN_POINT('',(0.010883679,0.001585,0.006997425));
#16413=CARTESIAN_POINT('',(0.010883679,0.001585,0.006997425));
#16414=CARTESIAN_POINT('',(0.010960818,0.001585,0.006961833));
#16415=CARTESIAN_POINT('',(0.010960818,0.001585,0.006961833));
#16416=CARTESIAN_POINT('',(0.010942294,0.001585,0.007035929));
#16417=CARTESIAN_POINT('',(0.010942294,0.001585,0.007035929));
#16418=CARTESIAN_POINT('',(0.010858379,0.001585,0.0071618));
#16419=CARTESIAN_POINT('',(0.010858379,0.001585,0.0071618));
#16420=CARTESIAN_POINT('',(0.010824619,0.001585,0.007195561));
#16421=CARTESIAN_POINT('',(0.010824619,0.001585,0.007195561));
#16422=CARTESIAN_POINT('',(0.010756104,0.001585,0.007229819));
#16423=CARTESIAN_POINT('',(0.010756104,0.001585,0.007229819));
#16424=CARTESIAN_POINT('',(0.010583333,0.001585,0.007229819));
#16425=CARTESIAN_POINT('',(0.010583333,0.001585,0.007229819));
#16426=CARTESIAN_POINT('',(0.010583332932885,0.001585,0.007304819067115));
#16427=CARTESIAN_POINT('',(0.010568701,0.001585,0.007378378));
#16428=CARTESIAN_POINT('',(0.010788441,0.001585,0.007378378));
#16429=CARTESIAN_POINT('',(0.010788441,0.001585,0.007378378));
#16430=CARTESIAN_POINT('',(0.010902588,0.001585,0.007324282));
#16431=CARTESIAN_POINT('',(0.010902588,0.001585,0.007324282));
#16432=CARTESIAN_POINT('',(0.010524112688502,0.001585,0.006845742634949));
#16433=CARTESIAN_POINT('',(0.011132284,0.001585,0.006894437));
#16434=CARTESIAN_POINT('',(0.011133082,0.001585,0.006480663));
#16435=CARTESIAN_POINT('',(0.011133082,0.001585,0.006480663));
#16436=CARTESIAN_POINT('',(0.011075021,0.001585,0.006360216));
#16437=CARTESIAN_POINT('',(0.011075021,0.001585,0.006360216));
#16438=CARTESIAN_POINT('',(0.011011568,0.001585,0.006294686));
#16439=CARTESIAN_POINT('',(0.011011568,0.001585,0.006294686));
#16440=CARTESIAN_POINT('',(0.010773845870627,0.001585,0.006613369481614));
#16441=CARTESIAN_POINT('',(0.,0.,0.));
#16442=CARTESIAN_POINT('',(0.,-7.5E-5,0.));
#16443=CARTESIAN_POINT('',(0.0057,-7.5E-5,0.0127));
#16444=CARTESIAN_POINT('',(0.0057,-7.5E-5,0.0127));
#16445=CARTESIAN_POINT('',(0.0057,-7.5E-5,0.0078));
#16446=CARTESIAN_POINT('',(0.0057,-7.5E-5,0.0078));
#16447=CARTESIAN_POINT('',(0.0028,-7.5E-5,0.0078));
#16448=CARTESIAN_POINT('',(0.0028,-7.5E-5,0.0078));
#16449=CARTESIAN_POINT('',(0.0028,-7.5E-5,0.0127));
#16450=CARTESIAN_POINT('',(0.0028,-7.5E-5,0.0127));
#16451=CARTESIAN_POINT('',(0.002750000143789,-7.5E-5,0.007750000143789));
#16452=CARTESIAN_POINT('',(0.0027,-7.5E-5,0.00775));
#16453=CARTESIAN_POINT('',(0.00275,-7.5E-5,0.0077));
#16454=CARTESIAN_POINT('',(0.00275,-7.5E-5,0.0077));
#16455=CARTESIAN_POINT('',(0.00575,-7.5E-5,0.0077));
#16456=CARTESIAN_POINT('',(0.005749999856211,-7.5E-5,0.007750000143789));
#16457=CARTESIAN_POINT('',(0.0058,-7.5E-5,0.00775));
#16458=CARTESIAN_POINT('',(0.0058,-7.5E-5,0.00775));
#16459=CARTESIAN_POINT('',(0.0058,-7.5E-5,0.01275));
#16460=CARTESIAN_POINT('',(0.005749999856211,-7.5E-5,0.01274999985621));
#16461=CARTESIAN_POINT('',(0.00575,-7.5E-5,0.0128));
#16462=CARTESIAN_POINT('',(0.00575,-7.5E-5,0.0128));
#16463=CARTESIAN_POINT('',(0.00275,-7.5E-5,0.0128));
#16464=CARTESIAN_POINT('',(0.002750000143789,-7.5E-5,0.01274999985621));
#16465=CARTESIAN_POINT('',(0.0027,-7.5E-5,0.01275));
#16466=CARTESIAN_POINT('',(0.0027,-7.5E-5,0.01275));
#16467=CARTESIAN_POINT('',(0.,0.,0.));
#16468=CARTESIAN_POINT('',(0.,-7.5E-5,0.));
#16469=CARTESIAN_POINT('',(0.0014217035,-7.5E-5,0.01077793881063));
#16470=CARTESIAN_POINT('',(0.001582561,-7.5E-5,0.010552997));
#16471=CARTESIAN_POINT('',(0.001260846,-7.5E-5,0.010552997));
#16472=CARTESIAN_POINT('',(0.001260846,-7.5E-5,0.010552997));
#16473=CARTESIAN_POINT('',(0.001224701,-7.5E-5,0.010589141));
#16474=CARTESIAN_POINT('',(0.001449644810687,-7.5E-5,0.0107499995));
#16475=CARTESIAN_POINT('',(0.001224701,-7.5E-5,0.010910858));
#16476=CARTESIAN_POINT('',(0.001224701,-7.5E-5,0.010910858));
#16477=CARTESIAN_POINT('',(0.001260846,-7.5E-5,0.010947002));
#16478=CARTESIAN_POINT('',(0.0014217035,-7.5E-5,0.010722067));
#16479=CARTESIAN_POINT('',(0.001582561,-7.5E-5,0.010947002));
#16480=CARTESIAN_POINT('',(0.001582561,-7.5E-5,0.010947002));
#16481=CARTESIAN_POINT('',(0.001618708,-7.5E-5,0.010910856));
#16482=CARTESIAN_POINT('',(0.0013937725,-7.5E-5,0.0107499995));
#16483=CARTESIAN_POINT('',(0.001618708,-7.5E-5,0.010589143));
#16484=CARTESIAN_POINT('',(0.001618708,-7.5E-5,0.010589143));
#16485=CARTESIAN_POINT('',(0.0009217045,-7.5E-5,0.01063507912031));
#16486=CARTESIAN_POINT('',(0.001011134,-7.5E-5,0.010552997));
#16487=CARTESIAN_POINT('',(0.000832275,-7.5E-5,0.010552997));
#16488=CARTESIAN_POINT('',(0.000832275,-7.5E-5,0.010552997));
#16489=CARTESIAN_POINT('',(0.00079613,-7.5E-5,0.010589141));
#16490=CARTESIAN_POINT('',(0.001021073810687,-7.5E-5,0.0107499995));
#16491=CARTESIAN_POINT('',(0.00079613,-7.5E-5,0.010910858));
#16492=CARTESIAN_POINT('',(0.00079613,-7.5E-5,0.010910858));
#16493=CARTESIAN_POINT('',(0.000832275,-7.5E-5,0.010947002));
#16494=CARTESIAN_POINT('',(0.0009217045,-7.5E-5,0.010864923));
#16495=CARTESIAN_POINT('',(0.001011134,-7.5E-5,0.010947002));
#16496=CARTESIAN_POINT('',(0.001011134,-7.5E-5,0.010947002));
#16497=CARTESIAN_POINT('',(0.001047278,-7.5E-5,0.010910857));
#16498=CARTESIAN_POINT('',(0.000822345155249,-7.5E-5,0.0107499995));
#16499=CARTESIAN_POINT('',(0.001047278,-7.5E-5,0.010589142));
#16500=CARTESIAN_POINT('',(0.001047278,-7.5E-5,0.010589142));
#16501=CARTESIAN_POINT('',(0.000780296,-7.5E-5,0.010467184));
#16502=CARTESIAN_POINT('',(0.000780296,-7.5E-5,0.010467184));
#16503=CARTESIAN_POINT('',(0.000886622,-7.5E-5,0.010416528));
#16504=CARTESIAN_POINT('',(0.000886622,-7.5E-5,0.010416528));
#16505=CARTESIAN_POINT('',(0.00094797,-7.5E-5,0.010414774));
#16506=CARTESIAN_POINT('',(0.00094797,-7.5E-5,0.010414774));
#16507=CARTESIAN_POINT('',(0.000967875,-7.5E-5,0.010419565));
#16508=CARTESIAN_POINT('',(0.000967875,-7.5E-5,0.010419565));
#16509=CARTESIAN_POINT('',(0.001076107,-7.5E-5,0.01047655));
#16510=CARTESIAN_POINT('',(0.001076107,-7.5E-5,0.01047655));
#16511=CARTESIAN_POINT('',(0.001133092,-7.5E-5,0.010537163));
#16512=CARTESIAN_POINT('',(0.001133092,-7.5E-5,0.010537163));
#16513=CARTESIAN_POINT('',(0.001135989,-7.5E-5,0.010542958));
#16514=CARTESIAN_POINT('',(0.001135989,-7.5E-5,0.010542958));
#16515=CARTESIAN_POINT('',(0.001148254,-7.5E-5,0.010524169));
#16516=CARTESIAN_POINT('',(0.001148254,-7.5E-5,0.010524169));
#16517=CARTESIAN_POINT('',(0.001208867,-7.5E-5,0.010467184));
#16518=CARTESIAN_POINT('',(0.001421687349851,-7.5E-5,0.01077697380204));
#16519=CARTESIAN_POINT('',(0.001647535,-7.5E-5,0.010476549));
#16520=CARTESIAN_POINT('',(0.001647535,-7.5E-5,0.010476549));
#16521=CARTESIAN_POINT('',(0.001704521,-7.5E-5,0.010537163));
#16522=CARTESIAN_POINT('',(0.001394724729025,-7.5E-5,0.01074998304172));
#16523=CARTESIAN_POINT('',(0.001695155,-7.5E-5,0.010975832));
#16524=CARTESIAN_POINT('',(0.001695155,-7.5E-5,0.010975832));
#16525=CARTESIAN_POINT('',(0.00163454,-7.5E-5,0.011032817));
#16526=CARTESIAN_POINT('',(0.001421721251955,-7.5E-5,0.0107230163286));
#16527=CARTESIAN_POINT('',(0.001195872,-7.5E-5,0.01102345));
#16528=CARTESIAN_POINT('',(0.001195872,-7.5E-5,0.01102345));
#16529=CARTESIAN_POINT('',(0.001138887,-7.5E-5,0.010962836));
#16530=CARTESIAN_POINT('',(0.001138887,-7.5E-5,0.010962836));
#16531=CARTESIAN_POINT('',(0.001135989,-7.5E-5,0.010957041));
#16532=CARTESIAN_POINT('',(0.001135989,-7.5E-5,0.010957041));
#16533=CARTESIAN_POINT('',(0.001123726,-7.5E-5,0.010975832));
#16534=CARTESIAN_POINT('',(0.001123726,-7.5E-5,0.010975832));
#16535=CARTESIAN_POINT('',(0.001063112,-7.5E-5,0.011032817));
#16536=CARTESIAN_POINT('',(0.001063112,-7.5E-5,0.011032817));
#16537=CARTESIAN_POINT('',(0.000956786,-7.5E-5,0.011083471));
#16538=CARTESIAN_POINT('',(0.000956786,-7.5E-5,0.011083471));
#16539=CARTESIAN_POINT('',(0.000886622,-7.5E-5,0.011083471));
#16540=CARTESIAN_POINT('',(0.000886622,-7.5E-5,0.011083471));
#16541=CARTESIAN_POINT('',(0.000767301,-7.5E-5,0.01102345));
#16542=CARTESIAN_POINT('',(0.000767301,-7.5E-5,0.01102345));
#16543=CARTESIAN_POINT('',(0.000710316,-7.5E-5,0.010962836));
#16544=CARTESIAN_POINT('',(0.001020108826439,-7.5E-5,0.01075001759929));
#16545=CARTESIAN_POINT('',(0.000719683,-7.5E-5,0.010524169));
#16546=CARTESIAN_POINT('',(0.000719683,-7.5E-5,0.010524169));
#16547=CARTESIAN_POINT('',(0.,0.,0.));
#16548=CARTESIAN_POINT('',(0.,-7.5E-5,0.));
#16549=CARTESIAN_POINT('',(0.000827915,-7.5E-5,0.009514803));
#16550=CARTESIAN_POINT('',(0.000827915,-7.5E-5,0.009514803));
#16551=CARTESIAN_POINT('',(0.000933387,-7.5E-5,0.009463398));
#16552=CARTESIAN_POINT('',(0.000933387,-7.5E-5,0.009463398));
#16553=CARTESIAN_POINT('',(0.00113599,-7.5E-5,0.009414286));
#16554=CARTESIAN_POINT('',(0.00113599,-7.5E-5,0.009414286));
#16555=CARTESIAN_POINT('',(0.001284856,-7.5E-5,0.009415481));
#16556=CARTESIAN_POINT('',(0.001284856,-7.5E-5,0.009415481));
#16557=CARTESIAN_POINT('',(0.001491684,-7.5E-5,0.009467184));
#16558=CARTESIAN_POINT('',(0.001491684,-7.5E-5,0.009467184));
#16559=CARTESIAN_POINT('',(0.001599916,-7.5E-5,0.009524168));
#16560=CARTESIAN_POINT('',(0.001599916,-7.5E-5,0.009524168));
#16561=CARTESIAN_POINT('',(0.001701543,-7.5E-5,0.009628967));
#16562=CARTESIAN_POINT('',(0.001701543,-7.5E-5,0.009628967));
#16563=CARTESIAN_POINT('',(0.001757419,-7.5E-5,0.009797619));
#16564=CARTESIAN_POINT('',(0.001757419,-7.5E-5,0.009797619));
#16565=CARTESIAN_POINT('',(0.001754853,-7.5E-5,0.009908669));
#16566=CARTESIAN_POINT('',(0.001754853,-7.5E-5,0.009908669));
#16567=CARTESIAN_POINT('',(0.001701539,-7.5E-5,0.010061515));
#16568=CARTESIAN_POINT('',(0.001701539,-7.5E-5,0.010061515));
#16569=CARTESIAN_POINT('',(0.001647535,-7.5E-5,0.010118689));
#16570=CARTESIAN_POINT('',(0.001612179905899,-7.5E-5,0.01008333303897));
#16571=CARTESIAN_POINT('',(0.001565986,-7.5E-5,0.010064198));
#16572=CARTESIAN_POINT('',(0.001565986,-7.5E-5,0.010064198));
#16573=CARTESIAN_POINT('',(0.001616099,-7.5E-5,0.010008703));
#16574=CARTESIAN_POINT('',(0.001332303456099,-7.5E-5,0.0098452375));
#16575=CARTESIAN_POINT('',(0.001616099,-7.5E-5,0.009681772));
#16576=CARTESIAN_POINT('',(0.001616099,-7.5E-5,0.009681772));
#16577=CARTESIAN_POINT('',(0.001534942,-7.5E-5,0.009600616));
#16578=CARTESIAN_POINT('',(0.001208295935597,-7.5E-5,0.0101500706288));
#16579=CARTESIAN_POINT('',(0.001142145,-7.5E-5,0.009514286));
#16580=CARTESIAN_POINT('',(0.001142145,-7.5E-5,0.009514286));
#16581=CARTESIAN_POINT('',(0.000962966,-7.5E-5,0.00955908));
#16582=CARTESIAN_POINT('',(0.000962966,-7.5E-5,0.00955908));
#16583=CARTESIAN_POINT('',(0.000879892,-7.5E-5,0.009600617));
#16584=CARTESIAN_POINT('',(0.000879892,-7.5E-5,0.009600617));
#16585=CARTESIAN_POINT('',(0.000798739,-7.5E-5,0.00968177));
#16586=CARTESIAN_POINT('',(0.001082543412222,-7.5E-5,0.0098452375));
#16587=CARTESIAN_POINT('',(0.000798739,-7.5E-5,0.010008705));
#16588=CARTESIAN_POINT('',(0.000798739,-7.5E-5,0.010008705));
#16589=CARTESIAN_POINT('',(0.000848851,-7.5E-5,0.010064198));
#16590=CARTESIAN_POINT('',(0.0008026565,-7.5E-5,0.0100833325));
#16591=CARTESIAN_POINT('',(0.000783522,-7.5E-5,0.010129527));
#16592=CARTESIAN_POINT('',(0.000783522,-7.5E-5,0.010129527));
#16593=CARTESIAN_POINT('',(0.000719683,-7.5E-5,0.010071069));
#16594=CARTESIAN_POINT('',(0.000719683,-7.5E-5,0.010071069));
#16595=CARTESIAN_POINT('',(0.000707604,-7.5E-5,0.010051525));
#16596=CARTESIAN_POINT('',(0.000707604,-7.5E-5,0.010051525));
#16597=CARTESIAN_POINT('',(0.000657419,-7.5E-5,0.009892857));
#16598=CARTESIAN_POINT('',(0.000657419,-7.5E-5,0.009892857));
#16599=CARTESIAN_POINT('',(0.000659985,-7.5E-5,0.009781808));
#16600=CARTESIAN_POINT('',(0.000659985,-7.5E-5,0.009781808));
#16601=CARTESIAN_POINT('',(0.000713297,-7.5E-5,0.009628963));
#16602=CARTESIAN_POINT('',(0.000713297,-7.5E-5,0.009628963));
#16603=CARTESIAN_POINT('',(0.,0.,0.));
#16604=CARTESIAN_POINT('',(0.,-7.5E-5,0.));
#16605=CARTESIAN_POINT('',(0.004490532648676,-7.5E-5,0.004988094946029));
#16606=CARTESIAN_POINT('',(0.004431283,-7.5E-5,0.004942111));
#16607=CARTESIAN_POINT('',(0.004557615,-7.5E-5,0.005021636));
#16608=CARTESIAN_POINT('',(0.004557615,-7.5E-5,0.005021636));
#16609=CARTESIAN_POINT('',(0.004500667,-7.5E-5,0.005130615));
#16610=CARTESIAN_POINT('',(0.004500667,-7.5E-5,0.005130615));
#16611=CARTESIAN_POINT('',(0.004433504,-7.5E-5,0.005198809));
#16612=CARTESIAN_POINT('',(0.004433504,-7.5E-5,0.005198809));
#16613=CARTESIAN_POINT('',(0.005129819,-7.5E-5,0.005198809));
#16614=CARTESIAN_POINT('',(0.005129819,-7.5E-5,0.005198809));
#16615=CARTESIAN_POINT('',(0.00513126,-7.5E-5,0.004973463));
#16616=CARTESIAN_POINT('',(0.005204818932885,-7.5E-5,0.004988094932885));
#16617=CARTESIAN_POINT('',(0.005279819,-7.5E-5,0.004988095));
#16618=CARTESIAN_POINT('',(0.005279819,-7.5E-5,0.004988095));
#16619=CARTESIAN_POINT('',(0.005278378,-7.5E-5,0.005574155));
#16620=CARTESIAN_POINT('',(0.005204819067115,-7.5E-5,0.005559523067115));
#16621=CARTESIAN_POINT('',(0.005129819,-7.5E-5,0.005559523));
#16622=CARTESIAN_POINT('',(0.005129819,-7.5E-5,0.005559523));
#16623=CARTESIAN_POINT('',(0.005129819,-7.5E-5,0.005348809));
#16624=CARTESIAN_POINT('',(0.005129819,-7.5E-5,0.005348809));
#16625=CARTESIAN_POINT('',(0.004190187,-7.5E-5,0.005347368));
#16626=CARTESIAN_POINT('',(0.004204819215245,-7.5E-5,0.005273808784755));
#16627=CARTESIAN_POINT('',(0.004163216,-7.5E-5,0.005211405));
#16628=CARTESIAN_POINT('',(0.004163216,-7.5E-5,0.005211405));
#16629=CARTESIAN_POINT('',(0.004299894,-7.5E-5,0.005120286));
#16630=CARTESIAN_POINT('',(0.004299894,-7.5E-5,0.005120286));
#16631=CARTESIAN_POINT('',(0.004381275,-7.5E-5,0.005038906));
#16632=CARTESIAN_POINT('',(0.004381275,-7.5E-5,0.005038906));
#16633=CARTESIAN_POINT('',(0.,0.,0.));
#16634=CARTESIAN_POINT('',(0.,-7.5E-5,0.));
#16635=CARTESIAN_POINT('',(0.005129819,-7.5E-5,0.004261639));
#16636=CARTESIAN_POINT('',(0.005129819,-7.5E-5,0.004261639));
#16637=CARTESIAN_POINT('',(0.005129819,-7.5E-5,0.004110714));
#16638=CARTESIAN_POINT('',(0.005129819,-7.5E-5,0.004110714));
#16639=CARTESIAN_POINT('',(0.004279819,-7.5E-5,0.004110714));
#16640=CARTESIAN_POINT('',(0.004279819,-7.5E-5,0.004110714));
#16641=CARTESIAN_POINT('',(0.004279819,-7.5E-5,0.004261638));
#16642=CARTESIAN_POINT('',(0.004279819,-7.5E-5,0.004261638));
#16643=CARTESIAN_POINT('',(0.00431799,-7.5E-5,0.004376152));
#16644=CARTESIAN_POINT('',(0.00431799,-7.5E-5,0.004376152));
#16645=CARTESIAN_POINT('',(0.004392103,-7.5E-5,0.004450265));
#16646=CARTESIAN_POINT('',(0.004703493373959,-7.5E-5,0.003923710662563));
#16647=CARTESIAN_POINT('',(0.004767013,-7.5E-5,0.004532142));
#16648=CARTESIAN_POINT('',(0.004767013,-7.5E-5,0.004532142));
#16649=CARTESIAN_POINT('',(0.004940547,-7.5E-5,0.004488758));
#16650=CARTESIAN_POINT('',(0.004940547,-7.5E-5,0.004488758));
#16651=CARTESIAN_POINT('',(0.005017534,-7.5E-5,0.004450264));
#16652=CARTESIAN_POINT('',(0.005017534,-7.5E-5,0.004450264));
#16653=CARTESIAN_POINT('',(0.005091648,-7.5E-5,0.004376151));
#16654=CARTESIAN_POINT('',(0.005091648,-7.5E-5,0.004376151));
#16655=CARTESIAN_POINT('',(0.00420481946611,-7.5E-5,0.004035714749388));
#16656=CARTESIAN_POINT('',(0.00413126,-7.5E-5,0.004021082));
#16657=CARTESIAN_POINT('',(0.004204819,-7.5E-5,0.003960714));
#16658=CARTESIAN_POINT('',(0.004204819,-7.5E-5,0.003960714));
#16659=CARTESIAN_POINT('',(0.005219451,-7.5E-5,0.003962155));
#16660=CARTESIAN_POINT('',(0.005204818250612,-7.5E-5,0.00403571446611));
#16661=CARTESIAN_POINT('',(0.005279819,-7.5E-5,0.004035714));
#16662=CARTESIAN_POINT('',(0.005279819,-7.5E-5,0.004035714));
#16663=CARTESIAN_POINT('',(0.005277619,-7.5E-5,0.004290271));
#16664=CARTESIAN_POINT('',(0.005277619,-7.5E-5,0.004290271));
#16665=CARTESIAN_POINT('',(0.005219561,-7.5E-5,0.004458334));
#16666=CARTESIAN_POINT('',(0.005219561,-7.5E-5,0.004458334));
#16667=CARTESIAN_POINT('',(0.005101798,-7.5E-5,0.004575022));
#16668=CARTESIAN_POINT('',(0.005101798,-7.5E-5,0.004575022));
#16669=CARTESIAN_POINT('',(0.004984913,-7.5E-5,0.004632284));
#16670=CARTESIAN_POINT('',(0.004984913,-7.5E-5,0.004632284));
#16671=CARTESIAN_POINT('',(0.004776247,-7.5E-5,0.004682142));
#16672=CARTESIAN_POINT('',(0.004776247,-7.5E-5,0.004682142));
#16673=CARTESIAN_POINT('',(0.0046152,-7.5E-5,0.004679903));
#16674=CARTESIAN_POINT('',(0.0046152,-7.5E-5,0.004679903));
#16675=CARTESIAN_POINT('',(0.004409373,-7.5E-5,0.004626605));
#16676=CARTESIAN_POINT('',(0.004409373,-7.5E-5,0.004626605));
#16677=CARTESIAN_POINT('',(0.004300393,-7.5E-5,0.004569657));
#16678=CARTESIAN_POINT('',(0.004300393,-7.5E-5,0.004569657));
#16679=CARTESIAN_POINT('',(0.004187281,-7.5E-5,0.004453808));
#16680=CARTESIAN_POINT('',(0.004187281,-7.5E-5,0.004453808));
#16681=CARTESIAN_POINT('',(0.004130548,-7.5E-5,0.004281214));
#16682=CARTESIAN_POINT('',(0.004130548,-7.5E-5,0.004281214));
#16683=CARTESIAN_POINT('',(0.,0.,0.));
#16684=CARTESIAN_POINT('',(0.,-7.5E-5,0.));
#16685=CARTESIAN_POINT('',(0.004204818800937,-7.5E-5,0.002988095327017));
#16686=CARTESIAN_POINT('',(0.004155619,-7.5E-5,0.003044703));
#16687=CARTESIAN_POINT('',(0.004204819,-7.5E-5,0.002913095));
#16688=CARTESIAN_POINT('',(0.004204819,-7.5E-5,0.002913095));
#16689=CARTESIAN_POINT('',(0.005219451,-7.5E-5,0.002914536));
#16690=CARTESIAN_POINT('',(0.005204819067115,-7.5E-5,0.002988094932885));
#16691=CARTESIAN_POINT('',(0.005204819,-7.5E-5,0.003063095));
#16692=CARTESIAN_POINT('',(0.005204819,-7.5E-5,0.003063095));
#16693=CARTESIAN_POINT('',(0.004487236,-7.5E-5,0.003063095));
#16694=CARTESIAN_POINT('',(0.004487236,-7.5E-5,0.003063095));
#16695=CARTESIAN_POINT('',(0.005254019,-7.5E-5,0.003502915));
#16696=CARTESIAN_POINT('',(0.005204819199063,-7.5E-5,0.003559522672983));
#16697=CARTESIAN_POINT('',(0.005204819,-7.5E-5,0.003634523));
#16698=CARTESIAN_POINT('',(0.005204819,-7.5E-5,0.003634523));
#16699=CARTESIAN_POINT('',(0.004190187,-7.5E-5,0.003633082));
#16700=CARTESIAN_POINT('',(0.004204818932885,-7.5E-5,0.003559523067115));
#16701=CARTESIAN_POINT('',(0.004204819,-7.5E-5,0.003484523));
#16702=CARTESIAN_POINT('',(0.004204819,-7.5E-5,0.003484523));
#16703=CARTESIAN_POINT('',(0.004922402,-7.5E-5,0.003484523));
#16704=CARTESIAN_POINT('',(0.004922402,-7.5E-5,0.003484523));
#16705=CARTESIAN_POINT('',(0.,0.,0.));
#16706=CARTESIAN_POINT('',(0.,-7.5E-5,0.));
#16707=CARTESIAN_POINT('',(0.004704774347516,-7.5E-5,0.002630685475025));
#16708=CARTESIAN_POINT('',(0.00430784,-7.5E-5,0.001972594));
#16709=CARTESIAN_POINT('',(0.0047788,-7.5E-5,0.001865727));
#16710=CARTESIAN_POINT('',(0.0047788,-7.5E-5,0.001865727));
#16711=CARTESIAN_POINT('',(0.005000264,-7.5E-5,0.001921013));
#16712=CARTESIAN_POINT('',(0.005000264,-7.5E-5,0.001921013));
#16713=CARTESIAN_POINT('',(0.005109244,-7.5E-5,0.001977962));
#16714=CARTESIAN_POINT('',(0.005109244,-7.5E-5,0.001977962));
#16715=CARTESIAN_POINT('',(0.005222357,-7.5E-5,0.002093809));
#16716=CARTESIAN_POINT('',(0.004821298161053,-7.5E-5,0.002321259138694));
#16717=CARTESIAN_POINT('',(0.00521956,-7.5E-5,0.002553572));
#16718=CARTESIAN_POINT('',(0.00521956,-7.5E-5,0.002553572));
#16719=CARTESIAN_POINT('',(0.005151247,-7.5E-5,0.002621884));
#16720=CARTESIAN_POINT('',(0.005151247,-7.5E-5,0.002621884));
#16721=CARTESIAN_POINT('',(0.00510958,-7.5E-5,0.002634523));
#16722=CARTESIAN_POINT('',(0.00510958,-7.5E-5,0.002634523));
#16723=CARTESIAN_POINT('',(0.004761615,-7.5E-5,0.002633082));
#16724=CARTESIAN_POINT('',(0.004776247749388,-7.5E-5,0.00255952253389));
#16725=CARTESIAN_POINT('',(0.004701247,-7.5E-5,0.002559523));
#16726=CARTESIAN_POINT('',(0.004701247,-7.5E-5,0.002559523));
#16727=CARTESIAN_POINT('',(0.004702688,-7.5E-5,0.002354415));
#16728=CARTESIAN_POINT('',(0.004776246932885,-7.5E-5,0.002369046932885));
#16729=CARTESIAN_POINT('',(0.004851247,-7.5E-5,0.002369047));
#16730=CARTESIAN_POINT('',(0.004851247,-7.5E-5,0.002369047));
#16731=CARTESIAN_POINT('',(0.004851247,-7.5E-5,0.002484523));
#16732=CARTESIAN_POINT('',(0.004851247,-7.5E-5,0.002484523));
#16733=CARTESIAN_POINT('',(0.005078514,-7.5E-5,0.002484523));
#16734=CARTESIAN_POINT('',(0.005078514,-7.5E-5,0.002484523));
#16735=CARTESIAN_POINT('',(0.005091648,-7.5E-5,0.002471389));
#16736=CARTESIAN_POINT('',(0.004832619428689,-7.5E-5,0.0023214275));
#16737=CARTESIAN_POINT('',(0.005091648,-7.5E-5,0.002171466));
#16738=CARTESIAN_POINT('',(0.005091648,-7.5E-5,0.002171466));
#16739=CARTESIAN_POINT('',(0.005017534,-7.5E-5,0.002097353));
#16740=CARTESIAN_POINT('',(0.004706149317798,-7.5E-5,0.002623881275217));
#16741=CARTESIAN_POINT('',(0.004642624,-7.5E-5,0.002015476));
#16742=CARTESIAN_POINT('',(0.004642624,-7.5E-5,0.002015476));
#16743=CARTESIAN_POINT('',(0.00446909,-7.5E-5,0.002058859));
#16744=CARTESIAN_POINT('',(0.00446909,-7.5E-5,0.002058859));
#16745=CARTESIAN_POINT('',(0.004392103,-7.5E-5,0.002097353));
#16746=CARTESIAN_POINT('',(0.004392103,-7.5E-5,0.002097353));
#16747=CARTESIAN_POINT('',(0.00431799,-7.5E-5,0.002171465));
#16748=CARTESIAN_POINT('',(0.00431799,-7.5E-5,0.002171465));
#16749=CARTESIAN_POINT('',(0.004279819,-7.5E-5,0.002285979));
#16750=CARTESIAN_POINT('',(0.004279819,-7.5E-5,0.002285979));
#16751=CARTESIAN_POINT('',(0.004279819,-7.5E-5,0.002398961));
#16752=CARTESIAN_POINT('',(0.004279819,-7.5E-5,0.002398961));
#16753=CARTESIAN_POINT('',(0.004324775,-7.5E-5,0.002492094));
#16754=CARTESIAN_POINT('',(0.00425243805397,-7.5E-5,0.002511903351323));
#16755=CARTESIAN_POINT('',(0.004185356,-7.5E-5,0.002545445));
#16756=CARTESIAN_POINT('',(0.004185356,-7.5E-5,0.002545445));
#16757=CARTESIAN_POINT('',(0.00413126,-7.5E-5,0.002431298));
#16758=CARTESIAN_POINT('',(0.00413126,-7.5E-5,0.002431298));
#16759=CARTESIAN_POINT('',(0.004132018,-7.5E-5,0.002257345));
#16760=CARTESIAN_POINT('',(0.004132018,-7.5E-5,0.002257345));
#16761=CARTESIAN_POINT('',(0.004190078,-7.5E-5,0.002089284));
#16762=CARTESIAN_POINT('',(0.004190078,-7.5E-5,0.002089284));
#16763=CARTESIAN_POINT('',(0.,0.,0.));
#16764=CARTESIAN_POINT('',(0.,-7.5E-5,0.));
#16765=CARTESIAN_POINT('',(0.007740532648676,-7.5E-5,0.004892856946029));
#16766=CARTESIAN_POINT('',(0.007681283,-7.5E-5,0.004846873));
#16767=CARTESIAN_POINT('',(0.007807615,-7.5E-5,0.004926398));
#16768=CARTESIAN_POINT('',(0.007807615,-7.5E-5,0.004926398));
#16769=CARTESIAN_POINT('',(0.007750667,-7.5E-5,0.005035377));
#16770=CARTESIAN_POINT('',(0.007750667,-7.5E-5,0.005035377));
#16771=CARTESIAN_POINT('',(0.007683504,-7.5E-5,0.005103571));
#16772=CARTESIAN_POINT('',(0.007683504,-7.5E-5,0.005103571));
#16773=CARTESIAN_POINT('',(0.008379819,-7.5E-5,0.005103571));
#16774=CARTESIAN_POINT('',(0.008379819,-7.5E-5,0.005103571));
#16775=CARTESIAN_POINT('',(0.00838126,-7.5E-5,0.004878225));
#16776=CARTESIAN_POINT('',(0.008454818932885,-7.5E-5,0.004892856932885));
#16777=CARTESIAN_POINT('',(0.008529819,-7.5E-5,0.004892857));
#16778=CARTESIAN_POINT('',(0.008529819,-7.5E-5,0.004892857));
#16779=CARTESIAN_POINT('',(0.008528378,-7.5E-5,0.005478917));
#16780=CARTESIAN_POINT('',(0.008454819067115,-7.5E-5,0.005464285067115));
#16781=CARTESIAN_POINT('',(0.008379819,-7.5E-5,0.005464285));
#16782=CARTESIAN_POINT('',(0.008379819,-7.5E-5,0.005464285));
#16783=CARTESIAN_POINT('',(0.008379819,-7.5E-5,0.005253571));
#16784=CARTESIAN_POINT('',(0.008379819,-7.5E-5,0.005253571));
#16785=CARTESIAN_POINT('',(0.007440187,-7.5E-5,0.00525213));
#16786=CARTESIAN_POINT('',(0.007454819215245,-7.5E-5,0.005178570784755));
#16787=CARTESIAN_POINT('',(0.007413216,-7.5E-5,0.005116167));
#16788=CARTESIAN_POINT('',(0.007413216,-7.5E-5,0.005116167));
#16789=CARTESIAN_POINT('',(0.007549894,-7.5E-5,0.005025048));
#16790=CARTESIAN_POINT('',(0.007549894,-7.5E-5,0.005025048));
#16791=CARTESIAN_POINT('',(0.007631275,-7.5E-5,0.004943668));
#16792=CARTESIAN_POINT('',(0.007631275,-7.5E-5,0.004943668));
#16793=CARTESIAN_POINT('',(0.,0.,0.));
#16794=CARTESIAN_POINT('',(0.,-7.5E-5,0.));
#16795=CARTESIAN_POINT('',(0.008379819,-7.5E-5,0.004166401));
#16796=CARTESIAN_POINT('',(0.008379819,-7.5E-5,0.004166401));
#16797=CARTESIAN_POINT('',(0.008379819,-7.5E-5,0.004015476));
#16798=CARTESIAN_POINT('',(0.008379819,-7.5E-5,0.004015476));
#16799=CARTESIAN_POINT('',(0.007529819,-7.5E-5,0.004015476));
#16800=CARTESIAN_POINT('',(0.007529819,-7.5E-5,0.004015476));
#16801=CARTESIAN_POINT('',(0.007529819,-7.5E-5,0.0041664));
#16802=CARTESIAN_POINT('',(0.007529819,-7.5E-5,0.0041664));
#16803=CARTESIAN_POINT('',(0.00756799,-7.5E-5,0.004280914));
#16804=CARTESIAN_POINT('',(0.00756799,-7.5E-5,0.004280914));
#16805=CARTESIAN_POINT('',(0.007642103,-7.5E-5,0.004355027));
#16806=CARTESIAN_POINT('',(0.007953493373959,-7.5E-5,0.003828472662563));
#16807=CARTESIAN_POINT('',(0.008017013,-7.5E-5,0.004436904));
#16808=CARTESIAN_POINT('',(0.008017013,-7.5E-5,0.004436904));
#16809=CARTESIAN_POINT('',(0.008190547,-7.5E-5,0.00439352));
#16810=CARTESIAN_POINT('',(0.008190547,-7.5E-5,0.00439352));
#16811=CARTESIAN_POINT('',(0.008267534,-7.5E-5,0.004355026));
#16812=CARTESIAN_POINT('',(0.008267534,-7.5E-5,0.004355026));
#16813=CARTESIAN_POINT('',(0.008341648,-7.5E-5,0.004280913));
#16814=CARTESIAN_POINT('',(0.008341648,-7.5E-5,0.004280913));
#16815=CARTESIAN_POINT('',(0.00745481946611,-7.5E-5,0.003940476749388));
#16816=CARTESIAN_POINT('',(0.00738126,-7.5E-5,0.003925844));
#16817=CARTESIAN_POINT('',(0.007454819,-7.5E-5,0.003865476));
#16818=CARTESIAN_POINT('',(0.007454819,-7.5E-5,0.003865476));
#16819=CARTESIAN_POINT('',(0.008469451,-7.5E-5,0.003866917));
#16820=CARTESIAN_POINT('',(0.008454818250612,-7.5E-5,0.00394047646611));
#16821=CARTESIAN_POINT('',(0.008529819,-7.5E-5,0.003940476));
#16822=CARTESIAN_POINT('',(0.008529819,-7.5E-5,0.003940476));
#16823=CARTESIAN_POINT('',(0.008527619,-7.5E-5,0.004195033));
#16824=CARTESIAN_POINT('',(0.008527619,-7.5E-5,0.004195033));
#16825=CARTESIAN_POINT('',(0.008469561,-7.5E-5,0.004363096));
#16826=CARTESIAN_POINT('',(0.008469561,-7.5E-5,0.004363096));
#16827=CARTESIAN_POINT('',(0.008351798,-7.5E-5,0.004479784));
#16828=CARTESIAN_POINT('',(0.008351798,-7.5E-5,0.004479784));
#16829=CARTESIAN_POINT('',(0.008234913,-7.5E-5,0.004537046));
#16830=CARTESIAN_POINT('',(0.008234913,-7.5E-5,0.004537046));
#16831=CARTESIAN_POINT('',(0.008026247,-7.5E-5,0.004586904));
#16832=CARTESIAN_POINT('',(0.008026247,-7.5E-5,0.004586904));
#16833=CARTESIAN_POINT('',(0.0078652,-7.5E-5,0.004584665));
#16834=CARTESIAN_POINT('',(0.0078652,-7.5E-5,0.004584665));
#16835=CARTESIAN_POINT('',(0.007659373,-7.5E-5,0.004531367));
#16836=CARTESIAN_POINT('',(0.007659373,-7.5E-5,0.004531367));
#16837=CARTESIAN_POINT('',(0.007550393,-7.5E-5,0.004474419));
#16838=CARTESIAN_POINT('',(0.007550393,-7.5E-5,0.004474419));
#16839=CARTESIAN_POINT('',(0.007437281,-7.5E-5,0.00435857));
#16840=CARTESIAN_POINT('',(0.007437281,-7.5E-5,0.00435857));
#16841=CARTESIAN_POINT('',(0.007380548,-7.5E-5,0.004185976));
#16842=CARTESIAN_POINT('',(0.007380548,-7.5E-5,0.004185976));
#16843=CARTESIAN_POINT('',(0.,0.,0.));
#16844=CARTESIAN_POINT('',(0.,-7.5E-5,0.));
#16845=CARTESIAN_POINT('',(0.008379819,-7.5E-5,0.003166401));
#16846=CARTESIAN_POINT('',(0.008379819,-7.5E-5,0.003166401));
#16847=CARTESIAN_POINT('',(0.008379819,-7.5E-5,0.003015476));
#16848=CARTESIAN_POINT('',(0.008379819,-7.5E-5,0.003015476));
#16849=CARTESIAN_POINT('',(0.007529819,-7.5E-5,0.003015476));
#16850=CARTESIAN_POINT('',(0.007529819,-7.5E-5,0.003015476));
#16851=CARTESIAN_POINT('',(0.007529819,-7.5E-5,0.0031664));
#16852=CARTESIAN_POINT('',(0.007529819,-7.5E-5,0.0031664));
#16853=CARTESIAN_POINT('',(0.00756799,-7.5E-5,0.003280914));
#16854=CARTESIAN_POINT('',(0.00756799,-7.5E-5,0.003280914));
#16855=CARTESIAN_POINT('',(0.007642103,-7.5E-5,0.003355027));
#16856=CARTESIAN_POINT('',(0.007953493373959,-7.5E-5,0.002828472662563));
#16857=CARTESIAN_POINT('',(0.008017013,-7.5E-5,0.003436904));
#16858=CARTESIAN_POINT('',(0.008017013,-7.5E-5,0.003436904));
#16859=CARTESIAN_POINT('',(0.008190547,-7.5E-5,0.00339352));
#16860=CARTESIAN_POINT('',(0.008190547,-7.5E-5,0.00339352));
#16861=CARTESIAN_POINT('',(0.008267534,-7.5E-5,0.003355026));
#16862=CARTESIAN_POINT('',(0.008267534,-7.5E-5,0.003355026));
#16863=CARTESIAN_POINT('',(0.008341648,-7.5E-5,0.003280913));
#16864=CARTESIAN_POINT('',(0.008341648,-7.5E-5,0.003280913));
#16865=CARTESIAN_POINT('',(0.00745481946611,-7.5E-5,0.002940476749388));
#16866=CARTESIAN_POINT('',(0.00738126,-7.5E-5,0.002925844));
#16867=CARTESIAN_POINT('',(0.007454819,-7.5E-5,0.002865476));
#16868=CARTESIAN_POINT('',(0.007454819,-7.5E-5,0.002865476));
#16869=CARTESIAN_POINT('',(0.008469451,-7.5E-5,0.002866917));
#16870=CARTESIAN_POINT('',(0.008454818250612,-7.5E-5,0.00294047646611));
#16871=CARTESIAN_POINT('',(0.008529819,-7.5E-5,0.002940476));
#16872=CARTESIAN_POINT('',(0.008529819,-7.5E-5,0.002940476));
#16873=CARTESIAN_POINT('',(0.008527619,-7.5E-5,0.003195033));
#16874=CARTESIAN_POINT('',(0.008527619,-7.5E-5,0.003195033));
#16875=CARTESIAN_POINT('',(0.008469561,-7.5E-5,0.003363096));
#16876=CARTESIAN_POINT('',(0.008469561,-7.5E-5,0.003363096));
#16877=CARTESIAN_POINT('',(0.008351798,-7.5E-5,0.003479784));
#16878=CARTESIAN_POINT('',(0.008351798,-7.5E-5,0.003479784));
#16879=CARTESIAN_POINT('',(0.008234913,-7.5E-5,0.003537046));
#16880=CARTESIAN_POINT('',(0.008234913,-7.5E-5,0.003537046));
#16881=CARTESIAN_POINT('',(0.008026247,-7.5E-5,0.003586904));
#16882=CARTESIAN_POINT('',(0.008026247,-7.5E-5,0.003586904));
#16883=CARTESIAN_POINT('',(0.0078652,-7.5E-5,0.003584665));
#16884=CARTESIAN_POINT('',(0.0078652,-7.5E-5,0.003584665));
#16885=CARTESIAN_POINT('',(0.007659373,-7.5E-5,0.003531367));
#16886=CARTESIAN_POINT('',(0.007659373,-7.5E-5,0.003531367));
#16887=CARTESIAN_POINT('',(0.007550393,-7.5E-5,0.003474419));
#16888=CARTESIAN_POINT('',(0.007550393,-7.5E-5,0.003474419));
#16889=CARTESIAN_POINT('',(0.007437281,-7.5E-5,0.00335857));
#16890=CARTESIAN_POINT('',(0.007437281,-7.5E-5,0.00335857));
#16891=CARTESIAN_POINT('',(0.007380548,-7.5E-5,0.003185976));
#16892=CARTESIAN_POINT('',(0.007380548,-7.5E-5,0.003185976));
#16893=CARTESIAN_POINT('',(0.,0.,0.));
#16894=CARTESIAN_POINT('',(0.,-7.5E-5,0.));
#16895=CARTESIAN_POINT('',(0.008454819248303,-7.5E-5,0.002273809));
#16896=CARTESIAN_POINT('',(0.008491961,-7.5E-5,0.002208652));
#16897=CARTESIAN_POINT('',(0.008491961,-7.5E-5,0.002338966));
#16898=CARTESIAN_POINT('',(0.008491961,-7.5E-5,0.002338966));
#16899=CARTESIAN_POINT('',(0.007464199,-7.5E-5,0.002681553));
#16900=CARTESIAN_POINT('',(0.007454818538261,-7.5E-5,0.002607142175167));
#16901=CARTESIAN_POINT('',(0.007431102,-7.5E-5,0.002535991));
#16902=CARTESIAN_POINT('',(0.007431102,-7.5E-5,0.002535991));
#16903=CARTESIAN_POINT('',(0.008217648,-7.5E-5,0.002273809));
#16904=CARTESIAN_POINT('',(0.008217648,-7.5E-5,0.002273809));
#16905=CARTESIAN_POINT('',(0.007417676,-7.5E-5,0.002005633));
#16906=CARTESIAN_POINT('',(0.00745481971022,-7.5E-5,0.001940476596649));
#16907=CARTESIAN_POINT('',(0.007478536,-7.5E-5,0.001869325));
#16908=CARTESIAN_POINT('',(0.007478536,-7.5E-5,0.001869325));
#16909=CARTESIAN_POINT('',(0.,0.,0.));
#16910=CARTESIAN_POINT('',(0.,-7.5E-5,0.));
#16911=CARTESIAN_POINT('',(0.011490532648676,-7.5E-5,0.002964285946029));
#16912=CARTESIAN_POINT('',(0.011431283,-7.5E-5,0.002918302));
#16913=CARTESIAN_POINT('',(0.011557615,-7.5E-5,0.002997827));
#16914=CARTESIAN_POINT('',(0.011557615,-7.5E-5,0.002997827));
#16915=CARTESIAN_POINT('',(0.011500667,-7.5E-5,0.003106806));
#16916=CARTESIAN_POINT('',(0.011500667,-7.5E-5,0.003106806));
#16917=CARTESIAN_POINT('',(0.011433504,-7.5E-5,0.003175));
#16918=CARTESIAN_POINT('',(0.011433504,-7.5E-5,0.003175));
#16919=CARTESIAN_POINT('',(0.012129819,-7.5E-5,0.003175));
#16920=CARTESIAN_POINT('',(0.012129819,-7.5E-5,0.003175));
#16921=CARTESIAN_POINT('',(0.01213126,-7.5E-5,0.002949654));
#16922=CARTESIAN_POINT('',(0.012204818932885,-7.5E-5,0.002964285932885));
#16923=CARTESIAN_POINT('',(0.012279819,-7.5E-5,0.002964286));
#16924=CARTESIAN_POINT('',(0.012279819,-7.5E-5,0.002964286));
#16925=CARTESIAN_POINT('',(0.012278378,-7.5E-5,0.003550346));
#16926=CARTESIAN_POINT('',(0.012204819067115,-7.5E-5,0.003535714067115));
#16927=CARTESIAN_POINT('',(0.012129819,-7.5E-5,0.003535714));
#16928=CARTESIAN_POINT('',(0.012129819,-7.5E-5,0.003535714));
#16929=CARTESIAN_POINT('',(0.012129819,-7.5E-5,0.003325));
#16930=CARTESIAN_POINT('',(0.012129819,-7.5E-5,0.003325));
#16931=CARTESIAN_POINT('',(0.011190187,-7.5E-5,0.003323559));
#16932=CARTESIAN_POINT('',(0.011204819215245,-7.5E-5,0.003249999784755));
#16933=CARTESIAN_POINT('',(0.011163216,-7.5E-5,0.003187596));
#16934=CARTESIAN_POINT('',(0.011163216,-7.5E-5,0.003187596));
#16935=CARTESIAN_POINT('',(0.011299894,-7.5E-5,0.003096477));
#16936=CARTESIAN_POINT('',(0.011299894,-7.5E-5,0.003096477));
#16937=CARTESIAN_POINT('',(0.011381275,-7.5E-5,0.003015097));
#16938=CARTESIAN_POINT('',(0.011381275,-7.5E-5,0.003015097));
#16939=CARTESIAN_POINT('',(0.,0.,0.));
#16940=CARTESIAN_POINT('',(0.,-7.5E-5,0.));
#16941=CARTESIAN_POINT('',(0.011425292,-7.5E-5,0.002279997));
#16942=CARTESIAN_POINT('',(0.011472828,-7.5E-5,0.002460714));
#16943=CARTESIAN_POINT('',(0.011606009,-7.5E-5,0.002327533));
#16944=CARTESIAN_POINT('',(0.011606009,-7.5E-5,0.002327533));
#16945=CARTESIAN_POINT('',(0.011606009,-7.5E-5,0.002086905));
#16946=CARTESIAN_POINT('',(0.011606009,-7.5E-5,0.002086905));
#16947=CARTESIAN_POINT('',(0.011279819,-7.5E-5,0.002086905));
#16948=CARTESIAN_POINT('',(0.011279819,-7.5E-5,0.002086905));
#16949=CARTESIAN_POINT('',(0.011279819,-7.5E-5,0.002327533));
#16950=CARTESIAN_POINT('',(0.011460536,-7.5E-5,0.002279997));
#16951=CARTESIAN_POINT('',(0.011413,-7.5E-5,0.002460714));
#16952=CARTESIAN_POINT('',(0.011413,-7.5E-5,0.002460714));
#16953=CARTESIAN_POINT('',(0.01194909536766,-7.5E-5,0.002327609010686));
#16954=CARTESIAN_POINT('',(0.011996637,-7.5E-5,0.002508333));
#16955=CARTESIAN_POINT('',(0.012129819,-7.5E-5,0.002375152));
#16956=CARTESIAN_POINT('',(0.012129819,-7.5E-5,0.002375152));
#16957=CARTESIAN_POINT('',(0.012129819,-7.5E-5,0.002086905));
#16958=CARTESIAN_POINT('',(0.012129819,-7.5E-5,0.002086905));
#16959=CARTESIAN_POINT('',(0.011756009,-7.5E-5,0.002086905));
#16960=CARTESIAN_POINT('',(0.011756009,-7.5E-5,0.002086905));
#16961=CARTESIAN_POINT('',(0.011756009,-7.5E-5,0.002333067));
#16962=CARTESIAN_POINT('',(0.011930936123279,-7.5E-5,0.002338377245872));
#16963=CARTESIAN_POINT('',(0.01188919,-7.5E-5,0.002508333));
#16964=CARTESIAN_POINT('',(0.01188919,-7.5E-5,0.002508333));
#16965=CARTESIAN_POINT('',(0.01120481946611,-7.5E-5,0.002011905749388));
#16966=CARTESIAN_POINT('',(0.01113126,-7.5E-5,0.001997273));
#16967=CARTESIAN_POINT('',(0.011204819,-7.5E-5,0.001936905));
#16968=CARTESIAN_POINT('',(0.011204819,-7.5E-5,0.001936905));
#16969=CARTESIAN_POINT('',(0.012219451,-7.5E-5,0.001938346));
#16970=CARTESIAN_POINT('',(0.012204818250612,-7.5E-5,0.00201190546611));
#16971=CARTESIAN_POINT('',(0.012279819,-7.5E-5,0.002011905));
#16972=CARTESIAN_POINT('',(0.012279819,-7.5E-5,0.002011905));
#16973=CARTESIAN_POINT('',(0.012277156,-7.5E-5,0.002412667));
#16974=CARTESIAN_POINT('',(0.011941205973942,-7.5E-5,0.002319487876272));
#16975=CARTESIAN_POINT('',(0.012028974,-7.5E-5,0.002656892));
#16976=CARTESIAN_POINT('',(0.012028974,-7.5E-5,0.002656892));
#16977=CARTESIAN_POINT('',(0.011851675,-7.5E-5,0.00265567));
#16978=CARTESIAN_POINT('',(0.011851675,-7.5E-5,0.00265567));
#16979=CARTESIAN_POINT('',(0.011728963,-7.5E-5,0.002593465));
#16980=CARTESIAN_POINT('',(0.011728963,-7.5E-5,0.002593465));
#16981=CARTESIAN_POINT('',(0.011663471,-7.5E-5,0.002525237));
#16982=CARTESIAN_POINT('',(0.011663471,-7.5E-5,0.002525237));
#16983=CARTESIAN_POINT('',(0.011660762,-7.5E-5,0.002519169));
#16984=CARTESIAN_POINT('',(0.011660762,-7.5E-5,0.002519169));
#16985=CARTESIAN_POINT('',(0.011619312,-7.5E-5,0.002555177));
#16986=CARTESIAN_POINT('',(0.011619312,-7.5E-5,0.002555177));
#16987=CARTESIAN_POINT('',(0.011505165,-7.5E-5,0.002609273));
#16988=CARTESIAN_POINT('',(0.011505165,-7.5E-5,0.002609273));
#16989=CARTESIAN_POINT('',(0.011375485,-7.5E-5,0.002608051));
#16990=CARTESIAN_POINT('',(0.011468660030202,-7.5E-5,0.00227210464857));
#16991=CARTESIAN_POINT('',(0.01113126,-7.5E-5,0.00235987));
#16992=CARTESIAN_POINT('',(0.01113126,-7.5E-5,0.00235987));
#16993=CARTESIAN_POINT('',(0.,0.,0.));
#16994=CARTESIAN_POINT('',(0.,-7.5E-5,0.));
#16995=CARTESIAN_POINT('',(0.015204818251692,-7.5E-5,0.002845238465532));
#16996=CARTESIAN_POINT('',(0.015163151,-7.5E-5,0.002782877));
#16997=CARTESIAN_POINT('',(0.015279819,-7.5E-5,0.002845238));
#16998=CARTESIAN_POINT('',(0.015279819,-7.5E-5,0.002845238));
#16999=CARTESIAN_POINT('',(0.015278378,-7.5E-5,0.003478917));
#17000=CARTESIAN_POINT('',(0.015204819067115,-7.5E-5,0.003464285067115));
#17001=CARTESIAN_POINT('',(0.015129819,-7.5E-5,0.003464285));
#17002=CARTESIAN_POINT('',(0.015129819,-7.5E-5,0.003464285));
#17003=CARTESIAN_POINT('',(0.015129819,-7.5E-5,0.003026303));
#17004=CARTESIAN_POINT('',(0.015129819,-7.5E-5,0.003026303));
#17005=CARTESIAN_POINT('',(0.014670532,-7.5E-5,0.003481823));
#17006=CARTESIAN_POINT('',(0.014670532,-7.5E-5,0.003481823));
#17007=CARTESIAN_POINT('',(0.014497938,-7.5E-5,0.003538555));
#17008=CARTESIAN_POINT('',(0.014497938,-7.5E-5,0.003538555));
#17009=CARTESIAN_POINT('',(0.014375485,-7.5E-5,0.003536622));
#17010=CARTESIAN_POINT('',(0.014468660030202,-7.5E-5,0.00320067564857));
#17011=CARTESIAN_POINT('',(0.01413126,-7.5E-5,0.003288441));
#17012=CARTESIAN_POINT('',(0.01413126,-7.5E-5,0.003288441));
#17013=CARTESIAN_POINT('',(0.014132482,-7.5E-5,0.003015905));
#17014=CARTESIAN_POINT('',(0.014132482,-7.5E-5,0.003015905));
#17015=CARTESIAN_POINT('',(0.014194686,-7.5E-5,0.002893192));
#17016=CARTESIAN_POINT('',(0.014194686,-7.5E-5,0.002893192));
#17017=CARTESIAN_POINT('',(0.014258389,-7.5E-5,0.002830497));
#17018=CARTESIAN_POINT('',(0.0143000565,-7.5E-5,0.002892857437873));
#17019=CARTESIAN_POINT('',(0.01435309,-7.5E-5,0.00294589));
#17020=CARTESIAN_POINT('',(0.01435309,-7.5E-5,0.00294589));
#17021=CARTESIAN_POINT('',(0.014314077,-7.5E-5,0.002984903));
#17022=CARTESIAN_POINT('',(0.014568149,-7.5E-5,0.0031547615));
#17023=CARTESIAN_POINT('',(0.014314077,-7.5E-5,0.00332462));
#17024=CARTESIAN_POINT('',(0.014314077,-7.5E-5,0.00332462));
#17025=CARTESIAN_POINT('',(0.014344484,-7.5E-5,0.003355027));
#17026=CARTESIAN_POINT('',(0.014344484,-7.5E-5,0.003355027));
#17027=CARTESIAN_POINT('',(0.014413,-7.5E-5,0.003389285));
#17028=CARTESIAN_POINT('',(0.014413,-7.5E-5,0.003389285));
#17029=CARTESIAN_POINT('',(0.014478363,-7.5E-5,0.003389285));
#17030=CARTESIAN_POINT('',(0.014478363,-7.5E-5,0.003389285));
#17031=CARTESIAN_POINT('',(0.014592876,-7.5E-5,0.003351113));
#17032=CARTESIAN_POINT('',(0.014592876,-7.5E-5,0.003351113));
#17033=CARTESIAN_POINT('',(0.,0.,0.));
#17034=CARTESIAN_POINT('',(0.,-7.5E-5,0.));
#17035=CARTESIAN_POINT('',(0.014441989,-7.5E-5,0.002273809));
#17036=CARTESIAN_POINT('',(0.014441989,-7.5E-5,0.002273809));
#17037=CARTESIAN_POINT('',(0.014844104,-7.5E-5,0.002407847));
#17038=CARTESIAN_POINT('',(0.014844104,-7.5E-5,0.002407847));
#17039=CARTESIAN_POINT('',(0.014844104,-7.5E-5,0.00213977));
#17040=CARTESIAN_POINT('',(0.014844104,-7.5E-5,0.00213977));
#17041=CARTESIAN_POINT('',(0.014204819748323,-7.5E-5,0.002273809));
#17042=CARTESIAN_POINT('',(0.014167676,-7.5E-5,0.002338966));
#17043=CARTESIAN_POINT('',(0.014167676,-7.5E-5,0.002208652));
#17044=CARTESIAN_POINT('',(0.014167676,-7.5E-5,0.002208652));
#17045=CARTESIAN_POINT('',(0.015195438,-7.5E-5,0.001866065));
#17046=CARTESIAN_POINT('',(0.015204818793877,-7.5E-5,0.001940475912245));
#17047=CARTESIAN_POINT('',(0.015228536,-7.5E-5,0.002011627));
#17048=CARTESIAN_POINT('',(0.015228536,-7.5E-5,0.002011627));
#17049=CARTESIAN_POINT('',(0.014994104,-7.5E-5,0.00208977));
#17050=CARTESIAN_POINT('',(0.014994104,-7.5E-5,0.00208977));
#17051=CARTESIAN_POINT('',(0.014994104,-7.5E-5,0.002457847));
#17052=CARTESIAN_POINT('',(0.014994104,-7.5E-5,0.002457847));
#17053=CARTESIAN_POINT('',(0.015241961,-7.5E-5,0.002541985));
#17054=CARTESIAN_POINT('',(0.015204819138625,-7.5E-5,0.00260714205484));
#17055=CARTESIAN_POINT('',(0.015181102,-7.5E-5,0.002678293));
#17056=CARTESIAN_POINT('',(0.015181102,-7.5E-5,0.002678293));
#17057=CARTESIAN_POINT('',(0.,0.,0.));
#17058=CARTESIAN_POINT('',(0.,-7.5E-5,0.));
#17059=CARTESIAN_POINT('',(0.0162,-7.5E-5,0.0057));
#17060=CARTESIAN_POINT('',(0.0162,-7.5E-5,0.0057));
#17061=CARTESIAN_POINT('',(0.0162,-7.5E-5,0.0018));
#17062=CARTESIAN_POINT('',(0.0162,-7.5E-5,0.0018));
#17063=CARTESIAN_POINT('',(0.01305,-7.5E-5,0.0018));
#17064=CARTESIAN_POINT('',(0.01305,-7.5E-5,0.0018));
#17065=CARTESIAN_POINT('',(0.01305,-7.5E-5,0.0057));
#17066=CARTESIAN_POINT('',(0.01305,-7.5E-5,0.0057));
#17067=CARTESIAN_POINT('',(0.01295,-7.5E-5,0.0057));
#17068=CARTESIAN_POINT('',(0.01295,-7.5E-5,0.0057));
#17069=CARTESIAN_POINT('',(0.01295,-7.5E-5,0.0018));
#17070=CARTESIAN_POINT('',(0.01295,-7.5E-5,0.0018));
#17071=CARTESIAN_POINT('',(0.0098,-7.5E-5,0.0018));
#17072=CARTESIAN_POINT('',(0.0098,-7.5E-5,0.0018));
#17073=CARTESIAN_POINT('',(0.0098,-7.5E-5,0.0057));
#17074=CARTESIAN_POINT('',(0.0098,-7.5E-5,0.0057));
#17075=CARTESIAN_POINT('',(0.0097,-7.5E-5,0.0057));
#17076=CARTESIAN_POINT('',(0.0097,-7.5E-5,0.0057));
#17077=CARTESIAN_POINT('',(0.0097,-7.5E-5,0.0018));
#17078=CARTESIAN_POINT('',(0.0097,-7.5E-5,0.0018));
#17079=CARTESIAN_POINT('',(0.00655,-7.5E-5,0.0018));
#17080=CARTESIAN_POINT('',(0.00655,-7.5E-5,0.0018));
#17081=CARTESIAN_POINT('',(0.00655,-7.5E-5,0.0057));
#17082=CARTESIAN_POINT('',(0.00655,-7.5E-5,0.0057));
#17083=CARTESIAN_POINT('',(0.00645,-7.5E-5,0.0057));
#17084=CARTESIAN_POINT('',(0.00645,-7.5E-5,0.0057));
#17085=CARTESIAN_POINT('',(0.00645,-7.5E-5,0.0018));
#17086=CARTESIAN_POINT('',(0.00645,-7.5E-5,0.0018));
#17087=CARTESIAN_POINT('',(0.0033,-7.5E-5,0.0018));
#17088=CARTESIAN_POINT('',(0.0033,-7.5E-5,0.0018));
#17089=CARTESIAN_POINT('',(0.0033,-7.5E-5,0.0057));
#17090=CARTESIAN_POINT('',(0.0033,-7.5E-5,0.0057));
#17091=CARTESIAN_POINT('',(0.003250000143789,-7.5E-5,0.001750000143789));
#17092=CARTESIAN_POINT('',(0.0032,-7.5E-5,0.00175));
#17093=CARTESIAN_POINT('',(0.00325,-7.5E-5,0.0017));
#17094=CARTESIAN_POINT('',(0.00325,-7.5E-5,0.0017));
#17095=CARTESIAN_POINT('',(0.01625,-7.5E-5,0.0017));
#17096=CARTESIAN_POINT('',(0.016249999856211,-7.5E-5,0.001750000143789));
#17097=CARTESIAN_POINT('',(0.0163,-7.5E-5,0.00175));
#17098=CARTESIAN_POINT('',(0.0163,-7.5E-5,0.00175));
#17099=CARTESIAN_POINT('',(0.0163,-7.5E-5,0.00575));
#17100=CARTESIAN_POINT('',(0.016249999856211,-7.5E-5,0.005749999856211));
#17101=CARTESIAN_POINT('',(0.01625,-7.5E-5,0.0058));
#17102=CARTESIAN_POINT('',(0.01625,-7.5E-5,0.0058));
#17103=CARTESIAN_POINT('',(0.00325,-7.5E-5,0.0058));
#17104=CARTESIAN_POINT('',(0.003250000143789,-7.5E-5,0.005749999856211));
#17105=CARTESIAN_POINT('',(0.0032,-7.5E-5,0.00575));
#17106=CARTESIAN_POINT('',(0.0032,-7.5E-5,0.00575));
#17107=CARTESIAN_POINT('',(0.,0.,0.));
#17108=CARTESIAN_POINT('',(0.02225,-4.6E-5,-0.00175));
#17109=CARTESIAN_POINT('',(0.02225,0.00151,-0.00175));
#17110=CARTESIAN_POINT('',(0.02225,0.00151,-0.00015));
#17111=CARTESIAN_POINT('',(0.02225,0.,-0.00175));
#17112=CARTESIAN_POINT('',(0.02225,0.,-0.00015));
#17113=CARTESIAN_POINT('',(0.015850003,-3.6E-5,0.00725));
#17114=CARTESIAN_POINT('',(0.015850003,0.00151,0.00725));
#17115=CARTESIAN_POINT('',(0.015850003,0.00151,0.0074));
#17116=CARTESIAN_POINT('',(0.015850003,0.,0.00725));
#17117=CARTESIAN_POINT('',(0.015850003,0.,0.0074));
#17118=CARTESIAN_POINT('',(0.01475,-3.6E-5,0.00725));
#17119=CARTESIAN_POINT('',(0.01475,0.00151,0.00725));
#17120=CARTESIAN_POINT('',(0.01475,0.00151,0.0074));
#17121=CARTESIAN_POINT('',(0.01475,0.,0.00725));
#17122=CARTESIAN_POINT('',(0.01475,0.,0.0074));
#17123=CARTESIAN_POINT('',(-0.00175,-4.6E-5,-0.00175));
#17124=CARTESIAN_POINT('',(-0.00175,0.00151,-0.00175));
#17125=CARTESIAN_POINT('',(-0.00175,0.00151,-0.00015));
#17126=CARTESIAN_POINT('',(-0.00175,0.,-0.00175));
#17127=CARTESIAN_POINT('',(-0.00175,0.,-0.00015));
#17128=CARTESIAN_POINT('',(0.00425,-4.6E-5,0.00775));
#17129=CARTESIAN_POINT('',(0.00425,0.00151,0.00775));
#17130=CARTESIAN_POINT('',(0.00425,0.00151,0.00815));
#17131=CARTESIAN_POINT('',(0.00425,0.,0.00775));
#17132=CARTESIAN_POINT('',(0.00425,0.,0.00815));
#17133=CARTESIAN_POINT('',(0.02225,-4.6E-5,0.02225));
#17134=CARTESIAN_POINT('',(0.02225,0.00151,0.02225));
#17135=CARTESIAN_POINT('',(0.02225,0.00151,0.02385));
#17136=CARTESIAN_POINT('',(0.02225,0.,0.02225));
#17137=CARTESIAN_POINT('',(0.02225,0.,0.02385));
#17138=CARTESIAN_POINT('',(0.00425,-4.6E-5,0.01275));
#17139=CARTESIAN_POINT('',(0.00425,0.00151,0.01275));
#17140=CARTESIAN_POINT('',(0.00425,0.00151,0.01315));
#17141=CARTESIAN_POINT('',(0.00425,0.,0.01275));
#17142=CARTESIAN_POINT('',(0.00425,0.,0.01315));
#17143=CARTESIAN_POINT('',(-0.00175,-4.6E-5,0.02225));
#17144=CARTESIAN_POINT('',(-0.00175,0.00151,0.02225));
#17145=CARTESIAN_POINT('',(-0.00175,0.00151,0.02385));
#17146=CARTESIAN_POINT('',(-0.00175,0.,0.02225));
#17147=CARTESIAN_POINT('',(-0.00175,0.,0.02385));
#17148=CARTESIAN_POINT('',(-0.001550001024957,0.,0.02205000102495));
#17149=CARTESIAN_POINT('',(-0.00155,0.,0.02525));
#17150=CARTESIAN_POINT('',(-0.00155,0.,0.02525));
#17151=CARTESIAN_POINT('',(-0.00155,0.00151,0.02525));
#17152=CARTESIAN_POINT('',(-0.001550001024957,0.00151,0.02205000102495));
#17153=CARTESIAN_POINT('',(-0.00475,0.00151,0.02205));
#17154=CARTESIAN_POINT('',(-0.00475,0.,0.02205));
#17155=CARTESIAN_POINT('',(-0.00475,0.,0.02205));
#17156=CARTESIAN_POINT('',(-0.001550001024957,0.,0.02205000102495));
#17157=CARTESIAN_POINT('',(0.02205,0.,0.02525));
#17158=CARTESIAN_POINT('',(0.02205,0.,0.02525));
#17159=CARTESIAN_POINT('',(0.02205,0.,0.02525));
#17160=CARTESIAN_POINT('',(0.02205,0.00151,0.02525));
#17161=CARTESIAN_POINT('',(0.02205,0.00151,0.02525));
#17162=CARTESIAN_POINT('',(0.02205,0.,0.02525));
#17163=CARTESIAN_POINT('',(-0.00475,0.,0.02205));
#17164=CARTESIAN_POINT('',(-0.00475,0.00151,0.02205));
#17165=CARTESIAN_POINT('',(-0.00475,0.00151,-0.00155));
#17166=CARTESIAN_POINT('',(-0.00475,0.,-0.00155));
#17167=CARTESIAN_POINT('',(-0.00475,0.,-0.00155));
#17168=CARTESIAN_POINT('',(-0.00475,0.,0.02205));
#17169=CARTESIAN_POINT('',(0.022050001024957,0.,0.02205000102495));
#17170=CARTESIAN_POINT('',(0.02525,0.,0.02205));
#17171=CARTESIAN_POINT('',(0.02525,0.,0.02205));
#17172=CARTESIAN_POINT('',(0.02525,0.00151,0.02205));
#17173=CARTESIAN_POINT('',(0.022050001024957,0.00151,0.02205000102495));
#17174=CARTESIAN_POINT('',(0.022050001024957,0.,0.02205000102495));
#17175=CARTESIAN_POINT('',(-0.001550001024957,0.,-0.001550001024957));
#17176=CARTESIAN_POINT('',(-0.001550001024957,0.00151,-0.001550001024957));
#17177=CARTESIAN_POINT('',(-0.00155,0.00151,-0.00475));
#17178=CARTESIAN_POINT('',(-0.00155,0.,-0.00475));
#17179=CARTESIAN_POINT('',(-0.00155,0.,-0.00475));
#17180=CARTESIAN_POINT('',(-0.001550001024957,0.,-0.001550001024957));
#17181=CARTESIAN_POINT('',(0.,0.00151,0.));
#17182=CARTESIAN_POINT('',(0.022050001024957,0.00151,-0.001550001024957));
#17183=CARTESIAN_POINT('',(0.02205,0.00151,-0.00475));
#17184=CARTESIAN_POINT('',(0.02525,0.00151,-0.00155));
#17185=CARTESIAN_POINT('',(-0.00155,0.00151,-0.00475));
#17186=CARTESIAN_POINT('',(0.02525,0.00151,-0.00155));
#17187=CARTESIAN_POINT('',(0.,0.,0.));
#17188=CARTESIAN_POINT('',(0.02525,0.,-0.00155));
#17189=CARTESIAN_POINT('',(0.02525,0.,-0.00155));
#17190=CARTESIAN_POINT('',(-0.00155,0.,-0.00475));
#17191=CARTESIAN_POINT('',(0.02205,0.,-0.00475));
#17192=CARTESIAN_POINT('',(0.022050001024957,0.,-0.001550001024957));
#17193=CARTESIAN_POINT('',(0.02525,0.,-0.00155));
#17194=CARTESIAN_POINT('',(0.02525,0.,-0.00155));
#17195=CARTESIAN_POINT('',(-0.00155,0.,-0.00475));
#17196=CARTESIAN_POINT('',(0.02205,0.,-0.00475));
#17197=CARTESIAN_POINT('',(0.022050001024957,0.,-0.001550001024957));
#17198=MECHANICAL_DESIGN_GEOMETRIC_PRESENTATION_REPRESENTATION('',(#9541,
#213,#214,#215,#216,#217,#218,#219,#220,#221,#222,#223,#224,#225,#226,#227,
#228,#229,#230,#231,#232,#233,#234,#235,#236,#237,#238,#239,#240,#241,#242,
#243,#244,#245),#17251);
#17199=MECHANICAL_DESIGN_GEOMETRIC_PRESENTATION_REPRESENTATION('',(#9542,
#246,#247),#17252);
#17200=MECHANICAL_DESIGN_GEOMETRIC_PRESENTATION_REPRESENTATION('',(#9543),
#17253);
#17201=MECHANICAL_DESIGN_GEOMETRIC_PRESENTATION_REPRESENTATION('',(#9544),
#17254);
#17202=MECHANICAL_DESIGN_GEOMETRIC_PRESENTATION_REPRESENTATION('',(#9545),
#17255);
#17203=MECHANICAL_DESIGN_GEOMETRIC_PRESENTATION_REPRESENTATION('',(#9546),
#17256);
#17204=MECHANICAL_DESIGN_GEOMETRIC_PRESENTATION_REPRESENTATION('',(#9547),
#17257);
#17205=MECHANICAL_DESIGN_GEOMETRIC_PRESENTATION_REPRESENTATION('',(#9548),
#17258);
#17206=MECHANICAL_DESIGN_GEOMETRIC_PRESENTATION_REPRESENTATION('',(#9549),
#17259);
#17207=MECHANICAL_DESIGN_GEOMETRIC_PRESENTATION_REPRESENTATION('',(#9550),
#17260);
#17208=MECHANICAL_DESIGN_GEOMETRIC_PRESENTATION_REPRESENTATION('',(#9551),
#17261);
#17209=MECHANICAL_DESIGN_GEOMETRIC_PRESENTATION_REPRESENTATION('',(#9552),
#17262);
#17210=MECHANICAL_DESIGN_GEOMETRIC_PRESENTATION_REPRESENTATION('',(#9553),
#17263);
#17211=MECHANICAL_DESIGN_GEOMETRIC_PRESENTATION_REPRESENTATION('',(#9554),
#17264);
#17212=MECHANICAL_DESIGN_GEOMETRIC_PRESENTATION_REPRESENTATION('',(#9555),
#17265);
#17213=MECHANICAL_DESIGN_GEOMETRIC_PRESENTATION_REPRESENTATION('',(#9556),
#17266);
#17214=MECHANICAL_DESIGN_GEOMETRIC_PRESENTATION_REPRESENTATION('',(#9557),
#17267);
#17215=MECHANICAL_DESIGN_GEOMETRIC_PRESENTATION_REPRESENTATION('',(#9558),
#17268);
#17216=MECHANICAL_DESIGN_GEOMETRIC_PRESENTATION_REPRESENTATION('',(#9559),
#17269);
#17217=MECHANICAL_DESIGN_GEOMETRIC_PRESENTATION_REPRESENTATION('',(#9560),
#17270);
#17218=MECHANICAL_DESIGN_GEOMETRIC_PRESENTATION_REPRESENTATION('',(#9561),
#17271);
#17219=MECHANICAL_DESIGN_GEOMETRIC_PRESENTATION_REPRESENTATION('',(#9562),
#17272);
#17220=MECHANICAL_DESIGN_GEOMETRIC_PRESENTATION_REPRESENTATION('',(#9563),
#17273);
#17221=MECHANICAL_DESIGN_GEOMETRIC_PRESENTATION_REPRESENTATION('',(#9564),
#17274);
#17222=MECHANICAL_DESIGN_GEOMETRIC_PRESENTATION_REPRESENTATION('',(#9565),
#17275);
#17223=MECHANICAL_DESIGN_GEOMETRIC_PRESENTATION_REPRESENTATION('',(#9566),
#17276);
#17224=MECHANICAL_DESIGN_GEOMETRIC_PRESENTATION_REPRESENTATION('',(#9567),
#17277);
#17225=MECHANICAL_DESIGN_GEOMETRIC_PRESENTATION_REPRESENTATION('',(#9568),
#17278);
#17226=MECHANICAL_DESIGN_GEOMETRIC_PRESENTATION_REPRESENTATION('',(#9569),
#17279);
#17227=MECHANICAL_DESIGN_GEOMETRIC_PRESENTATION_REPRESENTATION('',(#9570),
#17280);
#17228=MECHANICAL_DESIGN_GEOMETRIC_PRESENTATION_REPRESENTATION('',(#9571),
#17281);
#17229=MECHANICAL_DESIGN_GEOMETRIC_PRESENTATION_REPRESENTATION('',(#9572),
#17282);
#17230=MECHANICAL_DESIGN_GEOMETRIC_PRESENTATION_REPRESENTATION('',(#9573),
#17283);
#17231=MECHANICAL_DESIGN_GEOMETRIC_PRESENTATION_REPRESENTATION('',(#9574),
#17284);
#17232=MECHANICAL_DESIGN_GEOMETRIC_PRESENTATION_REPRESENTATION('',(#9575),
#17285);
#17233=MECHANICAL_DESIGN_GEOMETRIC_PRESENTATION_REPRESENTATION('',(#9576),
#17286);
#17234=MECHANICAL_DESIGN_GEOMETRIC_PRESENTATION_REPRESENTATION('',(#9577),
#17287);
#17235=MECHANICAL_DESIGN_GEOMETRIC_PRESENTATION_REPRESENTATION('',(#9578),
#17288);
#17236=MECHANICAL_DESIGN_GEOMETRIC_PRESENTATION_REPRESENTATION('',(#9579),
#17289);
#17237=MECHANICAL_DESIGN_GEOMETRIC_PRESENTATION_REPRESENTATION('',(#9580),
#17290);
#17238=MECHANICAL_DESIGN_GEOMETRIC_PRESENTATION_REPRESENTATION('',(#9581),
#17291);
#17239=MECHANICAL_DESIGN_GEOMETRIC_PRESENTATION_REPRESENTATION('',(#9582),
#17292);
#17240=MECHANICAL_DESIGN_GEOMETRIC_PRESENTATION_REPRESENTATION('',(#9583),
#17293);
#17241=MECHANICAL_DESIGN_GEOMETRIC_PRESENTATION_REPRESENTATION('',(#9584),
#17294);
#17242=MECHANICAL_DESIGN_GEOMETRIC_PRESENTATION_REPRESENTATION('',(#9585),
#17295);
#17243=MECHANICAL_DESIGN_GEOMETRIC_PRESENTATION_REPRESENTATION('',(#9586),
#17296);
#17244=MECHANICAL_DESIGN_GEOMETRIC_PRESENTATION_REPRESENTATION('',(#9587),
#17297);
#17245=MECHANICAL_DESIGN_GEOMETRIC_PRESENTATION_REPRESENTATION('',(#9588),
#17298);
#17246=MECHANICAL_DESIGN_GEOMETRIC_PRESENTATION_REPRESENTATION('',(#9589),
#17299);
#17247=MECHANICAL_DESIGN_GEOMETRIC_PRESENTATION_REPRESENTATION('',(#9590),
#17300);
#17248=MECHANICAL_DESIGN_GEOMETRIC_PRESENTATION_REPRESENTATION('',(#9591),
#17301);
#17249=MECHANICAL_DESIGN_GEOMETRIC_PRESENTATION_REPRESENTATION('',(#9592),
#17302);
#17250=MECHANICAL_DESIGN_GEOMETRIC_PRESENTATION_REPRESENTATION('',(#9593),
#17303);
#17251=(
GEOMETRIC_REPRESENTATION_CONTEXT(3)
GLOBAL_UNCERTAINTY_ASSIGNED_CONTEXT((#17304))
GLOBAL_UNIT_ASSIGNED_CONTEXT((#17463,#17410,#17357))
REPRESENTATION_CONTEXT('SO-8_3.9x4.9mm_P1.27mm',
'TOP_LEVEL_ASSEMBLY_PART')
);
#17252=(
GEOMETRIC_REPRESENTATION_CONTEXT(3)
GLOBAL_UNCERTAINTY_ASSIGNED_CONTEXT((#17305))
GLOBAL_UNIT_ASSIGNED_CONTEXT((#17464,#17411,#17358))
REPRESENTATION_CONTEXT('C_Disc_D7.5mm_W5.0mm_P5.00mm',
'TOP_LEVEL_ASSEMBLY_PART')
);
#17253=(
GEOMETRIC_REPRESENTATION_CONTEXT(3)
GLOBAL_UNCERTAINTY_ASSIGNED_CONTEXT((#17306))
GLOBAL_UNIT_ASSIGNED_CONTEXT((#17465,#17412,#17359))
REPRESENTATION_CONTEXT('DJ but to separate PCBs_copper',
'TOP_LEVEL_ASSEMBLY_PART')
);
#17254=(
GEOMETRIC_REPRESENTATION_CONTEXT(3)
GLOBAL_UNCERTAINTY_ASSIGNED_CONTEXT((#17307))
GLOBAL_UNIT_ASSIGNED_CONTEXT((#17466,#17413,#17360))
REPRESENTATION_CONTEXT('DJ but to separate PCBs_copper',
'TOP_LEVEL_ASSEMBLY_PART')
);
#17255=(
GEOMETRIC_REPRESENTATION_CONTEXT(3)
GLOBAL_UNCERTAINTY_ASSIGNED_CONTEXT((#17308))
GLOBAL_UNIT_ASSIGNED_CONTEXT((#17467,#17414,#17361))
REPRESENTATION_CONTEXT('DJ but to separate PCBs_copper',
'TOP_LEVEL_ASSEMBLY_PART')
);
#17256=(
GEOMETRIC_REPRESENTATION_CONTEXT(3)
GLOBAL_UNCERTAINTY_ASSIGNED_CONTEXT((#17309))
GLOBAL_UNIT_ASSIGNED_CONTEXT((#17468,#17415,#17362))
REPRESENTATION_CONTEXT('DJ but to separate PCBs_copper',
'TOP_LEVEL_ASSEMBLY_PART')
);
#17257=(
GEOMETRIC_REPRESENTATION_CONTEXT(3)
GLOBAL_UNCERTAINTY_ASSIGNED_CONTEXT((#17310))
GLOBAL_UNIT_ASSIGNED_CONTEXT((#17469,#17416,#17363))
REPRESENTATION_CONTEXT('DJ but to separate PCBs_copper',
'TOP_LEVEL_ASSEMBLY_PART')
);
#17258=(
GEOMETRIC_REPRESENTATION_CONTEXT(3)
GLOBAL_UNCERTAINTY_ASSIGNED_CONTEXT((#17311))
GLOBAL_UNIT_ASSIGNED_CONTEXT((#17470,#17417,#17364))
REPRESENTATION_CONTEXT('DJ but to separate PCBs_copper',
'TOP_LEVEL_ASSEMBLY_PART')
);
#17259=(
GEOMETRIC_REPRESENTATION_CONTEXT(3)
GLOBAL_UNCERTAINTY_ASSIGNED_CONTEXT((#17312))
GLOBAL_UNIT_ASSIGNED_CONTEXT((#17471,#17418,#17365))
REPRESENTATION_CONTEXT('DJ but to separate PCBs_copper',
'TOP_LEVEL_ASSEMBLY_PART')
);
#17260=(
GEOMETRIC_REPRESENTATION_CONTEXT(3)
GLOBAL_UNCERTAINTY_ASSIGNED_CONTEXT((#17313))
GLOBAL_UNIT_ASSIGNED_CONTEXT((#17472,#17419,#17366))
REPRESENTATION_CONTEXT('DJ but to separate PCBs_copper',
'TOP_LEVEL_ASSEMBLY_PART')
);
#17261=(
GEOMETRIC_REPRESENTATION_CONTEXT(3)
GLOBAL_UNCERTAINTY_ASSIGNED_CONTEXT((#17314))
GLOBAL_UNIT_ASSIGNED_CONTEXT((#17473,#17420,#17367))
REPRESENTATION_CONTEXT('DJ but to separate PCBs_copper',
'TOP_LEVEL_ASSEMBLY_PART')
);
#17262=(
GEOMETRIC_REPRESENTATION_CONTEXT(3)
GLOBAL_UNCERTAINTY_ASSIGNED_CONTEXT((#17315))
GLOBAL_UNIT_ASSIGNED_CONTEXT((#17474,#17421,#17368))
REPRESENTATION_CONTEXT('DJ but to separate PCBs_pad',
'TOP_LEVEL_ASSEMBLY_PART')
);
#17263=(
GEOMETRIC_REPRESENTATION_CONTEXT(3)
GLOBAL_UNCERTAINTY_ASSIGNED_CONTEXT((#17316))
GLOBAL_UNIT_ASSIGNED_CONTEXT((#17475,#17422,#17369))
REPRESENTATION_CONTEXT('DJ but to separate PCBs_pad',
'TOP_LEVEL_ASSEMBLY_PART')
);
#17264=(
GEOMETRIC_REPRESENTATION_CONTEXT(3)
GLOBAL_UNCERTAINTY_ASSIGNED_CONTEXT((#17317))
GLOBAL_UNIT_ASSIGNED_CONTEXT((#17476,#17423,#17370))
REPRESENTATION_CONTEXT('DJ but to separate PCBs_pad',
'TOP_LEVEL_ASSEMBLY_PART')
);
#17265=(
GEOMETRIC_REPRESENTATION_CONTEXT(3)
GLOBAL_UNCERTAINTY_ASSIGNED_CONTEXT((#17318))
GLOBAL_UNIT_ASSIGNED_CONTEXT((#17477,#17424,#17371))
REPRESENTATION_CONTEXT('DJ but to separate PCBs_pad',
'TOP_LEVEL_ASSEMBLY_PART')
);
#17266=(
GEOMETRIC_REPRESENTATION_CONTEXT(3)
GLOBAL_UNCERTAINTY_ASSIGNED_CONTEXT((#17319))
GLOBAL_UNIT_ASSIGNED_CONTEXT((#17478,#17425,#17372))
REPRESENTATION_CONTEXT('DJ but to separate PCBs_pad',
'TOP_LEVEL_ASSEMBLY_PART')
);
#17267=(
GEOMETRIC_REPRESENTATION_CONTEXT(3)
GLOBAL_UNCERTAINTY_ASSIGNED_CONTEXT((#17320))
GLOBAL_UNIT_ASSIGNED_CONTEXT((#17479,#17426,#17373))
REPRESENTATION_CONTEXT('DJ but to separate PCBs_pad',
'TOP_LEVEL_ASSEMBLY_PART')
);
#17268=(
GEOMETRIC_REPRESENTATION_CONTEXT(3)
GLOBAL_UNCERTAINTY_ASSIGNED_CONTEXT((#17321))
GLOBAL_UNIT_ASSIGNED_CONTEXT((#17480,#17427,#17374))
REPRESENTATION_CONTEXT('DJ but to separate PCBs_pad',
'TOP_LEVEL_ASSEMBLY_PART')
);
#17269=(
GEOMETRIC_REPRESENTATION_CONTEXT(3)
GLOBAL_UNCERTAINTY_ASSIGNED_CONTEXT((#17322))
GLOBAL_UNIT_ASSIGNED_CONTEXT((#17481,#17428,#17375))
REPRESENTATION_CONTEXT('DJ but to separate PCBs_pad',
'TOP_LEVEL_ASSEMBLY_PART')
);
#17270=(
GEOMETRIC_REPRESENTATION_CONTEXT(3)
GLOBAL_UNCERTAINTY_ASSIGNED_CONTEXT((#17323))
GLOBAL_UNIT_ASSIGNED_CONTEXT((#17482,#17429,#17376))
REPRESENTATION_CONTEXT('DJ but to separate PCBs_pad',
'TOP_LEVEL_ASSEMBLY_PART')
);
#17271=(
GEOMETRIC_REPRESENTATION_CONTEXT(3)
GLOBAL_UNCERTAINTY_ASSIGNED_CONTEXT((#17324))
GLOBAL_UNIT_ASSIGNED_CONTEXT((#17483,#17430,#17377))
REPRESENTATION_CONTEXT('DJ but to separate PCBs_pad',
'TOP_LEVEL_ASSEMBLY_PART')
);
#17272=(
GEOMETRIC_REPRESENTATION_CONTEXT(3)
GLOBAL_UNCERTAINTY_ASSIGNED_CONTEXT((#17325))
GLOBAL_UNIT_ASSIGNED_CONTEXT((#17484,#17431,#17378))
REPRESENTATION_CONTEXT('DJ but to separate PCBs_pad',
'TOP_LEVEL_ASSEMBLY_PART')
);
#17273=(
GEOMETRIC_REPRESENTATION_CONTEXT(3)
GLOBAL_UNCERTAINTY_ASSIGNED_CONTEXT((#17326))
GLOBAL_UNIT_ASSIGNED_CONTEXT((#17485,#17432,#17379))
REPRESENTATION_CONTEXT('DJ but to separate PCBs_pad',
'TOP_LEVEL_ASSEMBLY_PART')
);
#17274=(
GEOMETRIC_REPRESENTATION_CONTEXT(3)
GLOBAL_UNCERTAINTY_ASSIGNED_CONTEXT((#17327))
GLOBAL_UNIT_ASSIGNED_CONTEXT((#17486,#17433,#17380))
REPRESENTATION_CONTEXT('DJ but to separate PCBs_pad',
'TOP_LEVEL_ASSEMBLY_PART')
);
#17275=(
GEOMETRIC_REPRESENTATION_CONTEXT(3)
GLOBAL_UNCERTAINTY_ASSIGNED_CONTEXT((#17328))
GLOBAL_UNIT_ASSIGNED_CONTEXT((#17487,#17434,#17381))
REPRESENTATION_CONTEXT('DJ but to separate PCBs_pad',
'TOP_LEVEL_ASSEMBLY_PART')
);
#17276=(
GEOMETRIC_REPRESENTATION_CONTEXT(3)
GLOBAL_UNCERTAINTY_ASSIGNED_CONTEXT((#17329))
GLOBAL_UNIT_ASSIGNED_CONTEXT((#17488,#17435,#17382))
REPRESENTATION_CONTEXT('DJ but to separate PCBs_pad',
'TOP_LEVEL_ASSEMBLY_PART')
);
#17277=(
GEOMETRIC_REPRESENTATION_CONTEXT(3)
GLOBAL_UNCERTAINTY_ASSIGNED_CONTEXT((#17330))
GLOBAL_UNIT_ASSIGNED_CONTEXT((#17489,#17436,#17383))
REPRESENTATION_CONTEXT('DJ but to separate PCBs_pad',
'TOP_LEVEL_ASSEMBLY_PART')
);
#17278=(
GEOMETRIC_REPRESENTATION_CONTEXT(3)
GLOBAL_UNCERTAINTY_ASSIGNED_CONTEXT((#17331))
GLOBAL_UNIT_ASSIGNED_CONTEXT((#17490,#17437,#17384))
REPRESENTATION_CONTEXT('DJ but to separate PCBs_pad',
'TOP_LEVEL_ASSEMBLY_PART')
);
#17279=(
GEOMETRIC_REPRESENTATION_CONTEXT(3)
GLOBAL_UNCERTAINTY_ASSIGNED_CONTEXT((#17332))
GLOBAL_UNIT_ASSIGNED_CONTEXT((#17491,#17438,#17385))
REPRESENTATION_CONTEXT('DJ but to separate PCBs_pad',
'TOP_LEVEL_ASSEMBLY_PART')
);
#17280=(
GEOMETRIC_REPRESENTATION_CONTEXT(3)
GLOBAL_UNCERTAINTY_ASSIGNED_CONTEXT((#17333))
GLOBAL_UNIT_ASSIGNED_CONTEXT((#17492,#17439,#17386))
REPRESENTATION_CONTEXT('DJ but to separate PCBs_via',
'TOP_LEVEL_ASSEMBLY_PART')
);
#17281=(
GEOMETRIC_REPRESENTATION_CONTEXT(3)
GLOBAL_UNCERTAINTY_ASSIGNED_CONTEXT((#17334))
GLOBAL_UNIT_ASSIGNED_CONTEXT((#17493,#17440,#17387))
REPRESENTATION_CONTEXT('DJ but to separate PCBs_via',
'TOP_LEVEL_ASSEMBLY_PART')
);
#17282=(
GEOMETRIC_REPRESENTATION_CONTEXT(3)
GLOBAL_UNCERTAINTY_ASSIGNED_CONTEXT((#17335))
GLOBAL_UNIT_ASSIGNED_CONTEXT((#17494,#17441,#17388))
REPRESENTATION_CONTEXT('DJ but to separate PCBs_silkscreen',
'TOP_LEVEL_ASSEMBLY_PART')
);
#17283=(
GEOMETRIC_REPRESENTATION_CONTEXT(3)
GLOBAL_UNCERTAINTY_ASSIGNED_CONTEXT((#17336))
GLOBAL_UNIT_ASSIGNED_CONTEXT((#17495,#17442,#17389))
REPRESENTATION_CONTEXT('DJ but to separate PCBs_silkscreen',
'TOP_LEVEL_ASSEMBLY_PART')
);
#17284=(
GEOMETRIC_REPRESENTATION_CONTEXT(3)
GLOBAL_UNCERTAINTY_ASSIGNED_CONTEXT((#17337))
GLOBAL_UNIT_ASSIGNED_CONTEXT((#17496,#17443,#17390))
REPRESENTATION_CONTEXT('DJ but to separate PCBs_silkscreen',
'TOP_LEVEL_ASSEMBLY_PART')
);
#17285=(
GEOMETRIC_REPRESENTATION_CONTEXT(3)
GLOBAL_UNCERTAINTY_ASSIGNED_CONTEXT((#17338))
GLOBAL_UNIT_ASSIGNED_CONTEXT((#17497,#17444,#17391))
REPRESENTATION_CONTEXT('DJ but to separate PCBs_silkscreen',
'TOP_LEVEL_ASSEMBLY_PART')
);
#17286=(
GEOMETRIC_REPRESENTATION_CONTEXT(3)
GLOBAL_UNCERTAINTY_ASSIGNED_CONTEXT((#17339))
GLOBAL_UNIT_ASSIGNED_CONTEXT((#17498,#17445,#17392))
REPRESENTATION_CONTEXT('DJ but to separate PCBs_silkscreen',
'TOP_LEVEL_ASSEMBLY_PART')
);
#17287=(
GEOMETRIC_REPRESENTATION_CONTEXT(3)
GLOBAL_UNCERTAINTY_ASSIGNED_CONTEXT((#17340))
GLOBAL_UNIT_ASSIGNED_CONTEXT((#17499,#17446,#17393))
REPRESENTATION_CONTEXT('DJ but to separate PCBs_silkscreen',
'TOP_LEVEL_ASSEMBLY_PART')
);
#17288=(
GEOMETRIC_REPRESENTATION_CONTEXT(3)
GLOBAL_UNCERTAINTY_ASSIGNED_CONTEXT((#17341))
GLOBAL_UNIT_ASSIGNED_CONTEXT((#17500,#17447,#17394))
REPRESENTATION_CONTEXT('DJ but to separate PCBs_silkscreen',
'TOP_LEVEL_ASSEMBLY_PART')
);
#17289=(
GEOMETRIC_REPRESENTATION_CONTEXT(3)
GLOBAL_UNCERTAINTY_ASSIGNED_CONTEXT((#17342))
GLOBAL_UNIT_ASSIGNED_CONTEXT((#17501,#17448,#17395))
REPRESENTATION_CONTEXT('DJ but to separate PCBs_silkscreen',
'TOP_LEVEL_ASSEMBLY_PART')
);
#17290=(
GEOMETRIC_REPRESENTATION_CONTEXT(3)
GLOBAL_UNCERTAINTY_ASSIGNED_CONTEXT((#17343))
GLOBAL_UNIT_ASSIGNED_CONTEXT((#17502,#17449,#17396))
REPRESENTATION_CONTEXT('DJ but to separate PCBs_silkscreen',
'TOP_LEVEL_ASSEMBLY_PART')
);
#17291=(
GEOMETRIC_REPRESENTATION_CONTEXT(3)
GLOBAL_UNCERTAINTY_ASSIGNED_CONTEXT((#17344))
GLOBAL_UNIT_ASSIGNED_CONTEXT((#17503,#17450,#17397))
REPRESENTATION_CONTEXT('DJ but to separate PCBs_silkscreen',
'TOP_LEVEL_ASSEMBLY_PART')
);
#17292=(
GEOMETRIC_REPRESENTATION_CONTEXT(3)
GLOBAL_UNCERTAINTY_ASSIGNED_CONTEXT((#17345))
GLOBAL_UNIT_ASSIGNED_CONTEXT((#17504,#17451,#17398))
REPRESENTATION_CONTEXT('DJ but to separate PCBs_silkscreen',
'TOP_LEVEL_ASSEMBLY_PART')
);
#17293=(
GEOMETRIC_REPRESENTATION_CONTEXT(3)
GLOBAL_UNCERTAINTY_ASSIGNED_CONTEXT((#17346))
GLOBAL_UNIT_ASSIGNED_CONTEXT((#17505,#17452,#17399))
REPRESENTATION_CONTEXT('DJ but to separate PCBs_silkscreen',
'TOP_LEVEL_ASSEMBLY_PART')
);
#17294=(
GEOMETRIC_REPRESENTATION_CONTEXT(3)
GLOBAL_UNCERTAINTY_ASSIGNED_CONTEXT((#17347))
GLOBAL_UNIT_ASSIGNED_CONTEXT((#17506,#17453,#17400))
REPRESENTATION_CONTEXT('DJ but to separate PCBs_silkscreen',
'TOP_LEVEL_ASSEMBLY_PART')
);
#17295=(
GEOMETRIC_REPRESENTATION_CONTEXT(3)
GLOBAL_UNCERTAINTY_ASSIGNED_CONTEXT((#17348))
GLOBAL_UNIT_ASSIGNED_CONTEXT((#17507,#17454,#17401))
REPRESENTATION_CONTEXT('DJ but to separate PCBs_silkscreen',
'TOP_LEVEL_ASSEMBLY_PART')
);
#17296=(
GEOMETRIC_REPRESENTATION_CONTEXT(3)
GLOBAL_UNCERTAINTY_ASSIGNED_CONTEXT((#17349))
GLOBAL_UNIT_ASSIGNED_CONTEXT((#17508,#17455,#17402))
REPRESENTATION_CONTEXT('DJ but to separate PCBs_silkscreen',
'TOP_LEVEL_ASSEMBLY_PART')
);
#17297=(
GEOMETRIC_REPRESENTATION_CONTEXT(3)
GLOBAL_UNCERTAINTY_ASSIGNED_CONTEXT((#17350))
GLOBAL_UNIT_ASSIGNED_CONTEXT((#17509,#17456,#17403))
REPRESENTATION_CONTEXT('DJ but to separate PCBs_silkscreen',
'TOP_LEVEL_ASSEMBLY_PART')
);
#17298=(
GEOMETRIC_REPRESENTATION_CONTEXT(3)
GLOBAL_UNCERTAINTY_ASSIGNED_CONTEXT((#17351))
GLOBAL_UNIT_ASSIGNED_CONTEXT((#17510,#17457,#17404))
REPRESENTATION_CONTEXT('DJ but to separate PCBs_silkscreen',
'TOP_LEVEL_ASSEMBLY_PART')
);
#17299=(
GEOMETRIC_REPRESENTATION_CONTEXT(3)
GLOBAL_UNCERTAINTY_ASSIGNED_CONTEXT((#17352))
GLOBAL_UNIT_ASSIGNED_CONTEXT((#17511,#17458,#17405))
REPRESENTATION_CONTEXT('DJ but to separate PCBs_silkscreen',
'TOP_LEVEL_ASSEMBLY_PART')
);
#17300=(
GEOMETRIC_REPRESENTATION_CONTEXT(3)
GLOBAL_UNCERTAINTY_ASSIGNED_CONTEXT((#17353))
GLOBAL_UNIT_ASSIGNED_CONTEXT((#17512,#17459,#17406))
REPRESENTATION_CONTEXT('DJ but to separate PCBs_silkscreen',
'TOP_LEVEL_ASSEMBLY_PART')
);
#17301=(
GEOMETRIC_REPRESENTATION_CONTEXT(3)
GLOBAL_UNCERTAINTY_ASSIGNED_CONTEXT((#17354))
GLOBAL_UNIT_ASSIGNED_CONTEXT((#17513,#17460,#17407))
REPRESENTATION_CONTEXT('DJ but to separate PCBs_silkscreen',
'TOP_LEVEL_ASSEMBLY_PART')
);
#17302=(
GEOMETRIC_REPRESENTATION_CONTEXT(3)
GLOBAL_UNCERTAINTY_ASSIGNED_CONTEXT((#17355))
GLOBAL_UNIT_ASSIGNED_CONTEXT((#17514,#17461,#17408))
REPRESENTATION_CONTEXT('DJ but to separate PCBs_silkscreen',
'TOP_LEVEL_ASSEMBLY_PART')
);
#17303=(
GEOMETRIC_REPRESENTATION_CONTEXT(3)
GLOBAL_UNCERTAINTY_ASSIGNED_CONTEXT((#17356))
GLOBAL_UNIT_ASSIGNED_CONTEXT((#17515,#17462,#17409))
REPRESENTATION_CONTEXT('DJ but to separate PCBs_PCB',
'TOP_LEVEL_ASSEMBLY_PART')
);
#17304=UNCERTAINTY_MEASURE_WITH_UNIT(LENGTH_MEASURE(1.E-6),#17463,
'DISTANCE_ACCURACY_VALUE','Maximum Tolerance applied to model');
#17305=UNCERTAINTY_MEASURE_WITH_UNIT(LENGTH_MEASURE(1.E-6),#17464,
'DISTANCE_ACCURACY_VALUE','Maximum Tolerance applied to model');
#17306=UNCERTAINTY_MEASURE_WITH_UNIT(LENGTH_MEASURE(1.E-6),#17465,
'DISTANCE_ACCURACY_VALUE','Maximum Tolerance applied to model');
#17307=UNCERTAINTY_MEASURE_WITH_UNIT(LENGTH_MEASURE(1.E-6),#17466,
'DISTANCE_ACCURACY_VALUE','Maximum Tolerance applied to model');
#17308=UNCERTAINTY_MEASURE_WITH_UNIT(LENGTH_MEASURE(1.E-6),#17467,
'DISTANCE_ACCURACY_VALUE','Maximum Tolerance applied to model');
#17309=UNCERTAINTY_MEASURE_WITH_UNIT(LENGTH_MEASURE(1.E-6),#17468,
'DISTANCE_ACCURACY_VALUE','Maximum Tolerance applied to model');
#17310=UNCERTAINTY_MEASURE_WITH_UNIT(LENGTH_MEASURE(1.E-6),#17469,
'DISTANCE_ACCURACY_VALUE','Maximum Tolerance applied to model');
#17311=UNCERTAINTY_MEASURE_WITH_UNIT(LENGTH_MEASURE(1.E-6),#17470,
'DISTANCE_ACCURACY_VALUE','Maximum Tolerance applied to model');
#17312=UNCERTAINTY_MEASURE_WITH_UNIT(LENGTH_MEASURE(1.E-6),#17471,
'DISTANCE_ACCURACY_VALUE','Maximum Tolerance applied to model');
#17313=UNCERTAINTY_MEASURE_WITH_UNIT(LENGTH_MEASURE(1.E-6),#17472,
'DISTANCE_ACCURACY_VALUE','Maximum Tolerance applied to model');
#17314=UNCERTAINTY_MEASURE_WITH_UNIT(LENGTH_MEASURE(1.E-6),#17473,
'DISTANCE_ACCURACY_VALUE','Maximum Tolerance applied to model');
#17315=UNCERTAINTY_MEASURE_WITH_UNIT(LENGTH_MEASURE(1.E-6),#17474,
'DISTANCE_ACCURACY_VALUE','Maximum Tolerance applied to model');
#17316=UNCERTAINTY_MEASURE_WITH_UNIT(LENGTH_MEASURE(1.E-6),#17475,
'DISTANCE_ACCURACY_VALUE','Maximum Tolerance applied to model');
#17317=UNCERTAINTY_MEASURE_WITH_UNIT(LENGTH_MEASURE(1.E-6),#17476,
'DISTANCE_ACCURACY_VALUE','Maximum Tolerance applied to model');
#17318=UNCERTAINTY_MEASURE_WITH_UNIT(LENGTH_MEASURE(1.E-6),#17477,
'DISTANCE_ACCURACY_VALUE','Maximum Tolerance applied to model');
#17319=UNCERTAINTY_MEASURE_WITH_UNIT(LENGTH_MEASURE(1.E-6),#17478,
'DISTANCE_ACCURACY_VALUE','Maximum Tolerance applied to model');
#17320=UNCERTAINTY_MEASURE_WITH_UNIT(LENGTH_MEASURE(1.E-6),#17479,
'DISTANCE_ACCURACY_VALUE','Maximum Tolerance applied to model');
#17321=UNCERTAINTY_MEASURE_WITH_UNIT(LENGTH_MEASURE(1.E-6),#17480,
'DISTANCE_ACCURACY_VALUE','Maximum Tolerance applied to model');
#17322=UNCERTAINTY_MEASURE_WITH_UNIT(LENGTH_MEASURE(1.E-8),#17481,
'DISTANCE_ACCURACY_VALUE','Maximum Tolerance applied to model');
#17323=UNCERTAINTY_MEASURE_WITH_UNIT(LENGTH_MEASURE(1.E-8),#17482,
'DISTANCE_ACCURACY_VALUE','Maximum Tolerance applied to model');
#17324=UNCERTAINTY_MEASURE_WITH_UNIT(LENGTH_MEASURE(1.E-8),#17483,
'DISTANCE_ACCURACY_VALUE','Maximum Tolerance applied to model');
#17325=UNCERTAINTY_MEASURE_WITH_UNIT(LENGTH_MEASURE(1.E-6),#17484,
'DISTANCE_ACCURACY_VALUE','Maximum Tolerance applied to model');
#17326=UNCERTAINTY_MEASURE_WITH_UNIT(LENGTH_MEASURE(1.E-8),#17485,
'DISTANCE_ACCURACY_VALUE','Maximum Tolerance applied to model');
#17327=UNCERTAINTY_MEASURE_WITH_UNIT(LENGTH_MEASURE(1.E-8),#17486,
'DISTANCE_ACCURACY_VALUE','Maximum Tolerance applied to model');
#17328=UNCERTAINTY_MEASURE_WITH_UNIT(LENGTH_MEASURE(1.E-8),#17487,
'DISTANCE_ACCURACY_VALUE','Maximum Tolerance applied to model');
#17329=UNCERTAINTY_MEASURE_WITH_UNIT(LENGTH_MEASURE(1.E-6),#17488,
'DISTANCE_ACCURACY_VALUE','Maximum Tolerance applied to model');
#17330=UNCERTAINTY_MEASURE_WITH_UNIT(LENGTH_MEASURE(1.E-6),#17489,
'DISTANCE_ACCURACY_VALUE','Maximum Tolerance applied to model');
#17331=UNCERTAINTY_MEASURE_WITH_UNIT(LENGTH_MEASURE(1.E-6),#17490,
'DISTANCE_ACCURACY_VALUE','Maximum Tolerance applied to model');
#17332=UNCERTAINTY_MEASURE_WITH_UNIT(LENGTH_MEASURE(1.E-6),#17491,
'DISTANCE_ACCURACY_VALUE','Maximum Tolerance applied to model');
#17333=UNCERTAINTY_MEASURE_WITH_UNIT(LENGTH_MEASURE(1.E-8),#17492,
'DISTANCE_ACCURACY_VALUE','Maximum Tolerance applied to model');
#17334=UNCERTAINTY_MEASURE_WITH_UNIT(LENGTH_MEASURE(1.E-8),#17493,
'DISTANCE_ACCURACY_VALUE','Maximum Tolerance applied to model');
#17335=UNCERTAINTY_MEASURE_WITH_UNIT(LENGTH_MEASURE(1.E-6),#17494,
'DISTANCE_ACCURACY_VALUE','Maximum Tolerance applied to model');
#17336=UNCERTAINTY_MEASURE_WITH_UNIT(LENGTH_MEASURE(1.E-6),#17495,
'DISTANCE_ACCURACY_VALUE','Maximum Tolerance applied to model');
#17337=UNCERTAINTY_MEASURE_WITH_UNIT(LENGTH_MEASURE(1.E-6),#17496,
'DISTANCE_ACCURACY_VALUE','Maximum Tolerance applied to model');
#17338=UNCERTAINTY_MEASURE_WITH_UNIT(LENGTH_MEASURE(1.E-6),#17497,
'DISTANCE_ACCURACY_VALUE','Maximum Tolerance applied to model');
#17339=UNCERTAINTY_MEASURE_WITH_UNIT(LENGTH_MEASURE(1.E-6),#17498,
'DISTANCE_ACCURACY_VALUE','Maximum Tolerance applied to model');
#17340=UNCERTAINTY_MEASURE_WITH_UNIT(LENGTH_MEASURE(1.E-6),#17499,
'DISTANCE_ACCURACY_VALUE','Maximum Tolerance applied to model');
#17341=UNCERTAINTY_MEASURE_WITH_UNIT(LENGTH_MEASURE(1.E-6),#17500,
'DISTANCE_ACCURACY_VALUE','Maximum Tolerance applied to model');
#17342=UNCERTAINTY_MEASURE_WITH_UNIT(LENGTH_MEASURE(1.E-6),#17501,
'DISTANCE_ACCURACY_VALUE','Maximum Tolerance applied to model');
#17343=UNCERTAINTY_MEASURE_WITH_UNIT(LENGTH_MEASURE(1.E-6),#17502,
'DISTANCE_ACCURACY_VALUE','Maximum Tolerance applied to model');
#17344=UNCERTAINTY_MEASURE_WITH_UNIT(LENGTH_MEASURE(1.E-6),#17503,
'DISTANCE_ACCURACY_VALUE','Maximum Tolerance applied to model');
#17345=UNCERTAINTY_MEASURE_WITH_UNIT(LENGTH_MEASURE(1.E-6),#17504,
'DISTANCE_ACCURACY_VALUE','Maximum Tolerance applied to model');
#17346=UNCERTAINTY_MEASURE_WITH_UNIT(LENGTH_MEASURE(1.E-6),#17505,
'DISTANCE_ACCURACY_VALUE','Maximum Tolerance applied to model');
#17347=UNCERTAINTY_MEASURE_WITH_UNIT(LENGTH_MEASURE(1.E-6),#17506,
'DISTANCE_ACCURACY_VALUE','Maximum Tolerance applied to model');
#17348=UNCERTAINTY_MEASURE_WITH_UNIT(LENGTH_MEASURE(1.E-6),#17507,
'DISTANCE_ACCURACY_VALUE','Maximum Tolerance applied to model');
#17349=UNCERTAINTY_MEASURE_WITH_UNIT(LENGTH_MEASURE(1.E-6),#17508,
'DISTANCE_ACCURACY_VALUE','Maximum Tolerance applied to model');
#17350=UNCERTAINTY_MEASURE_WITH_UNIT(LENGTH_MEASURE(1.E-6),#17509,
'DISTANCE_ACCURACY_VALUE','Maximum Tolerance applied to model');
#17351=UNCERTAINTY_MEASURE_WITH_UNIT(LENGTH_MEASURE(1.E-6),#17510,
'DISTANCE_ACCURACY_VALUE','Maximum Tolerance applied to model');
#17352=UNCERTAINTY_MEASURE_WITH_UNIT(LENGTH_MEASURE(1.E-6),#17511,
'DISTANCE_ACCURACY_VALUE','Maximum Tolerance applied to model');
#17353=UNCERTAINTY_MEASURE_WITH_UNIT(LENGTH_MEASURE(1.E-6),#17512,
'DISTANCE_ACCURACY_VALUE','Maximum Tolerance applied to model');
#17354=UNCERTAINTY_MEASURE_WITH_UNIT(LENGTH_MEASURE(1.E-6),#17513,
'DISTANCE_ACCURACY_VALUE','Maximum Tolerance applied to model');
#17355=UNCERTAINTY_MEASURE_WITH_UNIT(LENGTH_MEASURE(1.E-6),#17514,
'DISTANCE_ACCURACY_VALUE','Maximum Tolerance applied to model');
#17356=UNCERTAINTY_MEASURE_WITH_UNIT(LENGTH_MEASURE(1.E-6),#17515,
'DISTANCE_ACCURACY_VALUE','Maximum Tolerance applied to model');
#17357=(
NAMED_UNIT(*)
SI_UNIT($,.STERADIAN.)
SOLID_ANGLE_UNIT()
);
#17358=(
NAMED_UNIT(*)
SI_UNIT($,.STERADIAN.)
SOLID_ANGLE_UNIT()
);
#17359=(
NAMED_UNIT(*)
SI_UNIT($,.STERADIAN.)
SOLID_ANGLE_UNIT()
);
#17360=(
NAMED_UNIT(*)
SI_UNIT($,.STERADIAN.)
SOLID_ANGLE_UNIT()
);
#17361=(
NAMED_UNIT(*)
SI_UNIT($,.STERADIAN.)
SOLID_ANGLE_UNIT()
);
#17362=(
NAMED_UNIT(*)
SI_UNIT($,.STERADIAN.)
SOLID_ANGLE_UNIT()
);
#17363=(
NAMED_UNIT(*)
SI_UNIT($,.STERADIAN.)
SOLID_ANGLE_UNIT()
);
#17364=(
NAMED_UNIT(*)
SI_UNIT($,.STERADIAN.)
SOLID_ANGLE_UNIT()
);
#17365=(
NAMED_UNIT(*)
SI_UNIT($,.STERADIAN.)
SOLID_ANGLE_UNIT()
);
#17366=(
NAMED_UNIT(*)
SI_UNIT($,.STERADIAN.)
SOLID_ANGLE_UNIT()
);
#17367=(
NAMED_UNIT(*)
SI_UNIT($,.STERADIAN.)
SOLID_ANGLE_UNIT()
);
#17368=(
NAMED_UNIT(*)
SI_UNIT($,.STERADIAN.)
SOLID_ANGLE_UNIT()
);
#17369=(
NAMED_UNIT(*)
SI_UNIT($,.STERADIAN.)
SOLID_ANGLE_UNIT()
);
#17370=(
NAMED_UNIT(*)
SI_UNIT($,.STERADIAN.)
SOLID_ANGLE_UNIT()
);
#17371=(
NAMED_UNIT(*)
SI_UNIT($,.STERADIAN.)
SOLID_ANGLE_UNIT()
);
#17372=(
NAMED_UNIT(*)
SI_UNIT($,.STERADIAN.)
SOLID_ANGLE_UNIT()
);
#17373=(
NAMED_UNIT(*)
SI_UNIT($,.STERADIAN.)
SOLID_ANGLE_UNIT()
);
#17374=(
NAMED_UNIT(*)
SI_UNIT($,.STERADIAN.)
SOLID_ANGLE_UNIT()
);
#17375=(
NAMED_UNIT(*)
SI_UNIT($,.STERADIAN.)
SOLID_ANGLE_UNIT()
);
#17376=(
NAMED_UNIT(*)
SI_UNIT($,.STERADIAN.)
SOLID_ANGLE_UNIT()
);
#17377=(
NAMED_UNIT(*)
SI_UNIT($,.STERADIAN.)
SOLID_ANGLE_UNIT()
);
#17378=(
NAMED_UNIT(*)
SI_UNIT($,.STERADIAN.)
SOLID_ANGLE_UNIT()
);
#17379=(
NAMED_UNIT(*)
SI_UNIT($,.STERADIAN.)
SOLID_ANGLE_UNIT()
);
#17380=(
NAMED_UNIT(*)
SI_UNIT($,.STERADIAN.)
SOLID_ANGLE_UNIT()
);
#17381=(
NAMED_UNIT(*)
SI_UNIT($,.STERADIAN.)
SOLID_ANGLE_UNIT()
);
#17382=(
NAMED_UNIT(*)
SI_UNIT($,.STERADIAN.)
SOLID_ANGLE_UNIT()
);
#17383=(
NAMED_UNIT(*)
SI_UNIT($,.STERADIAN.)
SOLID_ANGLE_UNIT()
);
#17384=(
NAMED_UNIT(*)
SI_UNIT($,.STERADIAN.)
SOLID_ANGLE_UNIT()
);
#17385=(
NAMED_UNIT(*)
SI_UNIT($,.STERADIAN.)
SOLID_ANGLE_UNIT()
);
#17386=(
NAMED_UNIT(*)
SI_UNIT($,.STERADIAN.)
SOLID_ANGLE_UNIT()
);
#17387=(
NAMED_UNIT(*)
SI_UNIT($,.STERADIAN.)
SOLID_ANGLE_UNIT()
);
#17388=(
NAMED_UNIT(*)
SI_UNIT($,.STERADIAN.)
SOLID_ANGLE_UNIT()
);
#17389=(
NAMED_UNIT(*)
SI_UNIT($,.STERADIAN.)
SOLID_ANGLE_UNIT()
);
#17390=(
NAMED_UNIT(*)
SI_UNIT($,.STERADIAN.)
SOLID_ANGLE_UNIT()
);
#17391=(
NAMED_UNIT(*)
SI_UNIT($,.STERADIAN.)
SOLID_ANGLE_UNIT()
);
#17392=(
NAMED_UNIT(*)
SI_UNIT($,.STERADIAN.)
SOLID_ANGLE_UNIT()
);
#17393=(
NAMED_UNIT(*)
SI_UNIT($,.STERADIAN.)
SOLID_ANGLE_UNIT()
);
#17394=(
NAMED_UNIT(*)
SI_UNIT($,.STERADIAN.)
SOLID_ANGLE_UNIT()
);
#17395=(
NAMED_UNIT(*)
SI_UNIT($,.STERADIAN.)
SOLID_ANGLE_UNIT()
);
#17396=(
NAMED_UNIT(*)
SI_UNIT($,.STERADIAN.)
SOLID_ANGLE_UNIT()
);
#17397=(
NAMED_UNIT(*)
SI_UNIT($,.STERADIAN.)
SOLID_ANGLE_UNIT()
);
#17398=(
NAMED_UNIT(*)
SI_UNIT($,.STERADIAN.)
SOLID_ANGLE_UNIT()
);
#17399=(
NAMED_UNIT(*)
SI_UNIT($,.STERADIAN.)
SOLID_ANGLE_UNIT()
);
#17400=(
NAMED_UNIT(*)
SI_UNIT($,.STERADIAN.)
SOLID_ANGLE_UNIT()
);
#17401=(
NAMED_UNIT(*)
SI_UNIT($,.STERADIAN.)
SOLID_ANGLE_UNIT()
);
#17402=(
NAMED_UNIT(*)
SI_UNIT($,.STERADIAN.)
SOLID_ANGLE_UNIT()
);
#17403=(
NAMED_UNIT(*)
SI_UNIT($,.STERADIAN.)
SOLID_ANGLE_UNIT()
);
#17404=(
NAMED_UNIT(*)
SI_UNIT($,.STERADIAN.)
SOLID_ANGLE_UNIT()
);
#17405=(
NAMED_UNIT(*)
SI_UNIT($,.STERADIAN.)
SOLID_ANGLE_UNIT()
);
#17406=(
NAMED_UNIT(*)
SI_UNIT($,.STERADIAN.)
SOLID_ANGLE_UNIT()
);
#17407=(
NAMED_UNIT(*)
SI_UNIT($,.STERADIAN.)
SOLID_ANGLE_UNIT()
);
#17408=(
NAMED_UNIT(*)
SI_UNIT($,.STERADIAN.)
SOLID_ANGLE_UNIT()
);
#17409=(
NAMED_UNIT(*)
SI_UNIT($,.STERADIAN.)
SOLID_ANGLE_UNIT()
);
#17410=(
NAMED_UNIT(*)
PLANE_ANGLE_UNIT()
SI_UNIT($,.RADIAN.)
);
#17411=(
NAMED_UNIT(*)
PLANE_ANGLE_UNIT()
SI_UNIT($,.RADIAN.)
);
#17412=(
NAMED_UNIT(*)
PLANE_ANGLE_UNIT()
SI_UNIT($,.RADIAN.)
);
#17413=(
NAMED_UNIT(*)
PLANE_ANGLE_UNIT()
SI_UNIT($,.RADIAN.)
);
#17414=(
NAMED_UNIT(*)
PLANE_ANGLE_UNIT()
SI_UNIT($,.RADIAN.)
);
#17415=(
NAMED_UNIT(*)
PLANE_ANGLE_UNIT()
SI_UNIT($,.RADIAN.)
);
#17416=(
NAMED_UNIT(*)
PLANE_ANGLE_UNIT()
SI_UNIT($,.RADIAN.)
);
#17417=(
NAMED_UNIT(*)
PLANE_ANGLE_UNIT()
SI_UNIT($,.RADIAN.)
);
#17418=(
NAMED_UNIT(*)
PLANE_ANGLE_UNIT()
SI_UNIT($,.RADIAN.)
);
#17419=(
NAMED_UNIT(*)
PLANE_ANGLE_UNIT()
SI_UNIT($,.RADIAN.)
);
#17420=(
NAMED_UNIT(*)
PLANE_ANGLE_UNIT()
SI_UNIT($,.RADIAN.)
);
#17421=(
NAMED_UNIT(*)
PLANE_ANGLE_UNIT()
SI_UNIT($,.RADIAN.)
);
#17422=(
NAMED_UNIT(*)
PLANE_ANGLE_UNIT()
SI_UNIT($,.RADIAN.)
);
#17423=(
NAMED_UNIT(*)
PLANE_ANGLE_UNIT()
SI_UNIT($,.RADIAN.)
);
#17424=(
NAMED_UNIT(*)
PLANE_ANGLE_UNIT()
SI_UNIT($,.RADIAN.)
);
#17425=(
NAMED_UNIT(*)
PLANE_ANGLE_UNIT()
SI_UNIT($,.RADIAN.)
);
#17426=(
NAMED_UNIT(*)
PLANE_ANGLE_UNIT()
SI_UNIT($,.RADIAN.)
);
#17427=(
NAMED_UNIT(*)
PLANE_ANGLE_UNIT()
SI_UNIT($,.RADIAN.)
);
#17428=(
NAMED_UNIT(*)
PLANE_ANGLE_UNIT()
SI_UNIT($,.RADIAN.)
);
#17429=(
NAMED_UNIT(*)
PLANE_ANGLE_UNIT()
SI_UNIT($,.RADIAN.)
);
#17430=(
NAMED_UNIT(*)
PLANE_ANGLE_UNIT()
SI_UNIT($,.RADIAN.)
);
#17431=(
NAMED_UNIT(*)
PLANE_ANGLE_UNIT()
SI_UNIT($,.RADIAN.)
);
#17432=(
NAMED_UNIT(*)
PLANE_ANGLE_UNIT()
SI_UNIT($,.RADIAN.)
);
#17433=(
NAMED_UNIT(*)
PLANE_ANGLE_UNIT()
SI_UNIT($,.RADIAN.)
);
#17434=(
NAMED_UNIT(*)
PLANE_ANGLE_UNIT()
SI_UNIT($,.RADIAN.)
);
#17435=(
NAMED_UNIT(*)
PLANE_ANGLE_UNIT()
SI_UNIT($,.RADIAN.)
);
#17436=(
NAMED_UNIT(*)
PLANE_ANGLE_UNIT()
SI_UNIT($,.RADIAN.)
);
#17437=(
NAMED_UNIT(*)
PLANE_ANGLE_UNIT()
SI_UNIT($,.RADIAN.)
);
#17438=(
NAMED_UNIT(*)
PLANE_ANGLE_UNIT()
SI_UNIT($,.RADIAN.)
);
#17439=(
NAMED_UNIT(*)
PLANE_ANGLE_UNIT()
SI_UNIT($,.RADIAN.)
);
#17440=(
NAMED_UNIT(*)
PLANE_ANGLE_UNIT()
SI_UNIT($,.RADIAN.)
);
#17441=(
NAMED_UNIT(*)
PLANE_ANGLE_UNIT()
SI_UNIT($,.RADIAN.)
);
#17442=(
NAMED_UNIT(*)
PLANE_ANGLE_UNIT()
SI_UNIT($,.RADIAN.)
);
#17443=(
NAMED_UNIT(*)
PLANE_ANGLE_UNIT()
SI_UNIT($,.RADIAN.)
);
#17444=(
NAMED_UNIT(*)
PLANE_ANGLE_UNIT()
SI_UNIT($,.RADIAN.)
);
#17445=(
NAMED_UNIT(*)
PLANE_ANGLE_UNIT()
SI_UNIT($,.RADIAN.)
);
#17446=(
NAMED_UNIT(*)
PLANE_ANGLE_UNIT()
SI_UNIT($,.RADIAN.)
);
#17447=(
NAMED_UNIT(*)
PLANE_ANGLE_UNIT()
SI_UNIT($,.RADIAN.)
);
#17448=(
NAMED_UNIT(*)
PLANE_ANGLE_UNIT()
SI_UNIT($,.RADIAN.)
);
#17449=(
NAMED_UNIT(*)
PLANE_ANGLE_UNIT()
SI_UNIT($,.RADIAN.)
);
#17450=(
NAMED_UNIT(*)
PLANE_ANGLE_UNIT()
SI_UNIT($,.RADIAN.)
);
#17451=(
NAMED_UNIT(*)
PLANE_ANGLE_UNIT()
SI_UNIT($,.RADIAN.)
);
#17452=(
NAMED_UNIT(*)
PLANE_ANGLE_UNIT()
SI_UNIT($,.RADIAN.)
);
#17453=(
NAMED_UNIT(*)
PLANE_ANGLE_UNIT()
SI_UNIT($,.RADIAN.)
);
#17454=(
NAMED_UNIT(*)
PLANE_ANGLE_UNIT()
SI_UNIT($,.RADIAN.)
);
#17455=(
NAMED_UNIT(*)
PLANE_ANGLE_UNIT()
SI_UNIT($,.RADIAN.)
);
#17456=(
NAMED_UNIT(*)
PLANE_ANGLE_UNIT()
SI_UNIT($,.RADIAN.)
);
#17457=(
NAMED_UNIT(*)
PLANE_ANGLE_UNIT()
SI_UNIT($,.RADIAN.)
);
#17458=(
NAMED_UNIT(*)
PLANE_ANGLE_UNIT()
SI_UNIT($,.RADIAN.)
);
#17459=(
NAMED_UNIT(*)
PLANE_ANGLE_UNIT()
SI_UNIT($,.RADIAN.)
);
#17460=(
NAMED_UNIT(*)
PLANE_ANGLE_UNIT()
SI_UNIT($,.RADIAN.)
);
#17461=(
NAMED_UNIT(*)
PLANE_ANGLE_UNIT()
SI_UNIT($,.RADIAN.)
);
#17462=(
NAMED_UNIT(*)
PLANE_ANGLE_UNIT()
SI_UNIT($,.RADIAN.)
);
#17463=(
LENGTH_UNIT()
NAMED_UNIT(*)
SI_UNIT($,.METRE.)
);
#17464=(
LENGTH_UNIT()
NAMED_UNIT(*)
SI_UNIT($,.METRE.)
);
#17465=(
LENGTH_UNIT()
NAMED_UNIT(*)
SI_UNIT($,.METRE.)
);
#17466=(
LENGTH_UNIT()
NAMED_UNIT(*)
SI_UNIT($,.METRE.)
);
#17467=(
LENGTH_UNIT()
NAMED_UNIT(*)
SI_UNIT($,.METRE.)
);
#17468=(
LENGTH_UNIT()
NAMED_UNIT(*)
SI_UNIT($,.METRE.)
);
#17469=(
LENGTH_UNIT()
NAMED_UNIT(*)
SI_UNIT($,.METRE.)
);
#17470=(
LENGTH_UNIT()
NAMED_UNIT(*)
SI_UNIT($,.METRE.)
);
#17471=(
LENGTH_UNIT()
NAMED_UNIT(*)
SI_UNIT($,.METRE.)
);
#17472=(
LENGTH_UNIT()
NAMED_UNIT(*)
SI_UNIT($,.METRE.)
);
#17473=(
LENGTH_UNIT()
NAMED_UNIT(*)
SI_UNIT($,.METRE.)
);
#17474=(
LENGTH_UNIT()
NAMED_UNIT(*)
SI_UNIT($,.METRE.)
);
#17475=(
LENGTH_UNIT()
NAMED_UNIT(*)
SI_UNIT($,.METRE.)
);
#17476=(
LENGTH_UNIT()
NAMED_UNIT(*)
SI_UNIT($,.METRE.)
);
#17477=(
LENGTH_UNIT()
NAMED_UNIT(*)
SI_UNIT($,.METRE.)
);
#17478=(
LENGTH_UNIT()
NAMED_UNIT(*)
SI_UNIT($,.METRE.)
);
#17479=(
LENGTH_UNIT()
NAMED_UNIT(*)
SI_UNIT($,.METRE.)
);
#17480=(
LENGTH_UNIT()
NAMED_UNIT(*)
SI_UNIT($,.METRE.)
);
#17481=(
LENGTH_UNIT()
NAMED_UNIT(*)
SI_UNIT($,.METRE.)
);
#17482=(
LENGTH_UNIT()
NAMED_UNIT(*)
SI_UNIT($,.METRE.)
);
#17483=(
LENGTH_UNIT()
NAMED_UNIT(*)
SI_UNIT($,.METRE.)
);
#17484=(
LENGTH_UNIT()
NAMED_UNIT(*)
SI_UNIT($,.METRE.)
);
#17485=(
LENGTH_UNIT()
NAMED_UNIT(*)
SI_UNIT($,.METRE.)
);
#17486=(
LENGTH_UNIT()
NAMED_UNIT(*)
SI_UNIT($,.METRE.)
);
#17487=(
LENGTH_UNIT()
NAMED_UNIT(*)
SI_UNIT($,.METRE.)
);
#17488=(
LENGTH_UNIT()
NAMED_UNIT(*)
SI_UNIT($,.METRE.)
);
#17489=(
LENGTH_UNIT()
NAMED_UNIT(*)
SI_UNIT($,.METRE.)
);
#17490=(
LENGTH_UNIT()
NAMED_UNIT(*)
SI_UNIT($,.METRE.)
);
#17491=(
LENGTH_UNIT()
NAMED_UNIT(*)
SI_UNIT($,.METRE.)
);
#17492=(
LENGTH_UNIT()
NAMED_UNIT(*)
SI_UNIT($,.METRE.)
);
#17493=(
LENGTH_UNIT()
NAMED_UNIT(*)
SI_UNIT($,.METRE.)
);
#17494=(
LENGTH_UNIT()
NAMED_UNIT(*)
SI_UNIT($,.METRE.)
);
#17495=(
LENGTH_UNIT()
NAMED_UNIT(*)
SI_UNIT($,.METRE.)
);
#17496=(
LENGTH_UNIT()
NAMED_UNIT(*)
SI_UNIT($,.METRE.)
);
#17497=(
LENGTH_UNIT()
NAMED_UNIT(*)
SI_UNIT($,.METRE.)
);
#17498=(
LENGTH_UNIT()
NAMED_UNIT(*)
SI_UNIT($,.METRE.)
);
#17499=(
LENGTH_UNIT()
NAMED_UNIT(*)
SI_UNIT($,.METRE.)
);
#17500=(
LENGTH_UNIT()
NAMED_UNIT(*)
SI_UNIT($,.METRE.)
);
#17501=(
LENGTH_UNIT()
NAMED_UNIT(*)
SI_UNIT($,.METRE.)
);
#17502=(
LENGTH_UNIT()
NAMED_UNIT(*)
SI_UNIT($,.METRE.)
);
#17503=(
LENGTH_UNIT()
NAMED_UNIT(*)
SI_UNIT($,.METRE.)
);
#17504=(
LENGTH_UNIT()
NAMED_UNIT(*)
SI_UNIT($,.METRE.)
);
#17505=(
LENGTH_UNIT()
NAMED_UNIT(*)
SI_UNIT($,.METRE.)
);
#17506=(
LENGTH_UNIT()
NAMED_UNIT(*)
SI_UNIT($,.METRE.)
);
#17507=(
LENGTH_UNIT()
NAMED_UNIT(*)
SI_UNIT($,.METRE.)
);
#17508=(
LENGTH_UNIT()
NAMED_UNIT(*)
SI_UNIT($,.METRE.)
);
#17509=(
LENGTH_UNIT()
NAMED_UNIT(*)
SI_UNIT($,.METRE.)
);
#17510=(
LENGTH_UNIT()
NAMED_UNIT(*)
SI_UNIT($,.METRE.)
);
#17511=(
LENGTH_UNIT()
NAMED_UNIT(*)
SI_UNIT($,.METRE.)
);
#17512=(
LENGTH_UNIT()
NAMED_UNIT(*)
SI_UNIT($,.METRE.)
);
#17513=(
LENGTH_UNIT()
NAMED_UNIT(*)
SI_UNIT($,.METRE.)
);
#17514=(
LENGTH_UNIT()
NAMED_UNIT(*)
SI_UNIT($,.METRE.)
);
#17515=(
LENGTH_UNIT()
NAMED_UNIT(*)
SI_UNIT($,.METRE.)
);
#17516=PRODUCT_DEFINITION_SHAPE('','',#17569);
#17517=PRODUCT_DEFINITION_SHAPE('','',#17570);
#17518=PRODUCT_DEFINITION_SHAPE('','',#17571);
#17519=PRODUCT_DEFINITION_SHAPE('','',#17572);
#17520=PRODUCT_DEFINITION_SHAPE('','',#17573);
#17521=PRODUCT_DEFINITION_SHAPE('','',#17574);
#17522=PRODUCT_DEFINITION_SHAPE('','',#17575);
#17523=PRODUCT_DEFINITION_SHAPE('','',#17576);
#17524=PRODUCT_DEFINITION_SHAPE('','',#17577);
#17525=PRODUCT_DEFINITION_SHAPE('','',#17578);
#17526=PRODUCT_DEFINITION_SHAPE('','',#17579);
#17527=PRODUCT_DEFINITION_SHAPE('','',#17580);
#17528=PRODUCT_DEFINITION_SHAPE('','',#17581);
#17529=PRODUCT_DEFINITION_SHAPE('','',#17582);
#17530=PRODUCT_DEFINITION_SHAPE('','',#17583);
#17531=PRODUCT_DEFINITION_SHAPE('','',#17584);
#17532=PRODUCT_DEFINITION_SHAPE('','',#17585);
#17533=PRODUCT_DEFINITION_SHAPE('','',#17586);
#17534=PRODUCT_DEFINITION_SHAPE('','',#17587);
#17535=PRODUCT_DEFINITION_SHAPE('','',#17588);
#17536=PRODUCT_DEFINITION_SHAPE('','',#17589);
#17537=PRODUCT_DEFINITION_SHAPE('','',#17590);
#17538=PRODUCT_DEFINITION_SHAPE('','',#17591);
#17539=PRODUCT_DEFINITION_SHAPE('','',#17592);
#17540=PRODUCT_DEFINITION_SHAPE('','',#17593);
#17541=PRODUCT_DEFINITION_SHAPE('','',#17594);
#17542=PRODUCT_DEFINITION_SHAPE('','',#17595);
#17543=PRODUCT_DEFINITION_SHAPE('','',#17596);
#17544=PRODUCT_DEFINITION_SHAPE('','',#17597);
#17545=PRODUCT_DEFINITION_SHAPE('','',#17598);
#17546=PRODUCT_DEFINITION_SHAPE('','',#17599);
#17547=PRODUCT_DEFINITION_SHAPE('','',#17600);
#17548=PRODUCT_DEFINITION_SHAPE('','',#17601);
#17549=PRODUCT_DEFINITION_SHAPE('','',#17602);
#17550=PRODUCT_DEFINITION_SHAPE('','',#17603);
#17551=PRODUCT_DEFINITION_SHAPE('','',#17604);
#17552=PRODUCT_DEFINITION_SHAPE('','',#17605);
#17553=PRODUCT_DEFINITION_SHAPE('','',#17606);
#17554=PRODUCT_DEFINITION_SHAPE('','',#17607);
#17555=PRODUCT_DEFINITION_SHAPE('','',#17608);
#17556=PRODUCT_DEFINITION_SHAPE('','',#17609);
#17557=PRODUCT_DEFINITION_SHAPE('','',#17610);
#17558=PRODUCT_DEFINITION_SHAPE('','',#17611);
#17559=PRODUCT_DEFINITION_SHAPE('','',#17612);
#17560=PRODUCT_DEFINITION_SHAPE('','',#17613);
#17561=PRODUCT_DEFINITION_SHAPE('','',#17614);
#17562=PRODUCT_DEFINITION_SHAPE('','',#17615);
#17563=PRODUCT_DEFINITION_SHAPE('','',#17616);
#17564=PRODUCT_DEFINITION_SHAPE('','',#17617);
#17565=PRODUCT_DEFINITION_SHAPE('','',#17618);
#17566=PRODUCT_DEFINITION_SHAPE('','',#17619);
#17567=PRODUCT_DEFINITION_SHAPE('','',#17620);
#17568=PRODUCT_DEFINITION_SHAPE('','',#17621);
#17569=PRODUCT_DEFINITION('','',#17675,#17622);
#17570=PRODUCT_DEFINITION('','',#17676,#17623);
#17571=PRODUCT_DEFINITION('','',#17677,#17624);
#17572=PRODUCT_DEFINITION('','',#17678,#17625);
#17573=PRODUCT_DEFINITION('','',#17679,#17626);
#17574=PRODUCT_DEFINITION('','',#17680,#17627);
#17575=PRODUCT_DEFINITION('','',#17681,#17628);
#17576=PRODUCT_DEFINITION('','',#17682,#17629);
#17577=PRODUCT_DEFINITION('','',#17683,#17630);
#17578=PRODUCT_DEFINITION('','',#17684,#17631);
#17579=PRODUCT_DEFINITION('','',#17685,#17632);
#17580=PRODUCT_DEFINITION('','',#17686,#17633);
#17581=PRODUCT_DEFINITION('','',#17687,#17634);
#17582=PRODUCT_DEFINITION('','',#17688,#17635);
#17583=PRODUCT_DEFINITION('','',#17689,#17636);
#17584=PRODUCT_DEFINITION('','',#17690,#17637);
#17585=PRODUCT_DEFINITION('','',#17691,#17638);
#17586=PRODUCT_DEFINITION('','',#17692,#17639);
#17587=PRODUCT_DEFINITION('','',#17693,#17640);
#17588=PRODUCT_DEFINITION('','',#17694,#17641);
#17589=PRODUCT_DEFINITION('','',#17695,#17642);
#17590=PRODUCT_DEFINITION('','',#17696,#17643);
#17591=PRODUCT_DEFINITION('','',#17697,#17644);
#17592=PRODUCT_DEFINITION('','',#17698,#17645);
#17593=PRODUCT_DEFINITION('','',#17699,#17646);
#17594=PRODUCT_DEFINITION('','',#17700,#17647);
#17595=PRODUCT_DEFINITION('','',#17701,#17648);
#17596=PRODUCT_DEFINITION('','',#17702,#17649);
#17597=PRODUCT_DEFINITION('','',#17703,#17650);
#17598=PRODUCT_DEFINITION('','',#17704,#17651);
#17599=PRODUCT_DEFINITION('','',#17705,#17652);
#17600=PRODUCT_DEFINITION('','',#17706,#17653);
#17601=PRODUCT_DEFINITION('','',#17707,#17654);
#17602=PRODUCT_DEFINITION('','',#17708,#17655);
#17603=PRODUCT_DEFINITION('','',#17709,#17656);
#17604=PRODUCT_DEFINITION('','',#17710,#17657);
#17605=PRODUCT_DEFINITION('','',#17711,#17658);
#17606=PRODUCT_DEFINITION('','',#17712,#17659);
#17607=PRODUCT_DEFINITION('','',#17713,#17660);
#17608=PRODUCT_DEFINITION('','',#17714,#17661);
#17609=PRODUCT_DEFINITION('','',#17715,#17662);
#17610=PRODUCT_DEFINITION('','',#17716,#17663);
#17611=PRODUCT_DEFINITION('','',#17717,#17664);
#17612=PRODUCT_DEFINITION('','',#17718,#17665);
#17613=PRODUCT_DEFINITION('','',#17719,#17666);
#17614=PRODUCT_DEFINITION('','',#17720,#17667);
#17615=PRODUCT_DEFINITION('','',#17721,#17668);
#17616=PRODUCT_DEFINITION('','',#17722,#17669);
#17617=PRODUCT_DEFINITION('','',#17723,#17670);
#17618=PRODUCT_DEFINITION('','',#17724,#17671);
#17619=PRODUCT_DEFINITION('','',#17725,#17672);
#17620=PRODUCT_DEFINITION('','',#17726,#17673);
#17621=PRODUCT_DEFINITION('','',#17727,#17674);
#17622=PRODUCT_DEFINITION_CONTEXT('',#17993,'design');
#17623=PRODUCT_DEFINITION_CONTEXT('',#17994,'design');
#17624=PRODUCT_DEFINITION_CONTEXT('',#17995,'design');
#17625=PRODUCT_DEFINITION_CONTEXT('',#17996,'design');
#17626=PRODUCT_DEFINITION_CONTEXT('',#17997,'design');
#17627=PRODUCT_DEFINITION_CONTEXT('',#17998,'design');
#17628=PRODUCT_DEFINITION_CONTEXT('',#17999,'design');
#17629=PRODUCT_DEFINITION_CONTEXT('',#18000,'design');
#17630=PRODUCT_DEFINITION_CONTEXT('',#18001,'design');
#17631=PRODUCT_DEFINITION_CONTEXT('',#18002,'design');
#17632=PRODUCT_DEFINITION_CONTEXT('',#18003,'design');
#17633=PRODUCT_DEFINITION_CONTEXT('',#18004,'design');
#17634=PRODUCT_DEFINITION_CONTEXT('',#18005,'design');
#17635=PRODUCT_DEFINITION_CONTEXT('',#18006,'design');
#17636=PRODUCT_DEFINITION_CONTEXT('',#18007,'design');
#17637=PRODUCT_DEFINITION_CONTEXT('',#18008,'design');
#17638=PRODUCT_DEFINITION_CONTEXT('',#18009,'design');
#17639=PRODUCT_DEFINITION_CONTEXT('',#18010,'design');
#17640=PRODUCT_DEFINITION_CONTEXT('',#18011,'design');
#17641=PRODUCT_DEFINITION_CONTEXT('',#18012,'design');
#17642=PRODUCT_DEFINITION_CONTEXT('',#18013,'design');
#17643=PRODUCT_DEFINITION_CONTEXT('',#18014,'design');
#17644=PRODUCT_DEFINITION_CONTEXT('',#18015,'design');
#17645=PRODUCT_DEFINITION_CONTEXT('',#18016,'design');
#17646=PRODUCT_DEFINITION_CONTEXT('',#18017,'design');
#17647=PRODUCT_DEFINITION_CONTEXT('',#18018,'design');
#17648=PRODUCT_DEFINITION_CONTEXT('',#18019,'design');
#17649=PRODUCT_DEFINITION_CONTEXT('',#18020,'design');
#17650=PRODUCT_DEFINITION_CONTEXT('',#18021,'design');
#17651=PRODUCT_DEFINITION_CONTEXT('',#18022,'design');
#17652=PRODUCT_DEFINITION_CONTEXT('',#18023,'design');
#17653=PRODUCT_DEFINITION_CONTEXT('',#18024,'design');
#17654=PRODUCT_DEFINITION_CONTEXT('',#18025,'design');
#17655=PRODUCT_DEFINITION_CONTEXT('',#18026,'design');
#17656=PRODUCT_DEFINITION_CONTEXT('',#18027,'design');
#17657=PRODUCT_DEFINITION_CONTEXT('',#18028,'design');
#17658=PRODUCT_DEFINITION_CONTEXT('',#18029,'design');
#17659=PRODUCT_DEFINITION_CONTEXT('',#18030,'design');
#17660=PRODUCT_DEFINITION_CONTEXT('',#18031,'design');
#17661=PRODUCT_DEFINITION_CONTEXT('',#18032,'design');
#17662=PRODUCT_DEFINITION_CONTEXT('',#18033,'design');
#17663=PRODUCT_DEFINITION_CONTEXT('',#18034,'design');
#17664=PRODUCT_DEFINITION_CONTEXT('',#18035,'design');
#17665=PRODUCT_DEFINITION_CONTEXT('',#18036,'design');
#17666=PRODUCT_DEFINITION_CONTEXT('',#18037,'design');
#17667=PRODUCT_DEFINITION_CONTEXT('',#18038,'design');
#17668=PRODUCT_DEFINITION_CONTEXT('',#18039,'design');
#17669=PRODUCT_DEFINITION_CONTEXT('',#18040,'design');
#17670=PRODUCT_DEFINITION_CONTEXT('',#18041,'design');
#17671=PRODUCT_DEFINITION_CONTEXT('',#18042,'design');
#17672=PRODUCT_DEFINITION_CONTEXT('',#18043,'design');
#17673=PRODUCT_DEFINITION_CONTEXT('',#18044,'design');
#17674=PRODUCT_DEFINITION_CONTEXT('',#18045,'design');
#17675=PRODUCT_DEFINITION_FORMATION_WITH_SPECIFIED_SOURCE('','',#17781,
 .NOT_KNOWN.);
#17676=PRODUCT_DEFINITION_FORMATION_WITH_SPECIFIED_SOURCE('','',#17782,
 .NOT_KNOWN.);
#17677=PRODUCT_DEFINITION_FORMATION_WITH_SPECIFIED_SOURCE('','',#17783,
 .NOT_KNOWN.);
#17678=PRODUCT_DEFINITION_FORMATION_WITH_SPECIFIED_SOURCE('','',#17784,
 .NOT_KNOWN.);
#17679=PRODUCT_DEFINITION_FORMATION_WITH_SPECIFIED_SOURCE('','',#17785,
 .NOT_KNOWN.);
#17680=PRODUCT_DEFINITION_FORMATION_WITH_SPECIFIED_SOURCE('','',#17786,
 .NOT_KNOWN.);
#17681=PRODUCT_DEFINITION_FORMATION_WITH_SPECIFIED_SOURCE('','',#17787,
 .NOT_KNOWN.);
#17682=PRODUCT_DEFINITION_FORMATION_WITH_SPECIFIED_SOURCE('','',#17788,
 .NOT_KNOWN.);
#17683=PRODUCT_DEFINITION_FORMATION_WITH_SPECIFIED_SOURCE('','',#17789,
 .NOT_KNOWN.);
#17684=PRODUCT_DEFINITION_FORMATION_WITH_SPECIFIED_SOURCE('','',#17790,
 .NOT_KNOWN.);
#17685=PRODUCT_DEFINITION_FORMATION_WITH_SPECIFIED_SOURCE('','',#17791,
 .NOT_KNOWN.);
#17686=PRODUCT_DEFINITION_FORMATION_WITH_SPECIFIED_SOURCE('','',#17792,
 .NOT_KNOWN.);
#17687=PRODUCT_DEFINITION_FORMATION_WITH_SPECIFIED_SOURCE('','',#17793,
 .NOT_KNOWN.);
#17688=PRODUCT_DEFINITION_FORMATION_WITH_SPECIFIED_SOURCE('','',#17794,
 .NOT_KNOWN.);
#17689=PRODUCT_DEFINITION_FORMATION_WITH_SPECIFIED_SOURCE('','',#17795,
 .NOT_KNOWN.);
#17690=PRODUCT_DEFINITION_FORMATION_WITH_SPECIFIED_SOURCE('','',#17796,
 .NOT_KNOWN.);
#17691=PRODUCT_DEFINITION_FORMATION_WITH_SPECIFIED_SOURCE('','',#17797,
 .NOT_KNOWN.);
#17692=PRODUCT_DEFINITION_FORMATION_WITH_SPECIFIED_SOURCE('','',#17798,
 .NOT_KNOWN.);
#17693=PRODUCT_DEFINITION_FORMATION_WITH_SPECIFIED_SOURCE('','',#17799,
 .NOT_KNOWN.);
#17694=PRODUCT_DEFINITION_FORMATION_WITH_SPECIFIED_SOURCE('','',#17800,
 .NOT_KNOWN.);
#17695=PRODUCT_DEFINITION_FORMATION_WITH_SPECIFIED_SOURCE('','',#17801,
 .NOT_KNOWN.);
#17696=PRODUCT_DEFINITION_FORMATION_WITH_SPECIFIED_SOURCE('','',#17802,
 .NOT_KNOWN.);
#17697=PRODUCT_DEFINITION_FORMATION_WITH_SPECIFIED_SOURCE('','',#17803,
 .NOT_KNOWN.);
#17698=PRODUCT_DEFINITION_FORMATION_WITH_SPECIFIED_SOURCE('','',#17804,
 .NOT_KNOWN.);
#17699=PRODUCT_DEFINITION_FORMATION_WITH_SPECIFIED_SOURCE('','',#17805,
 .NOT_KNOWN.);
#17700=PRODUCT_DEFINITION_FORMATION_WITH_SPECIFIED_SOURCE('','',#17806,
 .NOT_KNOWN.);
#17701=PRODUCT_DEFINITION_FORMATION_WITH_SPECIFIED_SOURCE('','',#17807,
 .NOT_KNOWN.);
#17702=PRODUCT_DEFINITION_FORMATION_WITH_SPECIFIED_SOURCE('','',#17808,
 .NOT_KNOWN.);
#17703=PRODUCT_DEFINITION_FORMATION_WITH_SPECIFIED_SOURCE('','',#17809,
 .NOT_KNOWN.);
#17704=PRODUCT_DEFINITION_FORMATION_WITH_SPECIFIED_SOURCE('','',#17810,
 .NOT_KNOWN.);
#17705=PRODUCT_DEFINITION_FORMATION_WITH_SPECIFIED_SOURCE('','',#17811,
 .NOT_KNOWN.);
#17706=PRODUCT_DEFINITION_FORMATION_WITH_SPECIFIED_SOURCE('','',#17812,
 .NOT_KNOWN.);
#17707=PRODUCT_DEFINITION_FORMATION_WITH_SPECIFIED_SOURCE('','',#17813,
 .NOT_KNOWN.);
#17708=PRODUCT_DEFINITION_FORMATION_WITH_SPECIFIED_SOURCE('','',#17814,
 .NOT_KNOWN.);
#17709=PRODUCT_DEFINITION_FORMATION_WITH_SPECIFIED_SOURCE('','',#17815,
 .NOT_KNOWN.);
#17710=PRODUCT_DEFINITION_FORMATION_WITH_SPECIFIED_SOURCE('','',#17816,
 .NOT_KNOWN.);
#17711=PRODUCT_DEFINITION_FORMATION_WITH_SPECIFIED_SOURCE('','',#17817,
 .NOT_KNOWN.);
#17712=PRODUCT_DEFINITION_FORMATION_WITH_SPECIFIED_SOURCE('','',#17818,
 .NOT_KNOWN.);
#17713=PRODUCT_DEFINITION_FORMATION_WITH_SPECIFIED_SOURCE('','',#17819,
 .NOT_KNOWN.);
#17714=PRODUCT_DEFINITION_FORMATION_WITH_SPECIFIED_SOURCE('','',#17820,
 .NOT_KNOWN.);
#17715=PRODUCT_DEFINITION_FORMATION_WITH_SPECIFIED_SOURCE('','',#17821,
 .NOT_KNOWN.);
#17716=PRODUCT_DEFINITION_FORMATION_WITH_SPECIFIED_SOURCE('','',#17822,
 .NOT_KNOWN.);
#17717=PRODUCT_DEFINITION_FORMATION_WITH_SPECIFIED_SOURCE('','',#17823,
 .NOT_KNOWN.);
#17718=PRODUCT_DEFINITION_FORMATION_WITH_SPECIFIED_SOURCE('','',#17824,
 .NOT_KNOWN.);
#17719=PRODUCT_DEFINITION_FORMATION_WITH_SPECIFIED_SOURCE('','',#17825,
 .NOT_KNOWN.);
#17720=PRODUCT_DEFINITION_FORMATION_WITH_SPECIFIED_SOURCE('','',#17826,
 .NOT_KNOWN.);
#17721=PRODUCT_DEFINITION_FORMATION_WITH_SPECIFIED_SOURCE('','',#17827,
 .NOT_KNOWN.);
#17722=PRODUCT_DEFINITION_FORMATION_WITH_SPECIFIED_SOURCE('','',#17828,
 .NOT_KNOWN.);
#17723=PRODUCT_DEFINITION_FORMATION_WITH_SPECIFIED_SOURCE('','',#17829,
 .NOT_KNOWN.);
#17724=PRODUCT_DEFINITION_FORMATION_WITH_SPECIFIED_SOURCE('','',#17830,
 .NOT_KNOWN.);
#17725=PRODUCT_DEFINITION_FORMATION_WITH_SPECIFIED_SOURCE('','',#17831,
 .NOT_KNOWN.);
#17726=PRODUCT_DEFINITION_FORMATION_WITH_SPECIFIED_SOURCE('','',#17832,
 .NOT_KNOWN.);
#17727=PRODUCT_DEFINITION_FORMATION_WITH_SPECIFIED_SOURCE('','',#17833,
 .NOT_KNOWN.);
#17728=PRODUCT_RELATED_PRODUCT_CATEGORY('','',(#17781));
#17729=PRODUCT_RELATED_PRODUCT_CATEGORY('','',(#17782));
#17730=PRODUCT_RELATED_PRODUCT_CATEGORY('','',(#17783));
#17731=PRODUCT_RELATED_PRODUCT_CATEGORY('','',(#17784));
#17732=PRODUCT_RELATED_PRODUCT_CATEGORY('','',(#17785));
#17733=PRODUCT_RELATED_PRODUCT_CATEGORY('','',(#17786));
#17734=PRODUCT_RELATED_PRODUCT_CATEGORY('','',(#17787));
#17735=PRODUCT_RELATED_PRODUCT_CATEGORY('','',(#17788));
#17736=PRODUCT_RELATED_PRODUCT_CATEGORY('','',(#17789));
#17737=PRODUCT_RELATED_PRODUCT_CATEGORY('','',(#17790));
#17738=PRODUCT_RELATED_PRODUCT_CATEGORY('','',(#17791));
#17739=PRODUCT_RELATED_PRODUCT_CATEGORY('','',(#17792));
#17740=PRODUCT_RELATED_PRODUCT_CATEGORY('','',(#17793));
#17741=PRODUCT_RELATED_PRODUCT_CATEGORY('','',(#17794));
#17742=PRODUCT_RELATED_PRODUCT_CATEGORY('','',(#17795));
#17743=PRODUCT_RELATED_PRODUCT_CATEGORY('','',(#17796));
#17744=PRODUCT_RELATED_PRODUCT_CATEGORY('','',(#17797));
#17745=PRODUCT_RELATED_PRODUCT_CATEGORY('','',(#17798));
#17746=PRODUCT_RELATED_PRODUCT_CATEGORY('','',(#17799));
#17747=PRODUCT_RELATED_PRODUCT_CATEGORY('','',(#17800));
#17748=PRODUCT_RELATED_PRODUCT_CATEGORY('','',(#17801));
#17749=PRODUCT_RELATED_PRODUCT_CATEGORY('','',(#17802));
#17750=PRODUCT_RELATED_PRODUCT_CATEGORY('','',(#17803));
#17751=PRODUCT_RELATED_PRODUCT_CATEGORY('','',(#17804));
#17752=PRODUCT_RELATED_PRODUCT_CATEGORY('','',(#17805));
#17753=PRODUCT_RELATED_PRODUCT_CATEGORY('','',(#17806));
#17754=PRODUCT_RELATED_PRODUCT_CATEGORY('','',(#17807));
#17755=PRODUCT_RELATED_PRODUCT_CATEGORY('','',(#17808));
#17756=PRODUCT_RELATED_PRODUCT_CATEGORY('','',(#17809));
#17757=PRODUCT_RELATED_PRODUCT_CATEGORY('','',(#17810));
#17758=PRODUCT_RELATED_PRODUCT_CATEGORY('','',(#17811));
#17759=PRODUCT_RELATED_PRODUCT_CATEGORY('','',(#17812));
#17760=PRODUCT_RELATED_PRODUCT_CATEGORY('','',(#17813));
#17761=PRODUCT_RELATED_PRODUCT_CATEGORY('','',(#17814));
#17762=PRODUCT_RELATED_PRODUCT_CATEGORY('','',(#17815));
#17763=PRODUCT_RELATED_PRODUCT_CATEGORY('','',(#17816));
#17764=PRODUCT_RELATED_PRODUCT_CATEGORY('','',(#17817));
#17765=PRODUCT_RELATED_PRODUCT_CATEGORY('','',(#17818));
#17766=PRODUCT_RELATED_PRODUCT_CATEGORY('','',(#17819));
#17767=PRODUCT_RELATED_PRODUCT_CATEGORY('','',(#17820));
#17768=PRODUCT_RELATED_PRODUCT_CATEGORY('','',(#17821));
#17769=PRODUCT_RELATED_PRODUCT_CATEGORY('','',(#17822));
#17770=PRODUCT_RELATED_PRODUCT_CATEGORY('','',(#17823));
#17771=PRODUCT_RELATED_PRODUCT_CATEGORY('','',(#17824));
#17772=PRODUCT_RELATED_PRODUCT_CATEGORY('','',(#17825));
#17773=PRODUCT_RELATED_PRODUCT_CATEGORY('','',(#17826));
#17774=PRODUCT_RELATED_PRODUCT_CATEGORY('','',(#17827));
#17775=PRODUCT_RELATED_PRODUCT_CATEGORY('','',(#17828));
#17776=PRODUCT_RELATED_PRODUCT_CATEGORY('','',(#17829));
#17777=PRODUCT_RELATED_PRODUCT_CATEGORY('','',(#17830));
#17778=PRODUCT_RELATED_PRODUCT_CATEGORY('','',(#17831));
#17779=PRODUCT_RELATED_PRODUCT_CATEGORY('','',(#17832));
#17780=PRODUCT_RELATED_PRODUCT_CATEGORY('','',(#17833));
#17781=PRODUCT('SO-8_3.9x4.9mm_P1.27mm','SO-8_3.9x4.9mm_P1.27mm',
'SO-8_3.9x4.9mm_P1.27mm',(#17887));
#17782=PRODUCT('C_Disc_D7.5mm_W5.0mm_P5.00mm',
'C_Disc_D7.5mm_W5.0mm_P5.00mm','C_Disc_D7.5mm_W5.0mm_P5.00mm',(#17888));
#17783=PRODUCT('DJ but to separate PCBs_copper',
'DJ but to separate PCBs_copper','DJ but to separate PCBs_copper',(#17889));
#17784=PRODUCT('DJ but to separate PCBs_copper',
'DJ but to separate PCBs_copper','DJ but to separate PCBs_copper',(#17890));
#17785=PRODUCT('DJ but to separate PCBs_copper',
'DJ but to separate PCBs_copper','DJ but to separate PCBs_copper',(#17891));
#17786=PRODUCT('DJ but to separate PCBs_copper',
'DJ but to separate PCBs_copper','DJ but to separate PCBs_copper',(#17892));
#17787=PRODUCT('DJ but to separate PCBs_copper',
'DJ but to separate PCBs_copper','DJ but to separate PCBs_copper',(#17893));
#17788=PRODUCT('DJ but to separate PCBs_copper',
'DJ but to separate PCBs_copper','DJ but to separate PCBs_copper',(#17894));
#17789=PRODUCT('DJ but to separate PCBs_copper',
'DJ but to separate PCBs_copper','DJ but to separate PCBs_copper',(#17895));
#17790=PRODUCT('DJ but to separate PCBs_copper',
'DJ but to separate PCBs_copper','DJ but to separate PCBs_copper',(#17896));
#17791=PRODUCT('DJ but to separate PCBs_copper',
'DJ but to separate PCBs_copper','DJ but to separate PCBs_copper',(#17897));
#17792=PRODUCT('DJ but to separate PCBs_pad',
'DJ but to separate PCBs_pad','DJ but to separate PCBs_pad',(#17898));
#17793=PRODUCT('DJ but to separate PCBs_pad',
'DJ but to separate PCBs_pad','DJ but to separate PCBs_pad',(#17899));
#17794=PRODUCT('DJ but to separate PCBs_pad',
'DJ but to separate PCBs_pad','DJ but to separate PCBs_pad',(#17900));
#17795=PRODUCT('DJ but to separate PCBs_pad',
'DJ but to separate PCBs_pad','DJ but to separate PCBs_pad',(#17901));
#17796=PRODUCT('DJ but to separate PCBs_pad',
'DJ but to separate PCBs_pad','DJ but to separate PCBs_pad',(#17902));
#17797=PRODUCT('DJ but to separate PCBs_pad',
'DJ but to separate PCBs_pad','DJ but to separate PCBs_pad',(#17903));
#17798=PRODUCT('DJ but to separate PCBs_pad',
'DJ but to separate PCBs_pad','DJ but to separate PCBs_pad',(#17904));
#17799=PRODUCT('DJ but to separate PCBs_pad',
'DJ but to separate PCBs_pad','DJ but to separate PCBs_pad',(#17905));
#17800=PRODUCT('DJ but to separate PCBs_pad',
'DJ but to separate PCBs_pad','DJ but to separate PCBs_pad',(#17906));
#17801=PRODUCT('DJ but to separate PCBs_pad',
'DJ but to separate PCBs_pad','DJ but to separate PCBs_pad',(#17907));
#17802=PRODUCT('DJ but to separate PCBs_pad',
'DJ but to separate PCBs_pad','DJ but to separate PCBs_pad',(#17908));
#17803=PRODUCT('DJ but to separate PCBs_pad',
'DJ but to separate PCBs_pad','DJ but to separate PCBs_pad',(#17909));
#17804=PRODUCT('DJ but to separate PCBs_pad',
'DJ but to separate PCBs_pad','DJ but to separate PCBs_pad',(#17910));
#17805=PRODUCT('DJ but to separate PCBs_pad',
'DJ but to separate PCBs_pad','DJ but to separate PCBs_pad',(#17911));
#17806=PRODUCT('DJ but to separate PCBs_pad',
'DJ but to separate PCBs_pad','DJ but to separate PCBs_pad',(#17912));
#17807=PRODUCT('DJ but to separate PCBs_pad',
'DJ but to separate PCBs_pad','DJ but to separate PCBs_pad',(#17913));
#17808=PRODUCT('DJ but to separate PCBs_pad',
'DJ but to separate PCBs_pad','DJ but to separate PCBs_pad',(#17914));
#17809=PRODUCT('DJ but to separate PCBs_pad',
'DJ but to separate PCBs_pad','DJ but to separate PCBs_pad',(#17915));
#17810=PRODUCT('DJ but to separate PCBs_via',
'DJ but to separate PCBs_via','DJ but to separate PCBs_via',(#17916));
#17811=PRODUCT('DJ but to separate PCBs_via',
'DJ but to separate PCBs_via','DJ but to separate PCBs_via',(#17917));
#17812=PRODUCT('DJ but to separate PCBs_silkscreen',
'DJ but to separate PCBs_silkscreen',
'DJ but to separate PCBs_silkscreen',(#17918));
#17813=PRODUCT('DJ but to separate PCBs_silkscreen',
'DJ but to separate PCBs_silkscreen',
'DJ but to separate PCBs_silkscreen',(#17919));
#17814=PRODUCT('DJ but to separate PCBs_silkscreen',
'DJ but to separate PCBs_silkscreen',
'DJ but to separate PCBs_silkscreen',(#17920));
#17815=PRODUCT('DJ but to separate PCBs_silkscreen',
'DJ but to separate PCBs_silkscreen',
'DJ but to separate PCBs_silkscreen',(#17921));
#17816=PRODUCT('DJ but to separate PCBs_silkscreen',
'DJ but to separate PCBs_silkscreen',
'DJ but to separate PCBs_silkscreen',(#17922));
#17817=PRODUCT('DJ but to separate PCBs_silkscreen',
'DJ but to separate PCBs_silkscreen',
'DJ but to separate PCBs_silkscreen',(#17923));
#17818=PRODUCT('DJ but to separate PCBs_silkscreen',
'DJ but to separate PCBs_silkscreen',
'DJ but to separate PCBs_silkscreen',(#17924));
#17819=PRODUCT('DJ but to separate PCBs_silkscreen',
'DJ but to separate PCBs_silkscreen',
'DJ but to separate PCBs_silkscreen',(#17925));
#17820=PRODUCT('DJ but to separate PCBs_silkscreen',
'DJ but to separate PCBs_silkscreen',
'DJ but to separate PCBs_silkscreen',(#17926));
#17821=PRODUCT('DJ but to separate PCBs_silkscreen',
'DJ but to separate PCBs_silkscreen',
'DJ but to separate PCBs_silkscreen',(#17927));
#17822=PRODUCT('DJ but to separate PCBs_silkscreen',
'DJ but to separate PCBs_silkscreen',
'DJ but to separate PCBs_silkscreen',(#17928));
#17823=PRODUCT('DJ but to separate PCBs_silkscreen',
'DJ but to separate PCBs_silkscreen',
'DJ but to separate PCBs_silkscreen',(#17929));
#17824=PRODUCT('DJ but to separate PCBs_silkscreen',
'DJ but to separate PCBs_silkscreen',
'DJ but to separate PCBs_silkscreen',(#17930));
#17825=PRODUCT('DJ but to separate PCBs_silkscreen',
'DJ but to separate PCBs_silkscreen',
'DJ but to separate PCBs_silkscreen',(#17931));
#17826=PRODUCT('DJ but to separate PCBs_silkscreen',
'DJ but to separate PCBs_silkscreen',
'DJ but to separate PCBs_silkscreen',(#17932));
#17827=PRODUCT('DJ but to separate PCBs_silkscreen',
'DJ but to separate PCBs_silkscreen',
'DJ but to separate PCBs_silkscreen',(#17933));
#17828=PRODUCT('DJ but to separate PCBs_silkscreen',
'DJ but to separate PCBs_silkscreen',
'DJ but to separate PCBs_silkscreen',(#17934));
#17829=PRODUCT('DJ but to separate PCBs_silkscreen',
'DJ but to separate PCBs_silkscreen',
'DJ but to separate PCBs_silkscreen',(#17935));
#17830=PRODUCT('DJ but to separate PCBs_silkscreen',
'DJ but to separate PCBs_silkscreen',
'DJ but to separate PCBs_silkscreen',(#17936));
#17831=PRODUCT('DJ but to separate PCBs_silkscreen',
'DJ but to separate PCBs_silkscreen',
'DJ but to separate PCBs_silkscreen',(#17937));
#17832=PRODUCT('DJ but to separate PCBs_silkscreen',
'DJ but to separate PCBs_silkscreen',
'DJ but to separate PCBs_silkscreen',(#17938));
#17833=PRODUCT('DJ but to separate PCBs_PCB',
'DJ but to separate PCBs_PCB','DJ but to separate PCBs_PCB',(#17939));
#17834=PRODUCT_CATEGORY('','');
#17835=PRODUCT_CATEGORY('','');
#17836=PRODUCT_CATEGORY('','');
#17837=PRODUCT_CATEGORY('','');
#17838=PRODUCT_CATEGORY('','');
#17839=PRODUCT_CATEGORY('','');
#17840=PRODUCT_CATEGORY('','');
#17841=PRODUCT_CATEGORY('','');
#17842=PRODUCT_CATEGORY('','');
#17843=PRODUCT_CATEGORY('','');
#17844=PRODUCT_CATEGORY('','');
#17845=PRODUCT_CATEGORY('','');
#17846=PRODUCT_CATEGORY('','');
#17847=PRODUCT_CATEGORY('','');
#17848=PRODUCT_CATEGORY('','');
#17849=PRODUCT_CATEGORY('','');
#17850=PRODUCT_CATEGORY('','');
#17851=PRODUCT_CATEGORY('','');
#17852=PRODUCT_CATEGORY('','');
#17853=PRODUCT_CATEGORY('','');
#17854=PRODUCT_CATEGORY('','');
#17855=PRODUCT_CATEGORY('','');
#17856=PRODUCT_CATEGORY('','');
#17857=PRODUCT_CATEGORY('','');
#17858=PRODUCT_CATEGORY('','');
#17859=PRODUCT_CATEGORY('','');
#17860=PRODUCT_CATEGORY('','');
#17861=PRODUCT_CATEGORY('','');
#17862=PRODUCT_CATEGORY('','');
#17863=PRODUCT_CATEGORY('','');
#17864=PRODUCT_CATEGORY('','');
#17865=PRODUCT_CATEGORY('','');
#17866=PRODUCT_CATEGORY('','');
#17867=PRODUCT_CATEGORY('','');
#17868=PRODUCT_CATEGORY('','');
#17869=PRODUCT_CATEGORY('','');
#17870=PRODUCT_CATEGORY('','');
#17871=PRODUCT_CATEGORY('','');
#17872=PRODUCT_CATEGORY('','');
#17873=PRODUCT_CATEGORY('','');
#17874=PRODUCT_CATEGORY('','');
#17875=PRODUCT_CATEGORY('','');
#17876=PRODUCT_CATEGORY('','');
#17877=PRODUCT_CATEGORY('','');
#17878=PRODUCT_CATEGORY('','');
#17879=PRODUCT_CATEGORY('','');
#17880=PRODUCT_CATEGORY('','');
#17881=PRODUCT_CATEGORY('','');
#17882=PRODUCT_CATEGORY('','');
#17883=PRODUCT_CATEGORY('','');
#17884=PRODUCT_CATEGORY('','');
#17885=PRODUCT_CATEGORY('','');
#17886=PRODUCT_CATEGORY('','');
#17887=PRODUCT_CONTEXT('',#17993,'mechanical');
#17888=PRODUCT_CONTEXT('',#17994,'mechanical');
#17889=PRODUCT_CONTEXT('',#17995,'mechanical');
#17890=PRODUCT_CONTEXT('',#17996,'mechanical');
#17891=PRODUCT_CONTEXT('',#17997,'mechanical');
#17892=PRODUCT_CONTEXT('',#17998,'mechanical');
#17893=PRODUCT_CONTEXT('',#17999,'mechanical');
#17894=PRODUCT_CONTEXT('',#18000,'mechanical');
#17895=PRODUCT_CONTEXT('',#18001,'mechanical');
#17896=PRODUCT_CONTEXT('',#18002,'mechanical');
#17897=PRODUCT_CONTEXT('',#18003,'mechanical');
#17898=PRODUCT_CONTEXT('',#18004,'mechanical');
#17899=PRODUCT_CONTEXT('',#18005,'mechanical');
#17900=PRODUCT_CONTEXT('',#18006,'mechanical');
#17901=PRODUCT_CONTEXT('',#18007,'mechanical');
#17902=PRODUCT_CONTEXT('',#18008,'mechanical');
#17903=PRODUCT_CONTEXT('',#18009,'mechanical');
#17904=PRODUCT_CONTEXT('',#18010,'mechanical');
#17905=PRODUCT_CONTEXT('',#18011,'mechanical');
#17906=PRODUCT_CONTEXT('',#18012,'mechanical');
#17907=PRODUCT_CONTEXT('',#18013,'mechanical');
#17908=PRODUCT_CONTEXT('',#18014,'mechanical');
#17909=PRODUCT_CONTEXT('',#18015,'mechanical');
#17910=PRODUCT_CONTEXT('',#18016,'mechanical');
#17911=PRODUCT_CONTEXT('',#18017,'mechanical');
#17912=PRODUCT_CONTEXT('',#18018,'mechanical');
#17913=PRODUCT_CONTEXT('',#18019,'mechanical');
#17914=PRODUCT_CONTEXT('',#18020,'mechanical');
#17915=PRODUCT_CONTEXT('',#18021,'mechanical');
#17916=PRODUCT_CONTEXT('',#18022,'mechanical');
#17917=PRODUCT_CONTEXT('',#18023,'mechanical');
#17918=PRODUCT_CONTEXT('',#18024,'mechanical');
#17919=PRODUCT_CONTEXT('',#18025,'mechanical');
#17920=PRODUCT_CONTEXT('',#18026,'mechanical');
#17921=PRODUCT_CONTEXT('',#18027,'mechanical');
#17922=PRODUCT_CONTEXT('',#18028,'mechanical');
#17923=PRODUCT_CONTEXT('',#18029,'mechanical');
#17924=PRODUCT_CONTEXT('',#18030,'mechanical');
#17925=PRODUCT_CONTEXT('',#18031,'mechanical');
#17926=PRODUCT_CONTEXT('',#18032,'mechanical');
#17927=PRODUCT_CONTEXT('',#18033,'mechanical');
#17928=PRODUCT_CONTEXT('',#18034,'mechanical');
#17929=PRODUCT_CONTEXT('',#18035,'mechanical');
#17930=PRODUCT_CONTEXT('',#18036,'mechanical');
#17931=PRODUCT_CONTEXT('',#18037,'mechanical');
#17932=PRODUCT_CONTEXT('',#18038,'mechanical');
#17933=PRODUCT_CONTEXT('',#18039,'mechanical');
#17934=PRODUCT_CONTEXT('',#18040,'mechanical');
#17935=PRODUCT_CONTEXT('',#18041,'mechanical');
#17936=PRODUCT_CONTEXT('',#18042,'mechanical');
#17937=PRODUCT_CONTEXT('',#18043,'mechanical');
#17938=PRODUCT_CONTEXT('',#18044,'mechanical');
#17939=PRODUCT_CONTEXT('',#18045,'mechanical');
#17940=APPLICATION_PROTOCOL_DEFINITION('international standard',
'ap242_managed_model_based_3d_engineering',2020,#17993);
#17941=APPLICATION_PROTOCOL_DEFINITION('international standard',
'ap242_managed_model_based_3d_engineering',2020,#17994);
#17942=APPLICATION_PROTOCOL_DEFINITION('international standard',
'ap242_managed_model_based_3d_engineering',2020,#17995);
#17943=APPLICATION_PROTOCOL_DEFINITION('international standard',
'ap242_managed_model_based_3d_engineering',2020,#17996);
#17944=APPLICATION_PROTOCOL_DEFINITION('international standard',
'ap242_managed_model_based_3d_engineering',2020,#17997);
#17945=APPLICATION_PROTOCOL_DEFINITION('international standard',
'ap242_managed_model_based_3d_engineering',2020,#17998);
#17946=APPLICATION_PROTOCOL_DEFINITION('international standard',
'ap242_managed_model_based_3d_engineering',2020,#17999);
#17947=APPLICATION_PROTOCOL_DEFINITION('international standard',
'ap242_managed_model_based_3d_engineering',2020,#18000);
#17948=APPLICATION_PROTOCOL_DEFINITION('international standard',
'ap242_managed_model_based_3d_engineering',2020,#18001);
#17949=APPLICATION_PROTOCOL_DEFINITION('international standard',
'ap242_managed_model_based_3d_engineering',2020,#18002);
#17950=APPLICATION_PROTOCOL_DEFINITION('international standard',
'ap242_managed_model_based_3d_engineering',2020,#18003);
#17951=APPLICATION_PROTOCOL_DEFINITION('international standard',
'ap242_managed_model_based_3d_engineering',2020,#18004);
#17952=APPLICATION_PROTOCOL_DEFINITION('international standard',
'ap242_managed_model_based_3d_engineering',2020,#18005);
#17953=APPLICATION_PROTOCOL_DEFINITION('international standard',
'ap242_managed_model_based_3d_engineering',2020,#18006);
#17954=APPLICATION_PROTOCOL_DEFINITION('international standard',
'ap242_managed_model_based_3d_engineering',2020,#18007);
#17955=APPLICATION_PROTOCOL_DEFINITION('international standard',
'ap242_managed_model_based_3d_engineering',2020,#18008);
#17956=APPLICATION_PROTOCOL_DEFINITION('international standard',
'ap242_managed_model_based_3d_engineering',2020,#18009);
#17957=APPLICATION_PROTOCOL_DEFINITION('international standard',
'ap242_managed_model_based_3d_engineering',2020,#18010);
#17958=APPLICATION_PROTOCOL_DEFINITION('international standard',
'ap242_managed_model_based_3d_engineering',2020,#18011);
#17959=APPLICATION_PROTOCOL_DEFINITION('international standard',
'ap242_managed_model_based_3d_engineering',2020,#18012);
#17960=APPLICATION_PROTOCOL_DEFINITION('international standard',
'ap242_managed_model_based_3d_engineering',2020,#18013);
#17961=APPLICATION_PROTOCOL_DEFINITION('international standard',
'ap242_managed_model_based_3d_engineering',2020,#18014);
#17962=APPLICATION_PROTOCOL_DEFINITION('international standard',
'ap242_managed_model_based_3d_engineering',2020,#18015);
#17963=APPLICATION_PROTOCOL_DEFINITION('international standard',
'ap242_managed_model_based_3d_engineering',2020,#18016);
#17964=APPLICATION_PROTOCOL_DEFINITION('international standard',
'ap242_managed_model_based_3d_engineering',2020,#18017);
#17965=APPLICATION_PROTOCOL_DEFINITION('international standard',
'ap242_managed_model_based_3d_engineering',2020,#18018);
#17966=APPLICATION_PROTOCOL_DEFINITION('international standard',
'ap242_managed_model_based_3d_engineering',2020,#18019);
#17967=APPLICATION_PROTOCOL_DEFINITION('international standard',
'ap242_managed_model_based_3d_engineering',2020,#18020);
#17968=APPLICATION_PROTOCOL_DEFINITION('international standard',
'ap242_managed_model_based_3d_engineering',2020,#18021);
#17969=APPLICATION_PROTOCOL_DEFINITION('international standard',
'ap242_managed_model_based_3d_engineering',2020,#18022);
#17970=APPLICATION_PROTOCOL_DEFINITION('international standard',
'ap242_managed_model_based_3d_engineering',2020,#18023);
#17971=APPLICATION_PROTOCOL_DEFINITION('international standard',
'ap242_managed_model_based_3d_engineering',2020,#18024);
#17972=APPLICATION_PROTOCOL_DEFINITION('international standard',
'ap242_managed_model_based_3d_engineering',2020,#18025);
#17973=APPLICATION_PROTOCOL_DEFINITION('international standard',
'ap242_managed_model_based_3d_engineering',2020,#18026);
#17974=APPLICATION_PROTOCOL_DEFINITION('international standard',
'ap242_managed_model_based_3d_engineering',2020,#18027);
#17975=APPLICATION_PROTOCOL_DEFINITION('international standard',
'ap242_managed_model_based_3d_engineering',2020,#18028);
#17976=APPLICATION_PROTOCOL_DEFINITION('international standard',
'ap242_managed_model_based_3d_engineering',2020,#18029);
#17977=APPLICATION_PROTOCOL_DEFINITION('international standard',
'ap242_managed_model_based_3d_engineering',2020,#18030);
#17978=APPLICATION_PROTOCOL_DEFINITION('international standard',
'ap242_managed_model_based_3d_engineering',2020,#18031);
#17979=APPLICATION_PROTOCOL_DEFINITION('international standard',
'ap242_managed_model_based_3d_engineering',2020,#18032);
#17980=APPLICATION_PROTOCOL_DEFINITION('international standard',
'ap242_managed_model_based_3d_engineering',2020,#18033);
#17981=APPLICATION_PROTOCOL_DEFINITION('international standard',
'ap242_managed_model_based_3d_engineering',2020,#18034);
#17982=APPLICATION_PROTOCOL_DEFINITION('international standard',
'ap242_managed_model_based_3d_engineering',2020,#18035);
#17983=APPLICATION_PROTOCOL_DEFINITION('international standard',
'ap242_managed_model_based_3d_engineering',2020,#18036);
#17984=APPLICATION_PROTOCOL_DEFINITION('international standard',
'ap242_managed_model_based_3d_engineering',2020,#18037);
#17985=APPLICATION_PROTOCOL_DEFINITION('international standard',
'ap242_managed_model_based_3d_engineering',2020,#18038);
#17986=APPLICATION_PROTOCOL_DEFINITION('international standard',
'ap242_managed_model_based_3d_engineering',2020,#18039);
#17987=APPLICATION_PROTOCOL_DEFINITION('international standard',
'ap242_managed_model_based_3d_engineering',2020,#18040);
#17988=APPLICATION_PROTOCOL_DEFINITION('international standard',
'ap242_managed_model_based_3d_engineering',2020,#18041);
#17989=APPLICATION_PROTOCOL_DEFINITION('international standard',
'ap242_managed_model_based_3d_engineering',2020,#18042);
#17990=APPLICATION_PROTOCOL_DEFINITION('international standard',
'ap242_managed_model_based_3d_engineering',2020,#18043);
#17991=APPLICATION_PROTOCOL_DEFINITION('international standard',
'ap242_managed_model_based_3d_engineering',2020,#18044);
#17992=APPLICATION_PROTOCOL_DEFINITION('international standard',
'ap242_managed_model_based_3d_engineering',2020,#18045);
#17993=APPLICATION_CONTEXT('managed model based 3d engineering');
#17994=APPLICATION_CONTEXT('managed model based 3d engineering');
#17995=APPLICATION_CONTEXT('managed model based 3d engineering');
#17996=APPLICATION_CONTEXT('managed model based 3d engineering');
#17997=APPLICATION_CONTEXT('managed model based 3d engineering');
#17998=APPLICATION_CONTEXT('managed model based 3d engineering');
#17999=APPLICATION_CONTEXT('managed model based 3d engineering');
#18000=APPLICATION_CONTEXT('managed model based 3d engineering');
#18001=APPLICATION_CONTEXT('managed model based 3d engineering');
#18002=APPLICATION_CONTEXT('managed model based 3d engineering');
#18003=APPLICATION_CONTEXT('managed model based 3d engineering');
#18004=APPLICATION_CONTEXT('managed model based 3d engineering');
#18005=APPLICATION_CONTEXT('managed model based 3d engineering');
#18006=APPLICATION_CONTEXT('managed model based 3d engineering');
#18007=APPLICATION_CONTEXT('managed model based 3d engineering');
#18008=APPLICATION_CONTEXT('managed model based 3d engineering');
#18009=APPLICATION_CONTEXT('managed model based 3d engineering');
#18010=APPLICATION_CONTEXT('managed model based 3d engineering');
#18011=APPLICATION_CONTEXT('managed model based 3d engineering');
#18012=APPLICATION_CONTEXT('managed model based 3d engineering');
#18013=APPLICATION_CONTEXT('managed model based 3d engineering');
#18014=APPLICATION_CONTEXT('managed model based 3d engineering');
#18015=APPLICATION_CONTEXT('managed model based 3d engineering');
#18016=APPLICATION_CONTEXT('managed model based 3d engineering');
#18017=APPLICATION_CONTEXT('managed model based 3d engineering');
#18018=APPLICATION_CONTEXT('managed model based 3d engineering');
#18019=APPLICATION_CONTEXT('managed model based 3d engineering');
#18020=APPLICATION_CONTEXT('managed model based 3d engineering');
#18021=APPLICATION_CONTEXT('managed model based 3d engineering');
#18022=APPLICATION_CONTEXT('managed model based 3d engineering');
#18023=APPLICATION_CONTEXT('managed model based 3d engineering');
#18024=APPLICATION_CONTEXT('managed model based 3d engineering');
#18025=APPLICATION_CONTEXT('managed model based 3d engineering');
#18026=APPLICATION_CONTEXT('managed model based 3d engineering');
#18027=APPLICATION_CONTEXT('managed model based 3d engineering');
#18028=APPLICATION_CONTEXT('managed model based 3d engineering');
#18029=APPLICATION_CONTEXT('managed model based 3d engineering');
#18030=APPLICATION_CONTEXT('managed model based 3d engineering');
#18031=APPLICATION_CONTEXT('managed model based 3d engineering');
#18032=APPLICATION_CONTEXT('managed model based 3d engineering');
#18033=APPLICATION_CONTEXT('managed model based 3d engineering');
#18034=APPLICATION_CONTEXT('managed model based 3d engineering');
#18035=APPLICATION_CONTEXT('managed model based 3d engineering');
#18036=APPLICATION_CONTEXT('managed model based 3d engineering');
#18037=APPLICATION_CONTEXT('managed model based 3d engineering');
#18038=APPLICATION_CONTEXT('managed model based 3d engineering');
#18039=APPLICATION_CONTEXT('managed model based 3d engineering');
#18040=APPLICATION_CONTEXT('managed model based 3d engineering');
#18041=APPLICATION_CONTEXT('managed model based 3d engineering');
#18042=APPLICATION_CONTEXT('managed model based 3d engineering');
#18043=APPLICATION_CONTEXT('managed model based 3d engineering');
#18044=APPLICATION_CONTEXT('managed model based 3d engineering');
#18045=APPLICATION_CONTEXT('managed model based 3d engineering');
ENDSEC;
END-ISO-10303-21;
